repository_id,video_id,video_name,video_url,channel_name,published_date,revenue_month,view_count,revenue_amount,views_growth_pct,revenue_growth_pct
04e7a05fcd89ab0bb94dd98410bde0a7,ZpryQ1uNejc,Elimina Energía Negativa • Limpieza del Aura y Sanación Profunda de la Energía Femenina,https://www.youtube.com/watch?v=ZpryQ1uNejc,AFRO WAVES,2026-03-01,2026-07-01,3.00000000000000000000,0.00900000000000000000,-62.5,-84.7
04e7a05fcd89ab0bb94dd98410bde0a7,ZpryQ1uNejc,Elimina Energía Negativa • Limpieza del Aura y Sanación Profunda de la Energía Femenina,https://www.youtube.com/watch?v=ZpryQ1uNejc,AFRO WAVES,2026-03-01,2026-06-01,8.00000000000000000000,0.05900000000000000000,-27.3,-35.9
04e7a05fcd89ab0bb94dd98410bde0a7,ZpryQ1uNejc,Elimina Energía Negativa • Limpieza del Aura y Sanación Profunda de la Energía Femenina,https://www.youtube.com/watch?v=ZpryQ1uNejc,AFRO WAVES,2026-03-01,2026-05-01,11.00000000000000000000,0.09200000000000000000,-35.3,
04e7a05fcd89ab0bb94dd98410bde0a7,ZpryQ1uNejc,Elimina Energía Negativa • Limpieza del Aura y Sanación Profunda de la Energía Femenina,https://www.youtube.com/watch?v=ZpryQ1uNejc,AFRO WAVES,2026-03-01,2026-04-01,17.00000000000000000000,0,-88.4,
04e7a05fcd89ab0bb94dd98410bde0a7,ZpryQ1uNejc,Elimina Energía Negativa • Limpieza del Aura y Sanación Profunda de la Energía Femenina,https://www.youtube.com/watch?v=ZpryQ1uNejc,AFRO WAVES,2026-03-01,2026-03-01,147.00000000000000000000,0,212.8,
04e7a05fcd89ab0bb94dd98410bde0a7,ZpryQ1uNejc,Elimina Energía Negativa • Limpieza del Aura y Sanación Profunda de la Energía Femenina,https://www.youtube.com/watch?v=ZpryQ1uNejc,AFRO WAVES,2026-03-01,2026-02-01,47.0000000000000000,0,,
04e7a05fcd89ab0bb94dd98410bde0a7,J_qOVy2GIA4,432Hz Healing Sleep – Calm the Nervous System & Release Mental Tension,https://www.youtube.com/watch?v=J_qOVy2GIA4,Alpha Brain,2025-12-15,2025-12-01,3.90000000000000000000,0.03380000000000000000,,
04e7a05fcd89ab0bb94dd98410bde0a7,nsIXHoazHZ8,Peace is when the storm pauses at your doorstep - Relaxing on a rainy night,https://www.youtube.com/watch?v=nsIXHoazHZ8,Brainwave Sound,2025-05-16,2026-05-01,3.00000000000000000000,0,0.0,
04e7a05fcd89ab0bb94dd98410bde0a7,sVauChvmVdw,"Deep Sleep Music | 528hz Whole Body Healing Frequency, Melatonin Release, Stop Overthinking #4",https://www.youtube.com/watch?v=sVauChvmVdw,Brainwave Sound,2025-12-15,2026-05-01,1.00000000000000000000,0,-80.0,-100.0
04e7a05fcd89ab0bb94dd98410bde0a7,sVauChvmVdw,"Deep Sleep Music | 528hz Whole Body Healing Frequency, Melatonin Release, Stop Overthinking #4",https://www.youtube.com/watch?v=sVauChvmVdw,Brainwave Sound,2025-12-15,2026-04-01,5.00000000000000000000,0.00100000000000000000,-68.8,-99.6
04e7a05fcd89ab0bb94dd98410bde0a7,nsIXHoazHZ8,Peace is when the storm pauses at your doorstep - Relaxing on a rainy night,https://www.youtube.com/watch?v=nsIXHoazHZ8,Brainwave Sound,2025-05-16,2026-04-01,3.00000000000000000000,0,50.0,
04e7a05fcd89ab0bb94dd98410bde0a7,sVauChvmVdw,"Deep Sleep Music | 528hz Whole Body Healing Frequency, Melatonin Release, Stop Overthinking #4",https://www.youtube.com/watch?v=sVauChvmVdw,Brainwave Sound,2025-12-15,2026-03-01,16.00000000000000000000,0.22600000000000000000,-44.8,7433.3
04e7a05fcd89ab0bb94dd98410bde0a7,nsIXHoazHZ8,Peace is when the storm pauses at your doorstep - Relaxing on a rainy night,https://www.youtube.com/watch?v=nsIXHoazHZ8,Brainwave Sound,2025-05-16,2026-03-01,2.00000000000000000000,0,100.0,
04e7a05fcd89ab0bb94dd98410bde0a7,sVauChvmVdw,"Deep Sleep Music | 528hz Whole Body Healing Frequency, Melatonin Release, Stop Overthinking #4",https://www.youtube.com/watch?v=sVauChvmVdw,Brainwave Sound,2025-12-15,2026-02-01,29.00000000000000000000,0.00300000000000000000,141.7,0.0
04e7a05fcd89ab0bb94dd98410bde0a7,nsIXHoazHZ8,Peace is when the storm pauses at your doorstep - Relaxing on a rainy night,https://www.youtube.com/watch?v=nsIXHoazHZ8,Brainwave Sound,2025-05-16,2026-02-01,1.00000000000000000000,0,-66.7,
04e7a05fcd89ab0bb94dd98410bde0a7,sVauChvmVdw,"Deep Sleep Music | 528hz Whole Body Healing Frequency, Melatonin Release, Stop Overthinking #4",https://www.youtube.com/watch?v=sVauChvmVdw,Brainwave Sound,2025-12-15,2026-01-01,12.00000000000000000000,0.00300000000000000000,-95.4,-99.9
04e7a05fcd89ab0bb94dd98410bde0a7,nsIXHoazHZ8,Peace is when the storm pauses at your doorstep - Relaxing on a rainy night,https://www.youtube.com/watch?v=nsIXHoazHZ8,Brainwave Sound,2025-05-16,2026-01-01,3.00000000000000000000,0,-25.0,-100.0
04e7a05fcd89ab0bb94dd98410bde0a7,sVauChvmVdw,"Deep Sleep Music | 528hz Whole Body Healing Frequency, Melatonin Release, Stop Overthinking #4",https://www.youtube.com/watch?v=sVauChvmVdw,Brainwave Sound,2025-12-15,2025-12-01,261.00000000000000000000,2.25500000000000000000,,
04e7a05fcd89ab0bb94dd98410bde0a7,nsIXHoazHZ8,Peace is when the storm pauses at your doorstep - Relaxing on a rainy night,https://www.youtube.com/watch?v=nsIXHoazHZ8,Brainwave Sound,2025-05-16,2025-12-01,4.00000000000000000000,0.00600000000000000000,-33.3,
04e7a05fcd89ab0bb94dd98410bde0a7,nsIXHoazHZ8,Peace is when the storm pauses at your doorstep - Relaxing on a rainy night,https://www.youtube.com/watch?v=nsIXHoazHZ8,Brainwave Sound,2025-05-16,2025-11-01,6.00000000000000000000,0,0.0,
04e7a05fcd89ab0bb94dd98410bde0a7,nsIXHoazHZ8,Peace is when the storm pauses at your doorstep - Relaxing on a rainy night,https://www.youtube.com/watch?v=nsIXHoazHZ8,Brainwave Sound,2025-05-16,2025-10-01,6.00000000000000000000,0,-50.0,-100.0
04e7a05fcd89ab0bb94dd98410bde0a7,nsIXHoazHZ8,Peace is when the storm pauses at your doorstep - Relaxing on a rainy night,https://www.youtube.com/watch?v=nsIXHoazHZ8,Brainwave Sound,2025-05-16,2025-09-01,12.00000000000000000000,0.00900000000000000000,0.0,125.0
04e7a05fcd89ab0bb94dd98410bde0a7,nsIXHoazHZ8,Peace is when the storm pauses at your doorstep - Relaxing on a rainy night,https://www.youtube.com/watch?v=nsIXHoazHZ8,Brainwave Sound,2025-05-16,2025-08-01,12.00000000000000000000,0.00400000000000000000,-25.0,-50.0
04e7a05fcd89ab0bb94dd98410bde0a7,nsIXHoazHZ8,Peace is when the storm pauses at your doorstep - Relaxing on a rainy night,https://www.youtube.com/watch?v=nsIXHoazHZ8,Brainwave Sound,2025-05-16,2025-07-01,16.00000000000000000000,0.00800000000000000000,-20.0,-70.4
04e7a05fcd89ab0bb94dd98410bde0a7,nsIXHoazHZ8,Peace is when the storm pauses at your doorstep - Relaxing on a rainy night,https://www.youtube.com/watch?v=nsIXHoazHZ8,Brainwave Sound,2025-05-16,2025-06-01,20.00000000000000000000,0.02700000000000000000,,
04e7a05fcd89ab0bb94dd98410bde0a7,QzVJNaicolg,Amazing Jellyfish Aquarium - Healing of Stress and Depressive States • Remove Insomnia Forever #11,https://www.youtube.com/watch?v=QzVJNaicolg,Calm Dreaming,2026-06-18,2026-08-01,464.00000000000000000000,6.786000000000000000000000,51.6,119.8
04e7a05fcd89ab0bb94dd98410bde0a7,4CTKARzl2gk,Jellyfish Aquarium • Sleep Therapy for Mind & Body • Gentle Ocean Tones to Ease Anxiety #29,https://www.youtube.com/watch?v=4CTKARzl2gk,Calm Dreaming,2026-06-11,2026-08-01,12.00000000000000000000,0.23200000000000000000,-89.8,-82.4
04e7a05fcd89ab0bb94dd98410bde0a7,QzVJNaicolg,Amazing Jellyfish Aquarium - Healing of Stress and Depressive States • Remove Insomnia Forever #11,https://www.youtube.com/watch?v=QzVJNaicolg,Calm Dreaming,2026-06-18,2026-07-01,306.00000000000000000000,3.087000000000000000000000,-94.3,-95.7
04e7a05fcd89ab0bb94dd98410bde0a7,4CTKARzl2gk,Jellyfish Aquarium • Sleep Therapy for Mind & Body • Gentle Ocean Tones to Ease Anxiety #29,https://www.youtube.com/watch?v=4CTKARzl2gk,Calm Dreaming,2026-06-11,2026-07-01,118.00000000000000000000,1.317000000000000000000000,-98.0,-98.4
04e7a05fcd89ab0bb94dd98410bde0a7,4CTKARzl2gk,Jellyfish Aquarium • Sleep Therapy for Mind & Body • Gentle Ocean Tones to Ease Anxiety #29,https://www.youtube.com/watch?v=4CTKARzl2gk,Calm Dreaming,2026-06-11,2026-06-01,5772.00000000000000000000,81.021000000000000000000000,,
04e7a05fcd89ab0bb94dd98410bde0a7,QzVJNaicolg,Amazing Jellyfish Aquarium - Healing of Stress and Depressive States • Remove Insomnia Forever #11,https://www.youtube.com/watch?v=QzVJNaicolg,Calm Dreaming,2026-06-18,2026-06-01,5373.00000000000000000000,72.412000000000000000000000,,
04e7a05fcd89ab0bb94dd98410bde0a7,pW31tcmaNUY,"Tú y esa persona son los elegidos para estar juntos💞esta música los conectará a ambos, 432 + 528Hz",https://www.youtube.com/watch?v=pW31tcmaNUY,Daily Positive Melody,2025-07-18,2026-08-01,2.00000000000000000000,0.06100000000000000000,-98.1,-83.7
04e7a05fcd89ab0bb94dd98410bde0a7,DaR2F_WTVqI,"En solo 3 minutos, sucederán milagros 💖 La persona que amas vendrá a ti y se quedará contigo",https://www.youtube.com/watch?v=DaR2F_WTVqI,Daily Positive Melody,2025-10-01,2026-08-01,18.00000000000000000000,0.007000000000000000000000,-57.1,-84.8
04e7a05fcd89ab0bb94dd98410bde0a7,FYP8GYpzMI4,"En solo 3 minutos, sucederán milagros 💖 La persona que amas vendrá a ti y se quedará contigo",https://www.youtube.com/watch?v=FYP8GYpzMI4,Daily Positive Melody,2025-09-02,2026-08-01,3.00000000000000000000,0.00600000000000000000,0.0,
04e7a05fcd89ab0bb94dd98410bde0a7,4ecL_HxTAHo,"Un Milagro De Amor Sucederá, Él Estará Contigo ❤️ El Amor Verdadero También Te Está Buscando - 528Hz",https://www.youtube.com/watch?v=4ecL_HxTAHo,Daily Positive Melody,2025-08-23,2026-08-01,1.00000000000000000000,0,-66.7,-100.0
04e7a05fcd89ab0bb94dd98410bde0a7,ixF6rxkU-9o,La Persona Que Te Gusta Vendrá A Ti En 5 Minutos ❤️ El Sonido Atrae El Amor Rápidamente - Ondas Alfa,https://www.youtube.com/watch?v=ixF6rxkU-9o,Daily Positive Melody,2025-08-20,2026-08-01,2.00000000000000000000,0,-33.3,-100.0
04e7a05fcd89ab0bb94dd98410bde0a7,mKUMRygPBng,La Persona Que Te Gusta Vendrá A Ti En 5 Minutos ❤️ El Sonido Atrae El Amor Rápidamente - Ondas Alfa,https://www.youtube.com/watch?v=mKUMRygPBng,Daily Positive Melody,2025-10-06,2026-08-01,2.00000000000000000000,0,-66.7,-100.0
04e7a05fcd89ab0bb94dd98410bde0a7,oOi08uMuxGs,"Atraer Amor  🧡 Aumentar La Energía Positiva, Atraer Amor Mientras Duermes Y Despierta Feliz, 528Hz",https://www.youtube.com/watch?v=oOi08uMuxGs,Daily Positive Melody,2025-10-10,2026-08-01,1.00000000000000000000,0,-50.0,
04e7a05fcd89ab0bb94dd98410bde0a7,pW31tcmaNUY,"Tú y esa persona son los elegidos para estar juntos💞esta música los conectará a ambos, 432 + 528Hz",https://www.youtube.com/watch?v=pW31tcmaNUY,Daily Positive Melody,2025-07-18,2026-07-01,105.00000000000000000000,0.374000000000000000000000,56.7,32.2
04e7a05fcd89ab0bb94dd98410bde0a7,DaR2F_WTVqI,"En solo 3 minutos, sucederán milagros 💖 La persona que amas vendrá a ti y se quedará contigo",https://www.youtube.com/watch?v=DaR2F_WTVqI,Daily Positive Melody,2025-10-01,2026-07-01,42.00000000000000000000,0.046000000000000000000000,-41.7,-77.7
04e7a05fcd89ab0bb94dd98410bde0a7,mKUMRygPBng,La Persona Que Te Gusta Vendrá A Ti En 5 Minutos ❤️ El Sonido Atrae El Amor Rápidamente - Ondas Alfa,https://www.youtube.com/watch?v=mKUMRygPBng,Daily Positive Melody,2025-10-06,2026-07-01,6.00000000000000000000,0.011000000000000000000000,-80.6,-90.7
04e7a05fcd89ab0bb94dd98410bde0a7,4ecL_HxTAHo,"Un Milagro De Amor Sucederá, Él Estará Contigo ❤️ El Amor Verdadero También Te Está Buscando - 528Hz",https://www.youtube.com/watch?v=4ecL_HxTAHo,Daily Positive Melody,2025-08-23,2026-07-01,3.00000000000000000000,0.005000000000000000000000,200.0,
04e7a05fcd89ab0bb94dd98410bde0a7,ixF6rxkU-9o,La Persona Que Te Gusta Vendrá A Ti En 5 Minutos ❤️ El Sonido Atrae El Amor Rápidamente - Ondas Alfa,https://www.youtube.com/watch?v=ixF6rxkU-9o,Daily Positive Melody,2025-08-20,2026-07-01,3.00000000000000000000,0.00300000000000000000,-62.5,-92.9
04e7a05fcd89ab0bb94dd98410bde0a7,oOi08uMuxGs,"Atraer Amor  🧡 Aumentar La Energía Positiva, Atraer Amor Mientras Duermes Y Despierta Feliz, 528Hz",https://www.youtube.com/watch?v=oOi08uMuxGs,Daily Positive Melody,2025-10-10,2026-07-01,2.00000000000000000000,0,,
04e7a05fcd89ab0bb94dd98410bde0a7,d6qBSYovRuM,"Tú y esa persona son los elegidos para estar juntos💞esta música los conectará a ambos, 432 + 528Hz",https://www.youtube.com/watch?v=d6qBSYovRuM,Daily Positive Melody,2025-08-07,2026-07-01,1.00000000000000000000,0,,
04e7a05fcd89ab0bb94dd98410bde0a7,FYP8GYpzMI4,"En solo 3 minutos, sucederán milagros 💖 La persona que amas vendrá a ti y se quedará contigo",https://www.youtube.com/watch?v=FYP8GYpzMI4,Daily Positive Melody,2025-09-02,2026-07-01,3.00000000000000000000,0,-62.5,-100.0
04e7a05fcd89ab0bb94dd98410bde0a7,HJfVsT3tatU,La Persona Que Te Gusta Vendrá A Ti En 5 Minutos ❤️ El Sonido Atrae El Amor Rápidamente -Ondas Alfa,https://www.youtube.com/watch?v=HJfVsT3tatU,Daily Positive Melody,2025-07-08,2026-07-01,1.00000000000000000000,0,,
04e7a05fcd89ab0bb94dd98410bde0a7,ILD6TiE1a08,"En solo 3 minutos, sucederán milagros 💖 La persona que amas vendrá a ti y se quedará contigo",https://www.youtube.com/watch?v=ILD6TiE1a08,Daily Positive Melody,2025-07-06,2026-07-01,1.00000000000000000000,0,-50.0,
04e7a05fcd89ab0bb94dd98410bde0a7,pW31tcmaNUY,"Tú y esa persona son los elegidos para estar juntos💞esta música los conectará a ambos, 432 + 528Hz",https://www.youtube.com/watch?v=pW31tcmaNUY,Daily Positive Melody,2025-07-18,2026-06-01,67.00000000000000000000,0.283000000000000000000000,644.4,1668.8
04e7a05fcd89ab0bb94dd98410bde0a7,DaR2F_WTVqI,"En solo 3 minutos, sucederán milagros 💖 La persona que amas vendrá a ti y se quedará contigo",https://www.youtube.com/watch?v=DaR2F_WTVqI,Daily Positive Melody,2025-10-01,2026-06-01,72.00000000000000000000,0.206000000000000000000000,0.0,82.3
04e7a05fcd89ab0bb94dd98410bde0a7,mKUMRygPBng,La Persona Que Te Gusta Vendrá A Ti En 5 Minutos ❤️ El Sonido Atrae El Amor Rápidamente - Ondas Alfa,https://www.youtube.com/watch?v=mKUMRygPBng,Daily Positive Melody,2025-10-06,2026-06-01,31.00000000000000000000,0.11800000000000000000,63.2,-4.8
04e7a05fcd89ab0bb94dd98410bde0a7,ixF6rxkU-9o,La Persona Que Te Gusta Vendrá A Ti En 5 Minutos ❤️ El Sonido Atrae El Amor Rápidamente - Ondas Alfa,https://www.youtube.com/watch?v=ixF6rxkU-9o,Daily Positive Melody,2025-08-20,2026-06-01,8.00000000000000000000,0.042000000000000000000000,-11.1,-22.2
04e7a05fcd89ab0bb94dd98410bde0a7,FYP8GYpzMI4,"En solo 3 minutos, sucederán milagros 💖 La persona que amas vendrá a ti y se quedará contigo",https://www.youtube.com/watch?v=FYP8GYpzMI4,Daily Positive Melody,2025-09-02,2026-06-01,8.00000000000000000000,0.01200000000000000000,14.3,-88.2
04e7a05fcd89ab0bb94dd98410bde0a7,HJfVsT3tatU,La Persona Que Te Gusta Vendrá A Ti En 5 Minutos ❤️ El Sonido Atrae El Amor Rápidamente -Ondas Alfa,https://www.youtube.com/watch?v=HJfVsT3tatU,Daily Positive Melody,2025-07-08,2026-06-01,0,0,-100.0,
04e7a05fcd89ab0bb94dd98410bde0a7,ILD6TiE1a08,"En solo 3 minutos, sucederán milagros 💖 La persona que amas vendrá a ti y se quedará contigo",https://www.youtube.com/watch?v=ILD6TiE1a08,Daily Positive Melody,2025-07-06,2026-06-01,2.00000000000000000000,0,100.0,
04e7a05fcd89ab0bb94dd98410bde0a7,4ecL_HxTAHo,"Un Milagro De Amor Sucederá, Él Estará Contigo ❤️ El Amor Verdadero También Te Está Buscando - 528Hz",https://www.youtube.com/watch?v=4ecL_HxTAHo,Daily Positive Melody,2025-08-23,2026-06-01,1.00000000000000000000,0,,
04e7a05fcd89ab0bb94dd98410bde0a7,d6qBSYovRuM,"Tú y esa persona son los elegidos para estar juntos💞esta música los conectará a ambos, 432 + 528Hz",https://www.youtube.com/watch?v=d6qBSYovRuM,Daily Positive Melody,2025-08-07,2026-06-01,0,0,,
04e7a05fcd89ab0bb94dd98410bde0a7,oOi08uMuxGs,"Atraer Amor  🧡 Aumentar La Energía Positiva, Atraer Amor Mientras Duermes Y Despierta Feliz, 528Hz",https://www.youtube.com/watch?v=oOi08uMuxGs,Daily Positive Melody,2025-10-10,2026-06-01,0,0,-100.0,-100.0
04e7a05fcd89ab0bb94dd98410bde0a7,u7dli8_ZKEs,The Person You Like Will Come & Go Crazy Over You ❤️ Works Even When Away + Subliminal Affirmations,https://www.youtube.com/watch?v=u7dli8_ZKEs,Daily Positive Melody,2025-03-23,2026-06-01,0,0,-100.0,-100.0
04e7a05fcd89ab0bb94dd98410bde0a7,mKUMRygPBng,La Persona Que Te Gusta Vendrá A Ti En 5 Minutos ❤️ El Sonido Atrae El Amor Rápidamente - Ondas Alfa,https://www.youtube.com/watch?v=mKUMRygPBng,Daily Positive Melody,2025-10-06,2026-05-01,19.00000000000000000000,0.12400000000000000000,90.0,6100.0
04e7a05fcd89ab0bb94dd98410bde0a7,DaR2F_WTVqI,"En solo 3 minutos, sucederán milagros 💖 La persona que amas vendrá a ti y se quedará contigo",https://www.youtube.com/watch?v=DaR2F_WTVqI,Daily Positive Melody,2025-10-01,2026-05-01,72.00000000000000000000,0.113000000000000000000000,-28.0,-72.0
04e7a05fcd89ab0bb94dd98410bde0a7,FYP8GYpzMI4,"En solo 3 minutos, sucederán milagros 💖 La persona que amas vendrá a ti y se quedará contigo",https://www.youtube.com/watch?v=FYP8GYpzMI4,Daily Positive Melody,2025-09-02,2026-05-01,7.00000000000000000000,0.10200000000000000000,-56.3,148.8
04e7a05fcd89ab0bb94dd98410bde0a7,ixF6rxkU-9o,La Persona Que Te Gusta Vendrá A Ti En 5 Minutos ❤️ El Sonido Atrae El Amor Rápidamente - Ondas Alfa,https://www.youtube.com/watch?v=ixF6rxkU-9o,Daily Positive Melody,2025-08-20,2026-05-01,9.00000000000000000000,0.05400000000000000000,80.0,671.4
04e7a05fcd89ab0bb94dd98410bde0a7,u7dli8_ZKEs,The Person You Like Will Come & Go Crazy Over You ❤️ Works Even When Away + Subliminal Affirmations,https://www.youtube.com/watch?v=u7dli8_ZKEs,Daily Positive Melody,2025-03-23,2026-05-01,5.00000000000000000000,0.03300000000000000000,,1000.0
04e7a05fcd89ab0bb94dd98410bde0a7,pW31tcmaNUY,"Tú y esa persona son los elegidos para estar juntos💞esta música los conectará a ambos, 432 + 528Hz",https://www.youtube.com/watch?v=pW31tcmaNUY,Daily Positive Melody,2025-07-18,2026-05-01,9.00000000000000000000,0.01600000000000000000,-57.1,-87.1
04e7a05fcd89ab0bb94dd98410bde0a7,oOi08uMuxGs,"Atraer Amor  🧡 Aumentar La Energía Positiva, Atraer Amor Mientras Duermes Y Despierta Feliz, 528Hz",https://www.youtube.com/watch?v=oOi08uMuxGs,Daily Positive Melody,2025-10-10,2026-05-01,6.00000000000000000000,0.01300000000000000000,200.0,
04e7a05fcd89ab0bb94dd98410bde0a7,d6qBSYovRuM,"Tú y esa persona son los elegidos para estar juntos💞esta música los conectará a ambos, 432 + 528Hz",https://www.youtube.com/watch?v=d6qBSYovRuM,Daily Positive Melody,2025-08-07,2026-05-01,0,0,-100.0,-100.0
04e7a05fcd89ab0bb94dd98410bde0a7,4ecL_HxTAHo,"Un Milagro De Amor Sucederá, Él Estará Contigo ❤️ El Amor Verdadero También Te Está Buscando - 528Hz",https://www.youtube.com/watch?v=4ecL_HxTAHo,Daily Positive Melody,2025-08-23,2026-05-01,0,0,-100.0,
04e7a05fcd89ab0bb94dd98410bde0a7,ILD6TiE1a08,"En solo 3 minutos, sucederán milagros 💖 La persona que amas vendrá a ti y se quedará contigo",https://www.youtube.com/watch?v=ILD6TiE1a08,Daily Positive Melody,2025-07-06,2026-05-01,1.00000000000000000000,0,-66.7,-100.0
04e7a05fcd89ab0bb94dd98410bde0a7,HJfVsT3tatU,La Persona Que Te Gusta Vendrá A Ti En 5 Minutos ❤️ El Sonido Atrae El Amor Rápidamente -Ondas Alfa,https://www.youtube.com/watch?v=HJfVsT3tatU,Daily Positive Melody,2025-07-08,2026-05-01,1.00000000000000000000,0,0.0,
04e7a05fcd89ab0bb94dd98410bde0a7,DaR2F_WTVqI,"En solo 3 minutos, sucederán milagros 💖 La persona que amas vendrá a ti y se quedará contigo",https://www.youtube.com/watch?v=DaR2F_WTVqI,Daily Positive Melody,2025-10-01,2026-04-01,100.00000000000000000000,0.404000000000000000000000,-4.8,20.6
04e7a05fcd89ab0bb94dd98410bde0a7,d6qBSYovRuM,"Tú y esa persona son los elegidos para estar juntos💞esta música los conectará a ambos, 432 + 528Hz",https://www.youtube.com/watch?v=d6qBSYovRuM,Daily Positive Melody,2025-08-07,2026-04-01,2.00000000000000000000,0.13900000000000000000,-33.3,13800.0
04e7a05fcd89ab0bb94dd98410bde0a7,pW31tcmaNUY,"Tú y esa persona son los elegidos para estar juntos💞esta música los conectará a ambos, 432 + 528Hz",https://www.youtube.com/watch?v=pW31tcmaNUY,Daily Positive Melody,2025-07-18,2026-04-01,21.00000000000000000000,0.12400000000000000000,-69.1,129.6
04e7a05fcd89ab0bb94dd98410bde0a7,FYP8GYpzMI4,"En solo 3 minutos, sucederán milagros 💖 La persona que amas vendrá a ti y se quedará contigo",https://www.youtube.com/watch?v=FYP8GYpzMI4,Daily Positive Melody,2025-09-02,2026-04-01,16.00000000000000000000,0.04100000000000000000,77.8,-39.7
04e7a05fcd89ab0bb94dd98410bde0a7,ixF6rxkU-9o,La Persona Que Te Gusta Vendrá A Ti En 5 Minutos ❤️ El Sonido Atrae El Amor Rápidamente - Ondas Alfa,https://www.youtube.com/watch?v=ixF6rxkU-9o,Daily Positive Melody,2025-08-20,2026-04-01,5.00000000000000000000,0.00700000000000000000,-54.5,-75.9
04e7a05fcd89ab0bb94dd98410bde0a7,u7dli8_ZKEs,The Person You Like Will Come & Go Crazy Over You ❤️ Works Even When Away + Subliminal Affirmations,https://www.youtube.com/watch?v=u7dli8_ZKEs,Daily Positive Melody,2025-03-23,2026-04-01,0,0.00300000000000000000,-100.0,
04e7a05fcd89ab0bb94dd98410bde0a7,mKUMRygPBng,La Persona Que Te Gusta Vendrá A Ti En 5 Minutos ❤️ El Sonido Atrae El Amor Rápidamente - Ondas Alfa,https://www.youtube.com/watch?v=mKUMRygPBng,Daily Positive Melody,2025-10-06,2026-04-01,10.00000000000000000000,0.00200000000000000000,11.1,-95.8
04e7a05fcd89ab0bb94dd98410bde0a7,ILD6TiE1a08,"En solo 3 minutos, sucederán milagros 💖 La persona que amas vendrá a ti y se quedará contigo",https://www.youtube.com/watch?v=ILD6TiE1a08,Daily Positive Melody,2025-07-06,2026-04-01,3.00000000000000000000,0.001000000000000000000000,0.0,
04e7a05fcd89ab0bb94dd98410bde0a7,HJfVsT3tatU,La Persona Que Te Gusta Vendrá A Ti En 5 Minutos ❤️ El Sonido Atrae El Amor Rápidamente -Ondas Alfa,https://www.youtube.com/watch?v=HJfVsT3tatU,Daily Positive Melody,2025-07-08,2026-04-01,1.00000000000000000000,0,,
04e7a05fcd89ab0bb94dd98410bde0a7,4ecL_HxTAHo,"Un Milagro De Amor Sucederá, Él Estará Contigo ❤️ El Amor Verdadero También Te Está Buscando - 528Hz",https://www.youtube.com/watch?v=4ecL_HxTAHo,Daily Positive Melody,2025-08-23,2026-04-01,1.00000000000000000000,0,-50.0,
04e7a05fcd89ab0bb94dd98410bde0a7,oOi08uMuxGs,"Atraer Amor  🧡 Aumentar La Energía Positiva, Atraer Amor Mientras Duermes Y Despierta Feliz, 528Hz",https://www.youtube.com/watch?v=oOi08uMuxGs,Daily Positive Melody,2025-10-10,2026-04-01,2.00000000000000000000,0,,
04e7a05fcd89ab0bb94dd98410bde0a7,DaR2F_WTVqI,"En solo 3 minutos, sucederán milagros 💖 La persona que amas vendrá a ti y se quedará contigo",https://www.youtube.com/watch?v=DaR2F_WTVqI,Daily Positive Melody,2025-10-01,2026-03-01,105.00000000000000000000,0.335000000000000000000000,-0.9,61.1
04e7a05fcd89ab0bb94dd98410bde0a7,FYP8GYpzMI4,"En solo 3 minutos, sucederán milagros 💖 La persona que amas vendrá a ti y se quedará contigo",https://www.youtube.com/watch?v=FYP8GYpzMI4,Daily Positive Melody,2025-09-02,2026-03-01,9.00000000000000000000,0.06800000000000000000,-10.0,750.0
04e7a05fcd89ab0bb94dd98410bde0a7,pW31tcmaNUY,"Tú y esa persona son los elegidos para estar juntos💞esta música los conectará a ambos, 432 + 528Hz",https://www.youtube.com/watch?v=pW31tcmaNUY,Daily Positive Melody,2025-07-18,2026-03-01,68.00000000000000000000,0.05400000000000000000,161.5,31.7
04e7a05fcd89ab0bb94dd98410bde0a7,mKUMRygPBng,La Persona Que Te Gusta Vendrá A Ti En 5 Minutos ❤️ El Sonido Atrae El Amor Rápidamente - Ondas Alfa,https://www.youtube.com/watch?v=mKUMRygPBng,Daily Positive Melody,2025-10-06,2026-03-01,9.00000000000000000000,0.048000000000000000000000,-89.2,-31.4
04e7a05fcd89ab0bb94dd98410bde0a7,ixF6rxkU-9o,La Persona Que Te Gusta Vendrá A Ti En 5 Minutos ❤️ El Sonido Atrae El Amor Rápidamente - Ondas Alfa,https://www.youtube.com/watch?v=ixF6rxkU-9o,Daily Positive Melody,2025-08-20,2026-03-01,11.00000000000000000000,0.02900000000000000000,-8.3,480.0
04e7a05fcd89ab0bb94dd98410bde0a7,d6qBSYovRuM,"Tú y esa persona son los elegidos para estar juntos💞esta música los conectará a ambos, 432 + 528Hz",https://www.youtube.com/watch?v=d6qBSYovRuM,Daily Positive Melody,2025-08-07,2026-03-01,3.00000000000000000000,0.001000000000000000000000,50.0,0.0
04e7a05fcd89ab0bb94dd98410bde0a7,oOi08uMuxGs,"Atraer Amor  🧡 Aumentar La Energía Positiva, Atraer Amor Mientras Duermes Y Despierta Feliz, 528Hz",https://www.youtube.com/watch?v=oOi08uMuxGs,Daily Positive Melody,2025-10-10,2026-03-01,0,0,-100.0,-100.0
04e7a05fcd89ab0bb94dd98410bde0a7,u7dli8_ZKEs,The Person You Like Will Come & Go Crazy Over You ❤️ Works Even When Away + Subliminal Affirmations,https://www.youtube.com/watch?v=u7dli8_ZKEs,Daily Positive Melody,2025-03-23,2026-03-01,2.00000000000000000000,0,100.0,-100.0
04e7a05fcd89ab0bb94dd98410bde0a7,4ecL_HxTAHo,"Un Milagro De Amor Sucederá, Él Estará Contigo ❤️ El Amor Verdadero También Te Está Buscando - 528Hz",https://www.youtube.com/watch?v=4ecL_HxTAHo,Daily Positive Melody,2025-08-23,2026-03-01,2.00000000000000000000,0,100.0,
04e7a05fcd89ab0bb94dd98410bde0a7,ILD6TiE1a08,"En solo 3 minutos, sucederán milagros 💖 La persona que amas vendrá a ti y se quedará contigo",https://www.youtube.com/watch?v=ILD6TiE1a08,Daily Positive Melody,2025-07-06,2026-03-01,3.00000000000000000000,0,-57.1,-100.0
04e7a05fcd89ab0bb94dd98410bde0a7,HJfVsT3tatU,La Persona Que Te Gusta Vendrá A Ti En 5 Minutos ❤️ El Sonido Atrae El Amor Rápidamente -Ondas Alfa,https://www.youtube.com/watch?v=HJfVsT3tatU,Daily Positive Melody,2025-07-08,2026-03-01,0,0,,
04e7a05fcd89ab0bb94dd98410bde0a7,DaR2F_WTVqI,"En solo 3 minutos, sucederán milagros 💖 La persona que amas vendrá a ti y se quedará contigo",https://www.youtube.com/watch?v=DaR2F_WTVqI,Daily Positive Melody,2025-10-01,2026-02-01,106.00000000000000000000,0.208000000000000000000000,-27.4,-15.8
04e7a05fcd89ab0bb94dd98410bde0a7,mKUMRygPBng,La Persona Que Te Gusta Vendrá A Ti En 5 Minutos ❤️ El Sonido Atrae El Amor Rápidamente - Ondas Alfa,https://www.youtube.com/watch?v=mKUMRygPBng,Daily Positive Melody,2025-10-06,2026-02-01,83.00000000000000000000,0.070000000000000000000000,29.7,14.8
04e7a05fcd89ab0bb94dd98410bde0a7,pW31tcmaNUY,"Tú y esa persona son los elegidos para estar juntos💞esta música los conectará a ambos, 432 + 528Hz",https://www.youtube.com/watch?v=pW31tcmaNUY,Daily Positive Melody,2025-07-18,2026-02-01,26.00000000000000000000,0.041000000000000000000000,-54.4,-26.8
04e7a05fcd89ab0bb94dd98410bde0a7,FYP8GYpzMI4,"En solo 3 minutos, sucederán milagros 💖 La persona que amas vendrá a ti y se quedará contigo",https://www.youtube.com/watch?v=FYP8GYpzMI4,Daily Positive Melody,2025-09-02,2026-02-01,10.00000000000000000000,0.00800000000000000000,11.1,0.0
04e7a05fcd89ab0bb94dd98410bde0a7,ILD6TiE1a08,"En solo 3 minutos, sucederán milagros 💖 La persona que amas vendrá a ti y se quedará contigo",https://www.youtube.com/watch?v=ILD6TiE1a08,Daily Positive Melody,2025-07-06,2026-02-01,7.00000000000000000000,0.007000000000000000000000,0.0,133.3
04e7a05fcd89ab0bb94dd98410bde0a7,ixF6rxkU-9o,La Persona Que Te Gusta Vendrá A Ti En 5 Minutos ❤️ El Sonido Atrae El Amor Rápidamente - Ondas Alfa,https://www.youtube.com/watch?v=ixF6rxkU-9o,Daily Positive Melody,2025-08-20,2026-02-01,12.00000000000000000000,0.005000000000000000000000,-25.0,-80.8
04e7a05fcd89ab0bb94dd98410bde0a7,oOi08uMuxGs,"Atraer Amor  🧡 Aumentar La Energía Positiva, Atraer Amor Mientras Duermes Y Despierta Feliz, 528Hz",https://www.youtube.com/watch?v=oOi08uMuxGs,Daily Positive Melody,2025-10-10,2026-02-01,7.00000000000000000000,0.002000000000000000000000,-50.0,-81.8
04e7a05fcd89ab0bb94dd98410bde0a7,u7dli8_ZKEs,The Person You Like Will Come & Go Crazy Over You ❤️ Works Even When Away + Subliminal Affirmations,https://www.youtube.com/watch?v=u7dli8_ZKEs,Daily Positive Melody,2025-03-23,2026-02-01,1.00000000000000000000,0.001000000000000000000000,-50.0,
04e7a05fcd89ab0bb94dd98410bde0a7,d6qBSYovRuM,"Tú y esa persona son los elegidos para estar juntos💞esta música los conectará a ambos, 432 + 528Hz",https://www.youtube.com/watch?v=d6qBSYovRuM,Daily Positive Melody,2025-08-07,2026-02-01,2.00000000000000000000,0.001000000000000000000000,-71.4,-91.7
04e7a05fcd89ab0bb94dd98410bde0a7,HJfVsT3tatU,La Persona Que Te Gusta Vendrá A Ti En 5 Minutos ❤️ El Sonido Atrae El Amor Rápidamente -Ondas Alfa,https://www.youtube.com/watch?v=HJfVsT3tatU,Daily Positive Melody,2025-07-08,2026-02-01,0,0,,
04e7a05fcd89ab0bb94dd98410bde0a7,4ecL_HxTAHo,"Un Milagro De Amor Sucederá, Él Estará Contigo ❤️ El Amor Verdadero También Te Está Buscando - 528Hz",https://www.youtube.com/watch?v=4ecL_HxTAHo,Daily Positive Melody,2025-08-23,2026-02-01,1.00000000000000000000,0,-66.7,
04e7a05fcd89ab0bb94dd98410bde0a7,DaR2F_WTVqI,"En solo 3 minutos, sucederán milagros 💖 La persona que amas vendrá a ti y se quedará contigo",https://www.youtube.com/watch?v=DaR2F_WTVqI,Daily Positive Melody,2025-10-01,2026-01-01,146.00000000000000000000,0.247000000000000000000000,-49.0,-44.9
04e7a05fcd89ab0bb94dd98410bde0a7,mKUMRygPBng,La Persona Que Te Gusta Vendrá A Ti En 5 Minutos ❤️ El Sonido Atrae El Amor Rápidamente - Ondas Alfa,https://www.youtube.com/watch?v=mKUMRygPBng,Daily Positive Melody,2025-10-06,2026-01-01,64.00000000000000000000,0.061000000000000000000000,100.0,-47.4
04e7a05fcd89ab0bb94dd98410bde0a7,pW31tcmaNUY,"Tú y esa persona son los elegidos para estar juntos💞esta música los conectará a ambos, 432 + 528Hz",https://www.youtube.com/watch?v=pW31tcmaNUY,Daily Positive Melody,2025-07-18,2026-01-01,57.00000000000000000000,0.05600000000000000000,54.1,-82.6
04e7a05fcd89ab0bb94dd98410bde0a7,ixF6rxkU-9o,La Persona Que Te Gusta Vendrá A Ti En 5 Minutos ❤️ El Sonido Atrae El Amor Rápidamente - Ondas Alfa,https://www.youtube.com/watch?v=ixF6rxkU-9o,Daily Positive Melody,2025-08-20,2026-01-01,16.00000000000000000000,0.026000000000000000000000,-54.3,-92.8
04e7a05fcd89ab0bb94dd98410bde0a7,d6qBSYovRuM,"Tú y esa persona son los elegidos para estar juntos💞esta música los conectará a ambos, 432 + 528Hz",https://www.youtube.com/watch?v=d6qBSYovRuM,Daily Positive Melody,2025-08-07,2026-01-01,7.00000000000000000000,0.012000000000000000000000,75.0,100.0
04e7a05fcd89ab0bb94dd98410bde0a7,oOi08uMuxGs,"Atraer Amor  🧡 Aumentar La Energía Positiva, Atraer Amor Mientras Duermes Y Despierta Feliz, 528Hz",https://www.youtube.com/watch?v=oOi08uMuxGs,Daily Positive Melody,2025-10-10,2026-01-01,14.00000000000000000000,0.011000000000000000000000,-51.7,-31.3
04e7a05fcd89ab0bb94dd98410bde0a7,FYP8GYpzMI4,"En solo 3 minutos, sucederán milagros 💖 La persona que amas vendrá a ti y se quedará contigo",https://www.youtube.com/watch?v=FYP8GYpzMI4,Daily Positive Melody,2025-09-02,2026-01-01,9.00000000000000000000,0.00800000000000000000,-55.0,-87.5
04e7a05fcd89ab0bb94dd98410bde0a7,ILD6TiE1a08,"En solo 3 minutos, sucederán milagros 💖 La persona que amas vendrá a ti y se quedará contigo",https://www.youtube.com/watch?v=ILD6TiE1a08,Daily Positive Melody,2025-07-06,2026-01-01,7.00000000000000000000,0.003000000000000000000000,75.0,
04e7a05fcd89ab0bb94dd98410bde0a7,HJfVsT3tatU,La Persona Que Te Gusta Vendrá A Ti En 5 Minutos ❤️ El Sonido Atrae El Amor Rápidamente -Ondas Alfa,https://www.youtube.com/watch?v=HJfVsT3tatU,Daily Positive Melody,2025-07-08,2026-01-01,0,0,,
04e7a05fcd89ab0bb94dd98410bde0a7,4ecL_HxTAHo,"Un Milagro De Amor Sucederá, Él Estará Contigo ❤️ El Amor Verdadero También Te Está Buscando - 528Hz",https://www.youtube.com/watch?v=4ecL_HxTAHo,Daily Positive Melody,2025-08-23,2026-01-01,3.00000000000000000000,0,50.0,-100.0
04e7a05fcd89ab0bb94dd98410bde0a7,u7dli8_ZKEs,The Person You Like Will Come & Go Crazy Over You ❤️ Works Even When Away + Subliminal Affirmations,https://www.youtube.com/watch?v=u7dli8_ZKEs,Daily Positive Melody,2025-03-23,2026-01-01,2.00000000000000000000,0,,
04e7a05fcd89ab0bb94dd98410bde0a7,DaR2F_WTVqI,"En solo 3 minutos, sucederán milagros 💖 La persona que amas vendrá a ti y se quedará contigo",https://www.youtube.com/watch?v=DaR2F_WTVqI,Daily Positive Melody,2025-10-01,2025-12-01,286.00000000000000000000,0.448000000000000000000000,-62.8,-68.6
04e7a05fcd89ab0bb94dd98410bde0a7,ixF6rxkU-9o,La Persona Que Te Gusta Vendrá A Ti En 5 Minutos ❤️ El Sonido Atrae El Amor Rápidamente - Ondas Alfa,https://www.youtube.com/watch?v=ixF6rxkU-9o,Daily Positive Melody,2025-08-20,2025-12-01,35.00000000000000000000,0.359000000000000000000000,52.2,21.3
04e7a05fcd89ab0bb94dd98410bde0a7,pW31tcmaNUY,"Tú y esa persona son los elegidos para estar juntos💞esta música los conectará a ambos, 432 + 528Hz",https://www.youtube.com/watch?v=pW31tcmaNUY,Daily Positive Melody,2025-07-18,2025-12-01,37.00000000000000000000,0.32100000000000000000,-5.1,11.5
04e7a05fcd89ab0bb94dd98410bde0a7,mKUMRygPBng,La Persona Que Te Gusta Vendrá A Ti En 5 Minutos ❤️ El Sonido Atrae El Amor Rápidamente - Ondas Alfa,https://www.youtube.com/watch?v=mKUMRygPBng,Daily Positive Melody,2025-10-06,2025-12-01,32.00000000000000000000,0.116000000000000000000000,-61.0,-80.4
04e7a05fcd89ab0bb94dd98410bde0a7,FYP8GYpzMI4,"En solo 3 minutos, sucederán milagros 💖 La persona que amas vendrá a ti y se quedará contigo",https://www.youtube.com/watch?v=FYP8GYpzMI4,Daily Positive Melody,2025-09-02,2025-12-01,20.00000000000000000000,0.064000000000000000000000,-63.6,-64.6
04e7a05fcd89ab0bb94dd98410bde0a7,oOi08uMuxGs,"Atraer Amor  🧡 Aumentar La Energía Positiva, Atraer Amor Mientras Duermes Y Despierta Feliz, 528Hz",https://www.youtube.com/watch?v=oOi08uMuxGs,Daily Positive Melody,2025-10-10,2025-12-01,29.00000000000000000000,0.016000000000000000000000,-39.6,-87.6
04e7a05fcd89ab0bb94dd98410bde0a7,4ecL_HxTAHo,"Un Milagro De Amor Sucederá, Él Estará Contigo ❤️ El Amor Verdadero También Te Está Buscando - 528Hz",https://www.youtube.com/watch?v=4ecL_HxTAHo,Daily Positive Melody,2025-08-23,2025-12-01,2.00000000000000000000,0.01500000000000000000,,
04e7a05fcd89ab0bb94dd98410bde0a7,d6qBSYovRuM,"Tú y esa persona son los elegidos para estar juntos💞esta música los conectará a ambos, 432 + 528Hz",https://www.youtube.com/watch?v=d6qBSYovRuM,Daily Positive Melody,2025-08-07,2025-12-01,4.00000000000000000000,0.006000000000000000000000,-69.2,-86.4
04e7a05fcd89ab0bb94dd98410bde0a7,u7dli8_ZKEs,The Person You Like Will Come & Go Crazy Over You ❤️ Works Even When Away + Subliminal Affirmations,https://www.youtube.com/watch?v=u7dli8_ZKEs,Daily Positive Melody,2025-03-23,2025-12-01,0,0,-100.0,-100.0
04e7a05fcd89ab0bb94dd98410bde0a7,HJfVsT3tatU,La Persona Que Te Gusta Vendrá A Ti En 5 Minutos ❤️ El Sonido Atrae El Amor Rápidamente -Ondas Alfa,https://www.youtube.com/watch?v=HJfVsT3tatU,Daily Positive Melody,2025-07-08,2025-12-01,0,0,,
04e7a05fcd89ab0bb94dd98410bde0a7,ILD6TiE1a08,"En solo 3 minutos, sucederán milagros 💖 La persona que amas vendrá a ti y se quedará contigo",https://www.youtube.com/watch?v=ILD6TiE1a08,Daily Positive Melody,2025-07-06,2025-12-01,4.00000000000000000000,0,33.3,-100.0
04e7a05fcd89ab0bb94dd98410bde0a7,DaR2F_WTVqI,"En solo 3 minutos, sucederán milagros 💖 La persona que amas vendrá a ti y se quedará contigo",https://www.youtube.com/watch?v=DaR2F_WTVqI,Daily Positive Melody,2025-10-01,2025-11-01,769.00000000000000000000,1.42500000000000000000,-68.7,-74.8
04e7a05fcd89ab0bb94dd98410bde0a7,mKUMRygPBng,La Persona Que Te Gusta Vendrá A Ti En 5 Minutos ❤️ El Sonido Atrae El Amor Rápidamente - Ondas Alfa,https://www.youtube.com/watch?v=mKUMRygPBng,Daily Positive Melody,2025-10-06,2025-11-01,82.00000000000000000000,0.591000000000000000000000,-94.5,-90.8
04e7a05fcd89ab0bb94dd98410bde0a7,ixF6rxkU-9o,La Persona Que Te Gusta Vendrá A Ti En 5 Minutos ❤️ El Sonido Atrae El Amor Rápidamente - Ondas Alfa,https://www.youtube.com/watch?v=ixF6rxkU-9o,Daily Positive Melody,2025-08-20,2025-11-01,23.00000000000000000000,0.296000000000000000000000,-60.3,109.9
04e7a05fcd89ab0bb94dd98410bde0a7,pW31tcmaNUY,"Tú y esa persona son los elegidos para estar juntos💞esta música los conectará a ambos, 432 + 528Hz",https://www.youtube.com/watch?v=pW31tcmaNUY,Daily Positive Melody,2025-07-18,2025-11-01,39.00000000000000000000,0.288000000000000000000000,-27.8,39.8
04e7a05fcd89ab0bb94dd98410bde0a7,FYP8GYpzMI4,"En solo 3 minutos, sucederán milagros 💖 La persona que amas vendrá a ti y se quedará contigo",https://www.youtube.com/watch?v=FYP8GYpzMI4,Daily Positive Melody,2025-09-02,2025-11-01,55.00000000000000000000,0.18100000000000000000,-38.2,4.6
04e7a05fcd89ab0bb94dd98410bde0a7,oOi08uMuxGs,"Atraer Amor  🧡 Aumentar La Energía Positiva, Atraer Amor Mientras Duermes Y Despierta Feliz, 528Hz",https://www.youtube.com/watch?v=oOi08uMuxGs,Daily Positive Melody,2025-10-10,2025-11-01,48.00000000000000000000,0.129000000000000000000000,-93.3,-94.8
04e7a05fcd89ab0bb94dd98410bde0a7,d6qBSYovRuM,"Tú y esa persona son los elegidos para estar juntos💞esta música los conectará a ambos, 432 + 528Hz",https://www.youtube.com/watch?v=d6qBSYovRuM,Daily Positive Melody,2025-08-07,2025-11-01,13.00000000000000000000,0.044000000000000000000000,-35.0,33.3
04e7a05fcd89ab0bb94dd98410bde0a7,ILD6TiE1a08,"En solo 3 minutos, sucederán milagros 💖 La persona que amas vendrá a ti y se quedará contigo",https://www.youtube.com/watch?v=ILD6TiE1a08,Daily Positive Melody,2025-07-06,2025-11-01,3.00000000000000000000,0.02600000000000000000,-80.0,-66.2
04e7a05fcd89ab0bb94dd98410bde0a7,u7dli8_ZKEs,The Person You Like Will Come & Go Crazy Over You ❤️ Works Even When Away + Subliminal Affirmations,https://www.youtube.com/watch?v=u7dli8_ZKEs,Daily Positive Melody,2025-03-23,2025-11-01,1.00000000000000000000,0.001000000000000000000000,-50.0,
04e7a05fcd89ab0bb94dd98410bde0a7,HJfVsT3tatU,La Persona Que Te Gusta Vendrá A Ti En 5 Minutos ❤️ El Sonido Atrae El Amor Rápidamente -Ondas Alfa,https://www.youtube.com/watch?v=HJfVsT3tatU,Daily Positive Melody,2025-07-08,2025-11-01,0,0,,
04e7a05fcd89ab0bb94dd98410bde0a7,4ecL_HxTAHo,"Un Milagro De Amor Sucederá, Él Estará Contigo ❤️ El Amor Verdadero También Te Está Buscando - 528Hz",https://www.youtube.com/watch?v=4ecL_HxTAHo,Daily Positive Melody,2025-08-23,2025-11-01,0,0,-100.0,-100.0
04e7a05fcd89ab0bb94dd98410bde0a7,mKUMRygPBng,La Persona Que Te Gusta Vendrá A Ti En 5 Minutos ❤️ El Sonido Atrae El Amor Rápidamente - Ondas Alfa,https://www.youtube.com/watch?v=mKUMRygPBng,Daily Positive Melody,2025-10-06,2025-10-01,1478.00000000000000000000,6.451000000000000000000000,,
04e7a05fcd89ab0bb94dd98410bde0a7,DaR2F_WTVqI,"En solo 3 minutos, sucederán milagros 💖 La persona que amas vendrá a ti y se quedará contigo",https://www.youtube.com/watch?v=DaR2F_WTVqI,Daily Positive Melody,2025-10-01,2025-10-01,2457.0000000000000000,5.66300000000000000000,68.9,59.3
04e7a05fcd89ab0bb94dd98410bde0a7,oOi08uMuxGs,"Atraer Amor  🧡 Aumentar La Energía Positiva, Atraer Amor Mientras Duermes Y Despierta Feliz, 528Hz",https://www.youtube.com/watch?v=oOi08uMuxGs,Daily Positive Melody,2025-10-10,2025-10-01,721.00000000000000000000,2.45900000000000000000,,
04e7a05fcd89ab0bb94dd98410bde0a7,pW31tcmaNUY,"Tú y esa persona son los elegidos para estar juntos💞esta música los conectará a ambos, 432 + 528Hz",https://www.youtube.com/watch?v=pW31tcmaNUY,Daily Positive Melody,2025-07-18,2025-10-01,54.00000000000000000000,0.206000000000000000000000,-19.4,-1.9
04e7a05fcd89ab0bb94dd98410bde0a7,FYP8GYpzMI4,"En solo 3 minutos, sucederán milagros 💖 La persona que amas vendrá a ti y se quedará contigo",https://www.youtube.com/watch?v=FYP8GYpzMI4,Daily Positive Melody,2025-09-02,2025-10-01,89.00000000000000000000,0.173000000000000000000000,-97.5,-98.8
04e7a05fcd89ab0bb94dd98410bde0a7,4ecL_HxTAHo,"Un Milagro De Amor Sucederá, Él Estará Contigo ❤️ El Amor Verdadero También Te Está Buscando - 528Hz",https://www.youtube.com/watch?v=4ecL_HxTAHo,Daily Positive Melody,2025-08-23,2025-10-01,8.00000000000000000000,0.143000000000000000000000,-73.3,18.2
04e7a05fcd89ab0bb94dd98410bde0a7,ixF6rxkU-9o,La Persona Que Te Gusta Vendrá A Ti En 5 Minutos ❤️ El Sonido Atrae El Amor Rápidamente - Ondas Alfa,https://www.youtube.com/watch?v=ixF6rxkU-9o,Daily Positive Melody,2025-08-20,2025-10-01,58.00000000000000000000,0.141000000000000000000000,-49.1,-53.8
04e7a05fcd89ab0bb94dd98410bde0a7,ILD6TiE1a08,"En solo 3 minutos, sucederán milagros 💖 La persona que amas vendrá a ti y se quedará contigo",https://www.youtube.com/watch?v=ILD6TiE1a08,Daily Positive Melody,2025-07-06,2025-10-01,15.00000000000000000000,0.07700000000000000000,36.4,156.7
04e7a05fcd89ab0bb94dd98410bde0a7,d6qBSYovRuM,"Tú y esa persona son los elegidos para estar juntos💞esta música los conectará a ambos, 432 + 528Hz",https://www.youtube.com/watch?v=d6qBSYovRuM,Daily Positive Melody,2025-08-07,2025-10-01,20.00000000000000000000,0.03300000000000000000,-54.5,-77.6
04e7a05fcd89ab0bb94dd98410bde0a7,u7dli8_ZKEs,The Person You Like Will Come & Go Crazy Over You ❤️ Works Even When Away + Subliminal Affirmations,https://www.youtube.com/watch?v=u7dli8_ZKEs,Daily Positive Melody,2025-03-23,2025-10-01,2.00000000000000000000,0,-33.3,
04e7a05fcd89ab0bb94dd98410bde0a7,HJfVsT3tatU,La Persona Que Te Gusta Vendrá A Ti En 5 Minutos ❤️ El Sonido Atrae El Amor Rápidamente -Ondas Alfa,https://www.youtube.com/watch?v=HJfVsT3tatU,Daily Positive Melody,2025-07-08,2025-10-01,0,0,-100.0,
04e7a05fcd89ab0bb94dd98410bde0a7,FYP8GYpzMI4,"En solo 3 minutos, sucederán milagros 💖 La persona que amas vendrá a ti y se quedará contigo",https://www.youtube.com/watch?v=FYP8GYpzMI4,Daily Positive Melody,2025-09-02,2025-09-01,3495.00000000000000000000,14.163000000000000000000000,,8863.9
04e7a05fcd89ab0bb94dd98410bde0a7,DaR2F_WTVqI,"En solo 3 minutos, sucederán milagros 💖 La persona que amas vendrá a ti y se quedará contigo",https://www.youtube.com/watch?v=DaR2F_WTVqI,Daily Positive Melody,2025-10-01,2025-09-01,1455.0000000000000000,3.55600000000000000000,,
04e7a05fcd89ab0bb94dd98410bde0a7,ixF6rxkU-9o,La Persona Que Te Gusta Vendrá A Ti En 5 Minutos ❤️ El Sonido Atrae El Amor Rápidamente - Ondas Alfa,https://www.youtube.com/watch?v=ixF6rxkU-9o,Daily Positive Melody,2025-08-20,2025-09-01,114.00000000000000000000,0.305000000000000000000000,-98.4,-98.6
04e7a05fcd89ab0bb94dd98410bde0a7,pW31tcmaNUY,"Tú y esa persona son los elegidos para estar juntos💞esta música los conectará a ambos, 432 + 528Hz",https://www.youtube.com/watch?v=pW31tcmaNUY,Daily Positive Melody,2025-07-18,2025-09-01,67.00000000000000000000,0.210000000000000000000000,-73.4,-58.7
04e7a05fcd89ab0bb94dd98410bde0a7,d6qBSYovRuM,"Tú y esa persona son los elegidos para estar juntos💞esta música los conectará a ambos, 432 + 528Hz",https://www.youtube.com/watch?v=d6qBSYovRuM,Daily Positive Melody,2025-08-07,2025-09-01,44.00000000000000000000,0.147000000000000000000000,-98.8,-98.4
04e7a05fcd89ab0bb94dd98410bde0a7,4ecL_HxTAHo,"Un Milagro De Amor Sucederá, Él Estará Contigo ❤️ El Amor Verdadero También Te Está Buscando - 528Hz",https://www.youtube.com/watch?v=4ecL_HxTAHo,Daily Positive Melody,2025-08-23,2025-09-01,30.00000000000000000000,0.121000000000000000000000,-98.1,-97.2
04e7a05fcd89ab0bb94dd98410bde0a7,ILD6TiE1a08,"En solo 3 minutos, sucederán milagros 💖 La persona que amas vendrá a ti y se quedará contigo",https://www.youtube.com/watch?v=ILD6TiE1a08,Daily Positive Melody,2025-07-06,2025-09-01,11.00000000000000000000,0.03000000000000000000,-83.6,-57.1
04e7a05fcd89ab0bb94dd98410bde0a7,HJfVsT3tatU,La Persona Que Te Gusta Vendrá A Ti En 5 Minutos ❤️ El Sonido Atrae El Amor Rápidamente -Ondas Alfa,https://www.youtube.com/watch?v=HJfVsT3tatU,Daily Positive Melody,2025-07-08,2025-09-01,1.00000000000000000000,0,-93.8,-100.0
04e7a05fcd89ab0bb94dd98410bde0a7,u7dli8_ZKEs,The Person You Like Will Come & Go Crazy Over You ❤️ Works Even When Away + Subliminal Affirmations,https://www.youtube.com/watch?v=u7dli8_ZKEs,Daily Positive Melody,2025-03-23,2025-09-01,3.00000000000000000000,0,-25.0,-100.0
04e7a05fcd89ab0bb94dd98410bde0a7,ixF6rxkU-9o,La Persona Que Te Gusta Vendrá A Ti En 5 Minutos ❤️ El Sonido Atrae El Amor Rápidamente - Ondas Alfa,https://www.youtube.com/watch?v=ixF6rxkU-9o,Daily Positive Melody,2025-08-20,2025-08-01,6972.00000000000000000000,22.51400000000000000000,,
04e7a05fcd89ab0bb94dd98410bde0a7,d6qBSYovRuM,"Tú y esa persona son los elegidos para estar juntos💞esta música los conectará a ambos, 432 + 528Hz",https://www.youtube.com/watch?v=d6qBSYovRuM,Daily Positive Melody,2025-08-07,2025-08-01,3541.00000000000000000000,8.983000000000000000000000,,
04e7a05fcd89ab0bb94dd98410bde0a7,4ecL_HxTAHo,"Un Milagro De Amor Sucederá, Él Estará Contigo ❤️ El Amor Verdadero También Te Está Buscando - 528Hz",https://www.youtube.com/watch?v=4ecL_HxTAHo,Daily Positive Melody,2025-08-23,2025-08-01,1608.00000000000000000000,4.255000000000000000000000,,
04e7a05fcd89ab0bb94dd98410bde0a7,pW31tcmaNUY,"Tú y esa persona son los elegidos para estar juntos💞esta música los conectará a ambos, 432 + 528Hz",https://www.youtube.com/watch?v=pW31tcmaNUY,Daily Positive Melody,2025-07-18,2025-08-01,252.00000000000000000000,0.509000000000000000000000,-94.4,-95.4
04e7a05fcd89ab0bb94dd98410bde0a7,FYP8GYpzMI4,"En solo 3 minutos, sucederán milagros 💖 La persona que amas vendrá a ti y se quedará contigo",https://www.youtube.com/watch?v=FYP8GYpzMI4,Daily Positive Melody,2025-09-02,2025-08-01,0,0.15800000000000000000,,
04e7a05fcd89ab0bb94dd98410bde0a7,ILD6TiE1a08,"En solo 3 minutos, sucederán milagros 💖 La persona que amas vendrá a ti y se quedará contigo",https://www.youtube.com/watch?v=ILD6TiE1a08,Daily Positive Melody,2025-07-06,2025-08-01,67.00000000000000000000,0.070000000000000000000000,-97.8,-99.2
04e7a05fcd89ab0bb94dd98410bde0a7,HJfVsT3tatU,La Persona Que Te Gusta Vendrá A Ti En 5 Minutos ❤️ El Sonido Atrae El Amor Rápidamente -Ondas Alfa,https://www.youtube.com/watch?v=HJfVsT3tatU,Daily Positive Melody,2025-07-08,2025-08-01,16.00000000000000000000,0.001000000000000000000000,-98.0,-100.0
04e7a05fcd89ab0bb94dd98410bde0a7,u7dli8_ZKEs,The Person You Like Will Come & Go Crazy Over You ❤️ Works Even When Away + Subliminal Affirmations,https://www.youtube.com/watch?v=u7dli8_ZKEs,Daily Positive Melody,2025-03-23,2025-08-01,4.00000000000000000000,0.001000000000000000000000,-66.7,-98.1
04e7a05fcd89ab0bb94dd98410bde0a7,pW31tcmaNUY,"Tú y esa persona son los elegidos para estar juntos💞esta música los conectará a ambos, 432 + 528Hz",https://www.youtube.com/watch?v=pW31tcmaNUY,Daily Positive Melody,2025-07-18,2025-07-01,4502.00000000000000000000,11.10000000000000000000,,
04e7a05fcd89ab0bb94dd98410bde0a7,ILD6TiE1a08,"En solo 3 minutos, sucederán milagros 💖 La persona que amas vendrá a ti y se quedará contigo",https://www.youtube.com/watch?v=ILD6TiE1a08,Daily Positive Melody,2025-07-06,2025-07-01,3062.00000000000000000000,8.24900000000000000000,,
04e7a05fcd89ab0bb94dd98410bde0a7,HJfVsT3tatU,La Persona Que Te Gusta Vendrá A Ti En 5 Minutos ❤️ El Sonido Atrae El Amor Rápidamente -Ondas Alfa,https://www.youtube.com/watch?v=HJfVsT3tatU,Daily Positive Melody,2025-07-08,2025-07-01,783.00000000000000000000,2.313000000000000000000000,,
04e7a05fcd89ab0bb94dd98410bde0a7,u7dli8_ZKEs,The Person You Like Will Come & Go Crazy Over You ❤️ Works Even When Away + Subliminal Affirmations,https://www.youtube.com/watch?v=u7dli8_ZKEs,Daily Positive Melody,2025-03-23,2025-07-01,12.00000000000000000000,0.05300000000000000000,500.0,
04e7a05fcd89ab0bb94dd98410bde0a7,u7dli8_ZKEs,The Person You Like Will Come & Go Crazy Over You ❤️ Works Even When Away + Subliminal Affirmations,https://www.youtube.com/watch?v=u7dli8_ZKEs,Daily Positive Melody,2025-03-23,2025-06-01,2.00000000000000000000,0,,
04e7a05fcd89ab0bb94dd98410bde0a7,eGq-CpHN1AU,"Deep Sleep Healing Full Body Reset and Mind Detox, Pure 432Hz Sounds for Complete Inner Restoration",https://www.youtube.com/watch?v=eGq-CpHN1AU,Deep Rest Frequency,2025-08-14,2026-06-01,1.00000000000000000000,0,,
04e7a05fcd89ab0bb94dd98410bde0a7,eGq-CpHN1AU,"Deep Sleep Healing Full Body Reset and Mind Detox, Pure 432Hz Sounds for Complete Inner Restoration",https://www.youtube.com/watch?v=eGq-CpHN1AU,Deep Rest Frequency,2025-08-14,2026-05-01,0,0,,
04e7a05fcd89ab0bb94dd98410bde0a7,eGq-CpHN1AU,"Deep Sleep Healing Full Body Reset and Mind Detox, Pure 432Hz Sounds for Complete Inner Restoration",https://www.youtube.com/watch?v=eGq-CpHN1AU,Deep Rest Frequency,2025-08-14,2026-04-01,0,0,,
04e7a05fcd89ab0bb94dd98410bde0a7,eGq-CpHN1AU,"Deep Sleep Healing Full Body Reset and Mind Detox, Pure 432Hz Sounds for Complete Inner Restoration",https://www.youtube.com/watch?v=eGq-CpHN1AU,Deep Rest Frequency,2025-08-14,2026-03-01,0,0,,
04e7a05fcd89ab0bb94dd98410bde0a7,eGq-CpHN1AU,"Deep Sleep Healing Full Body Reset and Mind Detox, Pure 432Hz Sounds for Complete Inner Restoration",https://www.youtube.com/watch?v=eGq-CpHN1AU,Deep Rest Frequency,2025-08-14,2026-02-01,0,0,,
04e7a05fcd89ab0bb94dd98410bde0a7,eGq-CpHN1AU,"Deep Sleep Healing Full Body Reset and Mind Detox, Pure 432Hz Sounds for Complete Inner Restoration",https://www.youtube.com/watch?v=eGq-CpHN1AU,Deep Rest Frequency,2025-08-14,2026-01-01,0,0,,
04e7a05fcd89ab0bb94dd98410bde0a7,2bMlbTr5vxI,"432Hz + 528Hz - Fall Into Deep Healing Sleep, Music to Release Serotonin, Dopamine and Endorphins",https://www.youtube.com/watch?v=2bMlbTr5vxI,Deep Rest Frequency,2025-10-26,2026-01-01,1.00000000000000000000,0,,
04e7a05fcd89ab0bb94dd98410bde0a7,89Y9uAHUCwM,"432Hz + 528Hz - Fall Into Deep Healing Sleep, Music to Release Serotonin, Dopamine and Endorphins",https://www.youtube.com/watch?v=89Y9uAHUCwM,Deep Rest Frequency,2025-11-09,2025-12-01,2.00000000000000000000,0.001000000000000000000000,-95.0,-98.1
04e7a05fcd89ab0bb94dd98410bde0a7,2bMlbTr5vxI,"432Hz + 528Hz - Fall Into Deep Healing Sleep, Music to Release Serotonin, Dopamine and Endorphins",https://www.youtube.com/watch?v=2bMlbTr5vxI,Deep Rest Frequency,2025-10-26,2025-12-01,0,0,-100.0,
04e7a05fcd89ab0bb94dd98410bde0a7,eGq-CpHN1AU,"Deep Sleep Healing Full Body Reset and Mind Detox, Pure 432Hz Sounds for Complete Inner Restoration",https://www.youtube.com/watch?v=eGq-CpHN1AU,Deep Rest Frequency,2025-08-14,2025-12-01,0,0,,
04e7a05fcd89ab0bb94dd98410bde0a7,yABbQ5RSoiE,"Deep Sleep Music - 432Hz- Brain Massage While You Sleep, Melatonin Release, Stop Overthinking",https://www.youtube.com/watch?v=yABbQ5RSoiE,Deep Rest Frequency,2025-11-14,2025-12-01,1.00000000000000000000,0,-98.1,-100.0
04e7a05fcd89ab0bb94dd98410bde0a7,yABbQ5RSoiE,"Deep Sleep Music - 432Hz- Brain Massage While You Sleep, Melatonin Release, Stop Overthinking",https://www.youtube.com/watch?v=yABbQ5RSoiE,Deep Rest Frequency,2025-11-14,2025-11-01,53.00000000000000000000,0.10400000000000000000,,
04e7a05fcd89ab0bb94dd98410bde0a7,1pFrY0dfTmw,"Deep Sleep Music - 432Hz- Brain Massage While You Sleep, Melatonin Release, Stop Overthinking",https://www.youtube.com/watch?v=1pFrY0dfTmw,Deep Rest Frequency,2025-11-10,2025-11-01,20.00000000000000000000,0.09200000000000000000,,
04e7a05fcd89ab0bb94dd98410bde0a7,89Y9uAHUCwM,"432Hz + 528Hz - Fall Into Deep Healing Sleep, Music to Release Serotonin, Dopamine and Endorphins",https://www.youtube.com/watch?v=89Y9uAHUCwM,Deep Rest Frequency,2025-11-09,2025-11-01,40.00000000000000000000,0.05400000000000000000,,
04e7a05fcd89ab0bb94dd98410bde0a7,puOeB4Ul6yA,"432Hz + 528Hz - Fall Into Deep Healing Sleep, Music to Release Serotonin, Dopamine and Endorphins",https://www.youtube.com/watch?v=puOeB4Ul6yA,Deep Rest Frequency,2025-11-17,2025-11-01,19.00000000000000000000,0.032000000000000000000000,,
04e7a05fcd89ab0bb94dd98410bde0a7,1oYzvP3RIL8,"Deep Sleep Music - 432Hz- Brain Massage While You Sleep, Melatonin Release, Stop Overthinking",https://www.youtube.com/watch?v=1oYzvP3RIL8,Deep Rest Frequency,2025-10-31,2025-11-01,10.00000000000000000000,0.01300000000000000000,-70.6,-90.4
04e7a05fcd89ab0bb94dd98410bde0a7,2bMlbTr5vxI,"432Hz + 528Hz - Fall Into Deep Healing Sleep, Music to Release Serotonin, Dopamine and Endorphins",https://www.youtube.com/watch?v=2bMlbTr5vxI,Deep Rest Frequency,2025-10-26,2025-11-01,1.00000000000000000000,0,-98.1,-100.0
04e7a05fcd89ab0bb94dd98410bde0a7,oVTzrtaYYq4,"Deep Sleep Music - 432Hz- Brain Massage While You Sleep, Melatonin Release, Stop Overthinking",https://www.youtube.com/watch?v=oVTzrtaYYq4,Deep Rest Frequency,2025-10-21,2025-11-01,2.00000000000000000000,0,-94.6,-100.0
04e7a05fcd89ab0bb94dd98410bde0a7,eGq-CpHN1AU,"Deep Sleep Healing Full Body Reset and Mind Detox, Pure 432Hz Sounds for Complete Inner Restoration",https://www.youtube.com/watch?v=eGq-CpHN1AU,Deep Rest Frequency,2025-08-14,2025-11-01,0,0,-100.0,
04e7a05fcd89ab0bb94dd98410bde0a7,1oYzvP3RIL8,"Deep Sleep Music - 432Hz- Brain Massage While You Sleep, Melatonin Release, Stop Overthinking",https://www.youtube.com/watch?v=1oYzvP3RIL8,Deep Rest Frequency,2025-10-31,2025-10-01,34.00000000000000000000,0.13600000000000000000,,
04e7a05fcd89ab0bb94dd98410bde0a7,2bMlbTr5vxI,"432Hz + 528Hz - Fall Into Deep Healing Sleep, Music to Release Serotonin, Dopamine and Endorphins",https://www.youtube.com/watch?v=2bMlbTr5vxI,Deep Rest Frequency,2025-10-26,2025-10-01,54.00000000000000000000,0.09300000000000000000,,
04e7a05fcd89ab0bb94dd98410bde0a7,oVTzrtaYYq4,"Deep Sleep Music - 432Hz- Brain Massage While You Sleep, Melatonin Release, Stop Overthinking",https://www.youtube.com/watch?v=oVTzrtaYYq4,Deep Rest Frequency,2025-10-21,2025-10-01,37.00000000000000000000,0.023000000000000000000000,,
04e7a05fcd89ab0bb94dd98410bde0a7,eGq-CpHN1AU,"Deep Sleep Healing Full Body Reset and Mind Detox, Pure 432Hz Sounds for Complete Inner Restoration",https://www.youtube.com/watch?v=eGq-CpHN1AU,Deep Rest Frequency,2025-08-14,2025-10-01,1.00000000000000000000,0,-87.5,
04e7a05fcd89ab0bb94dd98410bde0a7,eGq-CpHN1AU,"Deep Sleep Healing Full Body Reset and Mind Detox, Pure 432Hz Sounds for Complete Inner Restoration",https://www.youtube.com/watch?v=eGq-CpHN1AU,Deep Rest Frequency,2025-08-14,2025-09-01,8.00000000000000000000,0,60.0,
04e7a05fcd89ab0bb94dd98410bde0a7,eGq-CpHN1AU,"Deep Sleep Healing Full Body Reset and Mind Detox, Pure 432Hz Sounds for Complete Inner Restoration",https://www.youtube.com/watch?v=eGq-CpHN1AU,Deep Rest Frequency,2025-08-14,2025-08-01,5.00000000000000000000,0,,
04e7a05fcd89ab0bb94dd98410bde0a7,z0bnTd3WBEc,"432hz • The DEEPEST Healing | Anxiety Relief, Stop Overthinking | Remove Insomnia forever #1",https://www.youtube.com/watch?v=z0bnTd3WBEc,Dream Stream Waves,2026-06-22,2026-07-01,2.00000000000000000000,0,-96.9,
04e7a05fcd89ab0bb94dd98410bde0a7,z0bnTd3WBEc,"432hz • The DEEPEST Healing | Anxiety Relief, Stop Overthinking | Remove Insomnia forever #1",https://www.youtube.com/watch?v=z0bnTd3WBEc,Dream Stream Waves,2026-06-22,2026-06-01,65.00000000000000000000,0,,
04e7a05fcd89ab0bb94dd98410bde0a7,um6N7CEtcdU,ESCUCHA ESTO Y MILAGROS INCONTABLES SE DERRAMARAN EN TODA TU VIDA - BOSQUE MÁGICO DE LOS DESEOS,https://www.youtube.com/watch?v=um6N7CEtcdU,Healing Frequency,2025-12-25,2026-08-01,9.00000000000000000000,0.02100000000000000000,0.0,-4.5
04e7a05fcd89ab0bb94dd98410bde0a7,um6N7CEtcdU,ESCUCHA ESTO Y MILAGROS INCONTABLES SE DERRAMARAN EN TODA TU VIDA - BOSQUE MÁGICO DE LOS DESEOS,https://www.youtube.com/watch?v=um6N7CEtcdU,Healing Frequency,2025-12-25,2026-07-01,9.00000000000000000000,0.02200000000000000000,-40.0,144.4
04e7a05fcd89ab0bb94dd98410bde0a7,um6N7CEtcdU,ESCUCHA ESTO Y MILAGROS INCONTABLES SE DERRAMARAN EN TODA TU VIDA - BOSQUE MÁGICO DE LOS DESEOS,https://www.youtube.com/watch?v=um6N7CEtcdU,Healing Frequency,2025-12-25,2026-06-01,15.00000000000000000000,0.00900000000000000000,36.4,-84.5
04e7a05fcd89ab0bb94dd98410bde0a7,um6N7CEtcdU,ESCUCHA ESTO Y MILAGROS INCONTABLES SE DERRAMARAN EN TODA TU VIDA - BOSQUE MÁGICO DE LOS DESEOS,https://www.youtube.com/watch?v=um6N7CEtcdU,Healing Frequency,2025-12-25,2026-05-01,11.00000000000000000000,0.05800000000000000000,-35.3,23.4
04e7a05fcd89ab0bb94dd98410bde0a7,um6N7CEtcdU,ESCUCHA ESTO Y MILAGROS INCONTABLES SE DERRAMARAN EN TODA TU VIDA - BOSQUE MÁGICO DE LOS DESEOS,https://www.youtube.com/watch?v=um6N7CEtcdU,Healing Frequency,2025-12-25,2026-04-01,17.00000000000000000000,0.04700000000000000000,70.0,113.6
04e7a05fcd89ab0bb94dd98410bde0a7,um6N7CEtcdU,ESCUCHA ESTO Y MILAGROS INCONTABLES SE DERRAMARAN EN TODA TU VIDA - BOSQUE MÁGICO DE LOS DESEOS,https://www.youtube.com/watch?v=um6N7CEtcdU,Healing Frequency,2025-12-25,2026-03-01,10.00000000000000000000,0.02200000000000000000,-9.1,-67.6
04e7a05fcd89ab0bb94dd98410bde0a7,um6N7CEtcdU,ESCUCHA ESTO Y MILAGROS INCONTABLES SE DERRAMARAN EN TODA TU VIDA - BOSQUE MÁGICO DE LOS DESEOS,https://www.youtube.com/watch?v=um6N7CEtcdU,Healing Frequency,2025-12-25,2026-02-01,11.00000000000000000000,0.06800000000000000000,-71.1,-16.0
04e7a05fcd89ab0bb94dd98410bde0a7,um6N7CEtcdU,ESCUCHA ESTO Y MILAGROS INCONTABLES SE DERRAMARAN EN TODA TU VIDA - BOSQUE MÁGICO DE LOS DESEOS,https://www.youtube.com/watch?v=um6N7CEtcdU,Healing Frequency,2025-12-25,2026-01-01,38.00000000000000000000,0.08100000000000000000,-85.7,-93.8
04e7a05fcd89ab0bb94dd98410bde0a7,um6N7CEtcdU,ESCUCHA ESTO Y MILAGROS INCONTABLES SE DERRAMARAN EN TODA TU VIDA - BOSQUE MÁGICO DE LOS DESEOS,https://www.youtube.com/watch?v=um6N7CEtcdU,Healing Frequency,2025-12-25,2025-12-01,266.0000000000000000,1.30100000000000000000,,
04e7a05fcd89ab0bb94dd98410bde0a7,30Wp2zgoTmU,"PAZ, TRANQUILIDAD Y MILAGROS MANIFIESTOS DONDE SEA QUE SE ESCUCHE • Frecuencia 999Hz",https://www.youtube.com/watch?v=30Wp2zgoTmU,Healing My Soul,2025-10-28,2026-08-01,12.00000000000000000000,0.01600000000000000000,0.0,
04e7a05fcd89ab0bb94dd98410bde0a7,52QPQ822RxY,888Hz + 999Hz • Frecuencia Dorada que Derrama Abundancia y Plenitud en Tu Vida,https://www.youtube.com/watch?v=52QPQ822RxY,Healing My Soul,2025-12-05,2026-08-01,3.00000000000000000000,0.00100000000000000000,0.0,
04e7a05fcd89ab0bb94dd98410bde0a7,52QPQ822RxY,888Hz + 999Hz • Frecuencia Dorada que Derrama Abundancia y Plenitud en Tu Vida,https://www.youtube.com/watch?v=52QPQ822RxY,Healing My Soul,2025-12-05,2026-07-01,3.00000000000000000000,0,0.0,-100.0
04e7a05fcd89ab0bb94dd98410bde0a7,30Wp2zgoTmU,"PAZ, TRANQUILIDAD Y MILAGROS MANIFIESTOS DONDE SEA QUE SE ESCUCHE • Frecuencia 999Hz",https://www.youtube.com/watch?v=30Wp2zgoTmU,Healing My Soul,2025-10-28,2026-07-01,12.00000000000000000000,0,20.0,-100.0
04e7a05fcd89ab0bb94dd98410bde0a7,30Wp2zgoTmU,"PAZ, TRANQUILIDAD Y MILAGROS MANIFIESTOS DONDE SEA QUE SE ESCUCHE • Frecuencia 999Hz",https://www.youtube.com/watch?v=30Wp2zgoTmU,Healing My Soul,2025-10-28,2026-06-01,10.00000000000000000000,0.02300000000000000000,233.3,
04e7a05fcd89ab0bb94dd98410bde0a7,52QPQ822RxY,888Hz + 999Hz • Frecuencia Dorada que Derrama Abundancia y Plenitud en Tu Vida,https://www.youtube.com/watch?v=52QPQ822RxY,Healing My Soul,2025-12-05,2026-06-01,3.00000000000000000000,0.01200000000000000000,50.0,200.0
04e7a05fcd89ab0bb94dd98410bde0a7,52QPQ822RxY,888Hz + 999Hz • Frecuencia Dorada que Derrama Abundancia y Plenitud en Tu Vida,https://www.youtube.com/watch?v=52QPQ822RxY,Healing My Soul,2025-12-05,2026-05-01,2.00000000000000000000,0.00400000000000000000,-75.0,-89.5
04e7a05fcd89ab0bb94dd98410bde0a7,30Wp2zgoTmU,"PAZ, TRANQUILIDAD Y MILAGROS MANIFIESTOS DONDE SEA QUE SE ESCUCHE • Frecuencia 999Hz",https://www.youtube.com/watch?v=30Wp2zgoTmU,Healing My Soul,2025-10-28,2026-05-01,3.00000000000000000000,0,-40.0,-100.0
04e7a05fcd89ab0bb94dd98410bde0a7,52QPQ822RxY,888Hz + 999Hz • Frecuencia Dorada que Derrama Abundancia y Plenitud en Tu Vida,https://www.youtube.com/watch?v=52QPQ822RxY,Healing My Soul,2025-12-05,2026-04-01,8.00000000000000000000,0.03800000000000000000,100.0,442.9
04e7a05fcd89ab0bb94dd98410bde0a7,30Wp2zgoTmU,"PAZ, TRANQUILIDAD Y MILAGROS MANIFIESTOS DONDE SEA QUE SE ESCUCHE • Frecuencia 999Hz",https://www.youtube.com/watch?v=30Wp2zgoTmU,Healing My Soul,2025-10-28,2026-04-01,5.00000000000000000000,0.00300000000000000000,150.0,
04e7a05fcd89ab0bb94dd98410bde0a7,52QPQ822RxY,888Hz + 999Hz • Frecuencia Dorada que Derrama Abundancia y Plenitud en Tu Vida,https://www.youtube.com/watch?v=52QPQ822RxY,Healing My Soul,2025-12-05,2026-03-01,4.00000000000000000000,0.00700000000000000000,-50.0,-88.7
04e7a05fcd89ab0bb94dd98410bde0a7,30Wp2zgoTmU,"PAZ, TRANQUILIDAD Y MILAGROS MANIFIESTOS DONDE SEA QUE SE ESCUCHE • Frecuencia 999Hz",https://www.youtube.com/watch?v=30Wp2zgoTmU,Healing My Soul,2025-10-28,2026-03-01,2.0000000000000000,0,,-100.0
04e7a05fcd89ab0bb94dd98410bde0a7,52QPQ822RxY,888Hz + 999Hz • Frecuencia Dorada que Derrama Abundancia y Plenitud en Tu Vida,https://www.youtube.com/watch?v=52QPQ822RxY,Healing My Soul,2025-12-05,2026-02-01,8.00000000000000000000,0.06200000000000000000,-86.0,-57.5
04e7a05fcd89ab0bb94dd98410bde0a7,30Wp2zgoTmU,"PAZ, TRANQUILIDAD Y MILAGROS MANIFIESTOS DONDE SEA QUE SE ESCUCHE • Frecuencia 999Hz",https://www.youtube.com/watch?v=30Wp2zgoTmU,Healing My Soul,2025-10-28,2026-02-01,0,0.00200000000000000000,-100.0,-33.3
04e7a05fcd89ab0bb94dd98410bde0a7,52QPQ822RxY,888Hz + 999Hz • Frecuencia Dorada que Derrama Abundancia y Plenitud en Tu Vida,https://www.youtube.com/watch?v=52QPQ822RxY,Healing My Soul,2025-12-05,2026-01-01,57.00000000000000000000,0.14600000000000000000,-94.3,-94.9
04e7a05fcd89ab0bb94dd98410bde0a7,30Wp2zgoTmU,"PAZ, TRANQUILIDAD Y MILAGROS MANIFIESTOS DONDE SEA QUE SE ESCUCHE • Frecuencia 999Hz",https://www.youtube.com/watch?v=30Wp2zgoTmU,Healing My Soul,2025-10-28,2026-01-01,3.00000000000000000000,0.00300000000000000000,-78.6,-72.7
04e7a05fcd89ab0bb94dd98410bde0a7,52QPQ822RxY,888Hz + 999Hz • Frecuencia Dorada que Derrama Abundancia y Plenitud en Tu Vida,https://www.youtube.com/watch?v=52QPQ822RxY,Healing My Soul,2025-12-05,2025-12-01,992.00000000000000000000,2.84400000000000000000,,
04e7a05fcd89ab0bb94dd98410bde0a7,30Wp2zgoTmU,"PAZ, TRANQUILIDAD Y MILAGROS MANIFIESTOS DONDE SEA QUE SE ESCUCHE • Frecuencia 999Hz",https://www.youtube.com/watch?v=30Wp2zgoTmU,Healing My Soul,2025-10-28,2025-12-01,14.00000000000000000000,0.01100000000000000000,-87.0,-94.7
04e7a05fcd89ab0bb94dd98410bde0a7,30Wp2zgoTmU,"PAZ, TRANQUILIDAD Y MILAGROS MANIFIESTOS DONDE SEA QUE SE ESCUCHE • Frecuencia 999Hz",https://www.youtube.com/watch?v=30Wp2zgoTmU,Healing My Soul,2025-10-28,2025-11-01,108.00000000000000000000,0.20600000000000000000,-88.2,-90.3
04e7a05fcd89ab0bb94dd98410bde0a7,30Wp2zgoTmU,"PAZ, TRANQUILIDAD Y MILAGROS MANIFIESTOS DONDE SEA QUE SE ESCUCHE • Frecuencia 999Hz",https://www.youtube.com/watch?v=30Wp2zgoTmU,Healing My Soul,2025-10-28,2025-10-01,917.0000000000000000,2.12200000000000000000,,
04e7a05fcd89ab0bb94dd98410bde0a7,WGp1cpx5HBA,"432Hz + 528Hz + 741Hz | Deep Healing Frequencies, Break Unconscious Blockages & Relieve Stress",https://www.youtube.com/watch?v=WGp1cpx5HBA,Healing Resonance,2026-04-05,2026-08-01,1.00000000000000000000,0,-75.0,-100.0
04e7a05fcd89ab0bb94dd98410bde0a7,WGp1cpx5HBA,"432Hz + 528Hz + 741Hz | Deep Healing Frequencies, Break Unconscious Blockages & Relieve Stress",https://www.youtube.com/watch?v=WGp1cpx5HBA,Healing Resonance,2026-04-05,2026-07-01,4.0000000000000000,0.00900000000000000000,100.0,-47.1
04e7a05fcd89ab0bb94dd98410bde0a7,WGp1cpx5HBA,"432Hz + 528Hz + 741Hz | Deep Healing Frequencies, Break Unconscious Blockages & Relieve Stress",https://www.youtube.com/watch?v=WGp1cpx5HBA,Healing Resonance,2026-04-05,2026-06-01,2.00000000000000000000,0.01700000000000000000,-91.3,-85.2
04e7a05fcd89ab0bb94dd98410bde0a7,WGp1cpx5HBA,"432Hz + 528Hz + 741Hz | Deep Healing Frequencies, Break Unconscious Blockages & Relieve Stress",https://www.youtube.com/watch?v=WGp1cpx5HBA,Healing Resonance,2026-04-05,2026-05-01,23.00000000000000000000,0.11500000000000000000,-97.4,-98.6
04e7a05fcd89ab0bb94dd98410bde0a7,dG4zaH3iT68,Deep Healing Sleep with 432Hz + 528Hz Frequencies | Repair Body Damage & Emotional Wounds,https://www.youtube.com/watch?v=dG4zaH3iT68,Healing Resonance,2026-04-13,2026-05-01,1.00000000000000000000,0.00900000000000000000,-99.3,-98.0
04e7a05fcd89ab0bb94dd98410bde0a7,WGp1cpx5HBA,"432Hz + 528Hz + 741Hz | Deep Healing Frequencies, Break Unconscious Blockages & Relieve Stress",https://www.youtube.com/watch?v=WGp1cpx5HBA,Healing Resonance,2026-04-05,2026-04-01,899.00000000000000000000,8.28300000000000000000,,
04e7a05fcd89ab0bb94dd98410bde0a7,dG4zaH3iT68,Deep Healing Sleep with 432Hz + 528Hz Frequencies | Repair Body Damage & Emotional Wounds,https://www.youtube.com/watch?v=dG4zaH3iT68,Healing Resonance,2026-04-13,2026-04-01,150.00000000000000000000,0.45600000000000000000,,
04e7a05fcd89ab0bb94dd98410bde0a7,b60lr1V2R7g,"432Hz + 528Hz + 741Hz | Deep Healing Frequencies, Break Unconscious Blockages & Relieve Stress",https://www.youtube.com/watch?v=b60lr1V2R7g,Healing Resonance,2026-01-09,2026-02-01,1.00000000000000000000,0,-96.6,-100.0
04e7a05fcd89ab0bb94dd98410bde0a7,b60lr1V2R7g,"432Hz + 528Hz + 741Hz | Deep Healing Frequencies, Break Unconscious Blockages & Relieve Stress",https://www.youtube.com/watch?v=b60lr1V2R7g,Healing Resonance,2026-01-09,2026-01-01,29.00000000000000000000,0.28500000000000000000,,
04e7a05fcd89ab0bb94dd98410bde0a7,PzRorsyZ5Ec,"432Hz • Fall Into Deep Sleep Instantly • Melatonin Release, Stop Overthinking, Remove Insomnia",https://www.youtube.com/watch?v=PzRorsyZ5Ec,Infinite Healing Waves,2026-06-06,2026-06-01,53.00000000000000000000,0,,
04e7a05fcd89ab0bb94dd98410bde0a7,5NoyRxzuvIo,"432Hz + 528Hz • Fall Into Deep Sleep in 3 Minutes • Heal Body & Spirit, Relieve Stress",https://www.youtube.com/watch?v=5NoyRxzuvIo,Neuro Alpha Healing,2026-06-30,2026-08-01,1.00000000000000000000,0,-99.5,
04e7a05fcd89ab0bb94dd98410bde0a7,5NoyRxzuvIo,"432Hz + 528Hz • Fall Into Deep Sleep in 3 Minutes • Heal Body & Spirit, Relieve Stress",https://www.youtube.com/watch?v=5NoyRxzuvIo,Neuro Alpha Healing,2026-06-30,2026-07-01,218.00000000000000000000,0,-50.3,
04e7a05fcd89ab0bb94dd98410bde0a7,5NoyRxzuvIo,"432Hz + 528Hz • Fall Into Deep Sleep in 3 Minutes • Heal Body & Spirit, Relieve Stress",https://www.youtube.com/watch?v=5NoyRxzuvIo,Neuro Alpha Healing,2026-06-30,2026-06-01,439.0000000000000000,0,,
04e7a05fcd89ab0bb94dd98410bde0a7,ehhfRn4nDWw,Fall Asleep Now • SOOTHING MUSIC with Black Screen After 30 Min • NIGHT BEACH MUSIC,https://www.youtube.com/watch?v=ehhfRn4nDWw,Night Sleeploom,2026-06-15,2026-08-01,0.40000000000000000000,0,-97.6,
04e7a05fcd89ab0bb94dd98410bde0a7,ehhfRn4nDWw,Fall Asleep Now • SOOTHING MUSIC with Black Screen After 30 Min • NIGHT BEACH MUSIC,https://www.youtube.com/watch?v=ehhfRn4nDWw,Night Sleeploom,2026-06-15,2026-07-01,16.40000000000000000000,0,-58.2,
04e7a05fcd89ab0bb94dd98410bde0a7,fIA3nnySvF0,Sleep Deeper Tonight • CALM MUSIC & Black Screen Post 30 Min • NIGHT BEACH MUSIC,https://www.youtube.com/watch?v=fIA3nnySvF0,Night Sleeploom,2026-05-29,2026-07-01,0.90000000000000000000,0,-87.5,
04e7a05fcd89ab0bb94dd98410bde0a7,bszGUFNcPVI,Fall Asleep Fast • NO MORE Insomnia • Stress Relief • NIGHT BEACH MUSIC,https://www.youtube.com/watch?v=bszGUFNcPVI,Night Sleeploom,2026-06-03,2026-07-01,0.20000000000000000000,0,-75.0,
04e7a05fcd89ab0bb94dd98410bde0a7,bszGUFNcPVI,Fall Asleep Fast • NO MORE Insomnia • Stress Relief • NIGHT BEACH MUSIC,https://www.youtube.com/watch?v=bszGUFNcPVI,Night Sleeploom,2026-06-03,2026-06-01,0.80000000000000000000,0,,
04e7a05fcd89ab0bb94dd98410bde0a7,ehhfRn4nDWw,Fall Asleep Now • SOOTHING MUSIC with Black Screen After 30 Min • NIGHT BEACH MUSIC,https://www.youtube.com/watch?v=ehhfRn4nDWw,Night Sleeploom,2026-06-15,2026-06-01,39.20000000000000000000,0,,
04e7a05fcd89ab0bb94dd98410bde0a7,fIA3nnySvF0,Sleep Deeper Tonight • CALM MUSIC & Black Screen Post 30 Min • NIGHT BEACH MUSIC,https://www.youtube.com/watch?v=fIA3nnySvF0,Night Sleeploom,2026-05-29,2026-06-01,7.20000000000000000000,0,213.0,
04e7a05fcd89ab0bb94dd98410bde0a7,g4IavYf889k,"Relaxing Music For Deep Sleep • Reduce Stress, Anxiety & Depression • Remove Insomnia Forever",https://www.youtube.com/watch?v=g4IavYf889k,Night Sleeploom,2026-04-03,2026-06-01,0.10000000000000000000,0,,
04e7a05fcd89ab0bb94dd98410bde0a7,LYH9qeLqtvw,Fall Asleep Fast: GENTLE MUSIC with Black Screen After 30 Min,https://www.youtube.com/watch?v=LYH9qeLqtvw,Night Sleeploom,2026-04-17,2026-06-01,0.10000000000000000000,0,,
04e7a05fcd89ab0bb94dd98410bde0a7,LYH9qeLqtvw,Fall Asleep Fast: GENTLE MUSIC with Black Screen After 30 Min,https://www.youtube.com/watch?v=LYH9qeLqtvw,Night Sleeploom,2026-04-17,2026-05-01,0,0,,
04e7a05fcd89ab0bb94dd98410bde0a7,DSbhFwPvjAc,"DEEP SLEEP in 5 Minutes • Melatonin Release, Increase Deep Sleep • GOODBYE Insomnia",https://www.youtube.com/watch?v=DSbhFwPvjAc,Night Sleeploom,2026-05-22,2026-05-01,0.10000000000000000000,0,,
04e7a05fcd89ab0bb94dd98410bde0a7,fIA3nnySvF0,Sleep Deeper Tonight • CALM MUSIC & Black Screen Post 30 Min • NIGHT BEACH MUSIC,https://www.youtube.com/watch?v=fIA3nnySvF0,Night Sleeploom,2026-05-29,2026-05-01,2.30000000000000000000,0,,
04e7a05fcd89ab0bb94dd98410bde0a7,g4IavYf889k,"Relaxing Music For Deep Sleep • Reduce Stress, Anxiety & Depression • Remove Insomnia Forever",https://www.youtube.com/watch?v=g4IavYf889k,Night Sleeploom,2026-04-03,2026-05-01,0,0,-100.0,
04e7a05fcd89ab0bb94dd98410bde0a7,g4IavYf889k,"Relaxing Music For Deep Sleep • Reduce Stress, Anxiety & Depression • Remove Insomnia Forever",https://www.youtube.com/watch?v=g4IavYf889k,Night Sleeploom,2026-04-03,2026-04-01,0.30000000000000000000,0,,
04e7a05fcd89ab0bb94dd98410bde0a7,LYH9qeLqtvw,Fall Asleep Fast: GENTLE MUSIC with Black Screen After 30 Min,https://www.youtube.com/watch?v=LYH9qeLqtvw,Night Sleeploom,2026-04-17,2026-04-01,0,0,,
04e7a05fcd89ab0bb94dd98410bde0a7,I7yMAUy7A5M,432Hz Alpha Waves Heal Your Mind & Body | Soothing Healing Music for Deep Relaxation & Recovery,https://www.youtube.com/watch?v=I7yMAUy7A5M,Pure Healing Energy,2025-02-24,2026-08-01,0.50000000000000000000,0.00070000000000000000,-75.0,-94.3
04e7a05fcd89ab0bb94dd98410bde0a7,I7yMAUy7A5M,432Hz Alpha Waves Heal Your Mind & Body | Soothing Healing Music for Deep Relaxation & Recovery,https://www.youtube.com/watch?v=I7yMAUy7A5M,Pure Healing Energy,2025-02-24,2026-07-01,2.00000000000000000000,0.01230000000000000000,-4.8,105.0
04e7a05fcd89ab0bb94dd98410bde0a7,I7yMAUy7A5M,432Hz Alpha Waves Heal Your Mind & Body | Soothing Healing Music for Deep Relaxation & Recovery,https://www.youtube.com/watch?v=I7yMAUy7A5M,Pure Healing Energy,2025-02-24,2026-06-01,2.10000000000000000000,0.006000000000000000000000,-30.0,-10.4
04e7a05fcd89ab0bb94dd98410bde0a7,I7yMAUy7A5M,432Hz Alpha Waves Heal Your Mind & Body | Soothing Healing Music for Deep Relaxation & Recovery,https://www.youtube.com/watch?v=I7yMAUy7A5M,Pure Healing Energy,2025-02-24,2026-05-01,3.00000000000000000000,0.006700000000000000000000,-48.3,-73.4
04e7a05fcd89ab0bb94dd98410bde0a7,I7yMAUy7A5M,432Hz Alpha Waves Heal Your Mind & Body | Soothing Healing Music for Deep Relaxation & Recovery,https://www.youtube.com/watch?v=I7yMAUy7A5M,Pure Healing Energy,2025-02-24,2026-04-01,5.80000000000000000000,0.025200000000000000000000,-9.4,-42.5
04e7a05fcd89ab0bb94dd98410bde0a7,I7yMAUy7A5M,432Hz Alpha Waves Heal Your Mind & Body | Soothing Healing Music for Deep Relaxation & Recovery,https://www.youtube.com/watch?v=I7yMAUy7A5M,Pure Healing Energy,2025-02-24,2026-03-01,6.40000000000000000000,0.043800000000000000000000,6.7,71.8
04e7a05fcd89ab0bb94dd98410bde0a7,I7yMAUy7A5M,432Hz Alpha Waves Heal Your Mind & Body | Soothing Healing Music for Deep Relaxation & Recovery,https://www.youtube.com/watch?v=I7yMAUy7A5M,Pure Healing Energy,2025-02-24,2026-02-01,6.00000000000000000000,0.025500000000000000000000,-38.1,-53.4
04e7a05fcd89ab0bb94dd98410bde0a7,I7yMAUy7A5M,432Hz Alpha Waves Heal Your Mind & Body | Soothing Healing Music for Deep Relaxation & Recovery,https://www.youtube.com/watch?v=I7yMAUy7A5M,Pure Healing Energy,2025-02-24,2026-01-01,9.70000000000000000000,0.05470000000000000000,34.7,70.9
04e7a05fcd89ab0bb94dd98410bde0a7,I7yMAUy7A5M,432Hz Alpha Waves Heal Your Mind & Body | Soothing Healing Music for Deep Relaxation & Recovery,https://www.youtube.com/watch?v=I7yMAUy7A5M,Pure Healing Energy,2025-02-24,2025-12-01,7.20000000000000000000,0.032000000000000000000000,-44.6,-53.1
04e7a05fcd89ab0bb94dd98410bde0a7,I7yMAUy7A5M,432Hz Alpha Waves Heal Your Mind & Body | Soothing Healing Music for Deep Relaxation & Recovery,https://www.youtube.com/watch?v=I7yMAUy7A5M,Pure Healing Energy,2025-02-24,2025-11-01,13.00000000000000000000,0.068300000000000000000000,46.1,76.9
04e7a05fcd89ab0bb94dd98410bde0a7,I7yMAUy7A5M,432Hz Alpha Waves Heal Your Mind & Body | Soothing Healing Music for Deep Relaxation & Recovery,https://www.youtube.com/watch?v=I7yMAUy7A5M,Pure Healing Energy,2025-02-24,2025-10-01,8.90000000000000000000,0.038600000000000000000000,-73.8,-73.5
04e7a05fcd89ab0bb94dd98410bde0a7,I7yMAUy7A5M,432Hz Alpha Waves Heal Your Mind & Body | Soothing Healing Music for Deep Relaxation & Recovery,https://www.youtube.com/watch?v=I7yMAUy7A5M,Pure Healing Energy,2025-02-24,2025-09-01,34.00000000000000000000,0.14550000000000000000,-30.6,-31.6
04e7a05fcd89ab0bb94dd98410bde0a7,I7yMAUy7A5M,432Hz Alpha Waves Heal Your Mind & Body | Soothing Healing Music for Deep Relaxation & Recovery,https://www.youtube.com/watch?v=I7yMAUy7A5M,Pure Healing Energy,2025-02-24,2025-08-01,49.00000000000000000000,0.21280000000000000000,-50.1,-61.2
04e7a05fcd89ab0bb94dd98410bde0a7,I7yMAUy7A5M,432Hz Alpha Waves Heal Your Mind & Body | Soothing Healing Music for Deep Relaxation & Recovery,https://www.youtube.com/watch?v=I7yMAUy7A5M,Pure Healing Energy,2025-02-24,2025-07-01,98.2000000000000000,0.54910000000000000000,25.4,43.0
04e7a05fcd89ab0bb94dd98410bde0a7,I7yMAUy7A5M,432Hz Alpha Waves Heal Your Mind & Body | Soothing Healing Music for Deep Relaxation & Recovery,https://www.youtube.com/watch?v=I7yMAUy7A5M,Pure Healing Energy,2025-02-24,2025-06-01,78.3000000000000000,0.38410000000000000000,,
04e7a05fcd89ab0bb94dd98410bde0a7,kvVuNnOFN6Y,432Hz + 528Hz  | The Deepest Healing Sleep: Full Body Regeneration and Stress Reduction #1,https://www.youtube.com/watch?v=kvVuNnOFN6Y,Sleep Healing Sounds,2026-06-19,2026-08-01,1.00000000000000000000,0,,
04e7a05fcd89ab0bb94dd98410bde0a7,6ZU4esbVqfY,"(No Ads) Reiki Music For Sleep in 3 Minutes - Heal Your Subconscious Body And Mind, Remove Insomnia",https://www.youtube.com/watch?v=6ZU4esbVqfY,Sleep Mind Music,2026-06-17,2026-08-01,10.00000000000000000000,0.12100000000000000000,-92.5,-82.9
04e7a05fcd89ab0bb94dd98410bde0a7,6ZU4esbVqfY,"(No Ads) Reiki Music For Sleep in 3 Minutes - Heal Your Subconscious Body And Mind, Remove Insomnia",https://www.youtube.com/watch?v=6ZU4esbVqfY,Sleep Mind Music,2026-06-17,2026-07-01,133.00000000000000000000,0.709000000000000000000000,-94.4,-95.9
04e7a05fcd89ab0bb94dd98410bde0a7,6ZU4esbVqfY,"(No Ads) Reiki Music For Sleep in 3 Minutes - Heal Your Subconscious Body And Mind, Remove Insomnia",https://www.youtube.com/watch?v=6ZU4esbVqfY,Sleep Mind Music,2026-06-17,2026-06-01,2368.0000000000000000,17.39200000000000000000,,
04e7a05fcd89ab0bb94dd98410bde0a7,PpKo1AMAzpM,"Alivio del estrés y la ansiedad - Emociones negativas de desintoxicación, curativa para dormir",https://www.youtube.com/watch?v=PpKo1AMAzpM,Tranquil Music,2025-11-03,2026-08-01,104.8000000000000000,1.69660000000000000000,-51.5,-28.4
04e7a05fcd89ab0bb94dd98410bde0a7,0_n7gCPH1Fw,Alivio del estrés y la ansiedad - Emociones negativas de desintoxicación - Curativa para dormir #110,https://www.youtube.com/watch?v=0_n7gCPH1Fw,Tranquil Music,2026-07-01,2026-08-01,10.80000000000000000000,0.21700000000000000000,-95.7,-92.6
04e7a05fcd89ab0bb94dd98410bde0a7,0_n7gCPH1Fw,Alivio del estrés y la ansiedad - Emociones negativas de desintoxicación - Curativa para dormir #110,https://www.youtube.com/watch?v=0_n7gCPH1Fw,Tranquil Music,2026-07-01,2026-07-01,250.20000000000000000000,2.92200000000000000000,34.7,32.3
04e7a05fcd89ab0bb94dd98410bde0a7,PpKo1AMAzpM,"Alivio del estrés y la ansiedad - Emociones negativas de desintoxicación, curativa para dormir",https://www.youtube.com/watch?v=PpKo1AMAzpM,Tranquil Music,2025-11-03,2026-07-01,216.0000000000000000,2.37100000000000000000,6.3,18.4
04e7a05fcd89ab0bb94dd98410bde0a7,olXv2LTV8-w,"Sanación de todo el cuerpo • Sanación del estrés, la ansiedad y la depresión • Meditación/Relajación",https://www.youtube.com/watch?v=olXv2LTV8-w,Tranquil Music,2025-09-08,2026-07-01,0,0,,
04e7a05fcd89ab0bb94dd98410bde0a7,0_n7gCPH1Fw,Alivio del estrés y la ansiedad - Emociones negativas de desintoxicación - Curativa para dormir #110,https://www.youtube.com/watch?v=0_n7gCPH1Fw,Tranquil Music,2026-07-01,2026-06-01,185.8000000000000000,2.20780000000000000000,,
04e7a05fcd89ab0bb94dd98410bde0a7,PpKo1AMAzpM,"Alivio del estrés y la ansiedad - Emociones negativas de desintoxicación, curativa para dormir",https://www.youtube.com/watch?v=PpKo1AMAzpM,Tranquil Music,2025-11-03,2026-06-01,203.2000000000000000,2.00180000000000000000,-5.0,-11.6
04e7a05fcd89ab0bb94dd98410bde0a7,olXv2LTV8-w,"Sanación de todo el cuerpo • Sanación del estrés, la ansiedad y la depresión • Meditación/Relajación",https://www.youtube.com/watch?v=olXv2LTV8-w,Tranquil Music,2025-09-08,2026-06-01,0,0,,
04e7a05fcd89ab0bb94dd98410bde0a7,PpKo1AMAzpM,"Alivio del estrés y la ansiedad - Emociones negativas de desintoxicación, curativa para dormir",https://www.youtube.com/watch?v=PpKo1AMAzpM,Tranquil Music,2025-11-03,2026-05-01,213.8000000000000000,2.26480000000000000000,-30.8,-38.3
04e7a05fcd89ab0bb94dd98410bde0a7,olXv2LTV8-w,"Sanación de todo el cuerpo • Sanación del estrés, la ansiedad y la depresión • Meditación/Relajación",https://www.youtube.com/watch?v=olXv2LTV8-w,Tranquil Music,2025-09-08,2026-05-01,0,0,,
04e7a05fcd89ab0bb94dd98410bde0a7,PpKo1AMAzpM,"Alivio del estrés y la ansiedad - Emociones negativas de desintoxicación, curativa para dormir",https://www.youtube.com/watch?v=PpKo1AMAzpM,Tranquil Music,2025-11-03,2026-04-01,309.0000000000000000,3.66840000000000000000,-14.4,-13.8
04e7a05fcd89ab0bb94dd98410bde0a7,olXv2LTV8-w,"Sanación de todo el cuerpo • Sanación del estrés, la ansiedad y la depresión • Meditación/Relajación",https://www.youtube.com/watch?v=olXv2LTV8-w,Tranquil Music,2025-09-08,2026-04-01,0,0,,
04e7a05fcd89ab0bb94dd98410bde0a7,PpKo1AMAzpM,"Alivio del estrés y la ansiedad - Emociones negativas de desintoxicación, curativa para dormir",https://www.youtube.com/watch?v=PpKo1AMAzpM,Tranquil Music,2025-11-03,2026-03-01,361.0000000000000000,4.25780000000000000000,50.4,126.9
04e7a05fcd89ab0bb94dd98410bde0a7,olXv2LTV8-w,"Sanación de todo el cuerpo • Sanación del estrés, la ansiedad y la depresión • Meditación/Relajación",https://www.youtube.com/watch?v=olXv2LTV8-w,Tranquil Music,2025-09-08,2026-03-01,0,0,,
04e7a05fcd89ab0bb94dd98410bde0a7,PpKo1AMAzpM,"Alivio del estrés y la ansiedad - Emociones negativas de desintoxicación, curativa para dormir",https://www.youtube.com/watch?v=PpKo1AMAzpM,Tranquil Music,2025-11-03,2026-02-01,240.0000000000000000,1.87620000000000000000,-21.1,-6.3
04e7a05fcd89ab0bb94dd98410bde0a7,olXv2LTV8-w,"Sanación de todo el cuerpo • Sanación del estrés, la ansiedad y la depresión • Meditación/Relajación",https://www.youtube.com/watch?v=olXv2LTV8-w,Tranquil Music,2025-09-08,2026-02-01,0,0,,
04e7a05fcd89ab0bb94dd98410bde0a7,PpKo1AMAzpM,"Alivio del estrés y la ansiedad - Emociones negativas de desintoxicación, curativa para dormir",https://www.youtube.com/watch?v=PpKo1AMAzpM,Tranquil Music,2025-11-03,2026-01-01,304.2000000000000000,2.00140000000000000000,-38.1,-7.0
04e7a05fcd89ab0bb94dd98410bde0a7,olXv2LTV8-w,"Sanación de todo el cuerpo • Sanación del estrés, la ansiedad y la depresión • Meditación/Relajación",https://www.youtube.com/watch?v=olXv2LTV8-w,Tranquil Music,2025-09-08,2026-01-01,0,0,,
04e7a05fcd89ab0bb94dd98410bde0a7,PpKo1AMAzpM,"Alivio del estrés y la ansiedad - Emociones negativas de desintoxicación, curativa para dormir",https://www.youtube.com/watch?v=PpKo1AMAzpM,Tranquil Music,2025-11-03,2025-12-01,491.4000000000000000,2.15320000000000000000,50.6,-28.3
04e7a05fcd89ab0bb94dd98410bde0a7,olXv2LTV8-w,"Sanación de todo el cuerpo • Sanación del estrés, la ansiedad y la depresión • Meditación/Relajación",https://www.youtube.com/watch?v=olXv2LTV8-w,Tranquil Music,2025-09-08,2025-12-01,0,0,-100.0,-100.0
04e7a05fcd89ab0bb94dd98410bde0a7,PpKo1AMAzpM,"Alivio del estrés y la ansiedad - Emociones negativas de desintoxicación, curativa para dormir",https://www.youtube.com/watch?v=PpKo1AMAzpM,Tranquil Music,2025-11-03,2025-11-01,326.2000000000000000,3.00340000000000000000,,
04e7a05fcd89ab0bb94dd98410bde0a7,olXv2LTV8-w,"Sanación de todo el cuerpo • Sanación del estrés, la ansiedad y la depresión • Meditación/Relajación",https://www.youtube.com/watch?v=olXv2LTV8-w,Tranquil Music,2025-09-08,2025-11-01,26.6000000000000000,0.28520000000000000000,-96.4,-97.4
04e7a05fcd89ab0bb94dd98410bde0a7,olXv2LTV8-w,"Sanación de todo el cuerpo • Sanación del estrés, la ansiedad y la depresión • Meditación/Relajación",https://www.youtube.com/watch?v=olXv2LTV8-w,Tranquil Music,2025-09-08,2025-10-01,744.8000000000000000,10.95780000000000000000,-2.4,14.5
04e7a05fcd89ab0bb94dd98410bde0a7,olXv2LTV8-w,"Sanación de todo el cuerpo • Sanación del estrés, la ansiedad y la depresión • Meditación/Relajación",https://www.youtube.com/watch?v=olXv2LTV8-w,Tranquil Music,2025-09-08,2025-09-01,763.2000000000000000,9.57000000000000000000,,
04e7a05fcd89ab0bb94dd98410bde0a7,Q_YVjOo9GFw,Deep Sleep Healing Music | 432Hz Alpha Waves to Repair Body and Release Toxins,https://www.youtube.com/watch?v=Q_YVjOo9GFw,Transform your life,2025-04-20,2026-08-01,12578.0000000000000000,62.91500000000000000000,-63.7,-62.1
04e7a05fcd89ab0bb94dd98410bde0a7,XFq7_acxg2g,"432Hz- Fall Into Deep Healing Sleep, Heal Damage In The Body, Emotional & Physical Healing",https://www.youtube.com/watch?v=XFq7_acxg2g,Transform your life,2025-04-23,2026-08-01,154.00000000000000000000,1.33500000000000000000,-46.9,-37.4
04e7a05fcd89ab0bb94dd98410bde0a7,Q_YVjOo9GFw,Deep Sleep Healing Music | 432Hz Alpha Waves to Repair Body and Release Toxins,https://www.youtube.com/watch?v=Q_YVjOo9GFw,Transform your life,2025-04-20,2026-07-01,34649.0000000000000000,166.02000000000000000000,-3.3,-9.2
04e7a05fcd89ab0bb94dd98410bde0a7,XFq7_acxg2g,"432Hz- Fall Into Deep Healing Sleep, Heal Damage In The Body, Emotional & Physical Healing",https://www.youtube.com/watch?v=XFq7_acxg2g,Transform your life,2025-04-23,2026-07-01,290.00000000000000000000,2.13100000000000000000,-2.7,1.6
04e7a05fcd89ab0bb94dd98410bde0a7,Q_YVjOo9GFw,Deep Sleep Healing Music | 432Hz Alpha Waves to Repair Body and Release Toxins,https://www.youtube.com/watch?v=Q_YVjOo9GFw,Transform your life,2025-04-20,2026-06-01,35849.0000000000000000,182.91200000000000000000,-36.3,-40.4
04e7a05fcd89ab0bb94dd98410bde0a7,XFq7_acxg2g,"432Hz- Fall Into Deep Healing Sleep, Heal Damage In The Body, Emotional & Physical Healing",https://www.youtube.com/watch?v=XFq7_acxg2g,Transform your life,2025-04-23,2026-06-01,298.00000000000000000000,2.09800000000000000000,-2.9,-18.8
04e7a05fcd89ab0bb94dd98410bde0a7,Q_YVjOo9GFw,Deep Sleep Healing Music | 432Hz Alpha Waves to Repair Body and Release Toxins,https://www.youtube.com/watch?v=Q_YVjOo9GFw,Transform your life,2025-04-20,2026-05-01,56243.0000000000000000,306.81200000000000000000,-17.3,-19.4
04e7a05fcd89ab0bb94dd98410bde0a7,XFq7_acxg2g,"432Hz- Fall Into Deep Healing Sleep, Heal Damage In The Body, Emotional & Physical Healing",https://www.youtube.com/watch?v=XFq7_acxg2g,Transform your life,2025-04-23,2026-05-01,307.00000000000000000000,2.58400000000000000000,-12.3,28.6
04e7a05fcd89ab0bb94dd98410bde0a7,Q_YVjOo9GFw,Deep Sleep Healing Music | 432Hz Alpha Waves to Repair Body and Release Toxins,https://www.youtube.com/watch?v=Q_YVjOo9GFw,Transform your life,2025-04-20,2026-04-01,68025.0000000000000000,380.84300000000000000000,-12.1,-17.6
04e7a05fcd89ab0bb94dd98410bde0a7,XFq7_acxg2g,"432Hz- Fall Into Deep Healing Sleep, Heal Damage In The Body, Emotional & Physical Healing",https://www.youtube.com/watch?v=XFq7_acxg2g,Transform your life,2025-04-23,2026-04-01,350.00000000000000000000,2.00900000000000000000,-9.8,-21.4
04e7a05fcd89ab0bb94dd98410bde0a7,Q_YVjOo9GFw,Deep Sleep Healing Music | 432Hz Alpha Waves to Repair Body and Release Toxins,https://www.youtube.com/watch?v=Q_YVjOo9GFw,Transform your life,2025-04-20,2026-03-01,77361.0000000000000000,462.32100000000000000000,23.7,38.1
04e7a05fcd89ab0bb94dd98410bde0a7,XFq7_acxg2g,"432Hz- Fall Into Deep Healing Sleep, Heal Damage In The Body, Emotional & Physical Healing",https://www.youtube.com/watch?v=XFq7_acxg2g,Transform your life,2025-04-23,2026-03-01,388.00000000000000000000,2.55500000000000000000,-4.4,2.0
04e7a05fcd89ab0bb94dd98410bde0a7,Q_YVjOo9GFw,Deep Sleep Healing Music | 432Hz Alpha Waves to Repair Body and Release Toxins,https://www.youtube.com/watch?v=Q_YVjOo9GFw,Transform your life,2025-04-20,2026-02-01,62535.0000000000000000,334.76500000000000000000,-17.8,2.2
04e7a05fcd89ab0bb94dd98410bde0a7,XFq7_acxg2g,"432Hz- Fall Into Deep Healing Sleep, Heal Damage In The Body, Emotional & Physical Healing",https://www.youtube.com/watch?v=XFq7_acxg2g,Transform your life,2025-04-23,2026-02-01,406.00000000000000000000,2.50400000000000000000,-21.9,-5.0
04e7a05fcd89ab0bb94dd98410bde0a7,Q_YVjOo9GFw,Deep Sleep Healing Music | 432Hz Alpha Waves to Repair Body and Release Toxins,https://www.youtube.com/watch?v=Q_YVjOo9GFw,Transform your life,2025-04-20,2026-01-01,76119.0000000000000000,327.56200000000000000000,-39.2,-36.4
04e7a05fcd89ab0bb94dd98410bde0a7,XFq7_acxg2g,"432Hz- Fall Into Deep Healing Sleep, Heal Damage In The Body, Emotional & Physical Healing",https://www.youtube.com/watch?v=XFq7_acxg2g,Transform your life,2025-04-23,2026-01-01,520.00000000000000000000,2.63600000000000000000,-11.0,-22.0
04e7a05fcd89ab0bb94dd98410bde0a7,Q_YVjOo9GFw,Deep Sleep Healing Music | 432Hz Alpha Waves to Repair Body and Release Toxins,https://www.youtube.com/watch?v=Q_YVjOo9GFw,Transform your life,2025-04-20,2025-12-01,125101.0000000000000000,514.93700000000000000000,-2.1,-0.5
04e7a05fcd89ab0bb94dd98410bde0a7,XFq7_acxg2g,"432Hz- Fall Into Deep Healing Sleep, Heal Damage In The Body, Emotional & Physical Healing",https://www.youtube.com/watch?v=XFq7_acxg2g,Transform your life,2025-04-23,2025-12-01,584.0000000000000000,3.37800000000000000000,-41.9,-41.7
04e7a05fcd89ab0bb94dd98410bde0a7,Q_YVjOo9GFw,Deep Sleep Healing Music | 432Hz Alpha Waves to Repair Body and Release Toxins,https://www.youtube.com/watch?v=Q_YVjOo9GFw,Transform your life,2025-04-20,2025-11-01,127722.0000000000000000,517.72400000000000000000,-21.9,-24.1
04e7a05fcd89ab0bb94dd98410bde0a7,XFq7_acxg2g,"432Hz- Fall Into Deep Healing Sleep, Heal Damage In The Body, Emotional & Physical Healing",https://www.youtube.com/watch?v=XFq7_acxg2g,Transform your life,2025-04-23,2025-11-01,1005.0000000000000000,5.79000000000000000000,-56.5,-54.9
04e7a05fcd89ab0bb94dd98410bde0a7,Q_YVjOo9GFw,Deep Sleep Healing Music | 432Hz Alpha Waves to Repair Body and Release Toxins,https://www.youtube.com/watch?v=Q_YVjOo9GFw,Transform your life,2025-04-20,2025-10-01,163498.0000000000000000,682.1810000000000000,-22.9,-31.4
04e7a05fcd89ab0bb94dd98410bde0a7,XFq7_acxg2g,"432Hz- Fall Into Deep Healing Sleep, Heal Damage In The Body, Emotional & Physical Healing",https://www.youtube.com/watch?v=XFq7_acxg2g,Transform your life,2025-04-23,2025-10-01,2308.0000000000000000,12.85200000000000000000,-80.8,-81.4
04e7a05fcd89ab0bb94dd98410bde0a7,Q_YVjOo9GFw,Deep Sleep Healing Music | 432Hz Alpha Waves to Repair Body and Release Toxins,https://www.youtube.com/watch?v=Q_YVjOo9GFw,Transform your life,2025-04-20,2025-09-01,211943.0000000000000000,994.5670000000000000,-29.6,-21.0
04e7a05fcd89ab0bb94dd98410bde0a7,XFq7_acxg2g,"432Hz- Fall Into Deep Healing Sleep, Heal Damage In The Body, Emotional & Physical Healing",https://www.youtube.com/watch?v=XFq7_acxg2g,Transform your life,2025-04-23,2025-09-01,12050.0000000000000000,68.96500000000000000000,-78.4,-70.3
04e7a05fcd89ab0bb94dd98410bde0a7,Q_YVjOo9GFw,Deep Sleep Healing Music | 432Hz Alpha Waves to Repair Body and Release Toxins,https://www.youtube.com/watch?v=Q_YVjOo9GFw,Transform your life,2025-04-20,2025-08-01,301172.0000000000000000,1259.4700000000000000,26.8,29.3
04e7a05fcd89ab0bb94dd98410bde0a7,XFq7_acxg2g,"432Hz- Fall Into Deep Healing Sleep, Heal Damage In The Body, Emotional & Physical Healing",https://www.youtube.com/watch?v=XFq7_acxg2g,Transform your life,2025-04-23,2025-08-01,55741.0000000000000000,232.53000000000000000000,-47.4,-49.3
04e7a05fcd89ab0bb94dd98410bde0a7,Q_YVjOo9GFw,Deep Sleep Healing Music | 432Hz Alpha Waves to Repair Body and Release Toxins,https://www.youtube.com/watch?v=Q_YVjOo9GFw,Transform your life,2025-04-20,2025-07-01,237511.0000000000000000,973.8050000000000000,-8.6,-16.0
04e7a05fcd89ab0bb94dd98410bde0a7,XFq7_acxg2g,"432Hz- Fall Into Deep Healing Sleep, Heal Damage In The Body, Emotional & Physical Healing",https://www.youtube.com/watch?v=XFq7_acxg2g,Transform your life,2025-04-23,2025-07-01,105897.0000000000000000,459.01800000000000000000,-15.6,-24.2
04e7a05fcd89ab0bb94dd98410bde0a7,Q_YVjOo9GFw,Deep Sleep Healing Music | 432Hz Alpha Waves to Repair Body and Release Toxins,https://www.youtube.com/watch?v=Q_YVjOo9GFw,Transform your life,2025-04-20,2025-06-01,259805.0000000000000000,1159.6910000000000000,,
04e7a05fcd89ab0bb94dd98410bde0a7,XFq7_acxg2g,"432Hz- Fall Into Deep Healing Sleep, Heal Damage In The Body, Emotional & Physical Healing",https://www.youtube.com/watch?v=XFq7_acxg2g,Transform your life,2025-04-23,2025-06-01,125479.0000000000000000,605.91400000000000000000,,
0591e5d3477962b712e92bcc0cc50e30,goGNSaRSlmU,"PEACE: Instrumental Worship, Prayer Music with Nature🌿CHRISTIAN Piano",https://www.youtube.com/watch?v=goGNSaRSlmU,CHRISTIAN Piano,2025-03-08,2026-07-01,78.00000000000000000000,0.169200000000000000000000,71.1,-58.3
0591e5d3477962b712e92bcc0cc50e30,uJ0zQgFoQgw,Speak Lord: 3 Hour Piano Instrumental Music With Scriptures 🌿 CHRISTIAN piano,https://www.youtube.com/watch?v=uJ0zQgFoQgw,CHRISTIAN Piano,2025-03-14,2026-07-01,2.80000000000000000000,0.00410000000000000000,460.0,
0591e5d3477962b712e92bcc0cc50e30,goGNSaRSlmU,"PEACE: Instrumental Worship, Prayer Music with Nature🌿CHRISTIAN Piano",https://www.youtube.com/watch?v=goGNSaRSlmU,CHRISTIAN Piano,2025-03-08,2026-06-01,45.60000000000000000000,0.405600000000000000000000,137.5,231.4
0591e5d3477962b712e92bcc0cc50e30,uJ0zQgFoQgw,Speak Lord: 3 Hour Piano Instrumental Music With Scriptures 🌿 CHRISTIAN piano,https://www.youtube.com/watch?v=uJ0zQgFoQgw,CHRISTIAN Piano,2025-03-14,2026-06-01,0.50000000000000000000,0,25.0,
0591e5d3477962b712e92bcc0cc50e30,goGNSaRSlmU,"PEACE: Instrumental Worship, Prayer Music with Nature🌿CHRISTIAN Piano",https://www.youtube.com/watch?v=goGNSaRSlmU,CHRISTIAN Piano,2025-03-08,2026-05-01,19.20000000000000000000,0.122400000000000000000000,128.6,-20.9
0591e5d3477962b712e92bcc0cc50e30,uJ0zQgFoQgw,Speak Lord: 3 Hour Piano Instrumental Music With Scriptures 🌿 CHRISTIAN piano,https://www.youtube.com/watch?v=uJ0zQgFoQgw,CHRISTIAN Piano,2025-03-14,2026-05-01,0.40000000000000000000,0,100.0,-100.0
0591e5d3477962b712e92bcc0cc50e30,goGNSaRSlmU,"PEACE: Instrumental Worship, Prayer Music with Nature🌿CHRISTIAN Piano",https://www.youtube.com/watch?v=goGNSaRSlmU,CHRISTIAN Piano,2025-03-08,2026-04-01,8.40000000000000000000,0.154800000000000000000000,-22.2,561.5
0591e5d3477962b712e92bcc0cc50e30,uJ0zQgFoQgw,Speak Lord: 3 Hour Piano Instrumental Music With Scriptures 🌿 CHRISTIAN piano,https://www.youtube.com/watch?v=uJ0zQgFoQgw,CHRISTIAN Piano,2025-03-14,2026-04-01,0.20000000000000000000,0.00190000000000000000,,
0591e5d3477962b712e92bcc0cc50e30,goGNSaRSlmU,"PEACE: Instrumental Worship, Prayer Music with Nature🌿CHRISTIAN Piano",https://www.youtube.com/watch?v=goGNSaRSlmU,CHRISTIAN Piano,2025-03-08,2026-03-01,10.80000000000000000000,0.023400000000000000000000,-47.1,-75.2
0591e5d3477962b712e92bcc0cc50e30,uJ0zQgFoQgw,Speak Lord: 3 Hour Piano Instrumental Music With Scriptures 🌿 CHRISTIAN piano,https://www.youtube.com/watch?v=uJ0zQgFoQgw,CHRISTIAN Piano,2025-03-14,2026-03-01,0,0,-100.0,
0591e5d3477962b712e92bcc0cc50e30,goGNSaRSlmU,"PEACE: Instrumental Worship, Prayer Music with Nature🌿CHRISTIAN Piano",https://www.youtube.com/watch?v=goGNSaRSlmU,CHRISTIAN Piano,2025-03-08,2026-02-01,20.40000000000000000000,0.094200000000000000000000,-43.3,25.6
0591e5d3477962b712e92bcc0cc50e30,uJ0zQgFoQgw,Speak Lord: 3 Hour Piano Instrumental Music With Scriptures 🌿 CHRISTIAN piano,https://www.youtube.com/watch?v=uJ0zQgFoQgw,CHRISTIAN Piano,2025-03-14,2026-02-01,1.00000000000000000000,0,-16.7,-100.0
0591e5d3477962b712e92bcc0cc50e30,goGNSaRSlmU,"PEACE: Instrumental Worship, Prayer Music with Nature🌿CHRISTIAN Piano",https://www.youtube.com/watch?v=goGNSaRSlmU,CHRISTIAN Piano,2025-03-08,2026-01-01,36.00000000000000000000,0.075000000000000000000000,57.9,-71.3
0591e5d3477962b712e92bcc0cc50e30,uJ0zQgFoQgw,Speak Lord: 3 Hour Piano Instrumental Music With Scriptures 🌿 CHRISTIAN piano,https://www.youtube.com/watch?v=uJ0zQgFoQgw,CHRISTIAN Piano,2025-03-14,2026-01-01,1.20000000000000000000,0.000400000000000000000000,-14.3,
0591e5d3477962b712e92bcc0cc50e30,goGNSaRSlmU,"PEACE: Instrumental Worship, Prayer Music with Nature🌿CHRISTIAN Piano",https://www.youtube.com/watch?v=goGNSaRSlmU,CHRISTIAN Piano,2025-03-08,2025-12-01,22.80000000000000000000,0.261600000000000000000000,137.5,707.4
0591e5d3477962b712e92bcc0cc50e30,uJ0zQgFoQgw,Speak Lord: 3 Hour Piano Instrumental Music With Scriptures 🌿 CHRISTIAN piano,https://www.youtube.com/watch?v=uJ0zQgFoQgw,CHRISTIAN Piano,2025-03-14,2025-12-01,1.40000000000000000000,0,600.0,-100.0
0591e5d3477962b712e92bcc0cc50e30,uJ0zQgFoQgw,Speak Lord: 3 Hour Piano Instrumental Music With Scriptures 🌿 CHRISTIAN piano,https://www.youtube.com/watch?v=uJ0zQgFoQgw,CHRISTIAN Piano,2025-03-14,2025-11-01,0.20000000000000000000,0.03760000000000000000,-71.4,20.5
0591e5d3477962b712e92bcc0cc50e30,goGNSaRSlmU,"PEACE: Instrumental Worship, Prayer Music with Nature🌿CHRISTIAN Piano",https://www.youtube.com/watch?v=goGNSaRSlmU,CHRISTIAN Piano,2025-03-08,2025-11-01,9.60000000000000000000,0.032400000000000000000000,-23.8,0.0
0591e5d3477962b712e92bcc0cc50e30,goGNSaRSlmU,"PEACE: Instrumental Worship, Prayer Music with Nature🌿CHRISTIAN Piano",https://www.youtube.com/watch?v=goGNSaRSlmU,CHRISTIAN Piano,2025-03-08,2025-10-01,12.60000000000000000000,0.032400000000000000000000,-12.5,-77.8
0591e5d3477962b712e92bcc0cc50e30,uJ0zQgFoQgw,Speak Lord: 3 Hour Piano Instrumental Music With Scriptures 🌿 CHRISTIAN piano,https://www.youtube.com/watch?v=uJ0zQgFoQgw,CHRISTIAN Piano,2025-03-14,2025-10-01,0.70000000000000000000,0.03120000000000000000,0.0,16.0
0591e5d3477962b712e92bcc0cc50e30,goGNSaRSlmU,"PEACE: Instrumental Worship, Prayer Music with Nature🌿CHRISTIAN Piano",https://www.youtube.com/watch?v=goGNSaRSlmU,CHRISTIAN Piano,2025-03-08,2025-09-01,14.40000000000000000000,0.145800000000000000000000,-27.3,-8.6
0591e5d3477962b712e92bcc0cc50e30,uJ0zQgFoQgw,Speak Lord: 3 Hour Piano Instrumental Music With Scriptures 🌿 CHRISTIAN piano,https://www.youtube.com/watch?v=uJ0zQgFoQgw,CHRISTIAN Piano,2025-03-14,2025-09-01,0.70000000000000000000,0.02690000000000000000,-41.7,-36.0
0591e5d3477962b712e92bcc0cc50e30,goGNSaRSlmU,"PEACE: Instrumental Worship, Prayer Music with Nature🌿CHRISTIAN Piano",https://www.youtube.com/watch?v=goGNSaRSlmU,CHRISTIAN Piano,2025-03-08,2025-08-01,19.80000000000000000000,0.159600000000000000000000,6.5,22.0
0591e5d3477962b712e92bcc0cc50e30,uJ0zQgFoQgw,Speak Lord: 3 Hour Piano Instrumental Music With Scriptures 🌿 CHRISTIAN piano,https://www.youtube.com/watch?v=uJ0zQgFoQgw,CHRISTIAN Piano,2025-03-14,2025-08-01,1.20000000000000000000,0.04200000000000000000,-47.8,83.4
0591e5d3477962b712e92bcc0cc50e30,goGNSaRSlmU,"PEACE: Instrumental Worship, Prayer Music with Nature🌿CHRISTIAN Piano",https://www.youtube.com/watch?v=goGNSaRSlmU,CHRISTIAN Piano,2025-03-08,2025-07-01,18.60000000000000000000,0.130800000000000000000000,40.9,84.7
0591e5d3477962b712e92bcc0cc50e30,uJ0zQgFoQgw,Speak Lord: 3 Hour Piano Instrumental Music With Scriptures 🌿 CHRISTIAN piano,https://www.youtube.com/watch?v=uJ0zQgFoQgw,CHRISTIAN Piano,2025-03-14,2025-07-01,2.30000000000000000000,0.02290000000000000000,43.8,-27.8
0591e5d3477962b712e92bcc0cc50e30,goGNSaRSlmU,"PEACE: Instrumental Worship, Prayer Music with Nature🌿CHRISTIAN Piano",https://www.youtube.com/watch?v=goGNSaRSlmU,CHRISTIAN Piano,2025-03-08,2025-06-01,13.20000000000000000000,0.070800000000000000000000,,
0591e5d3477962b712e92bcc0cc50e30,uJ0zQgFoQgw,Speak Lord: 3 Hour Piano Instrumental Music With Scriptures 🌿 CHRISTIAN piano,https://www.youtube.com/watch?v=uJ0zQgFoQgw,CHRISTIAN Piano,2025-03-14,2025-06-01,1.60000000000000000000,0.031700000000000000000000,,
0591e5d3477962b712e92bcc0cc50e30,YxYnjAC1YWE,"EVERY MOMENT, JESUS FIRST | Soaking Worship Instrumental Music for Prayer, Devotion & Deep Peace",https://www.youtube.com/watch?v=YxYnjAC1YWE,Christian Calm BGM,2026-01-24,2026-08-01,0.30000000000000000000,0,,
0591e5d3477962b712e92bcc0cc50e30,YxYnjAC1YWE,"EVERY MOMENT, JESUS FIRST | Soaking Worship Instrumental Music for Prayer, Devotion & Deep Peace",https://www.youtube.com/watch?v=YxYnjAC1YWE,Christian Calm BGM,2026-01-24,2026-07-01,0,0,,
0591e5d3477962b712e92bcc0cc50e30,YxYnjAC1YWE,"EVERY MOMENT, JESUS FIRST | Soaking Worship Instrumental Music for Prayer, Devotion & Deep Peace",https://www.youtube.com/watch?v=YxYnjAC1YWE,Christian Calm BGM,2026-01-24,2026-06-01,0,0,,
0591e5d3477962b712e92bcc0cc50e30,YxYnjAC1YWE,"EVERY MOMENT, JESUS FIRST | Soaking Worship Instrumental Music for Prayer, Devotion & Deep Peace",https://www.youtube.com/watch?v=YxYnjAC1YWE,Christian Calm BGM,2026-01-24,2026-05-01,0,0,,
0591e5d3477962b712e92bcc0cc50e30,YxYnjAC1YWE,"EVERY MOMENT, JESUS FIRST | Soaking Worship Instrumental Music for Prayer, Devotion & Deep Peace",https://www.youtube.com/watch?v=YxYnjAC1YWE,Christian Calm BGM,2026-01-24,2026-04-01,0,0,,
0591e5d3477962b712e92bcc0cc50e30,YxYnjAC1YWE,"EVERY MOMENT, JESUS FIRST | Soaking Worship Instrumental Music for Prayer, Devotion & Deep Peace",https://www.youtube.com/watch?v=YxYnjAC1YWE,Christian Calm BGM,2026-01-24,2026-03-01,0,0,-100.0,
0591e5d3477962b712e92bcc0cc50e30,YxYnjAC1YWE,"EVERY MOMENT, JESUS FIRST | Soaking Worship Instrumental Music for Prayer, Devotion & Deep Peace",https://www.youtube.com/watch?v=YxYnjAC1YWE,Christian Calm BGM,2026-01-24,2026-02-01,1.20000000000000000000,0,-97.3,
0591e5d3477962b712e92bcc0cc50e30,URC3VYzxskQ,"SEEK GOD FIRST | Soaking Worship Instrumental for Prayer, Devotion, Meditation & Relaxation",https://www.youtube.com/watch?v=URC3VYzxskQ,Christian Calm BGM,2025-10-27,2026-02-01,0.70000000000000000000,0,-66.7,
0591e5d3477962b712e92bcc0cc50e30,1YcDlByypOI,"COME HOLY SPIRIT | Soaking Worship Instrumental for Prayer, Devotion, Meditation & Relaxation",https://www.youtube.com/watch?v=1YcDlByypOI,Christian Calm BGM,2025-10-17,2026-02-01,0.70000000000000000000,0,,
0591e5d3477962b712e92bcc0cc50e30,GyK67azxyic,"IN HIS PRESENCE | Soaking Worship Instrumental for Prayer, Devotion, Meditation & Relaxation",https://www.youtube.com/watch?v=GyK67azxyic,Christian Calm BGM,2025-11-08,2026-02-01,0.20000000000000000000,0,0.0,
0591e5d3477962b712e92bcc0cc50e30,GyK67azxyic,"IN HIS PRESENCE | Soaking Worship Instrumental for Prayer, Devotion, Meditation & Relaxation",https://www.youtube.com/watch?v=GyK67azxyic,Christian Calm BGM,2025-11-08,2026-01-01,0.20000000000000000000,0,-66.7,
0591e5d3477962b712e92bcc0cc50e30,1YcDlByypOI,"COME HOLY SPIRIT | Soaking Worship Instrumental for Prayer, Devotion, Meditation & Relaxation",https://www.youtube.com/watch?v=1YcDlByypOI,Christian Calm BGM,2025-10-17,2026-01-01,0,0,-100.0,
0591e5d3477962b712e92bcc0cc50e30,URC3VYzxskQ,"SEEK GOD FIRST | Soaking Worship Instrumental for Prayer, Devotion, Meditation & Relaxation",https://www.youtube.com/watch?v=URC3VYzxskQ,Christian Calm BGM,2025-10-27,2026-01-01,2.10000000000000000000,0,-70.0,
0591e5d3477962b712e92bcc0cc50e30,YxYnjAC1YWE,"EVERY MOMENT, JESUS FIRST | Soaking Worship Instrumental Music for Prayer, Devotion & Deep Peace",https://www.youtube.com/watch?v=YxYnjAC1YWE,Christian Calm BGM,2026-01-24,2026-01-01,45.00000000000000000000,0,,
0591e5d3477962b712e92bcc0cc50e30,URC3VYzxskQ,"SEEK GOD FIRST | Soaking Worship Instrumental for Prayer, Devotion, Meditation & Relaxation",https://www.youtube.com/watch?v=URC3VYzxskQ,Christian Calm BGM,2025-10-27,2025-12-01,7.00000000000000000000,0,-63.0,
0591e5d3477962b712e92bcc0cc50e30,1YcDlByypOI,"COME HOLY SPIRIT | Soaking Worship Instrumental for Prayer, Devotion, Meditation & Relaxation",https://www.youtube.com/watch?v=1YcDlByypOI,Christian Calm BGM,2025-10-17,2025-12-01,5.60000000000000000000,0,-66.7,
0591e5d3477962b712e92bcc0cc50e30,GyK67azxyic,"IN HIS PRESENCE | Soaking Worship Instrumental for Prayer, Devotion, Meditation & Relaxation",https://www.youtube.com/watch?v=GyK67azxyic,Christian Calm BGM,2025-11-08,2025-12-01,0.60000000000000000000,0,-97.8,
0591e5d3477962b712e92bcc0cc50e30,GyK67azxyic,"IN HIS PRESENCE | Soaking Worship Instrumental for Prayer, Devotion, Meditation & Relaxation",https://www.youtube.com/watch?v=GyK67azxyic,Christian Calm BGM,2025-11-08,2025-11-01,27.00000000000000000000,0,,
0591e5d3477962b712e92bcc0cc50e30,1YcDlByypOI,"COME HOLY SPIRIT | Soaking Worship Instrumental for Prayer, Devotion, Meditation & Relaxation",https://www.youtube.com/watch?v=1YcDlByypOI,Christian Calm BGM,2025-10-17,2025-11-01,16.80000000000000000000,0,-92.6,
0591e5d3477962b712e92bcc0cc50e30,URC3VYzxskQ,"SEEK GOD FIRST | Soaking Worship Instrumental for Prayer, Devotion, Meditation & Relaxation",https://www.youtube.com/watch?v=URC3VYzxskQ,Christian Calm BGM,2025-10-27,2025-11-01,18.90000000000000000000,0,-94.0,
0591e5d3477962b712e92bcc0cc50e30,URC3VYzxskQ,"SEEK GOD FIRST | Soaking Worship Instrumental for Prayer, Devotion, Meditation & Relaxation",https://www.youtube.com/watch?v=URC3VYzxskQ,Christian Calm BGM,2025-10-27,2025-10-01,313.60000000000000000000,0,,
0591e5d3477962b712e92bcc0cc50e30,1YcDlByypOI,"COME HOLY SPIRIT | Soaking Worship Instrumental for Prayer, Devotion, Meditation & Relaxation",https://www.youtube.com/watch?v=1YcDlByypOI,Christian Calm BGM,2025-10-17,2025-10-01,226.10000000000000000000,0,,
0591e5d3477962b712e92bcc0cc50e30,1bn_9VpXV2M,"HOLY FOREVER | Calming Worship Piano & Scriptures for Prayer, Peace & Gratitude",https://www.youtube.com/watch?v=1bn_9VpXV2M,Christian Harmonies,2026-01-14,2026-08-01,21.00000000000000000000,0.46200000000000000000,25.0,39.2
0591e5d3477962b712e92bcc0cc50e30,KHTZw3V07vw,"TALK TO ME, JESUS | Calming Scriptures with Soft Gospel Piano | Christian Harmonies",https://www.youtube.com/watch?v=KHTZw3V07vw,Christian Harmonies,2026-01-23,2026-08-01,11.80000000000000000000,0.13560000000000000000,3.5,108.0
0591e5d3477962b712e92bcc0cc50e30,IiQ1lMN3oeU,REST IN JESUS | Soothing Worship Piano & Bible Verses for Powerful Prayer,https://www.youtube.com/watch?v=IiQ1lMN3oeU,Christian Harmonies,2025-07-07,2026-08-01,1.50000000000000000000,0.11650000000000000000,-62.5,-24.8
0591e5d3477962b712e92bcc0cc50e30,RIlcJ0hS6Yw,ME & GOD | Inspiring Bible Verses & Calm Worship Piano | Christian Harmonies,https://www.youtube.com/watch?v=RIlcJ0hS6Yw,Christian Harmonies,2025-10-08,2026-08-01,7.80000000000000000000,0.07740000000000000000,225.0,0.0
0591e5d3477962b712e92bcc0cc50e30,ac6ksRCPTVM,GLORY TO GOD | Peaceful Worship Piano & Uplifting Bible Verses | Christian Harmonies #52,https://www.youtube.com/watch?v=ac6ksRCPTVM,Christian Harmonies,2025-05-27,2026-08-01,1.80000000000000000000,0.05820000000000000000,-50.0,212.9
0591e5d3477962b712e92bcc0cc50e30,Habtdt2kLDs,I NEED YOU JESUS | Calming Scriptures with Soft Gospel Piano | Christian Harmonies,https://www.youtube.com/watch?v=Habtdt2kLDs,Christian Harmonies,2026-02-18,2026-08-01,3.60000000000000000000,0.03330000000000000000,-25.0,56.3
0591e5d3477962b712e92bcc0cc50e30,xQdQ_c1fYuw,GOD IS NEAR | Inspiring Bible Verses & Calm Worship Piano | Christian Harmonies,https://www.youtube.com/watch?v=xQdQ_c1fYuw,Christian Harmonies,2026-01-06,2026-08-01,4.20000000000000000000,0.01860000000000000000,-56.3,-70.2
0591e5d3477962b712e92bcc0cc50e30,VmFaowlp_3s,BE STILL & TRUST GOD | Calming Scriptures with Soft Gospel Piano | Christian Harmonies,https://www.youtube.com/watch?v=VmFaowlp_3s,Christian Harmonies,2026-02-23,2026-08-01,0.30000000000000000000,0.00850000000000000000,-82.4,46.6
0591e5d3477962b712e92bcc0cc50e30,iql8wHNdfhY,IN HIS PRESENCE | Deep Prayer Instrumental Worship Music to Encounter God,https://www.youtube.com/watch?v=iql8wHNdfhY,Christian Harmonies,2026-03-03,2026-08-01,0.70000000000000000000,0,0.0,-100.0
0591e5d3477962b712e92bcc0cc50e30,u6_Ehqrx9qg,FAITH & HOPE | Soothing Worship Piano & Powerful Bible Verses | Christian Harmonies,https://www.youtube.com/watch?v=u6_Ehqrx9qg,Christian Harmonies,2025-10-10,2026-08-01,0.50000000000000000000,0,,
0591e5d3477962b712e92bcc0cc50e30,kBo1LiIjBsw,LIGHT HAS COME | Inspiring Bible Verses & Calm Worship Piano | Christian Harmonies,https://www.youtube.com/watch?v=kBo1LiIjBsw,Christian Harmonies,2025-12-17,2026-08-01,1.50000000000000000000,0,50.0,
0591e5d3477962b712e92bcc0cc50e30,e65bu3HFUdg,SEEK GOD FIRST | Reassuring Bible Verses with Serene Worship Piano | Christian Harmonies,https://www.youtube.com/watch?v=e65bu3HFUdg,Christian Harmonies,2025-09-09,2026-08-01,1.00000000000000000000,0,100.0,
0591e5d3477962b712e92bcc0cc50e30,y4Er2cg7S8U,WALK HUMBLY WITH GOD | Restful Bible Promises with Peaceful Piano | Christian Harmonies #63,https://www.youtube.com/watch?v=y4Er2cg7S8U,Christian Harmonies,2025-06-08,2026-08-01,0,0,,
0591e5d3477962b712e92bcc0cc50e30,E4O6lDQu-Eg,JESUS IN ME | Soothing Worship Piano & Powerful Bible Verses | Christian Harmonies #92,https://www.youtube.com/watch?v=E4O6lDQu-Eg,Christian Harmonies,2025-07-17,2026-08-01,1.20000000000000000000,0,-86.7,-100.0
0591e5d3477962b712e92bcc0cc50e30,1bn_9VpXV2M,"HOLY FOREVER | Calming Worship Piano & Scriptures for Prayer, Peace & Gratitude",https://www.youtube.com/watch?v=1bn_9VpXV2M,Christian Harmonies,2026-01-14,2026-07-01,16.80000000000000000000,0.33180000000000000000,118.2,161.9
0591e5d3477962b712e92bcc0cc50e30,IiQ1lMN3oeU,REST IN JESUS | Soothing Worship Piano & Bible Verses for Powerful Prayer,https://www.youtube.com/watch?v=IiQ1lMN3oeU,Christian Harmonies,2025-07-07,2026-07-01,4.00000000000000000000,0.15500000000000000000,-38.5,-50.2
0591e5d3477962b712e92bcc0cc50e30,E4O6lDQu-Eg,JESUS IN ME | Soothing Worship Piano & Powerful Bible Verses | Christian Harmonies #92,https://www.youtube.com/watch?v=E4O6lDQu-Eg,Christian Harmonies,2025-07-17,2026-07-01,9.00000000000000000000,0.08760000000000000000,650.0,-2.7
0591e5d3477962b712e92bcc0cc50e30,RIlcJ0hS6Yw,ME & GOD | Inspiring Bible Verses & Calm Worship Piano | Christian Harmonies,https://www.youtube.com/watch?v=RIlcJ0hS6Yw,Christian Harmonies,2025-10-08,2026-07-01,2.40000000000000000000,0.07740000000000000000,33.3,
0591e5d3477962b712e92bcc0cc50e30,iql8wHNdfhY,IN HIS PRESENCE | Deep Prayer Instrumental Worship Music to Encounter God,https://www.youtube.com/watch?v=iql8wHNdfhY,Christian Harmonies,2026-03-03,2026-07-01,0.70000000000000000000,0.06930000000000000000,0.0,
0591e5d3477962b712e92bcc0cc50e30,KHTZw3V07vw,"TALK TO ME, JESUS | Calming Scriptures with Soft Gospel Piano | Christian Harmonies",https://www.youtube.com/watch?v=KHTZw3V07vw,Christian Harmonies,2026-01-23,2026-07-01,11.40000000000000000000,0.06520000000000000000,23.9,-62.7
0591e5d3477962b712e92bcc0cc50e30,xQdQ_c1fYuw,GOD IS NEAR | Inspiring Bible Verses & Calm Worship Piano | Christian Harmonies,https://www.youtube.com/watch?v=xQdQ_c1fYuw,Christian Harmonies,2026-01-06,2026-07-01,9.60000000000000000000,0.06240000000000000000,-59.0,-74.4
0591e5d3477962b712e92bcc0cc50e30,Habtdt2kLDs,I NEED YOU JESUS | Calming Scriptures with Soft Gospel Piano | Christian Harmonies,https://www.youtube.com/watch?v=Habtdt2kLDs,Christian Harmonies,2026-02-18,2026-07-01,4.80000000000000000000,0.021300000000000000000000,-52.9,-73.3
0591e5d3477962b712e92bcc0cc50e30,ac6ksRCPTVM,GLORY TO GOD | Peaceful Worship Piano & Uplifting Bible Verses | Christian Harmonies #52,https://www.youtube.com/watch?v=ac6ksRCPTVM,Christian Harmonies,2025-05-27,2026-07-01,3.60000000000000000000,0.01860000000000000000,200.0,-53.0
0591e5d3477962b712e92bcc0cc50e30,VmFaowlp_3s,BE STILL & TRUST GOD | Calming Scriptures with Soft Gospel Piano | Christian Harmonies,https://www.youtube.com/watch?v=VmFaowlp_3s,Christian Harmonies,2026-02-23,2026-07-01,1.70000000000000000000,0.00580000000000000000,6.3,-85.7
0591e5d3477962b712e92bcc0cc50e30,e65bu3HFUdg,SEEK GOD FIRST | Reassuring Bible Verses with Serene Worship Piano | Christian Harmonies,https://www.youtube.com/watch?v=e65bu3HFUdg,Christian Harmonies,2025-09-09,2026-07-01,0.50000000000000000000,0,0.0,
0591e5d3477962b712e92bcc0cc50e30,kBo1LiIjBsw,LIGHT HAS COME | Inspiring Bible Verses & Calm Worship Piano | Christian Harmonies,https://www.youtube.com/watch?v=kBo1LiIjBsw,Christian Harmonies,2025-12-17,2026-07-01,1.00000000000000000000,0,,
0591e5d3477962b712e92bcc0cc50e30,uessVXgLUyE,TRUST IN GOD | Deep Prayer Instrumental Worship Music to Encounter God’s Presence,https://www.youtube.com/watch?v=uessVXgLUyE,Christian Harmonies,2026-02-12,2026-07-01,0.60000000000000000000,0,-50.0,-100.0
0591e5d3477962b712e92bcc0cc50e30,u6_Ehqrx9qg,FAITH & HOPE | Soothing Worship Piano & Powerful Bible Verses | Christian Harmonies,https://www.youtube.com/watch?v=u6_Ehqrx9qg,Christian Harmonies,2025-10-10,2026-07-01,0,0,-100.0,
0591e5d3477962b712e92bcc0cc50e30,DlECEfHZGLE,PEACE OF GOD | Soothing Gospel Piano & Calming Scriptures for Deep Prayer,https://www.youtube.com/watch?v=DlECEfHZGLE,Christian Harmonies,2026-01-26,2026-07-01,0,0,,
0591e5d3477962b712e92bcc0cc50e30,y4Er2cg7S8U,WALK HUMBLY WITH GOD | Restful Bible Promises with Peaceful Piano | Christian Harmonies #63,https://www.youtube.com/watch?v=y4Er2cg7S8U,Christian Harmonies,2025-06-08,2026-07-01,0,0,-100.0,
0591e5d3477962b712e92bcc0cc50e30,IiQ1lMN3oeU,REST IN JESUS | Soothing Worship Piano & Bible Verses for Powerful Prayer,https://www.youtube.com/watch?v=IiQ1lMN3oeU,Christian Harmonies,2025-07-07,2026-06-01,6.50000000000000000000,0.31100000000000000000,116.7,
0591e5d3477962b712e92bcc0cc50e30,xQdQ_c1fYuw,GOD IS NEAR | Inspiring Bible Verses & Calm Worship Piano | Christian Harmonies,https://www.youtube.com/watch?v=xQdQ_c1fYuw,Christian Harmonies,2026-01-06,2026-06-01,23.40000000000000000000,0.24360000000000000000,200.0,413.9
0591e5d3477962b712e92bcc0cc50e30,KHTZw3V07vw,"TALK TO ME, JESUS | Calming Scriptures with Soft Gospel Piano | Christian Harmonies",https://www.youtube.com/watch?v=KHTZw3V07vw,Christian Harmonies,2026-01-23,2026-06-01,9.20000000000000000000,0.17460000000000000000,-47.7,133.4
0591e5d3477962b712e92bcc0cc50e30,1bn_9VpXV2M,"HOLY FOREVER | Calming Worship Piano & Scriptures for Prayer, Peace & Gratitude",https://www.youtube.com/watch?v=1bn_9VpXV2M,Christian Harmonies,2026-01-14,2026-06-01,7.70000000000000000000,0.12670000000000000000,-73.8,-86.1
0591e5d3477962b712e92bcc0cc50e30,E4O6lDQu-Eg,JESUS IN ME | Soothing Worship Piano & Powerful Bible Verses | Christian Harmonies #92,https://www.youtube.com/watch?v=E4O6lDQu-Eg,Christian Harmonies,2025-07-17,2026-06-01,1.20000000000000000000,0.09000000000000000000,0.0,
0591e5d3477962b712e92bcc0cc50e30,Habtdt2kLDs,I NEED YOU JESUS | Calming Scriptures with Soft Gospel Piano | Christian Harmonies,https://www.youtube.com/watch?v=Habtdt2kLDs,Christian Harmonies,2026-02-18,2026-06-01,10.20000000000000000000,0.07980000000000000000,-63.0,-66.2
0591e5d3477962b712e92bcc0cc50e30,VmFaowlp_3s,BE STILL & TRUST GOD | Calming Scriptures with Soft Gospel Piano | Christian Harmonies,https://www.youtube.com/watch?v=VmFaowlp_3s,Christian Harmonies,2026-02-23,2026-06-01,1.60000000000000000000,0.04050000000000000000,23.1,59.4
0591e5d3477962b712e92bcc0cc50e30,ac6ksRCPTVM,GLORY TO GOD | Peaceful Worship Piano & Uplifting Bible Verses | Christian Harmonies #52,https://www.youtube.com/watch?v=ac6ksRCPTVM,Christian Harmonies,2025-05-27,2026-06-01,1.20000000000000000000,0.03960000000000000000,100.0,
0591e5d3477962b712e92bcc0cc50e30,uessVXgLUyE,TRUST IN GOD | Deep Prayer Instrumental Worship Music to Encounter God’s Presence,https://www.youtube.com/watch?v=uessVXgLUyE,Christian Harmonies,2026-02-12,2026-06-01,1.20000000000000000000,0.03360000000000000000,100.0,330.8
0591e5d3477962b712e92bcc0cc50e30,u6_Ehqrx9qg,FAITH & HOPE | Soothing Worship Piano & Powerful Bible Verses | Christian Harmonies,https://www.youtube.com/watch?v=u6_Ehqrx9qg,Christian Harmonies,2025-10-10,2026-06-01,0.50000000000000000000,0,-50.0,-100.0
0591e5d3477962b712e92bcc0cc50e30,iql8wHNdfhY,IN HIS PRESENCE | Deep Prayer Instrumental Worship Music to Encounter God,https://www.youtube.com/watch?v=iql8wHNdfhY,Christian Harmonies,2026-03-03,2026-06-01,0.70000000000000000000,0,-80.0,
0591e5d3477962b712e92bcc0cc50e30,kBo1LiIjBsw,LIGHT HAS COME | Inspiring Bible Verses & Calm Worship Piano | Christian Harmonies,https://www.youtube.com/watch?v=kBo1LiIjBsw,Christian Harmonies,2025-12-17,2026-06-01,0,0,-100.0,
0591e5d3477962b712e92bcc0cc50e30,e65bu3HFUdg,SEEK GOD FIRST | Reassuring Bible Verses with Serene Worship Piano | Christian Harmonies,https://www.youtube.com/watch?v=e65bu3HFUdg,Christian Harmonies,2025-09-09,2026-06-01,0.50000000000000000000,0,-50.0,
0591e5d3477962b712e92bcc0cc50e30,DlECEfHZGLE,PEACE OF GOD | Soothing Gospel Piano & Calming Scriptures for Deep Prayer,https://www.youtube.com/watch?v=DlECEfHZGLE,Christian Harmonies,2026-01-26,2026-06-01,0,0,-100.0,-100.0
0591e5d3477962b712e92bcc0cc50e30,9Vo-Ux-n1R0,In His Presence | Soothing Worship Piano & Powerful Bible Verses | Christian Harmonies,https://www.youtube.com/watch?v=9Vo-Ux-n1R0,Christian Harmonies,2025-09-13,2026-06-01,0.50000000000000000000,0,-50.0,
0591e5d3477962b712e92bcc0cc50e30,RIlcJ0hS6Yw,ME & GOD | Inspiring Bible Verses & Calm Worship Piano | Christian Harmonies,https://www.youtube.com/watch?v=RIlcJ0hS6Yw,Christian Harmonies,2025-10-08,2026-06-01,1.80000000000000000000,0,-80.0,-100.0
0591e5d3477962b712e92bcc0cc50e30,CSHFVxEkuJk,HAPPY NEW YEAR 2026 with God | Relaxing Worship Piano & Instrumental Prayer Music,https://www.youtube.com/watch?v=CSHFVxEkuJk,Christian Harmonies,2025-12-26,2026-06-01,0,0,-100.0,
0591e5d3477962b712e92bcc0cc50e30,y4Er2cg7S8U,WALK HUMBLY WITH GOD | Restful Bible Promises with Peaceful Piano | Christian Harmonies #63,https://www.youtube.com/watch?v=y4Er2cg7S8U,Christian Harmonies,2025-06-08,2026-06-01,0.60000000000000000000,0,,
0591e5d3477962b712e92bcc0cc50e30,1bn_9VpXV2M,"HOLY FOREVER | Calming Worship Piano & Scriptures for Prayer, Peace & Gratitude",https://www.youtube.com/watch?v=1bn_9VpXV2M,Christian Harmonies,2026-01-14,2026-05-01,29.40000000000000000000,0.91350000000000000000,55.6,32.5
0591e5d3477962b712e92bcc0cc50e30,Habtdt2kLDs,I NEED YOU JESUS | Calming Scriptures with Soft Gospel Piano | Christian Harmonies,https://www.youtube.com/watch?v=Habtdt2kLDs,Christian Harmonies,2026-02-18,2026-05-01,27.60000000000000000000,0.23640000000000000000,-79.9,-82.4
0591e5d3477962b712e92bcc0cc50e30,KHTZw3V07vw,"TALK TO ME, JESUS | Calming Scriptures with Soft Gospel Piano | Christian Harmonies",https://www.youtube.com/watch?v=KHTZw3V07vw,Christian Harmonies,2026-01-23,2026-05-01,17.60000000000000000000,0.07480000000000000000,-58.5,-91.6
0591e5d3477962b712e92bcc0cc50e30,RIlcJ0hS6Yw,ME & GOD | Inspiring Bible Verses & Calm Worship Piano | Christian Harmonies,https://www.youtube.com/watch?v=RIlcJ0hS6Yw,Christian Harmonies,2025-10-08,2026-05-01,9.00000000000000000000,0.06660000000000000000,7.1,-57.0
0591e5d3477962b712e92bcc0cc50e30,xQdQ_c1fYuw,GOD IS NEAR | Inspiring Bible Verses & Calm Worship Piano | Christian Harmonies,https://www.youtube.com/watch?v=xQdQ_c1fYuw,Christian Harmonies,2026-01-06,2026-05-01,7.80000000000000000000,0.04740000000000000000,-76.4,-91.4
0591e5d3477962b712e92bcc0cc50e30,ZSE8eUzG-mU,"LORD, HELP ME | Soothing Gospel Piano & Calming Scriptures for Deep Prayer",https://www.youtube.com/watch?v=ZSE8eUzG-mU,Christian Harmonies,2026-01-05,2026-05-01,0.60000000000000000000,0.03200000000000000000,-62.5,-62.9
0591e5d3477962b712e92bcc0cc50e30,VmFaowlp_3s,BE STILL & TRUST GOD | Calming Scriptures with Soft Gospel Piano | Christian Harmonies,https://www.youtube.com/watch?v=VmFaowlp_3s,Christian Harmonies,2026-02-23,2026-05-01,1.30000000000000000000,0.02540000000000000000,-68.3,-53.9
0591e5d3477962b712e92bcc0cc50e30,uessVXgLUyE,TRUST IN GOD | Deep Prayer Instrumental Worship Music to Encounter God’s Presence,https://www.youtube.com/watch?v=uessVXgLUyE,Christian Harmonies,2026-02-12,2026-05-01,0.60000000000000000000,0.00780000000000000000,-92.3,-96.2
0591e5d3477962b712e92bcc0cc50e30,u6_Ehqrx9qg,FAITH & HOPE | Soothing Worship Piano & Powerful Bible Verses | Christian Harmonies,https://www.youtube.com/watch?v=u6_Ehqrx9qg,Christian Harmonies,2025-10-10,2026-05-01,1.00000000000000000000,0.00300000000000000000,100.0,
0591e5d3477962b712e92bcc0cc50e30,DlECEfHZGLE,PEACE OF GOD | Soothing Gospel Piano & Calming Scriptures for Deep Prayer,https://www.youtube.com/watch?v=DlECEfHZGLE,Christian Harmonies,2026-01-26,2026-05-01,0.60000000000000000000,0.000200000000000000000000,-50.0,
0591e5d3477962b712e92bcc0cc50e30,E4O6lDQu-Eg,JESUS IN ME | Soothing Worship Piano & Powerful Bible Verses | Christian Harmonies #92,https://www.youtube.com/watch?v=E4O6lDQu-Eg,Christian Harmonies,2025-07-17,2026-05-01,1.20000000000000000000,0,-60.0,-100.0
0591e5d3477962b712e92bcc0cc50e30,CSHFVxEkuJk,HAPPY NEW YEAR 2026 with God | Relaxing Worship Piano & Instrumental Prayer Music,https://www.youtube.com/watch?v=CSHFVxEkuJk,Christian Harmonies,2025-12-26,2026-05-01,1.60000000000000000000,0,,
0591e5d3477962b712e92bcc0cc50e30,Isd5W7czPFs,"TRUST IN GOD | Powerful Instrumental Worship Music for Deep Prayer, Devotion & Encounter with God",https://www.youtube.com/watch?v=Isd5W7czPFs,Christian Harmonies,2025-12-14,2026-05-01,1.40000000000000000000,0,100.0,
0591e5d3477962b712e92bcc0cc50e30,IiQ1lMN3oeU,REST IN JESUS | Soothing Worship Piano & Bible Verses for Powerful Prayer,https://www.youtube.com/watch?v=IiQ1lMN3oeU,Christian Harmonies,2025-07-07,2026-05-01,3.00000000000000000000,0,-14.3,
0591e5d3477962b712e92bcc0cc50e30,JxhHgvuQ28A,VOICE OF GOD | Uplifting Bible Verses & Peaceful Worship Piano | Christian Harmonies,https://www.youtube.com/watch?v=JxhHgvuQ28A,Christian Harmonies,2026-01-07,2026-05-01,0,0,-100.0,-100.0
0591e5d3477962b712e92bcc0cc50e30,9Vo-Ux-n1R0,In His Presence | Soothing Worship Piano & Powerful Bible Verses | Christian Harmonies,https://www.youtube.com/watch?v=9Vo-Ux-n1R0,Christian Harmonies,2025-09-13,2026-05-01,1.00000000000000000000,0,-66.7,-100.0
0591e5d3477962b712e92bcc0cc50e30,y4Er2cg7S8U,WALK HUMBLY WITH GOD | Restful Bible Promises with Peaceful Piano | Christian Harmonies #63,https://www.youtube.com/watch?v=y4Er2cg7S8U,Christian Harmonies,2025-06-08,2026-05-01,0,0,-100.0,-100.0
0591e5d3477962b712e92bcc0cc50e30,e65bu3HFUdg,SEEK GOD FIRST | Reassuring Bible Verses with Serene Worship Piano | Christian Harmonies,https://www.youtube.com/watch?v=e65bu3HFUdg,Christian Harmonies,2025-09-09,2026-05-01,1.00000000000000000000,0,-50.0,-100.0
0591e5d3477962b712e92bcc0cc50e30,kBo1LiIjBsw,LIGHT HAS COME | Inspiring Bible Verses & Calm Worship Piano | Christian Harmonies,https://www.youtube.com/watch?v=kBo1LiIjBsw,Christian Harmonies,2025-12-17,2026-05-01,0.50000000000000000000,0,-50.0,-100.0
0591e5d3477962b712e92bcc0cc50e30,iql8wHNdfhY,IN HIS PRESENCE | Deep Prayer Instrumental Worship Music to Encounter God,https://www.youtube.com/watch?v=iql8wHNdfhY,Christian Harmonies,2026-03-03,2026-05-01,3.50000000000000000000,0,-97.2,-100.0
0591e5d3477962b712e92bcc0cc50e30,ac6ksRCPTVM,GLORY TO GOD | Peaceful Worship Piano & Uplifting Bible Verses | Christian Harmonies #52,https://www.youtube.com/watch?v=ac6ksRCPTVM,Christian Harmonies,2025-05-27,2026-05-01,0.60000000000000000000,0,-87.5,-100.0
0591e5d3477962b712e92bcc0cc50e30,nJcGAAC08MY,JOY & GRATITUDE | Gentle Instrumental Hymns & Uplifting Bible Verses with Nature’s Beauty,https://www.youtube.com/watch?v=nJcGAAC08MY,Christian Harmonies,2025-07-18,2026-05-01,4.20000000000000000000,0,-36.4,-100.0
0591e5d3477962b712e92bcc0cc50e30,iql8wHNdfhY,IN HIS PRESENCE | Deep Prayer Instrumental Worship Music to Encounter God,https://www.youtube.com/watch?v=iql8wHNdfhY,Christian Harmonies,2026-03-03,2026-04-01,124.60000000000000000000,1.61210000000000000000,-93.3,-91.9
0591e5d3477962b712e92bcc0cc50e30,Habtdt2kLDs,I NEED YOU JESUS | Calming Scriptures with Soft Gospel Piano | Christian Harmonies,https://www.youtube.com/watch?v=Habtdt2kLDs,Christian Harmonies,2026-02-18,2026-04-01,137.10000000000000000000,1.346400000000000000000000,-75.7,-82.8
0591e5d3477962b712e92bcc0cc50e30,KHTZw3V07vw,"TALK TO ME, JESUS | Calming Scriptures with Soft Gospel Piano | Christian Harmonies",https://www.youtube.com/watch?v=KHTZw3V07vw,Christian Harmonies,2026-01-23,2026-04-01,42.40000000000000000000,0.89440000000000000000,-56.9,-28.2
0591e5d3477962b712e92bcc0cc50e30,1bn_9VpXV2M,"HOLY FOREVER | Calming Worship Piano & Scriptures for Prayer, Peace & Gratitude",https://www.youtube.com/watch?v=1bn_9VpXV2M,Christian Harmonies,2026-01-14,2026-04-01,18.90000000000000000000,0.68950000000000000000,-59.7,-34.1
0591e5d3477962b712e92bcc0cc50e30,xQdQ_c1fYuw,GOD IS NEAR | Inspiring Bible Verses & Calm Worship Piano | Christian Harmonies,https://www.youtube.com/watch?v=xQdQ_c1fYuw,Christian Harmonies,2026-01-06,2026-04-01,33.00000000000000000000,0.55320000000000000000,-46.6,-44.7
0591e5d3477962b712e92bcc0cc50e30,uessVXgLUyE,TRUST IN GOD | Deep Prayer Instrumental Worship Music to Encounter God’s Presence,https://www.youtube.com/watch?v=uessVXgLUyE,Christian Harmonies,2026-02-12,2026-04-01,7.80000000000000000000,0.20340000000000000000,-84.5,-84.2
0591e5d3477962b712e92bcc0cc50e30,RIlcJ0hS6Yw,ME & GOD | Inspiring Bible Verses & Calm Worship Piano | Christian Harmonies,https://www.youtube.com/watch?v=RIlcJ0hS6Yw,Christian Harmonies,2025-10-08,2026-04-01,8.40000000000000000000,0.154800000000000000000000,27.3,18.9
0591e5d3477962b712e92bcc0cc50e30,ZSE8eUzG-mU,"LORD, HELP ME | Soothing Gospel Piano & Calming Scriptures for Deep Prayer",https://www.youtube.com/watch?v=ZSE8eUzG-mU,Christian Harmonies,2026-01-05,2026-04-01,1.60000000000000000000,0.08620000000000000000,-88.4,-50.9
0591e5d3477962b712e92bcc0cc50e30,ac6ksRCPTVM,GLORY TO GOD | Peaceful Worship Piano & Uplifting Bible Verses | Christian Harmonies #52,https://www.youtube.com/watch?v=ac6ksRCPTVM,Christian Harmonies,2025-05-27,2026-04-01,4.80000000000000000000,0.08460000000000000000,-57.9,-60.4
0591e5d3477962b712e92bcc0cc50e30,VmFaowlp_3s,BE STILL & TRUST GOD | Calming Scriptures with Soft Gospel Piano | Christian Harmonies,https://www.youtube.com/watch?v=VmFaowlp_3s,Christian Harmonies,2026-02-23,2026-04-01,4.10000000000000000000,0.055100000000000000000000,-86.9,-85.0
0591e5d3477962b712e92bcc0cc50e30,e65bu3HFUdg,SEEK GOD FIRST | Reassuring Bible Verses with Serene Worship Piano | Christian Harmonies,https://www.youtube.com/watch?v=e65bu3HFUdg,Christian Harmonies,2025-09-09,2026-04-01,2.00000000000000000000,0.05400000000000000000,-33.3,163.4
0591e5d3477962b712e92bcc0cc50e30,nJcGAAC08MY,JOY & GRATITUDE | Gentle Instrumental Hymns & Uplifting Bible Verses with Nature’s Beauty,https://www.youtube.com/watch?v=nJcGAAC08MY,Christian Harmonies,2025-07-18,2026-04-01,6.60000000000000000000,0.029400000000000000000000,83.3,-44.3
0591e5d3477962b712e92bcc0cc50e30,E4O6lDQu-Eg,JESUS IN ME | Soothing Worship Piano & Powerful Bible Verses | Christian Harmonies #92,https://www.youtube.com/watch?v=E4O6lDQu-Eg,Christian Harmonies,2025-07-17,2026-04-01,3.00000000000000000000,0.02940000000000000000,150.0,-82.7
0591e5d3477962b712e92bcc0cc50e30,JxhHgvuQ28A,VOICE OF GOD | Uplifting Bible Verses & Peaceful Worship Piano | Christian Harmonies,https://www.youtube.com/watch?v=JxhHgvuQ28A,Christian Harmonies,2026-01-07,2026-04-01,3.00000000000000000000,0.02150000000000000000,-25.0,13.2
0591e5d3477962b712e92bcc0cc50e30,9Vo-Ux-n1R0,In His Presence | Soothing Worship Piano & Powerful Bible Verses | Christian Harmonies,https://www.youtube.com/watch?v=9Vo-Ux-n1R0,Christian Harmonies,2025-09-13,2026-04-01,3.00000000000000000000,0.00650000000000000000,20.0,85.7
0591e5d3477962b712e92bcc0cc50e30,kBo1LiIjBsw,LIGHT HAS COME | Inspiring Bible Verses & Calm Worship Piano | Christian Harmonies,https://www.youtube.com/watch?v=kBo1LiIjBsw,Christian Harmonies,2025-12-17,2026-04-01,1.00000000000000000000,0.00200000000000000000,100.0,
0591e5d3477962b712e92bcc0cc50e30,y4Er2cg7S8U,WALK HUMBLY WITH GOD | Restful Bible Promises with Peaceful Piano | Christian Harmonies #63,https://www.youtube.com/watch?v=y4Er2cg7S8U,Christian Harmonies,2025-06-08,2026-04-01,0.60000000000000000000,0.00120000000000000000,100.0,-96.1
0591e5d3477962b712e92bcc0cc50e30,u6_Ehqrx9qg,FAITH & HOPE | Soothing Worship Piano & Powerful Bible Verses | Christian Harmonies,https://www.youtube.com/watch?v=u6_Ehqrx9qg,Christian Harmonies,2025-10-10,2026-04-01,0.50000000000000000000,0,-80.0,-100.0
0591e5d3477962b712e92bcc0cc50e30,IiQ1lMN3oeU,REST IN JESUS | Soothing Worship Piano & Bible Verses for Powerful Prayer,https://www.youtube.com/watch?v=IiQ1lMN3oeU,Christian Harmonies,2025-07-07,2026-04-01,3.50000000000000000000,0,16.7,-100.0
0591e5d3477962b712e92bcc0cc50e30,Isd5W7czPFs,"TRUST IN GOD | Powerful Instrumental Worship Music for Deep Prayer, Devotion & Encounter with God",https://www.youtube.com/watch?v=Isd5W7czPFs,Christian Harmonies,2025-12-14,2026-04-01,0.70000000000000000000,0,0.0,-100.0
0591e5d3477962b712e92bcc0cc50e30,DlECEfHZGLE,PEACE OF GOD | Soothing Gospel Piano & Calming Scriptures for Deep Prayer,https://www.youtube.com/watch?v=DlECEfHZGLE,Christian Harmonies,2026-01-26,2026-04-01,1.20000000000000000000,0,-91.8,-100.0
0591e5d3477962b712e92bcc0cc50e30,CSHFVxEkuJk,HAPPY NEW YEAR 2026 with God | Relaxing Worship Piano & Instrumental Prayer Music,https://www.youtube.com/watch?v=CSHFVxEkuJk,Christian Harmonies,2025-12-26,2026-04-01,0,0,,
0591e5d3477962b712e92bcc0cc50e30,iql8wHNdfhY,IN HIS PRESENCE | Deep Prayer Instrumental Worship Music to Encounter God,https://www.youtube.com/watch?v=iql8wHNdfhY,Christian Harmonies,2026-03-03,2026-03-01,1850.10000000000000000000,19.91290000000000000000,,
0591e5d3477962b712e92bcc0cc50e30,Habtdt2kLDs,I NEED YOU JESUS | Calming Scriptures with Soft Gospel Piano | Christian Harmonies,https://www.youtube.com/watch?v=Habtdt2kLDs,Christian Harmonies,2026-02-18,2026-03-01,564.0000000000000000,7.81830000000000000000,-45.5,-16.2
0591e5d3477962b712e92bcc0cc50e30,uessVXgLUyE,TRUST IN GOD | Deep Prayer Instrumental Worship Music to Encounter God’s Presence,https://www.youtube.com/watch?v=uessVXgLUyE,Christian Harmonies,2026-02-12,2026-03-01,50.40000000000000000000,1.28460000000000000000,-94.7,-88.7
0591e5d3477962b712e92bcc0cc50e30,KHTZw3V07vw,"TALK TO ME, JESUS | Calming Scriptures with Soft Gospel Piano | Christian Harmonies",https://www.youtube.com/watch?v=KHTZw3V07vw,Christian Harmonies,2026-01-23,2026-03-01,98.40000000000000000000,1.24500000000000000000,-68.7,-74.8
0591e5d3477962b712e92bcc0cc50e30,1bn_9VpXV2M,"HOLY FOREVER | Calming Worship Piano & Scriptures for Prayer, Peace & Gratitude",https://www.youtube.com/watch?v=1bn_9VpXV2M,Christian Harmonies,2026-01-14,2026-03-01,46.90000000000000000000,1.04580000000000000000,-36.2,-37.0
0591e5d3477962b712e92bcc0cc50e30,xQdQ_c1fYuw,GOD IS NEAR | Inspiring Bible Verses & Calm Worship Piano | Christian Harmonies,https://www.youtube.com/watch?v=xQdQ_c1fYuw,Christian Harmonies,2026-01-06,2026-03-01,61.80000000000000000000,0.99960000000000000000,-79.6,-83.9
0591e5d3477962b712e92bcc0cc50e30,VmFaowlp_3s,BE STILL & TRUST GOD | Calming Scriptures with Soft Gospel Piano | Christian Harmonies,https://www.youtube.com/watch?v=VmFaowlp_3s,Christian Harmonies,2026-02-23,2026-03-01,31.30000000000000000000,0.368400000000000000000000,-84.0,-84.1
0591e5d3477962b712e92bcc0cc50e30,ac6ksRCPTVM,GLORY TO GOD | Peaceful Worship Piano & Uplifting Bible Verses | Christian Harmonies #52,https://www.youtube.com/watch?v=ac6ksRCPTVM,Christian Harmonies,2025-05-27,2026-03-01,11.40000000000000000000,0.213600000000000000000000,90.0,137.3
0591e5d3477962b712e92bcc0cc50e30,ZSE8eUzG-mU,"LORD, HELP ME | Soothing Gospel Piano & Calming Scriptures for Deep Prayer",https://www.youtube.com/watch?v=ZSE8eUzG-mU,Christian Harmonies,2026-01-05,2026-03-01,13.80000000000000000000,0.17540000000000000000,-43.0,-38.1
0591e5d3477962b712e92bcc0cc50e30,E4O6lDQu-Eg,JESUS IN ME | Soothing Worship Piano & Powerful Bible Verses | Christian Harmonies #92,https://www.youtube.com/watch?v=E4O6lDQu-Eg,Christian Harmonies,2025-07-17,2026-03-01,1.20000000000000000000,0.17040000000000000000,-80.0,-18.6
0591e5d3477962b712e92bcc0cc50e30,RIlcJ0hS6Yw,ME & GOD | Inspiring Bible Verses & Calm Worship Piano | Christian Harmonies,https://www.youtube.com/watch?v=RIlcJ0hS6Yw,Christian Harmonies,2025-10-08,2026-03-01,6.60000000000000000000,0.130200000000000000000000,-31.3,88.7
0591e5d3477962b712e92bcc0cc50e30,IiQ1lMN3oeU,REST IN JESUS | Soothing Worship Piano & Bible Verses for Powerful Prayer,https://www.youtube.com/watch?v=IiQ1lMN3oeU,Christian Harmonies,2025-07-07,2026-03-01,3.00000000000000000000,0.11800000000000000000,-64.7,-12.3
0591e5d3477962b712e92bcc0cc50e30,DlECEfHZGLE,PEACE OF GOD | Soothing Gospel Piano & Calming Scriptures for Deep Prayer,https://www.youtube.com/watch?v=DlECEfHZGLE,Christian Harmonies,2026-01-26,2026-03-01,14.60000000000000000000,0.099200000000000000000000,-72.9,-81.8
0591e5d3477962b712e92bcc0cc50e30,nJcGAAC08MY,JOY & GRATITUDE | Gentle Instrumental Hymns & Uplifting Bible Verses with Nature’s Beauty,https://www.youtube.com/watch?v=nJcGAAC08MY,Christian Harmonies,2025-07-18,2026-03-01,3.60000000000000000000,0.05280000000000000000,-45.5,79.6
0591e5d3477962b712e92bcc0cc50e30,u6_Ehqrx9qg,FAITH & HOPE | Soothing Worship Piano & Powerful Bible Verses | Christian Harmonies,https://www.youtube.com/watch?v=u6_Ehqrx9qg,Christian Harmonies,2025-10-10,2026-03-01,2.50000000000000000000,0.04950000000000000000,-73.7,-75.8
0591e5d3477962b712e92bcc0cc50e30,y4Er2cg7S8U,WALK HUMBLY WITH GOD | Restful Bible Promises with Peaceful Piano | Christian Harmonies #63,https://www.youtube.com/watch?v=y4Er2cg7S8U,Christian Harmonies,2025-06-08,2026-03-01,0.30000000000000000000,0.03090000000000000000,-85.7,-26.4
0591e5d3477962b712e92bcc0cc50e30,e65bu3HFUdg,SEEK GOD FIRST | Reassuring Bible Verses with Serene Worship Piano | Christian Harmonies,https://www.youtube.com/watch?v=e65bu3HFUdg,Christian Harmonies,2025-09-09,2026-03-01,3.00000000000000000000,0.02050000000000000000,100.0,
0591e5d3477962b712e92bcc0cc50e30,JxhHgvuQ28A,VOICE OF GOD | Uplifting Bible Verses & Peaceful Worship Piano | Christian Harmonies,https://www.youtube.com/watch?v=JxhHgvuQ28A,Christian Harmonies,2026-01-07,2026-03-01,4.00000000000000000000,0.01900000000000000000,-33.3,-57.8
0591e5d3477962b712e92bcc0cc50e30,Isd5W7czPFs,"TRUST IN GOD | Powerful Instrumental Worship Music for Deep Prayer, Devotion & Encounter with God",https://www.youtube.com/watch?v=Isd5W7czPFs,Christian Harmonies,2025-12-14,2026-03-01,0.70000000000000000000,0.01470000000000000000,-90.0,-94.7
0591e5d3477962b712e92bcc0cc50e30,9Vo-Ux-n1R0,In His Presence | Soothing Worship Piano & Powerful Bible Verses | Christian Harmonies,https://www.youtube.com/watch?v=9Vo-Ux-n1R0,Christian Harmonies,2025-09-13,2026-03-01,2.50000000000000000000,0.00350000000000000000,-37.5,-94.5
0591e5d3477962b712e92bcc0cc50e30,CSHFVxEkuJk,HAPPY NEW YEAR 2026 with God | Relaxing Worship Piano & Instrumental Prayer Music,https://www.youtube.com/watch?v=CSHFVxEkuJk,Christian Harmonies,2025-12-26,2026-03-01,0,0,-100.0,-100.0
0591e5d3477962b712e92bcc0cc50e30,kBo1LiIjBsw,LIGHT HAS COME | Inspiring Bible Verses & Calm Worship Piano | Christian Harmonies,https://www.youtube.com/watch?v=kBo1LiIjBsw,Christian Harmonies,2025-12-17,2026-03-01,0.50000000000000000000,0,-93.8,-100.0
0591e5d3477962b712e92bcc0cc50e30,uessVXgLUyE,TRUST IN GOD | Deep Prayer Instrumental Worship Music to Encounter God’s Presence,https://www.youtube.com/watch?v=uessVXgLUyE,Christian Harmonies,2026-02-12,2026-02-01,957.60000000000000000000,11.37180000000000000000,,
0591e5d3477962b712e92bcc0cc50e30,Habtdt2kLDs,I NEED YOU JESUS | Calming Scriptures with Soft Gospel Piano | Christian Harmonies,https://www.youtube.com/watch?v=Habtdt2kLDs,Christian Harmonies,2026-02-18,2026-02-01,1034.7000000000000000,9.33270000000000000000,,
0591e5d3477962b712e92bcc0cc50e30,xQdQ_c1fYuw,GOD IS NEAR | Inspiring Bible Verses & Calm Worship Piano | Christian Harmonies,https://www.youtube.com/watch?v=xQdQ_c1fYuw,Christian Harmonies,2026-01-06,2026-02-01,303.00000000000000000000,6.18960000000000000000,-88.5,-76.1
0591e5d3477962b712e92bcc0cc50e30,KHTZw3V07vw,"TALK TO ME, JESUS | Calming Scriptures with Soft Gospel Piano | Christian Harmonies",https://www.youtube.com/watch?v=KHTZw3V07vw,Christian Harmonies,2026-01-23,2026-02-01,314.8000000000000000,4.94220000000000000000,-60.5,-27.2
0591e5d3477962b712e92bcc0cc50e30,VmFaowlp_3s,BE STILL & TRUST GOD | Calming Scriptures with Soft Gospel Piano | Christian Harmonies,https://www.youtube.com/watch?v=VmFaowlp_3s,Christian Harmonies,2026-02-23,2026-02-01,196.0000000000000000,2.31180000000000000000,,
0591e5d3477962b712e92bcc0cc50e30,1bn_9VpXV2M,"HOLY FOREVER | Calming Worship Piano & Scriptures for Prayer, Peace & Gratitude",https://www.youtube.com/watch?v=1bn_9VpXV2M,Christian Harmonies,2026-01-14,2026-02-01,73.50000000000000000000,1.65900000000000000000,-95.5,-88.0
0591e5d3477962b712e92bcc0cc50e30,DlECEfHZGLE,PEACE OF GOD | Soothing Gospel Piano & Calming Scriptures for Deep Prayer,https://www.youtube.com/watch?v=DlECEfHZGLE,Christian Harmonies,2026-01-26,2026-02-01,53.80000000000000000000,0.54620000000000000000,-84.1,-79.8
0591e5d3477962b712e92bcc0cc50e30,ZSE8eUzG-mU,"LORD, HELP ME | Soothing Gospel Piano & Calming Scriptures for Deep Prayer",https://www.youtube.com/watch?v=ZSE8eUzG-mU,Christian Harmonies,2026-01-05,2026-02-01,24.20000000000000000000,0.283200000000000000000000,-88.5,-82.0
0591e5d3477962b712e92bcc0cc50e30,Isd5W7czPFs,"TRUST IN GOD | Powerful Instrumental Worship Music for Deep Prayer, Devotion & Encounter with God",https://www.youtube.com/watch?v=Isd5W7czPFs,Christian Harmonies,2025-12-14,2026-02-01,7.00000000000000000000,0.27860000000000000000,-88.2,-85.5
0591e5d3477962b712e92bcc0cc50e30,E4O6lDQu-Eg,JESUS IN ME | Soothing Worship Piano & Powerful Bible Verses | Christian Harmonies #92,https://www.youtube.com/watch?v=E4O6lDQu-Eg,Christian Harmonies,2025-07-17,2026-02-01,6.00000000000000000000,0.20940000000000000000,100.0,869.4
0591e5d3477962b712e92bcc0cc50e30,u6_Ehqrx9qg,FAITH & HOPE | Soothing Worship Piano & Powerful Bible Verses | Christian Harmonies,https://www.youtube.com/watch?v=u6_Ehqrx9qg,Christian Harmonies,2025-10-10,2026-02-01,9.50000000000000000000,0.20450000000000000000,171.4,2821.4
0591e5d3477962b712e92bcc0cc50e30,IiQ1lMN3oeU,REST IN JESUS | Soothing Worship Piano & Bible Verses for Powerful Prayer,https://www.youtube.com/watch?v=IiQ1lMN3oeU,Christian Harmonies,2025-07-07,2026-02-01,8.50000000000000000000,0.13450000000000000000,-79.5,-87.8
0591e5d3477962b712e92bcc0cc50e30,ac6ksRCPTVM,GLORY TO GOD | Peaceful Worship Piano & Uplifting Bible Verses | Christian Harmonies #52,https://www.youtube.com/watch?v=ac6ksRCPTVM,Christian Harmonies,2025-05-27,2026-02-01,6.00000000000000000000,0.09000000000000000000,-67.7,-64.8
0591e5d3477962b712e92bcc0cc50e30,RIlcJ0hS6Yw,ME & GOD | Inspiring Bible Verses & Calm Worship Piano | Christian Harmonies,https://www.youtube.com/watch?v=RIlcJ0hS6Yw,Christian Harmonies,2025-10-08,2026-02-01,9.60000000000000000000,0.069000000000000000000000,-33.3,-67.8
0591e5d3477962b712e92bcc0cc50e30,9Vo-Ux-n1R0,In His Presence | Soothing Worship Piano & Powerful Bible Verses | Christian Harmonies,https://www.youtube.com/watch?v=9Vo-Ux-n1R0,Christian Harmonies,2025-09-13,2026-02-01,4.00000000000000000000,0.06400000000000000000,100.0,
0591e5d3477962b712e92bcc0cc50e30,kBo1LiIjBsw,LIGHT HAS COME | Inspiring Bible Verses & Calm Worship Piano | Christian Harmonies,https://www.youtube.com/watch?v=kBo1LiIjBsw,Christian Harmonies,2025-12-17,2026-02-01,8.00000000000000000000,0.05950000000000000000,-74.2,-73.9
0591e5d3477962b712e92bcc0cc50e30,JxhHgvuQ28A,VOICE OF GOD | Uplifting Bible Verses & Peaceful Worship Piano | Christian Harmonies,https://www.youtube.com/watch?v=JxhHgvuQ28A,Christian Harmonies,2026-01-07,2026-02-01,6.00000000000000000000,0.04500000000000000000,-97.8,-98.0
0591e5d3477962b712e92bcc0cc50e30,y4Er2cg7S8U,WALK HUMBLY WITH GOD | Restful Bible Promises with Peaceful Piano | Christian Harmonies #63,https://www.youtube.com/watch?v=y4Er2cg7S8U,Christian Harmonies,2025-06-08,2026-02-01,2.10000000000000000000,0.042000000000000000000000,40.0,-32.4
0591e5d3477962b712e92bcc0cc50e30,nJcGAAC08MY,JOY & GRATITUDE | Gentle Instrumental Hymns & Uplifting Bible Verses with Nature’s Beauty,https://www.youtube.com/watch?v=nJcGAAC08MY,Christian Harmonies,2025-07-18,2026-02-01,6.60000000000000000000,0.02940000000000000000,-35.3,-77.8
0591e5d3477962b712e92bcc0cc50e30,CSHFVxEkuJk,HAPPY NEW YEAR 2026 with God | Relaxing Worship Piano & Instrumental Prayer Music,https://www.youtube.com/watch?v=CSHFVxEkuJk,Christian Harmonies,2025-12-26,2026-02-01,2.40000000000000000000,0.00480000000000000000,-62.5,
0591e5d3477962b712e92bcc0cc50e30,e65bu3HFUdg,SEEK GOD FIRST | Reassuring Bible Verses with Serene Worship Piano | Christian Harmonies,https://www.youtube.com/watch?v=e65bu3HFUdg,Christian Harmonies,2025-09-09,2026-02-01,1.50000000000000000000,0,-62.5,-100.0
0591e5d3477962b712e92bcc0cc50e30,xQdQ_c1fYuw,GOD IS NEAR | Inspiring Bible Verses & Calm Worship Piano | Christian Harmonies,https://www.youtube.com/watch?v=xQdQ_c1fYuw,Christian Harmonies,2026-01-06,2026-01-01,2644.2000000000000000,25.92300000000000000000,,
0591e5d3477962b712e92bcc0cc50e30,1bn_9VpXV2M,"HOLY FOREVER | Calming Worship Piano & Scriptures for Prayer, Peace & Gratitude",https://www.youtube.com/watch?v=1bn_9VpXV2M,Christian Harmonies,2026-01-14,2026-01-01,1619.1000000000000000,13.87120000000000000000,,
0591e5d3477962b712e92bcc0cc50e30,KHTZw3V07vw,"TALK TO ME, JESUS | Calming Scriptures with Soft Gospel Piano | Christian Harmonies",https://www.youtube.com/watch?v=KHTZw3V07vw,Christian Harmonies,2026-01-23,2026-01-01,796.0000000000000000,6.78700000000000000000,,
0591e5d3477962b712e92bcc0cc50e30,DlECEfHZGLE,PEACE OF GOD | Soothing Gospel Piano & Calming Scriptures for Deep Prayer,https://www.youtube.com/watch?v=DlECEfHZGLE,Christian Harmonies,2026-01-26,2026-01-01,338.8000000000000000,2.70080000000000000000,,
0591e5d3477962b712e92bcc0cc50e30,JxhHgvuQ28A,VOICE OF GOD | Uplifting Bible Verses & Peaceful Worship Piano | Christian Harmonies,https://www.youtube.com/watch?v=JxhHgvuQ28A,Christian Harmonies,2026-01-07,2026-01-01,272.50000000000000000000,2.28550000000000000000,,
0591e5d3477962b712e92bcc0cc50e30,Isd5W7czPFs,"TRUST IN GOD | Powerful Instrumental Worship Music for Deep Prayer, Devotion & Encounter with God",https://www.youtube.com/watch?v=Isd5W7czPFs,Christian Harmonies,2025-12-14,2026-01-01,59.50000000000000000000,1.91590000000000000000,-89.2,-76.5
0591e5d3477962b712e92bcc0cc50e30,ZSE8eUzG-mU,"LORD, HELP ME | Soothing Gospel Piano & Calming Scriptures for Deep Prayer",https://www.youtube.com/watch?v=ZSE8eUzG-mU,Christian Harmonies,2026-01-05,2026-01-01,210.40000000000000000000,1.570600000000000000000000,,
0591e5d3477962b712e92bcc0cc50e30,IiQ1lMN3oeU,REST IN JESUS | Soothing Worship Piano & Bible Verses for Powerful Prayer,https://www.youtube.com/watch?v=IiQ1lMN3oeU,Christian Harmonies,2025-07-07,2026-01-01,41.50000000000000000000,1.10050000000000000000,-61.4,-71.5
0591e5d3477962b712e92bcc0cc50e30,ac6ksRCPTVM,GLORY TO GOD | Peaceful Worship Piano & Uplifting Bible Verses | Christian Harmonies #52,https://www.youtube.com/watch?v=ac6ksRCPTVM,Christian Harmonies,2025-05-27,2026-01-01,18.60000000000000000000,0.25560000000000000000,93.8,-2.3
0591e5d3477962b712e92bcc0cc50e30,kBo1LiIjBsw,LIGHT HAS COME | Inspiring Bible Verses & Calm Worship Piano | Christian Harmonies,https://www.youtube.com/watch?v=kBo1LiIjBsw,Christian Harmonies,2025-12-17,2026-01-01,31.00000000000000000000,0.22800000000000000000,-94.7,-96.8
0591e5d3477962b712e92bcc0cc50e30,RIlcJ0hS6Yw,ME & GOD | Inspiring Bible Verses & Calm Worship Piano | Christian Harmonies,https://www.youtube.com/watch?v=RIlcJ0hS6Yw,Christian Harmonies,2025-10-08,2026-01-01,14.40000000000000000000,0.21420000000000000000,-41.5,-53.1
0591e5d3477962b712e92bcc0cc50e30,nJcGAAC08MY,JOY & GRATITUDE | Gentle Instrumental Hymns & Uplifting Bible Verses with Nature’s Beauty,https://www.youtube.com/watch?v=nJcGAAC08MY,Christian Harmonies,2025-07-18,2026-01-01,10.20000000000000000000,0.132600000000000000000000,112.5,112.5
0591e5d3477962b712e92bcc0cc50e30,y4Er2cg7S8U,WALK HUMBLY WITH GOD | Restful Bible Promises with Peaceful Piano | Christian Harmonies #63,https://www.youtube.com/watch?v=y4Er2cg7S8U,Christian Harmonies,2025-06-08,2026-01-01,1.50000000000000000000,0.062100000000000000000000,150.0,5075.0
0591e5d3477962b712e92bcc0cc50e30,E4O6lDQu-Eg,JESUS IN ME | Soothing Worship Piano & Powerful Bible Verses | Christian Harmonies #92,https://www.youtube.com/watch?v=E4O6lDQu-Eg,Christian Harmonies,2025-07-17,2026-01-01,3.00000000000000000000,0.02160000000000000000,-16.7,350.0
0591e5d3477962b712e92bcc0cc50e30,e65bu3HFUdg,SEEK GOD FIRST | Reassuring Bible Verses with Serene Worship Piano | Christian Harmonies,https://www.youtube.com/watch?v=e65bu3HFUdg,Christian Harmonies,2025-09-09,2026-01-01,4.00000000000000000000,0.01450000000000000000,60.0,-92.4
0591e5d3477962b712e92bcc0cc50e30,u6_Ehqrx9qg,FAITH & HOPE | Soothing Worship Piano & Powerful Bible Verses | Christian Harmonies,https://www.youtube.com/watch?v=u6_Ehqrx9qg,Christian Harmonies,2025-10-10,2026-01-01,3.50000000000000000000,0.00700000000000000000,-89.6,-99.3
0591e5d3477962b712e92bcc0cc50e30,CSHFVxEkuJk,HAPPY NEW YEAR 2026 with God | Relaxing Worship Piano & Instrumental Prayer Music,https://www.youtube.com/watch?v=CSHFVxEkuJk,Christian Harmonies,2025-12-26,2026-01-01,6.40000000000000000000,0,-96.9,-100.0
0591e5d3477962b712e92bcc0cc50e30,9Vo-Ux-n1R0,In His Presence | Soothing Worship Piano & Powerful Bible Verses | Christian Harmonies,https://www.youtube.com/watch?v=9Vo-Ux-n1R0,Christian Harmonies,2025-09-13,2026-01-01,2.00000000000000000000,0,-33.3,-100.0
0591e5d3477962b712e92bcc0cc50e30,Isd5W7czPFs,"TRUST IN GOD | Powerful Instrumental Worship Music for Deep Prayer, Devotion & Encounter with God",https://www.youtube.com/watch?v=Isd5W7czPFs,Christian Harmonies,2025-12-14,2025-12-01,551.60000000000000000000,8.16130000000000000000,,
0591e5d3477962b712e92bcc0cc50e30,kBo1LiIjBsw,LIGHT HAS COME | Inspiring Bible Verses & Calm Worship Piano | Christian Harmonies,https://www.youtube.com/watch?v=kBo1LiIjBsw,Christian Harmonies,2025-12-17,2025-12-01,584.50000000000000000000,7.06400000000000000000,,
0591e5d3477962b712e92bcc0cc50e30,IiQ1lMN3oeU,REST IN JESUS | Soothing Worship Piano & Bible Verses for Powerful Prayer,https://www.youtube.com/watch?v=IiQ1lMN3oeU,Christian Harmonies,2025-07-07,2025-12-01,107.50000000000000000000,3.86700000000000000000,-35.0,-52.5
0591e5d3477962b712e92bcc0cc50e30,CSHFVxEkuJk,HAPPY NEW YEAR 2026 with God | Relaxing Worship Piano & Instrumental Prayer Music,https://www.youtube.com/watch?v=CSHFVxEkuJk,Christian Harmonies,2025-12-26,2025-12-01,209.60000000000000000000,1.19040000000000000000,,
0591e5d3477962b712e92bcc0cc50e30,u6_Ehqrx9qg,FAITH & HOPE | Soothing Worship Piano & Powerful Bible Verses | Christian Harmonies,https://www.youtube.com/watch?v=u6_Ehqrx9qg,Christian Harmonies,2025-10-10,2025-12-01,33.50000000000000000000,0.93550000000000000000,-66.7,-60.6
0591e5d3477962b712e92bcc0cc50e30,RIlcJ0hS6Yw,ME & GOD | Inspiring Bible Verses & Calm Worship Piano | Christian Harmonies,https://www.youtube.com/watch?v=RIlcJ0hS6Yw,Christian Harmonies,2025-10-08,2025-12-01,24.60000000000000000000,0.45720000000000000000,-81.6,-81.6
0591e5d3477962b712e92bcc0cc50e30,ac6ksRCPTVM,GLORY TO GOD | Peaceful Worship Piano & Uplifting Bible Verses | Christian Harmonies #52,https://www.youtube.com/watch?v=ac6ksRCPTVM,Christian Harmonies,2025-05-27,2025-12-01,9.60000000000000000000,0.26160000000000000000,-5.9,-12.3
0591e5d3477962b712e92bcc0cc50e30,e65bu3HFUdg,SEEK GOD FIRST | Reassuring Bible Verses with Serene Worship Piano | Christian Harmonies,https://www.youtube.com/watch?v=e65bu3HFUdg,Christian Harmonies,2025-09-09,2025-12-01,2.50000000000000000000,0.19100000000000000000,-82.1,-60.9
0591e5d3477962b712e92bcc0cc50e30,9Vo-Ux-n1R0,In His Presence | Soothing Worship Piano & Powerful Bible Verses | Christian Harmonies,https://www.youtube.com/watch?v=9Vo-Ux-n1R0,Christian Harmonies,2025-09-13,2025-12-01,3.00000000000000000000,0.11500000000000000000,-60.0,-25.6
0591e5d3477962b712e92bcc0cc50e30,nJcGAAC08MY,JOY & GRATITUDE | Gentle Instrumental Hymns & Uplifting Bible Verses with Nature’s Beauty,https://www.youtube.com/watch?v=nJcGAAC08MY,Christian Harmonies,2025-07-18,2025-12-01,4.80000000000000000000,0.06240000000000000000,-38.5,-6.3
0591e5d3477962b712e92bcc0cc50e30,E4O6lDQu-Eg,JESUS IN ME | Soothing Worship Piano & Powerful Bible Verses | Christian Harmonies #92,https://www.youtube.com/watch?v=E4O6lDQu-Eg,Christian Harmonies,2025-07-17,2025-12-01,3.60000000000000000000,0.00480000000000000000,-40.0,-98.4
0591e5d3477962b712e92bcc0cc50e30,y4Er2cg7S8U,WALK HUMBLY WITH GOD | Restful Bible Promises with Peaceful Piano | Christian Harmonies #63,https://www.youtube.com/watch?v=y4Er2cg7S8U,Christian Harmonies,2025-06-08,2025-12-01,0.60000000000000000000,0.00120000000000000000,-33.3,-91.5
0591e5d3477962b712e92bcc0cc50e30,IiQ1lMN3oeU,REST IN JESUS | Soothing Worship Piano & Bible Verses for Powerful Prayer,https://www.youtube.com/watch?v=IiQ1lMN3oeU,Christian Harmonies,2025-07-07,2025-11-01,165.5000000000000000,8.14250000000000000000,56.9,88.4
0591e5d3477962b712e92bcc0cc50e30,RIlcJ0hS6Yw,ME & GOD | Inspiring Bible Verses & Calm Worship Piano | Christian Harmonies,https://www.youtube.com/watch?v=RIlcJ0hS6Yw,Christian Harmonies,2025-10-08,2025-11-01,133.80000000000000000000,2.48460000000000000000,-92.1,-90.5
0591e5d3477962b712e92bcc0cc50e30,u6_Ehqrx9qg,FAITH & HOPE | Soothing Worship Piano & Powerful Bible Verses | Christian Harmonies,https://www.youtube.com/watch?v=u6_Ehqrx9qg,Christian Harmonies,2025-10-10,2025-11-01,100.50000000000000000000,2.37550000000000000000,-90.2,-85.1
0591e5d3477962b712e92bcc0cc50e30,e65bu3HFUdg,SEEK GOD FIRST | Reassuring Bible Verses with Serene Worship Piano | Christian Harmonies,https://www.youtube.com/watch?v=e65bu3HFUdg,Christian Harmonies,2025-09-09,2025-11-01,14.00000000000000000000,0.48900000000000000000,-83.9,-69.6
0591e5d3477962b712e92bcc0cc50e30,E4O6lDQu-Eg,JESUS IN ME | Soothing Worship Piano & Powerful Bible Verses | Christian Harmonies #92,https://www.youtube.com/watch?v=E4O6lDQu-Eg,Christian Harmonies,2025-07-17,2025-11-01,6.00000000000000000000,0.30840000000000000000,-84.8,-73.7
0591e5d3477962b712e92bcc0cc50e30,ac6ksRCPTVM,GLORY TO GOD | Peaceful Worship Piano & Uplifting Bible Verses | Christian Harmonies #52,https://www.youtube.com/watch?v=ac6ksRCPTVM,Christian Harmonies,2025-05-27,2025-11-01,10.20000000000000000000,0.29820000000000000000,-10.5,117.0
0591e5d3477962b712e92bcc0cc50e30,9Vo-Ux-n1R0,In His Presence | Soothing Worship Piano & Powerful Bible Verses | Christian Harmonies,https://www.youtube.com/watch?v=9Vo-Ux-n1R0,Christian Harmonies,2025-09-13,2025-11-01,7.50000000000000000000,0.15450000000000000000,-89.6,-86.6
0591e5d3477962b712e92bcc0cc50e30,nJcGAAC08MY,JOY & GRATITUDE | Gentle Instrumental Hymns & Uplifting Bible Verses with Nature’s Beauty,https://www.youtube.com/watch?v=nJcGAAC08MY,Christian Harmonies,2025-07-18,2025-11-01,7.80000000000000000000,0.066600000000000000000000,-23.5,73.4
0591e5d3477962b712e92bcc0cc50e30,y4Er2cg7S8U,WALK HUMBLY WITH GOD | Restful Bible Promises with Peaceful Piano | Christian Harmonies #63,https://www.youtube.com/watch?v=y4Er2cg7S8U,Christian Harmonies,2025-06-08,2025-11-01,0.90000000000000000000,0.01410000000000000000,-66.7,-86.9
0591e5d3477962b712e92bcc0cc50e30,RIlcJ0hS6Yw,ME & GOD | Inspiring Bible Verses & Calm Worship Piano | Christian Harmonies,https://www.youtube.com/watch?v=RIlcJ0hS6Yw,Christian Harmonies,2025-10-08,2025-10-01,1692.60000000000000000000,26.203200000000000000000000,,
0591e5d3477962b712e92bcc0cc50e30,u6_Ehqrx9qg,FAITH & HOPE | Soothing Worship Piano & Powerful Bible Verses | Christian Harmonies,https://www.youtube.com/watch?v=u6_Ehqrx9qg,Christian Harmonies,2025-10-10,2025-10-01,1030.0000000000000000,15.89650000000000000000,,
0591e5d3477962b712e92bcc0cc50e30,IiQ1lMN3oeU,REST IN JESUS | Soothing Worship Piano & Bible Verses for Powerful Prayer,https://www.youtube.com/watch?v=IiQ1lMN3oeU,Christian Harmonies,2025-07-07,2025-10-01,105.50000000000000000000,4.32150000000000000000,-44.0,-41.5
0591e5d3477962b712e92bcc0cc50e30,e65bu3HFUdg,SEEK GOD FIRST | Reassuring Bible Verses with Serene Worship Piano | Christian Harmonies,https://www.youtube.com/watch?v=e65bu3HFUdg,Christian Harmonies,2025-09-09,2025-10-01,87.00000000000000000000,1.61100000000000000000,-90.9,-88.3
0591e5d3477962b712e92bcc0cc50e30,E4O6lDQu-Eg,JESUS IN ME | Soothing Worship Piano & Powerful Bible Verses | Christian Harmonies #92,https://www.youtube.com/watch?v=E4O6lDQu-Eg,Christian Harmonies,2025-07-17,2025-10-01,39.60000000000000000000,1.173600000000000000000000,-81.1,-86.0
0591e5d3477962b712e92bcc0cc50e30,9Vo-Ux-n1R0,In His Presence | Soothing Worship Piano & Powerful Bible Verses | Christian Harmonies,https://www.youtube.com/watch?v=9Vo-Ux-n1R0,Christian Harmonies,2025-09-13,2025-10-01,72.00000000000000000000,1.15050000000000000000,-94.7,-94.5
0591e5d3477962b712e92bcc0cc50e30,ac6ksRCPTVM,GLORY TO GOD | Peaceful Worship Piano & Uplifting Bible Verses | Christian Harmonies #52,https://www.youtube.com/watch?v=ac6ksRCPTVM,Christian Harmonies,2025-05-27,2025-10-01,11.40000000000000000000,0.13740000000000000000,-24.0,-75.0
0591e5d3477962b712e92bcc0cc50e30,y4Er2cg7S8U,WALK HUMBLY WITH GOD | Restful Bible Promises with Peaceful Piano | Christian Harmonies #63,https://www.youtube.com/watch?v=y4Er2cg7S8U,Christian Harmonies,2025-06-08,2025-10-01,2.70000000000000000000,0.10740000000000000000,-50.0,-51.6
0591e5d3477962b712e92bcc0cc50e30,nJcGAAC08MY,JOY & GRATITUDE | Gentle Instrumental Hymns & Uplifting Bible Verses with Nature’s Beauty,https://www.youtube.com/watch?v=nJcGAAC08MY,Christian Harmonies,2025-07-18,2025-10-01,10.20000000000000000000,0.038400000000000000000000,-43.3,-85.0
0591e5d3477962b712e92bcc0cc50e30,9Vo-Ux-n1R0,In His Presence | Soothing Worship Piano & Powerful Bible Verses | Christian Harmonies,https://www.youtube.com/watch?v=9Vo-Ux-n1R0,Christian Harmonies,2025-09-13,2025-09-01,1347.50000000000000000000,20.95950000000000000000,,
0591e5d3477962b712e92bcc0cc50e30,e65bu3HFUdg,SEEK GOD FIRST | Reassuring Bible Verses with Serene Worship Piano | Christian Harmonies,https://www.youtube.com/watch?v=e65bu3HFUdg,Christian Harmonies,2025-09-09,2025-09-01,952.0000000000000000,13.71650000000000000000,,
0591e5d3477962b712e92bcc0cc50e30,E4O6lDQu-Eg,JESUS IN ME | Soothing Worship Piano & Powerful Bible Verses | Christian Harmonies #92,https://www.youtube.com/watch?v=E4O6lDQu-Eg,Christian Harmonies,2025-07-17,2025-09-01,209.40000000000000000000,8.41260000000000000000,-77.3,-74.0
0591e5d3477962b712e92bcc0cc50e30,IiQ1lMN3oeU,REST IN JESUS | Soothing Worship Piano & Bible Verses for Powerful Prayer,https://www.youtube.com/watch?v=IiQ1lMN3oeU,Christian Harmonies,2025-07-07,2025-09-01,188.50000000000000000000,7.38600000000000000000,-66.4,-60.2
0591e5d3477962b712e92bcc0cc50e30,ac6ksRCPTVM,GLORY TO GOD | Peaceful Worship Piano & Uplifting Bible Verses | Christian Harmonies #52,https://www.youtube.com/watch?v=ac6ksRCPTVM,Christian Harmonies,2025-05-27,2025-09-01,15.00000000000000000000,0.55020000000000000000,8.7,313.1
0591e5d3477962b712e92bcc0cc50e30,nJcGAAC08MY,JOY & GRATITUDE | Gentle Instrumental Hymns & Uplifting Bible Verses with Nature’s Beauty,https://www.youtube.com/watch?v=nJcGAAC08MY,Christian Harmonies,2025-07-18,2025-09-01,18.00000000000000000000,0.25620000000000000000,-92.3,-93.2
0591e5d3477962b712e92bcc0cc50e30,y4Er2cg7S8U,WALK HUMBLY WITH GOD | Restful Bible Promises with Peaceful Piano | Christian Harmonies #63,https://www.youtube.com/watch?v=y4Er2cg7S8U,Christian Harmonies,2025-06-08,2025-09-01,5.40000000000000000000,0.22200000000000000000,-35.7,-11.9
0591e5d3477962b712e92bcc0cc50e30,E4O6lDQu-Eg,JESUS IN ME | Soothing Worship Piano & Powerful Bible Verses | Christian Harmonies #92,https://www.youtube.com/watch?v=E4O6lDQu-Eg,Christian Harmonies,2025-07-17,2025-08-01,924.00000000000000000000,32.32860000000000000000,-75.5,-53.9
0591e5d3477962b712e92bcc0cc50e30,IiQ1lMN3oeU,REST IN JESUS | Soothing Worship Piano & Bible Verses for Powerful Prayer,https://www.youtube.com/watch?v=IiQ1lMN3oeU,Christian Harmonies,2025-07-07,2025-08-01,561.5000000000000000,18.57450000000000000000,-87.4,-75.6
0591e5d3477962b712e92bcc0cc50e30,nJcGAAC08MY,JOY & GRATITUDE | Gentle Instrumental Hymns & Uplifting Bible Verses with Nature’s Beauty,https://www.youtube.com/watch?v=nJcGAAC08MY,Christian Harmonies,2025-07-18,2025-08-01,232.80000000000000000000,3.791400000000000000000000,-92.2,-93.1
0591e5d3477962b712e92bcc0cc50e30,y4Er2cg7S8U,WALK HUMBLY WITH GOD | Restful Bible Promises with Peaceful Piano | Christian Harmonies #63,https://www.youtube.com/watch?v=y4Er2cg7S8U,Christian Harmonies,2025-06-08,2025-08-01,8.40000000000000000000,0.25200000000000000000,-86.9,-77.9
0591e5d3477962b712e92bcc0cc50e30,ac6ksRCPTVM,GLORY TO GOD | Peaceful Worship Piano & Uplifting Bible Verses | Christian Harmonies #52,https://www.youtube.com/watch?v=ac6ksRCPTVM,Christian Harmonies,2025-05-27,2025-08-01,13.80000000000000000000,0.133200000000000000000000,-64.6,-81.8
0591e5d3477962b712e92bcc0cc50e30,IiQ1lMN3oeU,REST IN JESUS | Soothing Worship Piano & Bible Verses for Powerful Prayer,https://www.youtube.com/watch?v=IiQ1lMN3oeU,Christian Harmonies,2025-07-07,2025-07-01,4471.5000000000000000,76.19350000000000000000,,
0591e5d3477962b712e92bcc0cc50e30,E4O6lDQu-Eg,JESUS IN ME | Soothing Worship Piano & Powerful Bible Verses | Christian Harmonies #92,https://www.youtube.com/watch?v=E4O6lDQu-Eg,Christian Harmonies,2025-07-17,2025-07-01,3777.6000000000000000,70.13940000000000000000,,
0591e5d3477962b712e92bcc0cc50e30,nJcGAAC08MY,JOY & GRATITUDE | Gentle Instrumental Hymns & Uplifting Bible Verses with Nature’s Beauty,https://www.youtube.com/watch?v=nJcGAAC08MY,Christian Harmonies,2025-07-18,2025-07-01,2973.0000000000000000,54.57120000000000000000,,
0591e5d3477962b712e92bcc0cc50e30,y4Er2cg7S8U,WALK HUMBLY WITH GOD | Restful Bible Promises with Peaceful Piano | Christian Harmonies #63,https://www.youtube.com/watch?v=y4Er2cg7S8U,Christian Harmonies,2025-06-08,2025-07-01,63.90000000000000000000,1.14180000000000000000,-93.7,-92.8
0591e5d3477962b712e92bcc0cc50e30,ac6ksRCPTVM,GLORY TO GOD | Peaceful Worship Piano & Uplifting Bible Verses | Christian Harmonies #52,https://www.youtube.com/watch?v=ac6ksRCPTVM,Christian Harmonies,2025-05-27,2025-07-01,39.00000000000000000000,0.73200000000000000000,-83.0,-85.5
0591e5d3477962b712e92bcc0cc50e30,y4Er2cg7S8U,WALK HUMBLY WITH GOD | Restful Bible Promises with Peaceful Piano | Christian Harmonies #63,https://www.youtube.com/watch?v=y4Er2cg7S8U,Christian Harmonies,2025-06-08,2025-06-01,1018.50000000000000000000,15.78900000000000000000,,
0591e5d3477962b712e92bcc0cc50e30,ac6ksRCPTVM,GLORY TO GOD | Peaceful Worship Piano & Uplifting Bible Verses | Christian Harmonies #52,https://www.youtube.com/watch?v=ac6ksRCPTVM,Christian Harmonies,2025-05-27,2025-06-01,229.20000000000000000000,5.05320000000000000000,,
0591e5d3477962b712e92bcc0cc50e30,Q6o8MVfBCtQ,"Lord, Help Me | Prayer, Meditation & Relaxation Music | Soaking Worship with Scriptures",https://www.youtube.com/watch?v=Q6o8MVfBCtQ,Inspirational CKEYS Piano,2025-08-05,2026-08-01,2.60000000000000000000,0.013900000000000000000000,-43.5,-31.5
0591e5d3477962b712e92bcc0cc50e30,7-YC0jpIQ-0,Walking Around Hoan Kiem Lake – My Hanoi Experience,https://www.youtube.com/watch?v=7-YC0jpIQ-0,Inspirational CKEYS Piano,2025-05-18,2026-08-01,0.50000000000000000000,0,,
0591e5d3477962b712e92bcc0cc50e30,Q6o8MVfBCtQ,"Lord, Help Me | Prayer, Meditation & Relaxation Music | Soaking Worship with Scriptures",https://www.youtube.com/watch?v=Q6o8MVfBCtQ,Inspirational CKEYS Piano,2025-08-05,2026-07-01,4.60000000000000000000,0.020300000000000000000000,35.3,-43.8
0591e5d3477962b712e92bcc0cc50e30,7-YC0jpIQ-0,Walking Around Hoan Kiem Lake – My Hanoi Experience,https://www.youtube.com/watch?v=7-YC0jpIQ-0,Inspirational CKEYS Piano,2025-05-18,2026-07-01,0,0,-100.0,-100.0
0591e5d3477962b712e92bcc0cc50e30,Q6o8MVfBCtQ,"Lord, Help Me | Prayer, Meditation & Relaxation Music | Soaking Worship with Scriptures",https://www.youtube.com/watch?v=Q6o8MVfBCtQ,Inspirational CKEYS Piano,2025-08-05,2026-06-01,3.40000000000000000000,0.03610000000000000000,6.3,61.9
0591e5d3477962b712e92bcc0cc50e30,7-YC0jpIQ-0,Walking Around Hoan Kiem Lake – My Hanoi Experience,https://www.youtube.com/watch?v=7-YC0jpIQ-0,Inspirational CKEYS Piano,2025-05-18,2026-06-01,2.00000000000000000000,0.00050000000000000000,300.0,
0591e5d3477962b712e92bcc0cc50e30,Q6o8MVfBCtQ,"Lord, Help Me | Prayer, Meditation & Relaxation Music | Soaking Worship with Scriptures",https://www.youtube.com/watch?v=Q6o8MVfBCtQ,Inspirational CKEYS Piano,2025-08-05,2026-05-01,3.20000000000000000000,0.02230000000000000000,14.3,185.9
0591e5d3477962b712e92bcc0cc50e30,7-YC0jpIQ-0,Walking Around Hoan Kiem Lake – My Hanoi Experience,https://www.youtube.com/watch?v=7-YC0jpIQ-0,Inspirational CKEYS Piano,2025-05-18,2026-05-01,0.50000000000000000000,0,-66.7,
0591e5d3477962b712e92bcc0cc50e30,Q6o8MVfBCtQ,"Lord, Help Me | Prayer, Meditation & Relaxation Music | Soaking Worship with Scriptures",https://www.youtube.com/watch?v=Q6o8MVfBCtQ,Inspirational CKEYS Piano,2025-08-05,2026-04-01,2.80000000000000000000,0.007800000000000000000000,-44.0,-80.2
0591e5d3477962b712e92bcc0cc50e30,7-YC0jpIQ-0,Walking Around Hoan Kiem Lake – My Hanoi Experience,https://www.youtube.com/watch?v=7-YC0jpIQ-0,Inspirational CKEYS Piano,2025-05-18,2026-04-01,1.50000000000000000000,0,,
0591e5d3477962b712e92bcc0cc50e30,Q6o8MVfBCtQ,"Lord, Help Me | Prayer, Meditation & Relaxation Music | Soaking Worship with Scriptures",https://www.youtube.com/watch?v=Q6o8MVfBCtQ,Inspirational CKEYS Piano,2025-08-05,2026-03-01,5.00000000000000000000,0.039300000000000000000000,-31.5,15.2
0591e5d3477962b712e92bcc0cc50e30,7-YC0jpIQ-0,Walking Around Hoan Kiem Lake – My Hanoi Experience,https://www.youtube.com/watch?v=7-YC0jpIQ-0,Inspirational CKEYS Piano,2025-05-18,2026-03-01,0,0,-100.0,-100.0
0591e5d3477962b712e92bcc0cc50e30,Q6o8MVfBCtQ,"Lord, Help Me | Prayer, Meditation & Relaxation Music | Soaking Worship with Scriptures",https://www.youtube.com/watch?v=Q6o8MVfBCtQ,Inspirational CKEYS Piano,2025-08-05,2026-02-01,7.30000000000000000000,0.034100000000000000000000,-12.0,4.6
0591e5d3477962b712e92bcc0cc50e30,7-YC0jpIQ-0,Walking Around Hoan Kiem Lake – My Hanoi Experience,https://www.youtube.com/watch?v=7-YC0jpIQ-0,Inspirational CKEYS Piano,2025-05-18,2026-02-01,1.50000000000000000000,0.00400000000000000000,-57.1,14.3
0591e5d3477962b712e92bcc0cc50e30,Q6o8MVfBCtQ,"Lord, Help Me | Prayer, Meditation & Relaxation Music | Soaking Worship with Scriptures",https://www.youtube.com/watch?v=Q6o8MVfBCtQ,Inspirational CKEYS Piano,2025-08-05,2026-01-01,8.30000000000000000000,0.032600000000000000000000,23.9,43.6
0591e5d3477962b712e92bcc0cc50e30,7-YC0jpIQ-0,Walking Around Hoan Kiem Lake – My Hanoi Experience,https://www.youtube.com/watch?v=7-YC0jpIQ-0,Inspirational CKEYS Piano,2025-05-18,2026-01-01,3.50000000000000000000,0.00350000000000000000,75.0,250.0
0591e5d3477962b712e92bcc0cc50e30,Q6o8MVfBCtQ,"Lord, Help Me | Prayer, Meditation & Relaxation Music | Soaking Worship with Scriptures",https://www.youtube.com/watch?v=Q6o8MVfBCtQ,Inspirational CKEYS Piano,2025-08-05,2025-12-01,6.70000000000000000000,0.022700000000000000000000,8.1,-44.0
0591e5d3477962b712e92bcc0cc50e30,7-YC0jpIQ-0,Walking Around Hoan Kiem Lake – My Hanoi Experience,https://www.youtube.com/watch?v=7-YC0jpIQ-0,Inspirational CKEYS Piano,2025-05-18,2025-12-01,2.00000000000000000000,0.00100000000000000000,-69.2,-60.0
0591e5d3477962b712e92bcc0cc50e30,Q6o8MVfBCtQ,"Lord, Help Me | Prayer, Meditation & Relaxation Music | Soaking Worship with Scriptures",https://www.youtube.com/watch?v=Q6o8MVfBCtQ,Inspirational CKEYS Piano,2025-08-05,2025-11-01,6.20000000000000000000,0.040500000000000000000000,-48.8,-12.5
0591e5d3477962b712e92bcc0cc50e30,7-YC0jpIQ-0,Walking Around Hoan Kiem Lake – My Hanoi Experience,https://www.youtube.com/watch?v=7-YC0jpIQ-0,Inspirational CKEYS Piano,2025-05-18,2025-11-01,6.50000000000000000000,0.00250000000000000000,8.3,-70.6
0591e5d3477962b712e92bcc0cc50e30,Q6o8MVfBCtQ,"Lord, Help Me | Prayer, Meditation & Relaxation Music | Soaking Worship with Scriptures",https://www.youtube.com/watch?v=Q6o8MVfBCtQ,Inspirational CKEYS Piano,2025-08-05,2025-10-01,12.10000000000000000000,0.046300000000000000000000,-69.1,-83.4
0591e5d3477962b712e92bcc0cc50e30,7-YC0jpIQ-0,Walking Around Hoan Kiem Lake – My Hanoi Experience,https://www.youtube.com/watch?v=7-YC0jpIQ-0,Inspirational CKEYS Piano,2025-05-18,2025-10-01,6.00000000000000000000,0.00850000000000000000,-33.3,-68.5
0591e5d3477962b712e92bcc0cc50e30,Q6o8MVfBCtQ,"Lord, Help Me | Prayer, Meditation & Relaxation Music | Soaking Worship with Scriptures",https://www.youtube.com/watch?v=Q6o8MVfBCtQ,Inspirational CKEYS Piano,2025-08-05,2025-09-01,39.10000000000000000000,0.279600000000000000000000,-85.4,-87.4
0591e5d3477962b712e92bcc0cc50e30,7-YC0jpIQ-0,Walking Around Hoan Kiem Lake – My Hanoi Experience,https://www.youtube.com/watch?v=7-YC0jpIQ-0,Inspirational CKEYS Piano,2025-05-18,2025-09-01,9.00000000000000000000,0.02700000000000000000,0.0,54.3
0591e5d3477962b712e92bcc0cc50e30,Q6o8MVfBCtQ,"Lord, Help Me | Prayer, Meditation & Relaxation Music | Soaking Worship with Scriptures",https://www.youtube.com/watch?v=Q6o8MVfBCtQ,Inspirational CKEYS Piano,2025-08-05,2025-08-01,266.90000000000000000000,2.21080000000000000000,,
0591e5d3477962b712e92bcc0cc50e30,7-YC0jpIQ-0,Walking Around Hoan Kiem Lake – My Hanoi Experience,https://www.youtube.com/watch?v=7-YC0jpIQ-0,Inspirational CKEYS Piano,2025-05-18,2025-08-01,9.00000000000000000000,0.01750000000000000000,-25.0,-55.1
0591e5d3477962b712e92bcc0cc50e30,7-YC0jpIQ-0,Walking Around Hoan Kiem Lake – My Hanoi Experience,https://www.youtube.com/watch?v=7-YC0jpIQ-0,Inspirational CKEYS Piano,2025-05-18,2025-07-01,12.00000000000000000000,0.03900000000000000000,100.0,69.6
0591e5d3477962b712e92bcc0cc50e30,7-YC0jpIQ-0,Walking Around Hoan Kiem Lake – My Hanoi Experience,https://www.youtube.com/watch?v=7-YC0jpIQ-0,Inspirational CKEYS Piano,2025-05-18,2025-06-01,6.00000000000000000000,0.02300000000000000000,,
05c324d7880eaf7c5dab7efd20cf9db7,xk7XLrreFLs,Top 20 Christmas Songs of All Time 🎄 3 Hour Christmas Music Playlist,https://www.youtube.com/watch?v=xk7XLrreFLs,Christmas Playlist,2026-03-24,2026-08-01,1.00000000000000000000,0.01460000000000000000,-75.0,1116.7
05c324d7880eaf7c5dab7efd20cf9db7,8-wOZmy8BJs,Top 25 Pop Christmas Songs Playlist 🎅🏻 3 Hour Pop Christmas Music Playlist,https://www.youtube.com/watch?v=8-wOZmy8BJs,Christmas Playlist,2025-10-29,2026-08-01,2.50000000000000000000,0.005700000000000000000000,-13.8,-34.5
05c324d7880eaf7c5dab7efd20cf9db7,mrSyOPUxKAM,Top 100 Christmas Songs of All Time 🎄 3 Hour Christmas Music Playlist 2026,https://www.youtube.com/watch?v=mrSyOPUxKAM,Christmas Playlist,2025-12-13,2026-08-01,3.00000000000000000000,0.00240000000000000000,-40.0,140.0
05c324d7880eaf7c5dab7efd20cf9db7,dYCGG9_aOTw,Top Christmas Songs Playlist 2026🎅🏼 Christmas Music 2026🎄 Merry Christmas 2026🌟 Christmas Songs 2026,https://www.youtube.com/watch?v=dYCGG9_aOTw,Christmas Playlist,2025-12-26,2026-08-01,0.30000000000000000000,0.00020000000000000000,-86.4,-66.7
05c324d7880eaf7c5dab7efd20cf9db7,5ht8G-KBB-E,Top 100 Christmas Songs of All Time🎄Best Christmas Music Playlist,https://www.youtube.com/watch?v=5ht8G-KBB-E,Christmas Playlist,2025-12-01,2026-08-01,0.20000000000000000000,0.00020000000000000000,100.0,
05c324d7880eaf7c5dab7efd20cf9db7,DBo0MjxBWC0,Top 50 Christmas Songs of All Time 🎄 3 Hour Christmas Music Playlist,https://www.youtube.com/watch?v=DBo0MjxBWC0,Christmas Playlist,2025-12-28,2026-08-01,0.80000000000000000000,0,-84.0,-100.0
05c324d7880eaf7c5dab7efd20cf9db7,JOeM-PbMKl4,Top Christmas Songs of All Time 🎅🏼 Best Christmas Music Playlist 🎄 Merry Christmas Songs 2026,https://www.youtube.com/watch?v=JOeM-PbMKl4,Christmas Playlist,2025-10-05,2026-08-01,0,0,,
05c324d7880eaf7c5dab7efd20cf9db7,Hmd9jc-BYec,Best Christmas Songs 2026 🎅🏻 Christmas Music Playlist 🎄 Christmas Carols 2026,https://www.youtube.com/watch?v=Hmd9jc-BYec,Christmas Playlist,2025-12-11,2026-08-01,0.50000000000000000000,0,0.0,-100.0
05c324d7880eaf7c5dab7efd20cf9db7,BM8pErXXJAY,Happy New Year 2026🎉 Top Christmas Songs of All Time 🎅🏼 Best Christmas Music Playlist,https://www.youtube.com/watch?v=BM8pErXXJAY,Christmas Playlist,2026-01-01,2026-08-01,0.40000000000000000000,0,-81.8,
05c324d7880eaf7c5dab7efd20cf9db7,2SI7o2eCD44,Top 100 Christmas Songs of All Time 🎄 3 Hour Christmas Music Playlist,https://www.youtube.com/watch?v=2SI7o2eCD44,Christmas Playlist,2025-12-23,2026-08-01,0,0,-100.0,-100.0
05c324d7880eaf7c5dab7efd20cf9db7,eu4IFPwZuZs,Top Christmas Songs of All Time 🎁 Best Christmas Music Playlist 2026 🎄 Merry Christmas Songs 2026,https://www.youtube.com/watch?v=eu4IFPwZuZs,Christmas Playlist,2025-11-25,2026-08-01,0.10000000000000000000,0,,
05c324d7880eaf7c5dab7efd20cf9db7,e-FhY_ZsU7o,Top 50 Christmas Songs of All Time 🎄 3 Hour Christmas Music Playlist,https://www.youtube.com/watch?v=e-FhY_ZsU7o,Christmas Playlist,2026-05-08,2026-08-01,0.20000000000000000000,0,-84.6,
05c324d7880eaf7c5dab7efd20cf9db7,lgcweeI-9E0,Top 25 Pop Christmas Songs Playlist 🎅🏻 3 Hour Pop Christmas Music Playlist,https://www.youtube.com/watch?v=lgcweeI-9E0,Christmas Playlist,2025-11-11,2026-08-01,0,0,,
05c324d7880eaf7c5dab7efd20cf9db7,WZBGT6XFs_w,Top 100 Christmas Songs of All Time🎄Best Christmas Music Playlist,https://www.youtube.com/watch?v=WZBGT6XFs_w,Christmas Playlist,2025-12-19,2026-08-01,0.40000000000000000000,0,,
05c324d7880eaf7c5dab7efd20cf9db7,bP7vmBhEnN0,Top 100 Christmas Songs of All Time 🎄 3 Hour Christmas Music Playlist,https://www.youtube.com/watch?v=bP7vmBhEnN0,Christmas Playlist,2025-12-27,2026-08-01,0.10000000000000000000,0,-97.0,-100.0
05c324d7880eaf7c5dab7efd20cf9db7,cUcbr1g7Lhs,Merry Christmas & Happy New Year 2026🎅Top Christmas Songs Playlist!🎶Best Christmas Song 2026,https://www.youtube.com/watch?v=cUcbr1g7Lhs,Christmas Playlist,2025-12-30,2026-08-01,0.10000000000000000000,0,-93.3,-100.0
05c324d7880eaf7c5dab7efd20cf9db7,uI6bJT296Ac,Top 100 Christmas Songs of All Time 🎄 3 Hour Christmas Music Playlist,https://www.youtube.com/watch?v=uI6bJT296Ac,Christmas Playlist,2025-12-08,2026-08-01,0,0,-100.0,
05c324d7880eaf7c5dab7efd20cf9db7,rD9x22uQy14,Top Christmas Songs of All Time 🎅🏼 Best Christmas Music Playlist 2026,https://www.youtube.com/watch?v=rD9x22uQy14,Christmas Playlist,2025-10-04,2026-08-01,0.20000000000000000000,0,-60.0,-100.0
05c324d7880eaf7c5dab7efd20cf9db7,8-wOZmy8BJs,Top 25 Pop Christmas Songs Playlist 🎅🏻 3 Hour Pop Christmas Music Playlist,https://www.youtube.com/watch?v=8-wOZmy8BJs,Christmas Playlist,2025-10-29,2026-07-01,2.90000000000000000000,0.00870000000000000000,-27.5,-40.8
05c324d7880eaf7c5dab7efd20cf9db7,cUcbr1g7Lhs,Merry Christmas & Happy New Year 2026🎅Top Christmas Songs Playlist!🎶Best Christmas Song 2026,https://www.youtube.com/watch?v=cUcbr1g7Lhs,Christmas Playlist,2025-12-30,2026-07-01,1.50000000000000000000,0.00630000000000000000,-11.8,
05c324d7880eaf7c5dab7efd20cf9db7,bP7vmBhEnN0,Top 100 Christmas Songs of All Time 🎄 3 Hour Christmas Music Playlist,https://www.youtube.com/watch?v=bP7vmBhEnN0,Christmas Playlist,2025-12-27,2026-07-01,3.30000000000000000000,0.002300000000000000000000,450.0,155.6
05c324d7880eaf7c5dab7efd20cf9db7,DBo0MjxBWC0,Top 50 Christmas Songs of All Time 🎄 3 Hour Christmas Music Playlist,https://www.youtube.com/watch?v=DBo0MjxBWC0,Christmas Playlist,2025-12-28,2026-07-01,5.00000000000000000000,0.00220000000000000000,212.5,450.0
05c324d7880eaf7c5dab7efd20cf9db7,xk7XLrreFLs,Top 20 Christmas Songs of All Time 🎄 3 Hour Christmas Music Playlist,https://www.youtube.com/watch?v=xk7XLrreFLs,Christmas Playlist,2026-03-24,2026-07-01,4.00000000000000000000,0.00120000000000000000,122.2,
05c324d7880eaf7c5dab7efd20cf9db7,Hmd9jc-BYec,Best Christmas Songs 2026 🎅🏻 Christmas Music Playlist 🎄 Christmas Carols 2026,https://www.youtube.com/watch?v=Hmd9jc-BYec,Christmas Playlist,2025-12-11,2026-07-01,0.50000000000000000000,0.00100000000000000000,-50.0,-81.8
05c324d7880eaf7c5dab7efd20cf9db7,mrSyOPUxKAM,Top 100 Christmas Songs of All Time 🎄 3 Hour Christmas Music Playlist 2026,https://www.youtube.com/watch?v=mrSyOPUxKAM,Christmas Playlist,2025-12-13,2026-07-01,5.00000000000000000000,0.00100000000000000000,-30.6,400.0
05c324d7880eaf7c5dab7efd20cf9db7,dYCGG9_aOTw,Top Christmas Songs Playlist 2026🎅🏼 Christmas Music 2026🎄 Merry Christmas 2026🌟 Christmas Songs 2026,https://www.youtube.com/watch?v=dYCGG9_aOTw,Christmas Playlist,2025-12-26,2026-07-01,2.20000000000000000000,0.000600000000000000000000,144.4,50.0
05c324d7880eaf7c5dab7efd20cf9db7,rD9x22uQy14,Top Christmas Songs of All Time 🎅🏼 Best Christmas Music Playlist 2026,https://www.youtube.com/watch?v=rD9x22uQy14,Christmas Playlist,2025-10-04,2026-07-01,0.50000000000000000000,0.00060000000000000000,-16.7,-86.4
05c324d7880eaf7c5dab7efd20cf9db7,2SI7o2eCD44,Top 100 Christmas Songs of All Time 🎄 3 Hour Christmas Music Playlist,https://www.youtube.com/watch?v=2SI7o2eCD44,Christmas Playlist,2025-12-23,2026-07-01,0.60000000000000000000,0.000100000000000000000000,200.0,-80.0
05c324d7880eaf7c5dab7efd20cf9db7,JOeM-PbMKl4,Top Christmas Songs of All Time 🎅🏼 Best Christmas Music Playlist 🎄 Merry Christmas Songs 2026,https://www.youtube.com/watch?v=JOeM-PbMKl4,Christmas Playlist,2025-10-05,2026-07-01,0,0,,
05c324d7880eaf7c5dab7efd20cf9db7,5ht8G-KBB-E,Top 100 Christmas Songs of All Time🎄Best Christmas Music Playlist,https://www.youtube.com/watch?v=5ht8G-KBB-E,Christmas Playlist,2025-12-01,2026-07-01,0.10000000000000000000,0,,
05c324d7880eaf7c5dab7efd20cf9db7,BM8pErXXJAY,Happy New Year 2026🎉 Top Christmas Songs of All Time 🎅🏼 Best Christmas Music Playlist,https://www.youtube.com/watch?v=BM8pErXXJAY,Christmas Playlist,2026-01-01,2026-07-01,2.20000000000000000000,0,22.2,
05c324d7880eaf7c5dab7efd20cf9db7,lgcweeI-9E0,Top 25 Pop Christmas Songs Playlist 🎅🏻 3 Hour Pop Christmas Music Playlist,https://www.youtube.com/watch?v=lgcweeI-9E0,Christmas Playlist,2025-11-11,2026-07-01,0,0,,
05c324d7880eaf7c5dab7efd20cf9db7,WZBGT6XFs_w,Top 100 Christmas Songs of All Time🎄Best Christmas Music Playlist,https://www.youtube.com/watch?v=WZBGT6XFs_w,Christmas Playlist,2025-12-19,2026-07-01,0,0,,
05c324d7880eaf7c5dab7efd20cf9db7,eXstCSe2xyU,Top 50 Christmas Songs of All Time 🎄 3 Hour Christmas Music Playlist,https://www.youtube.com/watch?v=eXstCSe2xyU,Christmas Playlist,2025-10-19,2026-07-01,0.20000000000000000000,0,,
05c324d7880eaf7c5dab7efd20cf9db7,e-FhY_ZsU7o,Top 50 Christmas Songs of All Time 🎄 3 Hour Christmas Music Playlist,https://www.youtube.com/watch?v=e-FhY_ZsU7o,Christmas Playlist,2026-05-08,2026-07-01,1.30000000000000000000,0,8.3,-100.0
05c324d7880eaf7c5dab7efd20cf9db7,eu4IFPwZuZs,Top Christmas Songs of All Time 🎁 Best Christmas Music Playlist 2026 🎄 Merry Christmas Songs 2026,https://www.youtube.com/watch?v=eu4IFPwZuZs,Christmas Playlist,2025-11-25,2026-07-01,0,0,-100.0,-100.0
05c324d7880eaf7c5dab7efd20cf9db7,uI6bJT296Ac,Top 100 Christmas Songs of All Time 🎄 3 Hour Christmas Music Playlist,https://www.youtube.com/watch?v=uI6bJT296Ac,Christmas Playlist,2025-12-08,2026-07-01,0.10000000000000000000,0,-50.0,-100.0
05c324d7880eaf7c5dab7efd20cf9db7,8-wOZmy8BJs,Top 25 Pop Christmas Songs Playlist 🎅🏻 3 Hour Pop Christmas Music Playlist,https://www.youtube.com/watch?v=8-wOZmy8BJs,Christmas Playlist,2025-10-29,2026-06-01,4.00000000000000000000,0.014700000000000000000000,0.0,98.6
05c324d7880eaf7c5dab7efd20cf9db7,e-FhY_ZsU7o,Top 50 Christmas Songs of All Time 🎄 3 Hour Christmas Music Playlist,https://www.youtube.com/watch?v=e-FhY_ZsU7o,Christmas Playlist,2026-05-08,2026-06-01,1.20000000000000000000,0.00670000000000000000,-57.1,63.4
05c324d7880eaf7c5dab7efd20cf9db7,Hmd9jc-BYec,Best Christmas Songs 2026 🎅🏻 Christmas Music Playlist 🎄 Christmas Carols 2026,https://www.youtube.com/watch?v=Hmd9jc-BYec,Christmas Playlist,2025-12-11,2026-06-01,1.00000000000000000000,0.00550000000000000000,-83.3,-70.3
05c324d7880eaf7c5dab7efd20cf9db7,rD9x22uQy14,Top Christmas Songs of All Time 🎅🏼 Best Christmas Music Playlist 2026,https://www.youtube.com/watch?v=rD9x22uQy14,Christmas Playlist,2025-10-04,2026-06-01,0.60000000000000000000,0.004400000000000000000000,-45.5,-20.0
05c324d7880eaf7c5dab7efd20cf9db7,bP7vmBhEnN0,Top 100 Christmas Songs of All Time 🎄 3 Hour Christmas Music Playlist,https://www.youtube.com/watch?v=bP7vmBhEnN0,Christmas Playlist,2025-12-27,2026-06-01,0.60000000000000000000,0.000900000000000000000000,-50.0,-10.0
05c324d7880eaf7c5dab7efd20cf9db7,2SI7o2eCD44,Top 100 Christmas Songs of All Time 🎄 3 Hour Christmas Music Playlist,https://www.youtube.com/watch?v=2SI7o2eCD44,Christmas Playlist,2025-12-23,2026-06-01,0.20000000000000000000,0.00050000000000000000,0.0,-77.3
05c324d7880eaf7c5dab7efd20cf9db7,DBo0MjxBWC0,Top 50 Christmas Songs of All Time 🎄 3 Hour Christmas Music Playlist,https://www.youtube.com/watch?v=DBo0MjxBWC0,Christmas Playlist,2025-12-28,2026-06-01,1.60000000000000000000,0.00040000000000000000,-20.0,-91.3
05c324d7880eaf7c5dab7efd20cf9db7,dYCGG9_aOTw,Top Christmas Songs Playlist 2026🎅🏼 Christmas Music 2026🎄 Merry Christmas 2026🌟 Christmas Songs 2026,https://www.youtube.com/watch?v=dYCGG9_aOTw,Christmas Playlist,2025-12-26,2026-06-01,0.90000000000000000000,0.000400000000000000000000,50.0,-85.7
05c324d7880eaf7c5dab7efd20cf9db7,eu4IFPwZuZs,Top Christmas Songs of All Time 🎁 Best Christmas Music Playlist 2026 🎄 Merry Christmas Songs 2026,https://www.youtube.com/watch?v=eu4IFPwZuZs,Christmas Playlist,2025-11-25,2026-06-01,0.40000000000000000000,0.000300000000000000000000,100.0,
05c324d7880eaf7c5dab7efd20cf9db7,uI6bJT296Ac,Top 100 Christmas Songs of All Time 🎄 3 Hour Christmas Music Playlist,https://www.youtube.com/watch?v=uI6bJT296Ac,Christmas Playlist,2025-12-08,2026-06-01,0.20000000000000000000,0.00030000000000000000,100.0,-25.0
05c324d7880eaf7c5dab7efd20cf9db7,mrSyOPUxKAM,Top 100 Christmas Songs of All Time 🎄 3 Hour Christmas Music Playlist 2026,https://www.youtube.com/watch?v=mrSyOPUxKAM,Christmas Playlist,2025-12-13,2026-06-01,7.20000000000000000000,0.00020000000000000000,38.5,0.0
05c324d7880eaf7c5dab7efd20cf9db7,lgcweeI-9E0,Top 25 Pop Christmas Songs Playlist 🎅🏻 3 Hour Pop Christmas Music Playlist,https://www.youtube.com/watch?v=lgcweeI-9E0,Christmas Playlist,2025-11-11,2026-06-01,0,0,,
05c324d7880eaf7c5dab7efd20cf9db7,cUcbr1g7Lhs,Merry Christmas & Happy New Year 2026🎅Top Christmas Songs Playlist!🎶Best Christmas Song 2026,https://www.youtube.com/watch?v=cUcbr1g7Lhs,Christmas Playlist,2025-12-30,2026-06-01,1.70000000000000000000,0,1600.0,
05c324d7880eaf7c5dab7efd20cf9db7,eXstCSe2xyU,Top 50 Christmas Songs of All Time 🎄 3 Hour Christmas Music Playlist,https://www.youtube.com/watch?v=eXstCSe2xyU,Christmas Playlist,2025-10-19,2026-06-01,0,0,,
05c324d7880eaf7c5dab7efd20cf9db7,WZBGT6XFs_w,Top 100 Christmas Songs of All Time🎄Best Christmas Music Playlist,https://www.youtube.com/watch?v=WZBGT6XFs_w,Christmas Playlist,2025-12-19,2026-06-01,0,0,,
05c324d7880eaf7c5dab7efd20cf9db7,xk7XLrreFLs,Top 20 Christmas Songs of All Time 🎄 3 Hour Christmas Music Playlist,https://www.youtube.com/watch?v=xk7XLrreFLs,Christmas Playlist,2026-03-24,2026-06-01,1.80000000000000000000,0,28.6,-100.0
05c324d7880eaf7c5dab7efd20cf9db7,BM8pErXXJAY,Happy New Year 2026🎉 Top Christmas Songs of All Time 🎅🏼 Best Christmas Music Playlist,https://www.youtube.com/watch?v=BM8pErXXJAY,Christmas Playlist,2026-01-01,2026-06-01,1.80000000000000000000,0,350.0,
05c324d7880eaf7c5dab7efd20cf9db7,AoXTyYQ8LfI,Top 100 Christmas Songs of All Time 🎄 3 Hour Christmas Music Playlist,https://www.youtube.com/watch?v=AoXTyYQ8LfI,Christmas Playlist,2025-11-06,2026-06-01,0.10000000000000000000,0,-50.0,-100.0
05c324d7880eaf7c5dab7efd20cf9db7,JOeM-PbMKl4,Top Christmas Songs of All Time 🎅🏼 Best Christmas Music Playlist 🎄 Merry Christmas Songs 2026,https://www.youtube.com/watch?v=JOeM-PbMKl4,Christmas Playlist,2025-10-05,2026-06-01,0,0,,
05c324d7880eaf7c5dab7efd20cf9db7,5ht8G-KBB-E,Top 100 Christmas Songs of All Time🎄Best Christmas Music Playlist,https://www.youtube.com/watch?v=5ht8G-KBB-E,Christmas Playlist,2025-12-01,2026-06-01,0,0,,
05c324d7880eaf7c5dab7efd20cf9db7,Hmd9jc-BYec,Best Christmas Songs 2026 🎅🏻 Christmas Music Playlist 🎄 Christmas Carols 2026,https://www.youtube.com/watch?v=Hmd9jc-BYec,Christmas Playlist,2025-12-11,2026-05-01,6.00000000000000000000,0.01850000000000000000,100.0,164.3
05c324d7880eaf7c5dab7efd20cf9db7,8-wOZmy8BJs,Top 25 Pop Christmas Songs Playlist 🎅🏻 3 Hour Pop Christmas Music Playlist,https://www.youtube.com/watch?v=8-wOZmy8BJs,Christmas Playlist,2025-10-29,2026-05-01,4.00000000000000000000,0.007400000000000000000000,11.1,-56.0
05c324d7880eaf7c5dab7efd20cf9db7,rD9x22uQy14,Top Christmas Songs of All Time 🎅🏼 Best Christmas Music Playlist 2026,https://www.youtube.com/watch?v=rD9x22uQy14,Christmas Playlist,2025-10-04,2026-05-01,1.10000000000000000000,0.00550000000000000000,1000.0,-77.8
05c324d7880eaf7c5dab7efd20cf9db7,DBo0MjxBWC0,Top 50 Christmas Songs of All Time 🎄 3 Hour Christmas Music Playlist,https://www.youtube.com/watch?v=DBo0MjxBWC0,Christmas Playlist,2025-12-28,2026-05-01,2.00000000000000000000,0.00460000000000000000,-58.3,-91.3
05c324d7880eaf7c5dab7efd20cf9db7,e-FhY_ZsU7o,Top 50 Christmas Songs of All Time 🎄 3 Hour Christmas Music Playlist,https://www.youtube.com/watch?v=e-FhY_ZsU7o,Christmas Playlist,2026-05-08,2026-05-01,2.80000000000000000000,0.004100000000000000000000,,
05c324d7880eaf7c5dab7efd20cf9db7,dYCGG9_aOTw,Top Christmas Songs Playlist 2026🎅🏼 Christmas Music 2026🎄 Merry Christmas 2026🌟 Christmas Songs 2026,https://www.youtube.com/watch?v=dYCGG9_aOTw,Christmas Playlist,2025-12-26,2026-05-01,0.60000000000000000000,0.00280000000000000000,-33.3,-54.1
05c324d7880eaf7c5dab7efd20cf9db7,2SI7o2eCD44,Top 100 Christmas Songs of All Time 🎄 3 Hour Christmas Music Playlist,https://www.youtube.com/watch?v=2SI7o2eCD44,Christmas Playlist,2025-12-23,2026-05-01,0.20000000000000000000,0.00220000000000000000,100.0,450.0
05c324d7880eaf7c5dab7efd20cf9db7,bP7vmBhEnN0,Top 100 Christmas Songs of All Time 🎄 3 Hour Christmas Music Playlist,https://www.youtube.com/watch?v=bP7vmBhEnN0,Christmas Playlist,2025-12-27,2026-05-01,1.20000000000000000000,0.001000000000000000000000,71.4,-94.6
05c324d7880eaf7c5dab7efd20cf9db7,xk7XLrreFLs,Top 20 Christmas Songs of All Time 🎄 3 Hour Christmas Music Playlist,https://www.youtube.com/watch?v=xk7XLrreFLs,Christmas Playlist,2026-03-24,2026-05-01,1.40000000000000000000,0.00080000000000000000,-50.0,-69.2
05c324d7880eaf7c5dab7efd20cf9db7,uI6bJT296Ac,Top 100 Christmas Songs of All Time 🎄 3 Hour Christmas Music Playlist,https://www.youtube.com/watch?v=uI6bJT296Ac,Christmas Playlist,2025-12-08,2026-05-01,0.10000000000000000000,0.00040000000000000000,,
05c324d7880eaf7c5dab7efd20cf9db7,mrSyOPUxKAM,Top 100 Christmas Songs of All Time 🎄 3 Hour Christmas Music Playlist 2026,https://www.youtube.com/watch?v=mrSyOPUxKAM,Christmas Playlist,2025-12-13,2026-05-01,5.20000000000000000000,0.00020000000000000000,-21.2,-99.2
05c324d7880eaf7c5dab7efd20cf9db7,AoXTyYQ8LfI,Top 100 Christmas Songs of All Time 🎄 3 Hour Christmas Music Playlist,https://www.youtube.com/watch?v=AoXTyYQ8LfI,Christmas Playlist,2025-11-06,2026-05-01,0.20000000000000000000,0.000100000000000000000000,,
05c324d7880eaf7c5dab7efd20cf9db7,BM8pErXXJAY,Happy New Year 2026🎉 Top Christmas Songs of All Time 🎅🏼 Best Christmas Music Playlist,https://www.youtube.com/watch?v=BM8pErXXJAY,Christmas Playlist,2026-01-01,2026-05-01,0.40000000000000000000,0,0.0,
05c324d7880eaf7c5dab7efd20cf9db7,5ht8G-KBB-E,Top 100 Christmas Songs of All Time🎄Best Christmas Music Playlist,https://www.youtube.com/watch?v=5ht8G-KBB-E,Christmas Playlist,2025-12-01,2026-05-01,0,0,-100.0,-100.0
05c324d7880eaf7c5dab7efd20cf9db7,JOeM-PbMKl4,Top Christmas Songs of All Time 🎅🏼 Best Christmas Music Playlist 🎄 Merry Christmas Songs 2026,https://www.youtube.com/watch?v=JOeM-PbMKl4,Christmas Playlist,2025-10-05,2026-05-01,0,0,,
05c324d7880eaf7c5dab7efd20cf9db7,lgcweeI-9E0,Top 25 Pop Christmas Songs Playlist 🎅🏻 3 Hour Pop Christmas Music Playlist,https://www.youtube.com/watch?v=lgcweeI-9E0,Christmas Playlist,2025-11-11,2026-05-01,0,0,,
05c324d7880eaf7c5dab7efd20cf9db7,cUcbr1g7Lhs,Merry Christmas & Happy New Year 2026🎅Top Christmas Songs Playlist!🎶Best Christmas Song 2026,https://www.youtube.com/watch?v=cUcbr1g7Lhs,Christmas Playlist,2025-12-30,2026-05-01,0.10000000000000000000,0,-66.7,-100.0
05c324d7880eaf7c5dab7efd20cf9db7,WZBGT6XFs_w,Top 100 Christmas Songs of All Time🎄Best Christmas Music Playlist,https://www.youtube.com/watch?v=WZBGT6XFs_w,Christmas Playlist,2025-12-19,2026-05-01,0,0,,
05c324d7880eaf7c5dab7efd20cf9db7,eXstCSe2xyU,Top 50 Christmas Songs of All Time 🎄 3 Hour Christmas Music Playlist,https://www.youtube.com/watch?v=eXstCSe2xyU,Christmas Playlist,2025-10-19,2026-05-01,0,0,,
05c324d7880eaf7c5dab7efd20cf9db7,eu4IFPwZuZs,Top Christmas Songs of All Time 🎁 Best Christmas Music Playlist 2026 🎄 Merry Christmas Songs 2026,https://www.youtube.com/watch?v=eu4IFPwZuZs,Christmas Playlist,2025-11-25,2026-05-01,0.20000000000000000000,0,-33.3,-100.0
05c324d7880eaf7c5dab7efd20cf9db7,DBo0MjxBWC0,Top 50 Christmas Songs of All Time 🎄 3 Hour Christmas Music Playlist,https://www.youtube.com/watch?v=DBo0MjxBWC0,Christmas Playlist,2025-12-28,2026-04-01,4.80000000000000000000,0.05280000000000000000,200.0,-13.2
05c324d7880eaf7c5dab7efd20cf9db7,rD9x22uQy14,Top Christmas Songs of All Time 🎅🏼 Best Christmas Music Playlist 2026,https://www.youtube.com/watch?v=rD9x22uQy14,Christmas Playlist,2025-10-04,2026-04-01,0.10000000000000000000,0.02480000000000000000,-66.7,1205.3
05c324d7880eaf7c5dab7efd20cf9db7,mrSyOPUxKAM,Top 100 Christmas Songs of All Time 🎄 3 Hour Christmas Music Playlist 2026,https://www.youtube.com/watch?v=mrSyOPUxKAM,Christmas Playlist,2025-12-13,2026-04-01,6.60000000000000000000,0.02400000000000000000,-23.3,3900.0
05c324d7880eaf7c5dab7efd20cf9db7,bP7vmBhEnN0,Top 100 Christmas Songs of All Time 🎄 3 Hour Christmas Music Playlist,https://www.youtube.com/watch?v=bP7vmBhEnN0,Christmas Playlist,2025-12-27,2026-04-01,0.70000000000000000000,0.01860000000000000000,250.0,9200.0
05c324d7880eaf7c5dab7efd20cf9db7,8-wOZmy8BJs,Top 25 Pop Christmas Songs Playlist 🎅🏻 3 Hour Pop Christmas Music Playlist,https://www.youtube.com/watch?v=8-wOZmy8BJs,Christmas Playlist,2025-10-29,2026-04-01,3.60000000000000000000,0.016800000000000000000000,-35.7,-44.4
05c324d7880eaf7c5dab7efd20cf9db7,Hmd9jc-BYec,Best Christmas Songs 2026 🎅🏻 Christmas Music Playlist 🎄 Christmas Carols 2026,https://www.youtube.com/watch?v=Hmd9jc-BYec,Christmas Playlist,2025-12-11,2026-04-01,3.00000000000000000000,0.00700000000000000000,20.0,-17.6
05c324d7880eaf7c5dab7efd20cf9db7,dYCGG9_aOTw,Top Christmas Songs Playlist 2026🎅🏼 Christmas Music 2026🎄 Merry Christmas 2026🌟 Christmas Songs 2026,https://www.youtube.com/watch?v=dYCGG9_aOTw,Christmas Playlist,2025-12-26,2026-04-01,0.90000000000000000000,0.006100000000000000000000,800.0,
05c324d7880eaf7c5dab7efd20cf9db7,xk7XLrreFLs,Top 20 Christmas Songs of All Time 🎄 3 Hour Christmas Music Playlist,https://www.youtube.com/watch?v=xk7XLrreFLs,Christmas Playlist,2026-03-24,2026-04-01,2.80000000000000000000,0.00260000000000000000,7.7,-56.7
05c324d7880eaf7c5dab7efd20cf9db7,5ht8G-KBB-E,Top 100 Christmas Songs of All Time🎄Best Christmas Music Playlist,https://www.youtube.com/watch?v=5ht8G-KBB-E,Christmas Playlist,2025-12-01,2026-04-01,0.20000000000000000000,0.00140000000000000000,100.0,-6.7
05c324d7880eaf7c5dab7efd20cf9db7,eu4IFPwZuZs,Top Christmas Songs of All Time 🎁 Best Christmas Music Playlist 2026 🎄 Merry Christmas Songs 2026,https://www.youtube.com/watch?v=eu4IFPwZuZs,Christmas Playlist,2025-11-25,2026-04-01,0.30000000000000000000,0.00140000000000000000,-57.1,-94.4
05c324d7880eaf7c5dab7efd20cf9db7,2SI7o2eCD44,Top 100 Christmas Songs of All Time 🎄 3 Hour Christmas Music Playlist,https://www.youtube.com/watch?v=2SI7o2eCD44,Christmas Playlist,2025-12-23,2026-04-01,0.10000000000000000000,0.000400000000000000000000,-66.7,-71.4
05c324d7880eaf7c5dab7efd20cf9db7,cUcbr1g7Lhs,Merry Christmas & Happy New Year 2026🎅Top Christmas Songs Playlist!🎶Best Christmas Song 2026,https://www.youtube.com/watch?v=cUcbr1g7Lhs,Christmas Playlist,2025-12-30,2026-04-01,0.30000000000000000000,0.000100000000000000000000,200.0,
05c324d7880eaf7c5dab7efd20cf9db7,lgcweeI-9E0,Top 25 Pop Christmas Songs Playlist 🎅🏻 3 Hour Pop Christmas Music Playlist,https://www.youtube.com/watch?v=lgcweeI-9E0,Christmas Playlist,2025-11-11,2026-04-01,0,0,-100.0,-100.0
05c324d7880eaf7c5dab7efd20cf9db7,uI6bJT296Ac,Top 100 Christmas Songs of All Time 🎄 3 Hour Christmas Music Playlist,https://www.youtube.com/watch?v=uI6bJT296Ac,Christmas Playlist,2025-12-08,2026-04-01,0,0,-100.0,
05c324d7880eaf7c5dab7efd20cf9db7,eXstCSe2xyU,Top 50 Christmas Songs of All Time 🎄 3 Hour Christmas Music Playlist,https://www.youtube.com/watch?v=eXstCSe2xyU,Christmas Playlist,2025-10-19,2026-04-01,0,0,-100.0,
05c324d7880eaf7c5dab7efd20cf9db7,WZBGT6XFs_w,Top 100 Christmas Songs of All Time🎄Best Christmas Music Playlist,https://www.youtube.com/watch?v=WZBGT6XFs_w,Christmas Playlist,2025-12-19,2026-04-01,0,0,-100.0,
05c324d7880eaf7c5dab7efd20cf9db7,AoXTyYQ8LfI,Top 100 Christmas Songs of All Time 🎄 3 Hour Christmas Music Playlist,https://www.youtube.com/watch?v=AoXTyYQ8LfI,Christmas Playlist,2025-11-06,2026-04-01,0,0,-100.0,
05c324d7880eaf7c5dab7efd20cf9db7,BM8pErXXJAY,Happy New Year 2026🎉 Top Christmas Songs of All Time 🎅🏼 Best Christmas Music Playlist,https://www.youtube.com/watch?v=BM8pErXXJAY,Christmas Playlist,2026-01-01,2026-04-01,0.40000000000000000000,0,-86.7,
05c324d7880eaf7c5dab7efd20cf9db7,JOeM-PbMKl4,Top Christmas Songs of All Time 🎅🏼 Best Christmas Music Playlist 🎄 Merry Christmas Songs 2026,https://www.youtube.com/watch?v=JOeM-PbMKl4,Christmas Playlist,2025-10-05,2026-04-01,0,0,-100.0,
05c324d7880eaf7c5dab7efd20cf9db7,DBo0MjxBWC0,Top 50 Christmas Songs of All Time 🎄 3 Hour Christmas Music Playlist,https://www.youtube.com/watch?v=DBo0MjxBWC0,Christmas Playlist,2025-12-28,2026-03-01,1.60000000000000000000,0.06080000000000000000,0.0,2433.3
05c324d7880eaf7c5dab7efd20cf9db7,8-wOZmy8BJs,Top 25 Pop Christmas Songs Playlist 🎅🏻 3 Hour Pop Christmas Music Playlist,https://www.youtube.com/watch?v=8-wOZmy8BJs,Christmas Playlist,2025-10-29,2026-03-01,5.60000000000000000000,0.03020000000000000000,-34.9,-34.6
05c324d7880eaf7c5dab7efd20cf9db7,eu4IFPwZuZs,Top Christmas Songs of All Time 🎁 Best Christmas Music Playlist 2026 🎄 Merry Christmas Songs 2026,https://www.youtube.com/watch?v=eu4IFPwZuZs,Christmas Playlist,2025-11-25,2026-03-01,0.70000000000000000000,0.02480000000000000000,-75.0,-80.8
05c324d7880eaf7c5dab7efd20cf9db7,Hmd9jc-BYec,Best Christmas Songs 2026 🎅🏻 Christmas Music Playlist 🎄 Christmas Carols 2026,https://www.youtube.com/watch?v=Hmd9jc-BYec,Christmas Playlist,2025-12-11,2026-03-01,2.50000000000000000000,0.00850000000000000000,-58.3,112.5
05c324d7880eaf7c5dab7efd20cf9db7,xk7XLrreFLs,Top 20 Christmas Songs of All Time 🎄 3 Hour Christmas Music Playlist,https://www.youtube.com/watch?v=xk7XLrreFLs,Christmas Playlist,2026-03-24,2026-03-01,2.60000000000000000000,0.00600000000000000000,,
05c324d7880eaf7c5dab7efd20cf9db7,rD9x22uQy14,Top Christmas Songs of All Time 🎅🏼 Best Christmas Music Playlist 2026,https://www.youtube.com/watch?v=rD9x22uQy14,Christmas Playlist,2025-10-04,2026-03-01,0.30000000000000000000,0.00190000000000000000,-25.0,5.6
05c324d7880eaf7c5dab7efd20cf9db7,lgcweeI-9E0,Top 25 Pop Christmas Songs Playlist 🎅🏻 3 Hour Pop Christmas Music Playlist,https://www.youtube.com/watch?v=lgcweeI-9E0,Christmas Playlist,2025-11-11,2026-03-01,0.50000000000000000000,0.00150000000000000000,,
05c324d7880eaf7c5dab7efd20cf9db7,5ht8G-KBB-E,Top 100 Christmas Songs of All Time🎄Best Christmas Music Playlist,https://www.youtube.com/watch?v=5ht8G-KBB-E,Christmas Playlist,2025-12-01,2026-03-01,0.10000000000000000000,0.00150000000000000000,-66.7,-6.3
05c324d7880eaf7c5dab7efd20cf9db7,2SI7o2eCD44,Top 100 Christmas Songs of All Time 🎄 3 Hour Christmas Music Playlist,https://www.youtube.com/watch?v=2SI7o2eCD44,Christmas Playlist,2025-12-23,2026-03-01,0.30000000000000000000,0.00140000000000000000,-50.0,-88.5
05c324d7880eaf7c5dab7efd20cf9db7,mrSyOPUxKAM,Top 100 Christmas Songs of All Time 🎄 3 Hour Christmas Music Playlist 2026,https://www.youtube.com/watch?v=mrSyOPUxKAM,Christmas Playlist,2025-12-13,2026-03-01,8.60000000000000000000,0.00060000000000000000,34.4,-89.3
05c324d7880eaf7c5dab7efd20cf9db7,bP7vmBhEnN0,Top 100 Christmas Songs of All Time 🎄 3 Hour Christmas Music Playlist,https://www.youtube.com/watch?v=bP7vmBhEnN0,Christmas Playlist,2025-12-27,2026-03-01,0.20000000000000000000,0.000200000000000000000000,-60.0,-93.3
05c324d7880eaf7c5dab7efd20cf9db7,cUcbr1g7Lhs,Merry Christmas & Happy New Year 2026🎅Top Christmas Songs Playlist!🎶Best Christmas Song 2026,https://www.youtube.com/watch?v=cUcbr1g7Lhs,Christmas Playlist,2025-12-30,2026-03-01,0.10000000000000000000,0,-80.0,-100.0
05c324d7880eaf7c5dab7efd20cf9db7,dYCGG9_aOTw,Top Christmas Songs Playlist 2026🎅🏼 Christmas Music 2026🎄 Merry Christmas 2026🌟 Christmas Songs 2026,https://www.youtube.com/watch?v=dYCGG9_aOTw,Christmas Playlist,2025-12-26,2026-03-01,0.10000000000000000000,0,-88.9,-100.0
05c324d7880eaf7c5dab7efd20cf9db7,eXstCSe2xyU,Top 50 Christmas Songs of All Time 🎄 3 Hour Christmas Music Playlist,https://www.youtube.com/watch?v=eXstCSe2xyU,Christmas Playlist,2025-10-19,2026-03-01,0.10000000000000000000,0,,
05c324d7880eaf7c5dab7efd20cf9db7,WZBGT6XFs_w,Top 100 Christmas Songs of All Time🎄Best Christmas Music Playlist,https://www.youtube.com/watch?v=WZBGT6XFs_w,Christmas Playlist,2025-12-19,2026-03-01,0.40000000000000000000,0,-80.0,-100.0
05c324d7880eaf7c5dab7efd20cf9db7,uI6bJT296Ac,Top 100 Christmas Songs of All Time 🎄 3 Hour Christmas Music Playlist,https://www.youtube.com/watch?v=uI6bJT296Ac,Christmas Playlist,2025-12-08,2026-03-01,0.20000000000000000000,0,-33.3,-100.0
05c324d7880eaf7c5dab7efd20cf9db7,JOeM-PbMKl4,Top Christmas Songs of All Time 🎅🏼 Best Christmas Music Playlist 🎄 Merry Christmas Songs 2026,https://www.youtube.com/watch?v=JOeM-PbMKl4,Christmas Playlist,2025-10-05,2026-03-01,0.10000000000000000000,0,,
05c324d7880eaf7c5dab7efd20cf9db7,BM8pErXXJAY,Happy New Year 2026🎉 Top Christmas Songs of All Time 🎅🏼 Best Christmas Music Playlist,https://www.youtube.com/watch?v=BM8pErXXJAY,Christmas Playlist,2026-01-01,2026-03-01,3.00000000000000000000,0,275.0,
05c324d7880eaf7c5dab7efd20cf9db7,AoXTyYQ8LfI,Top 100 Christmas Songs of All Time 🎄 3 Hour Christmas Music Playlist,https://www.youtube.com/watch?v=AoXTyYQ8LfI,Christmas Playlist,2025-11-06,2026-03-01,0.10000000000000000000,0,0.0,
05c324d7880eaf7c5dab7efd20cf9db7,eu4IFPwZuZs,Top Christmas Songs of All Time 🎁 Best Christmas Music Playlist 2026 🎄 Merry Christmas Songs 2026,https://www.youtube.com/watch?v=eu4IFPwZuZs,Christmas Playlist,2025-11-25,2026-02-01,2.80000000000000000000,0.12930000000000000000,-75.2,242.1
05c324d7880eaf7c5dab7efd20cf9db7,8-wOZmy8BJs,Top 25 Pop Christmas Songs Playlist 🎅🏻 3 Hour Pop Christmas Music Playlist,https://www.youtube.com/watch?v=8-wOZmy8BJs,Christmas Playlist,2025-10-29,2026-02-01,8.60000000000000000000,0.046200000000000000000000,-77.3,-70.1
05c324d7880eaf7c5dab7efd20cf9db7,2SI7o2eCD44,Top 100 Christmas Songs of All Time 🎄 3 Hour Christmas Music Playlist,https://www.youtube.com/watch?v=2SI7o2eCD44,Christmas Playlist,2025-12-23,2026-02-01,0.60000000000000000000,0.012200000000000000000000,-76.9,-39.6
05c324d7880eaf7c5dab7efd20cf9db7,dYCGG9_aOTw,Top Christmas Songs Playlist 2026🎅🏼 Christmas Music 2026🎄 Merry Christmas 2026🌟 Christmas Songs 2026,https://www.youtube.com/watch?v=dYCGG9_aOTw,Christmas Playlist,2025-12-26,2026-02-01,0.90000000000000000000,0.00720000000000000000,-77.5,-60.9
05c324d7880eaf7c5dab7efd20cf9db7,WZBGT6XFs_w,Top 100 Christmas Songs of All Time🎄Best Christmas Music Playlist,https://www.youtube.com/watch?v=WZBGT6XFs_w,Christmas Playlist,2025-12-19,2026-02-01,2.00000000000000000000,0.00700000000000000000,-88.8,-94.7
05c324d7880eaf7c5dab7efd20cf9db7,mrSyOPUxKAM,Top 100 Christmas Songs of All Time 🎄 3 Hour Christmas Music Playlist 2026,https://www.youtube.com/watch?v=mrSyOPUxKAM,Christmas Playlist,2025-12-13,2026-02-01,6.40000000000000000000,0.00560000000000000000,-76.8,-93.0
05c324d7880eaf7c5dab7efd20cf9db7,Hmd9jc-BYec,Best Christmas Songs 2026 🎅🏻 Christmas Music Playlist 🎄 Christmas Carols 2026,https://www.youtube.com/watch?v=Hmd9jc-BYec,Christmas Playlist,2025-12-11,2026-02-01,6.00000000000000000000,0.00400000000000000000,-76.5,-93.7
05c324d7880eaf7c5dab7efd20cf9db7,bP7vmBhEnN0,Top 100 Christmas Songs of All Time 🎄 3 Hour Christmas Music Playlist,https://www.youtube.com/watch?v=bP7vmBhEnN0,Christmas Playlist,2025-12-27,2026-02-01,0.50000000000000000000,0.00300000000000000000,-28.6,-58.3
05c324d7880eaf7c5dab7efd20cf9db7,DBo0MjxBWC0,Top 50 Christmas Songs of All Time 🎄 3 Hour Christmas Music Playlist,https://www.youtube.com/watch?v=DBo0MjxBWC0,Christmas Playlist,2025-12-28,2026-02-01,1.60000000000000000000,0.00240000000000000000,-33.3,-60.0
05c324d7880eaf7c5dab7efd20cf9db7,rD9x22uQy14,Top Christmas Songs of All Time 🎅🏼 Best Christmas Music Playlist 2026,https://www.youtube.com/watch?v=rD9x22uQy14,Christmas Playlist,2025-10-04,2026-02-01,0.40000000000000000000,0.001800000000000000000000,0.0,1700.0
05c324d7880eaf7c5dab7efd20cf9db7,5ht8G-KBB-E,Top 100 Christmas Songs of All Time🎄Best Christmas Music Playlist,https://www.youtube.com/watch?v=5ht8G-KBB-E,Christmas Playlist,2025-12-01,2026-02-01,0.30000000000000000000,0.00160000000000000000,-93.3,-93.9
05c324d7880eaf7c5dab7efd20cf9db7,uI6bJT296Ac,Top 100 Christmas Songs of All Time 🎄 3 Hour Christmas Music Playlist,https://www.youtube.com/watch?v=uI6bJT296Ac,Christmas Playlist,2025-12-08,2026-02-01,0.30000000000000000000,0.00020000000000000000,-25.0,0.0
05c324d7880eaf7c5dab7efd20cf9db7,cUcbr1g7Lhs,Merry Christmas & Happy New Year 2026🎅Top Christmas Songs Playlist!🎶Best Christmas Song 2026,https://www.youtube.com/watch?v=cUcbr1g7Lhs,Christmas Playlist,2025-12-30,2026-02-01,0.50000000000000000000,0.000100000000000000000000,-90.9,-99.5
05c324d7880eaf7c5dab7efd20cf9db7,lgcweeI-9E0,Top 25 Pop Christmas Songs Playlist 🎅🏻 3 Hour Pop Christmas Music Playlist,https://www.youtube.com/watch?v=lgcweeI-9E0,Christmas Playlist,2025-11-11,2026-02-01,0,0,,
05c324d7880eaf7c5dab7efd20cf9db7,eXstCSe2xyU,Top 50 Christmas Songs of All Time 🎄 3 Hour Christmas Music Playlist,https://www.youtube.com/watch?v=eXstCSe2xyU,Christmas Playlist,2025-10-19,2026-02-01,0,0,,
05c324d7880eaf7c5dab7efd20cf9db7,AoXTyYQ8LfI,Top 100 Christmas Songs of All Time 🎄 3 Hour Christmas Music Playlist,https://www.youtube.com/watch?v=AoXTyYQ8LfI,Christmas Playlist,2025-11-06,2026-02-01,0.10000000000000000000,0,0.0,
05c324d7880eaf7c5dab7efd20cf9db7,BM8pErXXJAY,Happy New Year 2026🎉 Top Christmas Songs of All Time 🎅🏼 Best Christmas Music Playlist,https://www.youtube.com/watch?v=BM8pErXXJAY,Christmas Playlist,2026-01-01,2026-02-01,0.80000000000000000000,0,-93.2,
05c324d7880eaf7c5dab7efd20cf9db7,JOeM-PbMKl4,Top Christmas Songs of All Time 🎅🏼 Best Christmas Music Playlist 🎄 Merry Christmas Songs 2026,https://www.youtube.com/watch?v=JOeM-PbMKl4,Christmas Playlist,2025-10-05,2026-02-01,0,0,,
05c324d7880eaf7c5dab7efd20cf9db7,8-wOZmy8BJs,Top 25 Pop Christmas Songs Playlist 🎅🏻 3 Hour Pop Christmas Music Playlist,https://www.youtube.com/watch?v=8-wOZmy8BJs,Christmas Playlist,2025-10-29,2026-01-01,37.90000000000000000000,0.154300000000000000000000,-99.6,-99.9
05c324d7880eaf7c5dab7efd20cf9db7,WZBGT6XFs_w,Top 100 Christmas Songs of All Time🎄Best Christmas Music Playlist,https://www.youtube.com/watch?v=WZBGT6XFs_w,Christmas Playlist,2025-12-19,2026-01-01,17.80000000000000000000,0.13320000000000000000,-98.5,-99.3
05c324d7880eaf7c5dab7efd20cf9db7,mrSyOPUxKAM,Top 100 Christmas Songs of All Time 🎄 3 Hour Christmas Music Playlist 2026,https://www.youtube.com/watch?v=mrSyOPUxKAM,Christmas Playlist,2025-12-13,2026-01-01,27.60000000000000000000,0.08040000000000000000,-98.9,-99.6
05c324d7880eaf7c5dab7efd20cf9db7,Hmd9jc-BYec,Best Christmas Songs 2026 🎅🏻 Christmas Music Playlist 🎄 Christmas Carols 2026,https://www.youtube.com/watch?v=Hmd9jc-BYec,Christmas Playlist,2025-12-11,2026-01-01,25.50000000000000000000,0.06350000000000000000,-99.8,-99.9
05c324d7880eaf7c5dab7efd20cf9db7,eu4IFPwZuZs,Top Christmas Songs of All Time 🎁 Best Christmas Music Playlist 2026 🎄 Merry Christmas Songs 2026,https://www.youtube.com/watch?v=eu4IFPwZuZs,Christmas Playlist,2025-11-25,2026-01-01,11.30000000000000000000,0.03780000000000000000,-99.1,-99.8
05c324d7880eaf7c5dab7efd20cf9db7,5ht8G-KBB-E,Top 100 Christmas Songs of All Time🎄Best Christmas Music Playlist,https://www.youtube.com/watch?v=5ht8G-KBB-E,Christmas Playlist,2025-12-01,2026-01-01,4.50000000000000000000,0.02640000000000000000,-99.2,-99.7
05c324d7880eaf7c5dab7efd20cf9db7,cUcbr1g7Lhs,Merry Christmas & Happy New Year 2026🎅Top Christmas Songs Playlist!🎶Best Christmas Song 2026,https://www.youtube.com/watch?v=cUcbr1g7Lhs,Christmas Playlist,2025-12-30,2026-01-01,5.50000000000000000000,0.02160000000000000000,-88.2,-94.1
05c324d7880eaf7c5dab7efd20cf9db7,2SI7o2eCD44,Top 100 Christmas Songs of All Time 🎄 3 Hour Christmas Music Playlist,https://www.youtube.com/watch?v=2SI7o2eCD44,Christmas Playlist,2025-12-23,2026-01-01,2.60000000000000000000,0.02020000000000000000,-99.7,-99.5
05c324d7880eaf7c5dab7efd20cf9db7,dYCGG9_aOTw,Top Christmas Songs Playlist 2026🎅🏼 Christmas Music 2026🎄 Merry Christmas 2026🌟 Christmas Songs 2026,https://www.youtube.com/watch?v=dYCGG9_aOTw,Christmas Playlist,2025-12-26,2026-01-01,4.00000000000000000000,0.01840000000000000000,-95.5,-97.9
05c324d7880eaf7c5dab7efd20cf9db7,bP7vmBhEnN0,Top 100 Christmas Songs of All Time 🎄 3 Hour Christmas Music Playlist,https://www.youtube.com/watch?v=bP7vmBhEnN0,Christmas Playlist,2025-12-27,2026-01-01,0.70000000000000000000,0.007200000000000000000000,-97.9,-98.2
05c324d7880eaf7c5dab7efd20cf9db7,DBo0MjxBWC0,Top 50 Christmas Songs of All Time 🎄 3 Hour Christmas Music Playlist,https://www.youtube.com/watch?v=DBo0MjxBWC0,Christmas Playlist,2025-12-28,2026-01-01,2.40000000000000000000,0.00600000000000000000,-97.4,-98.6
05c324d7880eaf7c5dab7efd20cf9db7,uI6bJT296Ac,Top 100 Christmas Songs of All Time 🎄 3 Hour Christmas Music Playlist,https://www.youtube.com/watch?v=uI6bJT296Ac,Christmas Playlist,2025-12-08,2026-01-01,0.40000000000000000000,0.00020000000000000000,-99.5,-100.0
05c324d7880eaf7c5dab7efd20cf9db7,rD9x22uQy14,Top Christmas Songs of All Time 🎅🏼 Best Christmas Music Playlist 2026,https://www.youtube.com/watch?v=rD9x22uQy14,Christmas Playlist,2025-10-04,2026-01-01,0.40000000000000000000,0.000100000000000000000000,-99.0,-100.0
05c324d7880eaf7c5dab7efd20cf9db7,eXstCSe2xyU,Top 50 Christmas Songs of All Time 🎄 3 Hour Christmas Music Playlist,https://www.youtube.com/watch?v=eXstCSe2xyU,Christmas Playlist,2025-10-19,2026-01-01,0,0,-100.0,-100.0
05c324d7880eaf7c5dab7efd20cf9db7,lgcweeI-9E0,Top 25 Pop Christmas Songs Playlist 🎅🏻 3 Hour Pop Christmas Music Playlist,https://www.youtube.com/watch?v=lgcweeI-9E0,Christmas Playlist,2025-11-11,2026-01-01,0,0,-100.0,-100.0
05c324d7880eaf7c5dab7efd20cf9db7,JOeM-PbMKl4,Top Christmas Songs of All Time 🎅🏼 Best Christmas Music Playlist 🎄 Merry Christmas Songs 2026,https://www.youtube.com/watch?v=JOeM-PbMKl4,Christmas Playlist,2025-10-05,2026-01-01,0,0,-100.0,
05c324d7880eaf7c5dab7efd20cf9db7,BM8pErXXJAY,Happy New Year 2026🎉 Top Christmas Songs of All Time 🎅🏼 Best Christmas Music Playlist,https://www.youtube.com/watch?v=BM8pErXXJAY,Christmas Playlist,2026-01-01,2026-01-01,11.80000000000000000000,0,-85.4,-100.0
05c324d7880eaf7c5dab7efd20cf9db7,AoXTyYQ8LfI,Top 100 Christmas Songs of All Time 🎄 3 Hour Christmas Music Playlist,https://www.youtube.com/watch?v=AoXTyYQ8LfI,Christmas Playlist,2025-11-06,2026-01-01,0.10000000000000000000,0,-99.6,-100.0
05c324d7880eaf7c5dab7efd20cf9db7,8-wOZmy8BJs,Top 25 Pop Christmas Songs Playlist 🎅🏻 3 Hour Pop Christmas Music Playlist,https://www.youtube.com/watch?v=8-wOZmy8BJs,Christmas Playlist,2025-10-29,2025-12-01,8865.3000000000000000,170.13010000000000000000,426.5,735.6
05c324d7880eaf7c5dab7efd20cf9db7,Hmd9jc-BYec,Best Christmas Songs 2026 🎅🏻 Christmas Music Playlist 🎄 Christmas Carols 2026,https://www.youtube.com/watch?v=Hmd9jc-BYec,Christmas Playlist,2025-12-11,2025-12-01,11199.5000000000000000,84.77550000000000000000,,
05c324d7880eaf7c5dab7efd20cf9db7,mrSyOPUxKAM,Top 100 Christmas Songs of All Time 🎄 3 Hour Christmas Music Playlist 2026,https://www.youtube.com/watch?v=mrSyOPUxKAM,Christmas Playlist,2025-12-13,2025-12-01,2450.2000000000000000,21.14800000000000000000,,
05c324d7880eaf7c5dab7efd20cf9db7,eu4IFPwZuZs,Top Christmas Songs of All Time 🎁 Best Christmas Music Playlist 2026 🎄 Merry Christmas Songs 2026,https://www.youtube.com/watch?v=eu4IFPwZuZs,Christmas Playlist,2025-11-25,2025-12-01,1301.8000000000000000,20.85760000000000000000,116.8,195.0
05c324d7880eaf7c5dab7efd20cf9db7,WZBGT6XFs_w,Top 100 Christmas Songs of All Time🎄Best Christmas Music Playlist,https://www.youtube.com/watch?v=WZBGT6XFs_w,Christmas Playlist,2025-12-19,2025-12-01,1195.4000000000000000,17.86740000000000000000,,
05c324d7880eaf7c5dab7efd20cf9db7,5ht8G-KBB-E,Top 100 Christmas Songs of All Time🎄Best Christmas Music Playlist,https://www.youtube.com/watch?v=5ht8G-KBB-E,Christmas Playlist,2025-12-01,2025-12-01,551.80000000000000000000,8.11070000000000000000,604.7,1084.7
05c324d7880eaf7c5dab7efd20cf9db7,2SI7o2eCD44,Top 100 Christmas Songs of All Time 🎄 3 Hour Christmas Music Playlist,https://www.youtube.com/watch?v=2SI7o2eCD44,Christmas Playlist,2025-12-23,2025-12-01,903.50000000000000000000,3.79180000000000000000,,
05c324d7880eaf7c5dab7efd20cf9db7,uI6bJT296Ac,Top 100 Christmas Songs of All Time 🎄 3 Hour Christmas Music Playlist,https://www.youtube.com/watch?v=uI6bJT296Ac,Christmas Playlist,2025-12-08,2025-12-01,85.70000000000000000000,0.87750000000000000000,,
05c324d7880eaf7c5dab7efd20cf9db7,dYCGG9_aOTw,Top Christmas Songs Playlist 2026🎅🏼 Christmas Music 2026🎄 Merry Christmas 2026🌟 Christmas Songs 2026,https://www.youtube.com/watch?v=dYCGG9_aOTw,Christmas Playlist,2025-12-26,2025-12-01,88.40000000000000000000,0.86080000000000000000,,
05c324d7880eaf7c5dab7efd20cf9db7,rD9x22uQy14,Top Christmas Songs of All Time 🎅🏼 Best Christmas Music Playlist 2026,https://www.youtube.com/watch?v=rD9x22uQy14,Christmas Playlist,2025-10-04,2025-12-01,40.90000000000000000000,0.716600000000000000000000,23.2,354.4
05c324d7880eaf7c5dab7efd20cf9db7,DBo0MjxBWC0,Top 50 Christmas Songs of All Time 🎄 3 Hour Christmas Music Playlist,https://www.youtube.com/watch?v=DBo0MjxBWC0,Christmas Playlist,2025-12-28,2025-12-01,91.60000000000000000000,0.43300000000000000000,,
05c324d7880eaf7c5dab7efd20cf9db7,bP7vmBhEnN0,Top 100 Christmas Songs of All Time 🎄 3 Hour Christmas Music Playlist,https://www.youtube.com/watch?v=bP7vmBhEnN0,Christmas Playlist,2025-12-27,2025-12-01,33.80000000000000000000,0.39530000000000000000,,
05c324d7880eaf7c5dab7efd20cf9db7,cUcbr1g7Lhs,Merry Christmas & Happy New Year 2026🎅Top Christmas Songs Playlist!🎶Best Christmas Song 2026,https://www.youtube.com/watch?v=cUcbr1g7Lhs,Christmas Playlist,2025-12-30,2025-12-01,46.8000000000000000,0.36840000000000000000,,
05c324d7880eaf7c5dab7efd20cf9db7,AoXTyYQ8LfI,Top 100 Christmas Songs of All Time 🎄 3 Hour Christmas Music Playlist,https://www.youtube.com/watch?v=AoXTyYQ8LfI,Christmas Playlist,2025-11-06,2025-12-01,24.40000000000000000000,0.20240000000000000000,-67.7,-6.9
05c324d7880eaf7c5dab7efd20cf9db7,BM8pErXXJAY,Happy New Year 2026🎉 Top Christmas Songs of All Time 🎅🏼 Best Christmas Music Playlist,https://www.youtube.com/watch?v=BM8pErXXJAY,Christmas Playlist,2026-01-01,2025-12-01,81.0000000000000000,0.09880000000000000000,,
05c324d7880eaf7c5dab7efd20cf9db7,lgcweeI-9E0,Top 25 Pop Christmas Songs Playlist 🎅🏻 3 Hour Pop Christmas Music Playlist,https://www.youtube.com/watch?v=lgcweeI-9E0,Christmas Playlist,2025-11-11,2025-12-01,13.50000000000000000000,0.07250000000000000000,-91.3,-92.1
05c324d7880eaf7c5dab7efd20cf9db7,eXstCSe2xyU,Top 50 Christmas Songs of All Time 🎄 3 Hour Christmas Music Playlist,https://www.youtube.com/watch?v=eXstCSe2xyU,Christmas Playlist,2025-10-19,2025-12-01,1.80000000000000000000,0.00350000000000000000,-69.5,-10.3
05c324d7880eaf7c5dab7efd20cf9db7,JOeM-PbMKl4,Top Christmas Songs of All Time 🎅🏼 Best Christmas Music Playlist 🎄 Merry Christmas Songs 2026,https://www.youtube.com/watch?v=JOeM-PbMKl4,Christmas Playlist,2025-10-05,2025-12-01,1.90000000000000000000,0,-40.6,
05c324d7880eaf7c5dab7efd20cf9db7,8-wOZmy8BJs,Top 25 Pop Christmas Songs Playlist 🎅🏻 3 Hour Pop Christmas Music Playlist,https://www.youtube.com/watch?v=8-wOZmy8BJs,Christmas Playlist,2025-10-29,2025-11-01,1683.7000000000000000,20.35910000000000000000,543.1,
05c324d7880eaf7c5dab7efd20cf9db7,eu4IFPwZuZs,Top Christmas Songs of All Time 🎁 Best Christmas Music Playlist 2026 🎄 Merry Christmas Songs 2026,https://www.youtube.com/watch?v=eu4IFPwZuZs,Christmas Playlist,2025-11-25,2025-11-01,600.5000000000000000,7.07150000000000000000,,
05c324d7880eaf7c5dab7efd20cf9db7,lgcweeI-9E0,Top 25 Pop Christmas Songs Playlist 🎅🏻 3 Hour Pop Christmas Music Playlist,https://www.youtube.com/watch?v=lgcweeI-9E0,Christmas Playlist,2025-11-11,2025-11-01,155.50000000000000000000,0.91400000000000000000,,
05c324d7880eaf7c5dab7efd20cf9db7,5ht8G-KBB-E,Top 100 Christmas Songs of All Time🎄Best Christmas Music Playlist,https://www.youtube.com/watch?v=5ht8G-KBB-E,Christmas Playlist,2025-12-01,2025-11-01,78.3000000000000000,0.68460000000000000000,,
05c324d7880eaf7c5dab7efd20cf9db7,AoXTyYQ8LfI,Top 100 Christmas Songs of All Time 🎄 3 Hour Christmas Music Playlist,https://www.youtube.com/watch?v=AoXTyYQ8LfI,Christmas Playlist,2025-11-06,2025-11-01,75.50000000000000000000,0.217400000000000000000000,,
05c324d7880eaf7c5dab7efd20cf9db7,rD9x22uQy14,Top Christmas Songs of All Time 🎅🏼 Best Christmas Music Playlist 2026,https://www.youtube.com/watch?v=rD9x22uQy14,Christmas Playlist,2025-10-04,2025-11-01,33.20000000000000000000,0.15770000000000000000,-82.1,
05c324d7880eaf7c5dab7efd20cf9db7,eXstCSe2xyU,Top 50 Christmas Songs of All Time 🎄 3 Hour Christmas Music Playlist,https://www.youtube.com/watch?v=eXstCSe2xyU,Christmas Playlist,2025-10-19,2025-11-01,5.90000000000000000000,0.003900000000000000000000,-88.0,
05c324d7880eaf7c5dab7efd20cf9db7,JOeM-PbMKl4,Top Christmas Songs of All Time 🎅🏼 Best Christmas Music Playlist 🎄 Merry Christmas Songs 2026,https://www.youtube.com/watch?v=JOeM-PbMKl4,Christmas Playlist,2025-10-05,2025-11-01,3.20000000000000000000,0,-92.5,
05c324d7880eaf7c5dab7efd20cf9db7,JOeM-PbMKl4,Top Christmas Songs of All Time 🎅🏼 Best Christmas Music Playlist 🎄 Merry Christmas Songs 2026,https://www.youtube.com/watch?v=JOeM-PbMKl4,Christmas Playlist,2025-10-05,2025-10-01,42.60000000000000000000,0,,
05c324d7880eaf7c5dab7efd20cf9db7,8-wOZmy8BJs,Top 25 Pop Christmas Songs Playlist 🎅🏻 3 Hour Pop Christmas Music Playlist,https://www.youtube.com/watch?v=8-wOZmy8BJs,Christmas Playlist,2025-10-29,2025-10-01,261.8000000000000000,0,,
05c324d7880eaf7c5dab7efd20cf9db7,eXstCSe2xyU,Top 50 Christmas Songs of All Time 🎄 3 Hour Christmas Music Playlist,https://www.youtube.com/watch?v=eXstCSe2xyU,Christmas Playlist,2025-10-19,2025-10-01,49.00000000000000000000,0,,
05c324d7880eaf7c5dab7efd20cf9db7,rD9x22uQy14,Top Christmas Songs of All Time 🎅🏼 Best Christmas Music Playlist 2026,https://www.youtube.com/watch?v=rD9x22uQy14,Christmas Playlist,2025-10-04,2025-10-01,185.90000000000000000000,0,,
05c324d7880eaf7c5dab7efd20cf9db7,RhO9Qh1JN0A,Relaxing Tropical Deep House 2025🍹Best Chill Vocal Summer Mix in 4K UHD for TV by Deep Paradise,https://www.youtube.com/watch?v=RhO9Qh1JN0A,Deep Paradise,2025-09-09,2026-08-01,6.80000000000000000000,0.06100000000000000000,-82.5,-82.2
05c324d7880eaf7c5dab7efd20cf9db7,RhO9Qh1JN0A,Relaxing Tropical Deep House 2025🍹Best Chill Vocal Summer Mix in 4K UHD for TV by Deep Paradise,https://www.youtube.com/watch?v=RhO9Qh1JN0A,Deep Paradise,2025-09-09,2026-07-01,38.80000000000000000000,0.34360000000000000000,8.4,-31.7
05c324d7880eaf7c5dab7efd20cf9db7,RhO9Qh1JN0A,Relaxing Tropical Deep House 2025🍹Best Chill Vocal Summer Mix in 4K UHD for TV by Deep Paradise,https://www.youtube.com/watch?v=RhO9Qh1JN0A,Deep Paradise,2025-09-09,2026-06-01,35.80000000000000000000,0.50280000000000000000,-65.9,-45.9
05c324d7880eaf7c5dab7efd20cf9db7,RhO9Qh1JN0A,Relaxing Tropical Deep House 2025🍹Best Chill Vocal Summer Mix in 4K UHD for TV by Deep Paradise,https://www.youtube.com/watch?v=RhO9Qh1JN0A,Deep Paradise,2025-09-09,2026-05-01,105.00000000000000000000,0.93000000000000000000,257.1,458.2
05c324d7880eaf7c5dab7efd20cf9db7,RhO9Qh1JN0A,Relaxing Tropical Deep House 2025🍹Best Chill Vocal Summer Mix in 4K UHD for TV by Deep Paradise,https://www.youtube.com/watch?v=RhO9Qh1JN0A,Deep Paradise,2025-09-09,2026-04-01,29.40000000000000000000,0.16660000000000000000,8.1,-17.1
05c324d7880eaf7c5dab7efd20cf9db7,RhO9Qh1JN0A,Relaxing Tropical Deep House 2025🍹Best Chill Vocal Summer Mix in 4K UHD for TV by Deep Paradise,https://www.youtube.com/watch?v=RhO9Qh1JN0A,Deep Paradise,2025-09-09,2026-03-01,27.20000000000000000000,0.20100000000000000000,13.3,2.0
05c324d7880eaf7c5dab7efd20cf9db7,RhO9Qh1JN0A,Relaxing Tropical Deep House 2025🍹Best Chill Vocal Summer Mix in 4K UHD for TV by Deep Paradise,https://www.youtube.com/watch?v=RhO9Qh1JN0A,Deep Paradise,2025-09-09,2026-02-01,24.00000000000000000000,0.19700000000000000000,-11.8,-4.7
05c324d7880eaf7c5dab7efd20cf9db7,RhO9Qh1JN0A,Relaxing Tropical Deep House 2025🍹Best Chill Vocal Summer Mix in 4K UHD for TV by Deep Paradise,https://www.youtube.com/watch?v=RhO9Qh1JN0A,Deep Paradise,2025-09-09,2026-01-01,27.20000000000000000000,0.20680000000000000000,-58.7,-70.0
05c324d7880eaf7c5dab7efd20cf9db7,RhO9Qh1JN0A,Relaxing Tropical Deep House 2025🍹Best Chill Vocal Summer Mix in 4K UHD for TV by Deep Paradise,https://www.youtube.com/watch?v=RhO9Qh1JN0A,Deep Paradise,2025-09-09,2025-12-01,65.80000000000000000000,0.68880000000000000000,-35.1,-20.1
05c324d7880eaf7c5dab7efd20cf9db7,RhO9Qh1JN0A,Relaxing Tropical Deep House 2025🍹Best Chill Vocal Summer Mix in 4K UHD for TV by Deep Paradise,https://www.youtube.com/watch?v=RhO9Qh1JN0A,Deep Paradise,2025-09-09,2025-11-01,101.4000000000000000,0.86240000000000000000,-67.1,-69.1
05c324d7880eaf7c5dab7efd20cf9db7,RhO9Qh1JN0A,Relaxing Tropical Deep House 2025🍹Best Chill Vocal Summer Mix in 4K UHD for TV by Deep Paradise,https://www.youtube.com/watch?v=RhO9Qh1JN0A,Deep Paradise,2025-09-09,2025-10-01,308.2000000000000000,2.78680000000000000000,-90.9,-93.7
05c324d7880eaf7c5dab7efd20cf9db7,RhO9Qh1JN0A,Relaxing Tropical Deep House 2025🍹Best Chill Vocal Summer Mix in 4K UHD for TV by Deep Paradise,https://www.youtube.com/watch?v=RhO9Qh1JN0A,Deep Paradise,2025-09-09,2025-09-01,3403.8000000000000000,44.33240000000000000000,,
05c324d7880eaf7c5dab7efd20cf9db7,OpXKdR38kwI,The 50 Best Christmas Songs 🎁 Top Christmas Music Playlist 🎄 Merry Christmas 2026,https://www.youtube.com/watch?v=OpXKdR38kwI,Dreamy Christmas Melody,2025-11-16,2026-07-01,0.20000000000000000000,0,,
05c324d7880eaf7c5dab7efd20cf9db7,OpXKdR38kwI,The 50 Best Christmas Songs 🎁 Top Christmas Music Playlist 🎄 Merry Christmas 2026,https://www.youtube.com/watch?v=OpXKdR38kwI,Dreamy Christmas Melody,2025-11-16,2026-06-01,0,0,,
05c324d7880eaf7c5dab7efd20cf9db7,EbtvE5tkZS0,Merry Christmas 2026 🎄 Top 100 Christmas Songs Playlist 🎶 Best Holiday Music Mix for a Festive Time,https://www.youtube.com/watch?v=EbtvE5tkZS0,Dreamy Christmas Melody,2025-12-08,2026-06-01,0.10000000000000000000,0,,
05c324d7880eaf7c5dab7efd20cf9db7,ccIe8D66pWs,Ultimate Christmas Playlist 🎅🏼 Best Xmas Songs Ever for Relaxing Holidays & Cozy Nights ❄️,https://www.youtube.com/watch?v=ccIe8D66pWs,Dreamy Christmas Melody,2025-12-19,2026-06-01,0.30000000000000000000,0,200.0,
05c324d7880eaf7c5dab7efd20cf9db7,WVB6jBI8jEU,Christmas Music 2026 🎶 Top 50 Christmas Songs 🎄 Best Playlist for the Holidays,https://www.youtube.com/watch?v=WVB6jBI8jEU,Dreamy Christmas Melody,2025-11-17,2026-06-01,0,0,-100.0,
05c324d7880eaf7c5dab7efd20cf9db7,WVB6jBI8jEU,Christmas Music 2026 🎶 Top 50 Christmas Songs 🎄 Best Playlist for the Holidays,https://www.youtube.com/watch?v=WVB6jBI8jEU,Dreamy Christmas Melody,2025-11-17,2026-05-01,0.10000000000000000000,0,,
05c324d7880eaf7c5dab7efd20cf9db7,ccIe8D66pWs,Ultimate Christmas Playlist 🎅🏼 Best Xmas Songs Ever for Relaxing Holidays & Cozy Nights ❄️,https://www.youtube.com/watch?v=ccIe8D66pWs,Dreamy Christmas Melody,2025-12-19,2026-05-01,0.10000000000000000000,0,-50.0,
05c324d7880eaf7c5dab7efd20cf9db7,EbtvE5tkZS0,Merry Christmas 2026 🎄 Top 100 Christmas Songs Playlist 🎶 Best Holiday Music Mix for a Festive Time,https://www.youtube.com/watch?v=EbtvE5tkZS0,Dreamy Christmas Melody,2025-12-08,2026-05-01,0,0,,
05c324d7880eaf7c5dab7efd20cf9db7,OpXKdR38kwI,The 50 Best Christmas Songs 🎁 Top Christmas Music Playlist 🎄 Merry Christmas 2026,https://www.youtube.com/watch?v=OpXKdR38kwI,Dreamy Christmas Melody,2025-11-16,2026-05-01,0,0,,
05c324d7880eaf7c5dab7efd20cf9db7,JOi1U841-Pc,Top Christmas Songs of All Time 🎁 Best Christmas Music Playlist 2026 🎄 Merry Christmas,https://www.youtube.com/watch?v=JOi1U841-Pc,Dreamy Christmas Melody,2025-11-20,2026-05-01,0.10000000000000000000,0,,
05c324d7880eaf7c5dab7efd20cf9db7,JOi1U841-Pc,Top Christmas Songs of All Time 🎁 Best Christmas Music Playlist 2026 🎄 Merry Christmas,https://www.youtube.com/watch?v=JOi1U841-Pc,Dreamy Christmas Melody,2025-11-20,2026-04-01,0,0,,
05c324d7880eaf7c5dab7efd20cf9db7,OpXKdR38kwI,The 50 Best Christmas Songs 🎁 Top Christmas Music Playlist 🎄 Merry Christmas 2026,https://www.youtube.com/watch?v=OpXKdR38kwI,Dreamy Christmas Melody,2025-11-16,2026-04-01,0,0,,
05c324d7880eaf7c5dab7efd20cf9db7,EbtvE5tkZS0,Merry Christmas 2026 🎄 Top 100 Christmas Songs Playlist 🎶 Best Holiday Music Mix for a Festive Time,https://www.youtube.com/watch?v=EbtvE5tkZS0,Dreamy Christmas Melody,2025-12-08,2026-04-01,0,0,,
05c324d7880eaf7c5dab7efd20cf9db7,ccIe8D66pWs,Ultimate Christmas Playlist 🎅🏼 Best Xmas Songs Ever for Relaxing Holidays & Cozy Nights ❄️,https://www.youtube.com/watch?v=ccIe8D66pWs,Dreamy Christmas Melody,2025-12-19,2026-04-01,0.20000000000000000000,0,0.0,
05c324d7880eaf7c5dab7efd20cf9db7,WVB6jBI8jEU,Christmas Music 2026 🎶 Top 50 Christmas Songs 🎄 Best Playlist for the Holidays,https://www.youtube.com/watch?v=WVB6jBI8jEU,Dreamy Christmas Melody,2025-11-17,2026-04-01,0,0,,
05c324d7880eaf7c5dab7efd20cf9db7,WVB6jBI8jEU,Christmas Music 2026 🎶 Top 50 Christmas Songs 🎄 Best Playlist for the Holidays,https://www.youtube.com/watch?v=WVB6jBI8jEU,Dreamy Christmas Melody,2025-11-17,2026-03-01,0,0,,
05c324d7880eaf7c5dab7efd20cf9db7,ccIe8D66pWs,Ultimate Christmas Playlist 🎅🏼 Best Xmas Songs Ever for Relaxing Holidays & Cozy Nights ❄️,https://www.youtube.com/watch?v=ccIe8D66pWs,Dreamy Christmas Melody,2025-12-19,2026-03-01,0.20000000000000000000,0,100.0,
05c324d7880eaf7c5dab7efd20cf9db7,EbtvE5tkZS0,Merry Christmas 2026 🎄 Top 100 Christmas Songs Playlist 🎶 Best Holiday Music Mix for a Festive Time,https://www.youtube.com/watch?v=EbtvE5tkZS0,Dreamy Christmas Melody,2025-12-08,2026-03-01,0,0,,
05c324d7880eaf7c5dab7efd20cf9db7,OpXKdR38kwI,The 50 Best Christmas Songs 🎁 Top Christmas Music Playlist 🎄 Merry Christmas 2026,https://www.youtube.com/watch?v=OpXKdR38kwI,Dreamy Christmas Melody,2025-11-16,2026-03-01,0,0,,
05c324d7880eaf7c5dab7efd20cf9db7,JOi1U841-Pc,Top Christmas Songs of All Time 🎁 Best Christmas Music Playlist 2026 🎄 Merry Christmas,https://www.youtube.com/watch?v=JOi1U841-Pc,Dreamy Christmas Melody,2025-11-20,2026-03-01,0,0,,
05c324d7880eaf7c5dab7efd20cf9db7,JOi1U841-Pc,Top Christmas Songs of All Time 🎁 Best Christmas Music Playlist 2026 🎄 Merry Christmas,https://www.youtube.com/watch?v=JOi1U841-Pc,Dreamy Christmas Melody,2025-11-20,2026-02-01,0,0,-100.0,
05c324d7880eaf7c5dab7efd20cf9db7,OpXKdR38kwI,The 50 Best Christmas Songs 🎁 Top Christmas Music Playlist 🎄 Merry Christmas 2026,https://www.youtube.com/watch?v=OpXKdR38kwI,Dreamy Christmas Melody,2025-11-16,2026-02-01,0,0,,
05c324d7880eaf7c5dab7efd20cf9db7,EbtvE5tkZS0,Merry Christmas 2026 🎄 Top 100 Christmas Songs Playlist 🎶 Best Holiday Music Mix for a Festive Time,https://www.youtube.com/watch?v=EbtvE5tkZS0,Dreamy Christmas Melody,2025-12-08,2026-02-01,0,0,,
05c324d7880eaf7c5dab7efd20cf9db7,AhqAT4yuD7w,Top 50 Christmas Songs of All Time ❄️ Best Christmas Music Playlist 2026 ⛪ Xmas Songs 2026,https://www.youtube.com/watch?v=AhqAT4yuD7w,Dreamy Christmas Melody,2025-12-07,2026-02-01,0.10000000000000000000,0,,
05c324d7880eaf7c5dab7efd20cf9db7,ccIe8D66pWs,Ultimate Christmas Playlist 🎅🏼 Best Xmas Songs Ever for Relaxing Holidays & Cozy Nights ❄️,https://www.youtube.com/watch?v=ccIe8D66pWs,Dreamy Christmas Melody,2025-12-19,2026-02-01,0.10000000000000000000,0,-85.7,
05c324d7880eaf7c5dab7efd20cf9db7,bybHtMyR3jo,Best Christmas Songs Playlist 2026 🎁 The Top 50 Christmas Songs 🎶 Merry Christmas,https://www.youtube.com/watch?v=bybHtMyR3jo,Dreamy Christmas Melody,2025-12-25,2026-02-01,0.10000000000000000000,0,-87.5,
05c324d7880eaf7c5dab7efd20cf9db7,WVB6jBI8jEU,Christmas Music 2026 🎶 Top 50 Christmas Songs 🎄 Best Playlist for the Holidays,https://www.youtube.com/watch?v=WVB6jBI8jEU,Dreamy Christmas Melody,2025-11-17,2026-02-01,0,0,-100.0,
05c324d7880eaf7c5dab7efd20cf9db7,VZEeaaWoUP4,Top Christmas Songs Of All Time 🎅 Best Christmas Songs 🎄 Christmas Songs And Carols,https://www.youtube.com/watch?v=VZEeaaWoUP4,Dreamy Christmas Melody,2025-12-29,2026-02-01,0.50000000000000000000,0,-90.9,
05c324d7880eaf7c5dab7efd20cf9db7,VZEeaaWoUP4,Top Christmas Songs Of All Time 🎅 Best Christmas Songs 🎄 Christmas Songs And Carols,https://www.youtube.com/watch?v=VZEeaaWoUP4,Dreamy Christmas Melody,2025-12-29,2026-01-01,5.50000000000000000000,0,-97.1,
05c324d7880eaf7c5dab7efd20cf9db7,kJSPrXCL6Dg,Merry Christmas 2026 🎄🎅 The Ultimate Christmas Music Playlist 🎶 Top Christmas Songs,https://www.youtube.com/watch?v=kJSPrXCL6Dg,Dreamy Christmas Melody,2025-11-10,2026-01-01,0.20000000000000000000,0,-94.7,
05c324d7880eaf7c5dab7efd20cf9db7,TKgFWbaAwLY,Merry Christmas 2026 🎄🎅 The Ultimate Christmas Music Playlist 🎶 Top Christmas Songs,https://www.youtube.com/watch?v=TKgFWbaAwLY,Dreamy Christmas Melody,2025-12-22,2026-01-01,0.50000000000000000000,0,-99.9,
05c324d7880eaf7c5dab7efd20cf9db7,WVB6jBI8jEU,Christmas Music 2026 🎶 Top 50 Christmas Songs 🎄 Best Playlist for the Holidays,https://www.youtube.com/watch?v=WVB6jBI8jEU,Dreamy Christmas Melody,2025-11-17,2026-01-01,0.10000000000000000000,0,-99.7,
05c324d7880eaf7c5dab7efd20cf9db7,bybHtMyR3jo,Best Christmas Songs Playlist 2026 🎁 The Top 50 Christmas Songs 🎶 Merry Christmas,https://www.youtube.com/watch?v=bybHtMyR3jo,Dreamy Christmas Melody,2025-12-25,2026-01-01,0.80000000000000000000,0,-98.2,
05c324d7880eaf7c5dab7efd20cf9db7,ccIe8D66pWs,Ultimate Christmas Playlist 🎅🏼 Best Xmas Songs Ever for Relaxing Holidays & Cozy Nights ❄️,https://www.youtube.com/watch?v=ccIe8D66pWs,Dreamy Christmas Melody,2025-12-19,2026-01-01,0.70000000000000000000,0,-98.2,
05c324d7880eaf7c5dab7efd20cf9db7,AhqAT4yuD7w,Top 50 Christmas Songs of All Time ❄️ Best Christmas Music Playlist 2026 ⛪ Xmas Songs 2026,https://www.youtube.com/watch?v=AhqAT4yuD7w,Dreamy Christmas Melody,2025-12-07,2026-01-01,0,0,-100.0,
05c324d7880eaf7c5dab7efd20cf9db7,OpXKdR38kwI,The 50 Best Christmas Songs 🎁 Top Christmas Music Playlist 🎄 Merry Christmas 2026,https://www.youtube.com/watch?v=OpXKdR38kwI,Dreamy Christmas Melody,2025-11-16,2026-01-01,0,0,-100.0,
05c324d7880eaf7c5dab7efd20cf9db7,JOi1U841-Pc,Top Christmas Songs of All Time 🎁 Best Christmas Music Playlist 2026 🎄 Merry Christmas,https://www.youtube.com/watch?v=JOi1U841-Pc,Dreamy Christmas Melody,2025-11-20,2026-01-01,0.10000000000000000000,0,-96.2,
05c324d7880eaf7c5dab7efd20cf9db7,-XC3fXVgf0k,Most Popular Christmas Songs 🎅🏼 Classic Holiday Hits for Merry Christmas Family Moments 🎁,https://www.youtube.com/watch?v=-XC3fXVgf0k,Dreamy Christmas Melody,2025-12-18,2026-01-01,0.70000000000000000000,0,-99.1,
05c324d7880eaf7c5dab7efd20cf9db7,EbtvE5tkZS0,Merry Christmas 2026 🎄 Top 100 Christmas Songs Playlist 🎶 Best Holiday Music Mix for a Festive Time,https://www.youtube.com/watch?v=EbtvE5tkZS0,Dreamy Christmas Melody,2025-12-08,2026-01-01,0,0,-100.0,
05c324d7880eaf7c5dab7efd20cf9db7,EbtvE5tkZS0,Merry Christmas 2026 🎄 Top 100 Christmas Songs Playlist 🎶 Best Holiday Music Mix for a Festive Time,https://www.youtube.com/watch?v=EbtvE5tkZS0,Dreamy Christmas Melody,2025-12-08,2025-12-01,0.60000000000000000000,0,,
05c324d7880eaf7c5dab7efd20cf9db7,JOi1U841-Pc,Top Christmas Songs of All Time 🎁 Best Christmas Music Playlist 2026 🎄 Merry Christmas,https://www.youtube.com/watch?v=JOi1U841-Pc,Dreamy Christmas Melody,2025-11-20,2025-12-01,2.60000000000000000000,0,160.0,
05c324d7880eaf7c5dab7efd20cf9db7,OpXKdR38kwI,The 50 Best Christmas Songs 🎁 Top Christmas Music Playlist 🎄 Merry Christmas 2026,https://www.youtube.com/watch?v=OpXKdR38kwI,Dreamy Christmas Melody,2025-11-16,2025-12-01,5.60000000000000000000,0,-21.1,
05c324d7880eaf7c5dab7efd20cf9db7,OrkhDlfR4Qw,Christmas Songs Medley ❄ Top 100 Christmas Holiday Hits 🎄 Merry Christmas 2026,https://www.youtube.com/watch?v=OrkhDlfR4Qw,Dreamy Christmas Melody,2025-11-30,2025-12-01,2.70000000000000000000,0,-86.1,
05c324d7880eaf7c5dab7efd20cf9db7,AhqAT4yuD7w,Top 50 Christmas Songs of All Time ❄️ Best Christmas Music Playlist 2026 ⛪ Xmas Songs 2026,https://www.youtube.com/watch?v=AhqAT4yuD7w,Dreamy Christmas Melody,2025-12-07,2025-12-01,20.80000000000000000000,0,,
05c324d7880eaf7c5dab7efd20cf9db7,IPttWcimh-w,Top Christmas Songs Of All Time 🎅 Best Christmas Songs 🎄 Christmas Songs And Carols,https://www.youtube.com/watch?v=IPttWcimh-w,Dreamy Christmas Melody,2025-11-18,2025-12-01,4.40000000000000000000,0,-43.6,
05c324d7880eaf7c5dab7efd20cf9db7,0CSoVAkjim8,Merry Christmas 2026 🎄🎅 The Ultimate Christmas Music Playlist 🎶 Top Christmas Songs,https://www.youtube.com/watch?v=0CSoVAkjim8,Dreamy Christmas Melody,2025-11-21,2025-12-01,9.60000000000000000000,0,108.7,
05c324d7880eaf7c5dab7efd20cf9db7,-XC3fXVgf0k,Most Popular Christmas Songs 🎅🏼 Classic Holiday Hits for Merry Christmas Family Moments 🎁,https://www.youtube.com/watch?v=-XC3fXVgf0k,Dreamy Christmas Melody,2025-12-18,2025-12-01,79.50000000000000000000,0,,
05c324d7880eaf7c5dab7efd20cf9db7,bybHtMyR3jo,Best Christmas Songs Playlist 2026 🎁 The Top 50 Christmas Songs 🎶 Merry Christmas,https://www.youtube.com/watch?v=bybHtMyR3jo,Dreamy Christmas Melody,2025-12-25,2025-12-01,45.10000000000000000000,0,,
05c324d7880eaf7c5dab7efd20cf9db7,ccIe8D66pWs,Ultimate Christmas Playlist 🎅🏼 Best Xmas Songs Ever for Relaxing Holidays & Cozy Nights ❄️,https://www.youtube.com/watch?v=ccIe8D66pWs,Dreamy Christmas Melody,2025-12-19,2025-12-01,38.90000000000000000000,0,,
05c324d7880eaf7c5dab7efd20cf9db7,kJSPrXCL6Dg,Merry Christmas 2026 🎄🎅 The Ultimate Christmas Music Playlist 🎶 Top Christmas Songs,https://www.youtube.com/watch?v=kJSPrXCL6Dg,Dreamy Christmas Melody,2025-11-10,2025-12-01,3.80000000000000000000,0,-92.9,
05c324d7880eaf7c5dab7efd20cf9db7,VZEeaaWoUP4,Top Christmas Songs Of All Time 🎅 Best Christmas Songs 🎄 Christmas Songs And Carols,https://www.youtube.com/watch?v=VZEeaaWoUP4,Dreamy Christmas Melody,2025-12-29,2025-12-01,192.0000000000000000,0,,
05c324d7880eaf7c5dab7efd20cf9db7,WVB6jBI8jEU,Christmas Music 2026 🎶 Top 50 Christmas Songs 🎄 Best Playlist for the Holidays,https://www.youtube.com/watch?v=WVB6jBI8jEU,Dreamy Christmas Melody,2025-11-17,2025-12-01,36.30000000000000000000,0,202.5,
05c324d7880eaf7c5dab7efd20cf9db7,tA6lnvxDmnc,Best Christmas Music Playlist 2026 🎁 Top Christmas Songs of All Time 🎄 Merry Christmas Songs 2026,https://www.youtube.com/watch?v=tA6lnvxDmnc,Dreamy Christmas Melody,2025-12-06,2025-12-01,4.40000000000000000000,0,,
05c324d7880eaf7c5dab7efd20cf9db7,TKgFWbaAwLY,Merry Christmas 2026 🎄🎅 The Ultimate Christmas Music Playlist 🎶 Top Christmas Songs,https://www.youtube.com/watch?v=TKgFWbaAwLY,Dreamy Christmas Melody,2025-12-22,2025-12-01,516.50000000000000000000,0,,
05c324d7880eaf7c5dab7efd20cf9db7,kJSPrXCL6Dg,Merry Christmas 2026 🎄🎅 The Ultimate Christmas Music Playlist 🎶 Top Christmas Songs,https://www.youtube.com/watch?v=kJSPrXCL6Dg,Dreamy Christmas Melody,2025-11-10,2025-11-01,53.20000000000000000000,0,,
05c324d7880eaf7c5dab7efd20cf9db7,WVB6jBI8jEU,Christmas Music 2026 🎶 Top 50 Christmas Songs 🎄 Best Playlist for the Holidays,https://www.youtube.com/watch?v=WVB6jBI8jEU,Dreamy Christmas Melody,2025-11-17,2025-11-01,12.00000000000000000000,0,,
05c324d7880eaf7c5dab7efd20cf9db7,0CSoVAkjim8,Merry Christmas 2026 🎄🎅 The Ultimate Christmas Music Playlist 🎶 Top Christmas Songs,https://www.youtube.com/watch?v=0CSoVAkjim8,Dreamy Christmas Melody,2025-11-21,2025-11-01,4.60000000000000000000,0,,
05c324d7880eaf7c5dab7efd20cf9db7,JOi1U841-Pc,Top Christmas Songs of All Time 🎁 Best Christmas Music Playlist 2026 🎄 Merry Christmas,https://www.youtube.com/watch?v=JOi1U841-Pc,Dreamy Christmas Melody,2025-11-20,2025-11-01,1.00000000000000000000,0,,
05c324d7880eaf7c5dab7efd20cf9db7,OrkhDlfR4Qw,Christmas Songs Medley ❄ Top 100 Christmas Holiday Hits 🎄 Merry Christmas 2026,https://www.youtube.com/watch?v=OrkhDlfR4Qw,Dreamy Christmas Melody,2025-11-30,2025-11-01,19.4000000000000000,0,,
05c324d7880eaf7c5dab7efd20cf9db7,OpXKdR38kwI,The 50 Best Christmas Songs 🎁 Top Christmas Music Playlist 🎄 Merry Christmas 2026,https://www.youtube.com/watch?v=OpXKdR38kwI,Dreamy Christmas Melody,2025-11-16,2025-11-01,7.10000000000000000000,0,,
05c324d7880eaf7c5dab7efd20cf9db7,IPttWcimh-w,Top Christmas Songs Of All Time 🎅 Best Christmas Songs 🎄 Christmas Songs And Carols,https://www.youtube.com/watch?v=IPttWcimh-w,Dreamy Christmas Melody,2025-11-18,2025-11-01,7.80000000000000000000,0,,
05c324d7880eaf7c5dab7efd20cf9db7,o-6MG6XH1kU,Spotify Popular Christmas Songs 2025🎄Best Holiday Music Playlist | Merry Christmas & Happy New Year,https://www.youtube.com/watch?v=o-6MG6XH1kU,Gentle Xmas Melodies,2025-10-26,2026-06-01,1.00000000000000000000,0,-68.8,
05c324d7880eaf7c5dab7efd20cf9db7,o-6MG6XH1kU,Spotify Popular Christmas Songs 2025🎄Best Holiday Music Playlist | Merry Christmas & Happy New Year,https://www.youtube.com/watch?v=o-6MG6XH1kU,Gentle Xmas Melodies,2025-10-26,2026-05-01,3.20000000000000000000,0,-3.0,
05c324d7880eaf7c5dab7efd20cf9db7,sUR5NaXf7ag,"Ariana Grande, Mariah Carey, Justin Bieber with Christmas Songs - Top Christmas Songs Playlist #6",https://www.youtube.com/watch?v=sUR5NaXf7ag,Gentle Xmas Melodies,2025-12-28,2026-05-01,0.10000000000000000000,0,,
05c324d7880eaf7c5dab7efd20cf9db7,ZxfJrLKnHbI,Top 20 Christmas Songs of All Time ❄️ Top Christmas Music Playlist 🎄 Merry Christmas 2025🌟 Xmas Song,https://www.youtube.com/watch?v=ZxfJrLKnHbI,Gentle Xmas Melodies,2025-10-15,2026-05-01,0.20000000000000000000,0,,
05c324d7880eaf7c5dab7efd20cf9db7,ZxfJrLKnHbI,Top 20 Christmas Songs of All Time ❄️ Top Christmas Music Playlist 🎄 Merry Christmas 2025🌟 Xmas Song,https://www.youtube.com/watch?v=ZxfJrLKnHbI,Gentle Xmas Melodies,2025-10-15,2026-04-01,0,0,,
05c324d7880eaf7c5dab7efd20cf9db7,o-6MG6XH1kU,Spotify Popular Christmas Songs 2025🎄Best Holiday Music Playlist | Merry Christmas & Happy New Year,https://www.youtube.com/watch?v=o-6MG6XH1kU,Gentle Xmas Melodies,2025-10-26,2026-04-01,3.30000000000000000000,0,-19.5,
05c324d7880eaf7c5dab7efd20cf9db7,sUR5NaXf7ag,"Ariana Grande, Mariah Carey, Justin Bieber with Christmas Songs - Top Christmas Songs Playlist #6",https://www.youtube.com/watch?v=sUR5NaXf7ag,Gentle Xmas Melodies,2025-12-28,2026-04-01,0,0,,
05c324d7880eaf7c5dab7efd20cf9db7,G9eUeEOyxq8,Top Christmas Songs 2025 🎅🏼 Best Holiday Music Mix 🎄 Merry Christmas & Happy New Year 🎁 #1,https://www.youtube.com/watch?v=G9eUeEOyxq8,Gentle Xmas Melodies,2025-11-17,2026-04-01,1.50000000000000000000,0,,
05c324d7880eaf7c5dab7efd20cf9db7,QBcxLmOpkjA,Top Christmas Songs of All Time 🎅🏼 Best Christmas Music Playlist 🎄 Merry Christmas Songs,https://www.youtube.com/watch?v=QBcxLmOpkjA,Gentle Xmas Melodies,2025-11-14,2026-04-01,0.20000000000000000000,0,,
05c324d7880eaf7c5dab7efd20cf9db7,PO7qhGQ6_aU,Merry Christmas 2025🎄🎅The 50 Most Beautiful Christmas Songs ❄️ Top Christmas Music,https://www.youtube.com/watch?v=PO7qhGQ6_aU,Gentle Xmas Melodies,2025-10-25,2026-04-01,0.20000000000000000000,0,,
05c324d7880eaf7c5dab7efd20cf9db7,PqKswEHd6g0,Best Christmas Music Playlist 2026 🎁 Top 50 Christmas Songs of All Time 🎄 Merry Christmas Songs 2026,https://www.youtube.com/watch?v=PqKswEHd6g0,Gentle Xmas Melodies,2025-12-01,2026-04-01,0.10000000000000000000,0,,
05c324d7880eaf7c5dab7efd20cf9db7,CgRimkzyPho,Top Christmas Songs of All Time 🎅🏼 Christmas Music Playlist 🎄 Merry Christmas Song #5,https://www.youtube.com/watch?v=CgRimkzyPho,Gentle Xmas Melodies,2025-12-20,2026-04-01,0.10000000000000000000,0,,
05c324d7880eaf7c5dab7efd20cf9db7,3QQNEb0r-S0,BEAUTIFUL RELAXING CHRISTMAS MUSIC 2026:  Best #christmas Music Playlist,https://www.youtube.com/watch?v=3QQNEb0r-S0,Gentle Xmas Melodies,2025-10-24,2026-04-01,1.00000000000000000000,0,100.0,
05c324d7880eaf7c5dab7efd20cf9db7,3QQNEb0r-S0,BEAUTIFUL RELAXING CHRISTMAS MUSIC 2026:  Best #christmas Music Playlist,https://www.youtube.com/watch?v=3QQNEb0r-S0,Gentle Xmas Melodies,2025-10-24,2026-03-01,0.50000000000000000000,0,,
05c324d7880eaf7c5dab7efd20cf9db7,RoHTUtxlED0,Best Christmas Playlist 2025 🎄 Magical Xmas Songs 🎅🏼 Holiday Music Collection 🌟#1,https://www.youtube.com/watch?v=RoHTUtxlED0,Gentle Xmas Melodies,2025-11-18,2026-03-01,0.20000000000000000000,0,-33.3,
05c324d7880eaf7c5dab7efd20cf9db7,CgRimkzyPho,Top Christmas Songs of All Time 🎅🏼 Christmas Music Playlist 🎄 Merry Christmas Song #5,https://www.youtube.com/watch?v=CgRimkzyPho,Gentle Xmas Melodies,2025-12-20,2026-03-01,0,0,-100.0,
05c324d7880eaf7c5dab7efd20cf9db7,PO7qhGQ6_aU,Merry Christmas 2025🎄🎅The 50 Most Beautiful Christmas Songs ❄️ Top Christmas Music,https://www.youtube.com/watch?v=PO7qhGQ6_aU,Gentle Xmas Melodies,2025-10-25,2026-03-01,0,0,,
05c324d7880eaf7c5dab7efd20cf9db7,PqKswEHd6g0,Best Christmas Music Playlist 2026 🎁 Top 50 Christmas Songs of All Time 🎄 Merry Christmas Songs 2026,https://www.youtube.com/watch?v=PqKswEHd6g0,Gentle Xmas Melodies,2025-12-01,2026-03-01,0,0,,
05c324d7880eaf7c5dab7efd20cf9db7,QBcxLmOpkjA,Top Christmas Songs of All Time 🎅🏼 Best Christmas Music Playlist 🎄 Merry Christmas Songs,https://www.youtube.com/watch?v=QBcxLmOpkjA,Gentle Xmas Melodies,2025-11-14,2026-03-01,0,0,,
05c324d7880eaf7c5dab7efd20cf9db7,G9eUeEOyxq8,Top Christmas Songs 2025 🎅🏼 Best Holiday Music Mix 🎄 Merry Christmas & Happy New Year 🎁 #1,https://www.youtube.com/watch?v=G9eUeEOyxq8,Gentle Xmas Melodies,2025-11-17,2026-03-01,0,0,,
05c324d7880eaf7c5dab7efd20cf9db7,sUR5NaXf7ag,"Ariana Grande, Mariah Carey, Justin Bieber with Christmas Songs - Top Christmas Songs Playlist #6",https://www.youtube.com/watch?v=sUR5NaXf7ag,Gentle Xmas Melodies,2025-12-28,2026-03-01,0,0,,
05c324d7880eaf7c5dab7efd20cf9db7,ZuRs6h1BZLg,[NO ADS] Top Christmas Songs of All Time 🎅🏼 Playlist Christmas Holiday Songs🎄Relax & Study Xmas Song,https://www.youtube.com/watch?v=ZuRs6h1BZLg,Gentle Xmas Melodies,2025-11-07,2026-03-01,0.10000000000000000000,0,,
05c324d7880eaf7c5dab7efd20cf9db7,ZxfJrLKnHbI,Top 20 Christmas Songs of All Time ❄️ Top Christmas Music Playlist 🎄 Merry Christmas 2025🌟 Xmas Song,https://www.youtube.com/watch?v=ZxfJrLKnHbI,Gentle Xmas Melodies,2025-10-15,2026-03-01,0,0,,
05c324d7880eaf7c5dab7efd20cf9db7,o-6MG6XH1kU,Spotify Popular Christmas Songs 2025🎄Best Holiday Music Playlist | Merry Christmas & Happy New Year,https://www.youtube.com/watch?v=o-6MG6XH1kU,Gentle Xmas Melodies,2025-10-26,2026-03-01,4.10000000000000000000,0,-12.8,
05c324d7880eaf7c5dab7efd20cf9db7,xRAMetYkJ5I,Merry Christmas 2026 🎁 Christmas Songs Playlist ✨Top 100 Christmas Songs All Time🎄XMAS SONGS 2026 #5,https://www.youtube.com/watch?v=xRAMetYkJ5I,Gentle Xmas Melodies,2025-12-22,2026-03-01,0.20000000000000000000,0,-75.0,
05c324d7880eaf7c5dab7efd20cf9db7,xRAMetYkJ5I,Merry Christmas 2026 🎁 Christmas Songs Playlist ✨Top 100 Christmas Songs All Time🎄XMAS SONGS 2026 #5,https://www.youtube.com/watch?v=xRAMetYkJ5I,Gentle Xmas Melodies,2025-12-22,2026-02-01,0.80000000000000000000,0,-55.6,
05c324d7880eaf7c5dab7efd20cf9db7,G9eUeEOyxq8,Top Christmas Songs 2025 🎅🏼 Best Holiday Music Mix 🎄 Merry Christmas & Happy New Year 🎁 #1,https://www.youtube.com/watch?v=G9eUeEOyxq8,Gentle Xmas Melodies,2025-11-17,2026-02-01,0,0,,
05c324d7880eaf7c5dab7efd20cf9db7,3QQNEb0r-S0,BEAUTIFUL RELAXING CHRISTMAS MUSIC 2026:  Best #christmas Music Playlist,https://www.youtube.com/watch?v=3QQNEb0r-S0,Gentle Xmas Melodies,2025-10-24,2026-02-01,0,0,-100.0,
05c324d7880eaf7c5dab7efd20cf9db7,HGqMORjfrVM,Top Christmas Songs of All Time 🎅🏼 Christmas Music Mix 🎄 Best Christmas Songs Collection 2025,https://www.youtube.com/watch?v=HGqMORjfrVM,Gentle Xmas Melodies,2025-10-31,2026-02-01,0.30000000000000000000,0,200.0,
05c324d7880eaf7c5dab7efd20cf9db7,PO7qhGQ6_aU,Merry Christmas 2025🎄🎅The 50 Most Beautiful Christmas Songs ❄️ Top Christmas Music,https://www.youtube.com/watch?v=PO7qhGQ6_aU,Gentle Xmas Melodies,2025-10-25,2026-02-01,0,0,,
05c324d7880eaf7c5dab7efd20cf9db7,QBcxLmOpkjA,Top Christmas Songs of All Time 🎅🏼 Best Christmas Music Playlist 🎄 Merry Christmas Songs,https://www.youtube.com/watch?v=QBcxLmOpkjA,Gentle Xmas Melodies,2025-11-14,2026-02-01,0,0,,
05c324d7880eaf7c5dab7efd20cf9db7,PqKswEHd6g0,Best Christmas Music Playlist 2026 🎁 Top 50 Christmas Songs of All Time 🎄 Merry Christmas Songs 2026,https://www.youtube.com/watch?v=PqKswEHd6g0,Gentle Xmas Melodies,2025-12-01,2026-02-01,0,0,,
05c324d7880eaf7c5dab7efd20cf9db7,CgRimkzyPho,Top Christmas Songs of All Time 🎅🏼 Christmas Music Playlist 🎄 Merry Christmas Song #5,https://www.youtube.com/watch?v=CgRimkzyPho,Gentle Xmas Melodies,2025-12-20,2026-02-01,0.20000000000000000000,0,0.0,
05c324d7880eaf7c5dab7efd20cf9db7,RoHTUtxlED0,Best Christmas Playlist 2025 🎄 Magical Xmas Songs 🎅🏼 Holiday Music Collection 🌟#1,https://www.youtube.com/watch?v=RoHTUtxlED0,Gentle Xmas Melodies,2025-11-18,2026-02-01,0.30000000000000000000,0,,
05c324d7880eaf7c5dab7efd20cf9db7,o-6MG6XH1kU,Spotify Popular Christmas Songs 2025🎄Best Holiday Music Playlist | Merry Christmas & Happy New Year,https://www.youtube.com/watch?v=o-6MG6XH1kU,Gentle Xmas Melodies,2025-10-26,2026-02-01,4.70000000000000000000,0,-59.5,
05c324d7880eaf7c5dab7efd20cf9db7,sUR5NaXf7ag,"Ariana Grande, Mariah Carey, Justin Bieber with Christmas Songs - Top Christmas Songs Playlist #6",https://www.youtube.com/watch?v=sUR5NaXf7ag,Gentle Xmas Melodies,2025-12-28,2026-02-01,0,0,,
05c324d7880eaf7c5dab7efd20cf9db7,ZuRs6h1BZLg,[NO ADS] Top Christmas Songs of All Time 🎅🏼 Playlist Christmas Holiday Songs🎄Relax & Study Xmas Song,https://www.youtube.com/watch?v=ZuRs6h1BZLg,Gentle Xmas Melodies,2025-11-07,2026-02-01,0,0,-100.0,
05c324d7880eaf7c5dab7efd20cf9db7,ZxfJrLKnHbI,Top 20 Christmas Songs of All Time ❄️ Top Christmas Music Playlist 🎄 Merry Christmas 2025🌟 Xmas Song,https://www.youtube.com/watch?v=ZxfJrLKnHbI,Gentle Xmas Melodies,2025-10-15,2026-02-01,0,0,,
05c324d7880eaf7c5dab7efd20cf9db7,ZxfJrLKnHbI,Top 20 Christmas Songs of All Time ❄️ Top Christmas Music Playlist 🎄 Merry Christmas 2025🌟 Xmas Song,https://www.youtube.com/watch?v=ZxfJrLKnHbI,Gentle Xmas Melodies,2025-10-15,2026-01-01,0,0,-100.0,
05c324d7880eaf7c5dab7efd20cf9db7,ZuRs6h1BZLg,[NO ADS] Top Christmas Songs of All Time 🎅🏼 Playlist Christmas Holiday Songs🎄Relax & Study Xmas Song,https://www.youtube.com/watch?v=ZuRs6h1BZLg,Gentle Xmas Melodies,2025-11-07,2026-01-01,0.40000000000000000000,0,-66.7,
05c324d7880eaf7c5dab7efd20cf9db7,o-6MG6XH1kU,Spotify Popular Christmas Songs 2025🎄Best Holiday Music Playlist | Merry Christmas & Happy New Year,https://www.youtube.com/watch?v=o-6MG6XH1kU,Gentle Xmas Melodies,2025-10-26,2026-01-01,11.60000000000000000000,0,-96.6,
05c324d7880eaf7c5dab7efd20cf9db7,rFHjXR3pYMA,Merry Christmas 2026 🎅🏼 Top Christmas Songs Playlist | Joyful Xmas Music for Everyone 🎁,https://www.youtube.com/watch?v=rFHjXR3pYMA,Gentle Xmas Melodies,2025-10-28,2026-01-01,0.10000000000000000000,0,-75.0,
05c324d7880eaf7c5dab7efd20cf9db7,sUR5NaXf7ag,"Ariana Grande, Mariah Carey, Justin Bieber with Christmas Songs - Top Christmas Songs Playlist #6",https://www.youtube.com/watch?v=sUR5NaXf7ag,Gentle Xmas Melodies,2025-12-28,2026-01-01,0,0,-100.0,
05c324d7880eaf7c5dab7efd20cf9db7,aNwhIQlv-vA,"Mariah Carey, Ariana, Justin Bieber Christmas Songs 2026❄️ Greatest Christmas Hits of All Time",https://www.youtube.com/watch?v=aNwhIQlv-vA,Gentle Xmas Melodies,2025-10-19,2026-01-01,0.10000000000000000000,0,,
05c324d7880eaf7c5dab7efd20cf9db7,y2Y6eegOVmQ,Top Christmas Songs Playlist all Time🎄Christmas Hist Songs Ever🎄Top Christmas Songs Playlist 2026 #6,https://www.youtube.com/watch?v=y2Y6eegOVmQ,Gentle Xmas Melodies,2025-12-26,2026-01-01,0.20000000000000000000,0,-99.7,
05c324d7880eaf7c5dab7efd20cf9db7,xRAMetYkJ5I,Merry Christmas 2026 🎁 Christmas Songs Playlist ✨Top 100 Christmas Songs All Time🎄XMAS SONGS 2026 #5,https://www.youtube.com/watch?v=xRAMetYkJ5I,Gentle Xmas Melodies,2025-12-22,2026-01-01,1.80000000000000000000,0,-97.6,
05c324d7880eaf7c5dab7efd20cf9db7,RoHTUtxlED0,Best Christmas Playlist 2025 🎄 Magical Xmas Songs 🎅🏼 Holiday Music Collection 🌟#1,https://www.youtube.com/watch?v=RoHTUtxlED0,Gentle Xmas Melodies,2025-11-18,2026-01-01,0,0,-100.0,
05c324d7880eaf7c5dab7efd20cf9db7,3QQNEb0r-S0,BEAUTIFUL RELAXING CHRISTMAS MUSIC 2026:  Best #christmas Music Playlist,https://www.youtube.com/watch?v=3QQNEb0r-S0,Gentle Xmas Melodies,2025-10-24,2026-01-01,1.00000000000000000000,0,-86.7,
05c324d7880eaf7c5dab7efd20cf9db7,G9eUeEOyxq8,Top Christmas Songs 2025 🎅🏼 Best Holiday Music Mix 🎄 Merry Christmas & Happy New Year 🎁 #1,https://www.youtube.com/watch?v=G9eUeEOyxq8,Gentle Xmas Melodies,2025-11-17,2026-01-01,0,0,-100.0,
05c324d7880eaf7c5dab7efd20cf9db7,CgRimkzyPho,Top Christmas Songs of All Time 🎅🏼 Christmas Music Playlist 🎄 Merry Christmas Song #5,https://www.youtube.com/watch?v=CgRimkzyPho,Gentle Xmas Melodies,2025-12-20,2026-01-01,0.20000000000000000000,0,-88.2,
05c324d7880eaf7c5dab7efd20cf9db7,QBcxLmOpkjA,Top Christmas Songs of All Time 🎅🏼 Best Christmas Music Playlist 🎄 Merry Christmas Songs,https://www.youtube.com/watch?v=QBcxLmOpkjA,Gentle Xmas Melodies,2025-11-14,2026-01-01,0,0,,
05c324d7880eaf7c5dab7efd20cf9db7,PO7qhGQ6_aU,Merry Christmas 2025🎄🎅The 50 Most Beautiful Christmas Songs ❄️ Top Christmas Music,https://www.youtube.com/watch?v=PO7qhGQ6_aU,Gentle Xmas Melodies,2025-10-25,2026-01-01,0,0,-100.0,
05c324d7880eaf7c5dab7efd20cf9db7,PqKswEHd6g0,Best Christmas Music Playlist 2026 🎁 Top 50 Christmas Songs of All Time 🎄 Merry Christmas Songs 2026,https://www.youtube.com/watch?v=PqKswEHd6g0,Gentle Xmas Melodies,2025-12-01,2026-01-01,0,0,-100.0,
05c324d7880eaf7c5dab7efd20cf9db7,HGqMORjfrVM,Top Christmas Songs of All Time 🎅🏼 Christmas Music Mix 🎄 Best Christmas Songs Collection 2025,https://www.youtube.com/watch?v=HGqMORjfrVM,Gentle Xmas Melodies,2025-10-31,2026-01-01,0.10000000000000000000,0,,
05c324d7880eaf7c5dab7efd20cf9db7,5SyFxCkwjI8,Best Christmas Playlist 2025 🎄 Magical Xmas Songs 🎅🏼 Holiday Music Collection 🌟#3,https://www.youtube.com/watch?v=5SyFxCkwjI8,Gentle Xmas Melodies,2025-11-27,2026-01-01,0.10000000000000000000,0,-80.0,
05c324d7880eaf7c5dab7efd20cf9db7,5q94QLa2MEc,Christmas Playlist  Top Christmas Songs of All Time 🎅🏼 Merry Christmas & Happy New Year 2025,https://www.youtube.com/watch?v=5q94QLa2MEc,Gentle Xmas Melodies,2025-11-03,2026-01-01,0.10000000000000000000,0,-75.0,
05c324d7880eaf7c5dab7efd20cf9db7,5q94QLa2MEc,Christmas Playlist  Top Christmas Songs of All Time 🎅🏼 Merry Christmas & Happy New Year 2025,https://www.youtube.com/watch?v=5q94QLa2MEc,Gentle Xmas Melodies,2025-11-03,2025-12-01,0.40000000000000000000,0,-99.2,
05c324d7880eaf7c5dab7efd20cf9db7,5SyFxCkwjI8,Best Christmas Playlist 2025 🎄 Magical Xmas Songs 🎅🏼 Holiday Music Collection 🌟#3,https://www.youtube.com/watch?v=5SyFxCkwjI8,Gentle Xmas Melodies,2025-11-27,2025-12-01,0.50000000000000000000,0,-96.2,
05c324d7880eaf7c5dab7efd20cf9db7,65ZqWA6Zf7Q,"Mariah Carey, Ariana Grande, Justin Bieber Christmas Songs 2026🎄Best Christmas Music Playlist",https://www.youtube.com/watch?v=65ZqWA6Zf7Q,Gentle Xmas Melodies,2025-11-05,2025-12-01,0.40000000000000000000,0,-99.3,
05c324d7880eaf7c5dab7efd20cf9db7,3w9pyCrjJ7Y,Top 100 Christmas Songs of All Time 🎄 Merry Christmas 2026 🎁 Best Christmas Music Playlist 2025 🎅 #5,https://www.youtube.com/watch?v=3w9pyCrjJ7Y,Gentle Xmas Melodies,2025-12-23,2025-12-01,4.50000000000000000000,0,,
05c324d7880eaf7c5dab7efd20cf9db7,3QQNEb0r-S0,BEAUTIFUL RELAXING CHRISTMAS MUSIC 2026:  Best #christmas Music Playlist,https://www.youtube.com/watch?v=3QQNEb0r-S0,Gentle Xmas Melodies,2025-10-24,2025-12-01,7.50000000000000000000,0,36.4,
05c324d7880eaf7c5dab7efd20cf9db7,KLnTbRSrsPs,Christmas Playlist | Top Christmas Songs of All Time 🎅🏼Best Christmas Songs of All Time for Relax,https://www.youtube.com/watch?v=KLnTbRSrsPs,Gentle Xmas Melodies,2025-10-11,2025-12-01,0.20000000000000000000,0,-66.7,
05c324d7880eaf7c5dab7efd20cf9db7,RoHTUtxlED0,Best Christmas Playlist 2025 🎄 Magical Xmas Songs 🎅🏼 Holiday Music Collection 🌟#1,https://www.youtube.com/watch?v=RoHTUtxlED0,Gentle Xmas Melodies,2025-11-18,2025-12-01,1.00000000000000000000,0,-96.7,
05c324d7880eaf7c5dab7efd20cf9db7,S47lrbLC0bc,"Ariana Grande, Mariah Carey, Justin Bieber, Christmas Songs Christmas Songs Playlist 2026",https://www.youtube.com/watch?v=S47lrbLC0bc,Gentle Xmas Melodies,2025-12-04,2025-12-01,24.40000000000000000000,0,,
05c324d7880eaf7c5dab7efd20cf9db7,HGqMORjfrVM,Top Christmas Songs of All Time 🎅🏼 Christmas Music Mix 🎄 Best Christmas Songs Collection 2025,https://www.youtube.com/watch?v=HGqMORjfrVM,Gentle Xmas Melodies,2025-10-31,2025-12-01,0,0,-100.0,
05c324d7880eaf7c5dab7efd20cf9db7,CgRimkzyPho,Top Christmas Songs of All Time 🎅🏼 Christmas Music Playlist 🎄 Merry Christmas Song #5,https://www.youtube.com/watch?v=CgRimkzyPho,Gentle Xmas Melodies,2025-12-20,2025-12-01,1.70000000000000000000,0,,
05c324d7880eaf7c5dab7efd20cf9db7,AztmPLS3FwQ,Top 30 Christmas Songs 🎄 Best Merry Christmas Music Mix 2025 🎅🏼 Classic to Modern Hits 🌟#2,https://www.youtube.com/watch?v=AztmPLS3FwQ,Gentle Xmas Melodies,2025-11-19,2025-12-01,0.10000000000000000000,0,-99.5,
05c324d7880eaf7c5dab7efd20cf9db7,G9eUeEOyxq8,Top Christmas Songs 2025 🎅🏼 Best Holiday Music Mix 🎄 Merry Christmas & Happy New Year 🎁 #1,https://www.youtube.com/watch?v=G9eUeEOyxq8,Gentle Xmas Melodies,2025-11-17,2025-12-01,1.50000000000000000000,0,-97.0,
05c324d7880eaf7c5dab7efd20cf9db7,PO7qhGQ6_aU,Merry Christmas 2025🎄🎅The 50 Most Beautiful Christmas Songs ❄️ Top Christmas Music,https://www.youtube.com/watch?v=PO7qhGQ6_aU,Gentle Xmas Melodies,2025-10-25,2025-12-01,1.40000000000000000000,0,-85.7,
05c324d7880eaf7c5dab7efd20cf9db7,PqKswEHd6g0,Best Christmas Music Playlist 2026 🎁 Top 50 Christmas Songs of All Time 🎄 Merry Christmas Songs 2026,https://www.youtube.com/watch?v=PqKswEHd6g0,Gentle Xmas Melodies,2025-12-01,2025-12-01,2.20000000000000000000,0,266.7,
05c324d7880eaf7c5dab7efd20cf9db7,QBcxLmOpkjA,Top Christmas Songs of All Time 🎅🏼 Best Christmas Music Playlist 🎄 Merry Christmas Songs,https://www.youtube.com/watch?v=QBcxLmOpkjA,Gentle Xmas Melodies,2025-11-14,2025-12-01,0,0,-100.0,
05c324d7880eaf7c5dab7efd20cf9db7,8ealEs1bU9o,Top Christmas Songs Playlist all Time🎄Christmas Hist Songs Ever🎄Top Christmas Songs Playlist 2026 #5,https://www.youtube.com/watch?v=8ealEs1bU9o,Gentle Xmas Melodies,2025-12-18,2025-12-01,29.50000000000000000000,0,,
05c324d7880eaf7c5dab7efd20cf9db7,aNwhIQlv-vA,"Mariah Carey, Ariana, Justin Bieber Christmas Songs 2026❄️ Greatest Christmas Hits of All Time",https://www.youtube.com/watch?v=aNwhIQlv-vA,Gentle Xmas Melodies,2025-10-19,2025-12-01,0,0,-100.0,
05c324d7880eaf7c5dab7efd20cf9db7,ZxfJrLKnHbI,Top 20 Christmas Songs of All Time ❄️ Top Christmas Music Playlist 🎄 Merry Christmas 2025🌟 Xmas Song,https://www.youtube.com/watch?v=ZxfJrLKnHbI,Gentle Xmas Melodies,2025-10-15,2025-12-01,2.00000000000000000000,0,-82.1,
05c324d7880eaf7c5dab7efd20cf9db7,ZuRs6h1BZLg,[NO ADS] Top Christmas Songs of All Time 🎅🏼 Playlist Christmas Holiday Songs🎄Relax & Study Xmas Song,https://www.youtube.com/watch?v=ZuRs6h1BZLg,Gentle Xmas Melodies,2025-11-07,2025-12-01,1.20000000000000000000,0,-98.2,
05c324d7880eaf7c5dab7efd20cf9db7,hl9RqBOTF0w,"Ariana Grande, Mariah Carey, Justin Bieber with Christmas Songs   Top Christmas Songs Playlist 2025",https://www.youtube.com/watch?v=hl9RqBOTF0w,Gentle Xmas Melodies,2025-12-03,2025-12-01,47.20000000000000000000,0,,
05c324d7880eaf7c5dab7efd20cf9db7,hwaqb4i7ils,"Ariana Grande, Mariah Carey, Justin Bieber, Christmas Songs Christmas Songs Playlist 2026 #4",https://www.youtube.com/watch?v=hwaqb4i7ils,Gentle Xmas Melodies,2025-12-12,2025-12-01,15.90000000000000000000,0,,
05c324d7880eaf7c5dab7efd20cf9db7,q1HX0JHJ_Mk,Most Loved Christmas Songs 🎅🏼 Best Holiday Playlist🎄 Merry Christmas 2025 ❄️#2,https://www.youtube.com/watch?v=q1HX0JHJ_Mk,Gentle Xmas Melodies,2025-11-20,2025-12-01,0.30000000000000000000,0,-98.6,
05c324d7880eaf7c5dab7efd20cf9db7,rFHjXR3pYMA,Merry Christmas 2026 🎅🏼 Top Christmas Songs Playlist | Joyful Xmas Music for Everyone 🎁,https://www.youtube.com/watch?v=rFHjXR3pYMA,Gentle Xmas Melodies,2025-10-28,2025-12-01,0.40000000000000000000,0,-88.6,
05c324d7880eaf7c5dab7efd20cf9db7,sUR5NaXf7ag,"Ariana Grande, Mariah Carey, Justin Bieber with Christmas Songs - Top Christmas Songs Playlist #6",https://www.youtube.com/watch?v=sUR5NaXf7ag,Gentle Xmas Melodies,2025-12-28,2025-12-01,12.10000000000000000000,0,,
05c324d7880eaf7c5dab7efd20cf9db7,o-6MG6XH1kU,Spotify Popular Christmas Songs 2025🎄Best Holiday Music Playlist | Merry Christmas & Happy New Year,https://www.youtube.com/watch?v=o-6MG6XH1kU,Gentle Xmas Melodies,2025-10-26,2025-12-01,337.6000000000000000,0,848.3,
05c324d7880eaf7c5dab7efd20cf9db7,VGp5tNn3Ug8,Top 25 Christmas Songs of All Time 🎅 Classic Christmas Music with Fireplace 🎅 Merry Christmas 2026,https://www.youtube.com/watch?v=VGp5tNn3Ug8,Gentle Xmas Melodies,2025-12-07,2025-12-01,59.00000000000000000000,0,,
05c324d7880eaf7c5dab7efd20cf9db7,y2Y6eegOVmQ,Top Christmas Songs Playlist all Time🎄Christmas Hist Songs Ever🎄Top Christmas Songs Playlist 2026 #6,https://www.youtube.com/watch?v=y2Y6eegOVmQ,Gentle Xmas Melodies,2025-12-26,2025-12-01,58.30000000000000000000,0,,
05c324d7880eaf7c5dab7efd20cf9db7,xRAMetYkJ5I,Merry Christmas 2026 🎁 Christmas Songs Playlist ✨Top 100 Christmas Songs All Time🎄XMAS SONGS 2026 #5,https://www.youtube.com/watch?v=xRAMetYkJ5I,Gentle Xmas Melodies,2025-12-22,2025-12-01,75.20000000000000000000,0,,
05c324d7880eaf7c5dab7efd20cf9db7,yn8SE10WXaU,Christmas Song Playlist 🎅🏼 Top Christmas Songs of All Time 🎄 Merry Christmas Music #christmassongs,https://www.youtube.com/watch?v=yn8SE10WXaU,Gentle Xmas Melodies,2025-11-30,2025-12-01,105.50000000000000000000,0,-21.9,
05c324d7880eaf7c5dab7efd20cf9db7,yn8SE10WXaU,Christmas Song Playlist 🎅🏼 Top Christmas Songs of All Time 🎄 Merry Christmas Music #christmassongs,https://www.youtube.com/watch?v=yn8SE10WXaU,Gentle Xmas Melodies,2025-11-30,2025-11-01,135.0000000000000000,0,,
05c324d7880eaf7c5dab7efd20cf9db7,KLnTbRSrsPs,Christmas Playlist | Top Christmas Songs of All Time 🎅🏼Best Christmas Songs of All Time for Relax,https://www.youtube.com/watch?v=KLnTbRSrsPs,Gentle Xmas Melodies,2025-10-11,2025-11-01,0.60000000000000000000,0,-96.5,
05c324d7880eaf7c5dab7efd20cf9db7,5SyFxCkwjI8,Best Christmas Playlist 2025 🎄 Magical Xmas Songs 🎅🏼 Holiday Music Collection 🌟#3,https://www.youtube.com/watch?v=5SyFxCkwjI8,Gentle Xmas Melodies,2025-11-27,2025-11-01,13.00000000000000000000,0,,
05c324d7880eaf7c5dab7efd20cf9db7,5q94QLa2MEc,Christmas Playlist  Top Christmas Songs of All Time 🎅🏼 Merry Christmas & Happy New Year 2025,https://www.youtube.com/watch?v=5q94QLa2MEc,Gentle Xmas Melodies,2025-11-03,2025-11-01,51.50000000000000000000,0,,
05c324d7880eaf7c5dab7efd20cf9db7,65ZqWA6Zf7Q,"Mariah Carey, Ariana Grande, Justin Bieber Christmas Songs 2026🎄Best Christmas Music Playlist",https://www.youtube.com/watch?v=65ZqWA6Zf7Q,Gentle Xmas Melodies,2025-11-05,2025-11-01,54.00000000000000000000,0,,
05c324d7880eaf7c5dab7efd20cf9db7,3QQNEb0r-S0,BEAUTIFUL RELAXING CHRISTMAS MUSIC 2026:  Best #christmas Music Playlist,https://www.youtube.com/watch?v=3QQNEb0r-S0,Gentle Xmas Melodies,2025-10-24,2025-11-01,5.50000000000000000000,0,37.5,
05c324d7880eaf7c5dab7efd20cf9db7,PqKswEHd6g0,Best Christmas Music Playlist 2026 🎁 Top 50 Christmas Songs of All Time 🎄 Merry Christmas Songs 2026,https://www.youtube.com/watch?v=PqKswEHd6g0,Gentle Xmas Melodies,2025-12-01,2025-11-01,0.60000000000000000000,0,,
05c324d7880eaf7c5dab7efd20cf9db7,PO7qhGQ6_aU,Merry Christmas 2025🎄🎅The 50 Most Beautiful Christmas Songs ❄️ Top Christmas Music,https://www.youtube.com/watch?v=PO7qhGQ6_aU,Gentle Xmas Melodies,2025-10-25,2025-11-01,9.80000000000000000000,0,-96.4,
05c324d7880eaf7c5dab7efd20cf9db7,QBcxLmOpkjA,Top Christmas Songs of All Time 🎅🏼 Best Christmas Music Playlist 🎄 Merry Christmas Songs,https://www.youtube.com/watch?v=QBcxLmOpkjA,Gentle Xmas Melodies,2025-11-14,2025-11-01,2.80000000000000000000,0,,
05c324d7880eaf7c5dab7efd20cf9db7,HGqMORjfrVM,Top Christmas Songs of All Time 🎅🏼 Christmas Music Mix 🎄 Best Christmas Songs Collection 2025,https://www.youtube.com/watch?v=HGqMORjfrVM,Gentle Xmas Melodies,2025-10-31,2025-11-01,19.90000000000000000000,0,145.7,
05c324d7880eaf7c5dab7efd20cf9db7,RoHTUtxlED0,Best Christmas Playlist 2025 🎄 Magical Xmas Songs 🎅🏼 Holiday Music Collection 🌟#1,https://www.youtube.com/watch?v=RoHTUtxlED0,Gentle Xmas Melodies,2025-11-18,2025-11-01,30.40000000000000000000,0,,
05c324d7880eaf7c5dab7efd20cf9db7,QvZU2vjfbyc,Christmas Music Playlist 🎅🏼 Best Christmas Music Playlist 2025 ⛪ Xmas Songs 2025,https://www.youtube.com/watch?v=QvZU2vjfbyc,Gentle Xmas Melodies,2025-10-14,2025-11-01,0.10000000000000000000,0,-99.0,
05c324d7880eaf7c5dab7efd20cf9db7,G9eUeEOyxq8,Top Christmas Songs 2025 🎅🏼 Best Holiday Music Mix 🎄 Merry Christmas & Happy New Year 🎁 #1,https://www.youtube.com/watch?v=G9eUeEOyxq8,Gentle Xmas Melodies,2025-11-17,2025-11-01,50.00000000000000000000,0,,
05c324d7880eaf7c5dab7efd20cf9db7,AztmPLS3FwQ,Top 30 Christmas Songs 🎄 Best Merry Christmas Music Mix 2025 🎅🏼 Classic to Modern Hits 🌟#2,https://www.youtube.com/watch?v=AztmPLS3FwQ,Gentle Xmas Melodies,2025-11-19,2025-11-01,22.10000000000000000000,0,,
05c324d7880eaf7c5dab7efd20cf9db7,aNwhIQlv-vA,"Mariah Carey, Ariana, Justin Bieber Christmas Songs 2026❄️ Greatest Christmas Hits of All Time",https://www.youtube.com/watch?v=aNwhIQlv-vA,Gentle Xmas Melodies,2025-10-19,2025-11-01,0.60000000000000000000,0,-97.8,
05c324d7880eaf7c5dab7efd20cf9db7,ZuRs6h1BZLg,[NO ADS] Top Christmas Songs of All Time 🎅🏼 Playlist Christmas Holiday Songs🎄Relax & Study Xmas Song,https://www.youtube.com/watch?v=ZuRs6h1BZLg,Gentle Xmas Melodies,2025-11-07,2025-11-01,64.90000000000000000000,0,,
05c324d7880eaf7c5dab7efd20cf9db7,ZxfJrLKnHbI,Top 20 Christmas Songs of All Time ❄️ Top Christmas Music Playlist 🎄 Merry Christmas 2025🌟 Xmas Song,https://www.youtube.com/watch?v=ZxfJrLKnHbI,Gentle Xmas Melodies,2025-10-15,2025-11-01,11.20000000000000000000,0,-92.3,
05c324d7880eaf7c5dab7efd20cf9db7,YmGSWcz18_4,Top 20 Christmas Songs of All Time ❄️ Best Christmas Songs Ever 🎄 Merry Christmas Music 2025,https://www.youtube.com/watch?v=YmGSWcz18_4,Gentle Xmas Melodies,2025-11-02,2025-11-01,2.40000000000000000000,0,,
05c324d7880eaf7c5dab7efd20cf9db7,o-6MG6XH1kU,Spotify Popular Christmas Songs 2025🎄Best Holiday Music Playlist | Merry Christmas & Happy New Year,https://www.youtube.com/watch?v=o-6MG6XH1kU,Gentle Xmas Melodies,2025-10-26,2025-11-01,35.60000000000000000000,0,-65.0,
05c324d7880eaf7c5dab7efd20cf9db7,rFHjXR3pYMA,Merry Christmas 2026 🎅🏼 Top Christmas Songs Playlist | Joyful Xmas Music for Everyone 🎁,https://www.youtube.com/watch?v=rFHjXR3pYMA,Gentle Xmas Melodies,2025-10-28,2025-11-01,3.50000000000000000000,0,-89.8,
05c324d7880eaf7c5dab7efd20cf9db7,q1HX0JHJ_Mk,Most Loved Christmas Songs 🎅🏼 Best Holiday Playlist🎄 Merry Christmas 2025 ❄️#2,https://www.youtube.com/watch?v=q1HX0JHJ_Mk,Gentle Xmas Melodies,2025-11-20,2025-11-01,20.80000000000000000000,0,,
05c324d7880eaf7c5dab7efd20cf9db7,aNwhIQlv-vA,"Mariah Carey, Ariana, Justin Bieber Christmas Songs 2026❄️ Greatest Christmas Hits of All Time",https://www.youtube.com/watch?v=aNwhIQlv-vA,Gentle Xmas Melodies,2025-10-19,2025-10-01,26.90000000000000000000,0,,
05c324d7880eaf7c5dab7efd20cf9db7,rFHjXR3pYMA,Merry Christmas 2026 🎅🏼 Top Christmas Songs Playlist | Joyful Xmas Music for Everyone 🎁,https://www.youtube.com/watch?v=rFHjXR3pYMA,Gentle Xmas Melodies,2025-10-28,2025-10-01,34.40000000000000000000,0,,
05c324d7880eaf7c5dab7efd20cf9db7,o-6MG6XH1kU,Spotify Popular Christmas Songs 2025🎄Best Holiday Music Playlist | Merry Christmas & Happy New Year,https://www.youtube.com/watch?v=o-6MG6XH1kU,Gentle Xmas Melodies,2025-10-26,2025-10-01,101.60000000000000000000,0,,
05c324d7880eaf7c5dab7efd20cf9db7,ZxfJrLKnHbI,Top 20 Christmas Songs of All Time ❄️ Top Christmas Music Playlist 🎄 Merry Christmas 2025🌟 Xmas Song,https://www.youtube.com/watch?v=ZxfJrLKnHbI,Gentle Xmas Melodies,2025-10-15,2025-10-01,145.00000000000000000000,0,,
05c324d7880eaf7c5dab7efd20cf9db7,KLnTbRSrsPs,Christmas Playlist | Top Christmas Songs of All Time 🎅🏼Best Christmas Songs of All Time for Relax,https://www.youtube.com/watch?v=KLnTbRSrsPs,Gentle Xmas Melodies,2025-10-11,2025-10-01,17.20000000000000000000,0,,
05c324d7880eaf7c5dab7efd20cf9db7,PO7qhGQ6_aU,Merry Christmas 2025🎄🎅The 50 Most Beautiful Christmas Songs ❄️ Top Christmas Music,https://www.youtube.com/watch?v=PO7qhGQ6_aU,Gentle Xmas Melodies,2025-10-25,2025-10-01,274.60000000000000000000,0,,
05c324d7880eaf7c5dab7efd20cf9db7,3QQNEb0r-S0,BEAUTIFUL RELAXING CHRISTMAS MUSIC 2026:  Best #christmas Music Playlist,https://www.youtube.com/watch?v=3QQNEb0r-S0,Gentle Xmas Melodies,2025-10-24,2025-10-01,4.00000000000000000000,0,,
05c324d7880eaf7c5dab7efd20cf9db7,QvZU2vjfbyc,Christmas Music Playlist 🎅🏼 Best Christmas Music Playlist 2025 ⛪ Xmas Songs 2025,https://www.youtube.com/watch?v=QvZU2vjfbyc,Gentle Xmas Melodies,2025-10-14,2025-10-01,9.60000000000000000000,0,,
05c324d7880eaf7c5dab7efd20cf9db7,HGqMORjfrVM,Top Christmas Songs of All Time 🎅🏼 Christmas Music Mix 🎄 Best Christmas Songs Collection 2025,https://www.youtube.com/watch?v=HGqMORjfrVM,Gentle Xmas Melodies,2025-10-31,2025-10-01,8.1000000000000000,0,,
05c324d7880eaf7c5dab7efd20cf9db7,LDLZITae2L0,Top 100 Christmas Hits 2026 🎁 Best Holiday Songs & Classic Carols,https://www.youtube.com/watch?v=LDLZITae2L0,Golden Christmas Harmony,2025-12-03,2026-06-01,0.10000000000000000000,0,,
05c324d7880eaf7c5dab7efd20cf9db7,LDLZITae2L0,Top 100 Christmas Hits 2026 🎁 Best Holiday Songs & Classic Carols,https://www.youtube.com/watch?v=LDLZITae2L0,Golden Christmas Harmony,2025-12-03,2026-05-01,0,0,,
05c324d7880eaf7c5dab7efd20cf9db7,LDLZITae2L0,Top 100 Christmas Hits 2026 🎁 Best Holiday Songs & Classic Carols,https://www.youtube.com/watch?v=LDLZITae2L0,Golden Christmas Harmony,2025-12-03,2026-04-01,0,0,-100.0,
05c324d7880eaf7c5dab7efd20cf9db7,LDLZITae2L0,Top 100 Christmas Hits 2026 🎁 Best Holiday Songs & Classic Carols,https://www.youtube.com/watch?v=LDLZITae2L0,Golden Christmas Harmony,2025-12-03,2026-03-01,0.10000000000000000000,0,,
05c324d7880eaf7c5dab7efd20cf9db7,HQg8Jv5URvk,Merry Christmas Playlist 🎁 Top Christmas Songs 2025–2026 & Timeless Carols,https://www.youtube.com/watch?v=HQg8Jv5URvk,Golden Christmas Harmony,2025-10-03,2025-12-01,0.20000000000000000000,0,0.0,
05c324d7880eaf7c5dab7efd20cf9db7,FVKKoC_QE7o,Top Christmas Music 2026 🎁 Best Christmas Songs Playlist of All Time,https://www.youtube.com/watch?v=FVKKoC_QE7o,Golden Christmas Harmony,2025-10-21,2025-12-01,0.10000000000000000000,0,,
05c324d7880eaf7c5dab7efd20cf9db7,euUXv0LD9Kw,"Christmas Songs Playlist 🎄 Top Christmas Carols, Medley & Holiday Classics",https://www.youtube.com/watch?v=euUXv0LD9Kw,Golden Christmas Harmony,2025-09-30,2025-12-01,0.20000000000000000000,0,,
05c324d7880eaf7c5dab7efd20cf9db7,uEwiryMpyDw,The Most Beautiful Christmas Playlist 2026 🎅 Timeless Songs for a Merry Christmas,https://www.youtube.com/watch?v=uEwiryMpyDw,Golden Christmas Harmony,2025-10-09,2025-12-01,0.20000000000000000000,0,,
05c324d7880eaf7c5dab7efd20cf9db7,uEwiryMpyDw,The Most Beautiful Christmas Playlist 2026 🎅 Timeless Songs for a Merry Christmas,https://www.youtube.com/watch?v=uEwiryMpyDw,Golden Christmas Harmony,2025-10-09,2025-11-01,0,0,-100.0,
05c324d7880eaf7c5dab7efd20cf9db7,euUXv0LD9Kw,"Christmas Songs Playlist 🎄 Top Christmas Carols, Medley & Holiday Classics",https://www.youtube.com/watch?v=euUXv0LD9Kw,Golden Christmas Harmony,2025-09-30,2025-11-01,0,0,-100.0,
05c324d7880eaf7c5dab7efd20cf9db7,j-3IpAANScs,Christmas Songs Playlist 🎄 Best Christmas Songs of All Time,https://www.youtube.com/watch?v=j-3IpAANScs,Golden Christmas Harmony,2025-09-29,2025-11-01,0.20000000000000000000,0,-93.3,
05c324d7880eaf7c5dab7efd20cf9db7,gM4vcdBbzys,Christmas Playlist 2026 🎄 Feel the Magic of the Season | Best Christmas Songs Ever,https://www.youtube.com/watch?v=gM4vcdBbzys,Golden Christmas Harmony,2025-10-29,2025-11-01,0.10000000000000000000,0,,
05c324d7880eaf7c5dab7efd20cf9db7,FVKKoC_QE7o,Top Christmas Music 2026 🎁 Best Christmas Songs Playlist of All Time,https://www.youtube.com/watch?v=FVKKoC_QE7o,Golden Christmas Harmony,2025-10-21,2025-11-01,0,0,-100.0,
05c324d7880eaf7c5dab7efd20cf9db7,0YPsJ0cqozU,Top 100 Christmas Songs 2026 🎄 The Ultimate Holiday Playlist,https://www.youtube.com/watch?v=0YPsJ0cqozU,Golden Christmas Harmony,2025-11-07,2025-11-01,0.10000000000000000000,0,,
05c324d7880eaf7c5dab7efd20cf9db7,HQg8Jv5URvk,Merry Christmas Playlist 🎁 Top Christmas Songs 2025–2026 & Timeless Carols,https://www.youtube.com/watch?v=HQg8Jv5URvk,Golden Christmas Harmony,2025-10-03,2025-11-01,0.20000000000000000000,0,0.0,
05c324d7880eaf7c5dab7efd20cf9db7,4XtEl5AJKOU,The Greatest Christmas Playlist 🎁 Merry Christmas Songs 2026,https://www.youtube.com/watch?v=4XtEl5AJKOU,Golden Christmas Harmony,2025-11-02,2025-11-01,0.10000000000000000000,0,,
05c324d7880eaf7c5dab7efd20cf9db7,FVKKoC_QE7o,Top Christmas Music 2026 🎁 Best Christmas Songs Playlist of All Time,https://www.youtube.com/watch?v=FVKKoC_QE7o,Golden Christmas Harmony,2025-10-21,2025-10-01,0.10000000000000000000,0,,
05c324d7880eaf7c5dab7efd20cf9db7,HQg8Jv5URvk,Merry Christmas Playlist 🎁 Top Christmas Songs 2025–2026 & Timeless Carols,https://www.youtube.com/watch?v=HQg8Jv5URvk,Golden Christmas Harmony,2025-10-03,2025-10-01,0.20000000000000000000,0,,
05c324d7880eaf7c5dab7efd20cf9db7,j-3IpAANScs,Christmas Songs Playlist 🎄 Best Christmas Songs of All Time,https://www.youtube.com/watch?v=j-3IpAANScs,Golden Christmas Harmony,2025-09-29,2025-10-01,3.00000000000000000000,0,-70.3,
05c324d7880eaf7c5dab7efd20cf9db7,euUXv0LD9Kw,"Christmas Songs Playlist 🎄 Top Christmas Carols, Medley & Holiday Classics",https://www.youtube.com/watch?v=euUXv0LD9Kw,Golden Christmas Harmony,2025-09-30,2025-10-01,11.60000000000000000000,0,-64.0,
05c324d7880eaf7c5dab7efd20cf9db7,uEwiryMpyDw,The Most Beautiful Christmas Playlist 2026 🎅 Timeless Songs for a Merry Christmas,https://www.youtube.com/watch?v=uEwiryMpyDw,Golden Christmas Harmony,2025-10-09,2025-10-01,0.20000000000000000000,0,,
05c324d7880eaf7c5dab7efd20cf9db7,euUXv0LD9Kw,"Christmas Songs Playlist 🎄 Top Christmas Carols, Medley & Holiday Classics",https://www.youtube.com/watch?v=euUXv0LD9Kw,Golden Christmas Harmony,2025-09-30,2025-09-01,32.20000000000000000000,0,,
05c324d7880eaf7c5dab7efd20cf9db7,j-3IpAANScs,Christmas Songs Playlist 🎄 Best Christmas Songs of All Time,https://www.youtube.com/watch?v=j-3IpAANScs,Golden Christmas Harmony,2025-09-29,2025-09-01,10.10000000000000000000,0,,
05c324d7880eaf7c5dab7efd20cf9db7,iQTg8dEIaDI,Christmas Song Playlist 🎁Top Christmas Songs 2026 🎅 Merry Christmas 2026,https://www.youtube.com/watch?v=iQTg8dEIaDI,Holly Jolly Christmas,2025-11-16,2026-02-01,0.20000000000000000000,0,,
05c324d7880eaf7c5dab7efd20cf9db7,iQTg8dEIaDI,Christmas Song Playlist 🎁Top Christmas Songs 2026 🎅 Merry Christmas 2026,https://www.youtube.com/watch?v=iQTg8dEIaDI,Holly Jolly Christmas,2025-11-16,2026-01-01,0,0,-100.0,
