mart_resource_channel_sk,resource_id,record_date,resource_name,project,sub_project,acceptance_score,resource_type,view,revenue,growth_view,growth_revenue,channel_use,video_use
13066e1ad270fc004f8a61570d6df56b,HGFA000130EFEE054B2897CF572350E9F433,,Madara,Phonk,Không có dự án con,,Thu mua,0,0,,,0,0
30c3089c60cb60889016d0b17cda3d1e,HGFA00017A1B32C04566963EB7BE0B54D26E,,Never-Let-Me-Go-(Official-Video)-｜-#FutureHouse_HGFA72A2164D9A524010990686F97B5CED3F.wav,,,,Sản xuất,0,0,,,0,0
99b6c106db12a3c398c501bb06d14a10,HGFA000277727543400DB72A67D5F7515660,,Poking-Around_HGFA76F59995CAF74FC5B6E4ACAD4C974CD3.wav,,,,Sản xuất,0,0,,,0,0
1f0e166046b273cf7a83eec71a1bfbf1,HGFA0002AE56B48F4E288E4D99D9102BBA08,,Nando Fortunato - Falling.mp3,,,,Sản xuất,0,0,,,0,0
c3146e930c331fa99607a1401aebdf97,HGFA00030CF43E00444993A231056E4129FB,,Heavenly Peace.wav,,,,Sản xuất,0,0,,,0,0
be56fec659af1e813386b634b09e7a90,HGFA0003E36DDC8C4AABB290C3ADADC7BE1F,,MoonWater-23_HGFAF74956C2E4E9470280FCEC1EA539D0D4.wav,,,,Sản xuất,0,0,,,0,0
36525dcff0aebcb173dd60d29bfd794b,HGFA000490721CBD4DC8A84FEE21070A9A28,,Handel Society Choir - Acis & Galatea - Part II - 16. Helpgalatea.wav,,,,Sản xuất,0,0,,,0,0
6da6b1219048860dc3e2cb25e0034035,HGFA00049640E2994465932BB5425D279854,,"Organ Sonata no. 5 in C major, BWV 529 (Lute and Harpsichord).wav",,,,Sản xuất,0,0,,,0,0
c8e80fbb0a2a66dbcf33eab6ee686b38,HGFA00053D2CA36A4CB4BFA9B65777EF74FA,,MoonWater-25---Relaxed-Reflections_HGFA2FD64B59F3554D6DA1144320E492B40C.wav,,,,Sản xuất,0,0,,,0,0
6fcc22aa07bd22b97558e82f26615114,HGFA00059BFED58A4081804D769C0D6CAF9E,,Tell-Me-(Official-Audio)_HGFACD5B1595C5C64FC08A40AAD09A37E962.wav,,,,Sản xuất,0,0,,,0,0
d87e8e3f4ab390af668fbaf836cd4099,HGFA0005F36F655B40C6BCCE7E0C6BDC9BE7,2025-06-29,Into The Blue,Deep House,Không có dự án con,,Thu mua,52.00000000000000000000,0.33180000000000000000,,,38,516
3e7b402fad8eb04357cbaeaea5c84558,HGFA0005F36F655B40C6BCCE7E0C6BDC9BE7,2025-06-26,Into The Blue,Deep House,Không có dự án con,,Thu mua,72.70000000000000000000,0.65700000000000000000,,,38,516
284b5dde4cfc3443688c9a046d8d01be,HGFA0005F36F655B40C6BCCE7E0C6BDC9BE7,2025-06-06,Into The Blue,Deep House,Không có dự án con,,Thu mua,349.80000000000000000000,2.47320000000000000000,,,38,516
1bd271a2bbd052c38205adff8bebb188,HGFA0005F36F655B40C6BCCE7E0C6BDC9BE7,2025-06-18,Into The Blue,Deep House,Không có dự án con,,Thu mua,53.20000000000000000000,0.46450000000000000000,,,38,516
6b9ea39b574365ac4e946c91d7aab0fc,HGFA0005F36F655B40C6BCCE7E0C6BDC9BE7,2025-06-21,Into The Blue,Deep House,Không có dự án con,,Thu mua,29.50000000000000000000,0.10310000000000000000,,,38,516
7d8f52dea9a680384a71434999efc6f2,HGFA0005F36F655B40C6BCCE7E0C6BDC9BE7,2025-06-09,Into The Blue,Deep House,Không có dự án con,,Thu mua,172.40000000000000000000,1.80930000000000000000,,,38,516
0ede3bd7a2574f599b20a13e1195baa1,HGFA0005F36F655B40C6BCCE7E0C6BDC9BE7,2025-06-22,Into The Blue,Deep House,Không có dự án con,,Thu mua,32.60000000000000000000,0.17670000000000000000,,,38,516
34cc0b61e820c13dd8ac480040e1bc52,HGFA0005F36F655B40C6BCCE7E0C6BDC9BE7,2025-06-10,Into The Blue,Deep House,Không có dự án con,,Thu mua,123.40000000000000000000,1.18630000000000000000,,,38,516
0b36da7a980e40d720ee5d9530bda7bc,HGFA0005F36F655B40C6BCCE7E0C6BDC9BE7,2025-06-24,Into The Blue,Deep House,Không có dự án con,,Thu mua,163.20000000000000000000,1.39150000000000000000,,,38,516
93ffddb7bf0d2fd31ffafbfeacbed566,HGFA0005F36F655B40C6BCCE7E0C6BDC9BE7,2025-06-16,Into The Blue,Deep House,Không có dự án con,,Thu mua,76.60000000000000000000,0.84210000000000000000,,,38,516
b310bc00263f16e8a354589362ff59dc,HGFA0005F36F655B40C6BCCE7E0C6BDC9BE7,2025-06-05,Into The Blue,Deep House,Không có dự án con,,Thu mua,252.60000000000000000000,1.91480000000000000000,,,38,516
4d70f80b8737706ce3ef1c7a1c2ec120,HGFA0005F36F655B40C6BCCE7E0C6BDC9BE7,2025-06-08,Into The Blue,Deep House,Không có dự án con,,Thu mua,183.60000000000000000000,1.26440000000000000000,,,38,516
4a596e9f7a3f2791d682aedaa13d18e0,HGFA0005F36F655B40C6BCCE7E0C6BDC9BE7,2025-06-11,Into The Blue,Deep House,Không có dự án con,,Thu mua,91.30000000000000000000,0.83670000000000000000,,,38,516
a6427580a992a8b537ce2769a94731d6,HGFA0005F36F655B40C6BCCE7E0C6BDC9BE7,2025-06-13,Into The Blue,Deep House,Không có dự án con,,Thu mua,63.00000000000000000000,0.49020000000000000000,,,38,516
4f6e1f4b12d6f45a40a8dcf71c7bc6da,HGFA0005F36F655B40C6BCCE7E0C6BDC9BE7,2025-06-28,Into The Blue,Deep House,Không có dự án con,,Thu mua,32.50000000000000000000,0.23410000000000000000,,,38,516
badddaa94faef1e570042ca0b81ddde5,HGFA0005F36F655B40C6BCCE7E0C6BDC9BE7,2025-06-17,Into The Blue,Deep House,Không có dự án con,,Thu mua,67.90000000000000000000,0.67800000000000000000,,,38,516
ea82d4c791343c0658da5b7587aa7dc5,HGFA0005F36F655B40C6BCCE7E0C6BDC9BE7,2025-06-07,Into The Blue,Deep House,Không có dự án con,,Thu mua,185.10000000000000000000,1.24970000000000000000,,,38,516
146c56616f260f00109d3bb7211fa6fa,HGFA0005F36F655B40C6BCCE7E0C6BDC9BE7,2025-06-04,Into The Blue,Deep House,Không có dự án con,,Thu mua,193.00000000000000000000,1.01310000000000000000,,,38,516
3754c0d0fd8e68db57af41fcc39df2fa,HGFA0005F36F655B40C6BCCE7E0C6BDC9BE7,2025-06-27,Into The Blue,Deep House,Không có dự án con,,Thu mua,51.70000000000000000000,0.35270000000000000000,,,38,516
a85732e2812cd378b0a464c8fbcdaaf4,HGFA0005F36F655B40C6BCCE7E0C6BDC9BE7,2025-06-15,Into The Blue,Deep House,Không có dự án con,,Thu mua,77.70000000000000000000,0.54920000000000000000,,,38,516
159633cfbb6c215ae43c5a13fd689930,HGFA0005F36F655B40C6BCCE7E0C6BDC9BE7,2025-06-12,Into The Blue,Deep House,Không có dự án con,,Thu mua,81.70000000000000000000,0.66390000000000000000,,,38,516
f3fc202f110c2efe3a3c4ee238c8a2f9,HGFA0005F36F655B40C6BCCE7E0C6BDC9BE7,2025-06-30,Into The Blue,Deep House,Không có dự án con,,Thu mua,48.60000000000000000000,0.18230000000000000000,,,38,516
47f5c57d2ec4a91cc6f957d4e1484723,HGFA0005F36F655B40C6BCCE7E0C6BDC9BE7,2025-06-20,Into The Blue,Deep House,Không có dự án con,,Thu mua,44.20000000000000000000,0.31840000000000000000,,,38,516
e0fe177623f000b8b618786352d93fdb,HGFA0005F36F655B40C6BCCE7E0C6BDC9BE7,2025-06-03,Into The Blue,Deep House,Không có dự án con,,Thu mua,170.60000000000000000000,1.16850000000000000000,,,38,516
ace351fde246c48ce6747ed74fab2f34,HGFA0005F36F655B40C6BCCE7E0C6BDC9BE7,2025-06-23,Into The Blue,Deep House,Không có dự án con,,Thu mua,309.80000000000000000000,1.80160000000000000000,,,38,516
5f02f94b6b44a2aaba431af2275ec848,HGFA0005F36F655B40C6BCCE7E0C6BDC9BE7,2025-06-14,Into The Blue,Deep House,Không có dự án con,,Thu mua,66.00000000000000000000,0.49710000000000000000,,,38,516
1b5bf7a61b7f73ccf6ae5df5d2f1704a,HGFA0005F36F655B40C6BCCE7E0C6BDC9BE7,2025-06-25,Into The Blue,Deep House,Không có dự án con,,Thu mua,55.50000000000000000000,0.39580000000000000000,,,38,516
726960a000c5e12e32d399bb200ea733,HGFA0005F36F655B40C6BCCE7E0C6BDC9BE7,2025-06-19,Into The Blue,Deep House,Không có dự án con,,Thu mua,58.40000000000000000000,0.59220000000000000000,,,38,516
48451a58439632484f6b3e2a9976c00e,HGFA0005F36F655B40C6BCCE7E0C6BDC9BE7,2025-07-31,Into The Blue,Deep House,Không có dự án con,,Thu mua,29.70000000000000000000,0.18840000000000000000,-0.65570189324384220857,-0.685572505520724928294033,38,516
02135c13b13baa60723e3d51e4a082e7,HGFA0005F36F655B40C6BCCE7E0C6BDC9BE7,2025-07-12,Into The Blue,Deep House,Không có dự án con,,Thu mua,31.80000000000000000000,0.14370000000000000000,-0.65570189324384220857,-0.685572505520724928294033,38,516
ea9d7e5b7c469189719948019bcead6f,HGFA0005F36F655B40C6BCCE7E0C6BDC9BE7,2025-07-25,Into The Blue,Deep House,Không có dự án con,,Thu mua,31.70000000000000000000,0.23400000000000000000,-0.65570189324384220857,-0.685572505520724928294033,38,516
fa903cffd02bf411b390bd4b3d6b1a7b,HGFA0005F36F655B40C6BCCE7E0C6BDC9BE7,2025-07-09,Into The Blue,Deep House,Không có dự án con,,Thu mua,51.70000000000000000000,0.41160000000000000000,-0.65570189324384220857,-0.685572505520724928294033,38,516
b5a1b5addfbb383743b2e522a98c84b5,HGFA0005F36F655B40C6BCCE7E0C6BDC9BE7,2025-07-24,Into The Blue,Deep House,Không có dự án con,,Thu mua,31.10000000000000000000,0.23030000000000000000,-0.65570189324384220857,-0.685572505520724928294033,38,516
4db1dca5597129f2c9118baeca4f6f51,HGFA0005F36F655B40C6BCCE7E0C6BDC9BE7,2025-07-06,Into The Blue,Deep House,Không có dự án con,,Thu mua,41.50000000000000000000,0.245200000000000000000000,-0.65570189324384220857,-0.685572505520724928294033,38,516
57d09cba69419de63257c3016b2caee6,HGFA0005F36F655B40C6BCCE7E0C6BDC9BE7,2025-07-15,Into The Blue,Deep House,Không có dự án con,,Thu mua,46.20000000000000000000,0.36150000000000000000,-0.65570189324384220857,-0.685572505520724928294033,38,516
04b4f3d641516b9f8870c12877c0bee0,HGFA0005F36F655B40C6BCCE7E0C6BDC9BE7,2025-07-05,Into The Blue,Deep House,Không có dự án con,,Thu mua,37.00000000000000000000,0.25560000000000000000,-0.65570189324384220857,-0.685572505520724928294033,38,516
445326986aeeba976e4b54f4224aa025,HGFA0005F36F655B40C6BCCE7E0C6BDC9BE7,2025-07-14,Into The Blue,Deep House,Không có dự án con,,Thu mua,48.80000000000000000000,0.28250000000000000000,-0.65570189324384220857,-0.685572505520724928294033,38,516
34b50b0a9ad02564c106a56b8bd5af5e,HGFA0005F36F655B40C6BCCE7E0C6BDC9BE7,2025-07-23,Into The Blue,Deep House,Không có dự án con,,Thu mua,35.70000000000000000000,0.266000000000000000000000,-0.65570189324384220857,-0.685572505520724928294033,38,516
1622020a28858eb024a43a6d4cf88e6e,HGFA0005F36F655B40C6BCCE7E0C6BDC9BE7,2025-07-26,Into The Blue,Deep House,Không có dự án con,,Thu mua,16.30000000000000000000,0.07440000000000000000,-0.65570189324384220857,-0.685572505520724928294033,38,516
b75a437f57e9703e5851276a7adf25e4,HGFA0005F36F655B40C6BCCE7E0C6BDC9BE7,2025-07-02,Into The Blue,Deep House,Không có dự án con,,Thu mua,47.00000000000000000000,0.21070000000000000000,-0.65570189324384220857,-0.685572505520724928294033,38,516
e973691cf7277e6be74ef078e915f059,HGFA0005F36F655B40C6BCCE7E0C6BDC9BE7,2025-07-16,Into The Blue,Deep House,Không có dự án con,,Thu mua,38.90000000000000000000,0.18790000000000000000,-0.65570189324384220857,-0.685572505520724928294033,38,516
064ca7655fb02a2bf5fd170fdcfd32b5,HGFA0005F36F655B40C6BCCE7E0C6BDC9BE7,2025-07-18,Into The Blue,Deep House,Không có dự án con,,Thu mua,17.70000000000000000000,0.08230000000000000000,-0.65570189324384220857,-0.685572505520724928294033,38,516
3fb72b0607795e5147c16c87ee664e1c,HGFA0005F36F655B40C6BCCE7E0C6BDC9BE7,2025-07-29,Into The Blue,Deep House,Không có dự án con,,Thu mua,35.30000000000000000000,0.332200000000000000000000,-0.65570189324384220857,-0.685572505520724928294033,38,516
d62597e5b9849cbc4938879ca14934d4,HGFA0005F36F655B40C6BCCE7E0C6BDC9BE7,2025-07-13,Into The Blue,Deep House,Không có dự án con,,Thu mua,42.50000000000000000000,0.32430000000000000000,-0.65570189324384220857,-0.685572505520724928294033,38,516
e302a4f01ec9521d3968dd0013d7ced2,HGFA0005F36F655B40C6BCCE7E0C6BDC9BE7,2025-07-30,Into The Blue,Deep House,Không có dự án con,,Thu mua,38.30000000000000000000,0.291400000000000000000000,-0.65570189324384220857,-0.685572505520724928294033,38,516
684d919ed61e31c38fdd1ef792dddfca,HGFA0005F36F655B40C6BCCE7E0C6BDC9BE7,2025-07-22,Into The Blue,Deep House,Không có dự án con,,Thu mua,34.60000000000000000000,0.16620000000000000000,-0.65570189324384220857,-0.685572505520724928294033,38,516
832d4eb1523ac3724b383d4847795f5b,HGFA0005F36F655B40C6BCCE7E0C6BDC9BE7,2025-07-10,Into The Blue,Deep House,Không có dự án con,,Thu mua,40.20000000000000000000,0.33660000000000000000,-0.65570189324384220857,-0.685572505520724928294033,38,516
9ec203ef74bfcf50d89d03310f48d19f,HGFA0005F36F655B40C6BCCE7E0C6BDC9BE7,2025-07-27,Into The Blue,Deep House,Không có dự án con,,Thu mua,23.40000000000000000000,0.12370000000000000000,-0.65570189324384220857,-0.685572505520724928294033,38,516
e7e916851c56f56e2f734b1d871ec448,HGFA0005F36F655B40C6BCCE7E0C6BDC9BE7,2025-07-28,Into The Blue,Deep House,Không có dự án con,,Thu mua,30.70000000000000000000,0.14760000000000000000,-0.65570189324384220857,-0.685572505520724928294033,38,516
fd4af27a407ecc19b2621a5cf5dc12ea,HGFA0005F36F655B40C6BCCE7E0C6BDC9BE7,2025-07-20,Into The Blue,Deep House,Không có dự án con,,Thu mua,30.20000000000000000000,0.25980000000000000000,-0.65570189324384220857,-0.685572505520724928294033,38,516
838e1ea8fd60157aa973b7865f5dd7f8,HGFA0005F36F655B40C6BCCE7E0C6BDC9BE7,2025-07-08,Into The Blue,Deep House,Không có dự án con,,Thu mua,43.50000000000000000000,0.27320000000000000000,-0.65570189324384220857,-0.685572505520724928294033,38,516
c3d79cbb4ba801715b59427e457a570e,HGFA0005F36F655B40C6BCCE7E0C6BDC9BE7,2025-07-21,Into The Blue,Deep House,Không có dự án con,,Thu mua,29.50000000000000000000,0.17670000000000000000,-0.65570189324384220857,-0.685572505520724928294033,38,516
756a9c1b7303370975239533bc760287,HGFA0005F36F655B40C6BCCE7E0C6BDC9BE7,2025-07-03,Into The Blue,Deep House,Không có dự án con,,Thu mua,42.30000000000000000000,0.37380000000000000000,-0.65570189324384220857,-0.685572505520724928294033,38,516
5be785336417358e9ebfcc60a6947506,HGFA0005F36F655B40C6BCCE7E0C6BDC9BE7,2025-07-17,Into The Blue,Deep House,Không có dự án con,,Thu mua,31.70000000000000000000,0.25480000000000000000,-0.65570189324384220857,-0.685572505520724928294033,38,516
3556a00f59c2414474e9a8272b14c26a,HGFA0005F36F655B40C6BCCE7E0C6BDC9BE7,2025-07-01,Into The Blue,Deep House,Không có dự án con,,Thu mua,35.2000000000000000,0.20180000000000000000,-0.65570189324384220857,-0.685572505520724928294033,38,516
6ca1063e920b63044eaeda02b5806ae0,HGFA0005F36F655B40C6BCCE7E0C6BDC9BE7,2025-07-04,Into The Blue,Deep House,Không có dự án con,,Thu mua,31.10000000000000000000,0.28410000000000000000,-0.65570189324384220857,-0.685572505520724928294033,38,516
f38364c2911a3b53c2dc4d67ed0ae3a3,HGFA0005F36F655B40C6BCCE7E0C6BDC9BE7,2025-07-07,Into The Blue,Deep House,Không có dự án con,,Thu mua,44.00000000000000000000,0.32000000000000000000,-0.65570189324384220857,-0.685572505520724928294033,38,516
704806a5408c8d9d7eeb4894d3f2b60e,HGFA0005F36F655B40C6BCCE7E0C6BDC9BE7,2025-07-19,Into The Blue,Deep House,Không có dự án con,,Thu mua,18.40000000000000000000,0.13340000000000000000,-0.65570189324384220857,-0.685572505520724928294033,38,516
6a7e2c70ada1d36d2e3f6d54451bdf21,HGFA0005F36F655B40C6BCCE7E0C6BDC9BE7,2025-07-11,Into The Blue,Deep House,Không có dự án con,,Thu mua,31.50000000000000000000,0.25880000000000000000,-0.65570189324384220857,-0.685572505520724928294033,38,516
5e322042ecfdb12415bbead71a757436,HGFA0005F36F655B40C6BCCE7E0C6BDC9BE7,2025-08-28,Into The Blue,Deep House,Không có dự án con,,Thu mua,78.40000000000000000000,0.66370000000000000000,4.59310344827586206897,4.754766229397914564413051,38,516
c4e7fe5b5f38b32da1192945309f65a0,HGFA0005F36F655B40C6BCCE7E0C6BDC9BE7,2025-08-11,Into The Blue,Deep House,Không có dự án con,,Thu mua,275.90000000000000000000,1.90550000000000000000,4.59310344827586206897,4.754766229397914564413051,38,516
2e9286bb8d448dea389d212694924740,HGFA0005F36F655B40C6BCCE7E0C6BDC9BE7,2025-08-12,Into The Blue,Deep House,Không có dự án con,,Thu mua,263.50000000000000000000,2.24640000000000000000,4.59310344827586206897,4.754766229397914564413051,38,516
ec0afdb977984abaaab87075e83cbd09,HGFA0005F36F655B40C6BCCE7E0C6BDC9BE7,2025-08-17,Into The Blue,Deep House,Không có dự án con,,Thu mua,109.60000000000000000000,0.89950000000000000000,4.59310344827586206897,4.754766229397914564413051,38,516
46a3a1e72684b3d3d13da17c8e657f2d,HGFA0005F36F655B40C6BCCE7E0C6BDC9BE7,2025-08-14,Into The Blue,Deep House,Không có dự án con,,Thu mua,176.60000000000000000000,1.29040000000000000000,4.59310344827586206897,4.754766229397914564413051,38,516
2a9c73578f9e6445af0cb6bebdc9a2b7,HGFA0005F36F655B40C6BCCE7E0C6BDC9BE7,2025-08-19,Into The Blue,Deep House,Không có dự án con,,Thu mua,101.00000000000000000000,0.70710000000000000000,4.59310344827586206897,4.754766229397914564413051,38,516
82f538db29a63d901ef11e236626300b,HGFA0005F36F655B40C6BCCE7E0C6BDC9BE7,2025-08-09,Into The Blue,Deep House,Không có dự án con,,Thu mua,1246.00000000000000000000,8.58070000000000000000,4.59310344827586206897,4.754766229397914564413051,38,516
dd576617836a696c93bfc2ad7d68b8d4,HGFA0005F36F655B40C6BCCE7E0C6BDC9BE7,2025-08-27,Into The Blue,Deep House,Không có dự án con,,Thu mua,69.60000000000000000000,0.491900000000000000000000,4.59310344827586206897,4.754766229397914564413051,38,516
f715efc29254cf4ce9f57935b1a653f5,HGFA0005F36F655B40C6BCCE7E0C6BDC9BE7,2025-08-05,Into The Blue,Deep House,Không có dự án con,,Thu mua,32.50000000000000000000,0.15810000000000000000,4.59310344827586206897,4.754766229397914564413051,38,516
4c207e6854104e62bf7bbfcca6e2a628,HGFA0005F36F655B40C6BCCE7E0C6BDC9BE7,2025-08-03,Into The Blue,Deep House,Không có dự án con,,Thu mua,26.10000000000000000000,0.11440000000000000000,4.59310344827586206897,4.754766229397914564413051,38,516
f36f6e4edecfd82d09d408108a946d92,HGFA0005F36F655B40C6BCCE7E0C6BDC9BE7,2025-08-31,Into The Blue,Deep House,Không có dự án con,,Thu mua,179.40000000000000000000,1.32440000000000000000,4.59310344827586206897,4.754766229397914564413051,38,516
04807c8b6f75a24e994b2440314772ea,HGFA0005F36F655B40C6BCCE7E0C6BDC9BE7,2025-08-07,Into The Blue,Deep House,Không có dự án con,,Thu mua,89.10000000000000000000,0.45660000000000000000,4.59310344827586206897,4.754766229397914564413051,38,516
3a631c080fbeeeba975bb2d378b4ef17,HGFA0005F36F655B40C6BCCE7E0C6BDC9BE7,2025-08-08,Into The Blue,Deep House,Không có dự án con,,Thu mua,1514.10000000000000000000,9.90310000000000000000,4.59310344827586206897,4.754766229397914564413051,38,516
7c5621a0ea27cec1a207fd264542a0e2,HGFA0005F36F655B40C6BCCE7E0C6BDC9BE7,2025-08-20,Into The Blue,Deep House,Không có dự án con,,Thu mua,98.90000000000000000000,0.82560000000000000000,4.59310344827586206897,4.754766229397914564413051,38,516
a3e97e4f5f1adb25c1900e2f949980ef,HGFA0005F36F655B40C6BCCE7E0C6BDC9BE7,2025-08-30,Into The Blue,Deep House,Không có dự án con,,Thu mua,154.40000000000000000000,0.81180000000000000000,4.59310344827586206897,4.754766229397914564413051,38,516
8d5dcb323a717261b818517fca4367bd,HGFA0005F36F655B40C6BCCE7E0C6BDC9BE7,2025-08-16,Into The Blue,Deep House,Không có dự án con,,Thu mua,120.60000000000000000000,1.13480000000000000000,4.59310344827586206897,4.754766229397914564413051,38,516
78240d69ff5068d444cf8727f0b72708,HGFA0005F36F655B40C6BCCE7E0C6BDC9BE7,2025-08-24,Into The Blue,Deep House,Không có dự án con,,Thu mua,90.30000000000000000000,0.84330000000000000000,4.59310344827586206897,4.754766229397914564413051,38,516
efa14e3961a924477f313a8b39c3d8d9,HGFA0005F36F655B40C6BCCE7E0C6BDC9BE7,2025-08-01,Into The Blue,Deep House,Không có dự án con,,Thu mua,23.10000000000000000000,0.19990000000000000000,4.59310344827586206897,4.754766229397914564413051,38,516
fb6d250a29fe58031d733e5610768b23,HGFA0005F36F655B40C6BCCE7E0C6BDC9BE7,2025-08-21,Into The Blue,Deep House,Không có dự án con,,Thu mua,79.40000000000000000000,0.75190000000000000000,4.59310344827586206897,4.754766229397914564413051,38,516
ae7c23c5c703759da7d29591e7cf4ef7,HGFA0005F36F655B40C6BCCE7E0C6BDC9BE7,2025-08-10,Into The Blue,Deep House,Không có dự án con,,Thu mua,479.00000000000000000000,3.05580000000000000000,4.59310344827586206897,4.754766229397914564413051,38,516
ab2e04741cb9b1bbb791c6c2c2b75d7b,HGFA0005F36F655B40C6BCCE7E0C6BDC9BE7,2025-08-13,Into The Blue,Deep House,Không có dự án con,,Thu mua,211.60000000000000000000,1.69860000000000000000,4.59310344827586206897,4.754766229397914564413051,38,516
55629572608891e30857b422a47730e3,HGFA0005F36F655B40C6BCCE7E0C6BDC9BE7,2025-08-26,Into The Blue,Deep House,Không có dự án con,,Thu mua,67.70000000000000000000,0.523500000000000000000000,4.59310344827586206897,4.754766229397914564413051,38,516
6c4de475cd4c575edc42970f1dccf77d,HGFA0005F36F655B40C6BCCE7E0C6BDC9BE7,2025-08-29,Into The Blue,Deep House,Không có dự án con,,Thu mua,78.10000000000000000000,0.79720000000000000000,4.59310344827586206897,4.754766229397914564413051,38,516
9de88e704b0bdc1a7a847befac06ca41,HGFA0005F36F655B40C6BCCE7E0C6BDC9BE7,2025-08-23,Into The Blue,Deep House,Không có dự án con,,Thu mua,47.90000000000000000000,0.49130000000000000000,4.59310344827586206897,4.754766229397914564413051,38,516
7900f1568ca2f56fe8ee8da259ae3a08,HGFA0005F36F655B40C6BCCE7E0C6BDC9BE7,2025-08-25,Into The Blue,Deep House,Không có dự án con,,Thu mua,77.10000000000000000000,0.49550000000000000000,4.59310344827586206897,4.754766229397914564413051,38,516
e178301b2946324734271174ccb31167,HGFA0005F36F655B40C6BCCE7E0C6BDC9BE7,2025-08-15,Into The Blue,Deep House,Không có dự án con,,Thu mua,136.90000000000000000000,0.74720000000000000000,4.59310344827586206897,4.754766229397914564413051,38,516
6c53f4dac366f2d4a23456bae655b835,HGFA0005F36F655B40C6BCCE7E0C6BDC9BE7,2025-08-06,Into The Blue,Deep House,Không có dự án con,,Thu mua,30.70000000000000000000,0.18160000000000000000,4.59310344827586206897,4.754766229397914564413051,38,516
9f7dd5b5e8362c24f6284eb2f08af39f,HGFA0005F36F655B40C6BCCE7E0C6BDC9BE7,2025-08-22,Into The Blue,Deep House,Không có dự án con,,Thu mua,63.80000000000000000000,0.33460000000000000000,4.59310344827586206897,4.754766229397914564413051,38,516
5cfc55bba1c8bdbc1e6e9cc08358eba5,HGFA0005F36F655B40C6BCCE7E0C6BDC9BE7,2025-08-02,Into The Blue,Deep House,Không có dự án con,,Thu mua,21.70000000000000000000,0.08580000000000000000,4.59310344827586206897,4.754766229397914564413051,38,516
facacf49a81d08c2eaf4ec28d1aa150e,HGFA0005F36F655B40C6BCCE7E0C6BDC9BE7,2025-08-04,Into The Blue,Deep House,Không có dự án con,,Thu mua,24.10000000000000000000,0.18950000000000000000,4.59310344827586206897,4.754766229397914564413051,38,516
660740a3e5af90cf5c9bc17c4822921c,HGFA0005F36F655B40C6BCCE7E0C6BDC9BE7,2025-08-18,Into The Blue,Deep House,Không có dự án con,,Thu mua,115.40000000000000000000,0.86260000000000000000,4.59310344827586206897,4.754766229397914564413051,38,516
00cc8146fc5bbbef5e80d4f2b16e1ae4,HGFA0005F36F655B40C6BCCE7E0C6BDC9BE7,2025-09-19,Into The Blue,Deep House,Không có dự án con,,Thu mua,51.90000000000000000000,0.41020000000000000000,-0.39197698314837648993,-0.008253004865298335605053,38,516
101fbb855aa822cc7f914fd0f54f956e,HGFA0005F36F655B40C6BCCE7E0C6BDC9BE7,2025-09-01,Into The Blue,Deep House,Không có dự án con,,Thu mua,97.70000000000000000000,0.81680000000000000000,-0.39197698314837648993,-0.008253004865298335605053,38,516
e6467f29fd3c880a4f45f36ac7b3ca0b,HGFA0005F36F655B40C6BCCE7E0C6BDC9BE7,2025-09-02,Into The Blue,Deep House,Không có dự án con,,Thu mua,72.50000000000000000000,0.453100000000000000000000,-0.39197698314837648993,-0.008253004865298335605053,38,516
c9513104817bdb1f80a8329f0fe3ed1a,HGFA0005F36F655B40C6BCCE7E0C6BDC9BE7,2025-09-08,Into The Blue,Deep House,Không có dự án con,,Thu mua,131.30000000000000000000,1.43540000000000000000,-0.39197698314837648993,-0.008253004865298335605053,38,516
de4dc1e9e2034d8272bbacf739724ffb,HGFA0005F36F655B40C6BCCE7E0C6BDC9BE7,2025-09-11,Into The Blue,Deep House,Không có dự án con,,Thu mua,83.10000000000000000000,0.67670000000000000000,-0.39197698314837648993,-0.008253004865298335605053,38,516
9db60f022b03b90223d04b5523aa0913,HGFA0005F36F655B40C6BCCE7E0C6BDC9BE7,2025-09-30,Into The Blue,Deep House,Không có dự án con,,Thu mua,138.40000000000000000000,1.51060000000000000000,-0.39197698314837648993,-0.008253004865298335605053,38,516
e0821be5db7796d52135d0287dd70eb3,HGFA0005F36F655B40C6BCCE7E0C6BDC9BE7,2025-09-26,Into The Blue,Deep House,Không có dự án con,,Thu mua,385.50000000000000000000,4.52020000000000000000,-0.39197698314837648993,-0.008253004865298335605053,38,516
7848e1f40c39c9aa3544158dcfe6587a,HGFA0005F36F655B40C6BCCE7E0C6BDC9BE7,2025-09-13,Into The Blue,Deep House,Không có dự án con,,Thu mua,60.70000000000000000000,0.32300000000000000000,-0.39197698314837648993,-0.008253004865298335605053,38,516
cf335ce865cc7aadc8390a19b1d613a0,HGFA0005F36F655B40C6BCCE7E0C6BDC9BE7,2025-09-20,Into The Blue,Deep House,Không có dự án con,,Thu mua,46.80000000000000000000,0.49510000000000000000,-0.39197698314837648993,-0.008253004865298335605053,38,516
9b884184927d17ed6befc6d403ccd709,HGFA0005F36F655B40C6BCCE7E0C6BDC9BE7,2025-09-10,Into The Blue,Deep House,Không có dự án con,,Thu mua,127.00000000000000000000,1.05990000000000000000,-0.39197698314837648993,-0.008253004865298335605053,38,516
308bf869e9a1fdb9332a7f6f5f703d73,HGFA0005F36F655B40C6BCCE7E0C6BDC9BE7,2025-09-14,Into The Blue,Deep House,Không có dự án con,,Thu mua,68.80000000000000000000,0.73530000000000000000,-0.39197698314837648993,-0.008253004865298335605053,38,516
45c363847ef2b58af13616ccec30e291,HGFA0005F36F655B40C6BCCE7E0C6BDC9BE7,2025-09-24,Into The Blue,Deep House,Không có dự án con,,Thu mua,252.50000000000000000000,3.90990000000000000000,-0.39197698314837648993,-0.008253004865298335605053,38,516
4c30887497d6edd6cff4fb481e8f62dd,HGFA0005F36F655B40C6BCCE7E0C6BDC9BE7,2025-09-23,Into The Blue,Deep House,Không có dự án con,,Thu mua,291.90000000000000000000,4.53480000000000000000,-0.39197698314837648993,-0.008253004865298335605053,38,516
48d2e1ca52e3de2388ad31461a362cca,HGFA0005F36F655B40C6BCCE7E0C6BDC9BE7,2025-09-07,Into The Blue,Deep House,Không có dự án con,,Thu mua,74.80000000000000000000,0.54310000000000000000,-0.39197698314837648993,-0.008253004865298335605053,38,516
35125f6ec816abe3edbdb0acb035abc7,HGFA0005F36F655B40C6BCCE7E0C6BDC9BE7,2025-09-15,Into The Blue,Deep House,Không có dự án con,,Thu mua,69.50000000000000000000,0.784100000000000000000000,-0.39197698314837648993,-0.008253004865298335605053,38,516
d78663c991ac55ba89708a29efde95c5,HGFA0005F36F655B40C6BCCE7E0C6BDC9BE7,2025-09-25,Into The Blue,Deep House,Không có dự án con,,Thu mua,199.40000000000000000000,3.07770000000000000000,-0.39197698314837648993,-0.008253004865298335605053,38,516
0bce38e4448b6020c6f2123339f22b75,HGFA0005F36F655B40C6BCCE7E0C6BDC9BE7,2025-09-12,Into The Blue,Deep House,Không có dự án con,,Thu mua,80.60000000000000000000,0.45880000000000000000,-0.39197698314837648993,-0.008253004865298335605053,38,516
8da07957b9183f77cf75f4d4f18f9665,HGFA0005F36F655B40C6BCCE7E0C6BDC9BE7,2025-09-17,Into The Blue,Deep House,Không có dự án con,,Thu mua,71.50000000000000000000,1.028500000000000000000000,-0.39197698314837648993,-0.008253004865298335605053,38,516
ac2dd109903ecd5d724885acb65067de,HGFA0005F36F655B40C6BCCE7E0C6BDC9BE7,2025-09-29,Into The Blue,Deep House,Không có dự án con,,Thu mua,178.60000000000000000000,2.14530000000000000000,-0.39197698314837648993,-0.008253004865298335605053,38,516
a99466e7923ef82ed71ec5139eac3d94,HGFA0005F36F655B40C6BCCE7E0C6BDC9BE7,2025-09-27,Into The Blue,Deep House,Không có dự án con,,Thu mua,187.20000000000000000000,2.14610000000000000000,-0.39197698314837648993,-0.008253004865298335605053,38,516
3e9fd0f442abaf342a79e59a3535650e,HGFA0005F36F655B40C6BCCE7E0C6BDC9BE7,2025-09-16,Into The Blue,Deep House,Không có dự án con,,Thu mua,77.80000000000000000000,0.518800000000000000000000,-0.39197698314837648993,-0.008253004865298335605053,38,516
0350081e73c2d33dcad4a9b53e97617d,HGFA0005F36F655B40C6BCCE7E0C6BDC9BE7,2025-09-04,Into The Blue,Deep House,Không có dự án con,,Thu mua,80.10000000000000000000,0.82580000000000000000,-0.39197698314837648993,-0.008253004865298335605053,38,516
af61542e3e0761d3a8c8f8d857844aae,HGFA0005F36F655B40C6BCCE7E0C6BDC9BE7,2025-09-09,Into The Blue,Deep House,Không có dự án con,,Thu mua,105.60000000000000000000,1.16270000000000000000,-0.39197698314837648993,-0.008253004865298335605053,38,516
3ea9b65ae0d540698664b87802d49c3d,HGFA0005F36F655B40C6BCCE7E0C6BDC9BE7,2025-09-28,Into The Blue,Deep House,Không có dự án con,,Thu mua,194.10000000000000000000,2.488400000000000000000000,-0.39197698314837648993,-0.008253004865298335605053,38,516
3fa9cb28296b89c146cbf4e75696f597,HGFA0005F36F655B40C6BCCE7E0C6BDC9BE7,2025-09-06,Into The Blue,Deep House,Không có dự án con,,Thu mua,60.80000000000000000000,0.55150000000000000000,-0.39197698314837648993,-0.008253004865298335605053,38,516
b2ddec2ef4db44641f3ae7bd885b2ff6,HGFA0005F36F655B40C6BCCE7E0C6BDC9BE7,2025-09-18,Into The Blue,Deep House,Không có dự án con,,Thu mua,65.50000000000000000000,0.633000000000000000000000,-0.39197698314837648993,-0.008253004865298335605053,38,516
0558bfeffafb86551950dac0cd2f817b,HGFA0005F36F655B40C6BCCE7E0C6BDC9BE7,2025-09-22,Into The Blue,Deep House,Không có dự án con,,Thu mua,252.30000000000000000000,3.08060000000000000000,-0.39197698314837648993,-0.008253004865298335605053,38,516
ff32fdbdc73d71994b88899776706d72,HGFA0005F36F655B40C6BCCE7E0C6BDC9BE7,2025-09-21,Into The Blue,Deep House,Không có dự án con,,Thu mua,53.70000000000000000000,0.663600000000000000000000,-0.39197698314837648993,-0.008253004865298335605053,38,516
fb498bb9e50f4e31e4679222badc761c,HGFA0005F36F655B40C6BCCE7E0C6BDC9BE7,2025-09-03,Into The Blue,Deep House,Không có dự án con,,Thu mua,82.70000000000000000000,0.72150000000000000000,-0.39197698314837648993,-0.008253004865298335605053,38,516
1fcdc925287521be6d3de072c4852a0d,HGFA0005F36F655B40C6BCCE7E0C6BDC9BE7,2025-09-05,Into The Blue,Deep House,Không có dự án con,,Thu mua,56.00000000000000000000,0.70880000000000000000,-0.39197698314837648993,-0.008253004865298335605053,38,516
f705b9a2aabf45b5515d25c132836996,HGFA0005F36F655B40C6BCCE7E0C6BDC9BE7,2025-10-12,Into The Blue,Deep House,Không có dự án con,,Thu mua,174.20000000000000000000,1.845400000000000000000000,0.50985587972852391639,0.403276338836331575485687,38,516
97f4e1a6fcd2731bdda36169c8abc055,HGFA0005F36F655B40C6BCCE7E0C6BDC9BE7,2025-10-27,Into The Blue,Deep House,Không có dự án con,,Thu mua,621.30000000000000000000,4.99430000000000000000,0.50985587972852391639,0.403276338836331575485687,38,516
e1d694222129221483e73f0cf96f0403,HGFA0005F36F655B40C6BCCE7E0C6BDC9BE7,2025-10-31,Into The Blue,Deep House,Không có dự án con,,Thu mua,182.60000000000000000000,1.54250000000000000000,0.50985587972852391639,0.403276338836331575485687,38,516
532df6be3f657452e6afd35d4de2e928,HGFA0005F36F655B40C6BCCE7E0C6BDC9BE7,2025-10-21,Into The Blue,Deep House,Không có dự án con,,Thu mua,150.90000000000000000000,2.14930000000000000000,0.50985587972852391639,0.403276338836331575485687,38,516
43c86aa2cca2e2b46adb68f5765daa33,HGFA0005F36F655B40C6BCCE7E0C6BDC9BE7,2025-10-16,Into The Blue,Deep House,Không có dự án con,,Thu mua,282.50000000000000000000,3.53200000000000000000,0.50985587972852391639,0.403276338836331575485687,38,516
bb8856c4c829c48d6c1f28805c776b7b,HGFA0005F36F655B40C6BCCE7E0C6BDC9BE7,2025-10-01,Into The Blue,Deep House,Không có dự án con,,Thu mua,146.70000000000000000000,1.52250000000000000000,0.50985587972852391639,0.403276338836331575485687,38,516
3cfb9c63bd9928c3e684191284affcc3,HGFA0005F36F655B40C6BCCE7E0C6BDC9BE7,2025-10-15,Into The Blue,Deep House,Không có dự án con,,Thu mua,171.70000000000000000000,1.87190000000000000000,0.50985587972852391639,0.403276338836331575485687,38,516
50e9f30f78e243310bb9aa11f01efd97,HGFA0005F36F655B40C6BCCE7E0C6BDC9BE7,2025-10-28,Into The Blue,Deep House,Không có dự án con,,Thu mua,349.40000000000000000000,2.88200000000000000000,0.50985587972852391639,0.403276338836331575485687,38,516
14852cab3336faf9f1baec206a6a048d,HGFA0005F36F655B40C6BCCE7E0C6BDC9BE7,2025-10-14,Into The Blue,Deep House,Không có dự án con,,Thu mua,173.00000000000000000000,2.34610000000000000000,0.50985587972852391639,0.403276338836331575485687,38,516
6b257d283bb47a96bcf36b8463f220b1,HGFA0005F36F655B40C6BCCE7E0C6BDC9BE7,2025-10-30,Into The Blue,Deep House,Không có dự án con,,Thu mua,223.60000000000000000000,2.262700000000000000000000,0.50985587972852391639,0.403276338836331575485687,38,516
00cbc6459e9d4c74726616f63721d428,HGFA0005F36F655B40C6BCCE7E0C6BDC9BE7,2025-10-23,Into The Blue,Deep House,Không có dự án con,,Thu mua,102.60000000000000000000,1.16490000000000000000,0.50985587972852391639,0.403276338836331575485687,38,516
ab5b3e92e959be7d596d331aa91dd8fa,HGFA0005F36F655B40C6BCCE7E0C6BDC9BE7,2025-10-04,Into The Blue,Deep House,Không có dự án con,,Thu mua,109.90000000000000000000,1.32210000000000000000,0.50985587972852391639,0.403276338836331575485687,38,516
21b876e726abe3ab8dc3e4ca25a74268,HGFA0005F36F655B40C6BCCE7E0C6BDC9BE7,2025-10-13,Into The Blue,Deep House,Không có dự án con,,Thu mua,126.10000000000000000000,1.31490000000000000000,0.50985587972852391639,0.403276338836331575485687,38,516
94009a713606506c79c5a4a13068812b,HGFA0005F36F655B40C6BCCE7E0C6BDC9BE7,2025-10-19,Into The Blue,Deep House,Không có dự án con,,Thu mua,144.60000000000000000000,1.582300000000000000000000,0.50985587972852391639,0.403276338836331575485687,38,516
d91340f51b96e121de7707ccd7a6d512,HGFA0005F36F655B40C6BCCE7E0C6BDC9BE7,2025-10-22,Into The Blue,Deep House,Không có dự án con,,Thu mua,101.20000000000000000000,1.314300000000000000000000,0.50985587972852391639,0.403276338836331575485687,38,516
c2d2bf29ba4b4e8a97086071fbd9f55e,HGFA0005F36F655B40C6BCCE7E0C6BDC9BE7,2025-10-02,Into The Blue,Deep House,Không có dự án con,,Thu mua,165.40000000000000000000,2.00530000000000000000,0.50985587972852391639,0.403276338836331575485687,38,516
1f8921a59c213d5b372dae3ecc1d47ac,HGFA0005F36F655B40C6BCCE7E0C6BDC9BE7,2025-10-09,Into The Blue,Deep House,Không có dự án con,,Thu mua,149.80000000000000000000,1.641600000000000000000000,0.50985587972852391639,0.403276338836331575485687,38,516
4fae71b4386deb5409994fefbe297e07,HGFA0005F36F655B40C6BCCE7E0C6BDC9BE7,2025-10-06,Into The Blue,Deep House,Không có dự án con,,Thu mua,138.70000000000000000000,1.516500000000000000000000,0.50985587972852391639,0.403276338836331575485687,38,516
41debe1e5aabb7f4f4fd8904cfc9e8c9,HGFA0005F36F655B40C6BCCE7E0C6BDC9BE7,2025-10-07,Into The Blue,Deep House,Không có dự án con,,Thu mua,129.50000000000000000000,1.675700000000000000000000,0.50985587972852391639,0.403276338836331575485687,38,516
39851b32cea6d33bb98a064066656daf,HGFA0005F36F655B40C6BCCE7E0C6BDC9BE7,2025-10-03,Into The Blue,Deep House,Không có dự án con,,Thu mua,115.90000000000000000000,1.313200000000000000000000,0.50985587972852391639,0.403276338836331575485687,38,516
1b7a2ebd25ee3696c2b9bc0e5a97ba16,HGFA0005F36F655B40C6BCCE7E0C6BDC9BE7,2025-10-08,Into The Blue,Deep House,Không có dự án con,,Thu mua,128.50000000000000000000,1.909800000000000000000000,0.50985587972852391639,0.403276338836331575485687,38,516
3d561a311ac362c6a1d0da8361125fa1,HGFA0005F36F655B40C6BCCE7E0C6BDC9BE7,2025-10-26,Into The Blue,Deep House,Không có dự án con,,Thu mua,171.90000000000000000000,1.52840000000000000000,0.50985587972852391639,0.403276338836331575485687,38,516
45f5b985169550eec172b84db65cf9e5,HGFA0005F36F655B40C6BCCE7E0C6BDC9BE7,2025-10-05,Into The Blue,Deep House,Không có dự án con,,Thu mua,138.70000000000000000000,1.576700000000000000000000,0.50985587972852391639,0.403276338836331575485687,38,516
31b7a2380a343ac6f43dc9f395729273,HGFA0005F36F655B40C6BCCE7E0C6BDC9BE7,2025-10-17,Into The Blue,Deep House,Không có dự án con,,Thu mua,160.90000000000000000000,2.23860000000000000000,0.50985587972852391639,0.403276338836331575485687,38,516
cde824215d8dbf2ec923351f8076ba36,HGFA0005F36F655B40C6BCCE7E0C6BDC9BE7,2025-10-10,Into The Blue,Deep House,Không có dự án con,,Thu mua,337.40000000000000000000,2.56690000000000000000,0.50985587972852391639,0.403276338836331575485687,38,516
08ab8421b6f42ef8d53ff779eae6e377,HGFA0005F36F655B40C6BCCE7E0C6BDC9BE7,2025-10-20,Into The Blue,Deep House,Không có dự án con,,Thu mua,153.20000000000000000000,2.32100000000000000000,0.50985587972852391639,0.403276338836331575485687,38,516
d95b292078b4fe1e6f52f51953476110,HGFA0005F36F655B40C6BCCE7E0C6BDC9BE7,2025-10-29,Into The Blue,Deep House,Không có dự án con,,Thu mua,254.10000000000000000000,2.77880000000000000000,0.50985587972852391639,0.403276338836331575485687,38,516
dfabbdd60294f3db5da13ba3ab8c34f4,HGFA0005F36F655B40C6BCCE7E0C6BDC9BE7,2025-10-24,Into The Blue,Deep House,Không có dự án con,,Thu mua,108.30000000000000000000,1.29000000000000000000,0.50985587972852391639,0.403276338836331575485687,38,516
97b26d00859462678ed5921529c800e6,HGFA0005F36F655B40C6BCCE7E0C6BDC9BE7,2025-10-18,Into The Blue,Deep House,Không có dự án con,,Thu mua,140.10000000000000000000,1.402600000000000000000000,0.50985587972852391639,0.403276338836331575485687,38,516
59b1ff0107d48e102d28a036e5b7285f,HGFA0005F36F655B40C6BCCE7E0C6BDC9BE7,2025-10-11,Into The Blue,Deep House,Không có dự án con,,Thu mua,144.10000000000000000000,1.14930000000000000000,0.50985587972852391639,0.403276338836331575485687,38,516
0e79902cb80081ca6bac988e0154db6e,HGFA0005F36F655B40C6BCCE7E0C6BDC9BE7,2025-10-25,Into The Blue,Deep House,Không có dự án con,,Thu mua,87.10000000000000000000,0.964400000000000000000000,0.50985587972852391639,0.403276338836331575485687,38,516
16dbcea544d736d33cc842019c6f4021,HGFA0005F36F655B40C6BCCE7E0C6BDC9BE7,2025-11-25,Into The Blue,Deep House,Không có dự án con,,Thu mua,93.10000000000000000000,1.401600000000000000000000,-0.20249288131950787084,0.023925679534993112253469,38,516
6576bd94297909e1c0e5c114553252ea,HGFA0005F36F655B40C6BCCE7E0C6BDC9BE7,2025-11-06,Into The Blue,Deep House,Không có dự án con,,Thu mua,113.20000000000000000000,1.45760000000000000000,-0.20249288131950787084,0.023925679534993112253469,38,516
b1bbbd5441626bad14aca80437224365,HGFA0005F36F655B40C6BCCE7E0C6BDC9BE7,2025-11-01,Into The Blue,Deep House,Không có dự án con,,Thu mua,164.00000000000000000000,1.37520000000000000000,-0.20249288131950787084,0.023925679534993112253469,38,516
cecdb681a1f4e82f206af89a25af8229,HGFA0005F36F655B40C6BCCE7E0C6BDC9BE7,2025-11-07,Into The Blue,Deep House,Không có dự án con,,Thu mua,112.80000000000000000000,1.37560000000000000000,-0.20249288131950787084,0.023925679534993112253469,38,516
3f724f484cfe4db8b348c8608b90298f,HGFA0005F36F655B40C6BCCE7E0C6BDC9BE7,2025-11-09,Into The Blue,Deep House,Không có dự án con,,Thu mua,94.80000000000000000000,1.23670000000000000000,-0.20249288131950787084,0.023925679534993112253469,38,516
e4906ea3cc97823df943bd6797b15fa0,HGFA0005F36F655B40C6BCCE7E0C6BDC9BE7,2025-11-28,Into The Blue,Deep House,Không có dự án con,,Thu mua,83.70000000000000000000,1.690400000000000000000000,-0.20249288131950787084,0.023925679534993112253469,38,516
97db565a9400d1336c462a1a7156916b,HGFA0005F36F655B40C6BCCE7E0C6BDC9BE7,2025-11-30,Into The Blue,Deep House,Không có dự án con,,Thu mua,1221.10000000000000000000,18.19990000000000000000,-0.20249288131950787084,0.023925679534993112253469,38,516
afaca723c001c51c6a90567effa31309,HGFA0005F36F655B40C6BCCE7E0C6BDC9BE7,2025-11-20,Into The Blue,Deep House,Không có dự án con,,Thu mua,128.40000000000000000000,1.19170000000000000000,-0.20249288131950787084,0.023925679534993112253469,38,516
5a1cefec6147cf3b9ca3e9fbd1f6dee3,HGFA0005F36F655B40C6BCCE7E0C6BDC9BE7,2025-11-27,Into The Blue,Deep House,Không có dự án con,,Thu mua,115.80000000000000000000,1.88710000000000000000,-0.20249288131950787084,0.023925679534993112253469,38,516
b9a43dd7c8b117fb378b4db130ea7655,HGFA0005F36F655B40C6BCCE7E0C6BDC9BE7,2025-11-10,Into The Blue,Deep House,Không có dự án con,,Thu mua,90.90000000000000000000,0.921600000000000000000000,-0.20249288131950787084,0.023925679534993112253469,38,516
d55a32308f66c6e82be3415c7dc6ef20,HGFA0005F36F655B40C6BCCE7E0C6BDC9BE7,2025-11-02,Into The Blue,Deep House,Không có dự án con,,Thu mua,185.40000000000000000000,1.914200000000000000000000,-0.20249288131950787084,0.023925679534993112253469,38,516
7e25af7347cf4a7d8c20f1ebcde43cc0,HGFA0005F36F655B40C6BCCE7E0C6BDC9BE7,2025-11-17,Into The Blue,Deep House,Không có dự án con,,Thu mua,85.80000000000000000000,1.67650000000000000000,-0.20249288131950787084,0.023925679534993112253469,38,516
b1b2d832c17b78e6ff2ef8e530eee6da,HGFA0005F36F655B40C6BCCE7E0C6BDC9BE7,2025-11-16,Into The Blue,Deep House,Không có dự án con,,Thu mua,80.10000000000000000000,1.44270000000000000000,-0.20249288131950787084,0.023925679534993112253469,38,516
11c1500acd88499332e7bc787ef1ebad,HGFA0005F36F655B40C6BCCE7E0C6BDC9BE7,2025-11-23,Into The Blue,Deep House,Không có dự án con,,Thu mua,89.50000000000000000000,1.13870000000000000000,-0.20249288131950787084,0.023925679534993112253469,38,516
7b5d224b2436ee574dc2fa3d13acb10b,HGFA0005F36F655B40C6BCCE7E0C6BDC9BE7,2025-11-03,Into The Blue,Deep House,Không có dự án con,,Thu mua,189.80000000000000000000,2.38180000000000000000,-0.20249288131950787084,0.023925679534993112253469,38,516
c43dcb3b1d94afb33ce9274f7b0536b5,HGFA0005F36F655B40C6BCCE7E0C6BDC9BE7,2025-11-19,Into The Blue,Deep House,Không có dự án con,,Thu mua,92.10000000000000000000,1.02390000000000000000,-0.20249288131950787084,0.023925679534993112253469,38,516
f19a0e70ccc0b8abc347944cdf4de559,HGFA0005F36F655B40C6BCCE7E0C6BDC9BE7,2025-11-24,Into The Blue,Deep House,Không có dự án con,,Thu mua,103.70000000000000000000,1.974100000000000000000000,-0.20249288131950787084,0.023925679534993112253469,38,516
fe17d458263c29110d47579e1a49c40a,HGFA0005F36F655B40C6BCCE7E0C6BDC9BE7,2025-11-22,Into The Blue,Deep House,Không có dự án con,,Thu mua,87.70000000000000000000,1.374700000000000000000000,-0.20249288131950787084,0.023925679534993112253469,38,516
e1b871e659572dcd7e9b155cefcf17a0,HGFA0005F36F655B40C6BCCE7E0C6BDC9BE7,2025-11-12,Into The Blue,Deep House,Không có dự án con,,Thu mua,91.60000000000000000000,1.15940000000000000000,-0.20249288131950787084,0.023925679534993112253469,38,516
6bd4265280412a614f95745e5690fc39,HGFA0005F36F655B40C6BCCE7E0C6BDC9BE7,2025-11-29,Into The Blue,Deep House,Không có dự án con,,Thu mua,219.30000000000000000000,2.37380000000000000000,-0.20249288131950787084,0.023925679534993112253469,38,516
9995c72c6c0efd932a516e0e60b2379a,HGFA0005F36F655B40C6BCCE7E0C6BDC9BE7,2025-11-13,Into The Blue,Deep House,Không có dự án con,,Thu mua,94.30000000000000000000,1.198500000000000000000000,-0.20249288131950787084,0.023925679534993112253469,38,516
11fe4fe196c3ae14138fd64b0fcb12cf,HGFA0005F36F655B40C6BCCE7E0C6BDC9BE7,2025-11-11,Into The Blue,Deep House,Không có dự án con,,Thu mua,98.40000000000000000000,1.323900000000000000000000,-0.20249288131950787084,0.023925679534993112253469,38,516
f01afba398033aadd79b16e71719df91,HGFA0005F36F655B40C6BCCE7E0C6BDC9BE7,2025-11-26,Into The Blue,Deep House,Không có dự án con,,Thu mua,90.10000000000000000000,1.242200000000000000000000,-0.20249288131950787084,0.023925679534993112253469,38,516
da327c10031d11d3584827e7f3b5df60,HGFA0005F36F655B40C6BCCE7E0C6BDC9BE7,2025-11-21,Into The Blue,Deep House,Không có dự án con,,Thu mua,123.50000000000000000000,1.17140000000000000000,-0.20249288131950787084,0.023925679534993112253469,38,516
91a6e220c2c2eb15344b1a9226bc640a,HGFA0005F36F655B40C6BCCE7E0C6BDC9BE7,2025-11-15,Into The Blue,Deep House,Không có dự án con,,Thu mua,73.80000000000000000000,0.956800000000000000000000,-0.20249288131950787084,0.023925679534993112253469,38,516
6a48b5ee3af8645cbb956cc5a9158063,HGFA0005F36F655B40C6BCCE7E0C6BDC9BE7,2025-11-14,Into The Blue,Deep House,Không có dự án con,,Thu mua,83.80000000000000000000,1.019400000000000000000000,-0.20249288131950787084,0.023925679534993112253469,38,516
e78aefd9ae476a35f5ad7887791a906b,HGFA0005F36F655B40C6BCCE7E0C6BDC9BE7,2025-11-08,Into The Blue,Deep House,Không có dự án con,,Thu mua,80.30000000000000000000,0.79400000000000000000,-0.20249288131950787084,0.023925679534993112253469,38,516
f5ff8d00afe5a512ccec71850bc5d18b,HGFA0005F36F655B40C6BCCE7E0C6BDC9BE7,2025-11-04,Into The Blue,Deep House,Không có dự án con,,Thu mua,149.90000000000000000000,2.90590000000000000000,-0.20249288131950787084,0.023925679534993112253469,38,516
aa617a90405f454cfec2a2647a0a445a,HGFA0005F36F655B40C6BCCE7E0C6BDC9BE7,2025-11-05,Into The Blue,Deep House,Không có dự án con,,Thu mua,124.20000000000000000000,1.59500000000000000000,-0.20249288131950787084,0.023925679534993112253469,38,516
09bd56dad2127527df70dad6e90e2dea,HGFA0005F36F655B40C6BCCE7E0C6BDC9BE7,2025-11-18,Into The Blue,Deep House,Không có dự án con,,Thu mua,92.10000000000000000000,1.54590000000000000000,-0.20249288131950787084,0.023925679534993112253469,38,516
d81e3fd1757f28805f0c6ea7af2cac62,HGFA0005F36F655B40C6BCCE7E0C6BDC9BE7,2025-12-12,Into The Blue,Deep House,Không có dự án con,,Thu mua,262.80000000000000000000,3.12290000000000000000,0.71737177759813168059,0.457504651338305698750783,38,516
d6f33ff441fb5697e6c426520890c100,HGFA0005F36F655B40C6BCCE7E0C6BDC9BE7,2025-12-22,Into The Blue,Deep House,Không có dự án con,,Thu mua,144.90000000000000000000,1.89840000000000000000,0.71737177759813168059,0.457504651338305698750783,38,516
3337306cfab777659e4868a1878a632f,HGFA0005F36F655B40C6BCCE7E0C6BDC9BE7,2025-12-13,Into The Blue,Deep House,Không có dự án con,,Thu mua,180.60000000000000000000,1.74240000000000000000,0.71737177759813168059,0.457504651338305698750783,38,516
61e6d57ae81c87907358ee646a47a816,HGFA0005F36F655B40C6BCCE7E0C6BDC9BE7,2025-12-03,Into The Blue,Deep House,Không có dự án con,,Thu mua,265.80000000000000000000,3.47390000000000000000,0.71737177759813168059,0.457504651338305698750783,38,516
57656226cc027fa5f0f975dde67ecffc,HGFA0005F36F655B40C6BCCE7E0C6BDC9BE7,2025-12-31,Into The Blue,Deep House,Không có dự án con,,Thu mua,113.50000000000000000000,0.487600000000000000000000,0.71737177759813168059,0.457504651338305698750783,38,516
2d327bdf7a218544160df0813d53acc4,HGFA0005F36F655B40C6BCCE7E0C6BDC9BE7,2025-12-01,Into The Blue,Deep House,Không có dự án con,,Thu mua,660.80000000000000000000,8.98750000000000000000,0.71737177759813168059,0.457504651338305698750783,38,516
2c7708e4abf77469ca311baaf62ba884,HGFA0005F36F655B40C6BCCE7E0C6BDC9BE7,2025-12-28,Into The Blue,Deep House,Không có dự án con,,Thu mua,262.50000000000000000000,2.18630000000000000000,0.71737177759813168059,0.457504651338305698750783,38,516
83ff195747e7030163bef6c7632e4add,HGFA0005F36F655B40C6BCCE7E0C6BDC9BE7,2025-12-21,Into The Blue,Deep House,Không có dự án con,,Thu mua,200.20000000000000000000,2.067100000000000000000000,0.71737177759813168059,0.457504651338305698750783,38,516
b12781d24264bd15265ff5af9557f1e9,HGFA0005F36F655B40C6BCCE7E0C6BDC9BE7,2025-12-08,Into The Blue,Deep House,Không có dự án con,,Thu mua,222.90000000000000000000,3.320500000000000000000000,0.71737177759813168059,0.457504651338305698750783,38,516
6ec08aa4678738b10504b2a4ac170504,HGFA0005F36F655B40C6BCCE7E0C6BDC9BE7,2025-12-06,Into The Blue,Deep House,Không có dự án con,,Thu mua,187.70000000000000000000,1.87560000000000000000,0.71737177759813168059,0.457504651338305698750783,38,516
4c3810ccf54922c733bd38768981811a,HGFA0005F36F655B40C6BCCE7E0C6BDC9BE7,2025-12-17,Into The Blue,Deep House,Không có dự án con,,Thu mua,199.20000000000000000000,2.524100000000000000000000,0.71737177759813168059,0.457504651338305698750783,38,516
e027c27f10f95c9672aa5c5f5f84e13b,HGFA0005F36F655B40C6BCCE7E0C6BDC9BE7,2025-12-23,Into The Blue,Deep House,Không có dự án con,,Thu mua,105.50000000000000000000,1.258400000000000000000000,0.71737177759813168059,0.457504651338305698750783,38,516
70ae13666708469be67d35aec92708cd,HGFA0005F36F655B40C6BCCE7E0C6BDC9BE7,2025-12-10,Into The Blue,Deep House,Không có dự án con,,Thu mua,213.60000000000000000000,2.33180000000000000000,0.71737177759813168059,0.457504651338305698750783,38,516
c256e453370a78bd452327ac07d62db2,HGFA0005F36F655B40C6BCCE7E0C6BDC9BE7,2025-12-07,Into The Blue,Deep House,Không có dự án con,,Thu mua,184.20000000000000000000,2.06960000000000000000,0.71737177759813168059,0.457504651338305698750783,38,516
b403a7e0f5989c8585703ab4512b42c6,HGFA0005F36F655B40C6BCCE7E0C6BDC9BE7,2025-12-29,Into The Blue,Deep House,Không có dự án con,,Thu mua,276.40000000000000000000,1.934500000000000000000000,0.71737177759813168059,0.457504651338305698750783,38,516
839a03de6179f271d62b1e44a7831cc1,HGFA0005F36F655B40C6BCCE7E0C6BDC9BE7,2025-12-11,Into The Blue,Deep House,Không có dự án con,,Thu mua,215.20000000000000000000,2.79500000000000000000,0.71737177759813168059,0.457504651338305698750783,38,516
2b87b7f2ce833b369ccc5bc5e1f534b0,HGFA0005F36F655B40C6BCCE7E0C6BDC9BE7,2025-12-16,Into The Blue,Deep House,Không có dự án con,,Thu mua,253.90000000000000000000,3.89200000000000000000,0.71737177759813168059,0.457504651338305698750783,38,516
583c6066c0ecd2eaefdcd61c52ae8a22,HGFA0005F36F655B40C6BCCE7E0C6BDC9BE7,2025-12-24,Into The Blue,Deep House,Không có dự án con,,Thu mua,93.80000000000000000000,1.05550000000000000000,0.71737177759813168059,0.457504651338305698750783,38,516
67b07541523217e0bd0639df92d1bb07,HGFA0005F36F655B40C6BCCE7E0C6BDC9BE7,2025-12-15,Into The Blue,Deep House,Không có dự án con,,Thu mua,176.60000000000000000000,2.12120000000000000000,0.71737177759813168059,0.457504651338305698750783,38,516
02643a9337b759c91a8005615903f690,HGFA0005F36F655B40C6BCCE7E0C6BDC9BE7,2025-12-30,Into The Blue,Deep House,Không có dự án con,,Thu mua,175.50000000000000000000,1.19470000000000000000,0.71737177759813168059,0.457504651338305698750783,38,516
db3247106e8c6ca468ced0c66c1f372f,HGFA0005F36F655B40C6BCCE7E0C6BDC9BE7,2025-12-25,Into The Blue,Deep House,Không có dự án con,,Thu mua,287.70000000000000000000,2.91100000000000000000,0.71737177759813168059,0.457504651338305698750783,38,516
496991ece25068ce2bfab04636283434,HGFA0005F36F655B40C6BCCE7E0C6BDC9BE7,2025-12-05,Into The Blue,Deep House,Không có dự án con,,Thu mua,386.30000000000000000000,4.94980000000000000000,0.71737177759813168059,0.457504651338305698750783,38,516
0aa3713e8dbb61aa096517f7dfd7efe2,HGFA0005F36F655B40C6BCCE7E0C6BDC9BE7,2025-12-18,Into The Blue,Deep House,Không có dự án con,,Thu mua,362.70000000000000000000,4.78330000000000000000,0.71737177759813168059,0.457504651338305698750783,38,516
275f047f1c56764c4e79d76cb08552ce,HGFA0005F36F655B40C6BCCE7E0C6BDC9BE7,2025-12-02,Into The Blue,Deep House,Không có dự án con,,Thu mua,374.30000000000000000000,5.181300000000000000000000,0.71737177759813168059,0.457504651338305698750783,38,516
048ca18d61c2949440797b25473d2aab,HGFA0005F36F655B40C6BCCE7E0C6BDC9BE7,2025-12-04,Into The Blue,Deep House,Không có dự án con,,Thu mua,538.30000000000000000000,6.84950000000000000000,0.71737177759813168059,0.457504651338305698750783,38,516
98b6f83d6a63a9d0b456edc6273d727e,HGFA0005F36F655B40C6BCCE7E0C6BDC9BE7,2025-12-19,Into The Blue,Deep House,Không có dự án con,,Thu mua,251.70000000000000000000,2.868400000000000000000000,0.71737177759813168059,0.457504651338305698750783,38,516
89a32b2686f08ade8f60674c6ecd221b,HGFA0005F36F655B40C6BCCE7E0C6BDC9BE7,2025-12-20,Into The Blue,Deep House,Không có dự án con,,Thu mua,180.60000000000000000000,1.980800000000000000000000,0.71737177759813168059,0.457504651338305698750783,38,516
75fdd415e46f35f9414da63efe72a9d4,HGFA0005F36F655B40C6BCCE7E0C6BDC9BE7,2025-12-27,Into The Blue,Deep House,Không có dự án con,,Thu mua,196.40000000000000000000,1.58110000000000000000,0.71737177759813168059,0.457504651338305698750783,38,516
dfe77f967c21eccde28ab11e08125c41,HGFA0005F36F655B40C6BCCE7E0C6BDC9BE7,2025-12-14,Into The Blue,Deep House,Không có dự án con,,Thu mua,207.10000000000000000000,2.60030000000000000000,0.71737177759813168059,0.457504651338305698750783,38,516
403dba8995134485ebe326444895dae4,HGFA0005F36F655B40C6BCCE7E0C6BDC9BE7,2025-12-09,Into The Blue,Deep House,Không có dự án con,,Thu mua,277.50000000000000000000,2.90820000000000000000,0.71737177759813168059,0.457504651338305698750783,38,516
e07e4debe344a842427498a7763dcfe0,HGFA0005F36F655B40C6BCCE7E0C6BDC9BE7,2025-12-26,Into The Blue,Deep House,Không có dự án con,,Thu mua,189.60000000000000000000,1.88250000000000000000,0.71737177759813168059,0.457504651338305698750783,38,516
47d66bff2251dc6399de206d26f15e9d,HGFA0005F36F655B40C6BCCE7E0C6BDC9BE7,2026-01-27,Into The Blue,Deep House,Không có dự án con,,Thu mua,95.30000000000000000000,1.180400000000000000000000,-0.43949894087188472502,-0.519916654659414286228882,38,516
a7b79f435ebee2957638e1303d2ea36d,HGFA0005F36F655B40C6BCCE7E0C6BDC9BE7,2026-01-23,Into The Blue,Deep House,Không có dự án con,,Thu mua,143.20000000000000000000,0.762400000000000000000000,-0.43949894087188472502,-0.519916654659414286228882,38,516
e0d59fe5cef0fa26bc8633ac0635436d,HGFA0005F36F655B40C6BCCE7E0C6BDC9BE7,2026-01-02,Into The Blue,Deep House,Không có dự án con,,Thu mua,131.00000000000000000000,0.74860000000000000000,-0.43949894087188472502,-0.519916654659414286228882,38,516
d6a42e98693038a2014e1eeaedd524bf,HGFA0005F36F655B40C6BCCE7E0C6BDC9BE7,2026-01-07,Into The Blue,Deep House,Không có dự án con,,Thu mua,216.30000000000000000000,2.894900000000000000000000,-0.43949894087188472502,-0.519916654659414286228882,38,516
06a807b4f6b9c4fbf1e70c2b57061762,HGFA0005F36F655B40C6BCCE7E0C6BDC9BE7,2026-01-06,Into The Blue,Deep House,Không có dự án con,,Thu mua,191.30000000000000000000,2.298600000000000000000000,-0.43949894087188472502,-0.519916654659414286228882,38,516
c98b0d7cfc3813f9713386043bea9cd8,HGFA0005F36F655B40C6BCCE7E0C6BDC9BE7,2026-01-03,Into The Blue,Deep House,Không có dự án con,,Thu mua,108.90000000000000000000,0.626800000000000000000000,-0.43949894087188472502,-0.519916654659414286228882,38,516
38e9ee63191496babbd5ec109759da4c,HGFA0005F36F655B40C6BCCE7E0C6BDC9BE7,2026-01-19,Into The Blue,Deep House,Không có dự án con,,Thu mua,126.10000000000000000000,1.47600000000000000000,-0.43949894087188472502,-0.519916654659414286228882,38,516
d142ffee5d4596ce2dd686221154f723,HGFA0005F36F655B40C6BCCE7E0C6BDC9BE7,2026-01-17,Into The Blue,Deep House,Không có dự án con,,Thu mua,143.60000000000000000000,1.29390000000000000000,-0.43949894087188472502,-0.519916654659414286228882,38,516
fb1c668c8346c0194bc495620441fbd6,HGFA0005F36F655B40C6BCCE7E0C6BDC9BE7,2026-01-31,Into The Blue,Deep House,Không có dự án con,,Thu mua,65.00000000000000000000,0.509500000000000000000000,-0.43949894087188472502,-0.519916654659414286228882,38,516
9e6c4a199e02df6dfe3bac67c0793e75,HGFA0005F36F655B40C6BCCE7E0C6BDC9BE7,2026-01-26,Into The Blue,Deep House,Không có dự án con,,Thu mua,102.10000000000000000000,0.979400000000000000000000,-0.43949894087188472502,-0.519916654659414286228882,38,516
a690f4954badc428a626a4aab1838439,HGFA0005F36F655B40C6BCCE7E0C6BDC9BE7,2026-01-24,Into The Blue,Deep House,Không có dự án con,,Thu mua,67.20000000000000000000,0.704900000000000000000000,-0.43949894087188472502,-0.519916654659414286228882,38,516
7829e531ff4317c25ae31b0fa0c0b4a9,HGFA0005F36F655B40C6BCCE7E0C6BDC9BE7,2026-01-10,Into The Blue,Deep House,Không có dự án con,,Thu mua,116.60000000000000000000,1.366900000000000000000000,-0.43949894087188472502,-0.519916654659414286228882,38,516
e6bcf63069a5e29e51a90f54f09c45f4,HGFA0005F36F655B40C6BCCE7E0C6BDC9BE7,2026-01-11,Into The Blue,Deep House,Không có dự án con,,Thu mua,148.80000000000000000000,2.062800000000000000000000,-0.43949894087188472502,-0.519916654659414286228882,38,516
00b54b1c53565f72fed9b15e90d87fe5,HGFA0005F36F655B40C6BCCE7E0C6BDC9BE7,2026-01-22,Into The Blue,Deep House,Không có dự án con,,Thu mua,134.50000000000000000000,1.300300000000000000000000,-0.43949894087188472502,-0.519916654659414286228882,38,516
5667fc5ac21af1fd92ba3116856ca67b,HGFA0005F36F655B40C6BCCE7E0C6BDC9BE7,2026-01-16,Into The Blue,Deep House,Không có dự án con,,Thu mua,138.50000000000000000000,1.205500000000000000000000,-0.43949894087188472502,-0.519916654659414286228882,38,516
79ffddc83bd5b102a4d23edaa5ad4e10,HGFA0005F36F655B40C6BCCE7E0C6BDC9BE7,2026-01-15,Into The Blue,Deep House,Không có dự án con,,Thu mua,155.10000000000000000000,1.42980000000000000000,-0.43949894087188472502,-0.519916654659414286228882,38,516
51645dc888b7d6ef6d008d5933f21bcf,HGFA0005F36F655B40C6BCCE7E0C6BDC9BE7,2026-01-29,Into The Blue,Deep House,Không có dự án con,,Thu mua,108.30000000000000000000,1.263100000000000000000000,-0.43949894087188472502,-0.519916654659414286228882,38,516
72aea4d7f740899a82bb73391e8ea180,HGFA0005F36F655B40C6BCCE7E0C6BDC9BE7,2026-01-20,Into The Blue,Deep House,Không có dự án con,,Thu mua,98.70000000000000000000,0.981800000000000000000000,-0.43949894087188472502,-0.519916654659414286228882,38,516
bf89765572dc5415816446fbfeb044c1,HGFA0005F36F655B40C6BCCE7E0C6BDC9BE7,2026-01-05,Into The Blue,Deep House,Không có dự án con,,Thu mua,246.60000000000000000000,2.208700000000000000000000,-0.43949894087188472502,-0.519916654659414286228882,38,516
c3900234e3b3fad6745a20ddbdf6eb77,HGFA0005F36F655B40C6BCCE7E0C6BDC9BE7,2026-01-01,Into The Blue,Deep House,Không có dự án con,,Thu mua,134.80000000000000000000,0.84030000000000000000,-0.43949894087188472502,-0.519916654659414286228882,38,516
83a6e649283c97dd698081c11694f550,HGFA0005F36F655B40C6BCCE7E0C6BDC9BE7,2026-01-21,Into The Blue,Deep House,Không có dự án con,,Thu mua,101.30000000000000000000,1.02710000000000000000,-0.43949894087188472502,-0.519916654659414286228882,38,516
df21294b5e9f5a6fc2bce938fa215615,HGFA0005F36F655B40C6BCCE7E0C6BDC9BE7,2026-01-04,Into The Blue,Deep House,Không có dự án con,,Thu mua,234.30000000000000000000,1.848000000000000000000000,-0.43949894087188472502,-0.519916654659414286228882,38,516
2ca3efe3ee3511fda113b8418072a360,HGFA0005F36F655B40C6BCCE7E0C6BDC9BE7,2026-01-14,Into The Blue,Deep House,Không có dự án con,,Thu mua,150.80000000000000000000,1.47000000000000000000,-0.43949894087188472502,-0.519916654659414286228882,38,516
1446849c3c220dcfb063b0421eba1d9e,HGFA0005F36F655B40C6BCCE7E0C6BDC9BE7,2026-01-18,Into The Blue,Deep House,Không có dự án con,,Thu mua,133.30000000000000000000,1.322900000000000000000000,-0.43949894087188472502,-0.519916654659414286228882,38,516
06948fbec8296eb4024299321c6942c7,HGFA0005F36F655B40C6BCCE7E0C6BDC9BE7,2026-01-28,Into The Blue,Deep House,Không có dự án con,,Thu mua,109.70000000000000000000,1.452600000000000000000000,-0.43949894087188472502,-0.519916654659414286228882,38,516
779ce31e6ac274afc188fddfe58cd504,HGFA0005F36F655B40C6BCCE7E0C6BDC9BE7,2026-01-13,Into The Blue,Deep House,Không có dự án con,,Thu mua,167.70000000000000000000,1.53080000000000000000,-0.43949894087188472502,-0.519916654659414286228882,38,516
1a83388727158905b75bb0f5804e20ef,HGFA0005F36F655B40C6BCCE7E0C6BDC9BE7,2026-01-09,Into The Blue,Deep House,Không có dự án con,,Thu mua,182.30000000000000000000,1.95210000000000000000,-0.43949894087188472502,-0.519916654659414286228882,38,516
aa8a551f0ee23b25a310801a63348983,HGFA0005F36F655B40C6BCCE7E0C6BDC9BE7,2026-01-30,Into The Blue,Deep House,Không có dự án con,,Thu mua,82.70000000000000000000,0.745900000000000000000000,-0.43949894087188472502,-0.519916654659414286228882,38,516
310745817bed0b1f731aaeba0d7725fd,HGFA0005F36F655B40C6BCCE7E0C6BDC9BE7,2026-01-12,Into The Blue,Deep House,Không có dự án con,,Thu mua,158.90000000000000000000,1.448900000000000000000000,-0.43949894087188472502,-0.519916654659414286228882,38,516
e6ccc6a08d6351f5924581695f42efc1,HGFA0005F36F655B40C6BCCE7E0C6BDC9BE7,2026-01-25,Into The Blue,Deep House,Không có dự án con,,Thu mua,99.40000000000000000000,1.03370000000000000000,-0.43949894087188472502,-0.519916654659414286228882,38,516
46f7c3bb34bf7c23b695ed79022ba7f8,HGFA0005F36F655B40C6BCCE7E0C6BDC9BE7,2026-01-08,Into The Blue,Deep House,Không có dự án con,,Thu mua,194.30000000000000000000,2.68170000000000000000,-0.43949894087188472502,-0.519916654659414286228882,38,516
7e766e9406f0e25db4226b3f1f6f4901,HGFA0005F36F655B40C6BCCE7E0C6BDC9BE7,2026-02-07,Into The Blue,Deep House,Không có dự án con,,Thu mua,91.10000000000000000000,1.068000000000000000000000,-0.17857976018289553492,0.081614038543154123376547,38,516
ecb2b1b9e379cc6d476f5a2e1d474c0d,HGFA0005F36F655B40C6BCCE7E0C6BDC9BE7,2026-02-09,Into The Blue,Deep House,Không có dự án con,,Thu mua,123.30000000000000000000,1.232600000000000000000000,-0.17857976018289553492,0.081614038543154123376547,38,516
ad18f96b270c010c5ff2cd028ba03e02,HGFA0005F36F655B40C6BCCE7E0C6BDC9BE7,2026-02-02,Into The Blue,Deep House,Không có dự án con,,Thu mua,95.30000000000000000000,1.117900000000000000000000,-0.17857976018289553492,0.081614038543154123376547,38,516
1b03cdcb4e2141a467fe101c13273fde,HGFA0005F36F655B40C6BCCE7E0C6BDC9BE7,2026-02-17,Into The Blue,Deep House,Không có dự án con,,Thu mua,138.70000000000000000000,1.58900000000000000000,-0.17857976018289553492,0.081614038543154123376547,38,516
6bf090df31ba91b03bc5f9048f0e8f63,HGFA0005F36F655B40C6BCCE7E0C6BDC9BE7,2026-02-12,Into The Blue,Deep House,Không có dự án con,,Thu mua,119.70000000000000000000,1.19590000000000000000,-0.17857976018289553492,0.081614038543154123376547,38,516
75ab4b6219e1f0b935506c54a4a3b354,HGFA0005F36F655B40C6BCCE7E0C6BDC9BE7,2026-02-27,Into The Blue,Deep House,Không có dự án con,,Thu mua,89.20000000000000000000,1.032900000000000000000000,-0.17857976018289553492,0.081614038543154123376547,38,516
09904603ea9985ef84183d08af961526,HGFA0005F36F655B40C6BCCE7E0C6BDC9BE7,2026-02-15,Into The Blue,Deep House,Không có dự án con,,Thu mua,125.30000000000000000000,1.353400000000000000000000,-0.17857976018289553492,0.081614038543154123376547,38,516
3b269c65a53ef111f8c4c6d10af2ad07,HGFA0005F36F655B40C6BCCE7E0C6BDC9BE7,2026-02-11,Into The Blue,Deep House,Không có dự án con,,Thu mua,124.00000000000000000000,1.11600000000000000000,-0.17857976018289553492,0.081614038543154123376547,38,516
1d3978d134369e0e167e08943c2e6e15,HGFA0005F36F655B40C6BCCE7E0C6BDC9BE7,2026-02-25,Into The Blue,Deep House,Không có dự án con,,Thu mua,155.80000000000000000000,2.488100000000000000000000,-0.17857976018289553492,0.081614038543154123376547,38,516
c6d6327a2a764dc1c867e321847e45cd,HGFA0005F36F655B40C6BCCE7E0C6BDC9BE7,2026-02-05,Into The Blue,Deep House,Không có dự án con,,Thu mua,107.90000000000000000000,1.45280000000000000000,-0.17857976018289553492,0.081614038543154123376547,38,516
2850295956049091589e846b2f3878d7,HGFA0005F36F655B40C6BCCE7E0C6BDC9BE7,2026-02-16,Into The Blue,Deep House,Không có dự án con,,Thu mua,158.40000000000000000000,2.25940000000000000000,-0.17857976018289553492,0.081614038543154123376547,38,516
134f73fcd283ca4dac7f188248a08ed5,HGFA0005F36F655B40C6BCCE7E0C6BDC9BE7,2026-02-22,Into The Blue,Deep House,Không có dự án con,,Thu mua,111.10000000000000000000,1.69200000000000000000,-0.17857976018289553492,0.081614038543154123376547,38,516
5063a285b5b1addfa618846bcefef8e1,HGFA0005F36F655B40C6BCCE7E0C6BDC9BE7,2026-02-06,Into The Blue,Deep House,Không có dự án con,,Thu mua,97.70000000000000000000,1.31790000000000000000,-0.17857976018289553492,0.081614038543154123376547,38,516
52fe7ac0e18f859179da65e6c5644f91,HGFA0005F36F655B40C6BCCE7E0C6BDC9BE7,2026-02-04,Into The Blue,Deep House,Không có dự án con,,Thu mua,109.20000000000000000000,1.32970000000000000000,-0.17857976018289553492,0.081614038543154123376547,38,516
0806a9bd47541e9f0691422b697259b9,HGFA0005F36F655B40C6BCCE7E0C6BDC9BE7,2026-02-03,Into The Blue,Deep House,Không có dự án con,,Thu mua,93.00000000000000000000,1.559100000000000000000000,-0.17857976018289553492,0.081614038543154123376547,38,516
8ac4a738aa45d8b2a2d8d653b27b8be4,HGFA0005F36F655B40C6BCCE7E0C6BDC9BE7,2026-02-20,Into The Blue,Deep House,Không có dự án con,,Thu mua,162.30000000000000000000,3.117800000000000000000000,-0.17857976018289553492,0.081614038543154123376547,38,516
08711d555c54e9166762a12ae27f3411,HGFA0005F36F655B40C6BCCE7E0C6BDC9BE7,2026-02-24,Into The Blue,Deep House,Không có dự án con,,Thu mua,131.50000000000000000000,1.78140000000000000000,-0.17857976018289553492,0.081614038543154123376547,38,516
76ef4f48512b77bb24a97ecbb462e949,HGFA0005F36F655B40C6BCCE7E0C6BDC9BE7,2026-02-23,Into The Blue,Deep House,Không có dự án con,,Thu mua,140.40000000000000000000,2.384800000000000000000000,-0.17857976018289553492,0.081614038543154123376547,38,516
1d4730db660001bdde7b5796a29b1dbc,HGFA0005F36F655B40C6BCCE7E0C6BDC9BE7,2026-02-08,Into The Blue,Deep House,Không có dự án con,,Thu mua,147.60000000000000000000,1.798200000000000000000000,-0.17857976018289553492,0.081614038543154123376547,38,516
3f562e9711110aef54f94131edcfd9f2,HGFA0005F36F655B40C6BCCE7E0C6BDC9BE7,2026-02-14,Into The Blue,Deep House,Không có dự án con,,Thu mua,111.80000000000000000000,1.704300000000000000000000,-0.17857976018289553492,0.081614038543154123376547,38,516
04b5c2d6c56be90ef77950eeb9e8e1ab,HGFA0005F36F655B40C6BCCE7E0C6BDC9BE7,2026-02-26,Into The Blue,Deep House,Không có dự án con,,Thu mua,149.40000000000000000000,2.461000000000000000000000,-0.17857976018289553492,0.081614038543154123376547,38,516
6deba574bdd1b8e9dfba58e66edb0a00,HGFA0005F36F655B40C6BCCE7E0C6BDC9BE7,2026-02-21,Into The Blue,Deep House,Không có dự án con,,Thu mua,87.50000000000000000000,1.001400000000000000000000,-0.17857976018289553492,0.081614038543154123376547,38,516
07b1ea30f29a17a33d3d4b55824a62aa,HGFA0005F36F655B40C6BCCE7E0C6BDC9BE7,2026-02-18,Into The Blue,Deep House,Không có dự án con,,Thu mua,148.80000000000000000000,2.042500000000000000000000,-0.17857976018289553492,0.081614038543154123376547,38,516
9abc42ca2109babd6141524bbf8f93ce,HGFA0005F36F655B40C6BCCE7E0C6BDC9BE7,2026-02-28,Into The Blue,Deep House,Không có dự án con,,Thu mua,115.90000000000000000000,0.880800000000000000000000,-0.17857976018289553492,0.081614038543154123376547,38,516
16e92b4aa5ed61f2a4f23299e3f1ceac,HGFA0005F36F655B40C6BCCE7E0C6BDC9BE7,2026-02-13,Into The Blue,Deep House,Không có dự án con,,Thu mua,154.70000000000000000000,1.448000000000000000000000,-0.17857976018289553492,0.081614038543154123376547,38,516
62828c6e12f5b8e1349b3d7353164d70,HGFA0005F36F655B40C6BCCE7E0C6BDC9BE7,2026-02-19,Into The Blue,Deep House,Không có dự án con,,Thu mua,179.40000000000000000000,3.132000000000000000000000,-0.17857976018289553492,0.081614038543154123376547,38,516
39765d70a9c48413d1042466c160f54c,HGFA0005F36F655B40C6BCCE7E0C6BDC9BE7,2026-02-10,Into The Blue,Deep House,Không có dự án con,,Thu mua,175.90000000000000000000,1.953200000000000000000000,-0.17857976018289553492,0.081614038543154123376547,38,516
2c516c25bb28e17257030aec7a2a73d3,HGFA0005F36F655B40C6BCCE7E0C6BDC9BE7,2026-02-01,Into The Blue,Deep House,Không có dự án con,,Thu mua,76.20000000000000000000,0.618900000000000000000000,-0.17857976018289553492,0.081614038543154123376547,38,516
3a8f622df4271f2cb1e9bd38be19e66f,HGFA0005F36F655B40C6BCCE7E0C6BDC9BE7,2026-03-28,Into The Blue,Deep House,Không có dự án con,,Thu mua,177.70000000000000000000,2.450800000000000000000000,1.72119508108261622788,1.901764616618613020009105,38,516
408f5c9d4ffd6f5e8bc1956cf0e00ae5,HGFA0005F36F655B40C6BCCE7E0C6BDC9BE7,2026-03-13,Into The Blue,Deep House,Không có dự án con,,Thu mua,132.80000000000000000000,2.23480000000000000000,1.72119508108261622788,1.901764616618613020009105,38,516
d994be4a46eea91e935c0912be0637b8,HGFA0005F36F655B40C6BCCE7E0C6BDC9BE7,2026-03-17,Into The Blue,Deep House,Không có dự án con,,Thu mua,410.20000000000000000000,4.977800000000000000000000,1.72119508108261622788,1.901764616618613020009105,38,516
cbfb94606e38375018a7098f6b5da969,HGFA0005F36F655B40C6BCCE7E0C6BDC9BE7,2026-03-03,Into The Blue,Deep House,Không có dự án con,,Thu mua,110.70000000000000000000,1.748200000000000000000000,1.72119508108261622788,1.901764616618613020009105,38,516
9eb9b5387eaf492c644681cafb46b1ad,HGFA0005F36F655B40C6BCCE7E0C6BDC9BE7,2026-03-16,Into The Blue,Deep House,Không có dự án con,,Thu mua,1236.90000000000000000000,17.823100000000000000000000,1.72119508108261622788,1.901764616618613020009105,38,516
67df0b9e2d2429c25f9f5e35e7261085,HGFA0005F36F655B40C6BCCE7E0C6BDC9BE7,2026-03-11,Into The Blue,Deep House,Không có dự án con,,Thu mua,178.50000000000000000000,2.747500000000000000000000,1.72119508108261622788,1.901764616618613020009105,38,516
c039fafb43d1146f0122cfdffd2c1899,HGFA0005F36F655B40C6BCCE7E0C6BDC9BE7,2026-03-09,Into The Blue,Deep House,Không có dự án con,,Thu mua,191.60000000000000000000,2.376200000000000000000000,1.72119508108261622788,1.901764616618613020009105,38,516
f5f4f15875fb2779a7f90737289fe65f,HGFA0005F36F655B40C6BCCE7E0C6BDC9BE7,2026-03-22,Into The Blue,Deep House,Không có dự án con,,Thu mua,315.10000000000000000000,4.20150000000000000000,1.72119508108261622788,1.901764616618613020009105,38,516
7650807750b29482b087bcdf88172c69,HGFA0005F36F655B40C6BCCE7E0C6BDC9BE7,2026-03-27,Into The Blue,Deep House,Không có dự án con,,Thu mua,283.60000000000000000000,3.824400000000000000000000,1.72119508108261622788,1.901764616618613020009105,38,516
a8375c7b64e7f962a5531538dda8a240,HGFA0005F36F655B40C6BCCE7E0C6BDC9BE7,2026-03-25,Into The Blue,Deep House,Không có dự án con,,Thu mua,275.20000000000000000000,4.676700000000000000000000,1.72119508108261622788,1.901764616618613020009105,38,516
12dd65096ed13447505483e0bf40578b,HGFA0005F36F655B40C6BCCE7E0C6BDC9BE7,2026-03-20,Into The Blue,Deep House,Không có dự án con,,Thu mua,339.60000000000000000000,7.00130000000000000000,1.72119508108261622788,1.901764616618613020009105,38,516
42b3c9b960bf2a31de0d6acbb42c89b0,HGFA0005F36F655B40C6BCCE7E0C6BDC9BE7,2026-03-02,Into The Blue,Deep House,Không có dự án con,,Thu mua,106.00000000000000000000,1.683600000000000000000000,1.72119508108261622788,1.901764616618613020009105,38,516
640f3b5d7359af7c2168116560ae2f52,HGFA0005F36F655B40C6BCCE7E0C6BDC9BE7,2026-03-18,Into The Blue,Deep House,Không có dự án con,,Thu mua,294.00000000000000000000,3.93050000000000000000,1.72119508108261622788,1.901764616618613020009105,38,516
ef6498e04f8f015797e85c04db8915dd,HGFA0005F36F655B40C6BCCE7E0C6BDC9BE7,2026-03-19,Into The Blue,Deep House,Không có dự án con,,Thu mua,475.90000000000000000000,6.88510000000000000000,1.72119508108261622788,1.901764616618613020009105,38,516
98b69acc3195d48f5cb8a840defeffd2,HGFA0005F36F655B40C6BCCE7E0C6BDC9BE7,2026-03-05,Into The Blue,Deep House,Không có dự án con,,Thu mua,437.00000000000000000000,4.269100000000000000000000,1.72119508108261622788,1.901764616618613020009105,38,516
2923b470444cf9a6f46a78967224a5d9,HGFA0005F36F655B40C6BCCE7E0C6BDC9BE7,2026-03-23,Into The Blue,Deep House,Không có dự án con,,Thu mua,420.20000000000000000000,6.743200000000000000000000,1.72119508108261622788,1.901764616618613020009105,38,516
ddc18a9b7bce8ffe95e450c116048c06,HGFA0005F36F655B40C6BCCE7E0C6BDC9BE7,2026-03-21,Into The Blue,Deep House,Không có dự án con,,Thu mua,228.00000000000000000000,2.773000000000000000000000,1.72119508108261622788,1.901764616618613020009105,38,516
520029d64de5236099b77db868f32189,HGFA0005F36F655B40C6BCCE7E0C6BDC9BE7,2026-03-24,Into The Blue,Deep House,Không có dự án con,,Thu mua,295.60000000000000000000,4.58250000000000000000,1.72119508108261622788,1.901764616618613020009105,38,516
7c83aea0d2d6e1997f70b64674aa3a28,HGFA0005F36F655B40C6BCCE7E0C6BDC9BE7,2026-03-31,Into The Blue,Deep House,Không có dự án con,,Thu mua,275.60000000000000000000,3.826800000000000000000000,1.72119508108261622788,1.901764616618613020009105,38,516
0680db4f999a8253e212faeb2bfc3d6d,HGFA0005F36F655B40C6BCCE7E0C6BDC9BE7,2026-03-10,Into The Blue,Deep House,Không có dự án con,,Thu mua,187.80000000000000000000,2.087700000000000000000000,1.72119508108261622788,1.901764616618613020009105,38,516
acbdc1155a424def74caac2a166bb20d,HGFA0005F36F655B40C6BCCE7E0C6BDC9BE7,2026-03-07,Into The Blue,Deep House,Không có dự án con,,Thu mua,225.40000000000000000000,2.317300000000000000000000,1.72119508108261622788,1.901764616618613020009105,38,516
0d3cd7b4c8b49ee42b269e84ac483932,HGFA0005F36F655B40C6BCCE7E0C6BDC9BE7,2026-03-29,Into The Blue,Deep House,Không có dự án con,,Thu mua,268.70000000000000000000,4.201900000000000000000000,1.72119508108261622788,1.901764616618613020009105,38,516
26b46904fee0f1724d645955b5a5f6d3,HGFA0005F36F655B40C6BCCE7E0C6BDC9BE7,2026-03-14,Into The Blue,Deep House,Không có dự án con,,Thu mua,103.70000000000000000000,1.08770000000000000000,1.72119508108261622788,1.901764616618613020009105,38,516
5cad4284ad18f4f799ad688b7c119513,HGFA0005F36F655B40C6BCCE7E0C6BDC9BE7,2026-03-06,Into The Blue,Deep House,Không có dự án con,,Thu mua,287.90000000000000000000,3.173300000000000000000000,1.72119508108261622788,1.901764616618613020009105,38,516
27f000e3f61f5f12a16c017c25a3ad0f,HGFA0005F36F655B40C6BCCE7E0C6BDC9BE7,2026-03-04,Into The Blue,Deep House,Không có dự án con,,Thu mua,103.40000000000000000000,1.677300000000000000000000,1.72119508108261622788,1.901764616618613020009105,38,516
139ba7ddb9bc3af28161c87e4c2693f8,HGFA0005F36F655B40C6BCCE7E0C6BDC9BE7,2026-03-01,Into The Blue,Deep House,Không có dự án con,,Thu mua,127.00000000000000000000,1.594100000000000000000000,1.72119508108261622788,1.901764616618613020009105,38,516
cbb26e2369703964d3f64205f4ebd6fc,HGFA0005F36F655B40C6BCCE7E0C6BDC9BE7,2026-03-08,Into The Blue,Deep House,Không có dự án con,,Thu mua,254.60000000000000000000,3.654200000000000000000000,1.72119508108261622788,1.901764616618613020009105,38,516
222436f262768276c0e443d05a46c2c8,HGFA0005F36F655B40C6BCCE7E0C6BDC9BE7,2026-03-30,Into The Blue,Deep House,Không có dự án con,,Thu mua,299.90000000000000000000,4.655200000000000000000000,1.72119508108261622788,1.901764616618613020009105,38,516
4b0815e55a580f36466c138aaafdffa5,HGFA0005F36F655B40C6BCCE7E0C6BDC9BE7,2026-03-12,Into The Blue,Deep House,Không có dự án con,,Thu mua,182.10000000000000000000,3.149300000000000000000000,1.72119508108261622788,1.901764616618613020009105,38,516
4df1ca55cae65c4d54f33ab12d0197bc,HGFA0005F36F655B40C6BCCE7E0C6BDC9BE7,2026-03-26,Into The Blue,Deep House,Không có dự án con,,Thu mua,305.50000000000000000000,4.371600000000000000000000,1.72119508108261622788,1.901764616618613020009105,38,516
6ffab4d648c975408c745c74b2c16929,HGFA0005F36F655B40C6BCCE7E0C6BDC9BE7,2026-03-15,Into The Blue,Deep House,Không có dự án con,,Thu mua,1051.40000000000000000000,13.129800000000000000000000,1.72119508108261622788,1.901764616618613020009105,38,516
a5cea6bccbcf30bab72761fa2a999244,HGFA0005F36F655B40C6BCCE7E0C6BDC9BE7,2026-04-16,Into The Blue,Deep House,Không có dự án con,,Thu mua,199.20000000000000000000,2.98060000000000000000,-0.27118644067796610169,-0.315901849382356346956233,38,516
52828e1bcae0fee50e45301a8d06e6df,HGFA0005F36F655B40C6BCCE7E0C6BDC9BE7,2026-04-21,Into The Blue,Deep House,Không có dự án con,,Thu mua,200.00000000000000000000,3.10750000000000000000,-0.27118644067796610169,-0.315901849382356346956233,38,516
fbd8b1697650e9c80216c1bcfa1da049,HGFA0005F36F655B40C6BCCE7E0C6BDC9BE7,2026-04-03,Into The Blue,Deep House,Không có dự án con,,Thu mua,175.50000000000000000000,2.229900000000000000000000,-0.27118644067796610169,-0.315901849382356346956233,38,516
329672986318d8a78dc63fb2f5998d35,HGFA0005F36F655B40C6BCCE7E0C6BDC9BE7,2026-04-28,Into The Blue,Deep House,Không có dự án con,,Thu mua,250.90000000000000000000,3.420900000000000000000000,-0.27118644067796610169,-0.315901849382356346956233,38,516
710317ec5affcecb92bc12653033ff94,HGFA0005F36F655B40C6BCCE7E0C6BDC9BE7,2026-04-22,Into The Blue,Deep House,Không có dự án con,,Thu mua,222.90000000000000000000,3.265800000000000000000000,-0.27118644067796610169,-0.315901849382356346956233,38,516
9580881d36d1c7db0cd60e2b32075780,HGFA0005F36F655B40C6BCCE7E0C6BDC9BE7,2026-04-07,Into The Blue,Deep House,Không có dự án con,,Thu mua,322.50000000000000000000,3.55730000000000000000,-0.27118644067796610169,-0.315901849382356346956233,38,516
4edb8c5f8c72339e8ad7151c74a8ea4d,HGFA0005F36F655B40C6BCCE7E0C6BDC9BE7,2026-04-06,Into The Blue,Deep House,Không có dự án con,,Thu mua,304.10000000000000000000,3.88230000000000000000,-0.27118644067796610169,-0.315901849382356346956233,38,516
90501279416ae07b556a7e056dc48d3a,HGFA0005F36F655B40C6BCCE7E0C6BDC9BE7,2026-04-12,Into The Blue,Deep House,Không có dự án con,,Thu mua,247.90000000000000000000,2.450200000000000000000000,-0.27118644067796610169,-0.315901849382356346956233,38,516
ea17efa0cc4fe3e486fb983f01402841,HGFA0005F36F655B40C6BCCE7E0C6BDC9BE7,2026-04-14,Into The Blue,Deep House,Không có dự án con,,Thu mua,263.80000000000000000000,3.98810000000000000000,-0.27118644067796610169,-0.315901849382356346956233,38,516
c80b5603948b6cd41ad9c6fb5ff93354,HGFA0005F36F655B40C6BCCE7E0C6BDC9BE7,2026-04-25,Into The Blue,Deep House,Không có dự án con,,Thu mua,156.30000000000000000000,1.68370000000000000000,-0.27118644067796610169,-0.315901849382356346956233,38,516
f3f96d1b86b805acf55cedaef4a4c063,HGFA0005F36F655B40C6BCCE7E0C6BDC9BE7,2026-04-17,Into The Blue,Deep House,Không có dự án con,,Thu mua,211.70000000000000000000,2.90250000000000000000,-0.27118644067796610169,-0.315901849382356346956233,38,516
f381f9bf1b6f3fae2057d6c72405e308,HGFA0005F36F655B40C6BCCE7E0C6BDC9BE7,2026-04-11,Into The Blue,Deep House,Không có dự án con,,Thu mua,218.20000000000000000000,2.23570000000000000000,-0.27118644067796610169,-0.315901849382356346956233,38,516
9428c60cce17a126a864eb4ec7b0c4b6,HGFA0005F36F655B40C6BCCE7E0C6BDC9BE7,2026-04-01,Into The Blue,Deep House,Không có dự án con,,Thu mua,239.70000000000000000000,3.19040000000000000000,-0.27118644067796610169,-0.315901849382356346956233,38,516
c3eddba7577825ea0ddd560dffb5c7b7,HGFA0005F36F655B40C6BCCE7E0C6BDC9BE7,2026-04-18,Into The Blue,Deep House,Không có dự án con,,Thu mua,155.50000000000000000000,2.18440000000000000000,-0.27118644067796610169,-0.315901849382356346956233,38,516
7554e659a6ebf807f0df023f20767321,HGFA0005F36F655B40C6BCCE7E0C6BDC9BE7,2026-04-15,Into The Blue,Deep House,Không có dự án con,,Thu mua,247.60000000000000000000,4.61460000000000000000,-0.27118644067796610169,-0.315901849382356346956233,38,516
ed1107fed27d8d13652636ea185f2a02,HGFA0005F36F655B40C6BCCE7E0C6BDC9BE7,2026-04-05,Into The Blue,Deep House,Không có dự án con,,Thu mua,225.80000000000000000000,2.450700000000000000000000,-0.27118644067796610169,-0.315901849382356346956233,38,516
842befabed2f05fa678613963ed71b36,HGFA0005F36F655B40C6BCCE7E0C6BDC9BE7,2026-04-29,Into The Blue,Deep House,Không có dự án con,,Thu mua,271.20000000000000000000,4.139300000000000000000000,-0.27118644067796610169,-0.315901849382356346956233,38,516
e6d95d97869814a3b53c716838c6cba3,HGFA0005F36F655B40C6BCCE7E0C6BDC9BE7,2026-04-13,Into The Blue,Deep House,Không có dự án con,,Thu mua,285.30000000000000000000,4.66510000000000000000,-0.27118644067796610169,-0.315901849382356346956233,38,516
9bb50632a4bd8b84955ad54bae9a756e,HGFA0005F36F655B40C6BCCE7E0C6BDC9BE7,2026-04-02,Into The Blue,Deep House,Không có dự án con,,Thu mua,206.40000000000000000000,2.822100000000000000000000,-0.27118644067796610169,-0.315901849382356346956233,38,516
50bd493b47401f1d69507788bbe3413a,HGFA0005F36F655B40C6BCCE7E0C6BDC9BE7,2026-04-27,Into The Blue,Deep House,Không có dự án con,,Thu mua,286.40000000000000000000,3.947600000000000000000000,-0.27118644067796610169,-0.315901849382356346956233,38,516
a6d87d84809e9555639e41a1d8add19e,HGFA0005F36F655B40C6BCCE7E0C6BDC9BE7,2026-04-26,Into The Blue,Deep House,Không có dự án con,,Thu mua,262.20000000000000000000,3.79860000000000000000,-0.27118644067796610169,-0.315901849382356346956233,38,516
42238fb84ffe5ada7148607d69dc3a6c,HGFA0005F36F655B40C6BCCE7E0C6BDC9BE7,2026-04-09,Into The Blue,Deep House,Không có dự án con,,Thu mua,313.30000000000000000000,3.489200000000000000000000,-0.27118644067796610169,-0.315901849382356346956233,38,516
244f35b8dc38c49974234bc93374afe9,HGFA0005F36F655B40C6BCCE7E0C6BDC9BE7,2026-04-08,Into The Blue,Deep House,Không có dự án con,,Thu mua,297.30000000000000000000,3.694700000000000000000000,-0.27118644067796610169,-0.315901849382356346956233,38,516
b74bb4fe276cd7756a3776bf41594a7b,HGFA0005F36F655B40C6BCCE7E0C6BDC9BE7,2026-04-30,Into The Blue,Deep House,Không có dự án con,,Thu mua,216.60000000000000000000,2.948800000000000000000000,-0.27118644067796610169,-0.315901849382356346956233,38,516
3bc66e0cc613e18325aeb6cc50adf09c,HGFA0005F36F655B40C6BCCE7E0C6BDC9BE7,2026-04-19,Into The Blue,Deep House,Không có dự án con,,Thu mua,196.70000000000000000000,2.336400000000000000000000,-0.27118644067796610169,-0.315901849382356346956233,38,516
0ab9828246aef1a1734286738a4d9f14,HGFA0005F36F655B40C6BCCE7E0C6BDC9BE7,2026-04-10,Into The Blue,Deep House,Không có dự án con,,Thu mua,223.30000000000000000000,2.670300000000000000000000,-0.27118644067796610169,-0.315901849382356346956233,38,516
bcb581f5e9f0c6e8983885b227f466ee,HGFA0005F36F655B40C6BCCE7E0C6BDC9BE7,2026-04-23,Into The Blue,Deep House,Không có dự án con,,Thu mua,220.60000000000000000000,3.005000000000000000000000,-0.27118644067796610169,-0.315901849382356346956233,38,516
de2f48381f1aee9c621abedd547c775f,HGFA0005F36F655B40C6BCCE7E0C6BDC9BE7,2026-04-20,Into The Blue,Deep House,Không có dự án con,,Thu mua,196.40000000000000000000,2.179700000000000000000000,-0.27118644067796610169,-0.315901849382356346956233,38,516
9f9943f56513db67554026fe5a2955f3,HGFA0005F36F655B40C6BCCE7E0C6BDC9BE7,2026-04-24,Into The Blue,Deep House,Không có dự án con,,Thu mua,194.90000000000000000000,2.193900000000000000000000,-0.27118644067796610169,-0.315901849382356346956233,38,516
82fee5f02d14c840cac77166f8e2e1cf,HGFA0005F36F655B40C6BCCE7E0C6BDC9BE7,2026-04-04,Into The Blue,Deep House,Không có dự án con,,Thu mua,171.00000000000000000000,1.53500000000000000000,-0.27118644067796610169,-0.315901849382356346956233,38,516
7ec781f22ffe73052b7db99d00aca0b7,HGFA0005F36F655B40C6BCCE7E0C6BDC9BE7,2026-05-19,Into The Blue,Deep House,Không có dự án con,,Thu mua,307.50000000000000000000,4.36080000000000000000,0.12323862985450796197,0.101286115694717610404247,38,516
318a6159ca16bb1d0ef84294dd0f53b5,HGFA0005F36F655B40C6BCCE7E0C6BDC9BE7,2026-05-06,Into The Blue,Deep House,Không có dự án con,,Thu mua,302.90000000000000000000,3.81890000000000000000,0.12323862985450796197,0.101286115694717610404247,38,516
7823b0224fca2a848162ff781e128f36,HGFA0005F36F655B40C6BCCE7E0C6BDC9BE7,2026-05-03,Into The Blue,Deep House,Không có dự án con,,Thu mua,264.70000000000000000000,3.797100000000000000000000,0.12323862985450796197,0.101286115694717610404247,38,516
6f41e3468a4acbba25e600a4646f9d1a,HGFA0005F36F655B40C6BCCE7E0C6BDC9BE7,2026-05-13,Into The Blue,Deep House,Không có dự án con,,Thu mua,262.30000000000000000000,3.88110000000000000000,0.12323862985450796197,0.101286115694717610404247,38,516
b65a698da9b65a8c4e7aa468489b8ce8,HGFA0005F36F655B40C6BCCE7E0C6BDC9BE7,2026-05-30,Into The Blue,Deep House,Không có dự án con,,Thu mua,185.50000000000000000000,2.01210000000000000000,0.12323862985450796197,0.101286115694717610404247,38,516
b9641cf84840e254c772dafee395ca4d,HGFA0005F36F655B40C6BCCE7E0C6BDC9BE7,2026-05-02,Into The Blue,Deep House,Không có dự án con,,Thu mua,200.00000000000000000000,2.084900000000000000000000,0.12323862985450796197,0.101286115694717610404247,38,516
6c2a0072bf556a7c6cdc981414e733c4,HGFA0005F36F655B40C6BCCE7E0C6BDC9BE7,2026-05-15,Into The Blue,Deep House,Không có dự án con,,Thu mua,196.90000000000000000000,2.69570000000000000000,0.12323862985450796197,0.101286115694717610404247,38,516
899a76605c91484732a848db0055bc58,HGFA0005F36F655B40C6BCCE7E0C6BDC9BE7,2026-05-16,Into The Blue,Deep House,Không có dự án con,,Thu mua,144.70000000000000000000,1.79530000000000000000,0.12323862985450796197,0.101286115694717610404247,38,516
935a8df6070c9a6f1392516cdbe97f8d,HGFA0005F36F655B40C6BCCE7E0C6BDC9BE7,2026-05-17,Into The Blue,Deep House,Không có dự án con,,Thu mua,253.50000000000000000000,2.79160000000000000000,0.12323862985450796197,0.101286115694717610404247,38,516
768675f1066da158d0ae265105e2df53,HGFA0005F36F655B40C6BCCE7E0C6BDC9BE7,2026-05-09,Into The Blue,Deep House,Không có dự án con,,Thu mua,185.30000000000000000000,1.864700000000000000000000,0.12323862985450796197,0.101286115694717610404247,38,516
e0e49d67f99745b447a21819b3fd7738,HGFA0005F36F655B40C6BCCE7E0C6BDC9BE7,2026-05-18,Into The Blue,Deep House,Không có dự án con,,Thu mua,713.00000000000000000000,9.05220000000000000000,0.12323862985450796197,0.101286115694717610404247,38,516
fd24ac1be8376f68a0bf34d3256ac356,HGFA0005F36F655B40C6BCCE7E0C6BDC9BE7,2026-05-24,Into The Blue,Deep House,Không có dự án con,,Thu mua,271.40000000000000000000,3.08130000000000000000,0.12323862985450796197,0.101286115694717610404247,38,516
8087cf9bbe7e3226ad062997baf8200b,HGFA0005F36F655B40C6BCCE7E0C6BDC9BE7,2026-05-23,Into The Blue,Deep House,Không có dự án con,,Thu mua,249.40000000000000000000,2.376600000000000000000000,0.12323862985450796197,0.101286115694717610404247,38,516
daf951ceceaf00cfebf80f8c9a502c50,HGFA0005F36F655B40C6BCCE7E0C6BDC9BE7,2026-05-21,Into The Blue,Deep House,Không có dự án con,,Thu mua,200.20000000000000000000,2.91540000000000000000,0.12323862985450796197,0.101286115694717610404247,38,516
4563f835714db8d8c9f384fe00bcf793,HGFA0005F36F655B40C6BCCE7E0C6BDC9BE7,2026-05-20,Into The Blue,Deep House,Không có dự án con,,Thu mua,247.70000000000000000000,3.34670000000000000000,0.12323862985450796197,0.101286115694717610404247,38,516
c0e38e043e7748bf2e1a3679977d0bfd,HGFA0005F36F655B40C6BCCE7E0C6BDC9BE7,2026-05-04,Into The Blue,Deep House,Không có dự án con,,Thu mua,261.20000000000000000000,3.635900000000000000000000,0.12323862985450796197,0.101286115694717610404247,38,516
f89d2484b0297136a4c05ed9908e7677,HGFA0005F36F655B40C6BCCE7E0C6BDC9BE7,2026-05-31,Into The Blue,Deep House,Không có dự án con,,Thu mua,249.50000000000000000000,2.96400000000000000000,0.12323862985450796197,0.101286115694717610404247,38,516
c38952638e335ed557190a6c6505836e,HGFA0005F36F655B40C6BCCE7E0C6BDC9BE7,2026-05-26,Into The Blue,Deep House,Không có dự án con,,Thu mua,240.60000000000000000000,2.777800000000000000000000,0.12323862985450796197,0.101286115694717610404247,38,516
4cff2d76f99a234f20dfba26fa53352e,HGFA0005F36F655B40C6BCCE7E0C6BDC9BE7,2026-05-05,Into The Blue,Deep House,Không có dự án con,,Thu mua,239.20000000000000000000,2.90150000000000000000,0.12323862985450796197,0.101286115694717610404247,38,516
ca847f9cfd0403e4dec930cb74593c2a,HGFA0005F36F655B40C6BCCE7E0C6BDC9BE7,2026-05-29,Into The Blue,Deep House,Không có dự án con,,Thu mua,238.50000000000000000000,2.648800000000000000000000,0.12323862985450796197,0.101286115694717610404247,38,516
1976d02cfd74e7d6d3ff593c60eff42c,HGFA0005F36F655B40C6BCCE7E0C6BDC9BE7,2026-05-10,Into The Blue,Deep House,Không có dự án con,,Thu mua,275.30000000000000000000,3.79850000000000000000,0.12323862985450796197,0.101286115694717610404247,38,516
fb36762234dc72328f999c67a201530b,HGFA0005F36F655B40C6BCCE7E0C6BDC9BE7,2026-05-08,Into The Blue,Deep House,Không có dự án con,,Thu mua,197.00000000000000000000,2.268400000000000000000000,0.12323862985450796197,0.101286115694717610404247,38,516
89480c98ceb878fb989b3e25321d4b63,HGFA0005F36F655B40C6BCCE7E0C6BDC9BE7,2026-05-27,Into The Blue,Deep House,Không có dự án con,,Thu mua,217.80000000000000000000,2.84200000000000000000,0.12323862985450796197,0.101286115694717610404247,38,516
7a3c60243f858e8ccdd2d676884b768a,HGFA0005F36F655B40C6BCCE7E0C6BDC9BE7,2026-05-25,Into The Blue,Deep House,Không có dự án con,,Thu mua,271.00000000000000000000,3.99470000000000000000,0.12323862985450796197,0.101286115694717610404247,38,516
01b2670a8feebb1f6c32dcdd8d3dbde5,HGFA0005F36F655B40C6BCCE7E0C6BDC9BE7,2026-05-22,Into The Blue,Deep House,Không có dự án con,,Thu mua,189.60000000000000000000,2.62630000000000000000,0.12323862985450796197,0.101286115694717610404247,38,516
952ec13edfce04ddeb914cd0bab340b0,HGFA0005F36F655B40C6BCCE7E0C6BDC9BE7,2026-05-12,Into The Blue,Deep House,Không có dự án con,,Thu mua,244.40000000000000000000,3.50220000000000000000,0.12323862985450796197,0.101286115694717610404247,38,516
ef7c47fac85881219672ce3265b2763e,HGFA0005F36F655B40C6BCCE7E0C6BDC9BE7,2026-05-11,Into The Blue,Deep House,Không có dự án con,,Thu mua,244.90000000000000000000,3.46840000000000000000,0.12323862985450796197,0.101286115694717610404247,38,516
fca0fc453403ba2ed5379407ec49db5d,HGFA0005F36F655B40C6BCCE7E0C6BDC9BE7,2026-05-07,Into The Blue,Deep House,Không có dự án con,,Thu mua,264.10000000000000000000,3.869000000000000000000000,0.12323862985450796197,0.101286115694717610404247,38,516
d76eea42d93bd95ebfa5b3c322a18a4c,HGFA0005F36F655B40C6BCCE7E0C6BDC9BE7,2026-05-01,Into The Blue,Deep House,Không có dự án con,,Thu mua,189.00000000000000000000,2.37690000000000000000,0.12323862985450796197,0.101286115694717610404247,38,516
00ded49dbb82af69b21529450b3f7add,HGFA0005F36F655B40C6BCCE7E0C6BDC9BE7,2026-05-28,Into The Blue,Deep House,Không có dự án con,,Thu mua,287.70000000000000000000,3.76130000000000000000,0.12323862985450796197,0.101286115694717610404247,38,516
d894a07dce27bf1780ffa3019ad7a2d9,HGFA0005F36F655B40C6BCCE7E0C6BDC9BE7,2026-05-14,Into The Blue,Deep House,Không có dự án con,,Thu mua,249.00000000000000000000,3.53500000000000000000,0.12323862985450796197,0.101286115694717610404247,38,516
e8b130fe27a5802aa54ba3265babdb94,HGFA0005F36F655B40C6BCCE7E0C6BDC9BE7,2026-06-06,Into The Blue,Deep House,Không có dự án con,,Thu mua,177.30000000000000000000,1.469500000000000000000000,-0.07025931308804406028,-0.128202560164053583168642,38,516
469685100cdbab0cb1cd16adcdc89740,HGFA0005F36F655B40C6BCCE7E0C6BDC9BE7,2026-06-13,Into The Blue,Deep House,Không có dự án con,,Thu mua,173.30000000000000000000,1.53900000000000000000,-0.07025931308804406028,-0.128202560164053583168642,38,516
f8c0d85bd2509e6fadc2150a7ce6510c,HGFA0005F36F655B40C6BCCE7E0C6BDC9BE7,2026-06-28,Into The Blue,Deep House,Không có dự án con,,Thu mua,231.00000000000000000000,3.257200000000000000000000,-0.07025931308804406028,-0.128202560164053583168642,38,516
dce3f586eea4c0b4d4f99790b35451bf,HGFA0005F36F655B40C6BCCE7E0C6BDC9BE7,2026-06-05,Into The Blue,Deep House,Không có dự án con,,Thu mua,220.50000000000000000000,2.21960000000000000000,-0.07025931308804406028,-0.128202560164053583168642,38,516
d727cfb4248e9ba53207689182880ebd,HGFA0005F36F655B40C6BCCE7E0C6BDC9BE7,2026-06-14,Into The Blue,Deep House,Không có dự án con,,Thu mua,198.20000000000000000000,2.29170000000000000000,-0.07025931308804406028,-0.128202560164053583168642,38,516
a7499ea9cf88f8bae5fc88a1ea0d4e29,HGFA0005F36F655B40C6BCCE7E0C6BDC9BE7,2026-06-21,Into The Blue,Deep House,Không có dự án con,,Thu mua,322.60000000000000000000,3.36170000000000000000,-0.07025931308804406028,-0.128202560164053583168642,38,516
81f024803101a7a266d371c19c15077f,HGFA0005F36F655B40C6BCCE7E0C6BDC9BE7,2026-06-08,Into The Blue,Deep House,Không có dự án con,,Thu mua,247.40000000000000000000,2.948200000000000000000000,-0.07025931308804406028,-0.128202560164053583168642,38,516
36b444e7829543e988b24f56b9cdc848,HGFA0005F36F655B40C6BCCE7E0C6BDC9BE7,2026-06-27,Into The Blue,Deep House,Không có dự án con,,Thu mua,162.20000000000000000000,2.045000000000000000000000,-0.07025931308804406028,-0.128202560164053583168642,38,516
ce43a22e1cc517833c9636b5dde7e3f3,HGFA0005F36F655B40C6BCCE7E0C6BDC9BE7,2026-06-25,Into The Blue,Deep House,Không có dự án con,,Thu mua,208.00000000000000000000,2.748200000000000000000000,-0.07025931308804406028,-0.128202560164053583168642,38,516
3b607f1c08bd5a36ac7e3942797d3638,HGFA0005F36F655B40C6BCCE7E0C6BDC9BE7,2026-06-30,Into The Blue,Deep House,Không có dự án con,,Thu mua,292.00000000000000000000,2.572900000000000000000000,-0.07025931308804406028,-0.128202560164053583168642,38,516
327693271ca2b9f4635b5bc720626f70,HGFA0005F36F655B40C6BCCE7E0C6BDC9BE7,2026-06-12,Into The Blue,Deep House,Không có dự án con,,Thu mua,247.70000000000000000000,3.122900000000000000000000,-0.07025931308804406028,-0.128202560164053583168642,38,516
abde40220fb2e7ea16079ea46780d59f,HGFA0005F36F655B40C6BCCE7E0C6BDC9BE7,2026-06-18,Into The Blue,Deep House,Không có dự án con,,Thu mua,343.90000000000000000000,6.461300000000000000000000,-0.07025931308804406028,-0.128202560164053583168642,38,516
8d012ae4c48294ef27558c4f9504d3b0,HGFA0005F36F655B40C6BCCE7E0C6BDC9BE7,2026-06-24,Into The Blue,Deep House,Không có dự án con,,Thu mua,225.70000000000000000000,2.879900000000000000000000,-0.07025931308804406028,-0.128202560164053583168642,38,516
2e80d6f39950f1461c92a312f2c016aa,HGFA0005F36F655B40C6BCCE7E0C6BDC9BE7,2026-06-17,Into The Blue,Deep House,Không có dự án con,,Thu mua,285.30000000000000000000,3.822400000000000000000000,-0.07025931308804406028,-0.128202560164053583168642,38,516
fb71255628919b3d032de1e78f9ee073,HGFA0005F36F655B40C6BCCE7E0C6BDC9BE7,2026-06-15,Into The Blue,Deep House,Không có dự án con,,Thu mua,184.80000000000000000000,2.47100000000000000000,-0.07025931308804406028,-0.128202560164053583168642,38,516
8c60f9d66e9771529e4b0623dd03dbb2,HGFA0005F36F655B40C6BCCE7E0C6BDC9BE7,2026-06-19,Into The Blue,Deep House,Không có dự án con,,Thu mua,411.30000000000000000000,4.052900000000000000000000,-0.07025931308804406028,-0.128202560164053583168642,38,516
0c3b61b69cd2e1f37c96c712470080a3,HGFA0005F36F655B40C6BCCE7E0C6BDC9BE7,2026-06-09,Into The Blue,Deep House,Không có dự án con,,Thu mua,220.30000000000000000000,2.845000000000000000000000,-0.07025931308804406028,-0.128202560164053583168642,38,516
d05b78f0b3656fd9779f00b59d850450,HGFA0005F36F655B40C6BCCE7E0C6BDC9BE7,2026-06-04,Into The Blue,Deep House,Không có dự án con,,Thu mua,283.80000000000000000000,3.129400000000000000000000,-0.07025931308804406028,-0.128202560164053583168642,38,516
e52568c8aecd859ecfed2bd604564f1e,HGFA0005F36F655B40C6BCCE7E0C6BDC9BE7,2026-06-22,Into The Blue,Deep House,Không có dự án con,,Thu mua,292.90000000000000000000,3.043600000000000000000000,-0.07025931308804406028,-0.128202560164053583168642,38,516
2ccbca320087d270d693969c332c6784,HGFA0005F36F655B40C6BCCE7E0C6BDC9BE7,2026-06-23,Into The Blue,Deep House,Không có dự án con,,Thu mua,277.90000000000000000000,3.07640000000000000000,-0.07025931308804406028,-0.128202560164053583168642,38,516
893195fccc7d1c188f70e4a19a1eb9b4,HGFA0005F36F655B40C6BCCE7E0C6BDC9BE7,2026-06-02,Into The Blue,Deep House,Không có dự án con,,Thu mua,270.80000000000000000000,3.39920000000000000000,-0.07025931308804406028,-0.128202560164053583168642,38,516
7c589f52545ea9eb22f681b155bb50df,HGFA0005F36F655B40C6BCCE7E0C6BDC9BE7,2026-06-26,Into The Blue,Deep House,Không có dự án con,,Thu mua,157.80000000000000000000,1.823100000000000000000000,-0.07025931308804406028,-0.128202560164053583168642,38,516
f0cf531eb6f7f34494dd75fc2885f8f9,HGFA0005F36F655B40C6BCCE7E0C6BDC9BE7,2026-06-11,Into The Blue,Deep House,Không có dự án con,,Thu mua,258.90000000000000000000,3.06310000000000000000,-0.07025931308804406028,-0.128202560164053583168642,38,516
f37e9c129b2750fc0665a21520bb8d1c,HGFA0005F36F655B40C6BCCE7E0C6BDC9BE7,2026-06-03,Into The Blue,Deep House,Không có dự án con,,Thu mua,226.50000000000000000000,2.78820000000000000000,-0.07025931308804406028,-0.128202560164053583168642,38,516
d1be35b7e69ed88b51b778088c79d590,HGFA0005F36F655B40C6BCCE7E0C6BDC9BE7,2026-06-01,Into The Blue,Deep House,Không có dự án con,,Thu mua,209.90000000000000000000,2.964200000000000000000000,-0.07025931308804406028,-0.128202560164053583168642,38,516
e20703621eb57fe5e40f7ab359d88314,HGFA0005F36F655B40C6BCCE7E0C6BDC9BE7,2026-06-16,Into The Blue,Deep House,Không có dự án con,,Thu mua,177.10000000000000000000,2.26670000000000000000,-0.07025931308804406028,-0.128202560164053583168642,38,516
266aecc0776e1a6e840f647d94990ff7,HGFA0005F36F655B40C6BCCE7E0C6BDC9BE7,2026-06-10,Into The Blue,Deep House,Không có dự án con,,Thu mua,284.60000000000000000000,3.64860000000000000000,-0.07025931308804406028,-0.128202560164053583168642,38,516
1abe01fc452c019798be8c6e19c413de,HGFA0005F36F655B40C6BCCE7E0C6BDC9BE7,2026-06-07,Into The Blue,Deep House,Không có dự án con,,Thu mua,241.40000000000000000000,2.841400000000000000000000,-0.07025931308804406028,-0.128202560164053583168642,38,516
c7be249d3c90857367227bf82bd9a1ee,HGFA0005F36F655B40C6BCCE7E0C6BDC9BE7,2026-06-29,Into The Blue,Deep House,Không có dự án con,,Thu mua,206.00000000000000000000,2.370700000000000000000000,-0.07025931308804406028,-0.128202560164053583168642,38,516
e3dc6c11087b89451368d07cfab2bfc5,HGFA0005F36F655B40C6BCCE7E0C6BDC9BE7,2026-06-20,Into The Blue,Deep House,Không có dự án con,,Thu mua,253.60000000000000000000,3.39350000000000000000,-0.07025931308804406028,-0.128202560164053583168642,38,516
c20f85384ea0dce6d06749ffc3887485,HGFA0005F36F655B40C6BCCE7E0C6BDC9BE7,2026-07-28,Into The Blue,Deep House,Không có dự án con,,Thu mua,192.50000000000000000000,1.71160000000000000000,0.02244710463888546080,-0.036551728060147981323187,38,516
673793a453b29405bbc8bbcd47bb68e4,HGFA0005F36F655B40C6BCCE7E0C6BDC9BE7,2026-07-07,Into The Blue,Deep House,Không có dự án con,,Thu mua,295.10000000000000000000,3.673000000000000000000000,0.02244710463888546080,-0.036551728060147981323187,38,516
61d133fa8af0b2ff948655edcbe9b434,HGFA0005F36F655B40C6BCCE7E0C6BDC9BE7,2026-07-27,Into The Blue,Deep House,Không có dự án con,,Thu mua,156.40000000000000000000,1.32920000000000000000,0.02244710463888546080,-0.036551728060147981323187,38,516
72341b25b9c1bcc55c69259624d87c54,HGFA0005F36F655B40C6BCCE7E0C6BDC9BE7,2026-07-03,Into The Blue,Deep House,Không có dự án con,,Thu mua,307.40000000000000000000,2.87460000000000000000,0.02244710463888546080,-0.036551728060147981323187,38,516
3559dff39c8f726454c48eaaab6784fd,HGFA0005F36F655B40C6BCCE7E0C6BDC9BE7,2026-07-19,Into The Blue,Deep House,Không có dự án con,,Thu mua,388.90000000000000000000,3.874300000000000000000000,0.02244710463888546080,-0.036551728060147981323187,38,516
6d85f009cc9d824de6283952f8f2a4bb,HGFA0005F36F655B40C6BCCE7E0C6BDC9BE7,2026-07-26,Into The Blue,Deep House,Không có dự án con,,Thu mua,166.90000000000000000000,1.30690000000000000000,0.02244710463888546080,-0.036551728060147981323187,38,516
d02016de69a4c5435d1adde9ae9e3868,HGFA0005F36F655B40C6BCCE7E0C6BDC9BE7,2026-07-15,Into The Blue,Deep House,Không có dự án con,,Thu mua,185.40000000000000000000,2.24110000000000000000,0.02244710463888546080,-0.036551728060147981323187,38,516
bc330ec626a42561891bfa6c64962cbb,HGFA0005F36F655B40C6BCCE7E0C6BDC9BE7,2026-07-17,Into The Blue,Deep House,Không có dự án con,,Thu mua,212.70000000000000000000,2.851600000000000000000000,0.02244710463888546080,-0.036551728060147981323187,38,516
5b5f4262a6ea83b33cac177e2f057af1,HGFA0005F36F655B40C6BCCE7E0C6BDC9BE7,2026-07-13,Into The Blue,Deep House,Không có dự án con,,Thu mua,219.30000000000000000000,2.536600000000000000000000,0.02244710463888546080,-0.036551728060147981323187,38,516
8170fb78aca434b4eac4e2af82328087,HGFA0005F36F655B40C6BCCE7E0C6BDC9BE7,2026-07-16,Into The Blue,Deep House,Không có dự án con,,Thu mua,247.20000000000000000000,3.307600000000000000000000,0.02244710463888546080,-0.036551728060147981323187,38,516
073d4e8907e3abd58b0ce294d451e329,HGFA0005F36F655B40C6BCCE7E0C6BDC9BE7,2026-07-05,Into The Blue,Deep House,Không có dự án con,,Thu mua,217.20000000000000000000,2.381700000000000000000000,0.02244710463888546080,-0.036551728060147981323187,38,516
3d7c75455dcd103c9cd64c65105e7f39,HGFA0005F36F655B40C6BCCE7E0C6BDC9BE7,2026-07-06,Into The Blue,Deep House,Không có dự án con,,Thu mua,290.50000000000000000000,3.955100000000000000000000,0.02244710463888546080,-0.036551728060147981323187,38,516
718c2e641fb1579b05ea933ba1712fb7,HGFA0005F36F655B40C6BCCE7E0C6BDC9BE7,2026-07-24,Into The Blue,Deep House,Không có dự án con,,Thu mua,149.80000000000000000000,1.49800000000000000000,0.02244710463888546080,-0.036551728060147981323187,38,516
f6d32ccd68d9f5fc5b875910f8f0bd77,HGFA0005F36F655B40C6BCCE7E0C6BDC9BE7,2026-07-09,Into The Blue,Deep House,Không có dự án con,,Thu mua,347.50000000000000000000,5.36510000000000000000,0.02244710463888546080,-0.036551728060147981323187,38,516
ccd18c4517fa7e7f811cfff82955eca0,HGFA0005F36F655B40C6BCCE7E0C6BDC9BE7,2026-07-25,Into The Blue,Deep House,Không có dự án con,,Thu mua,131.30000000000000000000,1.01050000000000000000,0.02244710463888546080,-0.036551728060147981323187,38,516
eda05479408fdbd7f7e410f31ff633dd,HGFA0005F36F655B40C6BCCE7E0C6BDC9BE7,2026-07-22,Into The Blue,Deep House,Không có dự án con,,Thu mua,212.70000000000000000000,2.099100000000000000000000,0.02244710463888546080,-0.036551728060147981323187,38,516
ce59cbacd019ccbfb87917b13ddfa860,HGFA0005F36F655B40C6BCCE7E0C6BDC9BE7,2026-07-31,Into The Blue,Deep House,Không có dự án con,,Thu mua,193.90000000000000000000,2.636300000000000000000000,0.02244710463888546080,-0.036551728060147981323187,38,516
dae3b37b1327f3938d01ef96e430b124,HGFA0005F36F655B40C6BCCE7E0C6BDC9BE7,2026-07-01,Into The Blue,Deep House,Không có dự án con,,Thu mua,310.50000000000000000000,2.837600000000000000000000,0.02244710463888546080,-0.036551728060147981323187,38,516
7d22970e969c26af95e9f2dd20a4db2d,HGFA0005F36F655B40C6BCCE7E0C6BDC9BE7,2026-07-08,Into The Blue,Deep House,Không có dự án con,,Thu mua,280.30000000000000000000,3.342600000000000000000000,0.02244710463888546080,-0.036551728060147981323187,38,516
79f46daaccd42614db7bdb1720c5743b,HGFA0005F36F655B40C6BCCE7E0C6BDC9BE7,2026-07-30,Into The Blue,Deep House,Không có dự án con,,Thu mua,239.90000000000000000000,3.214400000000000000000000,0.02244710463888546080,-0.036551728060147981323187,38,516
d62fd6d08207cb7080d1d68d29f8aeb6,HGFA0005F36F655B40C6BCCE7E0C6BDC9BE7,2026-07-21,Into The Blue,Deep House,Không có dự án con,,Thu mua,308.70000000000000000000,3.195300000000000000000000,0.02244710463888546080,-0.036551728060147981323187,38,516
d9dff3b6a78c1ca379e2ae579795e403,HGFA0005F36F655B40C6BCCE7E0C6BDC9BE7,2026-07-20,Into The Blue,Deep House,Không có dự án con,,Thu mua,402.40000000000000000000,4.351100000000000000000000,0.02244710463888546080,-0.036551728060147981323187,38,516
7ee2afcc6730f385b9e69770134b02ca,HGFA0005F36F655B40C6BCCE7E0C6BDC9BE7,2026-07-18,Into The Blue,Deep House,Không có dự án con,,Thu mua,222.60000000000000000000,2.43030000000000000000,0.02244710463888546080,-0.036551728060147981323187,38,516
a6869e81a882b36e6fe052ce2db89a38,HGFA0005F36F655B40C6BCCE7E0C6BDC9BE7,2026-07-11,Into The Blue,Deep House,Không có dự án con,,Thu mua,175.40000000000000000000,1.991000000000000000000000,0.02244710463888546080,-0.036551728060147981323187,38,516
7619b5804bb0b5a5c6c330b904299598,HGFA0005F36F655B40C6BCCE7E0C6BDC9BE7,2026-07-04,Into The Blue,Deep House,Không có dự án con,,Thu mua,204.30000000000000000000,2.224000000000000000000000,0.02244710463888546080,-0.036551728060147981323187,38,516
ed159efed8328e5fd8efa8272fab7f67,HGFA0005F36F655B40C6BCCE7E0C6BDC9BE7,2026-07-12,Into The Blue,Deep House,Không có dự án con,,Thu mua,204.40000000000000000000,2.326900000000000000000000,0.02244710463888546080,-0.036551728060147981323187,38,516
2b75090604525fb76190b5f551b98285,HGFA0005F36F655B40C6BCCE7E0C6BDC9BE7,2026-07-23,Into The Blue,Deep House,Không có dự án con,,Thu mua,184.30000000000000000000,1.917400000000000000000000,0.02244710463888546080,-0.036551728060147981323187,38,516
8fdcf1e96a04b4b7ce79f1af1bf5dd66,HGFA0005F36F655B40C6BCCE7E0C6BDC9BE7,2026-07-02,Into The Blue,Deep House,Không có dự án con,,Thu mua,265.10000000000000000000,2.727000000000000000000000,0.02244710463888546080,-0.036551728060147981323187,38,516
3f18e6275c4da4b08dee7ef597d3d191,HGFA0005F36F655B40C6BCCE7E0C6BDC9BE7,2026-07-10,Into The Blue,Deep House,Không có dự án con,,Thu mua,384.30000000000000000000,5.851000000000000000000000,0.02244710463888546080,-0.036551728060147981323187,38,516
f65473ee40515654cbf1baaf6ff2783a,HGFA0005F36F655B40C6BCCE7E0C6BDC9BE7,2026-07-29,Into The Blue,Deep House,Không có dự án con,,Thu mua,176.70000000000000000000,1.750800000000000000000000,0.02244710463888546080,-0.036551728060147981323187,38,516
a1583bd523d975e4d77b7533fa9babc0,HGFA0005F36F655B40C6BCCE7E0C6BDC9BE7,2026-07-14,Into The Blue,Deep House,Không có dự án con,,Thu mua,182.80000000000000000000,1.891300000000000000000000,0.02244710463888546080,-0.036551728060147981323187,38,516
0a08f442632d10570b999cd9451dfc4c,HGFA0005F36F655B40C6BCCE7E0C6BDC9BE7,2026-08-05,Into The Blue,Deep House,Không có dự án con,,Thu mua,184.60000000000000000000,3.251800000000000000000000,-0.56134327557534467035,-0.495032053174031616353612,38,516
69e5ecbb69519767b33b6fabcb0264f2,HGFA0005F36F655B40C6BCCE7E0C6BDC9BE7,2026-08-18,Into The Blue,Deep House,Không có dự án con,,Thu mua,232.30000000000000000000,3.098200000000000000000000,-0.56134327557534467035,-0.495032053174031616353612,38,516
24237b80c2fcc622b4cccd81a1d0859e,HGFA0005F36F655B40C6BCCE7E0C6BDC9BE7,2026-08-07,Into The Blue,Deep House,Không có dự án con,,Thu mua,193.30000000000000000000,2.75160000000000000000,-0.56134327557534467035,-0.495032053174031616353612,38,516
26249bc7a11dca97065d0d98a71221ea,HGFA0005F36F655B40C6BCCE7E0C6BDC9BE7,2026-08-02,Into The Blue,Deep House,Không có dự án con,,Thu mua,177.90000000000000000000,2.47510000000000000000,-0.56134327557534467035,-0.495032053174031616353612,38,516
1e8c9ee6609aa9a3179cf57c159af109,HGFA0005F36F655B40C6BCCE7E0C6BDC9BE7,2026-08-08,Into The Blue,Deep House,Không có dự án con,,Thu mua,116.90000000000000000000,1.06630000000000000000,-0.56134327557534467035,-0.495032053174031616353612,38,516
44a6437370a41d9e6ba81cc339c5242a,HGFA0005F36F655B40C6BCCE7E0C6BDC9BE7,2026-08-03,Into The Blue,Deep House,Không có dự án con,,Thu mua,232.60000000000000000000,2.86950000000000000000,-0.56134327557534467035,-0.495032053174031616353612,38,516
6fff22abda84ed829056e1f5d8cc70c7,HGFA0005F36F655B40C6BCCE7E0C6BDC9BE7,2026-08-10,Into The Blue,Deep House,Không có dự án con,,Thu mua,215.10000000000000000000,3.24600000000000000000,-0.56134327557534467035,-0.495032053174031616353612,38,516
17fdb45fec31ff56e9f4877fc4e3f0a3,HGFA0005F36F655B40C6BCCE7E0C6BDC9BE7,2026-08-01,Into The Blue,Deep House,Không có dự án con,,Thu mua,174.90000000000000000000,2.557800000000000000000000,-0.56134327557534467035,-0.495032053174031616353612,38,516
df7100a0458ced02b15ed39e2a733f50,HGFA0005F36F655B40C6BCCE7E0C6BDC9BE7,2026-08-11,Into The Blue,Deep House,Không có dự án con,,Thu mua,168.40000000000000000000,1.942900000000000000000000,-0.56134327557534467035,-0.495032053174031616353612,38,516
e1a19fa047dab994fd11ab52428ce617,HGFA0005F36F655B40C6BCCE7E0C6BDC9BE7,2026-08-16,Into The Blue,Deep House,Không có dự án con,,Thu mua,158.10000000000000000000,1.84310000000000000000,-0.56134327557534467035,-0.495032053174031616353612,38,516
8f741ee163fb7f50dfe33ffdf6efdcf7,HGFA0005F36F655B40C6BCCE7E0C6BDC9BE7,2026-08-04,Into The Blue,Deep House,Không có dự án con,,Thu mua,216.20000000000000000000,3.808800000000000000000000,-0.56134327557534467035,-0.495032053174031616353612,38,516
8ff58a3de992d185d429c62c9f68cd4d,HGFA0005F36F655B40C6BCCE7E0C6BDC9BE7,2026-08-06,Into The Blue,Deep House,Không có dự án con,,Thu mua,202.80000000000000000000,2.92100000000000000000,-0.56134327557534467035,-0.495032053174031616353612,38,516
fee2fbed81eae7fd4f71af3d43cefdef,HGFA0005F36F655B40C6BCCE7E0C6BDC9BE7,2026-08-13,Into The Blue,Deep House,Không có dự án con,,Thu mua,190.00000000000000000000,2.32080000000000000000,-0.56134327557534467035,-0.495032053174031616353612,38,516
133ec3b43af80f4c2126374605c3d12d,HGFA0005F36F655B40C6BCCE7E0C6BDC9BE7,2026-08-15,Into The Blue,Deep House,Không có dự án con,,Thu mua,141.10000000000000000000,1.305100000000000000000000,-0.56134327557534467035,-0.495032053174031616353612,38,516
67e88304b2499525bc61aff8ea497fa6,HGFA0005F36F655B40C6BCCE7E0C6BDC9BE7,2026-08-09,Into The Blue,Deep House,Không có dự án con,,Thu mua,179.40000000000000000000,1.55930000000000000000,-0.56134327557534467035,-0.495032053174031616353612,38,516
8fc07b47c2ef98fbeb09776068caa490,HGFA0005F36F655B40C6BCCE7E0C6BDC9BE7,2026-08-12,Into The Blue,Deep House,Không có dự án con,,Thu mua,161.40000000000000000000,2.122400000000000000000000,-0.56134327557534467035,-0.495032053174031616353612,38,516
d295cad14b6eb58538ea00a4bed52719,HGFA0005F36F655B40C6BCCE7E0C6BDC9BE7,2026-08-17,Into The Blue,Deep House,Không có dự án con,,Thu mua,174.70000000000000000000,1.71510000000000000000,-0.56134327557534467035,-0.495032053174031616353612,38,516
eff9376de659c2cbfa301cee0ea2ff20,HGFA0005F36F655B40C6BCCE7E0C6BDC9BE7,2026-08-14,Into The Blue,Deep House,Không có dự án con,,Thu mua,151.10000000000000000000,1.917500000000000000000000,-0.56134327557534467035,-0.495032053174031616353612,38,516
ea041b87d8013c6a7e1966d954f49503,HGFA00061C8271C74553AAFAA45D36EBD102,,Jangan Nget Ngetan.wav,,,,Sản xuất,0,0,,,0,0
68ae07234472700bc66e710fdb8ec08f,HGFA00062469DDA242B0B547CC56650D2A12,,Looking-For-Love-(Official-Video)(2)_HGFA00062469DDA242B0B547CC56650D2A12.mp3,,,,Sản xuất,0,0,,,0,0
24a66b7d30af9f8b23b6a8122f9bff5a,HGFA00075ADEDC1A4C81868FFA6471061A7F,,Limitless-(Official-Audio)-｜-#Dubstep_HGFA0951854BABCD494980F97AC4CD655AB1.mp3,,,,Sản xuất,0,0,,,0,0
c8a58d13e94e3f7bceba71580abfb148,HGFA0007F579AA114676A27E5C894C643AE5,,Greyline.wav,,,,Sản xuất,0,0,,,0,0
d4810ea72c0597e89a7f07f70e36b4e6,HGFA00081CA02ED649CF88EF8D3B0117AAF0,,"PTC5186408_02_17_Wagner Siegfried, Act 2 Da lieg auch du.wav",,,,Sản xuất,0,0,,,0,0
f57a5bf0cef4d1cea8d69d0a770cb4c8,HGFA00085BD609B8426C8ED35C9AEFE02747,,"Variations on a Theme by Tchaikovsky, Op. 35a: Var. VI. Allegro con spirito",Classical,Không có dự án con,,Thu mua,0,0,,,0,0
f071286f196a6508d98984207cf8eb3c,HGFA0008BC51CFA54DB2A51055FA5161C0E2,,"PTC5186304_01_15_Beethoven Piano Sonata No 20, Tempo di menuetto.wav",,,,Sản xuất,0,0,,,0,0
583344c329faca45ad85d9b96119691b,HGFA00096F224B3646AD9126A92AD755C544,,"Preludes, Op. 28 - No. 7 'The Polish dancer' (1).wav",,,,Sản xuất,0,0,,,0,0
e216bb1573a554c3469eafe59156d35c,HGFA000B9A5F9E934BF199CAC93364698443,,All The Pretty Girls,Piano Cover - 1,Piano Cover - 1 - 2 - Red One,9.00,Sản xuất,0,0,,,0,0
e4c26796ef96da21e3e43bd2c844b34a,HGFA000B9BFEAD714BD59688D38B9FDC3F68,,Glad You Exist.mp3,,,,Sản xuất,0,0,,,0,0
ba3374c9e13dd543d6f95d07fc1e633f,HGFA000C563DE9B4447D8265C144D38AC647,,Guidolain-beats_HGFA19702DA62830401287F00CB18F4EAF47.wav,,,,Sản xuất,0,0,,,0,0
16ffe82080758c7c43cfb3460c5d44e3,HGFA000C916966874C858543C75CF099F71A,,In Your Hands.wav,,,,Sản xuất,0,0,,,0,0
882562e90a65f61035b62df2d99e4f8e,HGFA000D631157B6452398FC32FC71ACF357,2026-04-22,Ocean Dream,Deep House,Deep House - 2 - An Tuệ,,Sản xuất,1.00000000000000000000,0,,,3,11
833171a27ba558d15a00562c9abd1642,HGFA000D631157B6452398FC32FC71ACF357,2026-04-15,Ocean Dream,Deep House,Deep House - 2 - An Tuệ,,Sản xuất,1.00000000000000000000,0.00200000000000000000,,,3,11
26683e74765c54df77173595e3765181,HGFA000D631157B6452398FC32FC71ACF357,2026-04-09,Ocean Dream,Deep House,Deep House - 2 - An Tuệ,,Sản xuất,8.5000000000000000,0.01800000000000000000,,,3,11
100eeb22c8e6cbb9bb63c9273c757a90,HGFA000D631157B6452398FC32FC71ACF357,2026-04-18,Ocean Dream,Deep House,Deep House - 2 - An Tuệ,,Sản xuất,3.5000000000000000,0.03500000000000000000,,,3,11
795af32856a68e435055ad0a0d8231f3,HGFA000D631157B6452398FC32FC71ACF357,2026-04-24,Ocean Dream,Deep House,Deep House - 2 - An Tuệ,,Sản xuất,1.00000000000000000000,0,,,3,11
9c27f9f15b19e214caae840024d8a6e1,HGFA000D631157B6452398FC32FC71ACF357,2026-04-13,Ocean Dream,Deep House,Deep House - 2 - An Tuệ,,Sản xuất,1.5000000000000000,0.00200000000000000000,,,3,11
0570450b9c6942ca1427d0148ce838df,HGFA000D631157B6452398FC32FC71ACF357,2026-04-17,Ocean Dream,Deep House,Deep House - 2 - An Tuệ,,Sản xuất,2.5000000000000000,0.00300000000000000000,,,3,11
191d60775e4da42aba68cdcc91d8985c,HGFA000D631157B6452398FC32FC71ACF357,2026-04-29,Ocean Dream,Deep House,Deep House - 2 - An Tuệ,,Sản xuất,1.00000000000000000000,0.00600000000000000000,,,3,11
8ce746f052c93835a910ca0cdf26cbd9,HGFA000D631157B6452398FC32FC71ACF357,2026-04-14,Ocean Dream,Deep House,Deep House - 2 - An Tuệ,,Sản xuất,1.00000000000000000000,0.01350000000000000000,,,3,11
ba733208d631637c1832006748c81143,HGFA000D631157B6452398FC32FC71ACF357,2026-04-11,Ocean Dream,Deep House,Deep House - 2 - An Tuệ,,Sản xuất,3.0000000000000000,0.01550000000000000000,,,3,11
0de4d5bc563d376592fce8bf31c25678,HGFA000D631157B6452398FC32FC71ACF357,2026-04-25,Ocean Dream,Deep House,Deep House - 2 - An Tuệ,,Sản xuất,0.50000000000000000000,0,,,3,11
e79fd6e6b4852f3f7ac217e902a290d2,HGFA000D631157B6452398FC32FC71ACF357,2026-04-19,Ocean Dream,Deep House,Deep House - 2 - An Tuệ,,Sản xuất,1.00000000000000000000,0,,,3,11
a70d0329dd3014e27d1b190ec2062f68,HGFA000D631157B6452398FC32FC71ACF357,2026-04-20,Ocean Dream,Deep House,Deep House - 2 - An Tuệ,,Sản xuất,0.50000000000000000000,0,,,3,11
10eb154f9f4f782943f76d2c5b78fe93,HGFA000D631157B6452398FC32FC71ACF357,2026-04-08,Ocean Dream,Deep House,Deep House - 2 - An Tuệ,,Sản xuất,19.5000000000000000,0.40450000000000000000,,,3,11
d117a079ac27a8488d8fd79ed7d2d852,HGFA000D631157B6452398FC32FC71ACF357,2026-04-30,Ocean Dream,Deep House,Deep House - 2 - An Tuệ,,Sản xuất,0.50000000000000000000,0.00950000000000000000,,,3,11
fa6478b52bc71860f47b298b11a7b61f,HGFA000D631157B6452398FC32FC71ACF357,2026-04-16,Ocean Dream,Deep House,Deep House - 2 - An Tuệ,,Sản xuất,2.0000000000000000,0.06200000000000000000,,,3,11
81f5118412f4dc6f356e4c9514453421,HGFA000D631157B6452398FC32FC71ACF357,2026-04-12,Ocean Dream,Deep House,Deep House - 2 - An Tuệ,,Sản xuất,2.0000000000000000,0.00350000000000000000,,,3,11
0ad821600b0d7e4e787d826b64018d5c,HGFA000D631157B6452398FC32FC71ACF357,2026-04-10,Ocean Dream,Deep House,Deep House - 2 - An Tuệ,,Sản xuất,11.5000000000000000,0.19300000000000000000,,,3,11
7dec59f700ca372a494ef2c283243502,HGFA000D631157B6452398FC32FC71ACF357,2026-04-26,Ocean Dream,Deep House,Deep House - 2 - An Tuệ,,Sản xuất,0.50000000000000000000,0.00450000000000000000,,,3,11
10bce6f4230707926548a0da8adf271e,HGFA000D631157B6452398FC32FC71ACF357,2026-05-25,Ocean Dream,Deep House,Deep House - 2 - An Tuệ,,Sản xuất,0.50000000000000000000,0,-0.84677419354838709677,-0.99805699481865284974,3,11
c15520e3f944bb859679068b0d67a01d,HGFA000D631157B6452398FC32FC71ACF357,2026-05-22,Ocean Dream,Deep House,Deep House - 2 - An Tuệ,,Sản xuất,0.50000000000000000000,0,-0.84677419354838709677,-0.99805699481865284974,3,11
700f1b42d0ddddc15e09e882aa734f53,HGFA000D631157B6452398FC32FC71ACF357,2026-05-06,Ocean Dream,Deep House,Deep House - 2 - An Tuệ,,Sản xuất,0.50000000000000000000,0,-0.84677419354838709677,-0.99805699481865284974,3,11
75179367521f41f89129baa42637114c,HGFA000D631157B6452398FC32FC71ACF357,2026-05-30,Ocean Dream,Deep House,Deep House - 2 - An Tuệ,,Sản xuất,0.50000000000000000000,0.00150000000000000000,-0.84677419354838709677,-0.99805699481865284974,3,11
441b295e78c6d684d83304a72c6454b0,HGFA000D631157B6452398FC32FC71ACF357,2026-05-14,Ocean Dream,Deep House,Deep House - 2 - An Tuệ,,Sản xuất,0.50000000000000000000,0,-0.84677419354838709677,-0.99805699481865284974,3,11
51b6fe7f4a13c3141d2d94531787f61e,HGFA000D631157B6452398FC32FC71ACF357,2026-05-09,Ocean Dream,Deep House,Deep House - 2 - An Tuệ,,Sản xuất,0.50000000000000000000,0,-0.84677419354838709677,-0.99805699481865284974,3,11
a78ab0f68f9167f2ca569da9df12bd46,HGFA000D631157B6452398FC32FC71ACF357,2026-05-15,Ocean Dream,Deep House,Deep House - 2 - An Tuệ,,Sản xuất,0.50000000000000000000,0,-0.84677419354838709677,-0.99805699481865284974,3,11
408d9db22bf1b42a71c4592ecd945806,HGFA000D631157B6452398FC32FC71ACF357,2026-05-03,Ocean Dream,Deep House,Deep House - 2 - An Tuệ,,Sản xuất,0.50000000000000000000,0,-0.84677419354838709677,-0.99805699481865284974,3,11
e799a0f6c9f4423f4989c68cdbab8968,HGFA000D631157B6452398FC32FC71ACF357,2026-05-31,Ocean Dream,Deep House,Deep House - 2 - An Tuệ,,Sản xuất,0.50000000000000000000,0,-0.84677419354838709677,-0.99805699481865284974,3,11
387f52aa641417b322c7eb0dea02697a,HGFA000D631157B6452398FC32FC71ACF357,2026-05-12,Ocean Dream,Deep House,Deep House - 2 - An Tuệ,,Sản xuất,0.50000000000000000000,0,-0.84677419354838709677,-0.99805699481865284974,3,11
f8b48b595e403b1b400c6c797026e81c,HGFA000D631157B6452398FC32FC71ACF357,2026-05-20,Ocean Dream,Deep House,Deep House - 2 - An Tuệ,,Sản xuất,1.00000000000000000000,0,-0.84677419354838709677,-0.99805699481865284974,3,11
59a12dd88ea54c7f4c1861f1dda6ade7,HGFA000D631157B6452398FC32FC71ACF357,2026-05-04,Ocean Dream,Deep House,Deep House - 2 - An Tuệ,,Sản xuất,1.5000000000000000,0,-0.84677419354838709677,-0.99805699481865284974,3,11
8bfc96de0b762b833445250a0f624609,HGFA000D631157B6452398FC32FC71ACF357,2026-05-02,Ocean Dream,Deep House,Deep House - 2 - An Tuệ,,Sản xuất,1.00000000000000000000,0,-0.84677419354838709677,-0.99805699481865284974,3,11
1c5b85fca467bb00c3357a24501db0ea,HGFA000D631157B6452398FC32FC71ACF357,2026-05-16,Ocean Dream,Deep House,Deep House - 2 - An Tuệ,,Sản xuất,0.50000000000000000000,0,-0.84677419354838709677,-0.99805699481865284974,3,11
46e3ffbb363da88db62f4f7e174a115f,HGFA000D631157B6452398FC32FC71ACF357,2026-05-29,Ocean Dream,Deep House,Deep House - 2 - An Tuệ,,Sản xuất,0.50000000000000000000,0,-0.84677419354838709677,-0.99805699481865284974,3,11
0d3e26f843b0d94da9ce93d83a8fe3da,HGFA000D631157B6452398FC32FC71ACF357,2026-06-16,Ocean Dream,Deep House,Deep House - 2 - An Tuệ,,Sản xuất,0.50000000000000000000,0,-0.73684210526315789474,,3,11
332802161ab0ebfffcc666da014322bf,HGFA000D631157B6452398FC32FC71ACF357,2026-06-11,Ocean Dream,Deep House,Deep House - 2 - An Tuệ,,Sản xuất,1.00000000000000000000,0,-0.73684210526315789474,,3,11
0cffdddc8055ae373d638fd698d6099a,HGFA000D631157B6452398FC32FC71ACF357,2026-06-15,Ocean Dream,Deep House,Deep House - 2 - An Tuệ,,Sản xuất,0.50000000000000000000,0,-0.73684210526315789474,,3,11
8078477179a69358b7b8ae2b9badcbb6,HGFA000D631157B6452398FC32FC71ACF357,2026-06-09,Ocean Dream,Deep House,Deep House - 2 - An Tuệ,,Sản xuất,0.50000000000000000000,0,-0.73684210526315789474,,3,11
5f292979a97992defb10e57981afa5d2,HGFA000D631157B6452398FC32FC71ACF357,2026-07-06,Ocean Dream,Deep House,Deep House - 2 - An Tuệ,,Sản xuất,0.50000000000000000000,0,-0.60000000000000000000,,3,11
7b360aea750f2fe3ffe7af8dc7fed510,HGFA000D631157B6452398FC32FC71ACF357,2026-07-21,Ocean Dream,Deep House,Deep House - 2 - An Tuệ,,Sản xuất,0.50000000000000000000,0,-0.60000000000000000000,,3,11
dc59b6ca6208e2ceadd5b4c5afd5dc17,HGFA000D631157B6452398FC32FC71ACF357,2026-08-02,Ocean Dream,Deep House,Deep House - 2 - An Tuệ,,Sản xuất,0.50000000000000000000,0,0.50000000000000000000,,3,11
e82d7bbbbc89464a2a8059ef2911582b,HGFA000D631157B6452398FC32FC71ACF357,2026-08-06,Ocean Dream,Deep House,Deep House - 2 - An Tuệ,,Sản xuất,0.50000000000000000000,0,0.50000000000000000000,,3,11
f13819d975d53f15818bd7d3e8198eb9,HGFA000D631157B6452398FC32FC71ACF357,2026-08-08,Ocean Dream,Deep House,Deep House - 2 - An Tuệ,,Sản xuất,0.50000000000000000000,0,0.50000000000000000000,,3,11
f07f00508700f23e515eef3f59a2f089,HGFA000DAC633FF247B8B4937B6A0DFE740C,,Amantes,Reggae Cover - 1,Reggae Cover - 1 - 2 - An Tuệ,0.00,Sản xuất,0,0,,,0,0
9b0f64e8f369575e95da81052ad2f1b3,HGFA000EE8FF16A64ABD95245E31B6C5EB54,2026-04-23,Pure,Lofi,Không có dự án con,,Sản xuất,0.70000000000000000000,0.00120000000000000000,,,4,48
ed0349e317fd9b7f694a09d4f3f6dff8,HGFA000EE8FF16A64ABD95245E31B6C5EB54,2026-04-24,Pure,Lofi,Không có dự án con,,Sản xuất,0.20000000000000000000,0.00150000000000000000,,,4,48
fcb6efdd9fe7ff7524a3c46283d6a9d7,HGFA000EE8FF16A64ABD95245E31B6C5EB54,2026-04-15,Pure,Lofi,Không có dự án con,,Sản xuất,8.2000000000000000,0.03360000000000000000,,,4,48
40ca46c47698785c5367555587334f66,HGFA000EE8FF16A64ABD95245E31B6C5EB54,2026-04-18,Pure,Lofi,Không có dự án con,,Sản xuất,0.80000000000000000000,0.00320000000000000000,,,4,48
1d0449a4e840b9ec589a6b8b3761f727,HGFA000EE8FF16A64ABD95245E31B6C5EB54,2026-04-27,Pure,Lofi,Không có dự án con,,Sản xuất,0.70000000000000000000,0.00030000000000000000,,,4,48
8813ad99d73891461d03d81918cf93cd,HGFA000EE8FF16A64ABD95245E31B6C5EB54,2026-04-22,Pure,Lofi,Không có dự án con,,Sản xuất,1.8000000000000000,0.00410000000000000000,,,4,48
e530c8cc3971de1a1bfead7a491ae182,HGFA000EE8FF16A64ABD95245E31B6C5EB54,2026-04-14,Pure,Lofi,Không có dự án con,,Sản xuất,32.3000000000000000,0.12510000000000000000,,,4,48
ee873ac6b3523db477bb8571c4ace2c3,HGFA000EE8FF16A64ABD95245E31B6C5EB54,2026-04-17,Pure,Lofi,Không có dự án con,,Sản xuất,3.2000000000000000,0.01370000000000000000,,,4,48
e98d75cad197c32a14b19104f51d6d00,HGFA000EE8FF16A64ABD95245E31B6C5EB54,2026-04-21,Pure,Lofi,Không có dự án con,,Sản xuất,0.40000000000000000000,0.00170000000000000000,,,4,48
ce5dd1ec5a5982c3107291c4010de644,HGFA000EE8FF16A64ABD95245E31B6C5EB54,2026-04-16,Pure,Lofi,Không có dự án con,,Sản xuất,2.9000000000000000,0.04210000000000000000,,,4,48
25c22755724acf7ef9e19c85584969f3,HGFA000EE8FF16A64ABD95245E31B6C5EB54,2026-04-26,Pure,Lofi,Không có dự án con,,Sản xuất,0.10000000000000000000,0,,,4,48
2b1268065af7d499a65c25430da5789c,HGFA000EE8FF16A64ABD95245E31B6C5EB54,2026-04-29,Pure,Lofi,Không có dự án con,,Sản xuất,0.10000000000000000000,0,,,4,48
c26716c5721d3a8969ac5e4560c4233b,HGFA000EE8FF16A64ABD95245E31B6C5EB54,2026-04-28,Pure,Lofi,Không có dự án con,,Sản xuất,0.10000000000000000000,0.00030000000000000000,,,4,48
d2a268a2ef02715ff1df367aedbf36c8,HGFA000EE8FF16A64ABD95245E31B6C5EB54,2026-04-19,Pure,Lofi,Không có dự án con,,Sản xuất,1.5000000000000000,0.01470000000000000000,,,4,48
8fc91c061a840c3dee2c58f5a4a5c6f8,HGFA000EE8FF16A64ABD95245E31B6C5EB54,2026-04-25,Pure,Lofi,Không có dự án con,,Sản xuất,0.30000000000000000000,0.00040000000000000000,,,4,48
bc563f2a78cc99f8f061ec6784103d20,HGFA000EE8FF16A64ABD95245E31B6C5EB54,2026-04-20,Pure,Lofi,Không có dự án con,,Sản xuất,0.70000000000000000000,0.00610000000000000000,,,4,48
ef3cece60574f9d3b520a062d5fc26cf,HGFA000EE8FF16A64ABD95245E31B6C5EB54,2026-04-30,Pure,Lofi,Không có dự án con,,Sản xuất,0.30000000000000000000,0.00080000000000000000,,,4,48
b049ad7c06906ea2c561a8f1b9cfb5c0,HGFA000EE8FF16A64ABD95245E31B6C5EB54,2026-05-12,Pure,Lofi,Không có dự án con,,Sản xuất,0.30000000000000000000,0.00170000000000000000,0.67955801104972375691,1.288987138263665594855305,4,48
4f4bd847e7e1b8ba09ff35dc7344110b,HGFA000EE8FF16A64ABD95245E31B6C5EB54,2026-05-16,Pure,Lofi,Không có dự án con,,Sản xuất,0.40000000000000000000,0.00410000000000000000,0.67955801104972375691,1.288987138263665594855305,4,48
0e76434686760d98b883b8a8e7fd408a,HGFA000EE8FF16A64ABD95245E31B6C5EB54,2026-05-08,Pure,Lofi,Không có dự án con,,Sản xuất,0.10000000000000000000,0.00170000000000000000,0.67955801104972375691,1.288987138263665594855305,4,48
121ab105f55fd9d52263ab7a1fbba6c7,HGFA000EE8FF16A64ABD95245E31B6C5EB54,2026-05-27,Pure,Lofi,Không có dự án con,,Sản xuất,3.60000000000000000000,0.04380000000000000000,0.67955801104972375691,1.288987138263665594855305,4,48
6931a6e372720452b26d895f101f9ee2,HGFA000EE8FF16A64ABD95245E31B6C5EB54,2026-05-14,Pure,Lofi,Không có dự án con,,Sản xuất,0.30000000000000000000,0.00180000000000000000,0.67955801104972375691,1.288987138263665594855305,4,48
d486321f0094e349a8908ff90e7b04ed,HGFA000EE8FF16A64ABD95245E31B6C5EB54,2026-05-04,Pure,Lofi,Không có dự án con,,Sản xuất,0.20000000000000000000,0.00020000000000000000,0.67955801104972375691,1.288987138263665594855305,4,48
ef0b70c8f5a8dd780d0e5a07aca78ecb,HGFA000EE8FF16A64ABD95245E31B6C5EB54,2026-05-19,Pure,Lofi,Không có dự án con,,Sản xuất,0.20000000000000000000,0.00360000000000000000,0.67955801104972375691,1.288987138263665594855305,4,48
835a073e7d2ca34e41ae106971ce50b8,HGFA000EE8FF16A64ABD95245E31B6C5EB54,2026-05-05,Pure,Lofi,Không có dự án con,,Sản xuất,0.70000000000000000000,0.00070000000000000000,0.67955801104972375691,1.288987138263665594855305,4,48
4f12be89dbb5135d897f4bf03e6655fa,HGFA000EE8FF16A64ABD95245E31B6C5EB54,2026-05-11,Pure,Lofi,Không có dự án con,,Sản xuất,0.30000000000000000000,0.00360000000000000000,0.67955801104972375691,1.288987138263665594855305,4,48
0e110c2b7f96cdb4537c33922fcf5933,HGFA000EE8FF16A64ABD95245E31B6C5EB54,2026-05-28,Pure,Lofi,Không có dự án con,,Sản xuất,3.10000000000000000000,0.00990000000000000000,0.67955801104972375691,1.288987138263665594855305,4,48
19462d5f1ab6406725935e3982862b2f,HGFA000EE8FF16A64ABD95245E31B6C5EB54,2026-05-17,Pure,Lofi,Không có dự án con,,Sản xuất,0.40000000000000000000,0.00380000000000000000,0.67955801104972375691,1.288987138263665594855305,4,48
dfc545d69bcc673319a64caa6511ebfe,HGFA000EE8FF16A64ABD95245E31B6C5EB54,2026-05-22,Pure,Lofi,Không có dự án con,,Sản xuất,0.80000000000000000000,0.00180000000000000000,0.67955801104972375691,1.288987138263665594855305,4,48
79460e1c27a2cb38fa919d59913b2209,HGFA000EE8FF16A64ABD95245E31B6C5EB54,2026-05-30,Pure,Lofi,Không có dự án con,,Sản xuất,2.00000000000000000000,0.00180000000000000000,0.67955801104972375691,1.288987138263665594855305,4,48
2d13a29a6045c3187824bcf2d8adf9d3,HGFA000EE8FF16A64ABD95245E31B6C5EB54,2026-05-21,Pure,Lofi,Không có dự án con,,Sản xuất,0.90000000000000000000,0.00090000000000000000,0.67955801104972375691,1.288987138263665594855305,4,48
6e9a521cafcae77e619b371032263821,HGFA000EE8FF16A64ABD95245E31B6C5EB54,2026-05-03,Pure,Lofi,Không có dự án con,,Sản xuất,0.20000000000000000000,0.00190000000000000000,0.67955801104972375691,1.288987138263665594855305,4,48
ee2901ebbe85887de84940dfae53d32a,HGFA000EE8FF16A64ABD95245E31B6C5EB54,2026-05-02,Pure,Lofi,Không có dự án con,,Sản xuất,0.90000000000000000000,0.00310000000000000000,0.67955801104972375691,1.288987138263665594855305,4,48
79b409a64a23c61625344604f39d8002,HGFA000EE8FF16A64ABD95245E31B6C5EB54,2026-05-09,Pure,Lofi,Không có dự án con,,Sản xuất,0.20000000000000000000,0.00110000000000000000,0.67955801104972375691,1.288987138263665594855305,4,48
84b0539430bdbf68b495610779df9aab,HGFA000EE8FF16A64ABD95245E31B6C5EB54,2026-05-29,Pure,Lofi,Không có dự án con,,Sản xuất,1.80000000000000000000,0.00290000000000000000,0.67955801104972375691,1.288987138263665594855305,4,48
416411b1bb1ebd9c413035b87a4ea2bf,HGFA000EE8FF16A64ABD95245E31B6C5EB54,2026-05-01,Pure,Lofi,Không có dự án con,,Sản xuất,0.10000000000000000000,0.00070000000000000000,0.67955801104972375691,1.288987138263665594855305,4,48
79b26c1accdf7951b6704f8d38208c62,HGFA000EE8FF16A64ABD95245E31B6C5EB54,2026-05-31,Pure,Lofi,Không có dự án con,,Sản xuất,3.30000000000000000000,0.01500000000000000000,0.67955801104972375691,1.288987138263665594855305,4,48
ac2be48c699fe0eb4c839fcec76088c0,HGFA000EE8FF16A64ABD95245E31B6C5EB54,2026-05-07,Pure,Lofi,Không có dự án con,,Sản xuất,0.10000000000000000000,0,0.67955801104972375691,1.288987138263665594855305,4,48
4e6099cfbbc3fd1cf23b3964e02117ff,HGFA000EE8FF16A64ABD95245E31B6C5EB54,2026-05-24,Pure,Lofi,Không có dự án con,,Sản xuất,0.70000000000000000000,0.000100000000000000000000,0.67955801104972375691,1.288987138263665594855305,4,48
b6665eeb193f05ff2a4ff36c854807df,HGFA000EE8FF16A64ABD95245E31B6C5EB54,2026-05-26,Pure,Lofi,Không có dự án con,,Sản xuất,11.60000000000000000000,0.17410000000000000000,0.67955801104972375691,1.288987138263665594855305,4,48
2eed98ce0dd1547309bbcd4856dac13f,HGFA000EE8FF16A64ABD95245E31B6C5EB54,2026-05-06,Pure,Lofi,Không có dự án con,,Sản xuất,0.10000000000000000000,0.00180000000000000000,0.67955801104972375691,1.288987138263665594855305,4,48
1f8de2c534058ced23c00809616232a6,HGFA000EE8FF16A64ABD95245E31B6C5EB54,2026-05-20,Pure,Lofi,Không có dự án con,,Sản xuất,0.50000000000000000000,0.00070000000000000000,0.67955801104972375691,1.288987138263665594855305,4,48
a75d3524fae31d5da426923e3dfb4417,HGFA000EE8FF16A64ABD95245E31B6C5EB54,2026-05-10,Pure,Lofi,Không có dự án con,,Sản xuất,0.10000000000000000000,0.00190000000000000000,0.67955801104972375691,1.288987138263665594855305,4,48
5c1e80f4a1c97a0da7a14f50c4fb4315,HGFA000EE8FF16A64ABD95245E31B6C5EB54,2026-05-18,Pure,Lofi,Không có dự án con,,Sản xuất,0.30000000000000000000,0.00180000000000000000,0.67955801104972375691,1.288987138263665594855305,4,48
0f03012efe8961f0ef11ad8493ed6206,HGFA000EE8FF16A64ABD95245E31B6C5EB54,2026-05-13,Pure,Lofi,Không có dự án con,,Sản xuất,0.50000000000000000000,0.00070000000000000000,0.67955801104972375691,1.288987138263665594855305,4,48
a85822fdec4cd8c6b5b70424cdfd7757,HGFA000EE8FF16A64ABD95245E31B6C5EB54,2026-05-15,Pure,Lofi,Không có dự án con,,Sản xuất,0.50000000000000000000,0.00190000000000000000,0.67955801104972375691,1.288987138263665594855305,4,48
a1d9dc5854c6622d95742daa33a41161,HGFA000EE8FF16A64ABD95245E31B6C5EB54,2026-05-23,Pure,Lofi,Không có dự án con,,Sản xuất,0.40000000000000000000,0.00190000000000000000,0.67955801104972375691,1.288987138263665594855305,4,48
f69185503c1f6541e5bc5cc220361499,HGFA000EE8FF16A64ABD95245E31B6C5EB54,2026-05-25,Pure,Lofi,Không có dự án con,,Sản xuất,56.60000000000000000000,0.28050000000000000000,0.67955801104972375691,1.288987138263665594855305,4,48
b27a677696ecfef9dc43e8493a19f5f5,HGFA000EE8FF16A64ABD95245E31B6C5EB54,2026-06-15,Pure,Lofi,Không có dự án con,,Sản xuất,10.70000000000000000000,0.13800000000000000000,0.01864035087719298246,0.575417032484635645302897,4,48
96633b5193bcef1ecdaa3d9f31449b81,HGFA000EE8FF16A64ABD95245E31B6C5EB54,2026-06-09,Pure,Lofi,Không có dự án con,,Sản xuất,0.50000000000000000000,0.00960000000000000000,0.01864035087719298246,0.575417032484635645302897,4,48
d7865c5b51bd2e96bacfa8dd78045029,HGFA000EE8FF16A64ABD95245E31B6C5EB54,2026-06-13,Pure,Lofi,Không có dự án con,,Sản xuất,0.50000000000000000000,0,0.01864035087719298246,0.575417032484635645302897,4,48
e4636e4ec4e2e2a0c0396755b56d43a4,HGFA000EE8FF16A64ABD95245E31B6C5EB54,2026-06-24,Pure,Lofi,Không có dự án con,,Sản xuất,0.40000000000000000000,0,0.01864035087719298246,0.575417032484635645302897,4,48
10aad6cf94a708b8a4e8e6fc3ebcda67,HGFA000EE8FF16A64ABD95245E31B6C5EB54,2026-06-26,Pure,Lofi,Không có dự án con,,Sản xuất,0.30000000000000000000,0.01880000000000000000,0.01864035087719298246,0.575417032484635645302897,4,48
35a9c9994f76e77279e174708994b350,HGFA000EE8FF16A64ABD95245E31B6C5EB54,2026-06-29,Pure,Lofi,Không có dự án con,,Sản xuất,0.90000000000000000000,0.01390000000000000000,0.01864035087719298246,0.575417032484635645302897,4,48
86f30b54433d6415b13168a7d7a9973e,HGFA000EE8FF16A64ABD95245E31B6C5EB54,2026-06-14,Pure,Lofi,Không có dự án con,,Sản xuất,54.10000000000000000000,0.35900000000000000000,0.01864035087719298246,0.575417032484635645302897,4,48
8d32aef9ace88f3a18fb9f59a93140a5,HGFA000EE8FF16A64ABD95245E31B6C5EB54,2026-06-23,Pure,Lofi,Không có dự án con,,Sản xuất,0.40000000000000000000,0.01360000000000000000,0.01864035087719298246,0.575417032484635645302897,4,48
2411765d36e0e959682358094d26c076,HGFA000EE8FF16A64ABD95245E31B6C5EB54,2026-06-17,Pure,Lofi,Không có dự án con,,Sản xuất,1.90000000000000000000,0.00460000000000000000,0.01864035087719298246,0.575417032484635645302897,4,48
55e039f8e3ef1afbb9e8fc39e2848823,HGFA000EE8FF16A64ABD95245E31B6C5EB54,2026-06-25,Pure,Lofi,Không có dự án con,,Sản xuất,0.90000000000000000000,0.00830000000000000000,0.01864035087719298246,0.575417032484635645302897,4,48
f564fe10c0308beb7b2825acce4a3478,HGFA000EE8FF16A64ABD95245E31B6C5EB54,2026-06-10,Pure,Lofi,Không có dự án con,,Sản xuất,0.80000000000000000000,0.00370000000000000000,0.01864035087719298246,0.575417032484635645302897,4,48
ddef922cd9ac4e6db025bcba3efd0e2d,HGFA000EE8FF16A64ABD95245E31B6C5EB54,2026-06-03,Pure,Lofi,Không có dự án con,,Sản xuất,1.60000000000000000000,0.01370000000000000000,0.01864035087719298246,0.575417032484635645302897,4,48
4e9915d60ce05a15ff8045e3b7f3fa31,HGFA000EE8FF16A64ABD95245E31B6C5EB54,2026-06-01,Pure,Lofi,Không có dự án con,,Sản xuất,4.50000000000000000000,0.06960000000000000000,0.01864035087719298246,0.575417032484635645302897,4,48
c444e08cbada596dd841ee06693c1bdb,HGFA000EE8FF16A64ABD95245E31B6C5EB54,2026-06-18,Pure,Lofi,Không có dự án con,,Sản xuất,0.80000000000000000000,0.10020000000000000000,0.01864035087719298246,0.575417032484635645302897,4,48
ff76ae772d4495b3517c9d3b71433ec9,HGFA000EE8FF16A64ABD95245E31B6C5EB54,2026-06-12,Pure,Lofi,Không có dự án con,,Sản xuất,0.40000000000000000000,0,0.01864035087719298246,0.575417032484635645302897,4,48
e15cd456f66366f363921c3060c7d056,HGFA000EE8FF16A64ABD95245E31B6C5EB54,2026-06-07,Pure,Lofi,Không có dự án con,,Sản xuất,0.40000000000000000000,0.000100000000000000000000,0.01864035087719298246,0.575417032484635645302897,4,48
f9cc11477ffa3e2632f9b153b2669d81,HGFA000EE8FF16A64ABD95245E31B6C5EB54,2026-06-05,Pure,Lofi,Không có dự án con,,Sản xuất,0.20000000000000000000,0.000100000000000000000000,0.01864035087719298246,0.575417032484635645302897,4,48
273029690fa1cc4189c75b7efce266fc,HGFA000EE8FF16A64ABD95245E31B6C5EB54,2026-06-20,Pure,Lofi,Không có dự án con,,Sản xuất,0.60000000000000000000,0,0.01864035087719298246,0.575417032484635645302897,4,48
209a97ff90936d31175a36ab538ab5c8,HGFA000EE8FF16A64ABD95245E31B6C5EB54,2026-06-30,Pure,Lofi,Không có dự án con,,Sản xuất,0.50000000000000000000,0,0.01864035087719298246,0.575417032484635645302897,4,48
4c422c07539c371f96bff64d6f287818,HGFA000EE8FF16A64ABD95245E31B6C5EB54,2026-06-28,Pure,Lofi,Không có dự án con,,Sản xuất,0.70000000000000000000,0.00500000000000000000,0.01864035087719298246,0.575417032484635645302897,4,48
31d952fa07c594ecd01aae3fe760a506,HGFA000EE8FF16A64ABD95245E31B6C5EB54,2026-06-04,Pure,Lofi,Không có dự án con,,Sản xuất,0.80000000000000000000,0.01370000000000000000,0.01864035087719298246,0.575417032484635645302897,4,48
837256844b1a8f08ce5fd337f7b95cea,HGFA000EE8FF16A64ABD95245E31B6C5EB54,2026-06-08,Pure,Lofi,Không có dự án con,,Sản xuất,0.60000000000000000000,0.00260000000000000000,0.01864035087719298246,0.575417032484635645302897,4,48
5399c6f86d9c0540b3ffb27626852ffe,HGFA000EE8FF16A64ABD95245E31B6C5EB54,2026-06-16,Pure,Lofi,Không có dự án con,,Sản xuất,5.30000000000000000000,0.04480000000000000000,0.01864035087719298246,0.575417032484635645302897,4,48
f08f64db73e22961f22b46cb3bd351b8,HGFA000EE8FF16A64ABD95245E31B6C5EB54,2026-06-19,Pure,Lofi,Không có dự án con,,Sản xuất,0.50000000000000000000,0,0.01864035087719298246,0.575417032484635645302897,4,48
675d816f8d5f2692c1f295b4117f2852,HGFA000EE8FF16A64ABD95245E31B6C5EB54,2026-06-02,Pure,Lofi,Không có dự án con,,Sản xuất,2.00000000000000000000,0.03760000000000000000,0.01864035087719298246,0.575417032484635645302897,4,48
ee94fa380db61b16cfea5f09ef1b34a0,HGFA000EE8FF16A64ABD95245E31B6C5EB54,2026-06-21,Pure,Lofi,Không có dự án con,,Sản xuất,0.60000000000000000000,0.00560000000000000000,0.01864035087719298246,0.575417032484635645302897,4,48
cbd8fce2f02f6760d377d098d8c331ca,HGFA000EE8FF16A64ABD95245E31B6C5EB54,2026-06-06,Pure,Lofi,Không có dự án con,,Sản xuất,0.10000000000000000000,0.00210000000000000000,0.01864035087719298246,0.575417032484635645302897,4,48
0f1f8ef1e04b801a212acf9ec2dfc4d6,HGFA000EE8FF16A64ABD95245E31B6C5EB54,2026-06-22,Pure,Lofi,Không có dự án con,,Sản xuất,0.70000000000000000000,0.00230000000000000000,0.01864035087719298246,0.575417032484635645302897,4,48
0542d244e99940ca6b601abc245a1007,HGFA000EE8FF16A64ABD95245E31B6C5EB54,2026-06-27,Pure,Lofi,Không có dự án con,,Sản xuất,0.80000000000000000000,0.02860000000000000000,0.01864035087719298246,0.575417032484635645302897,4,48
e1f367214f8f4a1332d0386da759bc3f,HGFA000EE8FF16A64ABD95245E31B6C5EB54,2026-06-11,Pure,Lofi,Không có dự án con,,Sản xuất,0.40000000000000000000,0.00170000000000000000,0.01864035087719298246,0.575417032484635645302897,4,48
8c82e121c4bf141c01d5dbab99f0f76c,HGFA000EE8FF16A64ABD95245E31B6C5EB54,2026-07-10,Pure,Lofi,Không có dự án con,,Sản xuất,4.30000000000000000000,0.01780000000000000000,1.33584499461786867600,0.564645563976816763263486,4,48
9612286e4798bb5f2c9fc8806cd7b664,HGFA000EE8FF16A64ABD95245E31B6C5EB54,2026-07-11,Pure,Lofi,Không có dự án con,,Sản xuất,4.30000000000000000000,0.01010000000000000000,1.33584499461786867600,0.564645563976816763263486,4,48
d7fb407577ffda6860932f5850257821,HGFA000EE8FF16A64ABD95245E31B6C5EB54,2026-07-29,Pure,Lofi,Không có dự án con,,Sản xuất,0.80000000000000000000,0,1.33584499461786867600,0.564645563976816763263486,4,48
5a5f4f62fe849bb2069860d260fe6b06,HGFA000EE8FF16A64ABD95245E31B6C5EB54,2026-07-01,Pure,Lofi,Không có dự án con,,Sản xuất,59.40000000000000000000,0.47450000000000000000,1.33584499461786867600,0.564645563976816763263486,4,48
0c58498554ae9acd76f5ba9afdc389a6,HGFA000EE8FF16A64ABD95245E31B6C5EB54,2026-07-27,Pure,Lofi,Không có dự án con,,Sản xuất,0.90000000000000000000,0.00300000000000000000,1.33584499461786867600,0.564645563976816763263486,4,48
db1b016b05d01172b6dd6597b0024484,HGFA000EE8FF16A64ABD95245E31B6C5EB54,2026-07-28,Pure,Lofi,Không có dự án con,,Sản xuất,0.80000000000000000000,0,1.33584499461786867600,0.564645563976816763263486,4,48
a577ca9d4719acc46cb6e7129e699ed3,HGFA000EE8FF16A64ABD95245E31B6C5EB54,2026-07-08,Pure,Lofi,Không có dự án con,,Sản xuất,9.40000000000000000000,0.03880000000000000000,1.33584499461786867600,0.564645563976816763263486,4,48
6b90aa3431aca6a2482d4889eb0ef468,HGFA000EE8FF16A64ABD95245E31B6C5EB54,2026-07-03,Pure,Lofi,Không có dự án con,,Sản xuất,15.60000000000000000000,0.07710000000000000000,1.33584499461786867600,0.564645563976816763263486,4,48
fc5ce211f2b991dc42f2577a1599ac15,HGFA000EE8FF16A64ABD95245E31B6C5EB54,2026-07-15,Pure,Lofi,Không có dự án con,,Sản xuất,0.20000000000000000000,0,1.33584499461786867600,0.564645563976816763263486,4,48
b953df7dc612f793d85d199e5dd5f58a,HGFA000EE8FF16A64ABD95245E31B6C5EB54,2026-07-05,Pure,Lofi,Không có dự án con,,Sản xuất,7.00000000000000000000,0.01580000000000000000,1.33584499461786867600,0.564645563976816763263486,4,48
751473f65f670872ca9ef7f6b5ff62f1,HGFA000EE8FF16A64ABD95245E31B6C5EB54,2026-07-30,Pure,Lofi,Không có dự án con,,Sản xuất,0.30000000000000000000,0,1.33584499461786867600,0.564645563976816763263486,4,48
1ffa18d91c33961aa5e2c884d1a235f6,HGFA000EE8FF16A64ABD95245E31B6C5EB54,2026-07-17,Pure,Lofi,Không có dự án con,,Sản xuất,0.30000000000000000000,0,1.33584499461786867600,0.564645563976816763263486,4,48
d93761afaa42f4c9dcf4d90069cf44c6,HGFA000EE8FF16A64ABD95245E31B6C5EB54,2026-07-16,Pure,Lofi,Không có dự án con,,Sản xuất,0.20000000000000000000,0,1.33584499461786867600,0.564645563976816763263486,4,48
f99fcf5ea3425bedad76f72c167ff984,HGFA000EE8FF16A64ABD95245E31B6C5EB54,2026-07-07,Pure,Lofi,Không có dự án con,,Sản xuất,7.10000000000000000000,0.05940000000000000000,1.33584499461786867600,0.564645563976816763263486,4,48
06645bfc9dc73c3a12c145bcedba4c4c,HGFA000EE8FF16A64ABD95245E31B6C5EB54,2026-07-14,Pure,Lofi,Không có dự án con,,Sản xuất,0.90000000000000000000,0.00060000000000000000,1.33584499461786867600,0.564645563976816763263486,4,48
e08f6adbcedf2a5339541170628b428b,HGFA000EE8FF16A64ABD95245E31B6C5EB54,2026-07-18,Pure,Lofi,Không có dự án con,,Sản xuất,43.60000000000000000000,0.37290000000000000000,1.33584499461786867600,0.564645563976816763263486,4,48
fcf0b0a7df7a990142e04cf0fd299a85,HGFA000EE8FF16A64ABD95245E31B6C5EB54,2026-07-04,Pure,Lofi,Không có dự án con,,Sản xuất,10.60000000000000000000,0.04010000000000000000,1.33584499461786867600,0.564645563976816763263486,4,48
affa4ea04fbac67524474d457648ff49,HGFA000EE8FF16A64ABD95245E31B6C5EB54,2026-07-02,Pure,Lofi,Không có dự án con,,Sản xuất,19.60000000000000000000,0.09420000000000000000,1.33584499461786867600,0.564645563976816763263486,4,48
9be1e6b44b8462cadaf1865471f5c510,HGFA000EE8FF16A64ABD95245E31B6C5EB54,2026-07-31,Pure,Lofi,Không có dự án con,,Sản xuất,0.20000000000000000000,0,1.33584499461786867600,0.564645563976816763263486,4,48
2e4fca402b6ae9c23580a8077ccfa1d6,HGFA000EE8FF16A64ABD95245E31B6C5EB54,2026-07-12,Pure,Lofi,Không có dự án con,,Sản xuất,0,0,1.33584499461786867600,0.564645563976816763263486,4,48
749c3be12180a9d4934b536904a8d1aa,HGFA000EE8FF16A64ABD95245E31B6C5EB54,2026-07-25,Pure,Lofi,Không có dự án con,,Sản xuất,0.60000000000000000000,0.00080000000000000000,1.33584499461786867600,0.564645563976816763263486,4,48
a77cf875b5d467d98907b4312072d895,HGFA000EE8FF16A64ABD95245E31B6C5EB54,2026-07-21,Pure,Lofi,Không có dự án con,,Sản xuất,1.30000000000000000000,0.01350000000000000000,1.33584499461786867600,0.564645563976816763263486,4,48
a89df0925fa355f8d4db16ec4a4feb2c,HGFA000EE8FF16A64ABD95245E31B6C5EB54,2026-07-20,Pure,Lofi,Không có dự án con,,Sản xuất,2.20000000000000000000,0.02720000000000000000,1.33584499461786867600,0.564645563976816763263486,4,48
5db2bc9de0dc97cd059fbc1be22269a7,HGFA000EE8FF16A64ABD95245E31B6C5EB54,2026-07-13,Pure,Lofi,Không có dự án con,,Sản xuất,0.30000000000000000000,0,1.33584499461786867600,0.564645563976816763263486,4,48
f215d3eaefa79a51cc0d7043c6651388,HGFA000EE8FF16A64ABD95245E31B6C5EB54,2026-07-09,Pure,Lofi,Không có dự án con,,Sản xuất,6.60000000000000000000,0.04700000000000000000,1.33584499461786867600,0.564645563976816763263486,4,48
de4f48685e3090a61afe033376cd386f,HGFA000EE8FF16A64ABD95245E31B6C5EB54,2026-07-23,Pure,Lofi,Không có dự án con,,Sản xuất,0.90000000000000000000,0.02300000000000000000,1.33584499461786867600,0.564645563976816763263486,4,48
c0cd96962122b85870c41e61900aa2bc,HGFA000EE8FF16A64ABD95245E31B6C5EB54,2026-07-26,Pure,Lofi,Không có dự án con,,Sản xuất,0.70000000000000000000,0.00220000000000000000,1.33584499461786867600,0.564645563976816763263486,4,48
d537e5e0cfb7003041ac6093c8b2e8ce,HGFA000EE8FF16A64ABD95245E31B6C5EB54,2026-07-06,Pure,Lofi,Không có dự án con,,Sản xuất,6.10000000000000000000,0.04230000000000000000,1.33584499461786867600,0.564645563976816763263486,4,48
931e3c52cca961df979c33cdab23aac5,HGFA000EE8FF16A64ABD95245E31B6C5EB54,2026-07-19,Pure,Lofi,Không có dự án con,,Sản xuất,10.30000000000000000000,0.02800000000000000000,1.33584499461786867600,0.564645563976816763263486,4,48
710af6e0c5582896461615c1a282d9fa,HGFA000EE8FF16A64ABD95245E31B6C5EB54,2026-07-22,Pure,Lofi,Không có dự án con,,Sản xuất,1.70000000000000000000,0.01360000000000000000,1.33584499461786867600,0.564645563976816763263486,4,48
d166df415c64712ed5e0138d4a45c50b,HGFA000EE8FF16A64ABD95245E31B6C5EB54,2026-07-24,Pure,Lofi,Không có dự án con,,Sản xuất,0.80000000000000000000,0.00190000000000000000,1.33584499461786867600,0.564645563976816763263486,4,48
bbc68c67bed5824bff34b005b3765783,HGFA000EE8FF16A64ABD95245E31B6C5EB54,2026-08-11,Pure,Lofi,Không có dự án con,,Sản xuất,0.10000000000000000000,0,-0.98064516129032258065,-0.96188915799971505913,4,48
612fc3d1586d084370fbb2200e86c59e,HGFA000EE8FF16A64ABD95245E31B6C5EB54,2026-08-07,Pure,Lofi,Không có dự án con,,Sản xuất,0.70000000000000000000,0.00100000000000000000,-0.98064516129032258065,-0.96188915799971505913,4,48
e096694fcfba171c2dbff2b888936e62,HGFA000EE8FF16A64ABD95245E31B6C5EB54,2026-08-01,Pure,Lofi,Không có dự án con,,Sản xuất,0.80000000000000000000,0.00240000000000000000,-0.98064516129032258065,-0.96188915799971505913,4,48
6084efba316db518d7b8715e8d647441,HGFA000EE8FF16A64ABD95245E31B6C5EB54,2026-08-02,Pure,Lofi,Không có dự án con,,Sản xuất,0.30000000000000000000,0,-0.98064516129032258065,-0.96188915799971505913,4,48
17a30c700155ab9927d6ab5ab1f5ed54,HGFA000EE8FF16A64ABD95245E31B6C5EB54,2026-08-05,Pure,Lofi,Không có dự án con,,Sản xuất,0.20000000000000000000,0,-0.98064516129032258065,-0.96188915799971505913,4,48
20ddfec039047db0fea41c59f687ed4b,HGFA000EE8FF16A64ABD95245E31B6C5EB54,2026-08-03,Pure,Lofi,Không có dự án con,,Sản xuất,0.60000000000000000000,0.00520000000000000000,-0.98064516129032258065,-0.96188915799971505913,4,48
1bb0917fa135ce7a84e23dbec00e147b,HGFA000EE8FF16A64ABD95245E31B6C5EB54,2026-08-15,Pure,Lofi,Không có dự án con,,Sản xuất,0.10000000000000000000,0,-0.98064516129032258065,-0.96188915799971505913,4,48
d2c42430e980f2473a29a0ff6f41f6b3,HGFA000EE8FF16A64ABD95245E31B6C5EB54,2026-08-04,Pure,Lofi,Không có dự án con,,Sản xuất,0.10000000000000000000,0,-0.98064516129032258065,-0.96188915799971505913,4,48
feb50077ae3b827359f8086fc71495c3,HGFA000EE8FF16A64ABD95245E31B6C5EB54,2026-08-17,Pure,Lofi,Không có dự án con,,Sản xuất,0.10000000000000000000,0,-0.98064516129032258065,-0.96188915799971505913,4,48
3765a011bb5e74fa418da1ccd64841fb,HGFA000EE8FF16A64ABD95245E31B6C5EB54,2026-08-06,Pure,Lofi,Không có dự án con,,Sản xuất,0.20000000000000000000,0,-0.98064516129032258065,-0.96188915799971505913,4,48
651cda0561bc8f3bbfbf8a5cde44c780,HGFA000EE8FF16A64ABD95245E31B6C5EB54,2026-08-08,Pure,Lofi,Không có dự án con,,Sản xuất,0.20000000000000000000,0,-0.98064516129032258065,-0.96188915799971505913,4,48
6e8fb15596399b52b03b70da6e5c2301,HGFA000EE8FF16A64ABD95245E31B6C5EB54,2026-08-12,Pure,Lofi,Không có dự án con,,Sản xuất,0.20000000000000000000,0,-0.98064516129032258065,-0.96188915799971505913,4,48
00272d2e4ff50efa580a29281bc95d37,HGFA000EE8FF16A64ABD95245E31B6C5EB54,2026-08-10,Pure,Lofi,Không có dự án con,,Sản xuất,0.10000000000000000000,0.01600000000000000000,-0.98064516129032258065,-0.96188915799971505913,4,48
7ebc0ef78182b0fe32a37e0705fd3b59,HGFA000EE8FF16A64ABD95245E31B6C5EB54,2026-08-09,Pure,Lofi,Không có dự án con,,Sản xuất,0.30000000000000000000,0.01000000000000000000,-0.98064516129032258065,-0.96188915799971505913,4,48
5b2d4da19da0f802dc7b4ee5bbd044f6,HGFA000EE8FF16A64ABD95245E31B6C5EB54,2026-08-18,Pure,Lofi,Không có dự án con,,Sản xuất,0.10000000000000000000,0.01890000000000000000,-0.98064516129032258065,-0.96188915799971505913,4,48
0c92d5ba9b9ce1b48abd91e6073732e1,HGFA000EE8FF16A64ABD95245E31B6C5EB54,2026-08-16,Pure,Lofi,Không có dự án con,,Sản xuất,0.10000000000000000000,0,-0.98064516129032258065,-0.96188915799971505913,4,48
1645f3254f347e82d69e1e3c1b1c25df,HGFA00108103C90A4AA8A87D5EFE078548C9,,Geometry (Original Mix),Trance,Không có dự án con,,Sản xuất,0,0,,,0,0
5ca405f56a2128402c48ab2f38b388d0,HGFA001096A2044B4D42BD8B76EFA2087B5F,,Free (Nando Fortunato Remix),Deep House,Không có dự án con,,Sản xuất,0,0,,,2,3
8dd4729d4dd2801eb71ade8c5958cd41,HGFA001165EA03AF4EDCA3E34DDE8219F808,,Cello-Suite-No--2-in-D-Minor-BWV-1008-II--Allemande_HGFA5782C355E1604D6C93DC962B074D1141.wav,,,,Sản xuất,0,0,,,0,0
57439862f6690390a2efc44ebb249c06,HGFA0011A91B02C4494296A6256F54FA85F1,,5 - Biển Xanh Cát Trắng Nắng Vàng,Relax,Không có dự án con,,Sản xuất,0,0,,,0,0
6422feaffc7a587b0697c9a426e2c040,HGFA00122C1FD4E346609724759745529B14,,Summer In Your Eyes.wav,,,,Sản xuất,0,0,,,0,0
88b3eb28f071abdef0c92a913b0297f3,HGFA0012B40D5B664675B4F7590069426BD9,,Code in the Dark (1).wav,,,,Sản xuất,0,0,,,0,0
4b1315dc89db1172554f770e46c2adb7,HGFA0012C01F3B384681A09B2EFE0D8E9A6D,,,,,,Sản xuất,0,0,,,0,0
582d97edc30e55f2e7c8e531fb08159e,HGFA0012CE32BC6B419484C035420436A520,,Whispered Halos.wav,,,,Sản xuất,0,0,,,0,0
bcf15d2b6215d53375449ca087ff4651,HGFA001458AAC95349FBAD1E531FD9F9F8E2,,"PTC5186071_01_07_Beethoven Piano Trio No 5, Presto.wav",,,,Sản xuất,0,0,,,0,0
cb8b7caf7f8683f44736b7a16e272e21,HGFA0014EADA40B24FDDB80B41E86D4CEAD7,,a1532416-174e-4592-9ee0-a6b864f608cf_HGFA0014EADA40B24FDDB80B41E86D4CEAD7.mp3,,,,Sản xuất,0,0,,,0,0
9aa1682b6a89c54a678c0a1319935cc5,HGFA00155DA1C8B84145BB4BA8D1A632CE01,2025-06-25,Window Seat,Lofi,Không có dự án con,,Sản xuất,0.30000000000000000000,0.000100000000000000000000,,,4,28
1b03d3b4b7feb8c37df0a1d1776ce9d6,HGFA00155DA1C8B84145BB4BA8D1A632CE01,2025-06-27,Window Seat,Lofi,Không có dự án con,,Sản xuất,0.20000000000000000000,0.000100000000000000000000,,,4,28
84e79e851f8eeadbb8e653212c7aad49,HGFA00155DA1C8B84145BB4BA8D1A632CE01,2025-06-05,Window Seat,Lofi,Không có dự án con,,Sản xuất,0.50000000000000000000,0.00110000000000000000,,,4,28
d5ac2d3e9aacba9f2db63856c7790fc6,HGFA00155DA1C8B84145BB4BA8D1A632CE01,2025-06-03,Window Seat,Lofi,Không có dự án con,,Sản xuất,1.8000000000000000,0.00850000000000000000,,,4,28
5547051ad697ef1b2b0f9e1e65f2594a,HGFA00155DA1C8B84145BB4BA8D1A632CE01,2025-06-13,Window Seat,Lofi,Không có dự án con,,Sản xuất,0.70000000000000000000,0.000100000000000000000000,,,4,28
e317559627180e5111800bfc82282813,HGFA00155DA1C8B84145BB4BA8D1A632CE01,2025-06-21,Window Seat,Lofi,Không có dự án con,,Sản xuất,0.30000000000000000000,0,,,4,28
760cbcc673fecd826bbc73237850d0d8,HGFA00155DA1C8B84145BB4BA8D1A632CE01,2025-06-10,Window Seat,Lofi,Không có dự án con,,Sản xuất,0.70000000000000000000,0.00020000000000000000,,,4,28
226d613495ae6cc6c968e05ba1c99966,HGFA00155DA1C8B84145BB4BA8D1A632CE01,2025-06-12,Window Seat,Lofi,Không có dự án con,,Sản xuất,0.70000000000000000000,0.000100000000000000000000,,,4,28
35cf83f138bbfe33557d9b9a9592623a,HGFA00155DA1C8B84145BB4BA8D1A632CE01,2025-06-18,Window Seat,Lofi,Không có dự án con,,Sản xuất,0.50000000000000000000,0.00110000000000000000,,,4,28
726452c6d1be524f55447c96b1857b04,HGFA00155DA1C8B84145BB4BA8D1A632CE01,2025-06-11,Window Seat,Lofi,Không có dự án con,,Sản xuất,0.60000000000000000000,0.00100000000000000000,,,4,28
7ce53c6ebdbdbd71c076d546ebe28264,HGFA00155DA1C8B84145BB4BA8D1A632CE01,2025-06-14,Window Seat,Lofi,Không có dự án con,,Sản xuất,0.40000000000000000000,0,,,4,28
54b0eb618d3a301aa6265cba93130614,HGFA00155DA1C8B84145BB4BA8D1A632CE01,2025-06-20,Window Seat,Lofi,Không có dự án con,,Sản xuất,0.20000000000000000000,0,,,4,28
3a8ce8a60aeb0210501bb80d378a88f9,HGFA00155DA1C8B84145BB4BA8D1A632CE01,2025-06-15,Window Seat,Lofi,Không có dự án con,,Sản xuất,0.20000000000000000000,0.00020000000000000000,,,4,28
43c8fdfa05b72a78c1a5cad693134ac2,HGFA00155DA1C8B84145BB4BA8D1A632CE01,2025-06-16,Window Seat,Lofi,Không có dự án con,,Sản xuất,0.10000000000000000000,0,,,4,28
034f1f2ce3c3cb31b7729fe408d02990,HGFA00155DA1C8B84145BB4BA8D1A632CE01,2025-06-26,Window Seat,Lofi,Không có dự án con,,Sản xuất,0.10000000000000000000,0,,,4,28
42ab1ee82ae85a55d311157c4b3ccf37,HGFA00155DA1C8B84145BB4BA8D1A632CE01,2025-06-08,Window Seat,Lofi,Không có dự án con,,Sản xuất,0.70000000000000000000,0.01490000000000000000,,,4,28
c77dcb96d41d6c31ba64f223fdfd2afe,HGFA00155DA1C8B84145BB4BA8D1A632CE01,2025-06-29,Window Seat,Lofi,Không có dự án con,,Sản xuất,0,0,,,4,28
007e8f51b7dca762f16d4b6c4d7f79e5,HGFA00155DA1C8B84145BB4BA8D1A632CE01,2025-06-09,Window Seat,Lofi,Không có dự án con,,Sản xuất,1.1000000000000000,0.01240000000000000000,,,4,28
a1dec6d8af184cc3980fffbe73f5c9e7,HGFA00155DA1C8B84145BB4BA8D1A632CE01,2025-06-22,Window Seat,Lofi,Không có dự án con,,Sản xuất,0,0.000100000000000000000000,,,4,28
b10386af530c67be6888c3caebc179ce,HGFA00155DA1C8B84145BB4BA8D1A632CE01,2025-06-28,Window Seat,Lofi,Không có dự án con,,Sản xuất,0,0,,,4,28
5ad89d173166d5017dbe1ee4e35e87c2,HGFA00155DA1C8B84145BB4BA8D1A632CE01,2025-06-23,Window Seat,Lofi,Không có dự án con,,Sản xuất,0.20000000000000000000,0,,,4,28
3cbb012ca1e6e141f4505046ecf99513,HGFA00155DA1C8B84145BB4BA8D1A632CE01,2025-06-30,Window Seat,Lofi,Không có dự án con,,Sản xuất,0.20000000000000000000,0.00040000000000000000,,,4,28
6bd9cb6119f6650532e629c5fac96bc2,HGFA00155DA1C8B84145BB4BA8D1A632CE01,2025-06-17,Window Seat,Lofi,Không có dự án con,,Sản xuất,0.10000000000000000000,0,,,4,28
fe14ecc05468ed357746851f10920c24,HGFA00155DA1C8B84145BB4BA8D1A632CE01,2025-06-07,Window Seat,Lofi,Không có dự án con,,Sản xuất,0.60000000000000000000,0.00390000000000000000,,,4,28
2d743b0cb1ef381705a0a03dd858599e,HGFA00155DA1C8B84145BB4BA8D1A632CE01,2025-06-06,Window Seat,Lofi,Không có dự án con,,Sản xuất,0.70000000000000000000,0.00750000000000000000,,,4,28
2dbe32a2286ed27fb0648785889b6260,HGFA00155DA1C8B84145BB4BA8D1A632CE01,2025-06-24,Window Seat,Lofi,Không có dự án con,,Sản xuất,0.10000000000000000000,0.00020000000000000000,,,4,28
4f82eaa1ba19e0d45e0d4180d1f5a4e9,HGFA00155DA1C8B84145BB4BA8D1A632CE01,2025-06-19,Window Seat,Lofi,Không có dự án con,,Sản xuất,0.20000000000000000000,0,,,4,28
e6acf0b22cb8cd06b8c54925cf567289,HGFA00155DA1C8B84145BB4BA8D1A632CE01,2025-06-04,Window Seat,Lofi,Không có dự án con,,Sản xuất,0.50000000000000000000,0.00390000000000000000,,,4,28
8001742e18a238f2f8d5bd0bfea39fcb,HGFA00155DA1C8B84145BB4BA8D1A632CE01,2025-07-23,Window Seat,Lofi,Không có dự án con,,Sản xuất,0.20000000000000000000,0.00090000000000000000,-0.76923076923076923077,-0.922939068100358422939068,4,28
d172faa4d1024cf9487f4b17cbc91624,HGFA00155DA1C8B84145BB4BA8D1A632CE01,2025-07-25,Window Seat,Lofi,Không có dự án con,,Sản xuất,0.10000000000000000000,0,-0.76923076923076923077,-0.922939068100358422939068,4,28
f3856f427c5f07679692779555dd60f5,HGFA00155DA1C8B84145BB4BA8D1A632CE01,2025-07-01,Window Seat,Lofi,Không có dự án con,,Sản xuất,0.10000000000000000000,0,-0.76923076923076923077,-0.922939068100358422939068,4,28
71366e28fd5afb2f99c92288080b8830,HGFA00155DA1C8B84145BB4BA8D1A632CE01,2025-07-18,Window Seat,Lofi,Không có dự án con,,Sản xuất,0,0,-0.76923076923076923077,-0.922939068100358422939068,4,28
596c4b6f8c07db749e44909d37a77e55,HGFA00155DA1C8B84145BB4BA8D1A632CE01,2025-07-13,Window Seat,Lofi,Không có dự án con,,Sản xuất,0.10000000000000000000,0,-0.76923076923076923077,-0.922939068100358422939068,4,28
72b90469d77233c173abf575492f71fc,HGFA00155DA1C8B84145BB4BA8D1A632CE01,2025-07-08,Window Seat,Lofi,Không có dự án con,,Sản xuất,0.10000000000000000000,0.00150000000000000000,-0.76923076923076923077,-0.922939068100358422939068,4,28
5556007dec4ca258835cc35bcbf41c44,HGFA00155DA1C8B84145BB4BA8D1A632CE01,2025-07-20,Window Seat,Lofi,Không có dự án con,,Sản xuất,0.10000000000000000000,0,-0.76923076923076923077,-0.922939068100358422939068,4,28
13ea6e957146e16ce8407baf5dbb73e5,HGFA00155DA1C8B84145BB4BA8D1A632CE01,2025-07-14,Window Seat,Lofi,Không có dự án con,,Sản xuất,0.20000000000000000000,0,-0.76923076923076923077,-0.922939068100358422939068,4,28
5a2afbacdcd8b86b84e515477eeb32e2,HGFA00155DA1C8B84145BB4BA8D1A632CE01,2025-07-03,Window Seat,Lofi,Không có dự án con,,Sản xuất,0.20000000000000000000,0,-0.76923076923076923077,-0.922939068100358422939068,4,28
5aea25966549e8100e0fab32bf29df7b,HGFA00155DA1C8B84145BB4BA8D1A632CE01,2025-07-06,Window Seat,Lofi,Không có dự án con,,Sản xuất,0.30000000000000000000,0.000100000000000000000000,-0.76923076923076923077,-0.922939068100358422939068,4,28
0386d71719a4c5e4a81ad5acf3ec9f7d,HGFA00155DA1C8B84145BB4BA8D1A632CE01,2025-07-24,Window Seat,Lofi,Không có dự án con,,Sản xuất,0.20000000000000000000,0.00080000000000000000,-0.76923076923076923077,-0.922939068100358422939068,4,28
0467f5027410a2d1c8448ce45d9dafa8,HGFA00155DA1C8B84145BB4BA8D1A632CE01,2025-07-02,Window Seat,Lofi,Không có dự án con,,Sản xuất,0.50000000000000000000,0.00090000000000000000,-0.76923076923076923077,-0.922939068100358422939068,4,28
cab88f7e22d4d1ff51e1ac64bdedb634,HGFA00155DA1C8B84145BB4BA8D1A632CE01,2025-07-05,Window Seat,Lofi,Không có dự án con,,Sản xuất,0.30000000000000000000,0.000100000000000000000000,-0.76923076923076923077,-0.922939068100358422939068,4,28
decb8529c5839cf5701e216f96abcbde,HGFA00155DA1C8B84145BB4BA8D1A632CE01,2025-07-27,Window Seat,Lofi,Không có dự án con,,Sản xuất,0.10000000000000000000,0,-0.76923076923076923077,-0.922939068100358422939068,4,28
5424c050c00c40da4b84a80c0df546cc,HGFA00155DA1C8B84145BB4BA8D1A632CE01,2025-07-16,Window Seat,Lofi,Không có dự án con,,Sản xuất,0,0,-0.76923076923076923077,-0.922939068100358422939068,4,28
2069d8bf0eb27aece76060bb78d11514,HGFA00155DA1C8B84145BB4BA8D1A632CE01,2025-07-11,Window Seat,Lofi,Không có dự án con,,Sản xuất,0.20000000000000000000,0,-0.76923076923076923077,-0.922939068100358422939068,4,28
18f8e40bf808420935286d8a984ed32d,HGFA00155DA1C8B84145BB4BA8D1A632CE01,2025-08-17,Window Seat,Lofi,Không có dự án con,,Sản xuất,0.30000000000000000000,0.00020000000000000000,0.07407407407407407407,1.674418604651162790697674,4,28
a88a756c6435e702501d5c61f205c5f8,HGFA00155DA1C8B84145BB4BA8D1A632CE01,2025-08-01,Window Seat,Lofi,Không có dự án con,,Sản xuất,0.20000000000000000000,0.00060000000000000000,0.07407407407407407407,1.674418604651162790697674,4,28
aaa1f4a4624f00c6e67d97d9c02f330b,HGFA00155DA1C8B84145BB4BA8D1A632CE01,2025-08-04,Window Seat,Lofi,Không có dự án con,,Sản xuất,0.10000000000000000000,0,0.07407407407407407407,1.674418604651162790697674,4,28
779f01a681486057e85c7a0f5f1402e1,HGFA00155DA1C8B84145BB4BA8D1A632CE01,2025-08-27,Window Seat,Lofi,Không có dự án con,,Sản xuất,0.30000000000000000000,0,0.07407407407407407407,1.674418604651162790697674,4,28
2dc869dd9d48dfa9e3ba12e055b0a224,HGFA00155DA1C8B84145BB4BA8D1A632CE01,2025-08-15,Window Seat,Lofi,Không có dự án con,,Sản xuất,0.20000000000000000000,0.00050000000000000000,0.07407407407407407407,1.674418604651162790697674,4,28
04f08c37129dc4ebaa9d3b4300c3d5a9,HGFA00155DA1C8B84145BB4BA8D1A632CE01,2025-08-24,Window Seat,Lofi,Không có dự án con,,Sản xuất,0.10000000000000000000,0,0.07407407407407407407,1.674418604651162790697674,4,28
82f6cab705d121ceb33a82a21ecb70be,HGFA00155DA1C8B84145BB4BA8D1A632CE01,2025-08-29,Window Seat,Lofi,Không có dự án con,,Sản xuất,0.10000000000000000000,0,0.07407407407407407407,1.674418604651162790697674,4,28
d7c9571eb595cb239717c23ee947463d,HGFA00155DA1C8B84145BB4BA8D1A632CE01,2025-08-11,Window Seat,Lofi,Không có dự án con,,Sản xuất,0.10000000000000000000,0,0.07407407407407407407,1.674418604651162790697674,4,28
803cb5e2a0374eb877a8d6933a4c6772,HGFA00155DA1C8B84145BB4BA8D1A632CE01,2025-08-22,Window Seat,Lofi,Không có dự án con,,Sản xuất,0.10000000000000000000,0,0.07407407407407407407,1.674418604651162790697674,4,28
60a947731cf575ffa60abdc8c6e3fd49,HGFA00155DA1C8B84145BB4BA8D1A632CE01,2025-08-12,Window Seat,Lofi,Không có dự án con,,Sản xuất,0.10000000000000000000,0.00320000000000000000,0.07407407407407407407,1.674418604651162790697674,4,28
8468f35494b699b90adb01ec73cc2474,HGFA00155DA1C8B84145BB4BA8D1A632CE01,2025-08-14,Window Seat,Lofi,Không có dự án con,,Sản xuất,0.10000000000000000000,0.00180000000000000000,0.07407407407407407407,1.674418604651162790697674,4,28
84dd8af33da1f94734396247a0bdab53,HGFA00155DA1C8B84145BB4BA8D1A632CE01,2025-08-10,Window Seat,Lofi,Không có dự án con,,Sản xuất,0.30000000000000000000,0.00040000000000000000,0.07407407407407407407,1.674418604651162790697674,4,28
ad4ad22baa00a06531c869e28fde7e39,HGFA00155DA1C8B84145BB4BA8D1A632CE01,2025-08-16,Window Seat,Lofi,Không có dự án con,,Sản xuất,0.10000000000000000000,0.00170000000000000000,0.07407407407407407407,1.674418604651162790697674,4,28
6657e9567947bde3f37ab6be8d50a52e,HGFA00155DA1C8B84145BB4BA8D1A632CE01,2025-08-02,Window Seat,Lofi,Không có dự án con,,Sản xuất,0.10000000000000000000,0,0.07407407407407407407,1.674418604651162790697674,4,28
7a5586faba01168a7434ece8fe12ab2f,HGFA00155DA1C8B84145BB4BA8D1A632CE01,2025-08-25,Window Seat,Lofi,Không có dự án con,,Sản xuất,0.30000000000000000000,0,0.07407407407407407407,1.674418604651162790697674,4,28
39437d20b1906c06abcc66c0a5bfd2b1,HGFA00155DA1C8B84145BB4BA8D1A632CE01,2025-08-13,Window Seat,Lofi,Không có dự án con,,Sản xuất,0.20000000000000000000,0.00310000000000000000,0.07407407407407407407,1.674418604651162790697674,4,28
8986f58445d3e86ea3355d1216dabaf3,HGFA00155DA1C8B84145BB4BA8D1A632CE01,2025-08-26,Window Seat,Lofi,Không có dự án con,,Sản xuất,0.20000000000000000000,0,0.07407407407407407407,1.674418604651162790697674,4,28
c04224fc7c541cd14b1864b7474f954e,HGFA00155DA1C8B84145BB4BA8D1A632CE01,2025-09-05,Window Seat,Lofi,Không có dự án con,,Sản xuất,0.20000000000000000000,0,-0.24137931034482758621,3.339130434782608695652174,4,28
c577c61c02d969f421e8de2862b6d7d7,HGFA00155DA1C8B84145BB4BA8D1A632CE01,2025-09-25,Window Seat,Lofi,Không có dự án con,,Sản xuất,0.20000000000000000000,0.00250000000000000000,-0.24137931034482758621,3.339130434782608695652174,4,28
82639d2777e7c43c4bdda0e5c85d5157,HGFA00155DA1C8B84145BB4BA8D1A632CE01,2025-09-11,Window Seat,Lofi,Không có dự án con,,Sản xuất,0.10000000000000000000,0,-0.24137931034482758621,3.339130434782608695652174,4,28
16ec90e58b98d80be2021865c5c9e039,HGFA00155DA1C8B84145BB4BA8D1A632CE01,2025-09-26,Window Seat,Lofi,Không có dự án con,,Sản xuất,0.10000000000000000000,0.000100000000000000000000,-0.24137931034482758621,3.339130434782608695652174,4,28
109c52767d34acaba49ee961f3f1e3d4,HGFA00155DA1C8B84145BB4BA8D1A632CE01,2025-09-18,Window Seat,Lofi,Không có dự án con,,Sản xuất,0.10000000000000000000,0,-0.24137931034482758621,3.339130434782608695652174,4,28
684b4f079a1758084f45249881aadf78,HGFA00155DA1C8B84145BB4BA8D1A632CE01,2025-09-10,Window Seat,Lofi,Không có dự án con,,Sản xuất,0.10000000000000000000,0.01610000000000000000,-0.24137931034482758621,3.339130434782608695652174,4,28
2dc96d1386d0006ff1771f2d2b858536,HGFA00155DA1C8B84145BB4BA8D1A632CE01,2025-09-28,Window Seat,Lofi,Không có dự án con,,Sản xuất,0.10000000000000000000,0,-0.24137931034482758621,3.339130434782608695652174,4,28
79da192f2c3d7d1ccc571ecf8f60030a,HGFA00155DA1C8B84145BB4BA8D1A632CE01,2025-09-06,Window Seat,Lofi,Không có dự án con,,Sản xuất,0.20000000000000000000,0,-0.24137931034482758621,3.339130434782608695652174,4,28
409db1305103ad6cc30bab78aab72632,HGFA00155DA1C8B84145BB4BA8D1A632CE01,2025-09-07,Window Seat,Lofi,Không có dự án con,,Sản xuất,0.40000000000000000000,0,-0.24137931034482758621,3.339130434782608695652174,4,28
af58e76f4f45b2589c3e435477a5c2b7,HGFA00155DA1C8B84145BB4BA8D1A632CE01,2025-09-24,Window Seat,Lofi,Không có dự án con,,Sản xuất,0.10000000000000000000,0,-0.24137931034482758621,3.339130434782608695652174,4,28
68f8209e1b2828e3272a609aac650fb8,HGFA00155DA1C8B84145BB4BA8D1A632CE01,2025-09-22,Window Seat,Lofi,Không có dự án con,,Sản xuất,0.30000000000000000000,0.00260000000000000000,-0.24137931034482758621,3.339130434782608695652174,4,28
dc48f47d597d149953e0b70031cabb58,HGFA00155DA1C8B84145BB4BA8D1A632CE01,2025-09-09,Window Seat,Lofi,Không có dự án con,,Sản xuất,0.10000000000000000000,0.01530000000000000000,-0.24137931034482758621,3.339130434782608695652174,4,28
056811797e12d6c5c8303f87c69207c0,HGFA00155DA1C8B84145BB4BA8D1A632CE01,2025-09-16,Window Seat,Lofi,Không có dự án con,,Sản xuất,0.20000000000000000000,0.01270000000000000000,-0.24137931034482758621,3.339130434782608695652174,4,28
4b32215074fa570a5865d41051f8a51a,HGFA00155DA1C8B84145BB4BA8D1A632CE01,2025-09-23,Window Seat,Lofi,Không có dự án con,,Sản xuất,0,0.00060000000000000000,-0.24137931034482758621,3.339130434782608695652174,4,28
cfd1c912ba980278b9b05a512b3eb67d,HGFA00155DA1C8B84145BB4BA8D1A632CE01,2025-10-22,Window Seat,Lofi,Không có dự án con,,Sản xuất,0.10000000000000000000,0,-0.50000000000000000000,-0.895791583166332665330661,4,28
47456b1dc7bc8278be372e742b09c9f5,HGFA00155DA1C8B84145BB4BA8D1A632CE01,2025-10-11,Window Seat,Lofi,Không có dự án con,,Sản xuất,0.10000000000000000000,0,-0.50000000000000000000,-0.895791583166332665330661,4,28
43b757f88259d17da5eff102860181de,HGFA00155DA1C8B84145BB4BA8D1A632CE01,2025-10-29,Window Seat,Lofi,Không có dự án con,,Sản xuất,0.20000000000000000000,0.00080000000000000000,-0.50000000000000000000,-0.895791583166332665330661,4,28
f7900d06fdd340147199756ff3d20279,HGFA00155DA1C8B84145BB4BA8D1A632CE01,2025-10-05,Window Seat,Lofi,Không có dự án con,,Sản xuất,0.10000000000000000000,0,-0.50000000000000000000,-0.895791583166332665330661,4,28
0fc6102a1f93ca19d573cabf8f87cd4f,HGFA00155DA1C8B84145BB4BA8D1A632CE01,2025-10-06,Window Seat,Lofi,Không có dự án con,,Sản xuất,0.10000000000000000000,0.00090000000000000000,-0.50000000000000000000,-0.895791583166332665330661,4,28
4f3dc9e8eb232ef6d946eee35cade90b,HGFA00155DA1C8B84145BB4BA8D1A632CE01,2025-10-23,Window Seat,Lofi,Không có dự án con,,Sản xuất,0.10000000000000000000,0,-0.50000000000000000000,-0.895791583166332665330661,4,28
193ea4b9ed7ece938ac9c3fc50859edb,HGFA00155DA1C8B84145BB4BA8D1A632CE01,2025-10-04,Window Seat,Lofi,Không có dự án con,,Sản xuất,0.10000000000000000000,0,-0.50000000000000000000,-0.895791583166332665330661,4,28
cf755ea80aef1815c12118d07df91391,HGFA00155DA1C8B84145BB4BA8D1A632CE01,2025-10-18,Window Seat,Lofi,Không có dự án con,,Sản xuất,0.10000000000000000000,0,-0.50000000000000000000,-0.895791583166332665330661,4,28
305143ebf3d6886cee8309dc60387d8f,HGFA00155DA1C8B84145BB4BA8D1A632CE01,2025-10-31,Window Seat,Lofi,Không có dự án con,,Sản xuất,0.10000000000000000000,0,-0.50000000000000000000,-0.895791583166332665330661,4,28
76438cdd28a8444369cb657e78908abb,HGFA00155DA1C8B84145BB4BA8D1A632CE01,2025-10-14,Window Seat,Lofi,Không có dự án con,,Sản xuất,0.10000000000000000000,0.00350000000000000000,-0.50000000000000000000,-0.895791583166332665330661,4,28
870db7ef6d4d44ed4b7d021b76c8e264,HGFA00155DA1C8B84145BB4BA8D1A632CE01,2025-11-23,Window Seat,Lofi,Không có dự án con,,Sản xuất,0.10000000000000000000,0.00040000000000000000,0.54545454545454545455,1.519230769230769230769231,4,28
b3874d2145d4b09865eae6dd0e9d42b0,HGFA00155DA1C8B84145BB4BA8D1A632CE01,2025-11-18,Window Seat,Lofi,Không có dự án con,,Sản xuất,0.20000000000000000000,0.000100000000000000000000,0.54545454545454545455,1.519230769230769230769231,4,28
99787966de2f4554fcb7fb12d1d83114,HGFA00155DA1C8B84145BB4BA8D1A632CE01,2025-11-13,Window Seat,Lofi,Không có dự án con,,Sản xuất,0.10000000000000000000,0.00340000000000000000,0.54545454545454545455,1.519230769230769230769231,4,28
0b5e771d9039a82abe645997477bab01,HGFA00155DA1C8B84145BB4BA8D1A632CE01,2025-11-29,Window Seat,Lofi,Không có dự án con,,Sản xuất,0.10000000000000000000,0,0.54545454545454545455,1.519230769230769230769231,4,28
b9b15f46a47bfc5b63580b30a741f1fc,HGFA00155DA1C8B84145BB4BA8D1A632CE01,2025-11-08,Window Seat,Lofi,Không có dự án con,,Sản xuất,0.10000000000000000000,0.00030000000000000000,0.54545454545454545455,1.519230769230769230769231,4,28
ae2af22e9ea6f85f28f65534fef089de,HGFA00155DA1C8B84145BB4BA8D1A632CE01,2025-11-10,Window Seat,Lofi,Không có dự án con,,Sản xuất,0.10000000000000000000,0,0.54545454545454545455,1.519230769230769230769231,4,28
4d162e1b716ac9437ba57da3908a87d6,HGFA00155DA1C8B84145BB4BA8D1A632CE01,2025-11-19,Window Seat,Lofi,Không có dự án con,,Sản xuất,0.10000000000000000000,0,0.54545454545454545455,1.519230769230769230769231,4,28
154e2bf2d8bb0e52e6933f2f21ad7b48,HGFA00155DA1C8B84145BB4BA8D1A632CE01,2025-11-22,Window Seat,Lofi,Không có dự án con,,Sản xuất,0.20000000000000000000,0.00260000000000000000,0.54545454545454545455,1.519230769230769230769231,4,28
492aeede1c8d01f682912e3d2bf84134,HGFA00155DA1C8B84145BB4BA8D1A632CE01,2025-11-14,Window Seat,Lofi,Không có dự án con,,Sản xuất,0.20000000000000000000,0.00050000000000000000,0.54545454545454545455,1.519230769230769230769231,4,28
ce3379d89014a569bfe441f8b178bfe7,HGFA00155DA1C8B84145BB4BA8D1A632CE01,2025-11-06,Window Seat,Lofi,Không có dự án con,,Sản xuất,0.10000000000000000000,0.00390000000000000000,0.54545454545454545455,1.519230769230769230769231,4,28
df83c72e42d42f9a44e8847099136679,HGFA00155DA1C8B84145BB4BA8D1A632CE01,2025-11-27,Window Seat,Lofi,Không có dự án con,,Sản xuất,0.20000000000000000000,0.00150000000000000000,0.54545454545454545455,1.519230769230769230769231,4,28
974a290f743fe606c51eea3714663bfd,HGFA00155DA1C8B84145BB4BA8D1A632CE01,2025-11-07,Window Seat,Lofi,Không có dự án con,,Sản xuất,0.10000000000000000000,0.00020000000000000000,0.54545454545454545455,1.519230769230769230769231,4,28
61a6e1e38ff3bb0b14827f477faf612c,HGFA00155DA1C8B84145BB4BA8D1A632CE01,2025-11-01,Window Seat,Lofi,Không có dự án con,,Sản xuất,0.10000000000000000000,0.00020000000000000000,0.54545454545454545455,1.519230769230769230769231,4,28
57e0be09a07b3a5d5bc63b0b82f5feaa,HGFA00155DA1C8B84145BB4BA8D1A632CE01,2025-12-18,Window Seat,Lofi,Không có dự án con,,Sản xuất,0.10000000000000000000,0.00060000000000000000,-0.11764705882352941176,-0.946564885496183206106870,4,28
f5b04e404c277933164b03ffe60b65da,HGFA00155DA1C8B84145BB4BA8D1A632CE01,2025-12-09,Window Seat,Lofi,Không có dự án con,,Sản xuất,0.20000000000000000000,0,-0.11764705882352941176,-0.946564885496183206106870,4,28
a0c8c018f8ea0672343cd9f5e4b4e729,HGFA00155DA1C8B84145BB4BA8D1A632CE01,2025-12-08,Window Seat,Lofi,Không có dự án con,,Sản xuất,0.10000000000000000000,0,-0.11764705882352941176,-0.946564885496183206106870,4,28
cbe7b1fb13b4ce80bd6872e680d7fbf0,HGFA00155DA1C8B84145BB4BA8D1A632CE01,2025-12-31,Window Seat,Lofi,Không có dự án con,,Sản xuất,0.20000000000000000000,0,-0.11764705882352941176,-0.946564885496183206106870,4,28
5996fc99dab43ffc64dfd0f60dab27b4,HGFA00155DA1C8B84145BB4BA8D1A632CE01,2025-12-12,Window Seat,Lofi,Không có dự án con,,Sản xuất,0.10000000000000000000,0.000100000000000000000000,-0.11764705882352941176,-0.946564885496183206106870,4,28
ef9d09848d768a79ea6d9089ebb1d473,HGFA00155DA1C8B84145BB4BA8D1A632CE01,2025-12-17,Window Seat,Lofi,Không có dự án con,,Sản xuất,0.10000000000000000000,0,-0.11764705882352941176,-0.946564885496183206106870,4,28
2d1051db4bc6053c7fca7f4446ef071e,HGFA00155DA1C8B84145BB4BA8D1A632CE01,2025-12-20,Window Seat,Lofi,Không có dự án con,,Sản xuất,0.10000000000000000000,0,-0.11764705882352941176,-0.946564885496183206106870,4,28
d5217e109a023b30588b11e989ab55b9,HGFA00155DA1C8B84145BB4BA8D1A632CE01,2025-12-26,Window Seat,Lofi,Không có dự án con,,Sản xuất,0.20000000000000000000,0,-0.11764705882352941176,-0.946564885496183206106870,4,28
3fa8a29d0d70e8c227d226df7bf60a75,HGFA00155DA1C8B84145BB4BA8D1A632CE01,2025-12-05,Window Seat,Lofi,Không có dự án con,,Sản xuất,0.20000000000000000000,0,-0.11764705882352941176,-0.946564885496183206106870,4,28
e9b1a1275d354850431130e2a1659e3e,HGFA00155DA1C8B84145BB4BA8D1A632CE01,2025-12-11,Window Seat,Lofi,Không có dự án con,,Sản xuất,0.10000000000000000000,0,-0.11764705882352941176,-0.946564885496183206106870,4,28
3ac0cf28c16c756bbbb2ffbbfbc2491f,HGFA00155DA1C8B84145BB4BA8D1A632CE01,2025-12-07,Window Seat,Lofi,Không có dự án con,,Sản xuất,0.10000000000000000000,0,-0.11764705882352941176,-0.946564885496183206106870,4,28
a443e07c1909324f65692e0805239b43,HGFA00155DA1C8B84145BB4BA8D1A632CE01,2026-01-06,Window Seat,Lofi,Không có dự án con,,Sản xuất,0.10000000000000000000,0,-0.13333333333333333333,,4,28
11cae4ba6be68d2e48323d9ca6c6e8ce,HGFA00155DA1C8B84145BB4BA8D1A632CE01,2026-01-13,Window Seat,Lofi,Không có dự án con,,Sản xuất,0.20000000000000000000,0,-0.13333333333333333333,,4,28
48d1b233e04e4b77baede83a0979d1d7,HGFA00155DA1C8B84145BB4BA8D1A632CE01,2026-01-29,Window Seat,Lofi,Không có dự án con,,Sản xuất,0.10000000000000000000,0,-0.13333333333333333333,,4,28
dba6f85ff86fae5f26bdcf20983f6e38,HGFA00155DA1C8B84145BB4BA8D1A632CE01,2026-01-04,Window Seat,Lofi,Không có dự án con,,Sản xuất,0.10000000000000000000,0,-0.13333333333333333333,,4,28
eada445d6541febcf04fa631eda03bcb,HGFA00155DA1C8B84145BB4BA8D1A632CE01,2026-01-24,Window Seat,Lofi,Không có dự án con,,Sản xuất,0.10000000000000000000,0,-0.13333333333333333333,,4,28
0d7b278e12efd4277df7051fabf4dbc2,HGFA00155DA1C8B84145BB4BA8D1A632CE01,2026-01-20,Window Seat,Lofi,Không có dự án con,,Sản xuất,0.20000000000000000000,0,-0.13333333333333333333,,4,28
c863591c384edf4d7b099ea9bedd34fa,HGFA00155DA1C8B84145BB4BA8D1A632CE01,2026-01-28,Window Seat,Lofi,Không có dự án con,,Sản xuất,0.20000000000000000000,0,-0.13333333333333333333,,4,28
df3c5fa9d34e3b154c4bc0365072f600,HGFA00155DA1C8B84145BB4BA8D1A632CE01,2026-01-09,Window Seat,Lofi,Không có dự án con,,Sản xuất,0.10000000000000000000,0,-0.13333333333333333333,,4,28
406dfb90046acc1c4f8c2be6cf5003f8,HGFA00155DA1C8B84145BB4BA8D1A632CE01,2026-01-05,Window Seat,Lofi,Không có dự án con,,Sản xuất,0.20000000000000000000,0,-0.13333333333333333333,,4,28
639ec464c946e69da9f3ae907de59fff,HGFA00155DA1C8B84145BB4BA8D1A632CE01,2026-02-15,Window Seat,Lofi,Không có dự án con,,Sản xuất,0.10000000000000000000,0,0.15384615384615384615,,4,28
c3e1db737da7db6166855b072d19ec08,HGFA00155DA1C8B84145BB4BA8D1A632CE01,2026-02-22,Window Seat,Lofi,Không có dự án con,,Sản xuất,0.20000000000000000000,0,0.15384615384615384615,,4,28
f11853b5a50561e3f8226e0490c8cb52,HGFA00155DA1C8B84145BB4BA8D1A632CE01,2026-02-10,Window Seat,Lofi,Không có dự án con,,Sản xuất,0.10000000000000000000,0,0.15384615384615384615,,4,28
cbed0645496dd6c1bd40f28811b003fb,HGFA00155DA1C8B84145BB4BA8D1A632CE01,2026-02-09,Window Seat,Lofi,Không có dự án con,,Sản xuất,0.20000000000000000000,0,0.15384615384615384615,,4,28
187b70d666979bb5a00918a3eb3b2d7e,HGFA00155DA1C8B84145BB4BA8D1A632CE01,2026-02-14,Window Seat,Lofi,Không có dự án con,,Sản xuất,0,0,0.15384615384615384615,,4,28
4ad8847623dc40a8c1f94d4eed14286b,HGFA00155DA1C8B84145BB4BA8D1A632CE01,2026-02-07,Window Seat,Lofi,Không có dự án con,,Sản xuất,0.30000000000000000000,0.00120000000000000000,0.15384615384615384615,,4,28
784d5cbd3dcc731352881456f40b8227,HGFA00155DA1C8B84145BB4BA8D1A632CE01,2026-02-27,Window Seat,Lofi,Không có dự án con,,Sản xuất,0.10000000000000000000,0,0.15384615384615384615,,4,28
d5697ea17cd155234e88e713686a5008,HGFA00155DA1C8B84145BB4BA8D1A632CE01,2026-02-08,Window Seat,Lofi,Không có dự án con,,Sản xuất,0.30000000000000000000,0.00380000000000000000,0.15384615384615384615,,4,28
f4b0a205ba2c9421ee1330e37772d58e,HGFA00155DA1C8B84145BB4BA8D1A632CE01,2026-02-16,Window Seat,Lofi,Không có dự án con,,Sản xuất,0.10000000000000000000,0,0.15384615384615384615,,4,28
b102bf644d1e6f269fe84d66067abe31,HGFA00155DA1C8B84145BB4BA8D1A632CE01,2026-02-20,Window Seat,Lofi,Không có dự án con,,Sản xuất,0,0,0.15384615384615384615,,4,28
2516504be3f1f7852cc229e1a215c38d,HGFA00155DA1C8B84145BB4BA8D1A632CE01,2026-02-03,Window Seat,Lofi,Không có dự án con,,Sản xuất,0.10000000000000000000,0,0.15384615384615384615,,4,28
26da329787f16a840719a3a1ad1ed220,HGFA00155DA1C8B84145BB4BA8D1A632CE01,2026-03-01,Window Seat,Lofi,Không có dự án con,,Sản xuất,0,0,-0.73333333333333333333,-0.72000000000000000000,4,28
e4ab9e3911a9a0323277bafb83369449,HGFA00155DA1C8B84145BB4BA8D1A632CE01,2026-03-15,Window Seat,Lofi,Không có dự án con,,Sản xuất,0,0,-0.73333333333333333333,-0.72000000000000000000,4,28
579834e876284bf8c6695d35c5626168,HGFA00155DA1C8B84145BB4BA8D1A632CE01,2026-03-19,Window Seat,Lofi,Không có dự án con,,Sản xuất,0.20000000000000000000,0.00140000000000000000,-0.73333333333333333333,-0.72000000000000000000,4,28
494ecdc59efe31f44a64024c2e20a08b,HGFA00155DA1C8B84145BB4BA8D1A632CE01,2026-03-03,Window Seat,Lofi,Không có dự án con,,Sản xuất,0,0,-0.73333333333333333333,-0.72000000000000000000,4,28
cb8d683858c6a9493d896e5ca6104942,HGFA00155DA1C8B84145BB4BA8D1A632CE01,2026-03-06,Window Seat,Lofi,Không có dự án con,,Sản xuất,0.10000000000000000000,0,-0.73333333333333333333,-0.72000000000000000000,4,28
337b992dbf1176b1b2288ab235e7ab62,HGFA00155DA1C8B84145BB4BA8D1A632CE01,2026-03-23,Window Seat,Lofi,Không có dự án con,,Sản xuất,0.10000000000000000000,0,-0.73333333333333333333,-0.72000000000000000000,4,28
2a13ffb92debf86c70a5e10c8cd7884b,HGFA00155DA1C8B84145BB4BA8D1A632CE01,2026-04-12,Window Seat,Lofi,Không có dự án con,,Sản xuất,0.10000000000000000000,0.00050000000000000000,1.25000000000000000000,0.14285714285714285714,4,28
44fe789558ddee22bada0eb8f033a2d5,HGFA00155DA1C8B84145BB4BA8D1A632CE01,2026-04-28,Window Seat,Lofi,Không có dự án con,,Sản xuất,0.20000000000000000000,0.00040000000000000000,1.25000000000000000000,0.14285714285714285714,4,28
fb4e638e7429fce1618840bda313eb4e,HGFA00155DA1C8B84145BB4BA8D1A632CE01,2026-04-16,Window Seat,Lofi,Không có dự án con,,Sản xuất,0.20000000000000000000,0.00070000000000000000,1.25000000000000000000,0.14285714285714285714,4,28
fc189a7a000623a0d15e0efd1d54a8d3,HGFA00155DA1C8B84145BB4BA8D1A632CE01,2026-04-09,Window Seat,Lofi,Không có dự án con,,Sản xuất,0.20000000000000000000,0,1.25000000000000000000,0.14285714285714285714,4,28
016646a675e04dfa37a615fb1a8eab49,HGFA00155DA1C8B84145BB4BA8D1A632CE01,2026-04-24,Window Seat,Lofi,Không có dự án con,,Sản xuất,0.10000000000000000000,0,1.25000000000000000000,0.14285714285714285714,4,28
4bbbbdd5d676b6e6d60ef6c07c71b8e5,HGFA00155DA1C8B84145BB4BA8D1A632CE01,2026-04-22,Window Seat,Lofi,Không có dự án con,,Sản xuất,0.10000000000000000000,0,1.25000000000000000000,0.14285714285714285714,4,28
d6e7c94afe6e6d07641e043962f68f13,HGFA00155DA1C8B84145BB4BA8D1A632CE01,2026-05-18,Window Seat,Lofi,Không có dự án con,,Sản xuất,0.10000000000000000000,0.00050000000000000000,-0.66666666666666666667,-0.625000000000000000000000,4,28
1cdde8a4405089ead9780b703b6375a8,HGFA00155DA1C8B84145BB4BA8D1A632CE01,2026-05-04,Window Seat,Lofi,Không có dự án con,,Sản xuất,0.10000000000000000000,0,-0.66666666666666666667,-0.625000000000000000000000,4,28
4fd6676e889a96e87fb4996bc73f3eb9,HGFA00155DA1C8B84145BB4BA8D1A632CE01,2026-05-29,Window Seat,Lofi,Không có dự án con,,Sản xuất,0,0.000100000000000000000000,-0.66666666666666666667,-0.625000000000000000000000,4,28
f27b12b3ff6f431d2e03716d3f622ffb,HGFA00155DA1C8B84145BB4BA8D1A632CE01,2026-05-28,Window Seat,Lofi,Không có dự án con,,Sản xuất,0.10000000000000000000,0,-0.66666666666666666667,-0.625000000000000000000000,4,28
d1ef55dec483345ff857e0f496d3e35d,HGFA001597E75A9A4B06AEF24F8C2B072C96,,Sung Oribe - Courante from Cello suite no. 1.mp3,,,,Sản xuất,0,0,,,0,0
77acc3131e16cface84aae12c572126f,HGFA0015D9C269F64BA285897168647CC9C2,,"8 Klavierstücke, Op. 76: No. 4 in B-Flat Major, Intermezzo. Allegretto grazioso",Classical,Không có dự án con,,Thu mua,0,0,,,0,0
cee76bdce9fedcc1ca0dff4cd1cea0fe,HGFA0016F579CFA9491FB4CD0EB6DBBFD59B,,Blue Blue Night (Bản Fix).mp3,,,,Sản xuất,0,0,,,0,0
64a955cef5a09d7e1dd9e672238648cc,HGFA00174D7F03EB4EBDB31E25F2D96CFB73,,Tired-Of-Waiting_HGFAD9F6897022304AFFAA951FE49C9CA972.wav,,,,Sản xuất,0,0,,,0,0
936bd1016ad1c90176c6d4e08cfc68f9,HGFA0019260C250948E6ADFA0614A4B0E5CD,,Si-Bastasen-un-Par-de-Canciones_HGFADB8312E558C44F06BF98D266C8545687.wav,,,,Sản xuất,0,0,,,0,0
4e8ec2ca0f50222643f2346fae381e33,HGFA00195055EDF440D49C38BFD1D01EA2BF,,Mazurkas-Op--50-No--3-in-C-Sharp-Minor-Moderato_HGFAD5D31D07B5DF49BF9E6070BDC45933E0.wav,,,,Sản xuất,0,0,,,0,0
fb27bd489b2c26d67ae249afe05e7515,HGFA00195166C37643E295AE69A9105E57B0,,Giuseppe Verdi - Le Trouvere - 6 - Act 3 - The Son of the Gypsy Woman.mp3,,,,Sản xuất,0,0,,,0,0
811e9043ca510c61a719daf679f51244,HGFA001953026E174F1C943D41840280FEC7,,Evolve_HGFAE7FC0ED4C67B4EA88CFF7399FA4365EE.wav,,,,Sản xuất,0,0,,,0,0
f5703ef44550d444d82cdc0e7cb85cc8,HGFA001A1DE5A8BB46C098A315F73942D841,,The-Flight-(Original-Mix)_HGFA001A1DE5A8BB46C098A315F73942D841.mp3,,,,Sản xuất,0,0,,,0,0
5dcf1ac1eb8d2c7bdbdef50db4795d7d,HGFA001A7AEC4B9F451E8D13B0684E16FCE1,,Sayang Kowe.wav,,,,Sản xuất,0,0,,,0,0
ec13dfaee8c4b2d982cb6a3dbd3a657b,HGFA001AB2B1AAF54400B30E548CDDF588EC,,Sing Tak Sayang Ilang.mp3,,,,Sản xuất,0,0,,,0,0
af3cc5181ed7767dc6cb79e72ed75930,HGFA001AEF56C6E341ED99D8068288674703,,Red Velvet.mp3,,,,Sản xuất,0,0,,,0,0
68387364fb3a0bbf3fa10a65692f200b,HGFA001C18DEABC44706B09093448A4BEFE8,2026-05-23,Beethoven Moonlight Sonata 3rd Movement (Techno Remix),Classical,Classical - 2 - Red One,8.00,Sản xuất,4.00000000000000000000,0,,,6,64
b1cd91587ecf60b3defaff66ba245de5,HGFA001C18DEABC44706B09093448A4BEFE8,2026-05-18,Beethoven Moonlight Sonata 3rd Movement (Techno Remix),Classical,Classical - 2 - Red One,8.00,Sản xuất,2.50000000000000000000,0,,,6,64
07178a540bdd2d6117c423312be3a253,HGFA001C18DEABC44706B09093448A4BEFE8,2026-05-27,Beethoven Moonlight Sonata 3rd Movement (Techno Remix),Classical,Classical - 2 - Red One,8.00,Sản xuất,39.60000000000000000000,0.03840000000000000000,,,6,64
139af205a2d4fb5dac64633d50fc1cec,HGFA001C18DEABC44706B09093448A4BEFE8,2026-05-26,Beethoven Moonlight Sonata 3rd Movement (Techno Remix),Classical,Classical - 2 - Red One,8.00,Sản xuất,39.20000000000000000000,0.08280000000000000000,,,6,64
f2145c1086bbdf5de5119351e6f88e16,HGFA001C18DEABC44706B09093448A4BEFE8,2026-05-25,Beethoven Moonlight Sonata 3rd Movement (Techno Remix),Classical,Classical - 2 - Red One,8.00,Sản xuất,39.70000000000000000000,0.26850000000000000000,,,6,64
c8efebd54b243300c21bbe36263f69be,HGFA001C18DEABC44706B09093448A4BEFE8,2026-05-20,Beethoven Moonlight Sonata 3rd Movement (Techno Remix),Classical,Classical - 2 - Red One,8.00,Sản xuất,72.70000000000000000000,0.13800000000000000000,,,6,64
185f460301beb399b6718a12c6e7e3e6,HGFA001C18DEABC44706B09093448A4BEFE8,2026-05-29,Beethoven Moonlight Sonata 3rd Movement (Techno Remix),Classical,Classical - 2 - Red One,8.00,Sản xuất,13.60000000000000000000,0.00940000000000000000,,,6,64
ec688e4ec739dba3208c19a7acdc7c11,HGFA001C18DEABC44706B09093448A4BEFE8,2026-05-28,Beethoven Moonlight Sonata 3rd Movement (Techno Remix),Classical,Classical - 2 - Red One,8.00,Sản xuất,52.40000000000000000000,0.00740000000000000000,,,6,64
3fdeace202932955599678d39a2f092f,HGFA001C18DEABC44706B09093448A4BEFE8,2026-05-21,Beethoven Moonlight Sonata 3rd Movement (Techno Remix),Classical,Classical - 2 - Red One,8.00,Sản xuất,17.60000000000000000000,0.03500000000000000000,,,6,64
1250b56f2b74b2d4e62c9faa321aeee7,HGFA001C18DEABC44706B09093448A4BEFE8,2026-05-19,Beethoven Moonlight Sonata 3rd Movement (Techno Remix),Classical,Classical - 2 - Red One,8.00,Sản xuất,0.70000000000000000000,0,,,6,64
1cec922967bfa4de3a64c86fd594c0dc,HGFA001C18DEABC44706B09093448A4BEFE8,2026-05-17,Beethoven Moonlight Sonata 3rd Movement (Techno Remix),Classical,Classical - 2 - Red One,8.00,Sản xuất,0.10000000000000000000,0,,,6,64
05c140d6cc67d8f2477c733d66e01dfb,HGFA001C18DEABC44706B09093448A4BEFE8,2026-05-24,Beethoven Moonlight Sonata 3rd Movement (Techno Remix),Classical,Classical - 2 - Red One,8.00,Sản xuất,29.80000000000000000000,0.08270000000000000000,,,6,64
f6ab62ed2d38813cdfdd201dde847a65,HGFA001C18DEABC44706B09093448A4BEFE8,2026-05-22,Beethoven Moonlight Sonata 3rd Movement (Techno Remix),Classical,Classical - 2 - Red One,8.00,Sản xuất,14.10000000000000000000,0.01450000000000000000,,,6,64
3f836103f75ec4939e352bba7fc1fcaa,HGFA001C18DEABC44706B09093448A4BEFE8,2026-05-31,Beethoven Moonlight Sonata 3rd Movement (Techno Remix),Classical,Classical - 2 - Red One,8.00,Sản xuất,196.40000000000000000000,0.04760000000000000000,,,6,64
aded72af005c3b6941c01e3301d122d4,HGFA001C18DEABC44706B09093448A4BEFE8,2026-05-30,Beethoven Moonlight Sonata 3rd Movement (Techno Remix),Classical,Classical - 2 - Red One,8.00,Sản xuất,125.40000000000000000000,0.00220000000000000000,,,6,64
1305f335aa37cacd198c98fb8aeb7700,HGFA001C18DEABC44706B09093448A4BEFE8,2026-06-26,Beethoven Moonlight Sonata 3rd Movement (Techno Remix),Classical,Classical - 2 - Red One,8.00,Sản xuất,21.30000000000000000000,0.00300000000000000000,2.16718122877431305959,-0.487130075705437026841019,6,64
f4aad2d27d4a7379d7c182bbfc8f2211,HGFA001C18DEABC44706B09093448A4BEFE8,2026-06-11,Beethoven Moonlight Sonata 3rd Movement (Techno Remix),Classical,Classical - 2 - Red One,8.00,Sản xuất,40.00000000000000000000,0.00710000000000000000,2.16718122877431305959,-0.487130075705437026841019,6,64
183f23a40b9182d75276397321b1f910,HGFA001C18DEABC44706B09093448A4BEFE8,2026-06-13,Beethoven Moonlight Sonata 3rd Movement (Techno Remix),Classical,Classical - 2 - Red One,8.00,Sản xuất,68.10000000000000000000,0.020500000000000000000000,2.16718122877431305959,-0.487130075705437026841019,6,64
d6a90bceb14c199ab925728b4a99764a,HGFA001C18DEABC44706B09093448A4BEFE8,2026-06-19,Beethoven Moonlight Sonata 3rd Movement (Techno Remix),Classical,Classical - 2 - Red One,8.00,Sản xuất,22.60000000000000000000,0.01080000000000000000,2.16718122877431305959,-0.487130075705437026841019,6,64
a75630cd230910a4b0016766db506c10,HGFA001C18DEABC44706B09093448A4BEFE8,2026-06-12,Beethoven Moonlight Sonata 3rd Movement (Techno Remix),Classical,Classical - 2 - Red One,8.00,Sản xuất,59.20000000000000000000,0.00990000000000000000,2.16718122877431305959,-0.487130075705437026841019,6,64
4c44a5d6fedda6f9ef5cd9559dc105eb,HGFA001C18DEABC44706B09093448A4BEFE8,2026-06-17,Beethoven Moonlight Sonata 3rd Movement (Techno Remix),Classical,Classical - 2 - Red One,8.00,Sản xuất,53.80000000000000000000,0.05050000000000000000,2.16718122877431305959,-0.487130075705437026841019,6,64
4e6376dc709b2cd01cfa4d556e3176ce,HGFA001C18DEABC44706B09093448A4BEFE8,2026-06-07,Beethoven Moonlight Sonata 3rd Movement (Techno Remix),Classical,Classical - 2 - Red One,8.00,Sản xuất,78.30000000000000000000,0.024600000000000000000000,2.16718122877431305959,-0.487130075705437026841019,6,64
53c6566e4df2c7543d0d7dae1c6904e6,HGFA001C18DEABC44706B09093448A4BEFE8,2026-06-27,Beethoven Moonlight Sonata 3rd Movement (Techno Remix),Classical,Classical - 2 - Red One,8.00,Sản xuất,15.00000000000000000000,0.00120000000000000000,2.16718122877431305959,-0.487130075705437026841019,6,64
dfba24f7c5789bcb246f52040278e1af,HGFA001C18DEABC44706B09093448A4BEFE8,2026-06-25,Beethoven Moonlight Sonata 3rd Movement (Techno Remix),Classical,Classical - 2 - Red One,8.00,Sản xuất,25.40000000000000000000,0.03600000000000000000,2.16718122877431305959,-0.487130075705437026841019,6,64
74bb3989585a23410955b52eb8164543,HGFA001C18DEABC44706B09093448A4BEFE8,2026-06-20,Beethoven Moonlight Sonata 3rd Movement (Techno Remix),Classical,Classical - 2 - Red One,8.00,Sản xuất,15.10000000000000000000,0.00520000000000000000,2.16718122877431305959,-0.487130075705437026841019,6,64
fe04823ac7070b1da43852774574d3e3,HGFA001C18DEABC44706B09093448A4BEFE8,2026-06-05,Beethoven Moonlight Sonata 3rd Movement (Techno Remix),Classical,Classical - 2 - Red One,8.00,Sản xuất,44.00000000000000000000,0.010100000000000000000000,2.16718122877431305959,-0.487130075705437026841019,6,64
4b43c78d9d00f53ee472c4fc68cf277b,HGFA001C18DEABC44706B09093448A4BEFE8,2026-06-02,Beethoven Moonlight Sonata 3rd Movement (Techno Remix),Classical,Classical - 2 - Red One,8.00,Sản xuất,578.10000000000000000000,0.00600000000000000000,2.16718122877431305959,-0.487130075705437026841019,6,64
ca132592cb36001c18ffd8971ff2619c,HGFA001C18DEABC44706B09093448A4BEFE8,2026-06-10,Beethoven Moonlight Sonata 3rd Movement (Techno Remix),Classical,Classical - 2 - Red One,8.00,Sản xuất,27.80000000000000000000,0.00690000000000000000,2.16718122877431305959,-0.487130075705437026841019,6,64
c287af6c145f3b6890e202c9fd48c11c,HGFA001C18DEABC44706B09093448A4BEFE8,2026-06-18,Beethoven Moonlight Sonata 3rd Movement (Techno Remix),Classical,Classical - 2 - Red One,8.00,Sản xuất,61.00000000000000000000,0.00780000000000000000,2.16718122877431305959,-0.487130075705437026841019,6,64
e98ac2911076408fb5aae0a3d1beee0c,HGFA001C18DEABC44706B09093448A4BEFE8,2026-06-29,Beethoven Moonlight Sonata 3rd Movement (Techno Remix),Classical,Classical - 2 - Red One,8.00,Sản xuất,16.50000000000000000000,0.006700000000000000000000,2.16718122877431305959,-0.487130075705437026841019,6,64
d26d3eb15c2fe737036a77570920c478,HGFA001C18DEABC44706B09093448A4BEFE8,2026-06-03,Beethoven Moonlight Sonata 3rd Movement (Techno Remix),Classical,Classical - 2 - Red One,8.00,Sản xuất,114.00000000000000000000,0.02710000000000000000,2.16718122877431305959,-0.487130075705437026841019,6,64
50eface465d8c0f1d7ac6c8cdc4498b8,HGFA001C18DEABC44706B09093448A4BEFE8,2026-06-30,Beethoven Moonlight Sonata 3rd Movement (Techno Remix),Classical,Classical - 2 - Red One,8.00,Sản xuất,287.30000000000000000000,0.00490000000000000000,2.16718122877431305959,-0.487130075705437026841019,6,64
7c33c6931f4c012907da9954ddf484f9,HGFA001C18DEABC44706B09093448A4BEFE8,2026-06-21,Beethoven Moonlight Sonata 3rd Movement (Techno Remix),Classical,Classical - 2 - Red One,8.00,Sản xuất,12.30000000000000000000,0.01440000000000000000,2.16718122877431305959,-0.487130075705437026841019,6,64
9cb5806563d6ce25e66d5acd7c4cf319,HGFA001C18DEABC44706B09093448A4BEFE8,2026-06-09,Beethoven Moonlight Sonata 3rd Movement (Techno Remix),Classical,Classical - 2 - Red One,8.00,Sản xuất,25.30000000000000000000,0.006800000000000000000000,2.16718122877431305959,-0.487130075705437026841019,6,64
3526255b2a7f64ba83eb15c8e7447be0,HGFA001C18DEABC44706B09093448A4BEFE8,2026-06-24,Beethoven Moonlight Sonata 3rd Movement (Techno Remix),Classical,Classical - 2 - Red One,8.00,Sản xuất,15.00000000000000000000,0.00020000000000000000,2.16718122877431305959,-0.487130075705437026841019,6,64
ef4e3108ea20a8c8572a3c89efd8f897,HGFA001C18DEABC44706B09093448A4BEFE8,2026-06-15,Beethoven Moonlight Sonata 3rd Movement (Techno Remix),Classical,Classical - 2 - Red One,8.00,Sản xuất,78.30000000000000000000,0.00440000000000000000,2.16718122877431305959,-0.487130075705437026841019,6,64
a2111e3a2f1a0fbd57b709ec2488a2e5,HGFA001C18DEABC44706B09093448A4BEFE8,2026-06-16,Beethoven Moonlight Sonata 3rd Movement (Techno Remix),Classical,Classical - 2 - Red One,8.00,Sản xuất,52.40000000000000000000,0.00560000000000000000,2.16718122877431305959,-0.487130075705437026841019,6,64
b8998b333af808cd4839344da63c0ea5,HGFA001C18DEABC44706B09093448A4BEFE8,2026-06-22,Beethoven Moonlight Sonata 3rd Movement (Techno Remix),Classical,Classical - 2 - Red One,8.00,Sản xuất,15.40000000000000000000,0.008300000000000000000000,2.16718122877431305959,-0.487130075705437026841019,6,64
39b2a9cdd35d4e9cc3ec5db9dae3d68c,HGFA001C18DEABC44706B09093448A4BEFE8,2026-06-04,Beethoven Moonlight Sonata 3rd Movement (Techno Remix),Classical,Classical - 2 - Red One,8.00,Sản xuất,82.70000000000000000000,0.01640000000000000000,2.16718122877431305959,-0.487130075705437026841019,6,64
7fbb48722c753982c689505b056c09b5,HGFA001C18DEABC44706B09093448A4BEFE8,2026-06-28,Beethoven Moonlight Sonata 3rd Movement (Techno Remix),Classical,Classical - 2 - Red One,8.00,Sản xuất,11.80000000000000000000,0.00260000000000000000,2.16718122877431305959,-0.487130075705437026841019,6,64
24eadb33687a1d6436db38e5b4bbdfeb,HGFA001C18DEABC44706B09093448A4BEFE8,2026-06-23,Beethoven Moonlight Sonata 3rd Movement (Techno Remix),Classical,Classical - 2 - Red One,8.00,Sản xuất,28.20000000000000000000,0.00050000000000000000,2.16718122877431305959,-0.487130075705437026841019,6,64
498d2dd6a4ee6b3add3ad2313595effd,HGFA001C18DEABC44706B09093448A4BEFE8,2026-06-01,Beethoven Moonlight Sonata 3rd Movement (Techno Remix),Classical,Classical - 2 - Red One,8.00,Sản xuất,25.50000000000000000000,0.03660000000000000000,2.16718122877431305959,-0.487130075705437026841019,6,64
279e32e1340817a77595ce1dff3193f1,HGFA001C18DEABC44706B09093448A4BEFE8,2026-06-06,Beethoven Moonlight Sonata 3rd Movement (Techno Remix),Classical,Classical - 2 - Red One,8.00,Sản xuất,32.20000000000000000000,0.02680000000000000000,2.16718122877431305959,-0.487130075705437026841019,6,64
78a28b849cc95099577b12ce6bb8612c,HGFA001C18DEABC44706B09093448A4BEFE8,2026-06-14,Beethoven Moonlight Sonata 3rd Movement (Techno Remix),Classical,Classical - 2 - Red One,8.00,Sản xuất,91.00000000000000000000,0.00310000000000000000,2.16718122877431305959,-0.487130075705437026841019,6,64
8afff69f4a728e59dbdcf6a5ebdffe74,HGFA001C18DEABC44706B09093448A4BEFE8,2026-06-08,Beethoven Moonlight Sonata 3rd Movement (Techno Remix),Classical,Classical - 2 - Red One,8.00,Sản xuất,54.10000000000000000000,0.00860000000000000000,2.16718122877431305959,-0.487130075705437026841019,6,64
818f93b4a641c118f74f025e9d9e7bd8,HGFA001C18DEABC44706B09093448A4BEFE8,2026-07-14,Beethoven Moonlight Sonata 3rd Movement (Techno Remix),Classical,Classical - 2 - Red One,8.00,Sản xuất,14.70000000000000000000,0.00230000000000000000,-0.63981088853146171468,-0.647879763821792807300054,6,64
59b500e78f1006e9bf2bb7fb928e8d7e,HGFA001C18DEABC44706B09093448A4BEFE8,2026-07-23,Beethoven Moonlight Sonata 3rd Movement (Techno Remix),Classical,Classical - 2 - Red One,8.00,Sản xuất,13.00000000000000000000,0.000500000000000000000000,-0.63981088853146171468,-0.647879763821792807300054,6,64
92c3fd4d4f61663d301916a397f15c0b,HGFA001C18DEABC44706B09093448A4BEFE8,2026-07-08,Beethoven Moonlight Sonata 3rd Movement (Techno Remix),Classical,Classical - 2 - Red One,8.00,Sản xuất,15.20000000000000000000,0.00790000000000000000,-0.63981088853146171468,-0.647879763821792807300054,6,64
655ecf88a6faac8a44742f3d7bbd483f,HGFA001C18DEABC44706B09093448A4BEFE8,2026-07-10,Beethoven Moonlight Sonata 3rd Movement (Techno Remix),Classical,Classical - 2 - Red One,8.00,Sản xuất,18.00000000000000000000,0.00150000000000000000,-0.63981088853146171468,-0.647879763821792807300054,6,64
3882101989e0befc981e81ead256a826,HGFA001C18DEABC44706B09093448A4BEFE8,2026-07-01,Beethoven Moonlight Sonata 3rd Movement (Techno Remix),Classical,Classical - 2 - Red One,8.00,Sản xuất,210.90000000000000000000,0.017000000000000000000000,-0.63981088853146171468,-0.647879763821792807300054,6,64
f1fda235380d134676a322a9a2fefd8b,HGFA001C18DEABC44706B09093448A4BEFE8,2026-07-05,Beethoven Moonlight Sonata 3rd Movement (Techno Remix),Classical,Classical - 2 - Red One,8.00,Sản xuất,27.90000000000000000000,0.01130000000000000000,-0.63981088853146171468,-0.647879763821792807300054,6,64
9043cd055d64b4df2caa4661073c3129,HGFA001C18DEABC44706B09093448A4BEFE8,2026-07-09,Beethoven Moonlight Sonata 3rd Movement (Techno Remix),Classical,Classical - 2 - Red One,8.00,Sản xuất,15.00000000000000000000,0.00300000000000000000,-0.63981088853146171468,-0.647879763821792807300054,6,64
1e8ac2c6e705248a36b61de5c17e2a99,HGFA001C18DEABC44706B09093448A4BEFE8,2026-07-30,Beethoven Moonlight Sonata 3rd Movement (Techno Remix),Classical,Classical - 2 - Red One,8.00,Sản xuất,1.70000000000000000000,0,-0.63981088853146171468,-0.647879763821792807300054,6,64
01f166859cff3e48ef8b6b9cbda2204d,HGFA001C18DEABC44706B09093448A4BEFE8,2026-07-20,Beethoven Moonlight Sonata 3rd Movement (Techno Remix),Classical,Classical - 2 - Red One,8.00,Sản xuất,18.60000000000000000000,0.00260000000000000000,-0.63981088853146171468,-0.647879763821792807300054,6,64
71545ac45a6234ee064ebb02861d20fa,HGFA001C18DEABC44706B09093448A4BEFE8,2026-07-18,Beethoven Moonlight Sonata 3rd Movement (Techno Remix),Classical,Classical - 2 - Red One,8.00,Sản xuất,18.10000000000000000000,0.00110000000000000000,-0.63981088853146171468,-0.647879763821792807300054,6,64
154bc0cc691357bf4ccb2b023726384c,HGFA001C18DEABC44706B09093448A4BEFE8,2026-07-31,Beethoven Moonlight Sonata 3rd Movement (Techno Remix),Classical,Classical - 2 - Red One,8.00,Sản xuất,0.90000000000000000000,0,-0.63981088853146171468,-0.647879763821792807300054,6,64
b078dc865526fda11f9595c3bc90794a,HGFA001C18DEABC44706B09093448A4BEFE8,2026-07-29,Beethoven Moonlight Sonata 3rd Movement (Techno Remix),Classical,Classical - 2 - Red One,8.00,Sản xuất,0.60000000000000000000,0,-0.63981088853146171468,-0.647879763821792807300054,6,64
46f526d04b498b11eec87bac943ad681,HGFA001C18DEABC44706B09093448A4BEFE8,2026-07-13,Beethoven Moonlight Sonata 3rd Movement (Techno Remix),Classical,Classical - 2 - Red One,8.00,Sản xuất,9.20000000000000000000,0.00130000000000000000,-0.63981088853146171468,-0.647879763821792807300054,6,64
ab2a0222abbcb19ba287efccc6737095,HGFA001C18DEABC44706B09093448A4BEFE8,2026-07-21,Beethoven Moonlight Sonata 3rd Movement (Techno Remix),Classical,Classical - 2 - Red One,8.00,Sản xuất,9.50000000000000000000,0.00270000000000000000,-0.63981088853146171468,-0.647879763821792807300054,6,64
c9b22c930765fd7a0898264d735cff2d,HGFA001C18DEABC44706B09093448A4BEFE8,2026-07-02,Beethoven Moonlight Sonata 3rd Movement (Techno Remix),Classical,Classical - 2 - Red One,8.00,Sản xuất,104.30000000000000000000,0.02100000000000000000,-0.63981088853146171468,-0.647879763821792807300054,6,64
4ae7740a3b70d5d88edfcae76ddf1ebf,HGFA001C18DEABC44706B09093448A4BEFE8,2026-07-17,Beethoven Moonlight Sonata 3rd Movement (Techno Remix),Classical,Classical - 2 - Red One,8.00,Sản xuất,18.80000000000000000000,0.00360000000000000000,-0.63981088853146171468,-0.647879763821792807300054,6,64
dc1d0e72f3d6ecdaf7fbb6d9120f78ea,HGFA001C18DEABC44706B09093448A4BEFE8,2026-07-11,Beethoven Moonlight Sonata 3rd Movement (Techno Remix),Classical,Classical - 2 - Red One,8.00,Sản xuất,23.70000000000000000000,0.000400000000000000000000,-0.63981088853146171468,-0.647879763821792807300054,6,64
c205c7c39fcac99ce71a9bb8f74f182e,HGFA001C18DEABC44706B09093448A4BEFE8,2026-07-25,Beethoven Moonlight Sonata 3rd Movement (Techno Remix),Classical,Classical - 2 - Red One,8.00,Sản xuất,11.70000000000000000000,0.00060000000000000000,-0.63981088853146171468,-0.647879763821792807300054,6,64
77592d00f11c389399d5dddbfa347c55,HGFA001C18DEABC44706B09093448A4BEFE8,2026-07-26,Beethoven Moonlight Sonata 3rd Movement (Techno Remix),Classical,Classical - 2 - Red One,8.00,Sản xuất,6.90000000000000000000,0,-0.63981088853146171468,-0.647879763821792807300054,6,64
0b9b56a8f8ecc561a272439f59ad62a9,HGFA001C18DEABC44706B09093448A4BEFE8,2026-07-04,Beethoven Moonlight Sonata 3rd Movement (Techno Remix),Classical,Classical - 2 - Red One,8.00,Sản xuất,20.40000000000000000000,0.00610000000000000000,-0.63981088853146171468,-0.647879763821792807300054,6,64
00e638d3d7a9bdbd72d69f0d7601da22,HGFA001C18DEABC44706B09093448A4BEFE8,2026-07-27,Beethoven Moonlight Sonata 3rd Movement (Techno Remix),Classical,Classical - 2 - Red One,8.00,Sản xuất,16.70000000000000000000,0.00040000000000000000,-0.63981088853146171468,-0.647879763821792807300054,6,64
6bb019a8628e31d08fead48667f202a6,HGFA001C18DEABC44706B09093448A4BEFE8,2026-07-03,Beethoven Moonlight Sonata 3rd Movement (Techno Remix),Classical,Classical - 2 - Red One,8.00,Sản xuất,35.10000000000000000000,0.00590000000000000000,-0.63981088853146171468,-0.647879763821792807300054,6,64
31280c9999bce4fd1473420449094711,HGFA001C18DEABC44706B09093448A4BEFE8,2026-07-15,Beethoven Moonlight Sonata 3rd Movement (Techno Remix),Classical,Classical - 2 - Red One,8.00,Sản xuất,16.50000000000000000000,0.00480000000000000000,-0.63981088853146171468,-0.647879763821792807300054,6,64
c0dc39dd555c71242dd20ef1ccfbf82c,HGFA001C18DEABC44706B09093448A4BEFE8,2026-07-16,Beethoven Moonlight Sonata 3rd Movement (Techno Remix),Classical,Classical - 2 - Red One,8.00,Sản xuất,7.70000000000000000000,0.00760000000000000000,-0.63981088853146171468,-0.647879763821792807300054,6,64
14709882117d4d2f89a2ae04c6435209,HGFA001C18DEABC44706B09093448A4BEFE8,2026-07-22,Beethoven Moonlight Sonata 3rd Movement (Techno Remix),Classical,Classical - 2 - Red One,8.00,Sản xuất,9.30000000000000000000,0.00490000000000000000,-0.63981088853146171468,-0.647879763821792807300054,6,64
0a4cdfaa092b6f74bc004c5380d649d8,HGFA001C18DEABC44706B09093448A4BEFE8,2026-07-06,Beethoven Moonlight Sonata 3rd Movement (Techno Remix),Classical,Classical - 2 - Red One,8.00,Sản xuất,23.00000000000000000000,0.01050000000000000000,-0.63981088853146171468,-0.647879763821792807300054,6,64
ed63d88269583331e493b02604738db7,HGFA001C18DEABC44706B09093448A4BEFE8,2026-07-19,Beethoven Moonlight Sonata 3rd Movement (Techno Remix),Classical,Classical - 2 - Red One,8.00,Sản xuất,17.80000000000000000000,0.00280000000000000000,-0.63981088853146171468,-0.647879763821792807300054,6,64
a67ddb9bc8c5e590b180d7edc8f535cd,HGFA001C18DEABC44706B09093448A4BEFE8,2026-07-28,Beethoven Moonlight Sonata 3rd Movement (Techno Remix),Classical,Classical - 2 - Red One,8.00,Sản xuất,1.10000000000000000000,0.001400000000000000000000,-0.63981088853146171468,-0.647879763821792807300054,6,64
75c1666d8245e2a4a816ad44fbb69a93,HGFA001C18DEABC44706B09093448A4BEFE8,2026-07-12,Beethoven Moonlight Sonata 3rd Movement (Techno Remix),Classical,Classical - 2 - Red One,8.00,Sản xuất,15.50000000000000000000,0.00080000000000000000,-0.63981088853146171468,-0.647879763821792807300054,6,64
3dfd14cb4adfa43da3589fb950241a86,HGFA001C18DEABC44706B09093448A4BEFE8,2026-07-24,Beethoven Moonlight Sonata 3rd Movement (Techno Remix),Classical,Classical - 2 - Red One,8.00,Sản xuất,12.70000000000000000000,0.00060000000000000000,-0.63981088853146171468,-0.647879763821792807300054,6,64
07a334edd4b839ceff0fcd7dd92b573b,HGFA001C18DEABC44706B09093448A4BEFE8,2026-07-07,Beethoven Moonlight Sonata 3rd Movement (Techno Remix),Classical,Classical - 2 - Red One,8.00,Sản xuất,24.50000000000000000000,0.00860000000000000000,-0.63981088853146171468,-0.647879763821792807300054,6,64
2c95290b59a92f9848091b8643f799da,HGFA001C18DEABC44706B09093448A4BEFE8,2026-08-13,Beethoven Moonlight Sonata 3rd Movement (Techno Remix),Classical,Classical - 2 - Red One,8.00,Sản xuất,0.20000000000000000000,0,-0.99296346414073071719,-0.993140243902439024390244,6,64
6331b6a4bbcab672b74440a9c222f528,HGFA001C18DEABC44706B09093448A4BEFE8,2026-08-11,Beethoven Moonlight Sonata 3rd Movement (Techno Remix),Classical,Classical - 2 - Red One,8.00,Sản xuất,0.50000000000000000000,0,-0.99296346414073071719,-0.993140243902439024390244,6,64
c79df3bccac4e7f1e19e55b61b154006,HGFA001C18DEABC44706B09093448A4BEFE8,2026-08-07,Beethoven Moonlight Sonata 3rd Movement (Techno Remix),Classical,Classical - 2 - Red One,8.00,Sản xuất,0.60000000000000000000,0,-0.99296346414073071719,-0.993140243902439024390244,6,64
24ec62ab313b9159c5131e2a484dc502,HGFA001C18DEABC44706B09093448A4BEFE8,2026-08-12,Beethoven Moonlight Sonata 3rd Movement (Techno Remix),Classical,Classical - 2 - Red One,8.00,Sản xuất,0.50000000000000000000,0,-0.99296346414073071719,-0.993140243902439024390244,6,64
60bfead8e43bf8a00ab8eaf76c3552a1,HGFA001C18DEABC44706B09093448A4BEFE8,2026-08-08,Beethoven Moonlight Sonata 3rd Movement (Techno Remix),Classical,Classical - 2 - Red One,8.00,Sản xuất,0.30000000000000000000,0,-0.99296346414073071719,-0.993140243902439024390244,6,64
af7c01aa5fb422634756e35181bf7025,HGFA001C18DEABC44706B09093448A4BEFE8,2026-08-03,Beethoven Moonlight Sonata 3rd Movement (Techno Remix),Classical,Classical - 2 - Red One,8.00,Sản xuất,0.30000000000000000000,0,-0.99296346414073071719,-0.993140243902439024390244,6,64
8e5ce3e327c27d5097716dffc1b21651,HGFA001C18DEABC44706B09093448A4BEFE8,2026-08-10,Beethoven Moonlight Sonata 3rd Movement (Techno Remix),Classical,Classical - 2 - Red One,8.00,Sản xuất,0.90000000000000000000,0.00090000000000000000,-0.99296346414073071719,-0.993140243902439024390244,6,64
cf7d5af6dd498db63d78f91e482e161b,HGFA001C18DEABC44706B09093448A4BEFE8,2026-08-01,Beethoven Moonlight Sonata 3rd Movement (Techno Remix),Classical,Classical - 2 - Red One,8.00,Sản xuất,0.50000000000000000000,0,-0.99296346414073071719,-0.993140243902439024390244,6,64
b7176c91adced84c84057ca624c0c5b8,HGFA001C18DEABC44706B09093448A4BEFE8,2026-08-14,Beethoven Moonlight Sonata 3rd Movement (Techno Remix),Classical,Classical - 2 - Red One,8.00,Sản xuất,0.20000000000000000000,0,-0.99296346414073071719,-0.993140243902439024390244,6,64
fdfc5b5eb184039942d598cece92a71d,HGFA001C18DEABC44706B09093448A4BEFE8,2026-08-09,Beethoven Moonlight Sonata 3rd Movement (Techno Remix),Classical,Classical - 2 - Red One,8.00,Sản xuất,0.60000000000000000000,0,-0.99296346414073071719,-0.993140243902439024390244,6,64
4b5e80b74bce278927f0f3dda36400a3,HGFA001C18DEABC44706B09093448A4BEFE8,2026-08-06,Beethoven Moonlight Sonata 3rd Movement (Techno Remix),Classical,Classical - 2 - Red One,8.00,Sản xuất,0.20000000000000000000,0,-0.99296346414073071719,-0.993140243902439024390244,6,64
92728dd64256f5bbd54ba9ad6a106f1d,HGFA001C18DEABC44706B09093448A4BEFE8,2026-08-04,Beethoven Moonlight Sonata 3rd Movement (Techno Remix),Classical,Classical - 2 - Red One,8.00,Sản xuất,0.40000000000000000000,0,-0.99296346414073071719,-0.993140243902439024390244,6,64
b9299d2cea2be29db0699d1abebb6da6,HGFA001CAAE1A4B8464FACB49043034F8960,,Greatest Love Story,Saxophone Cover - 1,Saxophone Cover - 1 - 2 - Red One,8.50,Sản xuất,0,0,,,0,0
4adbef297a746c3e54a100b98979200f,HGFA001CAB24AA1B4217A590F4261373BC1B,,D. 960 - IV. Allegro ma non troppo (1).wav,,,,Sản xuất,0,0,,,0,0
95592f38c84c5f93475e85b052536ed0,HGFA001CF9B43039416F9AAE9B7AA79E0332,,Wolfgang Amadeus Mozart Rondo Alla Turca,Classical,Không có dự án con,,Sản xuất,0,0,,,0,0
be4c0fab83657c53011952d20b9200df,HGFA001D811147B346F5A50A47724905403E,,Pura-en-Base_HGFA001D811147B346F5A50A47724905403E.mp3,,,,Sản xuất,0,0,,,0,0
6f9b38db0c481a657979387b5f75d24d,HGFA001DD5E8ADF9407C9115BFD7114E61CD,,,,,,Sản xuất,0,0,,,0,0
e6bb7ee0ba33ea57278d525acb035969,HGFA001E19891AC546BD87A8146A4A34C499,,"Fantasia in G, BWV 572.wav",,,,Sản xuất,0,0,,,0,0
14d115893abc5ae45ab547372be724cc,HGFA001F5226BAB14E1EB37F61CDD5FE7DE6,,Wanderlust Heart,Indie/Folk,Indie/folk - 2 - Red One,8.50,Sản xuất,0,0,,,0,0
d6db6de13704197bbf2c14e2fe76af58,HGFA001FB38A5FC44BB4BFA33BCAC40996EE,,Perfect.wav,,,,Sản xuất,0,0,,,0,0
89a13ff4b9f70eab2cf5b92978fcf39b,HGFA0021A673705245EBBB6403339984685F,,schubert-serenade_loop-04.wav,,,,Sản xuất,0,0,,,0,0
ff75ec6370974439fa74e8301c2d5219,HGFA002249CFB2A2488A940D4770DCBB0523,,3. Tanto.wav,,,,Sản xuất,0,0,,,0,0
4760afbc8c3b8ace1c02e9a81fccec43,HGFA0023BBD9EFE149728DFCDEE2B3F49502,,Waves And Friends.wav,,,,Sản xuất,0,0,,,0,0
d0432ba9ac0774585864782080314a01,HGFA0023BBDC096943B58EAD49BF7FDE3DF4,,Love Is Coming,Chillout,Chillout - 2 - An Tuệ,9.00,Sản xuất,0,0,,,1,1
00d70fd38d4cce1ffc72d633fc5890c1,HGFA0024975086E7444DBB01BB9FB17513A6,,Jazz-Coffee-Place-62_HGFA9910E2CCDF134F6F89035226120A3A75.wav,,,,Sản xuất,0,0,,,0,0
ebcd4daa9a28731d8525017dd82a6dc6,HGFA0024DE7E51254B0488129FF69E8C7EEE,,TRACK 8 Spooky Velvet Room (2).wav,,,,Sản xuất,0,0,,,0,0
2a6d7ade22ff1c465d2a3a75073b8935,HGFA002595F31AD14F75BDE71E9C7F8DCF46,,Faith in the Light.wav,,,,Sản xuất,0,0,,,0,0
7f8bf9479131c44a796938dc9b397030,HGFA002616B155914299AFC27C6267DE1FCB,,Forget-You_HGFA6E4F51A4F06A4431ACF29145078D2EAB.wav,,,,Sản xuất,0,0,,,0,0
5c64ff11fccecf19e81f21e9f7b3b375,HGFA0026B897740D451D9E069912BC6A044E,,White-Smoke-(Original-Mix)_HGFA08A7157F8E54442A910E5C04C41C5E18.wav,,,,Sản xuất,0,0,,,0,0
d7775a231a5d59181acd50de62e0bd21,HGFA00271490DFE243D1A89E36609A5C9B94,,Here For You,Deep House,Không có dự án con,,Thu mua,0,0,,,1,1
e645d5f0e6af6955be0a942d8e87674d,HGFA0027644420FA422EA3919ACBF8AEE3F2,,Stars at Midnight.wav,,,,Sản xuất,0,0,,,0,0
a5ed6f420a111970f7ebd6201d6343ea,HGFA00288F1628C34304A7E64ABEA9BD76E8,,Jazz lofi 17-2 - Track 35.wav,,,,Sản xuất,0,0,,,0,0
9fbedd14b29b3c20f928b80a2e5d0825,HGFA002D13FC5BA04505B9A14522E925DA28,,"String Quartet no. 1 in F major, Op. 18 no. 1 - II. Adagio affettuoso ed appasionato
String Quartet no. 1 in F major, Op. 18 no. 1 - II. Adagio affettuoso ed appasionato.mp3",Classical,Classical - RedOne,,Sản xuất,0,0,,,0,0
dcd65702101cf05b67b5e1f093181149,HGFA002D1A30BAF440E0B77954681BEE3955,,Sonata No.3 in B minor Op.58 - III. Largo.mp3,,,,Sản xuất,0,0,,,0,0
1a8a2711691acdce245d531938359a20,HGFA002DCC725BB84E78BDA27CC94ABBDEB1,2025-12-16,bird nest,Sóng âm,ĐỘC QUYỀN NET - MUSIC FACTORY,,Sản xuất,7.0000000000000000,0.00100000000000000000,,,3,4
49e2bdc8176afdb555ef81e771b9a8bd,HGFA002DCC725BB84E78BDA27CC94ABBDEB1,2025-12-23,bird nest,Sóng âm,ĐỘC QUYỀN NET - MUSIC FACTORY,,Sản xuất,3.0000000000000000,0.00200000000000000000,,,3,4
13bd36369752a9a805f762ec69ade000,HGFA002DCC725BB84E78BDA27CC94ABBDEB1,2025-12-28,bird nest,Sóng âm,ĐỘC QUYỀN NET - MUSIC FACTORY,,Sản xuất,14.0000000000000000,0.00900000000000000000,,,3,4
4127f1732a94a97975282d9c1ef85c21,HGFA002DCC725BB84E78BDA27CC94ABBDEB1,2025-12-18,bird nest,Sóng âm,ĐỘC QUYỀN NET - MUSIC FACTORY,,Sản xuất,3.0000000000000000,0,,,3,4
d67af882988b5ab7d932297a930f4403,HGFA002DCC725BB84E78BDA27CC94ABBDEB1,2025-12-26,bird nest,Sóng âm,ĐỘC QUYỀN NET - MUSIC FACTORY,,Sản xuất,25.0000000000000000,0.05500000000000000000,,,3,4
1914f4b2cea15fbf0d174377cfedabe6,HGFA002DCC725BB84E78BDA27CC94ABBDEB1,2025-12-29,bird nest,Sóng âm,ĐỘC QUYỀN NET - MUSIC FACTORY,,Sản xuất,13.00000000000000000000,0.19700000000000000000,,,3,4
70d5209e373618fa58ab3033784ff437,HGFA002DCC725BB84E78BDA27CC94ABBDEB1,2025-12-12,bird nest,Sóng âm,ĐỘC QUYỀN NET - MUSIC FACTORY,,Sản xuất,3.0000000000000000,0,,,3,4
2e41134aa2d38f39843492a0c68a4c0b,HGFA002DCC725BB84E78BDA27CC94ABBDEB1,2025-12-20,bird nest,Sóng âm,ĐỘC QUYỀN NET - MUSIC FACTORY,,Sản xuất,2.0000000000000000,0.00500000000000000000,,,3,4
d5a05b6905903041d55c44b7026a9eb2,HGFA002DCC725BB84E78BDA27CC94ABBDEB1,2025-12-05,bird nest,Sóng âm,ĐỘC QUYỀN NET - MUSIC FACTORY,,Sản xuất,175.0000000000000000,0.50500000000000000000,,,3,4
9a863861f6498bd0074fe823aadb7a7b,HGFA002DCC725BB84E78BDA27CC94ABBDEB1,2025-12-19,bird nest,Sóng âm,ĐỘC QUYỀN NET - MUSIC FACTORY,,Sản xuất,1.00000000000000000000,0,,,3,4
2fe24be72f055e89808e1755243878bb,HGFA002DCC725BB84E78BDA27CC94ABBDEB1,2025-12-25,bird nest,Sóng âm,ĐỘC QUYỀN NET - MUSIC FACTORY,,Sản xuất,50.00000000000000000000,0.41300000000000000000,,,3,4
7e39e44b647c456b8ddd16ca8e8eddfb,HGFA002DCC725BB84E78BDA27CC94ABBDEB1,2025-12-10,bird nest,Sóng âm,ĐỘC QUYỀN NET - MUSIC FACTORY,,Sản xuất,19.0000000000000000,0.05600000000000000000,,,3,4
3736e87b5caea8083235c67f2a96c3c7,HGFA002DCC725BB84E78BDA27CC94ABBDEB1,2025-12-09,bird nest,Sóng âm,ĐỘC QUYỀN NET - MUSIC FACTORY,,Sản xuất,8.0000000000000000,0.00200000000000000000,,,3,4
6884d38de27f7fe10ad9704304a04198,HGFA002DCC725BB84E78BDA27CC94ABBDEB1,2025-12-21,bird nest,Sóng âm,ĐỘC QUYỀN NET - MUSIC FACTORY,,Sản xuất,1.00000000000000000000,0,,,3,4
4ebbe4827301fee688216fdd8e42325a,HGFA002DCC725BB84E78BDA27CC94ABBDEB1,2025-12-07,bird nest,Sóng âm,ĐỘC QUYỀN NET - MUSIC FACTORY,,Sản xuất,35.0000000000000000,0.24700000000000000000,,,3,4
f3202266d277969f229ae4b12f2d2cd5,HGFA002DCC725BB84E78BDA27CC94ABBDEB1,2025-12-15,bird nest,Sóng âm,ĐỘC QUYỀN NET - MUSIC FACTORY,,Sản xuất,5.0000000000000000,0.01200000000000000000,,,3,4
0121baf726bad558e77e16e8206bbc53,HGFA002DCC725BB84E78BDA27CC94ABBDEB1,2025-12-08,bird nest,Sóng âm,ĐỘC QUYỀN NET - MUSIC FACTORY,,Sản xuất,24.0000000000000000,0.02700000000000000000,,,3,4
3513b01da0575c630cc51734e9df02ee,HGFA002DCC725BB84E78BDA27CC94ABBDEB1,2025-12-13,bird nest,Sóng âm,ĐỘC QUYỀN NET - MUSIC FACTORY,,Sản xuất,5.0000000000000000,0.00100000000000000000,,,3,4
7027d7756112aded141cfce6782e7569,HGFA002DCC725BB84E78BDA27CC94ABBDEB1,2025-12-22,bird nest,Sóng âm,ĐỘC QUYỀN NET - MUSIC FACTORY,,Sản xuất,3.0000000000000000,0,,,3,4
7017394545246350e3327e56a15a496e,HGFA002DCC725BB84E78BDA27CC94ABBDEB1,2025-12-06,bird nest,Sóng âm,ĐỘC QUYỀN NET - MUSIC FACTORY,,Sản xuất,90.0000000000000000,0.15200000000000000000,,,3,4
09fecedf367b65888856b0da5c6eef45,HGFA002DCC725BB84E78BDA27CC94ABBDEB1,2025-12-14,bird nest,Sóng âm,ĐỘC QUYỀN NET - MUSIC FACTORY,,Sản xuất,4.0000000000000000,0.00100000000000000000,,,3,4
b528d6bfa0273e432891084e66b02c6f,HGFA002DCC725BB84E78BDA27CC94ABBDEB1,2025-12-27,bird nest,Sóng âm,ĐỘC QUYỀN NET - MUSIC FACTORY,,Sản xuất,8.0000000000000000,0.07100000000000000000,,,3,4
168d8eec217855475f5cf34f91cad38d,HGFA002DCC725BB84E78BDA27CC94ABBDEB1,2025-12-30,bird nest,Sóng âm,ĐỘC QUYỀN NET - MUSIC FACTORY,,Sản xuất,6.00000000000000000000,0.01000000000000000000,,,3,4
31f363b52a711c4df99147a819e10b2f,HGFA002DCC725BB84E78BDA27CC94ABBDEB1,2025-12-17,bird nest,Sóng âm,ĐỘC QUYỀN NET - MUSIC FACTORY,,Sản xuất,3.0000000000000000,0,,,3,4
c7db576233ddcc169ad6092666e19f8f,HGFA002DCC725BB84E78BDA27CC94ABBDEB1,2025-12-04,bird nest,Sóng âm,ĐỘC QUYỀN NET - MUSIC FACTORY,,Sản xuất,573.0000000000000000,1.8080000000000000,,,3,4
25c9778c0d8df737dcdef22bc8b17324,HGFA002DCC725BB84E78BDA27CC94ABBDEB1,2025-12-31,bird nest,Sóng âm,ĐỘC QUYỀN NET - MUSIC FACTORY,,Sản xuất,5.0000000000000000,0.01100000000000000000,,,3,4
b12bf6d07886ea8b8f2e5463b592ee82,HGFA002DCC725BB84E78BDA27CC94ABBDEB1,2025-12-11,bird nest,Sóng âm,ĐỘC QUYỀN NET - MUSIC FACTORY,,Sản xuất,15.0000000000000000,0.02200000000000000000,,,3,4
902348b40f896c043a4ada493bda551a,HGFA002DCC725BB84E78BDA27CC94ABBDEB1,2025-12-24,bird nest,Sóng âm,ĐỘC QUYỀN NET - MUSIC FACTORY,,Sản xuất,158.0000000000000000,0.53800000000000000000,,,3,4
11a0fcc5d67c805d53dc3a7c83b71b85,HGFA002DCC725BB84E78BDA27CC94ABBDEB1,2026-01-11,bird nest,Sóng âm,ĐỘC QUYỀN NET - MUSIC FACTORY,,Sản xuất,3.00000000000000000000,0.00100000000000000000,-0.90143084260731319555,-0.87647768395657418577,3,4
9edc2fa7ce414264f9d95237d4ff8538,HGFA002DCC725BB84E78BDA27CC94ABBDEB1,2026-01-07,bird nest,Sóng âm,ĐỘC QUYỀN NET - MUSIC FACTORY,,Sản xuất,9.0000000000000000,0.00400000000000000000,-0.90143084260731319555,-0.87647768395657418577,3,4
2cbfd7ac3b945e78651650c1e2977be8,HGFA002DCC725BB84E78BDA27CC94ABBDEB1,2026-01-28,bird nest,Sóng âm,ĐỘC QUYỀN NET - MUSIC FACTORY,,Sản xuất,3.00000000000000000000,0.00100000000000000000,-0.90143084260731319555,-0.87647768395657418577,3,4
0742b93c8c68fe8a8073287e700226ed,HGFA002DCC725BB84E78BDA27CC94ABBDEB1,2026-01-16,bird nest,Sóng âm,ĐỘC QUYỀN NET - MUSIC FACTORY,,Sản xuất,7.00000000000000000000,0.01600000000000000000,-0.90143084260731319555,-0.87647768395657418577,3,4
57e741fefb7bc68d2fc3fe2a5b5f5a34,HGFA002DCC725BB84E78BDA27CC94ABBDEB1,2026-01-30,bird nest,Sóng âm,ĐỘC QUYỀN NET - MUSIC FACTORY,,Sản xuất,2.0000000000000000,0.00200000000000000000,-0.90143084260731319555,-0.87647768395657418577,3,4
4dab6e02178c3341dd77ca480ae48a7f,HGFA002DCC725BB84E78BDA27CC94ABBDEB1,2026-01-19,bird nest,Sóng âm,ĐỘC QUYỀN NET - MUSIC FACTORY,,Sản xuất,2.0000000000000000,0,-0.90143084260731319555,-0.87647768395657418577,3,4
f5167067bae537debefda325812c9ae6,HGFA002DCC725BB84E78BDA27CC94ABBDEB1,2026-01-03,bird nest,Sóng âm,ĐỘC QUYỀN NET - MUSIC FACTORY,,Sản xuất,1.00000000000000000000,0.00100000000000000000,-0.90143084260731319555,-0.87647768395657418577,3,4
e7544278bc15ddc7d858c1512f6ddb8d,HGFA002DCC725BB84E78BDA27CC94ABBDEB1,2026-01-04,bird nest,Sóng âm,ĐỘC QUYỀN NET - MUSIC FACTORY,,Sản xuất,2.00000000000000000000,0,-0.90143084260731319555,-0.87647768395657418577,3,4
a070cd5e0b5e180b694861828363d5ac,HGFA002DCC725BB84E78BDA27CC94ABBDEB1,2026-01-20,bird nest,Sóng âm,ĐỘC QUYỀN NET - MUSIC FACTORY,,Sản xuất,3.00000000000000000000,0.00500000000000000000,-0.90143084260731319555,-0.87647768395657418577,3,4
f339899dbaeae9739374f05eac0ab4c9,HGFA002DCC725BB84E78BDA27CC94ABBDEB1,2026-01-15,bird nest,Sóng âm,ĐỘC QUYỀN NET - MUSIC FACTORY,,Sản xuất,7.00000000000000000000,0.00200000000000000000,-0.90143084260731319555,-0.87647768395657418577,3,4
6b036f36ef98783ffce00ccbee632894,HGFA002DCC725BB84E78BDA27CC94ABBDEB1,2026-01-21,bird nest,Sóng âm,ĐỘC QUYỀN NET - MUSIC FACTORY,,Sản xuất,1.00000000000000000000,0,-0.90143084260731319555,-0.87647768395657418577,3,4
f078b0289c60963d51e2ebc074c285ba,HGFA002DCC725BB84E78BDA27CC94ABBDEB1,2026-01-24,bird nest,Sóng âm,ĐỘC QUYỀN NET - MUSIC FACTORY,,Sản xuất,1.00000000000000000000,0,-0.90143084260731319555,-0.87647768395657418577,3,4
3542b7817292d51911cd4df2440f03a4,HGFA002DCC725BB84E78BDA27CC94ABBDEB1,2026-01-22,bird nest,Sóng âm,ĐỘC QUYỀN NET - MUSIC FACTORY,,Sản xuất,1.00000000000000000000,0,-0.90143084260731319555,-0.87647768395657418577,3,4
915d5817c99b9244475f4a68d54b3b8d,HGFA002DCC725BB84E78BDA27CC94ABBDEB1,2026-01-26,bird nest,Sóng âm,ĐỘC QUYỀN NET - MUSIC FACTORY,,Sản xuất,2.0000000000000000,0,-0.90143084260731319555,-0.87647768395657418577,3,4
7bb68c39e928f104c66477c0dc8de6e3,HGFA002DCC725BB84E78BDA27CC94ABBDEB1,2026-01-01,bird nest,Sóng âm,ĐỘC QUYỀN NET - MUSIC FACTORY,,Sản xuất,5.0000000000000000,0.06900000000000000000,-0.90143084260731319555,-0.87647768395657418577,3,4
f2d53be4bcf0e42d89dd705b9d4d8a7e,HGFA002DCC725BB84E78BDA27CC94ABBDEB1,2026-01-09,bird nest,Sóng âm,ĐỘC QUYỀN NET - MUSIC FACTORY,,Sản xuất,23.0000000000000000,0.19500000000000000000,-0.90143084260731319555,-0.87647768395657418577,3,4
b8fef05198206ac29a985a6d9ea0d9e0,HGFA002DCC725BB84E78BDA27CC94ABBDEB1,2026-01-25,bird nest,Sóng âm,ĐỘC QUYỀN NET - MUSIC FACTORY,,Sản xuất,1.00000000000000000000,0,-0.90143084260731319555,-0.87647768395657418577,3,4
0d7aa06fe69eb475bae0553686e98c0e,HGFA002DCC725BB84E78BDA27CC94ABBDEB1,2026-01-02,bird nest,Sóng âm,ĐỘC QUYỀN NET - MUSIC FACTORY,,Sản xuất,8.0000000000000000,0.05100000000000000000,-0.90143084260731319555,-0.87647768395657418577,3,4
4badee69e3cb98947474fd77cdd0c44a,HGFA002DCC725BB84E78BDA27CC94ABBDEB1,2026-01-06,bird nest,Sóng âm,ĐỘC QUYỀN NET - MUSIC FACTORY,,Sản xuất,4.0000000000000000,0.02400000000000000000,-0.90143084260731319555,-0.87647768395657418577,3,4
39137ab8eff32cf2f70e046de5fdf928,HGFA002DCC725BB84E78BDA27CC94ABBDEB1,2026-01-13,bird nest,Sóng âm,ĐỘC QUYỀN NET - MUSIC FACTORY,,Sản xuất,5.0000000000000000,0.01900000000000000000,-0.90143084260731319555,-0.87647768395657418577,3,4
b55e2a0fcb6a55886019eb6f5503e258,HGFA002DCC725BB84E78BDA27CC94ABBDEB1,2026-01-08,bird nest,Sóng âm,ĐỘC QUYỀN NET - MUSIC FACTORY,,Sản xuất,10.00000000000000000000,0.09700000000000000000,-0.90143084260731319555,-0.87647768395657418577,3,4
9451f627c7703cf5fc3ad7dea688c5d8,HGFA002DCC725BB84E78BDA27CC94ABBDEB1,2026-01-18,bird nest,Sóng âm,ĐỘC QUYỀN NET - MUSIC FACTORY,,Sản xuất,3.00000000000000000000,0.00300000000000000000,-0.90143084260731319555,-0.87647768395657418577,3,4
9dbea525cbb5efa812d62c81eff5d5f8,HGFA002DCC725BB84E78BDA27CC94ABBDEB1,2026-01-29,bird nest,Sóng âm,ĐỘC QUYỀN NET - MUSIC FACTORY,,Sản xuất,2.00000000000000000000,0,-0.90143084260731319555,-0.87647768395657418577,3,4
5e52967374b9f1b7af3f3859f473223a,HGFA002DCC725BB84E78BDA27CC94ABBDEB1,2026-01-12,bird nest,Sóng âm,ĐỘC QUYỀN NET - MUSIC FACTORY,,Sản xuất,4.0000000000000000,0.01900000000000000000,-0.90143084260731319555,-0.87647768395657418577,3,4
3bb40c86a74c29b4bcf82624c65f504b,HGFA002DCC725BB84E78BDA27CC94ABBDEB1,2026-01-14,bird nest,Sóng âm,ĐỘC QUYỀN NET - MUSIC FACTORY,,Sản xuất,2.00000000000000000000,0.00100000000000000000,-0.90143084260731319555,-0.87647768395657418577,3,4
ae92eccde289ec22277983a41af8e9e9,HGFA002DCC725BB84E78BDA27CC94ABBDEB1,2026-01-17,bird nest,Sóng âm,ĐỘC QUYỀN NET - MUSIC FACTORY,,Sản xuất,1.00000000000000000000,0,-0.90143084260731319555,-0.87647768395657418577,3,4
64a2e0eb818b5bc8507a6a3fdbf9d8c1,HGFA002DCC725BB84E78BDA27CC94ABBDEB1,2026-01-10,bird nest,Sóng âm,ĐỘC QUYỀN NET - MUSIC FACTORY,,Sản xuất,2.00000000000000000000,0,-0.90143084260731319555,-0.87647768395657418577,3,4
3a2d237225459640df4969d5a62f0ddb,HGFA002DCC725BB84E78BDA27CC94ABBDEB1,2026-01-05,bird nest,Sóng âm,ĐỘC QUYỀN NET - MUSIC FACTORY,,Sản xuất,2.00000000000000000000,0,-0.90143084260731319555,-0.87647768395657418577,3,4
be770045a22ddbb2bc9e88613ddf288b,HGFA002DCC725BB84E78BDA27CC94ABBDEB1,2026-01-31,bird nest,Sóng âm,ĐỘC QUYỀN NET - MUSIC FACTORY,,Sản xuất,6.00000000000000000000,0.00200000000000000000,-0.90143084260731319555,-0.87647768395657418577,3,4
358205b35ad0c7fcf7c53e742a828e2d,HGFA002DCC725BB84E78BDA27CC94ABBDEB1,2026-01-23,bird nest,Sóng âm,ĐỘC QUYỀN NET - MUSIC FACTORY,,Sản xuất,1.00000000000000000000,0,-0.90143084260731319555,-0.87647768395657418577,3,4
e38645cc20e7edec6dce83363fea387f,HGFA002DCC725BB84E78BDA27CC94ABBDEB1,2026-01-27,bird nest,Sóng âm,ĐỘC QUYỀN NET - MUSIC FACTORY,,Sản xuất,1.00000000000000000000,0,-0.90143084260731319555,-0.87647768395657418577,3,4
7fe90bc21bbc339be5ff93b66392b275,HGFA002DCC725BB84E78BDA27CC94ABBDEB1,2026-02-21,bird nest,Sóng âm,ĐỘC QUYỀN NET - MUSIC FACTORY,,Sản xuất,3.0000000000000000,0.00100000000000000000,-0.83870967741935483871,-0.74609375000000000000,3,4
69af84d7acb167b8997e6577ba92d47e,HGFA002DCC725BB84E78BDA27CC94ABBDEB1,2026-02-10,bird nest,Sóng âm,ĐỘC QUYỀN NET - MUSIC FACTORY,,Sản xuất,1.00000000000000000000,0.05400000000000000000,-0.83870967741935483871,-0.74609375000000000000,3,4
e71ae6bff1f17d789995bcd04053857f,HGFA002DCC725BB84E78BDA27CC94ABBDEB1,2026-02-11,bird nest,Sóng âm,ĐỘC QUYỀN NET - MUSIC FACTORY,,Sản xuất,1.00000000000000000000,0.00800000000000000000,-0.83870967741935483871,-0.74609375000000000000,3,4
ad7b8252f7d3893122069959149254d0,HGFA002DCC725BB84E78BDA27CC94ABBDEB1,2026-02-26,bird nest,Sóng âm,ĐỘC QUYỀN NET - MUSIC FACTORY,,Sản xuất,0,0.01300000000000000000,-0.83870967741935483871,-0.74609375000000000000,3,4
029a9178f2ac84d074c1655b695a0974,HGFA002DCC725BB84E78BDA27CC94ABBDEB1,2026-02-19,bird nest,Sóng âm,ĐỘC QUYỀN NET - MUSIC FACTORY,,Sản xuất,1.00000000000000000000,0.01700000000000000000,-0.83870967741935483871,-0.74609375000000000000,3,4
f7d2cb88f455706656cb3981d7c44022,HGFA002DCC725BB84E78BDA27CC94ABBDEB1,2026-02-07,bird nest,Sóng âm,ĐỘC QUYỀN NET - MUSIC FACTORY,,Sản xuất,1.00000000000000000000,0,-0.83870967741935483871,-0.74609375000000000000,3,4
e54a6d87928b56074285eebd49373a67,HGFA002DCC725BB84E78BDA27CC94ABBDEB1,2026-02-05,bird nest,Sóng âm,ĐỘC QUYỀN NET - MUSIC FACTORY,,Sản xuất,0,0,-0.83870967741935483871,-0.74609375000000000000,3,4
9b1cfb7fa615cb5effdd82615be33ba4,HGFA002DCC725BB84E78BDA27CC94ABBDEB1,2026-02-12,bird nest,Sóng âm,ĐỘC QUYỀN NET - MUSIC FACTORY,,Sản xuất,1.00000000000000000000,0,-0.83870967741935483871,-0.74609375000000000000,3,4
971299e7e685f85779eda1993bc9870c,HGFA002DCC725BB84E78BDA27CC94ABBDEB1,2026-02-25,bird nest,Sóng âm,ĐỘC QUYỀN NET - MUSIC FACTORY,,Sản xuất,1.00000000000000000000,0.00200000000000000000,-0.83870967741935483871,-0.74609375000000000000,3,4
15b7b8e0094986e10d80765adbc15aea,HGFA002DCC725BB84E78BDA27CC94ABBDEB1,2026-02-01,bird nest,Sóng âm,ĐỘC QUYỀN NET - MUSIC FACTORY,,Sản xuất,1.00000000000000000000,0.00500000000000000000,-0.83870967741935483871,-0.74609375000000000000,3,4
91f962885042061f2c1b105cb68ec172,HGFA002DCC725BB84E78BDA27CC94ABBDEB1,2026-02-18,bird nest,Sóng âm,ĐỘC QUYỀN NET - MUSIC FACTORY,,Sản xuất,1.00000000000000000000,0,-0.83870967741935483871,-0.74609375000000000000,3,4
c32f1bf3419f95ac6e6aef8b2219d667,HGFA002DCC725BB84E78BDA27CC94ABBDEB1,2026-02-09,bird nest,Sóng âm,ĐỘC QUYỀN NET - MUSIC FACTORY,,Sản xuất,1.00000000000000000000,0,-0.83870967741935483871,-0.74609375000000000000,3,4
4ce699858e4889739aaf4b0e610dd341,HGFA002DCC725BB84E78BDA27CC94ABBDEB1,2026-02-02,bird nest,Sóng âm,ĐỘC QUYỀN NET - MUSIC FACTORY,,Sản xuất,2.0000000000000000,0.02000000000000000000,-0.83870967741935483871,-0.74609375000000000000,3,4
9d57aac71762734a28f762c1b195f032,HGFA002DCC725BB84E78BDA27CC94ABBDEB1,2026-02-24,bird nest,Sóng âm,ĐỘC QUYỀN NET - MUSIC FACTORY,,Sản xuất,1.00000000000000000000,0.00400000000000000000,-0.83870967741935483871,-0.74609375000000000000,3,4
e8fd918af3e7e1b022286f68af41f8bf,HGFA002DCC725BB84E78BDA27CC94ABBDEB1,2026-02-03,bird nest,Sóng âm,ĐỘC QUYỀN NET - MUSIC FACTORY,,Sản xuất,1.00000000000000000000,0.00100000000000000000,-0.83870967741935483871,-0.74609375000000000000,3,4
ed77dd3a4d6d5dd4927e4059d628259e,HGFA002DCC725BB84E78BDA27CC94ABBDEB1,2026-02-06,bird nest,Sóng âm,ĐỘC QUYỀN NET - MUSIC FACTORY,,Sản xuất,0,0,-0.83870967741935483871,-0.74609375000000000000,3,4
f425dd798da0e821f0f438067add761c,HGFA002DCC725BB84E78BDA27CC94ABBDEB1,2026-02-27,bird nest,Sóng âm,ĐỘC QUYỀN NET - MUSIC FACTORY,,Sản xuất,1.00000000000000000000,0,-0.83870967741935483871,-0.74609375000000000000,3,4
98c8ab95ee8803957d38c1618a8e5b4c,HGFA002DCC725BB84E78BDA27CC94ABBDEB1,2026-02-15,bird nest,Sóng âm,ĐỘC QUYỀN NET - MUSIC FACTORY,,Sản xuất,2.0000000000000000,0.00500000000000000000,-0.83870967741935483871,-0.74609375000000000000,3,4
ae85fdee6db3dfd2e1263b545d448e9b,HGFA002DCC725BB84E78BDA27CC94ABBDEB1,2026-02-04,bird nest,Sóng âm,ĐỘC QUYỀN NET - MUSIC FACTORY,,Sản xuất,1.00000000000000000000,0,-0.83870967741935483871,-0.74609375000000000000,3,4
08a09b1c06debc1dd995c339f709c03b,HGFA002DCC725BB84E78BDA27CC94ABBDEB1,2026-03-23,bird nest,Sóng âm,ĐỘC QUYỀN NET - MUSIC FACTORY,,Sản xuất,1.00000000000000000000,0,-0.30000000000000000000,-0.77692307692307692308,3,4
ec0b3ee10063b03209921c36da027e63,HGFA002DCC725BB84E78BDA27CC94ABBDEB1,2026-03-12,bird nest,Sóng âm,ĐỘC QUYỀN NET - MUSIC FACTORY,,Sản xuất,1.00000000000000000000,0.00100000000000000000,-0.30000000000000000000,-0.77692307692307692308,3,4
0faa54c7053eee55604f5abf7a794190,HGFA002DCC725BB84E78BDA27CC94ABBDEB1,2026-03-16,bird nest,Sóng âm,ĐỘC QUYỀN NET - MUSIC FACTORY,,Sản xuất,1.00000000000000000000,0,-0.30000000000000000000,-0.77692307692307692308,3,4
4f0d312d2785d7f08ec022eeaefea01d,HGFA002DCC725BB84E78BDA27CC94ABBDEB1,2026-03-08,bird nest,Sóng âm,ĐỘC QUYỀN NET - MUSIC FACTORY,,Sản xuất,1.00000000000000000000,0,-0.30000000000000000000,-0.77692307692307692308,3,4
961e11558ea00ca17b21bb6ca65d9da2,HGFA002DCC725BB84E78BDA27CC94ABBDEB1,2026-03-07,bird nest,Sóng âm,ĐỘC QUYỀN NET - MUSIC FACTORY,,Sản xuất,2.00000000000000000000,0.01000000000000000000,-0.30000000000000000000,-0.77692307692307692308,3,4
d4b3dcae62ef9bcbcd9ce7678ed9dee3,HGFA002DCC725BB84E78BDA27CC94ABBDEB1,2026-03-21,bird nest,Sóng âm,ĐỘC QUYỀN NET - MUSIC FACTORY,,Sản xuất,1.00000000000000000000,0,-0.30000000000000000000,-0.77692307692307692308,3,4
f6c31b577bf9fa332fbb77e8f891cc14,HGFA002DCC725BB84E78BDA27CC94ABBDEB1,2026-03-14,bird nest,Sóng âm,ĐỘC QUYỀN NET - MUSIC FACTORY,,Sản xuất,1.00000000000000000000,0.00500000000000000000,-0.30000000000000000000,-0.77692307692307692308,3,4
0821ddeb89ec386bfdb57e1b23f2eeb0,HGFA002DCC725BB84E78BDA27CC94ABBDEB1,2026-03-29,bird nest,Sóng âm,ĐỘC QUYỀN NET - MUSIC FACTORY,,Sản xuất,1.00000000000000000000,0,-0.30000000000000000000,-0.77692307692307692308,3,4
4dd49500ee7833aacba3806044871b5d,HGFA002DCC725BB84E78BDA27CC94ABBDEB1,2026-03-17,bird nest,Sóng âm,ĐỘC QUYỀN NET - MUSIC FACTORY,,Sản xuất,1.00000000000000000000,0,-0.30000000000000000000,-0.77692307692307692308,3,4
3bef5d5852dabe56878a7eb9cfe341c1,HGFA002DCC725BB84E78BDA27CC94ABBDEB1,2026-03-10,bird nest,Sóng âm,ĐỘC QUYỀN NET - MUSIC FACTORY,,Sản xuất,1.00000000000000000000,0.00100000000000000000,-0.30000000000000000000,-0.77692307692307692308,3,4
e579e5ae6053b6ff7b14ac4c4801213f,HGFA002DCC725BB84E78BDA27CC94ABBDEB1,2026-03-19,bird nest,Sóng âm,ĐỘC QUYỀN NET - MUSIC FACTORY,,Sản xuất,1.00000000000000000000,0,-0.30000000000000000000,-0.77692307692307692308,3,4
9767752027adc25d84ce0a8f4fd71613,HGFA002DCC725BB84E78BDA27CC94ABBDEB1,2026-03-13,bird nest,Sóng âm,ĐỘC QUYỀN NET - MUSIC FACTORY,,Sản xuất,1.00000000000000000000,0.01200000000000000000,-0.30000000000000000000,-0.77692307692307692308,3,4
