fact_revenue_view_youtube_sk,video_id,channel_id,video_url,published_date,video_name,revenue_amount,view,rpm,revenue_date
4ae6c93b15c1c5c6de0eae30ce6808f7,---yh2sxSYI,UCk7KJVbyyZ8R48IHSUmYvFw,https://www.youtube.com/watch?v=---yh2sxSYI,2026-06-22 18:47:20,Smoke Mood - Just Relax | Chill House & Deep House Mix 🎧 Chill / Night Vibes Vol. 6 / Stress Relief,0.039,10,3.90000000000000000000,2026-06-27
12b997c09c080cf0aad9cd3973f8c5a6,---yh2sxSYI,UCk7KJVbyyZ8R48IHSUmYvFw,https://www.youtube.com/watch?v=---yh2sxSYI,2026-06-22 18:47:20,Smoke Mood - Just Relax | Chill House & Deep House Mix 🎧 Chill / Night Vibes Vol. 6 / Stress Relief,0.018,9,2.00000000000000000000,2026-06-28
a0932bb6b8a48c5154abf1c0a9e9ddee,---yh2sxSYI,UCk7KJVbyyZ8R48IHSUmYvFw,https://www.youtube.com/watch?v=---yh2sxSYI,2026-06-22 18:47:20,Smoke Mood - Just Relax | Chill House & Deep House Mix 🎧 Chill / Night Vibes Vol. 6 / Stress Relief,0.094,6,15.66666666666666667000,2026-06-29
6e3edc1f2d4e577ca62c2912799785ab,---yh2sxSYI,UCk7KJVbyyZ8R48IHSUmYvFw,https://www.youtube.com/watch?v=---yh2sxSYI,2026-06-22 18:47:20,Smoke Mood - Just Relax | Chill House & Deep House Mix 🎧 Chill / Night Vibes Vol. 6 / Stress Relief,8.06,2925,2.75555555555555556000,2026-06-22
c7dbd1683f590c26f9c118855abdf204,---yh2sxSYI,UCk7KJVbyyZ8R48IHSUmYvFw,https://www.youtube.com/watch?v=---yh2sxSYI,2026-06-22 18:47:20,Smoke Mood - Just Relax | Chill House & Deep House Mix 🎧 Chill / Night Vibes Vol. 6 / Stress Relief,0.015,3,5.00000000000000000000,2026-06-30
2c965b78b9034f56a01e5f305b121deb,---yh2sxSYI,UCk7KJVbyyZ8R48IHSUmYvFw,https://www.youtube.com/watch?v=---yh2sxSYI,2026-06-22 18:47:20,Smoke Mood - Just Relax | Chill House & Deep House Mix 🎧 Chill / Night Vibes Vol. 6 / Stress Relief,0.016,4,4.00000000000000000000,2026-07-01
9b694f6fb3d5f1813f46313008d12c9a,---yh2sxSYI,UCk7KJVbyyZ8R48IHSUmYvFw,https://www.youtube.com/watch?v=---yh2sxSYI,2026-06-22 18:47:20,Smoke Mood - Just Relax | Chill House & Deep House Mix 🎧 Chill / Night Vibes Vol. 6 / Stress Relief,0.009,3,3.00000000000000000000,2026-07-02
00e9601e564632fe8258faffdef4849b,---yh2sxSYI,UCk7KJVbyyZ8R48IHSUmYvFw,https://www.youtube.com/watch?v=---yh2sxSYI,2026-06-22 18:47:20,Smoke Mood - Just Relax | Chill House & Deep House Mix 🎧 Chill / Night Vibes Vol. 6 / Stress Relief,0,4,0.00000000000000000000,2026-07-03
fec84a26af0ccdc02441508203c98813,---yh2sxSYI,UCk7KJVbyyZ8R48IHSUmYvFw,https://www.youtube.com/watch?v=---yh2sxSYI,2026-06-22 18:47:20,Smoke Mood - Just Relax | Chill House & Deep House Mix 🎧 Chill / Night Vibes Vol. 6 / Stress Relief,0,2,0.00000000000000000000,2026-07-04
036e8f1c59dfd732cea96acedd9690f7,---yh2sxSYI,UCk7KJVbyyZ8R48IHSUmYvFw,https://www.youtube.com/watch?v=---yh2sxSYI,2026-06-22 18:47:20,Smoke Mood - Just Relax | Chill House & Deep House Mix 🎧 Chill / Night Vibes Vol. 6 / Stress Relief,0,1,0.00000000000000000000,2026-07-06
23c5fdaa60cc3c448b09e2ce06435b95,---yh2sxSYI,UCk7KJVbyyZ8R48IHSUmYvFw,https://www.youtube.com/watch?v=---yh2sxSYI,2026-06-22 18:47:20,Smoke Mood - Just Relax | Chill House & Deep House Mix 🎧 Chill / Night Vibes Vol. 6 / Stress Relief,0,1,0.00000000000000000000,2026-07-07
b26ad10379f111f4a0831ed4e4bfe51e,---yh2sxSYI,UCk7KJVbyyZ8R48IHSUmYvFw,https://www.youtube.com/watch?v=---yh2sxSYI,2026-06-22 18:47:20,Smoke Mood - Just Relax | Chill House & Deep House Mix 🎧 Chill / Night Vibes Vol. 6 / Stress Relief,0.008,2,4.00000000000000000000,2026-07-08
3f8d2fc9fc4a2687debeea6ef74c918a,---yh2sxSYI,UCk7KJVbyyZ8R48IHSUmYvFw,https://www.youtube.com/watch?v=---yh2sxSYI,2026-06-22 18:47:20,Smoke Mood - Just Relax | Chill House & Deep House Mix 🎧 Chill / Night Vibes Vol. 6 / Stress Relief,0,1,0.00000000000000000000,2026-07-09
08e43146f3d7b12eaeb99202ca7e5799,---yh2sxSYI,UCk7KJVbyyZ8R48IHSUmYvFw,https://www.youtube.com/watch?v=---yh2sxSYI,2026-06-22 18:47:20,Smoke Mood - Just Relax | Chill House & Deep House Mix 🎧 Chill / Night Vibes Vol. 6 / Stress Relief,0,1,0.00000000000000000000,2026-07-10
7ea602c37a8e55e3de35f916b7b6df9b,---yh2sxSYI,UCk7KJVbyyZ8R48IHSUmYvFw,https://www.youtube.com/watch?v=---yh2sxSYI,2026-06-22 18:47:20,Smoke Mood - Just Relax | Chill House & Deep House Mix 🎧 Chill / Night Vibes Vol. 6 / Stress Relief,0,2,0.00000000000000000000,2026-07-11
6566cf72ed68f0180d5c3d9d5d8abe11,---yh2sxSYI,UCk7KJVbyyZ8R48IHSUmYvFw,https://www.youtube.com/watch?v=---yh2sxSYI,2026-06-22 18:47:20,Smoke Mood - Just Relax | Chill House & Deep House Mix 🎧 Chill / Night Vibes Vol. 6 / Stress Relief,0,1,0.00000000000000000000,2026-07-12
78c0ed63cfe3be439b8212a8ee3b995e,---yh2sxSYI,UCk7KJVbyyZ8R48IHSUmYvFw,https://www.youtube.com/watch?v=---yh2sxSYI,2026-06-22 18:47:20,Smoke Mood - Just Relax | Chill House & Deep House Mix 🎧 Chill / Night Vibes Vol. 6 / Stress Relief,0,3,0.00000000000000000000,2026-07-13
e15f676acc47eaf077e0b7b2eed9b9fc,---yh2sxSYI,UCk7KJVbyyZ8R48IHSUmYvFw,https://www.youtube.com/watch?v=---yh2sxSYI,2026-06-22 18:47:20,Smoke Mood - Just Relax | Chill House & Deep House Mix 🎧 Chill / Night Vibes Vol. 6 / Stress Relief,0,1,0.00000000000000000000,2026-08-06
2a35db68e98a5064bf7eac6ec42357c2,---yh2sxSYI,UCk7KJVbyyZ8R48IHSUmYvFw,https://www.youtube.com/watch?v=---yh2sxSYI,2026-06-22 18:47:20,Smoke Mood - Just Relax | Chill House & Deep House Mix 🎧 Chill / Night Vibes Vol. 6 / Stress Relief,0,1,0.00000000000000000000,2026-08-02
e76f63b987c5d2d7a523aa0a35bafc00,---yh2sxSYI,UCk7KJVbyyZ8R48IHSUmYvFw,https://www.youtube.com/watch?v=---yh2sxSYI,2026-06-22 18:47:20,Smoke Mood - Just Relax | Chill House & Deep House Mix 🎧 Chill / Night Vibes Vol. 6 / Stress Relief,0,1,0.00000000000000000000,2026-08-01
b29d9cc4f7890a8ffade79c380c8a269,---yh2sxSYI,UCk7KJVbyyZ8R48IHSUmYvFw,https://www.youtube.com/watch?v=---yh2sxSYI,2026-06-22 18:47:20,Smoke Mood - Just Relax | Chill House & Deep House Mix 🎧 Chill / Night Vibes Vol. 6 / Stress Relief,0,1,0.00000000000000000000,2026-07-31
0ea439ca0a3e016b918946263a4b1a39,---yh2sxSYI,UCk7KJVbyyZ8R48IHSUmYvFw,https://www.youtube.com/watch?v=---yh2sxSYI,2026-06-22 18:47:20,Smoke Mood - Just Relax | Chill House & Deep House Mix 🎧 Chill / Night Vibes Vol. 6 / Stress Relief,0,0,0,2026-07-22
8518ec21bc8d5a29892afea90c02d4c7,---yh2sxSYI,UCk7KJVbyyZ8R48IHSUmYvFw,https://www.youtube.com/watch?v=---yh2sxSYI,2026-06-22 18:47:20,Smoke Mood - Just Relax | Chill House & Deep House Mix 🎧 Chill / Night Vibes Vol. 6 / Stress Relief,0,2,0.00000000000000000000,2026-07-21
572d4efa6df3dc41e9c182946f297ac0,---yh2sxSYI,UCk7KJVbyyZ8R48IHSUmYvFw,https://www.youtube.com/watch?v=---yh2sxSYI,2026-06-22 18:47:20,Smoke Mood - Just Relax | Chill House & Deep House Mix 🎧 Chill / Night Vibes Vol. 6 / Stress Relief,0,2,0.00000000000000000000,2026-07-19
33866035af7c5dd5b4853ae69aa7afd6,---yh2sxSYI,UCk7KJVbyyZ8R48IHSUmYvFw,https://www.youtube.com/watch?v=---yh2sxSYI,2026-06-22 18:47:20,Smoke Mood - Just Relax | Chill House & Deep House Mix 🎧 Chill / Night Vibes Vol. 6 / Stress Relief,0,3,0.00000000000000000000,2026-07-18
da5ffb04bc7dd546cf3907185bab9317,---yh2sxSYI,UCk7KJVbyyZ8R48IHSUmYvFw,https://www.youtube.com/watch?v=---yh2sxSYI,2026-06-22 18:47:20,Smoke Mood - Just Relax | Chill House & Deep House Mix 🎧 Chill / Night Vibes Vol. 6 / Stress Relief,0,1,0.00000000000000000000,2026-07-17
53e0cffe88bee68eb041bf1e3c901d52,---yh2sxSYI,UCk7KJVbyyZ8R48IHSUmYvFw,https://www.youtube.com/watch?v=---yh2sxSYI,2026-06-22 18:47:20,Smoke Mood - Just Relax | Chill House & Deep House Mix 🎧 Chill / Night Vibes Vol. 6 / Stress Relief,0,2,0.00000000000000000000,2026-07-14
92047390e1c930249c9504644bde4b83,---yh2sxSYI,UCk7KJVbyyZ8R48IHSUmYvFw,https://www.youtube.com/watch?v=---yh2sxSYI,2026-06-22 18:47:20,Smoke Mood - Just Relax | Chill House & Deep House Mix 🎧 Chill / Night Vibes Vol. 6 / Stress Relief,0,1,0.00000000000000000000,2026-07-15
a6c4ee0d23b428a38b176854c181652e,---yh2sxSYI,UCk7KJVbyyZ8R48IHSUmYvFw,https://www.youtube.com/watch?v=---yh2sxSYI,2026-06-22 18:47:20,Smoke Mood - Just Relax | Chill House & Deep House Mix 🎧 Chill / Night Vibes Vol. 6 / Stress Relief,0.303,38,7.97368421052631579000,2026-06-23
ac5def87d1f2b0b47cacb49090665442,---yh2sxSYI,UCk7KJVbyyZ8R48IHSUmYvFw,https://www.youtube.com/watch?v=---yh2sxSYI,2026-06-22 18:47:20,Smoke Mood - Just Relax | Chill House & Deep House Mix 🎧 Chill / Night Vibes Vol. 6 / Stress Relief,0.027,11,2.45454545454545455000,2026-06-24
42fa828bf783d9e94234297438e648f1,---yh2sxSYI,UCk7KJVbyyZ8R48IHSUmYvFw,https://www.youtube.com/watch?v=---yh2sxSYI,2026-06-22 18:47:20,Smoke Mood - Just Relax | Chill House & Deep House Mix 🎧 Chill / Night Vibes Vol. 6 / Stress Relief,0.111,36,3.08333333333333333000,2026-06-21
01d9fef0b714337472adc0dbf21d2747,---yh2sxSYI,UCk7KJVbyyZ8R48IHSUmYvFw,https://www.youtube.com/watch?v=---yh2sxSYI,2026-06-22 18:47:20,Smoke Mood - Just Relax | Chill House & Deep House Mix 🎧 Chill / Night Vibes Vol. 6 / Stress Relief,0.042,8,5.25000000000000000000,2026-06-25
1234b4e8daf147b40bafe667d172fadc,---yh2sxSYI,UCk7KJVbyyZ8R48IHSUmYvFw,https://www.youtube.com/watch?v=---yh2sxSYI,2026-06-22 18:47:20,Smoke Mood - Just Relax | Chill House & Deep House Mix 🎧 Chill / Night Vibes Vol. 6 / Stress Relief,0.097,11,8.81818181818181818000,2026-06-26
306cadf74676c74e71b6e36df2ab444a,--0SJPfwvLw,UCtAQ8kQhFHRplepFkRplLqQ,https://www.youtube.com/watch?v=--0SJPfwvLw,2023-12-26 00:00:00,FALL INTO SLEEP INSTANTLY - Music for Anxiety Reduction and Deep Sleep - Remove Insomnia Forever,0,1,0.00000000000000000000,2026-01-02
27ff57b8fe48364600b738b371d5a19d,--0SJPfwvLw,UCtAQ8kQhFHRplepFkRplLqQ,https://www.youtube.com/watch?v=--0SJPfwvLw,2023-12-26 00:00:00,FALL INTO SLEEP INSTANTLY - Music for Anxiety Reduction and Deep Sleep - Remove Insomnia Forever,0.001,0,0,2025-07-09
e3e168e5ffbbf09890b01fd8f343c7de,--0SJPfwvLw,UCtAQ8kQhFHRplepFkRplLqQ,https://www.youtube.com/watch?v=--0SJPfwvLw,2023-12-26 00:00:00,FALL INTO SLEEP INSTANTLY - Music for Anxiety Reduction and Deep Sleep - Remove Insomnia Forever,0,1,0.00000000000000000000,2025-07-10
f38189f2fb0ed4ef3604065f66b579f3,--0SJPfwvLw,UCtAQ8kQhFHRplepFkRplLqQ,https://www.youtube.com/watch?v=--0SJPfwvLw,2023-12-26 00:00:00,FALL INTO SLEEP INSTANTLY - Music for Anxiety Reduction and Deep Sleep - Remove Insomnia Forever,0.003,3,1.00000000000000000000,2025-07-15
14b8ba98aac773f60d77a41e69aec527,--0SJPfwvLw,UCtAQ8kQhFHRplepFkRplLqQ,https://www.youtube.com/watch?v=--0SJPfwvLw,2023-12-26 00:00:00,FALL INTO SLEEP INSTANTLY - Music for Anxiety Reduction and Deep Sleep - Remove Insomnia Forever,0,1,0.00000000000000000000,2025-07-17
8892cf91b772db0fb6ad5197cc15b0cc,--0SJPfwvLw,UCtAQ8kQhFHRplepFkRplLqQ,https://www.youtube.com/watch?v=--0SJPfwvLw,2023-12-26 00:00:00,FALL INTO SLEEP INSTANTLY - Music for Anxiety Reduction and Deep Sleep - Remove Insomnia Forever,0,1,0.00000000000000000000,2025-07-18
66ac023e7103334d2411a997df3761ad,--0SJPfwvLw,UCtAQ8kQhFHRplepFkRplLqQ,https://www.youtube.com/watch?v=--0SJPfwvLw,2023-12-26 00:00:00,FALL INTO SLEEP INSTANTLY - Music for Anxiety Reduction and Deep Sleep - Remove Insomnia Forever,0,3,0.00000000000000000000,2025-07-20
a2362a315e38e7de673387c17b90cccc,--0SJPfwvLw,UCtAQ8kQhFHRplepFkRplLqQ,https://www.youtube.com/watch?v=--0SJPfwvLw,2023-12-26 00:00:00,FALL INTO SLEEP INSTANTLY - Music for Anxiety Reduction and Deep Sleep - Remove Insomnia Forever,0,1,0.00000000000000000000,2025-07-21
369f05a110884c22dd58a7f1fca09b60,--0SJPfwvLw,UCtAQ8kQhFHRplepFkRplLqQ,https://www.youtube.com/watch?v=--0SJPfwvLw,2023-12-26 00:00:00,FALL INTO SLEEP INSTANTLY - Music for Anxiety Reduction and Deep Sleep - Remove Insomnia Forever,0,1,0.00000000000000000000,2025-07-29
8082f4f3dc435d7f34740209cb9d55d0,--0SJPfwvLw,UCtAQ8kQhFHRplepFkRplLqQ,https://www.youtube.com/watch?v=--0SJPfwvLw,2023-12-26 00:00:00,FALL INTO SLEEP INSTANTLY - Music for Anxiety Reduction and Deep Sleep - Remove Insomnia Forever,0.002,1,2.00000000000000000000,2025-08-01
37a0e0b9cf7f348f2c55785a7f14f1a5,--0SJPfwvLw,UCtAQ8kQhFHRplepFkRplLqQ,https://www.youtube.com/watch?v=--0SJPfwvLw,2023-12-26 00:00:00,FALL INTO SLEEP INSTANTLY - Music for Anxiety Reduction and Deep Sleep - Remove Insomnia Forever,0,1,0.00000000000000000000,2025-08-11
2b08edb5bc9e20af9f15a64aff217160,--0SJPfwvLw,UCtAQ8kQhFHRplepFkRplLqQ,https://www.youtube.com/watch?v=--0SJPfwvLw,2023-12-26 00:00:00,FALL INTO SLEEP INSTANTLY - Music for Anxiety Reduction and Deep Sleep - Remove Insomnia Forever,0.015,1,15.00000000000000000000,2025-08-12
b7122467986bca969204bee0698e0e63,--0SJPfwvLw,UCtAQ8kQhFHRplepFkRplLqQ,https://www.youtube.com/watch?v=--0SJPfwvLw,2023-12-26 00:00:00,FALL INTO SLEEP INSTANTLY - Music for Anxiety Reduction and Deep Sleep - Remove Insomnia Forever,0.002,1,2.00000000000000000000,2025-08-15
4a3eb70aadb5bf1efbc07eed1fc2f79d,--0SJPfwvLw,UCtAQ8kQhFHRplepFkRplLqQ,https://www.youtube.com/watch?v=--0SJPfwvLw,2023-12-26 00:00:00,FALL INTO SLEEP INSTANTLY - Music for Anxiety Reduction and Deep Sleep - Remove Insomnia Forever,0,0,0,2026-08-07
35f355094675ea6282eabb2a123c16ee,--0SJPfwvLw,UCtAQ8kQhFHRplepFkRplLqQ,https://www.youtube.com/watch?v=--0SJPfwvLw,2023-12-26 00:00:00,FALL INTO SLEEP INSTANTLY - Music for Anxiety Reduction and Deep Sleep - Remove Insomnia Forever,0,0,0,2026-07-28
10d50f394ef16b6a0b35c9fa1cf75461,--0SJPfwvLw,UCtAQ8kQhFHRplepFkRplLqQ,https://www.youtube.com/watch?v=--0SJPfwvLw,2023-12-26 00:00:00,FALL INTO SLEEP INSTANTLY - Music for Anxiety Reduction and Deep Sleep - Remove Insomnia Forever,0,0,0,2026-07-19
6a57387caefee151071925f332875404,--0SJPfwvLw,UCtAQ8kQhFHRplepFkRplLqQ,https://www.youtube.com/watch?v=--0SJPfwvLw,2023-12-26 00:00:00,FALL INTO SLEEP INSTANTLY - Music for Anxiety Reduction and Deep Sleep - Remove Insomnia Forever,0,1,0.00000000000000000000,2026-07-17
fdf6eac45cd268459b24303bfc89a260,--0SJPfwvLw,UCtAQ8kQhFHRplepFkRplLqQ,https://www.youtube.com/watch?v=--0SJPfwvLw,2023-12-26 00:00:00,FALL INTO SLEEP INSTANTLY - Music for Anxiety Reduction and Deep Sleep - Remove Insomnia Forever,0,1,0.00000000000000000000,2026-07-04
ad23e3988d8e61a6047383dc514fdc9f,--0SJPfwvLw,UCtAQ8kQhFHRplepFkRplLqQ,https://www.youtube.com/watch?v=--0SJPfwvLw,2023-12-26 00:00:00,FALL INTO SLEEP INSTANTLY - Music for Anxiety Reduction and Deep Sleep - Remove Insomnia Forever,0,1,0.00000000000000000000,2026-06-17
f5091d36d36ff55d8f4884016f4ce752,--0SJPfwvLw,UCtAQ8kQhFHRplepFkRplLqQ,https://www.youtube.com/watch?v=--0SJPfwvLw,2023-12-26 00:00:00,FALL INTO SLEEP INSTANTLY - Music for Anxiety Reduction and Deep Sleep - Remove Insomnia Forever,0,0,0,2026-06-12
8fe35d9b79e5704dc6d6e6bd206ff7cf,--0SJPfwvLw,UCtAQ8kQhFHRplepFkRplLqQ,https://www.youtube.com/watch?v=--0SJPfwvLw,2023-12-26 00:00:00,FALL INTO SLEEP INSTANTLY - Music for Anxiety Reduction and Deep Sleep - Remove Insomnia Forever,0,1,0.00000000000000000000,2026-06-11
9d522024040b2fc176073b4639aa7687,--0SJPfwvLw,UCtAQ8kQhFHRplepFkRplLqQ,https://www.youtube.com/watch?v=--0SJPfwvLw,2023-12-26 00:00:00,FALL INTO SLEEP INSTANTLY - Music for Anxiety Reduction and Deep Sleep - Remove Insomnia Forever,0,1,0.00000000000000000000,2026-06-04
69dc4ca265c2161f403cf9091322e515,--0SJPfwvLw,UCtAQ8kQhFHRplepFkRplLqQ,https://www.youtube.com/watch?v=--0SJPfwvLw,2023-12-26 00:00:00,FALL INTO SLEEP INSTANTLY - Music for Anxiety Reduction and Deep Sleep - Remove Insomnia Forever,0,1,0.00000000000000000000,2026-05-23
4153e622218dbdca6b9922b4f48ffd6a,--0SJPfwvLw,UCtAQ8kQhFHRplepFkRplLqQ,https://www.youtube.com/watch?v=--0SJPfwvLw,2023-12-26 00:00:00,FALL INTO SLEEP INSTANTLY - Music for Anxiety Reduction and Deep Sleep - Remove Insomnia Forever,0,1,0.00000000000000000000,2026-05-07
f965532b6ad878e17aac9b28ac788d5d,--0SJPfwvLw,UCtAQ8kQhFHRplepFkRplLqQ,https://www.youtube.com/watch?v=--0SJPfwvLw,2023-12-26 00:00:00,FALL INTO SLEEP INSTANTLY - Music for Anxiety Reduction and Deep Sleep - Remove Insomnia Forever,0,1,0.00000000000000000000,2026-04-27
e2a2f902a6bb135f955f7871ff6118a7,--0SJPfwvLw,UCtAQ8kQhFHRplepFkRplLqQ,https://www.youtube.com/watch?v=--0SJPfwvLw,2023-12-26 00:00:00,FALL INTO SLEEP INSTANTLY - Music for Anxiety Reduction and Deep Sleep - Remove Insomnia Forever,0,0,0,2026-04-25
f070156f1ade283ae8744c44ac78f1f7,--0SJPfwvLw,UCtAQ8kQhFHRplepFkRplLqQ,https://www.youtube.com/watch?v=--0SJPfwvLw,2023-12-26 00:00:00,FALL INTO SLEEP INSTANTLY - Music for Anxiety Reduction and Deep Sleep - Remove Insomnia Forever,0,1,0.00000000000000000000,2026-04-12
d7f1895d75eaadd7885ad3f8fe1b5f9c,--0SJPfwvLw,UCtAQ8kQhFHRplepFkRplLqQ,https://www.youtube.com/watch?v=--0SJPfwvLw,2023-12-26 00:00:00,FALL INTO SLEEP INSTANTLY - Music for Anxiety Reduction and Deep Sleep - Remove Insomnia Forever,0,1,0.00000000000000000000,2026-04-10
9e22b164b88e027a85ebb0ab19f38e17,--0SJPfwvLw,UCtAQ8kQhFHRplepFkRplLqQ,https://www.youtube.com/watch?v=--0SJPfwvLw,2023-12-26 00:00:00,FALL INTO SLEEP INSTANTLY - Music for Anxiety Reduction and Deep Sleep - Remove Insomnia Forever,0,0,0,2026-04-09
1a32943b2fc659870a28141b08dce479,--0SJPfwvLw,UCtAQ8kQhFHRplepFkRplLqQ,https://www.youtube.com/watch?v=--0SJPfwvLw,2023-12-26 00:00:00,FALL INTO SLEEP INSTANTLY - Music for Anxiety Reduction and Deep Sleep - Remove Insomnia Forever,0,1,0.00000000000000000000,2026-04-03
38a78bd3ae683bd68f2a58c8f2d757b1,--0SJPfwvLw,UCtAQ8kQhFHRplepFkRplLqQ,https://www.youtube.com/watch?v=--0SJPfwvLw,2023-12-26 00:00:00,FALL INTO SLEEP INSTANTLY - Music for Anxiety Reduction and Deep Sleep - Remove Insomnia Forever,0,0,0,2026-03-29
d697a6e7a333b4675364695ca7f9dcb5,--0SJPfwvLw,UCtAQ8kQhFHRplepFkRplLqQ,https://www.youtube.com/watch?v=--0SJPfwvLw,2023-12-26 00:00:00,FALL INTO SLEEP INSTANTLY - Music for Anxiety Reduction and Deep Sleep - Remove Insomnia Forever,0.003,2,1.50000000000000000000,2026-03-25
f3e40fa461cf2f2e819e9aab2fb2b4ba,--0SJPfwvLw,UCtAQ8kQhFHRplepFkRplLqQ,https://www.youtube.com/watch?v=--0SJPfwvLw,2023-12-26 00:00:00,FALL INTO SLEEP INSTANTLY - Music for Anxiety Reduction and Deep Sleep - Remove Insomnia Forever,0,1,0.00000000000000000000,2026-03-22
9e488b9b1ad668bf9cf00c1859d4bb10,--0SJPfwvLw,UCtAQ8kQhFHRplepFkRplLqQ,https://www.youtube.com/watch?v=--0SJPfwvLw,2023-12-26 00:00:00,FALL INTO SLEEP INSTANTLY - Music for Anxiety Reduction and Deep Sleep - Remove Insomnia Forever,0,1,0.00000000000000000000,2026-03-15
3f791c20b48a331bd79b50fe54edeb98,--0SJPfwvLw,UCtAQ8kQhFHRplepFkRplLqQ,https://www.youtube.com/watch?v=--0SJPfwvLw,2023-12-26 00:00:00,FALL INTO SLEEP INSTANTLY - Music for Anxiety Reduction and Deep Sleep - Remove Insomnia Forever,0,1,0.00000000000000000000,2026-03-08
4263c3c0789a54da5cad62852e1ed05e,--0SJPfwvLw,UCtAQ8kQhFHRplepFkRplLqQ,https://www.youtube.com/watch?v=--0SJPfwvLw,2023-12-26 00:00:00,FALL INTO SLEEP INSTANTLY - Music for Anxiety Reduction and Deep Sleep - Remove Insomnia Forever,0,1,0.00000000000000000000,2026-02-28
9317e6f406f0848eb9fc8c36acfb68d7,--0SJPfwvLw,UCtAQ8kQhFHRplepFkRplLqQ,https://www.youtube.com/watch?v=--0SJPfwvLw,2023-12-26 00:00:00,FALL INTO SLEEP INSTANTLY - Music for Anxiety Reduction and Deep Sleep - Remove Insomnia Forever,0,1,0.00000000000000000000,2026-02-26
3ba02778263726eaa4bd552036bc2616,--0SJPfwvLw,UCtAQ8kQhFHRplepFkRplLqQ,https://www.youtube.com/watch?v=--0SJPfwvLw,2023-12-26 00:00:00,FALL INTO SLEEP INSTANTLY - Music for Anxiety Reduction and Deep Sleep - Remove Insomnia Forever,0,2,0.00000000000000000000,2026-02-24
3acb36a50f4ac9e8cf3fe502af0513b2,--0SJPfwvLw,UCtAQ8kQhFHRplepFkRplLqQ,https://www.youtube.com/watch?v=--0SJPfwvLw,2023-12-26 00:00:00,FALL INTO SLEEP INSTANTLY - Music for Anxiety Reduction and Deep Sleep - Remove Insomnia Forever,0,1,0.00000000000000000000,2026-02-20
b941ed6790326e36719ec3beee64a745,--0SJPfwvLw,UCtAQ8kQhFHRplepFkRplLqQ,https://www.youtube.com/watch?v=--0SJPfwvLw,2023-12-26 00:00:00,FALL INTO SLEEP INSTANTLY - Music for Anxiety Reduction and Deep Sleep - Remove Insomnia Forever,0,1,0.00000000000000000000,2026-02-19
b72a3c0028ea2f1ab68727ebc5e1d595,--0SJPfwvLw,UCtAQ8kQhFHRplepFkRplLqQ,https://www.youtube.com/watch?v=--0SJPfwvLw,2023-12-26 00:00:00,FALL INTO SLEEP INSTANTLY - Music for Anxiety Reduction and Deep Sleep - Remove Insomnia Forever,0,1,0.00000000000000000000,2026-02-18
b4ea015326d5b3a2b0035e8e21831392,--0SJPfwvLw,UCtAQ8kQhFHRplepFkRplLqQ,https://www.youtube.com/watch?v=--0SJPfwvLw,2023-12-26 00:00:00,FALL INTO SLEEP INSTANTLY - Music for Anxiety Reduction and Deep Sleep - Remove Insomnia Forever,0,0,0,2026-02-16
5dee7cd54edfcf32eec2b8a2b750a18b,--0SJPfwvLw,UCtAQ8kQhFHRplepFkRplLqQ,https://www.youtube.com/watch?v=--0SJPfwvLw,2023-12-26 00:00:00,FALL INTO SLEEP INSTANTLY - Music for Anxiety Reduction and Deep Sleep - Remove Insomnia Forever,0,1,0.00000000000000000000,2026-02-13
0cee0d5a36659c2c30e9a31d358ad647,--0SJPfwvLw,UCtAQ8kQhFHRplepFkRplLqQ,https://www.youtube.com/watch?v=--0SJPfwvLw,2023-12-26 00:00:00,FALL INTO SLEEP INSTANTLY - Music for Anxiety Reduction and Deep Sleep - Remove Insomnia Forever,0,1,0.00000000000000000000,2026-02-10
4161af75dc377f194613dfa70c63a762,--0SJPfwvLw,UCtAQ8kQhFHRplepFkRplLqQ,https://www.youtube.com/watch?v=--0SJPfwvLw,2023-12-26 00:00:00,FALL INTO SLEEP INSTANTLY - Music for Anxiety Reduction and Deep Sleep - Remove Insomnia Forever,0,1,0.00000000000000000000,2026-02-05
c59fa87e143d9d8b75e8a96744f9b19c,--0SJPfwvLw,UCtAQ8kQhFHRplepFkRplLqQ,https://www.youtube.com/watch?v=--0SJPfwvLw,2023-12-26 00:00:00,FALL INTO SLEEP INSTANTLY - Music for Anxiety Reduction and Deep Sleep - Remove Insomnia Forever,0,1,0.00000000000000000000,2026-02-03
56fd608fe81c6c1175e730f21e8b134b,--0SJPfwvLw,UCtAQ8kQhFHRplepFkRplLqQ,https://www.youtube.com/watch?v=--0SJPfwvLw,2023-12-26 00:00:00,FALL INTO SLEEP INSTANTLY - Music for Anxiety Reduction and Deep Sleep - Remove Insomnia Forever,0,1,0.00000000000000000000,2026-02-02
dabfbe5a5e9efc51a0d058e57b6cbe39,--0SJPfwvLw,UCtAQ8kQhFHRplepFkRplLqQ,https://www.youtube.com/watch?v=--0SJPfwvLw,2023-12-26 00:00:00,FALL INTO SLEEP INSTANTLY - Music for Anxiety Reduction and Deep Sleep - Remove Insomnia Forever,0,1,0.00000000000000000000,2026-02-01
1711550ee7af031e8d7b8bf1475f529a,--0SJPfwvLw,UCtAQ8kQhFHRplepFkRplLqQ,https://www.youtube.com/watch?v=--0SJPfwvLw,2023-12-26 00:00:00,FALL INTO SLEEP INSTANTLY - Music for Anxiety Reduction and Deep Sleep - Remove Insomnia Forever,0,1,0.00000000000000000000,2026-01-28
670a8622f00af65ceb5d29cb473e973a,--0SJPfwvLw,UCtAQ8kQhFHRplepFkRplLqQ,https://www.youtube.com/watch?v=--0SJPfwvLw,2023-12-26 00:00:00,FALL INTO SLEEP INSTANTLY - Music for Anxiety Reduction and Deep Sleep - Remove Insomnia Forever,0,1,0.00000000000000000000,2026-01-26
4c97d52e2475f053aea6b73ed4c20173,--0SJPfwvLw,UCtAQ8kQhFHRplepFkRplLqQ,https://www.youtube.com/watch?v=--0SJPfwvLw,2023-12-26 00:00:00,FALL INTO SLEEP INSTANTLY - Music for Anxiety Reduction and Deep Sleep - Remove Insomnia Forever,0,2,0.00000000000000000000,2026-01-24
56708d41a4d33ab7f2bac23d196345be,--0SJPfwvLw,UCtAQ8kQhFHRplepFkRplLqQ,https://www.youtube.com/watch?v=--0SJPfwvLw,2023-12-26 00:00:00,FALL INTO SLEEP INSTANTLY - Music for Anxiety Reduction and Deep Sleep - Remove Insomnia Forever,0,1,0.00000000000000000000,2026-01-23
b3c749478cac8519f52f59f7a8ceed70,--0SJPfwvLw,UCtAQ8kQhFHRplepFkRplLqQ,https://www.youtube.com/watch?v=--0SJPfwvLw,2023-12-26 00:00:00,FALL INTO SLEEP INSTANTLY - Music for Anxiety Reduction and Deep Sleep - Remove Insomnia Forever,0,1,0.00000000000000000000,2026-01-21
5f8defa30a8915fbc7e14b0a520f50be,--0SJPfwvLw,UCtAQ8kQhFHRplepFkRplLqQ,https://www.youtube.com/watch?v=--0SJPfwvLw,2023-12-26 00:00:00,FALL INTO SLEEP INSTANTLY - Music for Anxiety Reduction and Deep Sleep - Remove Insomnia Forever,0,1,0.00000000000000000000,2026-01-20
7f383e6a8301a3783a93b2e449fcc408,--0SJPfwvLw,UCtAQ8kQhFHRplepFkRplLqQ,https://www.youtube.com/watch?v=--0SJPfwvLw,2023-12-26 00:00:00,FALL INTO SLEEP INSTANTLY - Music for Anxiety Reduction and Deep Sleep - Remove Insomnia Forever,0,2,0.00000000000000000000,2026-01-18
24ca8241f8a13e241a5707b7575a0066,--0SJPfwvLw,UCtAQ8kQhFHRplepFkRplLqQ,https://www.youtube.com/watch?v=--0SJPfwvLw,2023-12-26 00:00:00,FALL INTO SLEEP INSTANTLY - Music for Anxiety Reduction and Deep Sleep - Remove Insomnia Forever,0,1,0.00000000000000000000,2026-01-17
4bca7eceaeb9b479ae78c02665e48d70,--0SJPfwvLw,UCtAQ8kQhFHRplepFkRplLqQ,https://www.youtube.com/watch?v=--0SJPfwvLw,2023-12-26 00:00:00,FALL INTO SLEEP INSTANTLY - Music for Anxiety Reduction and Deep Sleep - Remove Insomnia Forever,0,1,0.00000000000000000000,2026-01-16
9cf1721c0971a5f8b162c1ff07b92842,--0SJPfwvLw,UCtAQ8kQhFHRplepFkRplLqQ,https://www.youtube.com/watch?v=--0SJPfwvLw,2023-12-26 00:00:00,FALL INTO SLEEP INSTANTLY - Music for Anxiety Reduction and Deep Sleep - Remove Insomnia Forever,0,0,0,2026-01-11
4d25ec8c1cc9efcebcaec3801891074b,--0SJPfwvLw,UCtAQ8kQhFHRplepFkRplLqQ,https://www.youtube.com/watch?v=--0SJPfwvLw,2023-12-26 00:00:00,FALL INTO SLEEP INSTANTLY - Music for Anxiety Reduction and Deep Sleep - Remove Insomnia Forever,0,0,0,2026-01-10
93820313036844527d3678986830964f,--0SJPfwvLw,UCtAQ8kQhFHRplepFkRplLqQ,https://www.youtube.com/watch?v=--0SJPfwvLw,2023-12-26 00:00:00,FALL INTO SLEEP INSTANTLY - Music for Anxiety Reduction and Deep Sleep - Remove Insomnia Forever,0,1,0.00000000000000000000,2026-01-09
a4b59f327db07613efc4360178833ce7,--0SJPfwvLw,UCtAQ8kQhFHRplepFkRplLqQ,https://www.youtube.com/watch?v=--0SJPfwvLw,2023-12-26 00:00:00,FALL INTO SLEEP INSTANTLY - Music for Anxiety Reduction and Deep Sleep - Remove Insomnia Forever,0,3,0.00000000000000000000,2026-01-07
50cad27ba7abc800dbe42f7fcfba775b,--0SJPfwvLw,UCtAQ8kQhFHRplepFkRplLqQ,https://www.youtube.com/watch?v=--0SJPfwvLw,2023-12-26 00:00:00,FALL INTO SLEEP INSTANTLY - Music for Anxiety Reduction and Deep Sleep - Remove Insomnia Forever,0,2,0.00000000000000000000,2026-01-06
22a385e4a129970c3cfe575d3d0c35e8,--0SJPfwvLw,UCtAQ8kQhFHRplepFkRplLqQ,https://www.youtube.com/watch?v=--0SJPfwvLw,2023-12-26 00:00:00,FALL INTO SLEEP INSTANTLY - Music for Anxiety Reduction and Deep Sleep - Remove Insomnia Forever,0.04,1,40.00000000000000000000,2025-06-19
65d02903138c75a68da68ace73594ebb,--0SJPfwvLw,UCtAQ8kQhFHRplepFkRplLqQ,https://www.youtube.com/watch?v=--0SJPfwvLw,2023-12-26 00:00:00,FALL INTO SLEEP INSTANTLY - Music for Anxiety Reduction and Deep Sleep - Remove Insomnia Forever,0.001,1,1.00000000000000000000,2025-06-21
e38cb909e7d76daf4910ec1012d61fc9,--0SJPfwvLw,UCtAQ8kQhFHRplepFkRplLqQ,https://www.youtube.com/watch?v=--0SJPfwvLw,2023-12-26 00:00:00,FALL INTO SLEEP INSTANTLY - Music for Anxiety Reduction and Deep Sleep - Remove Insomnia Forever,0.003,1,3.00000000000000000000,2025-06-24
b36d31cf227a3d52b944998c2e6634a4,--0SJPfwvLw,UCtAQ8kQhFHRplepFkRplLqQ,https://www.youtube.com/watch?v=--0SJPfwvLw,2023-12-26 00:00:00,FALL INTO SLEEP INSTANTLY - Music for Anxiety Reduction and Deep Sleep - Remove Insomnia Forever,0,1,0.00000000000000000000,2025-06-25
59fa2f90abaf7510583e591072c34680,--0SJPfwvLw,UCtAQ8kQhFHRplepFkRplLqQ,https://www.youtube.com/watch?v=--0SJPfwvLw,2023-12-26 00:00:00,FALL INTO SLEEP INSTANTLY - Music for Anxiety Reduction and Deep Sleep - Remove Insomnia Forever,0,1,0.00000000000000000000,2025-06-26
b073c1d7a27940d7378fe2243c6dd5e9,--0SJPfwvLw,UCtAQ8kQhFHRplepFkRplLqQ,https://www.youtube.com/watch?v=--0SJPfwvLw,2023-12-26 00:00:00,FALL INTO SLEEP INSTANTLY - Music for Anxiety Reduction and Deep Sleep - Remove Insomnia Forever,0,1,0.00000000000000000000,2025-06-27
7cd18430c4cbedc775aa87dd07b184e8,--0SJPfwvLw,UCtAQ8kQhFHRplepFkRplLqQ,https://www.youtube.com/watch?v=--0SJPfwvLw,2023-12-26 00:00:00,FALL INTO SLEEP INSTANTLY - Music for Anxiety Reduction and Deep Sleep - Remove Insomnia Forever,0,1,0.00000000000000000000,2025-06-29
19004ffd1e32c03eeb685fe8b9f48854,--0SJPfwvLw,UCtAQ8kQhFHRplepFkRplLqQ,https://www.youtube.com/watch?v=--0SJPfwvLw,2023-12-26 00:00:00,FALL INTO SLEEP INSTANTLY - Music for Anxiety Reduction and Deep Sleep - Remove Insomnia Forever,0.001,0,0,2025-07-03
296fe9b594c591d046e66d0ed14e9a01,--0SJPfwvLw,UCtAQ8kQhFHRplepFkRplLqQ,https://www.youtube.com/watch?v=--0SJPfwvLw,2023-12-26 00:00:00,FALL INTO SLEEP INSTANTLY - Music for Anxiety Reduction and Deep Sleep - Remove Insomnia Forever,0.001,1,1.00000000000000000000,2025-07-04
cf2eba5a8782de38531e280ab2bf977a,--0SJPfwvLw,UCtAQ8kQhFHRplepFkRplLqQ,https://www.youtube.com/watch?v=--0SJPfwvLw,2023-12-26 00:00:00,FALL INTO SLEEP INSTANTLY - Music for Anxiety Reduction and Deep Sleep - Remove Insomnia Forever,0,1,0.00000000000000000000,2025-07-05
560663e77098c3139a9f270e288d3059,--0SJPfwvLw,UCtAQ8kQhFHRplepFkRplLqQ,https://www.youtube.com/watch?v=--0SJPfwvLw,2023-12-26 00:00:00,FALL INTO SLEEP INSTANTLY - Music for Anxiety Reduction and Deep Sleep - Remove Insomnia Forever,0.004,1,4.00000000000000000000,2025-07-06
f3a451bebee2d5da115d4645ae089ce4,--0SJPfwvLw,UCtAQ8kQhFHRplepFkRplLqQ,https://www.youtube.com/watch?v=--0SJPfwvLw,2023-12-26 00:00:00,FALL INTO SLEEP INSTANTLY - Music for Anxiety Reduction and Deep Sleep - Remove Insomnia Forever,0,1,0.00000000000000000000,2025-07-07
cc2aa021c3b5cb429c4787ee433a097e,--0SJPfwvLw,UCtAQ8kQhFHRplepFkRplLqQ,https://www.youtube.com/watch?v=--0SJPfwvLw,2023-12-26 00:00:00,FALL INTO SLEEP INSTANTLY - Music for Anxiety Reduction and Deep Sleep - Remove Insomnia Forever,0.001,2,0.50000000000000000000,2025-07-08
3856b66b12f5643af669981c38cae0d8,--0SJPfwvLw,UCtAQ8kQhFHRplepFkRplLqQ,https://www.youtube.com/watch?v=--0SJPfwvLw,2023-12-26 00:00:00,FALL INTO SLEEP INSTANTLY - Music for Anxiety Reduction and Deep Sleep - Remove Insomnia Forever,0.011,1,11.00000000000000000000,2025-06-06
752a42c7c364c9a7957ab34e40d6a6f6,--0SJPfwvLw,UCtAQ8kQhFHRplepFkRplLqQ,https://www.youtube.com/watch?v=--0SJPfwvLw,2023-12-26 00:00:00,FALL INTO SLEEP INSTANTLY - Music for Anxiety Reduction and Deep Sleep - Remove Insomnia Forever,0.001,1,1.00000000000000000000,2025-06-07
1f5127f9a9e141663cb20a775dd008d7,--0SJPfwvLw,UCtAQ8kQhFHRplepFkRplLqQ,https://www.youtube.com/watch?v=--0SJPfwvLw,2023-12-26 00:00:00,FALL INTO SLEEP INSTANTLY - Music for Anxiety Reduction and Deep Sleep - Remove Insomnia Forever,0.001,1,1.00000000000000000000,2025-06-09
e2ef5498a44814d6d072935fae74b1b8,--0SJPfwvLw,UCtAQ8kQhFHRplepFkRplLqQ,https://www.youtube.com/watch?v=--0SJPfwvLw,2023-12-26 00:00:00,FALL INTO SLEEP INSTANTLY - Music for Anxiety Reduction and Deep Sleep - Remove Insomnia Forever,0,2,0.00000000000000000000,2025-06-10
45d44d9e97b1bd76746d73e9294a338a,--0SJPfwvLw,UCtAQ8kQhFHRplepFkRplLqQ,https://www.youtube.com/watch?v=--0SJPfwvLw,2023-12-26 00:00:00,FALL INTO SLEEP INSTANTLY - Music for Anxiety Reduction and Deep Sleep - Remove Insomnia Forever,0.007,1,7.00000000000000000000,2025-06-13
e3ff2a8f6beed9f6ea293ccabcc006e2,--0SJPfwvLw,UCtAQ8kQhFHRplepFkRplLqQ,https://www.youtube.com/watch?v=--0SJPfwvLw,2023-12-26 00:00:00,FALL INTO SLEEP INSTANTLY - Music for Anxiety Reduction and Deep Sleep - Remove Insomnia Forever,0,1,0.00000000000000000000,2025-06-14
a11ba66a454e4eda45b698b8bfaa4959,--0SJPfwvLw,UCtAQ8kQhFHRplepFkRplLqQ,https://www.youtube.com/watch?v=--0SJPfwvLw,2023-12-26 00:00:00,FALL INTO SLEEP INSTANTLY - Music for Anxiety Reduction and Deep Sleep - Remove Insomnia Forever,0.024,2,12.00000000000000000000,2025-06-15
120601fde0131ab1a02e4438e5189e97,--0SJPfwvLw,UCtAQ8kQhFHRplepFkRplLqQ,https://www.youtube.com/watch?v=--0SJPfwvLw,2023-12-26 00:00:00,FALL INTO SLEEP INSTANTLY - Music for Anxiety Reduction and Deep Sleep - Remove Insomnia Forever,0,0,0,2025-06-17
b06cda929a2798bad5678cba8a87a8a0,--0SJPfwvLw,UCtAQ8kQhFHRplepFkRplLqQ,https://www.youtube.com/watch?v=--0SJPfwvLw,2023-12-26 00:00:00,FALL INTO SLEEP INSTANTLY - Music for Anxiety Reduction and Deep Sleep - Remove Insomnia Forever,0,1,0.00000000000000000000,2025-08-19
12656c03a1be5d1984bd48b6b48ee225,--0SJPfwvLw,UCtAQ8kQhFHRplepFkRplLqQ,https://www.youtube.com/watch?v=--0SJPfwvLw,2023-12-26 00:00:00,FALL INTO SLEEP INSTANTLY - Music for Anxiety Reduction and Deep Sleep - Remove Insomnia Forever,0.024,3,8.00000000000000000000,2025-08-21
8cfaac97c12229bdc7acabed33f04810,--0SJPfwvLw,UCtAQ8kQhFHRplepFkRplLqQ,https://www.youtube.com/watch?v=--0SJPfwvLw,2023-12-26 00:00:00,FALL INTO SLEEP INSTANTLY - Music for Anxiety Reduction and Deep Sleep - Remove Insomnia Forever,0.012,2,6.00000000000000000000,2025-08-22
07a5fdaaabb419774e122c31b59865f8,--0SJPfwvLw,UCtAQ8kQhFHRplepFkRplLqQ,https://www.youtube.com/watch?v=--0SJPfwvLw,2023-12-26 00:00:00,FALL INTO SLEEP INSTANTLY - Music for Anxiety Reduction and Deep Sleep - Remove Insomnia Forever,0.033,2,16.50000000000000000000,2025-08-25
534a7cc623b7fd223088552a24a810d6,--0SJPfwvLw,UCtAQ8kQhFHRplepFkRplLqQ,https://www.youtube.com/watch?v=--0SJPfwvLw,2023-12-26 00:00:00,FALL INTO SLEEP INSTANTLY - Music for Anxiety Reduction and Deep Sleep - Remove Insomnia Forever,0.016,1,16.00000000000000000000,2025-08-27
b774b10561e0dfa021246ba95a2fade8,--0SJPfwvLw,UCtAQ8kQhFHRplepFkRplLqQ,https://www.youtube.com/watch?v=--0SJPfwvLw,2023-12-26 00:00:00,FALL INTO SLEEP INSTANTLY - Music for Anxiety Reduction and Deep Sleep - Remove Insomnia Forever,0.001,1,1.00000000000000000000,2025-08-30
91f2e3e575be11dcad090490b2c28d4f,--0SJPfwvLw,UCtAQ8kQhFHRplepFkRplLqQ,https://www.youtube.com/watch?v=--0SJPfwvLw,2023-12-26 00:00:00,FALL INTO SLEEP INSTANTLY - Music for Anxiety Reduction and Deep Sleep - Remove Insomnia Forever,0,2,0.00000000000000000000,2025-09-03
85949c71ba9ba263dbb9b8e5f569c1af,--0SJPfwvLw,UCtAQ8kQhFHRplepFkRplLqQ,https://www.youtube.com/watch?v=--0SJPfwvLw,2023-12-26 00:00:00,FALL INTO SLEEP INSTANTLY - Music for Anxiety Reduction and Deep Sleep - Remove Insomnia Forever,0,0,0,2025-09-06
d46ac966b055c78fecf08175e1008422,--0SJPfwvLw,UCtAQ8kQhFHRplepFkRplLqQ,https://www.youtube.com/watch?v=--0SJPfwvLw,2023-12-26 00:00:00,FALL INTO SLEEP INSTANTLY - Music for Anxiety Reduction and Deep Sleep - Remove Insomnia Forever,0.003,1,3.00000000000000000000,2025-09-10
2a8fa8b7b1753d703d4c5612fcc64c23,--0SJPfwvLw,UCtAQ8kQhFHRplepFkRplLqQ,https://www.youtube.com/watch?v=--0SJPfwvLw,2023-12-26 00:00:00,FALL INTO SLEEP INSTANTLY - Music for Anxiety Reduction and Deep Sleep - Remove Insomnia Forever,0.005,1,5.00000000000000000000,2025-09-13
b8273c2170e1c431022fac32d8b65404,--0SJPfwvLw,UCtAQ8kQhFHRplepFkRplLqQ,https://www.youtube.com/watch?v=--0SJPfwvLw,2023-12-26 00:00:00,FALL INTO SLEEP INSTANTLY - Music for Anxiety Reduction and Deep Sleep - Remove Insomnia Forever,0,0,0,2025-09-19
07cf4dd23d36390d45b0e62665473a82,--0SJPfwvLw,UCtAQ8kQhFHRplepFkRplLqQ,https://www.youtube.com/watch?v=--0SJPfwvLw,2023-12-26 00:00:00,FALL INTO SLEEP INSTANTLY - Music for Anxiety Reduction and Deep Sleep - Remove Insomnia Forever,0,1,0.00000000000000000000,2025-09-24
7b77e0b34fb94bbbf447a23d4846c81f,--0SJPfwvLw,UCtAQ8kQhFHRplepFkRplLqQ,https://www.youtube.com/watch?v=--0SJPfwvLw,2023-12-26 00:00:00,FALL INTO SLEEP INSTANTLY - Music for Anxiety Reduction and Deep Sleep - Remove Insomnia Forever,0,0,0,2025-10-01
ee1c4fc8244f9de7eeb7165c7066b2fc,--0SJPfwvLw,UCtAQ8kQhFHRplepFkRplLqQ,https://www.youtube.com/watch?v=--0SJPfwvLw,2023-12-26 00:00:00,FALL INTO SLEEP INSTANTLY - Music for Anxiety Reduction and Deep Sleep - Remove Insomnia Forever,0,0,0,2025-10-03
05acd653a9003d2af9aeda3a0945119a,--0SJPfwvLw,UCtAQ8kQhFHRplepFkRplLqQ,https://www.youtube.com/watch?v=--0SJPfwvLw,2023-12-26 00:00:00,FALL INTO SLEEP INSTANTLY - Music for Anxiety Reduction and Deep Sleep - Remove Insomnia Forever,0.02,1,20.00000000000000000000,2025-10-07
f74b8a2576bbf2ae5617089ec1d93a47,--0SJPfwvLw,UCtAQ8kQhFHRplepFkRplLqQ,https://www.youtube.com/watch?v=--0SJPfwvLw,2023-12-26 00:00:00,FALL INTO SLEEP INSTANTLY - Music for Anxiety Reduction and Deep Sleep - Remove Insomnia Forever,0.002,1,2.00000000000000000000,2025-10-08
d4c31f31fd343f20de1c6847989d88c6,--0SJPfwvLw,UCtAQ8kQhFHRplepFkRplLqQ,https://www.youtube.com/watch?v=--0SJPfwvLw,2023-12-26 00:00:00,FALL INTO SLEEP INSTANTLY - Music for Anxiety Reduction and Deep Sleep - Remove Insomnia Forever,0,0,0,2025-10-11
e791e9e7d99c1b69cff7ede0e4889640,--0SJPfwvLw,UCtAQ8kQhFHRplepFkRplLqQ,https://www.youtube.com/watch?v=--0SJPfwvLw,2023-12-26 00:00:00,FALL INTO SLEEP INSTANTLY - Music for Anxiety Reduction and Deep Sleep - Remove Insomnia Forever,0,1,0.00000000000000000000,2025-10-14
3a577a348bbfb1cdd46167b475657473,--0SJPfwvLw,UCtAQ8kQhFHRplepFkRplLqQ,https://www.youtube.com/watch?v=--0SJPfwvLw,2023-12-26 00:00:00,FALL INTO SLEEP INSTANTLY - Music for Anxiety Reduction and Deep Sleep - Remove Insomnia Forever,0,1,0.00000000000000000000,2025-10-20
5487222f6fb620960cfdd5a3fff65f00,--0SJPfwvLw,UCtAQ8kQhFHRplepFkRplLqQ,https://www.youtube.com/watch?v=--0SJPfwvLw,2023-12-26 00:00:00,FALL INTO SLEEP INSTANTLY - Music for Anxiety Reduction and Deep Sleep - Remove Insomnia Forever,0,0,0,2025-10-21
b885e5938fc291ea64f434e96b1830f3,--0SJPfwvLw,UCtAQ8kQhFHRplepFkRplLqQ,https://www.youtube.com/watch?v=--0SJPfwvLw,2023-12-26 00:00:00,FALL INTO SLEEP INSTANTLY - Music for Anxiety Reduction and Deep Sleep - Remove Insomnia Forever,0,0,0,2025-10-22
ab036273fc5303a77d190851e3900118,--0SJPfwvLw,UCtAQ8kQhFHRplepFkRplLqQ,https://www.youtube.com/watch?v=--0SJPfwvLw,2023-12-26 00:00:00,FALL INTO SLEEP INSTANTLY - Music for Anxiety Reduction and Deep Sleep - Remove Insomnia Forever,0,1,0.00000000000000000000,2025-10-24
16e368560d694803123d79ef1334246b,--0SJPfwvLw,UCtAQ8kQhFHRplepFkRplLqQ,https://www.youtube.com/watch?v=--0SJPfwvLw,2023-12-26 00:00:00,FALL INTO SLEEP INSTANTLY - Music for Anxiety Reduction and Deep Sleep - Remove Insomnia Forever,0,1,0.00000000000000000000,2025-10-30
f3d378d38f6497dc68f67d4cd7bc8906,--0SJPfwvLw,UCtAQ8kQhFHRplepFkRplLqQ,https://www.youtube.com/watch?v=--0SJPfwvLw,2023-12-26 00:00:00,FALL INTO SLEEP INSTANTLY - Music for Anxiety Reduction and Deep Sleep - Remove Insomnia Forever,0,0,0,2025-11-03
e6b4561fc0adbf6f2f8b8cc090f96957,--0SJPfwvLw,UCtAQ8kQhFHRplepFkRplLqQ,https://www.youtube.com/watch?v=--0SJPfwvLw,2023-12-26 00:00:00,FALL INTO SLEEP INSTANTLY - Music for Anxiety Reduction and Deep Sleep - Remove Insomnia Forever,0,1,0.00000000000000000000,2025-11-06
812f1ba8b4a11a53f02b572b07d6ea6d,--0SJPfwvLw,UCtAQ8kQhFHRplepFkRplLqQ,https://www.youtube.com/watch?v=--0SJPfwvLw,2023-12-26 00:00:00,FALL INTO SLEEP INSTANTLY - Music for Anxiety Reduction and Deep Sleep - Remove Insomnia Forever,0.003,1,3.00000000000000000000,2025-11-11
8e36e0db9b987dc348ed5dc37cddb3d0,--0SJPfwvLw,UCtAQ8kQhFHRplepFkRplLqQ,https://www.youtube.com/watch?v=--0SJPfwvLw,2023-12-26 00:00:00,FALL INTO SLEEP INSTANTLY - Music for Anxiety Reduction and Deep Sleep - Remove Insomnia Forever,0.02,1,20.00000000000000000000,2025-11-13
aed5caa636e58d2852d962ba899f7d77,--0SJPfwvLw,UCtAQ8kQhFHRplepFkRplLqQ,https://www.youtube.com/watch?v=--0SJPfwvLw,2023-12-26 00:00:00,FALL INTO SLEEP INSTANTLY - Music for Anxiety Reduction and Deep Sleep - Remove Insomnia Forever,0.042,1,42.00000000000000000000,2025-11-18
e163eaa35d29524a64194afcb1a48459,--0SJPfwvLw,UCtAQ8kQhFHRplepFkRplLqQ,https://www.youtube.com/watch?v=--0SJPfwvLw,2023-12-26 00:00:00,FALL INTO SLEEP INSTANTLY - Music for Anxiety Reduction and Deep Sleep - Remove Insomnia Forever,0,1,0.00000000000000000000,2025-12-11
fe9b9e53e97c61c206bb8bfee0dfd2fd,--0SJPfwvLw,UCtAQ8kQhFHRplepFkRplLqQ,https://www.youtube.com/watch?v=--0SJPfwvLw,2023-12-26 00:00:00,FALL INTO SLEEP INSTANTLY - Music for Anxiety Reduction and Deep Sleep - Remove Insomnia Forever,0.036,1,36.00000000000000000000,2025-12-12
846cd4627ccffb872846d6d057ba5f27,--0SJPfwvLw,UCtAQ8kQhFHRplepFkRplLqQ,https://www.youtube.com/watch?v=--0SJPfwvLw,2023-12-26 00:00:00,FALL INTO SLEEP INSTANTLY - Music for Anxiety Reduction and Deep Sleep - Remove Insomnia Forever,0,0,0,2025-12-13
93f5acd0423ca21bb7da8e2d6471c69a,--0SJPfwvLw,UCtAQ8kQhFHRplepFkRplLqQ,https://www.youtube.com/watch?v=--0SJPfwvLw,2023-12-26 00:00:00,FALL INTO SLEEP INSTANTLY - Music for Anxiety Reduction and Deep Sleep - Remove Insomnia Forever,0.01,1,10.00000000000000000000,2025-12-14
58287b50823284430e8eae4e1711c967,--0SJPfwvLw,UCtAQ8kQhFHRplepFkRplLqQ,https://www.youtube.com/watch?v=--0SJPfwvLw,2023-12-26 00:00:00,FALL INTO SLEEP INSTANTLY - Music for Anxiety Reduction and Deep Sleep - Remove Insomnia Forever,0.018,1,18.00000000000000000000,2025-12-21
5de981e60f5eb2065bc51e81ab00e794,--0SJPfwvLw,UCtAQ8kQhFHRplepFkRplLqQ,https://www.youtube.com/watch?v=--0SJPfwvLw,2023-12-26 00:00:00,FALL INTO SLEEP INSTANTLY - Music for Anxiety Reduction and Deep Sleep - Remove Insomnia Forever,0,1,0.00000000000000000000,2025-12-31
25896273904b56c5010e84626a31169b,--0SJPfwvLw,UCtAQ8kQhFHRplepFkRplLqQ,https://www.youtube.com/watch?v=--0SJPfwvLw,2023-12-26 00:00:00,FALL INTO SLEEP INSTANTLY - Music for Anxiety Reduction and Deep Sleep - Remove Insomnia Forever,0.003,1,3.00000000000000000000,2026-01-01
e50231385480dc1c9960c4041001fa18,--2LLxE0FFo,UCNS3dqFGBPhxHmOigehpBeg,https://www.youtube.com/watch?v=--2LLxE0FFo,2022-03-12 10:06:31,"Нежная музыка, успокаивает нервную систему и радует душу - лечебная музыка для сердца и сосудов #20",0.002,4,0.50000000000000000000,2026-05-19
f57a33368b3a84c4970530de34951026,--2LLxE0FFo,UCNS3dqFGBPhxHmOigehpBeg,https://www.youtube.com/watch?v=--2LLxE0FFo,2022-03-12 10:06:31,"Нежная музыка, успокаивает нервную систему и радует душу - лечебная музыка для сердца и сосудов #20",0,1,0.00000000000000000000,2026-05-20
57be4d2dba335d0185626d697a4e2634,--2LLxE0FFo,UCNS3dqFGBPhxHmOigehpBeg,https://www.youtube.com/watch?v=--2LLxE0FFo,2022-03-12 10:06:31,"Нежная музыка, успокаивает нервную систему и радует душу - лечебная музыка для сердца и сосудов #20",0.003,16,0.18750000000000000000,2026-05-21
92e1079d951118fba98e98dde2674a2a,--2LLxE0FFo,UCNS3dqFGBPhxHmOigehpBeg,https://www.youtube.com/watch?v=--2LLxE0FFo,2022-03-12 10:06:31,"Нежная музыка, успокаивает нервную систему и радует душу - лечебная музыка для сердца и сосудов #20",0.011,6,1.83333333333333333000,2026-05-22
b94ec4525631f9b880ddaac59248b779,--2LLxE0FFo,UCNS3dqFGBPhxHmOigehpBeg,https://www.youtube.com/watch?v=--2LLxE0FFo,2022-03-12 10:06:31,"Нежная музыка, успокаивает нервную систему и радует душу - лечебная музыка для сердца и сосудов #20",0,1,0.00000000000000000000,2026-05-27
b1c5980c84094a8b7bf5d139fe875608,--2LLxE0FFo,UCNS3dqFGBPhxHmOigehpBeg,https://www.youtube.com/watch?v=--2LLxE0FFo,2022-03-12 10:06:31,"Нежная музыка, успокаивает нервную систему и радует душу - лечебная музыка для сердца и сосудов #20",0,0,0,2026-05-28
fec4e6ec912e70f2628967bc5b5a9f8c,--2LLxE0FFo,UCNS3dqFGBPhxHmOigehpBeg,https://www.youtube.com/watch?v=--2LLxE0FFo,2022-03-12 10:06:31,"Нежная музыка, успокаивает нервную систему и радует душу - лечебная музыка для сердца и сосудов #20",0,1,0.00000000000000000000,2026-05-29
c01e54d63b9b3fec52090a39633da31c,--2LLxE0FFo,UCNS3dqFGBPhxHmOigehpBeg,https://www.youtube.com/watch?v=--2LLxE0FFo,2022-03-12 10:06:31,"Нежная музыка, успокаивает нервную систему и радует душу - лечебная музыка для сердца и сосудов #20",0,0,0,2026-05-30
f7aa6203682155928677b9048a8d396c,--2LLxE0FFo,UCNS3dqFGBPhxHmOigehpBeg,https://www.youtube.com/watch?v=--2LLxE0FFo,2022-03-12 10:06:31,"Нежная музыка, успокаивает нервную систему и радует душу - лечебная музыка для сердца и сосудов #20",0,1,0.00000000000000000000,2026-06-03
4917947678eb98427b8986506a984b9c,--2LLxE0FFo,UCNS3dqFGBPhxHmOigehpBeg,https://www.youtube.com/watch?v=--2LLxE0FFo,2022-03-12 10:06:31,"Нежная музыка, успокаивает нервную систему и радует душу - лечебная музыка для сердца и сосудов #20",0,2,0.00000000000000000000,2026-06-06
b864cd1e995a915dba9ff1aadec9b075,--2LLxE0FFo,UCNS3dqFGBPhxHmOigehpBeg,https://www.youtube.com/watch?v=--2LLxE0FFo,2022-03-12 10:06:31,"Нежная музыка, успокаивает нервную систему и радует душу - лечебная музыка для сердца и сосудов #20",0,0,0,2026-06-07
ef162fa625b350f24762bdc0b6c50003,--2LLxE0FFo,UCNS3dqFGBPhxHmOigehpBeg,https://www.youtube.com/watch?v=--2LLxE0FFo,2022-03-12 10:06:31,"Нежная музыка, успокаивает нервную систему и радует душу - лечебная музыка для сердца и сосудов #20",0,1,0.00000000000000000000,2026-06-12
eb3c0b96943d0f0f2a5ac7a0889129aa,--2LLxE0FFo,UCNS3dqFGBPhxHmOigehpBeg,https://www.youtube.com/watch?v=--2LLxE0FFo,2022-03-12 10:06:31,"Нежная музыка, успокаивает нервную систему и радует душу - лечебная музыка для сердца и сосудов #20",0,1,0.00000000000000000000,2026-06-13
b76d44dd8bd89bf48b841aeecfa1639a,--2LLxE0FFo,UCNS3dqFGBPhxHmOigehpBeg,https://www.youtube.com/watch?v=--2LLxE0FFo,2022-03-12 10:06:31,"Нежная музыка, успокаивает нервную систему и радует душу - лечебная музыка для сердца и сосудов #20",0,0,0,2026-06-17
1a24dacb89e367c52526147b7d5951e3,--2LLxE0FFo,UCNS3dqFGBPhxHmOigehpBeg,https://www.youtube.com/watch?v=--2LLxE0FFo,2022-03-12 10:06:31,"Нежная музыка, успокаивает нервную систему и радует душу - лечебная музыка для сердца и сосудов #20",0,1,0.00000000000000000000,2026-06-19
7bf9289112a1428ce1e118443360f30f,--2LLxE0FFo,UCNS3dqFGBPhxHmOigehpBeg,https://www.youtube.com/watch?v=--2LLxE0FFo,2022-03-12 10:06:31,"Нежная музыка, успокаивает нервную систему и радует душу - лечебная музыка для сердца и сосудов #20",0,1,0.00000000000000000000,2026-06-27
67698461482408d60b83e37f94f92b74,--2LLxE0FFo,UCNS3dqFGBPhxHmOigehpBeg,https://www.youtube.com/watch?v=--2LLxE0FFo,2022-03-12 10:06:31,"Нежная музыка, успокаивает нервную систему и радует душу - лечебная музыка для сердца и сосудов #20",0,1,0.00000000000000000000,2026-06-29
7c746625b8cce6c4576fe9f33d986c18,--2LLxE0FFo,UCNS3dqFGBPhxHmOigehpBeg,https://www.youtube.com/watch?v=--2LLxE0FFo,2022-03-12 10:06:31,"Нежная музыка, успокаивает нервную систему и радует душу - лечебная музыка для сердца и сосудов #20",0,2,0.00000000000000000000,2026-06-30
d387f082ea6d53d4c756096d2a5dc7ae,--2LLxE0FFo,UCNS3dqFGBPhxHmOigehpBeg,https://www.youtube.com/watch?v=--2LLxE0FFo,2022-03-12 10:06:31,"Нежная музыка, успокаивает нервную систему и радует душу - лечебная музыка для сердца и сосудов #20",0.003,2,1.50000000000000000000,2026-07-01
d5c2453da20816d4085c1ca331d10969,--2LLxE0FFo,UCNS3dqFGBPhxHmOigehpBeg,https://www.youtube.com/watch?v=--2LLxE0FFo,2022-03-12 10:06:31,"Нежная музыка, успокаивает нервную систему и радует душу - лечебная музыка для сердца и сосудов #20",0,0,0,2026-07-04
e3072cd5657208859da37c81042e9ebf,--2LLxE0FFo,UCNS3dqFGBPhxHmOigehpBeg,https://www.youtube.com/watch?v=--2LLxE0FFo,2022-03-12 10:06:31,"Нежная музыка, успокаивает нервную систему и радует душу - лечебная музыка для сердца и сосудов #20",0,0,0,2026-07-06
d14e216325d225b71bc33f8ed1e615c2,--2LLxE0FFo,UCNS3dqFGBPhxHmOigehpBeg,https://www.youtube.com/watch?v=--2LLxE0FFo,2022-03-12 10:06:31,"Нежная музыка, успокаивает нервную систему и радует душу - лечебная музыка для сердца и сосудов #20",0,1,0.00000000000000000000,2026-07-07
af5118a6bc39915e65e2efe360504bba,--2LLxE0FFo,UCNS3dqFGBPhxHmOigehpBeg,https://www.youtube.com/watch?v=--2LLxE0FFo,2022-03-12 10:06:31,"Нежная музыка, успокаивает нервную систему и радует душу - лечебная музыка для сердца и сосудов #20",0,2,0.00000000000000000000,2026-07-08
837ce0f9fa47f5645e3d71c3e2e9ed29,--2LLxE0FFo,UCNS3dqFGBPhxHmOigehpBeg,https://www.youtube.com/watch?v=--2LLxE0FFo,2022-03-12 10:06:31,"Нежная музыка, успокаивает нервную систему и радует душу - лечебная музыка для сердца и сосудов #20",0,0,0,2026-07-09
56d83b4f047f85cb440ec2ad7bd04fd9,--2LLxE0FFo,UCNS3dqFGBPhxHmOigehpBeg,https://www.youtube.com/watch?v=--2LLxE0FFo,2022-03-12 10:06:31,"Нежная музыка, успокаивает нервную систему и радует душу - лечебная музыка для сердца и сосудов #20",0,0,0,2026-07-15
37cd5944b25f8bf655d877135669362e,--2LLxE0FFo,UCNS3dqFGBPhxHmOigehpBeg,https://www.youtube.com/watch?v=--2LLxE0FFo,2022-03-12 10:06:31,"Нежная музыка, успокаивает нервную систему и радует душу - лечебная музыка для сердца и сосудов #20",0,1,0.00000000000000000000,2026-07-21
12e3278bbd83799be85791ce8452b9f5,--2LLxE0FFo,UCNS3dqFGBPhxHmOigehpBeg,https://www.youtube.com/watch?v=--2LLxE0FFo,2022-03-12 10:06:31,"Нежная музыка, успокаивает нервную систему и радует душу - лечебная музыка для сердца и сосудов #20",0,0,0,2026-07-26
ac79426c1e2a74be6375c0ca9b869a56,--2LLxE0FFo,UCNS3dqFGBPhxHmOigehpBeg,https://www.youtube.com/watch?v=--2LLxE0FFo,2022-03-12 10:06:31,"Нежная музыка, успокаивает нервную систему и радует душу - лечебная музыка для сердца и сосудов #20",0,0,0,2026-08-03
a868a2c88f3febd7cd057cae5f8f6f15,--2LLxE0FFo,UCNS3dqFGBPhxHmOigehpBeg,https://www.youtube.com/watch?v=--2LLxE0FFo,2022-03-12 10:06:31,"Нежная музыка, успокаивает нервную систему и радует душу - лечебная музыка для сердца и сосудов #20",0,0,0,2025-06-04
274e22e1de63e730c85e7cff9856b8e8,--2LLxE0FFo,UCNS3dqFGBPhxHmOigehpBeg,https://www.youtube.com/watch?v=--2LLxE0FFo,2022-03-12 10:06:31,"Нежная музыка, успокаивает нервную систему и радует душу - лечебная музыка для сердца и сосудов #20",0,1,0.00000000000000000000,2025-06-08
5ff671cf1d3c72369ee612c69e517532,--2LLxE0FFo,UCNS3dqFGBPhxHmOigehpBeg,https://www.youtube.com/watch?v=--2LLxE0FFo,2022-03-12 10:06:31,"Нежная музыка, успокаивает нервную систему и радует душу - лечебная музыка для сердца и сосудов #20",0,1,0.00000000000000000000,2025-06-13
df66497eb6071820908ab60926252234,--2LLxE0FFo,UCNS3dqFGBPhxHmOigehpBeg,https://www.youtube.com/watch?v=--2LLxE0FFo,2022-03-12 10:06:31,"Нежная музыка, успокаивает нервную систему и радует душу - лечебная музыка для сердца и сосудов #20",0,3,0.00000000000000000000,2025-06-15
8b58c9c5ff4e5521f2dfbd1134bd0196,--2LLxE0FFo,UCNS3dqFGBPhxHmOigehpBeg,https://www.youtube.com/watch?v=--2LLxE0FFo,2022-03-12 10:06:31,"Нежная музыка, успокаивает нервную систему и радует душу - лечебная музыка для сердца и сосудов #20",0,0,0,2025-06-16
fde083834d98f857fc5dbfe8e3e63013,--2LLxE0FFo,UCNS3dqFGBPhxHmOigehpBeg,https://www.youtube.com/watch?v=--2LLxE0FFo,2022-03-12 10:06:31,"Нежная музыка, успокаивает нервную систему и радует душу - лечебная музыка для сердца и сосудов #20",0,0,0,2025-06-17
d01bd8bae4a70edee3887ba9dfb17cf5,--2LLxE0FFo,UCNS3dqFGBPhxHmOigehpBeg,https://www.youtube.com/watch?v=--2LLxE0FFo,2022-03-12 10:06:31,"Нежная музыка, успокаивает нервную систему и радует душу - лечебная музыка для сердца и сосудов #20",0,0,0,2025-06-19
5df1d14990efc7b9cf2a73cce0350224,--2LLxE0FFo,UCNS3dqFGBPhxHmOigehpBeg,https://www.youtube.com/watch?v=--2LLxE0FFo,2022-03-12 10:06:31,"Нежная музыка, успокаивает нервную систему и радует душу - лечебная музыка для сердца и сосудов #20",0,0,0,2025-06-20
d83f0f8b01380d88c1e915737e6b52a6,--2LLxE0FFo,UCNS3dqFGBPhxHmOigehpBeg,https://www.youtube.com/watch?v=--2LLxE0FFo,2022-03-12 10:06:31,"Нежная музыка, успокаивает нервную систему и радует душу - лечебная музыка для сердца и сосудов #20",0,2,0.00000000000000000000,2025-12-28
f3625fcc91675f99dc79aabfeae4fd89,--2LLxE0FFo,UCNS3dqFGBPhxHmOigehpBeg,https://www.youtube.com/watch?v=--2LLxE0FFo,2022-03-12 10:06:31,"Нежная музыка, успокаивает нервную систему и радует душу - лечебная музыка для сердца и сосудов #20",0,0,0,2025-12-26
9a6e851669df35d39d668e7447f099b0,--2LLxE0FFo,UCNS3dqFGBPhxHmOigehpBeg,https://www.youtube.com/watch?v=--2LLxE0FFo,2022-03-12 10:06:31,"Нежная музыка, успокаивает нервную систему и радует душу - лечебная музыка для сердца и сосудов #20",0,0,0,2025-12-18
53f0b9e68bac94c480e097cb0f5745c8,--2LLxE0FFo,UCNS3dqFGBPhxHmOigehpBeg,https://www.youtube.com/watch?v=--2LLxE0FFo,2022-03-12 10:06:31,"Нежная музыка, успокаивает нервную систему и радует душу - лечебная музыка для сердца и сосудов #20",0,0,0,2025-10-28
14adc12be8e514c7482ed61c37f71e4a,--2LLxE0FFo,UCNS3dqFGBPhxHmOigehpBeg,https://www.youtube.com/watch?v=--2LLxE0FFo,2022-03-12 10:06:31,"Нежная музыка, успокаивает нервную систему и радует душу - лечебная музыка для сердца и сосудов #20",0,1,0.00000000000000000000,2025-10-24
20c38884531ea0db058c89eb5a288e2c,--2LLxE0FFo,UCNS3dqFGBPhxHmOigehpBeg,https://www.youtube.com/watch?v=--2LLxE0FFo,2022-03-12 10:06:31,"Нежная музыка, успокаивает нервную систему и радует душу - лечебная музыка для сердца и сосудов #20",0,1,0.00000000000000000000,2025-10-21
782e9952149d7f175686950615ede128,--2LLxE0FFo,UCNS3dqFGBPhxHmOigehpBeg,https://www.youtube.com/watch?v=--2LLxE0FFo,2022-03-12 10:06:31,"Нежная музыка, успокаивает нервную систему и радует душу - лечебная музыка для сердца и сосудов #20",0.001,1,1.00000000000000000000,2025-10-20
c5a237fe56ddf10c5726ea087c7d0fa1,--2LLxE0FFo,UCNS3dqFGBPhxHmOigehpBeg,https://www.youtube.com/watch?v=--2LLxE0FFo,2022-03-12 10:06:31,"Нежная музыка, успокаивает нервную систему и радует душу - лечебная музыка для сердца и сосудов #20",0,1,0.00000000000000000000,2025-10-19
2c5ee8494b13fcd6055f3e4e8c3a095d,--2LLxE0FFo,UCNS3dqFGBPhxHmOigehpBeg,https://www.youtube.com/watch?v=--2LLxE0FFo,2022-03-12 10:06:31,"Нежная музыка, успокаивает нервную систему и радует душу - лечебная музыка для сердца и сосудов #20",0,0,0,2025-10-15
fbafd7c7cef901cd96c541649db4eb4b,--2LLxE0FFo,UCNS3dqFGBPhxHmOigehpBeg,https://www.youtube.com/watch?v=--2LLxE0FFo,2022-03-12 10:06:31,"Нежная музыка, успокаивает нервную систему и радует душу - лечебная музыка для сердца и сосудов #20",0,1,0.00000000000000000000,2025-10-10
212821b683ea049dd277b441671b3320,--2LLxE0FFo,UCNS3dqFGBPhxHmOigehpBeg,https://www.youtube.com/watch?v=--2LLxE0FFo,2022-03-12 10:06:31,"Нежная музыка, успокаивает нервную систему и радует душу - лечебная музыка для сердца и сосудов #20",0,2,0.00000000000000000000,2025-10-08
83f3fd4f957750c9579e4d04ed6ecd36,--2LLxE0FFo,UCNS3dqFGBPhxHmOigehpBeg,https://www.youtube.com/watch?v=--2LLxE0FFo,2022-03-12 10:06:31,"Нежная музыка, успокаивает нервную систему и радует душу - лечебная музыка для сердца и сосудов #20",0,0,0,2025-10-06
8b1ef882c68ff0e0e4f61ba0c4c11754,--2LLxE0FFo,UCNS3dqFGBPhxHmOigehpBeg,https://www.youtube.com/watch?v=--2LLxE0FFo,2022-03-12 10:06:31,"Нежная музыка, успокаивает нервную систему и радует душу - лечебная музыка для сердца и сосудов #20",0,0,0,2025-10-04
c203620b925a491ba8959ce6d35ce28b,--2LLxE0FFo,UCNS3dqFGBPhxHmOigehpBeg,https://www.youtube.com/watch?v=--2LLxE0FFo,2022-03-12 10:06:31,"Нежная музыка, успокаивает нервную систему и радует душу - лечебная музыка для сердца и сосудов #20",0.002,1,2.00000000000000000000,2025-10-01
f6329b97a9e1f83b192e2a2f8e958432,--2LLxE0FFo,UCNS3dqFGBPhxHmOigehpBeg,https://www.youtube.com/watch?v=--2LLxE0FFo,2022-03-12 10:06:31,"Нежная музыка, успокаивает нервную систему и радует душу - лечебная музыка для сердца и сосудов #20",0,1,0.00000000000000000000,2025-09-29
7b31baa82ee99829341c89b6e609e87a,--2LLxE0FFo,UCNS3dqFGBPhxHmOigehpBeg,https://www.youtube.com/watch?v=--2LLxE0FFo,2022-03-12 10:06:31,"Нежная музыка, успокаивает нервную систему и радует душу - лечебная музыка для сердца и сосудов #20",0,1,0.00000000000000000000,2025-09-21
254dbfa9203eae617e3ed2a52e83a536,--2LLxE0FFo,UCNS3dqFGBPhxHmOigehpBeg,https://www.youtube.com/watch?v=--2LLxE0FFo,2022-03-12 10:06:31,"Нежная музыка, успокаивает нервную систему и радует душу - лечебная музыка для сердца и сосудов #20",0,1,0.00000000000000000000,2025-09-20
bfb5ff200e868e2029cc7aafa9958703,--2LLxE0FFo,UCNS3dqFGBPhxHmOigehpBeg,https://www.youtube.com/watch?v=--2LLxE0FFo,2022-03-12 10:06:31,"Нежная музыка, успокаивает нервную систему и радует душу - лечебная музыка для сердца и сосудов #20",0,1,0.00000000000000000000,2025-09-19
c2e1011f719150e024886f6ed2453f02,--2LLxE0FFo,UCNS3dqFGBPhxHmOigehpBeg,https://www.youtube.com/watch?v=--2LLxE0FFo,2022-03-12 10:06:31,"Нежная музыка, успокаивает нервную систему и радует душу - лечебная музыка для сердца и сосудов #20",0.005,1,5.00000000000000000000,2025-09-18
eea1c23aa19dc99f554ba80bbd59a4d9,--2LLxE0FFo,UCNS3dqFGBPhxHmOigehpBeg,https://www.youtube.com/watch?v=--2LLxE0FFo,2022-03-12 10:06:31,"Нежная музыка, успокаивает нервную систему и радует душу - лечебная музыка для сердца и сосудов #20",0,1,0.00000000000000000000,2025-09-17
2dfbe34827e0f8a92db4d2cb95b13c28,--2LLxE0FFo,UCNS3dqFGBPhxHmOigehpBeg,https://www.youtube.com/watch?v=--2LLxE0FFo,2022-03-12 10:06:31,"Нежная музыка, успокаивает нервную систему и радует душу - лечебная музыка для сердца и сосудов #20",0,0,0,2025-09-15
170e3f8a3ee76a4d44288b9403e40308,--2LLxE0FFo,UCNS3dqFGBPhxHmOigehpBeg,https://www.youtube.com/watch?v=--2LLxE0FFo,2022-03-12 10:06:31,"Нежная музыка, успокаивает нервную систему и радует душу - лечебная музыка для сердца и сосудов #20",0,1,0.00000000000000000000,2025-09-14
01aa1d0e933a7e305e5efd4d7ef0ad3c,--2LLxE0FFo,UCNS3dqFGBPhxHmOigehpBeg,https://www.youtube.com/watch?v=--2LLxE0FFo,2022-03-12 10:06:31,"Нежная музыка, успокаивает нервную систему и радует душу - лечебная музыка для сердца и сосудов #20",0,0,0,2025-09-06
3ecab446950078218d645977d087b9d4,--2LLxE0FFo,UCNS3dqFGBPhxHmOigehpBeg,https://www.youtube.com/watch?v=--2LLxE0FFo,2022-03-12 10:06:31,"Нежная музыка, успокаивает нервную систему и радует душу - лечебная музыка для сердца и сосудов #20",0,0,0,2025-09-01
4219ad6e5f9588d0f21914875841de9b,--2LLxE0FFo,UCNS3dqFGBPhxHmOigehpBeg,https://www.youtube.com/watch?v=--2LLxE0FFo,2022-03-12 10:06:31,"Нежная музыка, успокаивает нервную систему и радует душу - лечебная музыка для сердца и сосудов #20",0,0,0,2025-08-30
cbc3dd034cd888ec508b3ae24c792985,--2LLxE0FFo,UCNS3dqFGBPhxHmOigehpBeg,https://www.youtube.com/watch?v=--2LLxE0FFo,2022-03-12 10:06:31,"Нежная музыка, успокаивает нервную систему и радует душу - лечебная музыка для сердца и сосудов #20",0,0,0,2025-08-29
4746aa66f6bf2b69a16437de6c817600,--2LLxE0FFo,UCNS3dqFGBPhxHmOigehpBeg,https://www.youtube.com/watch?v=--2LLxE0FFo,2022-03-12 10:06:31,"Нежная музыка, успокаивает нервную систему и радует душу - лечебная музыка для сердца и сосудов #20",0,0,0,2025-08-24
9236649179c07d1c03b68c216ea660ba,--2LLxE0FFo,UCNS3dqFGBPhxHmOigehpBeg,https://www.youtube.com/watch?v=--2LLxE0FFo,2022-03-12 10:06:31,"Нежная музыка, успокаивает нервную систему и радует душу - лечебная музыка для сердца и сосудов #20",0,0,0,2025-08-19
042a094da0c0890d19206224656f9fc9,--2LLxE0FFo,UCNS3dqFGBPhxHmOigehpBeg,https://www.youtube.com/watch?v=--2LLxE0FFo,2022-03-12 10:06:31,"Нежная музыка, успокаивает нервную систему и радует душу - лечебная музыка для сердца и сосудов #20",0,0,0,2025-08-14
5bb7982128d405c34a5837f54a28d5ed,--2LLxE0FFo,UCNS3dqFGBPhxHmOigehpBeg,https://www.youtube.com/watch?v=--2LLxE0FFo,2022-03-12 10:06:31,"Нежная музыка, успокаивает нервную систему и радует душу - лечебная музыка для сердца и сосудов #20",0,3,0.00000000000000000000,2025-08-09
de976256ed67bd0ecd2cca74353ee91a,--2LLxE0FFo,UCNS3dqFGBPhxHmOigehpBeg,https://www.youtube.com/watch?v=--2LLxE0FFo,2022-03-12 10:06:31,"Нежная музыка, успокаивает нервную систему и радует душу - лечебная музыка для сердца и сосудов #20",0.003,3,1.00000000000000000000,2025-08-08
6cb5b3cb3081b1f98f4d4392d46a24f3,--2LLxE0FFo,UCNS3dqFGBPhxHmOigehpBeg,https://www.youtube.com/watch?v=--2LLxE0FFo,2022-03-12 10:06:31,"Нежная музыка, успокаивает нервную систему и радует душу - лечебная музыка для сердца и сосудов #20",0,0,0,2025-08-05
75d4f8250fd0652a5a541b1a8eaa22d9,--2LLxE0FFo,UCNS3dqFGBPhxHmOigehpBeg,https://www.youtube.com/watch?v=--2LLxE0FFo,2022-03-12 10:06:31,"Нежная музыка, успокаивает нервную систему и радует душу - лечебная музыка для сердца и сосудов #20",0,0,0,2025-08-03
1bc356bd98e1daf9b26fee5d6b812ff0,--2LLxE0FFo,UCNS3dqFGBPhxHmOigehpBeg,https://www.youtube.com/watch?v=--2LLxE0FFo,2022-03-12 10:06:31,"Нежная музыка, успокаивает нервную систему и радует душу - лечебная музыка для сердца и сосудов #20",0,0,0,2025-08-02
403759259c15c63e877ce7d6df4ac613,--2LLxE0FFo,UCNS3dqFGBPhxHmOigehpBeg,https://www.youtube.com/watch?v=--2LLxE0FFo,2022-03-12 10:06:31,"Нежная музыка, успокаивает нервную систему и радует душу - лечебная музыка для сердца и сосудов #20",0,0,0,2025-08-01
69f4e79b4304e4c02add84610db051c0,--2LLxE0FFo,UCNS3dqFGBPhxHmOigehpBeg,https://www.youtube.com/watch?v=--2LLxE0FFo,2022-03-12 10:06:31,"Нежная музыка, успокаивает нервную систему и радует душу - лечебная музыка для сердца и сосудов #20",0,1,0.00000000000000000000,2025-07-31
b810fa59a3763d54ec7544831279e9df,--2LLxE0FFo,UCNS3dqFGBPhxHmOigehpBeg,https://www.youtube.com/watch?v=--2LLxE0FFo,2022-03-12 10:06:31,"Нежная музыка, успокаивает нервную систему и радует душу - лечебная музыка для сердца и сосудов #20",0,1,0.00000000000000000000,2025-07-24
b35f75bf5751ac6eb5d01693aeb413b6,--2LLxE0FFo,UCNS3dqFGBPhxHmOigehpBeg,https://www.youtube.com/watch?v=--2LLxE0FFo,2022-03-12 10:06:31,"Нежная музыка, успокаивает нервную систему и радует душу - лечебная музыка для сердца и сосудов #20",0,2,0.00000000000000000000,2025-07-12
afa20514bb2b5a69e475a4cf3220f8a1,--2LLxE0FFo,UCNS3dqFGBPhxHmOigehpBeg,https://www.youtube.com/watch?v=--2LLxE0FFo,2022-03-12 10:06:31,"Нежная музыка, успокаивает нервную систему и радует душу - лечебная музыка для сердца и сосудов #20",0,0,0,2025-07-10
4a4f4a68259bbc6a50112797870424f8,--2LLxE0FFo,UCNS3dqFGBPhxHmOigehpBeg,https://www.youtube.com/watch?v=--2LLxE0FFo,2022-03-12 10:06:31,"Нежная музыка, успокаивает нервную систему и радует душу - лечебная музыка для сердца и сосудов #20",0.001,1,1.00000000000000000000,2025-07-09
e5dbb19fae5097d8f4c6bcd23316ca78,--2LLxE0FFo,UCNS3dqFGBPhxHmOigehpBeg,https://www.youtube.com/watch?v=--2LLxE0FFo,2022-03-12 10:06:31,"Нежная музыка, успокаивает нервную систему и радует душу - лечебная музыка для сердца и сосудов #20",0,1,0.00000000000000000000,2025-07-08
569425ffba3c32bada8683e080992fcd,--2LLxE0FFo,UCNS3dqFGBPhxHmOigehpBeg,https://www.youtube.com/watch?v=--2LLxE0FFo,2022-03-12 10:06:31,"Нежная музыка, успокаивает нервную систему и радует душу - лечебная музыка для сердца и сосудов #20",0.002,1,2.00000000000000000000,2025-07-07
f3f07fc99568392225da00f93d459ec6,--2LLxE0FFo,UCNS3dqFGBPhxHmOigehpBeg,https://www.youtube.com/watch?v=--2LLxE0FFo,2022-03-12 10:06:31,"Нежная музыка, успокаивает нервную систему и радует душу - лечебная музыка для сердца и сосудов #20",0,0,0,2025-07-06
7927c3a4cbfa560f4b7af92d6428bdac,--2LLxE0FFo,UCNS3dqFGBPhxHmOigehpBeg,https://www.youtube.com/watch?v=--2LLxE0FFo,2022-03-12 10:06:31,"Нежная музыка, успокаивает нервную систему и радует душу - лечебная музыка для сердца и сосудов #20",0,1,0.00000000000000000000,2025-07-04
124cf4db4d58d468d7adf8f2795dc950,--2LLxE0FFo,UCNS3dqFGBPhxHmOigehpBeg,https://www.youtube.com/watch?v=--2LLxE0FFo,2022-03-12 10:06:31,"Нежная музыка, успокаивает нервную систему и радует душу - лечебная музыка для сердца и сосудов #20",0,1,0.00000000000000000000,2025-07-01
023c93902199984f114eeb918927a2c5,--2LLxE0FFo,UCNS3dqFGBPhxHmOigehpBeg,https://www.youtube.com/watch?v=--2LLxE0FFo,2022-03-12 10:06:31,"Нежная музыка, успокаивает нервную систему и радует душу - лечебная музыка для сердца и сосудов #20",0,1,0.00000000000000000000,2025-06-30
606c76ca620ee8b09aabd373f2daaa85,--2LLxE0FFo,UCNS3dqFGBPhxHmOigehpBeg,https://www.youtube.com/watch?v=--2LLxE0FFo,2022-03-12 10:06:31,"Нежная музыка, успокаивает нервную систему и радует душу - лечебная музыка для сердца и сосудов #20",0,0,0,2025-06-28
8bb0bb09bbe5c425e110c24eace89b25,--2LLxE0FFo,UCNS3dqFGBPhxHmOigehpBeg,https://www.youtube.com/watch?v=--2LLxE0FFo,2022-03-12 10:06:31,"Нежная музыка, успокаивает нервную систему и радует душу - лечебная музыка для сердца и сосудов #20",0,0,0,2025-06-22
e890ae6d148c9908d8913aa96b89d78b,--2LLxE0FFo,UCNS3dqFGBPhxHmOigehpBeg,https://www.youtube.com/watch?v=--2LLxE0FFo,2022-03-12 10:06:31,"Нежная музыка, успокаивает нервную систему и радует душу - лечебная музыка для сердца и сосудов #20",0,0,0,2025-06-21
ad764482c2a8513545ef8b78bf1228ef,--2LLxE0FFo,UCNS3dqFGBPhxHmOigehpBeg,https://www.youtube.com/watch?v=--2LLxE0FFo,2022-03-12 10:06:31,"Нежная музыка, успокаивает нервную систему и радует душу - лечебная музыка для сердца и сосудов #20",0,1,0.00000000000000000000,2025-12-12
f7635e5c3b7fd04049e333e2c9ad5a31,--2LLxE0FFo,UCNS3dqFGBPhxHmOigehpBeg,https://www.youtube.com/watch?v=--2LLxE0FFo,2022-03-12 10:06:31,"Нежная музыка, успокаивает нервную систему и радует душу - лечебная музыка для сердца и сосудов #20",0,1,0.00000000000000000000,2025-12-10
7821224cc7530ba52ffd796b6051e7ad,--2LLxE0FFo,UCNS3dqFGBPhxHmOigehpBeg,https://www.youtube.com/watch?v=--2LLxE0FFo,2022-03-12 10:06:31,"Нежная музыка, успокаивает нервную систему и радует душу - лечебная музыка для сердца и сосудов #20",0.001,4,0.25000000000000000000,2026-05-13
240ffb72da74d8289de9a723da374ee8,--2LLxE0FFo,UCNS3dqFGBPhxHmOigehpBeg,https://www.youtube.com/watch?v=--2LLxE0FFo,2022-03-12 10:06:31,"Нежная музыка, успокаивает нервную систему и радует душу - лечебная музыка для сердца и сосудов #20",0,1,0.00000000000000000000,2025-12-09
c6e36f2dd3914feb22427464dfc56df7,--2LLxE0FFo,UCNS3dqFGBPhxHmOigehpBeg,https://www.youtube.com/watch?v=--2LLxE0FFo,2022-03-12 10:06:31,"Нежная музыка, успокаивает нервную систему и радует душу - лечебная музыка для сердца и сосудов #20",0.001,1,1.00000000000000000000,2025-12-08
45d105263db84ea0cd6885f10bd82bd2,--2LLxE0FFo,UCNS3dqFGBPhxHmOigehpBeg,https://www.youtube.com/watch?v=--2LLxE0FFo,2022-03-12 10:06:31,"Нежная музыка, успокаивает нервную систему и радует душу - лечебная музыка для сердца и сосудов #20",0,0,0,2025-12-06
ef5ae883b2b88007c90cb9cb762c52b8,--2LLxE0FFo,UCNS3dqFGBPhxHmOigehpBeg,https://www.youtube.com/watch?v=--2LLxE0FFo,2022-03-12 10:06:31,"Нежная музыка, успокаивает нервную систему и радует душу - лечебная музыка для сердца и сосудов #20",0,0,0,2025-12-05
ef26678743623a3664a102e3502f77e1,--2LLxE0FFo,UCNS3dqFGBPhxHmOigehpBeg,https://www.youtube.com/watch?v=--2LLxE0FFo,2022-03-12 10:06:31,"Нежная музыка, успокаивает нервную систему и радует душу - лечебная музыка для сердца и сосудов #20",0.002,1,2.00000000000000000000,2025-12-04
e3f0693488ad2dc1139b97d6cc53a740,--2LLxE0FFo,UCNS3dqFGBPhxHmOigehpBeg,https://www.youtube.com/watch?v=--2LLxE0FFo,2022-03-12 10:06:31,"Нежная музыка, успокаивает нервную систему и радует душу - лечебная музыка для сердца и сосудов #20",0,0,0,2025-12-01
4a7299421c74435ce53a5d408f53049f,--2LLxE0FFo,UCNS3dqFGBPhxHmOigehpBeg,https://www.youtube.com/watch?v=--2LLxE0FFo,2022-03-12 10:06:31,"Нежная музыка, успокаивает нервную систему и радует душу - лечебная музыка для сердца и сосудов #20",0,1,0.00000000000000000000,2025-11-29
e7b010eacb7e78efc4960daa12727364,--2LLxE0FFo,UCNS3dqFGBPhxHmOigehpBeg,https://www.youtube.com/watch?v=--2LLxE0FFo,2022-03-12 10:06:31,"Нежная музыка, успокаивает нервную систему и радует душу - лечебная музыка для сердца и сосудов #20",0,0,0,2025-11-25
a355b839640f467afbfd0100f6427b61,--2LLxE0FFo,UCNS3dqFGBPhxHmOigehpBeg,https://www.youtube.com/watch?v=--2LLxE0FFo,2022-03-12 10:06:31,"Нежная музыка, успокаивает нервную систему и радует душу - лечебная музыка для сердца и сосудов #20",0,0,0,2025-11-24
05883d70302f13c3ad83d8cfc092efcf,--2LLxE0FFo,UCNS3dqFGBPhxHmOigehpBeg,https://www.youtube.com/watch?v=--2LLxE0FFo,2022-03-12 10:06:31,"Нежная музыка, успокаивает нервную систему и радует душу - лечебная музыка для сердца и сосудов #20",0,0,0,2025-11-23
26845f1b49fec52c8f7f06695a92786f,--2LLxE0FFo,UCNS3dqFGBPhxHmOigehpBeg,https://www.youtube.com/watch?v=--2LLxE0FFo,2022-03-12 10:06:31,"Нежная музыка, успокаивает нервную систему и радует душу - лечебная музыка для сердца и сосудов #20",0,0,0,2025-11-22
942a81ce2859c979c6f3f2129bb3b87a,--2LLxE0FFo,UCNS3dqFGBPhxHmOigehpBeg,https://www.youtube.com/watch?v=--2LLxE0FFo,2022-03-12 10:06:31,"Нежная музыка, успокаивает нервную систему и радует душу - лечебная музыка для сердца и сосудов #20",0.003,5,0.60000000000000000000,2026-05-12
336c15ab1712cd44e54c747d761bb64a,--2LLxE0FFo,UCNS3dqFGBPhxHmOigehpBeg,https://www.youtube.com/watch?v=--2LLxE0FFo,2022-03-12 10:06:31,"Нежная музыка, успокаивает нервную систему и радует душу - лечебная музыка для сердца и сосудов #20",0.002,1,2.00000000000000000000,2025-11-14
9c4f84e343df688a6be41ca336a3e88f,--2LLxE0FFo,UCNS3dqFGBPhxHmOigehpBeg,https://www.youtube.com/watch?v=--2LLxE0FFo,2022-03-12 10:06:31,"Нежная музыка, успокаивает нервную систему и радует душу - лечебная музыка для сердца и сосудов #20",0.001,1,1.00000000000000000000,2025-11-03
8a77003ac52ef021cca90bf70d9a3a9f,--2LLxE0FFo,UCNS3dqFGBPhxHmOigehpBeg,https://www.youtube.com/watch?v=--2LLxE0FFo,2022-03-12 10:06:31,"Нежная музыка, успокаивает нервную систему и радует душу - лечебная музыка для сердца и сосудов #20",0,0,0,2025-10-29
cc8755eb5fc39367173eeee47d9fefc3,--2LLxE0FFo,UCNS3dqFGBPhxHmOigehpBeg,https://www.youtube.com/watch?v=--2LLxE0FFo,2022-03-12 10:06:31,"Нежная музыка, успокаивает нервную систему и радует душу - лечебная музыка для сердца и сосудов #20",0.002,5,0.40000000000000000000,2026-05-09
0702bb4ca32c1a7f8235633c946bb516,--2LLxE0FFo,UCNS3dqFGBPhxHmOigehpBeg,https://www.youtube.com/watch?v=--2LLxE0FFo,2022-03-12 10:06:31,"Нежная музыка, успокаивает нервную систему и радует душу - лечебная музыка для сердца и сосудов #20",0.004,8,0.50000000000000000000,2026-05-08
01a21db414f846cc20e282ed5b709c9d,--2LLxE0FFo,UCNS3dqFGBPhxHmOigehpBeg,https://www.youtube.com/watch?v=--2LLxE0FFo,2022-03-12 10:06:31,"Нежная музыка, успокаивает нервную систему и радует душу - лечебная музыка для сердца и сосудов #20",0.002,4,0.50000000000000000000,2026-05-07
ddc02b73a6acf0c1c97a1bf358e52e34,--2LLxE0FFo,UCNS3dqFGBPhxHmOigehpBeg,https://www.youtube.com/watch?v=--2LLxE0FFo,2022-03-12 10:06:31,"Нежная музыка, успокаивает нервную систему и радует душу - лечебная музыка для сердца и сосудов #20",0,1,0.00000000000000000000,2026-05-06
59fd4d35fe7784f286b1caa84cd4c097,--2LLxE0FFo,UCNS3dqFGBPhxHmOigehpBeg,https://www.youtube.com/watch?v=--2LLxE0FFo,2022-03-12 10:06:31,"Нежная музыка, успокаивает нервную систему и радует душу - лечебная музыка для сердца и сосудов #20",0,1,0.00000000000000000000,2026-04-30
12d3fb85cdad0f37b8fbb03f07124c62,--2LLxE0FFo,UCNS3dqFGBPhxHmOigehpBeg,https://www.youtube.com/watch?v=--2LLxE0FFo,2022-03-12 10:06:31,"Нежная музыка, успокаивает нервную систему и радует душу - лечебная музыка для сердца и сосудов #20",0,0,0,2026-04-29
bd23c1dfa1d07e5c318b3110abafe675,--2LLxE0FFo,UCNS3dqFGBPhxHmOigehpBeg,https://www.youtube.com/watch?v=--2LLxE0FFo,2022-03-12 10:06:31,"Нежная музыка, успокаивает нервную систему и радует душу - лечебная музыка для сердца и сосудов #20",0,2,0.00000000000000000000,2026-04-27
dff76749b808abb8edba9b9c6c11aafc,--2LLxE0FFo,UCNS3dqFGBPhxHmOigehpBeg,https://www.youtube.com/watch?v=--2LLxE0FFo,2022-03-12 10:06:31,"Нежная музыка, успокаивает нервную систему и радует душу - лечебная музыка для сердца и сосудов #20",0,1,0.00000000000000000000,2026-04-23
9e298b3ed7dec38dfbcb49da6dd700c3,--2LLxE0FFo,UCNS3dqFGBPhxHmOigehpBeg,https://www.youtube.com/watch?v=--2LLxE0FFo,2022-03-12 10:06:31,"Нежная музыка, успокаивает нервную систему и радует душу - лечебная музыка для сердца и сосудов #20",0,1,0.00000000000000000000,2026-04-19
2d88736650789ff5a4cbc077f88b189c,--2LLxE0FFo,UCNS3dqFGBPhxHmOigehpBeg,https://www.youtube.com/watch?v=--2LLxE0FFo,2022-03-12 10:06:31,"Нежная музыка, успокаивает нервную систему и радует душу - лечебная музыка для сердца и сосудов #20",0,0,0,2026-04-17
da95a25b0b5067fbe5fa8defacb581fa,--2LLxE0FFo,UCNS3dqFGBPhxHmOigehpBeg,https://www.youtube.com/watch?v=--2LLxE0FFo,2022-03-12 10:06:31,"Нежная музыка, успокаивает нервную систему и радует душу - лечебная музыка для сердца и сосудов #20",0,0,0,2026-04-15
a0fbccd836a3f5e0a3b54c01f29ab314,--2LLxE0FFo,UCNS3dqFGBPhxHmOigehpBeg,https://www.youtube.com/watch?v=--2LLxE0FFo,2022-03-12 10:06:31,"Нежная музыка, успокаивает нервную систему и радует душу - лечебная музыка для сердца и сосудов #20",0,0,0,2026-04-14
a0cabc65e852b272f36d85864f37f163,--2LLxE0FFo,UCNS3dqFGBPhxHmOigehpBeg,https://www.youtube.com/watch?v=--2LLxE0FFo,2022-03-12 10:06:31,"Нежная музыка, успокаивает нервную систему и радует душу - лечебная музыка для сердца и сосудов #20",0,1,0.00000000000000000000,2026-03-30
5ef196aa03f06cc9a15fe92f10a7cffb,--2LLxE0FFo,UCNS3dqFGBPhxHmOigehpBeg,https://www.youtube.com/watch?v=--2LLxE0FFo,2022-03-12 10:06:31,"Нежная музыка, успокаивает нервную систему и радует душу - лечебная музыка для сердца и сосудов #20",0,3,0.00000000000000000000,2026-03-22
a9cb15e5801d3e360e5d65309c9b7148,--2LLxE0FFo,UCNS3dqFGBPhxHmOigehpBeg,https://www.youtube.com/watch?v=--2LLxE0FFo,2022-03-12 10:06:31,"Нежная музыка, успокаивает нервную систему и радует душу - лечебная музыка для сердца и сосудов #20",0,2,0.00000000000000000000,2026-03-16
27e4d0193a055238e106086cc67f4e54,--2LLxE0FFo,UCNS3dqFGBPhxHmOigehpBeg,https://www.youtube.com/watch?v=--2LLxE0FFo,2022-03-12 10:06:31,"Нежная музыка, успокаивает нервную систему и радует душу - лечебная музыка для сердца и сосудов #20",0,1,0.00000000000000000000,2026-03-15
acae3b09578ec382e1f9e5b6231ab797,--2LLxE0FFo,UCNS3dqFGBPhxHmOigehpBeg,https://www.youtube.com/watch?v=--2LLxE0FFo,2022-03-12 10:06:31,"Нежная музыка, успокаивает нервную систему и радует душу - лечебная музыка для сердца и сосудов #20",0,1,0.00000000000000000000,2026-03-13
7568360b642df7122f512a9cb829d2d3,--2LLxE0FFo,UCNS3dqFGBPhxHmOigehpBeg,https://www.youtube.com/watch?v=--2LLxE0FFo,2022-03-12 10:06:31,"Нежная музыка, успокаивает нервную систему и радует душу - лечебная музыка для сердца и сосудов #20",0,1,0.00000000000000000000,2026-03-11
668cd7ef28e1ba00ebfcc807b814ca36,--2LLxE0FFo,UCNS3dqFGBPhxHmOigehpBeg,https://www.youtube.com/watch?v=--2LLxE0FFo,2022-03-12 10:06:31,"Нежная музыка, успокаивает нервную систему и радует душу - лечебная музыка для сердца и сосудов #20",0,1,0.00000000000000000000,2026-03-09
2c9090f770a9fb293f6214e9e953c988,--2LLxE0FFo,UCNS3dqFGBPhxHmOigehpBeg,https://www.youtube.com/watch?v=--2LLxE0FFo,2022-03-12 10:06:31,"Нежная музыка, успокаивает нервную систему и радует душу - лечебная музыка для сердца и сосудов #20",0,1,0.00000000000000000000,2026-03-06
533ea2ccaac92dc73045e0707ca5c662,--2LLxE0FFo,UCNS3dqFGBPhxHmOigehpBeg,https://www.youtube.com/watch?v=--2LLxE0FFo,2022-03-12 10:06:31,"Нежная музыка, успокаивает нервную систему и радует душу - лечебная музыка для сердца и сосудов #20",0,1,0.00000000000000000000,2026-03-04
1543bc1b50e7e2a6a2b7563749e303cc,--2LLxE0FFo,UCNS3dqFGBPhxHmOigehpBeg,https://www.youtube.com/watch?v=--2LLxE0FFo,2022-03-12 10:06:31,"Нежная музыка, успокаивает нервную систему и радует душу - лечебная музыка для сердца и сосудов #20",0.001,2,0.50000000000000000000,2026-02-22
7aa0a5d996e59292043d882e4a213942,--2LLxE0FFo,UCNS3dqFGBPhxHmOigehpBeg,https://www.youtube.com/watch?v=--2LLxE0FFo,2022-03-12 10:06:31,"Нежная музыка, успокаивает нервную систему и радует душу - лечебная музыка для сердца и сосудов #20",0.001,2,0.50000000000000000000,2026-02-19
de1d428f7d18c27505420784d988b4b3,--2LLxE0FFo,UCNS3dqFGBPhxHmOigehpBeg,https://www.youtube.com/watch?v=--2LLxE0FFo,2022-03-12 10:06:31,"Нежная музыка, успокаивает нервную систему и радует душу - лечебная музыка для сердца и сосудов #20",0,1,0.00000000000000000000,2026-02-17
70b78fe316c8e0085858102e91aeb1f6,--2LLxE0FFo,UCNS3dqFGBPhxHmOigehpBeg,https://www.youtube.com/watch?v=--2LLxE0FFo,2022-03-12 10:06:31,"Нежная музыка, успокаивает нервную систему и радует душу - лечебная музыка для сердца и сосудов #20",0.02,1,20.00000000000000000000,2026-02-16
26535b4d9a8fab76b70d15a18cddb422,--2LLxE0FFo,UCNS3dqFGBPhxHmOigehpBeg,https://www.youtube.com/watch?v=--2LLxE0FFo,2022-03-12 10:06:31,"Нежная музыка, успокаивает нервную систему и радует душу - лечебная музыка для сердца и сосудов #20",0,0,0,2026-02-14
a7f24f44f7f4e16db9eaa6a3d6f269ef,--2LLxE0FFo,UCNS3dqFGBPhxHmOigehpBeg,https://www.youtube.com/watch?v=--2LLxE0FFo,2022-03-12 10:06:31,"Нежная музыка, успокаивает нервную систему и радует душу - лечебная музыка для сердца и сосудов #20",0,1,0.00000000000000000000,2026-02-13
f08a2c92c2a0eb97f556adc7fb5696d8,--2LLxE0FFo,UCNS3dqFGBPhxHmOigehpBeg,https://www.youtube.com/watch?v=--2LLxE0FFo,2022-03-12 10:06:31,"Нежная музыка, успокаивает нервную систему и радует душу - лечебная музыка для сердца и сосудов #20",0,0,0,2026-02-11
7784b6519bfb041a1e752ebdb8fc25ba,--2LLxE0FFo,UCNS3dqFGBPhxHmOigehpBeg,https://www.youtube.com/watch?v=--2LLxE0FFo,2022-03-12 10:06:31,"Нежная музыка, успокаивает нервную систему и радует душу - лечебная музыка для сердца и сосудов #20",0,1,0.00000000000000000000,2026-02-07
5485fcf586f2ea0d39af3d952af787c9,--2LLxE0FFo,UCNS3dqFGBPhxHmOigehpBeg,https://www.youtube.com/watch?v=--2LLxE0FFo,2022-03-12 10:06:31,"Нежная музыка, успокаивает нервную систему и радует душу - лечебная музыка для сердца и сосудов #20",0,0,0,2026-02-05
a0199e2f8f08a8f36150910c6450ac36,--2LLxE0FFo,UCNS3dqFGBPhxHmOigehpBeg,https://www.youtube.com/watch?v=--2LLxE0FFo,2022-03-12 10:06:31,"Нежная музыка, успокаивает нервную систему и радует душу - лечебная музыка для сердца и сосудов #20",0,0,0,2026-02-03
a3de95d26eaf1956ea5393b8911abae4,--2LLxE0FFo,UCNS3dqFGBPhxHmOigehpBeg,https://www.youtube.com/watch?v=--2LLxE0FFo,2022-03-12 10:06:31,"Нежная музыка, успокаивает нервную систему и радует душу - лечебная музыка для сердца и сосудов #20",0,1,0.00000000000000000000,2026-01-31
2ff88fe9ca6ec0a6d2868d36467699ad,--2LLxE0FFo,UCNS3dqFGBPhxHmOigehpBeg,https://www.youtube.com/watch?v=--2LLxE0FFo,2022-03-12 10:06:31,"Нежная музыка, успокаивает нервную систему и радует душу - лечебная музыка для сердца и сосудов #20",0,3,0.00000000000000000000,2026-01-29
9f187a86eeea8d6cc65ada82fb461b33,--2LLxE0FFo,UCNS3dqFGBPhxHmOigehpBeg,https://www.youtube.com/watch?v=--2LLxE0FFo,2022-03-12 10:06:31,"Нежная музыка, успокаивает нервную систему и радует душу - лечебная музыка для сердца и сосудов #20",0,1,0.00000000000000000000,2026-01-27
ee1549aa2294703bce6c29063e684999,--2LLxE0FFo,UCNS3dqFGBPhxHmOigehpBeg,https://www.youtube.com/watch?v=--2LLxE0FFo,2022-03-12 10:06:31,"Нежная музыка, успокаивает нервную систему и радует душу - лечебная музыка для сердца и сосудов #20",0,1,0.00000000000000000000,2026-01-25
6d3cc7f8fe56562a4b05a6eefa4f5a5c,--2LLxE0FFo,UCNS3dqFGBPhxHmOigehpBeg,https://www.youtube.com/watch?v=--2LLxE0FFo,2022-03-12 10:06:31,"Нежная музыка, успокаивает нервную систему и радует душу - лечебная музыка для сердца и сосудов #20",0,0,0,2026-01-23
11292cbfe710c6d022dc360c3aa90e8f,--2LLxE0FFo,UCNS3dqFGBPhxHmOigehpBeg,https://www.youtube.com/watch?v=--2LLxE0FFo,2022-03-12 10:06:31,"Нежная музыка, успокаивает нервную систему и радует душу - лечебная музыка для сердца и сосудов #20",0,1,0.00000000000000000000,2026-01-20
e046a8d79f53d4802378da45c4a575d4,--2LLxE0FFo,UCNS3dqFGBPhxHmOigehpBeg,https://www.youtube.com/watch?v=--2LLxE0FFo,2022-03-12 10:06:31,"Нежная музыка, успокаивает нервную систему и радует душу - лечебная музыка для сердца и сосудов #20",0,1,0.00000000000000000000,2026-01-19
75809877f3379ed434766f6399205724,--2LLxE0FFo,UCNS3dqFGBPhxHmOigehpBeg,https://www.youtube.com/watch?v=--2LLxE0FFo,2022-03-12 10:06:31,"Нежная музыка, успокаивает нервную систему и радует душу - лечебная музыка для сердца и сосудов #20",0,0,0,2026-01-16
6badc6b9c4e295b58520da0e29cc4d89,--2LLxE0FFo,UCNS3dqFGBPhxHmOigehpBeg,https://www.youtube.com/watch?v=--2LLxE0FFo,2022-03-12 10:06:31,"Нежная музыка, успокаивает нервную систему и радует душу - лечебная музыка для сердца и сосудов #20",0,0,0,2026-01-11
ad2eb173ef0c2822e6cbae7facd995a6,--2LLxE0FFo,UCNS3dqFGBPhxHmOigehpBeg,https://www.youtube.com/watch?v=--2LLxE0FFo,2022-03-12 10:06:31,"Нежная музыка, успокаивает нервную систему и радует душу - лечебная музыка для сердца и сосудов #20",0.003,0,0,2026-01-06
c4a93f14c0d091a53c0239078a43676a,--2LLxE0FFo,UCNS3dqFGBPhxHmOigehpBeg,https://www.youtube.com/watch?v=--2LLxE0FFo,2022-03-12 10:06:31,"Нежная музыка, успокаивает нервную систему и радует душу - лечебная музыка для сердца и сосудов #20",0,2,0.00000000000000000000,2026-01-04
d16c07a273079acd7ae427198051f1af,--2LLxE0FFo,UCNS3dqFGBPhxHmOigehpBeg,https://www.youtube.com/watch?v=--2LLxE0FFo,2022-03-12 10:06:31,"Нежная музыка, успокаивает нервную систему и радует душу - лечебная музыка для сердца и сосудов #20",0,0,0,2026-01-03
483770bc49c173d7450d3c2e07ec0208,--2LLxE0FFo,UCNS3dqFGBPhxHmOigehpBeg,https://www.youtube.com/watch?v=--2LLxE0FFo,2022-03-12 10:06:31,"Нежная музыка, успокаивает нервную систему и радует душу - лечебная музыка для сердца и сосудов #20",0,1,0.00000000000000000000,2026-05-14
31b9c2bdbe49651f7e0f2fdf3c657799,--2LLxE0FFo,UCNS3dqFGBPhxHmOigehpBeg,https://www.youtube.com/watch?v=--2LLxE0FFo,2022-03-12 10:06:31,"Нежная музыка, успокаивает нервную систему и радует душу - лечебная музыка для сердца и сосудов #20",0,1,0.00000000000000000000,2026-05-15
cc496218a78592508821e35cde800d96,--2LLxE0FFo,UCNS3dqFGBPhxHmOigehpBeg,https://www.youtube.com/watch?v=--2LLxE0FFo,2022-03-12 10:06:31,"Нежная музыка, успокаивает нервную систему и радует душу - лечебная музыка для сердца и сосудов #20",0,1,0.00000000000000000000,2026-05-16
5b6c31539d009a5a620ec36c1d3c49af,--2LLxE0FFo,UCNS3dqFGBPhxHmOigehpBeg,https://www.youtube.com/watch?v=--2LLxE0FFo,2022-03-12 10:06:31,"Нежная музыка, успокаивает нервную систему и радует душу - лечебная музыка для сердца и сосудов #20",0.002,4,0.50000000000000000000,2026-05-17
d56dd1200b3cabdb5f331325b32451f2,--4vaZP-M_I,UCW3fWj4psTuO2XqkudHCcig,https://www.youtube.com/watch?v=--4vaZP-M_I,2026-06-12 16:47:42,Gentle Rain Sounds & Peaceful Piano at Night – Deep Sleep Music for Stress Relief and Calm Mind,0,3,0.00000000000000000000,2026-06-18
9d7a4424d6332e53688b17c626c4647d,--4vaZP-M_I,UCW3fWj4psTuO2XqkudHCcig,https://www.youtube.com/watch?v=--4vaZP-M_I,2026-06-12 16:47:42,Gentle Rain Sounds & Peaceful Piano at Night – Deep Sleep Music for Stress Relief and Calm Mind,0,3,0.00000000000000000000,2026-06-17
bb0cd9a0e77135e8fe2773815ddd8a68,--4vaZP-M_I,UCW3fWj4psTuO2XqkudHCcig,https://www.youtube.com/watch?v=--4vaZP-M_I,2026-06-12 16:47:42,Gentle Rain Sounds & Peaceful Piano at Night – Deep Sleep Music for Stress Relief and Calm Mind,0,4,0.00000000000000000000,2026-06-16
33f03e55ad4c504200c29732409e1424,--4vaZP-M_I,UCW3fWj4psTuO2XqkudHCcig,https://www.youtube.com/watch?v=--4vaZP-M_I,2026-06-12 16:47:42,Gentle Rain Sounds & Peaceful Piano at Night – Deep Sleep Music for Stress Relief and Calm Mind,0,2,0.00000000000000000000,2026-06-15
bad3e3cda11643c4c375d7ecf80a1a08,--4vaZP-M_I,UCW3fWj4psTuO2XqkudHCcig,https://www.youtube.com/watch?v=--4vaZP-M_I,2026-06-12 16:47:42,Gentle Rain Sounds & Peaceful Piano at Night – Deep Sleep Music for Stress Relief and Calm Mind,0.001,9,0.11111111111111111000,2026-06-12
1a722eda9d192153c55d3f7becb9b32d,--4vaZP-M_I,UCW3fWj4psTuO2XqkudHCcig,https://www.youtube.com/watch?v=--4vaZP-M_I,2026-06-12 16:47:42,Gentle Rain Sounds & Peaceful Piano at Night – Deep Sleep Music for Stress Relief and Calm Mind,0,3,0.00000000000000000000,2026-06-14
9b3258bc626aeb58a42c9dd908a7c5a5,--4vaZP-M_I,UCW3fWj4psTuO2XqkudHCcig,https://www.youtube.com/watch?v=--4vaZP-M_I,2026-06-12 16:47:42,Gentle Rain Sounds & Peaceful Piano at Night – Deep Sleep Music for Stress Relief and Calm Mind,0,6,0.00000000000000000000,2026-06-13
2ded37666b9569d8a226ce78f994e08b,--4vaZP-M_I,UCW3fWj4psTuO2XqkudHCcig,https://www.youtube.com/watch?v=--4vaZP-M_I,2026-06-12 16:47:42,Gentle Rain Sounds & Peaceful Piano at Night – Deep Sleep Music for Stress Relief and Calm Mind,0,1,0.00000000000000000000,2026-06-11
73ea86bf15ec9a74ed615ceb912eac0e,--5_lQqhP8U,UC-l1GAYzCSb8TtWqGxU2K5Q,https://www.youtube.com/watch?v=--5_lQqhP8U,2026-06-17 10:30:06,"A Small Green Balcony, A Peaceful Mind 🍃 Morning Lofi To Start Your Day Fresher 🍃 Lofi Spring Vibes",2.541,165,15.40000000000000000000,2026-06-19
239ebe3978c536df8c089dacbab0fe82,--5_lQqhP8U,UC-l1GAYzCSb8TtWqGxU2K5Q,https://www.youtube.com/watch?v=--5_lQqhP8U,2026-06-17 10:30:06,"A Small Green Balcony, A Peaceful Mind 🍃 Morning Lofi To Start Your Day Fresher 🍃 Lofi Spring Vibes",20.755,1242,16.71095008051529791000,2026-06-17
5649ba9bee931a93b40ebaee56545b06,--5_lQqhP8U,UC-l1GAYzCSb8TtWqGxU2K5Q,https://www.youtube.com/watch?v=--5_lQqhP8U,2026-06-17 10:30:06,"A Small Green Balcony, A Peaceful Mind 🍃 Morning Lofi To Start Your Day Fresher 🍃 Lofi Spring Vibes",0.9,68,13.23529411764705882000,2026-06-20
db0967a5b0a31245029701db8c96ec48,--5_lQqhP8U,UC-l1GAYzCSb8TtWqGxU2K5Q,https://www.youtube.com/watch?v=--5_lQqhP8U,2026-06-17 10:30:06,"A Small Green Balcony, A Peaceful Mind 🍃 Morning Lofi To Start Your Day Fresher 🍃 Lofi Spring Vibes",0.62,36,17.22222222222222222000,2026-06-21
99fa15255b7cb584811a600707d99e53,--5_lQqhP8U,UC-l1GAYzCSb8TtWqGxU2K5Q,https://www.youtube.com/watch?v=--5_lQqhP8U,2026-06-17 10:30:06,"A Small Green Balcony, A Peaceful Mind 🍃 Morning Lofi To Start Your Day Fresher 🍃 Lofi Spring Vibes",1.114,55,20.25454545454545455000,2026-06-22
8ad2f9c754e04c149367625b2f23e8f2,--5_lQqhP8U,UC-l1GAYzCSb8TtWqGxU2K5Q,https://www.youtube.com/watch?v=--5_lQqhP8U,2026-06-17 10:30:06,"A Small Green Balcony, A Peaceful Mind 🍃 Morning Lofi To Start Your Day Fresher 🍃 Lofi Spring Vibes",0.359,36,9.97222222222222222000,2026-06-23
f95de66a9f8922e8434cfd2a5a9b0d68,--5_lQqhP8U,UC-l1GAYzCSb8TtWqGxU2K5Q,https://www.youtube.com/watch?v=--5_lQqhP8U,2026-06-17 10:30:06,"A Small Green Balcony, A Peaceful Mind 🍃 Morning Lofi To Start Your Day Fresher 🍃 Lofi Spring Vibes",0.469,31,15.12903225806451613000,2026-06-24
a58d597e44baa7b6d935e5bc7e05ab6f,--5_lQqhP8U,UC-l1GAYzCSb8TtWqGxU2K5Q,https://www.youtube.com/watch?v=--5_lQqhP8U,2026-06-17 10:30:06,"A Small Green Balcony, A Peaceful Mind 🍃 Morning Lofi To Start Your Day Fresher 🍃 Lofi Spring Vibes",0.183,12,15.25000000000000000000,2026-06-25
200e3f700ab4348e55af797d9c39ff15,--5_lQqhP8U,UC-l1GAYzCSb8TtWqGxU2K5Q,https://www.youtube.com/watch?v=--5_lQqhP8U,2026-06-17 10:30:06,"A Small Green Balcony, A Peaceful Mind 🍃 Morning Lofi To Start Your Day Fresher 🍃 Lofi Spring Vibes",0.171,19,9.00000000000000000000,2026-06-26
d0e6b1b5fdcb2ac16c59c8d349fafd6a,--5_lQqhP8U,UC-l1GAYzCSb8TtWqGxU2K5Q,https://www.youtube.com/watch?v=--5_lQqhP8U,2026-06-17 10:30:06,"A Small Green Balcony, A Peaceful Mind 🍃 Morning Lofi To Start Your Day Fresher 🍃 Lofi Spring Vibes",0.152,9,16.88888888888888889000,2026-06-27
27e57a3cefdf09611aa481db9d95402a,--5_lQqhP8U,UC-l1GAYzCSb8TtWqGxU2K5Q,https://www.youtube.com/watch?v=--5_lQqhP8U,2026-06-17 10:30:06,"A Small Green Balcony, A Peaceful Mind 🍃 Morning Lofi To Start Your Day Fresher 🍃 Lofi Spring Vibes",0.076,16,4.75000000000000000000,2026-06-28
3bcba644d5b9a7a58c0e7779318ccf51,--5_lQqhP8U,UC-l1GAYzCSb8TtWqGxU2K5Q,https://www.youtube.com/watch?v=--5_lQqhP8U,2026-06-17 10:30:06,"A Small Green Balcony, A Peaceful Mind 🍃 Morning Lofi To Start Your Day Fresher 🍃 Lofi Spring Vibes",0,2,0.00000000000000000000,2026-08-07
816fcf190bca77b87db96632764e95e3,--5_lQqhP8U,UC-l1GAYzCSb8TtWqGxU2K5Q,https://www.youtube.com/watch?v=--5_lQqhP8U,2026-06-17 10:30:06,"A Small Green Balcony, A Peaceful Mind 🍃 Morning Lofi To Start Your Day Fresher 🍃 Lofi Spring Vibes",0,3,0.00000000000000000000,2026-08-06
329bbb0a6acb2d253a43ecef796f9947,--5_lQqhP8U,UC-l1GAYzCSb8TtWqGxU2K5Q,https://www.youtube.com/watch?v=--5_lQqhP8U,2026-06-17 10:30:06,"A Small Green Balcony, A Peaceful Mind 🍃 Morning Lofi To Start Your Day Fresher 🍃 Lofi Spring Vibes",0.165,3,55.00000000000000000000,2026-08-05
fd5577e08a0fb0c40960b0695c54b5d2,--5_lQqhP8U,UC-l1GAYzCSb8TtWqGxU2K5Q,https://www.youtube.com/watch?v=--5_lQqhP8U,2026-06-17 10:30:06,"A Small Green Balcony, A Peaceful Mind 🍃 Morning Lofi To Start Your Day Fresher 🍃 Lofi Spring Vibes",0.025,1,25.00000000000000000000,2026-08-03
97977796ebdd37b188d910fde3e5d95f,--5_lQqhP8U,UC-l1GAYzCSb8TtWqGxU2K5Q,https://www.youtube.com/watch?v=--5_lQqhP8U,2026-06-17 10:30:06,"A Small Green Balcony, A Peaceful Mind 🍃 Morning Lofi To Start Your Day Fresher 🍃 Lofi Spring Vibes",0.272,1,272.00000000000000000000,2026-08-02
70584258f707ce29718c34054e3b1477,--5_lQqhP8U,UC-l1GAYzCSb8TtWqGxU2K5Q,https://www.youtube.com/watch?v=--5_lQqhP8U,2026-06-17 10:30:06,"A Small Green Balcony, A Peaceful Mind 🍃 Morning Lofi To Start Your Day Fresher 🍃 Lofi Spring Vibes",0.155,5,31.00000000000000000000,2026-08-01
316344e69abcd1ceefd26497af04be2e,--5_lQqhP8U,UC-l1GAYzCSb8TtWqGxU2K5Q,https://www.youtube.com/watch?v=--5_lQqhP8U,2026-06-17 10:30:06,"A Small Green Balcony, A Peaceful Mind 🍃 Morning Lofi To Start Your Day Fresher 🍃 Lofi Spring Vibes",0.001,1,1.00000000000000000000,2026-07-31
862fa5ce54c277733cee33c76213bd8c,--5_lQqhP8U,UC-l1GAYzCSb8TtWqGxU2K5Q,https://www.youtube.com/watch?v=--5_lQqhP8U,2026-06-17 10:30:06,"A Small Green Balcony, A Peaceful Mind 🍃 Morning Lofi To Start Your Day Fresher 🍃 Lofi Spring Vibes",0.073,6,12.16666666666666667000,2026-07-30
27642a55bfc9912b55d7a9bb78cc28f5,--5_lQqhP8U,UC-l1GAYzCSb8TtWqGxU2K5Q,https://www.youtube.com/watch?v=--5_lQqhP8U,2026-06-17 10:30:06,"A Small Green Balcony, A Peaceful Mind 🍃 Morning Lofi To Start Your Day Fresher 🍃 Lofi Spring Vibes",0.054,4,13.50000000000000000000,2026-07-29
3fb96c162a8572cd2d0a5b18583ebe23,--5_lQqhP8U,UC-l1GAYzCSb8TtWqGxU2K5Q,https://www.youtube.com/watch?v=--5_lQqhP8U,2026-06-17 10:30:06,"A Small Green Balcony, A Peaceful Mind 🍃 Morning Lofi To Start Your Day Fresher 🍃 Lofi Spring Vibes",0.14,2,70.00000000000000000000,2026-07-28
73aed20a2b93a982515997a99650cdb6,--5_lQqhP8U,UC-l1GAYzCSb8TtWqGxU2K5Q,https://www.youtube.com/watch?v=--5_lQqhP8U,2026-06-17 10:30:06,"A Small Green Balcony, A Peaceful Mind 🍃 Morning Lofi To Start Your Day Fresher 🍃 Lofi Spring Vibes",0,1,0.00000000000000000000,2026-07-08
de61067105574ce13e5df773f1f86309,--5_lQqhP8U,UC-l1GAYzCSb8TtWqGxU2K5Q,https://www.youtube.com/watch?v=--5_lQqhP8U,2026-06-17 10:30:06,"A Small Green Balcony, A Peaceful Mind 🍃 Morning Lofi To Start Your Day Fresher 🍃 Lofi Spring Vibes",0.003,1,3.00000000000000000000,2026-07-18
a4c2e2e7306b769b0ad0e25372d155fa,--5_lQqhP8U,UC-l1GAYzCSb8TtWqGxU2K5Q,https://www.youtube.com/watch?v=--5_lQqhP8U,2026-06-17 10:30:06,"A Small Green Balcony, A Peaceful Mind 🍃 Morning Lofi To Start Your Day Fresher 🍃 Lofi Spring Vibes",0.082,10,8.20000000000000000000,2026-07-17
b2294edb3d2de5957db1b03e08819c7e,--5_lQqhP8U,UC-l1GAYzCSb8TtWqGxU2K5Q,https://www.youtube.com/watch?v=--5_lQqhP8U,2026-06-17 10:30:06,"A Small Green Balcony, A Peaceful Mind 🍃 Morning Lofi To Start Your Day Fresher 🍃 Lofi Spring Vibes",0,2,0.00000000000000000000,2026-07-16
00351bd6fb6f44670d17a1a166992409,--5_lQqhP8U,UC-l1GAYzCSb8TtWqGxU2K5Q,https://www.youtube.com/watch?v=--5_lQqhP8U,2026-06-17 10:30:06,"A Small Green Balcony, A Peaceful Mind 🍃 Morning Lofi To Start Your Day Fresher 🍃 Lofi Spring Vibes",0.145,7,20.71428571428571429000,2026-07-15
283895c09635eb45da8cb32d0db0745b,--5_lQqhP8U,UC-l1GAYzCSb8TtWqGxU2K5Q,https://www.youtube.com/watch?v=--5_lQqhP8U,2026-06-17 10:30:06,"A Small Green Balcony, A Peaceful Mind 🍃 Morning Lofi To Start Your Day Fresher 🍃 Lofi Spring Vibes",0.008,4,2.00000000000000000000,2026-07-14
03059ea4ec00e3663d05bb3319fc828b,--5_lQqhP8U,UC-l1GAYzCSb8TtWqGxU2K5Q,https://www.youtube.com/watch?v=--5_lQqhP8U,2026-06-17 10:30:06,"A Small Green Balcony, A Peaceful Mind 🍃 Morning Lofi To Start Your Day Fresher 🍃 Lofi Spring Vibes",0.28,8,35.00000000000000000000,2026-07-13
087ecd22dd0bfa0b1ed1409ef0e20809,--5_lQqhP8U,UC-l1GAYzCSb8TtWqGxU2K5Q,https://www.youtube.com/watch?v=--5_lQqhP8U,2026-06-17 10:30:06,"A Small Green Balcony, A Peaceful Mind 🍃 Morning Lofi To Start Your Day Fresher 🍃 Lofi Spring Vibes",0.062,7,8.85714285714285714000,2026-07-12
646cef7967f5917d0e426e614f446a1e,--5_lQqhP8U,UC-l1GAYzCSb8TtWqGxU2K5Q,https://www.youtube.com/watch?v=--5_lQqhP8U,2026-06-17 10:30:06,"A Small Green Balcony, A Peaceful Mind 🍃 Morning Lofi To Start Your Day Fresher 🍃 Lofi Spring Vibes",0.08,11,7.27272727272727273000,2026-07-11
fe282d958b57dd3bef0a476912078570,--5_lQqhP8U,UC-l1GAYzCSb8TtWqGxU2K5Q,https://www.youtube.com/watch?v=--5_lQqhP8U,2026-06-17 10:30:06,"A Small Green Balcony, A Peaceful Mind 🍃 Morning Lofi To Start Your Day Fresher 🍃 Lofi Spring Vibes",0.262,9,29.11111111111111111000,2026-07-10
5dc0a3212694fd0c4a3710ee4c0edb1f,--5_lQqhP8U,UC-l1GAYzCSb8TtWqGxU2K5Q,https://www.youtube.com/watch?v=--5_lQqhP8U,2026-06-17 10:30:06,"A Small Green Balcony, A Peaceful Mind 🍃 Morning Lofi To Start Your Day Fresher 🍃 Lofi Spring Vibes",0.132,10,13.20000000000000000000,2026-07-09
5b788c3d2d42e65414052a008569aa74,--5_lQqhP8U,UC-l1GAYzCSb8TtWqGxU2K5Q,https://www.youtube.com/watch?v=--5_lQqhP8U,2026-06-17 10:30:06,"A Small Green Balcony, A Peaceful Mind 🍃 Morning Lofi To Start Your Day Fresher 🍃 Lofi Spring Vibes",0.708,6,118.00000000000000000000,2026-07-27
570b8587b422fa5ab8e09d046e827b26,--5_lQqhP8U,UC-l1GAYzCSb8TtWqGxU2K5Q,https://www.youtube.com/watch?v=--5_lQqhP8U,2026-06-17 10:30:06,"A Small Green Balcony, A Peaceful Mind 🍃 Morning Lofi To Start Your Day Fresher 🍃 Lofi Spring Vibes",0.179,4,44.75000000000000000000,2026-07-26
e77b9b563a829cb17ecd3fe442f62786,--5_lQqhP8U,UC-l1GAYzCSb8TtWqGxU2K5Q,https://www.youtube.com/watch?v=--5_lQqhP8U,2026-06-17 10:30:06,"A Small Green Balcony, A Peaceful Mind 🍃 Morning Lofi To Start Your Day Fresher 🍃 Lofi Spring Vibes",0.18,4,45.00000000000000000000,2026-07-25
abeb7165c153b14ab87aeaaa01db6c19,--5_lQqhP8U,UC-l1GAYzCSb8TtWqGxU2K5Q,https://www.youtube.com/watch?v=--5_lQqhP8U,2026-06-17 10:30:06,"A Small Green Balcony, A Peaceful Mind 🍃 Morning Lofi To Start Your Day Fresher 🍃 Lofi Spring Vibes",0.001,2,0.50000000000000000000,2026-07-24
afd6bc34430e6e8ab1240b7d40916b0a,--5_lQqhP8U,UC-l1GAYzCSb8TtWqGxU2K5Q,https://www.youtube.com/watch?v=--5_lQqhP8U,2026-06-17 10:30:06,"A Small Green Balcony, A Peaceful Mind 🍃 Morning Lofi To Start Your Day Fresher 🍃 Lofi Spring Vibes",0.35,8,43.75000000000000000000,2026-07-23
81d3299b72fd86ba0fe4b344926d6732,--5_lQqhP8U,UC-l1GAYzCSb8TtWqGxU2K5Q,https://www.youtube.com/watch?v=--5_lQqhP8U,2026-06-17 10:30:06,"A Small Green Balcony, A Peaceful Mind 🍃 Morning Lofi To Start Your Day Fresher 🍃 Lofi Spring Vibes",0.262,8,32.75000000000000000000,2026-07-22
83bfe81eb1eaad137456a1686d8c4721,--5_lQqhP8U,UC-l1GAYzCSb8TtWqGxU2K5Q,https://www.youtube.com/watch?v=--5_lQqhP8U,2026-06-17 10:30:06,"A Small Green Balcony, A Peaceful Mind 🍃 Morning Lofi To Start Your Day Fresher 🍃 Lofi Spring Vibes",0.036,3,12.00000000000000000000,2026-07-21
6c19ffdf9d0d8c0e3fbc3572197a949a,--5_lQqhP8U,UC-l1GAYzCSb8TtWqGxU2K5Q,https://www.youtube.com/watch?v=--5_lQqhP8U,2026-06-17 10:30:06,"A Small Green Balcony, A Peaceful Mind 🍃 Morning Lofi To Start Your Day Fresher 🍃 Lofi Spring Vibes",0.007,1,7.00000000000000000000,2026-07-20
7a4470123cfb4df075b1e4e13761ae45,--5_lQqhP8U,UC-l1GAYzCSb8TtWqGxU2K5Q,https://www.youtube.com/watch?v=--5_lQqhP8U,2026-06-17 10:30:06,"A Small Green Balcony, A Peaceful Mind 🍃 Morning Lofi To Start Your Day Fresher 🍃 Lofi Spring Vibes",0.116,2,58.00000000000000000000,2026-07-19
4855fdcce470f9b7a4f7623b946f4381,--5_lQqhP8U,UC-l1GAYzCSb8TtWqGxU2K5Q,https://www.youtube.com/watch?v=--5_lQqhP8U,2026-06-17 10:30:06,"A Small Green Balcony, A Peaceful Mind 🍃 Morning Lofi To Start Your Day Fresher 🍃 Lofi Spring Vibes",0.096,11,8.72727272727272727000,2026-07-07
c0e24d2afa3836b413779014f8ceeace,--5_lQqhP8U,UC-l1GAYzCSb8TtWqGxU2K5Q,https://www.youtube.com/watch?v=--5_lQqhP8U,2026-06-17 10:30:06,"A Small Green Balcony, A Peaceful Mind 🍃 Morning Lofi To Start Your Day Fresher 🍃 Lofi Spring Vibes",0.257,16,16.06250000000000000000,2026-07-06
f76beab2f06fbeb78fd1ab4de9e2197a,--5_lQqhP8U,UC-l1GAYzCSb8TtWqGxU2K5Q,https://www.youtube.com/watch?v=--5_lQqhP8U,2026-06-17 10:30:06,"A Small Green Balcony, A Peaceful Mind 🍃 Morning Lofi To Start Your Day Fresher 🍃 Lofi Spring Vibes",0.132,10,13.20000000000000000000,2026-07-05
c8810a09535032919d25da080a15c7d0,--5_lQqhP8U,UC-l1GAYzCSb8TtWqGxU2K5Q,https://www.youtube.com/watch?v=--5_lQqhP8U,2026-06-17 10:30:06,"A Small Green Balcony, A Peaceful Mind 🍃 Morning Lofi To Start Your Day Fresher 🍃 Lofi Spring Vibes",0.066,6,11.00000000000000000000,2026-07-04
bfe132cb2f2153a224c24bed48eb5b02,--5_lQqhP8U,UC-l1GAYzCSb8TtWqGxU2K5Q,https://www.youtube.com/watch?v=--5_lQqhP8U,2026-06-17 10:30:06,"A Small Green Balcony, A Peaceful Mind 🍃 Morning Lofi To Start Your Day Fresher 🍃 Lofi Spring Vibes",0.067,10,6.70000000000000000000,2026-07-03
31264fe6c155a094cd54aaead3be7d73,--5_lQqhP8U,UC-l1GAYzCSb8TtWqGxU2K5Q,https://www.youtube.com/watch?v=--5_lQqhP8U,2026-06-17 10:30:06,"A Small Green Balcony, A Peaceful Mind 🍃 Morning Lofi To Start Your Day Fresher 🍃 Lofi Spring Vibes",0.047,3,15.66666666666666667000,2026-07-02
9a28a7b314cab797aac76cf7ddd92a4d,--5_lQqhP8U,UC-l1GAYzCSb8TtWqGxU2K5Q,https://www.youtube.com/watch?v=--5_lQqhP8U,2026-06-17 10:30:06,"A Small Green Balcony, A Peaceful Mind 🍃 Morning Lofi To Start Your Day Fresher 🍃 Lofi Spring Vibes",0.255,12,21.25000000000000000000,2026-07-01
72d755d5d974e6880b14fd3bf9dd9b77,--5_lQqhP8U,UC-l1GAYzCSb8TtWqGxU2K5Q,https://www.youtube.com/watch?v=--5_lQqhP8U,2026-06-17 10:30:06,"A Small Green Balcony, A Peaceful Mind 🍃 Morning Lofi To Start Your Day Fresher 🍃 Lofi Spring Vibes",0.883,18,49.05555555555555556000,2026-06-30
30fb9b0ed6990455f4f05ceb3a0c7c84,--5_lQqhP8U,UC-l1GAYzCSb8TtWqGxU2K5Q,https://www.youtube.com/watch?v=--5_lQqhP8U,2026-06-17 10:30:06,"A Small Green Balcony, A Peaceful Mind 🍃 Morning Lofi To Start Your Day Fresher 🍃 Lofi Spring Vibes",0.234,14,16.71428571428571429000,2026-06-29
75571c834c821f48dab80c938bf8f983,--5_lQqhP8U,UC-l1GAYzCSb8TtWqGxU2K5Q,https://www.youtube.com/watch?v=--5_lQqhP8U,2026-06-17 10:30:06,"A Small Green Balcony, A Peaceful Mind 🍃 Morning Lofi To Start Your Day Fresher 🍃 Lofi Spring Vibes",3.709,300,12.36333333333333333000,2026-06-18
85c1005669c8192f92f3744b82097dd6,--6vT3aswXs,UCYd2hSS2GhCuoIh2jJpDdwQ,https://www.youtube.com/watch?v=--6vT3aswXs,2026-01-24 04:12:24,Frecuencia 963Hz Abre los 7 Chakras | Libera Bloqueos Inconscientes y Pensamientos Negativos - No AI,0,1,0.00000000000000000000,2026-02-02
fa2fc85177853b020c85741101a9c4bf,--6vT3aswXs,UCYd2hSS2GhCuoIh2jJpDdwQ,https://www.youtube.com/watch?v=--6vT3aswXs,2026-01-24 04:12:24,Frecuencia 963Hz Abre los 7 Chakras | Libera Bloqueos Inconscientes y Pensamientos Negativos - No AI,0,2,0.00000000000000000000,2026-06-22
3da27bc6e0089549015d06a854b1a7c4,--6vT3aswXs,UCYd2hSS2GhCuoIh2jJpDdwQ,https://www.youtube.com/watch?v=--6vT3aswXs,2026-01-24 04:12:24,Frecuencia 963Hz Abre los 7 Chakras | Libera Bloqueos Inconscientes y Pensamientos Negativos - No AI,0,0,0,2026-02-20
130868ab609c69b1c200d2e7c135da54,--6vT3aswXs,UCYd2hSS2GhCuoIh2jJpDdwQ,https://www.youtube.com/watch?v=--6vT3aswXs,2026-01-24 04:12:24,Frecuencia 963Hz Abre los 7 Chakras | Libera Bloqueos Inconscientes y Pensamientos Negativos - No AI,0,0,0,2026-02-18
f9a4a892e2d043623f10b3cbbadf4fa3,--6vT3aswXs,UCYd2hSS2GhCuoIh2jJpDdwQ,https://www.youtube.com/watch?v=--6vT3aswXs,2026-01-24 04:12:24,Frecuencia 963Hz Abre los 7 Chakras | Libera Bloqueos Inconscientes y Pensamientos Negativos - No AI,0,0,0,2026-02-17
3f6dfacac1cc765de3677fc28b262725,--6vT3aswXs,UCYd2hSS2GhCuoIh2jJpDdwQ,https://www.youtube.com/watch?v=--6vT3aswXs,2026-01-24 04:12:24,Frecuencia 963Hz Abre los 7 Chakras | Libera Bloqueos Inconscientes y Pensamientos Negativos - No AI,0,0,0,2026-02-14
ca4d8b070d0fa5b82ffc8368496b6cc3,--6vT3aswXs,UCYd2hSS2GhCuoIh2jJpDdwQ,https://www.youtube.com/watch?v=--6vT3aswXs,2026-01-24 04:12:24,Frecuencia 963Hz Abre los 7 Chakras | Libera Bloqueos Inconscientes y Pensamientos Negativos - No AI,0,1,0.00000000000000000000,2026-02-12
8a81179830d7dbbdd910d57dd85a557a,--6vT3aswXs,UCYd2hSS2GhCuoIh2jJpDdwQ,https://www.youtube.com/watch?v=--6vT3aswXs,2026-01-24 04:12:24,Frecuencia 963Hz Abre los 7 Chakras | Libera Bloqueos Inconscientes y Pensamientos Negativos - No AI,0,1,0.00000000000000000000,2026-02-11
cf951f34fdfc9550578ffd237e1b65da,--6vT3aswXs,UCYd2hSS2GhCuoIh2jJpDdwQ,https://www.youtube.com/watch?v=--6vT3aswXs,2026-01-24 04:12:24,Frecuencia 963Hz Abre los 7 Chakras | Libera Bloqueos Inconscientes y Pensamientos Negativos - No AI,0,1,0.00000000000000000000,2026-02-09
dc309c386c4f41fdfe5a1e6bda315a8f,--6vT3aswXs,UCYd2hSS2GhCuoIh2jJpDdwQ,https://www.youtube.com/watch?v=--6vT3aswXs,2026-01-24 04:12:24,Frecuencia 963Hz Abre los 7 Chakras | Libera Bloqueos Inconscientes y Pensamientos Negativos - No AI,0,1,0.00000000000000000000,2026-02-08
f543999d8592c4df8f7114112bae6bf5,--6vT3aswXs,UCYd2hSS2GhCuoIh2jJpDdwQ,https://www.youtube.com/watch?v=--6vT3aswXs,2026-01-24 04:12:24,Frecuencia 963Hz Abre los 7 Chakras | Libera Bloqueos Inconscientes y Pensamientos Negativos - No AI,0,0,0,2026-02-07
2a05c2ba5decadc675d276867a5d584a,--6vT3aswXs,UCYd2hSS2GhCuoIh2jJpDdwQ,https://www.youtube.com/watch?v=--6vT3aswXs,2026-01-24 04:12:24,Frecuencia 963Hz Abre los 7 Chakras | Libera Bloqueos Inconscientes y Pensamientos Negativos - No AI,0,0,0,2026-02-04
378cecbc06cb5d2d6b8ff3f62fdafd63,--6vT3aswXs,UCYd2hSS2GhCuoIh2jJpDdwQ,https://www.youtube.com/watch?v=--6vT3aswXs,2026-01-24 04:12:24,Frecuencia 963Hz Abre los 7 Chakras | Libera Bloqueos Inconscientes y Pensamientos Negativos - No AI,0,1,0.00000000000000000000,2026-01-23
326ee8ae5ac4a2f0280e7744a224076d,--6vT3aswXs,UCYd2hSS2GhCuoIh2jJpDdwQ,https://www.youtube.com/watch?v=--6vT3aswXs,2026-01-24 04:12:24,Frecuencia 963Hz Abre los 7 Chakras | Libera Bloqueos Inconscientes y Pensamientos Negativos - No AI,0,6,0.00000000000000000000,2026-01-24
d2f91d1df40ef362000e8581cc4d193c,--6vT3aswXs,UCYd2hSS2GhCuoIh2jJpDdwQ,https://www.youtube.com/watch?v=--6vT3aswXs,2026-01-24 04:12:24,Frecuencia 963Hz Abre los 7 Chakras | Libera Bloqueos Inconscientes y Pensamientos Negativos - No AI,0,5,0.00000000000000000000,2026-01-25
5b67916b0f4918882803a9c65a827823,--6vT3aswXs,UCYd2hSS2GhCuoIh2jJpDdwQ,https://www.youtube.com/watch?v=--6vT3aswXs,2026-01-24 04:12:24,Frecuencia 963Hz Abre los 7 Chakras | Libera Bloqueos Inconscientes y Pensamientos Negativos - No AI,0,22,0.00000000000000000000,2026-01-26
3bb7959dfa35910c4e6db637abc9e1c2,--6vT3aswXs,UCYd2hSS2GhCuoIh2jJpDdwQ,https://www.youtube.com/watch?v=--6vT3aswXs,2026-01-24 04:12:24,Frecuencia 963Hz Abre los 7 Chakras | Libera Bloqueos Inconscientes y Pensamientos Negativos - No AI,0,34,0.00000000000000000000,2026-01-27
54d25534c10ea6c9ed9c0811157c0256,--6vT3aswXs,UCYd2hSS2GhCuoIh2jJpDdwQ,https://www.youtube.com/watch?v=--6vT3aswXs,2026-01-24 04:12:24,Frecuencia 963Hz Abre los 7 Chakras | Libera Bloqueos Inconscientes y Pensamientos Negativos - No AI,0,17,0.00000000000000000000,2026-01-28
9c2cb82e4d2b48140e04eac0894c4601,--6vT3aswXs,UCYd2hSS2GhCuoIh2jJpDdwQ,https://www.youtube.com/watch?v=--6vT3aswXs,2026-01-24 04:12:24,Frecuencia 963Hz Abre los 7 Chakras | Libera Bloqueos Inconscientes y Pensamientos Negativos - No AI,0,8,0.00000000000000000000,2026-01-29
e1947b48adecd2cef5028f0a53e0a88a,--6vT3aswXs,UCYd2hSS2GhCuoIh2jJpDdwQ,https://www.youtube.com/watch?v=--6vT3aswXs,2026-01-24 04:12:24,Frecuencia 963Hz Abre los 7 Chakras | Libera Bloqueos Inconscientes y Pensamientos Negativos - No AI,0,2,0.00000000000000000000,2026-01-31
c00dccf05793ba205860aa55133e9a45,--6vT3aswXs,UCYd2hSS2GhCuoIh2jJpDdwQ,https://www.youtube.com/watch?v=--6vT3aswXs,2026-01-24 04:12:24,Frecuencia 963Hz Abre los 7 Chakras | Libera Bloqueos Inconscientes y Pensamientos Negativos - No AI,0,0,0,2026-02-01
3fea7e8115d10029964f584f50cbea9d,--6vT3aswXs,UCYd2hSS2GhCuoIh2jJpDdwQ,https://www.youtube.com/watch?v=--6vT3aswXs,2026-01-24 04:12:24,Frecuencia 963Hz Abre los 7 Chakras | Libera Bloqueos Inconscientes y Pensamientos Negativos - No AI,0,1,0.00000000000000000000,2026-02-03
be073693d21a5e468f58a64880aa0cea,--6vT3aswXs,UCYd2hSS2GhCuoIh2jJpDdwQ,https://www.youtube.com/watch?v=--6vT3aswXs,2026-01-24 04:12:24,Frecuencia 963Hz Abre los 7 Chakras | Libera Bloqueos Inconscientes y Pensamientos Negativos - No AI,0,1,0.00000000000000000000,2026-07-12
c38e90ac8b8d773bb2107f7e73dc7b5d,--6vT3aswXs,UCYd2hSS2GhCuoIh2jJpDdwQ,https://www.youtube.com/watch?v=--6vT3aswXs,2026-01-24 04:12:24,Frecuencia 963Hz Abre los 7 Chakras | Libera Bloqueos Inconscientes y Pensamientos Negativos - No AI,0,1,0.00000000000000000000,2026-07-25
44695208ef0f7e85c56ff3be8914db3c,--6vT3aswXs,UCYd2hSS2GhCuoIh2jJpDdwQ,https://www.youtube.com/watch?v=--6vT3aswXs,2026-01-24 04:12:24,Frecuencia 963Hz Abre los 7 Chakras | Libera Bloqueos Inconscientes y Pensamientos Negativos - No AI,0,0,0,2026-02-21
fbc89aa61721faeef0d684abff5cc789,--6vT3aswXs,UCYd2hSS2GhCuoIh2jJpDdwQ,https://www.youtube.com/watch?v=--6vT3aswXs,2026-01-24 04:12:24,Frecuencia 963Hz Abre los 7 Chakras | Libera Bloqueos Inconscientes y Pensamientos Negativos - No AI,0,1,0.00000000000000000000,2026-02-24
71806747eec948e901e116fce2283343,--6vT3aswXs,UCYd2hSS2GhCuoIh2jJpDdwQ,https://www.youtube.com/watch?v=--6vT3aswXs,2026-01-24 04:12:24,Frecuencia 963Hz Abre los 7 Chakras | Libera Bloqueos Inconscientes y Pensamientos Negativos - No AI,0,0,0,2026-02-26
58d23b410a0d82c29e11ed9a6c5c5e81,--6vT3aswXs,UCYd2hSS2GhCuoIh2jJpDdwQ,https://www.youtube.com/watch?v=--6vT3aswXs,2026-01-24 04:12:24,Frecuencia 963Hz Abre los 7 Chakras | Libera Bloqueos Inconscientes y Pensamientos Negativos - No AI,0,0,0,2026-03-10
bd6c10b97ea4e507c5846dbfe069eeb4,--6vT3aswXs,UCYd2hSS2GhCuoIh2jJpDdwQ,https://www.youtube.com/watch?v=--6vT3aswXs,2026-01-24 04:12:24,Frecuencia 963Hz Abre los 7 Chakras | Libera Bloqueos Inconscientes y Pensamientos Negativos - No AI,0,0,0,2026-03-20
5a1f4d0834453f3df467ba7200e9aea0,--6vT3aswXs,UCYd2hSS2GhCuoIh2jJpDdwQ,https://www.youtube.com/watch?v=--6vT3aswXs,2026-01-24 04:12:24,Frecuencia 963Hz Abre los 7 Chakras | Libera Bloqueos Inconscientes y Pensamientos Negativos - No AI,0,0,0,2026-03-21
b90cd4ab43a216381335892323e133bc,--AEoWh492U,UCsPXP6S4nFINrhMARwl0RCQ,https://www.youtube.com/watch?v=--AEoWh492U,2026-07-12 15:00:10,Ocean Breeze & Tropical Pool 🌸 Soft Jazz Music with Beach Soundscape for Creative Writing,0,3,0.00000000000000000000,2026-07-14
759e798531818fa1398aa4c16bfbe810,--AEoWh492U,UCsPXP6S4nFINrhMARwl0RCQ,https://www.youtube.com/watch?v=--AEoWh492U,2026-07-12 15:00:10,Ocean Breeze & Tropical Pool 🌸 Soft Jazz Music with Beach Soundscape for Creative Writing,0,2,0.00000000000000000000,2026-07-19
d18d810e861e382264ea71cb73e10e17,--AEoWh492U,UCsPXP6S4nFINrhMARwl0RCQ,https://www.youtube.com/watch?v=--AEoWh492U,2026-07-12 15:00:10,Ocean Breeze & Tropical Pool 🌸 Soft Jazz Music with Beach Soundscape for Creative Writing,0,3,0.00000000000000000000,2026-07-17
33dd31467594ffce9af0624022d4074f,--AEoWh492U,UCsPXP6S4nFINrhMARwl0RCQ,https://www.youtube.com/watch?v=--AEoWh492U,2026-07-12 15:00:10,Ocean Breeze & Tropical Pool 🌸 Soft Jazz Music with Beach Soundscape for Creative Writing,0,9,0.00000000000000000000,2026-07-16
a59948091ddbdd2351d82b4e63bd3ba0,--AEoWh492U,UCsPXP6S4nFINrhMARwl0RCQ,https://www.youtube.com/watch?v=--AEoWh492U,2026-07-12 15:00:10,Ocean Breeze & Tropical Pool 🌸 Soft Jazz Music with Beach Soundscape for Creative Writing,0,6,0.00000000000000000000,2026-07-15
e542b86269a0f4d9e62ccbcea9419162,--AEoWh492U,UCsPXP6S4nFINrhMARwl0RCQ,https://www.youtube.com/watch?v=--AEoWh492U,2026-07-12 15:00:10,Ocean Breeze & Tropical Pool 🌸 Soft Jazz Music with Beach Soundscape for Creative Writing,0,1,0.00000000000000000000,2026-07-22
7089c124d5255c1d328621d169e4d129,--AEoWh492U,UCsPXP6S4nFINrhMARwl0RCQ,https://www.youtube.com/watch?v=--AEoWh492U,2026-07-12 15:00:10,Ocean Breeze & Tropical Pool 🌸 Soft Jazz Music with Beach Soundscape for Creative Writing,0,1,0.00000000000000000000,2026-07-23
8eac0233d2b0bbb170e0a7ada0ae3929,--AEoWh492U,UCsPXP6S4nFINrhMARwl0RCQ,https://www.youtube.com/watch?v=--AEoWh492U,2026-07-12 15:00:10,Ocean Breeze & Tropical Pool 🌸 Soft Jazz Music with Beach Soundscape for Creative Writing,0,1,0.00000000000000000000,2026-07-24
42168d5879b7d92229b94c77bf474679,--AEoWh492U,UCsPXP6S4nFINrhMARwl0RCQ,https://www.youtube.com/watch?v=--AEoWh492U,2026-07-12 15:00:10,Ocean Breeze & Tropical Pool 🌸 Soft Jazz Music with Beach Soundscape for Creative Writing,0,1,0.00000000000000000000,2026-07-28
84428a81aac6d19d638e800ee1413af3,--AEoWh492U,UCsPXP6S4nFINrhMARwl0RCQ,https://www.youtube.com/watch?v=--AEoWh492U,2026-07-12 15:00:10,Ocean Breeze & Tropical Pool 🌸 Soft Jazz Music with Beach Soundscape for Creative Writing,0,7,0.00000000000000000000,2026-07-30
730120f1e722a0313d78b7fa94a3a195,--AEoWh492U,UCsPXP6S4nFINrhMARwl0RCQ,https://www.youtube.com/watch?v=--AEoWh492U,2026-07-12 15:00:10,Ocean Breeze & Tropical Pool 🌸 Soft Jazz Music with Beach Soundscape for Creative Writing,0,1,0.00000000000000000000,2026-07-29
8a1b20cc5e0cd11ae4c9bed3e35230bc,--AEoWh492U,UCsPXP6S4nFINrhMARwl0RCQ,https://www.youtube.com/watch?v=--AEoWh492U,2026-07-12 15:00:10,Ocean Breeze & Tropical Pool 🌸 Soft Jazz Music with Beach Soundscape for Creative Writing,0,4,0.00000000000000000000,2026-07-31
a580b4654118abfc928fece36f0eaa16,--AEoWh492U,UCsPXP6S4nFINrhMARwl0RCQ,https://www.youtube.com/watch?v=--AEoWh492U,2026-07-12 15:00:10,Ocean Breeze & Tropical Pool 🌸 Soft Jazz Music with Beach Soundscape for Creative Writing,0,30,0.00000000000000000000,2026-07-13
98f629f8afcdcf12127216e2fb14ded1,--DpxsHzFSw,UCfdyhdY_-5AA4hRI8cW3zOg,https://www.youtube.com/watch?v=--DpxsHzFSw,2026-07-03 13:12:13,🌍 World in True 4K Nature Video | Relaxing Cinematic Music (4K Video Ultra HD),0.046,5,9.20000000000000000000,2026-07-21
6baf0dd853ec143be694fd441d4ed60f,--DpxsHzFSw,UCfdyhdY_-5AA4hRI8cW3zOg,https://www.youtube.com/watch?v=--DpxsHzFSw,2026-07-03 13:12:13,🌍 World in True 4K Nature Video | Relaxing Cinematic Music (4K Video Ultra HD),0.387,2,193.50000000000000000000,2026-07-22
4211930b38931bb824c8578f17b230a3,--DpxsHzFSw,UCfdyhdY_-5AA4hRI8cW3zOg,https://www.youtube.com/watch?v=--DpxsHzFSw,2026-07-03 13:12:13,🌍 World in True 4K Nature Video | Relaxing Cinematic Music (4K Video Ultra HD),0.635,29,21.89655172413793103000,2026-07-10
8f60df0db1647b57a8b2e0d7b1131fa5,--DpxsHzFSw,UCfdyhdY_-5AA4hRI8cW3zOg,https://www.youtube.com/watch?v=--DpxsHzFSw,2026-07-03 13:12:13,🌍 World in True 4K Nature Video | Relaxing Cinematic Music (4K Video Ultra HD),1.073,54,19.87037037037037037000,2026-07-11
b3a060b74812926742ef6a217972907f,--DpxsHzFSw,UCfdyhdY_-5AA4hRI8cW3zOg,https://www.youtube.com/watch?v=--DpxsHzFSw,2026-07-03 13:12:13,🌍 World in True 4K Nature Video | Relaxing Cinematic Music (4K Video Ultra HD),3.86,78,49.48717948717948718000,2026-07-12
333b7d50b3f0a5efac19865cfb63aa10,--DpxsHzFSw,UCfdyhdY_-5AA4hRI8cW3zOg,https://www.youtube.com/watch?v=--DpxsHzFSw,2026-07-03 13:12:13,🌍 World in True 4K Nature Video | Relaxing Cinematic Music (4K Video Ultra HD),4.177,159,26.27044025157232704000,2026-07-13
452d12e83d0009e4a154fea00f6785aa,--DpxsHzFSw,UCfdyhdY_-5AA4hRI8cW3zOg,https://www.youtube.com/watch?v=--DpxsHzFSw,2026-07-03 13:12:13,🌍 World in True 4K Nature Video | Relaxing Cinematic Music (4K Video Ultra HD),1.106,56,19.75000000000000000000,2026-07-14
0726862b16fd52027271e518a41c69e5,--DpxsHzFSw,UCfdyhdY_-5AA4hRI8cW3zOg,https://www.youtube.com/watch?v=--DpxsHzFSw,2026-07-03 13:12:13,🌍 World in True 4K Nature Video | Relaxing Cinematic Music (4K Video Ultra HD),0.771,22,35.04545454545454545000,2026-07-15
e539214ff1f53b09151ab6c7dc721138,--DpxsHzFSw,UCfdyhdY_-5AA4hRI8cW3zOg,https://www.youtube.com/watch?v=--DpxsHzFSw,2026-07-03 13:12:13,🌍 World in True 4K Nature Video | Relaxing Cinematic Music (4K Video Ultra HD),0.428,10,42.80000000000000000000,2026-07-16
19de82dbb830450d8a1fe27c57cf964b,--DpxsHzFSw,UCfdyhdY_-5AA4hRI8cW3zOg,https://www.youtube.com/watch?v=--DpxsHzFSw,2026-07-03 13:12:13,🌍 World in True 4K Nature Video | Relaxing Cinematic Music (4K Video Ultra HD),0.589,7,84.14285714285714286000,2026-07-17
11c1b67ac30e1835d117cdf04006a431,--DpxsHzFSw,UCfdyhdY_-5AA4hRI8cW3zOg,https://www.youtube.com/watch?v=--DpxsHzFSw,2026-07-03 13:12:13,🌍 World in True 4K Nature Video | Relaxing Cinematic Music (4K Video Ultra HD),0.74,44,16.81818181818181818000,2026-07-09
898e8676eab19050a1ac88f64cd4398b,--DpxsHzFSw,UCfdyhdY_-5AA4hRI8cW3zOg,https://www.youtube.com/watch?v=--DpxsHzFSw,2026-07-03 13:12:13,🌍 World in True 4K Nature Video | Relaxing Cinematic Music (4K Video Ultra HD),1.349,47,28.70212765957446809000,2026-07-08
b988c50bfdc9c29e692ed51573c56f54,--DpxsHzFSw,UCfdyhdY_-5AA4hRI8cW3zOg,https://www.youtube.com/watch?v=--DpxsHzFSw,2026-07-03 13:12:13,🌍 World in True 4K Nature Video | Relaxing Cinematic Music (4K Video Ultra HD),1.351,71,19.02816901408450704000,2026-07-07
f055fcb421b9c947fefe08ffa6894d8b,--DpxsHzFSw,UCfdyhdY_-5AA4hRI8cW3zOg,https://www.youtube.com/watch?v=--DpxsHzFSw,2026-07-03 13:12:13,🌍 World in True 4K Nature Video | Relaxing Cinematic Music (4K Video Ultra HD),0.627,48,13.06250000000000000000,2026-07-06
823595539fa1764a1fd0be582a5242f6,--DpxsHzFSw,UCfdyhdY_-5AA4hRI8cW3zOg,https://www.youtube.com/watch?v=--DpxsHzFSw,2026-07-03 13:12:13,🌍 World in True 4K Nature Video | Relaxing Cinematic Music (4K Video Ultra HD),2.497,113,22.09734513274336283000,2026-07-05
776d772fd637909ad2c15ac21b0b13fa,--DpxsHzFSw,UCfdyhdY_-5AA4hRI8cW3zOg,https://www.youtube.com/watch?v=--DpxsHzFSw,2026-07-03 13:12:13,🌍 World in True 4K Nature Video | Relaxing Cinematic Music (4K Video Ultra HD),3.34,158,21.13924050632911392000,2026-07-04
ed1352a661fe134b2dbe5c9b5d4b1e05,--DpxsHzFSw,UCfdyhdY_-5AA4hRI8cW3zOg,https://www.youtube.com/watch?v=--DpxsHzFSw,2026-07-03 13:12:13,🌍 World in True 4K Nature Video | Relaxing Cinematic Music (4K Video Ultra HD),1.808,241,7.50207468879668050000,2026-07-03
c4c9a6fb7f6f2b41b2b8b733e43486b7,--DpxsHzFSw,UCfdyhdY_-5AA4hRI8cW3zOg,https://www.youtube.com/watch?v=--DpxsHzFSw,2026-07-03 13:12:13,🌍 World in True 4K Nature Video | Relaxing Cinematic Music (4K Video Ultra HD),0,2,0.00000000000000000000,2026-08-07
39ae409c00a9740540e818dd66793091,--DpxsHzFSw,UCfdyhdY_-5AA4hRI8cW3zOg,https://www.youtube.com/watch?v=--DpxsHzFSw,2026-07-03 13:12:13,🌍 World in True 4K Nature Video | Relaxing Cinematic Music (4K Video Ultra HD),0,4,0.00000000000000000000,2026-08-06
c96d254a210b4325036e46e5a8159383,--DpxsHzFSw,UCfdyhdY_-5AA4hRI8cW3zOg,https://www.youtube.com/watch?v=--DpxsHzFSw,2026-07-03 13:12:13,🌍 World in True 4K Nature Video | Relaxing Cinematic Music (4K Video Ultra HD),0.064,0,0,2026-08-05
c7eff42c27bc2daea6eb2d7cd7db110d,--DpxsHzFSw,UCfdyhdY_-5AA4hRI8cW3zOg,https://www.youtube.com/watch?v=--DpxsHzFSw,2026-07-03 13:12:13,🌍 World in True 4K Nature Video | Relaxing Cinematic Music (4K Video Ultra HD),0.106,1,106.00000000000000000000,2026-08-04
e8f31b03a8a01c9a3a91a657cd378a96,--DpxsHzFSw,UCfdyhdY_-5AA4hRI8cW3zOg,https://www.youtube.com/watch?v=--DpxsHzFSw,2026-07-03 13:12:13,🌍 World in True 4K Nature Video | Relaxing Cinematic Music (4K Video Ultra HD),0.059,6,9.83333333333333333000,2026-08-03
9eb8d50b9f47c0ff98ad00e6bce59eec,--DpxsHzFSw,UCfdyhdY_-5AA4hRI8cW3zOg,https://www.youtube.com/watch?v=--DpxsHzFSw,2026-07-03 13:12:13,🌍 World in True 4K Nature Video | Relaxing Cinematic Music (4K Video Ultra HD),0.03,9,3.33333333333333333000,2026-08-02
a2e7ae909a5ccaf739c81c7e193b809c,--DpxsHzFSw,UCfdyhdY_-5AA4hRI8cW3zOg,https://www.youtube.com/watch?v=--DpxsHzFSw,2026-07-03 13:12:13,🌍 World in True 4K Nature Video | Relaxing Cinematic Music (4K Video Ultra HD),0.48,20,24.00000000000000000000,2026-07-18
570de875ca2cf95c7f4aa8d35161a0d7,--DpxsHzFSw,UCfdyhdY_-5AA4hRI8cW3zOg,https://www.youtube.com/watch?v=--DpxsHzFSw,2026-07-03 13:12:13,🌍 World in True 4K Nature Video | Relaxing Cinematic Music (4K Video Ultra HD),0.486,11,44.18181818181818182000,2026-07-19
126fc0deb2fcd280baafa8ed4c14acda,--DpxsHzFSw,UCfdyhdY_-5AA4hRI8cW3zOg,https://www.youtube.com/watch?v=--DpxsHzFSw,2026-07-03 13:12:13,🌍 World in True 4K Nature Video | Relaxing Cinematic Music (4K Video Ultra HD),0.004,2,2.00000000000000000000,2026-08-01
209d8e81ffb7ec3165ddf22b5ea30b3a,--DpxsHzFSw,UCfdyhdY_-5AA4hRI8cW3zOg,https://www.youtube.com/watch?v=--DpxsHzFSw,2026-07-03 13:12:13,🌍 World in True 4K Nature Video | Relaxing Cinematic Music (4K Video Ultra HD),0,2,0.00000000000000000000,2026-07-31
a7337d6fa3dcde30f2c6a929060dac7c,--DpxsHzFSw,UCfdyhdY_-5AA4hRI8cW3zOg,https://www.youtube.com/watch?v=--DpxsHzFSw,2026-07-03 13:12:13,🌍 World in True 4K Nature Video | Relaxing Cinematic Music (4K Video Ultra HD),0,4,0.00000000000000000000,2026-07-29
08bf761d18e2cda6c0c9479d1cc3655c,--DpxsHzFSw,UCfdyhdY_-5AA4hRI8cW3zOg,https://www.youtube.com/watch?v=--DpxsHzFSw,2026-07-03 13:12:13,🌍 World in True 4K Nature Video | Relaxing Cinematic Music (4K Video Ultra HD),0,1,0.00000000000000000000,2026-07-30
604bd8057e9f913c945b5f9a186e7d68,--DpxsHzFSw,UCfdyhdY_-5AA4hRI8cW3zOg,https://www.youtube.com/watch?v=--DpxsHzFSw,2026-07-03 13:12:13,🌍 World in True 4K Nature Video | Relaxing Cinematic Music (4K Video Ultra HD),0.039,0,0,2026-07-28
3851f8d26958c61f735edc2b1015dcdc,--DpxsHzFSw,UCfdyhdY_-5AA4hRI8cW3zOg,https://www.youtube.com/watch?v=--DpxsHzFSw,2026-07-03 13:12:13,🌍 World in True 4K Nature Video | Relaxing Cinematic Music (4K Video Ultra HD),0.046,5,9.20000000000000000000,2026-07-27
3a8ef370eebb07ea55f740cfe73da3ee,--DpxsHzFSw,UCfdyhdY_-5AA4hRI8cW3zOg,https://www.youtube.com/watch?v=--DpxsHzFSw,2026-07-03 13:12:13,🌍 World in True 4K Nature Video | Relaxing Cinematic Music (4K Video Ultra HD),0.097,5,19.40000000000000000000,2026-07-26
24ff446b387842b491ad666768406e7e,--DpxsHzFSw,UCfdyhdY_-5AA4hRI8cW3zOg,https://www.youtube.com/watch?v=--DpxsHzFSw,2026-07-03 13:12:13,🌍 World in True 4K Nature Video | Relaxing Cinematic Music (4K Video Ultra HD),0.137,1,137.00000000000000000000,2026-07-25
d592c8ad53121c3dca32f4cbf58ab7db,--DpxsHzFSw,UCfdyhdY_-5AA4hRI8cW3zOg,https://www.youtube.com/watch?v=--DpxsHzFSw,2026-07-03 13:12:13,🌍 World in True 4K Nature Video | Relaxing Cinematic Music (4K Video Ultra HD),0.198,4,49.50000000000000000000,2026-07-24
e0c7830d3da43770489a3907cfd2ce13,--DpxsHzFSw,UCfdyhdY_-5AA4hRI8cW3zOg,https://www.youtube.com/watch?v=--DpxsHzFSw,2026-07-03 13:12:13,🌍 World in True 4K Nature Video | Relaxing Cinematic Music (4K Video Ultra HD),0.129,6,21.50000000000000000000,2026-07-23
9ac4f10e144026594e369c6c30aad44b,--DpxsHzFSw,UCfdyhdY_-5AA4hRI8cW3zOg,https://www.youtube.com/watch?v=--DpxsHzFSw,2026-07-03 13:12:13,🌍 World in True 4K Nature Video | Relaxing Cinematic Music (4K Video Ultra HD),0.152,4,38.00000000000000000000,2026-07-20
47505d1b4b003d1a2181667d798f8039,--E605wXVog,UCDNFczxICy-VKKax_FiDGhw,https://www.youtube.com/watch?v=--E605wXVog,2023-08-15 00:57:56,"Музыка расслабляет нервную систему, улучшает память 🌿 Сергей Грищук музыка #81",0.001,0,0,2025-07-15
2c1947474966046ef8d4d006ef8d74cb,--E605wXVog,UCDNFczxICy-VKKax_FiDGhw,https://www.youtube.com/watch?v=--E605wXVog,2023-08-15 00:57:56,"Музыка расслабляет нервную систему, улучшает память 🌿 Сергей Грищук музыка #81",0.016,0,0,2025-07-16
4383d782613fa76fbb9333776a4b8f7d,--E605wXVog,UCDNFczxICy-VKKax_FiDGhw,https://www.youtube.com/watch?v=--E605wXVog,2023-08-15 00:57:56,"Музыка расслабляет нервную систему, улучшает память 🌿 Сергей Грищук музыка #81",0.018,0,0,2025-07-17
e6f6cb70327dbaba5efccd73b8433833,--E605wXVog,UCDNFczxICy-VKKax_FiDGhw,https://www.youtube.com/watch?v=--E605wXVog,2023-08-15 00:57:56,"Музыка расслабляет нервную систему, улучшает память 🌿 Сергей Грищук музыка #81",0.005,0,0,2025-07-18
99b78edf29f3a39f8a787c7e56390101,--E605wXVog,UCDNFczxICy-VKKax_FiDGhw,https://www.youtube.com/watch?v=--E605wXVog,2023-08-15 00:57:56,"Музыка расслабляет нервную систему, улучшает память 🌿 Сергей Грищук музыка #81",0.03,0,0,2025-07-19
16576737b066c1373ddb6e5ec5b05537,--E605wXVog,UCDNFczxICy-VKKax_FiDGhw,https://www.youtube.com/watch?v=--E605wXVog,2023-08-15 00:57:56,"Музыка расслабляет нервную систему, улучшает память 🌿 Сергей Грищук музыка #81",0.014,0,0,2025-07-21
775b815ac03c1ff17151ad324d29bd8f,--E605wXVog,UCDNFczxICy-VKKax_FiDGhw,https://www.youtube.com/watch?v=--E605wXVog,2023-08-15 00:57:56,"Музыка расслабляет нервную систему, улучшает память 🌿 Сергей Грищук музыка #81",0.014,0,0,2025-07-22
819ca307de47b90e2547b9e18ff2bc68,--E605wXVog,UCDNFczxICy-VKKax_FiDGhw,https://www.youtube.com/watch?v=--E605wXVog,2023-08-15 00:57:56,"Музыка расслабляет нервную систему, улучшает память 🌿 Сергей Грищук музыка #81",0.001,0,0,2025-07-23
768896d643bcfe22cee3d2d586fa0f7d,--E605wXVog,UCDNFczxICy-VKKax_FiDGhw,https://www.youtube.com/watch?v=--E605wXVog,2023-08-15 00:57:56,"Музыка расслабляет нервную систему, улучшает память 🌿 Сергей Грищук музыка #81",0.004,0,0,2025-07-24
df0bf754c0966f5953f19f81fc490ced,--E605wXVog,UCDNFczxICy-VKKax_FiDGhw,https://www.youtube.com/watch?v=--E605wXVog,2023-08-15 00:57:56,"Музыка расслабляет нервную систему, улучшает память 🌿 Сергей Грищук музыка #81",0.022,0,0,2025-07-25
da46d6a1df7a2ad6d277ea6cf3eb68ed,--E605wXVog,UCDNFczxICy-VKKax_FiDGhw,https://www.youtube.com/watch?v=--E605wXVog,2023-08-15 00:57:56,"Музыка расслабляет нервную систему, улучшает память 🌿 Сергей Грищук музыка #81",0.02,0,0,2025-07-26
1c824b10e54acf6d21e90e8bbc633f72,--E605wXVog,UCDNFczxICy-VKKax_FiDGhw,https://www.youtube.com/watch?v=--E605wXVog,2023-08-15 00:57:56,"Музыка расслабляет нервную систему, улучшает память 🌿 Сергей Грищук музыка #81",0.016,0,0,2025-07-27
67ed4ff848a1296c2f104f45bbcc0426,--E605wXVog,UCDNFczxICy-VKKax_FiDGhw,https://www.youtube.com/watch?v=--E605wXVog,2023-08-15 00:57:56,"Музыка расслабляет нервную систему, улучшает память 🌿 Сергей Грищук музыка #81",0.02,1,20.00000000000000000000,2025-07-28
87f5f9c0761d4bd8be5cd0889b7fe535,--E605wXVog,UCDNFczxICy-VKKax_FiDGhw,https://www.youtube.com/watch?v=--E605wXVog,2023-08-15 00:57:56,"Музыка расслабляет нервную систему, улучшает память 🌿 Сергей Грищук музыка #81",0.005,0,0,2025-07-29
e6ce170eb7c683afe0e74d61a2b67da9,--E605wXVog,UCDNFczxICy-VKKax_FiDGhw,https://www.youtube.com/watch?v=--E605wXVog,2023-08-15 00:57:56,"Музыка расслабляет нервную систему, улучшает память 🌿 Сергей Грищук музыка #81",0.011,0,0,2025-07-30
c0168277c31dd99f841607399f3c91c3,--E605wXVog,UCDNFczxICy-VKKax_FiDGhw,https://www.youtube.com/watch?v=--E605wXVog,2023-08-15 00:57:56,"Музыка расслабляет нервную систему, улучшает память 🌿 Сергей Грищук музыка #81",0.012,0,0,2025-07-31
ddec3887acfee2d30c1dd4eec1d7be3d,--E605wXVog,UCDNFczxICy-VKKax_FiDGhw,https://www.youtube.com/watch?v=--E605wXVog,2023-08-15 00:57:56,"Музыка расслабляет нервную систему, улучшает память 🌿 Сергей Грищук музыка #81",0.008,0,0,2025-08-01
5094ad8f37eb4960a1b1d789b7660ae7,--E605wXVog,UCDNFczxICy-VKKax_FiDGhw,https://www.youtube.com/watch?v=--E605wXVog,2023-08-15 00:57:56,"Музыка расслабляет нервную систему, улучшает память 🌿 Сергей Грищук музыка #81",0.001,1,1.00000000000000000000,2025-08-02
88c59a3d2a909155f4f25930e35adf29,--E605wXVog,UCDNFczxICy-VKKax_FiDGhw,https://www.youtube.com/watch?v=--E605wXVog,2023-08-15 00:57:56,"Музыка расслабляет нервную систему, улучшает память 🌿 Сергей Грищук музыка #81",0.002,0,0,2025-08-03
6e8793806b00b4c2a30a18f45ee1d273,--E605wXVog,UCDNFczxICy-VKKax_FiDGhw,https://www.youtube.com/watch?v=--E605wXVog,2023-08-15 00:57:56,"Музыка расслабляет нервную систему, улучшает память 🌿 Сергей Грищук музыка #81",0,0,0,2025-08-04
99b1894b62180ca7dee949d5ad755d1a,--E605wXVog,UCDNFczxICy-VKKax_FiDGhw,https://www.youtube.com/watch?v=--E605wXVog,2023-08-15 00:57:56,"Музыка расслабляет нервную систему, улучшает память 🌿 Сергей Грищук музыка #81",0.001,0,0,2025-08-05
0d573104cf15bd12b413b6032501fb91,--E605wXVog,UCDNFczxICy-VKKax_FiDGhw,https://www.youtube.com/watch?v=--E605wXVog,2023-08-15 00:57:56,"Музыка расслабляет нервную систему, улучшает память 🌿 Сергей Грищук музыка #81",0.001,0,0,2025-08-06
173eefcb139c3163af1ea75a342560aa,--E605wXVog,UCDNFczxICy-VKKax_FiDGhw,https://www.youtube.com/watch?v=--E605wXVog,2023-08-15 00:57:56,"Музыка расслабляет нервную систему, улучшает память 🌿 Сергей Грищук музыка #81",0.001,0,0,2025-08-07
0501c501dde8bf761771fad17d646f2e,--E605wXVog,UCDNFczxICy-VKKax_FiDGhw,https://www.youtube.com/watch?v=--E605wXVog,2023-08-15 00:57:56,"Музыка расслабляет нервную систему, улучшает память 🌿 Сергей Грищук музыка #81",0.001,0,0,2025-08-08
0638ef008fcbc60fefba8f01241e9326,--E605wXVog,UCDNFczxICy-VKKax_FiDGhw,https://www.youtube.com/watch?v=--E605wXVog,2023-08-15 00:57:56,"Музыка расслабляет нервную систему, улучшает память 🌿 Сергей Грищук музыка #81",0.003,0,0,2025-08-09
17a4bf99cfa22b3c3918689199ffdd48,--E605wXVog,UCDNFczxICy-VKKax_FiDGhw,https://www.youtube.com/watch?v=--E605wXVog,2023-08-15 00:57:56,"Музыка расслабляет нервную систему, улучшает память 🌿 Сергей Грищук музыка #81",0.013,1,13.00000000000000000000,2025-08-10
450e7aadf90bfc3caeb750b93ca27e9b,--E605wXVog,UCDNFczxICy-VKKax_FiDGhw,https://www.youtube.com/watch?v=--E605wXVog,2023-08-15 00:57:56,"Музыка расслабляет нервную систему, улучшает память 🌿 Сергей Грищук музыка #81",0.023,0,0,2025-08-11
58f3563c0e7077856f9ffea78e37388c,--E605wXVog,UCDNFczxICy-VKKax_FiDGhw,https://www.youtube.com/watch?v=--E605wXVog,2023-08-15 00:57:56,"Музыка расслабляет нервную систему, улучшает память 🌿 Сергей Грищук музыка #81",0.012,0,0,2025-08-12
46c7982289f16231aacc3e3656810982,--E605wXVog,UCDNFczxICy-VKKax_FiDGhw,https://www.youtube.com/watch?v=--E605wXVog,2023-08-15 00:57:56,"Музыка расслабляет нервную систему, улучшает память 🌿 Сергей Грищук музыка #81",0.023,0,0,2025-08-13
daaabb52460eb78c27bbdd9a8b75b43e,--E605wXVog,UCDNFczxICy-VKKax_FiDGhw,https://www.youtube.com/watch?v=--E605wXVog,2023-08-15 00:57:56,"Музыка расслабляет нервную систему, улучшает память 🌿 Сергей Грищук музыка #81",0.027,1,27.00000000000000000000,2025-08-14
b610abdf081e99a5d49463402ed513b0,--E605wXVog,UCDNFczxICy-VKKax_FiDGhw,https://www.youtube.com/watch?v=--E605wXVog,2023-08-15 00:57:56,"Музыка расслабляет нервную систему, улучшает память 🌿 Сергей Грищук музыка #81",0.009,0,0,2025-08-15
6e8fd63a10b29bae0796cc9c196d6bfc,--E605wXVog,UCDNFczxICy-VKKax_FiDGhw,https://www.youtube.com/watch?v=--E605wXVog,2023-08-15 00:57:56,"Музыка расслабляет нервную систему, улучшает память 🌿 Сергей Грищук музыка #81",0.014,0,0,2025-08-16
4ae21f0cb162ade983b068e2713f249f,--E605wXVog,UCDNFczxICy-VKKax_FiDGhw,https://www.youtube.com/watch?v=--E605wXVog,2023-08-15 00:57:56,"Музыка расслабляет нервную систему, улучшает память 🌿 Сергей Грищук музыка #81",0.019,0,0,2025-08-17
513cb980d861119ca70b83422d20725c,--E605wXVog,UCDNFczxICy-VKKax_FiDGhw,https://www.youtube.com/watch?v=--E605wXVog,2023-08-15 00:57:56,"Музыка расслабляет нервную систему, улучшает память 🌿 Сергей Грищук музыка #81",0.006,0,0,2025-08-18
779a606a77e3d57d70e26b5cab15394f,--E605wXVog,UCDNFczxICy-VKKax_FiDGhw,https://www.youtube.com/watch?v=--E605wXVog,2023-08-15 00:57:56,"Музыка расслабляет нервную систему, улучшает память 🌿 Сергей Грищук музыка #81",0.019,0,0,2025-08-19
07b809bb9036251bc9ce0c614e2bdabb,--E605wXVog,UCDNFczxICy-VKKax_FiDGhw,https://www.youtube.com/watch?v=--E605wXVog,2023-08-15 00:57:56,"Музыка расслабляет нервную систему, улучшает память 🌿 Сергей Грищук музыка #81",0.013,0,0,2025-08-20
a2c52efdc542c35833221245b15ab9bd,--E605wXVog,UCDNFczxICy-VKKax_FiDGhw,https://www.youtube.com/watch?v=--E605wXVog,2023-08-15 00:57:56,"Музыка расслабляет нервную систему, улучшает память 🌿 Сергей Грищук музыка #81",0.024,0,0,2025-08-21
437c5a121a8998c2c3221d2aa26731d4,--E605wXVog,UCDNFczxICy-VKKax_FiDGhw,https://www.youtube.com/watch?v=--E605wXVog,2023-08-15 00:57:56,"Музыка расслабляет нервную систему, улучшает память 🌿 Сергей Грищук музыка #81",0.018,0,0,2025-08-22
c178f981b9fac4756d685e973da3fe8a,--E605wXVog,UCDNFczxICy-VKKax_FiDGhw,https://www.youtube.com/watch?v=--E605wXVog,2023-08-15 00:57:56,"Музыка расслабляет нервную систему, улучшает память 🌿 Сергей Грищук музыка #81",0.007,0,0,2025-08-23
70c9a8d34d53b4162e09029e18e2fcd3,--E605wXVog,UCDNFczxICy-VKKax_FiDGhw,https://www.youtube.com/watch?v=--E605wXVog,2023-08-15 00:57:56,"Музыка расслабляет нервную систему, улучшает память 🌿 Сергей Грищук музыка #81",0.001,0,0,2025-08-24
dd6ca281179c7edef8779e5f3b5d5fb8,--E605wXVog,UCDNFczxICy-VKKax_FiDGhw,https://www.youtube.com/watch?v=--E605wXVog,2023-08-15 00:57:56,"Музыка расслабляет нервную систему, улучшает память 🌿 Сергей Грищук музыка #81",0.002,0,0,2025-08-25
e409b040065d57ccc7d3a0109cc7f243,--E605wXVog,UCDNFczxICy-VKKax_FiDGhw,https://www.youtube.com/watch?v=--E605wXVog,2023-08-15 00:57:56,"Музыка расслабляет нервную систему, улучшает память 🌿 Сергей Грищук музыка #81",0.002,0,0,2025-08-26
25ab2012f528352fc673212a05d7ea05,--E605wXVog,UCDNFczxICy-VKKax_FiDGhw,https://www.youtube.com/watch?v=--E605wXVog,2023-08-15 00:57:56,"Музыка расслабляет нервную систему, улучшает память 🌿 Сергей Грищук музыка #81",0.001,0,0,2025-08-27
c8bd8a4798c4716c2877ea5c793a076a,--E605wXVog,UCDNFczxICy-VKKax_FiDGhw,https://www.youtube.com/watch?v=--E605wXVog,2023-08-15 00:57:56,"Музыка расслабляет нервную систему, улучшает память 🌿 Сергей Грищук музыка #81",0.001,0,0,2025-08-28
a97185152211e1d4ae35c773ac473e19,--E605wXVog,UCDNFczxICy-VKKax_FiDGhw,https://www.youtube.com/watch?v=--E605wXVog,2023-08-15 00:57:56,"Музыка расслабляет нервную систему, улучшает память 🌿 Сергей Грищук музыка #81",0.005,0,0,2025-08-29
dfb957b1e0153d770c520d63e0d4632f,--E605wXVog,UCDNFczxICy-VKKax_FiDGhw,https://www.youtube.com/watch?v=--E605wXVog,2023-08-15 00:57:56,"Музыка расслабляет нервную систему, улучшает память 🌿 Сергей Грищук музыка #81",0.001,0,0,2025-08-30
6fe88c3f3d18fd36b6b4fa3ac3bfb2b0,--E605wXVog,UCDNFczxICy-VKKax_FiDGhw,https://www.youtube.com/watch?v=--E605wXVog,2023-08-15 00:57:56,"Музыка расслабляет нервную систему, улучшает память 🌿 Сергей Грищук музыка #81",0.012,0,0,2025-08-31
c7398fa839e65cf920883b0401cf12e8,--E605wXVog,UCDNFczxICy-VKKax_FiDGhw,https://www.youtube.com/watch?v=--E605wXVog,2023-08-15 00:57:56,"Музыка расслабляет нервную систему, улучшает память 🌿 Сергей Грищук музыка #81",0.014,0,0,2025-09-01
53022c7901e1cc91a3955b004040659b,--E605wXVog,UCDNFczxICy-VKKax_FiDGhw,https://www.youtube.com/watch?v=--E605wXVog,2023-08-15 00:57:56,"Музыка расслабляет нервную систему, улучшает память 🌿 Сергей Грищук музыка #81",0.009,0,0,2025-09-02
58e580eca5f1f299d27e8666c88176a6,--E605wXVog,UCDNFczxICy-VKKax_FiDGhw,https://www.youtube.com/watch?v=--E605wXVog,2023-08-15 00:57:56,"Музыка расслабляет нервную систему, улучшает память 🌿 Сергей Грищук музыка #81",0.018,0,0,2025-09-03
975028a44000a0b9e82115246ba7db8d,--E605wXVog,UCDNFczxICy-VKKax_FiDGhw,https://www.youtube.com/watch?v=--E605wXVog,2023-08-15 00:57:56,"Музыка расслабляет нервную систему, улучшает память 🌿 Сергей Грищук музыка #81",0.008,0,0,2025-09-04
cc031d0c8801df45e30864a4d429a09e,--E605wXVog,UCDNFczxICy-VKKax_FiDGhw,https://www.youtube.com/watch?v=--E605wXVog,2023-08-15 00:57:56,"Музыка расслабляет нервную систему, улучшает память 🌿 Сергей Грищук музыка #81",0.001,0,0,2025-09-05
7995c212ed9eea63c3e9c33def63a446,--E605wXVog,UCDNFczxICy-VKKax_FiDGhw,https://www.youtube.com/watch?v=--E605wXVog,2023-08-15 00:57:56,"Музыка расслабляет нервную систему, улучшает память 🌿 Сергей Грищук музыка #81",0.005,1,5.00000000000000000000,2025-09-06
c8479ead4d9c4504cce7a058ba26a0fd,--E605wXVog,UCDNFczxICy-VKKax_FiDGhw,https://www.youtube.com/watch?v=--E605wXVog,2023-08-15 00:57:56,"Музыка расслабляет нервную систему, улучшает память 🌿 Сергей Грищук музыка #81",0.002,0,0,2025-09-07
6a9b55f026bdcfb48c386efe594ee291,--E605wXVog,UCDNFczxICy-VKKax_FiDGhw,https://www.youtube.com/watch?v=--E605wXVog,2023-08-15 00:57:56,"Музыка расслабляет нервную систему, улучшает память 🌿 Сергей Грищук музыка #81",0.001,0,0,2025-09-08
9accf57e2c7578ade88802600badb746,--E605wXVog,UCDNFczxICy-VKKax_FiDGhw,https://www.youtube.com/watch?v=--E605wXVog,2023-08-15 00:57:56,"Музыка расслабляет нервную систему, улучшает память 🌿 Сергей Грищук музыка #81",0.001,0,0,2025-09-09
957369f63a1604e1044d67ec96741cb6,--E605wXVog,UCDNFczxICy-VKKax_FiDGhw,https://www.youtube.com/watch?v=--E605wXVog,2023-08-15 00:57:56,"Музыка расслабляет нервную систему, улучшает память 🌿 Сергей Грищук музыка #81",0.001,0,0,2025-09-10
59ee480b0977aa68047bf2b313a23107,--E605wXVog,UCDNFczxICy-VKKax_FiDGhw,https://www.youtube.com/watch?v=--E605wXVog,2023-08-15 00:57:56,"Музыка расслабляет нервную систему, улучшает память 🌿 Сергей Грищук музыка #81",0.003,0,0,2025-09-11
d5cb4e97eb98f835916ba31fb33d87f8,--E605wXVog,UCDNFczxICy-VKKax_FiDGhw,https://www.youtube.com/watch?v=--E605wXVog,2023-08-15 00:57:56,"Музыка расслабляет нервную систему, улучшает память 🌿 Сергей Грищук музыка #81",0.02,0,0,2025-09-12
37b0cd334dab5575cebc1eefb5809e9a,--E605wXVog,UCDNFczxICy-VKKax_FiDGhw,https://www.youtube.com/watch?v=--E605wXVog,2023-08-15 00:57:56,"Музыка расслабляет нервную систему, улучшает память 🌿 Сергей Грищук музыка #81",0.043,0,0,2025-09-14
270b29cbcc283365d99f1158db684cf1,--E605wXVog,UCDNFczxICy-VKKax_FiDGhw,https://www.youtube.com/watch?v=--E605wXVog,2023-08-15 00:57:56,"Музыка расслабляет нервную систему, улучшает память 🌿 Сергей Грищук музыка #81",0.011,0,0,2025-09-15
f0509b301d81dfb8bece4501623b02cd,--E605wXVog,UCDNFczxICy-VKKax_FiDGhw,https://www.youtube.com/watch?v=--E605wXVog,2023-08-15 00:57:56,"Музыка расслабляет нервную систему, улучшает память 🌿 Сергей Грищук музыка #81",0.027,0,0,2025-09-16
a7792eb46d53ae9182c0cf250796938a,--E605wXVog,UCDNFczxICy-VKKax_FiDGhw,https://www.youtube.com/watch?v=--E605wXVog,2023-08-15 00:57:56,"Музыка расслабляет нервную систему, улучшает память 🌿 Сергей Грищук музыка #81",0.005,1,5.00000000000000000000,2025-09-17
71733d8226e699541ba1afd1dde15325,--E605wXVog,UCDNFczxICy-VKKax_FiDGhw,https://www.youtube.com/watch?v=--E605wXVog,2023-08-15 00:57:56,"Музыка расслабляет нервную систему, улучшает память 🌿 Сергей Грищук музыка #81",0.003,0,0,2025-09-18
5f329fdb356eb940bd40827cb5f46132,--E605wXVog,UCDNFczxICy-VKKax_FiDGhw,https://www.youtube.com/watch?v=--E605wXVog,2023-08-15 00:57:56,"Музыка расслабляет нервную систему, улучшает память 🌿 Сергей Грищук музыка #81",0.004,0,0,2025-09-19
f4b3e435cf6f2e89cf0679f63f379f68,--E605wXVog,UCDNFczxICy-VKKax_FiDGhw,https://www.youtube.com/watch?v=--E605wXVog,2023-08-15 00:57:56,"Музыка расслабляет нервную систему, улучшает память 🌿 Сергей Грищук музыка #81",0.002,1,2.00000000000000000000,2025-10-03
f1fe165c83dbd9669e570fb54a9a82a7,--E605wXVog,UCDNFczxICy-VKKax_FiDGhw,https://www.youtube.com/watch?v=--E605wXVog,2023-08-15 00:57:56,"Музыка расслабляет нервную систему, улучшает память 🌿 Сергей Грищук музыка #81",0,1,0.00000000000000000000,2025-10-09
f5896a15c20c06db659cff4c052e5ad4,--E605wXVog,UCDNFczxICy-VKKax_FiDGhw,https://www.youtube.com/watch?v=--E605wXVog,2023-08-15 00:57:56,"Музыка расслабляет нервную систему, улучшает память 🌿 Сергей Грищук музыка #81",0,2,0.00000000000000000000,2025-10-11
f81a3c98d7db2a1a2316754a53fb9ae4,--E605wXVog,UCDNFczxICy-VKKax_FiDGhw,https://www.youtube.com/watch?v=--E605wXVog,2023-08-15 00:57:56,"Музыка расслабляет нервную систему, улучшает память 🌿 Сергей Грищук музыка #81",0,1,0.00000000000000000000,2025-10-20
3186895cc4f7ddeac02711ed11088820,--E605wXVog,UCDNFczxICy-VKKax_FiDGhw,https://www.youtube.com/watch?v=--E605wXVog,2023-08-15 00:57:56,"Музыка расслабляет нервную систему, улучшает память 🌿 Сергей Грищук музыка #81",0,0,0,2025-10-24
7b594bd84137e75121572ecdc69a60ac,--E605wXVog,UCDNFczxICy-VKKax_FiDGhw,https://www.youtube.com/watch?v=--E605wXVog,2023-08-15 00:57:56,"Музыка расслабляет нервную систему, улучшает память 🌿 Сергей Грищук музыка #81",0,0,0,2025-10-25
a3e66b14d8b1b518aa0729a01ca35607,--E605wXVog,UCDNFczxICy-VKKax_FiDGhw,https://www.youtube.com/watch?v=--E605wXVog,2023-08-15 00:57:56,"Музыка расслабляет нервную систему, улучшает память 🌿 Сергей Грищук музыка #81",0,1,0.00000000000000000000,2025-11-07
da79b168ba9f358d6b6d0259a7ccd164,--E605wXVog,UCDNFczxICy-VKKax_FiDGhw,https://www.youtube.com/watch?v=--E605wXVog,2023-08-15 00:57:56,"Музыка расслабляет нервную систему, улучшает память 🌿 Сергей Грищук музыка #81",0,0,0,2025-11-08
f3fa222009642cb2a9871b0b2ec297d9,--E605wXVog,UCDNFczxICy-VKKax_FiDGhw,https://www.youtube.com/watch?v=--E605wXVog,2023-08-15 00:57:56,"Музыка расслабляет нервную систему, улучшает память 🌿 Сергей Грищук музыка #81",0.001,0,0,2025-11-19
0edec77bfb6002792b25c1068075c554,--E605wXVog,UCDNFczxICy-VKKax_FiDGhw,https://www.youtube.com/watch?v=--E605wXVog,2023-08-15 00:57:56,"Музыка расслабляет нервную систему, улучшает память 🌿 Сергей Грищук музыка #81",0.004,2,2.00000000000000000000,2025-11-29
ba170d9815467fa6b351bc7187dbd6da,--E605wXVog,UCDNFczxICy-VKKax_FiDGhw,https://www.youtube.com/watch?v=--E605wXVog,2023-08-15 00:57:56,"Музыка расслабляет нервную систему, улучшает память 🌿 Сергей Грищук музыка #81",0,0,0,2025-12-01
a786c44dc4c4acd0f62524d5cd5ea4b7,--E605wXVog,UCDNFczxICy-VKKax_FiDGhw,https://www.youtube.com/watch?v=--E605wXVog,2023-08-15 00:57:56,"Музыка расслабляет нервную систему, улучшает память 🌿 Сергей Грищук музыка #81",0.001,1,1.00000000000000000000,2025-12-03
46c7b57e019b456cacc4be17b5089877,--E605wXVog,UCDNFczxICy-VKKax_FiDGhw,https://www.youtube.com/watch?v=--E605wXVog,2023-08-15 00:57:56,"Музыка расслабляет нервную систему, улучшает память 🌿 Сергей Грищук музыка #81",0,0,0,2025-12-08
a930c20a9afc5b4d71621d3f85b9807a,--E605wXVog,UCDNFczxICy-VKKax_FiDGhw,https://www.youtube.com/watch?v=--E605wXVog,2023-08-15 00:57:56,"Музыка расслабляет нервную систему, улучшает память 🌿 Сергей Грищук музыка #81",0,0,0,2025-12-11
5fe89268600e0be98c8fa114fed48bb3,--E605wXVog,UCDNFczxICy-VKKax_FiDGhw,https://www.youtube.com/watch?v=--E605wXVog,2023-08-15 00:57:56,"Музыка расслабляет нервную систему, улучшает память 🌿 Сергей Грищук музыка #81",0,0,0,2025-12-12
38a5feb429091ba0256227e1567197d2,--E605wXVog,UCDNFczxICy-VKKax_FiDGhw,https://www.youtube.com/watch?v=--E605wXVog,2023-08-15 00:57:56,"Музыка расслабляет нервную систему, улучшает память 🌿 Сергей Грищук музыка #81",0.003,0,0,2025-12-16
8a3d59347638304e2961f3a899ed240e,--E605wXVog,UCDNFczxICy-VKKax_FiDGhw,https://www.youtube.com/watch?v=--E605wXVog,2023-08-15 00:57:56,"Музыка расслабляет нервную систему, улучшает память 🌿 Сергей Грищук музыка #81",0.002,1,2.00000000000000000000,2025-12-21
b4e7e179b44377e015a0aa703aa9f42b,--E605wXVog,UCDNFczxICy-VKKax_FiDGhw,https://www.youtube.com/watch?v=--E605wXVog,2023-08-15 00:57:56,"Музыка расслабляет нервную систему, улучшает память 🌿 Сергей Грищук музыка #81",0,1,0.00000000000000000000,2026-01-04
22141acfb9d856a52550afc5e26b4485,--E605wXVog,UCDNFczxICy-VKKax_FiDGhw,https://www.youtube.com/watch?v=--E605wXVog,2023-08-15 00:57:56,"Музыка расслабляет нервную систему, улучшает память 🌿 Сергей Грищук музыка #81",0.001,1,1.00000000000000000000,2026-01-15
4067ba0dbd403cd49127b74aebf7dd6c,--E605wXVog,UCDNFczxICy-VKKax_FiDGhw,https://www.youtube.com/watch?v=--E605wXVog,2023-08-15 00:57:56,"Музыка расслабляет нервную систему, улучшает память 🌿 Сергей Грищук музыка #81",0.005,1,5.00000000000000000000,2026-01-24
c0d5fba4f897f846b3b8926f5fae1bd4,--E605wXVog,UCDNFczxICy-VKKax_FiDGhw,https://www.youtube.com/watch?v=--E605wXVog,2023-08-15 00:57:56,"Музыка расслабляет нервную систему, улучшает память 🌿 Сергей Грищук музыка #81",0,1,0.00000000000000000000,2026-01-25
08a6aa35b08fe326ef7e602990759a36,--E605wXVog,UCDNFczxICy-VKKax_FiDGhw,https://www.youtube.com/watch?v=--E605wXVog,2023-08-15 00:57:56,"Музыка расслабляет нервную систему, улучшает память 🌿 Сергей Грищук музыка #81",0,0,0,2026-01-28
663d70bf1a96e069530720d11fdfd282,--E605wXVog,UCDNFczxICy-VKKax_FiDGhw,https://www.youtube.com/watch?v=--E605wXVog,2023-08-15 00:57:56,"Музыка расслабляет нервную систему, улучшает память 🌿 Сергей Грищук музыка #81",0.005,2,2.50000000000000000000,2026-02-05
267ec1ac77918f1a2a75ecfda134f0fc,--E605wXVog,UCDNFczxICy-VKKax_FiDGhw,https://www.youtube.com/watch?v=--E605wXVog,2023-08-15 00:57:56,"Музыка расслабляет нервную систему, улучшает память 🌿 Сергей Грищук музыка #81",0.002,1,2.00000000000000000000,2026-02-06
5a8e3fc10a4af6492610e8eb2370f1d2,--E605wXVog,UCDNFczxICy-VKKax_FiDGhw,https://www.youtube.com/watch?v=--E605wXVog,2023-08-15 00:57:56,"Музыка расслабляет нервную систему, улучшает память 🌿 Сергей Грищук музыка #81",0,1,0.00000000000000000000,2026-02-10
a469f985b732e5baf14cb4628df3f6db,--E605wXVog,UCDNFczxICy-VKKax_FiDGhw,https://www.youtube.com/watch?v=--E605wXVog,2023-08-15 00:57:56,"Музыка расслабляет нервную систему, улучшает память 🌿 Сергей Грищук музыка #81",0.001,1,1.00000000000000000000,2026-02-12
2792a3c9f1bd11a6b36caca5daf5da45,--E605wXVog,UCDNFczxICy-VKKax_FiDGhw,https://www.youtube.com/watch?v=--E605wXVog,2023-08-15 00:57:56,"Музыка расслабляет нервную систему, улучшает память 🌿 Сергей Грищук музыка #81",0,1,0.00000000000000000000,2026-02-17
cf8b4de8d7475758c40206bb34d4edbf,--E605wXVog,UCDNFczxICy-VKKax_FiDGhw,https://www.youtube.com/watch?v=--E605wXVog,2023-08-15 00:57:56,"Музыка расслабляет нервную систему, улучшает память 🌿 Сергей Грищук музыка #81",0,1,0.00000000000000000000,2026-02-23
5245ee1ccfc88b51be7aa953451b2f2a,--E605wXVog,UCDNFczxICy-VKKax_FiDGhw,https://www.youtube.com/watch?v=--E605wXVog,2023-08-15 00:57:56,"Музыка расслабляет нервную систему, улучшает память 🌿 Сергей Грищук музыка #81",0,0,0,2026-02-28
3574cf2d1df2d1e590c05b32595b77ed,--E605wXVog,UCDNFczxICy-VKKax_FiDGhw,https://www.youtube.com/watch?v=--E605wXVog,2023-08-15 00:57:56,"Музыка расслабляет нервную систему, улучшает память 🌿 Сергей Грищук музыка #81",0,0,0,2026-03-07
2a207a4fab40b3b4877c12cc7495706d,--E605wXVog,UCDNFczxICy-VKKax_FiDGhw,https://www.youtube.com/watch?v=--E605wXVog,2023-08-15 00:57:56,"Музыка расслабляет нервную систему, улучшает память 🌿 Сергей Грищук музыка #81",0.002,0,0,2026-03-16
a75b04f37c8f43c550273db8a441f386,--E605wXVog,UCDNFczxICy-VKKax_FiDGhw,https://www.youtube.com/watch?v=--E605wXVog,2023-08-15 00:57:56,"Музыка расслабляет нервную систему, улучшает память 🌿 Сергей Грищук музыка #81",0,1,0.00000000000000000000,2026-03-25
2b478b9a0407c4255d4bcf083120419f,--E605wXVog,UCDNFczxICy-VKKax_FiDGhw,https://www.youtube.com/watch?v=--E605wXVog,2023-08-15 00:57:56,"Музыка расслабляет нервную систему, улучшает память 🌿 Сергей Грищук музыка #81",0,0,0,2026-04-03
a3259a39b0d2a1783efdef243a612673,--E605wXVog,UCDNFczxICy-VKKax_FiDGhw,https://www.youtube.com/watch?v=--E605wXVog,2023-08-15 00:57:56,"Музыка расслабляет нервную систему, улучшает память 🌿 Сергей Грищук музыка #81",0,1,0.00000000000000000000,2026-04-06
531370e98576c382f7003ca5a2b8feec,--E605wXVog,UCDNFczxICy-VKKax_FiDGhw,https://www.youtube.com/watch?v=--E605wXVog,2023-08-15 00:57:56,"Музыка расслабляет нервную систему, улучшает память 🌿 Сергей Грищук музыка #81",0,0,0,2026-04-08
af9238338fea82cb56beb4f1fff15f20,--E605wXVog,UCDNFczxICy-VKKax_FiDGhw,https://www.youtube.com/watch?v=--E605wXVog,2023-08-15 00:57:56,"Музыка расслабляет нервную систему, улучшает память 🌿 Сергей Грищук музыка #81",0,0,0,2026-04-09
18f61c8cf405de30eb146cc96136fc9d,--E605wXVog,UCDNFczxICy-VKKax_FiDGhw,https://www.youtube.com/watch?v=--E605wXVog,2023-08-15 00:57:56,"Музыка расслабляет нервную систему, улучшает память 🌿 Сергей Грищук музыка #81",0,0,0,2026-04-15
6b53754bb90884dced36a837b87deb55,--E605wXVog,UCDNFczxICy-VKKax_FiDGhw,https://www.youtube.com/watch?v=--E605wXVog,2023-08-15 00:57:56,"Музыка расслабляет нервную систему, улучшает память 🌿 Сергей Грищук музыка #81",0,1,0.00000000000000000000,2026-04-22
f851b916f5ebdaa809fda149f810b505,--E605wXVog,UCDNFczxICy-VKKax_FiDGhw,https://www.youtube.com/watch?v=--E605wXVog,2023-08-15 00:57:56,"Музыка расслабляет нервную систему, улучшает память 🌿 Сергей Грищук музыка #81",0,1,0.00000000000000000000,2026-04-23
c41d7163ca894420a023f4fb7dc2cdb0,--E605wXVog,UCDNFczxICy-VKKax_FiDGhw,https://www.youtube.com/watch?v=--E605wXVog,2023-08-15 00:57:56,"Музыка расслабляет нервную систему, улучшает память 🌿 Сергей Грищук музыка #81",0.001,1,1.00000000000000000000,2026-05-01
95b425d2d020fdeb7d53cc2e327cd584,--E605wXVog,UCDNFczxICy-VKKax_FiDGhw,https://www.youtube.com/watch?v=--E605wXVog,2023-08-15 00:57:56,"Музыка расслабляет нервную систему, улучшает память 🌿 Сергей Грищук музыка #81",0,1,0.00000000000000000000,2026-05-02
f31a89863bc722c76bedff8ad1fed4b7,--E605wXVog,UCDNFczxICy-VKKax_FiDGhw,https://www.youtube.com/watch?v=--E605wXVog,2023-08-15 00:57:56,"Музыка расслабляет нервную систему, улучшает память 🌿 Сергей Грищук музыка #81",0,0,0,2026-05-24
ee53b0d74752947c1a4401b0f48c0bc1,--E605wXVog,UCDNFczxICy-VKKax_FiDGhw,https://www.youtube.com/watch?v=--E605wXVog,2023-08-15 00:57:56,"Музыка расслабляет нервную систему, улучшает память 🌿 Сергей Грищук музыка #81",0,0,0,2026-06-03
22a004e59cb54c208404f76ac6329c88,--E605wXVog,UCDNFczxICy-VKKax_FiDGhw,https://www.youtube.com/watch?v=--E605wXVog,2023-08-15 00:57:56,"Музыка расслабляет нервную систему, улучшает память 🌿 Сергей Грищук музыка #81",0,1,0.00000000000000000000,2026-06-10
e1503ee05af45ee8bb7f8f17f86853e1,--E605wXVog,UCDNFczxICy-VKKax_FiDGhw,https://www.youtube.com/watch?v=--E605wXVog,2023-08-15 00:57:56,"Музыка расслабляет нервную систему, улучшает память 🌿 Сергей Грищук музыка #81",0,1,0.00000000000000000000,2026-07-07
ff15ebfd4c9f2d504c2258479b344be3,--E605wXVog,UCDNFczxICy-VKKax_FiDGhw,https://www.youtube.com/watch?v=--E605wXVog,2023-08-15 00:57:56,"Музыка расслабляет нервную систему, улучшает память 🌿 Сергей Грищук музыка #81",0,0,0,2026-07-09
7ee5edaf241d0f41be4fe79ae1db093b,--E605wXVog,UCDNFczxICy-VKKax_FiDGhw,https://www.youtube.com/watch?v=--E605wXVog,2023-08-15 00:57:56,"Музыка расслабляет нервную систему, улучшает память 🌿 Сергей Грищук музыка #81",0,0,0,2026-07-13
51f87d38cd36bdf53c83295546f1252b,--E605wXVog,UCDNFczxICy-VKKax_FiDGhw,https://www.youtube.com/watch?v=--E605wXVog,2023-08-15 00:57:56,"Музыка расслабляет нервную систему, улучшает память 🌿 Сергей Грищук музыка #81",0.001,0,0,2026-07-23
3c1de122101f4e81885af67ae230010a,--E605wXVog,UCDNFczxICy-VKKax_FiDGhw,https://www.youtube.com/watch?v=--E605wXVog,2023-08-15 00:57:56,"Музыка расслабляет нервную систему, улучшает память 🌿 Сергей Грищук музыка #81",0,1,0.00000000000000000000,2026-07-24
a1cb0e7048dc610e47f44a42f249bcc7,--E605wXVog,UCDNFczxICy-VKKax_FiDGhw,https://www.youtube.com/watch?v=--E605wXVog,2023-08-15 00:57:56,"Музыка расслабляет нервную систему, улучшает память 🌿 Сергей Грищук музыка #81",0,0,0,2026-04-29
9fffcc24ec64f4c1dcb5d78915288ca2,--E605wXVog,UCDNFczxICy-VKKax_FiDGhw,https://www.youtube.com/watch?v=--E605wXVog,2023-08-15 00:57:56,"Музыка расслабляет нервную систему, улучшает память 🌿 Сергей Грищук музыка #81",0.007,1,7.00000000000000000000,2025-06-04
58101febea974a66622242d4ed36e9c5,--E605wXVog,UCDNFczxICy-VKKax_FiDGhw,https://www.youtube.com/watch?v=--E605wXVog,2023-08-15 00:57:56,"Музыка расслабляет нервную систему, улучшает память 🌿 Сергей Грищук музыка #81",0.036,1,36.00000000000000000000,2025-06-05
880f9e04a7ab92e10fc2460d8287dca8,--E605wXVog,UCDNFczxICy-VKKax_FiDGhw,https://www.youtube.com/watch?v=--E605wXVog,2023-08-15 00:57:56,"Музыка расслабляет нервную систему, улучшает память 🌿 Сергей Грищук музыка #81",0.002,0,0,2025-06-06
978b4ca404a47b93b452588d1c39595e,--E605wXVog,UCDNFczxICy-VKKax_FiDGhw,https://www.youtube.com/watch?v=--E605wXVog,2023-08-15 00:57:56,"Музыка расслабляет нервную систему, улучшает память 🌿 Сергей Грищук музыка #81",0.002,0,0,2025-06-07
c24f562caa8258056fe8477acc9d5788,--E605wXVog,UCDNFczxICy-VKKax_FiDGhw,https://www.youtube.com/watch?v=--E605wXVog,2023-08-15 00:57:56,"Музыка расслабляет нервную систему, улучшает память 🌿 Сергей Грищук музыка #81",0.014,2,7.00000000000000000000,2025-06-08
a041625ae8f86ad601fe2e1178f68364,--E605wXVog,UCDNFczxICy-VKKax_FiDGhw,https://www.youtube.com/watch?v=--E605wXVog,2023-08-15 00:57:56,"Музыка расслабляет нервную систему, улучшает память 🌿 Сергей Грищук музыка #81",0.018,1,18.00000000000000000000,2025-06-09
c3cc4f3d8a6f955fd1bb5ecea0797358,--E605wXVog,UCDNFczxICy-VKKax_FiDGhw,https://www.youtube.com/watch?v=--E605wXVog,2023-08-15 00:57:56,"Музыка расслабляет нервную систему, улучшает память 🌿 Сергей Грищук музыка #81",0.009,0,0,2025-06-10
7548a4d9d4300108bbe9ff406fd11a3a,--E605wXVog,UCDNFczxICy-VKKax_FiDGhw,https://www.youtube.com/watch?v=--E605wXVog,2023-08-15 00:57:56,"Музыка расслабляет нервную систему, улучшает память 🌿 Сергей Грищук музыка #81",0.045,0,0,2025-06-11
202c6bd60a6bfb6617a9daad06a19d57,--E605wXVog,UCDNFczxICy-VKKax_FiDGhw,https://www.youtube.com/watch?v=--E605wXVog,2023-08-15 00:57:56,"Музыка расслабляет нервную систему, улучшает память 🌿 Сергей Грищук музыка #81",0.002,0,0,2025-06-12
0c687b23da5c2b6e5a0602a66601e68e,--E605wXVog,UCDNFczxICy-VKKax_FiDGhw,https://www.youtube.com/watch?v=--E605wXVog,2023-08-15 00:57:56,"Музыка расслабляет нервную систему, улучшает память 🌿 Сергей Грищук музыка #81",0.004,0,0,2025-06-13
419c7214efbf160f4250c1b781ce3feb,--E605wXVog,UCDNFczxICy-VKKax_FiDGhw,https://www.youtube.com/watch?v=--E605wXVog,2023-08-15 00:57:56,"Музыка расслабляет нервную систему, улучшает память 🌿 Сергей Грищук музыка #81",0.002,0,0,2025-06-14
e528a3b840919e7de19cbc6d04af355f,--E605wXVog,UCDNFczxICy-VKKax_FiDGhw,https://www.youtube.com/watch?v=--E605wXVog,2023-08-15 00:57:56,"Музыка расслабляет нервную систему, улучшает память 🌿 Сергей Грищук музыка #81",0.004,0,0,2025-06-15
d3cfb9ab810a7a79c3830bd6286aee71,--E605wXVog,UCDNFczxICy-VKKax_FiDGhw,https://www.youtube.com/watch?v=--E605wXVog,2023-08-15 00:57:56,"Музыка расслабляет нервную систему, улучшает память 🌿 Сергей Грищук музыка #81",0.004,0,0,2025-06-16
e58262f3e11c639fb094fb02e0ccc955,--E605wXVog,UCDNFczxICy-VKKax_FiDGhw,https://www.youtube.com/watch?v=--E605wXVog,2023-08-15 00:57:56,"Музыка расслабляет нервную систему, улучшает память 🌿 Сергей Грищук музыка #81",0.032,0,0,2025-06-17
60bcfc881a86ae9a8407ff395f863ea6,--E605wXVog,UCDNFczxICy-VKKax_FiDGhw,https://www.youtube.com/watch?v=--E605wXVog,2023-08-15 00:57:56,"Музыка расслабляет нервную систему, улучшает память 🌿 Сергей Грищук музыка #81",0.037,0,0,2025-06-18
b80bfb560f6e53df52623789a30d0856,--E605wXVog,UCDNFczxICy-VKKax_FiDGhw,https://www.youtube.com/watch?v=--E605wXVog,2023-08-15 00:57:56,"Музыка расслабляет нервную систему, улучшает память 🌿 Сергей Грищук музыка #81",0.043,0,0,2025-06-19
4d4cdba76bfe6c04a2a3dc515641f660,--E605wXVog,UCDNFczxICy-VKKax_FiDGhw,https://www.youtube.com/watch?v=--E605wXVog,2023-08-15 00:57:56,"Музыка расслабляет нервную систему, улучшает память 🌿 Сергей Грищук музыка #81",0.041,0,0,2025-06-20
55e9b1a040bb584e149fa8584a2d4099,--E605wXVog,UCDNFczxICy-VKKax_FiDGhw,https://www.youtube.com/watch?v=--E605wXVog,2023-08-15 00:57:56,"Музыка расслабляет нервную систему, улучшает память 🌿 Сергей Грищук музыка #81",0.03,0,0,2025-06-21
2fc999e4c350959d8f687526d0af4717,--E605wXVog,UCDNFczxICy-VKKax_FiDGhw,https://www.youtube.com/watch?v=--E605wXVog,2023-08-15 00:57:56,"Музыка расслабляет нервную систему, улучшает память 🌿 Сергей Грищук музыка #81",0.031,0,0,2025-06-22
1921c67dce0baca4badb357f2d719b08,--E605wXVog,UCDNFczxICy-VKKax_FiDGhw,https://www.youtube.com/watch?v=--E605wXVog,2023-08-15 00:57:56,"Музыка расслабляет нервную систему, улучшает память 🌿 Сергей Грищук музыка #81",0.011,0,0,2025-06-24
29069a25abaf8fc8d278d92f40ba2126,--E605wXVog,UCDNFczxICy-VKKax_FiDGhw,https://www.youtube.com/watch?v=--E605wXVog,2023-08-15 00:57:56,"Музыка расслабляет нервную систему, улучшает память 🌿 Сергей Грищук музыка #81",0.015,0,0,2025-06-25
d7a637d675bc2283118dc6807d84c269,--E605wXVog,UCDNFczxICy-VKKax_FiDGhw,https://www.youtube.com/watch?v=--E605wXVog,2023-08-15 00:57:56,"Музыка расслабляет нервную систему, улучшает память 🌿 Сергей Грищук музыка #81",0.007,0,0,2025-06-26
d947548c3516faaf1754e5314599f57a,--E605wXVog,UCDNFczxICy-VKKax_FiDGhw,https://www.youtube.com/watch?v=--E605wXVog,2023-08-15 00:57:56,"Музыка расслабляет нервную систему, улучшает память 🌿 Сергей Грищук музыка #81",0.007,0,0,2025-06-27
77560bfe28916886cd6bbdc317228227,--E605wXVog,UCDNFczxICy-VKKax_FiDGhw,https://www.youtube.com/watch?v=--E605wXVog,2023-08-15 00:57:56,"Музыка расслабляет нервную систему, улучшает память 🌿 Сергей Грищук музыка #81",0.013,0,0,2025-06-28
fc802580c141776b3327cdec57c43c7c,--E605wXVog,UCDNFczxICy-VKKax_FiDGhw,https://www.youtube.com/watch?v=--E605wXVog,2023-08-15 00:57:56,"Музыка расслабляет нервную систему, улучшает память 🌿 Сергей Грищук музыка #81",0.002,0,0,2025-06-29
8849624e5c7b7109a647805780317c39,--E605wXVog,UCDNFczxICy-VKKax_FiDGhw,https://www.youtube.com/watch?v=--E605wXVog,2023-08-15 00:57:56,"Музыка расслабляет нервную систему, улучшает память 🌿 Сергей Грищук музыка #81",0.014,0,0,2025-06-30
66d81845de977c679afa2a6206b67f72,--E605wXVog,UCDNFczxICy-VKKax_FiDGhw,https://www.youtube.com/watch?v=--E605wXVog,2023-08-15 00:57:56,"Музыка расслабляет нервную систему, улучшает память 🌿 Сергей Грищук музыка #81",0.002,0,0,2025-07-01
7d5a3d15eb0ef65770f6f5afa3695a4d,--E605wXVog,UCDNFczxICy-VKKax_FiDGhw,https://www.youtube.com/watch?v=--E605wXVog,2023-08-15 00:57:56,"Музыка расслабляет нервную систему, улучшает память 🌿 Сергей Грищук музыка #81",0.002,0,0,2025-07-02
fb9e9616dfb4ec20daf7e650d672d234,--E605wXVog,UCDNFczxICy-VKKax_FiDGhw,https://www.youtube.com/watch?v=--E605wXVog,2023-08-15 00:57:56,"Музыка расслабляет нервную систему, улучшает память 🌿 Сергей Грищук музыка #81",0.003,0,0,2025-07-03
d329b51d8f31c1be7f18a716a41fb700,--E605wXVog,UCDNFczxICy-VKKax_FiDGhw,https://www.youtube.com/watch?v=--E605wXVog,2023-08-15 00:57:56,"Музыка расслабляет нервную систему, улучшает память 🌿 Сергей Грищук музыка #81",0.015,0,0,2025-07-04
c5173bf94f71bc8b9485af59601a7d87,--E605wXVog,UCDNFczxICy-VKKax_FiDGhw,https://www.youtube.com/watch?v=--E605wXVog,2023-08-15 00:57:56,"Музыка расслабляет нервную систему, улучшает память 🌿 Сергей Грищук музыка #81",0.004,1,4.00000000000000000000,2025-07-05
6096e1af4076b424525d048c57100ceb,--E605wXVog,UCDNFczxICy-VKKax_FiDGhw,https://www.youtube.com/watch?v=--E605wXVog,2023-08-15 00:57:56,"Музыка расслабляет нервную систему, улучшает память 🌿 Сергей Грищук музыка #81",0.008,0,0,2025-07-06
b2f0cf56a817403eca74d45cb8f75a5c,--E605wXVog,UCDNFczxICy-VKKax_FiDGhw,https://www.youtube.com/watch?v=--E605wXVog,2023-08-15 00:57:56,"Музыка расслабляет нервную систему, улучшает память 🌿 Сергей Грищук музыка #81",0.012,0,0,2025-07-07
5e1853f945a71e8e0eb295d6c4b563f0,--E605wXVog,UCDNFczxICy-VKKax_FiDGhw,https://www.youtube.com/watch?v=--E605wXVog,2023-08-15 00:57:56,"Музыка расслабляет нервную систему, улучшает память 🌿 Сергей Грищук музыка #81",0.011,1,11.00000000000000000000,2025-07-08
32bffeac297dff5b86cf917929f76f9c,--E605wXVog,UCDNFczxICy-VKKax_FiDGhw,https://www.youtube.com/watch?v=--E605wXVog,2023-08-15 00:57:56,"Музыка расслабляет нервную систему, улучшает память 🌿 Сергей Грищук музыка #81",0.012,0,0,2025-07-09
5349035f27863552b669dc29f00bacc4,--E605wXVog,UCDNFczxICy-VKKax_FiDGhw,https://www.youtube.com/watch?v=--E605wXVog,2023-08-15 00:57:56,"Музыка расслабляет нервную систему, улучшает память 🌿 Сергей Грищук музыка #81",0.015,0,0,2025-07-10
de5cf371b0e1ccbaffc3be8d7562f801,--E605wXVog,UCDNFczxICy-VKKax_FiDGhw,https://www.youtube.com/watch?v=--E605wXVog,2023-08-15 00:57:56,"Музыка расслабляет нервную систему, улучшает память 🌿 Сергей Грищук музыка #81",0.006,0,0,2025-07-11
22b282a7f67f407f5bf2f0eee375a5ce,--E605wXVog,UCDNFczxICy-VKKax_FiDGhw,https://www.youtube.com/watch?v=--E605wXVog,2023-08-15 00:57:56,"Музыка расслабляет нервную систему, улучшает память 🌿 Сергей Грищук музыка #81",0.002,0,0,2025-07-12
27bdb1cc8e6ddac595ae43f16488b3d5,--E605wXVog,UCDNFczxICy-VKKax_FiDGhw,https://www.youtube.com/watch?v=--E605wXVog,2023-08-15 00:57:56,"Музыка расслабляет нервную систему, улучшает память 🌿 Сергей Грищук музыка #81",0.004,0,0,2025-07-13
4aee877ceeefa1d7dfa03c331b4b2709,--E605wXVog,UCDNFczxICy-VKKax_FiDGhw,https://www.youtube.com/watch?v=--E605wXVog,2023-08-15 00:57:56,"Музыка расслабляет нервную систему, улучшает память 🌿 Сергей Грищук музыка #81",0.004,0,0,2025-07-14
aa2c3106cf3f413ced53c6d4cf66d2d7,--KM7ZL5E30,UChN6nUA7u3kAjZmWDYKtpBw,https://www.youtube.com/watch?v=--KM7ZL5E30,2026-07-15 02:21:29,Siéntete mejor en minutos 🌿 Música relajante y bambú - Relaja tu mente y Deja el estrés,0.228,152,1.50000000000000000000,2026-07-15
e606e8fc1ad7eb8a80b923bf05c262ec,--KM7ZL5E30,UChN6nUA7u3kAjZmWDYKtpBw,https://www.youtube.com/watch?v=--KM7ZL5E30,2026-07-15 02:21:29,Siéntete mejor en minutos 🌿 Música relajante y bambú - Relaja tu mente y Deja el estrés,0.088,66,1.33333333333333333000,2026-07-13
38ef31b9a11080bd35ef5f8f7f871fc9,--KM7ZL5E30,UChN6nUA7u3kAjZmWDYKtpBw,https://www.youtube.com/watch?v=--KM7ZL5E30,2026-07-15 02:21:29,Siéntete mejor en minutos 🌿 Música relajante y bambú - Relaja tu mente y Deja el estrés,0,3,0.00000000000000000000,2026-08-04
73497beed2e41d3114a223dd5e42e9f6,--KM7ZL5E30,UChN6nUA7u3kAjZmWDYKtpBw,https://www.youtube.com/watch?v=--KM7ZL5E30,2026-07-15 02:21:29,Siéntete mejor en minutos 🌿 Música relajante y bambú - Relaja tu mente y Deja el estrés,0.008,1,8.00000000000000000000,2026-08-06
161fdf569b6bef227e56f152d8f867c6,--KM7ZL5E30,UChN6nUA7u3kAjZmWDYKtpBw,https://www.youtube.com/watch?v=--KM7ZL5E30,2026-07-15 02:21:29,Siéntete mejor en minutos 🌿 Música relajante y bambú - Relaja tu mente y Deja el estrés,0.001,2,0.50000000000000000000,2026-08-05
1d5cf87f355398e67980121b41f01050,--KM7ZL5E30,UChN6nUA7u3kAjZmWDYKtpBw,https://www.youtube.com/watch?v=--KM7ZL5E30,2026-07-15 02:21:29,Siéntete mejor en minutos 🌿 Música relajante y bambú - Relaja tu mente y Deja el estrés,0.022,8,2.75000000000000000000,2026-07-23
8d019383ed6ec749b0ea3792e3241188,--KM7ZL5E30,UChN6nUA7u3kAjZmWDYKtpBw,https://www.youtube.com/watch?v=--KM7ZL5E30,2026-07-15 02:21:29,Siéntete mejor en minutos 🌿 Música relajante y bambú - Relaja tu mente y Deja el estrés,0,1,0.00000000000000000000,2026-07-24
09121a2f1124459ec7b2caa30a1e2f3c,--KM7ZL5E30,UChN6nUA7u3kAjZmWDYKtpBw,https://www.youtube.com/watch?v=--KM7ZL5E30,2026-07-15 02:21:29,Siéntete mejor en minutos 🌿 Música relajante y bambú - Relaja tu mente y Deja el estrés,0,1,0.00000000000000000000,2026-07-25
2f0979fd32af5a3b54216ba7ce8af7db,--KM7ZL5E30,UChN6nUA7u3kAjZmWDYKtpBw,https://www.youtube.com/watch?v=--KM7ZL5E30,2026-07-15 02:21:29,Siéntete mejor en minutos 🌿 Música relajante y bambú - Relaja tu mente y Deja el estrés,0.008,9,0.88888888888888889000,2026-07-26
5f27e6b7c8904540ced9151196e358d4,--KM7ZL5E30,UChN6nUA7u3kAjZmWDYKtpBw,https://www.youtube.com/watch?v=--KM7ZL5E30,2026-07-15 02:21:29,Siéntete mejor en minutos 🌿 Música relajante y bambú - Relaja tu mente y Deja el estrés,0.036,7,5.14285714285714286000,2026-07-27
e27c87d4643e89c437ef6bfda8fb1fca,--KM7ZL5E30,UChN6nUA7u3kAjZmWDYKtpBw,https://www.youtube.com/watch?v=--KM7ZL5E30,2026-07-15 02:21:29,Siéntete mejor en minutos 🌿 Música relajante y bambú - Relaja tu mente y Deja el estrés,0.028,10,2.80000000000000000000,2026-07-28
d0402f46db79bb527ae617881beabac7,--KM7ZL5E30,UChN6nUA7u3kAjZmWDYKtpBw,https://www.youtube.com/watch?v=--KM7ZL5E30,2026-07-15 02:21:29,Siéntete mejor en minutos 🌿 Música relajante y bambú - Relaja tu mente y Deja el estrés,0.023,7,3.28571428571428571000,2026-07-29
08faa17c21995cdfc927eca478c71aa7,--KM7ZL5E30,UChN6nUA7u3kAjZmWDYKtpBw,https://www.youtube.com/watch?v=--KM7ZL5E30,2026-07-15 02:21:29,Siéntete mejor en minutos 🌿 Música relajante y bambú - Relaja tu mente y Deja el estrés,0.001,1,1.00000000000000000000,2026-07-30
568229212f001e462ed534a4a7a108fc,--KM7ZL5E30,UChN6nUA7u3kAjZmWDYKtpBw,https://www.youtube.com/watch?v=--KM7ZL5E30,2026-07-15 02:21:29,Siéntete mejor en minutos 🌿 Música relajante y bambú - Relaja tu mente y Deja el estrés,0.001,5,0.20000000000000000000,2026-07-31
e6c0158946c9a393488eaa6928b07f32,--KM7ZL5E30,UChN6nUA7u3kAjZmWDYKtpBw,https://www.youtube.com/watch?v=--KM7ZL5E30,2026-07-15 02:21:29,Siéntete mejor en minutos 🌿 Música relajante y bambú - Relaja tu mente y Deja el estrés,0,1,0.00000000000000000000,2026-08-01
e79e7020ddb847db377b68469a7d69f8,--KM7ZL5E30,UChN6nUA7u3kAjZmWDYKtpBw,https://www.youtube.com/watch?v=--KM7ZL5E30,2026-07-15 02:21:29,Siéntete mejor en minutos 🌿 Música relajante y bambú - Relaja tu mente y Deja el estrés,0,2,0.00000000000000000000,2026-08-03
64ea3942e26351b9865710335bd691ca,--KM7ZL5E30,UChN6nUA7u3kAjZmWDYKtpBw,https://www.youtube.com/watch?v=--KM7ZL5E30,2026-07-15 02:21:29,Siéntete mejor en minutos 🌿 Música relajante y bambú - Relaja tu mente y Deja el estrés,0.001,6,0.16666666666666667000,2026-08-02
f2e2e2f1b61c02b9e91489f794daa9fa,--KM7ZL5E30,UChN6nUA7u3kAjZmWDYKtpBw,https://www.youtube.com/watch?v=--KM7ZL5E30,2026-07-15 02:21:29,Siéntete mejor en minutos 🌿 Música relajante y bambú - Relaja tu mente y Deja el estrés,0.181,137,1.32116788321167883000,2026-07-16
4be5ca82ed27ac4cd6c4bccc5d6fa357,--KM7ZL5E30,UChN6nUA7u3kAjZmWDYKtpBw,https://www.youtube.com/watch?v=--KM7ZL5E30,2026-07-15 02:21:29,Siéntete mejor en minutos 🌿 Música relajante y bambú - Relaja tu mente y Deja el estrés,0.139,119,1.16806722689075630000,2026-07-17
30b0b9928a54af049a192f52bf7d1461,--KM7ZL5E30,UChN6nUA7u3kAjZmWDYKtpBw,https://www.youtube.com/watch?v=--KM7ZL5E30,2026-07-15 02:21:29,Siéntete mejor en minutos 🌿 Música relajante y bambú - Relaja tu mente y Deja el estrés,0.062,53,1.16981132075471698000,2026-07-18
230fd442eb273dbc2bf4967a8adfe8be,--KM7ZL5E30,UChN6nUA7u3kAjZmWDYKtpBw,https://www.youtube.com/watch?v=--KM7ZL5E30,2026-07-15 02:21:29,Siéntete mejor en minutos 🌿 Música relajante y bambú - Relaja tu mente y Deja el estrés,0.032,31,1.03225806451612903000,2026-07-19
12fc4f4368663d9a7f8b24e099c37b0d,--KM7ZL5E30,UChN6nUA7u3kAjZmWDYKtpBw,https://www.youtube.com/watch?v=--KM7ZL5E30,2026-07-15 02:21:29,Siéntete mejor en minutos 🌿 Música relajante y bambú - Relaja tu mente y Deja el estrés,0.028,24,1.16666666666666667000,2026-07-20
77251f25a0710006762e33696a36e54b,--KM7ZL5E30,UChN6nUA7u3kAjZmWDYKtpBw,https://www.youtube.com/watch?v=--KM7ZL5E30,2026-07-15 02:21:29,Siéntete mejor en minutos 🌿 Música relajante y bambú - Relaja tu mente y Deja el estrés,0.005,13,0.38461538461538462000,2026-07-21
058de4f4e27fd212520e1deb30e2ef71,--KM7ZL5E30,UChN6nUA7u3kAjZmWDYKtpBw,https://www.youtube.com/watch?v=--KM7ZL5E30,2026-07-15 02:21:29,Siéntete mejor en minutos 🌿 Música relajante y bambú - Relaja tu mente y Deja el estrés,0.027,12,2.25000000000000000000,2026-07-22
49e571c6f55269f6772334aad425a16a,--KM7ZL5E30,UChN6nUA7u3kAjZmWDYKtpBw,https://www.youtube.com/watch?v=--KM7ZL5E30,2026-07-15 02:21:29,Siéntete mejor en minutos 🌿 Música relajante y bambú - Relaja tu mente y Deja el estrés,0.534,293,1.82252559726962457000,2026-07-14
34e3e8a0bdca00cff715c5b1c959d473,--RKy8gpet4,UClvfMTLKUOknQFfn9bN_70Q,https://www.youtube.com/watch?v=--RKy8gpet4,2025-09-05 11:00:05,Música para la mañana ☀️Musica para trabajar activo y alegre☀️Música para levantar el animo 2025 #65,0.043,1,43.00000000000000000000,2026-04-21
3651f800956ede9f7534c803eb255127,--RKy8gpet4,UClvfMTLKUOknQFfn9bN_70Q,https://www.youtube.com/watch?v=--RKy8gpet4,2025-09-05 11:00:05,Música para la mañana ☀️Musica para trabajar activo y alegre☀️Música para levantar el animo 2025 #65,0.004,2,2.00000000000000000000,2026-04-25
05f82a253704e07ee9a033bfa1d03788,--RKy8gpet4,UClvfMTLKUOknQFfn9bN_70Q,https://www.youtube.com/watch?v=--RKy8gpet4,2025-09-05 11:00:05,Música para la mañana ☀️Musica para trabajar activo y alegre☀️Música para levantar el animo 2025 #65,0,1,0.00000000000000000000,2026-04-29
9db3fdaefa40abd508d8aee833f0f05e,--RKy8gpet4,UClvfMTLKUOknQFfn9bN_70Q,https://www.youtube.com/watch?v=--RKy8gpet4,2025-09-05 11:00:05,Música para la mañana ☀️Musica para trabajar activo y alegre☀️Música para levantar el animo 2025 #65,0.114,1,114.00000000000000000000,2025-12-07
05fe64bcba23ac23f7d7b065cf894ec2,--RKy8gpet4,UClvfMTLKUOknQFfn9bN_70Q,https://www.youtube.com/watch?v=--RKy8gpet4,2025-09-05 11:00:05,Música para la mañana ☀️Musica para trabajar activo y alegre☀️Música para levantar el animo 2025 #65,0.236,3,78.66666666666666667000,2025-12-06
e7529daea862471a1e584509bfa38d58,--RKy8gpet4,UClvfMTLKUOknQFfn9bN_70Q,https://www.youtube.com/watch?v=--RKy8gpet4,2025-09-05 11:00:05,Música para la mañana ☀️Musica para trabajar activo y alegre☀️Música para levantar el animo 2025 #65,0.08,4,20.00000000000000000000,2025-12-05
5a182f719b5334c4f46c7d0549e0d82f,--RKy8gpet4,UClvfMTLKUOknQFfn9bN_70Q,https://www.youtube.com/watch?v=--RKy8gpet4,2025-09-05 11:00:05,Música para la mañana ☀️Musica para trabajar activo y alegre☀️Música para levantar el animo 2025 #65,0.32,6,53.33333333333333333000,2025-12-04
9fd4b68817c311e658ed48345b434717,--RKy8gpet4,UClvfMTLKUOknQFfn9bN_70Q,https://www.youtube.com/watch?v=--RKy8gpet4,2025-09-05 11:00:05,Música para la mañana ☀️Musica para trabajar activo y alegre☀️Música para levantar el animo 2025 #65,0.085,2,42.50000000000000000000,2025-10-05
99f93c1a0f280dc54f3556c66e9458b1,--RKy8gpet4,UClvfMTLKUOknQFfn9bN_70Q,https://www.youtube.com/watch?v=--RKy8gpet4,2025-09-05 11:00:05,Música para la mañana ☀️Musica para trabajar activo y alegre☀️Música para levantar el animo 2025 #65,0.072,4,18.00000000000000000000,2025-10-04
a36463786bb02919ad79de39e491a9cb,--RKy8gpet4,UClvfMTLKUOknQFfn9bN_70Q,https://www.youtube.com/watch?v=--RKy8gpet4,2025-09-05 11:00:05,Música para la mañana ☀️Musica para trabajar activo y alegre☀️Música para levantar el animo 2025 #65,0.157,10,15.70000000000000000000,2025-10-03
6584aec10689568909618a59e0f4f928,--RKy8gpet4,UClvfMTLKUOknQFfn9bN_70Q,https://www.youtube.com/watch?v=--RKy8gpet4,2025-09-05 11:00:05,Música para la mañana ☀️Musica para trabajar activo y alegre☀️Música para levantar el animo 2025 #65,0.119,8,14.87500000000000000000,2025-10-02
0c6f048a70b500676d501a7ddc63d745,--RKy8gpet4,UClvfMTLKUOknQFfn9bN_70Q,https://www.youtube.com/watch?v=--RKy8gpet4,2025-09-05 11:00:05,Música para la mañana ☀️Musica para trabajar activo y alegre☀️Música para levantar el animo 2025 #65,0.355,6,59.16666666666666667000,2025-10-01
e88282d66dcc044b6db7bca4d0d309a7,--RKy8gpet4,UClvfMTLKUOknQFfn9bN_70Q,https://www.youtube.com/watch?v=--RKy8gpet4,2025-09-05 11:00:05,Música para la mañana ☀️Musica para trabajar activo y alegre☀️Música para levantar el animo 2025 #65,0.329,5,65.80000000000000000000,2025-09-30
32d9586fda82730d884853d73ae3e4e2,--RKy8gpet4,UClvfMTLKUOknQFfn9bN_70Q,https://www.youtube.com/watch?v=--RKy8gpet4,2025-09-05 11:00:05,Música para la mañana ☀️Musica para trabajar activo y alegre☀️Música para levantar el animo 2025 #65,0.081,7,11.57142857142857143000,2025-09-29
0d77ccf8c3123104e0373ccb819d0c56,--RKy8gpet4,UClvfMTLKUOknQFfn9bN_70Q,https://www.youtube.com/watch?v=--RKy8gpet4,2025-09-05 11:00:05,Música para la mañana ☀️Musica para trabajar activo y alegre☀️Música para levantar el animo 2025 #65,0.008,3,2.66666666666666667000,2025-09-28
95372a3752ccb963ceea973918c6c95e,--RKy8gpet4,UClvfMTLKUOknQFfn9bN_70Q,https://www.youtube.com/watch?v=--RKy8gpet4,2025-09-05 11:00:05,Música para la mañana ☀️Musica para trabajar activo y alegre☀️Música para levantar el animo 2025 #65,0.27,1,270.00000000000000000000,2026-01-18
c94dcc27c517cd20e5e27812fb4021de,--RKy8gpet4,UClvfMTLKUOknQFfn9bN_70Q,https://www.youtube.com/watch?v=--RKy8gpet4,2025-09-05 11:00:05,Música para la mañana ☀️Musica para trabajar activo y alegre☀️Música para levantar el animo 2025 #65,0.219,3,73.00000000000000000000,2026-01-19
35ef37e6850b3826a06da1e4f84b6e31,--RKy8gpet4,UClvfMTLKUOknQFfn9bN_70Q,https://www.youtube.com/watch?v=--RKy8gpet4,2025-09-05 11:00:05,Música para la mañana ☀️Musica para trabajar activo y alegre☀️Música para levantar el animo 2025 #65,0.02,1,20.00000000000000000000,2026-01-21
61017f934f5da7f5d226af1a63d0573f,--RKy8gpet4,UClvfMTLKUOknQFfn9bN_70Q,https://www.youtube.com/watch?v=--RKy8gpet4,2025-09-05 11:00:05,Música para la mañana ☀️Musica para trabajar activo y alegre☀️Música para levantar el animo 2025 #65,0.008,1,8.00000000000000000000,2026-01-28
c244873a0ac2450a85226df08428bbca,--RKy8gpet4,UClvfMTLKUOknQFfn9bN_70Q,https://www.youtube.com/watch?v=--RKy8gpet4,2025-09-05 11:00:05,Música para la mañana ☀️Musica para trabajar activo y alegre☀️Música para levantar el animo 2025 #65,0.091,2,45.50000000000000000000,2026-01-29
9d0d22bd15d5b59dfac0e79730706e42,--RKy8gpet4,UClvfMTLKUOknQFfn9bN_70Q,https://www.youtube.com/watch?v=--RKy8gpet4,2025-09-05 11:00:05,Música para la mañana ☀️Musica para trabajar activo y alegre☀️Música para levantar el animo 2025 #65,0.096,1,96.00000000000000000000,2025-11-13
e5c6d51c58a9ccdaa786de6671ae4bf5,--RKy8gpet4,UClvfMTLKUOknQFfn9bN_70Q,https://www.youtube.com/watch?v=--RKy8gpet4,2025-09-05 11:00:05,Música para la mañana ☀️Musica para trabajar activo y alegre☀️Música para levantar el animo 2025 #65,0.275,5,55.00000000000000000000,2025-11-14
0387f0e561739ffa31079a6bc98cfdf3,--RKy8gpet4,UClvfMTLKUOknQFfn9bN_70Q,https://www.youtube.com/watch?v=--RKy8gpet4,2025-09-05 11:00:05,Música para la mañana ☀️Musica para trabajar activo y alegre☀️Música para levantar el animo 2025 #65,0.014,1,14.00000000000000000000,2025-12-13
964432df1a3f9fddc17745ede9356947,--RKy8gpet4,UClvfMTLKUOknQFfn9bN_70Q,https://www.youtube.com/watch?v=--RKy8gpet4,2025-09-05 11:00:05,Música para la mañana ☀️Musica para trabajar activo y alegre☀️Música para levantar el animo 2025 #65,0.054,1,54.00000000000000000000,2025-12-12
d70884c1782f559befdfab19cc9d0c5c,--RKy8gpet4,UClvfMTLKUOknQFfn9bN_70Q,https://www.youtube.com/watch?v=--RKy8gpet4,2025-09-05 11:00:05,Música para la mañana ☀️Musica para trabajar activo y alegre☀️Música para levantar el animo 2025 #65,0.104,2,52.00000000000000000000,2026-08-07
5eda5fc41a7e7a84629a7d8b5a8ac24d,--RKy8gpet4,UClvfMTLKUOknQFfn9bN_70Q,https://www.youtube.com/watch?v=--RKy8gpet4,2025-09-05 11:00:05,Música para la mañana ☀️Musica para trabajar activo y alegre☀️Música para levantar el animo 2025 #65,0,1,0.00000000000000000000,2026-08-04
d26137f7caababa89ef95e089ebf64dd,--RKy8gpet4,UClvfMTLKUOknQFfn9bN_70Q,https://www.youtube.com/watch?v=--RKy8gpet4,2025-09-05 11:00:05,Música para la mañana ☀️Musica para trabajar activo y alegre☀️Música para levantar el animo 2025 #65,0.013,2,6.50000000000000000000,2026-08-02
26d57a09b5ca9ce9a9c8ef2b32814e7e,--RKy8gpet4,UClvfMTLKUOknQFfn9bN_70Q,https://www.youtube.com/watch?v=--RKy8gpet4,2025-09-05 11:00:05,Música para la mañana ☀️Musica para trabajar activo y alegre☀️Música para levantar el animo 2025 #65,0.022,2,11.00000000000000000000,2026-07-29
98e8fdd678394c9d8ac595fa484b0d90,--RKy8gpet4,UClvfMTLKUOknQFfn9bN_70Q,https://www.youtube.com/watch?v=--RKy8gpet4,2025-09-05 11:00:05,Música para la mañana ☀️Musica para trabajar activo y alegre☀️Música para levantar el animo 2025 #65,0.004,1,4.00000000000000000000,2026-07-26
2e6170e1ec37b9196954fc880a8b3d23,--RKy8gpet4,UClvfMTLKUOknQFfn9bN_70Q,https://www.youtube.com/watch?v=--RKy8gpet4,2025-09-05 11:00:05,Música para la mañana ☀️Musica para trabajar activo y alegre☀️Música para levantar el animo 2025 #65,0.006,2,3.00000000000000000000,2026-07-25
63147956b59cde0ece660ca768cb18d4,--RKy8gpet4,UClvfMTLKUOknQFfn9bN_70Q,https://www.youtube.com/watch?v=--RKy8gpet4,2025-09-05 11:00:05,Música para la mañana ☀️Musica para trabajar activo y alegre☀️Música para levantar el animo 2025 #65,0.007,1,7.00000000000000000000,2026-07-23
159107b7e1383492c68b7eff6f757b9b,--RKy8gpet4,UClvfMTLKUOknQFfn9bN_70Q,https://www.youtube.com/watch?v=--RKy8gpet4,2025-09-05 11:00:05,Música para la mañana ☀️Musica para trabajar activo y alegre☀️Música para levantar el animo 2025 #65,0.008,1,8.00000000000000000000,2026-07-22
c62a3ac80f3699935330dc9b4a81b095,--RKy8gpet4,UClvfMTLKUOknQFfn9bN_70Q,https://www.youtube.com/watch?v=--RKy8gpet4,2025-09-05 11:00:05,Música para la mañana ☀️Musica para trabajar activo y alegre☀️Música para levantar el animo 2025 #65,0.309,5,61.80000000000000000000,2025-11-15
5b8f5a041e503d7be2d8ea86759205ed,--RKy8gpet4,UClvfMTLKUOknQFfn9bN_70Q,https://www.youtube.com/watch?v=--RKy8gpet4,2025-09-05 11:00:05,Música para la mañana ☀️Musica para trabajar activo y alegre☀️Música para levantar el animo 2025 #65,0.001,1,1.00000000000000000000,2025-11-16
2700511a0dd05750f41175fe3492fefd,--RKy8gpet4,UClvfMTLKUOknQFfn9bN_70Q,https://www.youtube.com/watch?v=--RKy8gpet4,2025-09-05 11:00:05,Música para la mañana ☀️Musica para trabajar activo y alegre☀️Música para levantar el animo 2025 #65,0.047,2,23.50000000000000000000,2025-11-17
da3b1a721f4489093402edcf598fe5e4,--RKy8gpet4,UClvfMTLKUOknQFfn9bN_70Q,https://www.youtube.com/watch?v=--RKy8gpet4,2025-09-05 11:00:05,Música para la mañana ☀️Musica para trabajar activo y alegre☀️Música para levantar el animo 2025 #65,0,1,0.00000000000000000000,2026-07-21
ff84c4435752645b6892016860b05edb,--RKy8gpet4,UClvfMTLKUOknQFfn9bN_70Q,https://www.youtube.com/watch?v=--RKy8gpet4,2025-09-05 11:00:05,Música para la mañana ☀️Musica para trabajar activo y alegre☀️Música para levantar el animo 2025 #65,0.063,1,63.00000000000000000000,2026-07-18
a2f542536392b33195b094d068ec090f,--RKy8gpet4,UClvfMTLKUOknQFfn9bN_70Q,https://www.youtube.com/watch?v=--RKy8gpet4,2025-09-05 11:00:05,Música para la mañana ☀️Musica para trabajar activo y alegre☀️Música para levantar el animo 2025 #65,0,1,0.00000000000000000000,2026-07-17
bec9d22ec313383593cfd6850b614356,--RKy8gpet4,UClvfMTLKUOknQFfn9bN_70Q,https://www.youtube.com/watch?v=--RKy8gpet4,2025-09-05 11:00:05,Música para la mañana ☀️Musica para trabajar activo y alegre☀️Música para levantar el animo 2025 #65,0.073,3,24.33333333333333333000,2026-07-15
71a5754e2c2086032cba191646de0f57,--RKy8gpet4,UClvfMTLKUOknQFfn9bN_70Q,https://www.youtube.com/watch?v=--RKy8gpet4,2025-09-05 11:00:05,Música para la mañana ☀️Musica para trabajar activo y alegre☀️Música para levantar el animo 2025 #65,0.052,1,52.00000000000000000000,2026-07-14
09ad755f00f20f5d4b31787196f9d339,--RKy8gpet4,UClvfMTLKUOknQFfn9bN_70Q,https://www.youtube.com/watch?v=--RKy8gpet4,2025-09-05 11:00:05,Música para la mañana ☀️Musica para trabajar activo y alegre☀️Música para levantar el animo 2025 #65,0.07,1,70.00000000000000000000,2026-07-10
d77a594331d5bee280e21fb9c62e6c0f,--RKy8gpet4,UClvfMTLKUOknQFfn9bN_70Q,https://www.youtube.com/watch?v=--RKy8gpet4,2025-09-05 11:00:05,Música para la mañana ☀️Musica para trabajar activo y alegre☀️Música para levantar el animo 2025 #65,0.022,1,22.00000000000000000000,2026-07-08
efad5f5a23ff36188bad37df139be443,--RKy8gpet4,UClvfMTLKUOknQFfn9bN_70Q,https://www.youtube.com/watch?v=--RKy8gpet4,2025-09-05 11:00:05,Música para la mañana ☀️Musica para trabajar activo y alegre☀️Música para levantar el animo 2025 #65,0.021,1,21.00000000000000000000,2026-07-03
17248eece11a1ea61971536857820eef,--RKy8gpet4,UClvfMTLKUOknQFfn9bN_70Q,https://www.youtube.com/watch?v=--RKy8gpet4,2025-09-05 11:00:05,Música para la mañana ☀️Musica para trabajar activo y alegre☀️Música para levantar el animo 2025 #65,0.19,2,95.00000000000000000000,2026-07-01
fb98256c597aaba0b652d77c417a7049,--RKy8gpet4,UClvfMTLKUOknQFfn9bN_70Q,https://www.youtube.com/watch?v=--RKy8gpet4,2025-09-05 11:00:05,Música para la mañana ☀️Musica para trabajar activo y alegre☀️Música para levantar el animo 2025 #65,0.121,2,60.50000000000000000000,2025-12-15
874e4f93d50f2186e26af5202c78b553,--RKy8gpet4,UClvfMTLKUOknQFfn9bN_70Q,https://www.youtube.com/watch?v=--RKy8gpet4,2025-09-05 11:00:05,Música para la mañana ☀️Musica para trabajar activo y alegre☀️Música para levantar el animo 2025 #65,0.785,4,196.25000000000000000000,2025-12-16
750d5b0ee2cee81a90e171f78af66441,--RKy8gpet4,UClvfMTLKUOknQFfn9bN_70Q,https://www.youtube.com/watch?v=--RKy8gpet4,2025-09-05 11:00:05,Música para la mañana ☀️Musica para trabajar activo y alegre☀️Música para levantar el animo 2025 #65,0.01,2,5.00000000000000000000,2025-12-17
6af25f789f3ac6a20a84dc32485dc528,--RKy8gpet4,UClvfMTLKUOknQFfn9bN_70Q,https://www.youtube.com/watch?v=--RKy8gpet4,2025-09-05 11:00:05,Música para la mañana ☀️Musica para trabajar activo y alegre☀️Música para levantar el animo 2025 #65,0,1,0.00000000000000000000,2026-06-30
43ac6a4bbe7518ba484d0cbece5bf8ba,--RKy8gpet4,UClvfMTLKUOknQFfn9bN_70Q,https://www.youtube.com/watch?v=--RKy8gpet4,2025-09-05 11:00:05,Música para la mañana ☀️Musica para trabajar activo y alegre☀️Música para levantar el animo 2025 #65,0.004,1,4.00000000000000000000,2026-06-28
e48f36f158ec1994334ddd2a7748e20d,--RKy8gpet4,UClvfMTLKUOknQFfn9bN_70Q,https://www.youtube.com/watch?v=--RKy8gpet4,2025-09-05 11:00:05,Música para la mañana ☀️Musica para trabajar activo y alegre☀️Música para levantar el animo 2025 #65,0.111,2,55.50000000000000000000,2026-06-27
dd2a05f62371e9ec11cdfc5472e868ac,--RKy8gpet4,UClvfMTLKUOknQFfn9bN_70Q,https://www.youtube.com/watch?v=--RKy8gpet4,2025-09-05 11:00:05,Música para la mañana ☀️Musica para trabajar activo y alegre☀️Música para levantar el animo 2025 #65,0.026,3,8.66666666666666667000,2026-06-26
b912fd8bde4c158533e49128e24ce039,--RKy8gpet4,UClvfMTLKUOknQFfn9bN_70Q,https://www.youtube.com/watch?v=--RKy8gpet4,2025-09-05 11:00:05,Música para la mañana ☀️Musica para trabajar activo y alegre☀️Música para levantar el animo 2025 #65,0.042,2,21.00000000000000000000,2026-06-22
8d757235cf808d74b051cad967b89cf7,--RKy8gpet4,UClvfMTLKUOknQFfn9bN_70Q,https://www.youtube.com/watch?v=--RKy8gpet4,2025-09-05 11:00:05,Música para la mañana ☀️Musica para trabajar activo y alegre☀️Música para levantar el animo 2025 #65,0.102,2,51.00000000000000000000,2026-06-21
5532cb9273578b8a4aea7387eafbfddb,--RKy8gpet4,UClvfMTLKUOknQFfn9bN_70Q,https://www.youtube.com/watch?v=--RKy8gpet4,2025-09-05 11:00:05,Música para la mañana ☀️Musica para trabajar activo y alegre☀️Música para levantar el animo 2025 #65,0.025,1,25.00000000000000000000,2026-06-20
8a51c1f84a7f32f0241041abef86970b,--RKy8gpet4,UClvfMTLKUOknQFfn9bN_70Q,https://www.youtube.com/watch?v=--RKy8gpet4,2025-09-05 11:00:05,Música para la mañana ☀️Musica para trabajar activo y alegre☀️Música para levantar el animo 2025 #65,0.007,1,7.00000000000000000000,2026-06-17
a7c5f179d76798d16b5e923327778f6a,--RKy8gpet4,UClvfMTLKUOknQFfn9bN_70Q,https://www.youtube.com/watch?v=--RKy8gpet4,2025-09-05 11:00:05,Música para la mañana ☀️Musica para trabajar activo y alegre☀️Música para levantar el animo 2025 #65,0.006,1,6.00000000000000000000,2026-06-15
c62c38b239b1ce25ea923badf767248b,--RKy8gpet4,UClvfMTLKUOknQFfn9bN_70Q,https://www.youtube.com/watch?v=--RKy8gpet4,2025-09-05 11:00:05,Música para la mañana ☀️Musica para trabajar activo y alegre☀️Música para levantar el animo 2025 #65,0.06,2,30.00000000000000000000,2026-06-09
09d12b6c2f48f20eb76e58609896d0d6,--RKy8gpet4,UClvfMTLKUOknQFfn9bN_70Q,https://www.youtube.com/watch?v=--RKy8gpet4,2025-09-05 11:00:05,Música para la mañana ☀️Musica para trabajar activo y alegre☀️Música para levantar el animo 2025 #65,0.046,1,46.00000000000000000000,2026-06-08
cf81ba9cb6d546d817a8e87956cc95ca,--RKy8gpet4,UClvfMTLKUOknQFfn9bN_70Q,https://www.youtube.com/watch?v=--RKy8gpet4,2025-09-05 11:00:05,Música para la mañana ☀️Musica para trabajar activo y alegre☀️Música para levantar el animo 2025 #65,0.143,2,71.50000000000000000000,2026-06-07
1b2819ca39a4ff3cd855600d43001b9d,--RKy8gpet4,UClvfMTLKUOknQFfn9bN_70Q,https://www.youtube.com/watch?v=--RKy8gpet4,2025-09-05 11:00:05,Música para la mañana ☀️Musica para trabajar activo y alegre☀️Música para levantar el animo 2025 #65,0,1,0.00000000000000000000,2026-06-01
f7e5b7e8877dc910ce945abdf8a63006,--RKy8gpet4,UClvfMTLKUOknQFfn9bN_70Q,https://www.youtube.com/watch?v=--RKy8gpet4,2025-09-05 11:00:05,Música para la mañana ☀️Musica para trabajar activo y alegre☀️Música para levantar el animo 2025 #65,0,1,0.00000000000000000000,2026-05-31
6316ea2cd86dee643d523316ef63ceb0,--RKy8gpet4,UClvfMTLKUOknQFfn9bN_70Q,https://www.youtube.com/watch?v=--RKy8gpet4,2025-09-05 11:00:05,Música para la mañana ☀️Musica para trabajar activo y alegre☀️Música para levantar el animo 2025 #65,0.002,1,2.00000000000000000000,2026-05-30
b6c6c52f76103842f54297a69f9c1bdc,--RKy8gpet4,UClvfMTLKUOknQFfn9bN_70Q,https://www.youtube.com/watch?v=--RKy8gpet4,2025-09-05 11:00:05,Música para la mañana ☀️Musica para trabajar activo y alegre☀️Música para levantar el animo 2025 #65,0.05,1,50.00000000000000000000,2026-05-29
7c5788d19a5095db0b02b031ec865263,--RKy8gpet4,UClvfMTLKUOknQFfn9bN_70Q,https://www.youtube.com/watch?v=--RKy8gpet4,2025-09-05 11:00:05,Música para la mañana ☀️Musica para trabajar activo y alegre☀️Música para levantar el animo 2025 #65,0.001,1,1.00000000000000000000,2026-05-18
864f39d66cac5b9670ad386360201cc7,--RKy8gpet4,UClvfMTLKUOknQFfn9bN_70Q,https://www.youtube.com/watch?v=--RKy8gpet4,2025-09-05 11:00:05,Música para la mañana ☀️Musica para trabajar activo y alegre☀️Música para levantar el animo 2025 #65,0,1,0.00000000000000000000,2026-05-16
c1e446d4ca0cb8922a083f0482d05d22,--RKy8gpet4,UClvfMTLKUOknQFfn9bN_70Q,https://www.youtube.com/watch?v=--RKy8gpet4,2025-09-05 11:00:05,Música para la mañana ☀️Musica para trabajar activo y alegre☀️Música para levantar el animo 2025 #65,0.011,1,11.00000000000000000000,2026-05-14
78ebaa5b11ca3eb8a8fdcffd92e5994c,--RKy8gpet4,UClvfMTLKUOknQFfn9bN_70Q,https://www.youtube.com/watch?v=--RKy8gpet4,2025-09-05 11:00:05,Música para la mañana ☀️Musica para trabajar activo y alegre☀️Música para levantar el animo 2025 #65,0.023,1,23.00000000000000000000,2026-05-13
ae719c39993936ff1f031e7b78386d85,--RKy8gpet4,UClvfMTLKUOknQFfn9bN_70Q,https://www.youtube.com/watch?v=--RKy8gpet4,2025-09-05 11:00:05,Música para la mañana ☀️Musica para trabajar activo y alegre☀️Música para levantar el animo 2025 #65,0.022,2,11.00000000000000000000,2026-05-12
2fb4183ccf1bc9fa65a68982aaef6b7d,--RKy8gpet4,UClvfMTLKUOknQFfn9bN_70Q,https://www.youtube.com/watch?v=--RKy8gpet4,2025-09-05 11:00:05,Música para la mañana ☀️Musica para trabajar activo y alegre☀️Música para levantar el animo 2025 #65,0.015,1,15.00000000000000000000,2026-05-11
8a1f3511ace5670c51e7e970933536b6,--RKy8gpet4,UClvfMTLKUOknQFfn9bN_70Q,https://www.youtube.com/watch?v=--RKy8gpet4,2025-09-05 11:00:05,Música para la mañana ☀️Musica para trabajar activo y alegre☀️Música para levantar el animo 2025 #65,0.02,1,20.00000000000000000000,2026-05-08
a141b618f4a733f53298b16aa436b4de,--RKy8gpet4,UClvfMTLKUOknQFfn9bN_70Q,https://www.youtube.com/watch?v=--RKy8gpet4,2025-09-05 11:00:05,Música para la mañana ☀️Musica para trabajar activo y alegre☀️Música para levantar el animo 2025 #65,0.022,1,22.00000000000000000000,2026-05-05
5a7e0ec3f3c9b7fd360287033f574faf,--RKy8gpet4,UClvfMTLKUOknQFfn9bN_70Q,https://www.youtube.com/watch?v=--RKy8gpet4,2025-09-05 11:00:05,Música para la mañana ☀️Musica para trabajar activo y alegre☀️Música para levantar el animo 2025 #65,0,1,0.00000000000000000000,2026-05-03
5020110a0a226808b950a5c51c97a3e3,--RKy8gpet4,UClvfMTLKUOknQFfn9bN_70Q,https://www.youtube.com/watch?v=--RKy8gpet4,2025-09-05 11:00:05,Música para la mañana ☀️Musica para trabajar activo y alegre☀️Música para levantar el animo 2025 #65,0.52,5,104.00000000000000000000,2025-11-18
391d4a3f4a2861b29f5002767b5f38d9,--RKy8gpet4,UClvfMTLKUOknQFfn9bN_70Q,https://www.youtube.com/watch?v=--RKy8gpet4,2025-09-05 11:00:05,Música para la mañana ☀️Musica para trabajar activo y alegre☀️Música para levantar el animo 2025 #65,0.156,6,26.00000000000000000000,2025-11-19
0cb7c16b40f401b8b37e3562653a8487,--RKy8gpet4,UClvfMTLKUOknQFfn9bN_70Q,https://www.youtube.com/watch?v=--RKy8gpet4,2025-09-05 11:00:05,Música para la mañana ☀️Musica para trabajar activo y alegre☀️Música para levantar el animo 2025 #65,0.06,2,30.00000000000000000000,2025-11-20
d01c40f052efc882479f55bbc4488020,--RKy8gpet4,UClvfMTLKUOknQFfn9bN_70Q,https://www.youtube.com/watch?v=--RKy8gpet4,2025-09-05 11:00:05,Música para la mañana ☀️Musica para trabajar activo y alegre☀️Música para levantar el animo 2025 #65,0.083,2,41.50000000000000000000,2025-11-21
6d82e62a92c859d6151e9047b452ef2d,--RKy8gpet4,UClvfMTLKUOknQFfn9bN_70Q,https://www.youtube.com/watch?v=--RKy8gpet4,2025-09-05 11:00:05,Música para la mañana ☀️Musica para trabajar activo y alegre☀️Música para levantar el animo 2025 #65,0.15,2,75.00000000000000000000,2025-11-22
296ae67f30ab641595cc1fc5172ef15b,--RKy8gpet4,UClvfMTLKUOknQFfn9bN_70Q,https://www.youtube.com/watch?v=--RKy8gpet4,2025-09-05 11:00:05,Música para la mañana ☀️Musica para trabajar activo y alegre☀️Música para levantar el animo 2025 #65,0.089,3,29.66666666666666667000,2025-11-23
cb0e4b8cc92501a0d5bdbf07725276a5,--RKy8gpet4,UClvfMTLKUOknQFfn9bN_70Q,https://www.youtube.com/watch?v=--RKy8gpet4,2025-09-05 11:00:05,Música para la mañana ☀️Musica para trabajar activo y alegre☀️Música para levantar el animo 2025 #65,0.006,3,2.00000000000000000000,2025-11-24
f16d4f99d830c90415bac7823ac8f366,--RKy8gpet4,UClvfMTLKUOknQFfn9bN_70Q,https://www.youtube.com/watch?v=--RKy8gpet4,2025-09-05 11:00:05,Música para la mañana ☀️Musica para trabajar activo y alegre☀️Música para levantar el animo 2025 #65,0.05,3,16.66666666666666667000,2025-11-25
4fac4be108d77ea56c144fced36e0112,--RKy8gpet4,UClvfMTLKUOknQFfn9bN_70Q,https://www.youtube.com/watch?v=--RKy8gpet4,2025-09-05 11:00:05,Música para la mañana ☀️Musica para trabajar activo y alegre☀️Música para levantar el animo 2025 #65,0.303,2,151.50000000000000000000,2025-11-26
bdde623ce38b1ed1f7fe0ef5af896ca8,--RKy8gpet4,UClvfMTLKUOknQFfn9bN_70Q,https://www.youtube.com/watch?v=--RKy8gpet4,2025-09-05 11:00:05,Música para la mañana ☀️Musica para trabajar activo y alegre☀️Música para levantar el animo 2025 #65,0.016,3,5.33333333333333333000,2025-11-27
8e14193a0443208939ece5b19dd66ee8,--RKy8gpet4,UClvfMTLKUOknQFfn9bN_70Q,https://www.youtube.com/watch?v=--RKy8gpet4,2025-09-05 11:00:05,Música para la mañana ☀️Musica para trabajar activo y alegre☀️Música para levantar el animo 2025 #65,0.303,5,60.60000000000000000000,2025-11-28
38c6780daa5a113ecc4516200b0adb8e,--RKy8gpet4,UClvfMTLKUOknQFfn9bN_70Q,https://www.youtube.com/watch?v=--RKy8gpet4,2025-09-05 11:00:05,Música para la mañana ☀️Musica para trabajar activo y alegre☀️Música para levantar el animo 2025 #65,0.15,2,75.00000000000000000000,2025-11-29
2ab389924ed9d942519550c6cc95af0f,--RKy8gpet4,UClvfMTLKUOknQFfn9bN_70Q,https://www.youtube.com/watch?v=--RKy8gpet4,2025-09-05 11:00:05,Música para la mañana ☀️Musica para trabajar activo y alegre☀️Música para levantar el animo 2025 #65,0.146,2,73.00000000000000000000,2025-11-30
9765f51e9ea5eedc7ea4105b333ae1f8,--RKy8gpet4,UClvfMTLKUOknQFfn9bN_70Q,https://www.youtube.com/watch?v=--RKy8gpet4,2025-09-05 11:00:05,Música para la mañana ☀️Musica para trabajar activo y alegre☀️Música para levantar el animo 2025 #65,0.001,1,1.00000000000000000000,2025-12-01
6710ff5f0e6ec7d45a7afc2fe4713d15,--RKy8gpet4,UClvfMTLKUOknQFfn9bN_70Q,https://www.youtube.com/watch?v=--RKy8gpet4,2025-09-05 11:00:05,Música para la mañana ☀️Musica para trabajar activo y alegre☀️Música para levantar el animo 2025 #65,0.188,2,94.00000000000000000000,2025-12-02
91b0ca1f76af741f3741040171e0fd00,--RKy8gpet4,UClvfMTLKUOknQFfn9bN_70Q,https://www.youtube.com/watch?v=--RKy8gpet4,2025-09-05 11:00:05,Música para la mañana ☀️Musica para trabajar activo y alegre☀️Música para levantar el animo 2025 #65,0.001,2,0.50000000000000000000,2025-12-03
41a7c4519fb2e5f4952f882e65271649,--RKy8gpet4,UClvfMTLKUOknQFfn9bN_70Q,https://www.youtube.com/watch?v=--RKy8gpet4,2025-09-05 11:00:05,Música para la mañana ☀️Musica para trabajar activo y alegre☀️Música para levantar el animo 2025 #65,0.134,3,44.66666666666666667000,2026-02-14
f93099456c2f65cf86576dd80d773b3d,--RKy8gpet4,UClvfMTLKUOknQFfn9bN_70Q,https://www.youtube.com/watch?v=--RKy8gpet4,2025-09-05 11:00:05,Música para la mañana ☀️Musica para trabajar activo y alegre☀️Música para levantar el animo 2025 #65,0.005,1,5.00000000000000000000,2026-02-19
9b29446480196bf5b479cce078a64af4,--RKy8gpet4,UClvfMTLKUOknQFfn9bN_70Q,https://www.youtube.com/watch?v=--RKy8gpet4,2025-09-05 11:00:05,Música para la mañana ☀️Musica para trabajar activo y alegre☀️Música para levantar el animo 2025 #65,0.19,1,190.00000000000000000000,2026-02-20
bd37d4a8bd861914bc9ea5ef2f8db50c,--RKy8gpet4,UClvfMTLKUOknQFfn9bN_70Q,https://www.youtube.com/watch?v=--RKy8gpet4,2025-09-05 11:00:05,Música para la mañana ☀️Musica para trabajar activo y alegre☀️Música para levantar el animo 2025 #65,0.002,1,2.00000000000000000000,2026-02-21
1bf5b967a4a141179bd90243792bcf3b,--RKy8gpet4,UClvfMTLKUOknQFfn9bN_70Q,https://www.youtube.com/watch?v=--RKy8gpet4,2025-09-05 11:00:05,Música para la mañana ☀️Musica para trabajar activo y alegre☀️Música para levantar el animo 2025 #65,0.201,1,201.00000000000000000000,2026-02-24
2aa846ded613b1f1b765cfea63904830,--RKy8gpet4,UClvfMTLKUOknQFfn9bN_70Q,https://www.youtube.com/watch?v=--RKy8gpet4,2025-09-05 11:00:05,Música para la mañana ☀️Musica para trabajar activo y alegre☀️Música para levantar el animo 2025 #65,0,1,0.00000000000000000000,2026-02-27
ba251fc39e477f0a3274776dc663854b,--RKy8gpet4,UClvfMTLKUOknQFfn9bN_70Q,https://www.youtube.com/watch?v=--RKy8gpet4,2025-09-05 11:00:05,Música para la mañana ☀️Musica para trabajar activo y alegre☀️Música para levantar el animo 2025 #65,0.175,2,87.50000000000000000000,2026-03-02
f5173b32e84cd97d8b16ad719d3943e3,--RKy8gpet4,UClvfMTLKUOknQFfn9bN_70Q,https://www.youtube.com/watch?v=--RKy8gpet4,2025-09-05 11:00:05,Música para la mañana ☀️Musica para trabajar activo y alegre☀️Música para levantar el animo 2025 #65,0.017,1,17.00000000000000000000,2026-03-03
7a69d7c2784791d8f39e079a538c9033,--RKy8gpet4,UClvfMTLKUOknQFfn9bN_70Q,https://www.youtube.com/watch?v=--RKy8gpet4,2025-09-05 11:00:05,Música para la mañana ☀️Musica para trabajar activo y alegre☀️Música para levantar el animo 2025 #65,0,2,0.00000000000000000000,2026-03-04
ee9a90586e9a7411fa97e322817f1c4d,--RKy8gpet4,UClvfMTLKUOknQFfn9bN_70Q,https://www.youtube.com/watch?v=--RKy8gpet4,2025-09-05 11:00:05,Música para la mañana ☀️Musica para trabajar activo y alegre☀️Música para levantar el animo 2025 #65,0.005,2,2.50000000000000000000,2026-03-05
a9d2b11905e6315882e86422b51970b4,--RKy8gpet4,UClvfMTLKUOknQFfn9bN_70Q,https://www.youtube.com/watch?v=--RKy8gpet4,2025-09-05 11:00:05,Música para la mañana ☀️Musica para trabajar activo y alegre☀️Música para levantar el animo 2025 #65,0,2,0.00000000000000000000,2026-03-07
77705f717202555d746720c8f330db5d,--RKy8gpet4,UClvfMTLKUOknQFfn9bN_70Q,https://www.youtube.com/watch?v=--RKy8gpet4,2025-09-05 11:00:05,Música para la mañana ☀️Musica para trabajar activo y alegre☀️Música para levantar el animo 2025 #65,0.015,3,5.00000000000000000000,2026-03-09
70f4f4fbe1a0f93257cd76e7ae3cef2e,--RKy8gpet4,UClvfMTLKUOknQFfn9bN_70Q,https://www.youtube.com/watch?v=--RKy8gpet4,2025-09-05 11:00:05,Música para la mañana ☀️Musica para trabajar activo y alegre☀️Música para levantar el animo 2025 #65,0.014,0,0,2026-03-10
ad040cebb6bb72d008886e943098c133,--RKy8gpet4,UClvfMTLKUOknQFfn9bN_70Q,https://www.youtube.com/watch?v=--RKy8gpet4,2025-09-05 11:00:05,Música para la mañana ☀️Musica para trabajar activo y alegre☀️Música para levantar el animo 2025 #65,0.008,2,4.00000000000000000000,2026-03-12
d078282fc2dd81640214476e89aa3ee3,--RKy8gpet4,UClvfMTLKUOknQFfn9bN_70Q,https://www.youtube.com/watch?v=--RKy8gpet4,2025-09-05 11:00:05,Música para la mañana ☀️Musica para trabajar activo y alegre☀️Música para levantar el animo 2025 #65,0.002,2,1.00000000000000000000,2026-03-15
b412405fc0697f9e24ac50d58fef2fef,--RKy8gpet4,UClvfMTLKUOknQFfn9bN_70Q,https://www.youtube.com/watch?v=--RKy8gpet4,2025-09-05 11:00:05,Música para la mañana ☀️Musica para trabajar activo y alegre☀️Música para levantar el animo 2025 #65,0.013,1,13.00000000000000000000,2026-03-20
82f0a46cbe118dd26e44c1401cd1a5a6,--RKy8gpet4,UClvfMTLKUOknQFfn9bN_70Q,https://www.youtube.com/watch?v=--RKy8gpet4,2025-09-05 11:00:05,Música para la mañana ☀️Musica para trabajar activo y alegre☀️Música para levantar el animo 2025 #65,0.301,1,301.00000000000000000000,2026-03-22
91e67419f5acc0b24c1bb135675d2cb7,--RKy8gpet4,UClvfMTLKUOknQFfn9bN_70Q,https://www.youtube.com/watch?v=--RKy8gpet4,2025-09-05 11:00:05,Música para la mañana ☀️Musica para trabajar activo y alegre☀️Música para levantar el animo 2025 #65,0,1,0.00000000000000000000,2026-03-24
024426f4fe03cf6525a948da499ae821,--RKy8gpet4,UClvfMTLKUOknQFfn9bN_70Q,https://www.youtube.com/watch?v=--RKy8gpet4,2025-09-05 11:00:05,Música para la mañana ☀️Musica para trabajar activo y alegre☀️Música para levantar el animo 2025 #65,0.014,1,14.00000000000000000000,2026-03-26
94056111d0535c6108415dfb4a5b935f,--RKy8gpet4,UClvfMTLKUOknQFfn9bN_70Q,https://www.youtube.com/watch?v=--RKy8gpet4,2025-09-05 11:00:05,Música para la mañana ☀️Musica para trabajar activo y alegre☀️Música para levantar el animo 2025 #65,0.003,1,3.00000000000000000000,2026-03-27
67b6e7e0be1c722fc23c748f4157dbbe,--RKy8gpet4,UClvfMTLKUOknQFfn9bN_70Q,https://www.youtube.com/watch?v=--RKy8gpet4,2025-09-05 11:00:05,Música para la mañana ☀️Musica para trabajar activo y alegre☀️Música para levantar el animo 2025 #65,0,1,0.00000000000000000000,2026-03-28
0602d0b6f547a2a0e74a67fdfcd160de,--RKy8gpet4,UClvfMTLKUOknQFfn9bN_70Q,https://www.youtube.com/watch?v=--RKy8gpet4,2025-09-05 11:00:05,Música para la mañana ☀️Musica para trabajar activo y alegre☀️Música para levantar el animo 2025 #65,0.039,1,39.00000000000000000000,2026-03-29
1214995a1c52b38245a8d10ff3b94285,--RKy8gpet4,UClvfMTLKUOknQFfn9bN_70Q,https://www.youtube.com/watch?v=--RKy8gpet4,2025-09-05 11:00:05,Música para la mañana ☀️Musica para trabajar activo y alegre☀️Música para levantar el animo 2025 #65,0.119,3,39.66666666666666667000,2026-04-02
35e77be21d245282073686e8e382cbad,--RKy8gpet4,UClvfMTLKUOknQFfn9bN_70Q,https://www.youtube.com/watch?v=--RKy8gpet4,2025-09-05 11:00:05,Música para la mañana ☀️Musica para trabajar activo y alegre☀️Música para levantar el animo 2025 #65,0.004,1,4.00000000000000000000,2026-04-04
0e87051424394fbf1969a52e22aa10f2,--RKy8gpet4,UClvfMTLKUOknQFfn9bN_70Q,https://www.youtube.com/watch?v=--RKy8gpet4,2025-09-05 11:00:05,Música para la mañana ☀️Musica para trabajar activo y alegre☀️Música para levantar el animo 2025 #65,0.075,1,75.00000000000000000000,2026-04-06
7173851e3abc5f2bc588f6ca9a326272,--RKy8gpet4,UClvfMTLKUOknQFfn9bN_70Q,https://www.youtube.com/watch?v=--RKy8gpet4,2025-09-05 11:00:05,Música para la mañana ☀️Musica para trabajar activo y alegre☀️Música para levantar el animo 2025 #65,0.115,2,57.50000000000000000000,2026-04-10
6f6f0e39743324366e2c543bd05605c4,--RKy8gpet4,UClvfMTLKUOknQFfn9bN_70Q,https://www.youtube.com/watch?v=--RKy8gpet4,2025-09-05 11:00:05,Música para la mañana ☀️Musica para trabajar activo y alegre☀️Música para levantar el animo 2025 #65,0,1,0.00000000000000000000,2026-04-12
e469fc6fc01c49da38956568db1c97d0,--RKy8gpet4,UClvfMTLKUOknQFfn9bN_70Q,https://www.youtube.com/watch?v=--RKy8gpet4,2025-09-05 11:00:05,Música para la mañana ☀️Musica para trabajar activo y alegre☀️Música para levantar el animo 2025 #65,0,1,0.00000000000000000000,2026-04-13
7cd8339904ab5194fe1723ec4b0b757b,--RKy8gpet4,UClvfMTLKUOknQFfn9bN_70Q,https://www.youtube.com/watch?v=--RKy8gpet4,2025-09-05 11:00:05,Música para la mañana ☀️Musica para trabajar activo y alegre☀️Música para levantar el animo 2025 #65,0.056,1,56.00000000000000000000,2026-04-17
6fb77712fc2d5916ff3c6e3f09f0197f,--RKy8gpet4,UClvfMTLKUOknQFfn9bN_70Q,https://www.youtube.com/watch?v=--RKy8gpet4,2025-09-05 11:00:05,Música para la mañana ☀️Musica para trabajar activo y alegre☀️Música para levantar el animo 2025 #65,0.01,1,10.00000000000000000000,2026-04-18
5b12453a77841237fce233a46904e738,--RKy8gpet4,UClvfMTLKUOknQFfn9bN_70Q,https://www.youtube.com/watch?v=--RKy8gpet4,2025-09-05 11:00:05,Música para la mañana ☀️Musica para trabajar activo y alegre☀️Música para levantar el animo 2025 #65,0.081,8,10.12500000000000000000,2025-10-06
04dbb2ba4574abeab7584e99e53cfd83,--RKy8gpet4,UClvfMTLKUOknQFfn9bN_70Q,https://www.youtube.com/watch?v=--RKy8gpet4,2025-09-05 11:00:05,Música para la mañana ☀️Musica para trabajar activo y alegre☀️Música para levantar el animo 2025 #65,0.114,8,14.25000000000000000000,2025-10-07
cb3e433ed9c5c9f3d1c016cb0e9716e3,--RKy8gpet4,UClvfMTLKUOknQFfn9bN_70Q,https://www.youtube.com/watch?v=--RKy8gpet4,2025-09-05 11:00:05,Música para la mañana ☀️Musica para trabajar activo y alegre☀️Música para levantar el animo 2025 #65,0.081,4,20.25000000000000000000,2025-10-08
52003b8292e55b938ec78cf58f431965,--RKy8gpet4,UClvfMTLKUOknQFfn9bN_70Q,https://www.youtube.com/watch?v=--RKy8gpet4,2025-09-05 11:00:05,Música para la mañana ☀️Musica para trabajar activo y alegre☀️Música para levantar el animo 2025 #65,0.108,9,12.00000000000000000000,2025-10-09
ec496eeb48fa469d290077dbb2764df5,--RKy8gpet4,UClvfMTLKUOknQFfn9bN_70Q,https://www.youtube.com/watch?v=--RKy8gpet4,2025-09-05 11:00:05,Música para la mañana ☀️Musica para trabajar activo y alegre☀️Música para levantar el animo 2025 #65,0.003,2,1.50000000000000000000,2025-10-10
a5b0e059d9b8a19525d3394183eca331,--RKy8gpet4,UClvfMTLKUOknQFfn9bN_70Q,https://www.youtube.com/watch?v=--RKy8gpet4,2025-09-05 11:00:05,Música para la mañana ☀️Musica para trabajar activo y alegre☀️Música para levantar el animo 2025 #65,0.015,4,3.75000000000000000000,2025-10-11
92ecf3020933617c0094ed377ca616a4,--RKy8gpet4,UClvfMTLKUOknQFfn9bN_70Q,https://www.youtube.com/watch?v=--RKy8gpet4,2025-09-05 11:00:05,Música para la mañana ☀️Musica para trabajar activo y alegre☀️Música para levantar el animo 2025 #65,0.129,5,25.80000000000000000000,2025-10-12
30b3511fd196c1738f30f79f9148f946,--RKy8gpet4,UClvfMTLKUOknQFfn9bN_70Q,https://www.youtube.com/watch?v=--RKy8gpet4,2025-09-05 11:00:05,Música para la mañana ☀️Musica para trabajar activo y alegre☀️Música para levantar el animo 2025 #65,0.036,3,12.00000000000000000000,2025-10-13
e0c8c8055fb57326e410211573ca1312,--RKy8gpet4,UClvfMTLKUOknQFfn9bN_70Q,https://www.youtube.com/watch?v=--RKy8gpet4,2025-09-05 11:00:05,Música para la mañana ☀️Musica para trabajar activo y alegre☀️Música para levantar el animo 2025 #65,0.048,5,9.60000000000000000000,2025-10-14
3c35d18b44efb6b6768074735e6b9fd8,--RKy8gpet4,UClvfMTLKUOknQFfn9bN_70Q,https://www.youtube.com/watch?v=--RKy8gpet4,2025-09-05 11:00:05,Música para la mañana ☀️Musica para trabajar activo y alegre☀️Música para levantar el animo 2025 #65,0.124,4,31.00000000000000000000,2025-10-15
906ea72340ce39743e11f6a65fe64d2a,--RKy8gpet4,UClvfMTLKUOknQFfn9bN_70Q,https://www.youtube.com/watch?v=--RKy8gpet4,2025-09-05 11:00:05,Música para la mañana ☀️Musica para trabajar activo y alegre☀️Música para levantar el animo 2025 #65,0.038,5,7.60000000000000000000,2025-10-16
c24c0acffe59126d153c9e8122c3ac0f,--RKy8gpet4,UClvfMTLKUOknQFfn9bN_70Q,https://www.youtube.com/watch?v=--RKy8gpet4,2025-09-05 11:00:05,Música para la mañana ☀️Musica para trabajar activo y alegre☀️Música para levantar el animo 2025 #65,0.054,6,9.00000000000000000000,2025-10-17
1d4dc0cfeebe00c24b5b2413830952da,--RKy8gpet4,UClvfMTLKUOknQFfn9bN_70Q,https://www.youtube.com/watch?v=--RKy8gpet4,2025-09-05 11:00:05,Música para la mañana ☀️Musica para trabajar activo y alegre☀️Música para levantar el animo 2025 #65,0.091,4,22.75000000000000000000,2025-10-18
8346b46044c56db6b7447206cb9d701b,--RKy8gpet4,UClvfMTLKUOknQFfn9bN_70Q,https://www.youtube.com/watch?v=--RKy8gpet4,2025-09-05 11:00:05,Música para la mañana ☀️Musica para trabajar activo y alegre☀️Música para levantar el animo 2025 #65,0.065,6,10.83333333333333333000,2025-10-19
6045c7d9f0acb91d73c11242341b5306,--RKy8gpet4,UClvfMTLKUOknQFfn9bN_70Q,https://www.youtube.com/watch?v=--RKy8gpet4,2025-09-05 11:00:05,Música para la mañana ☀️Musica para trabajar activo y alegre☀️Música para levantar el animo 2025 #65,0.006,3,2.00000000000000000000,2025-10-20
b70d669b1edfbd5e31038315a0beb518,--RKy8gpet4,UClvfMTLKUOknQFfn9bN_70Q,https://www.youtube.com/watch?v=--RKy8gpet4,2025-09-05 11:00:05,Música para la mañana ☀️Musica para trabajar activo y alegre☀️Música para levantar el animo 2025 #65,0.003,1,3.00000000000000000000,2025-12-11
8bbe7e5acaa9a514d75b841ba1833de9,--RKy8gpet4,UClvfMTLKUOknQFfn9bN_70Q,https://www.youtube.com/watch?v=--RKy8gpet4,2025-09-05 11:00:05,Música para la mañana ☀️Musica para trabajar activo y alegre☀️Música para levantar el animo 2025 #65,0.093,1,93.00000000000000000000,2025-12-10
2410089d71b34deac295d91246ab5c89,--RKy8gpet4,UClvfMTLKUOknQFfn9bN_70Q,https://www.youtube.com/watch?v=--RKy8gpet4,2025-09-05 11:00:05,Música para la mañana ☀️Musica para trabajar activo y alegre☀️Música para levantar el animo 2025 #65,0.262,3,87.33333333333333333000,2025-12-09
4976c227b65bbb7fc8fa775411f795d3,--RKy8gpet4,UClvfMTLKUOknQFfn9bN_70Q,https://www.youtube.com/watch?v=--RKy8gpet4,2025-09-05 11:00:05,Música para la mañana ☀️Musica para trabajar activo y alegre☀️Música para levantar el animo 2025 #65,0.039,3,13.00000000000000000000,2025-09-27
879325da31b040d6be58fe7ea8c1c92e,--RKy8gpet4,UClvfMTLKUOknQFfn9bN_70Q,https://www.youtube.com/watch?v=--RKy8gpet4,2025-09-05 11:00:05,Música para la mañana ☀️Musica para trabajar activo y alegre☀️Música para levantar el animo 2025 #65,0.203,6,33.83333333333333333000,2025-09-26
199242607930c3865aaa39ac5a584d7b,--RKy8gpet4,UClvfMTLKUOknQFfn9bN_70Q,https://www.youtube.com/watch?v=--RKy8gpet4,2025-09-05 11:00:05,Música para la mañana ☀️Musica para trabajar activo y alegre☀️Música para levantar el animo 2025 #65,0.109,7,15.57142857142857143000,2025-09-25
ae10fab5dcbc37c400869ebd3d13936e,--RKy8gpet4,UClvfMTLKUOknQFfn9bN_70Q,https://www.youtube.com/watch?v=--RKy8gpet4,2025-09-05 11:00:05,Música para la mañana ☀️Musica para trabajar activo y alegre☀️Música para levantar el animo 2025 #65,0.517,8,64.62500000000000000000,2025-09-24
2da03212728ad39c89981e3b5a213fb9,--RKy8gpet4,UClvfMTLKUOknQFfn9bN_70Q,https://www.youtube.com/watch?v=--RKy8gpet4,2025-09-05 11:00:05,Música para la mañana ☀️Musica para trabajar activo y alegre☀️Música para levantar el animo 2025 #65,1.042,7,148.85714285714285714000,2025-12-18
304293b11f436cdb6d3bacf36a88917a,--RKy8gpet4,UClvfMTLKUOknQFfn9bN_70Q,https://www.youtube.com/watch?v=--RKy8gpet4,2025-09-05 11:00:05,Música para la mañana ☀️Musica para trabajar activo y alegre☀️Música para levantar el animo 2025 #65,0.895,3,298.33333333333333333000,2025-12-19
bcf9f89ea7d7df41030674f0f3a7ba2f,--RKy8gpet4,UClvfMTLKUOknQFfn9bN_70Q,https://www.youtube.com/watch?v=--RKy8gpet4,2025-09-05 11:00:05,Música para la mañana ☀️Musica para trabajar activo y alegre☀️Música para levantar el animo 2025 #65,0.019,3,6.33333333333333333000,2025-12-20
34e0f9000d2f43e84da6a7712cc28064,--RKy8gpet4,UClvfMTLKUOknQFfn9bN_70Q,https://www.youtube.com/watch?v=--RKy8gpet4,2025-09-05 11:00:05,Música para la mañana ☀️Musica para trabajar activo y alegre☀️Música para levantar el animo 2025 #65,1.709,2,854.50000000000000000000,2025-12-22
f5f7584780797a991129bb3986116683,--RKy8gpet4,UClvfMTLKUOknQFfn9bN_70Q,https://www.youtube.com/watch?v=--RKy8gpet4,2025-09-05 11:00:05,Música para la mañana ☀️Musica para trabajar activo y alegre☀️Música para levantar el animo 2025 #65,0.208,4,52.00000000000000000000,2025-09-23
7c958f500feaa4904ff01a6852c0be23,--RKy8gpet4,UClvfMTLKUOknQFfn9bN_70Q,https://www.youtube.com/watch?v=--RKy8gpet4,2025-09-05 11:00:05,Música para la mañana ☀️Musica para trabajar activo y alegre☀️Música para levantar el animo 2025 #65,0.605,13,46.53846153846153846000,2025-09-22
eac66397547d06e14419c0992f0f9547,--RKy8gpet4,UClvfMTLKUOknQFfn9bN_70Q,https://www.youtube.com/watch?v=--RKy8gpet4,2025-09-05 11:00:05,Música para la mañana ☀️Musica para trabajar activo y alegre☀️Música para levantar el animo 2025 #65,0.435,11,39.54545454545454545000,2025-09-21
8fe26f934c57ee55334509fba1e95bc7,--RKy8gpet4,UClvfMTLKUOknQFfn9bN_70Q,https://www.youtube.com/watch?v=--RKy8gpet4,2025-09-05 11:00:05,Música para la mañana ☀️Musica para trabajar activo y alegre☀️Música para levantar el animo 2025 #65,0.082,10,8.20000000000000000000,2025-09-20
8db142bbf5da2f8f8ae1f3d83f3b38c5,--RKy8gpet4,UClvfMTLKUOknQFfn9bN_70Q,https://www.youtube.com/watch?v=--RKy8gpet4,2025-09-05 11:00:05,Música para la mañana ☀️Musica para trabajar activo y alegre☀️Música para levantar el animo 2025 #65,0.196,15,13.06666666666666667000,2025-09-19
4374eff3608dba8687f80c87ce67fb4d,--RKy8gpet4,UClvfMTLKUOknQFfn9bN_70Q,https://www.youtube.com/watch?v=--RKy8gpet4,2025-09-05 11:00:05,Música para la mañana ☀️Musica para trabajar activo y alegre☀️Música para levantar el animo 2025 #65,0.153,14,10.92857142857142857000,2025-09-18
62a5e737aa6f0ec6b77f06862bcd2f61,--RKy8gpet4,UClvfMTLKUOknQFfn9bN_70Q,https://www.youtube.com/watch?v=--RKy8gpet4,2025-09-05 11:00:05,Música para la mañana ☀️Musica para trabajar activo y alegre☀️Música para levantar el animo 2025 #65,0.513,22,23.31818181818181818000,2025-09-17
6c89fce96d81b140046e3963dd65f1b5,--RKy8gpet4,UClvfMTLKUOknQFfn9bN_70Q,https://www.youtube.com/watch?v=--RKy8gpet4,2025-09-05 11:00:05,Música para la mañana ☀️Musica para trabajar activo y alegre☀️Música para levantar el animo 2025 #65,0.917,27,33.96296296296296296000,2025-09-16
87bd5583792dd30563a631cbaa29d8e1,--RKy8gpet4,UClvfMTLKUOknQFfn9bN_70Q,https://www.youtube.com/watch?v=--RKy8gpet4,2025-09-05 11:00:05,Música para la mañana ☀️Musica para trabajar activo y alegre☀️Música para levantar el animo 2025 #65,0.864,31,27.87096774193548387000,2025-09-15
075add9f95f1b768cc9d8bd03c29b79a,--RKy8gpet4,UClvfMTLKUOknQFfn9bN_70Q,https://www.youtube.com/watch?v=--RKy8gpet4,2025-09-05 11:00:05,Música para la mañana ☀️Musica para trabajar activo y alegre☀️Música para levantar el animo 2025 #65,0.313,29,10.79310344827586207000,2025-09-14
a54a5d13eded7fc9ee5b609b8386ae09,--RKy8gpet4,UClvfMTLKUOknQFfn9bN_70Q,https://www.youtube.com/watch?v=--RKy8gpet4,2025-09-05 11:00:05,Música para la mañana ☀️Musica para trabajar activo y alegre☀️Música para levantar el animo 2025 #65,1.412,27,52.29629629629629630000,2025-09-13
64998ea52f6d40442f27fe474dd452dc,--RKy8gpet4,UClvfMTLKUOknQFfn9bN_70Q,https://www.youtube.com/watch?v=--RKy8gpet4,2025-09-05 11:00:05,Música para la mañana ☀️Musica para trabajar activo y alegre☀️Música para levantar el animo 2025 #65,0.909,53,17.15094339622641509000,2025-09-12
6456e83a9e3c3b160e2a74c156b3345f,--RKy8gpet4,UClvfMTLKUOknQFfn9bN_70Q,https://www.youtube.com/watch?v=--RKy8gpet4,2025-09-05 11:00:05,Música para la mañana ☀️Musica para trabajar activo y alegre☀️Música para levantar el animo 2025 #65,1.151,71,16.21126760563380282000,2025-09-11
807d267d2b6f2207d0757b062b87ef64,--RKy8gpet4,UClvfMTLKUOknQFfn9bN_70Q,https://www.youtube.com/watch?v=--RKy8gpet4,2025-09-05 11:00:05,Música para la mañana ☀️Musica para trabajar activo y alegre☀️Música para levantar el animo 2025 #65,1.378,87,15.83908045977011494000,2025-09-10
d8f67ba3d968f59124f7048df5bfa044,--RKy8gpet4,UClvfMTLKUOknQFfn9bN_70Q,https://www.youtube.com/watch?v=--RKy8gpet4,2025-09-05 11:00:05,Música para la mañana ☀️Musica para trabajar activo y alegre☀️Música para levantar el animo 2025 #65,2.064,134,15.40298507462686567000,2025-09-09
679a3e78480db57f0574c3578fbcacdf,--RKy8gpet4,UClvfMTLKUOknQFfn9bN_70Q,https://www.youtube.com/watch?v=--RKy8gpet4,2025-09-05 11:00:05,Música para la mañana ☀️Musica para trabajar activo y alegre☀️Música para levantar el animo 2025 #65,2.451,152,16.12500000000000000000,2025-09-08
50c568da7df8d8fe9d11cb2032050b52,--RKy8gpet4,UClvfMTLKUOknQFfn9bN_70Q,https://www.youtube.com/watch?v=--RKy8gpet4,2025-09-05 11:00:05,Música para la mañana ☀️Musica para trabajar activo y alegre☀️Música para levantar el animo 2025 #65,1.901,127,14.96850393700787402000,2025-09-07
46f79fe015c9549cd4208c6fcdcae36a,--RKy8gpet4,UClvfMTLKUOknQFfn9bN_70Q,https://www.youtube.com/watch?v=--RKy8gpet4,2025-09-05 11:00:05,Música para la mañana ☀️Musica para trabajar activo y alegre☀️Música para levantar el animo 2025 #65,4.864,375,12.97066666666666667000,2025-09-06
bf009b69f037575914af18becbddaaa4,--RKy8gpet4,UClvfMTLKUOknQFfn9bN_70Q,https://www.youtube.com/watch?v=--RKy8gpet4,2025-09-05 11:00:05,Música para la mañana ☀️Musica para trabajar activo y alegre☀️Música para levantar el animo 2025 #65,2.988,499,5.98797595190380762000,2025-09-05
7724c22d54f4f6a0d7367a7cc70ee1f4,--RKy8gpet4,UClvfMTLKUOknQFfn9bN_70Q,https://www.youtube.com/watch?v=--RKy8gpet4,2025-09-05 11:00:05,Música para la mañana ☀️Musica para trabajar activo y alegre☀️Música para levantar el animo 2025 #65,1.202,3,400.66666666666666667000,2025-12-23
b1cb783a7f1715d192be8eab3e6786eb,--RKy8gpet4,UClvfMTLKUOknQFfn9bN_70Q,https://www.youtube.com/watch?v=--RKy8gpet4,2025-09-05 11:00:05,Música para la mañana ☀️Musica para trabajar activo y alegre☀️Música para levantar el animo 2025 #65,0,2,0.00000000000000000000,2025-12-24
a214b5b680ca5b6eb15a698c19959fef,--RKy8gpet4,UClvfMTLKUOknQFfn9bN_70Q,https://www.youtube.com/watch?v=--RKy8gpet4,2025-09-05 11:00:05,Música para la mañana ☀️Musica para trabajar activo y alegre☀️Música para levantar el animo 2025 #65,0.309,5,61.80000000000000000000,2025-12-27
236340a34c9d37996553088c91fd4a91,--RKy8gpet4,UClvfMTLKUOknQFfn9bN_70Q,https://www.youtube.com/watch?v=--RKy8gpet4,2025-09-05 11:00:05,Música para la mañana ☀️Musica para trabajar activo y alegre☀️Música para levantar el animo 2025 #65,0.205,5,41.00000000000000000000,2025-12-30
ce02c06827a51ef79d0b57de4f6d4f97,--RKy8gpet4,UClvfMTLKUOknQFfn9bN_70Q,https://www.youtube.com/watch?v=--RKy8gpet4,2025-09-05 11:00:05,Música para la mañana ☀️Musica para trabajar activo y alegre☀️Música para levantar el animo 2025 #65,0.02,1,20.00000000000000000000,2025-12-31
f4e58c4b84cbf0bd6ee0854ce8ab165d,--RKy8gpet4,UClvfMTLKUOknQFfn9bN_70Q,https://www.youtube.com/watch?v=--RKy8gpet4,2025-09-05 11:00:05,Música para la mañana ☀️Musica para trabajar activo y alegre☀️Música para levantar el animo 2025 #65,0.03,1,30.00000000000000000000,2026-01-01
ebc3f6b13bcbc537d85167eddee0c346,--RKy8gpet4,UClvfMTLKUOknQFfn9bN_70Q,https://www.youtube.com/watch?v=--RKy8gpet4,2025-09-05 11:00:05,Música para la mañana ☀️Musica para trabajar activo y alegre☀️Música para levantar el animo 2025 #65,0.06,3,20.00000000000000000000,2026-01-03
b593e67818c452978056e9b0270f956d,--RKy8gpet4,UClvfMTLKUOknQFfn9bN_70Q,https://www.youtube.com/watch?v=--RKy8gpet4,2025-09-05 11:00:05,Música para la mañana ☀️Musica para trabajar activo y alegre☀️Música para levantar el animo 2025 #65,0.012,3,4.00000000000000000000,2026-01-05
3e92d19da1c3aa7167b6d4be88c2e76b,--RKy8gpet4,UClvfMTLKUOknQFfn9bN_70Q,https://www.youtube.com/watch?v=--RKy8gpet4,2025-09-05 11:00:05,Música para la mañana ☀️Musica para trabajar activo y alegre☀️Música para levantar el animo 2025 #65,0.112,3,37.33333333333333333000,2026-01-06
7ecf768dd6b46b8fb87f6cea4425784a,--RKy8gpet4,UClvfMTLKUOknQFfn9bN_70Q,https://www.youtube.com/watch?v=--RKy8gpet4,2025-09-05 11:00:05,Música para la mañana ☀️Musica para trabajar activo y alegre☀️Música para levantar el animo 2025 #65,0.139,3,46.33333333333333333000,2026-01-07
c301a59de905078c7fb9ddfaf8451be6,--RKy8gpet4,UClvfMTLKUOknQFfn9bN_70Q,https://www.youtube.com/watch?v=--RKy8gpet4,2025-09-05 11:00:05,Música para la mañana ☀️Musica para trabajar activo y alegre☀️Música para levantar el animo 2025 #65,0.386,4,96.50000000000000000000,2026-01-08
845993b406f6cfcaf58c9fb24cbc8d0e,--RKy8gpet4,UClvfMTLKUOknQFfn9bN_70Q,https://www.youtube.com/watch?v=--RKy8gpet4,2025-09-05 11:00:05,Música para la mañana ☀️Musica para trabajar activo y alegre☀️Música para levantar el animo 2025 #65,0.004,1,4.00000000000000000000,2026-01-10
6c9a77f277397542fb1c1f00671beafd,--RKy8gpet4,UClvfMTLKUOknQFfn9bN_70Q,https://www.youtube.com/watch?v=--RKy8gpet4,2025-09-05 11:00:05,Música para la mañana ☀️Musica para trabajar activo y alegre☀️Música para levantar el animo 2025 #65,0.159,6,26.50000000000000000000,2026-01-11
a0c6ea3639e65f396c7ab56ded71ae15,--RKy8gpet4,UClvfMTLKUOknQFfn9bN_70Q,https://www.youtube.com/watch?v=--RKy8gpet4,2025-09-05 11:00:05,Música para la mañana ☀️Musica para trabajar activo y alegre☀️Música para levantar el animo 2025 #65,0.003,2,1.50000000000000000000,2026-01-12
681d164938aca4d6bc45cb718d4dc5b0,--RKy8gpet4,UClvfMTLKUOknQFfn9bN_70Q,https://www.youtube.com/watch?v=--RKy8gpet4,2025-09-05 11:00:05,Música para la mañana ☀️Musica para trabajar activo y alegre☀️Música para levantar el animo 2025 #65,0.036,1,36.00000000000000000000,2026-02-13
cd9db5af70e07afd1ed0d9e39ec28fa4,--RKy8gpet4,UClvfMTLKUOknQFfn9bN_70Q,https://www.youtube.com/watch?v=--RKy8gpet4,2025-09-05 11:00:05,Música para la mañana ☀️Musica para trabajar activo y alegre☀️Música para levantar el animo 2025 #65,0.081,1,81.00000000000000000000,2026-02-10
f7679fcf98dfebdd37831a4e996c2b0c,--RKy8gpet4,UClvfMTLKUOknQFfn9bN_70Q,https://www.youtube.com/watch?v=--RKy8gpet4,2025-09-05 11:00:05,Música para la mañana ☀️Musica para trabajar activo y alegre☀️Música para levantar el animo 2025 #65,0.043,2,21.50000000000000000000,2026-02-09
373c645fa7c6ac09e33268169f689c12,--RKy8gpet4,UClvfMTLKUOknQFfn9bN_70Q,https://www.youtube.com/watch?v=--RKy8gpet4,2025-09-05 11:00:05,Música para la mañana ☀️Musica para trabajar activo y alegre☀️Música para levantar el animo 2025 #65,0.06,1,60.00000000000000000000,2026-02-08
13cd62404fdf1e539cdc82c2e61a2970,--RKy8gpet4,UClvfMTLKUOknQFfn9bN_70Q,https://www.youtube.com/watch?v=--RKy8gpet4,2025-09-05 11:00:05,Música para la mañana ☀️Musica para trabajar activo y alegre☀️Música para levantar el animo 2025 #65,0.047,1,47.00000000000000000000,2026-02-06
0f2d0729ae34b5270ad5f15d3f094a3b,--RKy8gpet4,UClvfMTLKUOknQFfn9bN_70Q,https://www.youtube.com/watch?v=--RKy8gpet4,2025-09-05 11:00:05,Música para la mañana ☀️Musica para trabajar activo y alegre☀️Música para levantar el animo 2025 #65,0.023,1,23.00000000000000000000,2026-02-05
90ed8f31086c4bc721a189fa93c648a4,--RKy8gpet4,UClvfMTLKUOknQFfn9bN_70Q,https://www.youtube.com/watch?v=--RKy8gpet4,2025-09-05 11:00:05,Música para la mañana ☀️Musica para trabajar activo y alegre☀️Música para levantar el animo 2025 #65,0.037,1,37.00000000000000000000,2026-02-04
063e2394038cf4dd745ee90707a371df,--RKy8gpet4,UClvfMTLKUOknQFfn9bN_70Q,https://www.youtube.com/watch?v=--RKy8gpet4,2025-09-05 11:00:05,Música para la mañana ☀️Musica para trabajar activo y alegre☀️Música para levantar el animo 2025 #65,0.003,1,3.00000000000000000000,2026-02-03
d073cbbf46deedda2b1defa6a7358e1f,--RKy8gpet4,UClvfMTLKUOknQFfn9bN_70Q,https://www.youtube.com/watch?v=--RKy8gpet4,2025-09-05 11:00:05,Música para la mañana ☀️Musica para trabajar activo y alegre☀️Música para levantar el animo 2025 #65,0.098,1,98.00000000000000000000,2025-12-08
2c3264141d049a901472da295a2e468b,--RKy8gpet4,UClvfMTLKUOknQFfn9bN_70Q,https://www.youtube.com/watch?v=--RKy8gpet4,2025-09-05 11:00:05,Música para la mañana ☀️Musica para trabajar activo y alegre☀️Música para levantar el animo 2025 #65,0.009,1,9.00000000000000000000,2026-02-02
c58c2499282c9f20489e83d0f296117e,--RKy8gpet4,UClvfMTLKUOknQFfn9bN_70Q,https://www.youtube.com/watch?v=--RKy8gpet4,2025-09-05 11:00:05,Música para la mañana ☀️Musica para trabajar activo y alegre☀️Música para levantar el animo 2025 #65,0.019,1,19.00000000000000000000,2025-10-21
0c8ff73eb270426a4fda3109dd675c22,--RKy8gpet4,UClvfMTLKUOknQFfn9bN_70Q,https://www.youtube.com/watch?v=--RKy8gpet4,2025-09-05 11:00:05,Música para la mañana ☀️Musica para trabajar activo y alegre☀️Música para levantar el animo 2025 #65,0.154,7,22.00000000000000000000,2025-10-22
bb00ab3df594594d9951345382aada30,--RKy8gpet4,UClvfMTLKUOknQFfn9bN_70Q,https://www.youtube.com/watch?v=--RKy8gpet4,2025-09-05 11:00:05,Música para la mañana ☀️Musica para trabajar activo y alegre☀️Música para levantar el animo 2025 #65,0.111,2,55.50000000000000000000,2025-10-23
311d2895ee45507c80285011b410b26e,--RKy8gpet4,UClvfMTLKUOknQFfn9bN_70Q,https://www.youtube.com/watch?v=--RKy8gpet4,2025-09-05 11:00:05,Música para la mañana ☀️Musica para trabajar activo y alegre☀️Música para levantar el animo 2025 #65,0.065,5,13.00000000000000000000,2025-10-24
e93488051980f3f03056e2be56669060,--RKy8gpet4,UClvfMTLKUOknQFfn9bN_70Q,https://www.youtube.com/watch?v=--RKy8gpet4,2025-09-05 11:00:05,Música para la mañana ☀️Musica para trabajar activo y alegre☀️Música para levantar el animo 2025 #65,0.153,3,51.00000000000000000000,2025-10-25
8c28c34b30908b5a42b8aedfaaaba2b1,--RKy8gpet4,UClvfMTLKUOknQFfn9bN_70Q,https://www.youtube.com/watch?v=--RKy8gpet4,2025-09-05 11:00:05,Música para la mañana ☀️Musica para trabajar activo y alegre☀️Música para levantar el animo 2025 #65,0.152,4,38.00000000000000000000,2025-10-28
eb5fcb5361f6733315c057c2793ecb38,--RKy8gpet4,UClvfMTLKUOknQFfn9bN_70Q,https://www.youtube.com/watch?v=--RKy8gpet4,2025-09-05 11:00:05,Música para la mañana ☀️Musica para trabajar activo y alegre☀️Música para levantar el animo 2025 #65,0,1,0.00000000000000000000,2025-10-29
6a9d5914b81ced4df4e9160e6297e1a4,--RKy8gpet4,UClvfMTLKUOknQFfn9bN_70Q,https://www.youtube.com/watch?v=--RKy8gpet4,2025-09-05 11:00:05,Música para la mañana ☀️Musica para trabajar activo y alegre☀️Música para levantar el animo 2025 #65,0.162,4,40.50000000000000000000,2025-10-30
1045132049a3928285367b8784517ed6,--RKy8gpet4,UClvfMTLKUOknQFfn9bN_70Q,https://www.youtube.com/watch?v=--RKy8gpet4,2025-09-05 11:00:05,Música para la mañana ☀️Musica para trabajar activo y alegre☀️Música para levantar el animo 2025 #65,0.235,6,39.16666666666666667000,2025-10-31
0e00fd8b830154c73a18d586677f4e2c,--RKy8gpet4,UClvfMTLKUOknQFfn9bN_70Q,https://www.youtube.com/watch?v=--RKy8gpet4,2025-09-05 11:00:05,Música para la mañana ☀️Musica para trabajar activo y alegre☀️Música para levantar el animo 2025 #65,0.047,3,15.66666666666666667000,2025-11-01
faafd8da1fa35c09aa805c178268c1c5,--RKy8gpet4,UClvfMTLKUOknQFfn9bN_70Q,https://www.youtube.com/watch?v=--RKy8gpet4,2025-09-05 11:00:05,Música para la mañana ☀️Musica para trabajar activo y alegre☀️Música para levantar el animo 2025 #65,0.15,2,75.00000000000000000000,2025-11-02
009acf6484104e4cea8e2f2d51678eb9,--RKy8gpet4,UClvfMTLKUOknQFfn9bN_70Q,https://www.youtube.com/watch?v=--RKy8gpet4,2025-09-05 11:00:05,Música para la mañana ☀️Musica para trabajar activo y alegre☀️Música para levantar el animo 2025 #65,0.003,3,1.00000000000000000000,2025-11-03
7ef702b29eee38f2ba232ed6ce148f7f,--RKy8gpet4,UClvfMTLKUOknQFfn9bN_70Q,https://www.youtube.com/watch?v=--RKy8gpet4,2025-09-05 11:00:05,Música para la mañana ☀️Musica para trabajar activo y alegre☀️Música para levantar el animo 2025 #65,0.333,3,111.00000000000000000000,2025-11-04
bdb749ffbb560ba91b5c66fd2d481721,--RKy8gpet4,UClvfMTLKUOknQFfn9bN_70Q,https://www.youtube.com/watch?v=--RKy8gpet4,2025-09-05 11:00:05,Música para la mañana ☀️Musica para trabajar activo y alegre☀️Música para levantar el animo 2025 #65,0.01,4,2.50000000000000000000,2025-11-06
6dca229f9f6b9d3500bfe5228b7d0131,--RKy8gpet4,UClvfMTLKUOknQFfn9bN_70Q,https://www.youtube.com/watch?v=--RKy8gpet4,2025-09-05 11:00:05,Música para la mañana ☀️Musica para trabajar activo y alegre☀️Música para levantar el animo 2025 #65,0.516,6,86.00000000000000000000,2025-11-07
05445266696b28ba3c9dcfce674fa38a,--RKy8gpet4,UClvfMTLKUOknQFfn9bN_70Q,https://www.youtube.com/watch?v=--RKy8gpet4,2025-09-05 11:00:05,Música para la mañana ☀️Musica para trabajar activo y alegre☀️Música para levantar el animo 2025 #65,0.207,3,69.00000000000000000000,2025-11-08
a39ed328fdfc9aec745d70518daac31e,--RKy8gpet4,UClvfMTLKUOknQFfn9bN_70Q,https://www.youtube.com/watch?v=--RKy8gpet4,2025-09-05 11:00:05,Música para la mañana ☀️Musica para trabajar activo y alegre☀️Música para levantar el animo 2025 #65,0.001,1,1.00000000000000000000,2025-11-09
7d64306220e8607092e6a3dd22418085,--RKy8gpet4,UClvfMTLKUOknQFfn9bN_70Q,https://www.youtube.com/watch?v=--RKy8gpet4,2025-09-05 11:00:05,Música para la mañana ☀️Musica para trabajar activo y alegre☀️Música para levantar el animo 2025 #65,0.048,3,16.00000000000000000000,2025-11-11
0f120a66a482565f0207e586f9c0f489,--RKy8gpet4,UClvfMTLKUOknQFfn9bN_70Q,https://www.youtube.com/watch?v=--RKy8gpet4,2025-09-05 11:00:05,Música para la mañana ☀️Musica para trabajar activo y alegre☀️Música para levantar el animo 2025 #65,0.026,2,13.00000000000000000000,2025-11-12
5ecab66b9f0bf50f439b87203107dd52,--RKy8gpet4,UClvfMTLKUOknQFfn9bN_70Q,https://www.youtube.com/watch?v=--RKy8gpet4,2025-09-05 11:00:05,Música para la mañana ☀️Musica para trabajar activo y alegre☀️Música para levantar el animo 2025 #65,0.717,2,358.50000000000000000000,2026-01-13
59d4f170987e4a7f949e40607ec94dcc,--RKy8gpet4,UClvfMTLKUOknQFfn9bN_70Q,https://www.youtube.com/watch?v=--RKy8gpet4,2025-09-05 11:00:05,Música para la mañana ☀️Musica para trabajar activo y alegre☀️Música para levantar el animo 2025 #65,0.093,1,93.00000000000000000000,2026-01-14
cccaa5b5f6544d233f06962328d405b8,--RKy8gpet4,UClvfMTLKUOknQFfn9bN_70Q,https://www.youtube.com/watch?v=--RKy8gpet4,2025-09-05 11:00:05,Música para la mañana ☀️Musica para trabajar activo y alegre☀️Música para levantar el animo 2025 #65,0.624,2,312.00000000000000000000,2026-01-15
afd7a6e96a0b48f36423af54e6374516,--RKy8gpet4,UClvfMTLKUOknQFfn9bN_70Q,https://www.youtube.com/watch?v=--RKy8gpet4,2025-09-05 11:00:05,Música para la mañana ☀️Musica para trabajar activo y alegre☀️Música para levantar el animo 2025 #65,0.034,2,17.00000000000000000000,2026-01-16
b13abdc8fad0a77c53dbe9dbdb437207,--RKy8gpet4,UClvfMTLKUOknQFfn9bN_70Q,https://www.youtube.com/watch?v=--RKy8gpet4,2025-09-05 11:00:05,Música para la mañana ☀️Musica para trabajar activo y alegre☀️Música para levantar el animo 2025 #65,0.147,3,49.00000000000000000000,2026-01-17
575740f85f9d2980a106c1b8eca838ab,--YuExkeK_U,UCvgxPz4uNwQKT7Q60TDUVRg,https://www.youtube.com/watch?v=--YuExkeK_U,2026-03-11 22:54:33,"20 Best of Classical Music for Tranquility | Mozart, Beethoven, Chopin, Vivaldi",0.34,30,11.33333333333333333000,2026-03-16
aaaeb568887456fe56e7735896fd8b73,--YuExkeK_U,UCvgxPz4uNwQKT7Q60TDUVRg,https://www.youtube.com/watch?v=--YuExkeK_U,2026-03-11 22:54:33,"20 Best of Classical Music for Tranquility | Mozart, Beethoven, Chopin, Vivaldi",0.391,26,15.03846153846153846000,2026-03-17
f74a9a07f41ce13ca5b62705666923ac,--YuExkeK_U,UCvgxPz4uNwQKT7Q60TDUVRg,https://www.youtube.com/watch?v=--YuExkeK_U,2026-03-11 22:54:33,"20 Best of Classical Music for Tranquility | Mozart, Beethoven, Chopin, Vivaldi",0.006,0,0,2026-05-04
b1c43f357354988575055ce536a0afc4,--YuExkeK_U,UCvgxPz4uNwQKT7Q60TDUVRg,https://www.youtube.com/watch?v=--YuExkeK_U,2026-03-11 22:54:33,"20 Best of Classical Music for Tranquility | Mozart, Beethoven, Chopin, Vivaldi",0.009,3,3.00000000000000000000,2026-05-07
e4f8bf9d29e4604f91a5ca4473ac32ce,--YuExkeK_U,UCvgxPz4uNwQKT7Q60TDUVRg,https://www.youtube.com/watch?v=--YuExkeK_U,2026-03-11 22:54:33,"20 Best of Classical Music for Tranquility | Mozart, Beethoven, Chopin, Vivaldi",0.158,2,79.00000000000000000000,2026-05-24
5cd08c63c248108cf8397a5188b3d401,--YuExkeK_U,UCvgxPz4uNwQKT7Q60TDUVRg,https://www.youtube.com/watch?v=--YuExkeK_U,2026-03-11 22:54:33,"20 Best of Classical Music for Tranquility | Mozart, Beethoven, Chopin, Vivaldi",0.008,3,2.66666666666666667000,2026-04-14
546192bf8ecf137ba46d9f26e9ab2bd5,--YuExkeK_U,UCvgxPz4uNwQKT7Q60TDUVRg,https://www.youtube.com/watch?v=--YuExkeK_U,2026-03-11 22:54:33,"20 Best of Classical Music for Tranquility | Mozart, Beethoven, Chopin, Vivaldi",0,1,0.00000000000000000000,2026-04-08
29eb6da8fcb94d346350d6494f2a275a,--YuExkeK_U,UCvgxPz4uNwQKT7Q60TDUVRg,https://www.youtube.com/watch?v=--YuExkeK_U,2026-03-11 22:54:33,"20 Best of Classical Music for Tranquility | Mozart, Beethoven, Chopin, Vivaldi",0.001,2,0.50000000000000000000,2026-04-07
097af9e630dbcc4a98dd94ad563c499b,--YuExkeK_U,UCvgxPz4uNwQKT7Q60TDUVRg,https://www.youtube.com/watch?v=--YuExkeK_U,2026-03-11 22:54:33,"20 Best of Classical Music for Tranquility | Mozart, Beethoven, Chopin, Vivaldi",0,1,0.00000000000000000000,2026-04-05
f44985dc9b3a9f8dac08d626d42954d8,--YuExkeK_U,UCvgxPz4uNwQKT7Q60TDUVRg,https://www.youtube.com/watch?v=--YuExkeK_U,2026-03-11 22:54:33,"20 Best of Classical Music for Tranquility | Mozart, Beethoven, Chopin, Vivaldi",0,1,0.00000000000000000000,2026-04-03
fe23134733926447fcb341e2152c738a,--YuExkeK_U,UCvgxPz4uNwQKT7Q60TDUVRg,https://www.youtube.com/watch?v=--YuExkeK_U,2026-03-11 22:54:33,"20 Best of Classical Music for Tranquility | Mozart, Beethoven, Chopin, Vivaldi",0,1,0.00000000000000000000,2026-04-02
2c8aa1eede0f27832cb88c9e157c16a2,--YuExkeK_U,UCvgxPz4uNwQKT7Q60TDUVRg,https://www.youtube.com/watch?v=--YuExkeK_U,2026-03-11 22:54:33,"20 Best of Classical Music for Tranquility | Mozart, Beethoven, Chopin, Vivaldi",0,1,0.00000000000000000000,2026-06-22
8c874b596145237434d5a2a65e74047c,--YuExkeK_U,UCvgxPz4uNwQKT7Q60TDUVRg,https://www.youtube.com/watch?v=--YuExkeK_U,2026-03-11 22:54:33,"20 Best of Classical Music for Tranquility | Mozart, Beethoven, Chopin, Vivaldi",0.002,1,2.00000000000000000000,2026-06-11
f873c425b63c62bda6e60f4e24c239bf,--YuExkeK_U,UCvgxPz4uNwQKT7Q60TDUVRg,https://www.youtube.com/watch?v=--YuExkeK_U,2026-03-11 22:54:33,"20 Best of Classical Music for Tranquility | Mozart, Beethoven, Chopin, Vivaldi",0,2,0.00000000000000000000,2026-05-31
68b541c0b8bbf22df3e2e3bf320f1336,--YuExkeK_U,UCvgxPz4uNwQKT7Q60TDUVRg,https://www.youtube.com/watch?v=--YuExkeK_U,2026-03-11 22:54:33,"20 Best of Classical Music for Tranquility | Mozart, Beethoven, Chopin, Vivaldi",0.226,28,8.07142857142857143000,2026-03-18
5266405599aa84b12715c01292f1e7b1,--YuExkeK_U,UCvgxPz4uNwQKT7Q60TDUVRg,https://www.youtube.com/watch?v=--YuExkeK_U,2026-03-11 22:54:33,"20 Best of Classical Music for Tranquility | Mozart, Beethoven, Chopin, Vivaldi",0.091,12,7.58333333333333333000,2026-03-19
c61404bc77ee6453c1f1878988623289,--YuExkeK_U,UCvgxPz4uNwQKT7Q60TDUVRg,https://www.youtube.com/watch?v=--YuExkeK_U,2026-03-11 22:54:33,"20 Best of Classical Music for Tranquility | Mozart, Beethoven, Chopin, Vivaldi",0.037,9,4.11111111111111111000,2026-03-20
3e8888d1b5fcdf6eb4acfbff6537c195,--YuExkeK_U,UCvgxPz4uNwQKT7Q60TDUVRg,https://www.youtube.com/watch?v=--YuExkeK_U,2026-03-11 22:54:33,"20 Best of Classical Music for Tranquility | Mozart, Beethoven, Chopin, Vivaldi",0.497,3,165.66666666666666667000,2026-03-21
1d969b57665c1b2353d3dd79f2f52898,--YuExkeK_U,UCvgxPz4uNwQKT7Q60TDUVRg,https://www.youtube.com/watch?v=--YuExkeK_U,2026-03-11 22:54:33,"20 Best of Classical Music for Tranquility | Mozart, Beethoven, Chopin, Vivaldi",0.615,11,55.90909090909090909000,2026-03-22
3e76eb446992fba3db81b16c547ca174,--YuExkeK_U,UCvgxPz4uNwQKT7Q60TDUVRg,https://www.youtube.com/watch?v=--YuExkeK_U,2026-03-11 22:54:33,"20 Best of Classical Music for Tranquility | Mozart, Beethoven, Chopin, Vivaldi",0.165,7,23.57142857142857143000,2026-03-23
163e5b3e9925e3bda7cc33435dcf524a,--YuExkeK_U,UCvgxPz4uNwQKT7Q60TDUVRg,https://www.youtube.com/watch?v=--YuExkeK_U,2026-03-11 22:54:33,"20 Best of Classical Music for Tranquility | Mozart, Beethoven, Chopin, Vivaldi",0.023,6,3.83333333333333333000,2026-03-24
650256856e1dc481c1b3a823e2ca68a0,--YuExkeK_U,UCvgxPz4uNwQKT7Q60TDUVRg,https://www.youtube.com/watch?v=--YuExkeK_U,2026-03-11 22:54:33,"20 Best of Classical Music for Tranquility | Mozart, Beethoven, Chopin, Vivaldi",0.057,1,57.00000000000000000000,2026-03-25
82b5c4f19465bca9c2fd73c5f3835826,--YuExkeK_U,UCvgxPz4uNwQKT7Q60TDUVRg,https://www.youtube.com/watch?v=--YuExkeK_U,2026-03-11 22:54:33,"20 Best of Classical Music for Tranquility | Mozart, Beethoven, Chopin, Vivaldi",0.106,2,53.00000000000000000000,2026-03-26
612942b58b56ce59b2172c1c4345aa36,--YuExkeK_U,UCvgxPz4uNwQKT7Q60TDUVRg,https://www.youtube.com/watch?v=--YuExkeK_U,2026-03-11 22:54:33,"20 Best of Classical Music for Tranquility | Mozart, Beethoven, Chopin, Vivaldi",0,1,0.00000000000000000000,2026-03-28
02f2e6a64c8f590b355b56f706c80a5c,--YuExkeK_U,UCvgxPz4uNwQKT7Q60TDUVRg,https://www.youtube.com/watch?v=--YuExkeK_U,2026-03-11 22:54:33,"20 Best of Classical Music for Tranquility | Mozart, Beethoven, Chopin, Vivaldi",0,1,0.00000000000000000000,2026-03-30
a1a1d3e3fbc60f3294b59db922e9d306,--YuExkeK_U,UCvgxPz4uNwQKT7Q60TDUVRg,https://www.youtube.com/watch?v=--YuExkeK_U,2026-03-11 22:54:33,"20 Best of Classical Music for Tranquility | Mozart, Beethoven, Chopin, Vivaldi",0.005,2,2.50000000000000000000,2026-03-31
6b02278171708f3d8e7aecbbe9e1274e,--YuExkeK_U,UCvgxPz4uNwQKT7Q60TDUVRg,https://www.youtube.com/watch?v=--YuExkeK_U,2026-03-11 22:54:33,"20 Best of Classical Music for Tranquility | Mozart, Beethoven, Chopin, Vivaldi",0.017,2,8.50000000000000000000,2026-04-01
c76c3d17c74803e548f014da47234a77,--YuExkeK_U,UCvgxPz4uNwQKT7Q60TDUVRg,https://www.youtube.com/watch?v=--YuExkeK_U,2026-03-11 22:54:33,"20 Best of Classical Music for Tranquility | Mozart, Beethoven, Chopin, Vivaldi",0,1,0.00000000000000000000,2026-07-28
98b2c003c92b38e3ff65d20bc57f1509,--YuExkeK_U,UCvgxPz4uNwQKT7Q60TDUVRg,https://www.youtube.com/watch?v=--YuExkeK_U,2026-03-11 22:54:33,"20 Best of Classical Music for Tranquility | Mozart, Beethoven, Chopin, Vivaldi",0.009,1,9.00000000000000000000,2026-04-22
70d2d7e99ec0a3d81988183dc04a5bb0,--YuExkeK_U,UCvgxPz4uNwQKT7Q60TDUVRg,https://www.youtube.com/watch?v=--YuExkeK_U,2026-03-11 22:54:33,"20 Best of Classical Music for Tranquility | Mozart, Beethoven, Chopin, Vivaldi",0.035,0,0,2026-07-22
85add2d9b44041f5a8b08a9fa6026ea6,--YuExkeK_U,UCvgxPz4uNwQKT7Q60TDUVRg,https://www.youtube.com/watch?v=--YuExkeK_U,2026-03-11 22:54:33,"20 Best of Classical Music for Tranquility | Mozart, Beethoven, Chopin, Vivaldi",0.12,4,30.00000000000000000000,2026-07-21
f49c6703a8a4a67da28ff07f22c88e66,--YuExkeK_U,UCvgxPz4uNwQKT7Q60TDUVRg,https://www.youtube.com/watch?v=--YuExkeK_U,2026-03-11 22:54:33,"20 Best of Classical Music for Tranquility | Mozart, Beethoven, Chopin, Vivaldi",0.021,4,5.25000000000000000000,2026-04-23
8ab03543698a4475abcb05153be36a29,--YuExkeK_U,UCvgxPz4uNwQKT7Q60TDUVRg,https://www.youtube.com/watch?v=--YuExkeK_U,2026-03-11 22:54:33,"20 Best of Classical Music for Tranquility | Mozart, Beethoven, Chopin, Vivaldi",0.001,2,0.50000000000000000000,2026-04-24
7ca3424baa006b14360f3b5690bda671,--YuExkeK_U,UCvgxPz4uNwQKT7Q60TDUVRg,https://www.youtube.com/watch?v=--YuExkeK_U,2026-03-11 22:54:33,"20 Best of Classical Music for Tranquility | Mozart, Beethoven, Chopin, Vivaldi",0,1,0.00000000000000000000,2026-04-27
85a22db16cac1ee8f9c0850dfd99491f,--YuExkeK_U,UCvgxPz4uNwQKT7Q60TDUVRg,https://www.youtube.com/watch?v=--YuExkeK_U,2026-03-11 22:54:33,"20 Best of Classical Music for Tranquility | Mozart, Beethoven, Chopin, Vivaldi",0,1,0.00000000000000000000,2026-04-17
f2cf83fbd0562f8178f323119f2c4d1f,--YuExkeK_U,UCvgxPz4uNwQKT7Q60TDUVRg,https://www.youtube.com/watch?v=--YuExkeK_U,2026-03-11 22:54:33,"20 Best of Classical Music for Tranquility | Mozart, Beethoven, Chopin, Vivaldi",0.039,1,39.00000000000000000000,2026-04-19
0d58a2e5c7024feb8f4e9490e4b9bc12,--YuExkeK_U,UCvgxPz4uNwQKT7Q60TDUVRg,https://www.youtube.com/watch?v=--YuExkeK_U,2026-03-11 22:54:33,"20 Best of Classical Music for Tranquility | Mozart, Beethoven, Chopin, Vivaldi",0.006,1,6.00000000000000000000,2026-04-20
dcad6c83a663c336f6351cd91c81de9c,--YuExkeK_U,UCvgxPz4uNwQKT7Q60TDUVRg,https://www.youtube.com/watch?v=--YuExkeK_U,2026-03-11 22:54:33,"20 Best of Classical Music for Tranquility | Mozart, Beethoven, Chopin, Vivaldi",0.005,2,2.50000000000000000000,2026-04-21
8352363016f80316ade6d62103b6117e,--YuExkeK_U,UCvgxPz4uNwQKT7Q60TDUVRg,https://www.youtube.com/watch?v=--YuExkeK_U,2026-03-11 22:54:33,"20 Best of Classical Music for Tranquility | Mozart, Beethoven, Chopin, Vivaldi",3.222,773,4.16817593790426908000,2026-03-11
ba38997237046565d5ef5b155fee6b51,--YuExkeK_U,UCvgxPz4uNwQKT7Q60TDUVRg,https://www.youtube.com/watch?v=--YuExkeK_U,2026-03-11 22:54:33,"20 Best of Classical Music for Tranquility | Mozart, Beethoven, Chopin, Vivaldi",2.889,380,7.60263157894736842000,2026-03-12
d6756b557eea9cd97b6628796c0316d7,--YuExkeK_U,UCvgxPz4uNwQKT7Q60TDUVRg,https://www.youtube.com/watch?v=--YuExkeK_U,2026-03-11 22:54:33,"20 Best of Classical Music for Tranquility | Mozart, Beethoven, Chopin, Vivaldi",0.868,106,8.18867924528301887000,2026-03-13
2810c97d8bb0e3fe81de8b11b8e11ae5,--YuExkeK_U,UCvgxPz4uNwQKT7Q60TDUVRg,https://www.youtube.com/watch?v=--YuExkeK_U,2026-03-11 22:54:33,"20 Best of Classical Music for Tranquility | Mozart, Beethoven, Chopin, Vivaldi",0.455,46,9.89130434782608696000,2026-03-14
7a6a5006ad4d71cd4fdb4b57db83baac,--YuExkeK_U,UCvgxPz4uNwQKT7Q60TDUVRg,https://www.youtube.com/watch?v=--YuExkeK_U,2026-03-11 22:54:33,"20 Best of Classical Music for Tranquility | Mozart, Beethoven, Chopin, Vivaldi",2.464,151,16.31788079470198675000,2026-03-15
b3ebf5c3e8ab8b75b9ca5828bc17412f,--__SHP9v_Q,UC6HxBNX8pG5dQAGkziRFSZw,https://www.youtube.com/watch?v=--__SHP9v_Q,2026-06-12 02:05:39,"528Hz + 432Hz + 741Hz + 963Hz | The Deepest Healing: DNA Repair, Heal Damage In The Body and Spirit",0,1,0.00000000000000000000,2026-06-12
12cc5af4a047f00cc647431d4c5995c6,--__SHP9v_Q,UC6HxBNX8pG5dQAGkziRFSZw,https://www.youtube.com/watch?v=--__SHP9v_Q,2026-06-12 02:05:39,"528Hz + 432Hz + 741Hz + 963Hz | The Deepest Healing: DNA Repair, Heal Damage In The Body and Spirit",0,1,0.00000000000000000000,2026-06-16
8c808437e29c294aa9f18e262ccb449d,--__SHP9v_Q,UC6HxBNX8pG5dQAGkziRFSZw,https://www.youtube.com/watch?v=--__SHP9v_Q,2026-06-12 02:05:39,"528Hz + 432Hz + 741Hz + 963Hz | The Deepest Healing: DNA Repair, Heal Damage In The Body and Spirit",0,2,0.00000000000000000000,2026-06-11
b4564c9262ab0f019cd72a5775c69c45,--ac7eJ2qZw,UCAuDWYB-c5m7vPtcRaXMbOw,https://www.youtube.com/watch?v=--ac7eJ2qZw,2025-12-14 05:00:06,Deep Mixtape. - The Best Top Deep House 2026 #6,0,1,0.00000000000000000000,2026-01-04
c528cbaf8d3ec5faf498253241f10342,--ac7eJ2qZw,UCAuDWYB-c5m7vPtcRaXMbOw,https://www.youtube.com/watch?v=--ac7eJ2qZw,2025-12-14 05:00:06,Deep Mixtape. - The Best Top Deep House 2026 #6,0.001,3,0.33333333333333333000,2026-01-06
56b2a0a7c3a9e03c8a722076af20f55c,--ac7eJ2qZw,UCAuDWYB-c5m7vPtcRaXMbOw,https://www.youtube.com/watch?v=--ac7eJ2qZw,2025-12-14 05:00:06,Deep Mixtape. - The Best Top Deep House 2026 #6,0,2,0.00000000000000000000,2026-01-07
4a45121572e6a0498b70e1b910fe4287,--ac7eJ2qZw,UCAuDWYB-c5m7vPtcRaXMbOw,https://www.youtube.com/watch?v=--ac7eJ2qZw,2025-12-14 05:00:06,Deep Mixtape. - The Best Top Deep House 2026 #6,0,6,0.00000000000000000000,2026-01-08
3c0439680761f593a64bab00f9ae3920,--ac7eJ2qZw,UCAuDWYB-c5m7vPtcRaXMbOw,https://www.youtube.com/watch?v=--ac7eJ2qZw,2025-12-14 05:00:06,Deep Mixtape. - The Best Top Deep House 2026 #6,0,1,0.00000000000000000000,2026-01-09
b0fbe7791ac99b9c978ade1f1b7bb973,--ac7eJ2qZw,UCAuDWYB-c5m7vPtcRaXMbOw,https://www.youtube.com/watch?v=--ac7eJ2qZw,2025-12-14 05:00:06,Deep Mixtape. - The Best Top Deep House 2026 #6,0,1,0.00000000000000000000,2026-01-10
149dca9c8b8aceb8b4f08c44b77addd1,--ac7eJ2qZw,UCAuDWYB-c5m7vPtcRaXMbOw,https://www.youtube.com/watch?v=--ac7eJ2qZw,2025-12-14 05:00:06,Deep Mixtape. - The Best Top Deep House 2026 #6,0,1,0.00000000000000000000,2026-01-11
96a0ae8afc278f242ae5222ecc3dc6b7,--ac7eJ2qZw,UCAuDWYB-c5m7vPtcRaXMbOw,https://www.youtube.com/watch?v=--ac7eJ2qZw,2025-12-14 05:00:06,Deep Mixtape. - The Best Top Deep House 2026 #6,0.007,4,1.75000000000000000000,2026-01-12
2c4496279614efe236eef48316a6d37f,--ac7eJ2qZw,UCAuDWYB-c5m7vPtcRaXMbOw,https://www.youtube.com/watch?v=--ac7eJ2qZw,2025-12-14 05:00:06,Deep Mixtape. - The Best Top Deep House 2026 #6,0,1,0.00000000000000000000,2026-01-13
e3fd5d56250275f82d0ee3e7a960fe55,--ac7eJ2qZw,UCAuDWYB-c5m7vPtcRaXMbOw,https://www.youtube.com/watch?v=--ac7eJ2qZw,2025-12-14 05:00:06,Deep Mixtape. - The Best Top Deep House 2026 #6,0.019,3,6.33333333333333333000,2026-01-14
e065e3ea53747fffdf91b765c4edc615,--ac7eJ2qZw,UCAuDWYB-c5m7vPtcRaXMbOw,https://www.youtube.com/watch?v=--ac7eJ2qZw,2025-12-14 05:00:06,Deep Mixtape. - The Best Top Deep House 2026 #6,0.002,2,1.00000000000000000000,2026-01-15
3e34e2d2f9b4afb0f82d8c860acfdc15,--ac7eJ2qZw,UCAuDWYB-c5m7vPtcRaXMbOw,https://www.youtube.com/watch?v=--ac7eJ2qZw,2025-12-14 05:00:06,Deep Mixtape. - The Best Top Deep House 2026 #6,0.014,3,4.66666666666666667000,2026-01-16
fd0be259d159e443884abbdb5bc261a1,--ac7eJ2qZw,UCAuDWYB-c5m7vPtcRaXMbOw,https://www.youtube.com/watch?v=--ac7eJ2qZw,2025-12-14 05:00:06,Deep Mixtape. - The Best Top Deep House 2026 #6,0.007,2,3.50000000000000000000,2026-01-17
41f9bf31763be49786f7bb24f9e6cde6,--ac7eJ2qZw,UCAuDWYB-c5m7vPtcRaXMbOw,https://www.youtube.com/watch?v=--ac7eJ2qZw,2025-12-14 05:00:06,Deep Mixtape. - The Best Top Deep House 2026 #6,0,2,0.00000000000000000000,2026-01-19
52d7797ad2addc904735f8e08f19235d,--ac7eJ2qZw,UCAuDWYB-c5m7vPtcRaXMbOw,https://www.youtube.com/watch?v=--ac7eJ2qZw,2025-12-14 05:00:06,Deep Mixtape. - The Best Top Deep House 2026 #6,0.007,1,7.00000000000000000000,2026-01-21
7c89739b4d087ad2698949b958c7f945,--ac7eJ2qZw,UCAuDWYB-c5m7vPtcRaXMbOw,https://www.youtube.com/watch?v=--ac7eJ2qZw,2025-12-14 05:00:06,Deep Mixtape. - The Best Top Deep House 2026 #6,0,2,0.00000000000000000000,2026-01-22
75ee95830f265bd98d8e6bcff4706de6,--ac7eJ2qZw,UCAuDWYB-c5m7vPtcRaXMbOw,https://www.youtube.com/watch?v=--ac7eJ2qZw,2025-12-14 05:00:06,Deep Mixtape. - The Best Top Deep House 2026 #6,0,1,0.00000000000000000000,2026-01-25
ec9c7134408449f674a36ac904f8c0ef,--ac7eJ2qZw,UCAuDWYB-c5m7vPtcRaXMbOw,https://www.youtube.com/watch?v=--ac7eJ2qZw,2025-12-14 05:00:06,Deep Mixtape. - The Best Top Deep House 2026 #6,0,1,0.00000000000000000000,2026-01-26
d24a1069ca9bbf741ab481b8a49d9c58,--ac7eJ2qZw,UCAuDWYB-c5m7vPtcRaXMbOw,https://www.youtube.com/watch?v=--ac7eJ2qZw,2025-12-14 05:00:06,Deep Mixtape. - The Best Top Deep House 2026 #6,0.004,1,4.00000000000000000000,2026-01-29
56e67086f3d3092fd4acb2415fbf0f19,--ac7eJ2qZw,UCAuDWYB-c5m7vPtcRaXMbOw,https://www.youtube.com/watch?v=--ac7eJ2qZw,2025-12-14 05:00:06,Deep Mixtape. - The Best Top Deep House 2026 #6,0,1,0.00000000000000000000,2026-02-05
32f605f440a83f66ccd6a941ecf973c6,--ac7eJ2qZw,UCAuDWYB-c5m7vPtcRaXMbOw,https://www.youtube.com/watch?v=--ac7eJ2qZw,2025-12-14 05:00:06,Deep Mixtape. - The Best Top Deep House 2026 #6,0,1,0.00000000000000000000,2026-02-06
76b09c7e2498da8fb9ae7b5349bd1180,--ac7eJ2qZw,UCAuDWYB-c5m7vPtcRaXMbOw,https://www.youtube.com/watch?v=--ac7eJ2qZw,2025-12-14 05:00:06,Deep Mixtape. - The Best Top Deep House 2026 #6,0.002,1,2.00000000000000000000,2026-02-09
7e78829dbebd4e9e462659c8b8eca900,--ac7eJ2qZw,UCAuDWYB-c5m7vPtcRaXMbOw,https://www.youtube.com/watch?v=--ac7eJ2qZw,2025-12-14 05:00:06,Deep Mixtape. - The Best Top Deep House 2026 #6,0.009,2,4.50000000000000000000,2026-02-11
a7aa5bbb4608d0cd26288875210642ec,--ac7eJ2qZw,UCAuDWYB-c5m7vPtcRaXMbOw,https://www.youtube.com/watch?v=--ac7eJ2qZw,2025-12-14 05:00:06,Deep Mixtape. - The Best Top Deep House 2026 #6,0.012,2,6.00000000000000000000,2026-02-12
06c0db04ebd04e8177c0c621298840fd,--ac7eJ2qZw,UCAuDWYB-c5m7vPtcRaXMbOw,https://www.youtube.com/watch?v=--ac7eJ2qZw,2025-12-14 05:00:06,Deep Mixtape. - The Best Top Deep House 2026 #6,0.003,1,3.00000000000000000000,2026-02-17
55aa7db71817bd0456a6c141a08a2540,--ac7eJ2qZw,UCAuDWYB-c5m7vPtcRaXMbOw,https://www.youtube.com/watch?v=--ac7eJ2qZw,2025-12-14 05:00:06,Deep Mixtape. - The Best Top Deep House 2026 #6,0.016,1,16.00000000000000000000,2026-02-18
d49dd0ff4830b48e9f9c75abe60e96bb,--ac7eJ2qZw,UCAuDWYB-c5m7vPtcRaXMbOw,https://www.youtube.com/watch?v=--ac7eJ2qZw,2025-12-14 05:00:06,Deep Mixtape. - The Best Top Deep House 2026 #6,0.008,2,4.00000000000000000000,2026-02-19
d53bf0f2421cd9dabe1c03341ae38089,--ac7eJ2qZw,UCAuDWYB-c5m7vPtcRaXMbOw,https://www.youtube.com/watch?v=--ac7eJ2qZw,2025-12-14 05:00:06,Deep Mixtape. - The Best Top Deep House 2026 #6,0,1,0.00000000000000000000,2026-03-04
9d59b830ac8e94f03db532713f838def,--ac7eJ2qZw,UCAuDWYB-c5m7vPtcRaXMbOw,https://www.youtube.com/watch?v=--ac7eJ2qZw,2025-12-14 05:00:06,Deep Mixtape. - The Best Top Deep House 2026 #6,0.007,1,7.00000000000000000000,2026-03-27
b81dc75130394a1fd1eec884bdbcc14c,--ac7eJ2qZw,UCAuDWYB-c5m7vPtcRaXMbOw,https://www.youtube.com/watch?v=--ac7eJ2qZw,2025-12-14 05:00:06,Deep Mixtape. - The Best Top Deep House 2026 #6,0.001,8,0.12500000000000000000,2025-12-31
93625238f318b84ddd2b38ea78d6aea8,--ac7eJ2qZw,UCAuDWYB-c5m7vPtcRaXMbOw,https://www.youtube.com/watch?v=--ac7eJ2qZw,2025-12-14 05:00:06,Deep Mixtape. - The Best Top Deep House 2026 #6,0.012,6,2.00000000000000000000,2025-12-30
8e3a4ca8efa05179d3760344fca13d65,--ac7eJ2qZw,UCAuDWYB-c5m7vPtcRaXMbOw,https://www.youtube.com/watch?v=--ac7eJ2qZw,2025-12-14 05:00:06,Deep Mixtape. - The Best Top Deep House 2026 #6,0.001,0,0,2025-12-29
e27b01f218253aced12a6678d08d0b6b,--ac7eJ2qZw,UCAuDWYB-c5m7vPtcRaXMbOw,https://www.youtube.com/watch?v=--ac7eJ2qZw,2025-12-14 05:00:06,Deep Mixtape. - The Best Top Deep House 2026 #6,0,3,0.00000000000000000000,2025-12-28
5aabbff9b23a6a9d64f01721dba19ae3,--ac7eJ2qZw,UCAuDWYB-c5m7vPtcRaXMbOw,https://www.youtube.com/watch?v=--ac7eJ2qZw,2025-12-14 05:00:06,Deep Mixtape. - The Best Top Deep House 2026 #6,0.054,11,4.90909090909090909000,2025-12-27
6e3555780b84bd98d631f40814d3d5e2,--ac7eJ2qZw,UCAuDWYB-c5m7vPtcRaXMbOw,https://www.youtube.com/watch?v=--ac7eJ2qZw,2025-12-14 05:00:06,Deep Mixtape. - The Best Top Deep House 2026 #6,0,2,0.00000000000000000000,2025-12-26
a42ba714d927deba50267ab519313aa9,--ac7eJ2qZw,UCAuDWYB-c5m7vPtcRaXMbOw,https://www.youtube.com/watch?v=--ac7eJ2qZw,2025-12-14 05:00:06,Deep Mixtape. - The Best Top Deep House 2026 #6,0.007,6,1.16666666666666667000,2025-12-25
35be646776ac81de5d68acaee2e4df43,--ac7eJ2qZw,UCAuDWYB-c5m7vPtcRaXMbOw,https://www.youtube.com/watch?v=--ac7eJ2qZw,2025-12-14 05:00:06,Deep Mixtape. - The Best Top Deep House 2026 #6,0.014,6,2.33333333333333333000,2025-12-24
81c0dc9f580c4b025ce93e913756fb24,--ac7eJ2qZw,UCAuDWYB-c5m7vPtcRaXMbOw,https://www.youtube.com/watch?v=--ac7eJ2qZw,2025-12-14 05:00:06,Deep Mixtape. - The Best Top Deep House 2026 #6,0.002,6,0.33333333333333333000,2025-12-22
f4117b23117fa395bf0e1a7abf41a7dc,--ac7eJ2qZw,UCAuDWYB-c5m7vPtcRaXMbOw,https://www.youtube.com/watch?v=--ac7eJ2qZw,2025-12-14 05:00:06,Deep Mixtape. - The Best Top Deep House 2026 #6,0.144,10,14.40000000000000000000,2025-12-21
5407c799b507ed34167726a9729e6827,--ac7eJ2qZw,UCAuDWYB-c5m7vPtcRaXMbOw,https://www.youtube.com/watch?v=--ac7eJ2qZw,2025-12-14 05:00:06,Deep Mixtape. - The Best Top Deep House 2026 #6,0.034,7,4.85714285714285714000,2025-12-20
2dbe8bc894599ae05ab6d836ea1516cf,--ac7eJ2qZw,UCAuDWYB-c5m7vPtcRaXMbOw,https://www.youtube.com/watch?v=--ac7eJ2qZw,2025-12-14 05:00:06,Deep Mixtape. - The Best Top Deep House 2026 #6,0.074,14,5.28571428571428571000,2025-12-19
60539f922de2da4c36922af1ee4c47b1,--ac7eJ2qZw,UCAuDWYB-c5m7vPtcRaXMbOw,https://www.youtube.com/watch?v=--ac7eJ2qZw,2025-12-14 05:00:06,Deep Mixtape. - The Best Top Deep House 2026 #6,0.191,15,12.73333333333333333000,2025-12-18
919fd18e72336cf192cda9551484b815,--ac7eJ2qZw,UCAuDWYB-c5m7vPtcRaXMbOw,https://www.youtube.com/watch?v=--ac7eJ2qZw,2025-12-14 05:00:06,Deep Mixtape. - The Best Top Deep House 2026 #6,0.087,17,5.11764705882352941000,2025-12-17
c2babef1e76648a3408da2b93f1ee2e1,--ac7eJ2qZw,UCAuDWYB-c5m7vPtcRaXMbOw,https://www.youtube.com/watch?v=--ac7eJ2qZw,2025-12-14 05:00:06,Deep Mixtape. - The Best Top Deep House 2026 #6,0.518,78,6.64102564102564103000,2025-12-16
29647a30858472c5719cebbeddcf7a9e,--ac7eJ2qZw,UCAuDWYB-c5m7vPtcRaXMbOw,https://www.youtube.com/watch?v=--ac7eJ2qZw,2025-12-14 05:00:06,Deep Mixtape. - The Best Top Deep House 2026 #6,0.757,162,4.67283950617283951000,2025-12-15
d6eb923b9fc41534eef9a51bcbd9999c,--ac7eJ2qZw,UCAuDWYB-c5m7vPtcRaXMbOw,https://www.youtube.com/watch?v=--ac7eJ2qZw,2025-12-14 05:00:06,Deep Mixtape. - The Best Top Deep House 2026 #6,0.006,0,0,2026-05-20
b0c3ef951d070f2c4ce338bdfa0d3364,--ac7eJ2qZw,UCAuDWYB-c5m7vPtcRaXMbOw,https://www.youtube.com/watch?v=--ac7eJ2qZw,2025-12-14 05:00:06,Deep Mixtape. - The Best Top Deep House 2026 #6,0,1,0.00000000000000000000,2026-05-19
ce1cbb5e18e0caeac1196630f154eb90,--ac7eJ2qZw,UCAuDWYB-c5m7vPtcRaXMbOw,https://www.youtube.com/watch?v=--ac7eJ2qZw,2025-12-14 05:00:06,Deep Mixtape. - The Best Top Deep House 2026 #6,0,1,0.00000000000000000000,2026-05-11
924708337c61cb0111897a68d16100ec,--ac7eJ2qZw,UCAuDWYB-c5m7vPtcRaXMbOw,https://www.youtube.com/watch?v=--ac7eJ2qZw,2025-12-14 05:00:06,Deep Mixtape. - The Best Top Deep House 2026 #6,0,1,0.00000000000000000000,2026-05-09
8d10f0cc3daf034bfece24283181349d,--ac7eJ2qZw,UCAuDWYB-c5m7vPtcRaXMbOw,https://www.youtube.com/watch?v=--ac7eJ2qZw,2025-12-14 05:00:06,Deep Mixtape. - The Best Top Deep House 2026 #6,0,4,0.00000000000000000000,2026-05-07
f2fd7aa936b03de2018cc35af38b66f1,--ac7eJ2qZw,UCAuDWYB-c5m7vPtcRaXMbOw,https://www.youtube.com/watch?v=--ac7eJ2qZw,2025-12-14 05:00:06,Deep Mixtape. - The Best Top Deep House 2026 #6,0,1,0.00000000000000000000,2026-05-03
bfda679000fc89d220cbd8b01640baa0,--ac7eJ2qZw,UCAuDWYB-c5m7vPtcRaXMbOw,https://www.youtube.com/watch?v=--ac7eJ2qZw,2025-12-14 05:00:06,Deep Mixtape. - The Best Top Deep House 2026 #6,0,1,0.00000000000000000000,2026-05-02
1ee2813837946fb508d101a7c0291be8,--ac7eJ2qZw,UCAuDWYB-c5m7vPtcRaXMbOw,https://www.youtube.com/watch?v=--ac7eJ2qZw,2025-12-14 05:00:06,Deep Mixtape. - The Best Top Deep House 2026 #6,0.035,2,17.50000000000000000000,2026-04-25
a1486399b26dd77033d7731f06d7414c,--ac7eJ2qZw,UCAuDWYB-c5m7vPtcRaXMbOw,https://www.youtube.com/watch?v=--ac7eJ2qZw,2025-12-14 05:00:06,Deep Mixtape. - The Best Top Deep House 2026 #6,0.003,1,3.00000000000000000000,2026-04-23
9800a6170a05ceafab9b9bbcaf4355f8,--ac7eJ2qZw,UCAuDWYB-c5m7vPtcRaXMbOw,https://www.youtube.com/watch?v=--ac7eJ2qZw,2025-12-14 05:00:06,Deep Mixtape. - The Best Top Deep House 2026 #6,0,2,0.00000000000000000000,2026-01-01
41ee0a00898f967563753e892446dfc8,--ac7eJ2qZw,UCAuDWYB-c5m7vPtcRaXMbOw,https://www.youtube.com/watch?v=--ac7eJ2qZw,2025-12-14 05:00:06,Deep Mixtape. - The Best Top Deep House 2026 #6,0,1,0.00000000000000000000,2026-01-02
a201ce8b46ce9394e5592dc0d1154a74,--ac7eJ2qZw,UCAuDWYB-c5m7vPtcRaXMbOw,https://www.youtube.com/watch?v=--ac7eJ2qZw,2025-12-14 05:00:06,Deep Mixtape. - The Best Top Deep House 2026 #6,0.001,2,0.50000000000000000000,2026-01-03
fadf30f05ed29353d96339d1bee0e3a8,--ac7eJ2qZw,UCAuDWYB-c5m7vPtcRaXMbOw,https://www.youtube.com/watch?v=--ac7eJ2qZw,2025-12-14 05:00:06,Deep Mixtape. - The Best Top Deep House 2026 #6,0,2,0.00000000000000000000,2026-01-05
4ffc577dbc7471b1ef25b272e0f426ed,--ac7eJ2qZw,UCAuDWYB-c5m7vPtcRaXMbOw,https://www.youtube.com/watch?v=--ac7eJ2qZw,2025-12-14 05:00:06,Deep Mixtape. - The Best Top Deep House 2026 #6,2.068,331,6.24773413897280967000,2025-12-14
431c5c4c93c38172585efc7d111b3b6e,--ac7eJ2qZw,UCAuDWYB-c5m7vPtcRaXMbOw,https://www.youtube.com/watch?v=--ac7eJ2qZw,2025-12-14 05:00:06,Deep Mixtape. - The Best Top Deep House 2026 #6,0.214,36,5.94444444444444444000,2025-12-13
aada25fbdca8483572f9b027266be52e,--ac7eJ2qZw,UCAuDWYB-c5m7vPtcRaXMbOw,https://www.youtube.com/watch?v=--ac7eJ2qZw,2025-12-14 05:00:06,Deep Mixtape. - The Best Top Deep House 2026 #6,0,1,0.00000000000000000000,2026-06-14
b7355d10847317c5c4705659fde59f69,--ac7eJ2qZw,UCAuDWYB-c5m7vPtcRaXMbOw,https://www.youtube.com/watch?v=--ac7eJ2qZw,2025-12-14 05:00:06,Deep Mixtape. - The Best Top Deep House 2026 #6,0.006,1,6.00000000000000000000,2026-06-13
426ba3724a702ee78b249fea25e5cda2,--ac7eJ2qZw,UCAuDWYB-c5m7vPtcRaXMbOw,https://www.youtube.com/watch?v=--ac7eJ2qZw,2025-12-14 05:00:06,Deep Mixtape. - The Best Top Deep House 2026 #6,0,1,0.00000000000000000000,2026-06-05
f8f0f86f37a00355e769c7891dbce987,--ac7eJ2qZw,UCAuDWYB-c5m7vPtcRaXMbOw,https://www.youtube.com/watch?v=--ac7eJ2qZw,2025-12-14 05:00:06,Deep Mixtape. - The Best Top Deep House 2026 #6,0,2,0.00000000000000000000,2026-06-03
3b4323b6227d780fc1f43c75cadf7679,--ac7eJ2qZw,UCAuDWYB-c5m7vPtcRaXMbOw,https://www.youtube.com/watch?v=--ac7eJ2qZw,2025-12-14 05:00:06,Deep Mixtape. - The Best Top Deep House 2026 #6,0,1,0.00000000000000000000,2026-06-01
36da97507387f9c4cda43d67caf05930,--ac7eJ2qZw,UCAuDWYB-c5m7vPtcRaXMbOw,https://www.youtube.com/watch?v=--ac7eJ2qZw,2025-12-14 05:00:06,Deep Mixtape. - The Best Top Deep House 2026 #6,0,2,0.00000000000000000000,2026-05-31
4029c2896179bff9d9c449758644feac,--ac7eJ2qZw,UCAuDWYB-c5m7vPtcRaXMbOw,https://www.youtube.com/watch?v=--ac7eJ2qZw,2025-12-14 05:00:06,Deep Mixtape. - The Best Top Deep House 2026 #6,0,2,0.00000000000000000000,2026-05-22
53d84545ce7b72155be340defe127239,--ac7eJ2qZw,UCAuDWYB-c5m7vPtcRaXMbOw,https://www.youtube.com/watch?v=--ac7eJ2qZw,2025-12-14 05:00:06,Deep Mixtape. - The Best Top Deep House 2026 #6,0,1,0.00000000000000000000,2026-05-21
1a4608e11b789d51b7bbd4fdd68ffe50,--bkIsRW_zo,UCEAyCMU7g5iadUglMOPnYkw,https://www.youtube.com/watch?v=--bkIsRW_zo,2026-06-11 09:55:56,Flowing Waterfalls & Forest Streams 🌿 Gentle Piano Music to Refresh the Mind and Melt Stress Away,0,2,0.00000000000000000000,2026-06-17
b30d5c7fab0ab539d9349c41d2324bba,--bkIsRW_zo,UCEAyCMU7g5iadUglMOPnYkw,https://www.youtube.com/watch?v=--bkIsRW_zo,2026-06-11 09:55:56,Flowing Waterfalls & Forest Streams 🌿 Gentle Piano Music to Refresh the Mind and Melt Stress Away,0,0,0,2026-06-16
1895a0920eb702255a6a0e33c6a6e387,--bkIsRW_zo,UCEAyCMU7g5iadUglMOPnYkw,https://www.youtube.com/watch?v=--bkIsRW_zo,2026-06-11 09:55:56,Flowing Waterfalls & Forest Streams 🌿 Gentle Piano Music to Refresh the Mind and Melt Stress Away,0,0,0,2026-06-15
d4aff8cece1d5bdeb6dc1eabec3c81c1,--bkIsRW_zo,UCEAyCMU7g5iadUglMOPnYkw,https://www.youtube.com/watch?v=--bkIsRW_zo,2026-06-11 09:55:56,Flowing Waterfalls & Forest Streams 🌿 Gentle Piano Music to Refresh the Mind and Melt Stress Away,0,0,0,2026-06-13
7ef9c8936adf9a0e518fb1ccdfebbdc5,--bkIsRW_zo,UCEAyCMU7g5iadUglMOPnYkw,https://www.youtube.com/watch?v=--bkIsRW_zo,2026-06-11 09:55:56,Flowing Waterfalls & Forest Streams 🌿 Gentle Piano Music to Refresh the Mind and Melt Stress Away,0.001,3,0.33333333333333333000,2026-06-12
fb1af849005293e18468272fb110e32e,--bkIsRW_zo,UCEAyCMU7g5iadUglMOPnYkw,https://www.youtube.com/watch?v=--bkIsRW_zo,2026-06-11 09:55:56,Flowing Waterfalls & Forest Streams 🌿 Gentle Piano Music to Refresh the Mind and Melt Stress Away,0.016,15,1.06666666666666667000,2026-06-11
eddd9b2c4de991b47f0a4b14af455363,--eESIfIEcg,UCmbXoVn5AdSgcFOq-Kh2UNg,https://www.youtube.com/watch?v=--eESIfIEcg,2026-06-29 05:00:07,Música para la mañana☀️Musica para trabajar activo y alegre☀️Música para levantar el animo 2026 #53,0.036,6,6.00000000000000000000,2026-07-13
72b989365898a84ac0dbf05f36714277,--eESIfIEcg,UCmbXoVn5AdSgcFOq-Kh2UNg,https://www.youtube.com/watch?v=--eESIfIEcg,2026-06-29 05:00:07,Música para la mañana☀️Musica para trabajar activo y alegre☀️Música para levantar el animo 2026 #53,0.128,6,21.33333333333333333000,2026-07-14
c3a9259257da03c2cc79500158ea37ab,--eESIfIEcg,UCmbXoVn5AdSgcFOq-Kh2UNg,https://www.youtube.com/watch?v=--eESIfIEcg,2026-06-29 05:00:07,Música para la mañana☀️Musica para trabajar activo y alegre☀️Música para levantar el animo 2026 #53,0.004,4,1.00000000000000000000,2026-07-15
3463d180586b2155efc154038841b59b,--eESIfIEcg,UCmbXoVn5AdSgcFOq-Kh2UNg,https://www.youtube.com/watch?v=--eESIfIEcg,2026-06-29 05:00:07,Música para la mañana☀️Musica para trabajar activo y alegre☀️Música para levantar el animo 2026 #53,0.015,3,5.00000000000000000000,2026-07-16
6625cd2e3d552c1876a2075ea225c767,--eESIfIEcg,UCmbXoVn5AdSgcFOq-Kh2UNg,https://www.youtube.com/watch?v=--eESIfIEcg,2026-06-29 05:00:07,Música para la mañana☀️Musica para trabajar activo y alegre☀️Música para levantar el animo 2026 #53,0.091,5,18.20000000000000000000,2026-07-17
eea8af7a439cb42e32fe4f73a6ba701e,--eESIfIEcg,UCmbXoVn5AdSgcFOq-Kh2UNg,https://www.youtube.com/watch?v=--eESIfIEcg,2026-06-29 05:00:07,Música para la mañana☀️Musica para trabajar activo y alegre☀️Música para levantar el animo 2026 #53,0,2,0.00000000000000000000,2026-07-18
dac86d33d7f3def8857a5a50da13b02e,--eESIfIEcg,UCmbXoVn5AdSgcFOq-Kh2UNg,https://www.youtube.com/watch?v=--eESIfIEcg,2026-06-29 05:00:07,Música para la mañana☀️Musica para trabajar activo y alegre☀️Música para levantar el animo 2026 #53,0.003,1,3.00000000000000000000,2026-07-19
ce346c2b9d53a09ac69ad6eaa025bdb0,--eESIfIEcg,UCmbXoVn5AdSgcFOq-Kh2UNg,https://www.youtube.com/watch?v=--eESIfIEcg,2026-06-29 05:00:07,Música para la mañana☀️Musica para trabajar activo y alegre☀️Música para levantar el animo 2026 #53,0.007,3,2.33333333333333333000,2026-07-20
896a03846f53ca89b4f2ff1446da51b2,--eESIfIEcg,UCmbXoVn5AdSgcFOq-Kh2UNg,https://www.youtube.com/watch?v=--eESIfIEcg,2026-06-29 05:00:07,Música para la mañana☀️Musica para trabajar activo y alegre☀️Música para levantar el animo 2026 #53,0.001,3,0.33333333333333333000,2026-07-21
0d3aa6133f8072fd949529747de64ecb,--eESIfIEcg,UCmbXoVn5AdSgcFOq-Kh2UNg,https://www.youtube.com/watch?v=--eESIfIEcg,2026-06-29 05:00:07,Música para la mañana☀️Musica para trabajar activo y alegre☀️Música para levantar el animo 2026 #53,0.012,3,4.00000000000000000000,2026-07-22
bf39e9a54ab5db539089d313452a8f7b,--eESIfIEcg,UCmbXoVn5AdSgcFOq-Kh2UNg,https://www.youtube.com/watch?v=--eESIfIEcg,2026-06-29 05:00:07,Música para la mañana☀️Musica para trabajar activo y alegre☀️Música para levantar el animo 2026 #53,0,1,0.00000000000000000000,2026-07-23
a5779e49aac99b14ed713743508962c8,--eESIfIEcg,UCmbXoVn5AdSgcFOq-Kh2UNg,https://www.youtube.com/watch?v=--eESIfIEcg,2026-06-29 05:00:07,Música para la mañana☀️Musica para trabajar activo y alegre☀️Música para levantar el animo 2026 #53,0.049,3,16.33333333333333333000,2026-07-24
82609e3e5e0eca427ab3d9d12db2ef43,--eESIfIEcg,UCmbXoVn5AdSgcFOq-Kh2UNg,https://www.youtube.com/watch?v=--eESIfIEcg,2026-06-29 05:00:07,Música para la mañana☀️Musica para trabajar activo y alegre☀️Música para levantar el animo 2026 #53,0.001,1,1.00000000000000000000,2026-07-26
f8b0e7f9e59d61518f8625ff2229f2e3,--eESIfIEcg,UCmbXoVn5AdSgcFOq-Kh2UNg,https://www.youtube.com/watch?v=--eESIfIEcg,2026-06-29 05:00:07,Música para la mañana☀️Musica para trabajar activo y alegre☀️Música para levantar el animo 2026 #53,0.002,4,0.50000000000000000000,2026-07-27
8bb7dc4a99d4b29fadc824210979a2c7,--eESIfIEcg,UCmbXoVn5AdSgcFOq-Kh2UNg,https://www.youtube.com/watch?v=--eESIfIEcg,2026-06-29 05:00:07,Música para la mañana☀️Musica para trabajar activo y alegre☀️Música para levantar el animo 2026 #53,0.044,3,14.66666666666666667000,2026-07-28
fbd5f65775311848a5d471c345417fe2,--eESIfIEcg,UCmbXoVn5AdSgcFOq-Kh2UNg,https://www.youtube.com/watch?v=--eESIfIEcg,2026-06-29 05:00:07,Música para la mañana☀️Musica para trabajar activo y alegre☀️Música para levantar el animo 2026 #53,0,0,0,2026-07-29
f61eca70fa47a4e0b78e2460123319e6,--eESIfIEcg,UCmbXoVn5AdSgcFOq-Kh2UNg,https://www.youtube.com/watch?v=--eESIfIEcg,2026-06-29 05:00:07,Música para la mañana☀️Musica para trabajar activo y alegre☀️Música para levantar el animo 2026 #53,0,1,0.00000000000000000000,2026-07-30
c987ed3cf04a376a26adb80bb405a007,--eESIfIEcg,UCmbXoVn5AdSgcFOq-Kh2UNg,https://www.youtube.com/watch?v=--eESIfIEcg,2026-06-29 05:00:07,Música para la mañana☀️Musica para trabajar activo y alegre☀️Música para levantar el animo 2026 #53,0,3,0.00000000000000000000,2026-08-01
793716e84596ebce696e6d4fbe2120e0,--eESIfIEcg,UCmbXoVn5AdSgcFOq-Kh2UNg,https://www.youtube.com/watch?v=--eESIfIEcg,2026-06-29 05:00:07,Música para la mañana☀️Musica para trabajar activo y alegre☀️Música para levantar el animo 2026 #53,0,1,0.00000000000000000000,2026-08-02
2ae818ae83d25925ea66a7f6abba7e5b,--eESIfIEcg,UCmbXoVn5AdSgcFOq-Kh2UNg,https://www.youtube.com/watch?v=--eESIfIEcg,2026-06-29 05:00:07,Música para la mañana☀️Musica para trabajar activo y alegre☀️Música para levantar el animo 2026 #53,0.193,4,48.25000000000000000000,2026-08-03
efc01fccb27a8e1b427d35c81181e0a5,--eESIfIEcg,UCmbXoVn5AdSgcFOq-Kh2UNg,https://www.youtube.com/watch?v=--eESIfIEcg,2026-06-29 05:00:07,Música para la mañana☀️Musica para trabajar activo y alegre☀️Música para levantar el animo 2026 #53,0.061,2,30.50000000000000000000,2026-08-04
bf8284fc202188795e7b3542c9b419ad,--eESIfIEcg,UCmbXoVn5AdSgcFOq-Kh2UNg,https://www.youtube.com/watch?v=--eESIfIEcg,2026-06-29 05:00:07,Música para la mañana☀️Musica para trabajar activo y alegre☀️Música para levantar el animo 2026 #53,0.001,1,1.00000000000000000000,2026-08-07
f80a00c69cb869fb8f1569af0befbbf0,--eESIfIEcg,UCmbXoVn5AdSgcFOq-Kh2UNg,https://www.youtube.com/watch?v=--eESIfIEcg,2026-06-29 05:00:07,Música para la mañana☀️Musica para trabajar activo y alegre☀️Música para levantar el animo 2026 #53,0.005,12,0.41666666666666667000,2026-06-28
52a45fe6161ea96d95f65e4ff1fe20c4,--eESIfIEcg,UCmbXoVn5AdSgcFOq-Kh2UNg,https://www.youtube.com/watch?v=--eESIfIEcg,2026-06-29 05:00:07,Música para la mañana☀️Musica para trabajar activo y alegre☀️Música para levantar el animo 2026 #53,1.826,296,6.16891891891891892000,2026-06-29
fc5634a457f55994eaa02d48d0a75aba,--eESIfIEcg,UCmbXoVn5AdSgcFOq-Kh2UNg,https://www.youtube.com/watch?v=--eESIfIEcg,2026-06-29 05:00:07,Música para la mañana☀️Musica para trabajar activo y alegre☀️Música para levantar el animo 2026 #53,0.144,28,5.14285714285714286000,2026-06-30
ae4e61957435432b3ed4a025087181da,--eESIfIEcg,UCmbXoVn5AdSgcFOq-Kh2UNg,https://www.youtube.com/watch?v=--eESIfIEcg,2026-06-29 05:00:07,Música para la mañana☀️Musica para trabajar activo y alegre☀️Música para levantar el animo 2026 #53,0.109,13,8.38461538461538462000,2026-07-01
d0ac00f6baa87eb75e20b183bb20e528,--eESIfIEcg,UCmbXoVn5AdSgcFOq-Kh2UNg,https://www.youtube.com/watch?v=--eESIfIEcg,2026-06-29 05:00:07,Música para la mañana☀️Musica para trabajar activo y alegre☀️Música para levantar el animo 2026 #53,0.107,18,5.94444444444444444000,2026-07-02
797e35110ac286f835fddf36362a41bb,--eESIfIEcg,UCmbXoVn5AdSgcFOq-Kh2UNg,https://www.youtube.com/watch?v=--eESIfIEcg,2026-06-29 05:00:07,Música para la mañana☀️Musica para trabajar activo y alegre☀️Música para levantar el animo 2026 #53,0.047,6,7.83333333333333333000,2026-07-03
4b618082163802beefa520bfdfe4fd76,--eESIfIEcg,UCmbXoVn5AdSgcFOq-Kh2UNg,https://www.youtube.com/watch?v=--eESIfIEcg,2026-06-29 05:00:07,Música para la mañana☀️Musica para trabajar activo y alegre☀️Música para levantar el animo 2026 #53,0.014,5,2.80000000000000000000,2026-07-04
2523da6ab176699297afe15fb203fd49,--eESIfIEcg,UCmbXoVn5AdSgcFOq-Kh2UNg,https://www.youtube.com/watch?v=--eESIfIEcg,2026-06-29 05:00:07,Música para la mañana☀️Musica para trabajar activo y alegre☀️Música para levantar el animo 2026 #53,0.011,3,3.66666666666666667000,2026-07-05
2da024045a0b29f01d91e1ced2db8688,--eESIfIEcg,UCmbXoVn5AdSgcFOq-Kh2UNg,https://www.youtube.com/watch?v=--eESIfIEcg,2026-06-29 05:00:07,Música para la mañana☀️Musica para trabajar activo y alegre☀️Música para levantar el animo 2026 #53,0.001,4,0.25000000000000000000,2026-07-06
bbe1e1e043f24ba7939aa1d332f65768,--eESIfIEcg,UCmbXoVn5AdSgcFOq-Kh2UNg,https://www.youtube.com/watch?v=--eESIfIEcg,2026-06-29 05:00:07,Música para la mañana☀️Musica para trabajar activo y alegre☀️Música para levantar el animo 2026 #53,0.033,2,16.50000000000000000000,2026-07-07
a46983ba972539d688476db25d231b04,--eESIfIEcg,UCmbXoVn5AdSgcFOq-Kh2UNg,https://www.youtube.com/watch?v=--eESIfIEcg,2026-06-29 05:00:07,Música para la mañana☀️Musica para trabajar activo y alegre☀️Música para levantar el animo 2026 #53,0.045,7,6.42857142857142857000,2026-07-08
db97238f4ac58a4c5823c9b95d01757a,--eESIfIEcg,UCmbXoVn5AdSgcFOq-Kh2UNg,https://www.youtube.com/watch?v=--eESIfIEcg,2026-06-29 05:00:07,Música para la mañana☀️Musica para trabajar activo y alegre☀️Música para levantar el animo 2026 #53,0.054,10,5.40000000000000000000,2026-07-09
d18ce66783df5fd7125c62fe367bea2c,--eESIfIEcg,UCmbXoVn5AdSgcFOq-Kh2UNg,https://www.youtube.com/watch?v=--eESIfIEcg,2026-06-29 05:00:07,Música para la mañana☀️Musica para trabajar activo y alegre☀️Música para levantar el animo 2026 #53,0.008,2,4.00000000000000000000,2026-07-10
c2bcb1237ac1647fa77ff2c4b5ec2dd8,--eESIfIEcg,UCmbXoVn5AdSgcFOq-Kh2UNg,https://www.youtube.com/watch?v=--eESIfIEcg,2026-06-29 05:00:07,Música para la mañana☀️Musica para trabajar activo y alegre☀️Música para levantar el animo 2026 #53,0.002,2,1.00000000000000000000,2026-07-11
edaaeed9952fc17a2078d2a055d974f3,--eESIfIEcg,UCmbXoVn5AdSgcFOq-Kh2UNg,https://www.youtube.com/watch?v=--eESIfIEcg,2026-06-29 05:00:07,Música para la mañana☀️Musica para trabajar activo y alegre☀️Música para levantar el animo 2026 #53,0.012,5,2.40000000000000000000,2026-07-12
299638008aa0cb51b340e29fe58aab1c,--fVjR_slrA,UCLEFXRRelXAFblXXwnQ5c0w,https://www.youtube.com/watch?v=--fVjR_slrA,2026-01-23 08:04:33,Tropical Deep House Winter Chill Mix 2026 ⛄ Best Winter Vibes 4K UHD By Deep Paradise,0.14,27,5.18518518518518519000,2026-07-10
c37364e6c9ccf14df6440dcc525a0706,--fVjR_slrA,UCLEFXRRelXAFblXXwnQ5c0w,https://www.youtube.com/watch?v=--fVjR_slrA,2026-01-23 08:04:33,Tropical Deep House Winter Chill Mix 2026 ⛄ Best Winter Vibes 4K UHD By Deep Paradise,0.318,34,9.35294117647058824000,2026-07-08
8b1a958233b865a0cc5e3d281889d929,--fVjR_slrA,UCLEFXRRelXAFblXXwnQ5c0w,https://www.youtube.com/watch?v=--fVjR_slrA,2026-01-23 08:04:33,Tropical Deep House Winter Chill Mix 2026 ⛄ Best Winter Vibes 4K UHD By Deep Paradise,0.236,39,6.05128205128205128000,2026-07-07
3fe32b499eea184249f1d47d0229d652,--fVjR_slrA,UCLEFXRRelXAFblXXwnQ5c0w,https://www.youtube.com/watch?v=--fVjR_slrA,2026-01-23 08:04:33,Tropical Deep House Winter Chill Mix 2026 ⛄ Best Winter Vibes 4K UHD By Deep Paradise,0.246,47,5.23404255319148936000,2026-07-06
a969da308c6eb4f3d5ca4eaa896b9005,--fVjR_slrA,UCLEFXRRelXAFblXXwnQ5c0w,https://www.youtube.com/watch?v=--fVjR_slrA,2026-01-23 08:04:33,Tropical Deep House Winter Chill Mix 2026 ⛄ Best Winter Vibes 4K UHD By Deep Paradise,0.184,24,7.66666666666666667000,2026-07-05
2f168ae26c9e8031ceaa4b8a99f4ab1c,--fVjR_slrA,UCLEFXRRelXAFblXXwnQ5c0w,https://www.youtube.com/watch?v=--fVjR_slrA,2026-01-23 08:04:33,Tropical Deep House Winter Chill Mix 2026 ⛄ Best Winter Vibes 4K UHD By Deep Paradise,0.045,26,1.73076923076923077000,2026-07-04
0c5e26a8c1526a0d37bb2d663cd1b933,--fVjR_slrA,UCLEFXRRelXAFblXXwnQ5c0w,https://www.youtube.com/watch?v=--fVjR_slrA,2026-01-23 08:04:33,Tropical Deep House Winter Chill Mix 2026 ⛄ Best Winter Vibes 4K UHD By Deep Paradise,1.685,118,14.27966101694915254000,2026-03-22
11bc888dd3a3b8c7d894713be820417b,--fVjR_slrA,UCLEFXRRelXAFblXXwnQ5c0w,https://www.youtube.com/watch?v=--fVjR_slrA,2026-01-23 08:04:33,Tropical Deep House Winter Chill Mix 2026 ⛄ Best Winter Vibes 4K UHD By Deep Paradise,0.691,101,6.84158415841584158000,2026-03-21
7ecf149a279ec71752e28198b8e31a97,--fVjR_slrA,UCLEFXRRelXAFblXXwnQ5c0w,https://www.youtube.com/watch?v=--fVjR_slrA,2026-01-23 08:04:33,Tropical Deep House Winter Chill Mix 2026 ⛄ Best Winter Vibes 4K UHD By Deep Paradise,2.677,117,22.88034188034188034000,2026-03-20
a8688a5ea0d57acc3ff94f96eb543c72,--fVjR_slrA,UCLEFXRRelXAFblXXwnQ5c0w,https://www.youtube.com/watch?v=--fVjR_slrA,2026-01-23 08:04:33,Tropical Deep House Winter Chill Mix 2026 ⛄ Best Winter Vibes 4K UHD By Deep Paradise,0.681,120,5.67500000000000000000,2026-03-19
7f5263b9695840f1705c7be5a70c4e33,--fVjR_slrA,UCLEFXRRelXAFblXXwnQ5c0w,https://www.youtube.com/watch?v=--fVjR_slrA,2026-01-23 08:04:33,Tropical Deep House Winter Chill Mix 2026 ⛄ Best Winter Vibes 4K UHD By Deep Paradise,2.706,97,27.89690721649484536000,2026-03-18
b410d2c7b649658164ed9c7191179bf0,--fVjR_slrA,UCLEFXRRelXAFblXXwnQ5c0w,https://www.youtube.com/watch?v=--fVjR_slrA,2026-01-23 08:04:33,Tropical Deep House Winter Chill Mix 2026 ⛄ Best Winter Vibes 4K UHD By Deep Paradise,1.334,177,7.53672316384180791000,2026-03-17
6e7349d1b9af66ace144bf69cfe8bea4,--fVjR_slrA,UCLEFXRRelXAFblXXwnQ5c0w,https://www.youtube.com/watch?v=--fVjR_slrA,2026-01-23 08:04:33,Tropical Deep House Winter Chill Mix 2026 ⛄ Best Winter Vibes 4K UHD By Deep Paradise,0.689,140,4.92142857142857143000,2026-03-16
