fact_revenue_stream_distro_sk,revenue_amount,stream_count,rpm,revenue_month,platform,isrc,artist,repository_id
a6824767d6a450a1f554bdb77f728ea9,0,0,0,2025-06,Apple Music,AUBEC2046279,Daw Ros,ffefb3cb9895617319f420b69b9367bb
8a6e540770ce3aee263129d30e4feee7,4,0,0,2025-06,Spotify,AUBEC2046279,Daw Ros,ffefb3cb9895617319f420b69b9367bb
c3a6212f6f6e1c6542a3c9a7e5c848fd,0,0,0,2025-06,iTunes Match,AUBEC2046279,Daw Ros,ffefb3cb9895617319f420b69b9367bb
f6d2b4964bccb08f54ad1f442a889742,0,0,0,2025-07,iTunes Match,AUBEC2046279,Daw Ros,ffefb3cb9895617319f420b69b9367bb
c76bc45fcf99dc03422019f0e9aad734,4,0,0,2025-07,Spotify,AUBEC2046279,Daw Ros,ffefb3cb9895617319f420b69b9367bb
ab0b1b8667ef530599f70b2e6bf9e104,0,0,0,2025-07,Apple Music,AUBEC2046279,Daw Ros,ffefb3cb9895617319f420b69b9367bb
e4534fc1bc2a45b80e9fad69177be589,0,0,0,2025-08,Apple Music,AUBEC2046279,Daw Ros,ffefb3cb9895617319f420b69b9367bb
79213d9387abef931111b1e45e5e70c4,4,0,0,2025-08,Spotify,AUBEC2046279,Daw Ros,ffefb3cb9895617319f420b69b9367bb
91c07f3500c7d2d04b6299217478eeb0,0,0,0,2025-08,TikTok,AUBEC2046279,Daw Ros,ffefb3cb9895617319f420b69b9367bb
632696be4dd0c2e2ee6122b6a7d7469f,0,0,0,2025-09,Apple Music,AUBEC2046279,Daw Ros,ffefb3cb9895617319f420b69b9367bb
4da5f04bf33f258d1e7533a5551363a7,14,0,0,2025-09,Spotify,AUBEC2046279,Daw Ros,ffefb3cb9895617319f420b69b9367bb
3e0a04f3983c99ab87a64d8f4404f1c0,4,0,0,2025-10,Spotify,AUBEC2046279,Daw Ros,ffefb3cb9895617319f420b69b9367bb
6a36cb8f3cbd3e4821d16ddb105daf32,0,0,0,2025-10,TikTok,AUBEC2046279,Daw Ros,ffefb3cb9895617319f420b69b9367bb
b6d7ff7e76c2cb7f169c97c0327ee653,0,0,0,2025-10,iTunes Match,AUBEC2046279,Daw Ros,ffefb3cb9895617319f420b69b9367bb
159e305123c1dfa06ca7fae426a8252d,0,0,0,2025-10,YouTube Music,AUBEC2046279,Daw Ros,ffefb3cb9895617319f420b69b9367bb
4597605ff670c374325b80a157b2e2d1,0,0,0,2025-10,Apple Music,AUBEC2046279,Daw Ros,ffefb3cb9895617319f420b69b9367bb
1174430b8e0b22e5511efaba93279d73,0,0,0,2025-11,Apple Music,AUBEC2046279,Daw Ros,ffefb3cb9895617319f420b69b9367bb
9939ec43a643fa0102b19a75be4b29d0,0,0,0,2025-11,iTunes Match,AUBEC2046279,Daw Ros,ffefb3cb9895617319f420b69b9367bb
2693b514880b1d8ab874f3771f5f8889,0,0,0,2025-11,TikTok,AUBEC2046279,Daw Ros,ffefb3cb9895617319f420b69b9367bb
64c9e5936b96641e8e4658e3984caa04,4,0,0,2025-11,Spotify,AUBEC2046279,Daw Ros,ffefb3cb9895617319f420b69b9367bb
ce8c1e094152d330419029ff14b0f449,3,0,0,2025-12,Spotify,AUBEC2046279,Daw Ros,ffefb3cb9895617319f420b69b9367bb
2a4e275e89c49d0bdc2d68740d89bbeb,0,0,0,2025-12,Apple Music,AUBEC2046279,Daw Ros,ffefb3cb9895617319f420b69b9367bb
1cf6126d4977425b0f43860a03e9a506,0,0,0,2025-12,YouTube Music,AUBEC2046279,Daw Ros,ffefb3cb9895617319f420b69b9367bb
4f0862d54369fe1c569a38a484ad6b57,0,0,0,2026-01,YouTube Music,AUBEC2046279,Daw Ros,ffefb3cb9895617319f420b69b9367bb
1de76a3ee98c9ae5e289314942a505ef,4,0,0,2026-01,Spotify,AUBEC2046279,Daw Ros,ffefb3cb9895617319f420b69b9367bb
a8e2b85c027960f180ef585ffc7758f6,0,0,0,2026-01,Apple Music,AUBEC2046279,Daw Ros,ffefb3cb9895617319f420b69b9367bb
b5a5dc15f7eb711112c78b7fe0546d00,0,0,0,2026-02,Apple Music,AUBEC2046279,Daw Ros,ffefb3cb9895617319f420b69b9367bb
e8028104f4ba3fa99eb25297edbbceef,0,0,0,2026-02,YouTube Music,AUBEC2046279,Daw Ros,ffefb3cb9895617319f420b69b9367bb
b22d294778c44e716592f53a21eca3c2,5,0,0,2026-02,Spotify,AUBEC2046279,Daw Ros,ffefb3cb9895617319f420b69b9367bb
8418100a6074e2eb911a7385235a95c0,5,0,0,2026-03,Spotify,AUBEC2046279,Daw Ros,ffefb3cb9895617319f420b69b9367bb
728a51e8bcc235a99f0102d4a022119f,0,0,0,2026-03,Apple Music,AUBEC2046279,Daw Ros,ffefb3cb9895617319f420b69b9367bb
8e156ea64d92b2470a732bf3dc747631,0,0,0,2026-03,iTunes Match,AUBEC2046279,Daw Ros,ffefb3cb9895617319f420b69b9367bb
4703eb3ae96ff1ced0536d1e6fec6dd6,0,0,0,2025-06,iTunes Match,AUBEC2046280,Daw Ros,ffefb3cb9895617319f420b69b9367bb
59aeb218ffd0911984afa66dadb781d7,0,0,0,2025-06,Amazon Music,AUBEC2046280,Daw Ros,ffefb3cb9895617319f420b69b9367bb
7cc26f9d6983322e1ed4454a5032884e,0,0,0,2025-06,Apple Music,AUBEC2046280,Daw Ros,ffefb3cb9895617319f420b69b9367bb
15f95d78c593623912cce1adb2746c93,4,0,0,2025-06,Spotify,AUBEC2046280,Daw Ros,ffefb3cb9895617319f420b69b9367bb
485db77b19e5d9ef7bfcbcb6546c1fd1,4,0,0,2025-07,Spotify,AUBEC2046280,Daw Ros,ffefb3cb9895617319f420b69b9367bb
64c57338d1e24fe83929d08fe70dbbf0,0,0,0,2025-07,Apple Music,AUBEC2046280,Daw Ros,ffefb3cb9895617319f420b69b9367bb
f5c55613754ae8530baa98eed7350f0f,0,0,0,2025-07,iTunes Match,AUBEC2046280,Daw Ros,ffefb3cb9895617319f420b69b9367bb
26143e4cee42b0711268409efa19ba58,0,0,0,2025-07,YouTube Music,AUBEC2046280,Daw Ros,ffefb3cb9895617319f420b69b9367bb
055f80a45fa0d35f97b87131b75ac38c,0,0,0,2025-08,Apple Music,AUBEC2046280,Daw Ros,ffefb3cb9895617319f420b69b9367bb
4d2fe9197934b70ca2c53bb12b290a49,0,0,0,2025-08,Amazon Music,AUBEC2046280,Daw Ros,ffefb3cb9895617319f420b69b9367bb
5356a58067145fefc9ac89383c447d35,0,0,0,2025-08,Netease Cloud Music,AUBEC2046280,Daw Ros,ffefb3cb9895617319f420b69b9367bb
ddc3cbb4980415d8e7102adccceea0b7,4,0,0,2025-08,Spotify,AUBEC2046280,Daw Ros,ffefb3cb9895617319f420b69b9367bb
2fea12538a1b08e6a81f455330c7fa6e,0,0,0,2025-08,TikTok,AUBEC2046280,Daw Ros,ffefb3cb9895617319f420b69b9367bb
aa7327e1599230126ebc9b3d9c3a19a6,0,0,0,2025-08,Instagram,AUBEC2046280,Daw Ros,ffefb3cb9895617319f420b69b9367bb
128ea30802e7625e885b7a791dd9ac1a,0,0,0,2025-08,Facebook,AUBEC2046280,Daw Ros,ffefb3cb9895617319f420b69b9367bb
9f1cbc59cc07f10cd63e6a9705f81b8d,4,0,0,2025-09,Apple Music,AUBEC2046280,Daw Ros,ffefb3cb9895617319f420b69b9367bb
8f78a5527b1fc736b0cd2746c5e0a0d8,0,0,0,2025-09,Amazon Music,AUBEC2046280,Daw Ros,ffefb3cb9895617319f420b69b9367bb
386fa08ddcae89ef88a1a751d69b3c4f,0,0,0,2025-09,YouTube Music,AUBEC2046280,Daw Ros,ffefb3cb9895617319f420b69b9367bb
5d4e40b6c0c02f33e0162dca604380ea,13,0,0,2025-09,Spotify,AUBEC2046280,Daw Ros,ffefb3cb9895617319f420b69b9367bb
fa003dfbe3dbacfd6c3b9a1628c3da84,4,0,0,2025-10,Spotify,AUBEC2046280,Daw Ros,ffefb3cb9895617319f420b69b9367bb
08336f74f6d9bab5b4dc7fa3f002fbc7,0,0,0,2025-10,YouTube Music,AUBEC2046280,Daw Ros,ffefb3cb9895617319f420b69b9367bb
423e3d9e4076bce3213810340c44761c,0,0,0,2025-10,TikTok,AUBEC2046280,Daw Ros,ffefb3cb9895617319f420b69b9367bb
281afa053b55d6b8c544e905020c3772,0,0,0,2025-10,Apple Music,AUBEC2046280,Daw Ros,ffefb3cb9895617319f420b69b9367bb
89df79444592b455ab1f6c16dff85814,0,0,0,2025-10,Amazon Prime Music,AUBEC2046280,Daw Ros,ffefb3cb9895617319f420b69b9367bb
bd1a3e1a1851416c0538ca2476703996,0,0,0,2025-10,Amazon Music,AUBEC2046280,Daw Ros,ffefb3cb9895617319f420b69b9367bb
19920af0aeacdd6bb5eb6e8d8b4e759d,0,0,0,2025-10,iTunes Match,AUBEC2046280,Daw Ros,ffefb3cb9895617319f420b69b9367bb
947d48886048591b97124ff5f9ed381e,0,0,0,2025-11,TikTok,AUBEC2046280,Daw Ros,ffefb3cb9895617319f420b69b9367bb
a7197560510687445fe5ce5d96a40f7c,3,0,0,2025-11,Spotify,AUBEC2046280,Daw Ros,ffefb3cb9895617319f420b69b9367bb
ee0ee344834a00b9531f6298ae19310d,0,0,0,2025-11,YouTube Music,AUBEC2046280,Daw Ros,ffefb3cb9895617319f420b69b9367bb
edaea530dfd0a903c4ffd446a69f519e,0,0,0,2025-11,Apple Music,AUBEC2046280,Daw Ros,ffefb3cb9895617319f420b69b9367bb
d26ce4ce895c46af2aee63f2dc7b46d6,0,0,0,2025-12,Apple Music,AUBEC2046280,Daw Ros,ffefb3cb9895617319f420b69b9367bb
c8409470cdb84632c415c0a8320b6f25,3,0,0,2025-12,Spotify,AUBEC2046280,Daw Ros,ffefb3cb9895617319f420b69b9367bb
e9c096e9a51a0dea40f9f8567d3a1797,0,0,0,2025-12,YouTube Music,AUBEC2046280,Daw Ros,ffefb3cb9895617319f420b69b9367bb
ddc9ffe09664bf55f2a1957e04a98a32,0,0,0,2026-01,Apple Music,AUBEC2046280,Daw Ros,ffefb3cb9895617319f420b69b9367bb
e2206c3c809573200c13968bd4e6e6b2,4,0,0,2026-01,Spotify,AUBEC2046280,Daw Ros,ffefb3cb9895617319f420b69b9367bb
cc1edcbac5bcbe00e9d01a57b1b959ba,4,0,0,2026-02,Spotify,AUBEC2046280,Daw Ros,ffefb3cb9895617319f420b69b9367bb
044df292c657f7c2c5177e55cc7a4c1c,0,0,0,2026-02,Apple Music,AUBEC2046280,Daw Ros,ffefb3cb9895617319f420b69b9367bb
009d5fb7433eb11829337b294f32aad0,0,0,0,2026-03,Apple Music,AUBEC2046280,Daw Ros,ffefb3cb9895617319f420b69b9367bb
209e604f7ffcbe2bce665082b997c4e1,0,0,0,2026-03,iTunes Match,AUBEC2046280,Daw Ros,ffefb3cb9895617319f420b69b9367bb
40d1f3b5adfd9bf02f68b3ee81ba7718,3,0,0,2026-03,Spotify,AUBEC2046280,Daw Ros,ffefb3cb9895617319f420b69b9367bb
daa49470faada1ceda02da5475851784,3,0,0,2025-06,Spotify,AUBEC2046281,Daw Ros,ffefb3cb9895617319f420b69b9367bb
1426cc8ee8ee05af4d1591658714bd75,0,0,0,2025-06,Apple Music,AUBEC2046281,Daw Ros,ffefb3cb9895617319f420b69b9367bb
c2482fb4332206e16f21dcb855007d98,0,0,0,2025-06,iTunes Match,AUBEC2046281,Daw Ros,ffefb3cb9895617319f420b69b9367bb
8ebdfe5b037ba3011b9df453f7d4505b,0,0,0,2025-07,iTunes Match,AUBEC2046281,Daw Ros,ffefb3cb9895617319f420b69b9367bb
783e171949785a530ac926ed51238088,3,0,0,2025-07,Spotify,AUBEC2046281,Daw Ros,ffefb3cb9895617319f420b69b9367bb
91c2a7d8578c42da5ae53b5b815aca44,0,0,0,2025-07,Apple Music,AUBEC2046281,Daw Ros,ffefb3cb9895617319f420b69b9367bb
cb04dd47a59cd97262d52b376f3583a9,0,0,0,2025-08,Apple Music,AUBEC2046281,Daw Ros,ffefb3cb9895617319f420b69b9367bb
4c6161c84490e03c26fa6c6f06196d7e,0,0,0,2025-08,Facebook,AUBEC2046281,Daw Ros,ffefb3cb9895617319f420b69b9367bb
4d78d7c97eea127999c74f86efe72865,4,0,0,2025-08,Spotify,AUBEC2046281,Daw Ros,ffefb3cb9895617319f420b69b9367bb
0d961db3c8077ae8c7dcf938fc369aec,0,0,0,2025-08,Instagram,AUBEC2046281,Daw Ros,ffefb3cb9895617319f420b69b9367bb
63d7e84eee5210c6b6aa04aba97246cc,4,0,0,2025-09,Apple Music,AUBEC2046281,Daw Ros,ffefb3cb9895617319f420b69b9367bb
3bcae2b424399f24befad9df4cec6789,9,0,0,2025-09,Spotify,AUBEC2046281,Daw Ros,ffefb3cb9895617319f420b69b9367bb
f561c76d87e50aec40d1ae98febe3afb,4,0,0,2025-10,Spotify,AUBEC2046281,Daw Ros,ffefb3cb9895617319f420b69b9367bb
ee2f7770101cbb1f07cacb839c6e2ba9,0,0,0,2025-10,iTunes Match,AUBEC2046281,Daw Ros,ffefb3cb9895617319f420b69b9367bb
63809597f90a80f60c4c09a4302cf677,0,0,0,2025-10,YouTube Music,AUBEC2046281,Daw Ros,ffefb3cb9895617319f420b69b9367bb
53e1c664fbe75b913bb9890bdfa5fa13,0,0,0,2025-10,Apple Music,AUBEC2046281,Daw Ros,ffefb3cb9895617319f420b69b9367bb
32383e93c192f25244e6f28bfa269be2,0,0,0,2025-11,Apple Music,AUBEC2046281,Daw Ros,ffefb3cb9895617319f420b69b9367bb
25c24681ede81344a5ebf56a49dfd702,4,0,0,2025-11,Spotify,AUBEC2046281,Daw Ros,ffefb3cb9895617319f420b69b9367bb
bb2e34ff477ec99aa149a469833893f9,0,0,0,2025-11,YouTube Music,AUBEC2046281,Daw Ros,ffefb3cb9895617319f420b69b9367bb
f5e3cbfc676026b002d68feff5cebb92,0,0,0,2025-12,YouTube Music,AUBEC2046281,Daw Ros,ffefb3cb9895617319f420b69b9367bb
6d9aa9a02f6d31c288724a9e3361c972,0,0,0,2025-12,Apple Music,AUBEC2046281,Daw Ros,ffefb3cb9895617319f420b69b9367bb
0ce6883e127263c550e111045f7d434e,3,0,0,2025-12,Spotify,AUBEC2046281,Daw Ros,ffefb3cb9895617319f420b69b9367bb
648af027e4a44f4fcb4c4104d2802995,4,0,0,2026-01,Spotify,AUBEC2046281,Daw Ros,ffefb3cb9895617319f420b69b9367bb
fd2cf7a0b65196ed9d19c08f02174c00,0,0,0,2026-01,YouTube Music,AUBEC2046281,Daw Ros,ffefb3cb9895617319f420b69b9367bb
81f8ffd48b119efbfc43650fc91f0f8a,0,0,0,2026-01,Apple Music,AUBEC2046281,Daw Ros,ffefb3cb9895617319f420b69b9367bb
74a11afb7f8b818e4605c162cc457561,0,0,0,2026-02,Apple Music,AUBEC2046281,Daw Ros,ffefb3cb9895617319f420b69b9367bb
8fbfbc0305ec72d35e6148c2cf97443f,5,0,0,2026-02,Spotify,AUBEC2046281,Daw Ros,ffefb3cb9895617319f420b69b9367bb
87ea97695dcc97bb5f39680ee1996449,6,0,0,2026-03,Spotify,AUBEC2046281,Daw Ros,ffefb3cb9895617319f420b69b9367bb
1e230aaf4593b91458b24b025388f231,0,0,0,2026-03,Apple Music,AUBEC2046281,Daw Ros,ffefb3cb9895617319f420b69b9367bb
ab4adf117d22ffad62d7ca0e9ea6dd85,0,0,0,2026-03,iTunes Match,AUBEC2046281,Daw Ros,ffefb3cb9895617319f420b69b9367bb
ae9bc29437edd79b89b178203ee63cbd,0,0,0,2025-06,iTunes Match,AUBEC2046282,Daw Ros,ffefb3cb9895617319f420b69b9367bb
d471826c290969cafb579a17689c7f51,0,0,0,2025-06,Apple Music,AUBEC2046282,Daw Ros,ffefb3cb9895617319f420b69b9367bb
2a003eea6831f08e67a5c2e53bc40f28,3,0,0,2025-06,Spotify,AUBEC2046282,Daw Ros,ffefb3cb9895617319f420b69b9367bb
945947409b364cdaca6cc06dde0dcff5,0,0,0,2025-06,YouTube Music,AUBEC2046282,Daw Ros,ffefb3cb9895617319f420b69b9367bb
84552f44277e10f652eaf016142b55f2,0,0,0,2025-07,Apple Music,AUBEC2046282,Daw Ros,ffefb3cb9895617319f420b69b9367bb
9d5055824f6cfc63495108dc42ecfe52,0,0,0,2025-07,iTunes Match,AUBEC2046282,Daw Ros,ffefb3cb9895617319f420b69b9367bb
319545518eca5973d2e71b8066668e50,5,0,0,2025-07,Spotify,AUBEC2046282,Daw Ros,ffefb3cb9895617319f420b69b9367bb
4bdaf023d360f3e9e83f6886422e83c6,5,0,0,2025-08,Spotify,AUBEC2046282,Daw Ros,ffefb3cb9895617319f420b69b9367bb
5858ec68fd4953a72da403354231dca4,0,0,0,2025-08,Apple Music,AUBEC2046282,Daw Ros,ffefb3cb9895617319f420b69b9367bb
5d80d6d9b6388ce2be5e0ef0763d0014,0,0,0,2025-08,Instagram,AUBEC2046282,Daw Ros,ffefb3cb9895617319f420b69b9367bb
9d9d66ac49d953fae82f323d25b814c3,0,0,0,2025-08,Facebook,AUBEC2046282,Daw Ros,ffefb3cb9895617319f420b69b9367bb
4653b86811e663cc86c9bcb9dedfb28c,0,0,0,2025-09,Apple Music,AUBEC2046282,Daw Ros,ffefb3cb9895617319f420b69b9367bb
b17069d21e4c476c93ee330d0159b1ab,4,0,0,2025-09,Spotify,AUBEC2046282,Daw Ros,ffefb3cb9895617319f420b69b9367bb
248c29432c0835b4f1ede33933980374,4,0,0,2025-10,Spotify,AUBEC2046282,Daw Ros,ffefb3cb9895617319f420b69b9367bb
11d9722731cf860d9de9561053867f5d,0,0,0,2025-10,Apple Music,AUBEC2046282,Daw Ros,ffefb3cb9895617319f420b69b9367bb
4870ac34d6986c95352ed1df234a02f3,0,0,0,2025-10,YouTube Music,AUBEC2046282,Daw Ros,ffefb3cb9895617319f420b69b9367bb
fbd9782d0ad5f423b84856cb503bc293,0,0,0,2025-10,iTunes Match,AUBEC2046282,Daw Ros,ffefb3cb9895617319f420b69b9367bb
64ee3159938153a7ef0394c1c1130284,0,0,0,2025-11,Apple Music,AUBEC2046282,Daw Ros,ffefb3cb9895617319f420b69b9367bb
f451ab86617a083417a9d6f37fc3178b,3,0,0,2025-11,Spotify,AUBEC2046282,Daw Ros,ffefb3cb9895617319f420b69b9367bb
93874f709fc36e35a2e6b7da11badb61,0,0,0,2025-11,YouTube Music,AUBEC2046282,Daw Ros,ffefb3cb9895617319f420b69b9367bb
768bfa1ed518b05575dfee035662d528,0,0,0,2025-12,Apple Music,AUBEC2046282,Daw Ros,ffefb3cb9895617319f420b69b9367bb
155b2258a35643bcf834435e6c62c107,3,0,0,2025-12,Spotify,AUBEC2046282,Daw Ros,ffefb3cb9895617319f420b69b9367bb
e609d199dd512b71f5d051bf9550459d,5,0,0,2026-01,Spotify,AUBEC2046282,Daw Ros,ffefb3cb9895617319f420b69b9367bb
f872b904f2fa146a7693cc61ddecf103,0,0,0,2026-01,Apple Music,AUBEC2046282,Daw Ros,ffefb3cb9895617319f420b69b9367bb
85445b1f2a946e56d84b7f7ee57d0653,0,0,0,2026-02,Apple Music,AUBEC2046282,Daw Ros,ffefb3cb9895617319f420b69b9367bb
8e7f07c3e05f467ee1394a63dce15a12,3,0,0,2026-02,Spotify,AUBEC2046282,Daw Ros,ffefb3cb9895617319f420b69b9367bb
6adda3218ca939cc674753e6a5ca0b1f,3,0,0,2026-03,Spotify,AUBEC2046282,Daw Ros,ffefb3cb9895617319f420b69b9367bb
bd772648d904439d652e548a3503368d,0,0,0,2026-03,YouTube Music,AUBEC2046282,Daw Ros,ffefb3cb9895617319f420b69b9367bb
8fab96e32785e6f0647a70abd60fd0cd,0,0,0,2026-03,iTunes Match,AUBEC2046282,Daw Ros,ffefb3cb9895617319f420b69b9367bb
c6a4eeea87f1be4bbfcae1368a543365,0,0,0,2026-03,Apple Music,AUBEC2046282,Daw Ros,ffefb3cb9895617319f420b69b9367bb
7913af152ff6c713e28aedfd36c30501,0,0,0,2025-06,Apple Music,AUBEC2046283,Daw Ros,ffefb3cb9895617319f420b69b9367bb
cac28e781342e0a5140cd474be785c2a,5,0,0,2025-06,Spotify,AUBEC2046283,Daw Ros,ffefb3cb9895617319f420b69b9367bb
7a484f0d9b5e260bd94071dbe4df41b1,0,0,0,2025-06,iTunes Match,AUBEC2046283,Daw Ros,ffefb3cb9895617319f420b69b9367bb
866417dd0983306135b0f6fd43d301c9,0,0,0,2025-07,iTunes Match,AUBEC2046283,Daw Ros,ffefb3cb9895617319f420b69b9367bb
238c8b31ae8ffdfa72eb55bc7c45e3bf,0,0,0,2025-07,Apple Music,AUBEC2046283,Daw Ros,ffefb3cb9895617319f420b69b9367bb
46cdfd2c8fb9a859f2aa69d3b982154a,6,0,0,2025-07,Spotify,AUBEC2046283,Daw Ros,ffefb3cb9895617319f420b69b9367bb
ccb42c51d097349d7dadba3bda8aa123,8,0,0,2025-08,Spotify,AUBEC2046283,Daw Ros,ffefb3cb9895617319f420b69b9367bb
aeb605ec00265431ee1d65fbb744fac0,0,0,0,2025-08,Facebook,AUBEC2046283,Daw Ros,ffefb3cb9895617319f420b69b9367bb
ce2b4d22e044790ac60741373c1d09a7,0,0,0,2025-08,Apple Music,AUBEC2046283,Daw Ros,ffefb3cb9895617319f420b69b9367bb
8817fcf966a1925abfa027b9a71dd3a6,0,0,0,2025-08,Instagram,AUBEC2046283,Daw Ros,ffefb3cb9895617319f420b69b9367bb
8a3bd0f019baf68446304dcb87879bce,7,0,0,2025-09,Spotify,AUBEC2046283,Daw Ros,ffefb3cb9895617319f420b69b9367bb
730d1d524e2ea874bb8b4d8a94d80a08,0,0,0,2025-09,Apple Music,AUBEC2046283,Daw Ros,ffefb3cb9895617319f420b69b9367bb
2e5758b57b6cb5aaaf3f2513053a951e,0,0,0,2025-10,Apple Music,AUBEC2046283,Daw Ros,ffefb3cb9895617319f420b69b9367bb
21bbba6d48316b4ba7e4100462e3b286,0,0,0,2025-10,iTunes Match,AUBEC2046283,Daw Ros,ffefb3cb9895617319f420b69b9367bb
3624559a8446d6b084638e1d5ab1d835,4,0,0,2025-10,Spotify,AUBEC2046283,Daw Ros,ffefb3cb9895617319f420b69b9367bb
137474abd5d11204c8d4bb3e3fea9943,3,0,0,2025-11,Spotify,AUBEC2046283,Daw Ros,ffefb3cb9895617319f420b69b9367bb
5d0ce74a0eafabe407d9a40401846732,0,0,0,2025-11,Apple Music,AUBEC2046283,Daw Ros,ffefb3cb9895617319f420b69b9367bb
b969a976903396747665201208c46ac1,0,0,0,2025-11,YouTube Music,AUBEC2046283,Daw Ros,ffefb3cb9895617319f420b69b9367bb
9fc29b80cd48c4afa0d5ef0cc836300f,0,0,0,2025-12,YouTube Music,AUBEC2046283,Daw Ros,ffefb3cb9895617319f420b69b9367bb
6b64a57556c12a5521f6ea5b6d722a75,0,0,0,2025-12,Apple Music,AUBEC2046283,Daw Ros,ffefb3cb9895617319f420b69b9367bb
4643f2b64a1ec3db969a91929a25ba0f,3,0,0,2025-12,Spotify,AUBEC2046283,Daw Ros,ffefb3cb9895617319f420b69b9367bb
81babab1637187a4d45ace340fae9b9a,6,0,0,2026-01,Spotify,AUBEC2046283,Daw Ros,ffefb3cb9895617319f420b69b9367bb
52eea785d8be0bdad435e4d91f449ca0,0,0,0,2026-01,Apple Music,AUBEC2046283,Daw Ros,ffefb3cb9895617319f420b69b9367bb
31c81a8857222c2a8640da18b81b4cfe,0,0,0,2026-01,YouTube Music,AUBEC2046283,Daw Ros,ffefb3cb9895617319f420b69b9367bb
06697e8cba38912349cbbf2bc0d440c2,0,0,0,2026-02,YouTube Music,AUBEC2046283,Daw Ros,ffefb3cb9895617319f420b69b9367bb
41fe850aa3c145464f9c8d345deee7d0,0,0,0,2026-02,Apple Music,AUBEC2046283,Daw Ros,ffefb3cb9895617319f420b69b9367bb
dfbff947037fecbae86e1b278d1c96d5,6,0,0,2026-02,Spotify,AUBEC2046283,Daw Ros,ffefb3cb9895617319f420b69b9367bb
cc3206e0a015a4c214b8ac2798e0b686,3,0,0,2026-03,Spotify,AUBEC2046283,Daw Ros,ffefb3cb9895617319f420b69b9367bb
fa9661a2b6a10e2edb992a4cda723ed7,0,0,0,2026-03,Apple Music,AUBEC2046283,Daw Ros,ffefb3cb9895617319f420b69b9367bb
197000bfb68ba77f70b831c47d83d787,0,0,0,2026-03,iTunes Match,AUBEC2046283,Daw Ros,ffefb3cb9895617319f420b69b9367bb
d558422d0f6ddc65e1b0af75e6d22b6d,3,0,0,2025-06,Spotify,AUBEC2046284,Daw Ros,ffefb3cb9895617319f420b69b9367bb
63a2e2c762cf8260f3c9bf704c3976a8,0,0,0,2025-06,Apple Music,AUBEC2046284,Daw Ros,ffefb3cb9895617319f420b69b9367bb
54f1ecb1497b975ec847016093077f04,0,0,0,2025-07,Apple Music,AUBEC2046284,Daw Ros,ffefb3cb9895617319f420b69b9367bb
125630eee3ee9d78877ae3c53bab20bb,0,0,0,2025-07,iTunes Match,AUBEC2046284,Daw Ros,ffefb3cb9895617319f420b69b9367bb
1c7d3a437d67c65c169aa219976f5a73,3,0,0,2025-07,Spotify,AUBEC2046284,Daw Ros,ffefb3cb9895617319f420b69b9367bb
f0d6ceb58a7ae740aa58737a3af0666a,6,0,0,2025-08,Spotify,AUBEC2046284,Daw Ros,ffefb3cb9895617319f420b69b9367bb
98033a1c21cd799a53ce8260f6f1c9c0,0,0,0,2025-08,Apple Music,AUBEC2046284,Daw Ros,ffefb3cb9895617319f420b69b9367bb
80d39cf6e383ffa1f70fa8f2c9cee507,0,0,0,2025-08,Facebook,AUBEC2046284,Daw Ros,ffefb3cb9895617319f420b69b9367bb
f01ae26b0de56f7ee38787616863f2df,6,0,0,2025-09,Spotify,AUBEC2046284,Daw Ros,ffefb3cb9895617319f420b69b9367bb
a4ff19858e4a36b5ceae572f66f5e9c3,0,0,0,2025-09,Apple Music,AUBEC2046284,Daw Ros,ffefb3cb9895617319f420b69b9367bb
756a36011c51d71444599ddd7d7baeff,0,0,0,2025-10,Amazon Music,AUBEC2046284,Daw Ros,ffefb3cb9895617319f420b69b9367bb
3076bf32ace8936be5071c132b8bcc66,0,0,0,2025-10,Apple Music,AUBEC2046284,Daw Ros,ffefb3cb9895617319f420b69b9367bb
21174101e1cbc83b5e179fdbad612ea3,1,0,0,2025-10,Spotify,AUBEC2046284,Daw Ros,ffefb3cb9895617319f420b69b9367bb
585ed268d2c44afa2f45c330b295987b,0,0,0,2025-10,iTunes Match,AUBEC2046284,Daw Ros,ffefb3cb9895617319f420b69b9367bb
ac394346398c66c4a65dc83fed11f94a,0,0,0,2025-11,YouTube Music,AUBEC2046284,Daw Ros,ffefb3cb9895617319f420b69b9367bb
1ec6e468715174b9c23f7876939f2ed1,0,0,0,2025-11,Spotify,AUBEC2046284,Daw Ros,ffefb3cb9895617319f420b69b9367bb
7029f676e475e4e1b1a68c99a2cde397,0,0,0,2025-11,Apple Music,AUBEC2046284,Daw Ros,ffefb3cb9895617319f420b69b9367bb
e069e1514320163a38d16be43d5c14ab,0,0,0,2025-12,Apple Music,AUBEC2046284,Daw Ros,ffefb3cb9895617319f420b69b9367bb
df9c592e88254aec81f3237e1049b5ca,0,0,0,2025-12,Spotify,AUBEC2046284,Daw Ros,ffefb3cb9895617319f420b69b9367bb
af6627988fb2ef805a9f1db3b2b2f226,0,0,0,2025-12,YouTube Music,AUBEC2046284,Daw Ros,ffefb3cb9895617319f420b69b9367bb
cb86e5941c53eab5adf3d711832ef410,0,0,0,2026-01,YouTube Music,AUBEC2046284,Daw Ros,ffefb3cb9895617319f420b69b9367bb
deaf278d8dc9bb3d83cb4526339abc17,0,0,0,2026-01,Spotify,AUBEC2046284,Daw Ros,ffefb3cb9895617319f420b69b9367bb
ba870e77f13ca3dd3a68d3071531080b,0,0,0,2026-01,Apple Music,AUBEC2046284,Daw Ros,ffefb3cb9895617319f420b69b9367bb
c0c23ac2d9bc5e6077d1b603eedf3718,0,0,0,2026-02,Apple Music,AUBEC2046284,Daw Ros,ffefb3cb9895617319f420b69b9367bb
b8d2ec2a37f4ac829f52940ad26352ec,0,0,0,2026-02,Spotify,AUBEC2046284,Daw Ros,ffefb3cb9895617319f420b69b9367bb
a5dd784d0262a1a0171db305335c054a,0,0,0,2026-02,YouTube Music,AUBEC2046284,Daw Ros,ffefb3cb9895617319f420b69b9367bb
5eeee842ba311c8d9c6d721d8280ea83,0,0,0,2026-03,iTunes Match,AUBEC2046284,Daw Ros,ffefb3cb9895617319f420b69b9367bb
31aa6dd45c12e77edec2842c2d8935af,0,0,0,2026-03,Spotify,AUBEC2046284,Daw Ros,ffefb3cb9895617319f420b69b9367bb
4cf4f2ec609b6b6d79da32c0e9c88e3c,0,0,0,2026-03,Apple Music,AUBEC2046284,Daw Ros,ffefb3cb9895617319f420b69b9367bb
fdfe82a96754d06c3913a290cddbf00b,0,0,0,2025-06,Apple Music,AUBEC2046285,Daw Ros,ffefb3cb9895617319f420b69b9367bb
3bc23840a2b8f242e73f2834e4ee5b34,4,0,0,2025-06,Spotify,AUBEC2046285,Daw Ros,ffefb3cb9895617319f420b69b9367bb
0395598ac1411542cb047eb8da387152,8,0,0,2025-07,Spotify,AUBEC2046285,Daw Ros,ffefb3cb9895617319f420b69b9367bb
a32050656d2ed55eeb864e7c39419827,0,0,0,2025-07,Apple Music,AUBEC2046285,Daw Ros,ffefb3cb9895617319f420b69b9367bb
5e78e9617b5fec79cbd2d6246eb97365,0,0,0,2025-07,iTunes Match,AUBEC2046285,Daw Ros,ffefb3cb9895617319f420b69b9367bb
7e907f3958ba7d674db0966f58ebdac8,0,0,0,2025-08,Facebook,AUBEC2046285,Daw Ros,ffefb3cb9895617319f420b69b9367bb
a4e6b2ca55cf0abe82569b45bbb013a5,0,0,0,2025-08,Instagram,AUBEC2046285,Daw Ros,ffefb3cb9895617319f420b69b9367bb
fe64ad889ee74230ba976d7d84772231,0,0,0,2025-08,TikTok,AUBEC2046285,Daw Ros,ffefb3cb9895617319f420b69b9367bb
ab6288a3adfd719cb2b528797d0349dc,0,0,0,2025-08,Amazon Music,AUBEC2046285,Daw Ros,ffefb3cb9895617319f420b69b9367bb
53c23af51ff4d7a679b83eb57cbf2438,0,0,0,2025-08,Apple Music,AUBEC2046285,Daw Ros,ffefb3cb9895617319f420b69b9367bb
7bdd23ad14cc62b6350ca9350fd68db5,5,0,0,2025-08,Spotify,AUBEC2046285,Daw Ros,ffefb3cb9895617319f420b69b9367bb
117b6f4fbd11529252cba6a09ae8be5d,4,0,0,2025-09,Spotify,AUBEC2046285,Daw Ros,ffefb3cb9895617319f420b69b9367bb
cb8e49ee60ca1a8a91720d0660f2a916,0,0,0,2025-09,Amazon Music,AUBEC2046285,Daw Ros,ffefb3cb9895617319f420b69b9367bb
256e36c62b28cf3a4dc4fec326153582,0,0,0,2025-09,Apple Music,AUBEC2046285,Daw Ros,ffefb3cb9895617319f420b69b9367bb
eff4bdeefb066b281ce2800b28d50c84,0,0,0,2025-10,Apple Music,AUBEC2046285,Daw Ros,ffefb3cb9895617319f420b69b9367bb
0bbd744736307b16e199f509d2aa5873,0,0,0,2025-10,iTunes Match,AUBEC2046285,Daw Ros,ffefb3cb9895617319f420b69b9367bb
4326db699537721e516855ebf6193da2,0,0,0,2025-10,YouTube Music,AUBEC2046285,Daw Ros,ffefb3cb9895617319f420b69b9367bb
6af4b8a953e9c731749193346536392c,0,0,0,2025-10,Spotify,AUBEC2046285,Daw Ros,ffefb3cb9895617319f420b69b9367bb
b5a8f8b7277cbcc0da4c11bf15849416,0,0,0,2025-10,TikTok,AUBEC2046285,Daw Ros,ffefb3cb9895617319f420b69b9367bb
355a326c190d4e3c134192b27a6da12a,0,0,0,2025-11,TikTok,AUBEC2046285,Daw Ros,ffefb3cb9895617319f420b69b9367bb
8827e40c84363a71640c25c865da62a1,0,0,0,2025-11,Apple Music,AUBEC2046285,Daw Ros,ffefb3cb9895617319f420b69b9367bb
3340e468476e085ed9399e98b5c08b06,0,0,0,2025-11,Spotify,AUBEC2046285,Daw Ros,ffefb3cb9895617319f420b69b9367bb
4fdea6462b7c743791dba0c3e6f4f613,0,0,0,2025-11,YouTube Music,AUBEC2046285,Daw Ros,ffefb3cb9895617319f420b69b9367bb
b08c3fe7106acfbe67ade374f9a51943,0,0,0,2025-12,YouTube Music,AUBEC2046285,Daw Ros,ffefb3cb9895617319f420b69b9367bb
24143b7b9b0adec869b93c2fc9f7f144,0,0,0,2025-12,Spotify,AUBEC2046285,Daw Ros,ffefb3cb9895617319f420b69b9367bb
ce756dc5ccd1d90dac303cc63cea3550,0,0,0,2025-12,Apple Music,AUBEC2046285,Daw Ros,ffefb3cb9895617319f420b69b9367bb
7a59ec4bcc6da7fc58a1e897e3aca81f,0,0,0,2026-01,Apple Music,AUBEC2046285,Daw Ros,ffefb3cb9895617319f420b69b9367bb
a649560aa76abe59b28bcec7834f6dbe,0,0,0,2026-01,Spotify,AUBEC2046285,Daw Ros,ffefb3cb9895617319f420b69b9367bb
6fe9a4b542e7a005bb2d4c024a6e9eff,0,0,0,2026-02,Spotify,AUBEC2046285,Daw Ros,ffefb3cb9895617319f420b69b9367bb
24eab2a2454103109d5411887a9de992,0,0,0,2026-02,Apple Music,AUBEC2046285,Daw Ros,ffefb3cb9895617319f420b69b9367bb
93305da589ca165d9495b1dd83b7d485,0,0,0,2026-03,Apple Music,AUBEC2046285,Daw Ros,ffefb3cb9895617319f420b69b9367bb
576355956ebbc939d9a7415cd0069bb8,0,0,0,2026-03,iTunes Match,AUBEC2046285,Daw Ros,ffefb3cb9895617319f420b69b9367bb
9c690e46606fc06188097a20bb613cd4,0,0,0,2026-03,Spotify,AUBEC2046285,Daw Ros,ffefb3cb9895617319f420b69b9367bb
55a3cedc01e59225a838e0d55ef71bf0,3,0,0,2025-06,Spotify,AUBEC2046286,Daw Ros,ffefb3cb9895617319f420b69b9367bb
b255a28d4950c452ad2e3b08369452da,0,0,0,2025-06,Apple Music,AUBEC2046286,Daw Ros,ffefb3cb9895617319f420b69b9367bb
d4e01876b12d01df6175c9f77f3f909a,0,0,0,2025-06,Amazon Music,AUBEC2046286,Daw Ros,ffefb3cb9895617319f420b69b9367bb
c1e37dfe5dff6b3c22ef923525640974,0,0,0,2025-06,iTunes Match,AUBEC2046286,Daw Ros,ffefb3cb9895617319f420b69b9367bb
72915629dfd1c8372b0335d65d2c6a7e,0,0,0,2025-07,iTunes Match,AUBEC2046286,Daw Ros,ffefb3cb9895617319f420b69b9367bb
6526b795c9af31dbed029ed8ae44047d,5,0,0,2025-07,Spotify,AUBEC2046286,Daw Ros,ffefb3cb9895617319f420b69b9367bb
0fcb64e2fd5666891e2757a222532ea3,0,0,0,2025-07,Apple Music,AUBEC2046286,Daw Ros,ffefb3cb9895617319f420b69b9367bb
866df26c2e5f369cfae14059db277d8c,0,0,0,2025-08,Apple Music,AUBEC2046286,Daw Ros,ffefb3cb9895617319f420b69b9367bb
b8653f932966cd7b1693864b09747c74,0,0,0,2025-08,Instagram,AUBEC2046286,Daw Ros,ffefb3cb9895617319f420b69b9367bb
d4aa0c831612985a9e64b25191329714,0,0,0,2025-08,Facebook,AUBEC2046286,Daw Ros,ffefb3cb9895617319f420b69b9367bb
351bdd09e675abf9e2e3030bebc97fa4,5,0,0,2025-08,Spotify,AUBEC2046286,Daw Ros,ffefb3cb9895617319f420b69b9367bb
e560cf8a1428819807ea2d970e82f492,15,0,0,2025-09,Spotify,AUBEC2046286,Daw Ros,ffefb3cb9895617319f420b69b9367bb
34095c1895792bdb79fb6306518588e0,0,0,0,2025-09,Apple Music,AUBEC2046286,Daw Ros,ffefb3cb9895617319f420b69b9367bb
6c03439366ab9fe736df3ab0b500be1c,0,0,0,2025-10,Apple Music,AUBEC2046286,Daw Ros,ffefb3cb9895617319f420b69b9367bb
a3daf4a995532eb51abebe623122b4ab,0,0,0,2025-10,Amazon Music,AUBEC2046286,Daw Ros,ffefb3cb9895617319f420b69b9367bb
411293838612ae98975a1af5582972db,5,0,0,2025-10,Spotify,AUBEC2046286,Daw Ros,ffefb3cb9895617319f420b69b9367bb
5d9619a8befc1f20b69f897647082623,0,0,0,2025-10,iTunes Match,AUBEC2046286,Daw Ros,ffefb3cb9895617319f420b69b9367bb
f3bf3902e0f414f866bfcee656879570,6,0,0,2025-11,Spotify,AUBEC2046286,Daw Ros,ffefb3cb9895617319f420b69b9367bb
bdca91dcbcfe149fcc42d9d9c0074fcc,0,0,0,2025-11,Apple Music,AUBEC2046286,Daw Ros,ffefb3cb9895617319f420b69b9367bb
70d17dff23ba5e4d8bb6153aa3e1306a,0,0,0,2025-12,Apple Music,AUBEC2046286,Daw Ros,ffefb3cb9895617319f420b69b9367bb
345198773fc0613e6bbd3c8dfde4547b,5,0,0,2025-12,Spotify,AUBEC2046286,Daw Ros,ffefb3cb9895617319f420b69b9367bb
dc60f1f7deb04c19551fa0620f90d9e0,0,0,0,2025-12,YouTube Music,AUBEC2046286,Daw Ros,ffefb3cb9895617319f420b69b9367bb
2f0bbdd7ff7c8e0b8ffba2d349c02259,0,0,0,2026-01,YouTube Music,AUBEC2046286,Daw Ros,ffefb3cb9895617319f420b69b9367bb
31f1be0d69ea73cfc21959a9f1046e3b,0,0,0,2026-01,Apple Music,AUBEC2046286,Daw Ros,ffefb3cb9895617319f420b69b9367bb
6f44b6c1968d43d73916b8b2e9be874a,4,0,0,2026-01,Spotify,AUBEC2046286,Daw Ros,ffefb3cb9895617319f420b69b9367bb
2b8e4a1471f29c71ed7abd1c5d8a5004,5,0,0,2026-02,Spotify,AUBEC2046286,Daw Ros,ffefb3cb9895617319f420b69b9367bb
8f88371fc1a04fcb93454eaf7a947289,0,0,0,2026-02,Apple Music,AUBEC2046286,Daw Ros,ffefb3cb9895617319f420b69b9367bb
7e211b91d264cb00d639b7e153fb00f9,0,0,0,2026-03,Apple Music,AUBEC2046286,Daw Ros,ffefb3cb9895617319f420b69b9367bb
de1c6fe945a13638fe0c616a3c837f35,0,0,0,2026-03,iTunes Match,AUBEC2046286,Daw Ros,ffefb3cb9895617319f420b69b9367bb
a0f0a771dd8449f639b0543a2b755726,5,0,0,2026-03,Spotify,AUBEC2046286,Daw Ros,ffefb3cb9895617319f420b69b9367bb
c76b03656da83f501edfab253b4fe0f8,5,0,0,2025-06,Spotify,AUBEC2046288,Daw Ros,ffefb3cb9895617319f420b69b9367bb
bf052ee03f2332adb1bbde25eab19140,0,0,0,2025-06,Apple Music,AUBEC2046288,Daw Ros,ffefb3cb9895617319f420b69b9367bb
e7e285a20484a7759fc20e53ea586dea,0,0,0,2025-06,iTunes Match,AUBEC2046288,Daw Ros,ffefb3cb9895617319f420b69b9367bb
08b9d4d97bcd31d30c57da10acf3cd40,0,0,0,2025-07,iTunes Match,AUBEC2046288,Daw Ros,ffefb3cb9895617319f420b69b9367bb
aebfe08351dc9c34582b1f05aa4645d6,5,0,0,2025-07,Spotify,AUBEC2046288,Daw Ros,ffefb3cb9895617319f420b69b9367bb
08d8ea6dc8d665b7687987a8ff97e4dd,0,0,0,2025-07,Apple Music,AUBEC2046288,Daw Ros,ffefb3cb9895617319f420b69b9367bb
40c37f4fc8ecb2d1e297a6c83284317b,0,0,0,2025-08,Apple Music,AUBEC2046288,Daw Ros,ffefb3cb9895617319f420b69b9367bb
1aa0b86e7707a1b87ef8f04533d86e25,0,0,0,2025-08,TikTok,AUBEC2046288,Daw Ros,ffefb3cb9895617319f420b69b9367bb
c26ee88c05315bfe9c8b49bf8c541961,7,0,0,2025-08,Spotify,AUBEC2046288,Daw Ros,ffefb3cb9895617319f420b69b9367bb
8bf73b7d1a7589fa79e6a8a6c409d8b3,5,0,0,2025-09,Spotify,AUBEC2046288,Daw Ros,ffefb3cb9895617319f420b69b9367bb
1152433d1ff522333623f028d3f47ee7,0,0,0,2025-09,Apple Music,AUBEC2046288,Daw Ros,ffefb3cb9895617319f420b69b9367bb
fea53e7e7bdb803e98bc7f569dc3e309,0,0,0,2025-10,Apple Music,AUBEC2046288,Daw Ros,ffefb3cb9895617319f420b69b9367bb
cd198692cea389ecc4ae743ffabd6fd5,4,0,0,2025-10,Spotify,AUBEC2046288,Daw Ros,ffefb3cb9895617319f420b69b9367bb
17923632517f67b0f4afdbdb9d668c94,0,0,0,2025-10,iTunes Match,AUBEC2046288,Daw Ros,ffefb3cb9895617319f420b69b9367bb
32f199cecc833824c60a003475f8aaa1,0,0,0,2025-10,TikTok,AUBEC2046288,Daw Ros,ffefb3cb9895617319f420b69b9367bb
3dd8ddc729a3dbaad43d5087433789d7,4,0,0,2025-11,Spotify,AUBEC2046288,Daw Ros,ffefb3cb9895617319f420b69b9367bb
8d76eda2feb35a3ab946df1bd8d7477c,0,0,0,2025-11,Apple Music,AUBEC2046288,Daw Ros,ffefb3cb9895617319f420b69b9367bb
9ff5ed4f17f37561680d7b1e0bf0b054,0,0,0,2025-11,YouTube Music,AUBEC2046288,Daw Ros,ffefb3cb9895617319f420b69b9367bb
13602d1aed8ff6eb751e9e8a162cae23,0,0,0,2025-12,Apple Music,AUBEC2046288,Daw Ros,ffefb3cb9895617319f420b69b9367bb
318b93b507ae02be53b277845b5f7c29,3,0,0,2025-12,Spotify,AUBEC2046288,Daw Ros,ffefb3cb9895617319f420b69b9367bb
8ebce1ef8db41e73c3961614c3f15cc3,4,0,0,2026-01,Spotify,AUBEC2046288,Daw Ros,ffefb3cb9895617319f420b69b9367bb
5eb9398c573aab1d7e4dbdb78c5bdb1a,0,0,0,2026-01,Apple Music,AUBEC2046288,Daw Ros,ffefb3cb9895617319f420b69b9367bb
d8e0f76ee0ad3c534e2451ee2157bc33,0,0,0,2026-01,YouTube Music,AUBEC2046288,Daw Ros,ffefb3cb9895617319f420b69b9367bb
e51286b17682b11609ced47a4717e871,0,0,0,2026-02,YouTube Music,AUBEC2046288,Daw Ros,ffefb3cb9895617319f420b69b9367bb
e770ff14d39fb8665887dcc8de686b38,0,0,0,2026-02,Apple Music,AUBEC2046288,Daw Ros,ffefb3cb9895617319f420b69b9367bb
fb999e6dc8ca99029f52d5a78760213b,5,0,0,2026-02,Spotify,AUBEC2046288,Daw Ros,ffefb3cb9895617319f420b69b9367bb
00ef60a2ff2176150131ceb7d1d7c593,4,0,0,2026-03,Spotify,AUBEC2046288,Daw Ros,ffefb3cb9895617319f420b69b9367bb
1dd8265c25a489b59d6c5552a5160026,0,0,0,2026-03,Apple Music,AUBEC2046288,Daw Ros,ffefb3cb9895617319f420b69b9367bb
51f8d43e90a8f63865ada8c4d6aaa02b,0,0,0,2026-03,iTunes Match,AUBEC2046288,Daw Ros,ffefb3cb9895617319f420b69b9367bb
74f5a735550018d35a482252bcc2ffb2,0,0,0,2025-06,iTunes Match,AUBEC2046540,Daw Ros,ffefb3cb9895617319f420b69b9367bb
49d4f9b9a2dd2e1c7af900ee899e5d23,3,0,0,2025-06,Spotify,AUBEC2046540,Daw Ros,ffefb3cb9895617319f420b69b9367bb
c1761f57f0f7732be7767da9f3186e43,0,0,0,2025-06,Amazon Music,AUBEC2046540,Daw Ros,ffefb3cb9895617319f420b69b9367bb
6f3a8e7d34d709def508a664b3ac4492,0,0,0,2025-06,Apple Music,AUBEC2046540,Daw Ros,ffefb3cb9895617319f420b69b9367bb
d43a57acf75ab4f724146376261164d2,0,0,0,2025-07,Apple Music,AUBEC2046540,Daw Ros,ffefb3cb9895617319f420b69b9367bb
5b8a08b179b75ae55eac48c507e28578,0,0,0,2025-07,iTunes Match,AUBEC2046540,Daw Ros,ffefb3cb9895617319f420b69b9367bb
df8c1de6936cfcd01dd13a9f23e098f6,3,0,0,2025-07,Spotify,AUBEC2046540,Daw Ros,ffefb3cb9895617319f420b69b9367bb
870128b0444715a228be9ceee0343698,0,0,0,2025-08,Netease Cloud Music,AUBEC2046540,Daw Ros,ffefb3cb9895617319f420b69b9367bb
b2787cfd9308bda67c6dc5fc27cf1a86,4,0,0,2025-08,Spotify,AUBEC2046540,Daw Ros,ffefb3cb9895617319f420b69b9367bb
85c4c24f485d562aa814aa0c1ec21c8a,0,0,0,2025-08,Apple Music,AUBEC2046540,Daw Ros,ffefb3cb9895617319f420b69b9367bb
2e00ae25f0e88542581ef745387c2810,0,0,0,2025-08,Instagram,AUBEC2046540,Daw Ros,ffefb3cb9895617319f420b69b9367bb
0e861853cac75b7ab38c2111ad65defd,0,0,0,2025-08,Facebook,AUBEC2046540,Daw Ros,ffefb3cb9895617319f420b69b9367bb
bf8f0c038d231d35f9c3f87c1148cd44,0,0,0,2025-09,Apple Music,AUBEC2046540,Daw Ros,ffefb3cb9895617319f420b69b9367bb
afb023a38fdc87576abde3a4733ef508,4,0,0,2025-09,Spotify,AUBEC2046540,Daw Ros,ffefb3cb9895617319f420b69b9367bb
4a12914255da33cd31ab7c0c13efde04,0,0,0,2025-09,iTunes Match,AUBEC2046540,Daw Ros,ffefb3cb9895617319f420b69b9367bb
f6071d378b2333c1537e23a182bc48a2,0,0,0,2025-10,iTunes Match,AUBEC2046540,Daw Ros,ffefb3cb9895617319f420b69b9367bb
a5d02438cdb5beb59b37648b81e235b0,0,0,0,2025-10,Apple Music,AUBEC2046540,Daw Ros,ffefb3cb9895617319f420b69b9367bb
a4fc547a1287b48e2ff991e2b6156553,0,0,0,2025-10,YouTube Music,AUBEC2046540,Daw Ros,ffefb3cb9895617319f420b69b9367bb
9dd934f892811e17d2b16472391f2462,0,0,0,2025-10,Spotify,AUBEC2046540,Daw Ros,ffefb3cb9895617319f420b69b9367bb
a4ae3779d67cca2382436fd5419f3fbe,0,0,0,2025-11,Spotify,AUBEC2046540,Daw Ros,ffefb3cb9895617319f420b69b9367bb
f362c02b07ea4c778f716dacfa7dcb68,0,0,0,2025-11,Apple Music,AUBEC2046540,Daw Ros,ffefb3cb9895617319f420b69b9367bb
faa1ddf43f807141a0abff692081571d,0,0,0,2025-11,YouTube Music,AUBEC2046540,Daw Ros,ffefb3cb9895617319f420b69b9367bb
840b13b07ebc7ba6ff7f1cb02712986a,0,0,0,2025-12,Spotify,AUBEC2046540,Daw Ros,ffefb3cb9895617319f420b69b9367bb
2092107388c23732de68b456f6e02f63,0,0,0,2025-12,Apple Music,AUBEC2046540,Daw Ros,ffefb3cb9895617319f420b69b9367bb
27e5b83113ca77420c97afec94b41847,0,0,0,2026-01,Apple Music,AUBEC2046540,Daw Ros,ffefb3cb9895617319f420b69b9367bb
82d8b683a16ae7a2306a59134666a132,0,0,0,2026-01,YouTube Music,AUBEC2046540,Daw Ros,ffefb3cb9895617319f420b69b9367bb
e5b290dd26001d3a1566d4283c33d223,0,0,0,2026-01,Spotify,AUBEC2046540,Daw Ros,ffefb3cb9895617319f420b69b9367bb
7fbefe4bdea9c74a00b104ee9c34c802,0,0,0,2026-02,Spotify,AUBEC2046540,Daw Ros,ffefb3cb9895617319f420b69b9367bb
bc7a1d8b4f3a4476136d6d85818260e1,0,0,0,2026-02,Apple Music,AUBEC2046540,Daw Ros,ffefb3cb9895617319f420b69b9367bb
825ca9574a01980dea374c5e8f3f4b0d,0,0,0,2026-02,YouTube Music,AUBEC2046540,Daw Ros,ffefb3cb9895617319f420b69b9367bb
cb9d2481149dbf53fcbfd064f235cd0a,0,0,0,2026-03,Spotify,AUBEC2046540,Daw Ros,ffefb3cb9895617319f420b69b9367bb
487487245865656a959085d317f293ab,0,0,0,2026-03,iTunes Match,AUBEC2046540,Daw Ros,ffefb3cb9895617319f420b69b9367bb
db2dd8171c564c00def8c8b9db0f15ad,0,0,0,2026-03,Apple Music,AUBEC2046540,Daw Ros,ffefb3cb9895617319f420b69b9367bb
f0172d08f6044dd8048a8f1b78d4e79b,0,0,0,2025-06,Apple Music,AUBEC2050197,Dee Art,ffefb3cb9895617319f420b69b9367bb
7fdf7393ea67687b54819c8afc9c9b63,0,0,0,2025-06,Amazon Music,AUBEC2050197,Dee Art,ffefb3cb9895617319f420b69b9367bb
8463c36bd023cadefa51bfb7306c0b8a,0,0,0,2025-06,Amazon Prime Music,AUBEC2050197,Dee Art,ffefb3cb9895617319f420b69b9367bb
3229b0db6f559b333ab78f959a7a7396,3,0,0,2025-06,Spotify,AUBEC2050197,Dee Art,ffefb3cb9895617319f420b69b9367bb
abf9f05eaf493f89a433c89002726e8d,0,0,0,2025-06,YouTube Music,AUBEC2050197,Dee Art,ffefb3cb9895617319f420b69b9367bb
369dcc4a29c1228dbf31d62588a600a5,0,0,0,2025-06,iTunes Match,AUBEC2050197,Dee Art,ffefb3cb9895617319f420b69b9367bb
b417c8f84ea7231c66268d1812a02fa3,0,0,0,2025-07,iTunes Match,AUBEC2050197,Dee Art,ffefb3cb9895617319f420b69b9367bb
91c3d52dda9bb966bcbfbefa5fb0b1f9,4,0,0,2025-07,Spotify,AUBEC2050197,Dee Art,ffefb3cb9895617319f420b69b9367bb
c1fdc0ef777ab60f0958a8e2c2852cdb,0,0,0,2025-07,Apple Music,AUBEC2050197,Dee Art,ffefb3cb9895617319f420b69b9367bb
51220489c84e43d5e11a63eb3c7b505a,0,0,0,2025-08,Amazon Music,AUBEC2050197,Dee Art,ffefb3cb9895617319f420b69b9367bb
ceb9bf5b036e8200d87a9136af7f0900,0,0,0,2025-08,Apple Music,AUBEC2050197,Dee Art,ffefb3cb9895617319f420b69b9367bb
9d0f5d3256a0dc760ee6519f50dc64b6,4,0,0,2025-08,Spotify,AUBEC2050197,Dee Art,ffefb3cb9895617319f420b69b9367bb
62ce9bc4a83c53e8eb61a5a86e654fa9,0,0,0,2025-08,iTunes Match,AUBEC2050197,Dee Art,ffefb3cb9895617319f420b69b9367bb
48ab84ffb56230f8f50dd1defcecb847,0,0,0,2025-08,TikTok,AUBEC2050197,Dee Art,ffefb3cb9895617319f420b69b9367bb
f46b33c9f7f4bc1dfc8144b11df276bf,0,0,0,2025-08,Deezer,AUBEC2050197,Dee Art,ffefb3cb9895617319f420b69b9367bb
70fcbc839dbdaefe8f8b055c44d5d024,0,0,0,2025-08,YouTube Music,AUBEC2050197,Dee Art,ffefb3cb9895617319f420b69b9367bb
180635e4d4e7a95547f6f37bc55a3143,6,0,0,2025-09,Spotify,AUBEC2050197,Dee Art,ffefb3cb9895617319f420b69b9367bb
72fb22b39214838e07794599953dd028,0,0,0,2025-09,Apple Music,AUBEC2050197,Dee Art,ffefb3cb9895617319f420b69b9367bb
93a9283d6b906cf5c305f95e4028fd6e,0,0,0,2025-09,Amazon Music,AUBEC2050197,Dee Art,ffefb3cb9895617319f420b69b9367bb
d1be4189525847b505aee248f505c1d9,0,0,0,2025-09,iTunes Match,AUBEC2050197,Dee Art,ffefb3cb9895617319f420b69b9367bb
e0851ff2e9a733dbc63bd2ef7b1acd34,0,0,0,2025-10,iTunes Match,AUBEC2050197,Dee Art,ffefb3cb9895617319f420b69b9367bb
5bf6feae8017999415f3ac11694ff0c9,0,0,0,2025-10,Amazon Music,AUBEC2050197,Dee Art,ffefb3cb9895617319f420b69b9367bb
bc1e115a2b6dc8231ce30022dfc326f4,0,0,0,2025-10,Apple Music,AUBEC2050197,Dee Art,ffefb3cb9895617319f420b69b9367bb
a8ac2fa6f50c7a982b2b8f543b29ba7c,0,0,0,2025-10,Amazon Prime Music,AUBEC2050197,Dee Art,ffefb3cb9895617319f420b69b9367bb
06e22588e9685ad6f183d3c08ee6b668,0,0,0,2025-10,YouTube Music,AUBEC2050197,Dee Art,ffefb3cb9895617319f420b69b9367bb
1ce7e5800c56c77f75f6c1bf206e34a8,7,0,0,2025-10,Spotify,AUBEC2050197,Dee Art,ffefb3cb9895617319f420b69b9367bb
ad1c75feadee2e45ce4e21f28aa61cd9,13,0,0,2025-11,Spotify,AUBEC2050197,Dee Art,ffefb3cb9895617319f420b69b9367bb
c4e593c821cab57ec1f84ff4dd9b1e47,0,0,0,2025-11,iTunes Match,AUBEC2050197,Dee Art,ffefb3cb9895617319f420b69b9367bb
d9782c4289c393bdc048f2f7144e8be6,0,0,0,2025-11,TikTok,AUBEC2050197,Dee Art,ffefb3cb9895617319f420b69b9367bb
7ea133929acad30564f86b484871218e,0,0,0,2025-11,Apple Music,AUBEC2050197,Dee Art,ffefb3cb9895617319f420b69b9367bb
51922629d629c65dc6528671744cde4b,0,0,0,2025-12,Apple Music,AUBEC2050197,Dee Art,ffefb3cb9895617319f420b69b9367bb
898fa3931a530ae2aaba9683ba39c4ae,14,0,0,2025-12,Spotify,AUBEC2050197,Dee Art,ffefb3cb9895617319f420b69b9367bb
daeae78c4b9f3c82fb8f38db75814f51,0,0,0,2025-12,YouTube Music,AUBEC2050197,Dee Art,ffefb3cb9895617319f420b69b9367bb
2652658d3316eb003c23b84b69be850d,0,0,0,2025-12,iTunes Match,AUBEC2050197,Dee Art,ffefb3cb9895617319f420b69b9367bb
944fa0f69a18b415917632ef90584fdb,0,0,0,2026-01,iTunes Match,AUBEC2050197,Dee Art,ffefb3cb9895617319f420b69b9367bb
d25a2156fe269f7f4afa9b7e1132b180,0,0,0,2026-01,Apple Music,AUBEC2050197,Dee Art,ffefb3cb9895617319f420b69b9367bb
4e3d1168f9c941069f64597b186018a0,12,0,0,2026-01,Spotify,AUBEC2050197,Dee Art,ffefb3cb9895617319f420b69b9367bb
c3192014d7d726986172f4d5f70db81f,7,0,0,2026-02,Spotify,AUBEC2050197,Dee Art,ffefb3cb9895617319f420b69b9367bb
bcc334015171ddfab0d75ea643ea0913,0,0,0,2026-02,Apple Music,AUBEC2050197,Dee Art,ffefb3cb9895617319f420b69b9367bb
b6e91d1bc2b3592c4c1de6f469f00349,0,0,0,2026-02,YouTube Music,AUBEC2050197,Dee Art,ffefb3cb9895617319f420b69b9367bb
b59134acbb61c280a8efa61ae6fcace9,0,0,0,2026-03,YouTube Music,AUBEC2050197,Dee Art,ffefb3cb9895617319f420b69b9367bb
e32cc35c06d8b7b4111433f128250e06,0,0,0,2026-03,Apple Music,AUBEC2050197,Dee Art,ffefb3cb9895617319f420b69b9367bb
e80302e10291df69add81b43805a74aa,0,0,0,2026-03,Amazon Music,AUBEC2050197,Dee Art,ffefb3cb9895617319f420b69b9367bb
fa71814bb7c32c77b4b312c2be606de5,6,0,0,2026-03,Spotify,AUBEC2050197,Dee Art,ffefb3cb9895617319f420b69b9367bb
ff6058fb64bed844ace1251d70d1a685,0,0,0,2026-03,iTunes Match,AUBEC2050197,Dee Art,ffefb3cb9895617319f420b69b9367bb
3e7220bbb6517da02b5f90871a1b577f,0,0,0,2025-06,iTunes Match,AUBEC2050199,Dee Art,ffefb3cb9895617319f420b69b9367bb
ad2ea8b3876c629b92c1655edf0f6a33,3,0,0,2025-06,Spotify,AUBEC2050199,Dee Art,ffefb3cb9895617319f420b69b9367bb
9aca238947df5d2d7388effb4ceff1b9,0,0,0,2025-06,Apple Music,AUBEC2050199,Dee Art,ffefb3cb9895617319f420b69b9367bb
e16bccbac51ffaabd415c4ab849ba75a,0,0,0,2025-06,Amazon Prime Music,AUBEC2050199,Dee Art,ffefb3cb9895617319f420b69b9367bb
65f972c73fe1cf33577c34a11804d7f4,0,0,0,2025-06,Amazon Music,AUBEC2050199,Dee Art,ffefb3cb9895617319f420b69b9367bb
8c9ecbe12e681684d1b8de14c73f525f,0,0,0,2025-07,Apple Music,AUBEC2050199,Dee Art,ffefb3cb9895617319f420b69b9367bb
e4713557e45026140869e902fb676347,3,0,0,2025-07,Spotify,AUBEC2050199,Dee Art,ffefb3cb9895617319f420b69b9367bb
95636d22b194641e4f97f733ebc6d51a,0,0,0,2025-07,iTunes Match,AUBEC2050199,Dee Art,ffefb3cb9895617319f420b69b9367bb
5e3449be39f77fc575ef8501c1b0fd86,0,0,0,2025-08,iTunes Match,AUBEC2050199,Dee Art,ffefb3cb9895617319f420b69b9367bb
150bbe2e2e4c6133a6f39fc1a0f3b565,3,0,0,2025-08,Spotify,AUBEC2050199,Dee Art,ffefb3cb9895617319f420b69b9367bb
5cf779b60b67692a6b5528bf4ec87ed2,0,0,0,2025-08,Netease Cloud Music,AUBEC2050199,Dee Art,ffefb3cb9895617319f420b69b9367bb
589f4ea59b02b201f4566fdd86d37874,0,0,0,2025-08,Amazon Music,AUBEC2050199,Dee Art,ffefb3cb9895617319f420b69b9367bb
ff0a2eb8b65e79abdead8d67a63f4663,0,0,0,2025-08,Apple Music,AUBEC2050199,Dee Art,ffefb3cb9895617319f420b69b9367bb
baeda6d8b102d2d90fbad89517a3e9ce,0,0,0,2025-08,Amazon Prime Music,AUBEC2050199,Dee Art,ffefb3cb9895617319f420b69b9367bb
26de3cdd6f0a2f9d368957e5cddf63c0,0,0,0,2025-08,Deezer,AUBEC2050199,Dee Art,ffefb3cb9895617319f420b69b9367bb
b7229fe9d352dee7696d314a8b1773af,7,0,0,2025-09,Spotify,AUBEC2050199,Dee Art,ffefb3cb9895617319f420b69b9367bb
f8fc3db00cacb9f36efbe02e1e50f9f3,0,0,0,2025-09,YouTube Music,AUBEC2050199,Dee Art,ffefb3cb9895617319f420b69b9367bb
5ccaf02015f528369c0b59326cb3eeb7,0,0,0,2025-09,iTunes Match,AUBEC2050199,Dee Art,ffefb3cb9895617319f420b69b9367bb
77a82e4a76536b5a5ac612f94b9445b5,0,0,0,2025-09,Apple Music,AUBEC2050199,Dee Art,ffefb3cb9895617319f420b69b9367bb
17cda112e72cff031061a3bdd12b7f88,0,0,0,2025-09,Amazon Music,AUBEC2050199,Dee Art,ffefb3cb9895617319f420b69b9367bb
f0cc07b81994fd2f3bb560aae370fbbb,0,0,0,2025-09,Amazon Prime Music,AUBEC2050199,Dee Art,ffefb3cb9895617319f420b69b9367bb
f5a31fffc2aec093109094c5f6624e6a,0,0,0,2025-10,Apple Music,AUBEC2050199,Dee Art,ffefb3cb9895617319f420b69b9367bb
d13c35d309a9ca4baecc9213f967ccf4,0,0,0,2025-10,Amazon Music,AUBEC2050199,Dee Art,ffefb3cb9895617319f420b69b9367bb
c3760fadab2ac8092c06df4b1bb66232,0,0,0,2025-10,Amazon Prime Music,AUBEC2050199,Dee Art,ffefb3cb9895617319f420b69b9367bb
18eb53546b8016c5806bea3ad4ef364f,0,0,0,2025-10,YouTube Music,AUBEC2050199,Dee Art,ffefb3cb9895617319f420b69b9367bb
4a0299939b9d90b71e0e672acefa650f,0,0,0,2025-10,Deezer,AUBEC2050199,Dee Art,ffefb3cb9895617319f420b69b9367bb
3e4005b84c3e4d56d11bc03de8298483,5,0,0,2025-10,Spotify,AUBEC2050199,Dee Art,ffefb3cb9895617319f420b69b9367bb
a1f491fdfb4c755ec34b276e922e641d,0,0,0,2025-10,iTunes Match,AUBEC2050199,Dee Art,ffefb3cb9895617319f420b69b9367bb
5771d8a982d5c43476ccc4a835b8f857,0,0,0,2025-11,iTunes Match,AUBEC2050199,Dee Art,ffefb3cb9895617319f420b69b9367bb
8dc1aa2597179f6e62f9cb5ad6cceac6,0,0,0,2025-11,Apple Music,AUBEC2050199,Dee Art,ffefb3cb9895617319f420b69b9367bb
afe899c661e284dbf3836d98dd46c87d,0,0,0,2025-11,YouTube Music,AUBEC2050199,Dee Art,ffefb3cb9895617319f420b69b9367bb
f6a73416dca47edab0430cd579571a7b,6,0,0,2025-11,Spotify,AUBEC2050199,Dee Art,ffefb3cb9895617319f420b69b9367bb
744e96e6332c4453ce2381628c89bca2,9,0,0,2025-12,Spotify,AUBEC2050199,Dee Art,ffefb3cb9895617319f420b69b9367bb
bb42749773966dcdde7929b6a63bad90,0,0,0,2025-12,Apple Music,AUBEC2050199,Dee Art,ffefb3cb9895617319f420b69b9367bb
d3bc7dbc0020c9e20a589d5cbc73a59b,0,0,0,2025-12,iTunes Match,AUBEC2050199,Dee Art,ffefb3cb9895617319f420b69b9367bb
3f11340f16537c2cb6e9936009781a85,0,0,0,2025-12,YouTube Music,AUBEC2050199,Dee Art,ffefb3cb9895617319f420b69b9367bb
445bc455fd55355a65cb2118726a0e4b,0,0,0,2026-01,YouTube Music,AUBEC2050199,Dee Art,ffefb3cb9895617319f420b69b9367bb
a2a641d1db32f926deca1d506e8a808b,0,0,0,2026-01,Apple Music,AUBEC2050199,Dee Art,ffefb3cb9895617319f420b69b9367bb
49dbff54c0968c7565a0dbd5582d9ceb,6,0,0,2026-01,Spotify,AUBEC2050199,Dee Art,ffefb3cb9895617319f420b69b9367bb
232bbbfd85fb62335ac95ff043171211,0,0,0,2026-01,iTunes Match,AUBEC2050199,Dee Art,ffefb3cb9895617319f420b69b9367bb
ac1bcfe98a020b129a76abfe34901185,0,0,0,2026-02,Apple Music,AUBEC2050199,Dee Art,ffefb3cb9895617319f420b69b9367bb
2f0fad2ef40acbc7a4a480527c533efd,0,0,0,2026-02,YouTube Music,AUBEC2050199,Dee Art,ffefb3cb9895617319f420b69b9367bb
5ff12bc41d31594d5775589c427f1dc8,6,0,0,2026-02,Spotify,AUBEC2050199,Dee Art,ffefb3cb9895617319f420b69b9367bb
1f083fde913ba85a39d15334b81d8402,12,0,0,2026-03,Spotify,AUBEC2050199,Dee Art,ffefb3cb9895617319f420b69b9367bb
29878c15f1b5503634bc2faa4163f0e5,0,0,0,2026-03,Apple Music,AUBEC2050199,Dee Art,ffefb3cb9895617319f420b69b9367bb
7650d735d38ea1b2469a55746f46ddf0,0,0,0,2026-03,Amazon Music,AUBEC2050199,Dee Art,ffefb3cb9895617319f420b69b9367bb
912b257c324da54cf6621b86f1318238,0,0,0,2026-03,YouTube Music,AUBEC2050199,Dee Art,ffefb3cb9895617319f420b69b9367bb
241be7a400312791df5578ebab072a58,0,0,0,2025-06,Spotify,AUBEC2050200,Dee Art,ffefb3cb9895617319f420b69b9367bb
a96ae3bcf14c363a0c84217f1a96d552,0,0,0,2025-06,iTunes Match,AUBEC2050200,Dee Art,ffefb3cb9895617319f420b69b9367bb
c4239a977bf0d409cb53b2244b1980ae,0,0,0,2025-06,Apple Music,AUBEC2050200,Dee Art,ffefb3cb9895617319f420b69b9367bb
70587071b735b677c5f9aab65d1186fb,0,0,0,2025-06,Amazon Music,AUBEC2050200,Dee Art,ffefb3cb9895617319f420b69b9367bb
8309441666469513bdc309717251cea0,0,0,0,2025-07,Apple Music,AUBEC2050200,Dee Art,ffefb3cb9895617319f420b69b9367bb
489983d2e98a2bffc07f9d174ecad0a4,0,0,0,2025-07,Spotify,AUBEC2050200,Dee Art,ffefb3cb9895617319f420b69b9367bb
45bff1f2e734f710df36a70146f6f3a3,0,0,0,2025-07,iTunes Match,AUBEC2050200,Dee Art,ffefb3cb9895617319f420b69b9367bb
529a0eb008305ad56387cfa4fb901bd9,0,0,0,2025-08,iTunes Match,AUBEC2050200,Dee Art,ffefb3cb9895617319f420b69b9367bb
29fc6c74c165ab8c90e8d0baa87ebbb0,0,0,0,2025-08,Amazon Music,AUBEC2050200,Dee Art,ffefb3cb9895617319f420b69b9367bb
90c384e7e76dae7d220a404f4cc9262f,0,0,0,2025-08,Apple Music,AUBEC2050200,Dee Art,ffefb3cb9895617319f420b69b9367bb
dffc999abea043c9e7c45f92f1ba65ab,0,0,0,2025-08,Deezer,AUBEC2050200,Dee Art,ffefb3cb9895617319f420b69b9367bb
ac18e33c4f0e3be8c6d6c10c21f3cc19,0,0,0,2025-08,TikTok,AUBEC2050200,Dee Art,ffefb3cb9895617319f420b69b9367bb
385fd9c0bcc139dc82fed2db5e98f8cb,0,0,0,2025-08,Spotify,AUBEC2050200,Dee Art,ffefb3cb9895617319f420b69b9367bb
265166dee4faf76dc90b7a6df737f044,0,0,0,2025-09,Spotify,AUBEC2050200,Dee Art,ffefb3cb9895617319f420b69b9367bb
079dd29eefe124933ea8be95c70342e6,0,0,0,2025-09,Amazon Music,AUBEC2050200,Dee Art,ffefb3cb9895617319f420b69b9367bb
031c87645188d19afdd53dfda580d6ce,0,0,0,2025-09,Apple Music,AUBEC2050200,Dee Art,ffefb3cb9895617319f420b69b9367bb
7199347346ae2ff28b71eac65dc4cb2c,0,0,0,2025-09,iTunes Match,AUBEC2050200,Dee Art,ffefb3cb9895617319f420b69b9367bb
e457630587b0b37be106796ae95f6bc0,0,0,0,2025-09,YouTube Music,AUBEC2050200,Dee Art,ffefb3cb9895617319f420b69b9367bb
40e04541b22e6481a91c63d1e459f03e,0,0,0,2025-10,YouTube Music,AUBEC2050200,Dee Art,ffefb3cb9895617319f420b69b9367bb
75f58024d9b82cfdb9ec8697c9c1c47b,0,0,0,2025-10,iTunes Match,AUBEC2050200,Dee Art,ffefb3cb9895617319f420b69b9367bb
764f34aa94726403b00ba02fa140e377,0,0,0,2025-10,Spotify,AUBEC2050200,Dee Art,ffefb3cb9895617319f420b69b9367bb
7ea07316b0694874eb4c7fb353e05c01,0,0,0,2025-10,Amazon Music,AUBEC2050200,Dee Art,ffefb3cb9895617319f420b69b9367bb
2b248c0c08c8a08fd069625d9087d8bc,0,0,0,2025-10,Amazon Prime Music,AUBEC2050200,Dee Art,ffefb3cb9895617319f420b69b9367bb
5e7049bae2210ff53e08306bdcdf589a,0,0,0,2025-10,Apple Music,AUBEC2050200,Dee Art,ffefb3cb9895617319f420b69b9367bb
19a807ef8b92f67e841cbec4a4f3ed25,0,0,0,2025-10,TikTok,AUBEC2050200,Dee Art,ffefb3cb9895617319f420b69b9367bb
e705e1148eaf05c931518a8cf439e74e,0,0,0,2025-11,TikTok,AUBEC2050200,Dee Art,ffefb3cb9895617319f420b69b9367bb
d83fe3fea00724c4db8816d8b52eb40b,0,0,0,2025-11,Spotify,AUBEC2050200,Dee Art,ffefb3cb9895617319f420b69b9367bb
355e08afbd1a7a06dd4e396692cb9ce5,0,0,0,2025-11,iTunes Match,AUBEC2050200,Dee Art,ffefb3cb9895617319f420b69b9367bb
891ced3866384bb41305c97de89a681c,0,0,0,2025-11,Apple Music,AUBEC2050200,Dee Art,ffefb3cb9895617319f420b69b9367bb
f47476cbf077e951b333ace2ccb1cbb0,0,0,0,2025-12,Apple Music,AUBEC2050200,Dee Art,ffefb3cb9895617319f420b69b9367bb
2c3a864fcafae3afa2ee3e9898b45547,0,0,0,2025-12,Spotify,AUBEC2050200,Dee Art,ffefb3cb9895617319f420b69b9367bb
6aa34caec40eb44c6528438daf2f6fc0,0,0,0,2025-12,iTunes Match,AUBEC2050200,Dee Art,ffefb3cb9895617319f420b69b9367bb
5bead3dc02aa8fcb7cc09e9db4dd3335,0,0,0,2026-01,iTunes Match,AUBEC2050200,Dee Art,ffefb3cb9895617319f420b69b9367bb
45b8e3eb81603fc3e8de482e1233e54c,0,0,0,2026-01,Apple Music,AUBEC2050200,Dee Art,ffefb3cb9895617319f420b69b9367bb
925b78907d4936bd443bf3587ffc75f9,0,0,0,2026-01,YouTube Music,AUBEC2050200,Dee Art,ffefb3cb9895617319f420b69b9367bb
62ca8fcfd69b574d15329b6cb820cb61,0,0,0,2026-01,Spotify,AUBEC2050200,Dee Art,ffefb3cb9895617319f420b69b9367bb
a5059daa117dffc7882c82e0564cfb97,0,0,0,2026-02,Spotify,AUBEC2050200,Dee Art,ffefb3cb9895617319f420b69b9367bb
372c2a897e57e7b3f9396ee2b1b639a9,0,0,0,2026-02,Apple Music,AUBEC2050200,Dee Art,ffefb3cb9895617319f420b69b9367bb
ddded50ffc3777d73676db60f7583c59,0,0,0,2026-03,Amazon Music,AUBEC2050200,Dee Art,ffefb3cb9895617319f420b69b9367bb
d92bd7ded868cbbe6ac0b2e54d24c566,0,0,0,2026-03,Apple Music,AUBEC2050200,Dee Art,ffefb3cb9895617319f420b69b9367bb
25581d0bd494354fd882343e23bdd05a,0,0,0,2026-03,Spotify,AUBEC2050200,Dee Art,ffefb3cb9895617319f420b69b9367bb
358c3b9e2206bea8a479b74867a266ba,6,0,0,2025-06,Spotify,AUBEC2050201,Dee Art,ffefb3cb9895617319f420b69b9367bb
54d7cf0a3686341ac2812a9cea360ae7,0,0,0,2025-06,Apple Music,AUBEC2050201,Dee Art,ffefb3cb9895617319f420b69b9367bb
dea1294e5617af8921e8ab7b44c491f2,0,0,0,2025-06,Amazon Music,AUBEC2050201,Dee Art,ffefb3cb9895617319f420b69b9367bb
0153f90e18ebd11563a0042794767581,0,0,0,2025-06,iTunes Match,AUBEC2050201,Dee Art,ffefb3cb9895617319f420b69b9367bb
384b12b8206fbd1e8d236c120276a362,0,0,0,2025-07,iTunes Match,AUBEC2050201,Dee Art,ffefb3cb9895617319f420b69b9367bb
5a274b3f37b14164d30af5233840c6ba,0,0,0,2025-07,Apple Music,AUBEC2050201,Dee Art,ffefb3cb9895617319f420b69b9367bb
5e8110c0f259aa61d744aeb2077fdea1,4,0,0,2025-07,Spotify,AUBEC2050201,Dee Art,ffefb3cb9895617319f420b69b9367bb
647e2803071343a8ca12bc3af61b65d5,5,0,0,2025-08,Spotify,AUBEC2050201,Dee Art,ffefb3cb9895617319f420b69b9367bb
78053715b19ac304c2d97febc7db8813,0,0,0,2025-08,Amazon Music,AUBEC2050201,Dee Art,ffefb3cb9895617319f420b69b9367bb
fd78f0ec3c79465fe3da89b65b35686f,1,0,0,2025-08,Apple Music,AUBEC2050201,Dee Art,ffefb3cb9895617319f420b69b9367bb
a831c5e898df4b1ea7d3ec9bc88fea31,0,0,0,2025-08,iTunes Match,AUBEC2050201,Dee Art,ffefb3cb9895617319f420b69b9367bb
454078b9c199c152e6cf87be7e83c7bc,0,0,0,2025-08,Deezer,AUBEC2050201,Dee Art,ffefb3cb9895617319f420b69b9367bb
3c7af84926cd089e449226e6c1ad4128,0,0,0,2025-09,iTunes Match,AUBEC2050201,Dee Art,ffefb3cb9895617319f420b69b9367bb
1d55b56c4cd890f02cdc1cf6ed2ff1d0,0,0,0,2025-09,Apple Music,AUBEC2050201,Dee Art,ffefb3cb9895617319f420b69b9367bb
09671d4c425ccc8af320921e101a2e4f,0,0,0,2025-09,Amazon Music,AUBEC2050201,Dee Art,ffefb3cb9895617319f420b69b9367bb
e0ef12eb4ebdd9249cfffffc0942a6fa,7,0,0,2025-09,Spotify,AUBEC2050201,Dee Art,ffefb3cb9895617319f420b69b9367bb
569a5f8b43e115b8c7250ea4d50492dc,6,0,0,2025-10,Spotify,AUBEC2050201,Dee Art,ffefb3cb9895617319f420b69b9367bb
68bf67930156c3072347b25d7c3032b2,0,0,0,2025-10,Amazon Music,AUBEC2050201,Dee Art,ffefb3cb9895617319f420b69b9367bb
5fb1fe6306ca6122f8b3cffd51f14b6b,0,0,0,2025-10,Amazon Prime Music,AUBEC2050201,Dee Art,ffefb3cb9895617319f420b69b9367bb
f3272e7b67bc4857a6e6b9f3ebceaf1b,0,0,0,2025-10,Apple Music,AUBEC2050201,Dee Art,ffefb3cb9895617319f420b69b9367bb
3aac7ed8b0e4b6a9ddba11d89c037d9b,0,0,0,2025-10,iTunes Match,AUBEC2050201,Dee Art,ffefb3cb9895617319f420b69b9367bb
f3a88b5c6ea92692bd7a4aeefb600eff,0,0,0,2025-10,TikTok,AUBEC2050201,Dee Art,ffefb3cb9895617319f420b69b9367bb
52270a184e1d56a6d579795519d15322,0,0,0,2025-10,YouTube Music,AUBEC2050201,Dee Art,ffefb3cb9895617319f420b69b9367bb
f28cb2b493141831c90073f5844e6079,0,0,0,2025-11,YouTube Music,AUBEC2050201,Dee Art,ffefb3cb9895617319f420b69b9367bb
9417fd4c99e28a08a253f20d2a5d0447,0,0,0,2025-11,iTunes Match,AUBEC2050201,Dee Art,ffefb3cb9895617319f420b69b9367bb
aaca92bdcc4597924615126bc2d303d4,3,0,0,2025-11,Spotify,AUBEC2050201,Dee Art,ffefb3cb9895617319f420b69b9367bb
102f32e08e008ac5b30fad78152c13a4,0,0,0,2025-11,Apple Music,AUBEC2050201,Dee Art,ffefb3cb9895617319f420b69b9367bb
0512569aeffa1ce4bb74005264c64b88,0,0,0,2025-11,TikTok,AUBEC2050201,Dee Art,ffefb3cb9895617319f420b69b9367bb
8170ffef14c19f0d5f61b3edffec42cf,4,0,0,2025-12,Spotify,AUBEC2050201,Dee Art,ffefb3cb9895617319f420b69b9367bb
8fb8ca5b08de720284a15989770ff20f,0,0,0,2025-12,YouTube Music,AUBEC2050201,Dee Art,ffefb3cb9895617319f420b69b9367bb
ed951adf2fb064849cfdc0ececdc6878,0,0,0,2025-12,iTunes Match,AUBEC2050201,Dee Art,ffefb3cb9895617319f420b69b9367bb
3f3f581eae9f801a95112716642c824f,0,0,0,2025-12,Apple Music,AUBEC2050201,Dee Art,ffefb3cb9895617319f420b69b9367bb
477d622acdef1d22953adc683ca3ea0d,0,0,0,2026-01,Apple Music,AUBEC2050201,Dee Art,ffefb3cb9895617319f420b69b9367bb
79e1268e9650ee41ca2848ca03f75bbe,0,0,0,2026-01,YouTube Music,AUBEC2050201,Dee Art,ffefb3cb9895617319f420b69b9367bb
3c21831a898b2fe300d0df832ed54790,6,0,0,2026-01,Spotify,AUBEC2050201,Dee Art,ffefb3cb9895617319f420b69b9367bb
d7247f8fc23baf827e4334fda16670ab,0,0,0,2026-01,iTunes Match,AUBEC2050201,Dee Art,ffefb3cb9895617319f420b69b9367bb
0f8ceee6361705e425a68b5edf55ebb6,0,0,0,2026-02,Apple Music,AUBEC2050201,Dee Art,ffefb3cb9895617319f420b69b9367bb
4eba7c57f3079782513a3d8c12adb60c,7,0,0,2026-02,Spotify,AUBEC2050201,Dee Art,ffefb3cb9895617319f420b69b9367bb
5c1ef6284ba63a16e9e24d9d2f8610f2,6,0,0,2026-03,Spotify,AUBEC2050201,Dee Art,ffefb3cb9895617319f420b69b9367bb
a8c15990b838527f2c7a115eda7365de,0,0,0,2026-03,Apple Music,AUBEC2050201,Dee Art,ffefb3cb9895617319f420b69b9367bb
1bde539b055aa82d8eedce54361f182c,0,0,0,2026-03,Amazon Music,AUBEC2050201,Dee Art,ffefb3cb9895617319f420b69b9367bb
81d4389a7a4c6471ab9e284a9976ec35,0,0,0,2025-06,Amazon Prime Music,AUBEC2050273,Dee Art,ffefb3cb9895617319f420b69b9367bb
efef05655fe28b7675c6fa82710efff5,0,0,0,2025-06,Amazon Music,AUBEC2050273,Dee Art,ffefb3cb9895617319f420b69b9367bb
766c7c3b59ad3c943b1e132a20680c9b,0,0,0,2025-06,Apple Music,AUBEC2050273,Dee Art,ffefb3cb9895617319f420b69b9367bb
f7a48263e05761b0415368292860f4a0,0,0,0,2025-06,iTunes Match,AUBEC2050273,Dee Art,ffefb3cb9895617319f420b69b9367bb
4c137d3d6e3b13ab53a0681c4d3e085e,0,0,0,2025-06,Spotify,AUBEC2050273,Dee Art,ffefb3cb9895617319f420b69b9367bb
15dbe59215f83c4da7ce5c69fe702000,0,0,0,2025-07,Spotify,AUBEC2050273,Dee Art,ffefb3cb9895617319f420b69b9367bb
b6de3ac90dfe3652a12a86a4b70183eb,0,0,0,2025-07,Apple Music,AUBEC2050273,Dee Art,ffefb3cb9895617319f420b69b9367bb
067d6f29e7fdee0b5ae2b1c11a177fd8,0,0,0,2025-07,YouTube Music,AUBEC2050273,Dee Art,ffefb3cb9895617319f420b69b9367bb
0fe04adb96c256d22a1f0f2cc65d262d,0,0,0,2025-07,iTunes Match,AUBEC2050273,Dee Art,ffefb3cb9895617319f420b69b9367bb
966bec6f1d236c7d30b7b118f3170193,0,0,0,2025-08,iTunes Match,AUBEC2050273,Dee Art,ffefb3cb9895617319f420b69b9367bb
1cc5ebe660137d06765efe7fe8703ab9,0,0,0,2025-08,Apple Music,AUBEC2050273,Dee Art,ffefb3cb9895617319f420b69b9367bb
2d330b65eb9b9cd43a4b71bca6864bb6,0,0,0,2025-08,Amazon Prime Music,AUBEC2050273,Dee Art,ffefb3cb9895617319f420b69b9367bb
b07467de25bf8422a85e7d3320960921,0,0,0,2025-08,Amazon Music,AUBEC2050273,Dee Art,ffefb3cb9895617319f420b69b9367bb
660cb5596b487d01ec21fdc6574d0385,0,0,0,2025-08,TikTok,AUBEC2050273,Dee Art,ffefb3cb9895617319f420b69b9367bb
9db5bd8c90ce9cda9411850abfdc21bc,0,0,0,2025-08,Deezer,AUBEC2050273,Dee Art,ffefb3cb9895617319f420b69b9367bb
07cead5e4a8ed83b709c39e341e20c59,0,0,0,2025-08,Spotify,AUBEC2050273,Dee Art,ffefb3cb9895617319f420b69b9367bb
df73ae0b42f513c64eb889ee94ae8117,0,0,0,2025-09,Spotify,AUBEC2050273,Dee Art,ffefb3cb9895617319f420b69b9367bb
ecc5eec7fd5822af20317112712efb08,1,0,0,2025-09,Apple Music,AUBEC2050273,Dee Art,ffefb3cb9895617319f420b69b9367bb
1bdf0924a326e580ea3d66bb0772fb79,0,0,0,2025-09,Amazon Music,AUBEC2050273,Dee Art,ffefb3cb9895617319f420b69b9367bb
0622f372328ceb857ac63cc7ce792ba0,0,0,0,2025-09,Amazon Prime Music,AUBEC2050273,Dee Art,ffefb3cb9895617319f420b69b9367bb
a6a56071786d8ba1896dea750462c99a,0,0,0,2025-09,iTunes,AUBEC2050273,Dee Art,ffefb3cb9895617319f420b69b9367bb
36d63b5d638d301d090a092ff8e027bb,0,0,0,2025-09,iTunes Match,AUBEC2050273,Dee Art,ffefb3cb9895617319f420b69b9367bb
b838eb83718d11a7dce701a56d69f420,0,0,0,2025-09,YouTube Music,AUBEC2050273,Dee Art,ffefb3cb9895617319f420b69b9367bb
5fc984054ed202fef92e6403f9ae80a7,0,0,0,2025-10,Amazon Music,AUBEC2050273,Dee Art,ffefb3cb9895617319f420b69b9367bb
7a698c04023f26bd162dcc3c635c3d98,0,0,0,2025-10,Amazon Prime Music,AUBEC2050273,Dee Art,ffefb3cb9895617319f420b69b9367bb
0ba952f584d8ab72f2713c0e479b8968,0,0,0,2025-10,Apple Music,AUBEC2050273,Dee Art,ffefb3cb9895617319f420b69b9367bb
3732a55873fb7bc1a23cae2eb28af8cb,0,0,0,2025-10,Spotify,AUBEC2050273,Dee Art,ffefb3cb9895617319f420b69b9367bb
ffc0639adbb7856b9deed960acfb8772,0,0,0,2025-10,Deezer,AUBEC2050273,Dee Art,ffefb3cb9895617319f420b69b9367bb
27974795c50046cf33660e3f2a8043df,0,0,0,2025-10,TikTok,AUBEC2050273,Dee Art,ffefb3cb9895617319f420b69b9367bb
52012d9e28e0b3e02b2b26e99e2ebb6c,0,0,0,2025-10,iTunes Match,AUBEC2050273,Dee Art,ffefb3cb9895617319f420b69b9367bb
a108db40fb25bffe902207de9eb5e922,0,0,0,2025-11,iTunes Match,AUBEC2050273,Dee Art,ffefb3cb9895617319f420b69b9367bb
954a9f0fde70517e8daaf1e27b9d0a92,0,0,0,2025-11,Apple Music,AUBEC2050273,Dee Art,ffefb3cb9895617319f420b69b9367bb
fd967ca6cb4fea729fbad3e2b895ad9e,0,0,0,2025-11,Spotify,AUBEC2050273,Dee Art,ffefb3cb9895617319f420b69b9367bb
5f6f376560560cac0fd81bb266490f4c,0,0,0,2025-11,TikTok,AUBEC2050273,Dee Art,ffefb3cb9895617319f420b69b9367bb
01888ce09e555a5e2c4d132f60a410f8,0,0,0,2025-12,Apple Music,AUBEC2050273,Dee Art,ffefb3cb9895617319f420b69b9367bb
d378e3bc3147a6630595e8c01b6de276,0,0,0,2025-12,iTunes Match,AUBEC2050273,Dee Art,ffefb3cb9895617319f420b69b9367bb
516024dbf4d7ffb85b46206239d2a65e,0,0,0,2025-12,Spotify,AUBEC2050273,Dee Art,ffefb3cb9895617319f420b69b9367bb
59e80ef2ba9980c2efebfba3fe82adb5,0,0,0,2026-01,Spotify,AUBEC2050273,Dee Art,ffefb3cb9895617319f420b69b9367bb
f3972ff225856cde4d834be50f037df0,0,0,0,2026-01,Apple Music,AUBEC2050273,Dee Art,ffefb3cb9895617319f420b69b9367bb
83e70df85d9d64a4a61971e9822aa8b7,0,0,0,2026-01,iTunes Match,AUBEC2050273,Dee Art,ffefb3cb9895617319f420b69b9367bb
e6c8119d8937b69de48c8214a611316a,0,0,0,2026-02,iTunes Match,AUBEC2050273,Dee Art,ffefb3cb9895617319f420b69b9367bb
654225001b591e4c7dd47122c72a2f91,0,0,0,2026-02,Spotify,AUBEC2050273,Dee Art,ffefb3cb9895617319f420b69b9367bb
82b0bdb0fede2b9418e147083349029b,0,0,0,2026-02,Apple Music,AUBEC2050273,Dee Art,ffefb3cb9895617319f420b69b9367bb
32f6ee1f0ae8aafafa90d5745e434d4e,0,0,0,2026-03,Apple Music,AUBEC2050273,Dee Art,ffefb3cb9895617319f420b69b9367bb
99c8a2664d7c82f93a922900aa67ff54,0,0,0,2026-03,Amazon Music,AUBEC2050273,Dee Art,ffefb3cb9895617319f420b69b9367bb
b9bf04cc8b6c60415d85025ab3953e18,0,0,0,2026-03,iTunes Match,AUBEC2050273,Dee Art,ffefb3cb9895617319f420b69b9367bb
c14e528adc7028cd4b45ce0bc8bcd1c3,0,0,0,2026-03,Spotify,AUBEC2050273,Dee Art,ffefb3cb9895617319f420b69b9367bb
66839a35c15b6c48bd53708d37a3fff8,4,0,0,2025-06,Spotify,AUBEC2050277,Dee Art,ffefb3cb9895617319f420b69b9367bb
63fefa31c30851306ee0b3158564f077,0,0,0,2025-06,Apple Music,AUBEC2050277,Dee Art,ffefb3cb9895617319f420b69b9367bb
845c6b10400dc5d779be6c23c58dbd9c,0,0,0,2025-06,iTunes Match,AUBEC2050277,Dee Art,ffefb3cb9895617319f420b69b9367bb
a65be63cfd399d3f000157fceecd6548,0,0,0,2025-07,iTunes Match,AUBEC2050277,Dee Art,ffefb3cb9895617319f420b69b9367bb
18c137e1f9ee25b54be1c8ec26b0b7d6,4,0,0,2025-07,Spotify,AUBEC2050277,Dee Art,ffefb3cb9895617319f420b69b9367bb
60360ed08125f8487a09eb64568aba62,0,0,0,2025-07,Apple Music,AUBEC2050277,Dee Art,ffefb3cb9895617319f420b69b9367bb
23b0490a1281d6e125520a378d491859,0,0,0,2025-08,Apple Music,AUBEC2050277,Dee Art,ffefb3cb9895617319f420b69b9367bb
e1901ccdc7010bad3a4c6c4004ad0340,0,0,0,2025-08,iTunes Match,AUBEC2050277,Dee Art,ffefb3cb9895617319f420b69b9367bb
a96be3c4b13320192d0c6607a8f584e7,0,0,0,2025-08,TikTok,AUBEC2050277,Dee Art,ffefb3cb9895617319f420b69b9367bb
108fc304938690e69b5528b4f8d1f4ab,4,0,0,2025-08,Spotify,AUBEC2050277,Dee Art,ffefb3cb9895617319f420b69b9367bb
b99b18d5b295976edfff05db773550eb,9,0,0,2025-09,Spotify,AUBEC2050277,Dee Art,ffefb3cb9895617319f420b69b9367bb
3f5cfde04dc178d97a2c630a3ebd7257,0,0,0,2025-09,iTunes Match,AUBEC2050277,Dee Art,ffefb3cb9895617319f420b69b9367bb
9dc4d3cca83382c68206cca6b0e4c59f,0,0,0,2025-09,YouTube Music,AUBEC2050277,Dee Art,ffefb3cb9895617319f420b69b9367bb
94556a97348425a7d3a728c00cb46515,3,0,0,2025-09,Apple Music,AUBEC2050277,Dee Art,ffefb3cb9895617319f420b69b9367bb
cb87825c25844325245d1bc1abaa53f3,0,0,0,2025-10,Apple Music,AUBEC2050277,Dee Art,ffefb3cb9895617319f420b69b9367bb
2662729fb42766993189f0efe8c0950c,0,0,0,2025-10,YouTube Music,AUBEC2050277,Dee Art,ffefb3cb9895617319f420b69b9367bb
baa5de666ced7ebe45c4de2d8709d731,6,0,0,2025-10,Spotify,AUBEC2050277,Dee Art,ffefb3cb9895617319f420b69b9367bb
cdbd6de51d26f900688ccac52581028f,0,0,0,2025-10,iTunes Match,AUBEC2050277,Dee Art,ffefb3cb9895617319f420b69b9367bb
fe07b70b4dda7464222ebc50104b4ec6,0,0,0,2025-10,TikTok,AUBEC2050277,Dee Art,ffefb3cb9895617319f420b69b9367bb
e8b70fa0c95e83deb448c3e01280c089,0,0,0,2025-11,TikTok,AUBEC2050277,Dee Art,ffefb3cb9895617319f420b69b9367bb
257290e50410dd75b579440321d51035,11,0,0,2025-11,Spotify,AUBEC2050277,Dee Art,ffefb3cb9895617319f420b69b9367bb
748c0b36c57bb01c10eed9b16f31d3e3,0,0,0,2025-11,Apple Music,AUBEC2050277,Dee Art,ffefb3cb9895617319f420b69b9367bb
b8f22449cfa6810afb5dd0f6ce5e01fc,0,0,0,2025-11,iTunes Match,AUBEC2050277,Dee Art,ffefb3cb9895617319f420b69b9367bb
8a9e8885bef23a96838756356b96fc3f,0,0,0,2025-12,iTunes Match,AUBEC2050277,Dee Art,ffefb3cb9895617319f420b69b9367bb
0312bce4d447fbcf5ef9f5e7635509c0,4,0,0,2025-12,Spotify,AUBEC2050277,Dee Art,ffefb3cb9895617319f420b69b9367bb
46b1e2de41db149a4e15b90d89558b1a,0,0,0,2025-12,YouTube Music,AUBEC2050277,Dee Art,ffefb3cb9895617319f420b69b9367bb
67f6db9b6fa11cfe1ec68d1bf2112cb9,0,0,0,2025-12,Apple Music,AUBEC2050277,Dee Art,ffefb3cb9895617319f420b69b9367bb
0c48425f6e5524725c6c48ffbaf71cda,0,0,0,2026-01,Apple Music,AUBEC2050277,Dee Art,ffefb3cb9895617319f420b69b9367bb
874545ce36a7ee427d3d3a038b75b8f2,10,0,0,2026-01,Spotify,AUBEC2050277,Dee Art,ffefb3cb9895617319f420b69b9367bb
1866a1f7a6fbfd3146677aa3b34fa6f1,0,0,0,2026-01,iTunes Match,AUBEC2050277,Dee Art,ffefb3cb9895617319f420b69b9367bb
684a13b593d52964a4cc65b3bd7a40cd,0,0,0,2026-01,YouTube Music,AUBEC2050277,Dee Art,ffefb3cb9895617319f420b69b9367bb
0f60a5ceb6501cb1c66aaba676ee9200,0,0,0,2026-02,YouTube Music,AUBEC2050277,Dee Art,ffefb3cb9895617319f420b69b9367bb
b86a363b55efc86c7dc981b42becd184,10,0,0,2026-02,Spotify,AUBEC2050277,Dee Art,ffefb3cb9895617319f420b69b9367bb
04c5fe1b84bec4f0ec6b2efc95e68230,0,0,0,2026-02,Apple Music,AUBEC2050277,Dee Art,ffefb3cb9895617319f420b69b9367bb
b64d04bc82cb6bce1b16e6a99cf02b1f,0,0,0,2026-03,Apple Music,AUBEC2050277,Dee Art,ffefb3cb9895617319f420b69b9367bb
610188c2bca3f03bb3f92075023eb62c,6,0,0,2026-03,Spotify,AUBEC2050277,Dee Art,ffefb3cb9895617319f420b69b9367bb
5dd96dd4f6b3cee5b0c0e28d9be82950,0,0,0,2026-03,YouTube Music,AUBEC2050277,Dee Art,ffefb3cb9895617319f420b69b9367bb
a8d7b1bc3b6b76c35e8570dca3b7a460,0,0,0,2025-06,YouTube Music,AUBEC2051287,Dee Art,ffefb3cb9895617319f420b69b9367bb
b29398044d6ffe1aa0fcb3ff4dea9234,3,0,0,2025-06,Spotify,AUBEC2051287,Dee Art,ffefb3cb9895617319f420b69b9367bb
84d9e2f11b18e321cf653b033414cdfb,0,0,0,2025-06,Apple Music,AUBEC2051287,Dee Art,ffefb3cb9895617319f420b69b9367bb
5dfd39ec2b54c5208daf5d473127b789,0,0,0,2025-06,iTunes Match,AUBEC2051287,Dee Art,ffefb3cb9895617319f420b69b9367bb
e3710a552c74d99a02d3d6549c327e6c,0,0,0,2025-07,iTunes Match,AUBEC2051287,Dee Art,ffefb3cb9895617319f420b69b9367bb
a1f96c68d912a1525316d59b3ece292a,4,0,0,2025-07,Spotify,AUBEC2051287,Dee Art,ffefb3cb9895617319f420b69b9367bb
76025dd36e6db5e5db70e8d0ec2b57ca,0,0,0,2025-07,YouTube Music,AUBEC2051287,Dee Art,ffefb3cb9895617319f420b69b9367bb
6e183e0c08e2ce1a70220a4b17158716,0,0,0,2025-07,Apple Music,AUBEC2051287,Dee Art,ffefb3cb9895617319f420b69b9367bb
60101326b936f3c99fa3207f408e1844,0,0,0,2025-08,Apple Music,AUBEC2051287,Dee Art,ffefb3cb9895617319f420b69b9367bb
fbac99fecac8e8ee81fc9b911fb2f9e0,4,0,0,2025-08,Spotify,AUBEC2051287,Dee Art,ffefb3cb9895617319f420b69b9367bb
01c2d3de7a94b0e5d920fab24d10f7cb,0,0,0,2025-08,TikTok,AUBEC2051287,Dee Art,ffefb3cb9895617319f420b69b9367bb
b98465fc00ade298ac6134310a3179bb,0,0,0,2025-08,Deezer,AUBEC2051287,Dee Art,ffefb3cb9895617319f420b69b9367bb
a4b44fe7d21a60da45a65b9e87f7711d,0,0,0,2025-08,iTunes Match,AUBEC2051287,Dee Art,ffefb3cb9895617319f420b69b9367bb
6dee4403d3039686c8e0097c14b73423,0,0,0,2025-08,YouTube Music,AUBEC2051287,Dee Art,ffefb3cb9895617319f420b69b9367bb
4437a3cee1b5cc5f8567a789756a7782,0,0,0,2025-09,YouTube Music,AUBEC2051287,Dee Art,ffefb3cb9895617319f420b69b9367bb
e987b63c23f24032e8a94194fd1b7364,8,0,0,2025-09,Spotify,AUBEC2051287,Dee Art,ffefb3cb9895617319f420b69b9367bb
23a49b42ec8659073cf513ce4e86f142,0,0,0,2025-09,Apple Music,AUBEC2051287,Dee Art,ffefb3cb9895617319f420b69b9367bb
e765da449992763305b55ac0eb6e1757,0,0,0,2025-09,iTunes Match,AUBEC2051287,Dee Art,ffefb3cb9895617319f420b69b9367bb
a65b7f814410cad8ccc7c7fa815ff523,0,0,0,2025-10,iTunes Match,AUBEC2051287,Dee Art,ffefb3cb9895617319f420b69b9367bb
a7040d3793bb5f0ea4f2bf1b6d84a6f9,0,0,0,2025-10,Spotify,AUBEC2051287,Dee Art,ffefb3cb9895617319f420b69b9367bb
0ff012b3003ed404da4dbfef6a9d2356,0,0,0,2025-10,YouTube Music,AUBEC2051287,Dee Art,ffefb3cb9895617319f420b69b9367bb
e0e5bf7539229f3c4d9059d6b0561c60,0,0,0,2025-10,TikTok,AUBEC2051287,Dee Art,ffefb3cb9895617319f420b69b9367bb
1ee7fde6cae034caae44cb5aa1f9cf39,0,0,0,2025-10,Apple Music,AUBEC2051287,Dee Art,ffefb3cb9895617319f420b69b9367bb
11e1361f2eb51451844247ff19e40562,0,0,0,2025-10,Amazon Music,AUBEC2051287,Dee Art,ffefb3cb9895617319f420b69b9367bb
6d4ba8ef18f4c1e9f23702305d70910a,0,0,0,2025-11,Apple Music,AUBEC2051287,Dee Art,ffefb3cb9895617319f420b69b9367bb
ac373c053999cc434c4b49d14abeac71,0,0,0,2025-11,YouTube Music,AUBEC2051287,Dee Art,ffefb3cb9895617319f420b69b9367bb
565f3473d2d3df609d058ed59c9a8db7,0,0,0,2025-11,iTunes Match,AUBEC2051287,Dee Art,ffefb3cb9895617319f420b69b9367bb
f59fbf25f182c392969cc00ca538c3d5,2,0,0,2025-11,Spotify,AUBEC2051287,Dee Art,ffefb3cb9895617319f420b69b9367bb
c3a85590dfa0961b154c0b1a27f12661,0,0,0,2025-11,TikTok,AUBEC2051287,Dee Art,ffefb3cb9895617319f420b69b9367bb
49d3a00fe7b630469c5d4f08e88feaed,0,0,0,2025-12,iTunes Match,AUBEC2051287,Dee Art,ffefb3cb9895617319f420b69b9367bb
241ab86015092ffb6271300bd3943903,0,0,0,2025-12,Apple Music,AUBEC2051287,Dee Art,ffefb3cb9895617319f420b69b9367bb
e91eebc9e11aa54bf220df18b62b892a,0,0,0,2025-12,YouTube Music,AUBEC2051287,Dee Art,ffefb3cb9895617319f420b69b9367bb
1622c449a290b08491134413586a8405,0,0,0,2025-12,Spotify,AUBEC2051287,Dee Art,ffefb3cb9895617319f420b69b9367bb
8fc7ec8728db4fb2840495beff027f54,8,0,0,2026-01,Spotify,AUBEC2051287,Dee Art,ffefb3cb9895617319f420b69b9367bb
dab17b7ca8e455ad1a1de0c7c041d9b1,0,0,0,2026-01,Apple Music,AUBEC2051287,Dee Art,ffefb3cb9895617319f420b69b9367bb
552b1c1bd72e9421c4f97ae2fff1f6d2,0,0,0,2026-01,iTunes Match,AUBEC2051287,Dee Art,ffefb3cb9895617319f420b69b9367bb
f393323793ff9811f6c18f8559252ad2,0,0,0,2026-01,YouTube Music,AUBEC2051287,Dee Art,ffefb3cb9895617319f420b69b9367bb
c7078b2b6f4d915c0d26ee6649c425af,0,0,0,2026-02,Apple Music,AUBEC2051287,Dee Art,ffefb3cb9895617319f420b69b9367bb
a5f0548ee70188eabb79561b34692d48,3,0,0,2026-02,Spotify,AUBEC2051287,Dee Art,ffefb3cb9895617319f420b69b9367bb
8823128bc81e91e3d4fde36150089261,7,0,0,2026-03,Spotify,AUBEC2051287,Dee Art,ffefb3cb9895617319f420b69b9367bb
bf4ce5754e0f1f8ed79d6802fccd5ac4,0,0,0,2026-03,Apple Music,AUBEC2051287,Dee Art,ffefb3cb9895617319f420b69b9367bb
b5fac8b80c0bcac66d61f394176f094e,0,0,0,2026-03,YouTube Music,AUBEC2051287,Dee Art,ffefb3cb9895617319f420b69b9367bb
f63cf8bc630afc99d251042cb3e16921,0,0,0,2025-06,YouTube Music,AUBEC2051288,Dee Art,ffefb3cb9895617319f420b69b9367bb
5e4d99ee6c1bce13dfd45aa3fd92cc58,0,0,0,2025-06,Apple Music,AUBEC2051288,Dee Art,ffefb3cb9895617319f420b69b9367bb
1d25359c8405aced1c851ac5d53c5749,3,0,0,2025-06,Spotify,AUBEC2051288,Dee Art,ffefb3cb9895617319f420b69b9367bb
c53be19d292612a71165584a667c5884,0,0,0,2025-06,iTunes Match,AUBEC2051288,Dee Art,ffefb3cb9895617319f420b69b9367bb
0fb35a545b32ac2e74d25d6289265dbb,0,0,0,2025-07,iTunes Match,AUBEC2051288,Dee Art,ffefb3cb9895617319f420b69b9367bb
5eeda2e16554a9b28c83519c5085429a,0,0,0,2025-07,Apple Music,AUBEC2051288,Dee Art,ffefb3cb9895617319f420b69b9367bb
25d7d86a3b9e5358b5d2a121dbfaaeba,0,0,0,2025-07,YouTube Music,AUBEC2051288,Dee Art,ffefb3cb9895617319f420b69b9367bb
cb503e4a96e91306602b67f7f68e72ae,4,0,0,2025-07,Spotify,AUBEC2051288,Dee Art,ffefb3cb9895617319f420b69b9367bb
53746a108f12b69254196076a12c3402,4,0,0,2025-08,Spotify,AUBEC2051288,Dee Art,ffefb3cb9895617319f420b69b9367bb
2ee21ba5cdfb23d616c64ad43469ffd8,0,0,0,2025-08,Netease Cloud Music,AUBEC2051288,Dee Art,ffefb3cb9895617319f420b69b9367bb
828bb532a8ea1a67899802b79b120a35,0,0,0,2025-08,Apple Music,AUBEC2051288,Dee Art,ffefb3cb9895617319f420b69b9367bb
953f2b409127a384b9ac30e53d0ddc4e,0,0,0,2025-08,Amazon Music,AUBEC2051288,Dee Art,ffefb3cb9895617319f420b69b9367bb
2e59791338655645b00900a5df615d6f,0,0,0,2025-08,TikTok,AUBEC2051288,Dee Art,ffefb3cb9895617319f420b69b9367bb
c5ec03df391896c2e0fc895a7aeaecad,0,0,0,2025-08,iTunes Match,AUBEC2051288,Dee Art,ffefb3cb9895617319f420b69b9367bb
47dd639e2c979d26a7735d66ecef7414,0,0,0,2025-08,YouTube Music,AUBEC2051288,Dee Art,ffefb3cb9895617319f420b69b9367bb
633b989650d92e3f9d972309be75ead7,0,0,0,2025-09,YouTube Music,AUBEC2051288,Dee Art,ffefb3cb9895617319f420b69b9367bb
21853bfcf865014add4be8f68852132b,5,0,0,2025-09,Spotify,AUBEC2051288,Dee Art,ffefb3cb9895617319f420b69b9367bb
2588a07dabd47dcdb4bf6396f99b50f0,0,0,0,2025-09,Amazon Music,AUBEC2051288,Dee Art,ffefb3cb9895617319f420b69b9367bb
0a49c1c07e963aa521945d151d859055,0,0,0,2025-09,Apple Music,AUBEC2051288,Dee Art,ffefb3cb9895617319f420b69b9367bb
b1292f5338005adb3a8cd50e0828d507,0,0,0,2025-09,iTunes Match,AUBEC2051288,Dee Art,ffefb3cb9895617319f420b69b9367bb
197ca668bb4ce338d1024afa4066b01d,0,0,0,2025-10,iTunes Match,AUBEC2051288,Dee Art,ffefb3cb9895617319f420b69b9367bb
a80dfb46af16514ab0c5bb88c1d73fc7,0,0,0,2025-10,Spotify,AUBEC2051288,Dee Art,ffefb3cb9895617319f420b69b9367bb
c5017ff7123ed87fa472ebb653ac3d02,0,0,0,2025-10,TikTok,AUBEC2051288,Dee Art,ffefb3cb9895617319f420b69b9367bb
f4eca5bcf73b424f928d0ca2a60cbbaa,0,0,0,2025-10,YouTube Music,AUBEC2051288,Dee Art,ffefb3cb9895617319f420b69b9367bb
c3413a40f80b41641569e761cb9f1919,0,0,0,2025-10,Apple Music,AUBEC2051288,Dee Art,ffefb3cb9895617319f420b69b9367bb
4bc86673db050641451e5709117cd9cf,0,0,0,2025-11,Apple Music,AUBEC2051288,Dee Art,ffefb3cb9895617319f420b69b9367bb
5088efb7f70dc2312151ff808d18d645,0,0,0,2025-11,TikTok,AUBEC2051288,Dee Art,ffefb3cb9895617319f420b69b9367bb
f4ece16605e3318088966355be5b5b99,0,0,0,2025-11,iTunes Match,AUBEC2051288,Dee Art,ffefb3cb9895617319f420b69b9367bb
33bdae39efbaf01b8ac6343c257f70e1,0,0,0,2025-11,Spotify,AUBEC2051288,Dee Art,ffefb3cb9895617319f420b69b9367bb
336cd403903e4a26802c958dd3f827eb,0,0,0,2025-11,YouTube Music,AUBEC2051288,Dee Art,ffefb3cb9895617319f420b69b9367bb
d9c0292d5673faccb9df53b1be3ca6f9,0,0,0,2025-12,YouTube Music,AUBEC2051288,Dee Art,ffefb3cb9895617319f420b69b9367bb
41aa13170a764901ddaaa86d7d7bf982,0,0,0,2025-12,iTunes Match,AUBEC2051288,Dee Art,ffefb3cb9895617319f420b69b9367bb
35a14d522bd47ea23a6d31070174091c,0,0,0,2025-12,Apple Music,AUBEC2051288,Dee Art,ffefb3cb9895617319f420b69b9367bb
c64d84a92fcb9411aa90fc9781f342d0,0,0,0,2025-12,Spotify,AUBEC2051288,Dee Art,ffefb3cb9895617319f420b69b9367bb
4fd969b365e62661cf8080431e3861b3,0,0,0,2026-01,Spotify,AUBEC2051288,Dee Art,ffefb3cb9895617319f420b69b9367bb
f10b1b76ccde38ab7abc37d6c847d62e,0,0,0,2026-01,iTunes Match,AUBEC2051288,Dee Art,ffefb3cb9895617319f420b69b9367bb
64286b636dd7dd81be4992bf973d8626,0,0,0,2026-01,YouTube Music,AUBEC2051288,Dee Art,ffefb3cb9895617319f420b69b9367bb
0f27e72b5fec31c2ffa27500da32c1f0,0,0,0,2026-01,Apple Music,AUBEC2051288,Dee Art,ffefb3cb9895617319f420b69b9367bb
32c6e75867af174138f4f1c864bac5ea,0,0,0,2026-02,Apple Music,AUBEC2051288,Dee Art,ffefb3cb9895617319f420b69b9367bb
6a09e44696cd748361dc1d39797fcef3,0,0,0,2026-02,Spotify,AUBEC2051288,Dee Art,ffefb3cb9895617319f420b69b9367bb
9b895a670601aa78110a6f80b8ef9b25,0,0,0,2026-02,YouTube Music,AUBEC2051288,Dee Art,ffefb3cb9895617319f420b69b9367bb
6e00001fdc0977377f23ca349ba01606,0,0,0,2026-03,YouTube Music,AUBEC2051288,Dee Art,ffefb3cb9895617319f420b69b9367bb
4e2c25bfe887041e500e0cfe18bde6b0,0,0,0,2026-03,Apple Music,AUBEC2051288,Dee Art,ffefb3cb9895617319f420b69b9367bb
c0761d5ab784cad4e362725b7feb1034,0,0,0,2026-03,Spotify,AUBEC2051288,Dee Art,ffefb3cb9895617319f420b69b9367bb
4f05e825c66a457e9f6e39b6c0c07999,6,0,0,2025-06,Spotify,AUBEC2051289,Dee Art,ffefb3cb9895617319f420b69b9367bb
940fb2ce8109810d35d6f111be123537,0,0,0,2025-06,YouTube Music,AUBEC2051289,Dee Art,ffefb3cb9895617319f420b69b9367bb
3aab19e26324df75ceab2f65fe660ee8,0,0,0,2025-06,iTunes Match,AUBEC2051289,Dee Art,ffefb3cb9895617319f420b69b9367bb
3960576c42fff8d7b01e30252e1ee29a,0,0,0,2025-06,Apple Music,AUBEC2051289,Dee Art,ffefb3cb9895617319f420b69b9367bb
eaa3784fefe976dc518548e362097501,0,0,0,2025-07,Apple Music,AUBEC2051289,Dee Art,ffefb3cb9895617319f420b69b9367bb
118507c68bbf602164b9ee4702e57424,7,0,0,2025-07,Spotify,AUBEC2051289,Dee Art,ffefb3cb9895617319f420b69b9367bb
db248149b59b1ea754b722efa4a374fd,0,0,0,2025-07,iTunes Match,AUBEC2051289,Dee Art,ffefb3cb9895617319f420b69b9367bb
eb87567ddd468c9f9f548c15b9958d2e,0,0,0,2025-08,iTunes Match,AUBEC2051289,Dee Art,ffefb3cb9895617319f420b69b9367bb
200b987772ac6959f864f9993b0895d4,0,0,0,2025-08,Apple Music,AUBEC2051289,Dee Art,ffefb3cb9895617319f420b69b9367bb
b24c4945ead04319e51981d3fa07ea40,0,0,0,2025-08,TikTok,AUBEC2051289,Dee Art,ffefb3cb9895617319f420b69b9367bb
c440817a576c5e9c7fd2eb59aa0a3a73,0,0,0,2025-08,Netease Cloud Music,AUBEC2051289,Dee Art,ffefb3cb9895617319f420b69b9367bb
b14446f853fc0434a0fe0877693deeaf,6,0,0,2025-08,Spotify,AUBEC2051289,Dee Art,ffefb3cb9895617319f420b69b9367bb
038004baffe6d3be9a1dd560be6eb9e6,31,0,0,2025-09,Spotify,AUBEC2051289,Dee Art,ffefb3cb9895617319f420b69b9367bb
0283a2701ded629ee1e7a46b62debc78,0,0,0,2025-09,Apple Music,AUBEC2051289,Dee Art,ffefb3cb9895617319f420b69b9367bb
0b8709e5e9d8b1ba0158ed616c2c975d,0,0,0,2025-09,iTunes Match,AUBEC2051289,Dee Art,ffefb3cb9895617319f420b69b9367bb
2aabbf369d267a59160b28ffb6e96920,0,0,0,2025-10,iTunes Match,AUBEC2051289,Dee Art,ffefb3cb9895617319f420b69b9367bb
8331b5694cb16313d3dd250074245f34,0,0,0,2025-10,Apple Music,AUBEC2051289,Dee Art,ffefb3cb9895617319f420b69b9367bb
457d0f5b6221b99a59782fbb724ed1c9,3,0,0,2025-10,Spotify,AUBEC2051289,Dee Art,ffefb3cb9895617319f420b69b9367bb
e4b818f1c4fcfcd49f5d605fcf1c5a44,0,0,0,2025-10,TikTok,AUBEC2051289,Dee Art,ffefb3cb9895617319f420b69b9367bb
a01fd120e5a17933913cdef4fdf51226,0,0,0,2025-11,TikTok,AUBEC2051289,Dee Art,ffefb3cb9895617319f420b69b9367bb
32bbfeceb9735d1e08886867fb031b75,0,0,0,2025-11,Apple Music,AUBEC2051289,Dee Art,ffefb3cb9895617319f420b69b9367bb
07757917174c782cf1b535e2901340fe,0,0,0,2025-11,iTunes Match,AUBEC2051289,Dee Art,ffefb3cb9895617319f420b69b9367bb
839df7bf4fd0562422c00310ae95a590,2,0,0,2025-11,Spotify,AUBEC2051289,Dee Art,ffefb3cb9895617319f420b69b9367bb
a82e7e882ca020c5027be4184db6460f,0,0,0,2025-12,Spotify,AUBEC2051289,Dee Art,ffefb3cb9895617319f420b69b9367bb
08da734f23098bc7a3b712af6767e8f4,0,0,0,2025-12,Apple Music,AUBEC2051289,Dee Art,ffefb3cb9895617319f420b69b9367bb
d94974b04bb92d012d339db44b1768ad,0,0,0,2025-12,YouTube Music,AUBEC2051289,Dee Art,ffefb3cb9895617319f420b69b9367bb
938846a53048cf4077537a572223d551,0,0,0,2025-12,iTunes Match,AUBEC2051289,Dee Art,ffefb3cb9895617319f420b69b9367bb
5695b8b7b9f6f61b6ef430065e6904dd,0,0,0,2026-01,iTunes Match,AUBEC2051289,Dee Art,ffefb3cb9895617319f420b69b9367bb
8e848ab54714b9c35e926af3a0f281c1,0,0,0,2026-01,Apple Music,AUBEC2051289,Dee Art,ffefb3cb9895617319f420b69b9367bb
15ed9d9c9e91a711338dc67d05659cd7,1,0,0,2026-01,Spotify,AUBEC2051289,Dee Art,ffefb3cb9895617319f420b69b9367bb
f5f3d3fbc6c3f75f5ccc205395f3586a,0,0,0,2026-01,YouTube Music,AUBEC2051289,Dee Art,ffefb3cb9895617319f420b69b9367bb
9c39cf6e1698f8874d66ff1b3e74aa84,0,0,0,2026-02,YouTube Music,AUBEC2051289,Dee Art,ffefb3cb9895617319f420b69b9367bb
17532ab202861f72abf6ad95df009233,0,0,0,2026-02,Apple Music,AUBEC2051289,Dee Art,ffefb3cb9895617319f420b69b9367bb
7b92576210cd214a6f22bd178f48f81f,3,0,0,2026-02,Spotify,AUBEC2051289,Dee Art,ffefb3cb9895617319f420b69b9367bb
a729a00fa07fc931933808ceecbc61b6,8,0,0,2026-03,Spotify,AUBEC2051289,Dee Art,ffefb3cb9895617319f420b69b9367bb
5bb336ac1802ec365488c42a853dab3f,0,0,0,2026-03,Apple Music,AUBEC2051289,Dee Art,ffefb3cb9895617319f420b69b9367bb
9d79d1c2dac2c7c15f6c335e7c2b0eb1,0,0,0,2025-06,Apple Music,AUBEC2051290,Dee Art,ffefb3cb9895617319f420b69b9367bb
94799ed56571050483eb46bda6d676d6,0,0,0,2025-06,iTunes Match,AUBEC2051290,Dee Art,ffefb3cb9895617319f420b69b9367bb
f5a2d098833e7f5689c32edd32d9398a,3,0,0,2025-06,Spotify,AUBEC2051290,Dee Art,ffefb3cb9895617319f420b69b9367bb
0df18d21272d1d2f7e8c1fa2c3f3871c,4,0,0,2025-07,Spotify,AUBEC2051290,Dee Art,ffefb3cb9895617319f420b69b9367bb
72130a9645ce6a3a225737c02abbca9c,0,0,0,2025-07,Apple Music,AUBEC2051290,Dee Art,ffefb3cb9895617319f420b69b9367bb
24b6da53933c00f3d47727e25a1e483e,0,0,0,2025-07,iTunes Match,AUBEC2051290,Dee Art,ffefb3cb9895617319f420b69b9367bb
1b3d1adb34d006448345517adb42541a,0,0,0,2025-08,iTunes Match,AUBEC2051290,Dee Art,ffefb3cb9895617319f420b69b9367bb
59aea5c1add67b8119c098cc97f59491,4,0,0,2025-08,Spotify,AUBEC2051290,Dee Art,ffefb3cb9895617319f420b69b9367bb
57fb9c6d1c15b75e91b3aa57f3fa890a,0,0,0,2025-08,TikTok,AUBEC2051290,Dee Art,ffefb3cb9895617319f420b69b9367bb
5550d1d5a155900d40ac4f81f4e58b0f,0,0,0,2025-08,Apple Music,AUBEC2051290,Dee Art,ffefb3cb9895617319f420b69b9367bb
39042c29b13dc01ac0a9c3b6aa81fb72,1,0,0,2025-09,Apple Music,AUBEC2051290,Dee Art,ffefb3cb9895617319f420b69b9367bb
2d50012c6ac944e29145277581df5d1e,6,0,0,2025-09,Spotify,AUBEC2051290,Dee Art,ffefb3cb9895617319f420b69b9367bb
dbdadfec6ad5acb8c75060696c1b379e,0,0,0,2025-09,YouTube Music,AUBEC2051290,Dee Art,ffefb3cb9895617319f420b69b9367bb
dbddeb5118beac05502306a988aa4d6d,0,0,0,2025-09,iTunes Match,AUBEC2051290,Dee Art,ffefb3cb9895617319f420b69b9367bb
930358555348c6be9cf1fcbfb47e5812,0,0,0,2025-10,iTunes Match,AUBEC2051290,Dee Art,ffefb3cb9895617319f420b69b9367bb
947b9dbbcf8c00b92eb81a15278038f2,0,0,0,2025-10,YouTube Music,AUBEC2051290,Dee Art,ffefb3cb9895617319f420b69b9367bb
fd250b8bfdd0efa70ab9acfeb93206ff,0,0,0,2025-10,Apple Music,AUBEC2051290,Dee Art,ffefb3cb9895617319f420b69b9367bb
eaa23518836c3573785126bf567810e8,0,0,0,2025-10,Deezer,AUBEC2051290,Dee Art,ffefb3cb9895617319f420b69b9367bb
1516a3e6994f497fa7b82e50b09330b6,0,0,0,2025-10,Spotify,AUBEC2051290,Dee Art,ffefb3cb9895617319f420b69b9367bb
9ce00976b426207885170375ad8cd805,0,0,0,2025-10,TikTok,AUBEC2051290,Dee Art,ffefb3cb9895617319f420b69b9367bb
4ccec4d739adb860ad72884236f7c53f,0,0,0,2025-11,TikTok,AUBEC2051290,Dee Art,ffefb3cb9895617319f420b69b9367bb
12d62365ff5738774de991e7a306499d,0,0,0,2025-11,iTunes Match,AUBEC2051290,Dee Art,ffefb3cb9895617319f420b69b9367bb
246283d86e1548b060981ee1631751f9,1,0,0,2025-11,Apple Music,AUBEC2051290,Dee Art,ffefb3cb9895617319f420b69b9367bb
22cf84ffc2aca3da5fbd0807f6a14c85,0,0,0,2025-11,Spotify,AUBEC2051290,Dee Art,ffefb3cb9895617319f420b69b9367bb
b9534ec8929ac59084b11a74fa3fa0cf,0,0,0,2025-12,Spotify,AUBEC2051290,Dee Art,ffefb3cb9895617319f420b69b9367bb
3290ba123e93d72d2309b20b00a2da3c,0,0,0,2025-12,iTunes Match,AUBEC2051290,Dee Art,ffefb3cb9895617319f420b69b9367bb
91ae8afab6e13fab1768d34b513c0a72,0,0,0,2025-12,YouTube Music,AUBEC2051290,Dee Art,ffefb3cb9895617319f420b69b9367bb
cbd28d840f82623067d3c23f81ac5b83,1,0,0,2025-12,Apple Music,AUBEC2051290,Dee Art,ffefb3cb9895617319f420b69b9367bb
f739554bb99f20059e2d02ce71537d83,0,0,0,2026-01,Apple Music,AUBEC2051290,Dee Art,ffefb3cb9895617319f420b69b9367bb
d6f1d3b9dc54c328ebeb21d06d616df4,0,0,0,2026-01,iTunes Match,AUBEC2051290,Dee Art,ffefb3cb9895617319f420b69b9367bb
5fbd43a2e3876bdb1a79b2de52efe2d5,0,0,0,2026-01,Spotify,AUBEC2051290,Dee Art,ffefb3cb9895617319f420b69b9367bb
8e72b4fe5f7771451695a3d6e3c2a4db,0,0,0,2026-01,YouTube Music,AUBEC2051290,Dee Art,ffefb3cb9895617319f420b69b9367bb
6f2e9e671a39ec7a008d43bde3cfedbc,0,0,0,2026-02,YouTube Music,AUBEC2051290,Dee Art,ffefb3cb9895617319f420b69b9367bb
1a84450a4b67adef1e9ab7fe50de3c7a,0,0,0,2026-02,Apple Music,AUBEC2051290,Dee Art,ffefb3cb9895617319f420b69b9367bb
315e521715b1fc75032914e41b5882c7,0,0,0,2026-02,Spotify,AUBEC2051290,Dee Art,ffefb3cb9895617319f420b69b9367bb
1a644cc3c058cc94eddeb1464dd47108,0,0,0,2026-03,Spotify,AUBEC2051290,Dee Art,ffefb3cb9895617319f420b69b9367bb
022e1cad4ab81c9dd371dfe9427b850a,0,0,0,2026-03,YouTube Music,AUBEC2051290,Dee Art,ffefb3cb9895617319f420b69b9367bb
63dfbc0379c380e4a95f31cae6f1be81,0,0,0,2026-03,Apple Music,AUBEC2051290,Dee Art,ffefb3cb9895617319f420b69b9367bb
34bc94a2482f20d2195dd2a74c553556,0,0,0,2025-06,Amazon Prime Music,AUBEC2051291,Dee Art,ffefb3cb9895617319f420b69b9367bb
f33bf03b969c297949445f18f0590328,0,0,0,2025-06,Apple Music,AUBEC2051291,Dee Art,ffefb3cb9895617319f420b69b9367bb
81d3cb0acd7d971d41eaac7714c2687b,0,0,0,2025-06,Amazon Music,AUBEC2051291,Dee Art,ffefb3cb9895617319f420b69b9367bb
2cc363f2f1b50c888843e5211e13253d,4,0,0,2025-06,Spotify,AUBEC2051291,Dee Art,ffefb3cb9895617319f420b69b9367bb
f4fe8a375d611c4f52fffa786dba52ba,0,0,0,2025-06,iTunes Match,AUBEC2051291,Dee Art,ffefb3cb9895617319f420b69b9367bb
331305349878f8a848ae170a2dd49ac1,0,0,0,2025-07,iTunes Match,AUBEC2051291,Dee Art,ffefb3cb9895617319f420b69b9367bb
d0a520161251c8360ab8c461a74f2f34,4,0,0,2025-07,Spotify,AUBEC2051291,Dee Art,ffefb3cb9895617319f420b69b9367bb
0312224cd86813d230229e26aef1bc97,0,0,0,2025-07,Apple Music,AUBEC2051291,Dee Art,ffefb3cb9895617319f420b69b9367bb
3ce5a43a81b843442dd31d6bb4300476,0,0,0,2025-08,Apple Music,AUBEC2051291,Dee Art,ffefb3cb9895617319f420b69b9367bb
42da3884a1bcf5cb2ed04161eba264db,0,0,0,2025-08,Amazon Music,AUBEC2051291,Dee Art,ffefb3cb9895617319f420b69b9367bb
182c72bbb6aa3c4b97eaee4fadfefa05,0,0,0,2025-08,Amazon Prime Music,AUBEC2051291,Dee Art,ffefb3cb9895617319f420b69b9367bb
4f8580cd6f832d765833378e94a8285c,4,0,0,2025-08,Spotify,AUBEC2051291,Dee Art,ffefb3cb9895617319f420b69b9367bb
03c8e722c27d5abc381995a42fc16d19,0,0,0,2025-08,iTunes Match,AUBEC2051291,Dee Art,ffefb3cb9895617319f420b69b9367bb
0ebd1d6a5eaf6473bb8bab688cfb09d7,0,0,0,2025-08,Audiomack,AUBEC2051291,Dee Art,ffefb3cb9895617319f420b69b9367bb
5bfa0bb72a40e8f320e43e34f32bcd51,0,0,0,2025-08,Deezer,AUBEC2051291,Dee Art,ffefb3cb9895617319f420b69b9367bb
e9434759958e2e599e98f5c01b52f51a,0,0,0,2025-08,TikTok,AUBEC2051291,Dee Art,ffefb3cb9895617319f420b69b9367bb
1852c589a253b3ce9c179ae633d14c88,0,0,0,2025-08,YouTube Music,AUBEC2051291,Dee Art,ffefb3cb9895617319f420b69b9367bb
ea2828773e420fb152d0f159333a0768,7,0,0,2025-09,Spotify,AUBEC2051291,Dee Art,ffefb3cb9895617319f420b69b9367bb
602fed5e51606e0e9cde1667dcb2baa9,0,0,0,2025-09,Apple Music,AUBEC2051291,Dee Art,ffefb3cb9895617319f420b69b9367bb
6048b97fb498210fdcfd3edd4c1a4c5e,0,0,0,2025-09,Amazon Music,AUBEC2051291,Dee Art,ffefb3cb9895617319f420b69b9367bb
ca8093b9c870fa20385059ea8b4b3472,0,0,0,2025-09,Amazon Prime Music,AUBEC2051291,Dee Art,ffefb3cb9895617319f420b69b9367bb
854a6c32483f1647713cacdc2ce810e5,0,0,0,2025-09,iTunes Match,AUBEC2051291,Dee Art,ffefb3cb9895617319f420b69b9367bb
ad1a6c274f78da959dd4f32e8151d9a0,0,0,0,2025-10,iTunes Match,AUBEC2051291,Dee Art,ffefb3cb9895617319f420b69b9367bb
baff0b610bfab4d6de9bc4c45e989d88,0,0,0,2025-10,Amazon Prime Music,AUBEC2051291,Dee Art,ffefb3cb9895617319f420b69b9367bb
d2cea97a2f57fea526aad6f3cc50bc39,0,0,0,2025-10,Amazon Music,AUBEC2051291,Dee Art,ffefb3cb9895617319f420b69b9367bb
9a973d13c219b1d85438b8b892160c1a,0,0,0,2025-10,Apple Music,AUBEC2051291,Dee Art,ffefb3cb9895617319f420b69b9367bb
f20d0b183dc02c0295956d7d490f8816,0,0,0,2025-10,YouTube Music,AUBEC2051291,Dee Art,ffefb3cb9895617319f420b69b9367bb
2e33a2fb8ec244d56ddfe8a4e1a6f397,4,0,0,2025-10,Spotify,AUBEC2051291,Dee Art,ffefb3cb9895617319f420b69b9367bb
264815c315e0e0d4d9e809b58b6959cb,0,0,0,2025-10,TikTok,AUBEC2051291,Dee Art,ffefb3cb9895617319f420b69b9367bb
12f1a1cbce1cef41cc713a0069b19703,0,0,0,2025-11,TikTok,AUBEC2051291,Dee Art,ffefb3cb9895617319f420b69b9367bb
81799c4ef9ae07ac0fd62ddcbd956900,0,0,0,2025-11,YouTube Music,AUBEC2051291,Dee Art,ffefb3cb9895617319f420b69b9367bb
cf269e4700414d24946d6def9023e6a9,0,0,0,2025-11,iTunes Match,AUBEC2051291,Dee Art,ffefb3cb9895617319f420b69b9367bb
b1c001345d051af9f7d3f418a2f78dce,0,0,0,2025-11,Apple Music,AUBEC2051291,Dee Art,ffefb3cb9895617319f420b69b9367bb
dc8c5f8022b7f3308b82edf7dca640f4,3,0,0,2025-11,Spotify,AUBEC2051291,Dee Art,ffefb3cb9895617319f420b69b9367bb
8b2a9a3938cd4a212b17be4228f17690,3,0,0,2025-12,Spotify,AUBEC2051291,Dee Art,ffefb3cb9895617319f420b69b9367bb
0de573c77bb27ae5c9041ee22c17a3d5,0,0,0,2025-12,iTunes Match,AUBEC2051291,Dee Art,ffefb3cb9895617319f420b69b9367bb
e4e782cce9c9c57a30d3a1a1c542e400,0,0,0,2025-12,YouTube Music,AUBEC2051291,Dee Art,ffefb3cb9895617319f420b69b9367bb
919d2e2e7cbb31fe46193ada8afb1fb1,0,0,0,2025-12,Apple Music,AUBEC2051291,Dee Art,ffefb3cb9895617319f420b69b9367bb
04aaf576c147ebd889fd800b7e9a86f2,0,0,0,2026-01,Apple Music,AUBEC2051291,Dee Art,ffefb3cb9895617319f420b69b9367bb
3222fbf627da62e870bdf11d2f6508ac,0,0,0,2026-01,iTunes Match,AUBEC2051291,Dee Art,ffefb3cb9895617319f420b69b9367bb
f1c8af4d5c83db88b749c0006556e0ca,4,0,0,2026-01,Spotify,AUBEC2051291,Dee Art,ffefb3cb9895617319f420b69b9367bb
b901fffc09fd32c88ce053f6a555127f,0,0,0,2026-01,YouTube Music,AUBEC2051291,Dee Art,ffefb3cb9895617319f420b69b9367bb
78dfd3964756d3d07e8896b3a6ebdda2,0,0,0,2026-02,YouTube Music,AUBEC2051291,Dee Art,ffefb3cb9895617319f420b69b9367bb
0419e87c2badb2e56ebe18d2cdbedd22,0,0,0,2026-02,Apple Music,AUBEC2051291,Dee Art,ffefb3cb9895617319f420b69b9367bb
a54e4fed9e2d98ee68b84f614b308543,5,0,0,2026-02,Spotify,AUBEC2051291,Dee Art,ffefb3cb9895617319f420b69b9367bb
d675660db36ee3ae99a860525d7c6e63,4,0,0,2026-03,Spotify,AUBEC2051291,Dee Art,ffefb3cb9895617319f420b69b9367bb
a111b920011663eb6cccecec749d44be,0,0,0,2026-03,Apple Music,AUBEC2051291,Dee Art,ffefb3cb9895617319f420b69b9367bb
0cfaa39d10b183861f77cd3c1a230e72,0,0,0,2026-03,Amazon Prime Music,AUBEC2051291,Dee Art,ffefb3cb9895617319f420b69b9367bb
4de32a38f62f8c8d9633043094beaed7,0,0,0,2026-03,Amazon Music,AUBEC2051291,Dee Art,ffefb3cb9895617319f420b69b9367bb
b845c3a3c85af0a4bf0d3f2b7f92c4af,1,0,0,2025-06,Amazon Music,AUBEC2054618,Finn,ffefb3cb9895617319f420b69b9367bb
977c2d91cfc31b8504985e2ce15c7d94,0,0,0,2025-06,Amazon Prime Music,AUBEC2054618,Finn,ffefb3cb9895617319f420b69b9367bb
1ffbec595e8b6a48769b4ac893bdd777,20,0,0,2025-06,Apple Music,AUBEC2054618,Finn,ffefb3cb9895617319f420b69b9367bb
8fc234098994cab995b3cca48c93d9e6,0,0,0,2025-06,YouTube Music,AUBEC2054618,Finn,ffefb3cb9895617319f420b69b9367bb
73e95eb859c6a1d0592348d07e28989a,3,0,0,2025-06,iTunes,AUBEC2054618,Finn,ffefb3cb9895617319f420b69b9367bb
a86279cb4b79a4da056c8033cc365054,0,0,0,2025-06,iTunes Match,AUBEC2054618,Finn,ffefb3cb9895617319f420b69b9367bb
da86b15abc0794f4ec7e8f1b36009bbe,0,0,0,2025-06,Snapchat,AUBEC2054618,Finn,ffefb3cb9895617319f420b69b9367bb
5f8edd54b56cea6317ff44df7c5ae6f6,117,0,0,2025-06,Spotify,AUBEC2054618,Finn,ffefb3cb9895617319f420b69b9367bb
b8d0dba29697a9f78c74401b2caa4ebc,132,0,0,2025-07,Spotify,AUBEC2054618,Finn,ffefb3cb9895617319f420b69b9367bb
ac1ace645bd6606d7b6693c870b22007,0,0,0,2025-07,YouTube Music,AUBEC2054618,Finn,ffefb3cb9895617319f420b69b9367bb
6b290ab94dfed913643a6bae4700c7b5,0,0,0,2025-07,Tidal,AUBEC2054618,Finn,ffefb3cb9895617319f420b69b9367bb
336c023d5b4b7f9df01d2897f1fe2636,19,0,0,2025-07,Apple Music,AUBEC2054618,Finn,ffefb3cb9895617319f420b69b9367bb
e54327ba84e8a266248e8e78ba5fdc9e,0,0,0,2025-07,iTunes Match,AUBEC2054618,Finn,ffefb3cb9895617319f420b69b9367bb
2ca9ccf1a66ca0a3f972cf76ea85f5df,1,0,0,2025-07,iTunes,AUBEC2054618,Finn,ffefb3cb9895617319f420b69b9367bb
b712531c58b43cfdd2df19b3be5e30ac,0,0,0,2025-08,iTunes Match,AUBEC2054618,Finn,ffefb3cb9895617319f420b69b9367bb
5c440e2df927d0f2c33e29ba925b0277,0,0,0,2025-08,iTunes,AUBEC2054618,Finn,ffefb3cb9895617319f420b69b9367bb
4f3a74effcf0cdad02d3af32afea4416,0,0,0,2025-08,Tidal,AUBEC2054618,Finn,ffefb3cb9895617319f420b69b9367bb
fb95f141d9cad1c238e1f05d17d1ddc3,6,0,0,2025-08,TikTok,AUBEC2054618,Finn,ffefb3cb9895617319f420b69b9367bb
98d1da14fee75c780b513e2653c7b9b6,0,0,0,2025-08,Snapchat,AUBEC2054618,Finn,ffefb3cb9895617319f420b69b9367bb
db7103e15c49e8786eab3bf32db19712,2,0,0,2025-08,Netease Cloud Music,AUBEC2054618,Finn,ffefb3cb9895617319f420b69b9367bb
3be61d3daa58d633bf2dd66cfb48d122,0,0,0,2025-08,Soundtrack Your Brand,AUBEC2054618,Finn,ffefb3cb9895617319f420b69b9367bb
f8b82197ebba6336b9abccbcc2db8a39,148,0,0,2025-08,Spotify,AUBEC2054618,Finn,ffefb3cb9895617319f420b69b9367bb
cd9d5982bd11a946887a1c83d4bebd2c,0,0,0,2025-08,Audiomack,AUBEC2054618,Finn,ffefb3cb9895617319f420b69b9367bb
f90b46138d47cf96899334646a074ea0,0,0,0,2025-08,Deezer,AUBEC2054618,Finn,ffefb3cb9895617319f420b69b9367bb
be96c6a36ac187f881133455f0d49c72,1,0,0,2025-08,YouTube Music,AUBEC2054618,Finn,ffefb3cb9895617319f420b69b9367bb
bd35db980112aa267a79349600db1294,17,0,0,2025-08,Apple Music,AUBEC2054618,Finn,ffefb3cb9895617319f420b69b9367bb
9db94b4ef6ee5b80f995eb3eb86c6d92,1,0,0,2025-08,Amazon Music,AUBEC2054618,Finn,ffefb3cb9895617319f420b69b9367bb
831b9e20091ee1c0251b7149bd16791f,0,0,0,2025-08,Amazon Prime Music,AUBEC2054618,Finn,ffefb3cb9895617319f420b69b9367bb
f0497cdeb04b108093b3b018d898638c,0,0,0,2025-08,Anghami Music,AUBEC2054618,Finn,ffefb3cb9895617319f420b69b9367bb
f03776c76193d46ba67eeabbaf0f2856,0,0,0,2025-08,Trebel,AUBEC2054618,Finn,ffefb3cb9895617319f420b69b9367bb
7bd033aaa74a5f761ec45b15cfe590c7,0,0,0,2025-09,Trebel,AUBEC2054618,Finn,ffefb3cb9895617319f420b69b9367bb
d93a6a5710200419d5fa3a12d659f091,0,0,0,2025-09,Tidal,AUBEC2054618,Finn,ffefb3cb9895617319f420b69b9367bb
bcc85a4aeb0c112a12a3f6273f2fdd3b,0,0,0,2025-09,iTunes,AUBEC2054618,Finn,ffefb3cb9895617319f420b69b9367bb
25b31d83b7e69c8f5f4b0d5b51d17b96,0,0,0,2025-09,iTunes Match,AUBEC2054618,Finn,ffefb3cb9895617319f420b69b9367bb
c6ef296fd10f82414eca9870bf32624f,0,0,0,2025-09,Snapchat,AUBEC2054618,Finn,ffefb3cb9895617319f420b69b9367bb
d681bfc3f9c1d0ef4b65790486a2c5b4,18,0,0,2025-09,Spotify,AUBEC2054618,Finn,ffefb3cb9895617319f420b69b9367bb
3dfff09bf88ecd24c504542e87edc3e2,0,0,0,2025-09,Soundtrack Your Brand,AUBEC2054618,Finn,ffefb3cb9895617319f420b69b9367bb
00a295cc786a6cbc781ce0dcc4ca69b6,3,0,0,2025-09,Apple Music,AUBEC2054618,Finn,ffefb3cb9895617319f420b69b9367bb
714560344f0e33601250327a4e63b2cc,1,0,0,2025-09,Amazon Music,AUBEC2054618,Finn,ffefb3cb9895617319f420b69b9367bb
1027bcbc242d3ca8f0527c4828ebe5d0,2,0,0,2025-09,Amazon Prime Music,AUBEC2054618,Finn,ffefb3cb9895617319f420b69b9367bb
f225bffcb63b447880442ac9010ca7b6,13,0,0,2025-09,YouTube Music,AUBEC2054618,Finn,ffefb3cb9895617319f420b69b9367bb
2d046cda5a59b9e19ce4b2816f8ce819,0,0,0,2025-10,YouTube Music,AUBEC2054618,Finn,ffefb3cb9895617319f420b69b9367bb
1f12ce61bb556c0eb2f82ca1b591d24d,0,0,0,2025-10,iTunes Match,AUBEC2054618,Finn,ffefb3cb9895617319f420b69b9367bb
bef90601f89e29d2993967ac1e7d02a2,0,0,0,2025-10,Deezer,AUBEC2054618,Finn,ffefb3cb9895617319f420b69b9367bb
e78c9415b0bb53f42fb182cfde675cec,5,0,0,2025-10,TikTok,AUBEC2054618,Finn,ffefb3cb9895617319f420b69b9367bb
050191020d75bc0957ca99526c12c830,0,0,0,2025-10,Tidal,AUBEC2054618,Finn,ffefb3cb9895617319f420b69b9367bb
d8efbee4db9ec59873b888bd441f08fc,0,0,0,2025-10,Amazon Music,AUBEC2054618,Finn,ffefb3cb9895617319f420b69b9367bb
5b8e942ba237b068ba5ed09476aa7af3,0,0,0,2025-10,Amazon Prime Music,AUBEC2054618,Finn,ffefb3cb9895617319f420b69b9367bb
7dea9ce465c473c5c7bfbc98b1b982dc,15,0,0,2025-10,Apple Music,AUBEC2054618,Finn,ffefb3cb9895617319f420b69b9367bb
a3f599963961e77f7cb42f276fce1280,156,0,0,2025-10,Spotify,AUBEC2054618,Finn,ffefb3cb9895617319f420b69b9367bb
d4c8ee230f13e9f20b6acfa853d5b45f,0,0,0,2025-10,Soundtrack Your Brand,AUBEC2054618,Finn,ffefb3cb9895617319f420b69b9367bb
2eb030c006498a4e067cc6c6e92ff24f,0,0,0,2025-10,Pandora,AUBEC2054618,Finn,ffefb3cb9895617319f420b69b9367bb
4375fd583c0c91ec394f419969410eee,0,0,0,2025-10,Snapchat,AUBEC2054618,Finn,ffefb3cb9895617319f420b69b9367bb
01aa840189d2e4c0634f4d024d76bd1b,153,0,0,2025-11,Spotify,AUBEC2054618,Finn,ffefb3cb9895617319f420b69b9367bb
3a7f0a11a892bf24134864c90efad39c,0,0,0,2025-11,Snapchat,AUBEC2054618,Finn,ffefb3cb9895617319f420b69b9367bb
4bc2b8aaf3c9764eadefc7be97d4f912,0,0,0,2025-11,YouTube Music,AUBEC2054618,Finn,ffefb3cb9895617319f420b69b9367bb
bac7fae34e48c3fb16968563c33e6400,1,0,0,2025-11,iTunes,AUBEC2054618,Finn,ffefb3cb9895617319f420b69b9367bb
b74f110494c9041cfb089b2037e9be07,0,0,0,2025-11,iTunes Match,AUBEC2054618,Finn,ffefb3cb9895617319f420b69b9367bb
91ab80149959a3ea83aed9e7d9222c50,16,0,0,2025-11,Apple Music,AUBEC2054618,Finn,ffefb3cb9895617319f420b69b9367bb
4182e352fa6b63152aa42828d3e42b18,12,0,0,2025-11,TikTok,AUBEC2054618,Finn,ffefb3cb9895617319f420b69b9367bb
211735ebed17edf2474db6a6c24d4d9f,0,0,0,2025-11,Tidal,AUBEC2054618,Finn,ffefb3cb9895617319f420b69b9367bb
96ab0be6d70bf8a7b15bcff3cebd354c,0,0,0,2025-12,YouTube Music,AUBEC2054618,Finn,ffefb3cb9895617319f420b69b9367bb
0edd08e69a09ddc5c1cb0f0050e08b64,0,0,0,2025-12,Snapchat,AUBEC2054618,Finn,ffefb3cb9895617319f420b69b9367bb
5df0d61118b9da2716797b802ed6c497,169,0,0,2025-12,Spotify,AUBEC2054618,Finn,ffefb3cb9895617319f420b69b9367bb
736779e887b29364997b9a761f514f13,27,0,0,2025-12,Apple Music,AUBEC2054618,Finn,ffefb3cb9895617319f420b69b9367bb
32882a3f8a90f5546abc957ac2fb4324,2,0,0,2025-12,iTunes,AUBEC2054618,Finn,ffefb3cb9895617319f420b69b9367bb
5e1e3499fc6a7cbef4f6723ecc1305a2,0,0,0,2025-12,iTunes Match,AUBEC2054618,Finn,ffefb3cb9895617319f420b69b9367bb
09a43e190f95464893bcc7d30665710e,1,0,0,2026-01,iTunes,AUBEC2054618,Finn,ffefb3cb9895617319f420b69b9367bb
362b7f111661a8866a71714bb54ec276,0,0,0,2026-01,iTunes Match,AUBEC2054618,Finn,ffefb3cb9895617319f420b69b9367bb
af912137a66916bb2c6bdbdb80cd3681,0,0,0,2026-01,YouTube Music,AUBEC2054618,Finn,ffefb3cb9895617319f420b69b9367bb
bb096c5c6d1ddacd06d693947d37fa3a,19,0,0,2026-01,Apple Music,AUBEC2054618,Finn,ffefb3cb9895617319f420b69b9367bb
56e472b754c45fc0c6e7d8c949351684,0,0,0,2026-01,Snapchat,AUBEC2054618,Finn,ffefb3cb9895617319f420b69b9367bb
8f70335e20bc94d4c5706f0c9d44177d,156,0,0,2026-01,Spotify,AUBEC2054618,Finn,ffefb3cb9895617319f420b69b9367bb
abd654a39dc187bf896bdcfc566aee68,0,0,0,2026-02,Snapchat,AUBEC2054618,Finn,ffefb3cb9895617319f420b69b9367bb
5e14fa666969a9007027c94120854a9d,195,0,0,2026-02,Spotify,AUBEC2054618,Finn,ffefb3cb9895617319f420b69b9367bb
2c5d6c739e85819b4571aacb98c0ad7c,0,0,0,2026-02,iTunes Match,AUBEC2054618,Finn,ffefb3cb9895617319f420b69b9367bb
a010c40449602419af6468ad0399d5a8,0,0,0,2026-02,iTunes,AUBEC2054618,Finn,ffefb3cb9895617319f420b69b9367bb
464b84aea31eccf45ae32264e1f23f67,0,0,0,2026-02,Tidal,AUBEC2054618,Finn,ffefb3cb9895617319f420b69b9367bb
bb50bbb72488de8a3f036b12fe24eed6,23,0,0,2026-02,Apple Music,AUBEC2054618,Finn,ffefb3cb9895617319f420b69b9367bb
6a4b7bb01cd027431839a368525dd9e2,0,0,0,2026-02,YouTube Music,AUBEC2054618,Finn,ffefb3cb9895617319f420b69b9367bb
b742ae64d713dd37f990f20779374a94,0,0,0,2026-03,YouTube Music,AUBEC2054618,Finn,ffefb3cb9895617319f420b69b9367bb
943e21a7e435b1aa0a15fd1c76754dbc,0,0,0,2026-03,iTunes Match,AUBEC2054618,Finn,ffefb3cb9895617319f420b69b9367bb
cc5dcfd54e7552e593dde5e14591d7b8,1,0,0,2026-03,iTunes,AUBEC2054618,Finn,ffefb3cb9895617319f420b69b9367bb
1c230741da4d3a7f36e78b54a3dc0dfb,168,0,0,2026-03,Spotify,AUBEC2054618,Finn,ffefb3cb9895617319f420b69b9367bb
731393e58a44f04fdd809fa5e2cde54a,0,0,0,2026-03,Snapchat,AUBEC2054618,Finn,ffefb3cb9895617319f420b69b9367bb
f171cc4535f5ea4c6845a523db8e66a3,27,0,0,2026-03,Apple Music,AUBEC2054618,Finn,ffefb3cb9895617319f420b69b9367bb
eeb09b32ecf59d3472c1cb8fe085b85e,0,0,0,2026-03,Amazon Music,AUBEC2054618,Finn,ffefb3cb9895617319f420b69b9367bb
b8ea500ed75f560a6b5452836c8b99e1,0,0,0,2026-03,Amazon Prime Music,AUBEC2054618,Finn,ffefb3cb9895617319f420b69b9367bb
a3565708e5318b2adba6efcc71983ff0,0,0,0,2026-03,Tidal,AUBEC2054618,Finn,ffefb3cb9895617319f420b69b9367bb
ef2f1e7e554cf299183392e80e293b6f,0,0,0,2025-06,iTunes Match,AUBEC2054622,Finn,ffefb3cb9895617319f420b69b9367bb
d485fb2934892a3eda43f390c241a29c,1,0,0,2025-06,iTunes,AUBEC2054622,Finn,ffefb3cb9895617319f420b69b9367bb
7fdbb1f5fdbac543c9f13ed1a45dc528,3,0,0,2025-06,YouTube Music,AUBEC2054622,Finn,ffefb3cb9895617319f420b69b9367bb
029dc509af8bf7539e37753ecc384a7f,0,0,0,2025-06,Amazon Prime Music,AUBEC2054622,Finn,ffefb3cb9895617319f420b69b9367bb
03ddb1f5ed6ea2af0ea339d60667d9f8,8,0,0,2025-06,Apple Music,AUBEC2054622,Finn,ffefb3cb9895617319f420b69b9367bb
eed58b6a7d490df5999341f2ad36e54f,42,0,0,2025-06,Amazon Music,AUBEC2054622,Finn,ffefb3cb9895617319f420b69b9367bb
d9f0acdd066288b9fe89df38d1be264c,0,0,0,2025-06,Snapchat,AUBEC2054622,Finn,ffefb3cb9895617319f420b69b9367bb
fb62642b2f9814e144abe28b23083db0,88,0,0,2025-06,Spotify,AUBEC2054622,Finn,ffefb3cb9895617319f420b69b9367bb
f31be0cf7e875ca9b1b9e92ad6c152a6,99,0,0,2025-07,Spotify,AUBEC2054622,Finn,ffefb3cb9895617319f420b69b9367bb
c9ab6d61873cf5f87206344b75bbca4b,0,0,0,2025-07,iTunes Match,AUBEC2054622,Finn,ffefb3cb9895617319f420b69b9367bb
77ce07cdf9fc61da219c6de4e3bb885d,1,0,0,2025-07,iTunes,AUBEC2054622,Finn,ffefb3cb9895617319f420b69b9367bb
ce5282e408968d20b0f3c2c4eaa43c2f,0,0,0,2025-07,Tidal,AUBEC2054622,Finn,ffefb3cb9895617319f420b69b9367bb
639e7d9a214e09d7cde6c3fa422ba7de,8,0,0,2025-07,Apple Music,AUBEC2054622,Finn,ffefb3cb9895617319f420b69b9367bb
700e38e04ff09a20f61c8f4f79ff4473,0,0,0,2025-07,YouTube Music,AUBEC2054622,Finn,ffefb3cb9895617319f420b69b9367bb
09088a833b1511fb81fc8a665640a6a1,0,0,0,2025-08,YouTube Music,AUBEC2054622,Finn,ffefb3cb9895617319f420b69b9367bb
f4d8a6ef414b804e92c0f1168629e06e,0,0,0,2025-08,iTunes Match,AUBEC2054622,Finn,ffefb3cb9895617319f420b69b9367bb
510919880936c4a32a3a8ccb854fff91,0,0,0,2025-08,iTunes,AUBEC2054622,Finn,ffefb3cb9895617319f420b69b9367bb
eeda4221a1f3fbe895e474d26f27e891,0,0,0,2025-08,Deezer,AUBEC2054622,Finn,ffefb3cb9895617319f420b69b9367bb
281bfbe6dd2ed456572deaab90b11ff0,0,0,0,2025-08,Audiomack,AUBEC2054622,Finn,ffefb3cb9895617319f420b69b9367bb
befbb72c5bfd8e5139186bd23c048cb5,106,0,0,2025-08,Spotify,AUBEC2054622,Finn,ffefb3cb9895617319f420b69b9367bb
60112baf7f78c52ae1848deb148816d9,0,0,0,2025-08,Pandora,AUBEC2054622,Finn,ffefb3cb9895617319f420b69b9367bb
acf57f34f46dc3b89143ad1b1cd0b804,0,0,0,2025-08,Netease Cloud Music,AUBEC2054622,Finn,ffefb3cb9895617319f420b69b9367bb
d53a8881c5c7d1d9ec0a13bc14e2d537,0,0,0,2025-08,Snapchat,AUBEC2054622,Finn,ffefb3cb9895617319f420b69b9367bb
b077f9ddeb28f42e74ff063488e9f7cd,0,0,0,2025-08,Anghami Music,AUBEC2054622,Finn,ffefb3cb9895617319f420b69b9367bb
d6ed736b787ead7016317929fe7c3d7f,18,0,0,2025-08,Apple Music,AUBEC2054622,Finn,ffefb3cb9895617319f420b69b9367bb
b990d39cda80d69bc3a112652c06dac7,0,0,0,2025-08,Amazon Prime Music,AUBEC2054622,Finn,ffefb3cb9895617319f420b69b9367bb
893b5c7284d0e985b22264034ca639a5,29,0,0,2025-08,Amazon Music,AUBEC2054622,Finn,ffefb3cb9895617319f420b69b9367bb
89c94c60e97d5ae5f5d88f3b1000d143,0,0,0,2025-08,TikTok,AUBEC2054622,Finn,ffefb3cb9895617319f420b69b9367bb
9691d684d0dc066c3e10b75aa9e32106,0,0,0,2025-09,Tidal,AUBEC2054622,Finn,ffefb3cb9895617319f420b69b9367bb
34f1433bdefb786fdb73381ea9731874,7,0,0,2025-09,YouTube Music,AUBEC2054622,Finn,ffefb3cb9895617319f420b69b9367bb
55cd36bf85c066a10524a80214755764,0,0,0,2025-09,iTunes Match,AUBEC2054622,Finn,ffefb3cb9895617319f420b69b9367bb
470bf1f3e863738d4cc7e480009fe0c1,0,0,0,2025-09,iTunes,AUBEC2054622,Finn,ffefb3cb9895617319f420b69b9367bb
6b455f498ae1c918695d76b053cb83b7,0,0,0,2025-09,Amazon Prime Music,AUBEC2054622,Finn,ffefb3cb9895617319f420b69b9367bb
a1cb5515c70895893af6aa6b83d2bc93,0,0,0,2025-09,Amazon Music,AUBEC2054622,Finn,ffefb3cb9895617319f420b69b9367bb
764636939f730c6747a95a9cec0cc277,6,0,0,2025-09,Apple Music,AUBEC2054622,Finn,ffefb3cb9895617319f420b69b9367bb
4239ac654f37f3c40bf6236153cf899f,0,0,0,2025-09,Snapchat,AUBEC2054622,Finn,ffefb3cb9895617319f420b69b9367bb
1214f89b5a8dd395195b2a1a748b50dc,24,0,0,2025-09,Spotify,AUBEC2054622,Finn,ffefb3cb9895617319f420b69b9367bb
c90ee1a174c24d744661a72ad84480d5,0,0,0,2025-09,Pandora,AUBEC2054622,Finn,ffefb3cb9895617319f420b69b9367bb
6fd8fcc61c9c428617e9c2e6f800362c,0,0,0,2025-10,Pandora,AUBEC2054622,Finn,ffefb3cb9895617319f420b69b9367bb
2238442a540cad4434896539a57ab54f,0,0,0,2025-10,Snapchat,AUBEC2054622,Finn,ffefb3cb9895617319f420b69b9367bb
81417598e8873fc12fc12bdfd8325b36,107,0,0,2025-10,Spotify,AUBEC2054622,Finn,ffefb3cb9895617319f420b69b9367bb
3b0d30f5ea31345629df7c0f643bc2a5,1,0,0,2025-10,YouTube Music,AUBEC2054622,Finn,ffefb3cb9895617319f420b69b9367bb
71ebdf5e850989c4ffbe93b27e36fc7f,0,0,0,2025-10,Deezer,AUBEC2054622,Finn,ffefb3cb9895617319f420b69b9367bb
88d79668438e1d599a705811e4f53a06,0,0,0,2025-10,Tidal,AUBEC2054622,Finn,ffefb3cb9895617319f420b69b9367bb
9ff1a79eb505003fa4162aac36394161,0,0,0,2025-10,TikTok,AUBEC2054622,Finn,ffefb3cb9895617319f420b69b9367bb
4cea6878c22ccf0ee0b4a533f7b6d889,25,0,0,2025-10,Apple Music,AUBEC2054622,Finn,ffefb3cb9895617319f420b69b9367bb
7c7731ff38616c1babb039aac89c950f,26,0,0,2025-10,Amazon Music,AUBEC2054622,Finn,ffefb3cb9895617319f420b69b9367bb
e599ea2b02b65e983d60f11fc46c0221,0,0,0,2025-10,Amazon Prime Music,AUBEC2054622,Finn,ffefb3cb9895617319f420b69b9367bb
3b084d5c6adefe833305767f403d9464,0,0,0,2025-10,iTunes Match,AUBEC2054622,Finn,ffefb3cb9895617319f420b69b9367bb
1fdeb99258e232a50e4229011a890744,0,0,0,2025-11,iTunes Match,AUBEC2054622,Finn,ffefb3cb9895617319f420b69b9367bb
4b61170725cfdba6d888fada79d920f3,1,0,0,2025-11,iTunes,AUBEC2054622,Finn,ffefb3cb9895617319f420b69b9367bb
357089aa3ec1b69cf66cd810851a55fd,0,0,0,2025-11,Snapchat,AUBEC2054622,Finn,ffefb3cb9895617319f420b69b9367bb
bad2685ccc5f6fd356e164b141c04f8e,105,0,0,2025-11,Spotify,AUBEC2054622,Finn,ffefb3cb9895617319f420b69b9367bb
e6d833896540d490c25b136a30531a95,0,0,0,2025-11,YouTube Music,AUBEC2054622,Finn,ffefb3cb9895617319f420b69b9367bb
e03a2f6dfdcb18a0f727e764ae11b70d,24,0,0,2025-11,Apple Music,AUBEC2054622,Finn,ffefb3cb9895617319f420b69b9367bb
83df9fdf195184b44875b356e38f3fcd,0,0,0,2025-11,TikTok,AUBEC2054622,Finn,ffefb3cb9895617319f420b69b9367bb
c51d84b8f9b9c5ad242e4d01bed148c8,0,0,0,2025-11,Tidal,AUBEC2054622,Finn,ffefb3cb9895617319f420b69b9367bb
9191a758e1496f2b0143e6ed69abf534,96,0,0,2025-12,Spotify,AUBEC2054622,Finn,ffefb3cb9895617319f420b69b9367bb
56cea7dc005eae0e657f79e3c56a8e16,2,0,0,2025-12,iTunes,AUBEC2054622,Finn,ffefb3cb9895617319f420b69b9367bb
2dc5aa24dcf713808a222e950e9a0ed2,0,0,0,2025-12,iTunes Match,AUBEC2054622,Finn,ffefb3cb9895617319f420b69b9367bb
d1484ddc08f49318715aecefaab2f291,16,0,0,2025-12,Apple Music,AUBEC2054622,Finn,ffefb3cb9895617319f420b69b9367bb
a8b7ea615f76158334660b4c1b38e76b,7,0,0,2025-12,YouTube Music,AUBEC2054622,Finn,ffefb3cb9895617319f420b69b9367bb
e691cf922896a0120ca58dc9832a42fe,1,0,0,2026-01,YouTube Music,AUBEC2054622,Finn,ffefb3cb9895617319f420b69b9367bb
544057eab4be1834fb598fb749aac165,74,0,0,2026-01,Spotify,AUBEC2054622,Finn,ffefb3cb9895617319f420b69b9367bb
ea6443ce70cc74b2c38b1cc95c6154ec,0,0,0,2026-01,Snapchat,AUBEC2054622,Finn,ffefb3cb9895617319f420b69b9367bb
c08630b22a9f5bed53a2a77192114631,15,0,0,2026-01,Apple Music,AUBEC2054622,Finn,ffefb3cb9895617319f420b69b9367bb
ce3161f43e623c6b7a98cc3f897298de,0,0,0,2026-01,iTunes Match,AUBEC2054622,Finn,ffefb3cb9895617319f420b69b9367bb
a916cd3ea6f3a6a99a9c56f9f1a3efe0,0,0,0,2026-02,iTunes Match,AUBEC2054622,Finn,ffefb3cb9895617319f420b69b9367bb
7b8e07b58d4ee0106873c16d2452d706,24,0,0,2026-02,YouTube Music,AUBEC2054622,Finn,ffefb3cb9895617319f420b69b9367bb
430c6025aa7d204da2f8308cf5ff2c57,0,0,0,2026-02,Tidal,AUBEC2054622,Finn,ffefb3cb9895617319f420b69b9367bb
069c8657c21503e3844bfc4e29294097,11,0,0,2026-02,Apple Music,AUBEC2054622,Finn,ffefb3cb9895617319f420b69b9367bb
f8c3df27e3f83b0d4301cff13e5452ab,0,0,0,2026-02,Snapchat,AUBEC2054622,Finn,ffefb3cb9895617319f420b69b9367bb
639a5f927c9b91ee683d33c3c02af673,96,0,0,2026-02,Spotify,AUBEC2054622,Finn,ffefb3cb9895617319f420b69b9367bb
dca58d2eef2c56a14a6d7ec3923f5735,0,0,0,2026-03,Snapchat,AUBEC2054622,Finn,ffefb3cb9895617319f420b69b9367bb
82f0d5af56c53efdde53bc59f6e89391,84,0,0,2026-03,Spotify,AUBEC2054622,Finn,ffefb3cb9895617319f420b69b9367bb
33fbaec5652e6f39b7f2b3b6bf1eb590,2,0,0,2026-03,YouTube Music,AUBEC2054622,Finn,ffefb3cb9895617319f420b69b9367bb
16983e59ccc1b8d80da3179a1f1a24f0,1,0,0,2026-03,iTunes,AUBEC2054622,Finn,ffefb3cb9895617319f420b69b9367bb
4f2fbc1e512b36c8d5ac974c468bb61c,0,0,0,2026-03,iTunes Match,AUBEC2054622,Finn,ffefb3cb9895617319f420b69b9367bb
4954a43b5214a68f86dea01f6093da6d,12,0,0,2026-03,Apple Music,AUBEC2054622,Finn,ffefb3cb9895617319f420b69b9367bb
644e320275b09bf8dc1ba42e49d7a20c,0,0,0,2026-03,Amazon Prime Music,AUBEC2054622,Finn,ffefb3cb9895617319f420b69b9367bb
b3521111945a0609c8fba1cb319a7231,40,0,0,2026-03,Amazon Music,AUBEC2054622,Finn,ffefb3cb9895617319f420b69b9367bb
e34ca34e4f7c8385365192a8396ae960,0,0,0,2026-03,Tidal,AUBEC2054622,Finn,ffefb3cb9895617319f420b69b9367bb
5c3632053944679d99716a00c67ff159,1,0,0,2025-06,YouTube Music,AUBEC2054623,Finn,ffefb3cb9895617319f420b69b9367bb
63deeb5ebe9dc2153681010b194667b8,3,0,0,2025-06,Spotify,AUBEC2054623,Finn,ffefb3cb9895617319f420b69b9367bb
3d0c0c23e4844543c0659cdd04968b04,0,0,0,2025-06,Snapchat,AUBEC2054623,Finn,ffefb3cb9895617319f420b69b9367bb
6731eff5db180b6d9a53322d532f93be,0,0,0,2025-06,Amazon Music,AUBEC2054623,Finn,ffefb3cb9895617319f420b69b9367bb
ed9965ac59c44c49541f1693041530e3,17,0,0,2025-06,Apple Music,AUBEC2054623,Finn,ffefb3cb9895617319f420b69b9367bb
687d10e7188b71c93b62cc8a9b5253b4,0,0,0,2025-06,Amazon Prime Music,AUBEC2054623,Finn,ffefb3cb9895617319f420b69b9367bb
e1d0573e0a1f53fbc8622509fd763c6f,0,0,0,2025-06,iTunes Match,AUBEC2054623,Finn,ffefb3cb9895617319f420b69b9367bb
5e9d97241e0a924e612b0dce21756c2c,1,0,0,2025-06,iTunes,AUBEC2054623,Finn,ffefb3cb9895617319f420b69b9367bb
46ec306dd39f755596816e994fad2adb,0,0,0,2025-07,iTunes Match,AUBEC2054623,Finn,ffefb3cb9895617319f420b69b9367bb
a8861c49846bd2e75518fef2288ab95d,1,0,0,2025-07,iTunes,AUBEC2054623,Finn,ffefb3cb9895617319f420b69b9367bb
4a8a35287aa9a38ae06a4b90da69aa8e,0,0,0,2025-07,YouTube Music,AUBEC2054623,Finn,ffefb3cb9895617319f420b69b9367bb
707322d4b872c07553413e12fcc2f8d8,0,0,0,2025-07,Tidal,AUBEC2054623,Finn,ffefb3cb9895617319f420b69b9367bb
73b1b7b382a4512882400b62e5ec7a86,18,0,0,2025-07,Apple Music,AUBEC2054623,Finn,ffefb3cb9895617319f420b69b9367bb
642cc6d7b82da80a5a70c6357a4be98f,4,0,0,2025-07,Spotify,AUBEC2054623,Finn,ffefb3cb9895617319f420b69b9367bb
8043a6d7ea174a38781cac001adbc465,0,0,0,2025-08,Netease Cloud Music,AUBEC2054623,Finn,ffefb3cb9895617319f420b69b9367bb
d8a5cd0eff25136f421e59345cc81261,4,0,0,2025-08,Spotify,AUBEC2054623,Finn,ffefb3cb9895617319f420b69b9367bb
ebcd1c5638227c5a30d73dee0e4a87c4,0,0,0,2025-08,YouTube Music,AUBEC2054623,Finn,ffefb3cb9895617319f420b69b9367bb
6741fc05fe24d3e88499bf66f7e66adf,0,0,0,2025-08,Deezer,AUBEC2054623,Finn,ffefb3cb9895617319f420b69b9367bb
5e2d3d32c8b7256504945628145374fd,0,0,0,2025-08,Audiomack,AUBEC2054623,Finn,ffefb3cb9895617319f420b69b9367bb
19346db25d94093c8d41e2e9c1790c2f,0,0,0,2025-08,iTunes,AUBEC2054623,Finn,ffefb3cb9895617319f420b69b9367bb
d8425462370d6892bdc3206433cf50db,0,0,0,2025-08,iTunes Match,AUBEC2054623,Finn,ffefb3cb9895617319f420b69b9367bb
7e5e7eeb49df77747526b125bb1101ac,16,0,0,2025-08,Apple Music,AUBEC2054623,Finn,ffefb3cb9895617319f420b69b9367bb
b928a9c99366b9bc504fb308dec55366,0,0,0,2025-08,Amazon Prime Music,AUBEC2054623,Finn,ffefb3cb9895617319f420b69b9367bb
29c5e36ae3ab0a158bbb14869f0c881b,0,0,0,2025-08,Amazon Music,AUBEC2054623,Finn,ffefb3cb9895617319f420b69b9367bb
7bc331c56d320bc27d6ec85bc187e06e,0,0,0,2025-08,Anghami Music,AUBEC2054623,Finn,ffefb3cb9895617319f420b69b9367bb
039a7a150dcc229320d71c5f1f07ca4c,0,0,0,2025-08,TikTok,AUBEC2054623,Finn,ffefb3cb9895617319f420b69b9367bb
9da438e0802f90eb88b3d8ac73f44ea1,0,0,0,2025-08,Tidal,AUBEC2054623,Finn,ffefb3cb9895617319f420b69b9367bb
0c7e081179199a2c45dc6fda61aa50ef,0,0,0,2025-09,Tidal,AUBEC2054623,Finn,ffefb3cb9895617319f420b69b9367bb
142d5390a3ab4744b03f61f5bc094f30,9,0,0,2025-09,Spotify,AUBEC2054623,Finn,ffefb3cb9895617319f420b69b9367bb
086411b229dcb6afe17645c1f14325be,0,0,0,2025-09,Snapchat,AUBEC2054623,Finn,ffefb3cb9895617319f420b69b9367bb
90a46d2c562c2a095c61b478e308d05a,11,0,0,2025-09,YouTube Music,AUBEC2054623,Finn,ffefb3cb9895617319f420b69b9367bb
89604056648966961a9ec331b9ec4abd,4,0,0,2025-09,Apple Music,AUBEC2054623,Finn,ffefb3cb9895617319f420b69b9367bb
c5c449b92dcc13b27df08aed2c29cacb,0,0,0,2025-09,Amazon Music,AUBEC2054623,Finn,ffefb3cb9895617319f420b69b9367bb
86c0b629fcc9d4fc32a8ac2229cc82e3,1,0,0,2025-09,Amazon Prime Music,AUBEC2054623,Finn,ffefb3cb9895617319f420b69b9367bb
8257b4b3580d6a4ccb35d5471d4987f7,0,0,0,2025-09,iTunes Match,AUBEC2054623,Finn,ffefb3cb9895617319f420b69b9367bb
0d6ee459c1cb7ed8bc52a0ec62d8bb5e,0,0,0,2025-09,iTunes,AUBEC2054623,Finn,ffefb3cb9895617319f420b69b9367bb
7292bab3ea3b66f610289d293da8cfc2,0,0,0,2025-10,iTunes Match,AUBEC2054623,Finn,ffefb3cb9895617319f420b69b9367bb
d7158b2c6fbec9743df10f25b78d9d7d,8,0,0,2025-10,Spotify,AUBEC2054623,Finn,ffefb3cb9895617319f420b69b9367bb
22eee7b48ca6e75edf53ca0e5643726a,0,0,0,2025-10,Snapchat,AUBEC2054623,Finn,ffefb3cb9895617319f420b69b9367bb
b987bc1b740de95f4cca861cc7338230,0,0,0,2025-10,Deezer,AUBEC2054623,Finn,ffefb3cb9895617319f420b69b9367bb
69b4bddf72e6b58f416c04cc451dc9c7,0,0,0,2025-10,TikTok,AUBEC2054623,Finn,ffefb3cb9895617319f420b69b9367bb
63e241e5b5b6102757080a18be772284,0,0,0,2025-10,Tidal,AUBEC2054623,Finn,ffefb3cb9895617319f420b69b9367bb
2bf2334d837b83f5c9628d9fa44f0e34,0,0,0,2025-10,Amazon Prime Music,AUBEC2054623,Finn,ffefb3cb9895617319f420b69b9367bb
d62dfb8be9d39ec235f61234ae0ae32a,0,0,0,2025-10,Amazon Music,AUBEC2054623,Finn,ffefb3cb9895617319f420b69b9367bb
f9291700a53c1c1738d37e4ddb35c804,7,0,0,2025-10,Apple Music,AUBEC2054623,Finn,ffefb3cb9895617319f420b69b9367bb
10a9673b4b1fc5101f358badb50325c5,0,0,0,2025-10,YouTube Music,AUBEC2054623,Finn,ffefb3cb9895617319f420b69b9367bb
