dim_stock_sk,hg_stock_id,name,isrc,stock_link,stock_stored_date,first_published_date,resource_age_days,status
09bf786af45c3f547ed6dc5ffa65cb2f,HGFA000130EFEE054B2897CF572350E9F433,Madara_HGFA000130EFEE054B2897CF572350E9F433.wav,,https://stock-admin.hgmedia.app/admin/resource/detail/00000000-0000-0000-0000-000000000000/audio/grid/10741687-7a5f-4b41-9af0-1e34b802d2ae/0,2022-12-05 15:58:56.570605,,1357,Tồn kho
09a3fee00e09042d46c811276dd8b74b,HGFA00017A1B32C04566963EB7BE0B54D26E,Never-Let-Me-Go-(Official-Video)-｜-#FutureHouse_HGFA72A2164D9A524010990686F97B5CED3F.wav,,,2024-08-09 07:11:05.938,,744,Tồn kho
945bd4f3017d1a89dc0e0a490bbcad62,HGFA000277727543400DB72A67D5F7515660,Poking-Around_HGFA76F59995CAF74FC5B6E4ACAD4C974CD3.wav,,,2024-08-09 05:09:22.776188,,744,Tồn kho
fb701b1458e5f08eb60eac210e4b9777,HGFA0002AE56B48F4E288E4D99D9102BBA08,Nando Fortunato - Falling.mp3,,,2025-12-03 01:32:59.275393,,263,Tồn kho
fedee5a27ec9bab04be40872a27c8d7a,HGFA00030CF43E00444993A231056E4129FB,Heavenly Peace.wav,,,2024-09-18 10:52:32.116748,,704,Tồn kho
be30b23ac1c2ae45d04bd0a1fbc879e9,HGFA0003E36DDC8C4AABB290C3ADADC7BE1F,MoonWater-23_HGFAF74956C2E4E9470280FCEC1EA539D0D4.wav,,,2024-11-22 18:03:34.546522,,639,Tồn kho
c7a7c6c7066142f0fed776b8295a75e4,HGFA000490721CBD4DC8A84FEE21070A9A28,Handel Society Choir - Acis & Galatea - Part II - 16. Helpgalatea.wav,,,2026-05-26 07:56:49.767707,,89,Tồn kho
34fb2f7cd20b863c66c2bad205b54d0b,HGFA00049640E2994465932BB5425D279854,"Organ Sonata no. 5 in C major, BWV 529 (Lute and Harpsichord).wav",,,2026-05-26 08:34:08.498544,,89,Tồn kho
cefaf51463620b528b80b5575a28dbc0,HGFA00053D2CA36A4CB4BFA9B65777EF74FA,MoonWater-25---Relaxed-Reflections_HGFA2FD64B59F3554D6DA1144320E492B40C.wav,,,2024-11-23 14:49:56.860556,,638,Tồn kho
0f3fe9eaa0fe72224ac3559b231d0a11,HGFA00059BFED58A4081804D769C0D6CAF9E,Tell-Me-(Official-Audio)_HGFACD5B1595C5C64FC08A40AAD09A37E962.wav,,,2024-08-09 10:03:49.268442,,744,Tồn kho
79499c70b8e8b9a2ba9b01af9da36010,HGFA0005F36F655B40C6BCCE7E0C6BDC9BE7,Into-The-Blue_HGFA0005F36F655B40C6BCCE7E0C6BDC9BE7.mp3,,https://stock-admin.hgmedia.app/admin/resource/detail/00000000-0000-0000-0000-000000000000/audio/grid/d9bcef2b-c798-48fa-b3c1-f95b1ec34653/0,2022-07-15 16:35:10.704365,2023-08-07,1500,Sử dụng
28ab19c05993791667777afe596a483a,HGFA00061C8271C74553AAFAA45D36EBD102,Jangan Nget Ngetan.wav,,,2024-10-08 10:33:09.18049,,684,Tồn kho
fa390b045086a52e3a681f4a516840b2,HGFA00062469DDA242B0B547CC56650D2A12,Looking-For-Love-(Official-Video)(2)_HGFA00062469DDA242B0B547CC56650D2A12.mp3,,https://stock-admin.hgmedia.app/admin/resource/detail/00000000-0000-0000-0000-000000000000/audio/grid/9fd02f26-e81b-401e-a140-fa4144e6474e/0,2024-03-18 11:02:45.079919,,888,Lưu kho
7e6766fc6171149791ec42715d6e5530,HGFA00075ADEDC1A4C81868FFA6471061A7F,Limitless-(Official-Audio)-｜-#Dubstep_HGFA0951854BABCD494980F97AC4CD655AB1.mp3,,,2025-08-23 08:10:38.980087,,365,Tồn kho
5cdcddc005188c5810f385496a8a9f6c,HGFA0007F579AA114676A27E5C894C643AE5,Greyline.wav,,,2024-12-02 03:45:08.620711,,629,Tồn kho
884dbb0542280eb599c2f3516f1ae9a5,HGFA00081CA02ED649CF88EF8D3B0117AAF0,"PTC5186408_02_17_Wagner Siegfried, Act 2 Da lieg auch du.wav",NLE421300137,https://stock-admin.hgmedia.app/admin/resource/detail/00000000-0000-0000-0000-000000000000/audio/grid/9718185a-2296-4dc6-96b8-05ecc976d1ba/0,2026-04-07 06:03:13.096486,,138,Lưu kho
7addfcf14c0d4cde99b7ae29fc7b2ee3,HGFA00085BD609B8426C8ED35C9AEFE02747,Variations-on-a-Theme-by-Tchaikovsky-Op--35a-Var--VI--Allegro-con-spirito_HGFA00085BD609B8426C8ED35C9AEFE02747.mp3,,https://stock-admin.hgmedia.app/admin/resource/detail/00000000-0000-0000-0000-000000000000/audio/grid/1097cc7f-1d44-4d44-bc43-78370d708aa6/0,2023-06-05 16:16:09.111317,,1175,Lưu kho
06401ed64e6cb72d01488488fc7de72e,HGFA0008BC51CFA54DB2A51055FA5161C0E2,"PTC5186304_01_15_Beethoven Piano Sonata No 20, Tempo di menuetto.wav",NLE420801515,https://stock-admin.hgmedia.app/admin/resource/detail/00000000-0000-0000-0000-000000000000/audio/grid/6a239692-0acf-4215-865a-cefcd41ac688/0,2026-04-07 11:41:08.387065,,138,Lưu kho
637d9f5de04f835d56e22917e08fcb79,HGFA00096F224B3646AD9126A92AD755C544,"Preludes, Op. 28 - No. 7 'The Polish dancer' (1).wav",,,2026-05-26 09:33:06.804779,,89,Tồn kho
ee6b993460306e623d04f960cd934e58,HGFA000B9A5F9E934BF199CAC93364698443,10. ALL THE PRETTY GIRLS - Piano Cover.mp3,QT2WN2603455,https://stock-admin.hgmedia.app/admin/resource/detail/00000000-0000-0000-0000-000000000000/audio/grid/991853ec-3173-479b-b594-c1e753288490/0,2026-07-14 10:00:02.993874,,40,Tồn kho
88b51cd730b3e10ba7bce47e18034894,HGFA000B9BFEAD714BD59688D38B9FDC3F68,Glad You Exist.mp3,QT2WN2503794,https://stock-admin.hgmedia.app/admin/resource/detail/00000000-0000-0000-0000-000000000000/audio/grid/a85e94d8-aadc-4def-98ab-e177210d8c4e/0,2025-11-05 07:41:19.923239,,291,Lưu kho
0f6156f73b75104ca6ee609133976054,HGFA000C563DE9B4447D8265C144D38AC647,Guidolain-beats_HGFA19702DA62830401287F00CB18F4EAF47.wav,,,2024-08-09 02:16:15.309144,,744,Tồn kho
395e0274490ba269b82e00872c05dbfe,HGFA000C916966874C858543C75CF099F71A,In Your Hands.wav,,,2026-08-03 10:13:24.901247,,20,Tồn kho
12aa72d15a920ff9aa3b03834ebc81a3,HGFA000D631157B6452398FC32FC71ACF357,Ocean Dream (Mastered) (Khôi).mp3,QT2WN2504111,https://stock-admin.hgmedia.app/admin/resource/detail/00000000-0000-0000-0000-000000000000/audio/grid/f7b68251-9a86-44ae-946d-bb71819faf95/0,2025-11-13 03:11:44.440082,2025-12-03,283,Hàng nguội
5f1540541c7d8d925c2d572d09bfe5ac,HGFA000DAC633FF247B8B4937B6A0DFE740C,156. Greeicy ft Mike Bahía - Amantes_mix 1.mp3,QT2WN2605194,https://stock-admin.hgmedia.app/admin/resource/detail/00000000-0000-0000-0000-000000000000/audio/grid/8380d0b9-598a-40e4-a550-6978135da3cc/0,2026-08-20 01:42:02.244892,,3,Tồn kho
bba089676339ac61127be44177d08a94,HGFA000EE8FF16A64ABD95245E31B6C5EB54,Pure_HGFA000EE8FF16A64ABD95245E31B6C5EB54.mp3,QZN882234527,https://stock-admin.hgmedia.app/admin/resource/detail/00000000-0000-0000-0000-000000000000/audio/grid/e0c8c901-3a2b-49fc-aa21-e9271923cdfc/0,2022-07-07 15:43:24.542819,2025-05-11,1508,Hàng nguội
49220a77ee9ddf7f9a27e7c502c6210d,HGFA00108103C90A4AA8A87D5EFE078548C9,Geometry-(Original-Mix)_HGFA00108103C90A4AA8A87D5EFE078548C9.mp3,,https://stock-admin.hgmedia.app/admin/resource/detail/00000000-0000-0000-0000-000000000000/audio/grid/b6f2471a-2f0c-4bf0-b9bd-4e03b9302b25/0,2024-05-10 16:26:39.327884,,835,Tồn kho
710c15d3b05edba6a96f4ceb6e5ebe81,HGFA001096A2044B4D42BD8B76EFA2087B5F,Free-(Nando-Fortunato-Remix)_HGFA001096A2044B4D42BD8B76EFA2087B5F.mp3,,https://stock-admin.hgmedia.app/admin/resource/detail/00000000-0000-0000-0000-000000000000/audio/grid/d1beb66b-48ce-43ce-8e3b-e4b6535e68de/0,2022-07-15 16:31:07.18547,2025-02-25,1500,Lưu kho
3af850e3adedc9a7e658d8f0583a6822,HGFA001165EA03AF4EDCA3E34DDE8219F808,Cello-Suite-No--2-in-D-Minor-BWV-1008-II--Allemande_HGFA5782C355E1604D6C93DC962B074D1141.wav,,,2024-08-09 04:02:05.296709,,744,Tồn kho
2359f4bbec19e0a8a5c32f0f14350ff3,HGFA0011A91B02C4494296A6256F54FA85F1,5---Biển-Xanh-Cát-Trắng-Nắng-Vàng_HGFA0011A91B02C4494296A6256F54FA85F1.mp3,,https://stock-admin.hgmedia.app/admin/resource/detail/00000000-0000-0000-0000-000000000000/audio/grid/b7633652-cdb8-4606-b76f-80d0882b227f/0,2023-08-09 11:38:41.07223,,1110,Lưu kho
ebfb2aee5b882017815480d37c88bfc5,HGFA00122C1FD4E346609724759745529B14,Summer In Your Eyes.wav,,,2025-08-22 08:39:08.194637,,366,Tồn kho
cf87e1a3681b2e6931ff3d2b54902f47,HGFA0012B40D5B664675B4F7590069426BD9,Code in the Dark (1).wav,,,2025-03-12 04:40:09.558093,,529,Tồn kho
eaf25fb1526ed86b895683ddb6d95809,HGFA0012C01F3B384681A09B2EFE0D8E9A6D,,,,,,,Tồn kho
314e85cb61bbad5c29f3615f27983e13,HGFA0012CE32BC6B419484C035420436A520,Whispered Halos.wav,QT2WN2401908,https://stock-admin.hgmedia.app/admin/resource/detail/00000000-0000-0000-0000-000000000000/audio/grid/0dfb0197-6dc9-4fd9-9201-08472d7caa42/0,2024-11-09 09:20:41.38959,,652,Tồn kho
bd87f35826ecd46b1f25f0654ec83cac,HGFA001458AAC95349FBAD1E531FD9F9F8E2,"PTC5186071_01_07_Beethoven Piano Trio No 5, Presto.wav",NLE420403507,https://stock-admin.hgmedia.app/admin/resource/detail/00000000-0000-0000-0000-000000000000/audio/grid/9f1f4f42-948f-4dab-87ad-5ca54a716d00/0,2026-04-07 11:04:52.489568,,138,Lưu kho
00a86a0af6f6232873e6ea6149603b46,HGFA0014EADA40B24FDDB80B41E86D4CEAD7,a1532416-174e-4592-9ee0-a6b864f608cf_HGFA0014EADA40B24FDDB80B41E86D4CEAD7.mp3,QT2WN2400442,https://stock-admin.hgmedia.app/admin/resource/detail/00000000-0000-0000-0000-000000000000/audio/grid/e135afe9-e6d1-4a6e-8f11-4e7e27f64d74/0,2024-08-30 09:53:49.037408,,723,Tồn kho
316ddb2f8e028b9b086a0fef6050e115,HGFA00155DA1C8B84145BB4BA8D1A632CE01,GlobulDub - Window Seat.mp3,UKZGC2501762,https://stock-admin.hgmedia.app/admin/resource/detail/00000000-0000-0000-0000-000000000000/audio/grid/ee041020-365e-491c-9e6b-eb7a51ac7649/0,2025-03-14 09:47:35.752297,2025-05-14,527,Hàng nguội
a5bc5cdb5306b05826d070929063dc19,HGFA001597E75A9A4B06AEF24F8C2B072C96,Sung Oribe - Courante from Cello suite no. 1.mp3,,https://stock-admin.hgmedia.app/admin/resource/detail/00000000-0000-0000-0000-000000000000/audio/grid/4bc030b4-094a-4b7f-946d-40b299231578/0,2026-05-26 09:12:57.433655,,89,Lưu kho
b49234c897f817c502d27ba605eec743,HGFA0015D9C269F64BA285897168647CC9C2,8-Klavierstücke-Op--76-No--4-in-B-Flat-Major-Intermezzo--Allegretto-grazioso_HGFA0015D9C269F64BA285897168647CC9C2.mp3,,https://stock-admin.hgmedia.app/admin/resource/detail/00000000-0000-0000-0000-000000000000/audio/grid/e355943c-6903-4e7b-b390-70015832711e/0,2023-06-05 15:31:33.602604,,1175,Lưu kho
47820144fcf72272c03f541d66bc9f2c,HGFA0016F579CFA9491FB4CD0EB6DBBFD59B,Blue Blue Night (Bản Fix).mp3,,,2025-06-19 03:23:41.159789,,430,Tồn kho
9c4557687d095630a33d86e97162196a,HGFA00174D7F03EB4EBDB31E25F2D96CFB73,Tired-Of-Waiting_HGFAD9F6897022304AFFAA951FE49C9CA972.wav,,,2024-08-09 14:07:40.82982,,744,Tồn kho
f545ae2d654975b025eb037fd09175b9,HGFA0019260C250948E6ADFA0614A4B0E5CD,Si-Bastasen-un-Par-de-Canciones_HGFADB8312E558C44F06BF98D266C8545687.wav,,,2024-08-09 08:21:30.122406,,744,Tồn kho
d54349eb80eb18d7ff231df49227a3d2,HGFA00195055EDF440D49C38BFD1D01EA2BF,Mazurkas-Op--50-No--3-in-C-Sharp-Minor-Moderato_HGFAD5D31D07B5DF49BF9E6070BDC45933E0.wav,,,2024-08-09 14:34:21.09061,,744,Tồn kho
3a296898fae49f69b069a6d224cb0dc9,HGFA00195166C37643E295AE69A9105E57B0,Giuseppe Verdi - Le Trouvere - 6 - Act 3 - The Son of the Gypsy Woman.mp3,,https://stock-admin.hgmedia.app/admin/resource/detail/00000000-0000-0000-0000-000000000000/audio/grid/1b1e74de-f856-41c5-b025-8968a406c81c/0,2026-05-26 07:47:26.491722,,89,Lưu kho
896c535cd0ad8732244fa787205731d8,HGFA001953026E174F1C943D41840280FEC7,Evolve_HGFAE7FC0ED4C67B4EA88CFF7399FA4365EE.wav,,,2024-08-09 09:50:02.239392,,744,Tồn kho
daade456b3b2c4b864fa968c368a59dc,HGFA001A1DE5A8BB46C098A315F73942D841,The-Flight-(Original-Mix)_HGFA001A1DE5A8BB46C098A315F73942D841.mp3,,https://stock-admin.hgmedia.app/admin/resource/detail/00000000-0000-0000-0000-000000000000/audio/grid/fdbea7c7-e760-46d0-9a1d-5daab9a1570b/0,2024-05-21 11:23:34.084906,,824,Tồn kho
12c6cb697d1b48a81f191fa1765223b8,HGFA001A7AEC4B9F451E8D13B0684E16FCE1,Sayang Kowe.wav,,,2024-10-08 09:45:14.956098,,684,Tồn kho
929bede9c0656397f501ec41391350dd,HGFA001AB2B1AAF54400B30E548CDDF588EC,Sing Tak Sayang Ilang.mp3,UKRKJ2002807,https://stock-admin.hgmedia.app/admin/resource/detail/00000000-0000-0000-0000-000000000000/audio/grid/654db573-0634-48f0-9790-88897a386a77/0,2024-10-08 09:44:47.362672,,684,Lưu kho
d381a240119ae6d2ea5af1dc40418311,HGFA001AEF56C6E341ED99D8068288674703,Red Velvet.mp3,QT2WN2403214,https://stock-admin.hgmedia.app/admin/resource/detail/00000000-0000-0000-0000-000000000000/audio/grid/6e6954c2-7532-457d-b958-c63b7e680924/0,2025-01-20 08:45:16.165935,,580,Tồn kho
022f7d0524730c8f60cdcbd00341a627,HGFA001C18DEABC44706B09093448A4BEFE8,Beethoven - Moonlight Sonata 3rd Movement Remix v1.mp3,QT2WN2601537,https://stock-admin.hgmedia.app/admin/resource/detail/00000000-0000-0000-0000-000000000000/audio/grid/33842c9b-cd48-4c00-9d79-ba289d510f8b/0,2026-04-22 11:26:59.450659,2026-04-28,123,Hàng nguội
658a1973872a263461003e12e29ad73f,HGFA001CAAE1A4B8464FACB49043034F8960,32. Greatest Love Story.mp3,QT2WN2604621,https://stock-admin.hgmedia.app/admin/resource/detail/00000000-0000-0000-0000-000000000000/audio/grid/8b05e34b-0a6c-4b51-ac8c-9b229cdd5780/0,2026-07-22 03:48:37.656366,,32,Tồn kho
12b845f84a18df609cc119e4ab384df3,HGFA001CAB24AA1B4217A590F4261373BC1B,D. 960 - IV. Allegro ma non troppo (1).wav,,,2026-05-26 07:23:21.332264,,89,Tồn kho
da874e7e4a3c7e43f84c0fb858b98e2d,HGFA001CF9B43039416F9AAE9B7AA79E0332,Wolfgang-Amadeus-Mozart-Rondo-Alla-Turca_HGFA001CF9B43039416F9AAE9B7AA79E0332.wav,,https://stock-admin.hgmedia.app/admin/resource/detail/00000000-0000-0000-0000-000000000000/audio/grid/15d3c19a-8e1f-4741-bd7e-cfc5e7b59944/0,2023-05-18 14:50:53.436582,,1193,Tồn kho
016daeef4f03d8c4dd7401585efe9d12,HGFA001D811147B346F5A50A47724905403E,Pura-en-Base_HGFA001D811147B346F5A50A47724905403E.mp3,,https://stock-admin.hgmedia.app/admin/resource/detail/00000000-0000-0000-0000-000000000000/audio/grid/86345fa7-2331-4ef5-a4d4-5b1d3d336659/0,2024-03-22 16:15:52.999449,,884,Lưu kho
f946a4e6d27e696f13b5783d70a0a726,HGFA001DD5E8ADF9407C9115BFD7114E61CD,,,,,,,Tồn kho
f8520b19a2255892f70d9dc7e9ee6af3,HGFA001E19891AC546BD87A8146A4A34C499,"Fantasia in G, BWV 572.wav",,,2026-05-26 07:31:43.361953,,89,Tồn kho
9371a19e636243cb3dab82db697e5247,HGFA001F5226BAB14E1EB37F61CDD5FE7DE6,Wanderlust Heart.mp3,QT2WN2503626,https://stock-admin.hgmedia.app/admin/resource/detail/00000000-0000-0000-0000-000000000000/audio/grid/bea25094-d623-47d8-91d0-fa2583126c24/0,2025-10-30 16:15:41.140637,,297,Tồn kho
f3cebce1aadb2b5652ec699dcb7f4d89,HGFA001FB38A5FC44BB4BFA33BCAC40996EE,Perfect.wav,,,2025-02-27 10:08:10.579257,,542,Tồn kho
4d5d5605018afadaa377c5edb0cd6c37,HGFA0021A673705245EBBB6403339984685F,schubert-serenade_loop-04.wav,,https://stock-admin.hgmedia.app/admin/resource/detail/00000000-0000-0000-0000-000000000000/audio/grid/65cc4244-9a91-4635-995e-2669dd5eae29/0,2025-10-11 00:16:58.817731,,316,Tồn kho
c7e6bed5d4747f41a0147f36213da9bc,HGFA002249CFB2A2488A940D4770DCBB0523,3. Tanto.wav,,,2026-07-22 16:13:34.326826,,32,Tồn kho
74a6f3b809eea1c96db76eb885d5697c,HGFA0023BBD9EFE149728DFCDEE2B3F49502,Waves And Friends.wav,,,2025-10-30 07:40:58.239334,,297,Tồn kho
0b681cb0b794fecc9c14adc6d9082696,HGFA0023BBDC096943B58EAD49BF7FDE3DF4,Love Is Coming.mp3,QT2WN2504591,https://stock-admin.hgmedia.app/admin/resource/detail/00000000-0000-0000-0000-000000000000/audio/grid/2c00dd56-2dfc-46e0-916c-38a58a0dfed6/0,2025-11-27 03:31:05.321268,2025-12-28,269,Hàng nguội
f3acc6746203a4535e3ec611fc302d82,HGFA0024975086E7444DBB01BB9FB17513A6,Jazz-Coffee-Place-62_HGFA9910E2CCDF134F6F89035226120A3A75.wav,,,2024-11-22 13:52:08.867685,,639,Tồn kho
ce1c4ee98eb00125eaf2bed11108ed19,HGFA0024DE7E51254B0488129FF69E8C7EEE,TRACK 8 Spooky Velvet Room (2).wav,,,2026-06-04 09:44:33.579952,,80,Tồn kho
0fb45065effc2085e62a44a796c28856,HGFA002595F31AD14F75BDE71E9C7F8DCF46,Faith in the Light.wav,,,2025-11-04 03:39:05.700758,,292,Tồn kho
b56f27efde80d9dac944c6d47636a0f8,HGFA002616B155914299AFC27C6267DE1FCB,Forget-You_HGFA6E4F51A4F06A4431ACF29145078D2EAB.wav,,,2024-08-09 06:43:12.504647,,744,Tồn kho
6651e6a7da88ce36bf515665a1f2e089,HGFA0026B897740D451D9E069912BC6A044E,White-Smoke-(Original-Mix)_HGFA08A7157F8E54442A910E5C04C41C5E18.wav,,,2024-08-09 01:15:04.063032,,744,Tồn kho
81fe084c3533ce750546eb1e8511df70,HGFA00271490DFE243D1A89E36609A5C9B94,Here-For-You_HGFA00271490DFE243D1A89E36609A5C9B94.mp3,,https://stock-admin.hgmedia.app/admin/resource/detail/00000000-0000-0000-0000-000000000000/audio/grid/c446e076-a5c5-4adb-98eb-5a0c54de141b/0,2022-07-28 09:05:36.953487,2025-04-05,1487,Hàng nguội
218ffc94ee0a2cf361af6dd8ad6e82f6,HGFA0027644420FA422EA3919ACBF8AEE3F2,Stars at Midnight.wav,,,2025-01-09 08:18:26.195899,,591,Tồn kho
d9f3b935280e77a8a2cb0bef808056ed,HGFA00288F1628C34304A7E64ABEA9BD76E8,Jazz lofi 17-2 - Track 35.wav,,https://stock-admin.hgmedia.app/admin/resource/detail/00000000-0000-0000-0000-000000000000/audio/grid/0d3bd53a-73b5-456d-bfb8-d5f3f800dae7/0,2025-03-03 02:27:32.576053,,538,Tồn kho
b65e170f32823bf7ff46632687dcbcbf,HGFA002D13FC5BA04505B9A14522E925DA28,"String Quartet no. 1 in F major, Op. 18 no. 1 - II. Adagio affettuoso ed appasionato.mp3",,https://stock-admin.hgmedia.app/admin/resource/detail/00000000-0000-0000-0000-000000000000/audio/grid/84760545-1fbf-458e-abeb-87c9a27860fd/0,2026-05-26 09:10:03.039654,,89,Lưu kho
eb0f595bda60f9ed560240358767e0c4,HGFA002D1A30BAF440E0B77954681BEE3955,Sonata No.3 in B minor Op.58 - III. Largo.mp3,,https://stock-admin.hgmedia.app/admin/resource/detail/00000000-0000-0000-0000-000000000000/audio/grid/8642ff97-112a-45ef-ba01-4d016da46221/0,2026-05-26 09:07:52.42745,,89,Lưu kho
d48b51b5e968477f51bebc5280e29e67,HGFA002DCC725BB84E78BDA27CC94ABBDEB1,bird-nest_HGFA002DCC725BB84E78BDA27CC94ABBDEB1.mp3,GX5MY2311342,https://stock-admin.hgmedia.app/admin/resource/detail/00000000-0000-0000-0000-000000000000/audio/grid/309f6b19-d9aa-4360-b33f-847a61274beb/0,2023-12-06 10:17:25.294552,2025-12-05,991,Hàng nguội
9ba13f0940d650474c1a90dad57fe57c,HGFA002E2D0692E5438ABA873DCB46135CA8,41f83517-d6d2-4cfb-b4d2-463ca5633e3e_HGFA002E2D0692E5438ABA873DCB46135CA8.mp3,,https://stock-admin.hgmedia.app/admin/resource/detail/00000000-0000-0000-0000-000000000000/audio/grid/eae639fe-2970-4c75-8e7f-486f7c19e504/0,2024-07-17 15:45:04.846763,,767,Tồn kho
518e65031942708f173c3db1360233a9,HGFA002E5930B84D4FEAA17BCFEC4FDB2793,Deep House anh Tài 20 (Mastered).wav,,,2026-04-11 03:54:23.566358,,134,Tồn kho
9514511c50e12fc3bf6df5db591d9654,HGFA002EAB4B17F14B4994611CD8DE8271D4,Twilight Euphoria.wav,,,2025-01-24 02:21:05.491033,,576,Tồn kho
a6f85b0c897ae34da7bbb87d4a921b7a,HGFA002EBD6C0BB344F6A0352212231D2947,Amanecer andino Final .wav,,,2026-06-20 11:58:40.929556,,64,Tồn kho
4936caabcb0fb06b9003979d073eeb39,HGFA002EF2B4E56D43F3860ADF5373AB9623,,,,,,,Tồn kho
2a860f760913627d86291702355c4acf,HGFA0030DDFE56E6455E9E8E4EEF2654DD6B,"Mozart - String Quartet No. 14 in G Major, K. 387 - III. Andante cantabile.mp3",,https://stock-admin.hgmedia.app/admin/resource/detail/00000000-0000-0000-0000-000000000000/audio/grid/59322adc-e057-41d2-9a86-f87e0bf19fd2/0,2026-05-26 08:25:49.933697,,89,Lưu kho
023e6a0a5faa59ae3a401ccf63c73ec5,HGFA00310E5034274481B675D4636EBB7DB4,Jazz-Coffee-Place-31_HGFA6A8E90C2E26C488FBD248DAD932F90F7.wav,,,2024-11-22 13:52:41.968697,,639,Tồn kho
8fb7c576d9c84d1165757da08711ea47,HGFA00310FC3809245EE8DCC006CF37658AF,188257fd-0637-4346-8c58-72d594864107_HGFAA2F009655F594F2E8C22F885611E3F00.wav,,,2024-11-25 08:57:05.520164,,636,Tồn kho
5402bc2046bd64aae272ecd10fd15bb9,HGFA0031973100874900B6633B0A2488734F,"Symphony no. 1 in D, D. 82 - II. Andante.mp3",,https://stock-admin.hgmedia.app/admin/resource/detail/00000000-0000-0000-0000-000000000000/audio/grid/eade020d-a43c-4621-b971-e6f6473f54c3/0,2026-05-26 08:52:58.455879,,89,Lưu kho
b047d8b8a79ce4c210dbec8b2a1345fd,HGFA0031DBDB1A3143D7908131B52522E1C3,Call me through the stars.wav,,,2026-05-25 07:45:22.813772,,90,Tồn kho
c7d4dc2e8bd897bb913a1567c4c311a0,HGFA0032706FC6844BBAB668CB150977F060,Organ-85_HGFA0032706FC6844BBAB668CB150977F060.mp3,,https://stock-admin.hgmedia.app/admin/resource/detail/00000000-0000-0000-0000-000000000000/audio/grid/0e93797c-6dd6-4899-b72e-9f5eaa9cac9c/0,2024-03-14 15:06:15.600488,,892,Tồn kho
42a3389b55659325dda10d88992f783f,HGFA0032D46301C945B788B767775192E0D8,All-I-Wished-For-II_HGFA0032D46301C945B788B767775192E0D8.mp3,UKZGC2304539,https://stock-admin.hgmedia.app/admin/resource/detail/00000000-0000-0000-0000-000000000000/audio/grid/86b95a59-12de-4b56-8cc6-5b286f5336c2/0,2023-07-28 15:01:53.556478,2025-02-28,1122,Hàng nguội
629109e51937daf9bc55166134393ffd,HGFA00349F380B2749E6B62D2EEE874F14E9,Pete Bellis & Tommy - Our Story (Original Mix).wav,,,2025-03-07 08:56:47.792353,,534,Tồn kho
d05804d4bd770e66397d0198d4215967,HGFA0034DC72A06D41F0BE9A1F075B47283A,Paradox-(Original-Mix)_HGFA6290B6F6A0CE42518142920CA91FC950.wav,,,2024-08-09 05:27:49.45466,,744,Tồn kho
a939d7b21269769925f02b129337986b,HGFA0037593F2134488FBE40644844E717EB,Fortuna_HGFA7E2A4C88F1F84F60881F2DE315C4B9BA.wav,,,2024-08-09 04:48:37.758383,,744,Tồn kho
57d9dbb8472a525bc98b6a8cb52784ed,HGFA00388A7723AF440399D872AEC94959A3,"Cello Sonata in G Minor, Op. 65 - III. Largo.mp3",,https://stock-admin.hgmedia.app/admin/resource/detail/00000000-0000-0000-0000-000000000000/audio/grid/d614bdca-c905-4583-a9f1-5a837350c189/0,2026-05-26 07:23:59.005904,,89,Lưu kho
da5ee6115037d3ed24e2c99d55539314,HGFA00396256A5674F68A7E4EDA953C4D1DC,MARIA-(Original-Mix)_HGFA00396256A5674F68A7E4EDA953C4D1DC.mp3,,https://stock-admin.hgmedia.app/admin/resource/detail/00000000-0000-0000-0000-000000000000/audio/grid/39d31ac5-9cd6-442a-adde-0c6238423623/0,2023-06-15 08:53:41.768955,,1165,Lưu kho
02ebf5a8b458df0f503e8b314d4975ac,HGFA0039F3D38BED411493A87A47704D0CFE,piano soothing (11).wav,,,2025-01-17 06:52:11.755761,,583,Tồn kho
96547293323eaa4b158f08351a2f49dc,HGFA0039FA492C5B49C59E585C962B6895C4,Just Grooves.mp3,QT2WN2504752,https://stock-admin.hgmedia.app/admin/resource/detail/00000000-0000-0000-0000-000000000000/audio/grid/f9f32700-381c-4a98-a8a3-0db7fdd33d6d/0,2025-12-22 07:24:37.042209,,244,Tồn kho
cb9ed20c2d981d96b7b493a975f2cb79,HGFA003B81E7073F46098D2CE9C17C55B32F,queen-of-the-night-by-mozart_short-01_14sec.mp3,,,2025-10-09 03:32:15.766141,,318,Tồn kho
1afb106d79087f0082239aeb2be8bc17,HGFA003BB859B1744F1C8DA5B17A4A73053B,Falling Slowly.wav,QT2WN2604030,https://stock-admin.hgmedia.app/admin/resource/detail/00000000-0000-0000-0000-000000000000/audio/grid/2047f759-945d-4d9c-a6ab-3ddf3f08a9fb/0,2026-08-10 02:33:14.388567,,13,Lưu kho
0980743b7cc9a11ce5da8649dad59466,HGFA003C66F8602E4989A4DB3945645EEFA8,Tyx Tinn - Luminous Depths.mp3,,https://stock-admin.hgmedia.app/admin/resource/detail/00000000-0000-0000-0000-000000000000/audio/grid/d7d51566-ffa7-47cb-bc7b-87859b88d18e/0,2024-09-24 03:24:33.926237,,698,Lưu kho
f49f6fadfa147a4a3fb3fc0e313608b9,HGFA003DFAA8EC1040AD983D55B7C83ADB7A,Remember_HGFA7906EEA33377431ABE526FD2DCBF50C0.wav,,,2024-08-09 07:11:11.283669,,744,Tồn kho
e75b596cee3e0e79b6395e89283c6e78,HGFA003E7049CDE74BE59729BAD1D4156480,bitter-nostalgia_HGFA003E7049CDE74BE59729BAD1D4156480.mp3,,https://stock-admin.hgmedia.app/admin/resource/detail/00000000-0000-0000-0000-000000000000/audio/grid/d5433f25-6369-415c-9c41-b15962adae46/0,2022-04-08 11:19:35.004023,2025-03-12,1598,Sử dụng
798d9599431c6e79465604667f4d305a,HGFA003E91B2A09F42CDA56266B0748119A1,String-Quartet-in-F-Major-Op--3-No--5-II--Andante-cantabile-(Serenade)_HGFA003E91B2A09F42CDA56266B0748119A1.mp3,,https://stock-admin.hgmedia.app/admin/resource/detail/00000000-0000-0000-0000-000000000000/audio/grid/94272864-bc68-4585-b1ba-173add8fea04/0,2023-06-05 16:32:21.026413,,1175,Lưu kho
03f95109883d65be4076bf092a6dca02,HGFA003ED392126B4F87B897C38239F3A9A9,Costa Mee - You Never Know.wav,,,2024-10-17 04:51:05.457018,,675,Tồn kho
19cfa6d2ba223555665c56c3d80f94ef,HGFA003F54E0BD5A401A8FE75976410B7F8A,Watch Stillness Unfold.mp3,QT2WN2401891,https://stock-admin.hgmedia.app/admin/resource/detail/00000000-0000-0000-0000-000000000000/audio/grid/d5d91a89-e957-42b9-8945-c758a7f4d556/0,2024-11-06 03:21:36.439368,,655,Tồn kho
208c423096ef8f675ea7fad7becbd412,HGFA00405E116F7A46B3980F43B46520D8ED,Mozart - Die Hochzeit Des Firago - Act IIc.mp3,,https://stock-admin.hgmedia.app/admin/resource/detail/00000000-0000-0000-0000-000000000000/audio/grid/1a6d9207-53c4-4dd0-979f-7977767e7976/0,2026-05-26 08:22:05.442537,,89,Lưu kho
7ceeb06f52ca4d34d03c0a0f98a5889b,HGFA004335861E0E468598CC2B327D620797,Closer,QZW9L2349224,,,,,Tồn kho
bd8ca05f491f1d086241442a4733a38e,HGFA0044820812904EEC932D3125A6C1F6CD,"Symphony no. 88 in G, Hob. I_88 - I. Adagio - Allegro.wav",,,2026-05-29 08:12:07.842587,,86,Tồn kho
16d8311ced076654ae663d04e79fcb83,HGFA0048CA7AACA04489B5AA1708661D7ACE,A.T.P. - Until We Meet Again.mp3,GBKQU2147439,https://stock-admin.hgmedia.app/admin/resource/detail/00000000-0000-0000-0000-000000000000/audio/grid/fe079425-bd41-4992-9339-e7295c1b2774/0,2025-05-12 09:52:04.30345,,468,Tồn kho
9561af063be0d3f80787be3b28b8f690,HGFA004AC5DFCA60470AB0EFCFFC2B0D165F,One-Day-in-Another-World-(Midnight-Mix)_HGFA1EB303F542004C4AA06D9939837D39BC.wav,,,2024-08-09 02:07:51.577296,,744,Tồn kho
6fe908225446c709566062f714c3cfe4,HGFA004B129EBE9347069C0E1C65991906F9,Akhire Pisahan.wav,UKRKJ2102219,https://stock-admin.hgmedia.app/admin/resource/detail/00000000-0000-0000-0000-000000000000/audio/grid/7cca9bd0-36d6-4a6a-b943-f69c6bb01f01/0,2024-10-08 04:17:41.627691,,684,Lưu kho
a010972b4a7d16ccbd043d3cace3ccde,HGFA004B5A4440AA4FB4B142615033D82398,NinjaAngel_HGFA70B4572826304B319A2973090168D2B4.mp3,,,2024-08-09 04:07:27.374212,,744,Tồn kho
1eb5b2e1a3572ba6308b79b3ab5ec92b,HGFA004C8A78852D4E4BB66500D8E018A410,sanctus-by-schubert_live-choir_main-full.wav,,https://stock-admin.hgmedia.app/admin/resource/detail/00000000-0000-0000-0000-000000000000/audio/grid/a2be26ca-3b72-4ebf-b3a6-70c518865c89/0,2025-10-11 00:20:57.739346,2026-04-12,316,Hàng nguội
fd1f98df20b5b786086434433dc76caa,HGFA004CA3AC186047B79D2C4CF3673EF2D6,Tracing Invisible Paths.mp3,QT2WN2403311,https://stock-admin.hgmedia.app/admin/resource/detail/00000000-0000-0000-0000-000000000000/audio/grid/500887a2-090b-4b3a-966d-52ace06fea15/0,2025-01-21 07:39:25.356181,2025-04-25,579,Hàng nguội
2f401ba0fef70caf621d5d366b5df102,HGFA004D5BE6A88B4C3C90650F79C69E1ABA,Get-Wild-(Official-Audio)-｜-#ElectroPop_HGFABF5AB1F2CDDA423E8708D908143187E5.wav,,,2024-08-09 07:51:05.963495,,744,Tồn kho
597dc95a2a85f29e32c91fb0d829477b,HGFA004D99F692A8422BA5B2E1DEC73EAE01,Back To December Again (Mastered).mp3,QT2WN2600628,https://stock-admin.hgmedia.app/admin/resource/detail/00000000-0000-0000-0000-000000000000/audio/grid/2fc0c209-60f7-4612-83fd-786b91494053/0,2026-02-11 09:22:50.284369,2026-03-02,193,Hàng nguội
a218104e853389721e120e4bd2c15026,HGFA004DF8B6673F43F5946413A60ED44ABF,mozart--the-marriage-of-figaro_loop-06.wav,,,2025-10-09 03:28:30.646125,,318,Tồn kho
6694e0821752a9652858dfa3aa5a2120,HGFA004EA965F6714D1B8B2134331E1549DC,Lieder-ohne-Worte-Op--62-No--6-in-A-Major-Frühlingslied-(Spring-Song)_HGFA9BF4569C5E7E4CD7AA8FB6EBD4B461F1.wav,,,2024-08-09 07:58:07.74057,,744,Tồn kho
14ea4bcc1110d5877ebedad8ec11f6cc,HGFA004F2C547D39425E99C8F13FA82E15F8,"PTC5186333_01_04_Dvorak Piano Concerto Op 33, Allegro agitato.mp3",,,2026-04-07 15:03:43.183291,,138,Tồn kho
befd796deb7480e48dc8a2074662a995,HGFA004F5D57D7F544E1B27A88CDFA0E27B2,TTJ5_04.wav,,,2024-08-13 08:37:32.604383,,740,Tồn kho
8e083a84b4f8c7abeeaae051a3b1eb4d,HGFA004F99106A3E4542860ED69B023A383E,Flame-of-My-Heart-(Two-Original-Mix)_HGFAC9B94739695F44EE9881E13276630384.wav,,,2024-08-09 08:56:05.809124,,744,Tồn kho
7e23f615a241b9d7f8794a9f2891681c,HGFA005039017180480FAC623853921193E9,IDGAF_HGFA31F142E7F3FD4191BD0D70A8C3F9F627.wav,,,2024-08-09 02:26:13.834819,,744,Tồn kho
04e722715704d64e18b3a069ce3bf40a,HGFA005147270C7349738CA4E61D5E3DE809,PTC5186039_01_12_Schmitt Quartet Op 3-3 Grazioso.wav,NLE420304012,https://stock-admin.hgmedia.app/admin/resource/detail/00000000-0000-0000-0000-000000000000/audio/grid/2d190650-4489-47bb-98ec-d944bfba464f/0,2026-04-07 13:17:37.749686,,138,Lưu kho
f8cd8da857ce5a61b030dc1a298babfe,HGFA0051704045314C4D9BF22003DCC0FC22,V.I.P.wav,QT2WN2604234,https://stock-admin.hgmedia.app/admin/resource/detail/00000000-0000-0000-0000-000000000000/audio/grid/a58e0e88-6723-441c-b02e-f78675f8a06a/0,2026-07-09 07:16:31.676918,,45,Lưu kho
6fc4a01b855bc7f362da361f1f51b01d,HGFA00522ED7819347DB9E3A860CB47F283F,Madama-Butterfly-SC-74-Act-I-LImperial-Commissario_HGFA00522ED7819347DB9E3A860CB47F283F.mp3,,https://stock-admin.hgmedia.app/admin/resource/detail/00000000-0000-0000-0000-000000000000/audio/grid/01a7ae66-4788-4cb9-aff3-a810fcda16c8/0,2023-06-05 17:25:44.543964,,1175,Lưu kho
038d166deeba9b6c306f4bc512d27bf5,HGFA00524FC325CA4776935BFEFB2C5296E0,"PTC5186080_01_11_Schlime Three improvisations, Return.wav",NLE420501611,https://stock-admin.hgmedia.app/admin/resource/detail/00000000-0000-0000-0000-000000000000/audio/grid/9073de1c-e9e7-4148-9d77-c57db1372ca4/0,2026-04-07 11:14:28.686138,,138,Lưu kho
8d0188cb8ff497b15a522000c36ea53f,HGFA0052E46058884E13A0F2B15512BAA7AA,Morning-Meditation_HGFAF48689A265FE4FD8B84E9DFA4C57599F.wav,,,2024-08-09 14:17:53.005603,,744,Tồn kho
62dfd3fb331de6435eb32ee2a9afa64c,HGFA005322A4852546CA80C974F49C3980FE,Deep-Emotions-(Original-Mix)_HGFA4BA4A1AFB999487392474782BF71758F.wav,,,2024-08-09 04:49:24.945524,,744,Tồn kho
c6fc7bbab5c3a171884ed39a8ad02eff,HGFA00535B8EEC5F48FE9C99A533AC397C95,Golden-Teacher-(Original-Mix)_HGFA1C5A7A69AF0B48728FD3EFC341007BC1.wav,,,2024-08-09 01:31:40.77197,,744,Tồn kho
ad192d33cb0f16980463e8590b52c842,HGFA00538CB28CB64374A3A2BAC4D9007AA4,Syntax of the Heart (1).mp3,,,2025-03-12 04:39:19.788622,,529,Tồn kho
217671cfacfae78885e0350100012449,HGFA00543F90D7C14229B63DDA47ADBB75B7,c6317d4a-fb59-4484-a46a-ae6cfb2678e4_HGFA41A9BCBAE29A4B36B013B26702F3C285.wav,,,2024-11-22 12:44:51.702334,,639,Tồn kho
d64fc750ee32626bfa3150c535898988,HGFA00551B6D2B2146DFAF83ADC90980C115,Rondo Alla Turca Remix v1.mp3,QT2WN2601549,https://stock-admin.hgmedia.app/admin/resource/detail/00000000-0000-0000-0000-000000000000/audio/grid/6aa17c6d-3b88-4d62-8051-dbdfbc0814b7/0,2026-04-22 08:50:13.264888,2026-05-02,123,Hàng nguội
cd2707778582665034b1bfb5c1130315,HGFA0055ADF6CE2041A2ABE083FD2D5A4A3A,Into the Space Between.mp3,QT2WN2403290,https://stock-admin.hgmedia.app/admin/resource/detail/00000000-0000-0000-0000-000000000000/audio/grid/97139e7e-fbf4-4b35-a8f1-a088145464bb/0,2025-01-07 03:54:54.9061,2025-02-24,593,Hàng nguội
a7753dbed3210377b3f7b5881ca55887,HGFA0056156CC6CC4A9D9DFBB29A0810AD97,FullBody2-109_HGFA76005D20D96D49BB822982060903B1B6.wav,,,2024-11-22 21:43:52.072461,,639,Tồn kho
189f7a9a938f23e24d025c2f7fa53aa1,HGFA00561AE98EEF48338DB8DEB878E3CE05,Deep Echoes.mp3,QT2WN2400835,https://stock-admin.hgmedia.app/admin/resource/detail/00000000-0000-0000-0000-000000000000/audio/grid/2c161e13-4be0-4f69-b9c0-f8d8e69f7ac2/0,2024-10-08 02:36:35.120698,2025-03-05,684,Hàng nguội
b0273df06afe8d31639f551ce59d90e9,HGFA0056EB9A8C7149A69C108A3C842EC5F4,BuddhaMini-131_HGFAD9AA2302365A4DF089672A502DB8DB26.wav,,,2024-11-22 19:51:56.19216,,639,Tồn kho
f51fc7eb68b4d1602a665eb054a959b3,HGFA00577CD083BF4D499F800072F1702A45,Beethoven - Symphony No.9 - III. Adagio Molto e Cantabile I.mp3,,https://stock-admin.hgmedia.app/admin/resource/detail/00000000-0000-0000-0000-000000000000/audio/grid/5c4c72fa-45da-4a69-840f-f1c1e5c6496f/0,2026-05-26 07:36:39.479758,,89,Lưu kho
e21ee35973c819ae89ab9f43eb765491,HGFA0058809E64144267878B889108311745,Let-Me-Go_HGFA0058809E64144267878B889108311745.mp3,,https://stock-admin.hgmedia.app/admin/resource/detail/00000000-0000-0000-0000-000000000000/audio/grid/26612a08-7bb6-4838-844d-aa7350db992c/0,2022-07-19 15:07:45.588433,,1496,Tồn kho
79ce8eccd3f09602fde076985c0a922c,HGFA0058DA0BA7254C70BC16A2391FBDD22A,Fadeline.mp3,QT2WN2503459,https://stock-admin.hgmedia.app/admin/resource/detail/00000000-0000-0000-0000-000000000000/audio/grid/b89901fe-b381-4495-b4da-366e41a94ae0/0,2025-10-24 09:37:22.838018,2025-11-12,303,Hàng nguội
07dc65fc5eb794ffd8c36252bdb98d19,HGFA00597B0282B34E8B87F9D2C71253782A,Sideways Glance.mp3,QT2WN2502133,https://stock-admin.hgmedia.app/admin/resource/detail/00000000-0000-0000-0000-000000000000/audio/grid/dedf758e-bb58-4fd2-a6d1-96b7cff57f9a/0,2025-07-05 09:23:29.650974,2026-04-09,414,Hàng nguội
57118e418245957925b3555c55f02f0b,HGFA005A3B2BC084469FAEC549371B1AE85B,Thank You_Afro_Ver1_mix.mp3,QT2WN2603558,https://stock-admin.hgmedia.app/admin/resource/detail/00000000-0000-0000-0000-000000000000/audio/grid/4396e66c-b56f-4e7e-8549-654737ef5d07/0,2026-07-17 06:47:30.775488,,37,Tồn kho
0dde43b18646e707efb4e75843bbc6a4,HGFA005ABF7717B54544B381FCEE241321A7,Bedrain-mix-35---Find-Myself_HGFA55D945E9B9374EFEA9265E29A464FA61.wav,,,2024-11-23 13:10:52.590918,,638,Tồn kho
5f3ff90ff33a857c4c5b77af3f3c69d6,HGFA005AC1C16F3F4EB6B0F576EADAB7503A,Lazerstab-(Official-Audio)--#drumandbass_HGFA005AC1C16F3F4EB6B0F576EADAB7503A.mp3,,https://stock-admin.hgmedia.app/admin/resource/detail/00000000-0000-0000-0000-000000000000/audio/grid/37a396ba-62b0-421b-92ca-085066e45dd9/0,2024-03-22 15:27:57.559005,,884,Lưu kho
5c54cc9b9fcf82e47a7e0b5066a3ec8e,HGFA005E64BC2A6F4022BBA3C2321E047C55,Minuetto_TruongTranNgocHung.wav,,,2025-10-02 07:54:55.867764,,325,Tồn kho
a305c89e5c9f7af59031fbc97d623f54,HGFA005F01AFF3574356B0A12A23556F422C,Firework_HGFA13552BDF2B7F437286074AAD7A42A691.wav,,,2024-08-09 01:29:33.257938,,744,Tồn kho
5eb23b741c3c2930db83740e15ef73f6,HGFA005F158761174182A56AF1A645056B24,Hexari - The Voyage.wav,,,2024-09-13 09:16:33.121407,,709,Tồn kho
698ff6f967b14c0559553b134087780a,HGFA005F6672E50D46FCBE489EC6F2AB2110,Smoke No Good,FRX762132077,,,,,Tồn kho
a7e3548d83f4af8a64a00a2db27fae29,HGFA005FB52D05974CB59F87F06B00B53E9D,Piano-Concerto-No--21-in-C-Major-K--467-III--Allegro-vivace-assai_HGFA819DC1D4AFAE463ABFE886421009E938.wav,,,2024-08-09 07:56:29.680332,,744,Tồn kho
ae01ee39f6bc9be371e9a3b97e9a56d8,HGFA0060BDB9FE134A33A2B1DAB7A6B6BBDB,Five Little Ducks (Versão em Português).mp3,,,2025-08-23 08:24:25.421072,,365,Tồn kho
6ee01d3b9ca461d854b637864e5a9083,HGFA0060CAFBA04546F9AD4DE27A83968A14,Interstellar-(Without-Piano)_HGFA0060CAFBA04546F9AD4DE27A83968A14.mp3,,https://stock-admin.hgmedia.app/admin/resource/detail/00000000-0000-0000-0000-000000000000/audio/grid/a91027f8-548f-47f4-9ff4-c5ecb5b16860/0,2023-07-27 10:37:30.92245,2025-02-27,1123,Hàng nguội
a240da8e2683ea5c8c1e887d15c441fb,HGFA0060E63EDC4544DABEAD534848458FBA,jazz ballad 8 final.wav,,,2026-03-17 09:44:08.953895,,159,Tồn kho
e570d390c3ecfcef057424a58b5d3a2c,HGFA0062510CA18A48599AE7C24C5E0C0ACA,blame_HGFA4D7C693BA2AD4538B89184C2804B439A.wav,,,2024-08-09 05:02:00.662852,,744,Tồn kho
812efbaa09b8b7e5a37820364f4203fb,HGFA0062E7602FA14A09BB8F3771CFAFCF87,Jazz lofi 17-2 - Track 8.wav,,,2025-03-03 02:18:06.457893,,538,Tồn kho
0cce6705cd55fa09eebd745f91575d83,HGFA0063414D5403449BA280DF8C28F940ED,One-More-Night-(Official-Video)_HGFA0063414D5403449BA280DF8C28F940ED.mp3,,https://stock-admin.hgmedia.app/admin/resource/detail/00000000-0000-0000-0000-000000000000/audio/grid/d62401cf-b6c6-47a8-994f-fff83c803876/0,2024-03-22 15:27:59.445039,,884,Lưu kho
2672953fee2319435eca7b5b949fc6f6,HGFA0063B834AE164AB9B660F597CD1A8D5C,,,,,,,Tồn kho
f1dfd7cbc7ca76377567d67321bae509,HGFA0063DDC3FE934363AC49482C5EA94975,far from home.wav,,,2026-04-13 07:57:34.13089,,132,Tồn kho
29680b74b128932fc2cca58d468128af,HGFA006438C789CC42369A2539478BD970E7,Quiet Ripples.mp3,QT2WN2404113,https://stock-admin.hgmedia.app/admin/resource/detail/00000000-0000-0000-0000-000000000000/audio/grid/639e4d82-8b06-467e-b3ff-62fa15b046e9/0,2025-02-03 09:16:32.422456,,566,Lưu kho
7b3eb0a8fd9238ce5e587cff0b1a1cec,HGFA00645C27D4A64194B952F4C307D2B556,Fake_HGFA40BFEEEAFB83467E9B601511BE61FF62.wav,,,2024-08-09 04:07:42.049769,,744,Tồn kho
826939d5fa3f0110d5248a6bef23778d,HGFA00648BF6BE384978952013780BC45F03,"P.I. Tchalkovsky - Symphony No.5, E minor, Op.64 - I. Andante II. Andante.wav",,,2026-05-26 08:35:45.045536,,89,Tồn kho
8f45bbcfc35884fe6653c75e5f3c5e21,HGFA00669C50195544F99E6DF5384C98C0E5,Sunrise_HGFAA51B469392E94D7AB7C3F5793CC02E40.wav,,,2024-08-09 07:14:39.783179,,744,Tồn kho
79e3ed7a79a791956da609bc1d2c0219,HGFA0066AD81BCBD44B2BB3D4528E91B5335,Impressionist Piano 27-2 Track (2).mp3,,https://stock-admin.hgmedia.app/admin/resource/detail/00000000-0000-0000-0000-000000000000/audio/grid/f35e18db-515f-4582-ba85-2ff7b987353d/0,2025-03-06 06:57:03.640468,,535,Tồn kho
6d4c256fa5e2dee85cceb1e46509a49e,HGFA0067AC8A37EA46B5AF7360D59FA329BE,Make-me-believe_HGFAF6D753357031407285D9E64E8564BE2D.wav,,,2024-08-09 14:26:31.907685,,744,Tồn kho
0a5ea59aa4b36339ba888b014d2d5562,HGFA00682ED79C6345D1A791B4681C960589,Meditation-Music-(Without-Piano)_HGFAB1653C2CBABE4D539FBF7BA89F51A3EC.wav,,,2024-08-09 07:21:34.879879,,744,Tồn kho
1baacd8f051bca8b312ecf9ceed4bc11,HGFA00687A3573FC40E7B78CBA161A63F814,5d892119-f8f7-4992-bc4d-4cdcad050a8c_HGFA5285575F9046472EA24353416BC6F051.wav,,,2024-11-23 15:41:01.505821,,638,Tồn kho
f6a92797924978918719307db6fc801b,HGFA006975CD431349D5AB56D3F7DAD79B49,Breathing-Love_HGFA006975CD431349D5AB56D3F7DAD79B49.mp3,,https://stock-admin.hgmedia.app/admin/resource/detail/00000000-0000-0000-0000-000000000000/audio/grid/92d33bab-50ca-4d12-bb4f-41ee9a76abb2/0,2023-02-21 15:43:31.766688,,1279,Lưu kho
e3c5512b5b1bcaecbc7a2af88c586bc2,HGFA006B3F87A1514B3E8A78ED55B59D56FC,PTC5186640_02_05_Tchaikovsky Swan Lake ACT 3 No 15 Allegro.wav,NLE421803930,https://stock-admin.hgmedia.app/admin/resource/detail/00000000-0000-0000-0000-000000000000/audio/grid/e76d12e8-6aa0-43c6-b721-e8c6debcc855/0,2026-04-07 03:20:52.076536,,138,Lưu kho
87c84a9ed81e371c96c17dd95d0a1a95,HGFA006B5F6B75BA4D78AECF27261D0B80EB,spotifydown.com - Existence.wav,,,2024-09-14 08:50:01.365447,,708,Tồn kho
20df5e1667080add61e33b36eb3d904b,HGFA006BB7A0261E4418983C850667CB1907,,,,,,,Tồn kho
5de3a87a16d9a70744f5c7ebbd66deba,HGFA006BC659F79347EFB782D7F8EAB2A895,Deep Mixtape. - Bass Pulse.mp3,QT2WN2502013,https://stock-admin.hgmedia.app/admin/resource/detail/00000000-0000-0000-0000-000000000000/audio/grid/5167aced-656d-454e-bea9-080515819a11/0,2025-08-28 02:42:59.536225,2025-08-28,360,Hàng nguội
8ca4e54d5de150e7edb55890400bdf12,HGFA006C29C8874B4AD5AC617CA659ED0F85,Amazing Grace.mp3,QT2WN2603357,https://stock-admin.hgmedia.app/admin/resource/detail/00000000-0000-0000-0000-000000000000/audio/grid/72a99f47-4206-49fc-81ca-fc65cbce1c5f/0,2026-07-08 07:37:07.160484,,46,Tồn kho
17b355f9b9056c8cc10e0c6d47c112fc,HGFA006D46EBE75A44DABDFBB43339371FEF,"Symphony No.86 in D major, Hob.I_86 - II.wav",,,2026-05-29 08:12:16.243295,,86,Tồn kho
bc114ca41afc19b9fb3c5066ff71c7e2,HGFA006DCAF99DC24362A28194C1CC20BC38,Mustang_HGFA006DCAF99DC24362A28194C1CC20BC38.mp3,,https://stock-admin.hgmedia.app/admin/resource/detail/00000000-0000-0000-0000-000000000000/audio/grid/2972e7fa-4a53-4e8a-8037-d9a79de5683d/0,2023-08-14 11:55:53.611878,,1105,Tồn kho
8e95b0d6e5ac5aaf17a5453255bef732,HGFA006FB41462614F41A9CFBE4347EB2D80,One More Touch (0.89x).wav,,,2026-08-03 10:14:03.037174,,20,Tồn kho
52ee485e903822b9e10909a82a26d8a7,HGFA00705D228DEC459F805ADD1FC96B987C,,,,,,,Tồn kho
8b988e763fec781488af5e9988355fd1,HGFA0070FAB7AECE48F9B1780E5ED3EACDD8,beethoven german dance 2.mp3,,https://stock-admin.hgmedia.app/admin/resource/detail/00000000-0000-0000-0000-000000000000/audio/grid/92c158f5-2662-443f-9f95-b9fee7efa717/0,2025-10-10 08:05:43.883563,,317,Tồn kho
74a7a9fe0364a03de07f4765b7bfd7f3,HGFA00719CBF2B38429494D6D54765573672,Heavenly Peace (Bản Fix).mp3,,,2025-05-20 02:21:30.867513,,460,Tồn kho
a19d620a9cfe3fe135120242454d5d3c,HGFA00726037B2CA460A9484C99FA872E086,Palm Lights.mp3,QT2WN2504063,https://stock-admin.hgmedia.app/admin/resource/detail/00000000-0000-0000-0000-000000000000/audio/grid/90329fc4-9e4b-4d32-ae28-12dd1673cd6c/0,2025-11-11 09:13:38.176348,2025-11-17,285,Hàng nguội
7782a35fd9705a2e9b77bfd1f8858859,HGFA00739F6408DA459082DF38C067438504,Live in the Light.wav,,,2024-10-22 03:57:49.505436,,670,Tồn kho
923637d52182b43102dc24cad082f5e8,HGFA0073EB2ECADF4AF28D82D73EE166FA2A,i_m-not-that-good-at-playing-the-piano-but-i-wrote-this-song-for-you_HGFACEDF0D10A35A423D8F685C7026E51452.mp3,,,2024-08-09 14:06:19.690602,,744,Tồn kho
2b8e80320d027ca49bb00689cd507b08,HGFA0074ADAF54604AC5BE0F07396402E60E,Eternal Power.wav,,,2024-09-17 04:34:42.847737,,705,Tồn kho
1fed443290b92909321ea488ca81c871,HGFA0074AF24A36C43339A527E214B630FAB,SOS.wav,,,2026-07-17 10:05:59.248477,,37,Tồn kho
d4168725f3d16fd8667258735817e2a3,HGFA0074CA5DA4BC4E5995EEC3C6F92AF10A,MoonWaterfallMix-22---Smile-Again---Look-Back-On_HGFACE0B67C73F194F83B7F72E0307672F2C.wav,,,2024-11-23 13:57:17.698805,,638,Tồn kho
9301ec6c129d1151500c9a7bb142d104,HGFA0074EFD93C08420EAC6F9BEE35193081,UGA-(Sped-Up)_HGFA0074EFD93C08420EAC6F9BEE35193081.mp3,,https://stock-admin.hgmedia.app/admin/resource/detail/00000000-0000-0000-0000-000000000000/audio/grid/df51c59a-d3c3-4686-9606-55846c844f5e/0,2024-01-30 14:43:41.149095,,936,Tồn kho
0d79a01779152b0bb9d30e667e4de5f1,HGFA0074FD07328F4B3E90BF157EB7EFE6C2,Millios - Don't Go Away From Me.wav,,,2024-09-13 03:37:43.716081,,709,Tồn kho
851ff12646bce9b7c2ced9517c5a26f7,HGFA0075954D737341F999A3F8748C332078,Mentolo.mp3,,https://stock-admin.hgmedia.app/admin/resource/detail/00000000-0000-0000-0000-000000000000/audio/grid/7c5d21f2-2609-4fcb-85e8-fb0cd514aa93/0,2024-10-08 08:49:41.591233,,684,Lưu kho
1971e73dc59f2be88c0ae09b27acd3ee,HGFA0076FF50549E49CFA6B3A28400593E76,SOOTHING PIANO 43.wav,,,2026-02-10 08:23:32.669163,,194,Tồn kho
56fffa4bbd484e2a29f9684658d8ff65,HGFA0077BB7F526A47438A5D07222E186C6D,Falling Petals.wav,,https://stock-admin.hgmedia.app/admin/resource/detail/00000000-0000-0000-0000-000000000000/audio/grid/bfb46d33-adc4-4970-8bab-3683f7ad5750/0,2025-02-27 07:31:50.364198,,542,Tồn kho
765d5d70420e2479aec6f6d26e1cc51c,HGFA0077CC4CF1AB4BDABDE678E10959C239,31. RIPTIDE - Piano Cover.mp3,QT2WN2603476,https://stock-admin.hgmedia.app/admin/resource/detail/00000000-0000-0000-0000-000000000000/audio/grid/9e9ac72b-05ce-4168-8688-3483856a831d/0,2026-07-14 10:00:56.183178,,40,Tồn kho
a8aa386fb8b577a2d0d0fe4f62ed867b,HGFA0078126294C14D89849697A0D85C5B7A,Mmm....wav,,,2025-12-23 07:44:46.553057,,243,Tồn kho
1d42c1f842acea06e0653c4cc8c35c2c,HGFA007A14E9D3F34D0899BA37639A11DECE,Brahms - Piano Quintet in F minor Op.34 - II. Andante un poco adagio.mp3,,https://stock-admin.hgmedia.app/admin/resource/detail/00000000-0000-0000-0000-000000000000/audio/grid/869489a0-4231-4473-a9f9-298adec41984/0,2026-05-26 07:42:11.380237,,89,Lưu kho
948c8081fca6cb8043dbcd0a679b1b67,HGFA007A5FB701B1410D8D846B34B4BDB936,pavane op 50.wav,,,2026-06-23 14:59:39.344851,,61,Tồn kho
228e86eae8e251e1c7a0e91a1fa41bfe,HGFA007AB55D20DC40FCB3D951D1C82D7B10,410c1b98-0871-44c6-840c-7542bd4df814_HGFA4D8B67F71FAE4A58A01B79A0236FAC10.wav,,,2024-11-25 09:01:35.787985,,636,Tồn kho
a38ada7f94ffc472b6a57f70c5735f9e,HGFA007B088B5B8F44F88D54B580B84C19DA,Minata.mp3,,,2024-11-07 08:30:55.411596,,654,Tồn kho
fb73b68d8dc3235af24c90c948c1eca3,HGFA007B0E9B5BF14ED9AB1CC3A2AEE8963D,Balam-(Original-Mix)_HGFA4F78A4AD204C4D469EFBF9B7BDA735E8.wav,,,2024-08-09 03:33:49.801068,,744,Tồn kho
c9c08b367b4febed6477fab98dbc60fb,HGFA007BACD61ED147E3AC800273CFA7A1BD,Bossa Velada.mp3,QT2WN2404392,https://stock-admin.hgmedia.app/admin/resource/detail/00000000-0000-0000-0000-000000000000/audio/grid/1fc1d7a3-fa51-4303-afae-0be68e60a753/0,2025-02-25 07:49:26.632819,2025-03-13,544,Hàng nguội
15d3775fc3d62ec2491e284717329bfe,HGFA007CA07E8B934F03BC3D69E72A831A25,Karim Kava Project - Reflection's Pause.wav,,https://stock-admin.hgmedia.app/admin/resource/detail/00000000-0000-0000-0000-000000000000/audio/grid/5d7828cb-eebd-4a6f-bdad-371b9d5e816c/0,2024-09-24 02:47:33.005547,,698,Lưu kho
31efb8c1ccd54542934f0f60f1a36281,HGFA007D63143FA1423D8BE84349B3C4FB43,Journey-Home_HGFA007D63143FA1423D8BE84349B3C4FB43.mp3,,https://stock-admin.hgmedia.app/admin/resource/detail/00000000-0000-0000-0000-000000000000/audio/grid/0720c68e-7bf9-486d-837b-d4d9e7c1cecb/0,2023-06-26 18:57:23.958654,,1154,Tồn kho
81f477471c66bd0ca4773bd6beb476b3,HGFA007E641A291F44DBB7F542DADBEB527B,Still Before Dusk.wav,,,2025-11-25 04:54:15.721538,,271,Tồn kho
16cb946197f29909b0a44d629565e7a3,HGFA007EB4D7B412456493F93C248A434925,Concerto-for-Violin-Cello-and-Piano-Triple-Concerto-II--Largo_HGFA66CE67212D30470C9DD2AFB69818E414.mp3,,,2025-08-23 08:02:25.466847,,365,Tồn kho
4f414e3de4a6f8a27b7518f0c734e0e9,HGFA007EFBB73C344959B5F29FD0A0028FEF,Jazz lofi 17-2 - Track 52.mp3,,,2025-03-03 02:27:25.09926,,538,Tồn kho
d8d79ec68d8c65a260d347a9687e09c1,HGFA007F0E051E6D44BF9A244BE9D8A1232A,Concerto grosso in F major.wav,,,2026-05-26 07:46:18.078409,,89,Tồn kho
a278d0c88be5c7dd29e3d1658d51d5a3,HGFA007FFBEC2C8F4315A4FBF7DED221D281,Ballad jazz 1.wav,,,2026-05-09 09:19:52.949117,,106,Tồn kho
b372ba0938470250d4eadb748bd4ff65,HGFA00807AFF77744039B9407773FCFCD1FA,Monster (Robin Schulz Remix).wav,,,2026-08-20 10:29:41.79897,,3,Tồn kho
77728515078c6fc3c8c539aba29e20e8,HGFA0081010485CB440EB61BB41A3495374B,190dd4f8-cb8f-4fe0-bbfe-52531d44573e_HGFA0081010485CB440EB61BB41A3495374B.mp3,,https://stock-admin.hgmedia.app/admin/resource/detail/00000000-0000-0000-0000-000000000000/audio/grid/6a77052f-d817-4346-8b6d-1575f8cf3df2/0,2024-08-02 13:46:46.866819,,751,Tồn kho
ddccc8771a4e40201bdb529f08faa51a,HGFA0081C77FEC85469695B344B5C837F482,blue : in the early afternoon,NULL,,,,,Tồn kho
8f86ad12c89e251413a806ad05e931ff,HGFA0082AD0958F343679BF1D9EA4C499AE7,5c3c2026-e3a6-499d-93d9-166fa87098fb_HGFA9614F7B2FD5F4133A08EB98FD8866E18.wav,,,2024-11-22 13:43:33.983252,,639,Tồn kho
7cf32576d4bef9b334b312fcceb9228a,HGFA00841AAB4489478CB10BFD51EB5383DA,blue-moon_HGFA8C2EB6F7622A4FFB9D0420885BF1E707.wav,,https://stock-admin.hgmedia.app/admin/resource/detail/00000000-0000-0000-0000-000000000000/audio/grid/3b4ade59-c6b2-4080-b376-0241c7cbeae6/0,2024-08-09 06:38:21.029766,,744,Tồn kho
a48664d70f475abfcfbe485e242210d0,HGFA0084305C835740B99AE99A55FEA6A98C,Where Have You Been_Afro_Ver1.mp3,,,2026-07-20 12:05:30.84006,,34,Tồn kho
2fa39d50f212127abe72f3d70119e69a,HGFA008496D070114700A8E9739C5C82BECD,In-Love-With-You-(Extended-Mix)_HGFA008496D070114700A8E9739C5C82BECD.mp3,,https://stock-admin.hgmedia.app/admin/resource/detail/00000000-0000-0000-0000-000000000000/audio/grid/d9bc28b3-dd46-4f4b-92d8-abe32ac5433c/0,2024-02-27 11:31:25.652785,,908,Lưu kho
9d9b5dd7783a418d570635cb0b3d7d3b,HGFA0085387DB0964EEBAA3D67172FE31B63,[ Mạnh hơn cả thuốc ngủ ] tiếng mưa rào rơi trên mái nhà _ Ngủ cực ngon 「 Nhạc thư giãn 」 [QO3E-NeGR3w].wav,,,2025-05-20 03:06:11.069035,,460,Tồn kho
c26c05005aa478f7bed06d1ba3fa5443,HGFA0086F71216BD4239942774CE84103AE8,Keyboard-Concerto-No--5-in-F-Minor-BWV-1056-II--Largo_HGFA0086F71216BD4239942774CE84103AE8.mp3,,https://stock-admin.hgmedia.app/admin/resource/detail/00000000-0000-0000-0000-000000000000/audio/grid/b0a32303-a8d7-4e48-a8aa-0500aeac3976/0,2023-06-05 16:18:54.824553,,1175,Lưu kho
7ce1bca6a13e10a3610d0f7f1066525c,HGFA008700A8D9F746D08BE0213885C13366,Track 10 Velvet Junction.wav,,,2026-06-26 15:36:59.82925,,58,Tồn kho
bcc2fe82ccb27d7c3cab71f9e81a0fb5,HGFA0087AB9521D4488FB55862478B23AFC6,Beyond_HGFA0087AB9521D4488FB55862478B23AFC6.mp3,,,2022-04-07 17:21:42.133203,2025-04-20,1599,Sử dụng
e19df22deac94fcd6ad0eeeff2f9a3ea,HGFA0087AC3C0EA342E893CBE92E20D086BD,The-First-Noel_HGFA0087AC3C0EA342E893CBE92E20D086BD.mp3,GX4R52352346,https://stock-admin.hgmedia.app/admin/resource/detail/00000000-0000-0000-0000-000000000000/audio/grid/09ef755b-c8da-4120-a723-b909d1629004/0,2023-08-22 10:54:44.721385,2025-07-09,1097,Hàng nguội
b3237f2a72f81c7c926245976a773535,HGFA008833E0A6DE48DFA1514D6453731E97,JazzCoffee-Cup-40_HGFA1CF8BBAC016D417EAD6D331DE65BCB92.wav,,,2024-11-22 13:58:39.639146,,639,Tồn kho
117b82eb3a45bebc7343418d6a47f28c,HGFA008901FFFF4C4633B2DF0B370497ADA7,Sky_HGFA008901FFFF4C4633B2DF0B370497ADA7.mp3,,https://stock-admin.hgmedia.app/admin/resource/detail/00000000-0000-0000-0000-000000000000/audio/grid/f8dbfd2f-6c7b-4625-8803-7e2573234ac4/0,2023-04-07 16:28:00.004531,2025-10-26,1234,Hàng nguội
21fa4639bbf3dc08c3537fa1a126f3fb,HGFA008924B27F094CD9839EE1B0E6A6AE88,Go_HGFA008924B27F094CD9839EE1B0E6A6AE88.mp3,,https://stock-admin.hgmedia.app/admin/resource/detail/00000000-0000-0000-0000-000000000000/audio/grid/1935434d-d13a-4d8b-b8bd-4cdfe532d870/0,2022-07-29 16:15:27.163542,2025-02-25,1486,Hàng nguội
09e9a80117d651380a26a78a196ca9ea,HGFA00894D58297D40BA9C713980AB95FB0C,main_track.wav,,https://stock-admin.hgmedia.app/admin/resource/detail/00000000-0000-0000-0000-000000000000/audio/grid/92881ffc-303f-4ee2-9690-79b53af906c0/0,2025-09-21 16:42:21.94033,,336,Tồn kho
9c3f60933258fb14d48d91302af0e5dd,HGFA008AEAF1E8DA466A8FA074283D9975C8,Kugelblitz_HGFA008AEAF1E8DA466A8FA074283D9975C8.wav,GBKQU2291597,https://stock-admin.hgmedia.app/admin/resource/detail/00000000-0000-0000-0000-000000000000/audio/grid/207b065b-db98-4e38-8056-70041479fe59/0,2023-03-22 09:58:35.276836,2025-03-03,1250,Hàng nguội
b9071211415f4ad5ebe9f21eb19d9256,HGFA008BA07C0C0B44B8BC507C769C8A7654,Glen Soul.wav,,,2025-01-06 10:35:14.389357,,594,Tồn kho
959fff2819e6fae5e3735428368095fc,HGFA008BADB066DF42188926AB57563D8248,Live-It-Up_HGFA008BADB066DF42188926AB57563D8248.mp3,,https://stock-admin.hgmedia.app/admin/resource/detail/00000000-0000-0000-0000-000000000000/audio/grid/898a73ad-04b2-4210-9ce7-e8b327ac2170/0,2023-04-07 17:50:48.084339,,1234,Tồn kho
a6ae525e208478c88189f50692ecefa4,HGFA008D7DBE308F4843A6F7827E05A937E9,stay close.mp3,,,2026-07-21 13:45:23.618788,,33,Tồn kho
d85f8baf29712bb804f3765ef6d78661,HGFA008D9E6A6675457088257CDA4A7BFA69,Summer Garden.wav,,,2025-07-11 03:02:28.011554,,408,Tồn kho
473d18fcff6d97353e77fba7565d7bf7,HGFA008DA6D8CE494C66890F1E0900B7D4D6,Friends_HGFA008DA6D8CE494C66890F1E0900B7D4D6.mp3,,https://stock-admin.hgmedia.app/admin/resource/detail/00000000-0000-0000-0000-000000000000/audio/grid/54560504-20f0-4783-8cc7-2eb89b60bb5c/0,2023-12-06 16:38:05.372684,,991,Tồn kho
a5ddfdcf7db1116e3f8fa6fd6916783b,HGFA008EC95315C64276932768FA7D5D29B7,41cb1899-c99b-4115-8596-d58437a52ab7_HGFA008EC95315C64276932768FA7D5D29B7.mp3,,https://stock-admin.hgmedia.app/admin/resource/detail/00000000-0000-0000-0000-000000000000/audio/grid/fbea7544-e9ba-4cf9-aa44-86e7c54873fb/0,2024-08-19 09:12:40.673406,,734,Tồn kho
0c93bebd07477af6ff7f83f806ec4695,HGFA008F79A3CEF745BC946FDD90DBD3AA05,Winter Mosaic.mp3,QT2WN2403068,https://stock-admin.hgmedia.app/admin/resource/detail/00000000-0000-0000-0000-000000000000/audio/grid/ace755d3-67f1-405d-9409-e9f23d1bf92a/0,2025-01-06 10:35:20.081696,,594,Tồn kho
4ba29d8afa407ecf14e64c8f92d6cf8e,HGFA00902AB51BFF453FA673403672FE13B9,Misty Morning.wav,,,2024-11-07 01:44:33.679688,,654,Tồn kho
ec9a61cfd4c6a550458f2bc999b8bde5,HGFA0090332028764A1E860FDB5C1EE6C8A2,Fast-Steps_HGFA0090332028764A1E860FDB5C1EE6C8A2.mp3,,https://stock-admin.hgmedia.app/admin/resource/detail/00000000-0000-0000-0000-000000000000/audio/grid/02b33954-37f8-4410-ae2b-1a5d408a6e55/0,2023-06-02 17:26:17.319697,,1178,Lưu kho
2dfd036ecb9ae03bfef28fc8ebf36e77,HGFA009122CC941140238FF65DE3EE71669A,Blocks_HGFA9F2F850C0F6C4FAA8BE580CE2562B1E5.wav,,,2024-08-09 07:53:19.120903,,744,Tồn kho
47c4d41bf585b9fab6ec874d221f16f4,HGFA009147483FCC49709AC8D9B185A804BA,Waiting-For-You_HGFA009147483FCC49709AC8D9B185A804BA.mp3,,https://stock-admin.hgmedia.app/admin/resource/detail/00000000-0000-0000-0000-000000000000/audio/grid/db92c601-b7aa-4a3e-aa24-8d2a78664aeb/0,2022-07-28 09:05:53.33556,2025-03-02,1487,Hàng nguội
c01d28cfe1e7dfde9ebe5f2a1f6ef3aa,HGFA009159CA63354179AED8618CF39281C7,,,,,,,Tồn kho
282f28ec18c25d4381be0ea36d45cf01,HGFA0091C03BB86944E28FEC21D7D43755D5,Tarragona(1)_HGFAA7C88197C3DA490EAE4AAA66F8F98630.wav,,,2024-08-09 08:44:25.646105,,744,Tồn kho
20ca87bc8d76588d3c8e5e05cd97d5ac,HGFA0092F5BDE2B6492FB76AF3F61DCF5E4D,Linger in Light.wav,,,2024-12-04 02:51:23.967123,,627,Tồn kho
0bf5c27d6ac9e87559b109771f337213,HGFA009315E655C94CE185B2565962557EB2,BuddhaMini-89_HGFA009315E655C94CE185B2565962557EB2.mp3,,https://stock-admin.hgmedia.app/admin/resource/detail/00000000-0000-0000-0000-000000000000/audio/grid/6639916a-6bfb-4556-a1a4-328bd5b6dec0/0,2024-04-04 15:10:18.168685,,871,Tồn kho
aee318ec900df80e65ce45d76893d05a,HGFA00936ACF41E94463BAFE83F1558ACF72,Hanabi_HGFAE28E413157E644989F8A99F10702AFAC.wav,,,2024-08-09 10:50:09.999253,,744,Tồn kho
7ab59efb93b9ee8302de55e8efa4a2e7,HGFA0093D9B8B7D740EDB89F961E4FE7F6EF,Naturaleza-(Original-Mix)_HGFA0093D9B8B7D740EDB89F961E4FE7F6EF.mp3,,https://stock-admin.hgmedia.app/admin/resource/detail/00000000-0000-0000-0000-000000000000/audio/grid/2c99443a-9be7-4221-8fbe-bc9a2270cf7c/0,2024-05-10 16:54:17.726331,,835,Tồn kho
df40acf59129230cb93bc509f759ff3c,HGFA009408AD541648338860CDBFECFE9B2B,Impressionist Piano 27-2 Track (12).mp3,,,2025-03-06 07:09:13.869581,,535,Tồn kho
7ac2e447167a2a3306c996a30e2868ca,HGFA0094A78ACBF444E59885BE94985402CB,我们的秘密.wav,,,2025-12-04 03:06:29.926201,,262,Tồn kho
36335ba828506b7b8b3a66f9875ec6c6,HGFA0095547E83BE473CA174936D4403273B,SpaCandle-14---Galaxy_HGFA7B0B2D1CFB0E416C99E27AEA48F77BB7.wav,,,2024-11-23 19:15:37.07067,,638,Tồn kho
5476df5490e416569f2278e67b3285e1,HGFA0095C17D08FA439695C3D954E746B4C4,Drifting Lights.wav,QT2WN2504436,https://stock-admin.hgmedia.app/admin/resource/detail/00000000-0000-0000-0000-000000000000/audio/grid/af05a022-2d49-4653-b6f5-5b7a00a4741b/0,2025-11-20 08:08:43.800794,2026-03-29,276,Hàng nguội
cbb85b5661cd8427e5595a00d76ffb3f,HGFA0095CED2748247129A3D375CD12EA50F,BuddhaZen-80-(Cleanse-Aura-(with-melody)--meditation--fx-)_HGFA5C75BECE8D0B46699A129334CB08B00C.wav,,,2024-11-22 20:13:31.004876,,639,Tồn kho
8f910ed07e22c0d8b8e4fce8bdaa4ecb,HGFA0096747000D644729821E30120920B29,brightest-day-SBA-346440897.wav,ISRC212468,https://stock-admin.hgmedia.app/admin/resource/detail/00000000-0000-0000-0000-000000000000/audio/grid/0c8e42d4-a882-43ff-8f71-2f7c3ca0fb8f/0,2024-08-24 09:14:27.890901,,729,Tồn kho
36d932b3c281c4e1c649a42c8101323e,HGFA00979C2C14E94A87BBE72C6D64107FC9,Tropic Whispers.wav,,,2025-05-15 02:30:06.875339,,465,Tồn kho
f6c84021a17ebea391441db40f9e144e,HGFA00986782B9AB41D5885F6A9586ECBC72,TRACK 06 – Don’t Walk Away Yet.mp3,QT2WN2601158,https://stock-admin.hgmedia.app/admin/resource/detail/00000000-0000-0000-0000-000000000000/audio/grid/e07b96b7-fd3d-4d11-84fa-a16810ebfdc7/0,2026-03-23 09:52:15.097328,,153,Tồn kho
3e799f5b2de6ce535304464ab6fdaab2,HGFA0098EA5C57954F45910A8DC6834569D4,Memang Aku Jomblo.wav,,,2024-10-08 08:54:35.598401,,684,Tồn kho
61cc1cfc3a98c618aff297a5795f96a6,HGFA009942A0BB824E73B285FBB6E773FDF2,Call My Name - NLT - V1.mp3,QT2WN2600919,https://stock-admin.hgmedia.app/admin/resource/detail/00000000-0000-0000-0000-000000000000/audio/grid/d816ea52-3c1d-45a5-811c-672c407ec4ec/0,2026-03-05 07:23:55.203289,2026-04-22,171,Hàng nguội
1e59f373957eff5da2642cc66a030c16,HGFA0099F1F0648B47D280668340ED3D7FE6,La-Bohème-Che-gelida-manina_HGFA0099F1F0648B47D280668340ED3D7FE6.mp3,,https://stock-admin.hgmedia.app/admin/resource/detail/00000000-0000-0000-0000-000000000000/audio/grid/26ec3bee-fd33-4abb-82e9-5bfefb01e759/0,2023-06-05 16:55:55.33943,,1175,Lưu kho
440e30b5189c8757cc146ae7924827f2,HGFA009A1EE277144F4591ACEF54B4B764D1,GirlSleep-9_HGFA4BA4F953E3FB462E9B6CB0E118A8D6BA.wav,,,2024-11-23 11:55:57.261476,,638,Tồn kho
fc1280ebd2db5b3e4851a5b50f917caf,HGFA009A5CF49CC44BBEA9570E0BF7D1BAC1,"Sinfonie di concerto grosso No 7 in g minor for flute, strings & continuo.wav",,,2026-05-26 09:13:03.198573,,89,Tồn kho
85a043e0805d7a5c23a1f8afd34a81f8,HGFA009A7BA130494C888351CBD2A8F376F8,Black-Magic_HGFA009A7BA130494C888351CBD2A8F376F8.mp3,,https://stock-admin.hgmedia.app/admin/resource/detail/00000000-0000-0000-0000-000000000000/audio/grid/c9f3a038-7767-4000-8930-7d8e592ff2ec/0,2023-05-08 15:29:54.274023,,1203,Tồn kho
df64fbe653d2f6abfaded7c717b7d47d,HGFA009AB4A56E4443E4AF4214C4A7FC5128,Neon Trace.mp3,QT2WN2402527,https://stock-admin.hgmedia.app/admin/resource/detail/00000000-0000-0000-0000-000000000000/audio/grid/11874f99-b38c-4d88-a465-4596878b9184/0,2024-12-02 03:44:58.300324,,629,Tồn kho
66a4aabbc6f6ca5f8b395be9013b7bd9,HGFA009D6FCAE38442A4AF7077BC61F029BB,Đánh-đố-Hoàng-Thùy-Linh_HGFA21B7F0BE7044465ABDD5003FF5954B4B.mp3,,,2024-08-09 01:51:40.199238,,744,Tồn kho
b2f48d67f0101c1201edfd22c0f94afc,HGFA009DF26870934099B5479DC15C4A85BB,PTC5186562_01_12_Second Act Credo in un Dio crudel.wav,NLE421501012,https://stock-admin.hgmedia.app/admin/resource/detail/00000000-0000-0000-0000-000000000000/audio/grid/7ef4f41c-317f-4ad6-b9cc-ade7a9f70c0d/0,2026-04-07 05:26:37.05974,,138,Lưu kho
b15aa38faae31dd77d2774ed2695b353,HGFA009E33AAF8DF47B3BC321E711ABD9132,Atmosphere Suspense Enigmatic.mp3,,,2025-02-22 10:18:03.498578,,547,Tồn kho
8dc3d8cd7c0050f514fa7d6b74248388,HGFA009E4698AEDE4467BC0C71ECBA00EE27,For-You_HGFA009E4698AEDE4467BC0C71ECBA00EE27.mp3,,https://stock-admin.hgmedia.app/admin/resource/detail/00000000-0000-0000-0000-000000000000/audio/grid/4309aa16-0dff-4095-84c1-662361f056be/0,2024-08-05 10:05:25.415409,,748,Tồn kho
7bd31c890a97b7c8e919e7f07c02f3fb,HGFA009F3980D29342DFA35E60C9D22EA351,Hold Me Tight v2.mp3,QT2WN2604996,https://stock-admin.hgmedia.app/admin/resource/detail/00000000-0000-0000-0000-000000000000/audio/grid/fe9325a8-71a3-417f-b769-ecc4fab66957/0,2026-08-03 03:13:56.312873,,20,Tồn kho
a5eb4ab2df4e029b5e7c595206bd2a85,HGFA00A00FED74B444389A7ACC17526B52AF,Midnight-Street-Walk_HGFA9B008FE08DF64E44A869E6D3F395FB38.wav,,,2024-08-09 08:34:56.696279,,744,Tồn kho
a84ca3716af44f9442c09bdbb9d0ef31,HGFA00A04CD764354378A5D0E55E48A551D1,Champagne Avenue.wav,,,2026-08-19 16:49:34.172811,,4,Tồn kho
d0e010f5256f3864367ae1e095e68a72,HGFA00A17753279D40689A464DC5E297F076,Honeymoon_HGFA00A17753279D40689A464DC5E297F076.mp3,GX8KD2283108,https://stock-admin.hgmedia.app/admin/resource/detail/00000000-0000-0000-0000-000000000000/audio/grid/646bde98-64fd-40e1-8b06-3bb8eabf15cc/0,2022-10-18 09:23:27.885548,2025-03-12,1405,Hàng nguội
0477fc518f0c2559ec1b0a1170a79612,HGFA00A17A415EF34EE292FCB30ADC103A39,UNCOVERED-KILLER_HGFA00A17A415EF34EE292FCB30ADC103A39.mp3,,https://stock-admin.hgmedia.app/admin/resource/detail/00000000-0000-0000-0000-000000000000/audio/grid/2fec1ecc-75f0-4bf7-8dee-28de9c995d6f/0,2024-03-09 16:13:56.206621,,897,Tồn kho
7c29a48e7eb912f740d441053b6d7172,HGFA00A297E8E3A447429E55B9AA2F210314,Track (47).mp3,QT2WN2403943,https://stock-admin.hgmedia.app/admin/resource/detail/00000000-0000-0000-0000-000000000000/audio/grid/b217047c-54da-4e5b-99f7-a2689e647625/0,2025-01-03 10:38:47.322874,,597,Tồn kho
d8d00dc57bfa3b2c38fdebcf3c29a24d,HGFA00A29DFA9B844B6A9A7AE0E77FEDA8B8,I-Am-Ok-(Pete-Bellis--Tommy-Remix)_HGFA07E999B576AB42CB8D289CBAAEF59376.wav,,,2024-08-09 00:32:08.042778,,744,Tồn kho
5b15660aabac84934e8cc4fed7b4640e,HGFA00A4237F43B9463DB65B46AAD69C0124,09.wav,,,2026-05-26 07:07:56.035905,,89,Tồn kho
94ba9f953a5858dfa63c8453e2796db4,HGFA00A4925A76714659886F367057F80D57,La-Traviata-È-strano----Ah!-Forsè-lui----Follie!-Follie!_HGFA6479C8B4E3844F8FAB6B14B8BD72AFC0.wav,,,2024-08-09 04:17:01.984491,,744,Tồn kho
f7a33127fb368c4a356f5df1a1b219d5,HGFA00A4CC80FE084ECBA2120DA6947D1E12,Piano Whisperer.mp3,QT2WN2403794,https://stock-admin.hgmedia.app/admin/resource/detail/00000000-0000-0000-0000-000000000000/audio/grid/40f623c0-fc32-4fd6-9f90-9e6c6f31e6d8/0,2025-01-15 03:35:29.418038,,585,Tồn kho
9db968d0b747db7e287cadf1cae58f48,HGFA00A4D47FE67F4CEA92AE9151B1D7B5FA,"Mozart - Serenade No. 5, K. 204 in D major - V. Andante.mp3",,https://stock-admin.hgmedia.app/admin/resource/detail/00000000-0000-0000-0000-000000000000/audio/grid/d27ca488-f1f6-4d76-9880-807de4f28dc8/0,2026-05-26 08:25:17.809683,,89,Lưu kho
f9462eaf41677ce25244f9c46ad34ab6,HGFA00A551419CB743E2B0FC0C99F87090F3,Velvet Night Drive (Mastered).wav,,,2026-06-04 02:43:08.460421,,80,Tồn kho
7b209ae2fe441dce7db80938e799b6cb,HGFA00A57A835613423CAB39DE4243B5029B,Evening Glow.mp3,QT2WN2504966,https://stock-admin.hgmedia.app/admin/resource/detail/00000000-0000-0000-0000-000000000000/audio/grid/e01f163d-fbd5-46b5-b801-da6922f26ddb/0,2025-12-23 07:42:49.705625,2026-05-19,243,Hàng nguội
7136134fc519ac2f2c2c0e49e0ba7778,HGFA00A60969902142308C50C484FC10944F,,,,,,,Tồn kho
47b923e85acc0f182e0314e3da2fd0b2,HGFA00A63787729F44029A233DC18D81895D,Cruisin',NULL,,,,,Tồn kho
e29b8c53b514534a258c5e4a5d0f5f39,HGFA00A66D3B84E44904A5BBA64F5D6C66AA,Crystalline Despair.wav,,,2024-10-10 03:36:06.521357,,682,Tồn kho
3fd3dc6494d2fec10313fb41b99ebb29,HGFA00A803DD623F4B6CB628E4BDD23EB23D,"Roman Carnival Overture, Op. 9.mp3",,https://stock-admin.hgmedia.app/admin/resource/detail/00000000-0000-0000-0000-000000000000/audio/grid/904aa8cb-7220-4a18-ac98-94f4214cbbfd/0,2026-05-26 08:41:12.548965,,89,Lưu kho
923c60cf3c365a430d62f1c806c4379e,HGFA00A8AB85E3134E619EA5727AD031F810,Wanderling.mp3,QT2WN2502383,https://stock-admin.hgmedia.app/admin/resource/detail/00000000-0000-0000-0000-000000000000/audio/grid/e34e3079-718d-4aa9-a80b-54fd437907ac/0,2025-08-06 03:51:30.611792,,382,Tồn kho
15b68c137548a1b1452b30f8f9c36525,HGFA00A976D374704B69956A84E7A00B10A4,summer-is-not-the-same-without-you_HGFA0ADD0662DA8B48C98476EF34180DF16F.wav,,,2024-08-09 01:39:49.718936,,744,Tồn kho
cfaebdbe69b889ffabb9df8696c91ec6,HGFA00AA640358664C02B1F0582DB5F18876,spotifydown.com - NEON BLADE - Sped Up.wav,,,2024-09-14 08:52:54.647716,,708,Tồn kho
473bb50c04d0df11a21d12735fd6de7b,HGFA00AC10B99317426E88A0CEFC3D08E52C,12-Caprices-Brillants-No--7-Divertissement-sur-des-motifs-de-Labarre-Bellini_HGFA00AC10B99317426E88A0CEFC3D08E52C.mp3,,https://stock-admin.hgmedia.app/admin/resource/detail/00000000-0000-0000-0000-000000000000/audio/grid/d3cc739c-c9e1-496b-bc57-210cb2ae29b2/0,2023-06-02 10:33:43.534315,,1178,Lưu kho
23fccd7f2c6258244e896a7825def359,HGFA00AE926F73004586A6525E7DD27A41AF,Jaigemeister.wav,,,2026-06-16 17:05:12.393221,,68,Tồn kho
7fd9b4563000f9b8b26ea33030788383,HGFA00AF2C01ACD9450AAC5BA85DE984197D,"Symphony no. 3 in D major, D. 200 - IV. Presto vivace.mp3",,https://stock-admin.hgmedia.app/admin/resource/detail/00000000-0000-0000-0000-000000000000/audio/grid/f6a44a1f-eca5-4b1c-b78a-cf59376462e4/0,2026-05-26 08:55:20.930319,,89,Lưu kho
2f964d259bbc03a5e4aa128fcd0e12a5,HGFA00AF94B42B0A4924B66C2EA11AF101D3,That Girl In My Head (Aurora Remix).mp3,QT2WN2600102,https://stock-admin.hgmedia.app/admin/resource/detail/00000000-0000-0000-0000-000000000000/audio/grid/cc05d1ae-fdc5-40a0-9a16-5b0721d01030/0,2026-01-19 04:04:53.67264,2026-02-02,216,Hàng nguội
64ec6102aabf69b8eb932e92f53391c0,HGFA00AFA3F58B4E42D1B29E98B811E9DFAC,Đừng-Gọi-Anh-Bằng-Chú---Lê-Đình-Thường-(Hoàng-Thiên)_HGFA00AFA3F58B4E42D1B29E98B811E9DFAC.mp3,,https://stock-admin.hgmedia.app/admin/resource/detail/00000000-0000-0000-0000-000000000000/audio/grid/2a31216f-588d-475a-bd09-e9077b32ee18/0,2022-09-19 14:27:36.572671,,1434,Lưu kho
06d6da61ddd3351b32121b2ecb62372b,HGFA00B02602DEEC4002B13CF0E28DBFA4DF,Song 19 _노란 불빛 속에서_.wav,,https://stock-admin.hgmedia.app/admin/resource/detail/00000000-0000-0000-0000-000000000000/audio/grid/1a1d9795-6f9c-49ca-84f9-fc00ea1ec2f1/0,2025-03-03 03:46:52.896635,,538,Tồn kho
6395188313749664734447fc85a0a791,HGFA00B07FBAD31C4E858F4EFE623CF2D7B6,14. All The Pretty Girls.mp3,QT2WN2604639,https://stock-admin.hgmedia.app/admin/resource/detail/00000000-0000-0000-0000-000000000000/audio/grid/6a2ae547-2c97-43a7-bc6d-4207ef550255/0,2026-07-22 03:49:12.586688,,32,Tồn kho
1132a25339fead38f152286f612f921a,HGFA00B122755D4440AFBC4B564CC571D8B3,Once-Upon_HGFACAF58B65CA2D4837912422498B84A9ED.wav,,,2024-08-09 09:54:36.783552,,744,Tồn kho
2d906b37d9c7d809a78dae8c35d36d03,HGFA00B260F93DE34BFCAEC77B32278CF57C,bach-adagio-for-oboe-violin-and-strings_stem-04.wav,,https://stock-admin.hgmedia.app/admin/resource/detail/00000000-0000-0000-0000-000000000000/audio/grid/cab31e55-be07-48a1-8f36-e31fc6ef8139/0,2025-10-10 08:57:08.718705,,317,Tồn kho
3a38013c9ed13b17c9b827b1c9fc7937,HGFA00B2C63F16CF43DC9663CAC91D5048CA,You're My Happy Place.wav,,,2024-09-24 08:17:08.704154,,698,Tồn kho
7a6531dc3f3d45ef46fc89b6b3d478bd,HGFA00B306D23423440BBC8E83A4382177BD,"PTC5186397_01_02_Liszt Piano Concerto No 1, Quasi adagio.wav",NLE421200702,https://stock-admin.hgmedia.app/admin/resource/detail/00000000-0000-0000-0000-000000000000/audio/grid/218c3566-4cbf-440b-9ff6-eb7693738148/0,2026-04-07 07:24:25.242308,,138,Lưu kho
96100dfd49fdde13ddc198eccface32c,HGFA00B3E22BB88C48B395961548F4BDE8AB,Mi Casa Es Su Casa.mp3,QT2WN2403735,https://stock-admin.hgmedia.app/admin/resource/detail/00000000-0000-0000-0000-000000000000/audio/grid/06264c82-f4f7-4c61-a2e5-d349c14c7d47/0,2025-01-09 08:18:09.934759,,591,Tồn kho
aa72a4279a1993e512b66ad5101eac52,HGFA00B411CA7F1840EAA9E2E3D762EE5BA0,ROTR.wav,,,2025-09-05 07:14:20.258188,,352,Tồn kho
aae2559adb350e419ed1ff2e1f5029cd,HGFA00B4BD18FADC403DBAEBB3141A0D5D4A,Suspended by Waves.wav,,,2024-12-02 03:49:54.000898,,629,Tồn kho
298d6c699b30e3bb0104b08f6d40ef4d,HGFA00B4CD9ECD7C4199873956693F64CD1D,PTC5186655_02_08_Rosamunde D797 Entr acte No 3 Andantino.wav,NLE421900116,https://stock-admin.hgmedia.app/admin/resource/detail/00000000-0000-0000-0000-000000000000/audio/grid/232e05c4-ce32-49a6-84d9-748614e46cef/0,2026-04-07 03:26:30.817084,,138,Lưu kho
6576cf1afbd8a852c483f2aa1d478d9b,HGFA00B502E625094E7F9926120253E97737,Celestial Waves.wav,,,2025-01-17 06:08:02.371759,,583,Tồn kho
ca1c4ca16da544a86a9b9077864c7610,HGFA00B556B11682439581445F3720CBB354,Connection_HGFAB7934F7B5E3347EDBD17839E8D7B5D7E.wav,,,2024-08-09 09:38:15.907231,,744,Tồn kho
9ae1386897370aaf95f4807d4a2eefba,HGFA00B673E116134D46A5066BEED29646FF,GirlSleep-89_HGFAE29CB2ED55A74305B3C4C1A2FAB98E2E.wav,,,2024-11-23 11:35:44.004774,,638,Tồn kho
5ced89bbad5892646448d9ac992b56d6,HGFA00B6F871504B44CB9690EEA47E3F3EA3,Golden Silhouettes.wav,,https://stock-admin.hgmedia.app/admin/resource/detail/00000000-0000-0000-0000-000000000000/audio/grid/984fe911-a6e3-4479-a6f5-988f39e0845b/0,2025-02-27 07:23:32.925723,,542,Tồn kho
1119dbf1c3a0f23ddde0cc33c368e67d,HGFA00B6FEFD54DB48FABDC0CEC0D00BE11D,Positive-Jazz-Music-Morning-Bossa-Nova_HGFA84114C3A44574BD5B8D143BFB0E20A39.wav,,,2024-08-09 07:21:13.463096,,744,Tồn kho
39ed0490b938a1a5fbcf180d605645f1,HGFA00B7EC42FE4E429A8CB84FF38E88CFDE,65a27105-ea8a-4451-a560-193256fe3c83_HGFABB40FB0A774D49B5A6F5E9F7F22BEFFB.wav,,,2024-11-30 04:20:38.744299,,631,Tồn kho
746dd1768dc52fe1fa8efbecff648a5b,HGFA00B7FD78800B41C1A1783C968CC9A831,528-Hz-Morning-Meditation-(Without-Piano-and-Voice)_HGFA00B7FD78800B41C1A1783C968CC9A831.wav,,https://stock-admin.hgmedia.app/admin/resource/detail/00000000-0000-0000-0000-000000000000/audio/grid/ba0b55e1-4200-4b24-a0c9-d253d8b34e9d/0,2022-10-07 18:22:20.798872,2025-10-10,1416,Hàng nguội
ca5e7c5680573d32b73e4d13664ffa78,HGFA00B82A98E0E745D5881C9B5B5BD22E47,Innovation Future Technology.wav,,,2025-02-22 10:18:36.371003,,547,Tồn kho
2d43d804e5ffd063b2d8b0a9fbdca99a,HGFA00B8A9C3AB9C47F99B66CEB3FC36D820,BGD-(Official-Audio)-#housemusic(1)_HGFA00B8A9C3AB9C47F99B66CEB3FC36D820.mp3,,https://stock-admin.hgmedia.app/admin/resource/detail/00000000-0000-0000-0000-000000000000/audio/grid/42491232-ad4e-4346-b364-d49af6b9e2e0/0,2024-03-28 15:59:37.327774,,878,Lưu kho
295636fdb1cbb4830d356aa7dc99dbf5,HGFA00B8E02022F8454FAA334E9B531C26D6,All Yours.wav,,,2024-12-14 03:45:41.527493,,617,Tồn kho
e63abdfa78a7e90fe8b5a1488909ffaa,HGFA00BA2D8455D64EFE9D42A11E8D9AD71A,Prelude to the Afternoon of a Faun.mp3,,https://stock-admin.hgmedia.app/admin/resource/detail/00000000-0000-0000-0000-000000000000/audio/grid/4b422c8b-45f4-43ad-9ed0-ac2064aa0a67/0,2026-05-26 09:09:21.511192,,89,Lưu kho
2a3050defea65df753e68b0f6ebf3292,HGFA00BA3E3428764608A22E2082B6668B52,meditation-with-angels-and-archangels-without-fx_HGFA00BA3E3428764608A22E2082B6668B52.mp3,,https://stock-admin.hgmedia.app/admin/resource/detail/00000000-0000-0000-0000-000000000000/audio/grid/d8e21a55-3218-4c72-a89e-3a4b76960daf/0,2023-03-16 16:23:22.7382,,1256,Tồn kho
aa407dc9367d2b52b0004b864b4bd5ea,HGFA00BAFEC8F44C4A4290E8F2FFE4A4F1AE,b2b75589-051f-49de-a765-52ef7166ebae_HGFA00BAFEC8F44C4A4290E8F2FFE4A4F1AE.mp3,,https://stock-admin.hgmedia.app/admin/resource/detail/00000000-0000-0000-0000-000000000000/audio/grid/a24ca2d9-012b-4061-b78c-0de402273130/0,2024-08-21 08:46:22.757226,,732,Tồn kho
d014db233cfb7fcaab9fdae9ba44053b,HGFA00BBE194E6FD4EEDBC38AE622D36FFFB,Frosted Veil.mp3,QT2WN2404130,https://stock-admin.hgmedia.app/admin/resource/detail/00000000-0000-0000-0000-000000000000/audio/grid/41ebe9ae-e5eb-4039-85bd-dd27d6a3d057/0,2025-01-24 09:17:04.485749,,576,Tồn kho
3df3b33fb194e86653a08babc0153cd0,HGFA00BC37DC959B44CA840FBE1252F5EAAC,Remember-Me_HGFA2241D28254704868904244CD3EC626B1.wav,,,2024-08-09 08:25:58.24798,,744,Tồn kho
3fac0b544770ce1342a5acb7becd3796,HGFA00BC40640EEB4715B3A515E5C88141F0,SpaCandle-25-Find-Myself-_-Dream-Lake-Soothing-Relaxation-Piano-(Main-Version)_HGFA2DDB9D05BDFC4CFBA15993FA8FF6C173.wav,,,2024-11-23 19:16:58.63592,,638,Tồn kho
bdfbaf11e496b3bd9e423040061ce648,HGFA00BC8E1E13504D65AEE7397BF374B57F,Just Liev - I'll Be Good For You.mp3,,https://stock-admin.hgmedia.app/admin/resource/detail/00000000-0000-0000-0000-000000000000/audio/grid/d6222c44-7558-4964-9c4b-30999510126d/0,2024-11-29 05:07:29.348142,,632,Tồn kho
7ba3ea1bdff8a166391a4b38f3941bf3,HGFA00BC9CEE7E8B4DAEBA179EBB69AFF09A,GirlAnimeRain-Pick-22_HGFA4D335B0193514233941ED83D4B156169.wav,,,2024-11-23 12:18:25.561048,,638,Tồn kho
e2c811c4e0eab0e8708bb037dad4696a,HGFA00BDB86189A64B94A754AEB2D216E56E,LATE NIGHT AIR.mp3,QT2WN2601058,https://stock-admin.hgmedia.app/admin/resource/detail/00000000-0000-0000-0000-000000000000/audio/grid/393c6956-96fb-44db-bf1e-0b187a8233fa/0,2026-03-19 04:01:14.399477,2026-04-05,157,Hàng nguội
0ae51bf03a29482406f88155e22004f0,HGFA00BDCFCF54E24FE5ACF357B9C0FCFF95,Healing-World-(No-melody)_HGFA00BDCFCF54E24FE5ACF357B9C0FCFF95.mp3,GX8KD2229204,https://stock-admin.hgmedia.app/admin/resource/detail/00000000-0000-0000-0000-000000000000/audio/grid/4eab271d-a3e4-47e3-9e2e-16be26d19bf7/0,2022-11-12 16:55:17.091289,2025-02-27,1380,Hàng nguội
b8e1b8e19be1a8726b2099c8fa9bfc14,HGFA00BF9F576B274179B3B4C3F99882D81D,Bản sao của Eternal Pause.wav,,,2025-01-08 03:54:05.524815,,592,Tồn kho
3337dd7231a54ce14dde3d20c970f104,HGFA00BFC6727F7440CFB5C55205027B081D,Bruckner - String quintet in F Major - Adagio.mp3,,https://stock-admin.hgmedia.app/admin/resource/detail/00000000-0000-0000-0000-000000000000/audio/grid/635ed3d8-fe41-4ec2-bd6c-eb12a629dbf9/0,2026-05-26 07:49:08.40014,,89,Lưu kho
fed481b092c25640c8448ce5d2a8554f,HGFA00BFCCBFB8A44193BBB1E9B3371867D0,,,,,,,Tồn kho
2e605a256f05da105d72903a4cf9865b,HGFA00C05609598B40E18D5A268EC7F6AC0E,Like-This_HGFA00C05609598B40E18D5A268EC7F6AC0E.mp3,,https://stock-admin.hgmedia.app/admin/resource/detail/00000000-0000-0000-0000-000000000000/audio/grid/16369045-63cf-4418-a4f2-98c36bbf74f5/0,2022-09-19 15:26:01.071659,,1434,Tồn kho
1d046795e9671978457179ebb9dcec30,HGFA00C0953F0BB14F649A8C53A223B9702D,98a6a5c8-1332-4baf-b069-dbf22e72336b_HGFA00C0953F0BB14F649A8C53A223B9702D.mp3,,https://stock-admin.hgmedia.app/admin/resource/detail/00000000-0000-0000-0000-000000000000/audio/grid/f5e55c71-36c7-4ba7-b69c-eec5dfabf5b9/0,2024-07-08 09:40:31.477653,,776,Tồn kho
834af45ac26c7bae8b73e3467211d9c6,HGFA00C2184E4CDE46C48F307277D87313ED,Happy-Morning-Cafe-Music_HGFA00C2184E4CDE46C48F307277D87313ED.mp3,,https://stock-admin.hgmedia.app/admin/resource/detail/00000000-0000-0000-0000-000000000000/audio/grid/f85ef5ee-ac23-452b-b2cf-b5da3f7e48da/0,2023-06-16 16:13:18.478464,2025-07-26,1164,Hàng nguội
46988c44b22b0e70c83fcb2117598aa1,HGFA00C29655A16E495E89E4E2CEC087AA29,Island Totem.wav,,,2025-07-11 06:45:58.874731,,408,Tồn kho
43361a734df174cbe334e2460fd249f3,HGFA00C3001BAD3E4F988D280FF3C2BA39A1,123. Cheerleader_Deep House Cover 004_mix 1.mp3,QT2WN2605078,https://stock-admin.hgmedia.app/admin/resource/detail/00000000-0000-0000-0000-000000000000/audio/grid/63425a78-e252-4c43-8d33-1828d1b65f17/0,2026-08-12 03:36:56.368715,,11,Tồn kho
585363ac3107020449d7db254c9a7009,HGFA00C340FB399D40829EBF0D6B74B9DF4A,"PTC5186331_01_12_Shostakovich Hamlet, Gigue.mp3",,,2026-04-07 14:45:56.527398,,138,Tồn kho
75f748fcec0516170c68d647e953cf36,HGFA00C38C8A88114B68A265E8417766A802,Mozart - Quartet in B flat - I. Allegro vivace assai.mp3,,https://stock-admin.hgmedia.app/admin/resource/detail/00000000-0000-0000-0000-000000000000/audio/grid/53c5dd03-ee0d-40c7-872a-32c5047742e7/0,2026-05-26 08:25:00.690317,,89,Lưu kho
1638dd42aed548c638e4187061757370,HGFA00C4B0FCE01C4380BDD7A2852E782945,Culpable-(Official-Audio)_HGFA00C4B0FCE01C4380BDD7A2852E782945.mp3,,https://stock-admin.hgmedia.app/admin/resource/detail/00000000-0000-0000-0000-000000000000/audio/grid/2d6d1bb0-adc5-4fd1-a10e-402064f846fb/0,2024-03-22 16:13:53.822332,,884,Lưu kho
ca70eb5d2ddc9bb6ad448abcb0741c7a,HGFA00C4C80ECFA646DC8D4D9438601C2164,Echoes of Serenity.wav,,,2025-01-09 08:40:02.84557,,591,Tồn kho
cf04dfdf7865c2d57810bb9f8d28c285,HGFA00C4D411ACA64572B37DF7F89F3CA043,Mignon-Connais-tu-le-pays-où-fleurit-loranger_HGFA85FE559A39FE4DCE83DB19117DD4EF57.wav,,,2024-08-09 07:21:02.71539,,744,Tồn kho
cfe6121d814c4521453d08bcfaed45c9,HGFA00C607BA15A0417A836BA03EE7933FBD,Electric Kisses.wav,,,2026-03-27 07:52:03.73544,,149,Tồn kho
197755ed4b641741ad438d4f4684af83,HGFA00C7781CDA9445E69131D57ECFF0EC12,O Último Samba.wav,,,2025-03-07 03:56:47.237701,,534,Tồn kho
e9cffa11898d7a18741463a90c9e451e,HGFA00C7E3F9F62A4C8F9F38088CE025A480,"Tchaikovsky - Symphony No.4, F Minor, Op.36 - II. Andantino (contd).wav",,,2026-05-26 09:26:57.135643,,89,Tồn kho
09892e049a2187afe543bf1823216c54,HGFA00C85018B095410B8D29AAD51EC0329B,"Fantasiestücke, Op. 73 - I. Zart und mit Ausdruck (Cello and Piano).mp3",,https://stock-admin.hgmedia.app/admin/resource/detail/00000000-0000-0000-0000-000000000000/audio/grid/73b3723e-65bb-4ee4-aaf3-9c8e60d4726d/0,2026-05-26 07:29:08.311335,,89,Lưu kho
51a861565c75429b8b8936023350a7a9,HGFA00C8553C74EF4ACEA41E3E0A11973F9D,5.2 Deep Music.wav,,,2025-12-31 04:55:31.658379,,235,Tồn kho
cdee161f766b1c92760a621aba8ec746,HGFA00CA24572BB6444F825980B2EC83D431,Sultry Shores.mp3,QT2WN2402792,https://stock-admin.hgmedia.app/admin/resource/detail/00000000-0000-0000-0000-000000000000/audio/grid/b7e08b15-1a69-4d2a-9d5e-92f02eaaa7f7/0,2025-01-03 09:03:40.847764,,597,Tồn kho
2488c20758e1d1ead4d3a98c1eaf1bcf,HGFA00CA501A1D5D4A7BA6FFAD8C09053F62,Above-The-Mist_HGFA00CA501A1D5D4A7BA6FFAD8C09053F62.mp3,GX8KD2223195,https://stock-admin.hgmedia.app/admin/resource/detail/00000000-0000-0000-0000-000000000000/audio/grid/b9576348-7d6c-4e05-9724-8a218974fdd1/0,2022-11-02 10:19:20.811937,2025-02-25,1390,Sử dụng
6d8fc0b534e3ebdc110f55af0aa52ed1,HGFA00CAEB00B6AA4EB185B73168EA696237,Lost.mp3,,,2025-02-27 10:18:12.978297,,542,Tồn kho
71d35f189971489a2c5e4a8f33f0016d,HGFA00CB8832D1A048899CC3739E3F2B6FBD,"Die Meistersinger von Nürnberg, WWV 96 - Act III. Scenes 3-4-5.wav",,,2026-05-26 07:29:10.10856,,89,Tồn kho
de0f80a8b693d87e566028e69631c84b,HGFA00CC5D47BC9245E883C1118BD89827D5,01_Intro1_T_HGFA981828AFA07146D3BD202135650E4785.wav,,,2024-08-09 02:08:46.23801,,744,Tồn kho
09674fc1b7200f1467019e07b1eda713,HGFA00CD3578474742509648285FDC660BF7,Freedom-(Taito-Tikaro--Desum9-Dub)_HGFA00CD3578474742509648285FDC660BF7.mp3,,,2024-03-18 15:20:58.94501,,888,Tồn kho
85096cc2b676bbf88724f104580d07cf,HGFA00CD4C64EADF4550878AAB8CF59EEB52,Uncover-You-ft--Ilsey-(Chill-Mix)_HGFA5FA6386F4C4E4449A8DE3C9C1CC1EA03.wav,,,2024-08-09 05:00:18.079178,,744,Tồn kho
da629c175521aa3c9adaab10d5d4a0a3,HGFA00CE16FE427F436FB5AB8F8D3CA77A36,Lingered Quiet.mp3,QT2WN2402303,https://stock-admin.hgmedia.app/admin/resource/detail/00000000-0000-0000-0000-000000000000/audio/grid/4dfd5cc3-069b-4c10-81fe-bb770d37b39f/0,2024-12-14 03:45:17.635701,,617,Tồn kho
4ab9c64ea65926d8631c4158025aa537,HGFA00CE4AE40CC74C5A876CC1C1FABF190C,Harmony_HGFA03A5F387FDCB4A579389F4D4DA5DC002.wav,,,2024-08-09 00:38:33.398875,,744,Tồn kho
0294c90926326ccd3373477c706b1aa1,HGFA00CF212675534C11B4FBE23E634DB521,"Praeludium in D major, BuxWV 139m.wav",,,2026-06-04 02:28:06.060503,,80,Tồn kho
4f35d7ed2caf8efe4df1ebc88232ded2,HGFA00CF67E40F714E239441645C9B1C1172,Take-Our-Chances-(Original-Mix)_HGFA00CF67E40F714E239441645C9B1C1172.mp3,,https://stock-admin.hgmedia.app/admin/resource/detail/00000000-0000-0000-0000-000000000000/audio/grid/f7235370-9576-4c90-8b22-da46cd619972/0,2022-07-15 16:33:01.305547,2025-03-07,1500,Lưu kho
b1b9cb9e710eb4214802f01fb56d4231,HGFA00CF8DE4C9834C9DA04E5744EF3961C0,Nocturne No 2.wav,,https://stock-admin.hgmedia.app/admin/resource/detail/00000000-0000-0000-0000-000000000000/audio/grid/0eb09312-f8cd-4ae8-907e-d6c93a3a3eb7/0,2025-10-10 09:14:26.876564,,317,Tồn kho
a3b29b73994bdad7df525c12ba466ddb,HGFA00CFE466172944E3840C1FE458789A75,Better Off Gone.mp3,QT2WN2604976,https://stock-admin.hgmedia.app/admin/resource/detail/00000000-0000-0000-0000-000000000000/audio/grid/7e40891f-d56a-47ba-b8f1-2d4d69dd2371/0,2026-08-03 03:13:13.443654,,20,Tồn kho
c75977c3858bcecd40b7e90bb4f60b08,HGFA00D0829950F94EE78AEB7D81D509231C,"Carnival Overture, Op. 92  (For Military Band  - Herbert Lincoln Clarke).wav",,,2026-05-26 07:19:22.37899,,89,Tồn kho
8b15476b3c7615439bcb95075000e559,HGFA00D1CE556B0F47FBAD69985FA9018D66,ALL IM DREAMING OF_MP3.wav,,,2025-09-26 09:06:42.84272,,331,Tồn kho
924b7f95cbf0ba70fe455317b9f8c159,HGFA00D1CF9B5A154E4E92C79A11DD5301A8,Leave the Ground.mp3,QT2WN2504539,https://stock-admin.hgmedia.app/admin/resource/detail/00000000-0000-0000-0000-000000000000/audio/grid/e86b784f-b0f0-424c-9428-b2d3aebac126/0,2025-12-01 02:57:24.00682,,265,Tồn kho
9c00953141a6c058ec5fc01f649c9cef,HGFA00D2D0E2BD4747AE80E4A46253410035,NICCKO - The Dark.mp3,,,2024-11-29 09:18:19.157617,2025-02-27,632,Hàng nguội
0c722312f33ca5008c4f5a17e6856c1e,HGFA00D2ECEE518849FFB55B6A32A01D021D,Organ-51_HGFA00D2ECEE518849FFB55B6A32A01D021D.mp3,,https://stock-admin.hgmedia.app/admin/resource/detail/00000000-0000-0000-0000-000000000000/audio/grid/15096512-91e1-44a2-80fa-661dab55f241/0,2024-03-12 15:03:30.747148,,894,Tồn kho
b59c34f83ad75d35ae365d05dd86b49b,HGFA00D4A146842F465AAD70CEB0D67B3210,Imazee---Lost-on-You_HGFAD48E2BE841934F5DB4D2E73B89901283.wav,,,2025-05-21 08:14:06.215433,,459,Tồn kho
d121b101c2dabbd600467cdf6446aa6a,HGFA00D4B1383A8142939D66147615583CD6,My-Rules_HGFA00D4B1383A8142939D66147615583CD6.mp3,,https://stock-admin.hgmedia.app/admin/resource/detail/00000000-0000-0000-0000-000000000000/audio/grid/c0b996b3-b061-4b14-a231-da9a4c8a51ab/0,2022-08-25 11:59:55.092223,,1459,Tồn kho
e3f5535487a2772bcb2bf177ff9c1e1f,HGFA00D66870918B4121B4ED84D505E47EF5,,,,,,,Tồn kho
206ab1084140985cdc6557fcc5f4e34c,HGFA00D6A896858943CCAEAE0EBC77BB6266,2706-Lost in the Night.mp3,QT2WN2503993,https://stock-admin.hgmedia.app/admin/resource/detail/00000000-0000-0000-0000-000000000000/audio/grid/56f63142-72b3-48c8-b704-9405ef1cfc2c/0,2025-11-12 03:54:23.172567,2026-02-01,284,Hàng nguội
a3ef4a99477a4ea937359e134efb9bf6,HGFA00D6B4C9A2734FBEAF2197116B096AFF,BuddhaMini-48_HGFA699B4F61E5A84091AE0BDFC05631A676.wav,,,2024-11-22 19:53:01.898693,,639,Tồn kho
a8eeb4dad2644e5b2518131cf523a938,HGFA00D6C34D7F374E5F8A705AA5F931A910,Jingle Bells ft. Clara Nöel - Cristian Garcia.mp3,,,2024-11-27 07:43:50.772807,,634,Tồn kho
7b7e51a6970aacecc1002f43d709de25,HGFA00D6F63B89084060A66BACC845FC1CF6,Piano-Concerto-No--2-in-B-Flat-Major-Op--19-II--Adagio_HGFACF8BF481772C48A8865D9977ACFA11C8.wav,,,2024-08-09 09:49:10.227363,,744,Tồn kho
27cab473ea14b6b155e58637ce81cb26,HGFA00D71998AA1A4BA59FDA6E00EA363F33,Zazen_HGFAD043239FC4094C118F9E2AE3C487B296.wav,,,2024-08-09 07:18:59.825024,,744,Tồn kho
a2a8993885611b78e9107a0cea4ef3b4,HGFA00D95D0D9D5B47F0B60BA9503850F32F,Little Flower.mp3,QT2WN2501020,https://stock-admin.hgmedia.app/admin/resource/detail/00000000-0000-0000-0000-000000000000/audio/grid/cc9591ec-65b8-47ce-a9a7-3634f48586f4/0,2025-04-04 09:58:09.578336,,506,Tồn kho
8fd388720b663d827e38bb1d84fc80ff,HGFA00D9F7C00A4742A6B09E84339A5C3703,t 4 2,FR96X2190830,,,,,Tồn kho
ad891c254cefda0608b05f6f48fb955e,HGFA00DA84D436874DF08D3F5F90871DE1D3,First Hallway Crush.mp3,QT2WN2601201,https://stock-admin.hgmedia.app/admin/resource/detail/00000000-0000-0000-0000-000000000000/audio/grid/dede55cd-f986-479d-841e-0b39eb97c9a8/0,2026-03-23 10:06:54.401715,,153,Tồn kho
03053e4dd8fffbea935a61fd3ac96c9e,HGFA00DB4A7D236749E3980605AFD158DCC3,Chakra-Human-74-DOC_HGFA7C094840B4D94BBDA64AF8B82B3F1560.wav,,,2024-11-22 21:24:20.639217,,639,Tồn kho
699a79d58c5c20dee0059759fa820056,HGFA00DB7CC6D1D54E13890E812B5A64EFAA,Suns-And-Stars_HGFA00DB7CC6D1D54E13890E812B5A64EFAA.mp3,,https://stock-admin.hgmedia.app/admin/resource/detail/00000000-0000-0000-0000-000000000000/audio/grid/b0889f11-ec33-498b-af84-364241d27a2d/0,2023-09-13 16:15:58.534503,,1075,Lưu kho
8819c6b97137ca1fb67b48a28f0e68a4,HGFA00DC2254F39A44E89F86C69CC8A10145,,,,,,,Tồn kho
e8f40184a56a9b1a9e8594156ac26af0,HGFA00DC8100AE31485886A735C88618CEDE,Photo_HGFA00DC8100AE31485886A735C88618CEDE.mp3,,https://stock-admin.hgmedia.app/admin/resource/detail/00000000-0000-0000-0000-000000000000/audio/grid/d28652b9-695e-414d-86f2-70e99a6f5f86/0,2023-06-26 18:57:34.054747,,1154,Tồn kho
1809818e65fa5853e037e334cd88a9ba,HGFA00DCC211F673482DAB5A27886A920E9D,We Don't Have to Take Our Clothes Off.wav,QT2WN2604067,https://stock-admin.hgmedia.app/admin/resource/detail/00000000-0000-0000-0000-000000000000/audio/grid/ffe7ccc3-9cd0-46d8-a9cd-9ff7703ceac8/0,2026-08-10 02:33:53.417847,,13,Lưu kho
3de742a3e65529f320a66dbdac26ec0a,HGFA00DDBF472EA3442C9724F5D6BBB321A9,Eclipse Pulse.wav,,,2025-01-17 06:07:33.878384,,583,Tồn kho
f2e754c80690912a60fa2b799bc444cb,HGFA00DEDFE75AB644229A061EE33EC925A2,"T1-Nothing Stays, We Do.mp3",QT2WN2600246,https://stock-admin.hgmedia.app/admin/resource/detail/00000000-0000-0000-0000-000000000000/audio/grid/fc7d582e-8373-4399-9e07-3f6213c32847/0,2026-01-22 08:39:04.542353,,213,Tồn kho
2fce040a889c0c2ca19559cc2653fec0,HGFA00DF4703D7D1492B9CA22D0503B1F5F5,Last-Christmas_HGFA1F5CF452246B4BFB93F1119833AE32DA.wav,,,2024-08-09 01:13:08.225969,,744,Tồn kho
1d772c561b68c2bbe4012d061470a9c5,HGFA00DFCD85EEF648BD8653A2B77680CCDF,piano soothing (34).mp3,,,2025-01-17 06:48:42.14771,,583,Tồn kho
22ae276a10069cae8980183aa146f5f0,HGFA00DFDA0E6BA746ECBFD281ED53233B77,7 Years.mp3,,,2026-07-29 11:28:19.068151,,25,Tồn kho
fddb0b5ce295cc0a0f5bcef0e1657850,HGFA00E03C5226E4485FA082E34E947B9FE2,bd84b2dd-9bab-4b9e-b9b9-7ad448473a32_HGFACEF314BCE36D49FABE7519676ED3986B.wav,,,2024-11-22 17:06:22.478859,,639,Tồn kho
342f5bb4ac8d7de25b8811baf25da6ef,HGFA00E07D715A794AF58F64697534F555C8,Like-the-Wind_HGFA00E07D715A794AF58F64697534F555C8.mp3,,https://stock-admin.hgmedia.app/admin/resource/detail/00000000-0000-0000-0000-000000000000/audio/grid/36a21914-bcd0-4061-a772-cc628d3cee34/0,2022-05-19 09:14:37.434973,2025-02-28,1557,Sử dụng
07aaeb5a8957723264ce0db4e437db16,HGFA00E0D77FCE2948D59B949D0CE868E169,One-More-Night-(Official-Video)_HGFA0063414D5403449BA280DF8C28F940ED.wav,,,2024-08-09 00:46:01.446493,,744,Tồn kho
a9b685dcb041d07eed8f5182a0208352,HGFA00E0DF65ED9546A4A63E6B12C4803A0D,Space Rain (Bản Fix).mp3,,,2025-06-11 09:44:16.399891,,438,Tồn kho
08514212acf718cf96694e2ef9e17ff5,HGFA00E21E4703584853ADAAD9A7E479ED1A,Borrowed Names.wav,,,2025-06-23 07:41:00.91278,,426,Tồn kho
b22f8d72b926503415092f48605a5b7f,HGFA00E21F5CC4564948A177E1F52C0BE7C3,Silanena-(Dani-Masi-Mix)(2)_HGFA00E21F5CC4564948A177E1F52C0BE7C3.mp3,,https://stock-admin.hgmedia.app/admin/resource/detail/00000000-0000-0000-0000-000000000000/audio/grid/7e338167-5b5d-48d2-a74d-368b71d61709/0,2024-03-22 16:40:37.106897,,884,Lưu kho
bc0af643d21819a54ddab53f736ba0e8,HGFA00E37735D604417EA3EB1462D5F50396,14dbad05-b839-45fc-bc13-353bcc436ce7_HGFA919204D3CB884A59AB6870F2A756A5D1.wav,,,2024-11-22 16:56:18.806805,,639,Tồn kho
aa263d4dda90d996df377f7e75c31a1e,HGFA00E3A259611A42AFA634F32A689B8A26,Every-Teardrop-(Official-Audio)-#indiedance-#electropop_HGFA0A98BAD014304583A5972F02423498AC.wav,,,2024-08-09 00:33:53.059686,,744,Tồn kho
c8b869297f44df2bdc9e7a4632bd9994,HGFA00E3E9E10C194F2C8336526EDDEBBAFC,Serenade in the Breeze.mp3,QT2WN2501168,https://stock-admin.hgmedia.app/admin/resource/detail/00000000-0000-0000-0000-000000000000/audio/grid/e7369535-9715-4aed-9c6a-92ab61a5f9c9/0,2025-04-15 02:07:31.375187,,495,Tồn kho
ee58aab77f46c8d517468fe5f86f60eb,HGFA00E4100B4D224304A28674D686D84234,Jazz-BarLougne-09_HGFA00E4100B4D224304A28674D686D84234.mp3,,https://stock-admin.hgmedia.app/admin/resource/detail/00000000-0000-0000-0000-000000000000/audio/grid/0c65347c-5903-44af-bccb-dc50019262ed/0,2024-03-06 15:34:59.261707,,900,Tồn kho
065ecf87f4961b0cf077f9bc54ab6acc,HGFA00E4716F7F7E4EBC9852EA02B4E88E7E,(Blooming-Lotus-(with-piano)-Calm-Mind-(With-melody))_HGFA75242109EB0A45868C23E0A1D5592E9B.wav,,,2024-11-28 09:21:34.264697,,633,Tồn kho
3b03b58a9f8921a3deee4413ff541751,HGFA00E4EF9CCAFD44EC83C2A4958792A925,Lost-City-(IseoDodosound)-(Original-Mix)_HGFA00E4EF9CCAFD44EC83C2A4958792A925.mp3,,https://stock-admin.hgmedia.app/admin/resource/detail/00000000-0000-0000-0000-000000000000/audio/grid/6b538bee-bb46-4cd3-8ee2-3efe586cc722/0,2024-05-10 16:35:07.505235,,835,Tồn kho
f8decf4a49840f01dc45dc99b5c3e6a1,HGFA00E50775EAD2410E9C53B1605F84E625,PTC5186808_01_06_Brahms Clarinet Sonata 1 I Allegro appassionato.mp3,,,2026-04-06 16:13:13.315031,,139,Tồn kho
8aee801710e6aaa3eebc5ac5769622b4,HGFA00E70817F446481186CFD1F5E2EE5558,We Need A Little Christmas - Lofi Version (MASTER Mp3).wav,,,2024-09-19 04:45:43.875089,,703,Tồn kho
fc8930dc4fd9f2395314ebfde3e8820c,HGFA00E8564809AF4995BB27B314BA380E74,Piano-Sonata-No--13-in-B-Flat-Major-K--333-I--Allegro_HGFA797CDC8544A644D2A103D124013BC9F9.wav,,,2024-08-09 06:44:21.063473,,744,Tồn kho
f53717bc4e28792d94266f7237131484,HGFA00E8E0DB98474058B01346E9C0690F4B,Afterlight.wav,,,2024-12-14 03:45:32.840661,,617,Tồn kho
7445c8613599432e3cef0a4b59937d06,HGFA00E92556A036423C9E0BFACEB9A738F6,Summer Groove.mp3,QT2WN2404324,https://stock-admin.hgmedia.app/admin/resource/detail/00000000-0000-0000-0000-000000000000/audio/grid/9b52917e-aa0e-47f0-99fe-755fa01e243b/0,2025-01-24 02:26:34.54457,,576,Tồn kho
0a3b6df68a3a7df355c950b8245a376c,HGFA00E9DBD513424D14AE090A0ADD9F0139,"Keyboard Sonata in D minor, K.52.mp3",,https://stock-admin.hgmedia.app/admin/resource/detail/00000000-0000-0000-0000-000000000000/audio/grid/5893d618-e1bd-4fad-9700-91686c2ee0d0/0,2026-05-26 08:13:50.895798,,89,Lưu kho
4ef62086a11e63b887289b946fcba27f,HGFA00E9E52B50F64E18929AAB6A8B539338,You Restore Me (Mastered).mp3,QT2WN2601096,https://stock-admin.hgmedia.app/admin/resource/detail/00000000-0000-0000-0000-000000000000/audio/grid/aceb0ce9-30c3-42ad-8a58-9e0154f7339f/0,2026-03-19 04:52:02.992325,,157,Tồn kho
416bf0edb409dcbdf7fa3090390afd20,HGFA00EA40AE346747EA8B707805EC62232A,e645c86c-8ab4-4791-850c-e023dad3d0c3_HGFA4738B8A7803943F08159A458B08D2E36.wav,,,2024-11-25 09:00:12.679577,,636,Tồn kho
2a6791b3d3fd6f172ae23a61f1c003eb,HGFA00EAF20369294C7C9452772CF5A97B94,Leaves-Fall_HGFA2FF84337BD8E4113A3B4606F583D6A12.wav,,,2024-08-09 02:53:37.145926,,744,Tồn kho
da2f5f06d0b7e10718fa4225af4a6ca5,HGFA00EB3F0471264EDAA13EEA2D8A912781,The After-Hours Alibi.wav,QT2WN2603289,https://stock-admin.hgmedia.app/admin/resource/detail/00000000-0000-0000-0000-000000000000/audio/grid/a8270997-1c34-45b2-bca3-2ac15a25df7c/0,2026-07-13 10:05:27.672856,,41,Lưu kho
ffa9a184d061a15415d744bf43bdc03d,HGFA00EC085EB2E34CD391307EC214E0FBBC,Baby-Lights_HGFA00EC085EB2E34CD391307EC214E0FBBC.mp3,,https://stock-admin.hgmedia.app/admin/resource/detail/00000000-0000-0000-0000-000000000000/audio/grid/41dcda36-9cfb-48f2-8fe3-cb53d81f95d7/0,2024-05-04 14:43:39.592341,,841,Tồn kho
b82daccca970d8145a875848bf999aa1,HGFA00ED022EC63A4729ADB7599B2FA7773E,Lost Letters.mp3,QT2WN2501527,https://stock-admin.hgmedia.app/admin/resource/detail/00000000-0000-0000-0000-000000000000/audio/grid/0a907626-bdfb-41a5-b860-2c26e52bbec3/0,2025-05-15 02:29:30.560097,,465,Tồn kho
435d07df7e30aa761d69877dcf8a210d,HGFA00EDA785913B435BA1F283908941A2BA,PTC5186568_01_10_Fantasies Op 116 No 5 Intermezzo.wav,NLE421502710,https://stock-admin.hgmedia.app/admin/resource/detail/00000000-0000-0000-0000-000000000000/audio/grid/7e52507b-011d-4c57-8891-0a5712136d2b/0,2026-04-07 03:07:56.342843,,138,Lưu kho
a778d21491e9ad98ffd2f2f180857f21,HGFA00EEC1A7C4E347D598BC707A66473FF2,Ashen Requiem.wav,,,2025-01-03 02:29:33.112139,,597,Tồn kho
79e8ccde31805764ee4c6bc3a0cec77f,HGFA00EEDE60441E4D98BFD26B543BDCFAB2,Dancing in the Rain.mp3,QT2WN2603136,https://stock-admin.hgmedia.app/admin/resource/detail/00000000-0000-0000-0000-000000000000/audio/grid/1d989db9-1eda-48a5-8388-4be3496a4555/0,2026-07-02 04:31:20.550525,,52,Tồn kho
ce7ee4376ee9bbd3574f19bad49d2b29,HGFA00EF4402659B46B89DE97EC85EFA3A52,Next to Me.wav,,,2025-11-11 03:57:53.576311,,285,Tồn kho
5a0c5eaa114df69d28eb41b6639f16db,HGFA00EFCDB49E3249869D5290D42107AB3B,Afterlight (Ver 2) (Mastered) (Khôi).mp3,QT2WN2503693,https://stock-admin.hgmedia.app/admin/resource/detail/00000000-0000-0000-0000-000000000000/audio/grid/186b82eb-9a82-470e-abb5-b693b25a6c22/0,2025-11-03 03:29:31.961648,2025-12-01,293,Hàng nguội
4a9d6eab4b128712274e65c7ebda269a,HGFA00F0B8ED0EF8479486A7E0CA726B061F,This-Meditation-(Main-Track)_HGFA00F0B8ED0EF8479486A7E0CA726B061F.mp3,,https://stock-admin.hgmedia.app/admin/resource/detail/00000000-0000-0000-0000-000000000000/audio/grid/523abd9c-34fa-4c82-ad19-97dfb325b517/0,2022-07-02 20:33:41.022976,2025-10-28,1513,Hàng nguội
5a9cc2f2135f53a99359c5c4e84e408e,HGFA00F0EA3DD02E406782F21619DB628B81,"PTC5186408_01_14_Wagner Siegfried, Act 1 Verfluchtes Licht.wav",NLE421300114,https://stock-admin.hgmedia.app/admin/resource/detail/00000000-0000-0000-0000-000000000000/audio/grid/27efc4fb-46c7-480d-acb2-de6af66ed134/0,2026-04-07 05:58:25.76172,,138,Lưu kho
414d9da4fe81aa94851c4a33623179a7,HGFA00F1AB4626EE432D9336426E3FE97698,Someday's End.mp3,QT2WN2600797,https://stock-admin.hgmedia.app/admin/resource/detail/00000000-0000-0000-0000-000000000000/audio/grid/254394ad-ec25-45df-b978-ad62086765cc/0,2026-02-28 04:31:29.061623,,176,Tồn kho
9ca690598acf647195866add67b837a5,HGFA00F2158D94F54993AE794F9F645E17CF,Florence Beats Groups - Echoes of the Horizon.wav,,https://stock-admin.hgmedia.app/admin/resource/detail/00000000-0000-0000-0000-000000000000/audio/grid/dd968daf-d414-422a-b9b3-18ea9d786831/0,2024-09-24 02:42:21.47021,,698,Lưu kho
b8483d5d803b44b5f82bf0260a1ee7a7,HGFA00F28654896F4071942EE242011FB197,Girl-Anime-Rain-Pick-36_HGFA2F2FC6D172A44967B76BDDB45E0CC190.wav,,,2024-11-23 12:15:25.677543,,638,Tồn kho
62b971253a3833f098815e3aaa46f5b8,HGFA00F29B11208C492197245119AE69C28E,Jazz-Study-Work-83_HGFA89EEE3BF4D704C67BADB489F74B32245.wav,,,2024-11-22 13:33:02.208249,,639,Tồn kho
7768c118e45ab4428764f9b8799297d9,HGFA00F2EBB9E2314C79B5FEAEFAD3FC7255,Hope - MASTER.mp3,QT2WN2600592,https://stock-admin.hgmedia.app/admin/resource/detail/00000000-0000-0000-0000-000000000000/audio/grid/12927949-529b-4dcc-9679-ead581ba15f2/0,2026-02-11 08:48:10.606653,2026-03-14,193,Hàng nguội
987bd739887545d238e97a3d80013269,HGFA00F32295A2AB407D9BEF5FBDA50C9730,Chosen Constraint.mp3,QT2WN2601899,https://stock-admin.hgmedia.app/admin/resource/detail/00000000-0000-0000-0000-000000000000/audio/grid/7ce13639-0824-4b36-9cd2-ae3761c2f3ae/0,2026-05-11 08:03:19.995871,2026-05-17,104,Hàng nguội
282e4adb4eb1c74856da9377714a8329,HGFA00F4BF4C517343868FEC02FC58826169,Sunrise Again.mp3,QT2WN2603154,https://stock-admin.hgmedia.app/admin/resource/detail/00000000-0000-0000-0000-000000000000/audio/grid/86f25deb-e1b5-4f50-be9c-4acbf39d3355/0,2026-07-02 04:32:17.735747,,52,Tồn kho
f13ce6d981b8b0aa3384986fc2eabfa6,HGFA00F512EB7C3349F89865BE5C0A9E2791,Echoes from the Blue Sky (Rachmaninoff).wav,,,2026-08-20 08:19:01.248877,,3,Tồn kho
59c1087aaee8575555074610f550a01a,HGFA00F525F146AF47538628794DFD1DE50C,6b5e0f3a-b3b6-42c9-a6f9-5d1d7916a627_HGFA3CA83D7967B7498D882137205C2166B8.wav,,,2024-11-25 08:45:18.729509,,636,Tồn kho
40754c50d8c63dd350e1cf75ef8670a5,HGFA00F55F24547446CF9AC6D23AEC38ADD6,I-Saw-Mommy-Kissing-Santa-Claus_HGFA9B68E7E93BAC46BF87C8C667A6F04C93.wav,,,2024-08-09 09:08:10.202601,,744,Tồn kho
2999acc05212b6508daa17012947ae21,HGFA00F5B4089A1D444E81C37BD570AD116B,"Symphony No. 4 in A Major 'Italian', Op. 90 - IV. Saltarello.mp3",,https://stock-admin.hgmedia.app/admin/resource/detail/00000000-0000-0000-0000-000000000000/audio/grid/4771f7f5-118d-435c-9445-765f0aed1720/0,2026-05-26 08:57:02.263922,,89,Lưu kho
810a2944ccc6fb3ac4edeb2f0ffafce4,HGFA00F62BCD04C5442D9465810257FA41C6,Y-M-C-A-_HGFA00F62BCD04C5442D9465810257FA41C6.mp3,,https://stock-admin.hgmedia.app/admin/resource/detail/00000000-0000-0000-0000-000000000000/audio/grid/543635ef-3909-4cc1-8842-243a58bc181d/0,2024-03-22 16:16:19.390092,,884,Lưu kho
a5bd8b64f8bea208f0180cd56d54c4f7,HGFA00F712B56DDF4D1AAAF6B84291D43F1A,Cloudy.wav,,,2024-11-07 08:31:07.979993,,654,Tồn kho
29f8b6df477230e774b4e0c54c02021b,HGFA00F784FCC29C48DD84AF94B4E245FC60,ZOOM0001.mp3,,,2026-06-03 08:24:28.101544,,81,Tồn kho
c0407f14e39a365c8c784b246da1592c,HGFA00F7EB6293004CF8BA6A6E30F8B01DC9,Dewdrop Nocturne.wav,,,2025-07-07 07:56:12.838598,,412,Tồn kho
c124332fe091f9db21f5ef25b8638d0d,HGFA00FAAACE38D64098B8C9EF456404B0B2,Für-Elise_HGFADC11FEB225EB4F3BA3F7744403F3CDBE.wav,,,2024-08-09 09:51:40.841345,,744,Tồn kho
a2b8c5eb869eb37964178f0feafb8623,HGFA00FD888A262041E4B811C41BEFDB2606,Part 1.mp3,,https://stock-admin.hgmedia.app/admin/resource/detail/00000000-0000-0000-0000-000000000000/audio/grid/ab049ae7-291a-4ede-8fb6-6c8c3897197d/0,2026-05-26 08:39:56.602103,,89,Lưu kho
7e4c698b037d06b4f123ccfc1e6c8507,HGFA010194D89978461B80D9D16435F3852B,PTC5186640_02_26_Tchaikovsky Swan Lake ACT 4 No 29 Scene finale.mp3,,,2026-04-07 03:25:46.467067,,138,Tồn kho
a43e779601a419258b431ca9f6da27a9,HGFA0101A72C124344A4BE7D0E5C7E523F7B,Cosmic-information-(Original-Mix)_HGFA0101A72C124344A4BE7D0E5C7E523F7B.mp3,,https://stock-admin.hgmedia.app/admin/resource/detail/00000000-0000-0000-0000-000000000000/audio/grid/0697cba5-a205-4c40-a14d-e9bcfb88f5bf/0,2024-05-10 16:26:35.761911,,835,Tồn kho
add9edb2e3e615475cc812625adf7b8c,HGFA01030089F64D4E909F661064F311C0FB,Dance_HGFA5A559E8817A64903A2DD65E626DD08A9.mp3,,,2025-08-23 08:11:30.099832,,365,Tồn kho
2247243c52d5557b68e5b62255ed6386,HGFA0103278D29734D7F90C44189B5589A24,Jesus Paid It All.wav,,,2025-01-09 10:03:53.288309,,591,Tồn kho
6b09609cd0196fd8f71c3a333a8f0ab4,HGFA010375485237410EAF41D810AB35B3BA,Chillout Inspire Technology Short.mp3,,https://stock-admin.hgmedia.app/admin/resource/detail/00000000-0000-0000-0000-000000000000/audio/grid/a7051dc4-83d0-4028-8293-84bb9c71cc19/0,2025-09-23 18:51:12.479551,,334,Tồn kho
3f2acfbaf217ab7901cf9788c288e723,HGFA0103B2774CC441A2AC4F34A943115BC6,8dcc1d54-9ebe-4235-bde9-e9906569b6a9_HGFA822638E4B530455FA29CB3845FF2ED29.wav,,,2024-11-22 13:45:40.565141,,639,Tồn kho
32914b87cada2cae8f7b7a7011e50e6f,HGFA01062685326C455F8A9849BEE8F50479,Training season edm final 2.mp3,QT2WN2400142,https://stock-admin.hgmedia.app/admin/resource/detail/00000000-0000-0000-0000-000000000000/audio/grid/e1b7a1db-9e7e-4804-9938-0629326d4309/0,2024-10-10 03:08:22.3992,,682,Lưu kho
8756799496d2daa64daf49025816b065,HGFA01069A2C89704CB9AD0DE2D350ABDA40,,,,,,,Tồn kho
e9f2d41eb97b8aaaaaa85ac52c72b0e8,HGFA0106EDA9B7E04D0BAE4CE7CED8888DA8,Save-Me-(Official-Audio)-｜-#ElectroPop-#Lofi_HGFA0106EDA9B7E04D0BAE4CE7CED8888DA8.mp3,,https://stock-admin.hgmedia.app/admin/resource/detail/00000000-0000-0000-0000-000000000000/audio/grid/9fc96ad0-38e5-4ff2-b83e-c1b0c8ed8408/0,2024-03-18 11:03:22.147005,,888,Lưu kho
e96339d47b3a56a897c4522986c6f40c,HGFA0107987284A94F3C9303EB1A739E43BD,HG Mix 10.mp3,,https://stock-admin.hgmedia.app/admin/resource/detail/00000000-0000-0000-0000-000000000000/audio/grid/2e9c30ac-0a04-414b-a0ba-72ab9a692ef6/0,2024-10-01 09:21:57.399623,,691,Lưu kho
59405b6bd24bddb363299b275336c12a,HGFA01087722DC144CEDA9814FCA71FC96CB,The Boar’s Head Carol ft. Clara Nöel - Baltasar Carey.wav,,https://stock-admin.hgmedia.app/admin/resource/detail/00000000-0000-0000-0000-000000000000/audio/grid/c0b3268e-0f47-4441-ab63-3adccc2a7590/0,2024-11-27 07:44:14.713007,,634,Lưu kho
4c08c8db4250912cebd9df434d0a3242,HGFA010991E270624030A306DE5ED91AF264,On-My-Own-(Original-Mix)_HGFA55E9A140CBFD4A6098B1FB0102DA6A7D.wav,,,2024-08-09 02:57:19.371005,,744,Tồn kho
8b705d4aea07d861fdf2ba273d9b66f8,HGFA010A934DE5924131801D4A7D32A4A501,Hold Me Close.wav,,,2025-10-01 07:57:49.727322,,326,Tồn kho
d0bc7cbb49e08a3b17a00955fc5995f0,HGFA010AAB1419FD428F8481E8A6C68E5C0F,Canopy_HGFA010AAB1419FD428F8481E8A6C68E5C0F.mp3,GX89G2206858,https://stock-admin.hgmedia.app/admin/resource/detail/00000000-0000-0000-0000-000000000000/audio/grid/a910587e-b8f1-456e-9f81-1e08609c4c21/0,2022-09-15 16:27:26.870422,2025-02-24,1438,Sử dụng
71f2d8a2c6966698f1a3d696c48b1aee,HGFA010AD157C09D4993884B962B5040B38B,Memory-Lane_HGFA9287661EB2F24DC8A6AFBD7F2FE98D7D.wav,,,2024-08-09 06:22:01.261946,,744,Tồn kho
ba0f0d6711eb14af94453d4a8948c2e0,HGFA010BBB81BCDE4A51B551A23B2B3D8556,Long Night.mp3,QT2WN2603132,https://stock-admin.hgmedia.app/admin/resource/detail/00000000-0000-0000-0000-000000000000/audio/grid/e54afe52-8f2e-466a-bf99-504c8861136b/0,2026-07-02 04:31:30.023564,,52,Tồn kho
406368920ac05a9a003cca8d2ae9d9b5,HGFA010C74BD6C3C4321A48BBA165A101E19,f7606350-e173-4a0b-8559-8f8770e22013_HGFADF0618D1D45B4A4297079CFD176459DC.wav,,,2024-11-25 09:00:28.975761,,636,Tồn kho
a8776d9633cfe95e161cf4d137d98938,HGFA010C7527206F4EFE83745CFD1A96C85D,De-Cartier_HGFA34AA9E5F63A8470F97F3AFD12761648A.wav,,,2024-08-09 02:34:31.631457,,744,Tồn kho
9411d372f8e19620cc1cab0cd579de00,HGFA010D66870ACD44BEA3376675488FFA00,Love Is a Bioluminescent Wave,FR96X2156996,,,,,Tồn kho
8a5ecf255fc02fd80bc55a2395c2c742,HGFA010D94F492534AAFAE2238D3B02DBAA4,The Forsaken Path.mp3,QT2WN2403689,https://stock-admin.hgmedia.app/admin/resource/detail/00000000-0000-0000-0000-000000000000/audio/grid/ff6ea571-73f9-4fac-bba1-a18da4463f3b/0,2025-01-08 03:54:02.105201,,592,Tồn kho
9018919e0365723fab2ebe3353b07edf,HGFA010DD4EE02BF4AEEB5531D79E9D1A351,Castle-In-The-Sky-(Kimi-wo-Nosete)_HGFA010DD4EE02BF4AEEB5531D79E9D1A351.mp3,GX8KD2470984,https://stock-admin.hgmedia.app/admin/resource/detail/00000000-0000-0000-0000-000000000000/audio/grid/d6e37048-c10c-4f91-8591-eac76a7b019c/0,2024-03-08 16:13:20.406964,2025-02-23,898,Hàng nguội
06854a892f509512d6326290b63bb23a,HGFA010EC61FF9D44087ADDFD3C2D55717C2,Esa-Nena-(Robi-Rob_s-Boriqua-Anthem)(4)_HGFA92A014B0BB7D4A0C995881204B0BEFC9.wav,,,2024-08-09 06:42:33.069663,,744,Tồn kho
e7388dbf7df6a3ca007a08d5cb25cb1d,HGFA0110D831ED684C36BAB3CDA62267BD4E,untitled - Maybe My Boyfriend.mp3,,,2025-01-07 07:47:02.260107,,593,Tồn kho
f5f8dd8b6eb9fc4b35041e59be5b03ac,HGFA01112781EAAA4D89AACC42F757429490,Tchaikovsky The Seasons May.wav,,https://stock-admin.hgmedia.app/admin/resource/detail/00000000-0000-0000-0000-000000000000/audio/grid/9c31e0a1-34cf-4d2f-8fb4-13b16e290c34/0,2025-08-13 09:44:47.053469,,375,Tồn kho
3455ed8e0875313d8874d70f1cfe6ed0,HGFA01113B094FAD4217A8725711C14D5BD8,Golden Hours.mp3,,,2026-07-10 17:40:37.583413,,44,Tồn kho
e333bebe3d29f734ec3f4b377724a34c,HGFA01113E7B5E794420A5653F40FD1A2856,Feels-Like-Home_HGFA01113E7B5E794420A5653F40FD1A2856.mp3,,https://stock-admin.hgmedia.app/admin/resource/detail/00000000-0000-0000-0000-000000000000/audio/grid/49879c51-9a34-4895-9e7e-b66ef0b77cbf/0,2022-10-19 15:31:27.961978,,1404,Tồn kho
dfda9a887df12caed9c1ddc7b853c129,HGFA011148A640314F67942D818298EDC515,"PTC5186084_01_02_Shostakovich Symphony No 8, Allegretto.wav",NLE420502002,https://stock-admin.hgmedia.app/admin/resource/detail/00000000-0000-0000-0000-000000000000/audio/grid/0ca30429-fda6-4ed8-b2a5-34ddd3ae84c3/0,2026-04-07 11:18:06.89595,,138,Lưu kho
63830d653c8d9c2b0e64a9d96b84fe60,HGFA0111C5F0DC1F4DECBE2C3D042CE1E88D,Shape-of-Your-Breathing-(528-Hz)_HGFABA2064FA59194A85A5D63BE717802850.wav,,,2024-08-09 08:53:26.683092,,744,Tồn kho
c5f4ace280607c9794053e5797a15d63,HGFA0111F951AAF74358BD138A27A8D68BBA,Just Liev - Enternity.mp3,,https://stock-admin.hgmedia.app/admin/resource/detail/00000000-0000-0000-0000-000000000000/audio/grid/d02b18b2-3f04-43c5-a906-65c5e4fd844c/0,2024-10-17 10:25:47.07912,,675,Tồn kho
8a1ff35f26a3914d2979df2b8b83dade,HGFA0111FD3FB35C4298A65DADFD69C4D920,Mangrove_HGFA33C39CD3BB6846789059549D114FE759.wav,,,2024-08-09 03:17:58.26706,,744,Tồn kho
1ffc9835787c18fff40989de0ecf1780,HGFA0112AB7F40FE4C1EAF02B79602439A2E,First Morning.mp3,,,2026-05-30 15:06:42.209234,,85,Tồn kho
432ad580f4bd4fcb17a57ed7e63c71d3,HGFA0112D38635B5487A8192A4CC27DDCC9B,Pause and Drift.mp3,,,2025-08-23 08:25:19.678847,,365,Tồn kho
bb2371b74cdf3e8000caf102e5f3fe55,HGFA01133036D15A4AACB6AB53365127BD93,OPEN SEA - MASTER.wav,,,2026-02-11 09:29:26.396273,,193,Tồn kho
8bd00c25be25ebef08bca6a8d313593a,HGFA01156359DCC046668904FD3FD976661B,"Nocturne in E-flat Major, Op. 9, No. 2.mp3",QT2WN2400931,https://stock-admin.hgmedia.app/admin/resource/detail/00000000-0000-0000-0000-000000000000/audio/grid/4e0efa90-9df6-4ea4-aeec-c1e1358c4cfe/0,2024-10-12 10:45:24.792313,2025-03-20,680,Hàng nguội
79b720325da22ba419c34705e459e684,HGFA01159C6C08EA4AB2B2D9527D43BF5F66,23 - Die Nebensonnen.mp3,,https://stock-admin.hgmedia.app/admin/resource/detail/00000000-0000-0000-0000-000000000000/audio/grid/f3c89adf-9703-42bd-bfec-c93830a84646/0,2026-05-26 07:14:48.524314,,89,Lưu kho
91b96ca699d112289f2873e3a0511cef,HGFA0115B1066F354995A9E405A56EC265D4,Motion.mp3,,,2025-02-27 07:26:10.254443,,542,Tồn kho
e1c22a11c07a524a323bcf50a9d4dcaa,HGFA0115BB1A970D42259C3F9D5CDF00C695,Everything You Do.wav,,,2026-03-19 04:03:02.480503,,157,Tồn kho
84b3447a71d521f36519dc7b81151a5d,HGFA011643B2F2F44AEA8970C2C4525D5739,Pais-Petit_HGFAFD0189BE01FD4ECFB34DDD2F6F844917.wav,,,2024-08-09 15:15:22.076511,,744,Tồn kho
f2606bf49f3c977b2fcea67f7b7257f3,HGFA0117CBBB1E854D5BBC0ABD7DE54DE79D,532e0978-5c99-4ec3-9399-ef3e976b79f8_HGFA0117CBBB1E854D5BBC0ABD7DE54DE79D.mp3,,,2024-08-13 08:43:08.572814,,740,Tồn kho
dccfe07b1b2240f409e51c526ca1f742,HGFA011819BF35064A778B6F8CFDE7C3E4F8,Harmonic Glow.wav,,,2025-01-03 09:02:26.300336,,597,Tồn kho
89ed57dd7ec6c4900d04ac561ba082f0,HGFA0118572B9FF042189BEE3DA825667535,PTC5186749_01_11_Paris Quartet no 3 G Major TWV 43 G4 II Legerement.mp3,,,2026-04-06 16:46:09.679215,,139,Tồn kho
89385e67b2dc923d0f51b89aad8ab94b,HGFA0118DA7649744CCBB5C5E069665459FC,December-Melody_HGFA0118DA7649744CCBB5C5E069665459FC.mp3,GX8KD2204599,https://stock-admin.hgmedia.app/admin/resource/detail/00000000-0000-0000-0000-000000000000/audio/grid/cdc5dde1-67ef-472a-b517-652031b3e568/0,2022-10-13 16:53:16.503571,2025-02-25,1410,Hàng nguội
48260c13ead52c3bb978ee1306cd11e4,HGFA0118E08083144A50ABAC199D8EB65966,Symphony.mp3,QT2WN2500804,https://stock-admin.hgmedia.app/admin/resource/detail/00000000-0000-0000-0000-000000000000/audio/grid/5132dddd-e286-4d5e-a901-009d0e783a98/0,2025-02-24 02:59:00.694896,,545,Tồn kho
64b775ab22c6bc12a468b9770841c098,HGFA0118E31C7F1F4540B59EEBA07B808C8F,,,,,,,Tồn kho
c9606b1ce259b7b2e9fdc69b2b28af25,HGFA01190803224A48CEBB0573CA279C30EC,Save-For-Me_HGFA594B3C071BD84DFFB8AD37BDC1298A36.mp3,,,2025-08-23 08:05:55.459064,,365,Tồn kho
d046c498b9c7adf592c700e59f0a7433,HGFA0119DD6E06E1445F8A1E8B7578BA632D,FUJI,NULL,,,,,Tồn kho
11e74bd5af3d8e1ce0b8b0d727110fe9,HGFA0119F1503ED5498E848CCD4E1388851D,"PTC5186349_01_03_Stravinsky Monumentum, Belta poi che t'assenti.mp3",,,2026-04-07 10:15:33.606093,,138,Tồn kho
aa8b2738d30c356d4e319c0bbb8aa583,HGFA011A40EBA13C4F63AB156C215301B882,,,,,,,Tồn kho
cc632985400f2e44478f90eb9c80c6f4,HGFA011A6B89B5714277A7CF891BEA718702,Shimmer (Hậu kỳ).wav,,,2025-12-31 04:57:31.27096,,235,Tồn kho
b480534626781b571fe06babc723f976,HGFA011A818727A24B06A3460370621ED8E4,f915e34e-df52-4168-9770-dbb04a7eb036_HGFA6EB5BA0C85954B6191C1087A59B1F889.wav,,,2024-11-27 09:16:02.58865,,634,Tồn kho
05e2560a415550a4fc4c62e738f016a0,HGFA011AAF5BE777420CBB97037249E5324C,Hosanna (Cover) (Mastered).wav,,,2026-05-19 09:51:04.747172,,96,Tồn kho
8698b5e194b45e584797164a370b46ab,HGFA011B19FD94544848B9FC4389EF426564,Hold-Me-Down_HGFAC74AA6DB45804E1AA0C314D6474DD43A.wav,,,2024-08-09 08:33:25.144671,,744,Tồn kho
5db12a1b0a967077e3db2b7e45a22be8,HGFA011B4FD1E9B64F3A941D163F5D0CAD6F,Cozy at Home.wav,,,2026-06-02 02:04:29.25706,,82,Tồn kho
158dafe6ad5eb91969aa186752c2429d,HGFA011B50486E4247E48795FE68EF940CFD,spotifydown.com - Double Rainbow.mp3,QZTAS2449450,https://stock-admin.hgmedia.app/admin/resource/detail/00000000-0000-0000-0000-000000000000/audio/grid/b6c5ec0f-b397-478e-82fd-84b7042a1945/0,2024-08-13 07:20:45.94138,2025-02-27,740,Hàng nguội
f900a3a9833de8faabce92f913dd1af7,HGFA011B5BEAD4F14ADAB15E2616C24D404D,Diamonds-(Housenick-Remix)_HGFA02D29E412110430896C160CE94993366.wav,,,2024-08-09 00:28:42.678424,,744,Tồn kho
5c0d210978a2a1a189a264e246e7fc85,HGFA011B72B258E944B4AE18624880CD287F,"PTC5186444_01_04_Grieg Piano Concerto in A minor, Allegro.wav",NLE421100104,https://stock-admin.hgmedia.app/admin/resource/detail/00000000-0000-0000-0000-000000000000/audio/grid/bb3aaa20-2747-4a1a-816e-424d037933f2/0,2026-04-07 06:17:51.40925,,138,Lưu kho
7e99617701ca244bcb93e963c327836d,HGFA011BE734004A45AB8D582430C60EAE5C,Meadow Stroll.mp3,QT2WN2403243,https://stock-admin.hgmedia.app/admin/resource/detail/00000000-0000-0000-0000-000000000000/audio/grid/dc677729-8aec-41e8-afc8-343812fc8064/0,2025-01-03 02:30:05.334312,2025-02-26,597,Hàng nguội
d459d5751a9d5546c8a184e8e91b7e71,HGFA011C4361A54E402DA217EE4573A34EB9,"Schubert - Lieder on Record - Das Lied im Grunen - D. 917 (Sigrid Onegin, contralto)..mp3",,https://stock-admin.hgmedia.app/admin/resource/detail/00000000-0000-0000-0000-000000000000/audio/grid/07211ea1-fa89-4df6-8ac5-f41247c19a2c/0,2026-05-26 08:54:41.431666,,89,Lưu kho
bd46a79fbd60fdc8e3cbcb11c8bf73b5,HGFA011D1ABDD7304D00A9179F7E5213A69A,Northern-Lights_HGFA011D1ABDD7304D00A9179F7E5213A69A.mp3,GX8LE2461860,https://stock-admin.hgmedia.app/admin/resource/detail/00000000-0000-0000-0000-000000000000/audio/grid/36d8a1c7-56ec-4e66-8016-e7a44fd9076a/0,2024-05-23 16:27:21.963223,,822,Tồn kho
e625e63bd3d87412f81e927e6523263a,HGFA011E139041F7457FA7E8C4FF3F1D3433,24-Études-dexpression-et-de-rythme-Op--125-No--17_HGFA85D25CA9C6284636A584778FDDD74903.wav,,,2024-08-09 06:00:04.833847,,744,Tồn kho
e81f60b2129c8810d2b3bab19126efac,HGFA011F2AF6FE9C4382BAEE67E8728C55D1,Veil of Twilight.wav,,,2025-01-09 08:40:59.591112,,591,Tồn kho
7dbe5c7c02f2a1781ab58e305b1e5156,HGFA011FE0347AD24AEA9EEFC8AE065D539F,Mazurkas-Op--33-No--4-in-B-Minor_HGFA011FE0347AD24AEA9EEFC8AE065D539F.mp3,,,2023-06-06 10:42:55.002724,,1174,Tồn kho
b8f5277b228a568c20fac4884783c6e7,HGFA01215CA27BED40E8885B91FE88D7769A,8. Clave Tango.wav,,,2026-05-27 10:33:45.519994,,88,Tồn kho
41b106b211db85d23ff131dc3a7c9a8a,HGFA01218693CD4F420E96131EAB679644BA,String of Thoughts.mp3,QT2WN2502430,https://stock-admin.hgmedia.app/admin/resource/detail/00000000-0000-0000-0000-000000000000/audio/grid/5fc278bc-bbd7-4d8e-8f2b-0bc0f11bd0a7/0,2025-08-07 06:55:25.54392,2025-09-26,381,Hàng nguội
50b86581ffefc453fa1ec9d20034a22c,HGFA0121FEDBA3B1433D9E401C92D0F8B51B,04_Verse2_HGFA0121FEDBA3B1433D9E401C92D0F8B51B.mp3,,https://stock-admin.hgmedia.app/admin/resource/detail/00000000-0000-0000-0000-000000000000/audio/grid/637f24fa-94be-4b69-a873-55321fe34dc8/0,2022-07-02 20:42:33.121006,2025-11-25,1513,Hàng nguội
28ad939815c41102aea757e1f9c8c354,HGFA01222CADD6EC476F822C76A261FE0A19,Belong-To-Me_HGFA01222CADD6EC476F822C76A261FE0A19.mp3,,https://stock-admin.hgmedia.app/admin/resource/detail/00000000-0000-0000-0000-000000000000/audio/grid/81f492d9-3f4c-4f87-89a9-4ae09b808027/0,2022-09-19 15:50:42.644044,2025-03-09,1434,Sử dụng
e82c13e589dafcdc19190c7288a6f6e6,HGFA0122E3E654D74EEDACF6CA6CCB24E47E,Lunareve.mp3,,,2025-11-20 10:30:48.500425,,276,Tồn kho
ec9efa43a951c0e8bd0a188420c8d6b8,HGFA01239999162945549AC21981BA84DA52,All That She Wants.mp3,,,2025-07-02 06:56:54.464696,,417,Tồn kho
f67c04e3f92b32f89d87a3d7efc15588,HGFA01247570C7284C56B493A44C1256937F,Sunset-in-Paris_HGFA2FCC8706B20A452891EF58F04F8C4D16.wav,,,2024-08-09 02:26:39.092707,,744,Tồn kho
48c93ebe82c54d7f94d06e81404c21a5,HGFA0124B3E973194312B4EE9AC4BC5FE212,Happiness-Synthesizer-(Original-Mix)_HGFA4B1B506FA0D345088F5C8E5613D162D5.wav,,,2024-08-09 01:40:38.728002,,744,Tồn kho
f53488e4434cf7ef99fcc83eb94a24a6,HGFA0124F2D2EA664D67B867CE738A4C9622,Boundless Horizons.mp3,,,2025-08-23 08:28:04.006713,,365,Tồn kho
d142818eebab2c7c27d6b648cb0629cc,HGFA012669EB43264CF3986E97F87A16D638,Every-Time-I-Move_HGFA08100C093A814471BDCD8C3649F82F82.wav,,,2024-08-09 01:04:36.231222,,744,Tồn kho
2ab77f4127eadb81ecf9089ea82c8b81,HGFA01278A9254274B7189241873E3762C20,After-Drive_HGFA01278A9254274B7189241873E3762C20.wav,,https://stock-admin.hgmedia.app/admin/resource/detail/00000000-0000-0000-0000-000000000000/audio/grid/2eb7093e-28e2-4021-9561-660310bc6a52/0,2022-12-05 16:10:42.9129,,1357,Tồn kho
0a23eb33be5f41a82455211b73951448,HGFA0127AC3035AC4C6BA00E69BF66FDA11C,Ora Nyana Nyana.wav,,,2024-10-08 09:11:01.8966,,684,Tồn kho
c033bc420f840de9ca6147996a641ec4,HGFA0128395FB1AD4227B9A9F073F6B7E3B6,Lonely-Hearts_HGFACC6E9D800095474496ECBDF4C6AEFD09.wav,,,2024-08-09 14:12:50.124885,,744,Tồn kho
85206375790ad11ec211707e8acb2dc6,HGFA012928B9EB204A9C95391E67893360D5,OCEAN BLAME_MASTER_181125.mp3,QT2WN2503842,https://stock-admin.hgmedia.app/admin/resource/detail/00000000-0000-0000-0000-000000000000/audio/grid/70bd839d-4578-4ef6-9bb6-e479a60eee34/0,2025-11-27 03:37:08.313702,,269,Tồn kho
377cd05b8d56d2a12773d59e3e8ecdf1,HGFA01293EC76C6147EEBF13BC16D89E7AD6,Ederlezi-(Original-Mix)_HGFA9CFD3985E6DB4C46B27EA6A6F5FBA861.wav,,,2024-08-09 08:52:36.859805,,744,Tồn kho
288726fcdcd7b882517a99380d2eed62,HGFA012947BDCC7A4EDABCDD7D1C305E17CD,Foaming Surf,GX4R52430808,,,,,Tồn kho
372c055f692854320dd4774ec3344718,HGFA0129C37601A24DB6941EC7802D23EB37,Cupertino - Dire.wav,,,2024-09-13 09:13:51.605759,,709,Tồn kho
a2ba5f063758d487c272f4807430314e,HGFA012A8BFBF72D4BAB82A69276E79EF183,Bangkok-Slime-(Original-Mix)_HGFA012A8BFBF72D4BAB82A69276E79EF183.mp3,,https://stock-admin.hgmedia.app/admin/resource/detail/00000000-0000-0000-0000-000000000000/audio/grid/d52c88c0-28d7-4668-83ce-e576aef2347d/0,2024-05-21 11:23:38.382318,,824,Tồn kho
667f95c52d55df80bbdef5a80bd70fcd,HGFA012A8C210DE54F819E66078267975878,Where Stillness Waits.mp3,QT2WN2403861,https://stock-admin.hgmedia.app/admin/resource/detail/00000000-0000-0000-0000-000000000000/audio/grid/7383a62b-64e5-4078-86fd-56d12ae419bf/0,2025-01-15 03:36:01.41957,,585,Tồn kho
2fe3e38c1b4d7c0670f051241ac05910,HGFA012AD4C225BD4C23BAB56D9076FC0D4C,Untitled. wav (3).mp3,,,2025-01-17 06:08:30.61582,,583,Tồn kho
ef4d4a4c215e91a55f7760155dfc2b14,HGFA012B097A541040DE85BB3A49FBE09CE9,Jazz lofi 17-2 - Track 28.wav,,https://stock-admin.hgmedia.app/admin/resource/detail/00000000-0000-0000-0000-000000000000/audio/grid/af6fd626-f91f-4837-afce-a46f60e7630b/0,2025-03-03 02:21:10.716138,,538,Tồn kho
4c737fb2fc6a4496c3c611cb0d096d08,HGFA012B77171347416FA4CC09B08347BD10,"Schwingt freudig euch empor, BWV 36 - Complete Performance.wav",,,2026-05-26 09:09:20.030614,,89,Tồn kho
a37daebc46d11848ffed2d6748fa5bef,HGFA012BA5A3B39F4177BB033061A8273CF5,Echoes In The Atmosphere.mp3,QT2WN2401697,https://stock-admin.hgmedia.app/admin/resource/detail/00000000-0000-0000-0000-000000000000/audio/grid/fa1d1671-d86c-490d-9a74-1c23e6ed0870/0,2024-11-07 08:30:42.748675,,654,Tồn kho
b262a97d59217edd37bcb1ed54e6b242,HGFA012D1C5E05AD43118A603301C974A95E,O Holy Night.wav,,,2026-01-15 10:01:52.521836,,220,Tồn kho
30f3384d480c01b019eb39580a3e7fe0,HGFA012ED0E4E8464E17AC044AA5084053D0,Millios - Time Moves Forward.mp3,,https://stock-admin.hgmedia.app/admin/resource/detail/00000000-0000-0000-0000-000000000000/audio/grid/765fd496-c69d-4e89-a1a4-b8752dbf1d3a/0,2025-04-24 08:18:13.624035,2025-04-27,486,Sử dụng
a72dedb2ba05d371537ca0e92df2be5b,HGFA012F7B7BAAEC45FAB2BE8EE147714777,Through-The-Silence_HGFA8FE5F8BC345F4EC49E84E48ABCC4A022.wav,,,2024-08-09 02:04:11.346467,,744,Tồn kho
5e492ba5cefc9915f999b2940004c76f,HGFA0130488D6F9F4FFE9C7DD76A72778D46,The Forsaken Path.wav,,,2025-01-08 03:54:13.586761,,592,Tồn kho
1c249ac88061c304f7b5caeeddcfdc3c,HGFA0131453F35D74FFAAA4447E9067383BA,Looking-at-4-Love-(feat--Vanesa-Klein--Chipper)(1)_HGFA0131453F35D74FFAAA4447E9067383BA.mp3,,,2024-03-18 15:21:09.687984,,888,Tồn kho
ca5d6913fb9f8d962ddea1fc2bce275d,HGFA0131651C94F247FF81F4A654FE5539BD,Pineapple Popsicle (Bản Fix).mp3,,,2025-06-11 09:43:50.76916,,438,Tồn kho
1183f80bb225341e344e021eb3b9a0da,HGFA013356E20CE346288104C889473AEA63,"Brandenburg Concerto no. 2 in F major, BWV 1047 - Complete Performance.wav",,,2026-05-26 07:49:47.067389,,89,Tồn kho
a5fb176f4701f82c270f9ec9ad2a1a87,HGFA0134510E6E3848D1AF564A8B3739C264,Nhạc-Ống-Tre_005_HGFAB0977D5EDAE94AFCAB2A4D07ECD1EBFD.wav,,,2024-11-23 16:04:30.458184,,638,Tồn kho
1d43b3a7a986c0b5e7d0539ad87cea7a,HGFA0134F9265CA2458398E78F3331B7C41C,Mirame-(Lyric-Video)(1)_HGFA37AFF5D5F00842B4BA1EBFC2BDDF54CD.wav,,,2024-08-09 01:55:04.848341,,744,Tồn kho
25a83358eca6547338e5c31fbdd2683e,HGFA0135112A8C024C2A83199D1F9560CE32,Antonio Vivaldi - Concerto in B flat Major - II. Allegro.mp3,,https://stock-admin.hgmedia.app/admin/resource/detail/00000000-0000-0000-0000-000000000000/audio/grid/090447c4-f2b0-40c6-8237-f52e1565b261/0,2026-05-26 07:24:42.2185,,89,Lưu kho
fea719293da1154c1f21d6e9ac64aacf,HGFA013542C6AD604EB69DB261EAF5232537,There's ice cream everywhere,NULL,,,,,Tồn kho
58bef0d7b614ef624327bea1d22bafce,HGFA0135490E30904FD69BA4C5113CC9E0A3,Whispering Moonlight.mp3,QT2WN2404237,https://stock-admin.hgmedia.app/admin/resource/detail/00000000-0000-0000-0000-000000000000/audio/grid/b19e448b-1950-4812-905e-ff27cbd42439/0,2025-01-24 10:19:06.001894,2025-06-10,576,Hàng nguội
9b3bb475e692f9cd817c69c56af31064,HGFA0137940286424D9498AFD9D8F53EC148,Goodbye-summer-dream_HGFA0137940286424D9498AFD9D8F53EC148.mp3,US3DF2045058,https://stock-admin.hgmedia.app/admin/resource/detail/00000000-0000-0000-0000-000000000000/audio/grid/11d77688-b885-4a9e-9fda-779efe5da08d/0,2024-04-27 15:12:29.457264,,848,Tồn kho
1f86889077045071b41642b99e318310,HGFA0137D2E7B28E413F9C2281EB18FC8AD6,Elusive-Gaze_HGFAC611EF77EB7A44228E92497E7132DFA6.wav,,,2024-08-09 10:49:20.859081,,744,Tồn kho
f2f215ea6194ec007614b609deda59f1,HGFA0137E2C243C347B48E0906136D4F9412,Electric Reverie (1).wav,,,2025-03-12 04:43:41.225183,,529,Tồn kho
a18fa768f809ecb17a65f59fe9b64db1,HGFA0139C6B3F21B48F9B27547772E0ABAEE,Sung Oribe - Allemande from Cello suite n. 3.mp3,,https://stock-admin.hgmedia.app/admin/resource/detail/00000000-0000-0000-0000-000000000000/audio/grid/21d51683-7cf1-4594-a9f9-f1f30185db30/0,2026-05-26 09:12:56.403454,,89,Lưu kho
ac538ccbd174c280d49641f9c74c2612,HGFA013A6F8A3C2E4F07AE3A9BF102C60FC3,"Piano Sonata No. 18 in E Flat Major 'The Hunt', Op. 31 no. 3 - III. Menuetto (Moderato e grazioso).mp3",,https://stock-admin.hgmedia.app/admin/resource/detail/00000000-0000-0000-0000-000000000000/audio/grid/dd3b92aa-0629-4e0f-ac78-1c71a3a6a0c8/0,2026-05-26 08:57:00.482624,,89,Lưu kho
832078eb4b5e313a8077b84821c74a26,HGFA013A73DD8EC34CB0BE5C380DA943F2F5,Toccata Aether.wav,,,2025-08-27 08:16:42.474556,,361,Tồn kho
45b508fa022f71bea5da6264f4e1e62f,HGFA013AF02658744421B97C5ECD4833B5CF,glass-house_HGFA3B740631DF044D40B1586669C02F4A02.wav,,,2024-08-09 02:43:34.255961,,744,Tồn kho
c483ba90b3993c790c43a63559b3f16b,HGFA013B9BDF137A4328AB550760EB644361,Aphrodite_HGFAED72D2A8FBA94487A7CCC2D4D3BA7750.wav,,,2024-08-09 23:28:17.150707,,744,Tồn kho
ddb2acf91fd7dceee03eaa06ab136cba,HGFA013BDB4F51274E4C8DEE2F42F3BEE1C8,33 Piano Morning (8).wav,,https://stock-admin.hgmedia.app/admin/resource/detail/00000000-0000-0000-0000-000000000000/audio/grid/0695f4a3-6c26-43cb-aea7-d6bf821feeeb/0,2025-03-21 07:52:57.463771,,520,Tồn kho
cdbbe0c26acda9adce9f3dcb495d3035,HGFA013BFC00C90847E3AB048A228A9731A4,Reggae SKA - Perlahan - Elno Via.wav,,,2024-10-25 08:02:43.828503,,667,Tồn kho
82c9f54795e60e0339bc128971010e4c,HGFA013C0FD037BE4D50A26845569E31197A,pisces_HGFA013C0FD037BE4D50A26845569E31197A.mp3,GX8KD2295398,https://stock-admin.hgmedia.app/admin/resource/detail/00000000-0000-0000-0000-000000000000/audio/grid/17750c45-0f14-403b-838a-f0c9aaa45913/0,2022-08-18 14:35:22.926589,2025-08-04,1466,Hàng nguội
4244fefd35e1fb5e662da93dc3db417e,HGFA013C8FA4096D4493AD33E8CCB7AA2FDA,Static Poem.mp3,QT2WN2501884,https://stock-admin.hgmedia.app/admin/resource/detail/00000000-0000-0000-0000-000000000000/audio/grid/28706aba-73bf-40a7-9b86-994785a8cf78/0,2025-06-18 03:37:40.438304,,431,Tồn kho
d0359560dcf203cad013b5be89793334,HGFA013DBF6182FA4064BAE8C9E096FF3B8C,Future.wav,,,2025-02-22 09:21:38.821126,,547,Tồn kho
a275a64a8f7d749fec3cfc9787c673e6,HGFA013EA3FC74DB429D89C1271C64B46D56,DMR - Track Heat.wav,,,2025-08-28 02:43:19.051017,,360,Tồn kho
8653e35eee904042f4f0bdc29a36ee31,HGFA013EC578B955465FB12921736D16F943,Summer-Wild_HGFA3595B251665E4C2E96206BB20B23E680.wav,,,2024-08-09 01:49:14.108997,,744,Tồn kho
bd3a69b4b8e209d22881acfb5a52553c,HGFA013F0C65BBC14E6698CB1AE77C3231DE,Dance-of-the-White-Swan_HGFA013F0C65BBC14E6698CB1AE77C3231DE.mp3,,https://stock-admin.hgmedia.app/admin/resource/detail/00000000-0000-0000-0000-000000000000/audio/grid/5a40a309-e96a-44fa-af8c-39ab1d7916d8/0,2023-06-02 15:10:15.402282,,1178,Lưu kho
4175ff0edafc76dbfdc3484ddc2fe059,HGFA013F5606017F475EBB7603004B65BD56,Chill Mindfulness,GX4R52472426,,,2025-03-02,,Hàng nguội
5bbc3ac56a7d4ae3bd235aa2688e2173,HGFA0140FEEA526B4D148E706D1F5064B1B4,Darrill Fay - Take for free.wav,,https://stock-admin.hgmedia.app/admin/resource/detail/00000000-0000-0000-0000-000000000000/audio/grid/62e18fc8-2ea0-47b1-a372-92206f0cce7e/0,2024-09-24 03:47:22.984597,,698,Lưu kho
5203bf0dad0a318d4a80cf23b4cbb91b,HGFA014212C61F8A4E4B97FFF62AEDC5FF1F,Pleasure-from-the-Beats-(Silvio-Carrano-Bigroom-Radio-Cut)_HGFADD2A6790492442B7AA64549970BE347D.mp3,,,2025-08-23 08:10:08.875096,,365,Tồn kho
75af57244609917d7808fc4faf4ed745,HGFA0142B8B8094048C4A8AB29E87AEE74B3,Moonlight Sonata (3rd Movement).mp3,QT2WN2601698,https://stock-admin.hgmedia.app/admin/resource/detail/00000000-0000-0000-0000-000000000000/audio/grid/24decae6-0ec1-46d6-b2e8-e3b6129b9620/0,2026-04-28 07:26:18.797764,2026-05-10,117,Hàng nguội
7347472cc25643a79f531dca75ff4818,HGFA0144142462274D99AC4C5AAE34C27C05,I`ll-Be-Ok_HGFA81135BFACF754FE4ACEE7D4E2D81D91A.wav,,,2024-08-09 07:38:40.476716,,744,Tồn kho
8efa64ef5998f8bb53bb3345e90d2d03,HGFA0144B1D9DD17412988EEEF7AD996E477,PTC5186874_01_25_Brahms Var oa Th of Handel Var 15.mp3,,,2026-04-06 15:58:18.504029,,139,Tồn kho
0adbbbb7880671d5389e594efbe49450,HGFA0144FABE4B9D4115BC4CF54F3ED3FF2E,Shadow Bloom.wav,,,2025-09-03 04:05:03.451339,,354,Tồn kho
f2bcf81abdaed7cc935ee5c25f395688,HGFA0145B9D092A944E08D51C31C0D0432C8,Rocky Shores (Bản Fix).mp3,,,2025-06-11 09:43:49.260929,,438,Tồn kho
e4df665cb9b4d167eb0f30b60a4cbad8,HGFA0145F80617624F99A0FBBED0E595E4F7,U-X-Me-(Official-Audio)-｜-#EDM_HGFA20A14326E0CA4B8D9FF792A382C23355.wav,,,2024-08-09 01:27:49.158584,,744,Tồn kho
272504ab22281435ac64d9330825d41a,HGFA01478DDAD17645A98514A19DABFB4471,"Pictures at an Exhibition - Con Mortuis in Lingua Mortua. Andante Non Troppo, con Lamento.wav",,,2026-05-26 09:16:33.401217,,89,Tồn kho
8f1f82506ae7dd302bcaa371c91146ce,HGFA0147A8465D954DCCB97EAF9DA00CCFDD,LookingStar-29_BeHonest--FindMySelf_HGFAC546E3EFC5F041659E0749934E73EBF3.wav,,,2024-11-23 15:26:20.617439,,638,Tồn kho
784addc9877bf4ce9058c249b2988cee,HGFA0148FDCB916E40F38B029BBC159D3FF4,GirlSleep-17_HGFA8BC294B31BD94BB593A6335F491BCF35.wav,,,2024-11-23 11:37:44.146241,,638,Tồn kho
d0413b72f9a416fe209f1b54c870db83,HGFA01498011A804482687632D0140970F9B,Your Last Day - MASTER.wav,,https://stock-admin.hgmedia.app/admin/resource/detail/00000000-0000-0000-0000-000000000000/audio/grid/9044d009-97aa-4f5c-a97c-59ef323048d7/0,2025-07-01 02:17:04.991371,,418,Tồn kho
2d4d1c608cbef1dcf9aa6ea6a3c79b01,HGFA0149F01D547D4B7C9DC941B0A9525057,"Symphony No.18 in F Major, K. 130 - II. Andantino grazioso.wav",,,2026-05-26 09:22:44.170358,,89,Tồn kho
f4e3533dcf5510041cf9895ef7a5ed65,HGFA014B03B3D581479B9C63F18B25E7606E,Amazing Grace.mp3,,,2025-08-23 08:26:43.288358,,365,Tồn kho
3ceaa4f5abc153a4afeb6a54968566bc,HGFA014B9F7C0FDD4F09BAD2EA3EC72C488B,Chasing Joy.mp3,,https://stock-admin.hgmedia.app/admin/resource/detail/00000000-0000-0000-0000-000000000000/audio/grid/a758b430-41e8-4693-983e-71a06fdf2965/0,2024-09-26 03:05:34.162869,,696,Tồn kho
0987ec821608ec7487a2ede5c7d1e825,HGFA014BB6A4C81A4EF6B0D3EB7023B91A2B,Night-Song_HGFA014BB6A4C81A4EF6B0D3EB7023B91A2B.mp3,,https://stock-admin.hgmedia.app/admin/resource/detail/00000000-0000-0000-0000-000000000000/audio/grid/05e887eb-807d-4da7-b7c9-83eb21c8d3fb/0,2023-08-10 17:00:44.386714,,1109,Lưu kho
8b542fa4be639b0a4098261aabb8dd4f,HGFA014C16DED4C4488A8F5637778810A9AC,Res-a-Perdre_HGFA014C16DED4C4488A8F5637778810A9AC.mp3,,https://stock-admin.hgmedia.app/admin/resource/detail/00000000-0000-0000-0000-000000000000/audio/grid/9e278466-7227-499e-bc22-95255e6747f8/0,2024-03-18 11:51:49.743574,,888,Lưu kho
ca7b2455ac6424299be6d00969f21605,HGFA014CE22E3BEA4DE79364636D52A6966F,Gita-in-campagna_HGFA024B0C2BDE7745D5922E3959C1C6B3A8.wav,,,2024-08-09 00:30:04.108544,,744,Tồn kho
2e54221efe7e2505e0b23ba20467c69d,HGFA014D2CB4A0564E2C882F16A4EE273D78,"Prelude and Fugue in C Major, BWV 547 - I. Prelude.wav",,,2026-05-26 09:23:06.390848,,89,Tồn kho
09b6ed3a21338dc29bbc8d921e4b08d2,HGFA014E080ACDB44D63AD53045F4740506D,Sun On My Skin.wav,,,2026-03-19 04:03:18.142823,,157,Tồn kho
ed5701fae16a4fbed1f5ab44065186c5,HGFA014E7A0D7F3B40B889A56AA3983D936F,Romance_HGFAEC08FA60C7F84FE382983F42E8EEE198.wav,,,2024-08-09 04:20:38.494287,,744,Tồn kho
781aa025f7757072e4cbd1c5b775789d,HGFA014F04F22C514E6A8AC1C34457F22453,Cello-Suite-No--5-in-C-Minor-BWV-1011-III--Courante_HGFA481C5FC817F249549ECD9318ECDC36C9.wav,,https://stock-admin.hgmedia.app/admin/resource/detail/00000000-0000-0000-0000-000000000000/audio/grid/41556850-259a-4f5f-970a-550668e510ec/0,2024-08-09 02:57:38.251765,,744,Lưu kho
9a341c977cc72ee2c97404341ddd4e19,HGFA014F741D843347FBBE610CCDDE2F008E,Drift Away from Here.wav,,,2024-11-06 02:41:50.48211,,655,Tồn kho
7e3b0c64f9a75fbf93438e8dd1dfeab5,HGFA014F905B491E420D906173B2DDCC5C8F,6497b6a2-2ec6-4b71-be18-04c9d864882a_HGFA95D992D292DB4F5B98826FC63CEEEC2C.wav,,,2024-11-23 09:35:37.176993,,638,Tồn kho
9b2c605e9d6ed79fb581f72120580144,HGFA015080DBFD7D4E209057D2629AFBBAC4,Layang Kangen.mp3,UKRKJ1905785,https://stock-admin.hgmedia.app/admin/resource/detail/00000000-0000-0000-0000-000000000000/audio/grid/e33dc4a2-5abd-4ffb-a668-30a1dc058216/0,2024-10-08 08:46:50.469188,,684,Lưu kho
34a380dcda71f53e5e9d8ed8098fcf69,HGFA01509E1B970841F5B26D2D1DFBA455D4,"Es ist nichts Gesundes an meinem Leibe, BWV 25 - Complete Performance.mp3",,https://stock-admin.hgmedia.app/admin/resource/detail/00000000-0000-0000-0000-000000000000/audio/grid/e721b157-e7c3-422b-9b7a-4311c13d557f/0,2026-05-26 07:34:30.28296,,89,Lưu kho
6381647126eea2bfd839c3eb4dcf82bb,HGFA0151D9AA9B4642FC90705A4E4CAB1886,Catch-Our-Moment_HGFAECF4EBE717FA43B0AEE609460082C6D1.wav,,,2024-08-09 14:06:49.58686,,744,Tồn kho
9a3e0ff1ee357c7b9518d951ee5895fa,HGFA0151F34431D041FA819E0ACFDF97E235,Feelings_HGFA0151F34431D041FA819E0ACFDF97E235.wav,,https://stock-admin.hgmedia.app/admin/resource/detail/00000000-0000-0000-0000-000000000000/audio/grid/6ada1e8b-d020-4032-876a-7cb6789a36ae/0,2022-12-05 16:17:21.573192,,1357,Tồn kho
b48149908a4f6b94cb71cbe0a1c59a62,HGFA015236228EE24264BEA3FD8143B65C2B,Lost In Time.mp3,QT2WN2400792,https://stock-admin.hgmedia.app/admin/resource/detail/00000000-0000-0000-0000-000000000000/audio/grid/3ef89360-fac9-4347-bf5c-e11c53be2859/0,2024-10-15 04:29:31.329797,,677,Tồn kho
73d32dfa051675fc5a83ffe77e098311,HGFA0152994303F8418FA127319BD90F8256,ROCKABYE_HGFA9AE8CFB9E8FA46F9B915629AC65284C4.wav,QZNJV2365817,https://stock-admin.hgmedia.app/admin/resource/detail/00000000-0000-0000-0000-000000000000/audio/grid/97bce77a-e64a-4799-9ab7-2129f9e394e9/0,2024-08-09 06:16:01.378979,,744,Lưu kho
bf8dccc2db76ccf7d06bc275f85522db,HGFA0152E1601B1B430581CBBCBAA7D2E3A2,Echoing Streams.wav,,,2025-01-06 10:35:43.663019,,594,Tồn kho
ce37dc6b3a0a5e1988ad1cd164cb01de,HGFA0153199560904D1D9657CF05BD4C9E3C,Melody-Therapy_HGFA0153199560904D1D9657CF05BD4C9E3C.mp3,,https://stock-admin.hgmedia.app/admin/resource/detail/00000000-0000-0000-0000-000000000000/audio/grid/f55de19c-d2c8-4d1e-b736-de44bfed86f1/0,2023-11-15 16:04:33.853584,,1012,Tồn kho
1318e1d27da6c8e46e13f6a5eb5d9a3b,HGFA0154064C4719483E936BAA36158A3EFA,Goldberg-Variationen-Op--4-BWV-988-Variation-8_HGFA0154064C4719483E936BAA36158A3EFA.mp3,,https://stock-admin.hgmedia.app/admin/resource/detail/00000000-0000-0000-0000-000000000000/audio/grid/a9861f02-2d7e-4425-b8b9-c0b95adf704f/0,2023-06-02 10:45:31.437809,,1178,Lưu kho
d26af9cb5b830574ccdf8757e2fda480,HGFA0154E5959D2A415F8CCAEA8C431B6E6C,Blood-Moon_HGFADD625CB4AB3143D0804C74BF4A8438C2.wav,,,2024-08-09 09:49:44.658643,,744,Tồn kho
0374974b737139233175321b7b7f24e8,HGFA0154F522FEDC4DA1A986811F5B15098E,Jaded-Boy_HGFAA49D43AC862C43F7859021CCA81A39D5.wav,,,2024-08-09 08:05:19.48692,,744,Tồn kho
b030921d6d97b74bf4065f06a6801d16,HGFA0156189371864A698ABE4AED4428F8E4,Before the World Spoke.mp3,QT2WN2402313,https://stock-admin.hgmedia.app/admin/resource/detail/00000000-0000-0000-0000-000000000000/audio/grid/73462c13-0c7c-4913-8ffb-36e928f18382/0,2024-12-14 03:45:14.450948,,617,Tồn kho
be4e3d227c06d708be870d6eb0bd0ea3,HGFA0156CAA920824BFAA36F2CA2F677F55D,HERE AM I TO WORSHIP - MASTER.mp3,QT2WN2601855,https://stock-admin.hgmedia.app/admin/resource/detail/00000000-0000-0000-0000-000000000000/audio/grid/f8382705-a56e-4c78-b4a6-434b2340d98a/0,2026-05-09 02:42:09.102713,2026-05-14,106,Hàng nguội
83af59d696857654a38f2570f85dda74,HGFA01574E18410D4ACE83A1F39785A656E3,Oyana.mp3,QT2WN2601446,https://stock-admin.hgmedia.app/admin/resource/detail/00000000-0000-0000-0000-000000000000/audio/grid/376b4133-eafe-4043-8500-14f97f32038f/0,2026-04-13 04:04:33.102367,,132,Tồn kho
f35f626b680c3b6317963ed8cc4efaa2,HGFA015BEF5D4E7440F4814B1B6A056E0CF8,Ease-Off-Drink_HGFA015BEF5D4E7440F4814B1B6A056E0CF8.mp3,GX8LD2293874,https://stock-admin.hgmedia.app/admin/resource/detail/00000000-0000-0000-0000-000000000000/audio/grid/ee7dd6fb-f3cb-4dbc-a285-2b377f8d5c79/0,2022-12-10 11:50:29.852197,2025-07-31,1352,Hàng nguội
db87aa5b4b6ec3a3d6f7a8eff450d0f3,HGFA015C6B9B35984470AE6011C7A6B312D2,Lacrimosa.mp3,,,2025-10-09 03:24:51.703854,,318,Tồn kho
433ca89d1405d5a6d8f6ae18a84f471c,HGFA015CCBC9106344A99FC5A6A5DC98B0AA,Truth_HGFA015CCBC9106344A99FC5A6A5DC98B0AA.mp3,,https://stock-admin.hgmedia.app/admin/resource/detail/00000000-0000-0000-0000-000000000000/audio/grid/92f85e9c-00a0-43e5-8d0e-90eb8cb13cad/0,2023-10-14 17:00:40.098362,,1044,Tồn kho
8a1b126de314e17e95754d413614952c,HGFA015CCD1EAE9A42EEAEC1BA412126B365,Dozing,NULL,,,,,Tồn kho
eb2d888f35978e8f3aad519c77a46d53,HGFA015CFDCBF7C445578963F30575BA050B,Silence-(Two-Original-Mix)_HGFA0C66A0042CEE43B492CE41956BDB26F7.wav,,,2024-08-09 01:26:22.44862,,744,Tồn kho
8c74215311e7ddf4d831394594f0bb73,HGFA015E3E6BDB7844E5A15DDF00D8B3C7E6,Steps - MASTER.mp3,QT2WN2600163,https://stock-admin.hgmedia.app/admin/resource/detail/00000000-0000-0000-0000-000000000000/audio/grid/e3cf9fe1-06aa-41cb-a4ee-19f0cc5e62f8/0,2026-01-19 04:21:06.399024,2026-01-27,216,Hàng nguội
b56bbc014561d3ff11e11c721a2b3c18,HGFA015EA81088934663B9084394247CBF43,Drivin-Me-Insane-(Original-Mix)_HGFAC97E8CCBE7FB4597985142D039249C8A.wav,,,2024-08-09 09:56:48.166466,,744,Tồn kho
685e232b0556937763610c2b5570b747,HGFA015ECA47EE1A439E9F1B9F63077F0AF7,Dj Haruskah Aku Mati - Falen Finola.mp3,FRX762171489,https://stock-admin.hgmedia.app/admin/resource/detail/00000000-0000-0000-0000-000000000000/audio/grid/3d18bba2-0bf5-4570-8e16-15eab295cd65/0,2024-10-23 09:23:23.462764,,669,Lưu kho
688ab1907f55b042d4ce1b9307cbc9f2,HGFA015F2D1429B640798A0A796CE642C04B,With-You-(Official-Lyric-Video)-｜-#EDM_HGFA015F2D1429B640798A0A796CE642C04B.mp3,,,2024-03-19 16:50:38.144937,,887,Tồn kho
1d75ccb6b262a8b605d094ae6a676861,HGFA015FBF34889C4FDCBCB6896C4106990D,Hushed Harmony.mp3,,,2025-08-23 08:18:03.913828,,365,Tồn kho
61c933f0e32a30e9540e825c9c3a0d72,HGFA016018C210644268A1C768762CCE9334,RedGirl-39---Sunny---Holy-Grail_HGFABE266C4A4A4D456F8C46B4AE16113E35.wav,,,2024-11-23 09:21:14.592036,,638,Tồn kho
e6da2f8a218532ac6af6fee768c4c99c,HGFA0160AA2447074C338B5CE527838564AA,Goodbye_HGFAF8659D39AED8410FAC18B86FF9A029CD.wav,,,2024-08-09 23:42:45.863594,,744,Tồn kho
db879c53e496669ea855150a4b0d01cf,HGFA016161BD917F42EF8809C0679AF34CA8,Let Me Down Slowly.mp3,,https://stock-admin.hgmedia.app/admin/resource/detail/00000000-0000-0000-0000-000000000000/audio/grid/4bec1f70-ed23-4b35-9f66-3a6d8508ed70/0,2026-04-23 05:19:16.656145,,122,Tồn kho
b35668686ac5459a1295d1167c6b2b36,HGFA01622D3EFE6D4FE485424620A8232D90,and-before-i-knew_HGFA941383CDC6ED419296E4A6A087E3C631.wav,UKZGC2402093,https://stock-admin.hgmedia.app/admin/resource/detail/00000000-0000-0000-0000-000000000000/audio/grid/dbf5a8bd-c90e-449d-bcb0-2e007afa8af4/0,2024-08-09 08:31:03.520837,,744,Tồn kho
7d89a0d9c2606a22300d7a9077e5b584,HGFA0162A929825447D7B4AFB186CC89D546,Gambaran Hati.wav,,,2024-10-08 07:19:07.74598,,684,Tồn kho
852a5c82464ba6491f6ffac5753137d8,HGFA0163413D4D444A81A138E51944292337,Held in the Pause.wav,,,2025-03-28 07:57:29.196395,,513,Tồn kho
0a4356e3121967227593eb8d4e2396cf,HGFA0163AF6ABA4742DC97821A33A33B220A,Dawn_s Serenade.wav,,,2024-11-07 07:50:52.341834,,654,Tồn kho
36a1f8d7ff466d6dd57faab85eecab2f,HGFA0165311271D74AAFA9D78CFDEB7B7B98,Himalayan Resonance.mp3,QT2WN2504697,https://stock-admin.hgmedia.app/admin/resource/detail/00000000-0000-0000-0000-000000000000/audio/grid/b20e87f8-bf29-4eb7-92c8-cb2df97b1dd8/0,2025-12-10 03:00:37.093293,2026-01-18,256,Hàng nguội
737d34e2e051db69b76e27cd6b8ada92,HGFA01654E3CFDC9471BB6C8BCBB18531D40,Dust_HGFA4F6BEEB1DD9B4FAD80D7FFE4138EF693.wav,,,2024-08-09 04:29:14.226595,,744,Tồn kho
0f09f9b9e4ac22ca5459dade5a5cc21e,HGFA01658C29C98D4CCFBD77C6D7150A1A10,New-Wave_HGFA01658C29C98D4CCFBD77C6D7150A1A10.mp3,QZN882133085,https://stock-admin.hgmedia.app/admin/resource/detail/00000000-0000-0000-0000-000000000000/audio/grid/07aa177d-0d91-4b54-80ae-d3c4dfdbe8a7/0,2022-09-27 11:34:05.741823,,1426,Tồn kho
564715cbfaf63dcd16347b6c82ead3d1,HGFA01663CEF932A4CB19413997D2035179D,Eugene - Small Things.wav,UKZGC2409205,https://stock-admin.hgmedia.app/admin/resource/detail/00000000-0000-0000-0000-000000000000/audio/grid/27c43b1d-5459-4f82-acab-85ba63459312/0,2024-12-10 03:36:10.000319,,621,Tồn kho
a7e8182b9b2953a06fcc4762758feee6,HGFA01666E8662B64DD48787C3CF962E0452,Dj-Goja-x-Magic-Juice---Goodbye-(Official-Single)-mp3_HGFAF4326F2DC34345ABA5F8737E8BC65B80.wav,,,2024-08-09 08:42:57.394672,,744,Tồn kho
51cdaa8e3c7ef064c3c6205e404b1675,HGFA0166A049D85F458A88A6969CC61C21F7,Mary-Had-A-Little-Lambs_HGFA0166A049D85F458A88A6969CC61C21F7.mp3,,https://stock-admin.hgmedia.app/admin/resource/detail/00000000-0000-0000-0000-000000000000/audio/grid/15cf72f0-1251-4d36-a746-6de339814d5e/0,2024-07-13 10:49:37.895975,,771,Tồn kho
9b76d7bd1d2780a5a7bbea8406ebeefa,HGFA0169593DE8E34DF8AEFF520433C3BD8D,30-Études-progressives-Op--46-No--1-in-C-Major-Allegro-assai_HGFACD850E7A42D5456CAE05FEE73BA149DD.wav,,,2024-08-09 07:55:07.735578,,744,Tồn kho
2121b7f7db2f28b04659f9f4c3dedbd5,HGFA0169A2CBA60E45D38127A6CFE7051A4D,Vintage Sparks.wav,QT2WN2604478,https://stock-admin.hgmedia.app/admin/resource/detail/00000000-0000-0000-0000-000000000000/audio/grid/9bae3ca1-c6ed-4ae7-8679-544530970cfb/0,2026-07-29 04:32:52.773033,,25,Lưu kho
8e4e8f29d571d3bb4e68337c9565fe58,HGFA0169DFD2C2E1479199AE7181BB440AE5,satie-gymnopedie-no2_loop-03.wav,,https://stock-admin.hgmedia.app/admin/resource/detail/00000000-0000-0000-0000-000000000000/audio/grid/7b35cce4-5245-48d6-8ad9-755980f86410/0,2025-10-13 06:59:17.988229,,314,Tồn kho
37298c561330c7b57aadcd3d6591927e,HGFA016A341D640C448580AFE214CAEEA16E,Final Words.wav,,,2025-11-11 09:06:16.096957,,285,Tồn kho
816c0b9c848022cbf4a9e217a8410456,HGFA016A459DCEC14C8684622F897522D230,a055e144-9104-4a95-a62e-9f207f43afd2_HGFA016A459DCEC14C8684622F897522D230.mp3,,https://stock-admin.hgmedia.app/admin/resource/detail/00000000-0000-0000-0000-000000000000/audio/grid/3a080b9a-9ef0-4c9d-bc54-ec3953cfd89b/0,2024-07-30 15:25:59.710829,,754,Tồn kho
dfd4368c95048f34b3d62c8f1f0da7f1,HGFA016AADAA301E4EF18420BDCD7A373964,Cello-Suite-No--4-in-E-Flat-Major-BWV-1010-IV--Sarabande_HGFAC51B44F615B14B39B0036FA91D5BBF34.mp3,,,2025-08-23 08:02:50.569109,,365,Tồn kho
1a7bd348b3a4711f612315e7281a01ef,HGFA016B63249ECE41AABC949F20390D148C,Lonely-Waves_HGFA0CF18787217D487584A2D441F1D16A0B.mp3,,,2024-08-09 01:02:51.460505,,744,Tồn kho
81585c5edaf0d0dd8dbfb3d5906cd651,HGFA016BBEFC6C5249F99E3FB2BA216C5736,My-Summer-Song-(Official-Audio)-｜-#Pop-#ElectroPop_HGFA016BBEFC6C5249F99E3FB2BA216C5736.mp3,,https://stock-admin.hgmedia.app/admin/resource/detail/00000000-0000-0000-0000-000000000000/audio/grid/50484762-1eca-4826-bf81-7a88393c436d/0,2024-03-22 16:15:11.707941,,884,Lưu kho
46e9dbf000b9497cddcf192a879dc3fc,HGFA016C86A6438448B49EF20EFBE879D1E2,Coming-Back_HGFAFB2F1D20DC2C4BC48315C367715C0D5F.mp3,,,2025-08-23 08:06:14.313869,,365,Tồn kho
c90dc6a2094d36f3e4c1f100874275e0,HGFA016EBE16BD9C470AA390B62D939ABA96,Finding Myself (Bản Fix).wav,,https://stock-admin.hgmedia.app/admin/resource/detail/00000000-0000-0000-0000-000000000000/audio/grid/39c5df92-a5cf-4e90-99d6-614873b9af18/0,2025-06-11 09:42:23.340603,,438,Lưu kho
77b1781421e396a38523910ab7338d46,HGFA016F3844323A406B93B90E823FDBD0DC,7 years.wav,QT2WN2501903,https://stock-admin.hgmedia.app/admin/resource/detail/00000000-0000-0000-0000-000000000000/audio/grid/c7bf20d8-2ca3-4e09-a18d-9b86e341e301/0,2025-06-12 02:44:00.604296,2025-06-17,437,Lưu kho
186edb42f0fe5197f1b247f345af2406,HGFA016F43AC3ACA426B9F21104458514748,Madama-Butterfly-SC-74-Act-I-O-Kami!-O-Kami!_HGFAEC976ADF89334BDF85B9CBDD5974ED68.wav,,,2024-08-09 08:44:16.963815,,744,Tồn kho
d7d8dc5e1d901ba94ea47ee297254044,HGFA016F650AA50443A683B07B400E76E4B4,"Tannhauser, WWV 70 - Act I, Scenes, 2 Part 2-3.wav",,,2026-05-26 09:24:21.330026,,89,Tồn kho
f1fa46b4a90027ca869b246acc6d2f5b,HGFA016F6B69125747E1BD91E6BFDC9D6617,Dark-Chocolate_HGFA016F6B69125747E1BD91E6BFDC9D6617.wav,TCAET2007231,https://stock-admin.hgmedia.app/admin/resource/detail/00000000-0000-0000-0000-000000000000/audio/grid/9cf73bac-b1f2-494c-92af-cad74fccf96c/0,2023-03-22 09:46:51.25653,2025-02-27,1250,Hàng nguội
a0cc2325303a27e0f2799c5ecc4222c6,HGFA016F9E71A2324D39AC0BD7BEE62BA62B,Relaxing--Emotional Peaceful Music (with nature sounds) (fixed).mp3,,https://stock-admin.hgmedia.app/admin/resource/detail/00000000-0000-0000-0000-000000000000/audio/grid/436f0048-9d6f-435c-bb06-a22ce1b0632b/0,2025-05-20 03:38:16.58871,,460,Lưu kho
25bbed3c523def6a267efaf2a90033c6,HGFA016FDC3E27FF4BFA98D21CD013B8D624,Last Night (Mastered).wav,,,2026-01-23 08:32:09.29461,,212,Tồn kho
2ec497cfd2cbe2523c6c31cf39acfea5,HGFA01701524F0C24D338CACD013FBDD2135,"Waltz in F minor, Op. 70 no. 2.wav",,,2026-05-26 09:25:19.03113,,89,Tồn kho
f471977e4768cf01c872e0bb7de79f5a,HGFA01702214121B4F4D8F8D992608EECDA7,The Great Lawn,QZAKB2004612,,,,,Tồn kho
477d9e091583b468dcb830fa46089a99,HGFA01703D21BBE940C8899986D26502DFCA,Candlelight Intervals.wav,,,2026-01-21 10:29:46.477189,,214,Tồn kho
0226676efa3352b6b16a8cbaf660b500,HGFA0170AB6CB1CC4F80B574FE6DFF29DF40,Requinto-(Official-Audio)-｜-#House_HGFA18D1CF8AD6A544D7A2E0E54100EADB17.wav,,,2024-08-09 02:02:47.443329,,744,Tồn kho
b84536c6051bbd5d90f21fb81b1b34f0,HGFA0170AC07856040398585A2E3089403D2,f6b1c088-ab9b-4234-a4ea-0532dfc7a0bd.wav,,,2024-11-25 08:53:40.198604,,636,Tồn kho
fefcc19747fddad2727f237e5991c827,HGFA017264FF961049C6BAC5CD7B4C1922AC,Beyond-Horizon_HGFA017264FF961049C6BAC5CD7B4C1922AC.mp3,QZAPG1879125,https://stock-admin.hgmedia.app/admin/resource/detail/00000000-0000-0000-0000-000000000000/audio/grid/e85379df-22ae-42a9-9ffa-1ecc6cad221e/0,2023-03-06 16:26:42.21982,,1266,Tồn kho
7e4623b772e907b128a52d5792adf76f,HGFA01726CBA38554DB7BCAAB3FEEA99950B,Shadows in the Mist.mp3,QT2WN2401452,https://stock-admin.hgmedia.app/admin/resource/detail/00000000-0000-0000-0000-000000000000/audio/grid/2ec713c0-b705-40a3-9b2d-b28cd78a7b6f/0,2024-11-06 09:27:54.185539,,655,Tồn kho
77794644d15da2608d1dc436ea53635c,HGFA0173BFEB56214C51A0242FB40CBDB5C9,Symphony-of-Terror-(Original-Mix)_HGFA79797043BDE0443EB3809FA7E8BB9E5D.wav,,,2024-08-09 04:32:46.624839,,744,Tồn kho
350142183c41f3cdb24af0fbb7e647ed,HGFA0173D2D1D7264FF0AEB288652482974F,Vamos-A-Hacerlo-(Official-Video)(3)_HGFA0173D2D1D7264FF0AEB288652482974F.mp3,,https://stock-admin.hgmedia.app/admin/resource/detail/00000000-0000-0000-0000-000000000000/audio/grid/f084ecb2-646a-43dc-a99f-c4492506e207/0,2024-03-22 15:27:50.922985,,884,Lưu kho
3a3bef76f1a2b63546892061b588ccad,HGFA0173F74F896640D48EDEC7542C2982C2,BuddhaRock-88_HGFAFBDF4062BF184DA88676965DE8B2D06D.wav,,,2024-11-23 18:22:28.71883,,638,Tồn kho
ebad254a60bc519287d16bdaf781d944,HGFA0175504128CC41688F479E59A35931CE,Lost in the Light.mp3,,,2025-11-20 04:48:46.967466,,276,Tồn kho
9d418774d1fc43f967abf288f16e32d8,HGFA01756CCF31264211AAB4B89DCA8209AB,Silent Reflections.mp3,,,2024-11-06 04:57:18.088996,,655,Tồn kho
8306bd7ed090be4e97ee571c11f519d9,HGFA0177CEF3519142558900832D5D7060D0,Quiet Mornings.wav,,,2025-04-25 09:18:47.894982,,485,Tồn kho
d366cbaf58d62d50e7ef5ef00ec51828,HGFA017871F733394FE9BCFB8E80011AA307,Sunspill.mp3,QT2WN2502630,https://stock-admin.hgmedia.app/admin/resource/detail/00000000-0000-0000-0000-000000000000/audio/grid/fcedc4e9-cb13-468d-a6f6-661330beba1e/0,2025-08-29 09:37:52.04554,2025-09-04,359,Hàng nguội
754fe7697dfce023e5c8a9ba7a3cae28,HGFA01789B81A56F4057B2C30006ED6C989E,Breezy Beats.wav,,,2024-09-26 03:06:20.177096,,696,Tồn kho
c035cc2e568edc871ab3eaea5c3f7f89,HGFA0178C10587F4416A965F8E75E8FED487,Sunset Stream.wav,,,2025-05-29 04:17:03.535135,,451,Tồn kho
a4d3e0cacaa7914c764b4d1ed70fb614,HGFA0178C5928F7E45F0955D5C9E51333E08,untitled - Track 5.mp3,,https://stock-admin.hgmedia.app/admin/resource/detail/00000000-0000-0000-0000-000000000000/audio/grid/807bdb1a-2666-4132-80aa-1ef025a6c717/0,2025-01-15 02:44:50.414174,,585,Tồn kho
ef4ff39f0c6ff7661ce696450a655412,HGFA017967CCE1474B4AACFCFFC5FA79D15F,J.S Bach - Magnificat in D - Chorus Magnificat anima mea.mp3,,https://stock-admin.hgmedia.app/admin/resource/detail/00000000-0000-0000-0000-000000000000/audio/grid/9a4e0614-0d73-4ab6-9c20-7ed83f7f84fd/0,2026-05-26 08:08:58.682709,,89,Lưu kho
5f35892c35c116d1beb067c1e1a0d16c,HGFA0179D29CF0B9437B8396F3F7E2816181,Take-Me-Back_HGFA0179D29CF0B9437B8396F3F7E2816181.mp3,,,2022-04-07 17:22:09.830916,2025-04-03,1599,Hàng nguội
2b0e653699c59822a40bf07d1670c6fd,HGFA017A7585A92B493E92B283256800387F,"Ich hatte viel Bekümmernis, BWV 21 (1).wav",,,2026-05-29 07:52:00.655936,,86,Tồn kho
06f545ab40ca8b68dd457416e91d160f,HGFA017A83E55A3C4E4A872E8AA8539C6060,Ella-No-Lo-Sabe_HGFA017A83E55A3C4E4A872E8AA8539C6060.mp3,,https://stock-admin.hgmedia.app/admin/resource/detail/00000000-0000-0000-0000-000000000000/audio/grid/d0be02e0-43f7-4cd3-b552-73384f2faeb4/0,2024-03-28 15:58:21.140573,,878,Lưu kho
6bd9b3b9bffa7e5cda9110381f6f4009,HGFA017B46DC6C3345679EB7051F4A36186D,Nocturne-in-E-flat-major-Op--9-No--2_HGFA2AF984BB27F64857B313E1E783D6E9BE.wav,,,2024-08-09 01:01:33.016864,,744,Tồn kho
7af8a2f4527bcfe967e6cfcaa8c6a4b2,HGFA017B485B2C54406DB356809455DB9746,spotifydown.com - Lost Souls.mp3,,,2024-10-24 09:12:48.804808,2025-02-22,668,Hàng nguội
7172aba32ecbd249be5fa84b7842895b,HGFA017C08DCA46A40659C9CFDB446F3F51F,My-Life_HGFA017C08DCA46A40659C9CFDB446F3F51F.mp3,,https://stock-admin.hgmedia.app/admin/resource/detail/00000000-0000-0000-0000-000000000000/audio/grid/673c6984-e9a8-4a58-9451-57f2db792edb/0,2022-07-15 16:35:42.519232,2023-08-07,1500,Hàng nguội
86c37521cc52a47ce764647784984e15,HGFA017C3DFF2438472BBB477082BE278235,Pictures-at-an-Exhibition-Cum-mortuis-in-lingua-mortua_HGFA017C3DFF2438472BBB477082BE278235.mp3,,https://stock-admin.hgmedia.app/admin/resource/detail/00000000-0000-0000-0000-000000000000/audio/grid/a459e796-9a93-4557-af0b-2a6434b4c143/0,2023-06-05 16:37:39.322055,,1175,Lưu kho
6fbaaa71e6daa20026cfc347e620fbe0,HGFA017DA16377FA4AC68F035B994073D01C,slow hands on sunday.wav,,,2026-01-27 09:33:35.707854,,208,Tồn kho
12ce36eef834a1f5c0d703c24a378dc4,HGFA017DC09C58D446868706B9E9EE322A6A,,,,,,,Tồn kho
c882d83dd786dcfc72388e1946e8bb35,HGFA017E01829CBE40F18EB3F84DE5D7013C,Myself.wav,,,2025-02-27 09:36:37.290544,,542,Tồn kho
cd78f54ec537a9cc8eb0ec8c6e4e2d47,HGFA017E27E18AC34D719C7D6FA50E7095FA,Run-Away_HGFA017E27E18AC34D719C7D6FA50E7095FA.mp3,,https://stock-admin.hgmedia.app/admin/resource/detail/00000000-0000-0000-0000-000000000000/audio/grid/2b53735f-fc0b-4031-aea8-a41f0835f05b/0,2024-03-13 10:19:13.767855,,893,Tồn kho
dbc267bbd9fcf79842d72d53144925a6,HGFA017EBAB2D2ED4885B165D4E06DDD1D35,Asadov---Kiss-of-Night_HGFA017EBAB2D2ED4885B165D4E06DDD1D35.mp3,,https://stock-admin.hgmedia.app/admin/resource/detail/00000000-0000-0000-0000-000000000000/audio/grid/a1439e5a-c8be-49ea-acdb-9d220539dc7b/0,2024-07-22 10:58:46.890481,,762,Tồn kho
f37256113f51afb1d71b85152e4ac01e,HGFA017F1CEFDAD54CDEA7E2C4662514DA43,Restful Rhythms.mp3,,https://stock-admin.hgmedia.app/admin/resource/detail/00000000-0000-0000-0000-000000000000/audio/grid/f57c38cf-3bfb-4269-99bd-f09fe020f73b/0,2025-08-23 08:17:45.654886,,365,Tồn kho
46229377ac4c481c5e4eb1d1c0e3a35c,HGFA017F3C3C61AC4134B15F1F478C46B191,White Static (Remastered).wav,,,2026-03-10 04:59:12.818685,,166,Tồn kho
22bddde7952e0045745f532f92654e20,HGFA017FF09571384C77A87FB9925F13DBE4,untitled---Vacation-wav_HGFA3B409C9C8F844C22818FEC0C30285C14.wav,,,2025-01-14 07:59:00.645544,,586,Tồn kho
ba4013d7e6ee46b4685bbc6ec69ce4c5,HGFA018064533A1D44FCBDF78B88DA3DB6AA,Deep House Mix 2026 _ Emotional Night Drive Vocal House Nu Disco Chill Mood _ Aura Deep Mix 3.mp3,,,2026-08-15 07:30:11.903821,,8,Tồn kho
f18ba0c5b5f98a1bf5ccc9d61ae86658,HGFA01826F574B614731B00016161722EFB6,Il-Barbiere-di-Siviglia-Overture_HGFAB4F868710DB347CCB286B1C8C808F46F.wav,,,2024-08-09 07:24:49.289154,,744,Tồn kho
81cbf2b5d55c69a024efa17655cb3f7f,HGFA0183631B35F14A678504869E2FCD3973,Dancing Tonight.mp3,QT2WN2403728,https://stock-admin.hgmedia.app/admin/resource/detail/00000000-0000-0000-0000-000000000000/audio/grid/8ab9e476-fcde-4029-bf8f-5b3a682737e7/0,2025-01-09 08:16:46.609512,,591,Tồn kho
8ef2b48ee051a2120cf87d8c67d3320b,HGFA018387229DAE4932893504EDF83DA3D6,Echo’s Waltz.mp3,,,2025-08-23 08:25:44.729603,,365,Tồn kho
61d62875b9948b9ababb9b2905c9a9c0,HGFA01839ACA65C148A69B05960D03C612AF,Get What You Wish (Bản Fix).mp3,,,2025-06-09 03:01:08.506598,,440,Tồn kho
b745d625b6438387eca033d0dc80da55,HGFA0183B4BB6DFD4ABF8887854E2151792D,"Goldberg Variations, BWV. 988 - Variation 3. Canon on the unison.mp3",,https://stock-admin.hgmedia.app/admin/resource/detail/00000000-0000-0000-0000-000000000000/audio/grid/63c18f15-946c-4c48-9c8e-154203a218e3/0,2026-05-26 07:52:16.488242,,89,Lưu kho
22684fef3be260621bcd64bc24cf0790,HGFA018415076E0749F0878CD3DDD74CA08A,Warm Lounge.wav,,https://stock-admin.hgmedia.app/admin/resource/detail/00000000-0000-0000-0000-000000000000/audio/grid/1965039e-c126-4715-8f2c-7f3c33512a47/0,2025-09-21 17:30:19.0877,,336,Tồn kho
4602d8956f2f5cc4d94697abc92ec4aa,HGFA0185316CE84D4643B8D52151F6ED7282,Faint Horizons.mp3,QT2WN2601822,https://stock-admin.hgmedia.app/admin/resource/detail/00000000-0000-0000-0000-000000000000/audio/grid/6f01d9c4-0e04-487b-b4f3-04b6b8be5f37/0,2026-05-07 09:38:17.602665,2026-05-23,108,Hàng nguội
6e25287b10b43bebf21bec7e8f240131,HGFA0185C47A0FB34D5F807D4FCC1E32CDB2,"Piano concerto in G Major, Hob. XVIII_4 - II. Adagio.wav",,,2026-05-26 08:49:21.282257,,89,Tồn kho
b84709a6fc88bc25ba84e743feb29f55,HGFA018686A9A0154B508EF4D6BA648E7477,Let Me Down Slowly_Deep House_mix.mp3,QT2WN2604538,https://stock-admin.hgmedia.app/admin/resource/detail/00000000-0000-0000-0000-000000000000/audio/grid/554c9fe4-aaa4-499c-8e9b-f7afc1e770d9/0,2026-07-18 08:30:57.193447,,36,Tồn kho
8199a2afb3e1f7e229e0a2fbbaa52a1b,HGFA0186C4F6A77A40F0AFE516BDA94E663A,"Violin Concerto in E major, BWV 1042 - Complete Performance.wav",,,2026-05-26 09:11:00.941685,,89,Tồn kho
50884671d671430934b6e71a98198698,HGFA0187500EA6404D13ADE743905A9AF064,Exilied (fixed).mp3,,https://stock-admin.hgmedia.app/admin/resource/detail/00000000-0000-0000-0000-000000000000/audio/grid/360032a3-cfcf-48bb-b823-aa3794326ee0/0,2025-05-21 01:56:54.504775,,459,Lưu kho
836657232fa1cf472a512aed77f77c67,HGFA0188F7A801B0448AB9CA873A7E9AEA05,Booma-Yee-(Official-Video)(3)_HGFAFB82FFF220B742339AC68FDC34C64CBC.wav,,https://stock-admin.hgmedia.app/admin/resource/detail/00000000-0000-0000-0000-000000000000/audio/grid/e4506e0e-8781-46bb-920a-bda46c30474a/0,2024-08-09 14:21:06.351458,,744,Lưu kho
91096b60efa062d97cb1e44421989c61,HGFA0189C4BECB024366B95B9A460D1E3971,Through Fading Light.mp3,QT2WN2403837,https://stock-admin.hgmedia.app/admin/resource/detail/00000000-0000-0000-0000-000000000000/audio/grid/5a37bc06-7f0b-44b2-9e63-047bd14bd966/0,2025-01-15 03:35:43.636006,,585,Tồn kho
264b9707f27f8b3099d252ffd9cf8799,HGFA018AE2F7A0F542EEA1D71FA8A749F071,MoonWater-77_HGFACDA70B0AB4D04CD5BA4E6204C7BA09D9.wav,,,2024-11-22 17:57:26.590664,,639,Tồn kho
6482704fa4d4bff3ec985f78428286ae,HGFA018D398FC06042C693874032B0DEA1D1,Don't Go Yet.wav,,,2025-04-10 02:31:50.440204,,500,Tồn kho
c51c697e678c0ff632134e6229d65de6,HGFA018D9BCF867A41AC9F8C04C21C270FBD,Ocean in the Desert.wav,,,2025-09-03 02:44:58.770845,,354,Tồn kho
b3e0226ceaa09fc30b200251ce37344e,HGFA018DAA223FF548B9AAA7751256AEEDCD,the-queens-quartet_loop-05.wav,,https://stock-admin.hgmedia.app/admin/resource/detail/00000000-0000-0000-0000-000000000000/audio/grid/a1d600ee-2d8f-41c9-b58c-cdcc079d3379/0,2025-10-11 00:13:08.367378,,316,Tồn kho
40e394876f3a108cab739b41d2c55a81,HGFA018E44F9DDCD4B0CAE58BDC5DFFB2850,NeonCat-85--Morning-Meditation-(Without-Piano)_HGFA018E44F9DDCD4B0CAE58BDC5DFFB2850.mp3,,https://stock-admin.hgmedia.app/admin/resource/detail/00000000-0000-0000-0000-000000000000/audio/grid/5ee4f547-f160-4740-b258-0dba8882cca2/0,2023-10-20 08:20:20.75048,,1038,Tồn kho
42e8d0949c8bf77dc38e8e4790d39418,HGFA018E83814EC14C6885DE70767EFE85FE,After Midnight.mp3,QT2WN2600374,https://stock-admin.hgmedia.app/admin/resource/detail/00000000-0000-0000-0000-000000000000/audio/grid/252c4087-ce5b-48a0-baa0-1659636ce223/0,2026-01-27 09:34:25.883047,2026-02-05,208,Hàng nguội
eebcab76dec3422336bfad5967d9a280,HGFA01903290529643A5B4FCBB5212778008,Ramoncín-Is-Playing-At-My-House-(Official-Audio)-｜-#LoFi_HGFAFFFA90180EE14BC4B5E959EC74967A81.wav,,,2024-08-09 10:03:46.097641,,744,Tồn kho
76e89c2b32d0bb35aa1ed8c553689d70,HGFA01904FBDF3FD4D84B5A42D3CC2DEAF9F,Just Liev - Deverse This.mp3,,https://stock-admin.hgmedia.app/admin/resource/detail/00000000-0000-0000-0000-000000000000/audio/grid/5a663647-5415-4b85-ae22-4f4b26f7aa0b/0,2024-09-13 09:17:08.558644,,709,Tồn kho
8b0b333a78070570e261ecdca0807f36,HGFA01906758DBA1425DAD4994DE17FED6C7,untitled - Track 4.mp3,,,2025-01-15 02:45:40.580512,,585,Tồn kho
33039f6e3a9f760d18abc08fd11e29cc,HGFA0190F25DF4704CC8B1D9D92F0A944161,Gliding Moonlight.mp3,,,2025-08-23 08:32:38.236505,,365,Tồn kho
25b38cca5217610ce44b4410851ed3e0,HGFA019163AAA096411DAE1C9DF016C099FC,Impromptu-No--3-in-G-Flat-Major-Op--51_HGFA019163AAA096411DAE1C9DF016C099FC.mp3,,https://stock-admin.hgmedia.app/admin/resource/detail/00000000-0000-0000-0000-000000000000/audio/grid/85a2cd28-5b72-490e-bba1-46e19beb0c27/0,2023-06-06 10:42:10.656545,,1174,Lưu kho
daa735475967845e6021af18ef62c776,HGFA01917B05DB7846EEBA371656E8E2E65E,Abstract-(Original-Mix)_HGFA01917B05DB7846EEBA371656E8E2E65E.mp3,,https://stock-admin.hgmedia.app/admin/resource/detail/00000000-0000-0000-0000-000000000000/audio/grid/048124f9-76bb-462b-b000-63da46009090/0,2024-05-10 17:08:39.18382,,835,Tồn kho
4e5018ffcee05c559ab717f0b550cd84,HGFA019188F3243340CCAA5EDFCE3BB26F6F,BalancingRock-2-(-You-And-Me-(Relaxing-Piano)-Sea-Of-Dreams-(Piano)-)_HGFAE9B34B426E684406B09C8AD484AB4661.wav,,,2024-11-23 17:17:01.653312,,638,Tồn kho
dc1069ab23db7ee7d4d17b9fb4f53953,HGFA0192D12A9F7B4F6D9075BF7B8D36C1A9,"PTC5186408_03_14_Wagner Siegfried, Act 3 Dort sehe ich Grane.wav",NLE421300151,https://stock-admin.hgmedia.app/admin/resource/detail/00000000-0000-0000-0000-000000000000/audio/grid/3de115ae-6a6c-4a6a-9d92-77df5a70439a/0,2026-04-07 06:05:31.734302,,138,Lưu kho
3f70f4116bedc788892f569c33d11eba,HGFA0192D41E1A944F6BA1D6B779D29B45B5,Elegy Solstice.mp3,QT2WN2501713,https://stock-admin.hgmedia.app/admin/resource/detail/00000000-0000-0000-0000-000000000000/audio/grid/7ff9c78a-ced6-4d8e-a672-2f9f57a3656f/0,2025-07-03 08:02:24.758705,2025-07-19,416,Hàng nguội
e0cd305593a5ae10fd30b16f44d335a3,HGFA01931444EFEB49F5A3990E1F9A9E089F,schubert-serenade_loop-03.mp3,,,2025-10-11 00:17:04.989692,,316,Tồn kho
11f7613d6d6a82a40cefcc91df636685,HGFA019336E1031042D8ADB0AA6977DF34A6,Subway Drift.mp3,QT2WN2403639,https://stock-admin.hgmedia.app/admin/resource/detail/00000000-0000-0000-0000-000000000000/audio/grid/eea9c959-4842-4a35-b340-eb1c6445e51d/0,2025-01-13 08:36:34.092331,,587,Tồn kho
c6baa508fdf2a90b7feb3d29b3db175d,HGFA0193640889A54AC3B18D956D388C1F8A,Violin-Concerto-No--5-in-A-Major-K--219-III--Rondeau--Tempo-di-menuetto_HGFA0193640889A54AC3B18D956D388C1F8A.mp3,,https://stock-admin.hgmedia.app/admin/resource/detail/00000000-0000-0000-0000-000000000000/audio/grid/a2c14238-a856-42f6-91b8-15903dbe2bb3/0,2023-06-05 18:02:00.116506,,1175,Lưu kho
77edf7dc3dd34f8d75babb94afa105e0,HGFA0193764176EB44EC87E9A754D9BA7E69,Cherry Wine Nights.mp3,QT2WN2500921,https://stock-admin.hgmedia.app/admin/resource/detail/00000000-0000-0000-0000-000000000000/audio/grid/4a4a5010-74a7-4a9c-b809-cb4385e654ba/0,2025-02-27 07:26:35.164163,,542,Tồn kho
c4669f980858b9823f40cb78226fbae3,HGFA01937B6E1D1245EEAB645D7C449322CF,Golden Porch.mp3,QT2WN2504658,https://stock-admin.hgmedia.app/admin/resource/detail/00000000-0000-0000-0000-000000000000/audio/grid/652d237c-3a11-4fad-82e7-cb4bf11e7e73/0,2025-12-01 08:34:55.853383,,265,Tồn kho
5e7cea2c1119b6f0af0006d305254c33,HGFA0194BEA8C18B4D2AA41AF740036435EC,PTC5186671_01_29_Janacek Nursery Rhymes VIII Frantik Frantik.wav,NLE421701329,https://stock-admin.hgmedia.app/admin/resource/detail/00000000-0000-0000-0000-000000000000/audio/grid/d1226e3d-bb38-4dce-ae2c-45147af2f090/0,2026-04-07 03:31:22.750047,,138,Lưu kho
cab9a3207f30d9e628be29c9897e6bed,HGFA019536DC4D1240E6971ED47DD5290A67,Relaxing-Jazz--Wake-up-Music_HGFA28EB5850014E4646846A4D08078885CA.wav,,,2024-08-09 03:26:13.179781,,744,Tồn kho
c82f8132af3036baec7d9d672c0c0332,HGFA01954FDC39AA4DBFA721B68E9A81B7F7,Clouds Forget.wav,,,2024-11-26 08:51:02.721837,,635,Tồn kho
c2f920942819b4106ce532266e1088a2,HGFA01957A05468A4E2CA666ADECB57C2597,,,,,,,Tồn kho
9667e542f6e302366f47dece834a7b7c,HGFA0195B642C105497B806F4026E34E689F,"La Creation, Premiere Partie I0 - 14, II.wav",,,2026-05-26 08:17:17.13354,,89,Tồn kho
0db96c31d66f223235576a738cc7d60e,HGFA0195B6B574E34604BA6553A909BE63B5,Horizon_HGFA99FC7AC495E94302A756206090A278B0.wav,,,2024-08-09 06:47:14.885292,,744,Tồn kho
e006a46311f350d3aee7682d1e2a011a,HGFA0197A5EC060C4C11A536EBA44EA808E9,Flicker Cold.mp3,QT2WN2501991,https://stock-admin.hgmedia.app/admin/resource/detail/00000000-0000-0000-0000-000000000000/audio/grid/e6ede637-3db8-4349-b966-884f19633cf5/0,2025-08-19 04:03:28.706696,,369,Tồn kho
beb0f0bbab529e3f12a166a3e0fb1a38,HGFA0197C177427D49A68B38936E15E11559,Fall-(Official-Audio)-｜-#EDM-#BigRoom_HGFA0197C177427D49A68B38936E15E11559.mp3,,https://stock-admin.hgmedia.app/admin/resource/detail/00000000-0000-0000-0000-000000000000/audio/grid/de8667dc-52df-496c-a704-baafc66b482e/0,2024-03-19 11:31:29.376506,,887,Lưu kho
a7de7e3e8e4c937b81b8a7178a111ae7,HGFA019805E7358F43188CCA400C9457B831,Moonlit Shoreline.wav,,https://stock-admin.hgmedia.app/admin/resource/detail/00000000-0000-0000-0000-000000000000/audio/grid/e82c9c92-f1e6-43b7-be98-df747b29b4d1/0,2025-11-20 10:25:34.202336,,276,Tồn kho
6978c4b7c942b5363fe477af86bba191,HGFA019844D1185B4098994CFA48B7BD705B,Once in Royal David’s City (English version) - Clara Nöel.wav,,https://stock-admin.hgmedia.app/admin/resource/detail/00000000-0000-0000-0000-000000000000/audio/grid/989b2133-ea57-441e-a78e-a25699831fed/0,2024-12-11 04:53:41.695933,,620,Lưu kho
f816e1e791aa9c2a1f6dd3468f942279,HGFA0198C374BABC4D24AF83B44E125D147A,"PTC5186397_01_04_Liszt Piano Concerto No 2, Adagio sostenuto.mp3",,,2026-04-07 08:50:04.87759,,138,Tồn kho
673c64a7101b6a73bfe1e91bf915f5ba,HGFA019981D743504455AE37D32851D1256E,mozart-in-the-trap-(easy-sonata-in-c-major)_stem-01.wav,,https://stock-admin.hgmedia.app/admin/resource/detail/00000000-0000-0000-0000-000000000000/audio/grid/81d160b4-9a41-47ac-b382-1fff119b1f8a/0,2025-10-13 07:51:04.151801,,314,Tồn kho
63c90ec728454fe1f37e8d6d5556f21f,HGFA0199F330876C4D27A2FBBAB2A4FE9923,Tropy Jack - Her Joyful Melody .wav,,https://stock-admin.hgmedia.app/admin/resource/detail/00000000-0000-0000-0000-000000000000/audio/grid/bbbd3050-4aa6-4916-9d8e-46621cda32da/0,2024-09-24 03:27:34.068189,,698,Lưu kho
8e5e747c2cf90d67dc6bcf4f852d7eeb,HGFA019A1F7871CA4B5ABF5DD8579220455E,"Violin Sonata, Op.4 - III. Allegro agitato.mp3",,https://stock-admin.hgmedia.app/admin/resource/detail/00000000-0000-0000-0000-000000000000/audio/grid/64a4dca9-0411-46b2-a6b5-3c196c7df005/0,2026-06-04 02:33:24.744311,,80,Lưu kho
d7c28b18460d4b272757112f56295af8,HGFA019A8527AD464114B4C1987F68EFFB19,Vocalise.wav,,,2026-05-20 03:10:24.367591,,95,Tồn kho
d1d0316f5c071a5fc7e86fd4f63920bf,HGFA019ACE6CCA1C4B63B217C09D38317C68,Linkin-Jump_HGFAB45A10C4745E46B28000D9EAC5D23B36.wav,,,2024-08-09 08:58:59.292649,,744,Tồn kho
54d99f012031ff95e7a275bf4d1c4f93,HGFA019B96C37A07465BA5540714FA6595E5,Carmen-Suite-No--1-VI--Les-Toréadors_HGFA019B96C37A07465BA5540714FA6595E5.mp3,,https://stock-admin.hgmedia.app/admin/resource/detail/00000000-0000-0000-0000-000000000000/audio/grid/900a01f3-b6b9-41bd-947d-85d1978a8e3f/0,2023-06-05 16:27:15.269757,,1175,Lưu kho
2295f282c830f5e4d5f48cd0066cc56c,HGFA019BDF9F5A2A4318B4BB0B2ED8E6377B,GirlSleep-153_HGFA19B1DD7FC41249FFB7C38CEDF9D433F9.wav,,,2024-11-23 11:37:47.26725,,638,Tồn kho
9ce5209f68ae30160c48200f1f027994,HGFA019C123DFBDC48139A541000240A7DFF,Bendungan Waruturi.wav,,https://stock-admin.hgmedia.app/admin/resource/detail/00000000-0000-0000-0000-000000000000/audio/grid/f1a43d49-b7a5-44f2-95b4-11bc41e3af05/0,2024-10-08 04:46:04.377449,,684,Lưu kho
9578fe2274b7181ce308d86d248f36a8,HGFA019D3DA3A3014F4780D5B1F721C8B804,Soft-Trumpet-Jazz_HGFA2D9B371DCB604E32B9B36657FBC3ED80.wav,,,2024-08-09 02:46:21.250216,,744,Tồn kho
5e5ac7ab5fa94e6899646391c3bdd412,HGFA019D9DD911444CBBAD9FFCFA9CA56081,Heres-To-You_HGFA019D9DD911444CBBAD9FFCFA9CA56081.mp3,TCAEU2014525,https://stock-admin.hgmedia.app/admin/resource/detail/00000000-0000-0000-0000-000000000000/audio/grid/1ad9cc11-09e7-45a6-8f3d-235d7a02aca9/0,2022-05-19 18:44:57.945859,2025-06-02,1557,Hàng nguội
d78455480e5e85955c12a07de4f46cd8,HGFA019E1413DFC84E389751E6A4CE368835,Cantata BWV 201 - 13. Air Mercure b.wav,,,2026-05-26 07:17:39.075506,,89,Tồn kho
184ccef2bd22676547ed4acd0743a1ee,HGFA019FF0BE45D143CFAC104C31DF5D8F52,2. Midnight Never Asked Us to Leave - No Vocal.mp3,,https://stock-admin.hgmedia.app/admin/resource/detail/00000000-0000-0000-0000-000000000000/audio/grid/ee999313-a139-4e0a-8a8a-67c6e9ab13fd/0,2026-05-27 10:36:21.946453,,88,Tồn kho
8a8a07d6c99ec7b682b9515157494e73,HGFA01A0AB086BB74C24A9034A9D8686E551,Love-In-The-Air-(Official-Video)(1)_HGFA34F0E64C27284D56918779FB3FB791D0.wav,,,2024-08-09 02:32:45.282186,,744,Tồn kho
f03cc2b085d38deaad7e657d39e7eecb,HGFA01A1004036F340FC9ECED5E885B1E5A3,"Trio in E Flat Major, Op. 38 - IV. Andante con Variazioni.wav",,,2026-05-26 09:42:18.997668,,89,Tồn kho
468b0406ea28db24422eec6c00895122,HGFA01A511D6D3FE4CE3940A9BD8872D4C01,"PTC5186355_01_23_Mussorgsky Pictures, The Heroic Gate.wav",NLE420900923,https://stock-admin.hgmedia.app/admin/resource/detail/00000000-0000-0000-0000-000000000000/audio/grid/3bb71184-e962-43d9-93c2-1101e6d1c5e3/0,2026-04-07 09:37:31.936006,,138,Lưu kho
bb058be8e4ced12f8bf7e4371f01e249,HGFA01A538B5C77A4EBC913A09C7732DE355,Throne Of Praise.wav,QT2WN2603625,https://stock-admin.hgmedia.app/admin/resource/detail/00000000-0000-0000-0000-000000000000/audio/grid/97244510-3f57-4d2a-b2af-3a6c06e6e95d/0,2026-07-21 02:49:13.950952,,33,Tồn kho
7bd528d7cc5ea790b95154dfb8594605,HGFA01A5EBFA61724FD49BD2F78F563CE846,2.wav,,,2025-10-27 06:41:51.423006,,300,Tồn kho
0136f5f3e8f101eaa09ea7406d5a2db5,HGFA01A6457F3AB64F43A27C07B22FFF6F06,Barefoot Waltz.wav,,,2025-01-03 02:29:30.480032,,597,Tồn kho
03e80623ceaf513ffb018de6a889c75e,HGFA01A69CD39FCE4A4F8208EFBAD21B3581,Twilight Serenata.wav,,,2025-02-03 03:15:03.692253,,566,Tồn kho
bf9b596d856d6d01eaa0ff6286402c4f,HGFA01A808654D054FE7A274DA6C3CFC1CB1,Discovery (Bản Fix).wav,,https://stock-admin.hgmedia.app/admin/resource/detail/00000000-0000-0000-0000-000000000000/audio/grid/f09a6ce2-1103-4b9e-a6ec-c7f574b37a0d/0,2025-06-11 09:42:08.19034,,438,Lưu kho
934d2dd7c2ece627ee7c1ea1c59a526f,HGFA01A826B0049540D9B6D58180085547BA,Rantau Den Pajauah.mp3,UKRKJ1901784,https://stock-admin.hgmedia.app/admin/resource/detail/00000000-0000-0000-0000-000000000000/audio/grid/11843bc8-200e-4976-882e-7650bb414b94/0,2024-10-08 09:15:40.85661,,684,Tồn kho
8fa5d1e98d0e92a4e4c97be12997fe17,HGFA01A8402777FB46EB83EED7ACF5150B0C,Fantaisie-impromptu-in-C-Sharp-Minor-Op--66_HGFAA9D7630E23A7457FB174AB31D7B7FAD5.wav,,,2024-08-09 04:05:13.182625,,744,Tồn kho
7deba13ada66b0e81574c768cbd9d186,HGFA01A86E46AF1E4EE19CE4F9CFD87A233F,Motivational-Epic-Piano_HGFA7CC1FDC371B34373B761B282D5159F78.mp3,,,2024-08-09 07:01:25.517358,,744,Tồn kho
10b639f83f7c0b116d919ac935c8c250,HGFA01A8844B1F304F6395C9E2883F8CDADA,MoonHouse-199-mix_HGFA0C3B6EC4249F4EA3B75C01A17BA72F63.wav,,,2024-11-22 12:44:00.845227,,639,Tồn kho
bf51838cabcc2c63920c9961c7227019,HGFA01A8ED6E67BD482980ABFD91189255CD,Way Down We Go_Afro_Ver1.wav,,,2026-07-20 05:04:39.627713,,34,Tồn kho
607f0c3508608cb09369463c643d17d5,HGFA01A9EFCF9ECD473F9DDDD22D356E43D0,Keep You Safe.mp3,QT2WN2503942,https://stock-admin.hgmedia.app/admin/resource/detail/00000000-0000-0000-0000-000000000000/audio/grid/8d92681b-0c2b-4fd0-a9d9-bb8cca78a1de/0,2025-11-11 03:56:47.082464,2025-11-18,285,Hàng nguội
7327a07cb34560ee9d3d11fbbda57d23,HGFA01AAD267A9B44C7393816690F75F472F,T1-Fade Into Motion.mp3,QT2WN2600262,https://stock-admin.hgmedia.app/admin/resource/detail/00000000-0000-0000-0000-000000000000/audio/grid/1d0a9548-7099-47c1-9a16-29cb416ab2e3/0,2026-01-22 08:39:34.507798,2026-05-22,213,Hàng nguội
c690c216dd0a50bbfe4a9c9c399753cd,HGFA01ADC7C339AD47AF9C85B778F8E3AB31,,,,,,,Tồn kho
b579d8ef47324330678f04953877f51e,HGFA01ADCD4D8A684766A42F7F0CC83F1A55,House 27-2 - Real love.wav,,,2025-03-03 07:30:56.762194,,538,Tồn kho
42a25f761ec816e6bde13e0d7688f380,HGFA01AFDEC724E940ECB92E9EA8D35C3BF0,"PTC5186402_03_01_Wagner Meistersinger, Act 3 Vorspiel.mp3",,,2026-04-07 09:43:29.610426,,138,Tồn kho
4c80f3f068bab6c3e4b3b4591eb7ea9e,HGFA01B061394C07469EBE2E5A3305DFCF52,Silent Desire.mp3,,,2025-11-20 07:42:50.482198,,276,Tồn kho
e538a530b05f54cef036bf02a464a3c3,HGFA01B0FA2EDF4C4460A72D073641019D6B,Passing By.mp3,QT2WN2400210,https://stock-admin.hgmedia.app/admin/resource/detail/00000000-0000-0000-0000-000000000000/audio/grid/c263accf-6f62-4b8e-878f-a0329f275317/0,2024-08-21 10:42:33.711752,,732,Tồn kho
a52a1e1a1ae6074fefa5cc36714a1f29,HGFA01B1488BAF6045D5BE58679C909C0AB8,13 piano Soothing - Track 5.mp3,,,2025-03-13 03:57:23.308126,,528,Tồn kho
3ed1a5b701e37a03f0d3d38e4d1178f6,HGFA01B26FF766404FEEAFC6CC054788BB87,piano soothing (39).wav,,,2025-01-17 06:51:50.305434,,583,Tồn kho
9bb0d3fd521855ef87aafb7b3859ffdf,HGFA01B2D8FE3D8D431C8AC216775E4A3514,Jazz lofi 17-2 - Track 14.wav,,https://stock-admin.hgmedia.app/admin/resource/detail/00000000-0000-0000-0000-000000000000/audio/grid/45936612-3a9d-403d-bb8a-29214be691e1/0,2025-03-03 02:20:47.424811,,538,Tồn kho
3d205017a9f76336d4621fd6e4d8a20d,HGFA01B36FAAD47E4DA28F885CBF7217489E,Overpass,NULL,,,,,Tồn kho
fed608c47555d4886dfda700022fa781,HGFA01B419DD770148B3815472F3983ADD86,Fox---Lapis-Lazuli_HGFAA18CD04957E6460CAA39DF4B24881553.wav,,,2024-08-09 06:15:43.165169,,744,Tồn kho
103553fb31d6c9a3c20429dc2452c509,HGFA01B5E28661844E19A8EE3AA9A0EDD4BC,16---Giúp-tâm-yên-tĩnh-khi-ngủ---Chill-Piano-version_HGFA01B5E28661844E19A8EE3AA9A0EDD4BC.mp3,,https://stock-admin.hgmedia.app/admin/resource/detail/00000000-0000-0000-0000-000000000000/audio/grid/001fe7fc-62fd-4e31-ab79-a50c885af83a/0,2023-08-09 11:40:07.609452,,1110,Lưu kho
26e837fb9085f7997e9dac8c45042129,HGFA01B5E7B1425B4EC29F2BEC7E638F3633,What A Journey.wav,,,2024-11-06 02:05:29.204309,,655,Tồn kho
b381fe922e8d28592f86fd9a39180f94,HGFA01B7501DA3164ECCB86A5CC0F75C6B0A,Lake Dream.mp3,QT2WN2403043,https://stock-admin.hgmedia.app/admin/resource/detail/00000000-0000-0000-0000-000000000000/audio/grid/8bac3680-a471-45d9-a080-665fcff69b3c/0,2025-01-06 10:34:44.788148,2025-03-11,594,Hàng nguội
835494677310434f079953ccd431b819,HGFA01B783BA9039491994B77608AD86AE4D,Give In.wav,,,2026-08-03 10:13:14.292338,,20,Tồn kho
edccb8c9befe6bfb7e348b3afa4d71f4,HGFA01B7A14587CC4816B985AA90B827E006,"Debussy, Claude - Ariettes Oubliees - IV. Paysages Belges (Chevaux de bois).wav",,,2026-05-26 07:24:17.351497,,89,Tồn kho
65fc2ff3cdca0b1b23e00bd742f31d44,HGFA01B7CB7FDFCE4BF29F7AB8C04FBA79BF,Chosen Constraint.wav,,,2026-05-11 08:03:45.760382,,104,Tồn kho
0615abdead0e9237a698711849d8e665,HGFA01B84A9344464E3993272A983EC39DEF,"PTC5186029_01_02_Stamitz Sinfonia a Quattro in F, Andante.wav",NLE420303402,https://stock-admin.hgmedia.app/admin/resource/detail/00000000-0000-0000-0000-000000000000/audio/grid/3963123e-035a-4c8a-861d-bf6fca8fbeb8/0,2026-04-07 12:57:42.69017,,138,Lưu kho
778a648560cfa91191ef9511326437f1,HGFA01B850E5136D4597AF8813D71ABF5253,The-First-Noel-Classical-Piano_HGFA01B850E5136D4597AF8813D71ABF5253.mp3,,https://stock-admin.hgmedia.app/admin/resource/detail/00000000-0000-0000-0000-000000000000/audio/grid/4da87a38-fa55-486f-98ae-86e11b14c12c/0,2022-09-07 17:13:47.290526,,1446,Tồn kho
c8325c58a5b50fb29be36e8ba42638c7,HGFA01B908EF93844FA78642620F8515C8D3,Consolations-S-172---No--3-Lento-placido-in-D-Flat-Major_HGFA01B908EF93844FA78642620F8515C8D3.mp3,GX3HH2358714,https://stock-admin.hgmedia.app/admin/resource/detail/00000000-0000-0000-0000-000000000000/audio/grid/ea1df644-cc50-4600-a8dd-4c00e6bc2267/0,2023-08-01 09:20:15.963479,2025-04-19,1118,Hàng nguội
8b3b432c25bf89c52153adc890e8d625,HGFA01B96402680446879F907868BCB85C09,Enjoy-Dream_HGFA01B96402680446879F907868BCB85C09.mp3,,https://stock-admin.hgmedia.app/admin/resource/detail/00000000-0000-0000-0000-000000000000/audio/grid/408a2617-f8fb-46d6-a0a0-0fbe19803b92/0,2023-05-26 15:20:08.252201,,1185,Tồn kho
59938a03c0c83e40efaf3810ccde4562,HGFA01BAF95CF2F84AFBB71EF51B91AC6A36,,,,,,,Tồn kho
7721affaa327608474b7e8ecb5b8646e,HGFA01BBBCDB5C1F49019F469EE096602360,Chỉ-có-thể-là-hết-yêu-Dani-D_HGFA01BBBCDB5C1F49019F469EE096602360.wav,,https://stock-admin.hgmedia.app/admin/resource/detail/00000000-0000-0000-0000-000000000000/audio/grid/6357bf16-70b7-417e-b8aa-d483bd8b2e3e/0,2022-09-20 15:58:41.286385,,1433,Lưu kho
ded0ebdf96eab4a29d6fe9d03494a7fb,HGFA01BC43EE05CC49D0872CD5694A02CD50,Room Service.mp3,,,2026-07-09 10:47:06.181941,,45,Tồn kho
0f358b9f3dde60fead330999e8f5ca71,HGFA01BC449D415346BD81717E178DC98071,Selling-the-moon_HGFA01BC449D415346BD81717E178DC98071.mp3,,https://stock-admin.hgmedia.app/admin/resource/detail/00000000-0000-0000-0000-000000000000/audio/grid/76c64338-d550-4025-9860-ba875eb4fbb6/0,2023-09-30 16:04:29.171041,,1058,Lưu kho
d4794d891a38f1ef8e65ec742352acc3,HGFA01BC6E8EB89E4D56A179C6F1754B2DE3,Dancing-With-the-Stars-(Two-Original-Mixes)_HGFA01BC6E8EB89E4D56A179C6F1754B2DE3.mp3,,https://stock-admin.hgmedia.app/admin/resource/detail/00000000-0000-0000-0000-000000000000/audio/grid/4152886a-e8fc-4a13-8fe7-28ac1d98cd50/0,2023-06-15 08:53:13.914547,,1165,Lưu kho
bf1e5645b7898177dbb3370d4389aa5d,HGFA01BC8958DCFF49138317B89AD3BFE114,Nando Fortunato - I'm Down For You.mp3,,https://stock-admin.hgmedia.app/admin/resource/detail/00000000-0000-0000-0000-000000000000/audio/grid/ecf67308-94fe-4279-be68-a3cb7089c99a/0,2024-11-29 09:18:14.910507,2025-03-05,632,Lưu kho
d3f6dbdae6531332eec9e3b2f657d7ae,HGFA01BD6862EA94496EBB4EC8A9BBDD5B87,"The Well Tempered Clavier, Book I, BWV 846-869 - Prelude No. 19 in A major, BWV 864.mp3",,https://stock-admin.hgmedia.app/admin/resource/detail/00000000-0000-0000-0000-000000000000/audio/grid/3ece68ca-03f6-45de-a2eb-20c6d43544e1/0,2026-05-26 09:14:43.249679,,89,Lưu kho
34d2e5df152393319a5dade8b18a2757,HGFA01C2369B834B4291B416D3EE5199BB12,"J.S. Bach - Sonata No.1, G minor - IV. Presto.wav",,,2026-05-26 08:11:00.234667,,89,Tồn kho
f900512ae79e192d097d8f1219c47daa,HGFA01C29FDC931A4658BB49C8E18C564C90,9db357e3-c9da-42c1-98bd-de0af2906977_HGFA01C29FDC931A4658BB49C8E18C564C90.mp3,,https://stock-admin.hgmedia.app/admin/resource/detail/00000000-0000-0000-0000-000000000000/audio/grid/f0a46c73-616d-4c03-bf72-48546142d7f1/0,2024-08-12 10:21:34.052505,,741,Tồn kho
4f23ad130f3fdb1bdb19564c49ed1fae,HGFA01C3C42432234BA29EB21FF73BDC98D5,You Draw My Pain.mp3,QT2WN2401022,https://stock-admin.hgmedia.app/admin/resource/detail/00000000-0000-0000-0000-000000000000/audio/grid/4afe32a2-c4b4-48e5-84c9-be18511628a9/0,2024-10-22 04:33:23.503812,,670,Tồn kho
2f04c95d43f13d78cbbfbad476ba2a0c,HGFA01C418006F784B19937B5F15E9D819AE,741-Hz-Full-Body-Cell-Level-Detox_HGFABBCC316D3A024B9689978F3B5D5E3FC3.wav,,,2024-08-09 05:58:34.397601,,744,Tồn kho
5fc2b02c5cc5e93954c33e34746ec9e0,HGFA01C47411EA2C4309BB518BF7E8FE59F4,Soft Serenade.wav,,,2025-01-03 09:03:41.83069,,597,Tồn kho
8a948cef9b8b86a2955550ed877d66ee,HGFA01C4D5D84C0E47CC997A0893C3C8180B,Ocean Breeze - V2.mp3,,,2025-08-14 10:13:15.122271,,374,Tồn kho
21508c69b121e456d92dc357173c17ee,HGFA01C74DD834FC44F7B8FCF3C8B3C96707,Wayfaring Stranger.mp3,QT2WN2602132,https://stock-admin.hgmedia.app/admin/resource/detail/00000000-0000-0000-0000-000000000000/audio/grid/28b3c760-b49b-40e9-8ff8-f239e6ff3be1/0,2026-05-15 02:03:21.15693,2026-06-29,100,Hàng nguội
3cf649466e3d25ebf02610e2fab9f65f,HGFA01C7EC6409E24898915A4264F362BF10,Keep on hoping,NULL,,,,,Tồn kho
7e185ad072a3b7da4bb2616439d31e08,HGFA01C93D41A13D417091B6B81BFA2E2C9C,Coraçao-(Esteban-Lopez--Binomio)-(Remix)(1)_HGFA01C93D41A13D417091B6B81BFA2E2C9C.mp3,,https://stock-admin.hgmedia.app/admin/resource/detail/00000000-0000-0000-0000-000000000000/audio/grid/b8fa450f-4933-45c3-b3c8-502013db2239/0,2024-03-19 16:50:00.54135,,887,Lưu kho
d5cc7212edb9fdb6bc96db390beab373,HGFA01CA450C41E74B2D88B71F53EA1CB73C,Fake-Mustache_HGFA01CA450C41E74B2D88B71F53EA1CB73C.mp3,QZFZ61931554,https://stock-admin.hgmedia.app/admin/resource/detail/00000000-0000-0000-0000-000000000000/audio/grid/356638cd-1632-42d0-8e74-dea4619c54f8/0,2022-10-08 10:09:14.512524,2025-03-29,1415,Hàng nguội
4572b23d1b05df67f319d40ed72f9a9d,HGFA01CA7AA8BE0940518BBC92C15C4F42BF,Atomic Boom.mp3,QT2WN2401676,https://stock-admin.hgmedia.app/admin/resource/detail/00000000-0000-0000-0000-000000000000/audio/grid/2d376c1d-618e-4d2c-9554-39e6b77827dd/0,2024-12-18 04:58:45.836206,,613,Tồn kho
787f59e5a0f90eca61b567bb6f516c26,HGFA01CB6AC9D02E4FE0ACC7819C8F97C9D3,Kok Iso Yo#.mp3,,https://stock-admin.hgmedia.app/admin/resource/detail/00000000-0000-0000-0000-000000000000/audio/grid/17dc377a-f15d-4263-a1db-a488c06fb902/0,2024-10-08 08:23:59.440874,,684,Lưu kho
e7d49d5675bcd076aff47db4f13d8473,HGFA01CBF2194DF6441FB629E78D72FEEFB9,IV. Rondo.mp3,,https://stock-admin.hgmedia.app/admin/resource/detail/00000000-0000-0000-0000-000000000000/audio/grid/692f1b2f-0a2c-4e7b-be9a-53e60a61aeab/0,2026-05-26 08:55:06.298983,,89,Lưu kho
9014069797c7f8bf2942a50a1699065c,HGFA01CEC98144F64C9ABB4039E1C024787B,HouseField-15-(Beautiful-Relaxing-Piano)_HGFA976F26BF48284F74BA1A9E79DC2EC666.wav,,,2024-11-23 14:56:28.458107,,638,Tồn kho
7d8594fcfe6d8adc02e01986f3249941,HGFA01D09ACCBC1B472FBC9FFAED3D564722,Stabat-Mater-P--77-Sancta-Mater-Istud-Agas_HGFA5EFE1E9CFBA3458CB88594DC6BDC1499.wav,,,2024-08-09 05:10:30.981601,,744,Tồn kho
868fd47fab3251937252cb5bee829812,HGFA01D0EB8565EE47D4A8428BE491BAE489,Inciso-No--3_HGFA01D0EB8565EE47D4A8428BE491BAE489.mp3,,https://stock-admin.hgmedia.app/admin/resource/detail/00000000-0000-0000-0000-000000000000/audio/grid/077dc003-7878-40e5-ba39-6bb9d38acbe4/0,2023-06-02 16:57:06.774089,,1178,Lưu kho
80766d23341c6bb6bfa0e47abd3f855f,HGFA01D122C8926E410D9DB0819AE57B3859,"PTC5186307_01_12_Brahms Symphony No 1, Andante sostenuto.wav",NLE420700612,https://stock-admin.hgmedia.app/admin/resource/detail/00000000-0000-0000-0000-000000000000/audio/grid/60da7abd-ea1f-4f68-bd02-5ebae932ac87/0,2026-04-07 11:46:25.843468,,138,Lưu kho
17e1c41b2aa79a6cc1ea075cd1d75520,HGFA01D18BBE7A784AE6B28A5B45FC89BEC0,Yeyen Vivia - Udan Tresno.mp3,UKRKJ1902537,https://stock-admin.hgmedia.app/admin/resource/detail/00000000-0000-0000-0000-000000000000/audio/grid/f433a3d6-7ae0-4eef-bc53-6c0caee2481f/0,2024-10-23 09:24:09.201316,,669,Lưu kho
6358d1087a01be319a342029deeffcb0,HGFA01D1E09FC0914270B162A9ECDCD773AB,In Gentle Stillness.wav,,,2024-11-06 02:05:38.012204,,655,Tồn kho
c31b80d7392a8f34d43f0f3543f3c202,HGFA01D20588CD5B4D8C8D0D228D1C5A423D,My-diary_HGFAF281D7D9D2C0435FBDFF831F7D73FC55.wav,,,2024-08-09 14:08:08.153969,,744,Tồn kho
edc325970ec84606a1bfcbddfafec957,HGFA01D2535A011F468D9F0AA950BDF2FB3D,"PTC5186032_01_11_Khachaturian Suite from Spartacus, Variations.wav",NLE420303211,https://stock-admin.hgmedia.app/admin/resource/detail/00000000-0000-0000-0000-000000000000/audio/grid/2ff1fdc2-decc-4f43-9c81-e83de2727dc1/0,2026-04-07 13:03:33.732748,,138,Lưu kho
a663fb019852a9cd6a6da80212944c20,HGFA01D32CE29986463AB87BE378AB5AAC1B,Stabat-Mater-P--77-Eja-Mater-Fons-Amois_HGFA01D32CE29986463AB87BE378AB5AAC1B.mp3,,https://stock-admin.hgmedia.app/admin/resource/detail/00000000-0000-0000-0000-000000000000/audio/grid/039b4ee5-ec3f-465c-b641-ec4d5fdaa68b/0,2023-06-05 18:03:47.604207,,1175,Lưu kho
974cb873836673c7c8ab7ded8c745f37,HGFA01D332C7C8B248F6934357EEB89AC983,TelemannSonataAminor(3)Andante.mp3,,https://stock-admin.hgmedia.app/admin/resource/detail/00000000-0000-0000-0000-000000000000/audio/grid/ffc61e8a-c1d4-4d2f-a107-f24e1a62786a/0,2026-05-26 09:07:57.328378,,89,Lưu kho
90f35845717d4ccd533e494817bc01b4,HGFA01D4DF2D85AB4CF8B54928B28A7C715F,Mist-Kissed Fields.mp3,QT2WN2401257,https://stock-admin.hgmedia.app/admin/resource/detail/00000000-0000-0000-0000-000000000000/audio/grid/c032f59c-f5f7-49d2-811d-337531f05e45/0,2024-11-08 10:02:54.111082,,653,Tồn kho
6d6ef5ef5fc3b7f77814d0a5bf77c1a7,HGFA01D565E1250E4D58B92F2CF4B632D715,Fall Into You CID.mp3,QT2WN2503943,https://stock-admin.hgmedia.app/admin/resource/detail/00000000-0000-0000-0000-000000000000/audio/grid/d8ac3bf5-7ea2-4bc3-87fb-be86265214ba/0,2025-11-25 08:12:48.789258,,271,Tồn kho
46d7d8dc3ac35cf6fa80c8d7ef7f43ed,HGFA01D57CB2359A4BE4A3E7D06DC177BD26,Looking-for-you_HGFAC001136E4C5245088B3CFEEF1218AAAF.wav,,,2024-08-09 09:05:08.584677,,744,Tồn kho
d3a42b5a0af516dd987ce1c83059cae7,HGFA01D585026F3D490DBB63EF6C94D1FC1A,30-Études-progressives-Op--46-No--25-in-F-Major-Allegretto-con-moto_HGFABD5C1DC90BA5446D9078F760519E3DCD.wav,,,2024-08-09 10:46:36.866821,,744,Tồn kho
6e6d4289d46f67a58cf1b68d4c2b1532,HGFA01D60F1FDFE64839883B4A22441C1FF4,Lungo-la-Senna_HGFA3025074C84DD4B928C1C71258EF7574A.wav,,,2024-08-09 03:11:19.703053,,744,Tồn kho
91d0ecb7a0ef649598f69822edb7806c,HGFA01D6E0E3AE8649C5B9FD8DD46B7D47F2,piano soothing (48).wav,,https://stock-admin.hgmedia.app/admin/resource/detail/00000000-0000-0000-0000-000000000000/audio/grid/3ff8e211-f13b-4ef7-8413-4bb4553388c1/0,2025-01-17 06:49:43.52106,,583,Tồn kho
5928de5303a6e0e642570e29b639f647,HGFA01D86DC0B0B4458297E64DDA6F70D9C9,Grey-Nights-(Original-Mix)_HGFA01D86DC0B0B4458297E64DDA6F70D9C9.mp3,,https://stock-admin.hgmedia.app/admin/resource/detail/00000000-0000-0000-0000-000000000000/audio/grid/1d7aa7a1-cacb-4807-adb2-96645703653d/0,2023-06-15 08:52:56.439535,,1165,Lưu kho
550dca3c85dbef8b9c601214e3eb4a88,HGFA01D8793818DE4BD0AD4AF07C193DC0B6,e709bdce-662b-41c6-8b6b-9be1a6afde3a_HGFAC4CEFCD437724900A5062042C670D54D.wav,,,2024-11-22 13:49:17.009269,,639,Tồn kho
84b9c89f86e2614c5b6f4b7d32164a99,HGFA01D8A82163A145D5905617D816016EF4,Yoann Garel - One Last Day.mp3,UKZGC2309141,https://stock-admin.hgmedia.app/admin/resource/detail/00000000-0000-0000-0000-000000000000/audio/grid/38bd14e9-3e86-4fe0-a657-53a0f80656c2/0,2024-09-12 02:56:40.765914,,710,Tồn kho
a516ecdee65b496332855d67847390f6,HGFA01D94C36DF1B4728B976A87733600005,Get-Down-(Jony-Safa-remix)_HGFA4482E65BDDCA4676A00E1F9E7661618D.wav,,,2024-08-09 04:01:21.502196,,744,Tồn kho
8dc5063510967f457b910762f9d0146b,HGFA01DA78670D1346EAB02C1F56FD4A7661,PTC5186872_01_14_4 Liriche P125 II La Naiade.mp3,,,2026-04-06 16:02:08.1149,,139,Tồn kho
4ec65a92a1963a31cc8e3305bafe1fa9,HGFA01DB4359679E4A30AE9AAC4BD1A6F6DB,spotifydown.com - GALACTICO.mp3,,https://stock-admin.hgmedia.app/admin/resource/detail/00000000-0000-0000-0000-000000000000/audio/grid/575b30f5-0fef-4a34-90fb-4a1afed5bd7d/0,2024-09-14 08:48:17.604569,,708,Tồn kho
67608a6887547eb911df2f17c15798a0,HGFA01DBAAF09C4A4950BA2A167A678B2BA5,BonsaiOrange-20-(-Dream-Lake-Soothing-)-fix_HGFA01DBAAF09C4A4950BA2A167A678B2BA5.mp3,,https://stock-admin.hgmedia.app/admin/resource/detail/00000000-0000-0000-0000-000000000000/audio/grid/b90064eb-d063-4cbc-8f68-2a2d057f9ce8/0,2023-09-28 15:05:03.634804,,1060,Tồn kho
0a3b731f931953fc355fcba8ccebf7ae,HGFA01DCCFC21D664A14BD20B4BB80402369,Never-Go-(Housenick-Remix)_HGFAFF9C8DE74423457DA64114313280B2E1.wav,,,2024-08-09 14:15:21.868937,,744,Tồn kho
b2a74f63bc47ce03bb02ad1109c82954,HGFA01DCF174C00D459AA21F032EEB805A8E,Für Elise _.mp3,QT2WN2602408,https://stock-admin.hgmedia.app/admin/resource/detail/00000000-0000-0000-0000-000000000000/audio/grid/c2435dcf-4e29-4726-a343-7ceb2ffe34f0/0,2026-06-01 01:53:52.551991,,83,Tồn kho
d3d048a688baee28644c06c1fdc5641f,HGFA01DD77AB70A34C4B9E6A4E16DD1668B3,My-Exception_HGFAEE5C8D4ADA8E498E873A1D21664665DA.wav,,,2024-08-09 10:01:34.046223,,744,Tồn kho
909ecae3b00a6369df74642387157361,HGFA01DDDFC2B5AD400BB560B6E643CE48B7,Jewish-Violin-Solo-Pack_HGFAFEBE0E262E0A42F2BAEB93E953C62C40.wav,,,2024-08-09 14:53:05.527655,,744,Tồn kho
fe30d00fcaefccf9bef48b5273804e1b,HGFA01DE75B4A9C24E998330111D6C49FDD2,Mariposas_HGFA01DE75B4A9C24E998330111D6C49FDD2.mp3,,https://stock-admin.hgmedia.app/admin/resource/detail/00000000-0000-0000-0000-000000000000/audio/grid/22e96a6e-5957-4f83-9f27-18c4d872415f/0,2024-03-18 11:51:30.293864,,888,Lưu kho
6b5e446de6a732b693c1458022a0657b,HGFA01DF73CE0A3C49488C7B3A2829FAD339,ZOOM0002.wav,,,2026-06-03 04:49:39.543377,,81,Tồn kho
981172ed18f2a8fa573c96e9292fc5c6,HGFA01DF9AB25150495BB1BF76D47FB8447D,Lanterns Floating on Love.wav,,,2024-11-29 07:36:05.923364,,632,Tồn kho
f08480169984f199a750bf111e13f002,HGFA01E13F505C954098B5764A58A8638CD7,J.S Bach - Mass in B minor - 12. Credo.wav,,,2026-05-26 08:09:37.581648,,89,Tồn kho
4e2c79ef3de849c96380bdce694a4f29,HGFA01E1585F21CC4CCC990E13F3DB61D519,"Fantasiestücke, Op. 73 - III. Rasch und mit Feuer (Cello and Piano).wav",,,2026-05-26 07:32:19.080851,,89,Tồn kho
fe06c916a91a5a58e331d155367fb065,HGFA01E17E0D6EEB4F6CA56747AD48762E53,Low Fidelity.mp3,QT2WN2600835,https://stock-admin.hgmedia.app/admin/resource/detail/00000000-0000-0000-0000-000000000000/audio/grid/23130377-50d5-4fa0-906f-f4e26ff61f6b/0,2026-03-03 07:45:41.520351,2026-03-23,173,Hàng nguội
252746b6b324c80133c16055074c1c59,HGFA01E39F51BD434AA4945C484A66602B7F,loop.mp3,,,2025-09-23 18:54:35.70847,,334,Tồn kho
f34551c304d2774848d1b04d5c652383,HGFA01E3C664F1CF436DA1D176E420863721,jazz 10-12 - Track 12.wav,,,2025-01-15 02:45:15.633998,,585,Tồn kho
8d6afd8a1762ada579ce87d855e190d6,HGFA01E3CD0843BB420893AD4E3F5AF49976,Track 5 When I Was Your Man (Remastered).wav,,,2026-03-23 10:06:39.57563,,153,Tồn kho
978d39df2480d84a1224722c2159c236,HGFA01E4347BE0F74846B313C2AD3CED4643,That Night.mp3,,,2025-08-23 08:17:43.047574,,365,Tồn kho
5c783ff3205d367a410fae74f85438e8,HGFA01E4B17FFAE845269C7F8D9917F167B9,Beethoven String Quartet Orchestral Classical.mp3,,,2025-08-13 09:37:20.684242,,375,Tồn kho
ce5f2e0de86e730f74894ca4c5db5c05,HGFA01E65FB5F4F84E1796384FF32AD529F9,"PTC5186096_01_02_Shostakovich Symphony No 5, Allegretto.mp3",,,2026-04-07 13:13:47.54044,,138,Tồn kho
594da9b5029e8024f358a2f476588121,HGFA01E68C76A6B04F8FB84B247184CEE586,Le-Petit-Poucet_HGFA01E68C76A6B04F8FB84B247184CEE586.mp3,GX38U2457840,https://stock-admin.hgmedia.app/admin/resource/detail/00000000-0000-0000-0000-000000000000/audio/grid/a2c267bf-804d-48eb-9b4b-09f3132b5942/0,2024-05-23 16:07:23.518672,2025-02-23,822,Hàng nguội
a0795069fa51c916bfd97c2088c1f399,HGFA01E69B6B740744B9A279D72EBE656610,Bach-Cello-Suite-1-Prelude_HGFA01E69B6B740744B9A279D72EBE656610.mp3,,https://stock-admin.hgmedia.app/admin/resource/detail/00000000-0000-0000-0000-000000000000/audio/grid/496c6366-095d-4950-be24-c06e6a8ce3bc/0,2024-06-03 14:39:03.87422,2025-02-25,811,Sử dụng
44a013faf78b5856b505706973c87ba2,HGFA01E6A13ADB8E4FA5B1A42562FB149EB6,,,,,,,Tồn kho
79e3c96b85a0c63b6d9a343aef5e3d7f,HGFA01E737828A474FBE8C52507965E17ADB,Spring Breeze.mp3,QT2WN2400693,https://stock-admin.hgmedia.app/admin/resource/detail/00000000-0000-0000-0000-000000000000/audio/grid/c293ded9-90d4-46ce-9534-7047a1f09924/0,2024-09-28 04:40:11.942113,,694,Tồn kho
bad79f5eac64837e7f93aa2b6b4c5af2,HGFA01E758E73BFF486BAA8F52A21CE01B3F,Piano-Concerto-No--14-in-E-Flat-Major-K--449-III--Allegro-ma-non-troppo_HGFA235A501D0C294E3EB3A9A5D30312C194.wav,,,2024-08-09 01:05:32.990731,,744,Tồn kho
4440060f619ebe634e930aeb10ade658,HGFA01E81483C2E54A5FA2FA5C566519FE99,123Edward Maya _ Vika Jigulina - Stereo Love.wav,,,2026-07-09 14:05:00.593658,,45,Tồn kho
5b7884d688ca0da93ddd728702e2771a,HGFA01E8693B8CF34225A54C84D2F8311C01,River of Reflections.wav,,,2025-01-09 08:40:35.853611,,591,Tồn kho
e973ea682987219f7c99a57ae5ee49de,HGFA01EA34CF1AE04BCD9E41CA2CC506E6CD,PTC5186741_01_02_Ives Piano Sonata Nr 1 IIa Allegro moderato.mp3,,,2026-04-07 01:47:45.898932,,138,Tồn kho
a956b7735a53947ebb040db416b8b358,HGFA01EBA39F563240BABAA563BAABF5E27C,morning-102_HGFAF3F56ED1C006468FBF7D457930A20886.wav,,,2024-11-23 09:05:58.717832,,638,Tồn kho
12e98b4ba3709a59e1e90d0d26ccaf60,HGFA01EC85249141488DB6FE40ADF1E005FA,Vamos-a-Sako_HGFA01EC85249141488DB6FE40ADF1E005FA.mp3,,https://stock-admin.hgmedia.app/admin/resource/detail/00000000-0000-0000-0000-000000000000/audio/grid/81538868-bc30-40b5-8470-7929768a00b5/0,2024-03-28 15:20:51.092538,,878,Lưu kho
862f4faaf0b0e02cea19f3474efe585c,HGFA01EC870078FA42678476A30071CC69F1,String Quartet no. 7 in G minor Op. 33 - I. Allegro comodo.mp3,,https://stock-admin.hgmedia.app/admin/resource/detail/00000000-0000-0000-0000-000000000000/audio/grid/cd251f7c-39e7-47e3-a0fe-f4959eeb0efa/0,2026-05-26 09:10:49.688866,,89,Lưu kho
6f36fb5ca559e57f52b599abd3ba8060,HGFA01ECC5454B6E4126844F7720003C2966,Ocean Serenade.wav,,,2024-10-08 02:37:30.474084,,684,Tồn kho
ccda3ffe8fe230bc6a97461aa85cc5c3,HGFA01ED0B8128664C0982FFE9992E1051B8,Midnight Rodeo Love.mp3,QT2WN2503336,https://stock-admin.hgmedia.app/admin/resource/detail/00000000-0000-0000-0000-000000000000/audio/grid/f763c182-51be-4ed1-aef4-3739cc67dcfc/0,2025-10-21 09:09:58.770141,,306,Tồn kho
6c571c447d47bb5f6d5adeaf6fa3fd5e,HGFA01ED2F674BFC439DB6A6541A941CCE85,Symphony-No--8-in-F-Major-Op--93-I--Allegro-vivace-e-con-brio_HGFA782E777F988243C2AE9D67C1743A1892.mp3,,,2025-08-23 08:01:41.994751,,365,Tồn kho
2b38b93eb8d42b8fc4b154e5f1c1a54f,HGFA01EDB94375FA4167ABDAB7BB10C8316D,"Schubert - Lieder on Record - Der Neugierige (no. 6 from Die schone Mullerin - D. 795) (Franz Naval, tenor).wav",,,2026-05-26 09:19:53.371985,,89,Tồn kho
daa46c6f0c745a7ad444dc2438969674,HGFA01EF3D60B30B4A12BCB9217371CA14B8,Love at First Sight.mp3,QT2WN2504742,https://stock-admin.hgmedia.app/admin/resource/detail/00000000-0000-0000-0000-000000000000/audio/grid/f24d5c81-23b8-4044-b759-e6a26bcca473/0,2025-12-19 07:48:21.420409,2025-12-23,247,Hàng nguội
41b04c8b0d519d7104e4a593f13fc899,HGFA01F06CC0DBF849A09C0F9198009D27E4,Itsy Bitsy Spider.mp3,QT2WN2501794,https://stock-admin.hgmedia.app/admin/resource/detail/00000000-0000-0000-0000-000000000000/audio/grid/d0ecac8d-e6aa-4fa5-a72e-dca3ed065676/0,2025-06-23 07:22:01.546905,,426,Tồn kho
b61a3c499c21a20eac89957ece5abf46,HGFA01F105306B4D4ED2B93A8AEDDFE9BC6A,"Concerto Grosso in D major, HWV 323 - II. Allegro.mp3",,https://stock-admin.hgmedia.app/admin/resource/detail/00000000-0000-0000-0000-000000000000/audio/grid/58fba547-869c-490c-a6c2-170d229339c2/0,2026-05-26 07:39:39.9746,,89,Lưu kho
4c3b8f27bdf029ac8e9deeaf8518cdef,HGFA01F111B9A2DA436885173AFBE08B8F41,Lavanda.wav,,,2025-01-09 08:18:23.475525,,591,Tồn kho
5e2fe0928c87393c4895d324fbc2216e,HGFA01F14B2F955A4D8581E0BB181368B314,1909-Cold Goodbye 110.mp3,,https://stock-admin.hgmedia.app/admin/resource/detail/00000000-0000-0000-0000-000000000000/audio/grid/67152ac1-2aa5-4348-8a03-703b859e9625/0,2025-10-07 09:04:30.667319,2025-11-11,320,Hàng nguội
ea4ac34083727dd03aa7c83629c32e44,HGFA01F174BFADE341F5921464288F777017,Without-You-(Original-Mix)_HGFAD648E81EC5EE4FD3BF4B4AD984BFB7D2.wav,,,2024-08-09 14:23:33.081189,,744,Tồn kho
9527d608eaa1560e47f1c1578fdb7884,HGFA01F176BA8E8140FF80AAF5AB43CB256A,Crest of the Deep.mp3,,,2025-08-23 08:33:14.426387,,365,Tồn kho
1b2c6f8df9497440b1d684fac5ccdb6e,HGFA01F193B400E643348CEFB09B5D6F125A,Ocean Roads (Remastered).wav,,,2026-06-01 08:44:38.24523,,83,Tồn kho
d70aad7c7c8bd0bad413d75b9197f761,HGFA01F1AB1746214B4392F961E702676157,Verdi - Falstaff - III.mp3,,https://stock-admin.hgmedia.app/admin/resource/detail/00000000-0000-0000-0000-000000000000/audio/grid/5ea47042-0efe-4be4-89d3-3c354911b15a/0,2026-05-26 08:54:24.05238,,89,Lưu kho
9456c086e9488e502cc1e6481d517110,HGFA01F2B4B1CB484C019F454C91A6737C05,Tyx Tinn - Lunar Reflections.wav,,https://stock-admin.hgmedia.app/admin/resource/detail/00000000-0000-0000-0000-000000000000/audio/grid/783c53e8-ea15-4e05-9f7e-0dc23fa42050/0,2024-09-24 03:23:46.88333,,698,Lưu kho
4825fa581a615396fe8ab04cc1e00c84,HGFA01F2DE55C0BC4B119DAD91C653233160,One With The World.mp3,QT2WN2504597,https://stock-admin.hgmedia.app/admin/resource/detail/00000000-0000-0000-0000-000000000000/audio/grid/6ad47592-ab56-4bdc-a51d-16889c8a009f/0,2025-11-27 03:31:09.620875,2025-12-28,269,Hàng nguội
48b529c3c21506432da166ef8c74fb56,HGFA01F35AD863584EFAA7D52DAA2D8FCFB5,Take-Me-Higher-(Original-Mix)_HGFA01F35AD863584EFAA7D52DAA2D8FCFB5.mp3,,https://stock-admin.hgmedia.app/admin/resource/detail/00000000-0000-0000-0000-000000000000/audio/grid/7089debd-ba85-4073-b802-4b04bd128ce4/0,2024-05-21 11:22:31.652535,,824,Tồn kho
f2d44259977d5ea148a8bba48b6d40e3,HGFA01F592A796AE40A898E359542786163A,Hold-Me-Down_HGFA01F592A796AE40A898E359542786163A.mp3,,https://stock-admin.hgmedia.app/admin/resource/detail/00000000-0000-0000-0000-000000000000/audio/grid/4f746fb4-f8da-4668-a2b0-52b089e6fc6b/0,2023-12-06 16:38:10.731619,,991,Tồn kho
41aa50c91adb187f596c348553342612,HGFA01F6503D71F44E3DA808B9298BA41687,Brahms - Horn Trio in E flat Op.40 - III. Adagio mesto.wav,,,2026-05-26 07:47:12.169537,,89,Tồn kho
660618a341642b03c212e2a563dc35a6,HGFA01F76B8F6AD74DF0801FD15F88C7EC5B,"Piano Sonata no. 14 in C#m 'Moonlight', Op. 27 no. 2 - I. Adagio sostenuto (1).wav",,,2026-05-26 09:23:55.774592,,89,Tồn kho
283a5c4e50855c2f9024d8abc1ea5e7b,HGFA01F79A6FF989482AAAC6FAABF5AC99ED,,,,,,,Tồn kho
d15c6c096eeee065e9ad875450f9b564,HGFA01F812290A6E44119CE25910864E421C,Mood.wav,,,2025-01-07 07:46:08.161961,,593,Tồn kho
ce13884c05c60b26c91a0c8f050bb968,HGFA01F84B318DB14C09AF63344DC54B1E1D,MoonHouse-107_HGFA3DD43C9BFF7D4E7487BE4EB21BBBC5C9.wav,,,2024-11-22 18:03:33.22155,,639,Tồn kho
ff26489d1fe9e274d98934ba0eef502d,HGFA01F87C5503444A738C3C11CA2CBD8540,Fallin_ For The Mess.mp3,,,2026-08-05 11:17:07.165223,,18,Tồn kho
258eeba241c01b7f272cbbec686c84ab,HGFA01F8C7E92226459AA31DBA115B5D3460,Digital Serenade (1).wav,,,2025-03-12 04:40:32.46024,,529,Tồn kho
d08f6bc17e3895b569eb5fab81e893c9,HGFA01F991C3B8A449C8910A0178DA6FFAE3,,,,,,,Tồn kho
bb2b59fa3bb68631e21f5c7ef567be9b,HGFA01FA45029F3B4FBD8085FE65DE0CD45D,PTC5186562_01_02_First Act Esultate.mp3,,,2026-04-07 06:54:19.539294,,138,Tồn kho
9bc771337ca2299c518a0d1d08d994bc,HGFA01FA7AE698E54FF28D88707344E18C13,,,,,,,Tồn kho
40efda13655eb67e024ea3e273de02a8,HGFA01FAF7B7BC334AC2A0CE31AB59AC91A6,Concerto-Grosso-No--5-in-B♭-major-Op-6-3-_HGFA1AD7B428421442C39AE9F1240B80D6F4.mp3,,,2025-08-23 08:05:11.708806,,365,Tồn kho
3347ce395647134d6dbc54f0c8e73b6b,HGFA01FCCA290827493888B87BD5E000DC4B,NB_D1022.mp3,,,2025-09-24 07:04:34.369023,,333,Tồn kho
a37c4109ee3aae664bb7eaf79beb371f,HGFA01FDA1C82B06454BB9C3757B75EE6723,Türksan-Şencan---I-Need_HGFA01FDA1C82B06454BB9C3757B75EE6723.mp3,,https://stock-admin.hgmedia.app/admin/resource/detail/00000000-0000-0000-0000-000000000000/audio/grid/860ec11d-5b3a-49dd-9a86-907926bc03ff/0,2024-07-22 11:00:17.720035,,762,Tồn kho
4448978f311f6d0661c44c6e463fa3a6,HGFA01FDAC9A49D24FCF80D2D969FA7C73B2,Pictures-at-an-Exhibition-No--10-The-Great-Gate-of-Kiev_HGFA01FDAC9A49D24FCF80D2D969FA7C73B2.mp3,,https://stock-admin.hgmedia.app/admin/resource/detail/00000000-0000-0000-0000-000000000000/audio/grid/d6c9fd6b-714d-4913-a052-50a1c1edac13/0,2023-06-05 16:37:46.758493,,1175,Lưu kho
cf50b4aac77902afe25303fd6b57b089,HGFA01FEDF089B204041954E6EE307DF6EEA,jazz lofi hiphop 21-3 Track  (5).wav,,https://stock-admin.hgmedia.app/admin/resource/detail/00000000-0000-0000-0000-000000000000/audio/grid/fcd39483-7a5d-46b6-9774-4310ba3acbee/0,2025-03-21 07:23:42.883372,,520,Tồn kho
6193779d7fd03f889f0faad6c2968b8e,HGFA01FF9CFCF6414E24AF476A0D40B19926,Yunus-Emre-Özdemir---Endless-Passion_HGFA01FF9CFCF6414E24AF476A0D40B19926.mp3,,https://stock-admin.hgmedia.app/admin/resource/detail/00000000-0000-0000-0000-000000000000/audio/grid/cc913f40-32ca-4b1d-b63e-216cbecbd43d/0,2024-07-22 11:00:21.311604,,762,Tồn kho
3fcbc37a4138b9a31a93f56b2c2dad0b,HGFA01FFD57DF04A406599BB486038C74916,Treehouse-111_HGFAFDC273C61BF54235B56D001600B7F3DE.wav,,,2024-11-22 23:31:27.863188,,639,Tồn kho
b1d591ca2bc09e5cb276a84c32fde743,HGFA0200BCA3AA954157B80AE81C8B10C405,Noise-BedroomCity-40_HGFAB2B955CB9CBE42078CDEFFEF82991342.wav,,,2024-11-23 00:43:11.996725,,638,Tồn kho
6744972b4a465a1391e7ea2c420d8a57,HGFA0200C00FDC1C4D588E6DE626479A0176,miwalizm - Astral Flow.mp3,UKZGC2411241,https://stock-admin.hgmedia.app/admin/resource/detail/00000000-0000-0000-0000-000000000000/audio/grid/e5a243e8-8ea4-4f6a-8402-e62ec1c3760a/0,2025-02-04 03:52:20.801137,2026-01-20,565,Hàng nguội
90cfe7822d605f27eb11d317dcc42bee,HGFA020176CCD38247B9A718BF31493F49F7,"Beethoven - Quartet No.8 in E minor, Op.59, No.2 - I. Allegro.wav",,,2026-05-26 07:37:15.989719,,89,Tồn kho
eab189e05cbc322a4e98c82d447d9e2f,HGFA0201B1F3C01D4FC683234CCEEFB2CB02,Hang-Drum-Solo_HGFA0201B1F3C01D4FC683234CCEEFB2CB02.mp3,,https://stock-admin.hgmedia.app/admin/resource/detail/00000000-0000-0000-0000-000000000000/audio/grid/8489b357-0e99-4f9b-a9bf-3d835afc6d6e/0,2023-07-10 09:49:05.164904,,1140,Tồn kho
799988fd157ab62abb790c54de360dd6,HGFA0201FE74D3A9403FAD1BAED362987002,PTC5186640_02_13_Tchaikovsky Swan Lake ACT 3 No 19 Pas de six var IV.mp3,,,2026-04-07 03:22:22.911268,,138,Tồn kho
f27f6518be9ae8be2a992003ea21c946,HGFA020344E59EF04244B6FFDE537530A830,Rival_HGFAB3F31FE5785C4780AA0F5A2F3BFD1982.mp3,,,2025-08-23 08:05:53.148336,,365,Tồn kho
7088a7d5f4082cc7f7ed3a2f72ea4737,HGFA02037758951741799718A5996D49BE91,Radioloxy-(Culture-Mix-Extended)_HGFA02037758951741799718A5996D49BE91.mp3,,https://stock-admin.hgmedia.app/admin/resource/detail/00000000-0000-0000-0000-000000000000/audio/grid/2aefc158-cff7-481f-8dfd-056e4288a5e9/0,2024-03-18 11:51:48.64691,,888,Lưu kho
7b683c8912f6de7ae69ef39039071507,HGFA0203A02EC332421ABC35ADA48E68D0BE,e0a9d867-1c37-4cf3-9d94-86aa4caf97a0_HGFA0203A02EC332421ABC35ADA48E68D0BE.mp3,,https://stock-admin.hgmedia.app/admin/resource/detail/00000000-0000-0000-0000-000000000000/audio/grid/7e9c74b0-9157-40ea-a9d1-1bffd995bc31/0,2024-05-31 15:52:10.787447,,814,Tồn kho
ed1442147537c3d230d6ca96357d1d09,HGFA0204798907D444D591358F946ED50531,Rain_HGFAA37B4ACF0A3B4942AD00FA0291BD9EE0.wav,UKZGC2309133,https://stock-admin.hgmedia.app/admin/resource/detail/00000000-0000-0000-0000-000000000000/audio/grid/a962579a-a8f8-424d-881f-050be633c663/0,2024-08-09 08:30:41.760342,,744,Tồn kho
8d8c5ed011f591c21d3ad867e3e8560b,HGFA02047DFA93E8499C883374821D18E6AD,After You Left.mp3,QT2WN2602314,https://stock-admin.hgmedia.app/admin/resource/detail/00000000-0000-0000-0000-000000000000/audio/grid/093a142a-ad5f-4df5-82fb-e0f56ea0e198/0,2026-05-23 01:30:16.514775,2026-06-02,92,Hàng nguội
cb5de538ea0cbb4e7116b9dbbdee4437,HGFA0204848FD72B4E12973157C407D0D6C9,08_Outro1_T_HGFA9DD594EFF1344F959B285B2C4E74B3C4.wav,,,2024-08-09 05:40:25.039427,,744,Tồn kho
063c09181aafa801e06db8ecf42a1649,HGFA0204CBC1DA5443F2876BA0C3A9FD4E67,Sky-(Original-Mix)_HGFA0204CBC1DA5443F2876BA0C3A9FD4E67.mp3,,https://stock-admin.hgmedia.app/admin/resource/detail/00000000-0000-0000-0000-000000000000/audio/grid/8c5376ad-704c-4763-821f-83876e23b6c8/0,2024-05-10 16:26:54.456176,,835,Tồn kho
ea39672a872623231bb08839b8134ec7,HGFA0205132683634BFDA66DF899AD37754A,Simple Things.wav,,,2025-10-21 09:40:52.830244,,306,Tồn kho
f2d557136e34bec5c86434fa86f1d02f,HGFA0205B6A2CA1E4EB0AA3EAD29F8DAA501,Relief_HGFA0205B6A2CA1E4EB0AA3EAD29F8DAA501.mp3,GX5MY2385016,https://stock-admin.hgmedia.app/admin/resource/detail/00000000-0000-0000-0000-000000000000/audio/grid/cfef6736-c476-4f90-9060-016e77001205/0,2023-12-06 10:20:46.255711,2025-03-03,991,Sử dụng
ffc6235fd39f93da5a1ce0c4303458df,HGFA02061BA4D41541FFAAB4BE260F1F4C61,"The Well Tempered Clavier, Book I, BWV 846-869- Prelude in Fugue No.13 in F sharp major b.mp3",,https://stock-admin.hgmedia.app/admin/resource/detail/00000000-0000-0000-0000-000000000000/audio/grid/dcd3a63b-3cb9-4a03-9ee6-0d18880b9acc/0,2026-05-26 09:14:49.588265,,89,Lưu kho
cc85a27fadcbf95e9bfb0e920127118b,HGFA020626EF24F64D6FA1417D6513526899,In-the-Moment_HGFA020626EF24F64D6FA1417D6513526899.mp3,QZTBF2365918,https://stock-admin.hgmedia.app/admin/resource/detail/00000000-0000-0000-0000-000000000000/audio/grid/52be8189-ef05-49ff-9bf3-b997491b9586/0,2024-01-25 15:25:45.715442,2025-04-07,941,Hàng nguội
eb3406e167557dead5bc89e34914a76b,HGFA0207932D75DD4D1FAAB28A591434DD5B,Golden Road.wav,,,2026-06-08 09:28:44.92646,,76,Tồn kho
a0a5246410bd3a2156ea957b212c3e6d,HGFA02083DAAA67C4077BD1013A2CA620A32,My-Name-is-Cosmos-(Original-Mix)_HGFA02083DAAA67C4077BD1013A2CA620A32.mp3,,https://stock-admin.hgmedia.app/admin/resource/detail/00000000-0000-0000-0000-000000000000/audio/grid/fa44663d-cbdb-46c8-bd64-763f1934dc97/0,2023-06-15 08:53:44.381228,,1165,Lưu kho
7f5f240bfab448ec17f7b938d8fbcf0f,HGFA02089016BF4A4D7C9745CDAA0E692E17,Goodbye_HGFA02089016BF4A4D7C9745CDAA0E692E17.mp3,,https://stock-admin.hgmedia.app/admin/resource/detail/00000000-0000-0000-0000-000000000000/audio/grid/6a1189f2-075c-4fbe-a71f-e50272d373e3/0,2022-07-21 11:51:59.983691,2025-03-03,1494,Lưu kho
f9fda48a91dffa89eb507e426d6d1f19,HGFA0208AA9811BB42EF9771139B25556D51,No More Secrets.mp3,,,2025-02-24 02:51:38.449658,,545,Tồn kho
92fac8607e06635234c94f2238feff7c,HGFA0208D8AB923C45DBB1FBFCB9817A204E,Parangtritis.wav,,,2024-10-08 09:15:48.907351,,684,Tồn kho
8f7c47f94a5ebb704bf10afd92d7e06c,HGFA020905017D5E4EFB81B27D35CA1691B1,Cool Kids.mp3,,,2026-08-10 09:32:39.130191,,13,Tồn kho
dc61d6f231d1939ac1135ff693bb21c8,HGFA02090628D2344605B64D1889268F39CC,08 - TBRC_KIDS SONG_FIVE LITTLE DUCK_FINAL MASTER_116_E (HQ).wav,,https://stock-admin.hgmedia.app/admin/resource/detail/00000000-0000-0000-0000-000000000000/audio/grid/eab1e55f-d1d0-4e3d-9dfa-9067816e45b7/0,2024-09-18 09:29:28.670514,,704,Tồn kho
25597243e229e40680a7e11b75647a60,HGFA020A52FED1C34A219654D8D7C90023E6,Love_HGFA020A52FED1C34A219654D8D7C90023E6.mp3,,https://stock-admin.hgmedia.app/admin/resource/detail/00000000-0000-0000-0000-000000000000/audio/grid/436acff1-b132-48d5-810a-d6c5e5910c46/0,2023-12-06 16:38:00.918918,,991,Tồn kho
72bf8f1db89722edf36b660358afee1a,HGFA020AF7A1C0E041DB934E1B9A33CD4775,Moral-Сrime_HGFA020AF7A1C0E041DB934E1B9A33CD4775.mp3,,https://stock-admin.hgmedia.app/admin/resource/detail/00000000-0000-0000-0000-000000000000/audio/grid/12fe601e-e54a-42c5-b63c-6b2481966f09/0,2023-07-21 14:40:10.813181,,1129,Tồn kho
9874ced07d9dd0d325bf29aee2316f19,HGFA020B2DFB048A402284AFCF30BFEA79FF,Sweet Defiance 23.mp3,QT2WN2604916,https://stock-admin.hgmedia.app/admin/resource/detail/00000000-0000-0000-0000-000000000000/audio/grid/31ab7a31-f5af-4282-926e-49fa87d41521/0,2026-07-31 15:22:15.824153,,23,Tồn kho
b42bd9e5e5f482bceaaf0ddf1b3e0252,HGFA020B7C57FF454BF590514F1DEA077CB5,Спит-Солнце_HGFA020B7C57FF454BF590514F1DEA077CB5.mp3,,https://stock-admin.hgmedia.app/admin/resource/detail/00000000-0000-0000-0000-000000000000/audio/grid/a33dc4d6-7e87-4f10-adff-d3d68e31e088/0,2023-07-21 14:40:45.433542,,1129,Tồn kho
02c5aef457bb288ecbf10b6b8a4d4da2,HGFA020C0A18EFE94EBD8F6698179A9A4F6A,Keys to Forever.mp3,QT2WN2403786,https://stock-admin.hgmedia.app/admin/resource/detail/00000000-0000-0000-0000-000000000000/audio/grid/4b9597e9-f8df-47fa-bdce-3780789be267/0,2025-01-15 03:35:24.987848,,585,Tồn kho
34eb497fa575b59ba36d220c94be657c,HGFA020D53C4A38B4F569EB5023DFD10F791,76 - TBRC_KIDSONG_Fiddle-De-Dee_FINAL MASTER_C#_101.wav,,https://stock-admin.hgmedia.app/admin/resource/detail/00000000-0000-0000-0000-000000000000/audio/grid/fc905893-80ab-463c-8f8b-af678812f350/0,2024-09-18 04:59:11.092225,,704,Tồn kho
3179a50d9cef14337a983464c6bcb49f,HGFA020DA430613642219AA2E86CCEDEB948,,,,,,,Tồn kho
e8e4da9d1e15fecb44d42604e9dd9aa8,HGFA020DD9307F9F485091DDE4156F40C5A2,Teman Rasa Kencan.wav,,,2024-10-08 10:04:43.72613,,684,Tồn kho
8955b70469f3010b521e71306f665d15,HGFA020E6412D7004DDBAD81B2378CAFB1FF,RLP-music305 (17).mp3,,https://stock-admin.hgmedia.app/admin/resource/detail/00000000-0000-0000-0000-000000000000/audio/grid/afd8084e-f6a9-4490-840a-d3b464c35d73/0,2024-11-15 08:21:55.949863,,646,Tồn kho
793b9eeb16f2c52057913f9d801d0d49,HGFA020ED5E4EF614C84BDD3B0A4FC4DBABF,Kebahagiaan Seperti Mimpi.wav,,,2024-10-08 08:25:55.830407,,684,Tồn kho
78992ab14219110007905dde6c1dc708,HGFA020FD49303A54B28837DE200C905BAE1,RLP-music304 (45).wav,,,2024-11-14 05:16:28.905015,,647,Tồn kho
37cda111bd2c93e8ee98f28b9c3620d2,HGFA020FE9A4C169474AAFB3794AEE16A362,TRACK 1 Gravity Groove (1).mp3,,https://stock-admin.hgmedia.app/admin/resource/detail/00000000-0000-0000-0000-000000000000/audio/grid/5f239595-346f-46f3-9d08-6c5b94030c9b/0,2026-05-27 10:30:36.725275,,88,Tồn kho
9ecfdc6786a3149c13dcb7ec8db93565,HGFA0210B2FED8324A2AA557FC3B576416E9,Feels Right.mp3,QT2WN2504729,https://stock-admin.hgmedia.app/admin/resource/detail/00000000-0000-0000-0000-000000000000/audio/grid/cd46383b-17e3-4ffc-8fa2-2dadceb345cf/0,2025-12-19 07:48:01.804832,2025-12-26,247,Hàng nguội
6b408a94ac8de53f6427ff7856d1402e,HGFA02114BB8D0BF4AC7A605FA87BE1C7D72,Silent-Gravity_HGFA4DD70B64F892463CABBA082AB7B494A7_0feda4d4.mp3,,,2026-07-27 11:28:26.407724,,27,Tồn kho
a706aee57a88ff07bf738d65a678148e,HGFA0211D20DB4164572953AEFF5034D98FE,Mozart - Concerto No.16 in D for piano - III. Allegro di molto.wav,,,2026-05-26 08:22:57.687785,,89,Tồn kho
d2a6183cc372578dd572fd47e1eda76e,HGFA0212CEEDBB634EE991CBB9682A66136E,d7d022a9-a984-48fd-8fef-983b29d5b95c_HGFA0212CEEDBB634EE991CBB9682A66136E.mp3,,https://stock-admin.hgmedia.app/admin/resource/detail/00000000-0000-0000-0000-000000000000/audio/grid/99139528-ab47-4d55-b72f-e738967cd1b3/0,2024-10-25 09:59:37.657516,,667,Tồn kho
6f1382a7f26eb1d4f728484c6415c8f9,HGFA0212E50E0B514EEB91E73D15C2D73224,Blow (Original Mix),#N/A,,,,,Tồn kho
1cee9b1c29ed7975130fb9d561bb3ae9,HGFA0212EF9F31B84068B4437BEAE6C82319,Stitched.wav,QT2WN2604222,https://stock-admin.hgmedia.app/admin/resource/detail/00000000-0000-0000-0000-000000000000/audio/grid/6ad1f3e6-11a5-467f-bdb7-69b6aa9bf822/0,2026-07-09 05:01:29.865594,,45,Lưu kho
e8ac089f17cbfd5641037a0cedd8b7e0,HGFA0213C13EE29C4C5DA26538663BA8D077,MoonEra - paper planes.mp3,UKZGC2501825,https://stock-admin.hgmedia.app/admin/resource/detail/00000000-0000-0000-0000-000000000000/audio/grid/e92d03cf-c638-4255-8fc3-71efa576b11e/0,2025-03-26 03:21:06.544235,2025-06-13,515,Hàng nguội
f4fa8bbeaddf7847f96d23096aa13253,HGFA02148F34E1B248A4A6C8A38E6FB24C5A,Velora Nights.mp3,,,2025-11-20 10:22:13.761818,,276,Tồn kho
12a2d3019ed0fd7f06b4e87c226a1597,HGFA0215BEC482984C019F98A8141241936A,Mr--Blurry-(Extended-Mix)_HGFA0215BEC482984C019F98A8141241936A.mp3,,https://stock-admin.hgmedia.app/admin/resource/detail/00000000-0000-0000-0000-000000000000/audio/grid/b7057fea-2e54-4f99-8fa5-9151e168f343/0,2024-06-13 10:53:46.079391,,801,Tồn kho
675ad354c246329a2089aa99a5cba9fe,HGFA021608E6463D46CD98A419D447F82E66,"Mozart - Piano Sonata No. 6 in D Major, K. 284 _Dürnitz_ _ III. Tema con variazione _44.1kHz-16Bit",NULL,,,,,Tồn kho
6086a82d6b06783c619d3feefffb4346,HGFA021822E11AC648AB852A28AE3B19F091,Keyboard-Sonata-in-G-Major-K--284_HGFA021822E11AC648AB852A28AE3B19F091.mp3,,https://stock-admin.hgmedia.app/admin/resource/detail/00000000-0000-0000-0000-000000000000/audio/grid/e6b7075d-c120-477e-ab9c-aca0993ff97c/0,2023-06-06 11:02:15.149961,,1174,Lưu kho
577e2bf52779903c906c286af9e185a1,HGFA02188115436745C091FA98BA72DCF4DC,HG Mix 18.mp3,,https://stock-admin.hgmedia.app/admin/resource/detail/00000000-0000-0000-0000-000000000000/audio/grid/983b5ad9-85cc-4ebb-866e-0b2325f10893/0,2024-10-01 09:22:45.486555,,691,Lưu kho
cdfca5eda516fb1137a6dfe89fb6b379,HGFA02188412DAF642F3824F4780F34DB590,Burning-Room-(Official-Audio)-｜-#EDM(2)_HGFA02188412DAF642F3824F4780F34DB590.mp3,,https://stock-admin.hgmedia.app/admin/resource/detail/00000000-0000-0000-0000-000000000000/audio/grid/aeb19d76-bbe0-4919-9c24-3fb50da96bd4/0,2024-03-19 16:51:25.039589,,887,Lưu kho
fa82633b31a4f9c6d516a10af7ebb909,HGFA02189731B4F54F158070E67D4BFB5399,,,,,,,Tồn kho
66da0e4fbd6892499239f8a03eeda746,HGFA0219DD3551114C5D96A9765DAC1210D6,Jazz-CafeCozy-75_HGFA9183B400FA3D43E697DDC9D3290937C7.wav,,,2024-11-22 13:22:26.673636,,639,Tồn kho
dee3406e1e3bec2399f9f0b0643c4ab8,HGFA021A3887A5EC45AE81C63872EA3644D0,"Sonata in A Minor, D. 845 - I. Moderato.wav",,,2026-05-26 09:17:33.782934,,89,Tồn kho
afdea77ee9df75c02e48bef8964d051c,HGFA021A4D65C41C41E4B0CCDDC011EB1C0B,2a68d72b-1788-4e60-abc6-94ac5dab8f46_HGFA021A4D65C41C41E4B0CCDDC011EB1C0B.mp3,,https://stock-admin.hgmedia.app/admin/resource/detail/00000000-0000-0000-0000-000000000000/audio/grid/0e052233-ac81-438e-9b6d-3a650fe5e049/0,2024-08-06 13:47:33.266061,,747,Tồn kho
d2be552b9901330715fa1f01bcec2a80,HGFA021B3E4B064D4AC6AE44B41D15ACFDB2,Chill_HGFA021B3E4B064D4AC6AE44B41D15ACFDB2.wav,,https://stock-admin.hgmedia.app/admin/resource/detail/00000000-0000-0000-0000-000000000000/audio/grid/cd71222b-9efe-448e-aad0-21094cfde095/0,2022-08-08 16:45:38.81796,,1476,Tồn kho
403d252994e8c4f2b97cd6236ee069b5,HGFA021BCE4005564E2C934D70CB6B34C372,Sonatinas-Op--38-Sonatina-No--2-in-B-flat-major-I--Allegro-Moderato_HGFA021BCE4005564E2C934D70CB6B34C372.mp3,,https://stock-admin.hgmedia.app/admin/resource/detail/00000000-0000-0000-0000-000000000000/audio/grid/9223ccbd-e2fa-4dca-97e0-8fb78882df8e/0,2023-06-02 17:37:08.611274,,1178,Lưu kho
a8eb83039bc249337277452dbf10c793,HGFA021C989949EB418B93D62F656073B63E,Flute-Sonata-in-C-Major_HGFA53B575D9873C447E8A9B44B393DB6397.wav,,,2024-08-09 04:05:22.942488,,744,Tồn kho
442ee0d106c985141e0cdfb814059121,HGFA021D51951A4D4C8990431231B3934A86,Nightfall Hues.mp3,QT2WN2500835,https://stock-admin.hgmedia.app/admin/resource/detail/00000000-0000-0000-0000-000000000000/audio/grid/8382147b-644d-451b-b84e-0c6a03f9231c/0,2025-02-27 07:38:11.139213,,542,Tồn kho
c5377017dbaa6e971fcd3710303fe718,HGFA021E23173094454CAA99E0B5622BFC56,RLP-music307 (1).mp3,,https://stock-admin.hgmedia.app/admin/resource/detail/00000000-0000-0000-0000-000000000000/audio/grid/216f5ec3-3673-4ac2-9b11-47f4aaa3db3e/0,2024-11-15 09:34:38.319156,,646,Tồn kho
ca77d44bac01d978acadcdbec80f5f75,HGFA021E368A053741F1B1E879BF19D4988B,Lingering Moments.mp3,QT2WN2504951,https://stock-admin.hgmedia.app/admin/resource/detail/00000000-0000-0000-0000-000000000000/audio/grid/e1558fa5-104f-40a4-83d6-74705d62c0cb/0,2025-12-23 07:43:03.556513,2026-05-17,243,Hàng nguội
e0ff2a707cd35bda8bb230c2326b814b,HGFA021EB20DE1274B0BBB33092A2AD09C67,Glistening-Eyes_HGFA021EB20DE1274B0BBB33092A2AD09C67.mp3,GX8KD2223200,https://stock-admin.hgmedia.app/admin/resource/detail/00000000-0000-0000-0000-000000000000/audio/grid/0c95c870-e3e9-451c-a59e-ba7c98642982/0,2022-11-02 10:19:25.909625,2025-02-26,1390,Hàng nguội
bbc2dacfc41d65b011664af340bdbb30,HGFA0220240447534D7EB2A61F89602ADCEE,First Bloom.wav,QT2WN2400170,https://stock-admin.hgmedia.app/admin/resource/detail/00000000-0000-0000-0000-000000000000/audio/grid/6035e5be-215a-4b01-86b4-4438453fe1ee/0,2024-08-21 11:09:35.107784,,732,Tồn kho
69e6c0ca95f9aa42410f46f99f681cf5,HGFA0220EB3B211249289739FE704FA254E3,"Wir glauben all'an einen Gott, BWV 680.wav",,,2026-05-26 09:27:42.225545,,89,Tồn kho
9476940b0a259c929d14f9bfc9990ae1,HGFA02216FA6631D4D198FBB0F979B62C8BF,4a68b597-c92a-4cd1-91bd-4d48a5d2d42f_HGFA02216FA6631D4D198FBB0F979B62C8BF.mp3,,https://stock-admin.hgmedia.app/admin/resource/detail/00000000-0000-0000-0000-000000000000/audio/grid/89c82bd3-6a1b-4d96-a4e4-4497f099a175/0,2024-06-21 14:13:10.20521,,793,Tồn kho
4df6c10aeadfb6e6ae465fcc8545e064,HGFA0221A117369E4684B1883D6112D5F04B,Dj Remix Sayang- Jihan Audy ft Mamnun.wav,,,2024-10-23 09:24:36.821749,,669,Tồn kho
a83364923bd34de068b7643ecee2985f,HGFA022242030EB54EC98246F5668A870C3B,6 soothing piano fix (2).wav,,,2025-03-03 08:17:09.518433,,538,Tồn kho
cdc4147b3867deac82cb720154239af1,HGFA02229FDA4F3040D3AAE2D0231B8BC738,Toxic_HGFA02229FDA4F3040D3AAE2D0231B8BC738.mp3,,https://stock-admin.hgmedia.app/admin/resource/detail/00000000-0000-0000-0000-000000000000/audio/grid/222f145f-bab9-4e7f-99ca-deac4e532536/0,2024-03-13 10:19:22.450803,,893,Tồn kho
31fbe3fd121cf49e6c9c64d39d38d50a,HGFA0223307E72514C92B3CC2609DD7232DB,71ec604c-0cc1-4b0c-89ec-90624426a7ff_HGFA0223307E72514C92B3CC2609DD7232DB.mp3,QT2WN2400417,https://stock-admin.hgmedia.app/admin/resource/detail/00000000-0000-0000-0000-000000000000/audio/grid/08c0b0a3-67ed-4865-9266-72bf11cdd4f2/0,2024-09-05 16:29:42.321073,,717,Tồn kho
7a4d7aae45cbef344cafb89e03a3b2e9,HGFA02235C55789F4F1B83CCFBDD5E26503B,Give It To Me,NULL,,,,,Tồn kho
65ce1d3d6721eed86143684ee13a8e3a,HGFA0224202D42604B429363524E7A119F04,Urban Solitude.wav,,https://stock-admin.hgmedia.app/admin/resource/detail/00000000-0000-0000-0000-000000000000/audio/grid/af036c48-98a9-413a-bfbe-ec3f0844aaa4/0,2025-02-27 07:34:34.814492,,542,Tồn kho
d64207a33afb4372c3653b9c228c22a2,HGFA0226087CB6FB4914BE343C1673541F56,Flashing Shadows.wav,QT2WN2603679,https://stock-admin.hgmedia.app/admin/resource/detail/00000000-0000-0000-0000-000000000000/audio/grid/f0f033ea-8778-4989-8bde-00827df13830/0,2026-07-30 09:50:53.854887,,24,Lưu kho
faeca1204dfa54a25c84b99be6b85d3c,HGFA02264F0957A14757877F0DDBCB64C012,Let Me Love You.mp3,QT2WN2401025,https://stock-admin.hgmedia.app/admin/resource/detail/00000000-0000-0000-0000-000000000000/audio/grid/8ff45425-9b99-4277-8572-aaecb98af223/0,2024-10-22 04:33:21.614457,,670,Tồn kho
036631a5948f93bb092b76457503953f,HGFA0226CF3C494E492299820304DEEA1157,ECLIPSE - MASTER.mp3,QT2WN2601717,https://stock-admin.hgmedia.app/admin/resource/detail/00000000-0000-0000-0000-000000000000/audio/grid/8860a443-59d9-4c22-8c26-a6f51b6a8295/0,2026-05-04 08:22:33.033006,2026-05-18,111,Hàng nguội
c58748e7044bb63dc96fa1db4efa7001,HGFA022745563AAA4E9EA659B45CAA8AC187,Brush Heartbeat.mp3,QT2WN2601226,https://stock-admin.hgmedia.app/admin/resource/detail/00000000-0000-0000-0000-000000000000/audio/grid/963eb4be-2625-4f2f-9ad9-6ea22baf146d/0,2026-03-23 10:07:41.78249,,153,Tồn kho
906a6808b1230a0488ba6cc095355d38,HGFA0228B90B27394299842A344223E81B68,Last-Days-of-Summer_HGFAB74AD70DFABC4DA3A24C45439A42D78B.wav,,,2024-08-09 08:47:03.885793,,744,Tồn kho
d372aba01402daafbe465ef0e4cd99bd,HGFA0228ED93DF66416EB99CB249391102B8,Paradise_HGFA0228ED93DF66416EB99CB249391102B8.mp3,QM42K2377257,https://stock-admin.hgmedia.app/admin/resource/detail/00000000-0000-0000-0000-000000000000/audio/grid/0ea21601-f45a-4e24-8df4-f23eb81d0692/0,2023-03-13 09:43:29.646775,2025-04-17,1259,Hàng nguội
d92ec4ef4d9fc68a195d01d618ea04a0,HGFA0228F11DC2814445864A2897008AE146,Charmaine_HGFAB2DE046DD72D48DCA9A1B6D9186EC505.wav,,,2024-08-09 06:53:38.036982,,744,Tồn kho
302eb6a9b3977a37294f72a989b8b723,HGFA022A47FD77014EF4AD201F6FAEA2CFD6,Symphony No. 47 in G - I. Allegro.mp3,,https://stock-admin.hgmedia.app/admin/resource/detail/00000000-0000-0000-0000-000000000000/audio/grid/655aaa92-4fa7-4f38-983f-1c8e59db161e/0,2026-05-26 09:01:26.072405,,89,Lưu kho
c5ea0a7a292fd3e8b9ae7538836db632,HGFA022A9D0FB26944A6A98FC42E4825E8EA,"Dinamixx, Venteris, Girls Like You - Melody.wav",,,2024-10-18 03:36:16.385607,,674,Tồn kho
0095edee999912b8b1df2241e8b3a766,HGFA022B2EF829F84B628D75E154F41B2A5C,Love's Labyrinth.wav,,,2025-02-27 09:05:43.789436,,542,Tồn kho
a18bc845f8e2af209e500bf03bd9254b,HGFA022C4DDB811B4E10970238E683DEF33A,Hole-In-One_HGFA022C4DDB811B4E10970238E683DEF33A.mp3,,https://stock-admin.hgmedia.app/admin/resource/detail/00000000-0000-0000-0000-000000000000/audio/grid/bb45aa93-456f-44d7-8179-7a4899c10293/0,2023-06-28 16:12:07.196723,,1152,Tồn kho
8ddbe08102d414cbea240821bd765d7f,HGFA022CB3CAF8F245E0B82FC61077EAE283,09---Frederic-Chopin---Nocturne-in-F-sharp-major-Op--15-No--2-Larghetto_HGFA022CB3CAF8F245E0B82FC61077EAE283.mp3,,https://stock-admin.hgmedia.app/admin/resource/detail/00000000-0000-0000-0000-000000000000/audio/grid/5514e4b5-d268-4b83-88cc-f53601e64814/0,2023-05-22 16:48:58.383986,,1189,Lưu kho
a4d8438a0d38a0fea2efb2aa75bd6131,HGFA022CF9D6D563441F873FCDFB32B26BAD,Echoes of the Wood.mp3,QT2WN2501162,https://stock-admin.hgmedia.app/admin/resource/detail/00000000-0000-0000-0000-000000000000/audio/grid/31fa96a7-1abc-48a5-abe3-6973a0003339/0,2025-04-23 02:29:07.594437,2025-05-07,487,Hàng nguội
0b58c0b2f93b3abd0a450aef34cf7b94,HGFA022E5A8C6AB8418BA6AC8EE7011FE4C1,Concerto-Grosso-No--5-in-B♭-major-Op-6-5-_HGFAE02C18D6E6214FC7A215A494C9472FF1.wav,,,2024-08-09 14:11:57.008098,,744,Tồn kho
cef6ad293587da1a025bdbae224a254b,HGFA022FFEADA3904645BE416379A9A0127F,7 soothing piano (42).wav,,,2025-03-03 08:13:59.900401,,538,Tồn kho
8cb6aa9cc3ffd1f572b48ad698a4f3e0,HGFA0230817462344F2C9E53980A6DD258A7,Ghost Town Disco.mp3,,,2026-07-13 17:00:28.39984,,41,Tồn kho
01f62a9b59d948f0825cd821373ad5df,HGFA02309325C1F2409A9DE4E6D993C677E3,,,,,,,Tồn kho
77bf8d84f756af68eec8404966cd80b5,HGFA0232136C1AED4E89B604B39773C6D650,It's Going To Be A Good Day (Bản Fix).mp3,,,2025-06-11 09:43:14.167857,,438,Tồn kho
2e4e832214511443276d3e7415a61f9d,HGFA0232655947364FBAA971FAC9B6AC70B7,If-You-Love-Me_HGFA0232655947364FBAA971FAC9B6AC70B7.mp3,,https://stock-admin.hgmedia.app/admin/resource/detail/00000000-0000-0000-0000-000000000000/audio/grid/210fdb0f-38d3-4d7e-aa98-6786eaf1feed/0,2024-03-19 11:31:45.083182,,887,Lưu kho
3e6719c87227e70c673c98b7f30a131e,HGFA0232D3005E1B42FCA56B76A9F0BF2A9C,"Scherzo no. 1 in B minor, Op. 20 (1).wav",,,2026-05-26 08:54:48.351417,,89,Tồn kho
496808b87d46e72d201e081054db883a,HGFA0232F48A89344978869E4BC47B77EE65,Silver Bells.mp3,QT2WN2504682,https://stock-admin.hgmedia.app/admin/resource/detail/00000000-0000-0000-0000-000000000000/audio/grid/63a5d82e-3770-4365-85d6-77b60caba5e3/0,2025-12-03 10:25:37.509156,2025-12-05,263,Lưu kho
0945e2f9658a4f51b960580075d2a9db,HGFA023494556CB645FEA1F9EF3F06D26A4E,La-La-Land_HGFA023494556CB645FEA1F9EF3F06D26A4E.mp3,,https://stock-admin.hgmedia.app/admin/resource/detail/00000000-0000-0000-0000-000000000000/audio/grid/194263ce-c6da-4407-a464-37c03d06011f/0,2022-05-19 09:14:47.98716,2024-08-21,1557,Sử dụng
f62b0f3d57071797cb777082a5b7ac90,HGFA0235040D0F1146BBA479BBD2B14CE263,PTC5186640_02_12_Tchaikovsky Swan Lake ACT 3 No 19 Pas de six var III.mp3,,,2026-04-07 03:22:26.585497,,138,Tồn kho
0c339e28ac373eb46276940fc8c79b99,HGFA0235C03FF3A44CBCBAD39FCA68AAF3A6,Daylight Shore.wav,,,2025-11-11 09:14:17.523409,,285,Tồn kho
1b5542174ab43f3f102e71eed758c6c8,HGFA0236A4492CAC4E6CB819370D3E25BCBA,Bản sao của Afterglow.mp3,QT2WN2402754,https://stock-admin.hgmedia.app/admin/resource/detail/00000000-0000-0000-0000-000000000000/audio/grid/4a74b693-0f80-49b5-b177-fb356a5b0775/0,2024-12-09 08:13:07.271177,2025-02-27,622,Hàng nguội
78d826bd2ce107d068c4c8fb02365107,HGFA023745EBB8D644209BBD588A07092033,QUIET ABYSS (COVER) - MASTER.mp3,QT2WN2600746,https://stock-admin.hgmedia.app/admin/resource/detail/00000000-0000-0000-0000-000000000000/audio/grid/c04cc545-633d-4691-a123-1b975c620d00/0,2026-02-27 06:51:22.154177,,177,Tồn kho
af2c97d856022c54f77801d2a4405553,HGFA02380D44953049569051E3E887A3DF7E,Echoing Whispers.wav,,,2024-11-08 09:40:03.096669,,653,Tồn kho
ce48dbbe8c99706eb1335068903aff06,HGFA023868985CDD4A69A6B7C36D63C9DDCA,Bamboo-266_HGFA0C83B687622B4D45A2B66DABFF9150F1.wav,,,2024-11-23 16:32:24.791928,,638,Tồn kho
8a2bdd0be0d1e06d5610e8024ff00fd3,HGFA0238E92A0D5B4A47BD3B8F865ED69DD3,"Concerto Grosso no. 1, HWV 319 - I. A tempo giusto.mp3",,https://stock-admin.hgmedia.app/admin/resource/detail/00000000-0000-0000-0000-000000000000/audio/grid/6a332bf1-46e9-4017-9ee6-d4ede3405834/0,2026-05-26 07:40:50.955539,,89,Lưu kho
938d4fc7d94d3593c6cd40b061954eb7,HGFA0239554FEB274737952FB7A28F8C8CD6,Symphony-No--3-in-E-Flat-Major-Op--55-Eroica-II--Marcia-funebre--Adagio-assai_HGFA3AE013C745CD4A76993FA5F0AF0110DA.wav,,,2024-08-09 04:21:47.487562,,744,Tồn kho
b1086f74926f2028626ddccea59b2495,HGFA0239832D1FC74A1F8AF790CCA05BC079,Kontiki_HGFA2851D81ED0A14BC698E1B6471609B084.wav,,,2024-08-09 01:04:22.930653,,744,Tồn kho
baedfccc5476b608fc8bbdbf76086fdc,HGFA0239CAB9FE664A3F87E08E32D23F06ED,You-(Official-Audio)_HGFA0239CAB9FE664A3F87E08E32D23F06ED.mp3,,https://stock-admin.hgmedia.app/admin/resource/detail/00000000-0000-0000-0000-000000000000/audio/grid/b042fa4d-b364-41be-af9d-b4528f4e55ff/0,2024-03-22 16:41:58.982813,,884,Lưu kho
55e7e1e260f87d1d8207af1a5ed3fcff,HGFA0239F1545E3342A48945DDC74EB53C88,Larah Sandy - Soothing Aurora.mp3,,,2024-09-24 03:02:14.182959,,698,Tồn kho
60f42a161b0c1766ea6ef3156967eeb9,HGFA023A0BFDBB2B4E7B8C6F64AF23E078E0,Sweet Defiance 23.wav,,,2026-07-31 22:22:22.950769,,23,Tồn kho
4801fb7aa722d74b6e0a6d036fd0444f,HGFA023A1300E90A4BFAA7F3EDE7B7F9D33A,mozart-presto-from-divertimento-in-d-k136_stem-04.wav,,https://stock-admin.hgmedia.app/admin/resource/detail/00000000-0000-0000-0000-000000000000/audio/grid/b7dad91e-0e58-46d4-824c-7ca50e5b6bfa/0,2025-10-09 03:48:20.861622,,318,Tồn kho
6e49cbac9c1084a84f27095b04c259f0,HGFA023A502B3F2E48A1AB62F5EBF80694F8,"Fantasia in G major, BWV 571.wav",,,2026-05-26 07:31:08.262058,,89,Tồn kho
5047eff1e8add74e77c515073e6a599b,HGFA023A7B6530884CF180073388A2F8093A,Noir_HGFA023A7B6530884CF180073388A2F8093A.mp3,,https://stock-admin.hgmedia.app/admin/resource/detail/00000000-0000-0000-0000-000000000000/audio/grid/65fd1789-9799-47d8-860d-0fd7bc1a3964/0,2022-07-29 23:46:33.826519,,1486,Tồn kho
04b54e6409a0e2de88ec22e9aabc11a7,HGFA023ACF08FB5E42FFAE9605A73207D5D2,chopin-waltz-op.-69-no.2_short-02.wav,,https://stock-admin.hgmedia.app/admin/resource/detail/00000000-0000-0000-0000-000000000000/audio/grid/c377e073-5f79-46f2-a082-5cba6527e055/0,2025-10-10 09:13:43.964905,,317,Tồn kho
ff08c9e4d89f6a783bf0d884b22fb5d6,HGFA023AD45A11694FE889E904E3FBF4CF4C,The-Unique-Factory-(Trance-Version)_HGFA023AD45A11694FE889E904E3FBF4CF4C.mp3,,https://stock-admin.hgmedia.app/admin/resource/detail/00000000-0000-0000-0000-000000000000/audio/grid/2e4e2b80-db2c-4314-9fb7-c8fe565e71b9/0,2024-03-19 11:31:57.316218,,887,Lưu kho
8ebc90c097b2a2e638b9b029a095223c,HGFA023ADEAA0F034A11A04BAC506BF9510D,"PTC5186367_01_02_Brahms Sonata No 1, Op 78, Adagio.wav",NLE421000202,https://stock-admin.hgmedia.app/admin/resource/detail/00000000-0000-0000-0000-000000000000/audio/grid/8b704e02-6787-4d2c-9acb-0572227d07f3/0,2026-04-07 10:18:06.322398,,138,Lưu kho
f31b55125f9780c7e7f96f2281550a5e,HGFA023C62A7A07E4C3D8CE447B6A0E329D9,Hush.mp3,,,2025-08-23 08:14:46.293286,,365,Tồn kho
aa8cc5fc59253b5cc89aeaa6ffba3125,HGFA023CE75DC9804FD2B406A6DCA0915E9C,31bcfe44-aff2-40db-b493-5cf363d6fc4f_HGFAD5335684771B4FFE9EB644A761639FF4.wav,,,2024-11-22 16:58:22.782121,,639,Tồn kho
9ae67cc8fa6bbc2e0f7c26b813fba714,HGFA023D2978EBBB49B685E898EB73AA277C,79 Bosanova - Track 5.wav,,https://stock-admin.hgmedia.app/admin/resource/detail/00000000-0000-0000-0000-000000000000/audio/grid/3858f9f9-c8c6-4ce7-82ae-d6de522a879e/0,2025-03-03 04:17:02.342226,,538,Tồn kho
eda4d9e0cdd128a1de04e84ba3cac6fa,HGFA023D4942CC8F4D35AB4361DE88506242,One-Last-Time_HGFA3066557D7B2C4E509292C3F4648637D7.wav,,,2024-08-09 02:43:38.913931,,744,Tồn kho
5ce543e3cbeed1d4fb0f7f435ffd90b4,HGFA023FCDB8E1E14C30A17C0BA58404D9A9,AnimeRain-465_HGFADEA35AA9E13340A789A46E70751A72D4.wav,,,2024-11-23 13:26:47.478631,,638,Tồn kho
41390c58bcd604cb83c7b0f4541e9a05,HGFA02411D035EFC4E94AB26368D5FDFDF30,Jazz Lounge ngày 22 thang 1  (36).wav,,,2025-01-22 03:08:15.981684,,578,Tồn kho
43f54f6e2534bf7574fd692b6500de49,HGFA024141419D444A709A58FD85E83916C0,Secret-Song-Of-Istanbul-(-Original-Mix-)_HGFA024141419D444A709A58FD85E83916C0.mp3,,https://stock-admin.hgmedia.app/admin/resource/detail/00000000-0000-0000-0000-000000000000/audio/grid/68a06641-5818-496c-ac40-282920b1889e/0,2022-07-22 15:11:49.726278,,1493,Lưu kho
da41cc766fb3fe4bc7737f3425c8c160,HGFA0242AF45DC0149B299FFFF195A5FB53C,6.mp3,,,2025-12-03 08:02:12.377125,,263,Tồn kho
e45c8c5bf9084b20682cf64decc505e3,HGFA0243876291A349A998EF4C3E30E5DCD4,f9d8c090-d661-47f5-af9a-9b748ed1e772_HGFA0243876291A349A998EF4C3E30E5DCD4.mp3,,https://stock-admin.hgmedia.app/admin/resource/detail/00000000-0000-0000-0000-000000000000/audio/grid/fcd7af38-89a7-4657-866a-d282f52c2449/0,2024-11-07 09:14:21.142507,,654,Tồn kho
7708c785a913d2af7a132e24cf97f584,HGFA0243DA1017CC4885880F94DD30F737F2,Sunrise.mp3,QT2WN2602381,https://stock-admin.hgmedia.app/admin/resource/detail/00000000-0000-0000-0000-000000000000/audio/grid/e3380eb0-9091-4ada-a712-59b92b3d4c82/0,2026-05-26 02:23:38.396226,,89,Tồn kho
2bbe7f093defc33fe1d02c5d95918e4c,HGFA0245129032BD41A2B6D1DC957EFEE218,Mozart - Impresario K.486.mp3,,https://stock-admin.hgmedia.app/admin/resource/detail/00000000-0000-0000-0000-000000000000/audio/grid/5a99cb9d-4e5a-4ae3-80ae-01a49a9fed78/0,2026-05-26 08:23:36.556636,,89,Lưu kho
854d067f82b2fd1207a6f38bb2259a54,HGFA024536129A3B43D3B416B52EEDE944C4,mozart--the-marriage-of-figaro_loop-02.wav,,,2025-10-09 03:28:30.646123,,318,Tồn kho
e9f08bfce8b6f62e40408e28352e4aee,HGFA024634BBFCF84E38BC220A3C4512D86A,05.wav,,,2025-12-30 04:24:24.358052,,236,Tồn kho
4ce681f54e32678722b025117313286b,HGFA024654AA08EC44958BE56C95CC365760,43d22470-26ab-49bc-bb2e-358ea0e8e4e2_HGFA8747875694094ABABE088C59088EB3F4.wav,,,2024-11-22 16:59:55.150911,,639,Tồn kho
3a143a1e21d2c97e728c0812614db4fb,HGFA0247E29617944BE994B5A027963FD500,Bumpin_-Beats_HGFA0247E29617944BE994B5A027963FD500.mp3,,https://stock-admin.hgmedia.app/admin/resource/detail/00000000-0000-0000-0000-000000000000/audio/grid/d70d5940-8223-48bc-bab2-737a2efd99b6/0,2024-03-28 15:18:53.518772,,878,Lưu kho
d8dc395ea6f4f82cb92345d997be204a,HGFA0247FF8A0D194A90AC150AF0E3D1E0D7,"Faramondo, HWV 39.mp3",,https://stock-admin.hgmedia.app/admin/resource/detail/00000000-0000-0000-0000-000000000000/audio/grid/c8267f86-5251-4ed7-ad6c-179f3516910a/0,2026-05-26 07:31:00.501302,,89,Lưu kho
f4684b90e6f78e8a6afe45e0ed2870d3,HGFA0248B0C5E4374D65A289952AFF54ECE4,untitled - Track 3.wav,,,2025-01-15 02:45:46.604041,,585,Tồn kho
8152cc8956dce9aede9c7d0ea9adab43,HGFA0248DFC9FCCC402BAA0463B90FDEC26C,Sometimes,Không có,,,,,Tồn kho
39a8c5473eea7c30a1f05c910e3f8536,HGFA02496904B56541F5B8053696F425A583,Hazy Daydreams.wav,,,2024-10-31 02:44:03.512252,,661,Tồn kho
b6718e75910d4c02ffc1149b1371e9e4,HGFA02499D497AC34AC9A780E3B21E35F5A7,Relaxing-_-Emotive-Piano_HGFA02499D497AC34AC9A780E3B21E35F5A7.mp3,,https://stock-admin.hgmedia.app/admin/resource/detail/00000000-0000-0000-0000-000000000000/audio/grid/926e2627-da64-4b28-b1f4-6bf4555a5741/0,2022-07-08 14:32:30.833088,2025-02-23,1507,Hàng nguội
fafa667543428984a9bc02104f052735,HGFA0249C30DBA564B4591AF07F176FA4B87,Serene Twilight.mp3,QT2WN2501179,https://stock-admin.hgmedia.app/admin/resource/detail/00000000-0000-0000-0000-000000000000/audio/grid/16af1a15-ae8d-451f-9c88-61f13573dc72/0,2025-04-17 04:13:17.337145,2025-08-12,493,Hàng nguội
72c6ce61a459abbfcb9b8281e9682589,HGFA024A9E1D9BC34157B37AF9BC3A67B455,Sweet-Sunshine-(Radio-Edit)_HGFA5CF60AEB9BF74CCBB5A3660568EA203C.wav,,,2024-08-09 04:00:25.550789,,744,Tồn kho
eca6dd4e9307bcf436b75c852c149e73,HGFA024AAAE82B514DD6A7727144DFE01CF3,Nostalgia.mp3,,,2025-02-27 07:33:09.448177,,542,Tồn kho
2e3c11d7b07e7b17ef2a5d47bea99b0b,HGFA024B0C2BDE7745D5922E3959C1C6B3A8,Gita-in-campagna_HGFA024B0C2BDE7745D5922E3959C1C6B3A8.mp3,,https://stock-admin.hgmedia.app/admin/resource/detail/00000000-0000-0000-0000-000000000000/audio/grid/5c587b81-010f-4135-a604-418707e69512/0,2023-06-06 11:41:31.202394,,1174,Lưu kho
fdbc60cbd1aa8ca048255ffb28fdcfe2,HGFA024BBEFD25B1456692E8DC11E6ED980E,,,,,,,Tồn kho
a4b7c83e9c769e4cd30042a6c7aa09da,HGFA024C1E2B7C3043E98C8F4F16E676766E,rondo-from-mozart-horn-concerto-in-eb_short-02.mp3,,,2025-10-09 03:49:34.00115,,318,Tồn kho
5e869db5effb8a011876d6a536862064,HGFA024D8BFA118C4C58A4FDBFF2E1D8CF46,Tình-sầu-thiên-thu-muôn-lối---Doãn-Hiếu_HGFA024D8BFA118C4C58A4FDBFF2E1D8CF46.wav,,https://stock-admin.hgmedia.app/admin/resource/detail/00000000-0000-0000-0000-000000000000/audio/grid/129b26da-9b23-4338-bd5c-78fac80e1913/0,2022-09-15 16:25:29.876788,,1438,Lưu kho
a811e7457ef3bbf7c7d9d444fdc0aee8,HGFA024DBD5807EF46BF8BEE96ECDC9E7660,Fireflies_HGFA024DBD5807EF46BF8BEE96ECDC9E7660.mp3,,https://stock-admin.hgmedia.app/admin/resource/detail/00000000-0000-0000-0000-000000000000/audio/grid/d1dab800-ae3b-41af-af05-1797139f834a/0,2023-06-02 17:26:23.02033,,1178,Lưu kho
827b87c083e8149a2eaf2e74ed908af3,HGFA024DFC8E264B43D191C6119109105BC5,"Bye, baby Bunting.mp3",,,2025-08-23 08:23:49.665971,,365,Tồn kho
8408e526c6bb60e90042e535cbd3bf78,HGFA024FE17FDB2B4436AF77139D25D03340,Until-Everything-Ends_HGFA024FE17FDB2B4436AF77139D25D03340.mp3,,https://stock-admin.hgmedia.app/admin/resource/detail/00000000-0000-0000-0000-000000000000/audio/grid/acd04cd1-a3ae-4d30-87ac-26bef2fe3d06/0,2022-04-07 17:21:00.379643,2024-08-31,1599,Hàng nguội
93aaeb10cf1a8aa7d210a2fd51340a6e,HGFA024FFE36226F44C8BA570BB3603D0488,badiniere-from-handels-suite-no.-2_loop-04.wav,,https://stock-admin.hgmedia.app/admin/resource/detail/00000000-0000-0000-0000-000000000000/audio/grid/063ed892-9640-422f-8c77-71d61bd24bec/0,2025-10-11 00:33:53.96833,,316,Tồn kho
8569dc4615bcbc608aeb4bdab5670cf3,HGFA02514B1E7F9C4AA58D3566F9DA027E43,Twilight Hymn.wav,,,2025-04-01 02:51:58.910975,,509,Tồn kho
d78a9678b9cc2eb96aced267e4732e59,HGFA0251F6DE1CEE4E88A129193E5421D6AB,Holberg-Suite-Op--40-II--Sarabande_HGFA0251F6DE1CEE4E88A129193E5421D6AB.mp3,,https://stock-admin.hgmedia.app/admin/resource/detail/00000000-0000-0000-0000-000000000000/audio/grid/1f85873b-e417-4912-89a7-143fd063bc9c/0,2023-06-05 16:30:27.599381,,1175,Lưu kho
e43b97ff799dd65a91b55bdc294bc0cd,HGFA0252755B1D6B429E8CC2E91EC1EC924E,ZOOM0010.mp3,,,2026-06-03 02:20:24.297028,,81,Tồn kho
85b04ced5f149a1e01ff21fbf61c17f8,HGFA0253291C914A4CC2B5596E575725CF17,Lighthouses.mp3,,,2026-07-29 04:16:59.191257,,25,Tồn kho
28a5caabddfdf23ef22595221cccc76a,HGFA025410D4A9644B06B2D6B3ACDCFC26A3,Thank You_Afro_Ver2.mp3,,,2026-07-20 12:05:20.136014,,34,Tồn kho
dc1ccb9d63ea45d23b3137fe080d5fda,HGFA025615DAD30443618253FBFC24AEF375,Como-el-Agua-(aire-Cálido-de-Abril)_HGFA508B576E3462471EA57D4F81AF9A75B5.wav,,,2024-08-09 04:57:45.27677,,744,Tồn kho
2d31b0ec4b08eadb22f04a2b15c2713e,HGFA02568B8B310641C6892C1D79396CA872,"The Magic Flute, K. 620 - Act 2. b. Ein Madchen oder Weibchen.wav",,,2026-05-26 09:37:22.832928,,89,Tồn kho
91278b728da5639115209c4ad432da1e,HGFA0257FEC3D791412898191557A548FC9F,Winding Echo.mp3,QT2WN2403314,https://stock-admin.hgmedia.app/admin/resource/detail/00000000-0000-0000-0000-000000000000/audio/grid/2ef59ca6-3872-45a0-89ff-6bca149ae333/0,2025-01-21 07:38:33.488584,,579,Tồn kho
5245d85d5cb3b7794c41052d5dc519f0,HGFA0258741925CB4DA7853D84CB192B6DF8,Quien-Será-(Official-Video)(2)_HGFA0AA354F598084A31BF949AD6D1643D73.wav,,,2024-08-09 00:38:01.051189,,744,Tồn kho
1b017f52e65b5ca1c58ad32309d77c84,HGFA0259BB63ED6743DEB794EE55B302F020,"Paul Pitman - Moonlight Sonata, Op. 27 No. 2 - I. Adagio sostenuto.wav",,,2026-05-26 08:41:11.615165,,89,Tồn kho
3672688f5c7246623e5105c46635da6b,HGFA0259E2E8AB59491A9C3BE54A5D3C1BF7,half-of-your-heart-SBA-347011580.mp3,,https://stock-admin.hgmedia.app/admin/resource/detail/00000000-0000-0000-0000-000000000000/audio/grid/3a7c24f0-4c09-420d-91fa-17e2f1f2f448/0,2024-09-18 08:44:45.753022,,704,Tồn kho
335d62b0cf2b5ecb99fc1b5ece12de1b,HGFA0259E31F7B47494D88B5B91A04BBF89D,Bamboo Path.mp3,,,2024-12-14 03:44:14.364027,,617,Tồn kho
83e1c8d1603632cc7e5a342fad61a8b1,HGFA025B008D802442228761272FB99CD9CB,When Lights Collapse.wav,,,2024-11-29 03:52:59.41182,,632,Tồn kho
a3a1a64ea75fecdcdcd5f0540a5996c0,HGFA025B3ED7D72A4A618EB7005BFA01A31A,Miroirs-M--43-No--1-Noctuelles--Très-léger_HGFA9745901109AF4F0FBDDA18E6362B7318.wav,,,2024-08-09 07:54:27.095162,,744,Tồn kho
036dacb64cd217264b0bd55dcdd414b4,HGFA025E1D53578F4BC68F089CFADCBCD4FC,Close-(Original-Mix)_HGFAA19186D047934B9E8ABD073E767E9FD4.wav,,,2024-08-09 06:43:59.870464,,744,Tồn kho
af6c94a51428373f7928d96fa16a8b36,HGFA025F1A8863FB4F9DA96B87F7E56CE5C0,PTC5186570_01_09_Variations on a Rococo Theme Op33 Variation 3.wav,NLE421502909,https://stock-admin.hgmedia.app/admin/resource/detail/00000000-0000-0000-0000-000000000000/audio/grid/40cd9ca1-544e-42fc-a910-199db57a0e2d/0,2026-04-07 03:09:41.116102,,138,Lưu kho
423d09b917261f6e3cecaff1d407e711,HGFA02603B255E384685A7326B3D87B71358,mozart-piano-concerto-21-andante_loop-09.mp3,,,2025-10-09 03:27:33.190208,,318,Tồn kho
91d3cc5bc74cfb37892273c3d0a0b1fc,HGFA026170D971AC45F3A90324E89D4C82B4,Save-me_HGFA026170D971AC45F3A90324E89D4C82B4.mp3,,https://stock-admin.hgmedia.app/admin/resource/detail/00000000-0000-0000-0000-000000000000/audio/grid/368c0f8b-ed5d-4227-bd1f-41f30aa08643/0,2022-07-14 14:53:25.525833,2025-02-21,1501,Lưu kho
8a4281bf380a954bd6cdd76983daa372,HGFA0262502C58414524A11E8DC35C439AA9,Divertimento-in-D-Major-K--251-II--Minuetto_HGFAC08DB41ADC8F42CF8ED5B223ED6719A3.wav,,,2024-08-09 09:07:35.267842,,744,Tồn kho
49c43dcfb34987288cedc26d9d8f859d,HGFA0266C547C40D4AC79994103211CE6041,PTC5186718_01_06_Beethoven Str Q C sharp min op 131 Adagio.wav,NLE421906106,https://stock-admin.hgmedia.app/admin/resource/detail/00000000-0000-0000-0000-000000000000/audio/grid/8a973d10-c84e-4056-8394-044cf1741ca1/0,2026-04-07 03:38:09.351744,,138,Lưu kho
7d436fa68f79c73c2034ae16d61cc88d,HGFA0266DD6B899F479083BCD7944740ABA0,Fold and Float.wav,QT2WN2501758,https://stock-admin.hgmedia.app/admin/resource/detail/00000000-0000-0000-0000-000000000000/audio/grid/ebe48f21-5785-4dcb-8fc7-3ed95a8bdc4b/0,2025-06-13 02:35:08.80954,2025-07-19,436,Hàng nguội
05cdc9fb7b3d862786c6653123054659,HGFA0267388A56A14BFEA6648A8631915624,"Suite in D minor, HWV 437 - III. Sarabande.wav",,,2026-05-26 09:37:39.264114,,89,Tồn kho
a0f1947650953812a782b57747b35031,HGFA02684C6871AB4E509EFD27F2A9EE679C,Vivid Cityscape.wav,,,2024-10-30 09:42:52.504665,,662,Tồn kho
0248b9e1121ca70c38b1cdd593abf8b8,HGFA0268570CFB344976AD7F8D1B0FCD7DFB,Song Am Chuong xoay 1.mp3,QT2WN2600313,https://stock-admin.hgmedia.app/admin/resource/detail/00000000-0000-0000-0000-000000000000/audio/grid/3f69cea1-8fc2-4da6-8020-483b18ef5cf5/0,2026-01-23 10:04:45.830014,2026-01-28,212,Hàng nguội
07c8228627e8b9a2572fbcfac947ce6f,HGFA0269B72023174B74B0C61F607D7B6899,Hidden-Realm_HGFA0269B72023174B74B0C61F607D7B6899.mp3,GX89G2496347,https://stock-admin.hgmedia.app/admin/resource/detail/00000000-0000-0000-0000-000000000000/audio/grid/44395e9a-6f34-4ad2-b10f-dd3ba5c98ec3/0,2024-02-03 16:07:49.585607,2025-05-07,932,Hàng nguội
e7903c8275fe922d6d9141e4309b5ebd,HGFA026A46A1308C4B6CB30B0D4E03F4AE4D,Retro Rhythm.wav,,,2025-01-03 09:03:18.605035,,597,Tồn kho
c6224fcedfe2734bef5a7c4920755896,HGFA026A6CA5AC14476082D7300EF6256968,Fading Tulips.mp3,QT2WN2502943,https://stock-admin.hgmedia.app/admin/resource/detail/00000000-0000-0000-0000-000000000000/audio/grid/fc0e724e-e38d-4f90-a398-f16521da0587/0,2025-09-30 03:00:22.248862,2026-01-29,327,Hàng nguội
94dbb1002baeb4291ac7cb976b5c636b,HGFA026B4C1ED40B4F739187361BB5E1593F,Life.mp3,,https://stock-admin.hgmedia.app/admin/resource/detail/00000000-0000-0000-0000-000000000000/audio/grid/0fadedae-1d58-4816-a355-cc9d79bde7b0/0,2025-01-07 07:45:44.30848,,593,Tồn kho
d460da37f2807670c72cda96d8354d28,HGFA026B7DD7BE4D4117B607A837B429E41A,The-Need-For-You_HGFA026B7DD7BE4D4117B607A837B429E41A.mp3,,https://stock-admin.hgmedia.app/admin/resource/detail/00000000-0000-0000-0000-000000000000/audio/grid/aa0edbc0-2b24-4dbf-9d42-65f563f97af3/0,2024-05-04 15:17:29.476743,2025-02-06,841,Hàng nguội
026831a69affc44bc7d20b60c3798b5f,HGFA026C193C88854BF5A765F992B31BF95D,Midnight  Cover.mp3,,https://stock-admin.hgmedia.app/admin/resource/detail/00000000-0000-0000-0000-000000000000/audio/grid/c4b86c03-1e97-4259-b1d6-49702cd7d677/0,2026-06-08 09:28:31.563998,,76,Tồn kho
925b8c3c6087b56457bbd730230a7cd3,HGFA026C440BDBD34DD7872AA52A234F4575,"PTC5186307_01_10_Brahms Variations on a Theme of Haydn, Var 10.mp3",,,2026-04-07 13:38:01.287351,,138,Tồn kho
