dim_resource_sk,resource_id,repository_id,resource_name,song_code,acceptance_score,acceptance_cost,acceptance_date,production_plan_detail_id,status,so_id,po_detail_id
59432ca4e30a0e015d76e0138210dcad,6862,445,Playing With My Heart,2603_J2(F_V_O)_B_13_FM,0.00,0.00,2026-03-19 00:00:00,,Đã nghiệm thu,254,4777
59432ca4e30a0e015d76e0138210dcad,2775,367,"We Grow Apart, We Grow in Love",2511_CO2(2_V_O)_A_89,0.00,0.00,2025-11-19 00:00:00,,Đã nghiệm thu,176,
59432ca4e30a0e015d76e0138210dcad,2774,367,After the Storm,2511_CO2(2_V_O)_A_88,0.00,0.00,2025-11-19 00:00:00,,Đã nghiệm thu,176,
59432ca4e30a0e015d76e0138210dcad,7366,434,Doux Échos,2604_FI(1_B_O)_A_29_LHH,9.00,200000.00,2026-04-23 00:00:00,2985,Đã nghiệm thu,267,5093
59432ca4e30a0e015d76e0138210dcad,1672,368,,,0.00,0.00,,,Đang sản xuất,,
59432ca4e30a0e015d76e0138210dcad,1,,,,0.00,0.00,,,Đang sản xuất,,
59432ca4e30a0e015d76e0138210dcad,6861,445,Until the Stars Turn Gold,2603_J2(F_V_O)_B_12_FM,0.00,0.00,2026-03-19 00:00:00,,Đã nghiệm thu,254,4777
59432ca4e30a0e015d76e0138210dcad,6545,422,Only With You,2602_DH2(1_V_O)_E_102_M1,0.00,0.00,2026-03-11 00:00:00,,Đã nghiệm thu,225,4328
59432ca4e30a0e015d76e0138210dcad,6557,430,Flicker In Haze,2603_J(2_B_O)_C_02_TNCK,9.00,4000000.00,2026-03-26 00:00:00,2665,Đã nghiệm thu,250,4716
59432ca4e30a0e015d76e0138210dcad,7364,434,Heures Silencieuses,2604_FI(1_B_O)_A_27_LHH,9.00,200000.00,2026-04-23 00:00:00,2985,Đã nghiệm thu,267,5093
59432ca4e30a0e015d76e0138210dcad,7506,,Riptide,,9.00,0.00,,,Đang sản xuất,,
59432ca4e30a0e015d76e0138210dcad,6558,430,Dusklight Echo,2603_J(2_B_O)_C_03_TNCK,9.00,4000000.00,2026-03-26 00:00:00,2665,Đã nghiệm thu,250,4716
59432ca4e30a0e015d76e0138210dcad,1651,368,,,0.00,0.00,,,Đang sản xuất,,
59432ca4e30a0e015d76e0138210dcad,6856,445,Neon Midnight Drive,2603_J2(F_V_O)_B_07_FM,0.00,0.00,2026-03-19 00:00:00,,Đã nghiệm thu,254,4777
59432ca4e30a0e015d76e0138210dcad,6530,422,Drift Along The Tide,2602_DH2(1_V_O)_E_87_M1,0.00,0.00,2026-03-11 00:00:00,,Đã nghiệm thu,225,4328
59432ca4e30a0e015d76e0138210dcad,8316,339,,2606_DH2(2_V_O)_B_13,9.50,0.00,,,Đang sản xuất,306,6142
59432ca4e30a0e015d76e0138210dcad,7433,451,,2604_JH2(L_B_O)_C_02_LHH,0.00,1500000.00,,3016,Đang sản xuất,276,5300
59432ca4e30a0e015d76e0138210dcad,6529,422,Chase The Daylight,2602_DH2(1_V_O)_E_86_M1,0.00,0.00,2026-03-11 00:00:00,,Đã nghiệm thu,225,4328
59432ca4e30a0e015d76e0138210dcad,2956,360,,2510_P12(C_B_TH)_A_42_NMXA,0.00,0.00,,944,Đang sản xuất,120,1020
59432ca4e30a0e015d76e0138210dcad,1649,368,,,0.00,0.00,,,Đang sản xuất,,
59432ca4e30a0e015d76e0138210dcad,6853,445,Summer in Your Smile,2603_J2(F_V_O)_B_04_FM,0.00,0.00,2026-03-19 00:00:00,,Đã nghiệm thu,254,4777
59432ca4e30a0e015d76e0138210dcad,2773,367,The Space Between Us,2511_CO2(2_V_O)_A_87,0.00,0.00,2025-11-19 00:00:00,,Đã nghiệm thu,176,
59432ca4e30a0e015d76e0138210dcad,2772,367,Where Love Remains,2511_CO2(2_V_O)_A_86,0.00,0.00,2025-11-19 00:00:00,,Đã nghiệm thu,176,
59432ca4e30a0e015d76e0138210dcad,7359,434,Late Echoes,2604_FI(1_B_O)_A_22_LHH,9.00,200000.00,2026-04-22 00:00:00,2985,Đã nghiệm thu,267,5093
59432ca4e30a0e015d76e0138210dcad,7923,457,Heavy Enough,2605_SA(2_B_O)_D_04_AM,9.00,1820000.00,2026-06-02 00:00:00,3258,Đã nghiệm thu,285,5768
59432ca4e30a0e015d76e0138210dcad,6156,402,No Motion,2602_DA2(2_B_O)_A_37_M2,0.00,0.00,2026-02-25 00:00:00,,Đã nghiệm thu,235,4423
59432ca4e30a0e015d76e0138210dcad,6511,422,Holding This Moment,2602_DH2(1_V_O)_E_68_M1,0.00,0.00,2026-03-11 00:00:00,,Đã nghiệm thu,225,4328
59432ca4e30a0e015d76e0138210dcad,5223,414,,2601_CLS(L_V_PD)_B_09_ZEB,0.00,3500000.00,2026-01-23 00:00:00,1631,Đã nghiệm thu,217,4143
59432ca4e30a0e015d76e0138210dcad,7370,152,Wait For A Moment,2604_SA(1_B_O)_A_03_AM,9.00,1820000.00,2026-04-29 00:00:00,3003,Đã nghiệm thu,267,5104
59432ca4e30a0e015d76e0138210dcad,6126,402,Fading Night,2602_DA2(2_B_O)_A_07_M2,0.00,0.00,2026-02-25 00:00:00,,Đã nghiệm thu,235,4423
59432ca4e30a0e015d76e0138210dcad,2771,367,Midnight Skin,2511_CO2(2_V_O)_A_85,0.00,0.00,2025-11-19 00:00:00,,Đã nghiệm thu,176,
59432ca4e30a0e015d76e0138210dcad,6159,402,Silent Black,2602_DA2(2_B_O)_A_40_M2,0.00,0.00,2026-02-25 00:00:00,,Đã nghiệm thu,235,4423
59432ca4e30a0e015d76e0138210dcad,7499,,I’ll Wait,,9.00,0.00,,,Đang sản xuất,,
59432ca4e30a0e015d76e0138210dcad,7356,434,Horizons Lointains,2604_FI(1_B_O)_A_19_LHH,9.00,200000.00,2026-04-22 00:00:00,2985,Đã nghiệm thu,267,5093
59432ca4e30a0e015d76e0138210dcad,7684,416,Just Before Sunrise,2604_L2(2_B_O)_B_19_M2,9.00,9.00,2026-05-08 00:00:00,,Đã nghiệm thu,266,5142
59432ca4e30a0e015d76e0138210dcad,1675,368,,,0.00,0.00,,,Đang sản xuất,,
59432ca4e30a0e015d76e0138210dcad,8296,370,The Ancient Forest,2605_OH(C_B_O)_A1_10_HTS,9.20,3500000.00,2026-06-22 00:00:00,3579,Đã nghiệm thu,295,5845
59432ca4e30a0e015d76e0138210dcad,1674,368,,,0.00,0.00,,,Đang sản xuất,,
59432ca4e30a0e015d76e0138210dcad,7432,451,,2604_JH2(L_B_O)_C_01_LHH,0.00,1500000.00,,3016,Đang sản xuất,276,5300
59432ca4e30a0e015d76e0138210dcad,7597,339,After The Last Light,2604_DH2(2_V_O)_B_26_M2,0.00,9.00,2026-04-29 00:00:00,,Đã nghiệm thu,266,5136
59432ca4e30a0e015d76e0138210dcad,2770,367,Under the Waves,2511_CO2(2_V_O)_A_84,0.00,0.00,2025-11-19 00:00:00,,Đã nghiệm thu,176,
59432ca4e30a0e015d76e0138210dcad,6120,402,Cold Drift,2602_DA2(2_B_O)_A_01_M2,0.00,0.00,2026-02-25 00:00:00,,Đã nghiệm thu,235,4423
59432ca4e30a0e015d76e0138210dcad,8295,370,Misty Mountains,2605_OH(C_B_O)_A1_09_HTS,9.20,3500000.00,2026-06-22 00:00:00,3579,Đã nghiệm thu,295,5845
59432ca4e30a0e015d76e0138210dcad,1670,368,,,0.00,0.00,,,Đang sản xuất,,
59432ca4e30a0e015d76e0138210dcad,3323,,#N/A,,0.00,0.00,,,Đang sản xuất,,
59432ca4e30a0e015d76e0138210dcad,2769,367,Back to You,2511_CO2(2_V_O)_A_83,0.00,0.00,2025-11-19 00:00:00,,Đã nghiệm thu,176,
59432ca4e30a0e015d76e0138210dcad,7353,434,Blue Remains,2604_FI(1_B_O)_A_16_LHH,9.00,200000.00,2026-04-22 00:00:00,2985,Đã nghiệm thu,267,5093
59432ca4e30a0e015d76e0138210dcad,7369,152,Equanimity,2604_SA(1_B_O)_A_02_AM,9.50,1820000.00,2026-04-29 00:00:00,3003,Đã nghiệm thu,267,5104
59432ca4e30a0e015d76e0138210dcad,7352,434,Sous les Lumières Anciennes,2604_FI(1_B_O)_A_15_DMH,9.00,200000.00,2026-05-06 00:00:00,2972,Đã nghiệm thu,267,5093
59432ca4e30a0e015d76e0138210dcad,2767,367,Fall Into Me,2511_CO2(2_V_O)_A_81,0.00,0.00,2025-11-19 00:00:00,,Đã nghiệm thu,176,
59432ca4e30a0e015d76e0138210dcad,7507,,Talking Body,,9.00,0.00,,,Đang sản xuất,,
59432ca4e30a0e015d76e0138210dcad,5898,338,Dark Outline,2601_DH2(2_V_O)_A_15_M2,0.00,0.00,2026-02-10 00:00:00,,Đã nghiệm thu,208,3979
59432ca4e30a0e015d76e0138210dcad,7274,456,,2604_DH2(1_V_O)_G_19_LHH,0.00,200000.00,,2984,Đang sản xuất,267,5202
59432ca4e30a0e015d76e0138210dcad,7350,434,Un Instant Avant l’Oubli”,2604_FI(1_B_O)_A_13_DMH,9.00,200000.00,2026-05-06 00:00:00,2972,Đã nghiệm thu,267,5093
59432ca4e30a0e015d76e0138210dcad,3482,341,,2510_POP12(C_V_TH)_A_43_NLT1,0.00,0.00,,947,Đang sản xuất,120,1019
59432ca4e30a0e015d76e0138210dcad,7349,434,Silhouettes en Fuite,2604_FI(1_B_O)_A_12_DMH,9.00,200000.00,2026-05-06 00:00:00,2972,Đã nghiệm thu,267,5093
59432ca4e30a0e015d76e0138210dcad,2952,360,,2510_P12(C_B_TH)_A_38_NMXA,0.00,0.00,,944,Đang sản xuất,120,1020
59432ca4e30a0e015d76e0138210dcad,7348,434,Un Monde en Velours Gris,2604_FI(1_B_O)_A_11_DMH,9.00,200000.00,2026-05-06 00:00:00,2972,Đã nghiệm thu,267,5093
59432ca4e30a0e015d76e0138210dcad,7347,434,Les Heures Qui S’effacent,2604_FI(1_B_O)_A_10_DMH,9.00,200000.00,2026-05-06 00:00:00,2972,Đã nghiệm thu,267,5093
59432ca4e30a0e015d76e0138210dcad,7445,449,,2604_JH(L_B_O)_D_04_HNDT,0.00,5000000.00,,3020,Đang sản xuất,276,5299
59432ca4e30a0e015d76e0138210dcad,7345,434,Danse des Ombres Douces,2604_FI(1_B_O)_A_08_DMH,9.00,200000.00,2026-05-06 00:00:00,2972,Đã nghiệm thu,267,5093
59432ca4e30a0e015d76e0138210dcad,2766,367,Echoes of You,2511_CO2(2_V_O)_A_80,0.00,0.00,2025-11-19 00:00:00,,Đã nghiệm thu,176,
59432ca4e30a0e015d76e0138210dcad,2765,367,Lost in the Light,2511_CO2(2_V_O)_A_79,0.00,0.00,2025-11-19 00:00:00,,Đã nghiệm thu,176,
59432ca4e30a0e015d76e0138210dcad,7343,434,Au Coin des Rues Perdues,2604_FI(1_B_O)_A_06_DMH,9.00,200000.00,2026-05-06 00:00:00,2972,Đã nghiệm thu,267,5093
59432ca4e30a0e015d76e0138210dcad,7444,449,,2604_JH(L_B_O)_D_03_HNDT,0.00,5000000.00,,3020,Đang sản xuất,276,5299
59432ca4e30a0e015d76e0138210dcad,7342,434,La Dernière Valse d’Été,2604_FI(1_B_O)_A_05_DMH,9.00,200000.00,2026-05-06 00:00:00,2972,Đã nghiệm thu,267,5093
59432ca4e30a0e015d76e0138210dcad,2764,367,Falling For The Feeling,2511_CO2(2_V_O)_A_78,0.00,0.00,2025-11-19 00:00:00,,Đã nghiệm thu,176,
59432ca4e30a0e015d76e0138210dcad,5951,367,Buttons,2601_CO2(2_V_O)_A_02_M2,0.00,0.00,2026-02-10 00:00:00,,Đã nghiệm thu,208,3984
59432ca4e30a0e015d76e0138210dcad,7215,456,,2604_DH2(1_V_O)_G_15_NLT1,0.00,200000.00,,2979,Đang sản xuất,267,5202
59432ca4e30a0e015d76e0138210dcad,7341,434,Rues d’Automne,2604_FI(1_B_O)_A_04_DMH,9.00,200000.00,2026-05-06 00:00:00,2972,Đã nghiệm thu,267,5093
59432ca4e30a0e015d76e0138210dcad,7340,434,Le Temps en Silence,2604_FI(1_B_O)_A_03_DMH,9.00,200000.00,2026-05-06 00:00:00,2972,Đã nghiệm thu,267,5093
59432ca4e30a0e015d76e0138210dcad,2960,360,,2510_P12(C_B_TH)_A_46_NMXA,0.00,0.00,,944,Đang sản xuất,120,1020
59432ca4e30a0e015d76e0138210dcad,6948,437,,2603_DH2(1_V_O)_F_23_LHH,0.00,0.00,2026-03-26 00:00:00,2662,Đã nghiệm thu,247,4707
59432ca4e30a0e015d76e0138210dcad,2763,367,Talk Too Much,2511_CO2(2_V_O)_A_77,0.00,0.00,2025-11-19 00:00:00,,Đã nghiệm thu,176,
59432ca4e30a0e015d76e0138210dcad,2761,367,You Make It Easy,2511_CO2(2_V_O)_A_75,0.00,0.00,2025-11-19 00:00:00,,Đã nghiệm thu,176,
59432ca4e30a0e015d76e0138210dcad,3377,99,,2512_KS(H_V_PD)_B_02_TN,0.00,3400000.00,,1252,Đang sản xuất,179,3176
59432ca4e30a0e015d76e0138210dcad,6917,434,Old Dirt Road,2603_FI(1_B_O)_A_02_LHH,8.50,0.00,2026-03-31 00:00:00,2653,Đã nghiệm thu,247,4704
59432ca4e30a0e015d76e0138210dcad,7339,434,Valse des Souvenirs,2604_FI(1_B_O)_A_02_DMH,9.50,200000.00,2026-05-06 00:00:00,2972,Đã nghiệm thu,267,5093
59432ca4e30a0e015d76e0138210dcad,7338,434,Frimousse,2604_FI(1_B_O)_A_01_DMH,9.00,200000.00,2026-05-06 00:00:00,2972,Đã nghiệm thu,267,5093
59432ca4e30a0e015d76e0138210dcad,2759,367,Good On My Own,2511_CO2(2_V_O)_A_73,0.00,0.00,2025-11-19 00:00:00,,Đã nghiệm thu,176,
59432ca4e30a0e015d76e0138210dcad,8294,370,Under Himalayan Sky,2605_OH(C_B_O)_A1_08_HTS,9.20,3500000.00,2026-06-22 00:00:00,3579,Đã nghiệm thu,295,5845
59432ca4e30a0e015d76e0138210dcad,2958,360,,2510_P12(C_B_TH)_A_44_NMXA,0.00,0.00,,944,Đang sản xuất,120,1020
59432ca4e30a0e015d76e0138210dcad,2758,367,All The Little Things,2511_CO2(2_V_O)_A_72,0.00,0.00,2025-11-19 00:00:00,,Đã nghiệm thu,176,
59432ca4e30a0e015d76e0138210dcad,7377,417,Sun Drifts Sideways,2604_J(F_B_O)_K_02_NTBT,9.50,5000000.00,2026-05-06 00:00:00,3006,Đã nghiệm thu,270,5287
59432ca4e30a0e015d76e0138210dcad,6914,437,,2603_DH2(1_V_O)_F_09_NLT1,9.00,0.00,2026-03-26 00:00:00,2652,Đã nghiệm thu,247,4707
59432ca4e30a0e015d76e0138210dcad,7376,417,Quiet Street Lights,2604_J(F_B_O)_K_01_NTBT,9.50,5000000.00,2026-05-06 00:00:00,3006,Đã nghiệm thu,270,5287
59432ca4e30a0e015d76e0138210dcad,1655,368,,,0.00,0.00,,,Đang sản xuất,,
59432ca4e30a0e015d76e0138210dcad,8293,370,Follow The Echo,2605_OH(C_B_O)_A1_07_HTS,9.20,3500000.00,2026-06-22 00:00:00,3579,Đã nghiệm thu,295,5845
59432ca4e30a0e015d76e0138210dcad,2757,367,Learning to Breathe,2511_CO2(2_V_O)_A_71,0.00,0.00,2025-11-19 00:00:00,,Đã nghiệm thu,176,
59432ca4e30a0e015d76e0138210dcad,1648,368,,,0.00,0.00,,,Đang sản xuất,,
59432ca4e30a0e015d76e0138210dcad,2954,360,,2510_P12(C_B_TH)_A_40_NMXA,0.00,0.00,,944,Đang sản xuất,120,1020
59432ca4e30a0e015d76e0138210dcad,2756,367,Can’t Stop Smiling,2511_CO2(2_V_O)_A_70,0.00,0.00,2025-11-19 00:00:00,,Đã nghiệm thu,176,
59432ca4e30a0e015d76e0138210dcad,6925,434,Clair de lune,2603_FI(1_B_O)_A_10_LHH,8.50,0.00,2026-03-31 00:00:00,2653,Đã nghiệm thu,247,4704
59432ca4e30a0e015d76e0138210dcad,1653,368,,,0.00,0.00,,,Đang sản xuất,,
59432ca4e30a0e015d76e0138210dcad,3481,341,,2510_POP12(C_V_TH)_A_42_NLT1,0.00,0.00,,947,Đang sản xuất,120,1019
59432ca4e30a0e015d76e0138210dcad,7392,462,The Quiet Boulevard,2604_NC(2_B_O)_False_01_NTBT,8.50,3500000.00,2026-05-25 00:00:00,3021,Đã nghiệm thu,269,5284
59432ca4e30a0e015d76e0138210dcad,7497,,I Can See Clearly Now,,9.00,0.00,,,Đang sản xuất,,
59432ca4e30a0e015d76e0138210dcad,3369,100,"Hey, Taxi",2512_KS(H_V_O)_A_02_DQA,8.00,5300000.00,2025-12-28 00:00:00,1245,Đã nghiệm thu,179,3177
59432ca4e30a0e015d76e0138210dcad,2348,363,Away in a Manger,2510_CL2(1_B_PD)_A_12_TNMT,9.00,0.00,2025-10-10 00:00:00,620,Đã nghiệm thu,107,805
59432ca4e30a0e015d76e0138210dcad,8553,396,Meadow in Silent,2606_P(2_B_O)_F_18_ZEB,9.00,8000000.00,2026-06-29 00:00:00,3707,Đã nghiệm thu,307,6148
59432ca4e30a0e015d76e0138210dcad,7505,,Mess Is Mine,,9.50,0.00,,,Đang sản xuất,,
59432ca4e30a0e015d76e0138210dcad,2753,367,Shine Like Summer,2511_CO2(2_V_O)_A_67,0.00,0.00,2025-11-19 00:00:00,,Đã nghiệm thu,176,
59432ca4e30a0e015d76e0138210dcad,4414,99,Are You Sleeping - Swimming Song (Remake),2512_KS(H_V_PD)_B_06_TNT,8.00,6900000.00,2025-12-31 00:00:00,1100,Đã nghiệm thu,179,3176
59432ca4e30a0e015d76e0138210dcad,2106,100,Little Mosquito,2510_KS(H_V_O)_A_06_DQA,8.00,8540000.00,2025-10-24 00:00:00,294,Đã nghiệm thu,119,1013
59432ca4e30a0e015d76e0138210dcad,2755,367,Now and Always,2511_CO2(2_V_O)_A_69,0.00,0.00,2025-11-19 00:00:00,,Đã nghiệm thu,176,
59432ca4e30a0e015d76e0138210dcad,8550,396,The Early Hours,2606_P(2_B_O)_F_15_ZEB,9.00,8000000.00,2026-06-29 00:00:00,3707,Đã nghiệm thu,307,6148
59432ca4e30a0e015d76e0138210dcad,8720,487,,2607_WDH2(1_V_TH)_A_36,0.00,0.00,,,Đang sản xuất,322,6477
59432ca4e30a0e015d76e0138210dcad,8548,396,On the Other Side,2606_P(2_B_O)_F_13_ZEB,9.00,8000000.00,2026-06-29 00:00:00,3707,Đã nghiệm thu,307,6148
59432ca4e30a0e015d76e0138210dcad,117,98,The Bear Went Over The Mountain,2509_KS(H_V_PD)_A_01_NTG,8.00,7000000.00,2025-09-25 00:00:00,70,Đã nghiệm thu,16,71
59432ca4e30a0e015d76e0138210dcad,3440,98,Who Took The Cookies?,2510_KS(H_V_PD)_A_04_PTA,8.00,4900000.00,2025-10-29 00:00:00,187,Đã nghiệm thu,119,1011
59432ca4e30a0e015d76e0138210dcad,2754,367,Electric Heartbeat,2511_CO2(2_V_O)_A_68,0.00,0.00,2025-11-19 00:00:00,,Đã nghiệm thu,176,
59432ca4e30a0e015d76e0138210dcad,7279,456,,2604_DH2(1_V_O)_G_24_LHH,0.00,200000.00,,2984,Đang sản xuất,267,5202
59432ca4e30a0e015d76e0138210dcad,8547,396,Before Daybreak,2606_P(2_B_O)_F_12_ZEB,9.00,8000000.00,2026-06-29 00:00:00,3707,Đã nghiệm thu,307,6148
59432ca4e30a0e015d76e0138210dcad,3589,100,Super Daddy,2512_KS(H_V_O)_A_07_DE,8.00,8200000.00,2025-12-31 00:00:00,1291,Đã nghiệm thu,179,3177
59432ca4e30a0e015d76e0138210dcad,2776,100,Lola The Milk Cow,2511_KS(H_V_O)_A_01_DQA,8.00,5240000.00,2025-11-21 00:00:00,734,Đã nghiệm thu,170,1593
59432ca4e30a0e015d76e0138210dcad,8541,396,Light Through Leaves,2606_P(2_B_O)_F_06_ZEB,9.00,8000000.00,2026-06-29 00:00:00,3707,Đã nghiệm thu,307,6148
59432ca4e30a0e015d76e0138210dcad,2752,367,Dancing on My Own Time,2511_CO2(2_V_O)_A_66,0.00,0.00,2025-11-19 00:00:00,,Đã nghiệm thu,176,
59432ca4e30a0e015d76e0138210dcad,5904,338,Grey Shift,2601_DH2(2_V_O)_A_21_M2,0.00,0.00,2026-02-10 00:00:00,,Đã nghiệm thu,208,3979
59432ca4e30a0e015d76e0138210dcad,5903,338,Open Water,2601_DH2(2_V_O)_A_20_M2,0.00,0.00,2026-02-10 00:00:00,,Đã nghiệm thu,208,3979
59432ca4e30a0e015d76e0138210dcad,7212,456,,2604_DH2(1_V_O)_G_12_NLT1,0.00,200000.00,,2979,Đang sản xuất,267,5202
59432ca4e30a0e015d76e0138210dcad,7211,456,,2604_DH2(1_V_O)_G_11_NLT1,0.00,200000.00,,2979,Đang sản xuất,267,5202
59432ca4e30a0e015d76e0138210dcad,2751,367,All I Wanted Was You,2511_CO2(2_V_O)_A_65,0.00,0.00,2025-11-19 00:00:00,,Đã nghiệm thu,176,
59432ca4e30a0e015d76e0138210dcad,6929,434,Épistolaire,2603_FI(1_B_O)_A_14_DMH,8.50,0.00,2026-03-31 00:00:00,2654,Đã nghiệm thu,247,4704
59432ca4e30a0e015d76e0138210dcad,2813,138,Spring (The four seasons),2511_CL(1_B_PD)_A_05_TNT,9.00,3000000.00,2025-11-17 00:00:00,914,Đã nghiệm thu,126,1088
59432ca4e30a0e015d76e0138210dcad,2811,138,"Clarinet Concerto for Bb Clarinet, K.622, II. Adagio",2511_CL(1_B_PD)_A_03_TM,9.00,3000000.00,2025-11-17 00:00:00,913,Đã nghiệm thu,126,1088
59432ca4e30a0e015d76e0138210dcad,2750,367,You Feel Like Home,2511_CO2(2_V_O)_A_64,0.00,0.00,2025-11-19 00:00:00,,Đã nghiệm thu,176,
59432ca4e30a0e015d76e0138210dcad,7280,456,,2604_DH2(1_V_O)_G_25_LHH,0.00,200000.00,,2984,Đang sản xuất,267,5202
59432ca4e30a0e015d76e0138210dcad,6931,434,Époustouflant,2603_FI(1_B_O)_A_16_DMH,8.50,0.00,2026-03-31 00:00:00,2654,Đã nghiệm thu,247,4704
59432ca4e30a0e015d76e0138210dcad,2749,367,Run with the Light,2511_CO2(2_V_O)_A_63,0.00,0.00,2025-11-19 00:00:00,,Đã nghiệm thu,176,
59432ca4e30a0e015d76e0138210dcad,2748,367,Stay in the Moment,2511_CO2(2_V_O)_A_62,0.00,0.00,2025-11-19 00:00:00,,Đã nghiệm thu,176,
59432ca4e30a0e015d76e0138210dcad,7504,,Let’s Talk About Sex,,9.00,0.00,,,Đang sản xuất,,
59432ca4e30a0e015d76e0138210dcad,756,138,Humoresque No. 7 Opus 101,2509_CL(1_B_PD)_A_07_TTNH,9.00,3000000.00,2025-09-25 00:00:00,148,Đã nghiệm thu,18,77
59432ca4e30a0e015d76e0138210dcad,755,138,Minuetto,2509_CL(1_B_PD)_A_06_TTNH,9.00,3000000.00,2025-09-25 00:00:00,148,Đã nghiệm thu,18,77
59432ca4e30a0e015d76e0138210dcad,2747,367,Chasing Tomorrow,2511_CO2(2_V_O)_A_61,0.00,0.00,2025-11-19 00:00:00,,Đã nghiệm thu,176,
59432ca4e30a0e015d76e0138210dcad,7381,430,Garnet Intro,2604_J(2_B_O)_C_04_NTBT,9.00,5000000.00,2026-04-22 00:00:00,3012,Đã nghiệm thu,279,
59432ca4e30a0e015d76e0138210dcad,8539,396,Before Rain Falls,2606_P(2_B_O)_F_04_ZEB,9.00,8000000.00,2026-06-29 00:00:00,3707,Đã nghiệm thu,307,6148
59432ca4e30a0e015d76e0138210dcad,7281,456,,2604_DH2(1_V_O)_G_26_LHH,0.00,200000.00,,2984,Đang sản xuất,267,5202
59432ca4e30a0e015d76e0138210dcad,2746,367,Feels Like Summer,2511_CO2(2_V_O)_A_60,0.00,0.00,2025-11-19 00:00:00,,Đã nghiệm thu,176,
59432ca4e30a0e015d76e0138210dcad,8538,396,A Sky Full of Light,2606_P(2_B_O)_F_03_ZEB,9.00,8000000.00,2026-06-29 00:00:00,3707,Đã nghiệm thu,307,6148
59432ca4e30a0e015d76e0138210dcad,3376,99,,2512_KS(H_V_PD)_B_01_TN,0.00,3400000.00,,1252,Đang sản xuất,179,3176
59432ca4e30a0e015d76e0138210dcad,7503,,Let Me Down Slowly,,9.00,0.00,,,Đang sản xuất,,
59432ca4e30a0e015d76e0138210dcad,2745,367,Run the Night,2511_CO2(2_V_O)_A_59,0.00,0.00,2025-11-19 00:00:00,,Đã nghiệm thu,176,
59432ca4e30a0e015d76e0138210dcad,7439,451,,2604_JH2(L_B_O)_C_06_NLT1,0.00,1300000.00,,3018,Đang sản xuất,276,5300
59432ca4e30a0e015d76e0138210dcad,2744,367,Stay A Little Longer,2511_CO2(2_V_O)_A_58,0.00,0.00,2025-11-19 00:00:00,,Đã nghiệm thu,176,
59432ca4e30a0e015d76e0138210dcad,7442,451,,2604_JH2(L_B_O)_C_09_BDT,0.00,1500000.00,,3019,Đang sản xuất,276,5300
59432ca4e30a0e015d76e0138210dcad,7441,451,,2604_JH2(L_B_O)_C_08_BDT,0.00,1500000.00,,3019,Đang sản xuất,276,5300
59432ca4e30a0e015d76e0138210dcad,2743,367,Good Days Ahead,2511_CO2(2_V_O)_A_57,0.00,0.00,2025-11-19 00:00:00,,Đã nghiệm thu,176,
59432ca4e30a0e015d76e0138210dcad,2742,367,Something About You,2511_CO2(2_V_O)_A_56,0.00,0.00,2025-11-19 00:00:00,,Đã nghiệm thu,176,
59432ca4e30a0e015d76e0138210dcad,7438,451,,2604_JH2(L_B_O)_C_05_NLT1,0.00,1300000.00,,3018,Đang sản xuất,276,5300
59432ca4e30a0e015d76e0138210dcad,736,98,Rain Rain Go Away,2509_KS(H_V_PD)_A_03_LTM,8.00,0.00,2025-10-29 00:00:00,123,Đã nghiệm thu,16,71
59432ca4e30a0e015d76e0138210dcad,8315,339,,2606_DH2(2_V_O)_B_12,9.50,0.00,,,Đang sản xuất,306,6142
59432ca4e30a0e015d76e0138210dcad,2768,367,Falling Slow,2511_CO2(2_V_O)_A_82,0.00,0.00,2025-11-19 00:00:00,,Đã nghiệm thu,176,
59432ca4e30a0e015d76e0138210dcad,5902,338,Fade To Grey,2601_DH2(2_V_O)_A_19_M2,0.00,0.00,2026-02-10 00:00:00,,Đã nghiệm thu,208,3979
59432ca4e30a0e015d76e0138210dcad,7502,,Kiss Me,,9.00,0.00,,,Đang sản xuất,,
59432ca4e30a0e015d76e0138210dcad,7501,,IDGAF,,9.00,0.00,,,Đang sản xuất,,
59432ca4e30a0e015d76e0138210dcad,4550,367,Pure Concentration,2512_CO2(2_V_O)_A_23_M2,0.00,0.00,2025-12-30 00:00:00,,Đã nghiệm thu,205,3963
59432ca4e30a0e015d76e0138210dcad,5901,338,Off Frame,2601_DH2(2_V_O)_A_18_M2,0.00,0.00,2026-02-10 00:00:00,,Đã nghiệm thu,208,3979
59432ca4e30a0e015d76e0138210dcad,5900,338,No Color Left,2601_DH2(2_V_O)_A_17_M2,0.00,0.00,2026-02-10 00:00:00,,Đã nghiệm thu,208,3979
59432ca4e30a0e015d76e0138210dcad,5899,338,In Between,2601_DH2(2_V_O)_A_16_M2,0.00,0.00,2026-02-10 00:00:00,,Đã nghiệm thu,208,3979
59432ca4e30a0e015d76e0138210dcad,7434,451,,2604_JH2(L_B_O)_C_03_LHH,0.00,1500000.00,,3016,Đang sản xuất,276,5300
59432ca4e30a0e015d76e0138210dcad,4560,367,Cognitive Tunnel,2512_CO2(2_V_O)_A_33_M2,0.00,0.00,2025-12-30 00:00:00,,Đã nghiệm thu,205,3963
59432ca4e30a0e015d76e0138210dcad,5412,338,We Believe,2601_DH2(2_V_O)_A_14_M2,0.00,0.00,2026-01-23 00:00:00,,Đã nghiệm thu,208,3979
59432ca4e30a0e015d76e0138210dcad,7440,451,,2604_JH2(L_B_O)_C_07_NLT1,0.00,1300000.00,,3018,Đang sản xuất,276,5300
59432ca4e30a0e015d76e0138210dcad,2762,367,Sunshine In My Pocket,2511_CO2(2_V_O)_A_76,0.00,0.00,2025-11-19 00:00:00,,Đã nghiệm thu,176,
59432ca4e30a0e015d76e0138210dcad,6913,437,,2603_DH2(1_V_O)_F_08_NLT1,9.00,0.00,2026-03-26 00:00:00,2652,Đã nghiệm thu,247,4707
59432ca4e30a0e015d76e0138210dcad,7500,,I’ve Been Thinking About You,,9.00,0.00,,,Đang sản xuất,,
59432ca4e30a0e015d76e0138210dcad,2760,367,Catch Me If You Can,2511_CO2(2_V_O)_A_74,0.00,0.00,2025-11-19 00:00:00,,Đã nghiệm thu,176,
59432ca4e30a0e015d76e0138210dcad,7498,,I’ll Be Around,,9.00,0.00,,,Đang sản xuất,,
59432ca4e30a0e015d76e0138210dcad,5411,338,After The Room Goes Quiet,2601_DH2(2_V_O)_A_13_M2,0.00,0.00,2026-01-23 00:00:00,,Đã nghiệm thu,208,3979
59432ca4e30a0e015d76e0138210dcad,104,167,Soft Remains,2509_P(2_B_O)_C_03_NPQ,9.00,4000000.00,2025-09-13 00:00:00,135,Đã nghiệm thu,19,82
59432ca4e30a0e015d76e0138210dcad,6553,422,One Step Nearer,2602_DH2(1_V_O)_E_110_M1,0.00,0.00,2026-03-11 00:00:00,,Đã nghiệm thu,225,4328
59432ca4e30a0e015d76e0138210dcad,2741,367,Midnight Glow,2511_CO2(2_V_O)_A_55,0.00,0.00,2025-11-19 00:00:00,,Đã nghiệm thu,176,
59432ca4e30a0e015d76e0138210dcad,6912,437,,2603_DH2(1_V_O)_F_07_NLT1,9.00,0.00,2026-03-26 00:00:00,2652,Đã nghiệm thu,247,4707
59432ca4e30a0e015d76e0138210dcad,7437,449,,2604_JH(L_B_O)_D_02_NTG,0.00,4000000.00,,3017,Đang sản xuất,276,5299
59432ca4e30a0e015d76e0138210dcad,3483,363,,2510_CL2(1_V_PD)_A_27_NMXA,0.00,0.00,2025-10-09 00:00:00,1261,Đã nghiệm thu,107,805
59432ca4e30a0e015d76e0138210dcad,7436,449,,2604_JH(L_B_O)_D_01_NTG,0.00,4000000.00,,3017,Đang sản xuất,276,5299
59432ca4e30a0e015d76e0138210dcad,5409,338,Tideline Fade,2601_DH2(2_V_O)_A_11_M2,0.00,0.00,2026-01-23 00:00:00,,Đã nghiệm thu,208,3979
59432ca4e30a0e015d76e0138210dcad,3484,363,,2510_CL2(1_V_PD)_A_28_NMXA,0.00,0.00,2025-10-09 00:00:00,1261,Đã nghiệm thu,107,805
59432ca4e30a0e015d76e0138210dcad,3333,,#N/A,,0.00,0.00,,,Đang sản xuất,,
59432ca4e30a0e015d76e0138210dcad,2740,367,On Our Way,2511_CO2(2_V_O)_A_54,0.00,0.00,2025-11-19 00:00:00,,Đã nghiệm thu,176,
59432ca4e30a0e015d76e0138210dcad,3485,363,,2510_CL2(1_V_PD)_A_29_NMXA,0.00,0.00,2025-10-09 00:00:00,1261,Đã nghiệm thu,107,805
59432ca4e30a0e015d76e0138210dcad,7496,,Hometown,,9.00,0.00,,,Đang sản xuất,,
59432ca4e30a0e015d76e0138210dcad,2739,367,Out of My Head,2511_CO2(2_V_O)_A_53,0.00,0.00,2025-11-19 00:00:00,,Đã nghiệm thu,176,
59432ca4e30a0e015d76e0138210dcad,2738,367,Better With You,2511_CO2(2_V_O)_A_52,0.00,0.00,2025-11-19 00:00:00,,Đã nghiệm thu,176,
59432ca4e30a0e015d76e0138210dcad,6559,430,Veil Of Amber,2603_J(2_B_O)_C_04_TNCK,8.50,4000000.00,2026-03-26 00:00:00,2665,Đã nghiệm thu,250,4716
59432ca4e30a0e015d76e0138210dcad,3334,,#N/A,,0.00,0.00,,,Đang sản xuất,,
59432ca4e30a0e015d76e0138210dcad,3486,363,,2510_CL2(1_V_PD)_A_30_NMXA,0.00,0.00,2025-10-09 00:00:00,1261,Đã nghiệm thu,107,805
59432ca4e30a0e015d76e0138210dcad,7001,449,White Lotus,2603_JH(L_B_O)_D_01_HNDT,9.50,5000000.00,2026-04-03 00:00:00,2714,Đã nghiệm thu,255,4963
59432ca4e30a0e015d76e0138210dcad,7495,,High School Sweetheart,,9.00,0.00,,,Đang sản xuất,,
59432ca4e30a0e015d76e0138210dcad,5920,339,When It's Over,2601_DH2(2_V_O)_B_33_M2,0.00,0.00,2026-02-10 00:00:00,,Đã nghiệm thu,208,3980
59432ca4e30a0e015d76e0138210dcad,2737,367,All We’ve Got,2511_CO2(2_V_O)_A_51,0.00,0.00,2025-11-19 00:00:00,,Đã nghiệm thu,176,
59432ca4e30a0e015d76e0138210dcad,3435,167,Where We Turned,2511_P(2_B_O)_C_02_LĐTK,9.00,2000000.00,2025-11-28 00:00:00,942,Đã nghiệm thu,166,1562
59432ca4e30a0e015d76e0138210dcad,7138,338,Falling Rhythm,2604_DH2(2_V_O)_A_04_M2,0.00,9.00,2026-04-11 00:00:00,,Đã nghiệm thu,266,5138
59432ca4e30a0e015d76e0138210dcad,7653,463,O Come To The Altar,2604_PALC2(2_V)_A_18_M2,9.00,9.00,2026-05-08 00:00:00,,Đã nghiệm thu,275,5298
59432ca4e30a0e015d76e0138210dcad,3487,363,,2510_CL2(1_V_PD)_A_31_NMXA,0.00,0.00,2025-10-09 00:00:00,1261,Đã nghiệm thu,107,805
59432ca4e30a0e015d76e0138210dcad,2736,367,Daydream City,2511_CO2(2_V_O)_A_50,0.00,0.00,2025-11-19 00:00:00,,Đã nghiệm thu,176,
59432ca4e30a0e015d76e0138210dcad,3488,363,,2510_CL2(1_V_PD)_A_32_NMXA,0.00,0.00,2025-10-09 00:00:00,1261,Đã nghiệm thu,107,805
59432ca4e30a0e015d76e0138210dcad,7494,,Heal,,9.00,0.00,,,Đang sản xuất,,
59432ca4e30a0e015d76e0138210dcad,6940,437,,2603_DH2(1_V_O)_F_15_LHH,0.00,0.00,2026-03-26 00:00:00,2662,Đã nghiệm thu,247,4707
59432ca4e30a0e015d76e0138210dcad,5918,339,We Were Young,2601_DH2(2_V_O)_B_31_M2,0.00,0.00,2026-02-10 00:00:00,,Đã nghiệm thu,208,3980
59432ca4e30a0e015d76e0138210dcad,7492,,Dollhouse,,9.00,0.00,,,Đang sản xuất,,
59432ca4e30a0e015d76e0138210dcad,2735,367,Runaway Summer,2511_CO2(2_V_O)_A_49,0.00,0.00,2025-11-19 00:00:00,,Đã nghiệm thu,176,
59432ca4e30a0e015d76e0138210dcad,6921,434,Tendresse,2603_FI(1_B_O)_A_06_LHH,8.50,0.00,2026-03-31 00:00:00,2653,Đã nghiệm thu,247,4704
59432ca4e30a0e015d76e0138210dcad,3489,363,,2510_CL2(1_V_PD)_A_33_NMXA,0.00,0.00,2025-10-09 00:00:00,1261,Đã nghiệm thu,107,805
59432ca4e30a0e015d76e0138210dcad,7351,434,Mélodie des Pas Lents,2604_FI(1_B_O)_A_14_DMH,9.00,200000.00,2026-05-06 00:00:00,2972,Đã nghiệm thu,267,5093
59432ca4e30a0e015d76e0138210dcad,8313,339,,2606_DH2(2_V_O)_B_10,9.50,0.00,,,Đang sản xuất,306,6142
59432ca4e30a0e015d76e0138210dcad,2734,367,Reach for the Sky,2511_CO2(2_V_O)_A_48,0.00,0.00,2025-11-19 00:00:00,,Đã nghiệm thu,176,
59432ca4e30a0e015d76e0138210dcad,6923,434,Ivresse,2603_FI(1_B_O)_A_08_LHH,8.50,0.00,2026-03-31 00:00:00,2653,Đã nghiệm thu,247,4704
59432ca4e30a0e015d76e0138210dcad,2733,367,Don’t Fade Away,2511_CO2(2_V_O)_A_47,0.00,0.00,2025-11-19 00:00:00,,Đã nghiệm thu,176,
59432ca4e30a0e015d76e0138210dcad,5915,339,Where We Stand,2601_DH2(2_V_O)_B_28_M2,0.00,0.00,2026-02-10 00:00:00,,Đã nghiệm thu,208,3980
59432ca4e30a0e015d76e0138210dcad,8312,339,,2606_DH2(2_V_O)_B_09,9.50,0.00,,,Đang sản xuất,306,6142
59432ca4e30a0e015d76e0138210dcad,6945,437,,2603_DH2(1_V_O)_F_20_LHH,0.00,0.00,2026-03-26 00:00:00,2662,Đã nghiệm thu,247,4707
59432ca4e30a0e015d76e0138210dcad,6944,437,,2603_DH2(1_V_O)_F_19_LHH,0.00,0.00,2026-03-26 00:00:00,2662,Đã nghiệm thu,247,4707
59432ca4e30a0e015d76e0138210dcad,6943,437,,2603_DH2(1_V_O)_F_18_LHH,0.00,0.00,2026-03-26 00:00:00,2662,Đã nghiệm thu,247,4707
59432ca4e30a0e015d76e0138210dcad,6942,437,,2603_DH2(1_V_O)_F_17_LHH,0.00,0.00,2026-03-26 00:00:00,2662,Đã nghiệm thu,247,4707
59432ca4e30a0e015d76e0138210dcad,6941,437,,2603_DH2(1_V_O)_F_16_LHH,0.00,0.00,2026-03-26 00:00:00,2662,Đã nghiệm thu,247,4707
59432ca4e30a0e015d76e0138210dcad,6939,437,,2603_DH2(1_V_O)_F_14_LHH,0.00,0.00,2026-03-26 00:00:00,2662,Đã nghiệm thu,247,4707
59432ca4e30a0e015d76e0138210dcad,6938,437,,2603_DH2(1_V_O)_F_13_LHH,0.00,0.00,2026-03-26 00:00:00,2662,Đã nghiệm thu,247,4707
59432ca4e30a0e015d76e0138210dcad,6937,437,,2603_DH2(1_V_O)_F_12_LHH,0.00,0.00,2026-03-26 00:00:00,2662,Đã nghiệm thu,247,4707
59432ca4e30a0e015d76e0138210dcad,6911,437,,2603_DH2(1_V_O)_F_06_NLT1,9.00,0.00,2026-03-26 00:00:00,2652,Đã nghiệm thu,247,4707
59432ca4e30a0e015d76e0138210dcad,3492,363,,2510_CL2(1_V_PD)_A_36_NMXA,0.00,0.00,2025-10-09 00:00:00,1261,Đã nghiệm thu,107,805
59432ca4e30a0e015d76e0138210dcad,3496,341,,2510_POP12(C_V_TH)_A_44_DMH,0.00,0.00,,1286,Đang sản xuất,120,1019
59432ca4e30a0e015d76e0138210dcad,7282,456,,2604_DH2(1_V_O)_G_27_LHH,0.00,200000.00,,2984,Đang sản xuất,267,5202
59432ca4e30a0e015d76e0138210dcad,6930,434,Dépaysement,2603_FI(1_B_O)_A_15_DMH,9.00,0.00,2026-03-31 00:00:00,2654,Đã nghiệm thu,247,4704
59432ca4e30a0e015d76e0138210dcad,2732,367,My Only Light,2511_CO2(2_V_O)_A_46,0.00,0.00,2025-11-19 00:00:00,,Đã nghiệm thu,176,
59432ca4e30a0e015d76e0138210dcad,6935,434,Parapluie,2603_FI(1_B_O)_A_20_DMH,8.50,0.00,2026-03-31 00:00:00,2654,Đã nghiệm thu,247,4704
59432ca4e30a0e015d76e0138210dcad,2731,367,Every Heartbeat Near,2511_CO2(2_V_O)_A_45,0.00,0.00,2025-11-19 00:00:00,,Đã nghiệm thu,176,
59432ca4e30a0e015d76e0138210dcad,7484,,Another Love,,9.50,0.00,,,Đang sản xuất,,
59432ca4e30a0e015d76e0138210dcad,5914,339,Closer in the Dark,2601_DH2(2_V_O)_B_27_M2,0.00,0.00,2026-02-10 00:00:00,,Đã nghiệm thu,208,3980
59432ca4e30a0e015d76e0138210dcad,8021,468,"Vocalise, Op. 34 No. 14 (Cello and Violin version)",2605_CL2(1_B_PD)_C_22_LHH,8.50,0.00,2026-05-19 00:00:00,3274,Đã nghiệm thu,286,5795
59432ca4e30a0e015d76e0138210dcad,6581,338,Monochrome Tide,2602_DH2(2_V_O)_A_11_M2,0.00,0.00,2026-03-17 00:00:00,,Đã nghiệm thu,235,4427
59432ca4e30a0e015d76e0138210dcad,2730,367,Forever in This Glow,2511_CO2(2_V_O)_A_44,0.00,0.00,2025-11-19 00:00:00,,Đã nghiệm thu,176,
59432ca4e30a0e015d76e0138210dcad,7490,,Cool Kids,,9.50,0.00,,,Đang sản xuất,,
59432ca4e30a0e015d76e0138210dcad,3879,337,Blurred Halftime,2512_DH2(1_V_O)_B_12_M1,0.00,0.00,2025-12-22 00:00:00,,Đã nghiệm thu,180,
59432ca4e30a0e015d76e0138210dcad,7489,,Cool Girl,,9.00,0.00,,,Đang sản xuất,,
59432ca4e30a0e015d76e0138210dcad,2729,367,Beneath the Skies,2511_CO2(2_V_O)_A_43,0.00,0.00,2025-11-19 00:00:00,,Đã nghiệm thu,176,
59432ca4e30a0e015d76e0138210dcad,5217,414,,2601_CLS(L_V_PD)_B_03_ZEB,0.00,3500000.00,2026-01-23 00:00:00,1631,Đã nghiệm thu,217,4143
59432ca4e30a0e015d76e0138210dcad,673,337,Falling Love,2510_DH2(1_V_O)_B_33_M1,0.00,0.00,2025-10-02 00:00:00,,Đã nghiệm thu,,
59432ca4e30a0e015d76e0138210dcad,7488,,Cloudy Day,,9.00,0.00,,,Đang sản xuất,,
59432ca4e30a0e015d76e0138210dcad,8616,468,"Suite bergamasque, L. 75: III. Clair de lune (Cello Version)",2606_CL2(1_B_PD)_C_10_LHH,8.50,200000.00,2026-06-23 00:00:00,3710,Đã nghiệm thu,302,6137
59432ca4e30a0e015d76e0138210dcad,7278,456,,2604_DH2(1_V_O)_G_23_LHH,0.00,200000.00,,2984,Đang sản xuất,267,5202
59432ca4e30a0e015d76e0138210dcad,7277,456,,2604_DH2(1_V_O)_G_22_LHH,0.00,200000.00,,2984,Đang sản xuất,267,5202
59432ca4e30a0e015d76e0138210dcad,7276,456,,2604_DH2(1_V_O)_G_21_LHH,0.00,200000.00,,2984,Đang sản xuất,267,5202
59432ca4e30a0e015d76e0138210dcad,3876,337,Muted Motion,2512_DH2(1_V_O)_B_09_M1,0.00,0.00,2025-12-22 00:00:00,,Đã nghiệm thu,180,
59432ca4e30a0e015d76e0138210dcad,7487,,Close,,9.00,0.00,,,Đang sản xuất,,
59432ca4e30a0e015d76e0138210dcad,8339,340,,2606_DH2(2_V_O)_C_16,9.50,0.00,,,Đang sản xuất,306,6143
59432ca4e30a0e015d76e0138210dcad,8615,468,"Pavane in F-sharp Minor, Op. 50 (Cello Version)",2606_CL2(1_B_PD)_C_09_LHH,8.50,200000.00,2026-06-23 00:00:00,3710,Đã nghiệm thu,302,6137
59432ca4e30a0e015d76e0138210dcad,5911,339,Back to Your Arms,2601_DH2(2_V_O)_B_24_M2,0.00,0.00,2026-02-10 00:00:00,,Đã nghiệm thu,208,3980
59432ca4e30a0e015d76e0138210dcad,6197,338,Your Eyes,2603_DH2(2_V_O)_A_01_DMH,9.00,0.00,2026-03-26 00:00:00,2656,Đã nghiệm thu,249,4719
59432ca4e30a0e015d76e0138210dcad,7485,,Are You Ready For Love,,9.00,0.00,,,Đang sản xuất,,
59432ca4e30a0e015d76e0138210dcad,2728,367,Colors at the End of Day,2511_CO2(2_V_O)_A_42,0.00,0.00,2025-11-19 00:00:00,,Đã nghiệm thu,176,
59432ca4e30a0e015d76e0138210dcad,3903,337,Midnight Fragments,2512_DH2(1_V_O)_B_36_M1,0.00,0.00,2025-12-22 00:00:00,,Đã nghiệm thu,180,
59432ca4e30a0e015d76e0138210dcad,2727,367,Moonlit Veins,2511_CO2(2_V_O)_A_41,0.00,0.00,2025-11-19 00:00:00,,Đã nghiệm thu,176,
59432ca4e30a0e015d76e0138210dcad,7483,,All That She Wants,,9.00,0.00,,,Đang sản xuất,,
59432ca4e30a0e015d76e0138210dcad,8311,339,,2606_DH2(2_V_O)_B_08,9.50,0.00,,,Đang sản xuất,306,6142
59432ca4e30a0e015d76e0138210dcad,8614,468,"5 Lieder, Op. 49: No. 4. Wiegenlied (Cello Version)",2606_CL2(1_B_PD)_C_08_LHH,8.50,200000.00,2026-06-23 00:00:00,3710,Đã nghiệm thu,302,6137
59432ca4e30a0e015d76e0138210dcad,8307,339,,2606_DH2(2_V_O)_B_04,9.50,0.00,,,Đang sản xuất,306,6142
59432ca4e30a0e015d76e0138210dcad,8613,468,"Ich steh mit einem Fuß im Grabe, BWV 156: I. Sinfonia (Cello and Piano Version)",2606_CL2(1_B_PD)_C_07_LHH,8.50,200000.00,2026-06-23 00:00:00,3710,Đã nghiệm thu,302,6137
59432ca4e30a0e015d76e0138210dcad,5910,339,Undertow,2601_DH2(2_V_O)_B_23_M2,0.00,0.00,2026-02-10 00:00:00,,Đã nghiệm thu,208,3980
59432ca4e30a0e015d76e0138210dcad,6512,422,Stay With Me Tonight,2602_DH2(1_V_O)_E_69_M1,0.00,0.00,2026-03-11 00:00:00,,Đã nghiệm thu,225,4328
59432ca4e30a0e015d76e0138210dcad,6154,402,Drifting Shadows,2602_DA2(2_B_O)_A_35_M2,0.00,0.00,2026-02-25 00:00:00,,Đã nghiệm thu,235,4423
59432ca4e30a0e015d76e0138210dcad,8306,339,,2606_DH2(2_V_O)_B_03,9.50,0.00,,,Đang sản xuất,306,6142
59432ca4e30a0e015d76e0138210dcad,2726,367,Shadow Pulse,2511_CO2(2_V_O)_A_40,0.00,0.00,2025-11-19 00:00:00,,Đã nghiệm thu,176,
59432ca4e30a0e015d76e0138210dcad,2725,367,Waves of You,2511_CO2(2_V_O)_A_39,0.00,0.00,2025-11-19 00:00:00,,Đã nghiệm thu,176,
59432ca4e30a0e015d76e0138210dcad,3950,337,Hollow Distance,2512_DH2(1_V_O)_B_83_M1,0.00,0.00,2025-12-22 00:00:00,,Đã nghiệm thu,180,
59432ca4e30a0e015d76e0138210dcad,8611,468,"Cello Suite No. 1 in G Major, BWV 1007: VI. Gigue",2606_CL2(1_B_PD)_C_05_LHH,8.50,200000.00,2026-06-23 00:00:00,3710,Đã nghiệm thu,302,6137
59432ca4e30a0e015d76e0138210dcad,6150,402,Muted Night,2602_DA2(2_B_O)_A_31_M2,0.00,0.00,2026-02-25 00:00:00,,Đã nghiệm thu,235,4423
59432ca4e30a0e015d76e0138210dcad,2724,367,Lucid Echo,2511_CO2(2_V_O)_A_38,0.00,0.00,2025-11-19 00:00:00,,Đã nghiệm thu,176,
59432ca4e30a0e015d76e0138210dcad,8610,468,"Cello Suite No. 1 in G Major, BWV 1007: V. Menuet I – Menuet II",2606_CL2(1_B_PD)_C_04_LHH,8.50,200000.00,2026-06-23 00:00:00,3710,Đã nghiệm thu,302,6137
59432ca4e30a0e015d76e0138210dcad,8014,468,"The Four Seasons, Op. 8 No. 1 in E Major, RV 269 “Spring”: I. Allegro (Cello version)",2605_CL2(1_B_PD)_C_15_LHH,8.50,0.00,2026-05-19 00:00:00,3274,Đã nghiệm thu,286,5795
59432ca4e30a0e015d76e0138210dcad,2723,367,Lost Frequencies,2511_CO2(2_V_O)_A_37,0.00,0.00,2025-11-19 00:00:00,,Đã nghiệm thu,176,
59432ca4e30a0e015d76e0138210dcad,7020,447,,2603_NC2(L_B_O)_A_10_HTS,0.00,2000000.00,,2725,Đang sản xuất,257,4966
59432ca4e30a0e015d76e0138210dcad,7151,338,You And Silence,2604_DH2(2_V_O)_A_17_M2,0.00,9.00,2026-04-11 00:00:00,,Đã nghiệm thu,266,5138
59432ca4e30a0e015d76e0138210dcad,3932,337,Hollow Streets,2512_DH2(1_V_O)_B_65_M1,0.00,0.00,2025-12-22 00:00:00,,Đã nghiệm thu,180,
59432ca4e30a0e015d76e0138210dcad,8310,339,,2606_DH2(2_V_O)_B_07,9.50,0.00,,,Đang sản xuất,306,6142
59432ca4e30a0e015d76e0138210dcad,2722,367,Sweet Escape,2511_CO2(2_V_O)_A_36,0.00,0.00,2025-11-19 00:00:00,,Đã nghiệm thu,176,
59432ca4e30a0e015d76e0138210dcad,2721,367,Endless Maze,2511_CO2(2_V_O)_A_35,0.00,0.00,2025-11-19 00:00:00,,Đã nghiệm thu,176,
59432ca4e30a0e015d76e0138210dcad,7214,456,,2604_DH2(1_V_O)_G_14_NLT1,0.00,200000.00,,2979,Đang sản xuất,267,5202
59432ca4e30a0e015d76e0138210dcad,7482,,7 Years,,9.50,0.00,,,Đang sản xuất,,
59432ca4e30a0e015d76e0138210dcad,2720,367,Floating Groove,2511_CO2(2_V_O)_A_34,0.00,0.00,2025-11-19 00:00:00,,Đã nghiệm thu,176,
59432ca4e30a0e015d76e0138210dcad,8608,468,"Cello Suite No. 1 in G Major, BWV 1007: III. Courante",2606_CL2(1_B_PD)_C_02_LHH,8.50,200000.00,2026-06-23 00:00:00,3710,Đã nghiệm thu,302,6137
59432ca4e30a0e015d76e0138210dcad,7876,436,Scarborough Fair,2604_SNM(1_B_O)_A_04_DMH,0.00,8.50,2026-05-14 00:00:00,3270,Đã nghiệm thu,267,5091
59432ca4e30a0e015d76e0138210dcad,6880,446,Your Kind of Light,2603_J2(F_V_O)_C_10_FM,0.00,0.00,2026-03-19 00:00:00,,Đã nghiệm thu,254,4778
59432ca4e30a0e015d76e0138210dcad,8248,458,Beautiful Dreamer,2605_SNM1(1_B_PD)_A_10_TM1,9.00,4000000.00,2026-06-09 00:00:00,3263,Đã nghiệm thu,286,5774
59432ca4e30a0e015d76e0138210dcad,8019,468,"Piano Sonata No. 14 in C-sharp Minor, Op. 27 No. 2 “Moonlight”: I. Adagio sostenuto (Cello version)",2605_CL2(1_B_PD)_C_20_LHH,8.50,0.00,2026-05-19 00:00:00,3274,Đã nghiệm thu,286,5795
59432ca4e30a0e015d76e0138210dcad,7878,436,Amanecer Andino,2604_SNM(1_B_O)_A_06_NLT1,8.50,0.00,2026-04-29 00:00:00,3271,Đã nghiệm thu,267,5091
59432ca4e30a0e015d76e0138210dcad,7486,,Candy,,9.00,0.00,,,Đang sản xuất,,
59432ca4e30a0e015d76e0138210dcad,8354,474,,2606_DH2(2_V_O)_F_11,9.00,0.00,,,Đang sản xuất,306,6144
59432ca4e30a0e015d76e0138210dcad,2719,367,Forever Dancing,2511_CO2(2_V_O)_A_33,0.00,0.00,2025-11-19 00:00:00,,Đã nghiệm thu,176,
59432ca4e30a0e015d76e0138210dcad,8013,468,"Cello Sonata No. 1 in E Minor, Op. 38: II. Allegretto quasi menuetto",2605_CL2(1_B_PD)_C_14_LHH,8.50,0.00,2026-05-19 00:00:00,3274,Đã nghiệm thu,286,5795
59432ca4e30a0e015d76e0138210dcad,6562,430,,2602_J(2_B_O)_C_02_TTQN,9.00,2500000.00,2026-03-26 00:00:00,2336,Đã nghiệm thu,233,4415
59432ca4e30a0e015d76e0138210dcad,3605,403,Two Steps Ahead,2511_JH(L_B_O)_B_16_NKD,8.70,4000000.00,2026-01-08 00:00:00,1293,Đã nghiệm thu,171,1594
59432ca4e30a0e015d76e0138210dcad,764,207,Keep Moving,2509_JH(L_B_O)_A_03_HNDT,9.00,6000000.00,2025-10-27 00:00:00,159,Đã nghiệm thu,17,74
59432ca4e30a0e015d76e0138210dcad,8007,468,"Cello Suite No.1 in G Major, BWV 1007 - I. Prelude",2605_CL2(1_B_PD)_C_08_LHH,8.50,0.00,2026-05-19 00:00:00,3274,Đã nghiệm thu,286,5795
59432ca4e30a0e015d76e0138210dcad,7493,,God Gave Me You,,9.00,0.00,,,Đang sản xuất,,
59432ca4e30a0e015d76e0138210dcad,765,207,Don’t Rush the Beat,2509_JH(L_B_O)_A_04_HNDT,8.70,6000000.00,2025-10-27 00:00:00,159,Đã nghiệm thu,17,74
59432ca4e30a0e015d76e0138210dcad,7491,,Dance Monkey,,9.50,0.00,,,Đang sản xuất,,
59432ca4e30a0e015d76e0138210dcad,6561,430,,2602_J(2_B_O)_C_01_TTQN,9.00,2500000.00,2026-03-26 00:00:00,2336,Đã nghiệm thu,233,4415
59432ca4e30a0e015d76e0138210dcad,8350,474,,2606_DH2(2_V_O)_F_07,9.00,0.00,,,Đang sản xuất,306,6144
59432ca4e30a0e015d76e0138210dcad,8005,468,"Orchestral Suite No. 3 in D major, BWV 1068L: Air on the G String (Cello version)",2605_CL2(1_B_PD)_C_06_LHH,8.50,0.00,2026-05-19 00:00:00,3274,Đã nghiệm thu,286,5795
59432ca4e30a0e015d76e0138210dcad,7742,340,Neon Skin,2605_DH2(2_V_O)_C_02,9.00,0.00,2026-06-03 00:00:00,,Đã nghiệm thu,291,5815
59432ca4e30a0e015d76e0138210dcad,2965,360,,2510_P12(C_B_TH)_A_51_NMXA,0.00,0.00,,944,Đang sản xuất,120,1020
59432ca4e30a0e015d76e0138210dcad,8349,474,,2606_DH2(2_V_O)_F_06,9.00,0.00,,,Đang sản xuất,306,6144
59432ca4e30a0e015d76e0138210dcad,8003,468,"Nocturne in C-sharp Minor, B. 49 (Cello version)",2605_CL2(1_B_PD)_C_04_LHH,8.50,0.00,2026-05-19 00:00:00,3274,Đã nghiệm thu,286,5795
59432ca4e30a0e015d76e0138210dcad,1673,368,,,0.00,0.00,,,Đang sản xuất,,
59432ca4e30a0e015d76e0138210dcad,6871,446,Blue In Your Eyes,2603_J2(F_V_O)_C_01_FM,0.00,0.00,2026-03-19 00:00:00,,Đã nghiệm thu,254,4778
59432ca4e30a0e015d76e0138210dcad,8004,468,Gnossienne No. 1 (Cello version),2605_CL2(1_B_PD)_C_05_LHH,8.50,0.00,2026-05-19 00:00:00,3274,Đã nghiệm thu,286,5795
59432ca4e30a0e015d76e0138210dcad,8505,459,Spring (Techno Remix Version),2606_CL2(1_B_PD)_A_23_LHH,8.50,200000.00,2026-06-11 00:00:00,3709,Đã nghiệm thu,302,6136
59432ca4e30a0e015d76e0138210dcad,5385,396,Among Green Things,2601_P(2_B_O)_F_01_ZEB,9.00,8000000.00,2026-01-21 00:00:00,1652,Đã nghiệm thu,218,4231
59432ca4e30a0e015d76e0138210dcad,2953,360,,2510_P12(C_B_TH)_A_39_NMXA,0.00,0.00,,944,Đang sản xuất,120,1020
59432ca4e30a0e015d76e0138210dcad,3937,337,Low Tension,2512_DH2(1_V_O)_B_70_M1,0.00,0.00,2025-12-22 00:00:00,,Đã nghiệm thu,180,
59432ca4e30a0e015d76e0138210dcad,7894,469,"Prelude and Fugue in C Major, BWV 846 (Piano version)",2605_CL2(1_B_PD)_D_12_NLT1,9.50,0.00,2026-05-28 00:00:00,3250,Đã nghiệm thu,286,5796
59432ca4e30a0e015d76e0138210dcad,2955,360,,2510_P12(C_B_TH)_A_41_NMXA,0.00,0.00,,944,Đang sản xuất,120,1020
59432ca4e30a0e015d76e0138210dcad,2957,360,,2510_P12(C_B_TH)_A_43_NMXA,0.00,0.00,,944,Đang sản xuất,120,1020
59432ca4e30a0e015d76e0138210dcad,8344,474,,2606_DH2(2_V_O)_F_01,9.00,0.00,,,Đang sản xuất,306,6144
59432ca4e30a0e015d76e0138210dcad,5969,367,You Needed Me First,2601_CO2(2_V_O)_A_20_M2,0.00,0.00,2026-02-10 00:00:00,,Đã nghiệm thu,208,3984
59432ca4e30a0e015d76e0138210dcad,8002,468,"Cello Sonata No. 3 in A Major, Op. 69: III. Adagio cantabile",2605_CL2(1_B_PD)_C_03_LHH,8.50,0.00,2026-05-19 00:00:00,3274,Đã nghiệm thu,286,5795
59432ca4e30a0e015d76e0138210dcad,3494,363,,2510_CL2(1_V_PD)_A_38_NMXA,0.00,0.00,2025-10-09 00:00:00,1261,Đã nghiệm thu,107,805
59432ca4e30a0e015d76e0138210dcad,8001,468,"Canon in D Major, P. 37 (Cello version)",2605_CL2(1_B_PD)_C_02_LHH,8.50,0.00,2026-05-19 00:00:00,3274,Đã nghiệm thu,286,5795
59432ca4e30a0e015d76e0138210dcad,2718,367,Under Quiet Stars,2511_CO2(2_V_O)_A_32,0.00,0.00,2025-11-19 00:00:00,,Đã nghiệm thu,176,
59432ca4e30a0e015d76e0138210dcad,3501,341,,2510_POP12(C_V_TH)_A_49_DMH,0.00,0.00,,1286,Đang sản xuất,120,1019
59432ca4e30a0e015d76e0138210dcad,1663,368,,,0.00,0.00,,,Đang sản xuất,,
59432ca4e30a0e015d76e0138210dcad,8504,459,Autumn (Techno Remix Version),2606_CL2(1_B_PD)_A_22_LHH,8.50,200000.00,2026-06-11 00:00:00,3709,Đã nghiệm thu,302,6136
59432ca4e30a0e015d76e0138210dcad,1652,368,,,0.00,0.00,,,Đang sản xuất,,
59432ca4e30a0e015d76e0138210dcad,5925,340,"Feet In The Sand, Eyes Closed",2601_DH2(2_V_O)_C_06_M2,0.00,0.00,2026-02-10 00:00:00,,Đã nghiệm thu,208,3981
59432ca4e30a0e015d76e0138210dcad,6122,402,Deep Silence,2602_DA2(2_B_O)_A_03_M2,0.00,0.00,2026-02-25 00:00:00,,Đã nghiệm thu,235,4423
59432ca4e30a0e015d76e0138210dcad,6121,402,Dark Stillness,2602_DA2(2_B_O)_A_02_M2,0.00,0.00,2026-02-25 00:00:00,,Đã nghiệm thu,235,4423
59432ca4e30a0e015d76e0138210dcad,7893,469,Passacaglia for Violin and Viola: Passacaglia (Piano version),2605_CL2(1_B_PD)_D_11_NLT1,9.50,0.00,2026-05-28 00:00:00,3250,Đã nghiệm thu,286,5796
59432ca4e30a0e015d76e0138210dcad,5923,340,Breeze Between The Lines,2601_DH2(2_V_O)_C_04_M2,0.00,0.00,2026-02-10 00:00:00,,Đã nghiệm thu,208,3981
59432ca4e30a0e015d76e0138210dcad,5924,340,Late Check-Out In Bali,2601_DH2(2_V_O)_C_05_M2,0.00,0.00,2026-02-10 00:00:00,,Đã nghiệm thu,208,3981
59432ca4e30a0e015d76e0138210dcad,8503,459,Summer (Techno Remix Version),2606_CL2(1_B_PD)_A_21_LHH,8.50,200000.00,2026-06-11 00:00:00,3709,Đã nghiệm thu,302,6136
59432ca4e30a0e015d76e0138210dcad,1664,368,,,0.00,0.00,,,Đang sản xuất,,
59432ca4e30a0e015d76e0138210dcad,6891,446,Close Enough To Feel You,2603_J2(F_V_O)_C_21_FM,0.00,0.00,2026-03-19 00:00:00,,Đã nghiệm thu,254,4778
59432ca4e30a0e015d76e0138210dcad,8502,459,Storm (Techno Remix Version),2606_CL2(1_B_PD)_A_20_LHH,8.50,200000.00,2026-06-11 00:00:00,3709,Đã nghiệm thu,302,6136
59432ca4e30a0e015d76e0138210dcad,5945,380,A Quiet Pathos,2601_CI2(2_B_O)_A_29_M2,0.00,0.00,2026-02-10 00:00:00,,Đã nghiệm thu,208,3982
59432ca4e30a0e015d76e0138210dcad,8501,459,Nocturne No. 20 in C-Sharp Minor (Techno Remix Version),2606_CL2(1_B_PD)_A_19_LHH,8.50,200000.00,2026-06-11 00:00:00,3709,Đã nghiệm thu,302,6136
59432ca4e30a0e015d76e0138210dcad,8341,340,,2606_DH2(2_V_O)_C_18,9.50,0.00,,,Đang sản xuất,306,6143
59432ca4e30a0e015d76e0138210dcad,5944,380,In Quiet Nostalgia,2601_CI2(2_B_O)_A_28_M2,0.00,0.00,2026-02-10 00:00:00,,Đã nghiệm thu,208,3982
59432ca4e30a0e015d76e0138210dcad,7889,469,"Piano Sonata No. 14 in C-sharp Minor, Op. 27 No. 2: Adagio sostenuto",2605_CL2(1_B_PD)_D_07_NLT1,9.50,0.00,2026-05-28 00:00:00,3250,Đã nghiệm thu,286,5796
59432ca4e30a0e015d76e0138210dcad,3880,337,Cold Reveries,2512_DH2(1_V_O)_B_13_M1,0.00,0.00,2025-12-22 00:00:00,,Đã nghiệm thu,180,
59432ca4e30a0e015d76e0138210dcad,8340,340,,2606_DH2(2_V_O)_C_17,9.50,0.00,,,Đang sản xuất,306,6143
59432ca4e30a0e015d76e0138210dcad,8499,459,Badinerie (Techno Remix Version),2606_CL2(1_B_PD)_A_17_LHH,8.50,200000.00,2026-06-11 00:00:00,3709,Đã nghiệm thu,302,6136
59432ca4e30a0e015d76e0138210dcad,8498,459,Can Can (Techno Remix Version),2606_CL2(1_B_PD)_A_16_LHH,8.50,200000.00,2026-06-11 00:00:00,3709,Đã nghiệm thu,302,6136
59432ca4e30a0e015d76e0138210dcad,8338,340,,2606_DH2(2_V_O)_C_15,9.50,0.00,,,Đang sản xuất,306,6143
59432ca4e30a0e015d76e0138210dcad,2717,367,Fading Horizon,2511_CO2(2_V_O)_A_31,0.00,0.00,2025-11-19 00:00:00,,Đã nghiệm thu,176,
59432ca4e30a0e015d76e0138210dcad,2716,367,Right Here,2511_CO2(2_V_O)_A_30,0.00,0.00,2025-11-19 00:00:00,,Đã nghiệm thu,176,
59432ca4e30a0e015d76e0138210dcad,2715,367,Somewhere to Begin,2511_CO2(2_V_O)_A_29,0.00,0.00,2025-11-19 00:00:00,,Đã nghiệm thu,176,
59432ca4e30a0e015d76e0138210dcad,7208,456,,2604_DH2(1_V_O)_G_08_NLT1,0.00,200000.00,,2979,Đang sản xuất,267,5202
59432ca4e30a0e015d76e0138210dcad,6899,446,Don’t Walk Away Yet,2603_J2(F_V_O)_C_29_FM,0.00,0.00,2026-03-19 00:00:00,,Đã nghiệm thu,254,4778
59432ca4e30a0e015d76e0138210dcad,2714,367,Clear Skies Ahead,2511_CO2(2_V_O)_A_28,0.00,0.00,2025-11-19 00:00:00,,Đã nghiệm thu,176,
59432ca4e30a0e015d76e0138210dcad,2097,,,2510_R(F_V_TH)_A_18_F,0.00,0.00,,,Đang sản xuất,,
59432ca4e30a0e015d76e0138210dcad,2096,,,2510_R(F_V_TH)_A_19_F,0.00,0.00,,,Đang sản xuất,,
59432ca4e30a0e015d76e0138210dcad,2095,,,2510_R(F_V_TH)_A_20_F,0.00,0.00,,,Đang sản xuất,,
59432ca4e30a0e015d76e0138210dcad,2091,,,2510_R(F_V_TH)_A_18_F,0.00,0.00,,,Đang sản xuất,,
59432ca4e30a0e015d76e0138210dcad,2090,,,2510_R(F_V_TH)_A_19_F,0.00,0.00,,,Đang sản xuất,,
59432ca4e30a0e015d76e0138210dcad,8371,482,,2606_DH2(2_V_O)_G_08,9.00,0.00,,,Đang sản xuất,306,6145
59432ca4e30a0e015d76e0138210dcad,6860,445,Letters from the Night Drive,2603_J2(F_V_O)_B_11_FM,0.00,0.00,2026-03-19 00:00:00,,Đã nghiệm thu,254,4777
59432ca4e30a0e015d76e0138210dcad,8496,459,Pathetique Sonata 3rd Movement,2606_CL2(1_B_PD)_A_14_LHH,8.50,200000.00,2026-06-11 00:00:00,3709,Đã nghiệm thu,302,6136
59432ca4e30a0e015d76e0138210dcad,5943,380,Building Momentum,2601_CI2(2_B_O)_A_27_M2,0.00,0.00,2026-02-10 00:00:00,,Đã nghiệm thu,208,3982
59432ca4e30a0e015d76e0138210dcad,5942,380,Melancholy,2601_CI2(2_B_O)_A_26_M2,0.00,0.00,2026-02-10 00:00:00,,Đã nghiệm thu,208,3982
59432ca4e30a0e015d76e0138210dcad,2713,367,Small Lights,2511_CO2(2_V_O)_A_27,0.00,0.00,2025-11-19 00:00:00,,Đã nghiệm thu,176,
59432ca4e30a0e015d76e0138210dcad,5359,337,Low Profile,2601_DH2(1_V_O)_B_05_M1,0.00,0.00,2026-01-20 00:00:00,,Đã nghiệm thu,,
59432ca4e30a0e015d76e0138210dcad,8372,482,,2606_DH2(2_V_O)_G_09,9.00,0.00,,,Đang sản xuất,306,6145
59432ca4e30a0e015d76e0138210dcad,8495,459,Air on the G String (Techno Remix Version),2606_CL2(1_B_PD)_A_13_LHH,8.50,200000.00,2026-06-11 00:00:00,3709,Đã nghiệm thu,302,6136
59432ca4e30a0e015d76e0138210dcad,5941,380,What We Leave,2601_CI2(2_B_O)_A_25_M2,0.00,0.00,2026-02-10 00:00:00,,Đã nghiệm thu,208,3982
59432ca4e30a0e015d76e0138210dcad,5940,380,On This Journey,2601_CI2(2_B_O)_A_24_M2,0.00,0.00,2026-02-10 00:00:00,,Đã nghiệm thu,208,3982
59432ca4e30a0e015d76e0138210dcad,6869,445,Stay a Little Longer,2603_J2(F_V_O)_B_20_FM,0.00,0.00,2026-03-19 00:00:00,,Đã nghiệm thu,254,4777
59432ca4e30a0e015d76e0138210dcad,2712,367,Fading Gold,2511_CO2(2_V_O)_A_26,0.00,0.00,2025-11-19 00:00:00,,Đã nghiệm thu,176,
59432ca4e30a0e015d76e0138210dcad,8493,459,Dance of the Sugar Plum Fairy (Techno Remix Version),2606_CL2(1_B_PD)_A_11_LHH,8.50,200000.00,2026-06-11 00:00:00,3709,Đã nghiệm thu,302,6136
59432ca4e30a0e015d76e0138210dcad,5939,380,Across The Divide,2601_CI2(2_B_O)_A_23_M2,0.00,0.00,2026-02-10 00:00:00,,Đã nghiệm thu,208,3982
59432ca4e30a0e015d76e0138210dcad,5938,380,Before It Falls,2601_CI2(2_B_O)_A_22_M2,0.00,0.00,2026-02-10 00:00:00,,Đã nghiệm thu,208,3982
59432ca4e30a0e015d76e0138210dcad,3491,363,,2510_CL2(1_V_PD)_A_35_NMXA,0.00,0.00,2025-10-09 00:00:00,1261,Đã nghiệm thu,107,805
59432ca4e30a0e015d76e0138210dcad,3885,337,Low Glow,2512_DH2(1_V_O)_B_18_M1,0.00,0.00,2025-12-22 00:00:00,,Đã nghiệm thu,180,
59432ca4e30a0e015d76e0138210dcad,5937,380,What Still Burns,2601_CI2(2_B_O)_A_21_M2,0.00,0.00,2026-02-10 00:00:00,,Đã nghiệm thu,208,3982
59432ca4e30a0e015d76e0138210dcad,8492,459,The Marriage of Figaro (Techno Remix Version),2606_CL2(1_B_PD)_A_10_LHH,8.50,200000.00,2026-06-12 00:00:00,3709,Đã nghiệm thu,302,6136
59432ca4e30a0e015d76e0138210dcad,2711,367,Start Somewhere,2511_CO2(2_V_O)_A_25,0.00,0.00,2025-11-19 00:00:00,,Đã nghiệm thu,176,
59432ca4e30a0e015d76e0138210dcad,6933,434,Douceur,2603_FI(1_B_O)_A_18_DMH,8.50,0.00,2026-03-31 00:00:00,2654,Đã nghiệm thu,247,4704
59432ca4e30a0e015d76e0138210dcad,5936,380,Epic Soul,2601_CI2(2_B_O)_A_20_M2,0.00,0.00,2026-02-10 00:00:00,,Đã nghiệm thu,208,3982
59432ca4e30a0e015d76e0138210dcad,8491,459,Carmen: Prélude (Techno Remix Version),2606_CL2(1_B_PD)_A_09_LHH,8.50,200000.00,2026-06-12 00:00:00,3709,Đã nghiệm thu,302,6136
59432ca4e30a0e015d76e0138210dcad,7056,337,Almost Letting Go,2603_DH2(1_V_O)_B_02_M1,0.00,0.00,2026-04-10 00:00:00,,Đã nghiệm thu,,
59432ca4e30a0e015d76e0138210dcad,7201,456,,2604_DH2(1_V_O)_G_01_NLT1,0.00,200000.00,,2979,Đang sản xuất,267,5202
59432ca4e30a0e015d76e0138210dcad,3928,337,Night Static,2512_DH2(1_V_O)_B_61_M1,0.00,0.00,2025-12-22 00:00:00,,Đã nghiệm thu,180,
59432ca4e30a0e015d76e0138210dcad,8489,459,Bagatelle No. 25 in A Minor (Techno Remix Version),2606_CL2(1_B_PD)_A_07_LHH,8.50,200000.00,2026-06-11 00:00:00,3709,Đã nghiệm thu,302,6136
59432ca4e30a0e015d76e0138210dcad,5935,380,Holding The Line,2601_CI2(2_B_O)_A_19_M2,0.00,0.00,2026-02-10 00:00:00,,Đã nghiệm thu,208,3982
59432ca4e30a0e015d76e0138210dcad,2710,367,After the Quiet,2511_CO2(2_V_O)_A_24,0.00,0.00,2025-11-19 00:00:00,,Đã nghiệm thu,176,
59432ca4e30a0e015d76e0138210dcad,5934,380,Caught In The Feeling,2601_CI2(2_B_O)_A_18_M2,0.00,0.00,2026-02-10 00:00:00,,Đã nghiệm thu,208,3982
59432ca4e30a0e015d76e0138210dcad,6924,434,Frisson,2603_FI(1_B_O)_A_09_LHH,8.50,0.00,2026-03-31 00:00:00,2653,Đã nghiệm thu,247,4704
59432ca4e30a0e015d76e0138210dcad,2709,367,Somewhere in the Glow,2511_CO2(2_V_O)_A_23,0.00,0.00,2025-11-19 00:00:00,,Đã nghiệm thu,176,
59432ca4e30a0e015d76e0138210dcad,8488,459,La Campanella (Techno Remix Version),2606_CL2(1_B_PD)_A_06_LHH,8.50,200000.00,2026-06-12 00:00:00,3709,Đã nghiệm thu,302,6136
59432ca4e30a0e015d76e0138210dcad,8486,459,Gymnopédie No. 1 (Techno Remix Version),2606_CL2(1_B_PD)_A_04_LHH,8.50,200000.00,2026-06-11 00:00:00,3709,Đã nghiệm thu,302,6136
59432ca4e30a0e015d76e0138210dcad,8682,447,,2606_NC2(L_B_O)_A_03_TM1,0.00,2500000.00,,3779,Đang sản xuất,311,6169
59432ca4e30a0e015d76e0138210dcad,3945,337,Night Residue,2512_DH2(1_V_O)_B_78_M1,0.00,0.00,2025-12-22 00:00:00,,Đã nghiệm thu,180,
59432ca4e30a0e015d76e0138210dcad,3497,341,,2510_POP12(C_V_TH)_A_45_DMH,0.00,0.00,,1286,Đang sản xuất,120,1019
59432ca4e30a0e015d76e0138210dcad,5356,337,Private Signal,2601_DH2(1_V_O)_B_02_M1,0.00,0.00,2026-01-20 00:00:00,,Đã nghiệm thu,,
59432ca4e30a0e015d76e0138210dcad,2708,367,Stay Quiet,2511_CO2(2_V_O)_A_22,0.00,0.00,2025-11-19 00:00:00,,Đã nghiệm thu,176,
59432ca4e30a0e015d76e0138210dcad,3480,341,,2510_POP12(C_V_TH)_A_41_NLT1,0.00,0.00,,947,Đang sản xuất,120,1019
59432ca4e30a0e015d76e0138210dcad,2703,367,Cool About It,2511_CO2(2_V_O)_A_17,0.00,0.00,2025-11-19 00:00:00,,Đã nghiệm thu,176,
59432ca4e30a0e015d76e0138210dcad,5365,337,Soft Mechanics,2601_DH2(1_V_O)_B_11_M1,0.00,0.00,2026-01-20 00:00:00,,Đã nghiệm thu,,
59432ca4e30a0e015d76e0138210dcad,5389,396,"This Peace, Somehow",2601_P(2_B_O)_F_05_ZEB,9.00,8000000.00,2026-01-21 00:00:00,1652,Đã nghiệm thu,218,4231
59432ca4e30a0e015d76e0138210dcad,6916,434,Under Open Skies,2603_FI(1_B_O)_A_01_LHH,8.50,0.00,2026-03-31 00:00:00,2653,Đã nghiệm thu,247,4704
59432ca4e30a0e015d76e0138210dcad,3912,337,Cold Motion,2512_DH2(1_V_O)_B_45_M1,0.00,0.00,2025-12-22 00:00:00,,Đã nghiệm thu,180,
59432ca4e30a0e015d76e0138210dcad,7271,456,,2604_DH2(1_V_O)_G_16_LHH,0.00,200000.00,,2984,Đang sản xuất,267,5202
59432ca4e30a0e015d76e0138210dcad,3938,337,Blurred Distance,2512_DH2(1_V_O)_B_71_M1,0.00,0.00,2025-12-22 00:00:00,,Đã nghiệm thu,180,
59432ca4e30a0e015d76e0138210dcad,5390,396,Cherry And Sunlight,2601_P(2_B_O)_F_06_ZEB,9.00,8000000.00,2026-01-21 00:00:00,1652,Đã nghiệm thu,218,4231
59432ca4e30a0e015d76e0138210dcad,5737,396,Let It Stay,2602_P(2_B_O)_F_08_ZEB,9.00,8000000.00,2026-02-10 00:00:00,2342,Đã nghiệm thu,231,4332
59432ca4e30a0e015d76e0138210dcad,6283,396,A Moment Alone,2603_P(2_B_O)_F_10_ZEB,9.50,8000000.00,2026-03-16 00:00:00,2666,Đã nghiệm thu,250,4714
59432ca4e30a0e015d76e0138210dcad,8487,459,Quasi una fantasia (Techno Remix Version),2606_CL2(1_B_PD)_A_05_LHH,8.50,200000.00,2026-06-12 00:00:00,3709,Đã nghiệm thu,302,6136
59432ca4e30a0e015d76e0138210dcad,6928,434,Mélancolie,2603_FI(1_B_O)_A_13_DMH,8.50,0.00,2026-03-31 00:00:00,2654,Đã nghiệm thu,247,4704
59432ca4e30a0e015d76e0138210dcad,2707,367,Falling in Reverse,2511_CO2(2_V_O)_A_21,0.00,0.00,2025-11-19 00:00:00,,Đã nghiệm thu,176,
59432ca4e30a0e015d76e0138210dcad,5374,337,Calm Vector,2601_DH2(1_V_O)_B_20_M1,0.00,0.00,2026-01-20 00:00:00,,Đã nghiệm thu,,
59432ca4e30a0e015d76e0138210dcad,2059,372,Freedom in the Morning,2510_POP(F_V_O)_A_44_F,0.00,0.00,2025-10-21 00:00:00,,Đã nghiệm thu,,
59432ca4e30a0e015d76e0138210dcad,6952,457,In the Rhythm,2603_SA(2_B_O)_C_02_ĐTT,9.00,2000000.00,2026-04-03 00:00:00,2669,Đã nghiệm thu,250,4715
59432ca4e30a0e015d76e0138210dcad,8485,459,"Aria ""Habanera"" (Techno Remix Version)",2606_CL2(1_B_PD)_A_03_LHH,8.50,200000.00,2026-06-12 00:00:00,3709,Đã nghiệm thu,302,6136
59432ca4e30a0e015d76e0138210dcad,8270,478,Sweater Sleeves,2605_DH2(1_V_O)_I_122_PHP,8.50,200000.00,2026-05-28 00:00:00,3373,Đã nghiệm thu,293,5844
59432ca4e30a0e015d76e0138210dcad,5399,396,Light Touches Morning,2601_P(2_B_O)_F_15_ZEB,9.00,8000000.00,2026-01-27 00:00:00,1652,Đã nghiệm thu,218,4231
59432ca4e30a0e015d76e0138210dcad,5363,337,Inner Field,2601_DH2(1_V_O)_B_09_M1,0.00,0.00,2026-01-20 00:00:00,,Đã nghiệm thu,,
59432ca4e30a0e015d76e0138210dcad,3955,337,Neon Remains,2512_DH2(1_V_O)_B_88_M1,0.00,0.00,2025-12-22 00:00:00,,Đã nghiệm thu,180,
59432ca4e30a0e015d76e0138210dcad,7332,463,The Blessing,2604_PALC2(2_V)_A_11_M2,0.00,9.00,2026-04-17 00:00:00,,Đã nghiệm thu,,
59432ca4e30a0e015d76e0138210dcad,3914,337,Late Reflections,2512_DH2(1_V_O)_B_47_M1,0.00,0.00,2025-12-22 00:00:00,,Đã nghiệm thu,180,
59432ca4e30a0e015d76e0138210dcad,7325,463,Graves Into Gardens,2604_PALC2(2_V)_A_04_M2,0.00,9.00,2026-04-17 00:00:00,,Đã nghiệm thu,,
59432ca4e30a0e015d76e0138210dcad,5394,396,"Moments, Simply Ours",2601_P(2_B_O)_F_10_ZEB,9.00,8000000.00,2026-01-21 00:00:00,1652,Đã nghiệm thu,218,4231
59432ca4e30a0e015d76e0138210dcad,3871,337,Midnight Blur,2512_DH2(1_V_O)_B_04_M1,0.00,0.00,2025-12-22 00:00:00,,Đã nghiệm thu,180,
59432ca4e30a0e015d76e0138210dcad,8268,478,Midnight Diamonds,2605_DH2(1_V_O)_I_120_PHP,8.50,200000.00,2026-05-28 00:00:00,3373,Đã nghiệm thu,293,5844
59432ca4e30a0e015d76e0138210dcad,8267,478,On My Skin,2605_DH2(1_V_O)_I_119_PHP,8.50,200000.00,2026-05-28 00:00:00,3373,Đã nghiệm thu,293,5844
59432ca4e30a0e015d76e0138210dcad,7865,466,,2605_P(2_B_O)_H_03_ZEB,0.00,8000000.00,,3246,Đang sản xuất,285,5779
59432ca4e30a0e015d76e0138210dcad,3934,337,Soft Breakdown,2512_DH2(1_V_O)_B_67_M1,0.00,0.00,2025-12-22 00:00:00,,Đã nghiệm thu,180,
59432ca4e30a0e015d76e0138210dcad,4853,396,Until The Blue Ends,2511_P(2_B_O)_F_09_ZEB,9.00,8000000.00,2025-12-01 00:00:00,1510,Đã nghiệm thu,210,4006
59432ca4e30a0e015d76e0138210dcad,3877,337,Fragile Dusk,2512_DH2(1_V_O)_B_10_M1,0.00,0.00,2025-12-22 00:00:00,,Đã nghiệm thu,180,
59432ca4e30a0e015d76e0138210dcad,8264,478,Liquid Gold,2605_DH2(1_V_O)_I_116_PHP,8.50,200000.00,2026-05-28 00:00:00,3373,Đã nghiệm thu,293,5844
59432ca4e30a0e015d76e0138210dcad,2959,360,,2510_P12(C_B_TH)_A_45_NMXA,0.00,0.00,,944,Đang sản xuất,120,1020
59432ca4e30a0e015d76e0138210dcad,8261,478,Frozen Gold,2605_DH2(1_V_O)_I_113_PHP,8.50,200000.00,2026-05-28 00:00:00,3373,Đã nghiệm thu,293,5844
59432ca4e30a0e015d76e0138210dcad,7329,463,Our God,2604_PALC2(2_V)_A_08_M2,0.00,9.00,2026-04-17 00:00:00,,Đã nghiệm thu,,
59432ca4e30a0e015d76e0138210dcad,2706,367,Kinda Like You,2511_CO2(2_V_O)_A_20,0.00,0.00,2025-11-19 00:00:00,,Đã nghiệm thu,176,
59432ca4e30a0e015d76e0138210dcad,5933,380,Epic Journey,2601_CI2(2_B_O)_A_17_M2,0.00,0.00,2026-02-10 00:00:00,,Đã nghiệm thu,208,3982
59432ca4e30a0e015d76e0138210dcad,8369,482,,2606_DH2(2_V_O)_G_06,9.00,0.00,,,Đang sản xuất,306,6145
59432ca4e30a0e015d76e0138210dcad,4852,396,The Sea Remains,2511_P(2_B_O)_F_08_ZEB,9.00,8000000.00,2025-12-01 00:00:00,1510,Đã nghiệm thu,210,4006
59432ca4e30a0e015d76e0138210dcad,8258,478,Blue Lights,2605_DH2(1_V_O)_I_110_PHP,8.50,200000.00,2026-05-28 00:00:00,3373,Đã nghiệm thu,293,5844
59432ca4e30a0e015d76e0138210dcad,8288,480,Champagne Silence,2606_J2(F_B_O)_F_15_PHP,0.00,200000.00,2026-06-06 00:00:00,3573,Đã nghiệm thu,298,
59432ca4e30a0e015d76e0138210dcad,3929,337,Empty Signals,2512_DH2(1_V_O)_B_62_M1,0.00,0.00,2025-12-22 00:00:00,,Đã nghiệm thu,180,
59432ca4e30a0e015d76e0138210dcad,1534,340,,2510_DH2(2_V_O)_C_62_M2,0.00,0.00,,,Đang sản xuất,,
59432ca4e30a0e015d76e0138210dcad,3898,337,Cold Distance,2512_DH2(1_V_O)_B_31_M1,0.00,0.00,2025-12-22 00:00:00,,Đã nghiệm thu,180,
59432ca4e30a0e015d76e0138210dcad,7922,457,A Peaceful Breeze,2605_SA(2_B_O)_D_03_AM,9.00,1820000.00,2026-06-02 00:00:00,3258,Đã nghiệm thu,285,5768
59432ca4e30a0e015d76e0138210dcad,3891,337,Pale Tension,2512_DH2(1_V_O)_B_24_M1,0.00,0.00,2025-12-22 00:00:00,,Đã nghiệm thu,180,
59432ca4e30a0e015d76e0138210dcad,4553,367,Mental White Space,2512_CO2(2_V_O)_A_26_M2,0.00,0.00,2025-12-30 00:00:00,,Đã nghiệm thu,205,3963
59432ca4e30a0e015d76e0138210dcad,2052,372,Golden Hours,2510_POP(F_V_O)_A_37_F,0.00,0.00,2025-10-21 00:00:00,,Đã nghiệm thu,,
59432ca4e30a0e015d76e0138210dcad,5931,380,Emotion In Motion,2601_CI2(2_B_O)_A_15_M2,0.00,0.00,2026-02-10 00:00:00,,Đã nghiệm thu,208,3982
59432ca4e30a0e015d76e0138210dcad,2253,207,San Francisco,2510_JH(L_B_O)_A_12_HNDT,8.80,5000000.00,2025-11-29 00:00:00,604,Đã nghiệm thu,116,1014
59432ca4e30a0e015d76e0138210dcad,2705,367,Call It a Morning,2511_CO2(2_V_O)_A_19,0.00,0.00,2025-11-19 00:00:00,,Đã nghiệm thu,176,
59432ca4e30a0e015d76e0138210dcad,2704,367,Half-Remembered,2511_CO2(2_V_O)_A_18,0.00,0.00,2025-11-19 00:00:00,,Đã nghiệm thu,176,
59432ca4e30a0e015d76e0138210dcad,2252,207,This Place Knows Our Stories,2510_JH(L_B_O)_A_11_HNDT,8.80,5000000.00,2025-11-23 00:00:00,604,Đã nghiệm thu,116,1014
59432ca4e30a0e015d76e0138210dcad,3921,337,Muted Neon,2512_DH2(1_V_O)_B_54_M1,0.00,0.00,2025-12-22 00:00:00,,Đã nghiệm thu,180,
59432ca4e30a0e015d76e0138210dcad,5388,396,Still With Warm Air,2601_P(2_B_O)_F_04_ZEB,9.00,8000000.00,2026-01-21 00:00:00,1652,Đã nghiệm thu,218,4231
59432ca4e30a0e015d76e0138210dcad,2702,367,Late to My Feelings,2511_CO2(2_V_O)_A_16,0.00,0.00,2025-11-19 00:00:00,,Đã nghiệm thu,176,
59432ca4e30a0e015d76e0138210dcad,2701,367,Morning Again,2511_CO2(2_V_O)_A_15,0.00,0.00,2025-11-19 00:00:00,,Đã nghiệm thu,176,
59432ca4e30a0e015d76e0138210dcad,4415,384,,2512_J(1_B_O)_A_07_HHD,6.00,1800000.00,2026-03-26 00:00:00,1287,Không nghiệm thu,178,3172
59432ca4e30a0e015d76e0138210dcad,8255,478,Dark Roses,2605_DH2(1_V_O)_I_107_PHP,8.50,200000.00,2026-05-28 00:00:00,3373,Đã nghiệm thu,293,5844
59432ca4e30a0e015d76e0138210dcad,2700,367,After Midnight,2511_CO2(2_V_O)_A_14,0.00,0.00,2025-11-19 00:00:00,,Đã nghiệm thu,176,
59432ca4e30a0e015d76e0138210dcad,8254,478,Blue Fire,2605_DH2(1_V_O)_I_106_PHP,8.50,200000.00,2026-05-28 00:00:00,3373,Đã nghiệm thu,293,5844
59432ca4e30a0e015d76e0138210dcad,8252,478,Beautiful Addiction,2605_DH2(1_V_O)_I_104_PHP,8.50,200000.00,2026-05-28 00:00:00,3373,Đã nghiệm thu,293,5844
59432ca4e30a0e015d76e0138210dcad,8718,487,,2607_WDH2(1_V_TH)_A_34,0.00,0.00,,,Đang sản xuất,322,6477
59432ca4e30a0e015d76e0138210dcad,2699,367,Almost There,2511_CO2(2_V_O)_A_13,0.00,0.00,2025-11-19 00:00:00,,Đã nghiệm thu,176,
59432ca4e30a0e015d76e0138210dcad,7334,463,"10,000 Reasons (Bless The Lord)",2604_PALC2(2_V)_A_13_M2,0.00,9.00,2026-04-17 00:00:00,,Đã nghiệm thu,,
59432ca4e30a0e015d76e0138210dcad,3917,337,Pale Static,2512_DH2(1_V_O)_B_50_M1,0.00,0.00,2025-12-22 00:00:00,,Đã nghiệm thu,180,
59432ca4e30a0e015d76e0138210dcad,2698,367,Drive Me Slow,2511_CO2(2_V_O)_A_12,0.00,0.00,2025-11-19 00:00:00,,Đã nghiệm thu,176,
59432ca4e30a0e015d76e0138210dcad,2697,367,Let Me Breathe,2511_CO2(2_V_O)_A_11,0.00,0.00,2025-11-19 00:00:00,,Đã nghiệm thu,176,
59432ca4e30a0e015d76e0138210dcad,8250,478,Blue Bruise,2605_DH2(1_V_O)_I_102_PHP,8.50,200000.00,2026-05-28 00:00:00,3373,Đã nghiệm thu,293,5844
59432ca4e30a0e015d76e0138210dcad,3947,337,Slow Pressure,2512_DH2(1_V_O)_B_80_M1,0.00,0.00,2025-12-22 00:00:00,,Đã nghiệm thu,180,
59432ca4e30a0e015d76e0138210dcad,2696,367,Good Days Only,2511_CO2(2_V_O)_A_10,0.00,0.00,2025-11-19 00:00:00,,Đã nghiệm thu,176,
59432ca4e30a0e015d76e0138210dcad,4846,396,Air Between Pages,2511_P(2_B_O)_F_02_ZEB,9.00,8000000.00,2025-12-01 00:00:00,1510,Đã nghiệm thu,210,4006
59432ca4e30a0e015d76e0138210dcad,8138,478,,2605_DH2(1_V_O)_I_45_LHH,0.00,0.00,,3366,Đang sản xuất,293,5844
59432ca4e30a0e015d76e0138210dcad,3895,337,Muted Signals,2512_DH2(1_V_O)_B_28_M1,0.00,0.00,2025-12-22 00:00:00,,Đã nghiệm thu,180,
59432ca4e30a0e015d76e0138210dcad,5930,380,Glory In Motion,2601_CI2(2_B_O)_A_14_M2,0.00,0.00,2026-02-10 00:00:00,,Đã nghiệm thu,208,3982
59432ca4e30a0e015d76e0138210dcad,6269,421,Sinking Into Blue,2603_P(1_B_O)_D_06_ZEB,9.50,8000000.00,2026-03-16 00:00:00,2664,Đã nghiệm thu,247,4703
59432ca4e30a0e015d76e0138210dcad,2480,340,,2511_DH2(2_V_O)_C_03_False,0.00,0.00,,,Đang sản xuất,,
59432ca4e30a0e015d76e0138210dcad,1668,368,,,0.00,0.00,,,Đang sản xuất,,
59432ca4e30a0e015d76e0138210dcad,5987,387,In Solitude,2601_DCH2(2_V_O)_A_18_M2,0.00,0.00,2026-02-10 00:00:00,,Đã nghiệm thu,208,3985
59432ca4e30a0e015d76e0138210dcad,2695,367,Miles of You,2511_CO2(2_V_O)_A_09,0.00,0.00,2025-11-19 00:00:00,,Đã nghiệm thu,176,
59432ca4e30a0e015d76e0138210dcad,7275,456,,2604_DH2(1_V_O)_G_20_LHH,0.00,200000.00,,2984,Đang sản xuất,267,5202
59432ca4e30a0e015d76e0138210dcad,3907,337,Ghosted Nights,2512_DH2(1_V_O)_B_40_M1,0.00,0.00,2025-12-22 00:00:00,,Đã nghiệm thu,180,
59432ca4e30a0e015d76e0138210dcad,2694,367,Coffee on My Mind,2511_CO2(2_V_O)_A_08,0.00,0.00,2025-11-19 00:00:00,,Đã nghiệm thu,176,
59432ca4e30a0e015d76e0138210dcad,7273,456,,2604_DH2(1_V_O)_G_18_LHH,0.00,200000.00,,2984,Đang sản xuất,267,5202
59432ca4e30a0e015d76e0138210dcad,2693,367,Stay in this Light,2511_CO2(2_V_O)_A_07,0.00,0.00,2025-11-19 00:00:00,,Đã nghiệm thu,176,
59432ca4e30a0e015d76e0138210dcad,5392,396,Quiet Summer Day,2601_P(2_B_O)_F_08_ZEB,9.00,8000000.00,2026-01-21 00:00:00,1652,Đã nghiệm thu,218,4231
59432ca4e30a0e015d76e0138210dcad,5929,380,Awakening,2601_CI2(2_B_O)_A_13_M2,0.00,0.00,2026-02-10 00:00:00,,Đã nghiệm thu,208,3982
59432ca4e30a0e015d76e0138210dcad,7272,456,,2604_DH2(1_V_O)_G_17_LHH,0.00,200000.00,,2984,Đang sản xuất,267,5202
59432ca4e30a0e015d76e0138210dcad,3927,337,Fragile Hours,2512_DH2(1_V_O)_B_60_M1,0.00,0.00,2025-12-22 00:00:00,,Đã nghiệm thu,180,
59432ca4e30a0e015d76e0138210dcad,6282,396,Echoes Between Us,2603_P(2_B_O)_F_09_ZEB,9.00,8000000.00,2026-03-16 00:00:00,2666,Đã nghiệm thu,250,4714
59432ca4e30a0e015d76e0138210dcad,4848,396,No Sound Today,2511_P(2_B_O)_F_04_ZEB,9.00,8000000.00,2025-12-01 00:00:00,1510,Đã nghiệm thu,210,4006
59432ca4e30a0e015d76e0138210dcad,5928,380,ascending,2601_CI2(2_B_O)_A_12_M2,0.00,0.00,2026-02-10 00:00:00,,Đã nghiệm thu,208,3982
59432ca4e30a0e015d76e0138210dcad,7213,456,,2604_DH2(1_V_O)_G_13_NLT1,0.00,200000.00,,2979,Đang sản xuất,267,5202
59432ca4e30a0e015d76e0138210dcad,7210,456,,2604_DH2(1_V_O)_G_10_NLT1,0.00,200000.00,,2979,Đang sản xuất,267,5202
59432ca4e30a0e015d76e0138210dcad,2692,367,One More Sunrise,2511_CO2(2_V_O)_A_06,0.00,0.00,2025-11-19 00:00:00,,Đã nghiệm thu,176,
59432ca4e30a0e015d76e0138210dcad,2051,372,Golden Days,2510_POP(F_V_O)_A_36_F,0.00,0.00,2025-10-21 00:00:00,,Đã nghiệm thu,,
59432ca4e30a0e015d76e0138210dcad,7425,396,Leave Before Dawn,2604_P(2_B_O)_F_04_ZEB,9.00,8000000.00,2026-05-07 00:00:00,3026,Đã nghiệm thu,264,5130
59432ca4e30a0e015d76e0138210dcad,1666,368,,,0.00,0.00,,,Đang sản xuất,,
59432ca4e30a0e015d76e0138210dcad,2691,367,Daylight Bloom,2511_CO2(2_V_O)_A_05,0.00,0.00,2025-11-19 00:00:00,,Đã nghiệm thu,176,
59432ca4e30a0e015d76e0138210dcad,2690,367,Lazy Sunday Morning,2511_CO2(2_V_O)_A_04,0.00,0.00,2025-11-19 00:00:00,,Đã nghiệm thu,176,
59432ca4e30a0e015d76e0138210dcad,3870,337,Empty Fractures,2512_DH2(1_V_O)_B_03_M1,0.00,0.00,2025-12-22 00:00:00,,Đã nghiệm thu,180,
59432ca4e30a0e015d76e0138210dcad,8709,487,,2607_WDH2(1_V_TH)_A_25,0.00,0.00,,,Đang sản xuất,322,6477
59432ca4e30a0e015d76e0138210dcad,3884,337,Night Residuals,2512_DH2(1_V_O)_B_17_M1,0.00,0.00,2025-12-22 00:00:00,,Đã nghiệm thu,180,
59432ca4e30a0e015d76e0138210dcad,4850,396,Words Drift Outward,2511_P(2_B_O)_F_06_ZEB,9.00,8000000.00,2025-12-01 00:00:00,1510,Đã nghiệm thu,210,4006
59432ca4e30a0e015d76e0138210dcad,2689,367,Open Sky,2511_CO2(2_V_O)_A_03,0.00,0.00,2025-11-19 00:00:00,,Đã nghiệm thu,176,
59432ca4e30a0e015d76e0138210dcad,5764,417,Soft Corners,2602_J(F_B_O)_K_05_NTBT,9.00,4000000.00,2026-03-24 00:00:00,2339,Đã nghiệm thu,221,4258
59432ca4e30a0e015d76e0138210dcad,8137,478,,2605_DH2(1_V_O)_I_44_LHH,0.00,0.00,,3366,Đang sản xuất,293,5844
59432ca4e30a0e015d76e0138210dcad,2688,367,Golden Hours,2511_CO2(2_V_O)_A_02,0.00,0.00,2025-11-19 00:00:00,,Đã nghiệm thu,176,
59432ca4e30a0e015d76e0138210dcad,2687,367,Morning Light,2511_CO2(2_V_O)_A_01,0.00,0.00,2025-11-19 00:00:00,,Đã nghiệm thu,176,
59432ca4e30a0e015d76e0138210dcad,2085,373,Self Esteem,2510_R(F_V_TH)_A_20_F,0.00,0.00,2025-10-28 00:00:00,,Đã nghiệm thu,,
59432ca4e30a0e015d76e0138210dcad,4847,396,Shoreline Memory,2511_P(2_B_O)_F_03_ZEB,9.00,8000000.00,2025-12-01 00:00:00,1510,Đã nghiệm thu,210,4006
59432ca4e30a0e015d76e0138210dcad,5927,380,Anthem,2601_CI2(2_B_O)_A_11_M2,0.00,0.00,2026-02-10 00:00:00,,Đã nghiệm thu,208,3982
59432ca4e30a0e015d76e0138210dcad,3943,337,Ghosted Lines,2512_DH2(1_V_O)_B_76_M1,0.00,0.00,2025-12-22 00:00:00,,Đã nghiệm thu,180,
59432ca4e30a0e015d76e0138210dcad,2084,373,What Is Love,2510_R(F_V_TH)_A_19_F,0.00,0.00,2025-10-28 00:00:00,,Đã nghiệm thu,,
59432ca4e30a0e015d76e0138210dcad,2083,373,Tear In My Heart,2510_R(F_V_TH)_A_18_F,0.00,0.00,2025-10-28 00:00:00,,Đã nghiệm thu,,
59432ca4e30a0e015d76e0138210dcad,2082,373,Greatest Love Story,2510_R(F_V_TH)_A_17_F,0.00,0.00,2025-10-28 00:00:00,,Đã nghiệm thu,,
59432ca4e30a0e015d76e0138210dcad,3896,337,Hollow Afterhours,2512_DH2(1_V_O)_B_29_M1,0.00,0.00,2025-12-22 00:00:00,,Đã nghiệm thu,180,
59432ca4e30a0e015d76e0138210dcad,2050,372,Coffee Steam Rises Like a Dream,2510_POP(F_V_O)_A_35_F,0.00,0.00,2025-10-21 00:00:00,,Đã nghiệm thu,,
59432ca4e30a0e015d76e0138210dcad,3902,337,Low Afterglow,2512_DH2(1_V_O)_B_35_M1,0.00,0.00,2025-12-22 00:00:00,,Đã nghiệm thu,180,
59432ca4e30a0e015d76e0138210dcad,3887,337,Dim Horizons,2512_DH2(1_V_O)_B_20_M1,0.00,0.00,2025-12-22 00:00:00,,Đã nghiệm thu,180,
59432ca4e30a0e015d76e0138210dcad,8360,474,,2606_DH2(2_V_O)_F_17,9.00,0.00,,,Đang sản xuất,306,6144
59432ca4e30a0e015d76e0138210dcad,5442,380,Rise Through The Fire,2601_CI2(2_B_O)_A_10_M2,0.00,0.00,2026-01-23 00:00:00,,Đã nghiệm thu,208,3982
59432ca4e30a0e015d76e0138210dcad,3940,337,Afterlight Fade,2512_DH2(1_V_O)_B_73_M1,0.00,0.00,2025-12-22 00:00:00,,Đã nghiệm thu,180,
59432ca4e30a0e015d76e0138210dcad,3922,337,Shadow Drift,2512_DH2(1_V_O)_B_55_M1,0.00,0.00,2025-12-22 00:00:00,,Đã nghiệm thu,180,
59432ca4e30a0e015d76e0138210dcad,2081,373,Let Me Down Slowly,2510_R(F_V_TH)_A_16_F,0.00,0.00,2025-10-28 00:00:00,,Đã nghiệm thu,,
59432ca4e30a0e015d76e0138210dcad,5441,380,When The Sky Responds,2601_CI2(2_B_O)_A_09_M2,0.00,0.00,2026-01-23 00:00:00,,Đã nghiệm thu,208,3982
59432ca4e30a0e015d76e0138210dcad,2080,373,Cool Kids,2510_R(F_V_TH)_A_15_F,0.00,0.00,2025-10-28 00:00:00,,Đã nghiệm thu,,
59432ca4e30a0e015d76e0138210dcad,2079,373,Thank You,2510_R(F_V_TH)_A_14_F,0.00,0.00,2025-10-28 00:00:00,,Đã nghiệm thu,,
59432ca4e30a0e015d76e0138210dcad,2049,372,Simple Things,2510_POP(F_V_O)_A_34_F,0.00,0.00,2025-10-21 00:00:00,,Đã nghiệm thu,,
59432ca4e30a0e015d76e0138210dcad,5404,396,Small Song Outside,2601_P(2_B_O)_F_20_ZEB,9.00,8000000.00,2026-01-27 00:00:00,1652,Đã nghiệm thu,218,4231
59432ca4e30a0e015d76e0138210dcad,2951,360,,2510_P12(C_B_TH)_A_37_NMXA,0.00,0.00,,944,Đang sản xuất,120,1020
59432ca4e30a0e015d76e0138210dcad,5440,380,Rising Within,2601_CI2(2_B_O)_A_08_M2,0.00,0.00,2026-01-23 00:00:00,,Đã nghiệm thu,208,3982
59432ca4e30a0e015d76e0138210dcad,3868,337,Velvet Nightfall,2512_DH2(1_V_O)_B_01_M1,0.00,0.00,2025-12-22 00:00:00,,Đã nghiệm thu,180,
59432ca4e30a0e015d76e0138210dcad,2078,373,Slow Hands,2510_R(F_V_TH)_A_13_F,0.00,0.00,2025-10-28 00:00:00,,Đã nghiệm thu,,
59432ca4e30a0e015d76e0138210dcad,8706,487,,2607_WDH2(1_V_TH)_A_22,0.00,0.00,,,Đang sản xuất,322,6477
59432ca4e30a0e015d76e0138210dcad,6280,396,Where Silence Lives,2603_P(2_B_O)_F_07_ZEB,9.00,8000000.00,2026-03-16 00:00:00,2666,Đã nghiệm thu,250,4714
59432ca4e30a0e015d76e0138210dcad,2077,373,Ooh La La,2510_R(F_V_TH)_A_12_F,0.00,0.00,2025-10-28 00:00:00,,Đã nghiệm thu,,
59432ca4e30a0e015d76e0138210dcad,2073,373,Beautiful Life,2510_R(F_V_TH)_A_08_F,0.00,0.00,2025-10-20 00:00:00,,Đã nghiệm thu,,
59432ca4e30a0e015d76e0138210dcad,5439,380,Second Light,2601_CI2(2_B_O)_A_07_M2,0.00,0.00,2026-01-23 00:00:00,,Đã nghiệm thu,208,3982
59432ca4e30a0e015d76e0138210dcad,7960,473,Slow Dancing with Shadows,2605_DTP2(1_B_O)_A_06_NLT1,9.00,0.00,2026-05-20 00:00:00,3260,Đã nghiệm thu,286,5793
59432ca4e30a0e015d76e0138210dcad,7921,457,Fresh Air,2605_SA(2_B_O)_D_02_AM,9.00,1820000.00,2026-06-02 00:00:00,3258,Đã nghiệm thu,285,5768
59432ca4e30a0e015d76e0138210dcad,2072,373,The Reason,2510_R(F_V_TH)_A_07_F,0.00,0.00,2025-10-20 00:00:00,,Đã nghiệm thu,,
59432ca4e30a0e015d76e0138210dcad,2071,373,Calma,2510_R(F_V_TH)_A_06_F,0.00,0.00,2025-10-20 00:00:00,,Đã nghiệm thu,,
59432ca4e30a0e015d76e0138210dcad,2070,373,Dance Monkey,2510_R(F_V_TH)_A_05_F,0.00,0.00,2025-10-20 00:00:00,,Đã nghiệm thu,,
59432ca4e30a0e015d76e0138210dcad,2069,373,Heathens,2510_R(F_V_TH)_A_04_F,0.00,0.00,2025-10-20 00:00:00,,Đã nghiệm thu,,
59432ca4e30a0e015d76e0138210dcad,7988,470,,2605_CL(1_B_PD)_E_09_NTBT,9.00,4000000.00,2026-05-27 00:00:00,3268,Đã nghiệm thu,286,5790
59432ca4e30a0e015d76e0138210dcad,5438,380,Before The Light Breaks,2601_CI2(2_B_O)_A_06_M2,0.00,0.00,2026-01-23 00:00:00,,Đã nghiệm thu,208,3982
59432ca4e30a0e015d76e0138210dcad,7207,456,,2604_DH2(1_V_O)_G_07_NLT1,0.00,200000.00,,2979,Đang sản xuất,267,5202
59432ca4e30a0e015d76e0138210dcad,5437,380,Still Horizon,2601_CI2(2_B_O)_A_05_M2,0.00,0.00,2026-01-23 00:00:00,,Đã nghiệm thu,208,3982
59432ca4e30a0e015d76e0138210dcad,5436,380,Through Soft Ground,2601_CI2(2_B_O)_A_04_M2,0.00,0.00,2026-01-23 00:00:00,,Đã nghiệm thu,208,3982
59432ca4e30a0e015d76e0138210dcad,7206,456,,2604_DH2(1_V_O)_G_06_NLT1,0.00,200000.00,,2979,Đang sản xuất,267,5202
59432ca4e30a0e015d76e0138210dcad,7205,456,,2604_DH2(1_V_O)_G_05_NLT1,0.00,200000.00,,2979,Đang sản xuất,267,5202
59432ca4e30a0e015d76e0138210dcad,7202,456,,2604_DH2(1_V_O)_G_02_NLT1,0.00,200000.00,,2979,Đang sản xuất,267,5202
59432ca4e30a0e015d76e0138210dcad,5435,380,Along A Gentle Path,2601_CI2(2_B_O)_A_03_M2,0.00,0.00,2026-01-23 00:00:00,,Đã nghiệm thu,208,3982
59432ca4e30a0e015d76e0138210dcad,5433,380,Where It Begins,2601_CI2(2_B_O)_A_01_M2,0.00,0.00,2026-01-23 00:00:00,,Đã nghiệm thu,208,3982
59432ca4e30a0e015d76e0138210dcad,6005,381,Passing,2601_JH2(2_V_O)_A_10_M2,0.00,0.00,2026-02-10 00:00:00,,Đã nghiệm thu,208,3983
59432ca4e30a0e015d76e0138210dcad,2061,372,Love Like a Lemonade Stand,2510_POP(F_V_O)_A_46_F,0.00,0.00,2025-10-21 00:00:00,,Đã nghiệm thu,,
59432ca4e30a0e015d76e0138210dcad,6004,381,Night Windows,2601_JH2(2_V_O)_A_09_M2,0.00,0.00,2026-02-10 00:00:00,,Đã nghiệm thu,208,3983
59432ca4e30a0e015d76e0138210dcad,6003,381,Midnight Teeth,2601_JH2(2_V_O)_A_08_M2,0.00,0.00,2026-02-10 00:00:00,,Đã nghiệm thu,208,3983
59432ca4e30a0e015d76e0138210dcad,6002,381,Lease On My Heart,2601_JH2(2_V_O)_A_07_M2,0.00,0.00,2026-02-10 00:00:00,,Đã nghiệm thu,208,3983
59432ca4e30a0e015d76e0138210dcad,7958,473,Fragments of the Night,2605_DTP2(1_B_O)_A_04_NLT1,9.00,0.00,2026-05-20 00:00:00,3260,Đã nghiệm thu,286,5793
59432ca4e30a0e015d76e0138210dcad,6001,381,"Gate 27, Last Call",2601_JH2(2_V_O)_A_06_M2,0.00,0.00,2026-02-10 00:00:00,,Đã nghiệm thu,208,3983
59432ca4e30a0e015d76e0138210dcad,5452,365,I Am Not Leaving,2601_PAL2(2_V_O)_A_20_M2,0.00,0.00,2026-01-23 00:00:00,,Đã nghiệm thu,208,3987
59432ca4e30a0e015d76e0138210dcad,6000,381,Neon Ash,2601_JH2(2_V_O)_A_05_M2,0.00,0.00,2026-02-10 00:00:00,,Đã nghiệm thu,208,3983
59432ca4e30a0e015d76e0138210dcad,5999,381,Empty Table,2601_JH2(2_V_O)_A_04_M2,0.00,0.00,2026-02-10 00:00:00,,Đã nghiệm thu,208,3983
59432ca4e30a0e015d76e0138210dcad,2060,372,Love Like a Boomerang,2510_POP(F_V_O)_A_45_F,0.00,0.00,2025-10-21 00:00:00,,Đã nghiệm thu,,
59432ca4e30a0e015d76e0138210dcad,6214,433,Bronzeville,2603_JH2(L_B_O)_B_06_DMH,9.10,1500000.00,2026-03-16 00:00:00,2657,Đã nghiệm thu,237,4661
59432ca4e30a0e015d76e0138210dcad,5968,367,When I Was Your Man Again,2601_CO2(2_V_O)_A_19_M2,0.00,0.00,2026-02-10 00:00:00,,Đã nghiệm thu,208,3984
59432ca4e30a0e015d76e0138210dcad,6213,433,Second Set,2603_JH2(L_B_O)_B_05_DMH,9.10,1500000.00,2026-03-16 00:00:00,2657,Đã nghiệm thu,237,4661
59432ca4e30a0e015d76e0138210dcad,5398,396,Birdsong Between Hours,2601_P(2_B_O)_F_14_ZEB,9.00,8000000.00,2026-01-27 00:00:00,1652,Đã nghiệm thu,218,4231
59432ca4e30a0e015d76e0138210dcad,5997,381,Conversations at 2 A.M,2601_JH2(2_V_O)_A_02_M2,0.00,0.00,2026-02-10 00:00:00,,Đã nghiệm thu,208,3983
59432ca4e30a0e015d76e0138210dcad,5996,381,City Without,2601_JH2(2_V_O)_A_01_M2,0.00,0.00,2026-02-10 00:00:00,,Đã nghiệm thu,208,3983
59432ca4e30a0e015d76e0138210dcad,8705,487,,2607_WDH2(1_V_TH)_A_21,0.00,0.00,,,Đang sản xuất,322,6477
59432ca4e30a0e015d76e0138210dcad,5967,367,The Wall Between Us,2601_CO2(2_V_O)_A_18_M2,0.00,0.00,2026-02-10 00:00:00,,Đã nghiệm thu,208,3984
59432ca4e30a0e015d76e0138210dcad,7024,99,,2603_KS(H_V_PD)_B_08_NVL,0.00,6700000.00,,2726,Không nghiệm thu,250,4720
59432ca4e30a0e015d76e0138210dcad,7986,470,,2605_CL(1_B_PD)_E_07_NTBT,9.00,4000000.00,2026-05-27 00:00:00,3268,Đã nghiệm thu,286,5790
59432ca4e30a0e015d76e0138210dcad,5966,367,Sugar High,2601_CO2(2_V_O)_A_17_M2,0.00,0.00,2026-02-10 00:00:00,,Đã nghiệm thu,208,3984
59432ca4e30a0e015d76e0138210dcad,5965,367,Stay Until Tomorrow,2601_CO2(2_V_O)_A_16_M2,0.00,0.00,2026-02-10 00:00:00,,Đã nghiệm thu,208,3984
59432ca4e30a0e015d76e0138210dcad,2038,372,Tides of You,2510_POP(F_V_O)_A_23_F,0.00,0.00,2025-10-21 00:00:00,,Đã nghiệm thu,,
59432ca4e30a0e015d76e0138210dcad,5963,367,Sky Full of Scars,2601_CO2(2_V_O)_A_14_M2,0.00,0.00,2026-02-10 00:00:00,,Đã nghiệm thu,208,3984
59432ca4e30a0e015d76e0138210dcad,2058,372,Freedom in the Breeze,2510_POP(F_V_O)_A_43_F,0.00,0.00,2025-10-21 00:00:00,,Đã nghiệm thu,,
59432ca4e30a0e015d76e0138210dcad,2056,372,Crystal Morning,2510_POP(F_V_O)_A_41_F,0.00,0.00,2025-10-21 00:00:00,,Đã nghiệm thu,,
59432ca4e30a0e015d76e0138210dcad,2967,360,,2510_P12(C_B_TH)_A_53_NMXA,0.00,0.00,,944,Đang sản xuất,120,1020
59432ca4e30a0e015d76e0138210dcad,2055,372,Bright Sparks of You,2510_POP(F_V_O)_A_40_F,0.00,0.00,2025-10-21 00:00:00,,Đã nghiệm thu,,
59432ca4e30a0e015d76e0138210dcad,7678,416,The Way We Were,2604_L2(2_B_O)_B_13_M2,9.00,9.00,2026-05-08 00:00:00,,Đã nghiệm thu,266,5142
59432ca4e30a0e015d76e0138210dcad,6496,422,Miles Between Us,2602_DH2(1_V_O)_E_53_M1,0.00,0.00,2026-03-11 00:00:00,,Đã nghiệm thu,225,4328
59432ca4e30a0e015d76e0138210dcad,5961,367,Scarf on the Stair,2601_CO2(2_V_O)_A_12_M2,0.00,0.00,2026-02-10 00:00:00,,Đã nghiệm thu,208,3984
59432ca4e30a0e015d76e0138210dcad,2047,372,The Little Things,2510_POP(F_V_O)_A_32_F,0.00,0.00,2025-10-21 00:00:00,,Đã nghiệm thu,,
59432ca4e30a0e015d76e0138210dcad,2046,372,Waves of Morning Light,2510_POP(F_V_O)_A_31_F,0.00,0.00,2025-10-21 00:00:00,,Đã nghiệm thu,,
59432ca4e30a0e015d76e0138210dcad,2045,372,Pocketful of Sunshine,2510_POP(F_V_O)_A_30_F,0.00,0.00,2025-10-21 00:00:00,,Đã nghiệm thu,,
59432ca4e30a0e015d76e0138210dcad,2044,372,Porchlight Glow,2510_POP(F_V_O)_A_29_F,0.00,0.00,2025-10-21 00:00:00,,Đã nghiệm thu,,
59432ca4e30a0e015d76e0138210dcad,6836,444,First Hallway Crush,2603_J2(F_V_O)_A_63_FM,0.00,0.00,2026-03-19 00:00:00,,Đã nghiệm thu,254,4776
59432ca4e30a0e015d76e0138210dcad,2043,372,Highway Honey,2510_POP(F_V_O)_A_28_F,0.00,0.00,2025-10-21 00:00:00,,Đã nghiệm thu,,
59432ca4e30a0e015d76e0138210dcad,8527,481,A Touch of Love,2606_J2(1_V_O)_False_22_NLT1,9.00,200000.00,2026-07-01 00:00:00,3711,Đã nghiệm thu,302,6135
59432ca4e30a0e015d76e0138210dcad,8524,481,My Favorite One,2606_J2(1_V_O)_False_19_NLT1,9.00,200000.00,2026-07-01 00:00:00,3711,Đã nghiệm thu,302,6135
59432ca4e30a0e015d76e0138210dcad,2041,372,Rise and Shine,2510_POP(F_V_O)_A_26_F,0.00,0.00,2025-10-21 00:00:00,,Đã nghiệm thu,,
59432ca4e30a0e015d76e0138210dcad,2037,372,Morning Waves,2510_POP(F_V_O)_A_22_F,0.00,0.00,2025-10-21 00:00:00,,Đã nghiệm thu,,
59432ca4e30a0e015d76e0138210dcad,8533,481,Missing Your Smile,2606_J2(1_V_O)_False_28_NLT1,8.50,200000.00,2026-07-01 00:00:00,3711,Đã nghiệm thu,302,6135
59432ca4e30a0e015d76e0138210dcad,8519,481,Dancing Underneath the Stars,2606_J2(1_V_O)_False_14_NLT1,8.50,200000.00,2026-07-01 00:00:00,3711,Đã nghiệm thu,302,6135
59432ca4e30a0e015d76e0138210dcad,8518,481,"Jazz, Love, Romantic",2606_J2(1_V_O)_False_13_NLT1,8.50,200000.00,2026-07-01 00:00:00,3711,Đã nghiệm thu,302,6135
59432ca4e30a0e015d76e0138210dcad,5960,367,Out Of The Blue,2601_CO2(2_V_O)_A_11_M2,0.00,0.00,2026-02-10 00:00:00,,Đã nghiệm thu,208,3984
59432ca4e30a0e015d76e0138210dcad,8517,481,True,2606_J2(1_V_O)_False_12_NLT1,8.50,200000.00,2026-07-01 00:00:00,3711,Đã nghiệm thu,302,6135
59432ca4e30a0e015d76e0138210dcad,8516,481,For the Love of You,2606_J2(1_V_O)_False_11_NLT1,8.50,200000.00,2026-07-01 00:00:00,3711,Đã nghiệm thu,302,6135
59432ca4e30a0e015d76e0138210dcad,8512,481,A Moment With You,2606_J2(1_V_O)_False_07_NLT1,9.00,200000.00,2026-07-01 00:00:00,3711,Đã nghiệm thu,302,6135
59432ca4e30a0e015d76e0138210dcad,8510,481,Love of My Life,2606_J2(1_V_O)_False_05_NLT1,8.50,200000.00,2026-07-01 00:00:00,3711,Đã nghiệm thu,302,6135
59432ca4e30a0e015d76e0138210dcad,8509,481,You're Not the Girl,2606_J2(1_V_O)_False_04_NLT1,8.50,200000.00,2026-07-01 00:00:00,3711,Đã nghiệm thu,302,6135
59432ca4e30a0e015d76e0138210dcad,2036,372,Sunrise Groove,2510_POP(F_V_O)_A_21_F,0.00,0.00,2025-10-21 00:00:00,,Đã nghiệm thu,,
59432ca4e30a0e015d76e0138210dcad,5959,367,Love Me Harder,2601_CO2(2_V_O)_A_10_M2,0.00,0.00,2026-02-10 00:00:00,,Đã nghiệm thu,208,3984
59432ca4e30a0e015d76e0138210dcad,8515,481,In the Blue Hour,2606_J2(1_V_O)_False_10_NLT1,8.50,200000.00,2026-07-01 00:00:00,3711,Đã nghiệm thu,302,6135
59432ca4e30a0e015d76e0138210dcad,2040,372,Smile,2510_POP(F_V_O)_A_25_F,0.00,0.00,2025-10-21 00:00:00,,Đã nghiệm thu,,
59432ca4e30a0e015d76e0138210dcad,2039,372,Good Morning,2510_POP(F_V_O)_A_24_F,0.00,0.00,2025-10-21 00:00:00,,Đã nghiệm thu,,
59432ca4e30a0e015d76e0138210dcad,8511,481,Him in My Heart,2606_J2(1_V_O)_False_06_NLT1,8.50,200000.00,2026-07-01 00:00:00,3711,Đã nghiệm thu,302,6135
59432ca4e30a0e015d76e0138210dcad,2035,372,Marry You,2510_POP(F_V_O)_A_20_F,0.00,0.00,2025-10-20 00:00:00,,Đã nghiệm thu,,
59432ca4e30a0e015d76e0138210dcad,2034,372,Crazy Little Thing Called Love,2510_POP(F_V_O)_A_19_F,0.00,0.00,2025-10-20 00:00:00,,Đã nghiệm thu,,
59432ca4e30a0e015d76e0138210dcad,8508,481,"Wrote a Song for You, Baby",2606_J2(1_V_O)_False_03_NLT1,8.50,200000.00,2026-07-01 00:00:00,3711,Đã nghiệm thu,302,6135
59432ca4e30a0e015d76e0138210dcad,6013,420,Sunday in Silence,2602_J(F_B_O)_M_08_NTBT,9.50,5000000.00,2026-03-24 00:00:00,2349,Đã nghiệm thu,221,4260
59432ca4e30a0e015d76e0138210dcad,2033,372,Endless Love,2510_POP(F_V_O)_A_18_F,0.00,0.00,2025-10-20 00:00:00,,Đã nghiệm thu,,
59432ca4e30a0e015d76e0138210dcad,4575,400,,2512_CLS(L_V_PD)_A_03_ZEB,0.00,2333000.00,2025-12-31 00:00:00,1356,Đã nghiệm thu,202,3955
59432ca4e30a0e015d76e0138210dcad,6521,422,Nights Like These,2602_DH2(1_V_O)_E_78_M1,0.00,0.00,2026-03-11 00:00:00,,Đã nghiệm thu,225,4328
59432ca4e30a0e015d76e0138210dcad,2032,372,Sunrise,2510_POP(F_V_O)_A_17_F,0.00,0.00,2025-10-20 00:00:00,,Đã nghiệm thu,,
59432ca4e30a0e015d76e0138210dcad,8506,481,I Could Get Used to This,2606_J2(1_V_O)_False_01_NLT1,8.50,200000.00,2026-07-01 00:00:00,3711,Đã nghiệm thu,302,6135
59432ca4e30a0e015d76e0138210dcad,7999,467,Air on the G String (Deep House version),2605_CL2(1_B_PD)_B_10_LHH,8.50,200000.00,2026-05-22 00:00:00,3272,Đã nghiệm thu,286,5794
59432ca4e30a0e015d76e0138210dcad,7668,416,Close the Gate,2604_L2(2_B_O)_B_03_M2,9.00,9.00,2026-05-08 00:00:00,,Đã nghiệm thu,266,5142
59432ca4e30a0e015d76e0138210dcad,5754,419,Soft City Night,2602_J(F_B_O)_L_05_TNCK,9.00,4000000.00,2026-03-05 00:00:00,1684,Đã nghiệm thu,221,4259
59432ca4e30a0e015d76e0138210dcad,2031,372,Life is Beautiful,2510_POP(F_V_O)_A_16_F,0.00,0.00,2025-10-20 00:00:00,,Đã nghiệm thu,,
59432ca4e30a0e015d76e0138210dcad,2484,340,,2511_DH2(2_V_O)_C_04_False,0.00,0.00,,,Đang sản xuất,,
59432ca4e30a0e015d76e0138210dcad,8574,471,A Little Further Away,2606_CL(1_B_PD)_D_19_HNDT,9.00,3000000.00,2026-07-02 00:00:00,3708,Đã nghiệm thu,302,6133
59432ca4e30a0e015d76e0138210dcad,2030,372,In Love Again,2510_POP(F_V_O)_A_15_F,0.00,0.00,2025-10-20 00:00:00,,Đã nghiệm thu,,
59432ca4e30a0e015d76e0138210dcad,2029,372,"You’re My Favorite, Everything",2510_POP(F_V_O)_A_14_F,0.00,0.00,2025-10-20 00:00:00,,Đã nghiệm thu,,
59432ca4e30a0e015d76e0138210dcad,5958,367,Liability,2601_CO2(2_V_O)_A_09_M2,0.00,0.00,2026-02-10 00:00:00,,Đã nghiệm thu,208,3984
59432ca4e30a0e015d76e0138210dcad,2028,372,Wings of the Sky,2510_POP(F_V_O)_A_13_F,0.00,0.00,2025-10-20 00:00:00,,Đã nghiệm thu,,
59432ca4e30a0e015d76e0138210dcad,5741,421,Reading In Warmth,2602_P(1_B_O)_D_02_ZEB,9.00,8000000.00,2026-02-10 00:00:00,2343,Đã nghiệm thu,230,4331
59432ca4e30a0e015d76e0138210dcad,7680,416,Until Morning Comes,2604_L2(2_B_O)_B_15_M2,9.00,9.00,2026-05-08 00:00:00,,Đã nghiệm thu,266,5142
59432ca4e30a0e015d76e0138210dcad,6855,445,Wishes in the Wind,2603_J2(F_V_O)_B_06_FM,0.00,0.00,2026-03-19 00:00:00,,Đã nghiệm thu,254,4777
59432ca4e30a0e015d76e0138210dcad,5738,396,Grow A Little,2602_P(2_B_O)_F_09_ZEB,9.00,8000000.00,2026-02-10 00:00:00,2342,Đã nghiệm thu,231,4332
59432ca4e30a0e015d76e0138210dcad,2027,372,"My Home, My Heart",2510_POP(F_V_O)_A_12_F,0.00,0.00,2025-10-20 00:00:00,,Đã nghiệm thu,,
59432ca4e30a0e015d76e0138210dcad,5736,396,Fall Into Morning,2602_P(2_B_O)_F_07_ZEB,9.00,8000000.00,2026-02-10 00:00:00,2342,Đã nghiệm thu,231,4332
59432ca4e30a0e015d76e0138210dcad,7682,416,Stay Awhile,2604_L2(2_B_O)_B_17_M2,9.00,9.00,2026-05-08 00:00:00,,Đã nghiệm thu,266,5142
59432ca4e30a0e015d76e0138210dcad,1650,368,,,0.00,0.00,,,Đang sản xuất,,
59432ca4e30a0e015d76e0138210dcad,4574,400,,2512_CLS(L_V_PD)_A_02_ZEB,0.00,2333000.00,2025-12-31 00:00:00,1356,Đã nghiệm thu,202,3955
59432ca4e30a0e015d76e0138210dcad,5734,396,In Between Hours,2602_P(2_B_O)_F_05_ZEB,9.00,8000000.00,2026-02-10 00:00:00,2342,Đã nghiệm thu,231,4332
59432ca4e30a0e015d76e0138210dcad,5957,367,Keep Her Close,2601_CO2(2_V_O)_A_08_M2,0.00,0.00,2026-02-10 00:00:00,,Đã nghiệm thu,208,3984
59432ca4e30a0e015d76e0138210dcad,2026,372,Mama's Light,2510_POP(F_V_O)_A_11_F,0.00,0.00,2025-10-20 00:00:00,,Đã nghiệm thu,,
59432ca4e30a0e015d76e0138210dcad,5733,396,Stay Like This,2602_P(2_B_O)_F_04_ZEB,9.00,8000000.00,2026-02-10 00:00:00,2342,Đã nghiệm thu,231,4332
59432ca4e30a0e015d76e0138210dcad,5989,387,Into The Uncharted,2601_DCH2(2_V_O)_A_20_M2,0.00,0.00,2026-02-10 00:00:00,,Đã nghiệm thu,208,3985
59432ca4e30a0e015d76e0138210dcad,5732,396,Hold The Warmth,2602_P(2_B_O)_F_03_ZEB,9.00,8000000.00,2026-02-10 00:00:00,2342,Đã nghiệm thu,231,4332
59432ca4e30a0e015d76e0138210dcad,3498,341,,2510_POP12(C_V_TH)_A_46_DMH,0.00,0.00,,1286,Đang sản xuất,120,1019
59432ca4e30a0e015d76e0138210dcad,5730,396,Right About Now,2602_P(2_B_O)_F_01_ZEB,9.00,8000000.00,2026-02-10 00:00:00,2342,Đã nghiệm thu,231,4332
59432ca4e30a0e015d76e0138210dcad,6854,445,Rain Over Paris,2603_J2(F_V_O)_B_05_FM,0.00,0.00,2026-03-19 00:00:00,,Đã nghiệm thu,254,4777
59432ca4e30a0e015d76e0138210dcad,6865,445,Under the Golden Sky,2603_J2(F_V_O)_B_16_FM,0.00,0.00,2026-03-19 00:00:00,,Đã nghiệm thu,254,4777
59432ca4e30a0e015d76e0138210dcad,7997,467,Brandenburg Concerto No. 3 in G Major (Deep House version),2605_CL2(1_B_PD)_B_08_LHH,8.50,200000.00,2026-05-22 00:00:00,3272,Đã nghiệm thu,286,5794
59432ca4e30a0e015d76e0138210dcad,1657,368,,,0.00,0.00,,,Đang sản xuất,,
59432ca4e30a0e015d76e0138210dcad,6858,445,In the Memory of You,2603_J2(F_V_O)_B_09_FM,0.00,0.00,2026-03-19 00:00:00,,Đã nghiệm thu,254,4777
59432ca4e30a0e015d76e0138210dcad,6866,445,Softly Let Me Go,2603_J2(F_V_O)_B_17_FM,0.00,0.00,2026-03-19 00:00:00,,Đã nghiệm thu,254,4777
59432ca4e30a0e015d76e0138210dcad,6857,445,Under the Quiet Lights,2603_J2(F_V_O)_B_08_FM,0.00,0.00,2026-03-19 00:00:00,,Đã nghiệm thu,254,4777
59432ca4e30a0e015d76e0138210dcad,8704,487,,2607_WDH2(1_V_TH)_A_20,0.00,0.00,,,Đang sản xuất,322,6477
59432ca4e30a0e015d76e0138210dcad,6864,445,Orbit Around You,2603_J2(F_V_O)_B_15_FM,0.00,0.00,2026-03-19 00:00:00,,Đã nghiệm thu,254,4777
59432ca4e30a0e015d76e0138210dcad,6850,445,Midnight Echo,2603_J2(F_V_O)_B_01_FM,0.00,0.00,2026-03-19 00:00:00,,Đã nghiệm thu,254,4777
59432ca4e30a0e015d76e0138210dcad,7994,467,Eine Kleine Nachtmusik (Deep House version),2605_CL2(1_B_PD)_B_05_LHH,8.50,200000.00,2026-05-22 00:00:00,3272,Đã nghiệm thu,286,5794
59432ca4e30a0e015d76e0138210dcad,2025,372,You and Me,2510_POP(F_V_O)_A_10_F,0.00,0.00,2025-10-20 00:00:00,,Đã nghiệm thu,,
59432ca4e30a0e015d76e0138210dcad,5956,367,July On Your Side,2601_CO2(2_V_O)_A_07_M2,0.00,0.00,2026-02-10 00:00:00,,Đã nghiệm thu,208,3984
59432ca4e30a0e015d76e0138210dcad,7993,467,Radetzky March (Deep House version),2605_CL2(1_B_PD)_B_04_LHH,8.50,200000.00,2026-05-22 00:00:00,3272,Đã nghiệm thu,286,5794
59432ca4e30a0e015d76e0138210dcad,7992,467,The Blue Danube Waltz (Deep House version),2605_CL2(1_B_PD)_B_03_LHH,8.50,200000.00,2026-05-22 00:00:00,3272,Đã nghiệm thu,286,5794
59432ca4e30a0e015d76e0138210dcad,8122,478,,2605_DH2(1_V_O)_I_29_LHH,0.00,0.00,,3366,Đang sản xuất,293,5844
59432ca4e30a0e015d76e0138210dcad,7991,467,Marriage Of Figaro (Deep House version),2605_CL2(1_B_PD)_B_02_LHH,8.50,200000.00,2026-05-22 00:00:00,3272,Đã nghiệm thu,286,5794
59432ca4e30a0e015d76e0138210dcad,5060,380,Finding Shelter,2512_CI2(2_B_O)_A_06_M2,0.00,0.00,2026-01-16 00:00:00,,Đã nghiệm thu,205,3961
59432ca4e30a0e015d76e0138210dcad,7990,467,William Tell Overture (Deep House version),2605_CL2(1_B_PD)_B_01_LHH,8.50,200000.00,2026-05-22 00:00:00,3272,Đã nghiệm thu,286,5794
59432ca4e30a0e015d76e0138210dcad,7947,472,Ordinary Ways,2605_DH2(1_V_O)_H_43_LHH,8.50,0.00,2026-05-22 00:00:00,3259,Đã nghiệm thu,286,5792
59432ca4e30a0e015d76e0138210dcad,7943,472,Never Leave My Mind,2605_DH2(1_V_O)_H_39_LHH,8.50,0.00,2026-05-22 00:00:00,3259,Đã nghiệm thu,286,5792
59432ca4e30a0e015d76e0138210dcad,7939,472,Heavy Coat,2605_DH2(1_V_O)_H_35_LHH,8.50,0.00,2026-05-22 00:00:00,3259,Đã nghiệm thu,286,5792
59432ca4e30a0e015d76e0138210dcad,2019,372,Cute Love,2510_POP(F_V_O)_A_04_F,0.00,0.00,2025-10-20 00:00:00,,Đã nghiệm thu,,
59432ca4e30a0e015d76e0138210dcad,7954,472,The Small Things,2605_DH2(1_V_O)_H_50_LHH,8.50,0.00,2026-05-22 00:00:00,3259,Đã nghiệm thu,286,5792
59432ca4e30a0e015d76e0138210dcad,7950,472,You Still Move Through Me,2605_DH2(1_V_O)_H_46_LHH,8.50,0.00,2026-05-22 00:00:00,3259,Đã nghiệm thu,286,5792
59432ca4e30a0e015d76e0138210dcad,5955,367,Earned It,2601_CO2(2_V_O)_A_06_M2,0.00,0.00,2026-02-10 00:00:00,,Đã nghiệm thu,208,3984
59432ca4e30a0e015d76e0138210dcad,2024,372,Love's Wild Fire,2510_POP(F_V_O)_A_09_F,0.00,0.00,2025-10-20 00:00:00,,Đã nghiệm thu,,
59432ca4e30a0e015d76e0138210dcad,2023,372,Golden Hour Love,2510_POP(F_V_O)_A_08_F,0.00,0.00,2025-10-20 00:00:00,,Đã nghiệm thu,,
59432ca4e30a0e015d76e0138210dcad,4390,396,Quiet Knows Here,2512_P(2_B_O)_F_03_ZEB,0.00,8000000.00,2026-01-14 00:00:00,1323,Đã nghiệm thu,191,3823
59432ca4e30a0e015d76e0138210dcad,2022,372,Endless Glow,2510_POP(F_V_O)_A_07_F,0.00,0.00,2025-10-21 00:00:00,,Đã nghiệm thu,,
59432ca4e30a0e015d76e0138210dcad,4849,396,The Still Edge,2511_P(2_B_O)_F_05_ZEB,9.00,8000000.00,2025-12-01 00:00:00,1510,Đã nghiệm thu,210,4006
59432ca4e30a0e015d76e0138210dcad,2021,372,Endless Echoes,2510_POP(F_V_O)_A_06_F,0.00,0.00,2025-10-20 00:00:00,,Đã nghiệm thu,,
59432ca4e30a0e015d76e0138210dcad,1661,368,,,0.00,0.00,,,Đang sản xuất,,
59432ca4e30a0e015d76e0138210dcad,7870,466,,2605_P(2_B_O)_H_08_ZEB,0.00,8000000.00,,3246,Đang sản xuất,285,5779
59432ca4e30a0e015d76e0138210dcad,111,166,Stay with me,2509_P(2_B_O)_B_05_TNT,9.20,4000000.00,2025-09-23 00:00:00,154,Đã nghiệm thu,19,81
59432ca4e30a0e015d76e0138210dcad,3574,166,Before The Noise,2512_P(2_B_O)_B_04_NVL,9.50,4000000.00,2025-12-17 00:00:00,1282,Đã nghiệm thu,183,3191
59432ca4e30a0e015d76e0138210dcad,7949,472,Love Lost Its Voice,2605_DH2(1_V_O)_H_45_LHH,8.50,0.00,2026-05-22 00:00:00,3259,Đã nghiệm thu,286,5792
59432ca4e30a0e015d76e0138210dcad,5954,367,Dangerous Woman,2601_CO2(2_V_O)_A_05_M2,0.00,0.00,2026-02-10 00:00:00,,Đã nghiệm thu,208,3984
59432ca4e30a0e015d76e0138210dcad,7868,466,,2605_P(2_B_O)_H_06_ZEB,0.00,8000000.00,,3246,Đang sản xuất,285,5779
59432ca4e30a0e015d76e0138210dcad,3575,166,Quiet Starts Here,2512_P(2_B_O)_B_05_NVL,9.00,4000000.00,2025-12-17 00:00:00,1282,Đã nghiệm thu,183,3191
59432ca4e30a0e015d76e0138210dcad,5953,367,Chasing Different Stars,2601_CO2(2_V_O)_A_04_M2,0.00,0.00,2026-02-10 00:00:00,,Đã nghiệm thu,208,3984
59432ca4e30a0e015d76e0138210dcad,3576,166,Still Half Asleep,2512_P(2_B_O)_B_06_NVL,9.00,4000000.00,2025-12-17 00:00:00,1282,Đã nghiệm thu,183,3191
59432ca4e30a0e015d76e0138210dcad,7449,390,Old summer,2604_DCH2(1_V_O)_A_44_DMH,9.50,200000.00,2026-04-24 00:00:00,3028,Đã nghiệm thu,267,5094
59432ca4e30a0e015d76e0138210dcad,8703,487,,2607_WDH2(1_V_TH)_A_19,0.00,0.00,,,Đang sản xuất,322,6477
59432ca4e30a0e015d76e0138210dcad,2803,166,When Words Fade,2511_P(2_B_O)_B_01_NTBT,9.20,4000000.00,2025-11-22 00:00:00,908,Đã nghiệm thu,166,1561
59432ca4e30a0e015d76e0138210dcad,7938,472,After You Left,2605_DH2(1_V_O)_H_34_LHH,8.50,0.00,2026-05-22 00:00:00,3259,Đã nghiệm thu,286,5792
59432ca4e30a0e015d76e0138210dcad,5952,367,Can’t Stop This Feeling,2601_CO2(2_V_O)_A_03_M2,0.00,0.00,2026-02-10 00:00:00,,Đã nghiệm thu,208,3984
59432ca4e30a0e015d76e0138210dcad,6523,422,Within Your Reach,2602_DH2(1_V_O)_E_80_M1,0.00,0.00,2026-03-11 00:00:00,,Đã nghiệm thu,225,4328
59432ca4e30a0e015d76e0138210dcad,2020,372,Don't Give Up Your Dream,2510_POP(F_V_O)_A_05_F,0.00,0.00,2025-10-20 00:00:00,,Đã nghiệm thu,,
59432ca4e30a0e015d76e0138210dcad,5988,387,Leaving Traces,2601_DCH2(2_V_O)_A_19_M2,0.00,0.00,2026-02-10 00:00:00,,Đã nghiệm thu,208,3985
59432ca4e30a0e015d76e0138210dcad,5986,387,Soli,2601_DCH2(2_V_O)_A_17_M2,0.00,0.00,2026-02-10 00:00:00,,Đã nghiệm thu,208,3985
59432ca4e30a0e015d76e0138210dcad,7937,472,Familiar Pain,2605_DH2(1_V_O)_H_33_LHH,8.50,0.00,2026-05-22 00:00:00,3259,Đã nghiệm thu,286,5792
59432ca4e30a0e015d76e0138210dcad,2017,372,Burning Bright,2510_POP(F_V_O)_A_02_F,0.00,0.00,2025-10-20 00:00:00,,Đã nghiệm thu,,
59432ca4e30a0e015d76e0138210dcad,5985,387,Taking Side Roads,2601_DCH2(2_V_O)_A_16_M2,0.00,0.00,2026-02-10 00:00:00,,Đã nghiệm thu,208,3985
59432ca4e30a0e015d76e0138210dcad,8692,487,,2607_WDH2(1_V_TH)_A_08,0.00,0.00,,,Đang sản xuất,322,6477
59432ca4e30a0e015d76e0138210dcad,5984,387,Dreaming Lightly,2601_DCH2(2_V_O)_A_15_M2,0.00,0.00,2026-02-10 00:00:00,,Đã nghiệm thu,208,3985
59432ca4e30a0e015d76e0138210dcad,6007,420,The Glass Persuasion,2602_J(F_B_O)_M_02_NTBT,9.00,5000000.00,2026-02-28 00:00:00,2349,Đã nghiệm thu,221,4260
59432ca4e30a0e015d76e0138210dcad,7935,472,Feels Different,2605_DH2(1_V_O)_H_31_LHH,8.50,0.00,2026-05-22 00:00:00,3259,Đã nghiệm thu,286,5792
59432ca4e30a0e015d76e0138210dcad,2016,372,Baby,2510_POP(F_V_O)_A_01_F,0.00,0.00,2025-10-20 00:00:00,,Đã nghiệm thu,,
59432ca4e30a0e015d76e0138210dcad,8101,478,,2605_DH2(1_V_O)_I_08_NLT1,0.00,0.00,,3364,Đang sản xuất,293,5844
59432ca4e30a0e015d76e0138210dcad,8691,487,,2607_WDH2(1_V_TH)_A_07,0.00,0.00,,,Đang sản xuất,322,6477
59432ca4e30a0e015d76e0138210dcad,5983,387,Just Passing Through,2601_DCH2(2_V_O)_A_14_M2,0.00,0.00,2026-02-10 00:00:00,,Đã nghiệm thu,208,3985
59432ca4e30a0e015d76e0138210dcad,7934,472,After Things,2605_DH2(1_V_O)_H_30_LHH,8.50,0.00,2026-05-22 00:00:00,3259,Đã nghiệm thu,286,5792
59432ca4e30a0e015d76e0138210dcad,5982,387,Out There,2601_DCH2(2_V_O)_A_13_M2,0.00,0.00,2026-02-10 00:00:00,,Đã nghiệm thu,208,3985
59432ca4e30a0e015d76e0138210dcad,5981,387,Nowhere But Here,2601_DCH2(2_V_O)_A_12_M2,0.00,0.00,2026-02-10 00:00:00,,Đã nghiệm thu,208,3985
59432ca4e30a0e015d76e0138210dcad,6132,402,Night Echoes,2602_DA2(2_B_O)_A_13_M2,0.00,0.00,2026-02-25 00:00:00,,Đã nghiệm thu,235,4423
59432ca4e30a0e015d76e0138210dcad,5646,361,Late Night Gas Station Lights,2602_IF2(1_V_O)_A_23_DMH,9.10,0.00,2026-02-24 00:00:00,2331,Đã nghiệm thu,227,4325
59432ca4e30a0e015d76e0138210dcad,5980,387,No Footprints,2601_DCH2(2_V_O)_A_11_M2,0.00,0.00,2026-02-10 00:00:00,,Đã nghiệm thu,208,3985
59432ca4e30a0e015d76e0138210dcad,7933,472,Between Things,2605_DH2(1_V_O)_H_29_LHH,8.50,0.00,2026-05-22 00:00:00,3259,Đã nghiệm thu,286,5792
59432ca4e30a0e015d76e0138210dcad,5979,387,The Long Way Back,2601_DCH2(2_V_O)_A_10_M2,0.00,0.00,2026-02-10 00:00:00,,Đã nghiệm thu,208,3985
59432ca4e30a0e015d76e0138210dcad,7869,466,,2605_P(2_B_O)_H_07_ZEB,0.00,8000000.00,,3246,Đang sản xuất,285,5779
59432ca4e30a0e015d76e0138210dcad,5978,387,In Fragments,2601_DCH2(2_V_O)_A_09_M2,0.00,0.00,2026-02-10 00:00:00,,Đã nghiệm thu,208,3985
59432ca4e30a0e015d76e0138210dcad,7931,472,Changes Form,2605_DH2(1_V_O)_H_27_LHH,8.50,0.00,2026-05-22 00:00:00,3259,Đã nghiệm thu,286,5792
59432ca4e30a0e015d76e0138210dcad,7266,390,Echoes of a Fading Summer,2604_DCH2(1_V_O)_A_36_LHH,8.50,200000.00,2026-05-04 00:00:00,2983,Đã nghiệm thu,267,5094
59432ca4e30a0e015d76e0138210dcad,5977,387,Flicker,2601_DCH2(2_V_O)_A_08_M2,0.00,0.00,2026-02-10 00:00:00,,Đã nghiệm thu,208,3985
59432ca4e30a0e015d76e0138210dcad,5974,387,Somewhere Else,2601_DCH2(2_V_O)_A_05_M2,0.00,0.00,2026-02-10 00:00:00,,Đã nghiệm thu,208,3985
59432ca4e30a0e015d76e0138210dcad,5752,419,Under Soft Lights,2602_J(F_B_O)_L_03_TNCK,9.00,4000000.00,2026-03-05 00:00:00,1684,Đã nghiệm thu,221,4259
59432ca4e30a0e015d76e0138210dcad,5976,387,So Far Away,2601_DCH2(2_V_O)_A_07_M2,0.00,0.00,2026-02-10 00:00:00,,Đã nghiệm thu,208,3985
59432ca4e30a0e015d76e0138210dcad,5975,387,Heard Faintly,2601_DCH2(2_V_O)_A_06_M2,0.00,0.00,2026-02-10 00:00:00,,Đã nghiệm thu,208,3985
59432ca4e30a0e015d76e0138210dcad,8110,478,,2605_DH2(1_V_O)_I_17_NLT1,0.00,0.00,,3364,Đang sản xuất,293,5844
59432ca4e30a0e015d76e0138210dcad,7867,466,,2605_P(2_B_O)_H_05_ZEB,0.00,8000000.00,,3246,Đang sản xuất,285,5779
59432ca4e30a0e015d76e0138210dcad,8109,478,,2605_DH2(1_V_O)_I_16_NLT1,0.00,0.00,,3364,Đang sản xuất,293,5844
59432ca4e30a0e015d76e0138210dcad,7270,390,You Feel Like Summer,2604_DCH2(1_V_O)_A_40_LHH,8.50,200000.00,2026-05-04 00:00:00,2983,Đã nghiệm thu,267,5094
59432ca4e30a0e015d76e0138210dcad,5973,387,By Myself,2601_DCH2(2_V_O)_A_04_M2,0.00,0.00,2026-02-10 00:00:00,,Đã nghiệm thu,208,3985
59432ca4e30a0e015d76e0138210dcad,5972,387,Blurred Lines,2601_DCH2(2_V_O)_A_03_M2,0.00,0.00,2026-02-10 00:00:00,,Đã nghiệm thu,208,3985
59432ca4e30a0e015d76e0138210dcad,5971,387,Between Places,2601_DCH2(2_V_O)_A_02_M2,0.00,0.00,2026-02-10 00:00:00,,Đã nghiệm thu,208,3985
59432ca4e30a0e015d76e0138210dcad,8118,478,,2605_DH2(1_V_O)_I_25_NLT1,0.00,0.00,,3364,Đang sản xuất,293,5844
59432ca4e30a0e015d76e0138210dcad,5633,361,Broken Fence Lines,2602_IF2(1_V_O)_A_10_DMH,9.00,0.00,2026-02-24 00:00:00,2331,Đã nghiệm thu,227,4325
59432ca4e30a0e015d76e0138210dcad,5970,387,A Long Walk,2601_DCH2(2_V_O)_A_01_M2,0.00,0.00,2026-02-10 00:00:00,,Đã nghiệm thu,208,3985
59432ca4e30a0e015d76e0138210dcad,7262,390,Only You & Me,2604_DCH2(1_V_O)_A_32_LHH,8.50,200000.00,2026-05-04 00:00:00,2983,Đã nghiệm thu,267,5094
59432ca4e30a0e015d76e0138210dcad,6565,430,,2602_J(2_B_O)_C_05_TTQN,9.00,2500000.00,2026-03-26 00:00:00,2336,Đã nghiệm thu,233,4415
59432ca4e30a0e015d76e0138210dcad,8683,447,,2606_NC2(L_B_O)_A_04_TM1,0.00,2500000.00,,3779,Đang sản xuất,311,6169
59432ca4e30a0e015d76e0138210dcad,7258,390,Hold Me Once,2604_DCH2(1_V_O)_A_28_LHH,8.50,200000.00,2026-05-04 00:00:00,2983,Đã nghiệm thu,267,5094
59432ca4e30a0e015d76e0138210dcad,5625,361,A Slow Burning Sky,2602_IF2(1_V_O)_A_02_DMH,9.00,0.00,2026-02-24 00:00:00,2331,Đã nghiệm thu,227,4325
59432ca4e30a0e015d76e0138210dcad,8125,478,,2605_DH2(1_V_O)_I_32_LHH,0.00,0.00,,3366,Đang sản xuất,293,5844
59432ca4e30a0e015d76e0138210dcad,7864,466,,2605_P(2_B_O)_H_02_ZEB,0.00,8000000.00,,3246,Đang sản xuất,285,5779
59432ca4e30a0e015d76e0138210dcad,8124,478,,2605_DH2(1_V_O)_I_31_LHH,0.00,0.00,,3366,Đang sản xuất,293,5844
59432ca4e30a0e015d76e0138210dcad,2011,371,Wildfire Heart,2510_C(F_V_O)_A_46_F,0.00,0.00,2025-10-21 00:00:00,,Đã nghiệm thu,,
59432ca4e30a0e015d76e0138210dcad,7161,457,Flow State,2604_SA(2_B_O)_D_01_AM,9.00,1820000.00,2026-05-08 00:00:00,2971,Đã nghiệm thu,264,5131
59432ca4e30a0e015d76e0138210dcad,7254,390,Feel Nothing,2604_DCH2(1_V_O)_A_24_LHH,8.50,200000.00,2026-05-04 00:00:00,2983,Đã nghiệm thu,267,5094
59432ca4e30a0e015d76e0138210dcad,6563,430,,2602_J(2_B_O)_C_03_TTQN,9.00,2500000.00,2026-03-26 00:00:00,2336,Đã nghiệm thu,233,4415
59432ca4e30a0e015d76e0138210dcad,5995,387,Still Wandering,2602_DCH2(2_V_O)_A_06_M2,0.00,0.00,2026-02-10 00:00:00,,Đã nghiệm thu,235,4424
59432ca4e30a0e015d76e0138210dcad,5994,387,Out To Wander,2602_DCH2(2_V_O)_A_05_M2,0.00,0.00,2026-02-10 00:00:00,,Đã nghiệm thu,235,4424
59432ca4e30a0e015d76e0138210dcad,5993,387,Just A Walk,2602_DCH2(2_V_O)_A_04_M2,0.00,0.00,2026-02-10 00:00:00,,Đã nghiệm thu,235,4424
59432ca4e30a0e015d76e0138210dcad,8128,478,,2605_DH2(1_V_O)_I_35_LHH,0.00,0.00,,3366,Đang sản xuất,293,5844
59432ca4e30a0e015d76e0138210dcad,2015,371,Dust on My Hands,2510_C(F_V_O)_A_50_F,0.00,0.00,2025-10-21 00:00:00,,Đã nghiệm thu,,
59432ca4e30a0e015d76e0138210dcad,5992,387,At The Vanishing Point,2602_DCH2(2_V_O)_A_03_M2,0.00,0.00,2026-02-10 00:00:00,,Đã nghiệm thu,235,4424
59432ca4e30a0e015d76e0138210dcad,2014,371,Midnight Rodeo Love,2510_C(F_V_O)_A_49_F,0.00,0.00,2025-10-21 00:00:00,,Đã nghiệm thu,,
59432ca4e30a0e015d76e0138210dcad,2010,371,Ride the Open Road,2510_C(F_V_O)_A_45_F,0.00,0.00,2025-10-21 00:00:00,,Đã nghiệm thu,,
59432ca4e30a0e015d76e0138210dcad,4882,406,Himalayan Exhale,2601_OH(C_B_O)_C_08_TNCK,9.00,775000.00,2026-01-28 00:00:00,1501,Đã nghiệm thu,209,3972
59432ca4e30a0e015d76e0138210dcad,8684,447,,2606_NC2(L_B_O)_A_05_TM1,0.00,2500000.00,,3779,Đang sản xuất,311,6163
59432ca4e30a0e015d76e0138210dcad,2013,371,The Last of Us,2510_C(F_V_O)_A_48_F,0.00,0.00,2025-10-21 00:00:00,,Đã nghiệm thu,,
59432ca4e30a0e015d76e0138210dcad,6293,138,,2603_CL(1_B_PD)_A_10_BBA,0.00,3500000.00,,2668,Đang sản xuất,247,4689
59432ca4e30a0e015d76e0138210dcad,7863,466,,2605_P(2_B_O)_H_01_ZEB,0.00,8000000.00,,3246,Đang sản xuất,285,5779
59432ca4e30a0e015d76e0138210dcad,7572,338,Out of Time,2604_DH2(2_V_O)_A_48_M2,0.00,9.00,2026-04-29 00:00:00,,Đã nghiệm thu,266,5138
59432ca4e30a0e015d76e0138210dcad,7431,396,Wait for the Light,2604_P(2_B_O)_F_10_ZEB,9.00,8000000.00,2026-05-07 00:00:00,3026,Đã nghiệm thu,264,5130
59432ca4e30a0e015d76e0138210dcad,7430,396,A Way Back In,2604_P(2_B_O)_F_09_ZEB,9.00,8000000.00,2026-05-07 00:00:00,3026,Đã nghiệm thu,264,5130
59432ca4e30a0e015d76e0138210dcad,2012,371,Time Ain’t Savin’ Me,2510_C(F_V_O)_A_47_F,0.00,0.00,2025-10-21 00:00:00,,Đã nghiệm thu,,
59432ca4e30a0e015d76e0138210dcad,6286,138,,2603_CL(1_B_PD)_A_03_ĐTT,0.00,3000000.00,,2667,Đang sản xuất,247,4689
59432ca4e30a0e015d76e0138210dcad,8681,447,,2606_NC2(L_B_O)_A_02_TM1,0.00,2500000.00,,3779,Đang sản xuất,311,6169
59432ca4e30a0e015d76e0138210dcad,8680,447,,2606_NC2(L_B_O)_A_01_TM1,0.00,2500000.00,,3779,Đang sản xuất,311,6169
59432ca4e30a0e015d76e0138210dcad,7187,390,Safe Within Your Pulse,2604_DCH2(1_V_O)_A_07_NLT1,9.00,200000.00,2026-04-22 00:00:00,2978,Đã nghiệm thu,267,5094
59432ca4e30a0e015d76e0138210dcad,7427,396,Rain on Glass,2604_P(2_B_O)_F_06_ZEB,9.00,8000000.00,2026-05-07 00:00:00,3026,Đã nghiệm thu,264,5130
59432ca4e30a0e015d76e0138210dcad,2009,371,Highway Running Free,2510_C(F_V_O)_A_44_F,0.00,0.00,2025-10-21 00:00:00,,Đã nghiệm thu,,
59432ca4e30a0e015d76e0138210dcad,7426,396,Light on Floor,2604_P(2_B_O)_F_05_ZEB,9.00,8000000.00,2026-05-07 00:00:00,3026,Đã nghiệm thu,264,5130
59432ca4e30a0e015d76e0138210dcad,8133,478,,2605_DH2(1_V_O)_I_40_LHH,0.00,0.00,,3366,Đang sản xuất,293,5844
59432ca4e30a0e015d76e0138210dcad,2008,371,Small Town Sunrise,2510_C(F_V_O)_A_43_F,0.00,0.00,2025-10-21 00:00:00,,Đã nghiệm thu,,
59432ca4e30a0e015d76e0138210dcad,6289,138,,2603_CL(1_B_PD)_A_06_ĐTT,0.00,3000000.00,,2667,Đang sản xuất,247,4689
59432ca4e30a0e015d76e0138210dcad,2007,371,Until Dawn,2510_C(F_V_O)_A_42_F,0.00,0.00,2025-10-21 00:00:00,,Đã nghiệm thu,,
59432ca4e30a0e015d76e0138210dcad,2006,371,Back to the Porchlight,2510_C(F_V_O)_A_41_F,0.00,0.00,2025-10-21 00:00:00,,Đã nghiệm thu,,
59432ca4e30a0e015d76e0138210dcad,2005,371,Feels Like Home,2510_C(F_V_O)_A_40_F,0.00,0.00,2025-10-21 00:00:00,,Đã nghiệm thu,,
59432ca4e30a0e015d76e0138210dcad,7424,396,Summer on the Move,2604_P(2_B_O)_F_03_ZEB,9.00,8000000.00,2026-05-07 00:00:00,3026,Đã nghiệm thu,264,5130
59432ca4e30a0e015d76e0138210dcad,6292,138,,2603_CL(1_B_PD)_A_09_BBA,0.00,3500000.00,,2668,Đang sản xuất,247,4689
59432ca4e30a0e015d76e0138210dcad,2004,371,Fading Tail Lights,2510_C(F_V_O)_A_39_F,0.00,0.00,2025-10-21 00:00:00,,Đã nghiệm thu,,
59432ca4e30a0e015d76e0138210dcad,7000,437,Late At Night,2603_DH2(1_V_O)_F_50_LHH,9.00,0.00,2026-04-02 00:00:00,2718,Đã nghiệm thu,247,4707
59432ca4e30a0e015d76e0138210dcad,2003,371,Drink Too Hard,2510_C(F_V_O)_A_38_F,0.00,0.00,2025-10-21 00:00:00,,Đã nghiệm thu,,
59432ca4e30a0e015d76e0138210dcad,6288,138,,2603_CL(1_B_PD)_A_05_ĐTT,0.00,3000000.00,,2667,Đang sản xuất,247,4689
59432ca4e30a0e015d76e0138210dcad,6287,138,,2603_CL(1_B_PD)_A_04_ĐTT,0.00,3000000.00,,2667,Đang sản xuất,247,4689
59432ca4e30a0e015d76e0138210dcad,7422,396,Going Home,2604_P(2_B_O)_F_01_ZEB,9.00,8000000.00,2026-05-07 00:00:00,3026,Đã nghiệm thu,264,5130
59432ca4e30a0e015d76e0138210dcad,2002,371,Final Destination,2510_C(F_V_O)_A_37_F,0.00,0.00,2025-10-21 00:00:00,,Đã nghiệm thu,,
59432ca4e30a0e015d76e0138210dcad,2001,371,Borderline,2510_C(F_V_O)_A_36_F,0.00,0.00,2025-10-21 00:00:00,,Đã nghiệm thu,,
59432ca4e30a0e015d76e0138210dcad,2000,371,Sweet Taste Of Dirt,2510_C(F_V_O)_A_35_F,0.00,0.00,2025-10-20 00:00:00,,Đã nghiệm thu,,
59432ca4e30a0e015d76e0138210dcad,1999,371,Drunk driving,2510_C(F_V_O)_A_34_F,0.00,0.00,2025-10-20 00:00:00,,Đã nghiệm thu,,
59432ca4e30a0e015d76e0138210dcad,4226,383,The Christmas Song (Special Version),2511_POPX2(2_V_TH)_A_04_M2,0.00,0.00,2025-11-18 00:00:00,,Đã nghiệm thu,,
59432ca4e30a0e015d76e0138210dcad,1998,371,Beneath The Frost,2510_C(F_V_O)_A_33_F,0.00,0.00,2025-10-20 00:00:00,,Đã nghiệm thu,,
59432ca4e30a0e015d76e0138210dcad,1997,371,Thankful,2510_C(F_V_O)_A_32_F,0.00,0.00,2025-10-20 00:00:00,,Đã nghiệm thu,,
59432ca4e30a0e015d76e0138210dcad,1996,371,No more tears,2510_C(F_V_O)_A_31_F,0.00,0.00,2025-10-20 00:00:00,,Đã nghiệm thu,,
59432ca4e30a0e015d76e0138210dcad,1995,371,Vegas Sober,2510_C(F_V_O)_A_30_F,0.00,0.00,2025-10-20 00:00:00,,Đã nghiệm thu,,
59432ca4e30a0e015d76e0138210dcad,8597,458,Can't Help Falling in Love,2605_SNM1(1_B_PD)_A_11_HNDT,9.00,6400000.00,2026-07-04 00:00:00,3715,Đã nghiệm thu,286,5774
59432ca4e30a0e015d76e0138210dcad,8598,458,Amazing Grace,2605_SNM1(1_B_PD)_A_12_HNDT,9.00,6400000.00,2026-07-04 00:00:00,3715,Đã nghiệm thu,286,5774
59432ca4e30a0e015d76e0138210dcad,7010,457,The Last Few Steps,2603_SA(2_B_O)_C_10_ĐTT,9.00,2000000.00,2026-04-03 00:00:00,2663,Đã nghiệm thu,250,4715
59432ca4e30a0e015d76e0138210dcad,1994,371,Light me a smoke,2510_C(F_V_O)_A_29_F,0.00,0.00,2025-10-20 00:00:00,,Đã nghiệm thu,,
59432ca4e30a0e015d76e0138210dcad,1993,371,Wrap around you,2510_C(F_V_O)_A_28_F,0.00,0.00,2025-10-20 00:00:00,,Đã nghiệm thu,,
59432ca4e30a0e015d76e0138210dcad,5948,380,Starting To Rise,2602_CI2(2_B_O)_A_02_M2,0.00,0.00,2026-02-10 00:00:00,,Đã nghiệm thu,235,4419
59432ca4e30a0e015d76e0138210dcad,7007,457,Move with Sound,2603_SA(2_B_O)_C_07_ĐTT,9.00,2000000.00,2026-04-03 00:00:00,2663,Đã nghiệm thu,250,4715
59432ca4e30a0e015d76e0138210dcad,5578,370,River of Stillness,2602_OH(C_B_O)_A1_10_DQA,9.00,1300000.00,2026-02-27 00:00:00,2327,Đã nghiệm thu,234,4416
59432ca4e30a0e015d76e0138210dcad,5575,370,Tender Ripples,2602_OH(C_B_O)_A1_07_DQA,9.00,1300000.00,2026-02-27 00:00:00,2327,Đã nghiệm thu,234,4416
59432ca4e30a0e015d76e0138210dcad,5577,370,Echoes of Flow,2602_OH(C_B_O)_A1_09_DQA,9.00,1300000.00,2026-03-02 00:00:00,2327,Đã nghiệm thu,234,4416
59432ca4e30a0e015d76e0138210dcad,8603,447,Journey of the light,2605_NC2(L_B_O)_A_02_LHH,8.50,2000000.00,2026-06-26 00:00:00,3718,Đã nghiệm thu,283,5632
59432ca4e30a0e015d76e0138210dcad,8604,447,The Warmth We Had,2605_NC2(L_B_O)_A_03_LHH,8.50,2000000.00,2026-06-26 00:00:00,3718,Đã nghiệm thu,283,5632
59432ca4e30a0e015d76e0138210dcad,5572,370,Gentle Waves for a Restless Heart,2602_OH(C_B_O)_A1_04_DQA,9.00,1300000.00,2026-02-27 00:00:00,2327,Đã nghiệm thu,234,4416
59432ca4e30a0e015d76e0138210dcad,5573,370,Floating Silence,2602_OH(C_B_O)_A1_05_DQA,9.00,1300000.00,2026-02-27 00:00:00,2327,Đã nghiệm thu,234,4416
59432ca4e30a0e015d76e0138210dcad,6291,138,,2603_CL(1_B_PD)_A_08_BBA,0.00,3500000.00,,2668,Đang sản xuất,247,4689
59432ca4e30a0e015d76e0138210dcad,8132,478,,2605_DH2(1_V_O)_I_39_LHH,0.00,0.00,,3366,Đang sản xuất,293,5844
59432ca4e30a0e015d76e0138210dcad,6290,138,,2603_CL(1_B_PD)_A_07_BBA,0.00,3500000.00,,2668,Đang sản xuất,247,4689
59432ca4e30a0e015d76e0138210dcad,6285,138,,2603_CL(1_B_PD)_A_02_ĐTT,0.00,3000000.00,,2667,Đang sản xuất,247,4689
59432ca4e30a0e015d76e0138210dcad,6284,138,,2603_CL(1_B_PD)_A_01_ĐTT,0.00,3000000.00,,2667,Đang sản xuất,247,4689
59432ca4e30a0e015d76e0138210dcad,5455,410,Round Two,2601_JH2(L_B_O)_A_03_LHH,9.00,1500000.00,2026-02-09 00:00:00,1683,Đã nghiệm thu,215,4140
59432ca4e30a0e015d76e0138210dcad,1992,371,The Road Back Home,2510_C(F_V_O)_A_27_F,0.00,0.00,2025-10-20 00:00:00,,Đã nghiệm thu,,
59432ca4e30a0e015d76e0138210dcad,1989,371,Old Town Saturday Night,2510_C(F_V_O)_A_24_F,0.00,0.00,2025-10-20 00:00:00,,Đã nghiệm thu,,
59432ca4e30a0e015d76e0138210dcad,5566,410,More or Less,2601_JH2(L_B_O)_A_08_HDV,9.00,1700000.00,2026-02-09 00:00:00,1512,Đã nghiệm thu,215,4140
59432ca4e30a0e015d76e0138210dcad,5907,339,Once Upon A Summer,2601_DH2(2_V_O)_B_20_M2,0.00,0.00,2026-02-10 00:00:00,,Đã nghiệm thu,208,3980
59432ca4e30a0e015d76e0138210dcad,1991,371,Worst of it all,2510_C(F_V_O)_A_26_F,0.00,0.00,2025-10-20 00:00:00,,Đã nghiệm thu,,
59432ca4e30a0e015d76e0138210dcad,4614,339,Summer Left Open,2601_DH2(2_V_O)_B_02_NLT1,9.00,0.00,2026-01-27 00:00:00,1498,Đã nghiệm thu,207,3976
59432ca4e30a0e015d76e0138210dcad,7443,451,,2604_JH2(L_B_O)_C_10_BDT,0.00,1500000.00,,3019,Đang sản xuất,276,5300
59432ca4e30a0e015d76e0138210dcad,4981,339,I'm Blue (SOLARA Remix),2512_DH2(2_V_O)_B_42_M2,0.00,0.00,2026-01-16 00:00:00,,Đã nghiệm thu,205,3959
59432ca4e30a0e015d76e0138210dcad,3557,339,Summer House,2512_DH2(2_V_O)_B_09_DMH,8.50,0.00,2025-12-19 00:00:00,1251,Đã nghiệm thu,182,3200
59432ca4e30a0e015d76e0138210dcad,1990,371,Same Old Hell,2510_C(F_V_O)_A_25_F,0.00,0.00,2025-10-20 00:00:00,,Đã nghiệm thu,,
59432ca4e30a0e015d76e0138210dcad,4980,339,I Don't Wanna Know (SOLARA Remix),2512_DH2(2_V_O)_B_41_M2,0.00,0.00,2026-01-16 00:00:00,,Đã nghiệm thu,205,3959
59432ca4e30a0e015d76e0138210dcad,6162,380,Hold On To Believe,2602_CI2(2_B_O)_A_04_M2,0.00,0.00,2026-02-25 00:00:00,,Đã nghiệm thu,235,4419
59432ca4e30a0e015d76e0138210dcad,1988,371,Highway Shadows,2510_C(F_V_O)_A_23_F,0.00,0.00,2025-10-20 00:00:00,,Đã nghiệm thu,,
59432ca4e30a0e015d76e0138210dcad,3532,339,Lost In The Rythmn,2511_DH2(2_V_O)_B_15_DMH,8.50,0.00,2025-11-13 00:00:00,926,Đã nghiệm thu,168,1570
59432ca4e30a0e015d76e0138210dcad,1987,371,Highway Dreams,2510_C(F_V_O)_A_22_F,0.00,0.00,2025-10-20 00:00:00,,Đã nghiệm thu,,
59432ca4e30a0e015d76e0138210dcad,7584,338,Nothing Feels Like Home,2604_DH2(2_V_O)_A_60_M2,0.00,9.00,2026-04-29 00:00:00,,Đã nghiệm thu,266,5138
59432ca4e30a0e015d76e0138210dcad,7435,451,,2604_JH2(L_B_O)_C_04_LHH,0.00,1500000.00,,3016,Đang sản xuất,276,5300
59432ca4e30a0e015d76e0138210dcad,1986,371,Golden Hour Love,2510_C(F_V_O)_A_21_F,0.00,0.00,2025-10-20 00:00:00,,Đã nghiệm thu,,
59432ca4e30a0e015d76e0138210dcad,5608,339,The Longest July,2602_DH2(2_V_O)_B_10_NLT1,9.00,0.00,2026-03-02 00:00:00,2324,Đã nghiệm thu,229,4337
59432ca4e30a0e015d76e0138210dcad,2962,360,,2510_P12(C_B_TH)_A_48_NMXA,0.00,0.00,,944,Đang sản xuất,120,1020
59432ca4e30a0e015d76e0138210dcad,1985,371,Brothers Forever,2510_C(F_V_O)_A_20_F,0.00,0.00,2025-10-20 00:00:00,,Đã nghiệm thu,,
59432ca4e30a0e015d76e0138210dcad,5233,412,Take-2,2601_JH(L_B_O)_C_09_NKD,9.00,4000000.00,2026-02-02 00:00:00,1630,Đã nghiệm thu,215,4141
59432ca4e30a0e015d76e0138210dcad,1658,368,,,0.00,0.00,,,Đang sản xuất,,
59432ca4e30a0e015d76e0138210dcad,5216,414,,2601_CLS(L_V_PD)_B_02_ZEB,0.00,3500000.00,2026-01-23 00:00:00,1631,Đã nghiệm thu,217,4143
59432ca4e30a0e015d76e0138210dcad,5231,412,No Deadline,2601_JH(L_B_O)_C_07_HNDT,8.80,5000000.00,2026-02-04 00:00:00,1625,Đã nghiệm thu,215,4141
59432ca4e30a0e015d76e0138210dcad,5230,412,Second Pour,2601_JH(L_B_O)_C_06_HNDT,8.90,5000000.00,2026-02-04 00:00:00,1625,Đã nghiệm thu,215,4141
59432ca4e30a0e015d76e0138210dcad,5229,412,The In Between,2601_JH(L_B_O)_C_05_HNDT,8.90,5000000.00,2026-02-04 00:00:00,1625,Đã nghiệm thu,215,4141
59432ca4e30a0e015d76e0138210dcad,5219,414,,2601_CLS(L_V_PD)_B_05_ZEB,0.00,3500000.00,2026-01-23 00:00:00,1631,Đã nghiệm thu,217,4143
59432ca4e30a0e015d76e0138210dcad,5218,414,,2601_CLS(L_V_PD)_B_04_ZEB,0.00,3500000.00,2026-01-23 00:00:00,1631,Đã nghiệm thu,217,4143
59432ca4e30a0e015d76e0138210dcad,1984,371,For Our Mother,2510_C(F_V_O)_A_19_F,0.00,0.00,2025-10-20 00:00:00,,Đã nghiệm thu,,
59432ca4e30a0e015d76e0138210dcad,1983,371,"Our Mother, Our Light",2510_C(F_V_O)_A_18_F,0.00,0.00,2025-10-20 00:00:00,,Đã nghiệm thu,,
59432ca4e30a0e015d76e0138210dcad,5215,414,,2601_CLS(L_V_PD)_B_01_ZEB,0.00,3500000.00,2026-01-23 00:00:00,1631,Đã nghiệm thu,217,4143
59432ca4e30a0e015d76e0138210dcad,5147,367,Quiet Confidence,2512_CO2(2_V_O)_A_48_M2,0.00,0.00,2026-01-16 00:00:00,,Đã nghiệm thu,205,3963
59432ca4e30a0e015d76e0138210dcad,1982,371,Glory of Man,2510_C(F_V_O)_A_17_F,0.00,0.00,2025-10-20 00:00:00,,Đã nghiệm thu,,
59432ca4e30a0e015d76e0138210dcad,1981,371,Golden Threads,2510_C(F_V_O)_A_16_F,0.00,0.00,2025-10-20 00:00:00,,Đã nghiệm thu,,
59432ca4e30a0e015d76e0138210dcad,8690,487,,2607_WDH2(1_V_TH)_A_06,0.00,0.00,,,Đang sản xuất,322,6477
59432ca4e30a0e015d76e0138210dcad,1980,371,Sake Serenade,2510_C(F_V_O)_A_15_F,0.00,0.00,2025-10-20 00:00:00,,Đã nghiệm thu,,
59432ca4e30a0e015d76e0138210dcad,1979,371,Whiskey & Roses,2510_C(F_V_O)_A_14_F,0.00,0.00,2025-10-20 00:00:00,,Đã nghiệm thu,,
59432ca4e30a0e015d76e0138210dcad,7615,430,,2604_J(2_B_O)_C_08_NTBT,0.00,5000000.00,,3037,Đang sản xuất,279,
59432ca4e30a0e015d76e0138210dcad,1978,371,Have a Drink,2510_C(F_V_O)_A_13_F,0.00,0.00,2025-10-20 00:00:00,,Đã nghiệm thu,,
59432ca4e30a0e015d76e0138210dcad,7614,430,,2604_J(2_B_O)_C_07_NTBT,0.00,5000000.00,,3037,Đang sản xuất,279,
59432ca4e30a0e015d76e0138210dcad,7613,430,,2604_J(2_B_O)_C_06_NTBT,0.00,5000000.00,,3037,Đang sản xuất,279,
59432ca4e30a0e015d76e0138210dcad,1977,371,Roots and Vines,2510_C(F_V_O)_A_12_F,0.00,0.00,2025-10-20 00:00:00,,Đã nghiệm thu,,
59432ca4e30a0e015d76e0138210dcad,6193,339,The Way You Stay Here,2603_DH2(2_V_O)_B_12_NLT1,9.00,0.00,2026-03-19 00:00:00,2651,Đã nghiệm thu,249,4718
59432ca4e30a0e015d76e0138210dcad,4310,339,Slow Pull,2511_DH2(2_V_O)_B_12_M2,0.00,0.00,2025-12-18 00:00:00,,Đã nghiệm thu,,
59432ca4e30a0e015d76e0138210dcad,1976,371,"My Homeland, My Heart",2510_C(F_V_O)_A_11_F,0.00,0.00,2025-10-20 00:00:00,,Đã nghiệm thu,,
59432ca4e30a0e015d76e0138210dcad,1975,371,You and Me,2510_C(F_V_O)_A_10_F,0.00,0.00,2025-10-20 00:00:00,,Đã nghiệm thu,,
59432ca4e30a0e015d76e0138210dcad,5919,339,Static in the Sun,2601_DH2(2_V_O)_B_32_M2,0.00,0.00,2026-02-10 00:00:00,,Đã nghiệm thu,208,3980
59432ca4e30a0e015d76e0138210dcad,5726,431,Walk A Little,2602_P(2_B_O)_G_02_NTBT,9.00,4000000.00,2026-03-02 00:00:00,2334,Đã nghiệm thu,233,4339
59432ca4e30a0e015d76e0138210dcad,1974,371,Whiskey Stars,2510_C(F_V_O)_A_09_F,0.00,0.00,2025-10-20 00:00:00,,Đã nghiệm thu,,
59432ca4e30a0e015d76e0138210dcad,7375,419,Velvet Smoke Lingers,2604_J(F_B_O)_L_02_NTBT,9.50,5000000.00,2026-05-06 00:00:00,3005,Đã nghiệm thu,270,5286
59432ca4e30a0e015d76e0138210dcad,3434,167,The Road Remembers,2511_P(2_B_O)_C_01_LĐTK,9.00,2000000.00,2025-11-28 00:00:00,942,Đã nghiệm thu,166,1562
59432ca4e30a0e015d76e0138210dcad,1970,371,Pour Me a Drink,2510_C(F_V_O)_A_05_F,0.00,0.00,2025-10-20 00:00:00,,Đã nghiệm thu,,
59432ca4e30a0e015d76e0138210dcad,3336,166,Coffee On The Table,2512_P(2_B_O)_B_01_NTBT,9.00,4000000.00,2025-12-17 00:00:00,1283,Đã nghiệm thu,183,3191
59432ca4e30a0e015d76e0138210dcad,3337,166,The Day Breathes,2512_P(2_B_O)_B_02_NTBT,9.00,4000000.00,2025-12-17 00:00:00,1283,Đã nghiệm thu,183,3191
59432ca4e30a0e015d76e0138210dcad,1973,371,Whiskey and Wildflowers,2510_C(F_V_O)_A_08_F,0.00,0.00,2025-10-20 00:00:00,,Đã nghiệm thu,,
59432ca4e30a0e015d76e0138210dcad,1972,371,Whiskey and Guitar,2510_C(F_V_O)_A_07_F,0.00,0.00,2025-10-20 00:00:00,,Đã nghiệm thu,,
59432ca4e30a0e015d76e0138210dcad,1971,371,Ride with Me,2510_C(F_V_O)_A_06_F,0.00,0.00,2025-10-20 00:00:00,,Đã nghiệm thu,,
59432ca4e30a0e015d76e0138210dcad,1537,340,,2510_DH2(2_V_O)_C_65_M2,0.00,0.00,,,Đang sản xuất,,
59432ca4e30a0e015d76e0138210dcad,8599,458,Scarborough Fair,2605_SNM1(1_B_PD)_A_13_HNDT,9.00,6400000.00,2026-07-04 00:00:00,3715,Đã nghiệm thu,286,5774
59432ca4e30a0e015d76e0138210dcad,8573,471,Slow Canon,2606_CL(1_B_PD)_D_18_HNDT,9.00,3000000.00,2026-07-02 00:00:00,3708,Đã nghiệm thu,302,6133
59432ca4e30a0e015d76e0138210dcad,8009,468,"Ave Maria, D. 839 (Cello version)",2605_CL2(1_B_PD)_C_10_LHH,8.50,0.00,2026-05-19 00:00:00,3274,Đã nghiệm thu,286,5795
59432ca4e30a0e015d76e0138210dcad,1969,371,Heartquake,2510_C(F_V_O)_A_04_F,0.00,0.00,2025-10-20 00:00:00,,Đã nghiệm thu,,
59432ca4e30a0e015d76e0138210dcad,1968,371,Falling Like Rain,2510_C(F_V_O)_A_03_F,0.00,0.00,2025-10-20 00:00:00,,Đã nghiệm thu,,
59432ca4e30a0e015d76e0138210dcad,1967,371,Country Love,2510_C(F_V_O)_A_02_F,0.00,0.00,2025-10-20 00:00:00,,Đã nghiệm thu,,
59432ca4e30a0e015d76e0138210dcad,6556,430,Emberlight,2603_J(2_B_O)_C_01_TNCK,9.00,4000000.00,2026-03-26 00:00:00,2665,Đã nghiệm thu,250,4716
59432ca4e30a0e015d76e0138210dcad,4482,339,Salt in the Air,2512_DH2(2_V_O)_B_29_M2,0.00,0.00,2025-12-30 00:00:00,,Đã nghiệm thu,205,3959
59432ca4e30a0e015d76e0138210dcad,1460,339,Backseat Dreams,2510_DH2(2_V_O)_B_54_M2,0.00,0.00,2025-11-10 00:00:00,,Đã nghiệm thu,,
59432ca4e30a0e015d76e0138210dcad,1536,340,,2510_DH2(2_V_O)_C_64_M2,0.00,0.00,,,Đang sản xuất,,
59432ca4e30a0e015d76e0138210dcad,8131,478,,2605_DH2(1_V_O)_I_38_LHH,0.00,0.00,,3366,Đang sản xuất,293,5844
59432ca4e30a0e015d76e0138210dcad,7512,449,Sprezzatura,2604_JH(L_B_O)_D_06_HNDT,9.50,5000000.00,2026-05-20 00:00:00,3031,Đã nghiệm thu,276,5299
59432ca4e30a0e015d76e0138210dcad,5182,408,Slow Currency,2601_RB2(1_V_O)_A_28_DMH,9.00,0.00,2026-01-24 00:00:00,1624,Đã nghiệm thu,213,4073
59432ca4e30a0e015d76e0138210dcad,5181,408,Silk Pressure,2601_RB2(1_V_O)_A_27_DMH,9.00,0.00,2026-01-24 00:00:00,1624,Đã nghiệm thu,213,4073
59432ca4e30a0e015d76e0138210dcad,5222,414,,2601_CLS(L_V_PD)_B_08_ZEB,0.00,3500000.00,2026-01-23 00:00:00,1631,Đã nghiệm thu,217,4143
59432ca4e30a0e015d76e0138210dcad,1966,371,Country Girl,2510_C(F_V_O)_A_01_F,0.00,0.00,2025-10-20 00:00:00,,Đã nghiệm thu,,
59432ca4e30a0e015d76e0138210dcad,6564,430,Low Lanterns,2602_J(2_B_O)_C_04_TTQN,9.00,2500000.00,2026-03-26 00:00:00,2336,Đã nghiệm thu,233,4415
59432ca4e30a0e015d76e0138210dcad,6560,430,Amber Haze,2603_J(2_B_O)_C_05_TNCK,8.50,4000000.00,2026-03-26 00:00:00,2665,Đã nghiệm thu,250,4716
59432ca4e30a0e015d76e0138210dcad,7617,430,,2604_J(2_B_O)_C_10_NTBT,0.00,5000000.00,,3037,Đang sản xuất,279,
59432ca4e30a0e015d76e0138210dcad,7616,430,,2604_J(2_B_O)_C_09_NTBT,0.00,5000000.00,,3037,Đang sản xuất,279,
59432ca4e30a0e015d76e0138210dcad,4474,339,Low Tide Feels,2512_DH2(2_V_O)_B_24_M2,0.00,0.00,2025-12-26 00:00:00,,Đã nghiệm thu,205,3959
59432ca4e30a0e015d76e0138210dcad,5169,408,Smoked Silence,2601_RB2(1_V_O)_A_15_NLT1,9.00,0.00,2026-01-24 00:00:00,1623,Đã nghiệm thu,213,4073
59432ca4e30a0e015d76e0138210dcad,1535,340,,2510_DH2(2_V_O)_C_63_M2,0.00,0.00,,,Đang sản xuất,,
59432ca4e30a0e015d76e0138210dcad,5168,408,Bare Frequency,2601_RB2(1_V_O)_A_14_NLT1,9.00,0.00,2026-01-24 00:00:00,1623,Đã nghiệm thu,213,4073
59432ca4e30a0e015d76e0138210dcad,5600,339,Didn't Cross The Line,2602_DH2(2_V_O)_B_02_NLT1,9.00,0.00,2026-02-28 00:00:00,2324,Đã nghiệm thu,229,4337
59432ca4e30a0e015d76e0138210dcad,1463,339,For The Last Time,2510_DH2(2_V_O)_B_57_M2,0.00,0.00,2025-11-10 00:00:00,,Đã nghiệm thu,,
59432ca4e30a0e015d76e0138210dcad,5908,339,Polaroids of Us,2601_DH2(2_V_O)_B_21_M2,0.00,0.00,2026-02-10 00:00:00,,Đã nghiệm thu,208,3980
59432ca4e30a0e015d76e0138210dcad,3452,339,Riding Free,2510_DH2(2_V_O)_B_06_NHT,9.00,0.00,2025-11-03 00:00:00,657,Đã nghiệm thu,106,870
59432ca4e30a0e015d76e0138210dcad,5162,408,Intimate Grit,2601_RB2(1_V_O)_A_08_NLT1,9.00,0.00,2026-01-24 00:00:00,1623,Đã nghiệm thu,213,4073
59432ca4e30a0e015d76e0138210dcad,1470,339,Midnight Farewell,2510_DH2(2_V_O)_B_64_M2,0.00,0.00,2025-11-10 00:00:00,,Đã nghiệm thu,,
59432ca4e30a0e015d76e0138210dcad,1533,340,,2510_DH2(2_V_O)_C_61_M2,0.00,0.00,,,Đang sản xuất,,
59432ca4e30a0e015d76e0138210dcad,4682,339,Faded Sunsets,2512_DH2(2_V_O)_B_31_M2,0.00,0.00,2026-01-12 00:00:00,,Đã nghiệm thu,205,3959
59432ca4e30a0e015d76e0138210dcad,1532,340,,2510_DH2(2_V_O)_C_60_M2,0.00,0.00,,,Đang sản xuất,,
59432ca4e30a0e015d76e0138210dcad,1531,340,,2510_DH2(2_V_O)_C_59_M2,0.00,0.00,,,Đang sản xuất,,
59432ca4e30a0e015d76e0138210dcad,1530,340,,2510_DH2(2_V_O)_C_58_M2,0.00,0.00,,,Đang sản xuất,,
59432ca4e30a0e015d76e0138210dcad,6189,339,"Right Place, Right Time",2603_DH2(2_V_O)_B_08_NLT1,9.00,0.00,2026-03-19 00:00:00,2651,Đã nghiệm thu,249,4718
59432ca4e30a0e015d76e0138210dcad,1529,340,,2510_DH2(2_V_O)_C_57_M2,0.00,0.00,,,Đang sản xuất,,
59432ca4e30a0e015d76e0138210dcad,8130,478,,2605_DH2(1_V_O)_I_37_LHH,0.00,0.00,,3366,Đang sản xuất,293,5844
59432ca4e30a0e015d76e0138210dcad,6966,436,El Condor Pasa Andino,2603_SNM(1_B_O)_A_01_DMH,8.50,0.00,2026-04-02 00:00:00,2655,Đã nghiệm thu,247,4691
59432ca4e30a0e015d76e0138210dcad,8575,471,Rooms Without Light,2606_CL(1_B_PD)_D_20_HNDT,9.00,3000000.00,2026-07-02 00:00:00,3708,Đã nghiệm thu,302,6133
59432ca4e30a0e015d76e0138210dcad,6926,434,Feuilleter,2603_FI(1_B_O)_A_11_DMH,8.50,0.00,2026-03-31 00:00:00,2654,Đã nghiệm thu,247,4704
59432ca4e30a0e015d76e0138210dcad,8572,471,An Empty Chair,2606_CL(1_B_PD)_D_17_HNDT,9.00,3000000.00,2026-07-02 00:00:00,3708,Đã nghiệm thu,302,6133
59432ca4e30a0e015d76e0138210dcad,8689,487,,2607_WDH2(1_V_TH)_A_05,0.00,0.00,,,Đang sản xuất,322,6477
59432ca4e30a0e015d76e0138210dcad,8571,471,Forgotten Blossoms,2606_CL(1_B_PD)_D_16_HNDT,9.00,3000000.00,2026-07-02 00:00:00,3708,Đã nghiệm thu,302,6133
59432ca4e30a0e015d76e0138210dcad,6631,339,Sunset Drink,2603_DH2(2_V_O)_B_28_M2,0.00,0.00,2026-03-18 00:00:00,,Đã nghiệm thu,252,4753
59432ca4e30a0e015d76e0138210dcad,8570,471,Damp Newsprint,2606_CL(1_B_PD)_D_15_HNDT,9.00,3000000.00,2026-07-02 00:00:00,3708,Đã nghiệm thu,302,6133
59432ca4e30a0e015d76e0138210dcad,8569,471,Wet Wood,2606_CL(1_B_PD)_D_14_HNDT,9.00,3000000.00,2026-07-02 00:00:00,3708,Đã nghiệm thu,302,6133
59432ca4e30a0e015d76e0138210dcad,1408,339,Under The Sun,2510_DH2(2_V_O)_B_02_M2,0.00,0.00,2025-10-08 00:00:00,,Đã nghiệm thu,,
59432ca4e30a0e015d76e0138210dcad,3554,339,The Sea,2512_DH2(2_V_O)_B_06_DMH,8.50,0.00,2025-12-19 00:00:00,1251,Đã nghiệm thu,182,3200
59432ca4e30a0e015d76e0138210dcad,1662,368,,,0.00,0.00,,,Đang sản xuất,,
59432ca4e30a0e015d76e0138210dcad,5917,339,Sunflower in My Window,2601_DH2(2_V_O)_B_30_M2,0.00,0.00,2026-02-10 00:00:00,,Đã nghiệm thu,208,3980
59432ca4e30a0e015d76e0138210dcad,4624,339,Noon Without Rush,2601_DH2(2_V_O)_B_12_NLT1,9.00,0.00,2026-01-27 00:00:00,1498,Đã nghiệm thu,207,3976
59432ca4e30a0e015d76e0138210dcad,8568,471,Waiting For You,2606_CL(1_B_PD)_D_13_HNDT,9.00,3000000.00,2026-07-02 00:00:00,3708,Đã nghiệm thu,302,6133
59432ca4e30a0e015d76e0138210dcad,4618,339,Quiet Shoreline,2601_DH2(2_V_O)_B_06_NLT1,9.00,0.00,2026-01-27 00:00:00,1498,Đã nghiệm thu,207,3976
59432ca4e30a0e015d76e0138210dcad,8160,475,Evening Garden,2605_P(L_B_O)_A_17_NTBT,9.00,4000000.00,2026-06-02 00:00:00,3368,Đã nghiệm thu,289,5821
59432ca4e30a0e015d76e0138210dcad,1528,340,,2510_DH2(2_V_O)_C_56_M2,0.00,0.00,,,Không nghiệm thu,,
59432ca4e30a0e015d76e0138210dcad,8567,471,Leaf Fall,2606_CL(1_B_PD)_D_12_HNDT,9.00,3000000.00,2026-07-02 00:00:00,3708,Đã nghiệm thu,302,6133
59432ca4e30a0e015d76e0138210dcad,5061,380,Keeping You Going,2512_CI2(2_B_O)_A_07_M2,0.00,0.00,2026-01-16 00:00:00,,Đã nghiệm thu,205,3961
59432ca4e30a0e015d76e0138210dcad,3519,339,Hold Me By The Waves,2511_DH2(2_V_O)_B_02_NLT1,8.50,0.00,2025-11-13 00:00:00,924,Đã nghiệm thu,168,1570
59432ca4e30a0e015d76e0138210dcad,4685,339,Heat Left in the Air,2512_DH2(2_V_O)_B_34_M2,0.00,0.00,2026-01-12 00:00:00,,Đã nghiệm thu,205,3959
59432ca4e30a0e015d76e0138210dcad,7788,474,Ash in My Chest,2605_DH2(2_V_O)_F_38,9.00,0.00,2026-05-29 00:00:00,,Đã nghiệm thu,291,5816
59432ca4e30a0e015d76e0138210dcad,3522,339,Saltwater Echoes,2511_DH2(2_V_O)_B_05_NLT1,8.50,0.00,2025-11-13 00:00:00,924,Đã nghiệm thu,168,1570
59432ca4e30a0e015d76e0138210dcad,4582,400,,2512_CLS(L_V_PD)_A_10_ZEB,0.00,2333000.00,2025-12-31 00:00:00,1356,Đã nghiệm thu,202,3955
59432ca4e30a0e015d76e0138210dcad,8566,471,The Dried Bloom,2606_CL(1_B_PD)_D_11_HNDT,9.00,3000000.00,2026-07-02 00:00:00,3708,Đã nghiệm thu,302,6133
59432ca4e30a0e015d76e0138210dcad,1660,368,,,0.00,0.00,,,Đang sản xuất,,
59432ca4e30a0e015d76e0138210dcad,8559,471,Sentimental,2606_CL(1_B_PD)_D_04_HNDT,9.00,3000000.00,2026-06-20 00:00:00,3708,Đã nghiệm thu,302,6133
59432ca4e30a0e015d76e0138210dcad,6123,402,Distant Calm,2602_DA2(2_B_O)_A_04_M2,0.00,0.00,2026-02-25 00:00:00,,Đã nghiệm thu,235,4423
59432ca4e30a0e015d76e0138210dcad,4299,339,Beneath The Palms,2511_DH2(2_V_O)_B_01_M2,0.00,0.00,2025-11-11 00:00:00,,Đã nghiệm thu,,
59432ca4e30a0e015d76e0138210dcad,8739,465,,2605_NC(L_B_O)_A_10_NTBT,0.00,3500000.00,,3782,Đang sản xuất,283,5633
59432ca4e30a0e015d76e0138210dcad,1459,339,Dawnbreak,2510_DH2(2_V_O)_B_53_M2,0.00,0.00,2025-11-10 00:00:00,,Đã nghiệm thu,,
59432ca4e30a0e015d76e0138210dcad,5909,339,Polaroids of Youth,2601_DH2(2_V_O)_B_22_M2,0.00,0.00,2026-02-10 00:00:00,,Đã nghiệm thu,208,3980
59432ca4e30a0e015d76e0138210dcad,4975,339,Baby I'm Sorry,2512_DH2(2_V_O)_B_36_M2,0.00,0.00,2026-01-16 00:00:00,,Đã nghiệm thu,205,3959
59432ca4e30a0e015d76e0138210dcad,8558,471,A Glowing Midnight,2606_CL(1_B_PD)_D_03_HNDT,9.00,3000000.00,2026-06-20 00:00:00,3708,Đã nghiệm thu,302,6133
59432ca4e30a0e015d76e0138210dcad,7683,416,Where We Stayed,2604_L2(2_B_O)_B_18_M2,9.00,9.00,2026-05-08 00:00:00,,Đã nghiệm thu,266,5142
59432ca4e30a0e015d76e0138210dcad,5912,339,Secondhand Heart,2601_DH2(2_V_O)_B_25_M2,0.00,0.00,2026-02-10 00:00:00,,Đã nghiệm thu,208,3980
59432ca4e30a0e015d76e0138210dcad,5998,381,Crosswalk,2601_JH2(2_V_O)_A_03_M2,0.00,0.00,2026-02-10 00:00:00,,Đã nghiệm thu,208,3983
59432ca4e30a0e015d76e0138210dcad,6626,339,Summer Summer,2603_DH2(2_V_O)_B_23_M2,0.00,0.00,2026-03-18 00:00:00,,Đã nghiệm thu,252,4753
59432ca4e30a0e015d76e0138210dcad,4467,339,Sunrise Drift,2512_DH2(2_V_O)_B_17_M2,0.00,0.00,2025-12-26 00:00:00,,Đã nghiệm thu,205,3959
59432ca4e30a0e015d76e0138210dcad,4300,339,Velvet Mirage,2511_DH2(2_V_O)_B_02_M2,0.00,0.00,2025-11-11 00:00:00,,Đã nghiệm thu,,
59432ca4e30a0e015d76e0138210dcad,8557,471,Cosmic Étude,2606_CL(1_B_PD)_D_02_HNDT,9.00,3000000.00,2026-06-20 00:00:00,3708,Đã nghiệm thu,302,6133
59432ca4e30a0e015d76e0138210dcad,6625,339,Summer Love,2603_DH2(2_V_O)_B_22_M2,0.00,0.00,2026-03-18 00:00:00,,Đã nghiệm thu,252,4753
59432ca4e30a0e015d76e0138210dcad,1448,339,Lost in Summer,2510_DH2(2_V_O)_B_42_M2,0.00,0.00,2025-10-22 00:00:00,,Đã nghiệm thu,,
59432ca4e30a0e015d76e0138210dcad,8190,478,Venue Goes Dark,2605_DH2(1_V_O)_I_72_NLT1,8.50,200000.00,2026-05-25 00:00:00,3369,Đã nghiệm thu,293,5844
59432ca4e30a0e015d76e0138210dcad,2963,360,,2510_P12(C_B_TH)_A_49_NMXA,0.00,0.00,,944,Đang sản xuất,120,1020
59432ca4e30a0e015d76e0138210dcad,7346,434,Parfum de Loin,2604_FI(1_B_O)_A_09_DMH,9.00,200000.00,2026-05-06 00:00:00,2972,Đã nghiệm thu,267,5093
59432ca4e30a0e015d76e0138210dcad,3456,339,Ride the Wave,2510_DH2(2_V_O)_B_10_NHT,9.00,0.00,2025-11-03 00:00:00,657,Đã nghiệm thu,106,870
59432ca4e30a0e015d76e0138210dcad,8076,340,If You See Me,2604_DH2(2_V_O)_C_10_M2,9.00,0.00,2026-05-19 00:00:00,,Đã nghiệm thu,266,5137
59432ca4e30a0e015d76e0138210dcad,6127,402,Time Stands,2602_DA2(2_B_O)_A_08_M2,0.00,0.00,2026-02-25 00:00:00,,Đã nghiệm thu,235,4423
59432ca4e30a0e015d76e0138210dcad,8143,478,,2605_DH2(1_V_O)_I_50_LHH,0.00,0.00,,3366,Đang sản xuất,293,5844
59432ca4e30a0e015d76e0138210dcad,6593,365,When You Speak,2602_PAL2(2_V_O)_A_19_M2,0.00,0.00,2026-03-17 00:00:00,,Đã nghiệm thu,235,4426
59432ca4e30a0e015d76e0138210dcad,6621,339,Summer Madness,2603_DH2(2_V_O)_B_18_M2,0.00,0.00,2026-03-18 00:00:00,,Đã nghiệm thu,252,4753
59432ca4e30a0e015d76e0138210dcad,6620,339,Summer Dance,2603_DH2(2_V_O)_B_17_M2,0.00,0.00,2026-03-18 00:00:00,,Đã nghiệm thu,252,4753
59432ca4e30a0e015d76e0138210dcad,7179,338,Hold Me,2604_DH2(2_V_O)_A_39_DMH,9.00,200000.00,2026-05-11 00:00:00,2974,Đã nghiệm thu,265,5135
59432ca4e30a0e015d76e0138210dcad,8140,478,,2605_DH2(1_V_O)_I_47_LHH,0.00,0.00,,3366,Đang sản xuất,293,5844
59432ca4e30a0e015d76e0138210dcad,6619,339,Summer Heat,2603_DH2(2_V_O)_B_16_M2,0.00,0.00,2026-03-18 00:00:00,,Đã nghiệm thu,252,4753
59432ca4e30a0e015d76e0138210dcad,8734,487,,2607_WDH2(1_V_TH)_A_50,0.00,0.00,,,Đang sản xuất,322,6477
59432ca4e30a0e015d76e0138210dcad,8685,487,,2607_WDH2(1_V_TH)_A_01,0.00,0.00,,,Đang sản xuất,322,6477
59432ca4e30a0e015d76e0138210dcad,4652,378,Stay in the Middle,2601_SA(2_B_O)_C_05_HTS,8.50,1300000.00,2026-01-27 00:00:00,1494,Đã nghiệm thu,206,3974
59432ca4e30a0e015d76e0138210dcad,7302,339,Lost In The Pulse,2603_DH2(2_V_O)_B_35_M2,0.00,9.00,2026-04-16 00:00:00,,Đã nghiệm thu,252,4753
59432ca4e30a0e015d76e0138210dcad,8139,478,,2605_DH2(1_V_O)_I_46_LHH,0.00,0.00,,3366,Đang sản xuất,293,5844
59432ca4e30a0e015d76e0138210dcad,4650,378,Stay Right There,2601_SA(2_B_O)_C_03_HTS,8.50,1300000.00,2026-01-27 00:00:00,1494,Đã nghiệm thu,206,3974
59432ca4e30a0e015d76e0138210dcad,4649,378,Look Down Slowly,2601_SA(2_B_O)_C_02_HTS,8.50,1300000.00,2026-01-27 00:00:00,1494,Đã nghiệm thu,206,3974
59432ca4e30a0e015d76e0138210dcad,4648,378,Move Closer In,2601_SA(2_B_O)_C_01_HTS,8.50,1300000.00,2026-01-27 00:00:00,1494,Đã nghiệm thu,206,3974
59432ca4e30a0e015d76e0138210dcad,7510,451,Pirate's Cove,2604_JH2(L_B_O)_C_13_NLT1,9.00,1300000.00,2026-05-11 00:00:00,3029,Đã nghiệm thu,276,5300
59432ca4e30a0e015d76e0138210dcad,7515,451,Kintsugi State,2604_JH2(L_B_O)_C_16_LHH,9.00,1500000.00,2026-05-09 00:00:00,3032,Đã nghiệm thu,276,5300
59432ca4e30a0e015d76e0138210dcad,8136,478,,2605_DH2(1_V_O)_I_43_LHH,0.00,0.00,,3366,Đang sản xuất,293,5844
59432ca4e30a0e015d76e0138210dcad,8135,478,,2605_DH2(1_V_O)_I_42_LHH,0.00,0.00,,3366,Đang sản xuất,293,5844
59432ca4e30a0e015d76e0138210dcad,7516,451,Solivagant,2604_JH2(L_B_O)_C_17_LHH,9.00,1500000.00,2026-05-09 00:00:00,3032,Đã nghiệm thu,276,5300
59432ca4e30a0e015d76e0138210dcad,8134,478,,2605_DH2(1_V_O)_I_41_LHH,0.00,0.00,,3366,Đang sản xuất,293,5844
59432ca4e30a0e015d76e0138210dcad,4581,400,,2512_CLS(L_V_PD)_A_09_ZEB,0.00,2333000.00,2025-12-31 00:00:00,1356,Đã nghiệm thu,202,3955
59432ca4e30a0e015d76e0138210dcad,6936,437,,2603_DH2(1_V_O)_F_11_LHH,0.00,0.00,2026-03-26 00:00:00,2662,Đã nghiệm thu,247,4707
59432ca4e30a0e015d76e0138210dcad,8129,478,,2605_DH2(1_V_O)_I_36_LHH,0.00,0.00,,3366,Đang sản xuất,293,5844
59432ca4e30a0e015d76e0138210dcad,8127,478,,2605_DH2(1_V_O)_I_34_LHH,0.00,0.00,,3366,Đang sản xuất,293,5844
59432ca4e30a0e015d76e0138210dcad,8126,478,,2605_DH2(1_V_O)_I_33_LHH,0.00,0.00,,3366,Đang sản xuất,293,5844
59432ca4e30a0e015d76e0138210dcad,7520,451,Sipping Daylight,2604_JH2(L_B_O)_C_19_BDT,9.00,1500000.00,2026-05-12 00:00:00,3034,Đã nghiệm thu,276,5300
59432ca4e30a0e015d76e0138210dcad,8123,478,,2605_DH2(1_V_O)_I_30_LHH,0.00,0.00,,3366,Đang sản xuất,293,5844
59432ca4e30a0e015d76e0138210dcad,8121,478,,2605_DH2(1_V_O)_I_28_LHH,0.00,0.00,,3366,Đang sản xuất,293,5844
59432ca4e30a0e015d76e0138210dcad,8120,478,,2605_DH2(1_V_O)_I_27_LHH,0.00,0.00,,3366,Đang sản xuất,293,5844
59432ca4e30a0e015d76e0138210dcad,8119,478,,2605_DH2(1_V_O)_I_26_LHH,0.00,0.00,,3366,Đang sản xuất,293,5844
59432ca4e30a0e015d76e0138210dcad,8117,478,,2605_DH2(1_V_O)_I_24_NLT1,0.00,0.00,,3364,Đang sản xuất,293,5844
59432ca4e30a0e015d76e0138210dcad,8116,478,,2605_DH2(1_V_O)_I_23_NLT1,0.00,0.00,,3364,Đang sản xuất,293,5844
59432ca4e30a0e015d76e0138210dcad,7521,451,7AM,2604_JH2(L_B_O)_C_20_BDT,9.00,1500000.00,2026-05-12 00:00:00,3034,Đã nghiệm thu,276,5300
59432ca4e30a0e015d76e0138210dcad,8115,478,,2605_DH2(1_V_O)_I_22_NLT1,0.00,0.00,,3364,Đang sản xuất,293,5844
59432ca4e30a0e015d76e0138210dcad,8114,478,,2605_DH2(1_V_O)_I_21_NLT1,0.00,0.00,,3364,Đang sản xuất,293,5844
59432ca4e30a0e015d76e0138210dcad,8113,478,,2605_DH2(1_V_O)_I_20_NLT1,0.00,0.00,,3364,Đang sản xuất,293,5844
59432ca4e30a0e015d76e0138210dcad,8112,478,,2605_DH2(1_V_O)_I_19_NLT1,0.00,0.00,,3364,Đang sản xuất,293,5844
59432ca4e30a0e015d76e0138210dcad,6950,437,,2603_DH2(1_V_O)_F_25_LHH,0.00,0.00,2026-03-26 00:00:00,2662,Đã nghiệm thu,247,4707
59432ca4e30a0e015d76e0138210dcad,8111,478,,2605_DH2(1_V_O)_I_18_NLT1,0.00,0.00,,3364,Đang sản xuất,293,5844
