Id,ActionType,ResourceFileInfoId,Note,CreatedByUserId,CreatedDate,ResourceFileId,ResourceFolderId,FilePath,NeededCredit,RenderId,_source_id,_source_connection
ce55eadc-5215-4fc9-b88d-9ed5f4aebb51,2,fb4d8a27-7926-42a9-9481-67abc702f8d0,,27f44d18-9d8f-4943-a744-e1efb0a0728a,2026-07-23 06:47:50.299722,HGFV897F92C72B304530ABB2B432FA0B0521,15d4fb26-9fbf-42b5-bad8-0ac02b089967,,0,,resource_file_action,hg_stock
4f6c1655-0c4a-4ac8-a940-5e890c123f70,2,9036e687-9a3c-4fa1-87f2-9fbd24936730,,27f44d18-9d8f-4943-a744-e1efb0a0728a,2026-07-23 06:47:59.088534,HGFV2CBC4501AC3C4221AC3DD65263F9CE16,15d4fb26-9fbf-42b5-bad8-0ac02b089967,,0,,resource_file_action,hg_stock
7b6ba444-8286-4a2b-8ad7-8d4adc0b6312,0,6a8707e9-8569-4e7b-8238-aa737aaaadc0,,27f44d18-9d8f-4943-a744-e1efb0a0728a,2026-07-23 06:48:04.474077,HGFVA41C73516F5D4A3C8631612F8D3675C2,15d4fb26-9fbf-42b5-bad8-0ac02b089967,Tài nguyên công ty / HOLDING / FOOTAGE / DEEP HOUSE / THU MUA / GAETAN PIOLOT / Video Cut nhỏ - Gaetan Piolot (AT),0,,resource_file_action,hg_stock
1c0e7309-5048-4cea-9919-5ac3699e1254,2,75277c66-137f-43c6-95ba-aa2f7584f117,,27f44d18-9d8f-4943-a744-e1efb0a0728a,2026-07-23 06:48:22.177446,HGFV3DE148AC2313468D9F60AC312323DA49,15d4fb26-9fbf-42b5-bad8-0ac02b089967,,0,,resource_file_action,hg_stock
8bd4a102-1385-4000-ab59-1995e4684f01,2,d1ce2c5b-8fcb-4476-957a-9af3592eb55f,,27f44d18-9d8f-4943-a744-e1efb0a0728a,2026-07-23 06:48:22.902587,HGFV5FF767044BBA4B909C8FDA46673BF44A,15d4fb26-9fbf-42b5-bad8-0ac02b089967,,0,,resource_file_action,hg_stock
79dbdea9-707a-4cbc-86b3-eb857c1f2cdc,2,b968d5ca-e47f-497e-881f-6c35adff45f0,,27f44d18-9d8f-4943-a744-e1efb0a0728a,2026-07-23 06:48:24.130789,HGFV3AE459993FA3465291E798B187A333E5,15d4fb26-9fbf-42b5-bad8-0ac02b089967,,0,,resource_file_action,hg_stock
729481d6-0235-4228-a2f1-dbac0a1c8903,2,c2af8394-7464-4f96-8fe5-f61d1023443e,,27f44d18-9d8f-4943-a744-e1efb0a0728a,2026-07-23 06:48:25.34903,HGFV29FEB6CCA1AF41989E6705B4A05BB37B,15d4fb26-9fbf-42b5-bad8-0ac02b089967,,0,,resource_file_action,hg_stock
e21f46d0-9924-4c3d-bcaa-8a1a596fe61e,2,c418863c-77dd-4693-b2e3-57554ceed505,,27f44d18-9d8f-4943-a744-e1efb0a0728a,2026-07-23 06:48:28.853443,HGFV7723EFD8E1D3474F968A833099BF1A96,15d4fb26-9fbf-42b5-bad8-0ac02b089967,,0,,resource_file_action,hg_stock
3cb4097c-bc1f-4c38-9472-331bf31a3ac9,2,a8836deb-7007-41f4-822b-a2c6dfd1ff29,,27f44d18-9d8f-4943-a744-e1efb0a0728a,2026-07-23 06:48:32.151929,HGFV24F0FE8995F64AFDBDA8ED06A2430ABB,15d4fb26-9fbf-42b5-bad8-0ac02b089967,,0,,resource_file_action,hg_stock
5bf9ef99-1f0e-4db3-a384-b034e334dd67,0,8627486e-444b-4206-b32b-97eb14bb6d3b,,27f44d18-9d8f-4943-a744-e1efb0a0728a,2026-07-23 06:48:34.557265,HGFVFE13C68867334E1FA188BCA42C58B630,15d4fb26-9fbf-42b5-bad8-0ac02b089967,Tài nguyên công ty / HOLDING / FOOTAGE / DEEP HOUSE / THU MUA / GAETAN PIOLOT / Video Cut nhỏ - Gaetan Piolot (AT),0,,resource_file_action,hg_stock
ad581d18-2b76-4312-99da-9bb544faf7b9,2,842b2864-a4fd-4d04-91cc-0c4ae872f187,,27f44d18-9d8f-4943-a744-e1efb0a0728a,2026-07-23 06:48:40.067144,HGFV0C6CA31E72CA4509A769463DD594F0E1,15d4fb26-9fbf-42b5-bad8-0ac02b089967,,0,,resource_file_action,hg_stock
d8f0e9f5-5d92-410f-a73e-8901b9effcb2,2,9bdfa315-ccec-4c68-ac50-12abafd224f3,,27f44d18-9d8f-4943-a744-e1efb0a0728a,2026-07-23 06:48:44.161473,HGFV795F464EDE2C4DA9942844704A4075E0,15d4fb26-9fbf-42b5-bad8-0ac02b089967,,0,,resource_file_action,hg_stock
ba3d486c-547a-4c0e-868a-23c58fe27f24,2,afac67ca-29c2-4ece-bf13-84584afd84da,,27f44d18-9d8f-4943-a744-e1efb0a0728a,2026-07-23 06:48:44.429472,HGFVE9382BE670DD4998B4D42552679DD6E8,15d4fb26-9fbf-42b5-bad8-0ac02b089967,,0,,resource_file_action,hg_stock
aeeb397a-7961-4b6a-babd-0e07257a3e37,2,dab6d77b-0553-4180-9e73-d0f663b176ba,,27f44d18-9d8f-4943-a744-e1efb0a0728a,2026-07-23 06:48:45.362439,HGFV4820CE59068A4F4B9DBBCB18D9C42CDE,15d4fb26-9fbf-42b5-bad8-0ac02b089967,,0,,resource_file_action,hg_stock
abce2b3a-7d11-4303-9cfe-55e36a1276a5,2,9f50c872-8687-43db-9235-e1ddfa526c92,,27f44d18-9d8f-4943-a744-e1efb0a0728a,2026-07-23 06:48:48.592965,HGFVE0C0A741A455427D8A54357CE23F4D90,15d4fb26-9fbf-42b5-bad8-0ac02b089967,,0,,resource_file_action,hg_stock
f86021af-74eb-428a-beaf-e16e972fec76,2,cb9ba3e2-dc42-4a06-b990-8914dd34a661,,27f44d18-9d8f-4943-a744-e1efb0a0728a,2026-07-23 06:48:50.56045,HGFV669B01A9C5354DBA80A08FB3FC9E989B,15d4fb26-9fbf-42b5-bad8-0ac02b089967,,0,,resource_file_action,hg_stock
84b7659b-4d81-4bb9-af95-2b81bf2ecf8b,2,801ef43b-9718-4bf7-adfb-ab40f312fe2f,,27f44d18-9d8f-4943-a744-e1efb0a0728a,2026-07-23 06:48:53.065733,HGFV4E90D7A945FD4C5681DC968A25780BA0,15d4fb26-9fbf-42b5-bad8-0ac02b089967,,0,,resource_file_action,hg_stock
473dcda8-9bc0-453f-b2c6-7b92898c7287,2,be800a00-5ca5-4456-b2e9-b4a1683d096d,,27f44d18-9d8f-4943-a744-e1efb0a0728a,2026-07-23 06:49:00.194366,HGFV972F70D83C9247F4B11A087D243B7044,15d4fb26-9fbf-42b5-bad8-0ac02b089967,,0,,resource_file_action,hg_stock
8d64ec21-d469-4481-83c9-3a63da40c2e5,2,c14777ed-ee3f-44e0-80c7-e3e11bdbc512,,27f44d18-9d8f-4943-a744-e1efb0a0728a,2026-07-23 06:49:06.50609,HGFV0B430DB7945642E2B30204B107D273F1,15d4fb26-9fbf-42b5-bad8-0ac02b089967,,0,,resource_file_action,hg_stock
b9ad423a-9c68-4637-8f79-39e71c165614,0,cbaa510b-6617-434e-9bd0-4e0f5cc01d4c,,27f44d18-9d8f-4943-a744-e1efb0a0728a,2026-07-23 06:49:11.100345,HGFVF11DDF3DA44D40889D0693EC1BEEE908,15d4fb26-9fbf-42b5-bad8-0ac02b089967,Tài nguyên công ty / HOLDING / FOOTAGE / DEEP HOUSE / THU MUA / GAETAN PIOLOT / Video Cut nhỏ - Gaetan Piolot (AT),0,,resource_file_action,hg_stock
c2a411ab-67d8-4b67-86f3-182742beb3ed,2,77165b5f-4e03-4159-b9ae-c720de7dacf1,,27f44d18-9d8f-4943-a744-e1efb0a0728a,2026-07-23 06:49:19.179309,HGFV60A1974312B94F47AD4060C5B59DE2E5,15d4fb26-9fbf-42b5-bad8-0ac02b089967,,0,,resource_file_action,hg_stock
c36db2dc-af93-4bfd-b56a-f37ed781a90e,0,779e5098-20a9-4ca8-b819-39966100c8ad,,27f44d18-9d8f-4943-a744-e1efb0a0728a,2026-07-23 06:49:20.024621,HGFV5548A87EA748484C9FE6D63AF2F3DBFA,15d4fb26-9fbf-42b5-bad8-0ac02b089967,Tài nguyên công ty / HOLDING / FOOTAGE / DEEP HOUSE / THU MUA / GAETAN PIOLOT / Video Cut nhỏ - Gaetan Piolot (AT),0,,resource_file_action,hg_stock
280efbac-9c77-4d5a-a44b-f33c82c8fe9f,1,32a33a6e-6e7a-4965-beec-3008018683a9,,522cc0c7-0990-4e26-b535-392767a7c142,2026-07-23 06:49:38.013189,HGFIFA7537B59B65482FB5C1090D6B1E8DC9,f57abb32-c3a2-4b2b-8b63-6d6679e143d4,Tài nguyên công ty / AN TUỆ / 2D & 3D / STFLOW / RELAX PIANO / Tre,0,,resource_file_action,hg_stock
94732307-a970-4345-85e1-fa9012c5e1ec,2,c8e803bd-f360-4bdd-bbb2-5206dabfd275,,27f44d18-9d8f-4943-a744-e1efb0a0728a,2026-07-23 06:50:21.504166,HGFVE4604C6160524CF9865E148C2AED225B,15d4fb26-9fbf-42b5-bad8-0ac02b089967,,0,,resource_file_action,hg_stock
53fb9784-1140-450e-8b6b-647a860fc966,2,b3f73f63-9012-46c2-8d2c-6ea17432c79a,,27f44d18-9d8f-4943-a744-e1efb0a0728a,2026-07-23 06:50:21.988438,HGFVF5775359975147CBAF5417D4E90A52EF,15d4fb26-9fbf-42b5-bad8-0ac02b089967,,0,,resource_file_action,hg_stock
b516ef7d-e4fb-4214-8f15-fe4256385866,2,6d058673-5287-453a-841c-cd07757c3e1b,,27f44d18-9d8f-4943-a744-e1efb0a0728a,2026-07-23 06:50:30.147963,HGFV4DAE5B3CD2414370B13C205C3FDF9F05,15d4fb26-9fbf-42b5-bad8-0ac02b089967,,0,,resource_file_action,hg_stock
0c4078cc-ea29-4038-b678-74eeb8009b61,1,bbd6e414-e094-4383-ae5b-158d74e3cc29,,522cc0c7-0990-4e26-b535-392767a7c142,2026-07-23 06:50:30.944025,HGFIFB0BA9172E0644AFB518E36AC10FD834,f57abb32-c3a2-4b2b-8b63-6d6679e143d4,Tài nguyên công ty / AN TUỆ / 2D & 3D / STFLOW / RELAX PIANO / Tre,0,,resource_file_action,hg_stock
ea11f395-bdbc-4383-88fb-dc795559f184,0,bbd6e414-e094-4383-ae5b-158d74e3cc29,,522cc0c7-0990-4e26-b535-392767a7c142,2026-07-23 06:50:50.348957,HGFIFB0BA9172E0644AFB518E36AC10FD834,f57abb32-c3a2-4b2b-8b63-6d6679e143d4,,0,,resource_file_action,hg_stock
5e3e55bc-e19f-4b2e-9744-39d92b97e21a,2,f0cc7b57-4db9-4216-97a9-cab1c2c4a8dd,,337a7ea7-f2ce-407d-9a14-19bdbdb2dc79,2026-07-23 06:51:22.277317,HGFA7998F01BF3C7491FA3672FF3BDE042A8,cc281fa1-09e5-4b97-90fc-4ccfbc5cb2ce,,0,,resource_file_action,hg_stock
cd2f1fc1-5139-457c-b2de-4d429345914e,2,e7cb8f3c-c160-4568-82fe-af4b93c4aecb,,337a7ea7-f2ce-407d-9a14-19bdbdb2dc79,2026-07-23 06:51:25.296722,HGFA3477832FE6E24566AC366866E79FDD9C,cc281fa1-09e5-4b97-90fc-4ccfbc5cb2ce,,0,,resource_file_action,hg_stock
62e3391c-ce9d-47cc-9529-6228566c7f31,1,93732912-d1b4-4799-bd15-b7c0dfe8262a,,522cc0c7-0990-4e26-b535-392767a7c142,2026-07-23 06:51:27.146515,HGFI654DF8F7A1DB42DE8F241BD2854A145B,f57abb32-c3a2-4b2b-8b63-6d6679e143d4,Tài nguyên công ty / AN TUỆ / 2D & 3D / STFLOW / RELAX PIANO / Tre,0,,resource_file_action,hg_stock
134bcf1e-53e5-4761-aab8-f84eceebc6b9,2,a99d74ed-4eb9-49bf-a61d-160d91386e89,,337a7ea7-f2ce-407d-9a14-19bdbdb2dc79,2026-07-23 06:51:32.479259,HGFACA371AC2831946EAAE4F69D32D5A50CC,821e0d4c-5396-4930-a9da-f71999c18187,,0,,resource_file_action,hg_stock
9d3f9b57-5f37-47cc-aec2-256019b8f83c,2,9335d960-ad4f-4ceb-a055-2792b652004c,,27f44d18-9d8f-4943-a744-e1efb0a0728a,2026-07-23 06:51:35.937414,HGFVB28AE5F8596846D88466212E586AFF48,15d4fb26-9fbf-42b5-bad8-0ac02b089967,,0,,resource_file_action,hg_stock
f42139d1-8a09-4896-a65a-49a29869d003,0,6bd29d23-17eb-4ce3-8835-959f095c6792,,522cc0c7-0990-4e26-b535-392767a7c142,2026-07-23 06:51:46.588889,HGFI7BA55DB96C5A4BF88FE30A26388D6713,f57abb32-c3a2-4b2b-8b63-6d6679e143d4,,0,,resource_file_action,hg_stock
049c36a4-bb65-4e0c-93f8-da6dd5608111,1,628245f4-f27c-40ae-8977-6978990a757c,,522cc0c7-0990-4e26-b535-392767a7c142,2026-07-23 06:52:01.942291,HGFIEC5C86F9C86447E7A4FC8C5DBFD92647,f57abb32-c3a2-4b2b-8b63-6d6679e143d4,Tài nguyên công ty / AN TUỆ / 2D & 3D / STFLOW / RELAX PIANO / Tre,0,,resource_file_action,hg_stock
f0aebdf4-d719-4d65-b3f4-c416ed0c63a2,2,de225934-3af6-4825-9944-baa74c93f93e,,337a7ea7-f2ce-407d-9a14-19bdbdb2dc79,2026-07-23 06:52:49.974787,HGFVADCA8D14B3E7481298FCE48596896D48,658411b2-0e1a-43b5-8fe7-1ce5182c0e53,,0,,resource_file_action,hg_stock
58915c20-3ba9-4c72-ae1f-bddee7c3602e,0,1e6757b0-2c85-4f44-9ca3-93fe699902c8,,27f44d18-9d8f-4943-a744-e1efb0a0728a,2026-07-23 06:52:52.502204,HGFV54FBEBA3A55F42ABA3B23FCE833537FE,15d4fb26-9fbf-42b5-bad8-0ac02b089967,Tài nguyên công ty / HOLDING / FOOTAGE / DEEP HOUSE / THU MUA / GAETAN PIOLOT / Video Cut nhỏ - Gaetan Piolot (AT),0,,resource_file_action,hg_stock
3297842b-98c8-4fa6-846a-ec0593a4954b,2,e679e3ce-d163-4404-b3ef-8dcbe56acd13,,337a7ea7-f2ce-407d-9a14-19bdbdb2dc79,2026-07-23 06:53:12.004801,HGFV7352BCD7CD024835A0B1802C461BD311,b26e995f-0526-4bbd-9073-511b7fdc3b36,,0,,resource_file_action,hg_stock
7807332c-0b12-457e-b231-b4e65c25dfb3,0,a55ba96c-3983-4d53-ad32-9f045da5e2fe,,27f44d18-9d8f-4943-a744-e1efb0a0728a,2026-07-23 06:53:13.267475,HGFV2C1AF0ED9AF74966A97C4E8B15D7BA92,15d4fb26-9fbf-42b5-bad8-0ac02b089967,Tài nguyên công ty / HOLDING / FOOTAGE / DEEP HOUSE / THU MUA / GAETAN PIOLOT / Video Cut nhỏ - Gaetan Piolot (AT),0,,resource_file_action,hg_stock
bf06326e-7605-46e8-b37e-16470d16b736,2,631a70fe-47bd-416f-aa74-224b48f0be17,,27f44d18-9d8f-4943-a744-e1efb0a0728a,2026-07-23 06:53:17.846168,HGFVF537C97CF20041408C12237BE80DB178,15d4fb26-9fbf-42b5-bad8-0ac02b089967,,0,,resource_file_action,hg_stock
17808949-c267-4261-975f-3f6852bd1761,2,f9aded87-07c5-4850-b917-f2b35fd573e5,,70ab807b-1fc5-4db5-9b4b-5fb5a5d664f7,2026-07-23 06:53:46.57924,HGFVA0DFD894317A4CFF9EDCE44085938156,15d4fb26-9fbf-42b5-bad8-0ac02b089967,,0,,resource_file_action,hg_stock
44e2a25c-e5e3-4f11-8190-0cadf1894882,2,638414c3-ae58-49f7-8808-8e14158a07c0,,70ab807b-1fc5-4db5-9b4b-5fb5a5d664f7,2026-07-23 06:54:28.964012,HGFV4D6514BDFDB347D89043AFE478D5F65C,15d4fb26-9fbf-42b5-bad8-0ac02b089967,,0,,resource_file_action,hg_stock
123e904a-5c43-4d3b-aec3-ca7f49b882b4,2,7186b998-574e-45fc-ac84-a73e8d358689,,70ab807b-1fc5-4db5-9b4b-5fb5a5d664f7,2026-07-23 06:54:32.296587,HGFVC0477FAE252B407FA9076178C289AF9A,15d4fb26-9fbf-42b5-bad8-0ac02b089967,,0,,resource_file_action,hg_stock
aa94baf4-a076-4efe-a4f2-fd8d9b28aea3,2,34feae3a-585c-4991-991b-7670a79b4a98,,70ab807b-1fc5-4db5-9b4b-5fb5a5d664f7,2026-07-23 06:54:45.893985,HGFV095405BCDE7948589E238F87C83A27B8,15d4fb26-9fbf-42b5-bad8-0ac02b089967,,0,,resource_file_action,hg_stock
255deea8-4bc5-4c4b-8a19-26771ba93a81,2,ffc11a13-c46a-41f4-b8a6-33fcf3a9602f,,70ab807b-1fc5-4db5-9b4b-5fb5a5d664f7,2026-07-23 06:54:57.225886,HGFV07E200326CFF44DB964C916724E27971,15d4fb26-9fbf-42b5-bad8-0ac02b089967,,0,,resource_file_action,hg_stock
e5bf5e6f-9d65-48a5-92bb-a62f15035d5d,2,c9dec6af-1642-4b23-8260-a6652f22155d,,337a7ea7-f2ce-407d-9a14-19bdbdb2dc79,2026-07-23 06:54:57.403379,HGFV151A22A7600D481EBA3C20A9221F30D8,b26e995f-0526-4bbd-9073-511b7fdc3b36,,0,,resource_file_action,hg_stock
c908cf6e-e5e6-4652-93c3-6c932819f6ea,2,ebde6ce8-dad1-440e-8b7f-e6ebfe57037a,,70ab807b-1fc5-4db5-9b4b-5fb5a5d664f7,2026-07-23 06:56:01.109916,HGFVB1BB5A2BDDCB47CA908FB5460117C99D,15d4fb26-9fbf-42b5-bad8-0ac02b089967,,0,,resource_file_action,hg_stock
b2b90d6d-5437-4e81-8648-75889a964238,2,019003b0-dbe6-4c2c-bb20-e6bbcde9886b,,e0520965-d867-47cc-99e8-071806619383,2026-07-23 06:56:21.203907,HGFV3ECA23B13B8F42F9B00ABED833E6AEAB,8a8b3dff-fcb5-49d6-a43d-309847b66a99,,0,,resource_file_action,hg_stock
6d3128d5-ef98-4df7-b4fa-af3f342d771b,2,ea133fb2-27f7-4dc9-9fbb-ffc67ef851b7,,70ab807b-1fc5-4db5-9b4b-5fb5a5d664f7,2026-07-23 06:57:01.357781,HGFVE4A90920E3A248CDBB9F1D8A481ABDF1,15d4fb26-9fbf-42b5-bad8-0ac02b089967,,0,,resource_file_action,hg_stock
3f352029-cf73-4013-b77c-baf02fd5f64b,2,df609a40-63a9-4a4e-8388-2c70e8a51809,,70ab807b-1fc5-4db5-9b4b-5fb5a5d664f7,2026-07-23 06:58:36.505801,HGFVE8FD02C32F00494FA66C5E17627F6FA9,15d4fb26-9fbf-42b5-bad8-0ac02b089967,,0,,resource_file_action,hg_stock
ab3b0ca8-7038-4c3e-a4b7-9dc362415d5b,2,deb02081-ab92-4cf6-b2db-f664c34eeeeb,,70ab807b-1fc5-4db5-9b4b-5fb5a5d664f7,2026-07-23 06:58:38.498285,HGFV9F21608D12B14ACF8907D38F150178AE,15d4fb26-9fbf-42b5-bad8-0ac02b089967,,0,,resource_file_action,hg_stock
1fdad665-910f-448a-b229-4423813615e1,2,49e03019-28b0-4063-860f-395822a1f9a0,,70ab807b-1fc5-4db5-9b4b-5fb5a5d664f7,2026-07-23 06:59:34.236453,HGFVDA277A891F244E0CAE0688B1CBD17BE9,15d4fb26-9fbf-42b5-bad8-0ac02b089967,,0,,resource_file_action,hg_stock
0a067dc1-16d0-4fa6-9e61-2df2e618abfc,2,721d7437-f1c2-4cae-b6ac-a3f0a372945a,,70ab807b-1fc5-4db5-9b4b-5fb5a5d664f7,2026-07-23 06:59:44.810413,HGFVD9283814C93A40A08AD0DF71770BB27A,15d4fb26-9fbf-42b5-bad8-0ac02b089967,,0,,resource_file_action,hg_stock
e028ee09-6c66-4398-af7e-3a6af829e6f4,2,c1b90338-8cf6-464f-b7bc-d9236d6b0d9f,,70ab807b-1fc5-4db5-9b4b-5fb5a5d664f7,2026-07-23 06:59:48.277109,HGFVDAF55944541047B0A43BB0F666C1BF77,15d4fb26-9fbf-42b5-bad8-0ac02b089967,,0,,resource_file_action,hg_stock
60b174b6-cbee-4b2f-bc78-b93a3dc3a1bf,2,cc09216a-2eb4-4070-88c6-2b5662a94d9c,,70ab807b-1fc5-4db5-9b4b-5fb5a5d664f7,2026-07-23 06:59:58.845803,HGFVDF501AD264EB42F684C22315D1843522,15d4fb26-9fbf-42b5-bad8-0ac02b089967,,0,,resource_file_action,hg_stock
b8b02458-e2c1-407b-8265-9f68a76ac75a,0,787f6c5b-645d-4885-9e8d-696677e82be5,,522cc0c7-0990-4e26-b535-392767a7c142,2026-07-23 07:02:18.044896,HGFVBD2BAE80329A44B2B8011B7919EC0FA0,9d1a05af-255e-469c-a0a6-059e30110a50,,0,,resource_file_action,hg_stock
20b244b3-8b0a-422b-9d19-7e0ba406f5f2,2,0ce94426-d2a0-482a-a9bd-8e3f6e7d91af,,954feab8-e0a0-4ccf-93d3-de82a44955d6,2026-07-23 07:03:39.136895,HGFV4E572C34739B445086DEF947821CD69E,e308bd2b-c8f0-4865-9fc1-8dbe7e53ae22,,0,,resource_file_action,hg_stock
21fa8fb0-4e23-4639-83ef-d61997640168,2,237a9bec-9efb-482b-8cef-9452b868972c,,954feab8-e0a0-4ccf-93d3-de82a44955d6,2026-07-23 07:04:06.456908,HGFV2CEE3CE0857C4B07B6848B3D21215054,e308bd2b-c8f0-4865-9fc1-8dbe7e53ae22,,0,,resource_file_action,hg_stock
7460fa7f-bd3d-4828-a962-3bdd82e7b08a,2,6d8b3c89-24fa-4a65-96d4-15e7aed6b4b0,,954feab8-e0a0-4ccf-93d3-de82a44955d6,2026-07-23 07:04:12.649639,HGFV74EE536F9D474B43ADA91D5310986AFC,e308bd2b-c8f0-4865-9fc1-8dbe7e53ae22,,0,,resource_file_action,hg_stock
fa761ec7-6327-4635-ba9b-504bff6ae181,2,0bc755c8-8f38-4494-a555-587f777c2939,,954feab8-e0a0-4ccf-93d3-de82a44955d6,2026-07-23 07:04:13.403596,HGFV203DA94B5D854C079BFABC07A4ACA825,e308bd2b-c8f0-4865-9fc1-8dbe7e53ae22,,0,,resource_file_action,hg_stock
daef0f08-f150-4406-8a64-f089812d126c,2,09b4bec8-6590-46c5-b6af-43af8ab0d425,,954feab8-e0a0-4ccf-93d3-de82a44955d6,2026-07-23 07:04:14.179362,HGFVF10DE79F55024A9294C9D560560C91B8,e308bd2b-c8f0-4865-9fc1-8dbe7e53ae22,,0,,resource_file_action,hg_stock
e2921d15-6481-4820-a48c-d56b200cb584,0,93732912-d1b4-4799-bd15-b7c0dfe8262a,,522cc0c7-0990-4e26-b535-392767a7c142,2026-07-23 06:51:29.872269,HGFI654DF8F7A1DB42DE8F241BD2854A145B,f57abb32-c3a2-4b2b-8b63-6d6679e143d4,,0,,resource_file_action,hg_stock
7c0253ea-53cd-4513-ae5c-e62a1661b3b9,2,c49f7e4b-cd5b-4632-a3d8-d420ba13ef42,,27f44d18-9d8f-4943-a744-e1efb0a0728a,2026-07-23 06:51:56.542029,HGFV8389C94D1A0643069958E980047CA8B5,15d4fb26-9fbf-42b5-bad8-0ac02b089967,,0,,resource_file_action,hg_stock
dbe822eb-c656-471d-9067-3b4fabf55674,2,436d2e40-4f8a-4117-b4f8-83a5c37c2de0,,525da606-5fbb-4c27-9bf4-dbe72e7333a9,2026-07-23 06:52:36.585282,HGFVD04A50A5C8A04A68A41124F70EC32111,56c87f53-80a7-4ccc-b833-9f7f4e81a6c4,,0,,resource_file_action,hg_stock
f61026b9-27fb-4588-b524-688aca966449,2,69f7ff08-3404-45f9-a9a9-7e4f02a5d0b4,,27f44d18-9d8f-4943-a744-e1efb0a0728a,2026-07-23 06:52:39.406784,HGFVD9756AB467964453A71AB4ACED45A81B,15d4fb26-9fbf-42b5-bad8-0ac02b089967,,0,,resource_file_action,hg_stock
dcf621e7-f2a2-4174-ab3f-15a5117a3462,2,0200fbaf-6679-4381-a122-1befcfe4edfa,,27f44d18-9d8f-4943-a744-e1efb0a0728a,2026-07-23 06:53:16.428062,HGFVADE7826FEC4843F0B8B1A075F22FC8AD,15d4fb26-9fbf-42b5-bad8-0ac02b089967,,0,,resource_file_action,hg_stock
9ec51705-eeeb-4fbb-bede-84b716dadc3d,2,f787dde8-9715-4f54-b42b-6a81ef7890fa,,70ab807b-1fc5-4db5-9b4b-5fb5a5d664f7,2026-07-23 06:54:03.043378,HGFV9C64D4794450443ABBC0FC55693582AA,15d4fb26-9fbf-42b5-bad8-0ac02b089967,,0,,resource_file_action,hg_stock
a46c1754-014a-42a6-ba03-4ee958a7c3f8,2,ebde6ce8-dad1-440e-8b7f-e6ebfe57037a,,70ab807b-1fc5-4db5-9b4b-5fb5a5d664f7,2026-07-23 06:54:11.088827,HGFVB1BB5A2BDDCB47CA908FB5460117C99D,15d4fb26-9fbf-42b5-bad8-0ac02b089967,,0,,resource_file_action,hg_stock
0b341303-9611-463c-9cf2-8346280661cd,2,6be1bbec-707e-4899-8aaf-c5c5589f862c,,70ab807b-1fc5-4db5-9b4b-5fb5a5d664f7,2026-07-23 06:54:24.081209,HGFV33F0508B4EF343B78B3F52CB1CCB5B13,15d4fb26-9fbf-42b5-bad8-0ac02b089967,,0,,resource_file_action,hg_stock
50130f1e-b914-4ad4-9bec-7634c52fc3bf,2,4a5c213e-402f-44ef-b243-02b231ff782f,,70ab807b-1fc5-4db5-9b4b-5fb5a5d664f7,2026-07-23 06:54:49.608107,HGFV8D172A3D86DD488FBD94ED987B684A96,15d4fb26-9fbf-42b5-bad8-0ac02b089967,,0,,resource_file_action,hg_stock
ed014929-5acc-4c58-b152-c3b6f49664df,2,e3bf269f-de7b-4ed1-98ef-1ba0061438b8,,70ab807b-1fc5-4db5-9b4b-5fb5a5d664f7,2026-07-23 06:55:57.401263,HGFV89D2D4EB6B0E4C1A9A2EAC4CBB1C458A,15d4fb26-9fbf-42b5-bad8-0ac02b089967,,0,,resource_file_action,hg_stock
b1a9cc29-34cd-45bf-9e41-f451dce65bab,1,a836d99c-6c95-4796-a108-7ef380ebdcee,,4c05f915-db94-4d44-985d-94702dd0161b,2026-08-18 09:10:44.888755,HGFVC0A9AEA8E5C34A2B80B4A54D34F67B32,55b4c422-d1ea-4c21-99ec-27e2da4cc3c2,Tài nguyên công ty / AN TUỆ / FOOTAGE / THU MUA / AN TUỆ / 2. KHO FOOTAGE ĐÃ HẬU KỲ / 2.1 UPLOAD - TEAM HẬU KỲ / Trường / Tháng 8/2026 / Mùa đông / 170 video,0,,resource_file_action,hg_stock
41d3f31e-a503-4197-a16e-c3b7222e6dec,1,ad1e2314-2088-4b12-842a-2f72be6efc06,,4c05f915-db94-4d44-985d-94702dd0161b,2026-08-18 09:11:07.763294,HGFV10B1362EFCC0403BB71B2BA9A26FE1A8,55b4c422-d1ea-4c21-99ec-27e2da4cc3c2,Tài nguyên công ty / AN TUỆ / FOOTAGE / THU MUA / AN TUỆ / 2. KHO FOOTAGE ĐÃ HẬU KỲ / 2.1 UPLOAD - TEAM HẬU KỲ / Trường / Tháng 8/2026 / Mùa đông / 170 video,0,,resource_file_action,hg_stock
b36c46bd-8526-4b8b-8227-72ba899c6c31,1,0a8bdeb0-992e-4abc-aeb8-6b161097d4ba,,4c05f915-db94-4d44-985d-94702dd0161b,2026-08-18 09:11:13.069437,HGFVECBD8AAA465745D58EDF7CC4C42ACD95,55b4c422-d1ea-4c21-99ec-27e2da4cc3c2,Tài nguyên công ty / AN TUỆ / FOOTAGE / THU MUA / AN TUỆ / 2. KHO FOOTAGE ĐÃ HẬU KỲ / 2.1 UPLOAD - TEAM HẬU KỲ / Trường / Tháng 8/2026 / Mùa đông / 170 video,0,,resource_file_action,hg_stock
34eb3b95-c7de-4ce0-ba7a-1ab8a10025a0,1,5f057fc7-305e-427f-92db-613e2748ce05,,4c05f915-db94-4d44-985d-94702dd0161b,2026-08-18 09:11:42.430766,HGFV5014C484A99444358EE9832689B744C1,55b4c422-d1ea-4c21-99ec-27e2da4cc3c2,Tài nguyên công ty / AN TUỆ / FOOTAGE / THU MUA / AN TUỆ / 2. KHO FOOTAGE ĐÃ HẬU KỲ / 2.1 UPLOAD - TEAM HẬU KỲ / Trường / Tháng 8/2026 / Mùa đông / 170 video,0,,resource_file_action,hg_stock
a447cd54-c0ba-4a30-b557-e258ee84c880,1,1e82d846-7b82-4f74-a532-5d76f6fbbddb,,4c05f915-db94-4d44-985d-94702dd0161b,2026-08-18 09:11:47.291709,HGFVCD1CD0A0B4E140A9B21B14F224104F4B,55b4c422-d1ea-4c21-99ec-27e2da4cc3c2,Tài nguyên công ty / AN TUỆ / FOOTAGE / THU MUA / AN TUỆ / 2. KHO FOOTAGE ĐÃ HẬU KỲ / 2.1 UPLOAD - TEAM HẬU KỲ / Trường / Tháng 8/2026 / Mùa đông / 170 video,0,,resource_file_action,hg_stock
84221940-6ab1-4d36-858a-6bf208f64f4f,1,467d4367-c279-4f7e-bd54-22ef77d89b68,,4c05f915-db94-4d44-985d-94702dd0161b,2026-08-18 09:12:03.565955,HGFVE3AC716D69D340E5ADF04631AB630352,55b4c422-d1ea-4c21-99ec-27e2da4cc3c2,Tài nguyên công ty / AN TUỆ / FOOTAGE / THU MUA / AN TUỆ / 2. KHO FOOTAGE ĐÃ HẬU KỲ / 2.1 UPLOAD - TEAM HẬU KỲ / Trường / Tháng 8/2026 / Mùa đông / 170 video,0,,resource_file_action,hg_stock
fec78701-5405-40f3-83ea-75227904d48b,1,46be2e4f-571b-4260-855b-32ef2c60c432,,4c05f915-db94-4d44-985d-94702dd0161b,2026-08-18 09:12:04.024197,HGFVE5836DA1D0574F5780524B6AEB0C4AE9,55b4c422-d1ea-4c21-99ec-27e2da4cc3c2,Tài nguyên công ty / AN TUỆ / FOOTAGE / THU MUA / AN TUỆ / 2. KHO FOOTAGE ĐÃ HẬU KỲ / 2.1 UPLOAD - TEAM HẬU KỲ / Trường / Tháng 8/2026 / Mùa đông / 170 video,0,,resource_file_action,hg_stock
e325c098-fb83-49c4-909b-784c3f606ae7,1,6066515b-2dee-48e0-b851-682487ff3416,,4c05f915-db94-4d44-985d-94702dd0161b,2026-08-18 09:12:13.202178,HGFV7BB0B6C80E35450CB2081E17FEA73ECD,55b4c422-d1ea-4c21-99ec-27e2da4cc3c2,Tài nguyên công ty / AN TUỆ / FOOTAGE / THU MUA / AN TUỆ / 2. KHO FOOTAGE ĐÃ HẬU KỲ / 2.1 UPLOAD - TEAM HẬU KỲ / Trường / Tháng 8/2026 / Mùa đông / 170 video,0,,resource_file_action,hg_stock
29365445-7a4c-4c8b-9391-f9b917a821af,1,3b98a6d1-cbe0-4829-9713-04a747b7c6c4,,4c05f915-db94-4d44-985d-94702dd0161b,2026-08-18 09:12:42.086099,HGFVBA72DA7A93BC4159BA64E07DE342BAEF,55b4c422-d1ea-4c21-99ec-27e2da4cc3c2,Tài nguyên công ty / AN TUỆ / FOOTAGE / THU MUA / AN TUỆ / 2. KHO FOOTAGE ĐÃ HẬU KỲ / 2.1 UPLOAD - TEAM HẬU KỲ / Trường / Tháng 8/2026 / Mùa đông / 170 video,0,,resource_file_action,hg_stock
e62a1f9f-9bcf-497c-889d-0beffc2ffb11,1,c6be2b4d-50fa-4fbc-99a7-131824edef16,,4c05f915-db94-4d44-985d-94702dd0161b,2026-08-18 09:13:07.816461,HGFVF3B6C578CD254C33A6B51A9E902C4BE3,55b4c422-d1ea-4c21-99ec-27e2da4cc3c2,Tài nguyên công ty / AN TUỆ / FOOTAGE / THU MUA / AN TUỆ / 2. KHO FOOTAGE ĐÃ HẬU KỲ / 2.1 UPLOAD - TEAM HẬU KỲ / Trường / Tháng 8/2026 / Mùa đông / 170 video,0,,resource_file_action,hg_stock
af726b98-3cac-4e75-95d5-37ee59318da9,1,65eadba3-1c4f-4dee-87a9-9bba93efdbe9,,4c05f915-db94-4d44-985d-94702dd0161b,2026-08-18 09:13:28.391878,HGFV3162CFAEF09648E39B431070F4129886,55b4c422-d1ea-4c21-99ec-27e2da4cc3c2,Tài nguyên công ty / AN TUỆ / FOOTAGE / THU MUA / AN TUỆ / 2. KHO FOOTAGE ĐÃ HẬU KỲ / 2.1 UPLOAD - TEAM HẬU KỲ / Trường / Tháng 8/2026 / Mùa đông / 170 video,0,,resource_file_action,hg_stock
3242e1d1-29fe-4ff8-8a55-b6cc762af02e,1,38f1d150-a96b-4727-9ed3-6b214b7ae4cf,,4c05f915-db94-4d44-985d-94702dd0161b,2026-08-18 09:13:50.728207,HGFV2A7ED07F8BA042A1B124A95DC8DB5AFC,55b4c422-d1ea-4c21-99ec-27e2da4cc3c2,Tài nguyên công ty / AN TUỆ / FOOTAGE / THU MUA / AN TUỆ / 2. KHO FOOTAGE ĐÃ HẬU KỲ / 2.1 UPLOAD - TEAM HẬU KỲ / Trường / Tháng 8/2026 / Mùa đông / 170 video,0,,resource_file_action,hg_stock
01552ea9-da15-4822-9226-3c650eda443e,1,050a2617-991c-48fb-a7d0-29b376b15e47,,4c05f915-db94-4d44-985d-94702dd0161b,2026-08-18 09:13:53.831897,HGFV4718F8C801A54D5BAB886247E63708A2,55b4c422-d1ea-4c21-99ec-27e2da4cc3c2,Tài nguyên công ty / AN TUỆ / FOOTAGE / THU MUA / AN TUỆ / 2. KHO FOOTAGE ĐÃ HẬU KỲ / 2.1 UPLOAD - TEAM HẬU KỲ / Trường / Tháng 8/2026 / Mùa đông / 170 video,0,,resource_file_action,hg_stock
ebf4c681-b060-45d9-8631-96be43d01cb7,2,ca2d99f5-6761-4b74-acea-1577ec37728a,,27f44d18-9d8f-4943-a744-e1efb0a0728a,2026-07-23 06:51:38.563316,HGFV0E3903999D844DCABADE7FC96AA9330E,15d4fb26-9fbf-42b5-bad8-0ac02b089967,,0,,resource_file_action,hg_stock
5aa25b64-606d-449d-a3c2-f5c2d3261813,2,c2aad5eb-1722-4f22-a925-d2824348eda5,,27f44d18-9d8f-4943-a744-e1efb0a0728a,2026-07-23 06:52:29.231947,HGFV8FB2B9A1A5A7407F8A1E753EECE7BCE4,15d4fb26-9fbf-42b5-bad8-0ac02b089967,,0,,resource_file_action,hg_stock
3fded157-6e65-4fa7-bfb5-131c187fca33,2,c2d5e15f-9da8-4e16-a0c0-2f2ab2cb74bd,,27f44d18-9d8f-4943-a744-e1efb0a0728a,2026-07-23 06:52:31.221643,HGFV21DB10E42C1647EB90B739CB75936130,15d4fb26-9fbf-42b5-bad8-0ac02b089967,,0,,resource_file_action,hg_stock
2a3af10e-bdc7-4eb5-b127-182702251d23,2,45d48729-c23e-46e3-b1c3-dd53c33d459b,,525da606-5fbb-4c27-9bf4-dbe72e7333a9,2026-07-23 06:52:43.612322,HGFVD258B7FA1D7C4024A043BA92E1116D53,8545450b-c49a-47e7-88f4-f0ab22a277cb,,0,,resource_file_action,hg_stock
8a9b42a0-b1f6-46f4-ad48-e3c403551d87,0,4a629071-a21b-4fa7-9614-a26945ff9a5f,,27f44d18-9d8f-4943-a744-e1efb0a0728a,2026-07-23 06:53:02.544925,HGFV801016095DF44E8C802A62604A759C0C,15d4fb26-9fbf-42b5-bad8-0ac02b089967,Tài nguyên công ty / HOLDING / FOOTAGE / DEEP HOUSE / THU MUA / GAETAN PIOLOT / Video Cut nhỏ - Gaetan Piolot (AT),0,,resource_file_action,hg_stock
2bed1776-b216-48e9-b484-1796c806bf8e,2,f5d39c92-a450-4d6a-bcea-42dc6ec124a5,,337a7ea7-f2ce-407d-9a14-19bdbdb2dc79,2026-07-23 06:53:11.855378,HGFV69E0C735E42D4BF0B8EF9DA83850A05A,b26e995f-0526-4bbd-9073-511b7fdc3b36,,0,,resource_file_action,hg_stock
1c2a0982-93ef-4fdd-901f-58be75fdc77b,2,2110bc3d-64a9-4b2e-b077-51691ad51abd,,27f44d18-9d8f-4943-a744-e1efb0a0728a,2026-07-23 06:53:20.734051,HGFVE5021897FFEF4889BAE3DCBDD93FF6F4,15d4fb26-9fbf-42b5-bad8-0ac02b089967,,0,,resource_file_action,hg_stock
803d683a-ee0d-471a-9929-aaea147d9667,2,deb02081-ab92-4cf6-b2db-f664c34eeeeb,,70ab807b-1fc5-4db5-9b4b-5fb5a5d664f7,2026-07-23 06:53:40.200671,HGFV9F21608D12B14ACF8907D38F150178AE,15d4fb26-9fbf-42b5-bad8-0ac02b089967,,0,,resource_file_action,hg_stock
a318ff64-4b0b-4f55-a0db-b1c80d4dc240,2,ea133fb2-27f7-4dc9-9fbb-ffc67ef851b7,,70ab807b-1fc5-4db5-9b4b-5fb5a5d664f7,2026-07-23 06:53:59.302168,HGFVE4A90920E3A248CDBB9F1D8A481ABDF1,15d4fb26-9fbf-42b5-bad8-0ac02b089967,,0,,resource_file_action,hg_stock
7133d512-0b94-4b13-b5cb-34a377979956,2,1df6108f-c0f3-40eb-a170-b71ef859bc9f,,70ab807b-1fc5-4db5-9b4b-5fb5a5d664f7,2026-07-23 06:55:00.587635,HGFV9CFF4C4A56B94C1FAADE83CA362B9D2B,15d4fb26-9fbf-42b5-bad8-0ac02b089967,,0,,resource_file_action,hg_stock
6d0242e9-3e07-4210-903c-364d5255f1c6,2,5488cfb6-3289-490b-b0dd-ffa7189d26f4,,70ab807b-1fc5-4db5-9b4b-5fb5a5d664f7,2026-07-23 06:55:01.867229,HGFV79AB8D9FA2BF4637B330EF0890054C97,15d4fb26-9fbf-42b5-bad8-0ac02b089967,,0,,resource_file_action,hg_stock
143ee583-4395-4bd4-839e-8206e4cd9ba5,2,0fddb3df-970e-432c-a786-bd63cc408628,,cc88a7d2-7019-4cfc-a840-acf317361f99,2026-07-23 06:56:22.252777,HGFAE29DEBE40410473F98DD8C9C1C1F39DE,de0b472e-b6b9-4791-8aae-36718b86b153,,0,,resource_file_action,hg_stock
af6c8d0e-7053-4fec-b178-1e40a05ef3e8,2,e9b093c6-2ffe-4278-9312-45569c824876,,70ab807b-1fc5-4db5-9b4b-5fb5a5d664f7,2026-07-23 06:59:30.970058,HGFV1C17589D02BC405EAF5F15CC0F7A720D,15d4fb26-9fbf-42b5-bad8-0ac02b089967,,0,,resource_file_action,hg_stock
0a496701-b9c4-4aef-bb43-cd1b8b8f5000,2,76d4714c-1323-4c8c-8fd2-82e32d355b52,,70ab807b-1fc5-4db5-9b4b-5fb5a5d664f7,2026-07-23 06:59:36.770352,HGFVFE4452906D8040139D946F5016619CB7,15d4fb26-9fbf-42b5-bad8-0ac02b089967,,0,,resource_file_action,hg_stock
0d787d43-7549-4e4f-bfdc-3c8481553f84,2,c4beec99-6152-4f0c-bfcf-a193346ccf02,,70ab807b-1fc5-4db5-9b4b-5fb5a5d664f7,2026-07-23 06:59:45.960748,HGFVD3717542C6A04170B40630E9F4E142DD,15d4fb26-9fbf-42b5-bad8-0ac02b089967,,0,,resource_file_action,hg_stock
17829b35-461f-458e-b53b-6360b454c8bb,2,94facc26-c591-4fdd-badb-a1933b1a6637,,70ab807b-1fc5-4db5-9b4b-5fb5a5d664f7,2026-07-23 06:59:54.137425,HGFVEEFABA9748E04D8F87188242EEF27323,15d4fb26-9fbf-42b5-bad8-0ac02b089967,,0,,resource_file_action,hg_stock
04e8de91-3490-4588-8887-32501b4217f4,0,fc90e979-1465-463d-880b-c5eb31aa3115,,522cc0c7-0990-4e26-b535-392767a7c142,2026-08-18 09:10:45.927982,HGFI5716183E91B54077AF1B99204C6CCFA9,4971194d-c126-4d01-a434-9c2d24ea5df7,,0,,resource_file_action,hg_stock
df1a16c4-82c8-4723-8b01-cfbfea2560fa,1,4864bada-d333-4bc5-9478-f80691f5aba6,,4c05f915-db94-4d44-985d-94702dd0161b,2026-08-18 09:11:15.484431,HGFV6DE4053CD5764F958018EE5D60ECC680,55b4c422-d1ea-4c21-99ec-27e2da4cc3c2,Tài nguyên công ty / AN TUỆ / FOOTAGE / THU MUA / AN TUỆ / 2. KHO FOOTAGE ĐÃ HẬU KỲ / 2.1 UPLOAD - TEAM HẬU KỲ / Trường / Tháng 8/2026 / Mùa đông / 170 video,0,,resource_file_action,hg_stock
76bc670d-91f3-49ba-8cb9-447afda9149b,1,d3ae4341-9ac7-470d-9a60-1c4972bf185b,,4c05f915-db94-4d44-985d-94702dd0161b,2026-08-18 09:11:20.029924,HGFV8FF03712AF544EB9973A115BF338C8B7,55b4c422-d1ea-4c21-99ec-27e2da4cc3c2,Tài nguyên công ty / AN TUỆ / FOOTAGE / THU MUA / AN TUỆ / 2. KHO FOOTAGE ĐÃ HẬU KỲ / 2.1 UPLOAD - TEAM HẬU KỲ / Trường / Tháng 8/2026 / Mùa đông / 170 video,0,,resource_file_action,hg_stock
895bfba9-1c41-4a1b-828f-0a3c53979f98,1,ecb9d9a4-b39c-4b98-a082-afac73caa573,,4c05f915-db94-4d44-985d-94702dd0161b,2026-08-18 09:11:43.439498,HGFV5229157E4F8145E99DCBE6C0F4B4C1EA,55b4c422-d1ea-4c21-99ec-27e2da4cc3c2,Tài nguyên công ty / AN TUỆ / FOOTAGE / THU MUA / AN TUỆ / 2. KHO FOOTAGE ĐÃ HẬU KỲ / 2.1 UPLOAD - TEAM HẬU KỲ / Trường / Tháng 8/2026 / Mùa đông / 170 video,0,,resource_file_action,hg_stock
1ce479ca-4dfc-4045-919a-bb248174bc06,1,eb725192-80d1-4503-9799-7055a95f2d2c,,4c05f915-db94-4d44-985d-94702dd0161b,2026-08-18 09:11:48.115552,HGFV6D198BCA039C428C8E7CA1AF5798B9E3,55b4c422-d1ea-4c21-99ec-27e2da4cc3c2,Tài nguyên công ty / AN TUỆ / FOOTAGE / THU MUA / AN TUỆ / 2. KHO FOOTAGE ĐÃ HẬU KỲ / 2.1 UPLOAD - TEAM HẬU KỲ / Trường / Tháng 8/2026 / Mùa đông / 170 video,0,,resource_file_action,hg_stock
b8466d24-1f41-441a-986b-54f46cbace91,1,25c119e6-d2fd-4d0e-a640-f025ee1d1db0,,4c05f915-db94-4d44-985d-94702dd0161b,2026-08-18 09:11:53.633439,HGFV5994F64DED094B74B05BC3FF0FA42AFD,55b4c422-d1ea-4c21-99ec-27e2da4cc3c2,Tài nguyên công ty / AN TUỆ / FOOTAGE / THU MUA / AN TUỆ / 2. KHO FOOTAGE ĐÃ HẬU KỲ / 2.1 UPLOAD - TEAM HẬU KỲ / Trường / Tháng 8/2026 / Mùa đông / 170 video,0,,resource_file_action,hg_stock
f829a6c9-f7b5-4744-aca4-60777144fa01,1,a2a8908d-ca1f-4846-8b1c-ffde0b001074,,4c05f915-db94-4d44-985d-94702dd0161b,2026-08-18 09:12:09.529409,HGFV3DE2A19767DC45F2BA2BE06EA91AABA5,55b4c422-d1ea-4c21-99ec-27e2da4cc3c2,Tài nguyên công ty / AN TUỆ / FOOTAGE / THU MUA / AN TUỆ / 2. KHO FOOTAGE ĐÃ HẬU KỲ / 2.1 UPLOAD - TEAM HẬU KỲ / Trường / Tháng 8/2026 / Mùa đông / 170 video,0,,resource_file_action,hg_stock
dfe9f4c2-f576-41b6-bb2a-2353790234ca,1,ca0e9d10-edd6-4748-9289-94d942e58ac9,,4c05f915-db94-4d44-985d-94702dd0161b,2026-08-18 09:12:20.790339,HGFV32996FE047494FE5A622B075DE1A41A4,55b4c422-d1ea-4c21-99ec-27e2da4cc3c2,Tài nguyên công ty / AN TUỆ / FOOTAGE / THU MUA / AN TUỆ / 2. KHO FOOTAGE ĐÃ HẬU KỲ / 2.1 UPLOAD - TEAM HẬU KỲ / Trường / Tháng 8/2026 / Mùa đông / 170 video,0,,resource_file_action,hg_stock
d12ab762-e35f-464c-91ba-2447fdac4040,1,4fd7fa71-572a-4a18-ad9c-6eacab8c1e8b,,4c05f915-db94-4d44-985d-94702dd0161b,2026-08-18 09:12:33.4063,HGFV287FFBBB28C24EEFBF7CED0D356C6C59,55b4c422-d1ea-4c21-99ec-27e2da4cc3c2,Tài nguyên công ty / AN TUỆ / FOOTAGE / THU MUA / AN TUỆ / 2. KHO FOOTAGE ĐÃ HẬU KỲ / 2.1 UPLOAD - TEAM HẬU KỲ / Trường / Tháng 8/2026 / Mùa đông / 170 video,0,,resource_file_action,hg_stock
232cefae-a519-4431-8f3a-c90488f7983f,2,195f74ce-cf5e-40ce-afce-62c1e6a514d8,,ab367ad0-2bca-4764-a465-61d0ffb3d63c,2026-08-18 09:14:29.561672,HGFV41D7A1C79C364B5AB3A6158F4497F6C4,04d7dbce-74da-4ac9-8530-f42fcfde5c5e,,0,,resource_file_action,hg_stock
9c5dc896-ab74-4330-8576-b520af585ad6,1,6bd29d23-17eb-4ce3-8835-959f095c6792,,522cc0c7-0990-4e26-b535-392767a7c142,2026-07-23 06:51:44.086216,HGFI7BA55DB96C5A4BF88FE30A26388D6713,f57abb32-c3a2-4b2b-8b63-6d6679e143d4,Tài nguyên công ty / AN TUỆ / 2D & 3D / STFLOW / RELAX PIANO / Tre,0,,resource_file_action,hg_stock
b53511ae-e8dd-414a-9486-a58cbbd73241,2,96ee1864-ef91-418c-b2ff-b2755cbc674d,,27f44d18-9d8f-4943-a744-e1efb0a0728a,2026-07-23 06:52:58.895682,HGFVBB5E23DB322D48B7B5279CE1F0FAC952,15d4fb26-9fbf-42b5-bad8-0ac02b089967,,0,,resource_file_action,hg_stock
0675ed5b-a85e-4542-9a00-5c7d9110bf6c,2,fe896f54-2556-4da1-9fb8-204be5f8a36a,,27f44d18-9d8f-4943-a744-e1efb0a0728a,2026-07-23 06:53:10.741514,HGFVE692B86B2F4D40F98D6318AF6AC701F9,15d4fb26-9fbf-42b5-bad8-0ac02b089967,,0,,resource_file_action,hg_stock
ce5158e5-5f41-4d3c-89bd-fc700f124c70,2,8e195982-362d-483b-84ca-e4290ddd3b0a,,337a7ea7-f2ce-407d-9a14-19bdbdb2dc79,2026-07-23 06:53:10.909786,HGFV74BEFAB770934A3C908A6F80CF83AF47,b26e995f-0526-4bbd-9073-511b7fdc3b36,,0,,resource_file_action,hg_stock
17a6d26b-f354-4eca-abd1-e5b4604ef4fb,2,63e2fa08-355b-45ba-8163-d752efe99fd4,,70ab807b-1fc5-4db5-9b4b-5fb5a5d664f7,2026-07-23 06:54:51.24967,HGFV3460E3B733C3427485ECE7DFEC8CDECD,15d4fb26-9fbf-42b5-bad8-0ac02b089967,,0,,resource_file_action,hg_stock
9bb79186-ac8b-4c1f-9fc2-f840907ddd90,2,ea133fb2-27f7-4dc9-9fbb-ffc67ef851b7,,70ab807b-1fc5-4db5-9b4b-5fb5a5d664f7,2026-07-23 06:55:28.91354,HGFVE4A90920E3A248CDBB9F1D8A481ABDF1,15d4fb26-9fbf-42b5-bad8-0ac02b089967,,0,,resource_file_action,hg_stock
8da2c378-2aa2-4337-851d-937ac62cf73b,2,ff817674-d57d-4287-af50-e7a55df2d225,,70ab807b-1fc5-4db5-9b4b-5fb5a5d664f7,2026-07-23 06:55:37.222017,HGFVFABCEB4F80B04375AA24C6B10B9B6D29,15d4fb26-9fbf-42b5-bad8-0ac02b089967,,0,,resource_file_action,hg_stock
8f193ae3-2688-403e-aebb-ebef9fa17641,2,f8324864-9ae7-465e-a0b6-c877cddcaab0,,70ab807b-1fc5-4db5-9b4b-5fb5a5d664f7,2026-07-23 06:55:42.489438,HGFV0E8DAC16DE644B5B838EF2BDA774A805,15d4fb26-9fbf-42b5-bad8-0ac02b089967,,0,,resource_file_action,hg_stock
d2da73bf-abe3-4df7-8b54-df0f500dda61,2,f8a94c86-4058-424d-87ed-1f91d16d672b,,70ab807b-1fc5-4db5-9b4b-5fb5a5d664f7,2026-07-23 06:55:45.043002,HGFV62B37FE111E441DE91085674292BC756,15d4fb26-9fbf-42b5-bad8-0ac02b089967,,0,,resource_file_action,hg_stock
5902e781-8935-4bc1-b2df-9a310ee829ef,2,a80e3afd-aaec-4298-b8d7-84da90e86f51,,e0520965-d867-47cc-99e8-071806619383,2026-07-23 06:56:20.721357,HGFV999A8853DCF147CDBC58CCED47D91A91,8a8b3dff-fcb5-49d6-a43d-309847b66a99,,0,,resource_file_action,hg_stock
ac3488ec-87aa-43f5-b006-462e16204cea,2,fb88baef-c8cd-4c98-b581-5df227f569d7,,70ab807b-1fc5-4db5-9b4b-5fb5a5d664f7,2026-07-23 06:59:20.053204,HGFV325197F8B754453FB1AF04DEED88E333,15d4fb26-9fbf-42b5-bad8-0ac02b089967,,0,,resource_file_action,hg_stock
4389a97c-ff33-46e7-a29a-b822b31ad7cf,2,ea292be4-c13b-4ddb-b3af-a914223faff1,,70ab807b-1fc5-4db5-9b4b-5fb5a5d664f7,2026-07-23 06:59:37.665928,HGFV3010E4CD81464715B71758BDA3F012E2,15d4fb26-9fbf-42b5-bad8-0ac02b089967,,0,,resource_file_action,hg_stock
ee97e595-426a-4909-8324-80ab0c910f1d,2,afac67ca-29c2-4ece-bf13-84584afd84da,,70ab807b-1fc5-4db5-9b4b-5fb5a5d664f7,2026-07-23 07:00:02.461848,HGFVE9382BE670DD4998B4D42552679DD6E8,15d4fb26-9fbf-42b5-bad8-0ac02b089967,,0,,resource_file_action,hg_stock
f1c8c0ab-458c-47bc-8643-6ed0134d64a3,2,0ac43578-acdf-42ec-b031-84d8a24b4068,,6fd5baa6-0d7b-4677-84b6-ce638cf1cef3,2026-07-23 07:01:42.087961,HGFA86E30D0F85C6499A8BF64B1B794041B8,6a149ccf-f87d-4925-abae-0b3dda6dc804,,0,,resource_file_action,hg_stock
796aa723-235a-419b-9828-a93448e0aff5,2,2a542e64-2e38-49c7-bbb7-c5aa82e804dc,,6fd5baa6-0d7b-4677-84b6-ce638cf1cef3,2026-07-23 07:01:59.681255,HGFABBFF4B3B1E8D48CA86304F9A96ABB780,6a149ccf-f87d-4925-abae-0b3dda6dc804,,0,,resource_file_action,hg_stock
a3eca8f6-8871-4e10-bbe0-cbfa892a31d9,2,1d2f28c7-b99c-4675-aa73-adcf09622bdc,,6fd5baa6-0d7b-4677-84b6-ce638cf1cef3,2026-07-23 07:02:27.112948,HGFA70265408F98D4FC1AFDB56EE84476C30,6a149ccf-f87d-4925-abae-0b3dda6dc804,,0,,resource_file_action,hg_stock
63b57570-c294-4e40-8675-844c8d51059d,2,e29d465b-7e96-40ca-9a2e-8d2139b3cf72,,954feab8-e0a0-4ccf-93d3-de82a44955d6,2026-07-23 07:03:38.067804,HGFV6F112E99401745ACBCD6B2D17B701F47,85b53515-e926-416e-85be-66dab0beb8fc,,0,,resource_file_action,hg_stock
e9a96da5-4c86-451b-bed0-428f86baea23,2,5578d9f7-89ec-489b-9787-bdb3caa8385e,,954feab8-e0a0-4ccf-93d3-de82a44955d6,2026-07-23 07:04:17.938126,HGFV5D110A7DE36B4D31990F5E3CAED0C679,091631d6-5478-497e-9bea-b743c603bf0a,,0,,resource_file_action,hg_stock
3e0fc8a4-c686-4cae-8e0b-01ba26d5c4fd,2,5e59595d-132a-4e17-ae5f-f3a745c7f9e9,,954feab8-e0a0-4ccf-93d3-de82a44955d6,2026-07-23 07:04:19.32576,HGFV0DC4E09507F840B18C7F25346B6CD063,cd6b70b9-dec6-433b-ba80-806a8f88b1c3,,0,,resource_file_action,hg_stock
69671b21-9393-41bb-81ff-d7886b4e72dc,0,2bb0128e-bd7a-4a35-a105-c630dde2de8f,,6fd5baa6-0d7b-4677-84b6-ce638cf1cef3,2026-07-23 07:04:55.530384,HGFA8225567F369C471299AC0A344CE0BAB3,a3d75a11-a270-4e82-b09b-5a938d9933af,Tài nguyên công ty / AN TUỆ / NHẠC / DEEP HOUSE / DEEP HOUSE - 2 / Deep House - 2 | Tropical House / Chung An Tuệ / MKT gen / 2511,0,,resource_file_action,hg_stock
ab95c394-c6d4-4f7a-88c0-8dea82054a73,2,3bba606d-0f08-44cf-b21b-ce01523fc1a9,,6fd5baa6-0d7b-4677-84b6-ce638cf1cef3,2026-07-23 07:05:00.453741,HGFA3EA481A894724070999123F711DA2F5C,f72d87f8-01fb-48dd-b042-e0ed648444d4,,0,,resource_file_action,hg_stock
7adecc84-9e3a-4944-ac58-04bbd3f5ceba,2,40c5c44b-20ec-4d86-9b8b-1904ad078ac2,,6fd5baa6-0d7b-4677-84b6-ce638cf1cef3,2026-07-23 07:05:36.281755,HGFA903D812F390B414382F28A641AF64270,e343a09f-b601-4bbd-9492-1bb39f07e03b,,0,,resource_file_action,hg_stock
c0b53b6c-97ea-4f9a-86b6-393fe28e8b61,2,16662fe9-93ab-4683-bc5b-b429bdd9683d,,954feab8-e0a0-4ccf-93d3-de82a44955d6,2026-07-23 07:06:29.765086,HGFVADCB087EEF234D44872CBE1D216D247D,14a56b07-acaa-455d-b7c8-d19482bda270,,0,,resource_file_action,hg_stock
3f52da4b-d328-4b44-946a-6d8d3c2e0023,2,fff30156-5a9f-452e-8d07-a41451ce0690,,c7e523e0-8f68-4c56-a9b2-4122827064e9,2026-07-23 07:06:54.730336,HGFV95C97E3C5ABD45208C42F7CE357D25F2,15d4fb26-9fbf-42b5-bad8-0ac02b089967,,0,,resource_file_action,hg_stock
1fffbbaa-e682-46d2-bc2a-d726db72490e,2,8105202b-7743-465a-88b7-c80006c6e5de,,70ab807b-1fc5-4db5-9b4b-5fb5a5d664f7,2026-07-23 07:08:02.574323,HGFVF14F5729CDC64153A9B298796D85BD80,15d4fb26-9fbf-42b5-bad8-0ac02b089967,,0,,resource_file_action,hg_stock
93e9f7a1-5127-4436-80c0-a810c61353e1,2,e3bf269f-de7b-4ed1-98ef-1ba0061438b8,,d917625a-fd49-4660-9257-60b5792f700a,2026-07-23 07:09:02.069302,HGFV89D2D4EB6B0E4C1A9A2EAC4CBB1C458A,15d4fb26-9fbf-42b5-bad8-0ac02b089967,,0,,resource_file_action,hg_stock
77925b40-aad3-4191-9109-32eefa86a6bb,0,e2fd5534-e4d8-4189-8f38-1f634eafa884,,522cc0c7-0990-4e26-b535-392767a7c142,2026-07-23 07:12:41.669909,HGFV2C9C9BAF22BD4D5CB23551EB3E3B09FF,9d1a05af-255e-469c-a0a6-059e30110a50,,0,,resource_file_action,hg_stock
b4043251-97a4-4a3d-beb0-ceaf194e71fb,2,22daa179-1181-4f0c-b392-978aa9570aaf,,25383aa0-c3b0-4e3e-b5f7-ae6260042926,2026-07-23 07:15:40.080858,HGFAC6A54C82A6FA4F939FE418AAFFB9303A,586ea656-74ed-40ee-a8ac-376ea693da9e,,0,,resource_file_action,hg_stock
538e3a3e-74c3-4085-bed2-25fe362bf7d5,1,4907cb0a-bd16-45c9-90d4-9120c678f037,,4c05f915-db94-4d44-985d-94702dd0161b,2026-08-18 09:12:14.053209,HGFV395B2CA4B3D9463EA115A5F1366684FF,55b4c422-d1ea-4c21-99ec-27e2da4cc3c2,Tài nguyên công ty / AN TUỆ / FOOTAGE / THU MUA / AN TUỆ / 2. KHO FOOTAGE ĐÃ HẬU KỲ / 2.1 UPLOAD - TEAM HẬU KỲ / Trường / Tháng 8/2026 / Mùa đông / 170 video,0,,resource_file_action,hg_stock
f0dfe05d-0422-4238-9525-dd9977fac751,1,ca20d066-39b0-4c59-9d77-0b52c05d2ef8,,4c05f915-db94-4d44-985d-94702dd0161b,2026-08-18 09:12:22.801081,HGFVE2004210DBB042A18107874BAE067F87,55b4c422-d1ea-4c21-99ec-27e2da4cc3c2,Tài nguyên công ty / AN TUỆ / FOOTAGE / THU MUA / AN TUỆ / 2. KHO FOOTAGE ĐÃ HẬU KỲ / 2.1 UPLOAD - TEAM HẬU KỲ / Trường / Tháng 8/2026 / Mùa đông / 170 video,0,,resource_file_action,hg_stock
bf1bd1b8-2a3d-4006-95f4-28a9a92790a3,2,cb32befc-3b7f-4358-9472-5d130b0f8426,,27f44d18-9d8f-4943-a744-e1efb0a0728a,2026-07-23 06:52:28.413808,HGFV491CE5A0094A4FB39E834C5A62721AE2,15d4fb26-9fbf-42b5-bad8-0ac02b089967,,0,,resource_file_action,hg_stock
f39272d2-99a4-4d31-8ae7-9e80e872d74d,2,a568a210-e0ea-45d7-ac66-656d0566e171,,27f44d18-9d8f-4943-a744-e1efb0a0728a,2026-07-23 06:52:29.539421,HGFVFCA843FBA2B0477F825A81D2B5BD34D7,15d4fb26-9fbf-42b5-bad8-0ac02b089967,,0,,resource_file_action,hg_stock
8bac89aa-c2c9-4564-ae35-6443635dc7b5,2,7e05a670-f39b-4000-bb19-8e7e3e1fbcad,,27f44d18-9d8f-4943-a744-e1efb0a0728a,2026-07-23 06:52:31.60142,HGFV0D7BAC22FCA84B71A27D3290B89D08AD,15d4fb26-9fbf-42b5-bad8-0ac02b089967,,0,,resource_file_action,hg_stock
bb6da522-0f75-4bff-8573-b05e3fbc623c,0,d350f189-4b82-436f-8c24-4d3d909bb69e,,27f44d18-9d8f-4943-a744-e1efb0a0728a,2026-07-23 06:52:35.411436,HGFV7B562006B29B43C6957D5B38F41A2820,15d4fb26-9fbf-42b5-bad8-0ac02b089967,Tài nguyên công ty / HOLDING / FOOTAGE / DEEP HOUSE / THU MUA / GAETAN PIOLOT / Video Cut nhỏ - Gaetan Piolot (AT),0,,resource_file_action,hg_stock
d0c799d1-e68f-438e-a0d2-73d218d82eea,2,406fbc6e-adb8-46a7-8897-7a15be14aa4c,,337a7ea7-f2ce-407d-9a14-19bdbdb2dc79,2026-07-23 06:52:46.726768,HGFV9A31E72CD61E4572A0029FF0D5A0CC87,658411b2-0e1a-43b5-8fe7-1ce5182c0e53,,0,,resource_file_action,hg_stock
51aa738f-7e9a-4232-bbf1-d11040c612fd,2,388f91eb-2b06-42ac-bc26-b57420b46e05,,27f44d18-9d8f-4943-a744-e1efb0a0728a,2026-07-23 06:53:11.662092,HGFV722FA19B64A54A7984616984DE52CBE1,15d4fb26-9fbf-42b5-bad8-0ac02b089967,,0,,resource_file_action,hg_stock
8684635c-eb1b-4a90-9b03-d23e5dc1a0ac,2,5bc174b9-ea87-4bfd-b891-5b89a9cf5b8d,,27f44d18-9d8f-4943-a744-e1efb0a0728a,2026-07-23 06:53:15.713635,HGFV13EAB341AF5A4B4682F405E3D3DF0B96,15d4fb26-9fbf-42b5-bad8-0ac02b089967,,0,,resource_file_action,hg_stock
ba75e62f-b91a-4af7-ae95-93d9b8c67da5,2,16eeaf86-4ad7-4f2e-a789-88261a372996,,27f44d18-9d8f-4943-a744-e1efb0a0728a,2026-07-23 06:53:16.632341,HGFV0F1A9942625D495193E3998DFD045FF4,15d4fb26-9fbf-42b5-bad8-0ac02b089967,,0,,resource_file_action,hg_stock
e35f1365-140d-4dd3-923d-6136386e7e03,2,0feb0c10-fb75-4f75-a74e-2cfbe5f1ee98,,27f44d18-9d8f-4943-a744-e1efb0a0728a,2026-07-23 06:54:04.321221,HGFV3CE34295458D405FB3217F03A30E5BB5,15d4fb26-9fbf-42b5-bad8-0ac02b089967,,0,,resource_file_action,hg_stock
1fed59e6-f992-4fe7-8dfd-4ddcabb313eb,2,5e64c6ed-1cc0-4a56-acc4-b21c39c84f57,,70ab807b-1fc5-4db5-9b4b-5fb5a5d664f7,2026-07-23 06:55:38.893106,HGFV8E7077142D774F0AAFCC4C6EE46C4582,15d4fb26-9fbf-42b5-bad8-0ac02b089967,,0,,resource_file_action,hg_stock
08dd45bb-9802-46b7-88ed-e6e05454411a,2,fa80e1be-5e15-4fd4-b1ef-8f7810d2b351,,70ab807b-1fc5-4db5-9b4b-5fb5a5d664f7,2026-07-23 06:56:03.126175,HGFVF9F8AC047E9E4F008562132B07AC0CB6,15d4fb26-9fbf-42b5-bad8-0ac02b089967,,0,,resource_file_action,hg_stock
553aacdd-1f23-4b98-852f-abe856f59539,2,669a3765-84f9-4325-8d20-f21ce0c78898,,e0520965-d867-47cc-99e8-071806619383,2026-07-23 06:56:20.369904,HGFV5D9BC04F8914490F84875D801347BB4F,8a8b3dff-fcb5-49d6-a43d-309847b66a99,,0,,resource_file_action,hg_stock
f8784334-c396-49d4-b6cb-4a26b8a57ddd,2,5e64c6ed-1cc0-4a56-acc4-b21c39c84f57,,70ab807b-1fc5-4db5-9b4b-5fb5a5d664f7,2026-07-23 06:56:59.668203,HGFV8E7077142D774F0AAFCC4C6EE46C4582,15d4fb26-9fbf-42b5-bad8-0ac02b089967,,0,,resource_file_action,hg_stock
021e208b-8aa3-4506-818f-c7863b9c8cf6,2,114183e2-e710-44ed-9961-f984ffcda88a,,d0a4fc9d-f619-4e14-b4f2-3b9139c7026a,2026-07-23 06:58:39.197181,HGFA70EB59CDB4084E839205FF21839310A5,47521f49-67bc-479c-86fa-9c1081582865,,0,,resource_file_action,hg_stock
263e89bb-c497-4da3-8a50-24dd1cd85e37,2,f3111230-8e28-48e1-b0d4-533730a4b0d1,,70ab807b-1fc5-4db5-9b4b-5fb5a5d664f7,2026-07-23 06:59:04.241769,HGFV9595509748C44028A03E75DD22E1F3D2,15d4fb26-9fbf-42b5-bad8-0ac02b089967,,0,,resource_file_action,hg_stock
e4c221fb-029e-472c-bfc9-174e3a0ed4e5,2,86dbc303-c173-461c-be70-b9f05c158e63,,70ab807b-1fc5-4db5-9b4b-5fb5a5d664f7,2026-07-23 06:59:09.525615,HGFV258980C032B64C1A9C3A8ABAFBD6BA2B,15d4fb26-9fbf-42b5-bad8-0ac02b089967,,0,,resource_file_action,hg_stock
8febcb70-238b-4bfe-b4d2-80026761725b,2,6919ec20-1102-4e18-b1de-cb777776e109,,70ab807b-1fc5-4db5-9b4b-5fb5a5d664f7,2026-07-23 06:59:11.958062,HGFV3E15C32D79E34450BD3AEB7FF53C2CD1,15d4fb26-9fbf-42b5-bad8-0ac02b089967,,0,,resource_file_action,hg_stock
c492ee72-6982-449c-a5d2-199aa3a94172,2,e4bb72f0-c0a2-49e6-a626-91421ae07d61,,70ab807b-1fc5-4db5-9b4b-5fb5a5d664f7,2026-07-23 06:59:15.623594,HGFV980AA7DC46AD415EA93638F3DBD0F050,15d4fb26-9fbf-42b5-bad8-0ac02b089967,,0,,resource_file_action,hg_stock
4c866d6c-bc68-4bce-81cf-5e478e67c740,2,58b0295a-fa16-4e8e-bb5e-855b68f7e584,,70ab807b-1fc5-4db5-9b4b-5fb5a5d664f7,2026-07-23 06:59:28.320097,HGFVE5A069FAC9A74CF693215160578EB44B,15d4fb26-9fbf-42b5-bad8-0ac02b089967,,0,,resource_file_action,hg_stock
3dbaad2c-b6fd-4785-adfb-9c59f5357898,2,3a00ac9d-6665-4682-a1b9-7dadcf1c56f0,,954feab8-e0a0-4ccf-93d3-de82a44955d6,2026-07-23 07:04:18.859994,HGFVE302C6F7365C4DA19C82569E1A64D336,cd6b70b9-dec6-433b-ba80-806a8f88b1c3,,0,,resource_file_action,hg_stock
62097869-3ad6-4c54-b5c4-fe9903d8b50d,2,3ec9278b-b62f-470d-8288-8f8d2d8d84c7,,954feab8-e0a0-4ccf-93d3-de82a44955d6,2026-07-23 07:04:25.228898,HGFVF471BD2BDF494003A6B1F6967CBE8C19,cd6b70b9-dec6-433b-ba80-806a8f88b1c3,,0,,resource_file_action,hg_stock
d467e4a9-0d51-4de9-bea0-59121535443d,0,c6bcc168-470d-449e-85f5-65da0363cbf0,,6fd5baa6-0d7b-4677-84b6-ce638cf1cef3,2026-07-23 07:04:43.312759,HGFA510BB06391BE43A08109BE3B179AB9BC,dfb4ab24-e08d-455a-a6df-d58a1c187134,Tài nguyên công ty / AN TUỆ / NHẠC / DEEP HOUSE / DEEP HOUSE - 2 / Deep House - 2 | Deep House Summer / Chung An Tuệ / MKT gen / 2510,0,,resource_file_action,hg_stock
eed43407-4ad5-48fb-b671-08f7c608723e,2,adb46cd8-d019-409d-83de-2c1289f34c57,,954feab8-e0a0-4ccf-93d3-de82a44955d6,2026-07-23 07:05:33.453498,HGFV70E073ECB96D43B49EA31A4E33DAFB12,4c82c928-fce8-4f66-8e33-526537376042,,0,,resource_file_action,hg_stock
e110fcba-1a7d-4c10-a52f-89bb2606fad8,2,4359bebe-28cf-457c-8f1a-c06f5c174cb3,,6fd5baa6-0d7b-4677-84b6-ce638cf1cef3,2026-07-23 07:06:09.02082,HGFA8D4584E3A8C94A26B35C25CA7455864F,63654598-cbab-40a9-81d1-1a7b51fa61ef,,0,,resource_file_action,hg_stock
3b75cb9e-64d1-44b5-9ae7-0752068984cc,0,4addfc09-e0d7-4c20-8c29-e92634a2ee81,,6fd5baa6-0d7b-4677-84b6-ce638cf1cef3,2026-07-23 07:06:50.216759,HGFAF42D4AAEDC4A426E9F3F7E8916F3FF3E,e343a09f-b601-4bbd-9492-1bb39f07e03b,Tài nguyên công ty / AN TUỆ / NHẠC / DEEP HOUSE / DEEP HOUSE - 2 / Deep House - 2 | Tropical House / Chung An Tuệ / MKT gen / 2510,0,,resource_file_action,hg_stock
6aa8ab57-0db6-4732-a3a2-fba091e83251,2,df609a40-63a9-4a4e-8388-2c70e8a51809,,c7e523e0-8f68-4c56-a9b2-4122827064e9,2026-07-23 07:07:06.86633,HGFVE8FD02C32F00494FA66C5E17627F6FA9,15d4fb26-9fbf-42b5-bad8-0ac02b089967,,0,,resource_file_action,hg_stock
93556501-b80f-4bd1-8e6c-e67c37dbaa79,2,4c911925-7cac-480a-bed1-2433acdf5783,,6fd5baa6-0d7b-4677-84b6-ce638cf1cef3,2026-07-23 07:07:46.567953,HGFAC1B4C0E7D5B94E60A39B6ABD8BE4B9AA,c50ec88a-9327-454e-9423-0829b175ad92,,0,,resource_file_action,hg_stock
46397772-3f22-4543-b7b8-1a3a1b9ad779,2,a9f02fc0-e1f0-41d7-8ba2-6e65ecce99c8,,954feab8-e0a0-4ccf-93d3-de82a44955d6,2026-07-23 07:07:51.71068,HGFV0199EE76E1F64459B412E2D8EB6222E7,14a56b07-acaa-455d-b7c8-d19482bda270,,0,,resource_file_action,hg_stock
453ecabd-3c98-4e8b-8536-6cdfc495cdfd,2,6f99e94f-dede-48b0-bb2b-b0bd35b163e8,,6fd5baa6-0d7b-4677-84b6-ce638cf1cef3,2026-07-23 07:08:38.499182,HGFAB4E98D08E389406A87670959BB94A892,e343a09f-b601-4bbd-9492-1bb39f07e03b,,0,,resource_file_action,hg_stock
c580e5b1-3ded-40ee-bba1-67c458181148,0,8b0dc18f-f955-46fb-90e7-d4c6dbce1a8e,,6fd5baa6-0d7b-4677-84b6-ce638cf1cef3,2026-07-23 07:08:50.603112,HGFAA9038734C8EF4680A2E0C77844D3B385,e343a09f-b601-4bbd-9492-1bb39f07e03b,Tài nguyên công ty / AN TUỆ / NHẠC / DEEP HOUSE / DEEP HOUSE - 2 / Deep House - 2 | Tropical House / Chung An Tuệ / MKT gen / 2510,0,,resource_file_action,hg_stock
3777b4f7-9557-4a62-a89f-03be85a62b8c,2,8dc5b404-5646-4b46-9738-4df2836dee85,,6fd5baa6-0d7b-4677-84b6-ce638cf1cef3,2026-07-23 07:08:55.070444,HGFA96745AA6B5FB499C853AB696FB45FEA8,e343a09f-b601-4bbd-9492-1bb39f07e03b,,0,,resource_file_action,hg_stock
d426b568-eee1-474e-8485-683f914536a3,2,ccdeccea-981a-4390-b026-846202911772,,27f44d18-9d8f-4943-a744-e1efb0a0728a,2026-07-23 06:52:33.555987,HGFV6C4B172033034D9E94CC8FBBFD05F185,15d4fb26-9fbf-42b5-bad8-0ac02b089967,,0,,resource_file_action,hg_stock
adeaaaa6-88ed-4346-bd37-ad65504bf286,2,d350f189-4b82-436f-8c24-4d3d909bb69e,,27f44d18-9d8f-4943-a744-e1efb0a0728a,2026-07-23 06:52:36.068333,HGFV7B562006B29B43C6957D5B38F41A2820,15d4fb26-9fbf-42b5-bad8-0ac02b089967,,0,,resource_file_action,hg_stock
6c8cc97a-704c-458c-8483-66f049bff88c,2,71e17bf3-e40d-46fa-8864-fb1ca4ef6261,,525da606-5fbb-4c27-9bf4-dbe72e7333a9,2026-07-23 06:52:43.455117,HGFV9B21EBBAE9424F05958ADBC709FFBA43,915fc4df-4fb5-4421-a984-9ab634d006c6,,0,,resource_file_action,hg_stock
eb41a5f1-64fb-4d37-aa09-0e8f764193a8,2,51400dac-e390-4411-9bc3-b10b37c741ca,,27f44d18-9d8f-4943-a744-e1efb0a0728a,2026-07-23 06:52:48.70098,HGFV3E756441D0D94D1AA27C083CF6B33301,15d4fb26-9fbf-42b5-bad8-0ac02b089967,,0,,resource_file_action,hg_stock
69a91327-f8e7-4c4e-9000-eb93e4b144a5,2,5d848404-cb9a-4e48-9759-b12c15790041,,337a7ea7-f2ce-407d-9a14-19bdbdb2dc79,2026-07-23 06:52:49.748112,HGFV7C7B58A16C764CC1B2E157563EF3021F,658411b2-0e1a-43b5-8fe7-1ce5182c0e53,,0,,resource_file_action,hg_stock
793f0764-ee99-4e2e-8cbd-84bf58b4dbd1,2,2bd52162-900f-4fc0-841a-10b43cf23647,,337a7ea7-f2ce-407d-9a14-19bdbdb2dc79,2026-07-23 06:52:53.055409,HGFV52640815050B42F593640024B3B95F6E,08a94126-38c6-44f6-bc40-b08683d6f21c,,0,,resource_file_action,hg_stock
ee95a595-4ea7-4587-aa45-885c36ea6605,0,0650be6f-9134-445e-848c-76c4d646eada,,27f44d18-9d8f-4943-a744-e1efb0a0728a,2026-07-23 06:52:54.154855,HGFV07E782869EFF45DA9D70F82F16E810DA,15d4fb26-9fbf-42b5-bad8-0ac02b089967,Tài nguyên công ty / HOLDING / FOOTAGE / DEEP HOUSE / THU MUA / GAETAN PIOLOT / Video Cut nhỏ - Gaetan Piolot (AT),0,,resource_file_action,hg_stock
328d7157-4379-4a5c-97f4-9693368ae8ea,2,e30ec5f9-043d-4f73-9864-3a77eadedfca,,337a7ea7-f2ce-407d-9a14-19bdbdb2dc79,2026-07-23 06:52:56.950502,HGFV0602FAFEF2AD4EC991BC6BB11F810431,4c82c928-fce8-4f66-8e33-526537376042,,0,,resource_file_action,hg_stock
07c174e4-d2d9-463b-b53e-7b4e1eb7034c,2,19480614-b353-49b0-bd6d-023b4d3e45a9,,27f44d18-9d8f-4943-a744-e1efb0a0728a,2026-07-23 06:52:57.283718,HGFV4718673B16504A8FAD7BA9063831133D,15d4fb26-9fbf-42b5-bad8-0ac02b089967,,0,,resource_file_action,hg_stock
cb7bb98d-5fb3-44a1-b908-117e95fdaf1c,2,a55ba96c-3983-4d53-ad32-9f045da5e2fe,,27f44d18-9d8f-4943-a744-e1efb0a0728a,2026-07-23 06:53:12.937292,HGFV2C1AF0ED9AF74966A97C4E8B15D7BA92,15d4fb26-9fbf-42b5-bad8-0ac02b089967,,0,,resource_file_action,hg_stock
42b1a6cb-2519-41ec-bb5f-6f77702d609c,2,f3111230-8e28-48e1-b0d4-533730a4b0d1,,70ab807b-1fc5-4db5-9b4b-5fb5a5d664f7,2026-07-23 06:53:48.545762,HGFV9595509748C44028A03E75DD22E1F3D2,15d4fb26-9fbf-42b5-bad8-0ac02b089967,,0,,resource_file_action,hg_stock
1269cab8-0e8b-4148-b98a-cdac727c6c67,2,41c44413-fd2e-4456-af6c-05e653522556,,27f44d18-9d8f-4943-a744-e1efb0a0728a,2026-07-23 06:54:04.608634,HGFV7BA02F765D3A4E33946158D3A7954456,15d4fb26-9fbf-42b5-bad8-0ac02b089967,,0,,resource_file_action,hg_stock
8124c8f5-82ec-43f8-806d-df2671d21365,2,f9aded87-07c5-4850-b917-f2b35fd573e5,,70ab807b-1fc5-4db5-9b4b-5fb5a5d664f7,2026-07-23 06:54:11.674633,HGFVA0DFD894317A4CFF9EDCE44085938156,15d4fb26-9fbf-42b5-bad8-0ac02b089967,,0,,resource_file_action,hg_stock
ec0d4691-d764-48a0-b975-a93bef076c29,2,ef840499-7da0-470c-ac56-60f81a85b96f,,70ab807b-1fc5-4db5-9b4b-5fb5a5d664f7,2026-07-23 06:54:12.083049,HGFV6C2AF3CAB86440B59D93BD7F803B7B62,15d4fb26-9fbf-42b5-bad8-0ac02b089967,,0,,resource_file_action,hg_stock
87c4c560-c71c-495f-aa1d-1c24f32f1afd,2,f5b1c5b5-bc36-4502-853f-e75211d73ba9,,70ab807b-1fc5-4db5-9b4b-5fb5a5d664f7,2026-07-23 06:54:25.639116,HGFV3BD27AD89EED43A497C2B8CEC24EFB6C,15d4fb26-9fbf-42b5-bad8-0ac02b089967,,0,,resource_file_action,hg_stock
23b5d130-51ce-445a-8209-7296124a55e7,2,86a5a314-8a80-46fc-afa7-d3b949a7ee8c,,70ab807b-1fc5-4db5-9b4b-5fb5a5d664f7,2026-07-23 06:54:29.643573,HGFV0ABB90146C1A40A89F26C7D0B4C1507D,15d4fb26-9fbf-42b5-bad8-0ac02b089967,,0,,resource_file_action,hg_stock
e843d151-0901-4018-8d8f-ce290e504b93,2,e3bf269f-de7b-4ed1-98ef-1ba0061438b8,,70ab807b-1fc5-4db5-9b4b-5fb5a5d664f7,2026-07-23 06:54:43.413155,HGFV89D2D4EB6B0E4C1A9A2EAC4CBB1C458A,15d4fb26-9fbf-42b5-bad8-0ac02b089967,,0,,resource_file_action,hg_stock
0afc6b07-eba0-4ca4-a1ec-161e70ac73ab,2,df2c61a6-4773-4f8f-959d-43575810b2af,,70ab807b-1fc5-4db5-9b4b-5fb5a5d664f7,2026-07-23 06:55:36.321698,HGFVCF9DC8A0C52143AD861886A1F977A761,15d4fb26-9fbf-42b5-bad8-0ac02b089967,,0,,resource_file_action,hg_stock
302e9eba-0ff2-4139-843a-83af0d8c75f6,2,9942a97b-dec9-4296-8aa7-b910ae6edff8,,d0a4fc9d-f619-4e14-b4f2-3b9139c7026a,2026-07-23 06:56:11.9278,HGFA20BCB3458A354D19B8881912E7A1EE7E,93ee3148-8bc0-4815-9637-0b797a45cb2e,,0,,resource_file_action,hg_stock
3c1b430c-61e5-46aa-b1f2-2089c7480612,2,ee8f1d57-c05b-428e-948d-f1a62bcba174,,d0a4fc9d-f619-4e14-b4f2-3b9139c7026a,2026-07-23 06:56:22.918088,HGFAD39BE413052B41DD96E5BD6FCD6653EC,93ee3148-8bc0-4815-9637-0b797a45cb2e,,0,,resource_file_action,hg_stock
8d3449e9-f234-490b-aabc-b765b9e7664d,2,ed162f94-f2d8-42b3-9eb2-e332d073ed11,,d0a4fc9d-f619-4e14-b4f2-3b9139c7026a,2026-07-23 06:56:30.763484,HGFA286305B50EA44AAD90B3533C25C80F7C,93ee3148-8bc0-4815-9637-0b797a45cb2e,,0,,resource_file_action,hg_stock
1a200bf0-d452-48db-a2d4-69bade9e27b3,2,11df4ce2-53af-4b6e-8125-616ca1591c63,,70ab807b-1fc5-4db5-9b4b-5fb5a5d664f7,2026-07-23 06:56:51.759572,HGFVFFF43BCD425E4523BD2112989F8E1CF2,15d4fb26-9fbf-42b5-bad8-0ac02b089967,,0,,resource_file_action,hg_stock
83c8f762-44ae-4bb8-9acb-cd197f46ff5f,2,f787dde8-9715-4f54-b42b-6a81ef7890fa,,70ab807b-1fc5-4db5-9b4b-5fb5a5d664f7,2026-07-23 06:56:58.968662,HGFV9C64D4794450443ABBC0FC55693582AA,15d4fb26-9fbf-42b5-bad8-0ac02b089967,,0,,resource_file_action,hg_stock
c6d77dce-4279-430e-b6c5-f60183a2f692,2,921ac610-c95f-4f9a-b737-3442ca997887,,70ab807b-1fc5-4db5-9b4b-5fb5a5d664f7,2026-07-23 06:57:00.348596,HGFV2CF10E2367244026A9414B5AC9C0CA05,15d4fb26-9fbf-42b5-bad8-0ac02b089967,,0,,resource_file_action,hg_stock
ecfe65ec-1264-472c-933f-94facce60d0f,2,e1b0dfbe-4694-4445-8cde-dfe6e105bac4,,70ab807b-1fc5-4db5-9b4b-5fb5a5d664f7,2026-07-23 06:59:17.43959,HGFV76E06D4335CC4066A96D90FC7E20B81D,15d4fb26-9fbf-42b5-bad8-0ac02b089967,,0,,resource_file_action,hg_stock
6bcf7f46-ad64-4da7-9cd0-50e09658a3b9,2,f5b1c5b5-bc36-4502-853f-e75211d73ba9,,70ab807b-1fc5-4db5-9b4b-5fb5a5d664f7,2026-07-23 06:59:18.504518,HGFV3BD27AD89EED43A497C2B8CEC24EFB6C,15d4fb26-9fbf-42b5-bad8-0ac02b089967,,0,,resource_file_action,hg_stock
40cb66a0-f698-4dc3-8d0e-406fc8fbe9e9,2,f41509ee-5e8a-4fd1-854c-2028ba86e2f3,,70ab807b-1fc5-4db5-9b4b-5fb5a5d664f7,2026-07-23 06:59:27.264464,HGFVBD01A0A748E64FFBB9067BB745254F8C,15d4fb26-9fbf-42b5-bad8-0ac02b089967,,0,,resource_file_action,hg_stock
877406be-0140-40e9-aa38-0f578270abdc,2,7186b998-574e-45fc-ac84-a73e8d358689,,70ab807b-1fc5-4db5-9b4b-5fb5a5d664f7,2026-07-23 06:59:28.810347,HGFVC0477FAE252B407FA9076178C289AF9A,15d4fb26-9fbf-42b5-bad8-0ac02b089967,,0,,resource_file_action,hg_stock
d0ec1262-605f-4abd-a303-b6af9058c0c9,2,3c95c187-08ad-412e-8521-53beb135225d,,70ab807b-1fc5-4db5-9b4b-5fb5a5d664f7,2026-07-23 06:59:40.609948,HGFVB13DEC67601E497AA359C8836C35E463,15d4fb26-9fbf-42b5-bad8-0ac02b089967,,0,,resource_file_action,hg_stock
ecf53584-2833-48e2-b663-20f06d314a58,2,a32ce510-a6e0-431d-830c-7fed23aaaf11,,70ab807b-1fc5-4db5-9b4b-5fb5a5d664f7,2026-07-23 07:00:13.948032,HGFV16BEFB78F05C4F54BEFE0D30B7C8168F,15d4fb26-9fbf-42b5-bad8-0ac02b089967,,0,,resource_file_action,hg_stock
25df16c2-9d8f-4b9c-a3ca-fbeaa19ff00f,0,5b01635a-0642-48c4-8e17-202c4d451862,,522cc0c7-0990-4e26-b535-392767a7c142,2026-07-23 07:00:59.604119,HGFV6E7C2506FEEE4167B23E54989A186587,18eb0155-4c57-4f14-8283-0f87920c2e89,,0,,resource_file_action,hg_stock
416b5c3d-b037-42d2-a0a9-dc53fd818d45,1,2e009706-82e6-4b7e-aecd-056aaa335944,,4c05f915-db94-4d44-985d-94702dd0161b,2026-08-18 09:12:15.425237,HGFV0E553CB76F9D40A7A7CC73898B2382C3,55b4c422-d1ea-4c21-99ec-27e2da4cc3c2,Tài nguyên công ty / AN TUỆ / FOOTAGE / THU MUA / AN TUỆ / 2. KHO FOOTAGE ĐÃ HẬU KỲ / 2.1 UPLOAD - TEAM HẬU KỲ / Trường / Tháng 8/2026 / Mùa đông / 170 video,0,,resource_file_action,hg_stock
41de8e79-2882-4b25-8d26-edfc695ec0e7,2,fac74992-fec7-448e-8220-9bdbe611fc7d,,27f44d18-9d8f-4943-a744-e1efb0a0728a,2026-07-23 06:53:05.352505,HGFV627E724CE62A4788B0DEDF0506174826,15d4fb26-9fbf-42b5-bad8-0ac02b089967,,0,,resource_file_action,hg_stock
d76e5f9d-5e02-4aa8-aaa7-c2d53fb7962f,0,fac74992-fec7-448e-8220-9bdbe611fc7d,,27f44d18-9d8f-4943-a744-e1efb0a0728a,2026-07-23 06:53:06.717138,HGFV627E724CE62A4788B0DEDF0506174826,15d4fb26-9fbf-42b5-bad8-0ac02b089967,Tài nguyên công ty / HOLDING / FOOTAGE / DEEP HOUSE / THU MUA / GAETAN PIOLOT / Video Cut nhỏ - Gaetan Piolot (AT),0,,resource_file_action,hg_stock
f6f7b8d7-2cca-49a1-a8c9-0bd87eeba8aa,2,974efd9c-ae78-4158-9d48-e9d4b730cbc8,,337a7ea7-f2ce-407d-9a14-19bdbdb2dc79,2026-07-23 06:53:09.592293,HGFV8A65FB6DE18F4B4DAC2252E610ECB643,4f6b1c39-52fb-4e95-8ecc-5244b1ed8311,,0,,resource_file_action,hg_stock
da8b063f-213c-439d-938e-eecb88f88b88,2,27f6c1e9-9ddc-49c2-b469-37fcda102ff2,,27f44d18-9d8f-4943-a744-e1efb0a0728a,2026-07-23 06:53:16.451955,HGFV2057245AD63F45469C39D99EC3144C52,15d4fb26-9fbf-42b5-bad8-0ac02b089967,,0,,resource_file_action,hg_stock
f081db51-3ad1-438e-9cc3-e7299d8139eb,2,37fee3df-a29d-45cf-ac31-cc05ebe062a8,,27f44d18-9d8f-4943-a744-e1efb0a0728a,2026-07-23 06:53:16.87567,HGFVF551FC10C7D64272AD4488C30A2A6266,15d4fb26-9fbf-42b5-bad8-0ac02b089967,,0,,resource_file_action,hg_stock
b924b428-a7f6-4131-8c56-8c2a46726e01,2,e4eccc8a-fcab-44cd-8bec-9467ad0669e5,,70ab807b-1fc5-4db5-9b4b-5fb5a5d664f7,2026-07-23 06:54:15.474548,HGFV728E0E9EFB6343FF9444FD3565A1AE49,15d4fb26-9fbf-42b5-bad8-0ac02b089967,,0,,resource_file_action,hg_stock
03ce6331-baea-4f28-9d26-d4d530789b84,2,deb02081-ab92-4cf6-b2db-f664c34eeeeb,,70ab807b-1fc5-4db5-9b4b-5fb5a5d664f7,2026-07-23 06:55:21.317297,HGFV9F21608D12B14ACF8907D38F150178AE,15d4fb26-9fbf-42b5-bad8-0ac02b089967,,0,,resource_file_action,hg_stock
3792b8a5-dd98-467c-8ff5-d49490a1ff5c,2,8105202b-7743-465a-88b7-c80006c6e5de,,70ab807b-1fc5-4db5-9b4b-5fb5a5d664f7,2026-07-23 06:55:33.93537,HGFVF14F5729CDC64153A9B298796D85BD80,15d4fb26-9fbf-42b5-bad8-0ac02b089967,,0,,resource_file_action,hg_stock
d73e498b-ee53-4441-bca2-ab341c0a5a8a,2,0ae75d9c-1ef8-4e22-a110-368e8e3f1a56,,d0a4fc9d-f619-4e14-b4f2-3b9139c7026a,2026-07-23 06:56:04.793642,HGFAF2059FF03A164384AF7A4EF66E312723,93ee3148-8bc0-4815-9637-0b797a45cb2e,,0,,resource_file_action,hg_stock
24bf8192-d556-474c-ad7b-501e4bfde926,2,ef840499-7da0-470c-ac56-60f81a85b96f,,70ab807b-1fc5-4db5-9b4b-5fb5a5d664f7,2026-07-23 06:59:01.743753,HGFV6C2AF3CAB86440B59D93BD7F803B7B62,15d4fb26-9fbf-42b5-bad8-0ac02b089967,,0,,resource_file_action,hg_stock
5d5a5c19-a6b5-48a3-b9ed-0e8d25a94d5c,2,56c49461-18cf-42c0-9eab-186b91365999,,70ab807b-1fc5-4db5-9b4b-5fb5a5d664f7,2026-07-23 06:59:05.706585,HGFV5480CC498134423482661687B98943DA,15d4fb26-9fbf-42b5-bad8-0ac02b089967,,0,,resource_file_action,hg_stock
c5f12b48-be15-4566-9265-28f0897285a1,2,f3651f55-8dac-4a07-b353-849bbd85d077,,70ab807b-1fc5-4db5-9b4b-5fb5a5d664f7,2026-07-23 06:59:07.142745,HGFV8961634D5E4A4CB28D2911A1B6AD4AF1,15d4fb26-9fbf-42b5-bad8-0ac02b089967,,0,,resource_file_action,hg_stock
1c5d30af-883b-4962-9aa7-940955205ee9,2,5d79f9b4-f64e-4e5c-90f7-484f08cfb745,,70ab807b-1fc5-4db5-9b4b-5fb5a5d664f7,2026-07-23 06:59:41.03604,HGFV79B3A25FA34C44D385CAB58183028EFF,15d4fb26-9fbf-42b5-bad8-0ac02b089967,,0,,resource_file_action,hg_stock
5ae5b9ed-a1cb-4b86-a4b8-5c38872407ad,2,c20da51d-bece-4892-9fd9-de9daeaff6e7,,70ab807b-1fc5-4db5-9b4b-5fb5a5d664f7,2026-07-23 06:59:42.321876,HGFVF7760F8A221E4EB18D1281541485BEB2,15d4fb26-9fbf-42b5-bad8-0ac02b089967,,0,,resource_file_action,hg_stock
ee9ff963-dd57-4437-ba86-66d5223a7b1d,2,b49c89cc-2fb9-49f3-adee-ee8e07802477,,70ab807b-1fc5-4db5-9b4b-5fb5a5d664f7,2026-07-23 06:59:48.531772,HGFV65968D72B82946B2BBDEEA77E94E9929,15d4fb26-9fbf-42b5-bad8-0ac02b089967,,0,,resource_file_action,hg_stock
80f9f87c-2b77-417e-86b3-eebaf78455ed,2,dab6d77b-0553-4180-9e73-d0f663b176ba,,70ab807b-1fc5-4db5-9b4b-5fb5a5d664f7,2026-07-23 07:00:00.740328,HGFV4820CE59068A4F4B9DBBCB18D9C42CDE,15d4fb26-9fbf-42b5-bad8-0ac02b089967,,0,,resource_file_action,hg_stock
cd5c2fe3-aa87-415e-9c45-54112dca12ed,2,b2b01a8c-8451-43df-a9cc-2e746baa78d8,,6fd5baa6-0d7b-4677-84b6-ce638cf1cef3,2026-07-23 07:03:04.181231,HGFAFD146A2A4B8F4191828E37F49147341D,dfb4ab24-e08d-455a-a6df-d58a1c187134,,0,,resource_file_action,hg_stock
d8392a5a-452d-4de5-a81e-92d7d0b58172,2,146f02f6-93ef-4bee-860a-6324a24bccfe,,954feab8-e0a0-4ccf-93d3-de82a44955d6,2026-07-23 07:05:25.026695,HGFV360CCA9184D8421CA69224DF51EAA7BF,cd6b70b9-dec6-433b-ba80-806a8f88b1c3,,0,,resource_file_action,hg_stock
bc171f56-6ce2-4623-b650-7c7369f33a9f,2,4f4a7061-a2ed-461e-bbdf-eaf65cd0f16c,,954feab8-e0a0-4ccf-93d3-de82a44955d6,2026-07-23 07:05:26.312711,HGFV96DD6D8EB7EF4F8787DE9D57A0D35382,cd6b70b9-dec6-433b-ba80-806a8f88b1c3,,0,,resource_file_action,hg_stock
19489e7f-1e0b-43b2-b065-43f8afbe5688,2,820c1fa7-66d4-4631-b396-3ecfd1a7a403,,954feab8-e0a0-4ccf-93d3-de82a44955d6,2026-07-23 07:05:34.126748,HGFV34B5846FFC79451C8ABABA6559743055,4c82c928-fce8-4f66-8e33-526537376042,,0,,resource_file_action,hg_stock
47cee3a8-bb88-42cb-9303-2fb782bbe8fb,2,580e401b-cdeb-42bc-b2d9-d3b4b8eb2e31,,27f44d18-9d8f-4943-a744-e1efb0a0728a,2026-07-23 07:06:08.47105,HGFV30E90180025540868F547204FB61AEFA,15d4fb26-9fbf-42b5-bad8-0ac02b089967,,0,,resource_file_action,hg_stock
c2840b9d-5768-4cb9-b617-a09bd0da6fbf,2,6a568cfc-5d59-4603-a5e0-e9a3b82b3a9d,,954feab8-e0a0-4ccf-93d3-de82a44955d6,2026-07-23 07:06:25.383806,HGFV4BCB05BFD9D747FF8561587A7509C056,93a2daaa-b990-45c5-87fa-1e4c82b5be96,,0,,resource_file_action,hg_stock
a8650f9a-c113-48bb-963b-5b66ab970ca4,2,722988f6-69e8-42df-87b0-15ea2a9b3fa1,,6fd5baa6-0d7b-4677-84b6-ce638cf1cef3,2026-07-23 07:08:41.738539,HGFAA1DABDC065DC44E6B3733A571505AA09,c50ec88a-9327-454e-9423-0829b175ad92,,0,,resource_file_action,hg_stock
9aa90d96-de28-4b37-8a06-5152c067d000,2,8b0dc18f-f955-46fb-90e7-d4c6dbce1a8e,,6fd5baa6-0d7b-4677-84b6-ce638cf1cef3,2026-07-23 07:08:46.779484,HGFAA9038734C8EF4680A2E0C77844D3B385,e343a09f-b601-4bbd-9492-1bb39f07e03b,,0,,resource_file_action,hg_stock
2c0419b1-6275-4dd4-a9d1-cc82b2b078cd,2,d80a893c-353f-45b8-8643-a30eee0ff49d,,6fd5baa6-0d7b-4677-84b6-ce638cf1cef3,2026-07-23 07:10:17.905945,HGFA4F2A02144F704E75BB10996E73CB8376,c50ec88a-9327-454e-9423-0829b175ad92,,0,,resource_file_action,hg_stock
f0ce2e64-9c04-4f45-a3fe-8155a66aec29,0,eaa8e58b-dd4a-411f-931c-74cef973d2a1,,6fd5baa6-0d7b-4677-84b6-ce638cf1cef3,2026-07-23 07:10:59.321498,HGFA4EDF3AE124634BB9BA7F8AAFF2B013BF,76dc3f3d-0b84-410a-8e90-cf7f84ef2eb9,Tài nguyên công ty / AN TUỆ / NHẠC / DEEP HOUSE / DEEP HOUSE - 2 / Deep House - 2 | Tropical House / Chung An Tuệ / MKT gen / 2605,0,,resource_file_action,hg_stock
1c392032-c99b-45e9-a15e-4cd537d84079,1,937cb4a9-d416-4af8-82ec-e2c165479a84,,4c05f915-db94-4d44-985d-94702dd0161b,2026-08-18 09:12:51.859889,HGFV3D6080E32388488084A3E6EFC491C670,55b4c422-d1ea-4c21-99ec-27e2da4cc3c2,Tài nguyên công ty / AN TUỆ / FOOTAGE / THU MUA / AN TUỆ / 2. KHO FOOTAGE ĐÃ HẬU KỲ / 2.1 UPLOAD - TEAM HẬU KỲ / Trường / Tháng 8/2026 / Mùa đông / 170 video,0,,resource_file_action,hg_stock
e1caf504-4fbd-4213-9445-3dec9c1554bc,2,f345913e-04e2-4072-9316-1cdbbda60153,,0de60dba-7fdd-4fbb-be09-33f00ae5efe4,2026-08-19 02:51:02.908298,HGFV26F3FE6934A74B0A9440BF9031CBD1B9,d59852c1-18ad-4cfa-88b3-37cf86a88af5,,0,,resource_file_action,hg_stock
4e8d6bb9-6ecc-42af-bd87-650f0f3948df,2,e2c66523-6ad1-4557-a2d3-46188a1020e1,,0de60dba-7fdd-4fbb-be09-33f00ae5efe4,2026-08-19 02:51:08.482218,HGFVC94EF6BA87754ECC8151EA59E6A26742,1ad9f410-abd2-4d16-a074-0412912c2861,,0,,resource_file_action,hg_stock
2c9dbaac-3f85-4711-9c93-47b039df0f47,2,5352e840-90f5-4812-aeb1-83ddd0581e29,,6225eaf1-0c57-410a-a09d-a0055f7e073a,2026-08-19 02:51:15.028746,HGFVF2DD95FDBE5440D89B272F310BB58AB6,4572e9d1-30ce-403f-9e24-d1f3017794ac,,0,,resource_file_action,hg_stock
c907032d-6b3f-40aa-900c-a1a14a56d020,2,52827fd5-a6e5-40c2-90ae-dcdc773866f6,,6225eaf1-0c57-410a-a09d-a0055f7e073a,2026-08-19 02:51:19.940709,HGFV9382D6EEBF824522AEBF778975C38938,4572e9d1-30ce-403f-9e24-d1f3017794ac,,0,,resource_file_action,hg_stock
286dd658-33bc-4edf-a405-e1c9a2b5d257,2,09cccbc3-39ca-45b8-9939-d31372af56fe,,27f44d18-9d8f-4943-a744-e1efb0a0728a,2026-07-23 06:53:06.681158,HGFV4F083A0F4DC048829DF02F65C791C867,15d4fb26-9fbf-42b5-bad8-0ac02b089967,,0,,resource_file_action,hg_stock
69bdf67b-3d24-4d83-84c8-f32276c402ba,2,00643ab5-8860-496c-b73b-60fdfe6541ae,,27f44d18-9d8f-4943-a744-e1efb0a0728a,2026-07-23 06:53:09.162395,HGFV57B899EBDCF04A5EAEBBB3B7694E15EC,15d4fb26-9fbf-42b5-bad8-0ac02b089967,,0,,resource_file_action,hg_stock
7cffd7f2-9819-462e-96ae-f9fb6001b63b,2,cfb26aea-ee0d-4701-90b2-15534c055953,,337a7ea7-f2ce-407d-9a14-19bdbdb2dc79,2026-07-23 06:53:09.407922,HGFVC0FE4F284DF14EC482D8C3E2C790F719,4f6b1c39-52fb-4e95-8ecc-5244b1ed8311,,0,,resource_file_action,hg_stock
31d13789-de5d-446b-85af-5d08c373d699,2,0bb64635-7a9f-4f28-a06c-78c478d11631,,27f44d18-9d8f-4943-a744-e1efb0a0728a,2026-07-23 06:53:10.113968,HGFV2FBAE00D84774BDDB554F2AEA70227FE,15d4fb26-9fbf-42b5-bad8-0ac02b089967,,0,,resource_file_action,hg_stock
e3d6fd25-03f7-4bdf-bce5-ed427ceb7f88,2,1589e24d-b14a-4058-acdc-1db1768d35a4,,337a7ea7-f2ce-407d-9a14-19bdbdb2dc79,2026-07-23 06:53:10.263304,HGFV79682C97F5924EC585BE6E6EF6A5B649,4f6b1c39-52fb-4e95-8ecc-5244b1ed8311,,0,,resource_file_action,hg_stock
1f834899-21bf-4a93-81ed-c98870eb4da9,2,1a62fc06-7741-418e-8574-351970f9e7c3,,27f44d18-9d8f-4943-a744-e1efb0a0728a,2026-07-23 06:53:11.364942,HGFV4DBB8BAD96AD4BCFBA1A11C92696A681,15d4fb26-9fbf-42b5-bad8-0ac02b089967,,0,,resource_file_action,hg_stock
34f812d2-bfd0-4b2e-8740-cd8e8b32de64,2,c8ffbc6e-08aa-489d-95a1-01dce48af56b,,27f44d18-9d8f-4943-a744-e1efb0a0728a,2026-07-23 06:53:18.809183,HGFV1AF4455C90E84EF5929784D7FCD9452A,15d4fb26-9fbf-42b5-bad8-0ac02b089967,,0,,resource_file_action,hg_stock
393edd13-997f-430d-8e2b-492efb1112e8,2,a8a8718b-b94a-4e96-b958-6c20ed666169,,27f44d18-9d8f-4943-a744-e1efb0a0728a,2026-07-23 06:53:21.110715,HGFV03ED78353FF1493F93FEAF548552D6EB,15d4fb26-9fbf-42b5-bad8-0ac02b089967,,0,,resource_file_action,hg_stock
7ec09d5c-0c33-4052-b917-d9bd43447732,2,5e64c6ed-1cc0-4a56-acc4-b21c39c84f57,,70ab807b-1fc5-4db5-9b4b-5fb5a5d664f7,2026-07-23 06:54:03.449639,HGFV8E7077142D774F0AAFCC4C6EE46C4582,15d4fb26-9fbf-42b5-bad8-0ac02b089967,,0,,resource_file_action,hg_stock
8f3e8696-ace9-4747-a029-4ccfadb6874d,2,40eb7b1a-085a-4822-aeeb-6307a1eb609f,,70ab807b-1fc5-4db5-9b4b-5fb5a5d664f7,2026-07-23 06:54:12.353092,HGFVC8436F582ADD4A66A6A8FCC5EFFB0C18,15d4fb26-9fbf-42b5-bad8-0ac02b089967,,0,,resource_file_action,hg_stock
2bd66cfe-f3db-4689-9203-bc9c2b7e141a,2,f3111230-8e28-48e1-b0d4-533730a4b0d1,,70ab807b-1fc5-4db5-9b4b-5fb5a5d664f7,2026-07-23 06:54:12.976854,HGFV9595509748C44028A03E75DD22E1F3D2,15d4fb26-9fbf-42b5-bad8-0ac02b089967,,0,,resource_file_action,hg_stock
17f9118b-36f5-4471-b76b-08e3ac89ac2a,2,e742306d-490a-4656-90f5-f9d5c1f9ff76,,70ab807b-1fc5-4db5-9b4b-5fb5a5d664f7,2026-07-23 06:54:24.955986,HGFVC1F06DE3881E47D99D73B2FBB257AC4B,15d4fb26-9fbf-42b5-bad8-0ac02b089967,,0,,resource_file_action,hg_stock
1c229d61-daae-45ce-ac61-fcd9dc1e3e8e,2,fe6ea557-4c87-467e-86cb-360bc2f78f0e,,70ab807b-1fc5-4db5-9b4b-5fb5a5d664f7,2026-07-23 06:54:31.251626,HGFV1236C128DEDC4AB2ADA382BCA5A85F19,15d4fb26-9fbf-42b5-bad8-0ac02b089967,,0,,resource_file_action,hg_stock
45dd52e8-e2c4-4c56-bf75-f47e06f68664,2,e5056aa9-61b4-47f4-a903-3ef6591e0848,,70ab807b-1fc5-4db5-9b4b-5fb5a5d664f7,2026-07-23 06:54:50.75946,HGFV86F28774B96049A5A03F0F4A851BCB92,15d4fb26-9fbf-42b5-bad8-0ac02b089967,,0,,resource_file_action,hg_stock
812ec7bf-ed0b-42cc-9468-c1475e891dbf,2,2e90e924-d707-431c-a51a-883842281e28,,70ab807b-1fc5-4db5-9b4b-5fb5a5d664f7,2026-07-23 06:54:51.883145,HGFV980C70C0C53241E0A14E1A4D32D6E788,15d4fb26-9fbf-42b5-bad8-0ac02b089967,,0,,resource_file_action,hg_stock
3980a331-5ac2-4925-ad7e-38da8eeefb33,2,e1f5d93a-b03a-42cd-9f73-2db78175e85a,,70ab807b-1fc5-4db5-9b4b-5fb5a5d664f7,2026-07-23 06:54:57.968926,HGFVCEE7459956144495BD4433F3FDAFDBAC,15d4fb26-9fbf-42b5-bad8-0ac02b089967,,0,,resource_file_action,hg_stock
d837f21b-56b0-45da-b318-b9540a4cf097,2,fddbae3c-9392-4a3c-9a93-5dea4f3086bc,,70ab807b-1fc5-4db5-9b4b-5fb5a5d664f7,2026-07-23 06:55:14.441341,HGFVCD89A387152F41E6979C8D08599C39E2,15d4fb26-9fbf-42b5-bad8-0ac02b089967,,0,,resource_file_action,hg_stock
2550d15d-529c-4eee-a271-1e055007d8ba,2,56c49461-18cf-42c0-9eab-186b91365999,,70ab807b-1fc5-4db5-9b4b-5fb5a5d664f7,2026-07-23 06:55:28.458864,HGFV5480CC498134423482661687B98943DA,15d4fb26-9fbf-42b5-bad8-0ac02b089967,,0,,resource_file_action,hg_stock
a5fcc84a-44f3-4194-baeb-6e4de633c3d0,2,23011943-246e-43a0-a36e-a6e7731cc117,,70ab807b-1fc5-4db5-9b4b-5fb5a5d664f7,2026-07-23 06:55:40.970773,HGFV8EC64678FC72412687856DC206218323,15d4fb26-9fbf-42b5-bad8-0ac02b089967,,0,,resource_file_action,hg_stock
e7d1de2e-3088-4471-ad64-4cf96f8f3101,2,efd42997-a8a8-43fe-a736-3e8ffe55d8a2,,70ab807b-1fc5-4db5-9b4b-5fb5a5d664f7,2026-07-23 06:55:43.289712,HGFV288B31147B8042A4B52EE5D28743B7A3,15d4fb26-9fbf-42b5-bad8-0ac02b089967,,0,,resource_file_action,hg_stock
aa4448fc-7735-43c5-baf1-66eda6d1963d,2,b29d8fb8-501e-42de-9950-4b2e219a7e3e,,d0a4fc9d-f619-4e14-b4f2-3b9139c7026a,2026-07-23 06:55:47.894985,HGFAEBFB66EE69C2428F88AE6033C8FD8CEB,93ee3148-8bc0-4815-9637-0b797a45cb2e,,0,,resource_file_action,hg_stock
55ced60e-fa88-4bc8-aca4-e0ba10446efd,2,df2c61a6-4773-4f8f-959d-43575810b2af,,70ab807b-1fc5-4db5-9b4b-5fb5a5d664f7,2026-07-23 06:55:58.109349,HGFVCF9DC8A0C52143AD861886A1F977A761,15d4fb26-9fbf-42b5-bad8-0ac02b089967,,0,,resource_file_action,hg_stock
6ade34e0-c343-4bef-aa48-ef9b7b0cc5d9,2,fce25894-bca0-4b2b-8887-5f41531b5db6,,d0a4fc9d-f619-4e14-b4f2-3b9139c7026a,2026-07-23 06:55:59.052491,HGFAEAC5CB812BC449138C4B07B736FFA8C1,93ee3148-8bc0-4815-9637-0b797a45cb2e,,0,,resource_file_action,hg_stock
80301576-ed4f-4b77-96e4-7cc0077b603c,2,df609a40-63a9-4a4e-8388-2c70e8a51809,,70ab807b-1fc5-4db5-9b4b-5fb5a5d664f7,2026-07-23 06:56:05.865348,HGFVE8FD02C32F00494FA66C5E17627F6FA9,15d4fb26-9fbf-42b5-bad8-0ac02b089967,,0,,resource_file_action,hg_stock
ea405e3b-b611-46a5-b683-99537468a504,2,a8958df7-c395-40a8-bf4e-b108b5a2b757,,e0520965-d867-47cc-99e8-071806619383,2026-07-23 06:56:20.358783,HGFVBCBD00CDC81F41D6A9D1C6328A1F9847,8a8b3dff-fcb5-49d6-a43d-309847b66a99,,0,,resource_file_action,hg_stock
0cce95d0-5ffd-40bb-83e6-04b236910f3e,2,ebde6ce8-dad1-440e-8b7f-e6ebfe57037a,,70ab807b-1fc5-4db5-9b4b-5fb5a5d664f7,2026-07-23 06:58:39.130804,HGFVB1BB5A2BDDCB47CA908FB5460117C99D,15d4fb26-9fbf-42b5-bad8-0ac02b089967,,0,,resource_file_action,hg_stock
e5d0078e-8be7-4e3b-8082-df4557a2c87a,2,93f36094-6a94-4cdb-a68e-c35370daf677,,d0a4fc9d-f619-4e14-b4f2-3b9139c7026a,2026-07-23 06:58:47.586115,HGFA57A4BC218F144B76A677110AAABA6C00,586ea656-74ed-40ee-a8ac-376ea693da9e,,0,,resource_file_action,hg_stock
b74c6f9e-ccfa-44cb-bdf1-fa2e1f993077,2,40eb7b1a-085a-4822-aeeb-6307a1eb609f,,70ab807b-1fc5-4db5-9b4b-5fb5a5d664f7,2026-07-23 06:59:03.226471,HGFVC8436F582ADD4A66A6A8FCC5EFFB0C18,15d4fb26-9fbf-42b5-bad8-0ac02b089967,,0,,resource_file_action,hg_stock
f015ebde-40d9-4ed0-b5e6-7f796ebc8919,2,e1863f81-a40c-40c8-95d3-aa75b36207dd,,70ab807b-1fc5-4db5-9b4b-5fb5a5d664f7,2026-07-23 06:59:06.186829,HGFV2F13E9691F2243B895FCC260DF3D424D,15d4fb26-9fbf-42b5-bad8-0ac02b089967,,0,,resource_file_action,hg_stock
e30f6c91-25e3-4b34-a6c4-c9aa0184b37e,2,e4eccc8a-fcab-44cd-8bec-9467ad0669e5,,70ab807b-1fc5-4db5-9b4b-5fb5a5d664f7,2026-07-23 06:59:10.974247,HGFV728E0E9EFB6343FF9444FD3565A1AE49,15d4fb26-9fbf-42b5-bad8-0ac02b089967,,0,,resource_file_action,hg_stock
9c9c5076-1b3f-4a45-bf7e-180628f20ddc,2,fb002277-4006-4668-94fe-fc8b5e74522f,,70ab807b-1fc5-4db5-9b4b-5fb5a5d664f7,2026-07-23 06:59:12.892579,HGFV96E76908CE1949989628D50F9184B681,15d4fb26-9fbf-42b5-bad8-0ac02b089967,,0,,resource_file_action,hg_stock
e643fd3c-af0b-482c-a8d9-03ee2a0f5b4d,2,2e90e924-d707-431c-a51a-883842281e28,,70ab807b-1fc5-4db5-9b4b-5fb5a5d664f7,2026-07-23 06:59:13.311073,HGFV980C70C0C53241E0A14E1A4D32D6E788,15d4fb26-9fbf-42b5-bad8-0ac02b089967,,0,,resource_file_action,hg_stock
f2df8c02-cc95-4390-a992-58ee9f01400e,2,64626a28-c2a1-4096-808f-8b7aa1214709,,70ab807b-1fc5-4db5-9b4b-5fb5a5d664f7,2026-07-23 06:59:14.975692,HGFV3C8C76122D034A3DB86970933E35449C,15d4fb26-9fbf-42b5-bad8-0ac02b089967,,0,,resource_file_action,hg_stock
43e81b7e-b4b0-4f23-9357-3497209e8871,2,6be1bbec-707e-4899-8aaf-c5c5589f862c,,70ab807b-1fc5-4db5-9b4b-5fb5a5d664f7,2026-07-23 06:59:16.332343,HGFV33F0508B4EF343B78B3F52CB1CCB5B13,15d4fb26-9fbf-42b5-bad8-0ac02b089967,,0,,resource_file_action,hg_stock
053ae92a-c7de-4510-a391-50f433a0d96d,2,debbd568-aed7-452d-b48c-af827645898d,,70ab807b-1fc5-4db5-9b4b-5fb5a5d664f7,2026-07-23 06:59:26.340462,HGFV285C3C6141794E17B632FD7683EA0826,15d4fb26-9fbf-42b5-bad8-0ac02b089967,,0,,resource_file_action,hg_stock
6f13fd96-8d0f-4d2c-a7aa-98ccdcf266df,2,91af85a6-6085-4b1a-b5cd-966a3720e84c,,70ab807b-1fc5-4db5-9b4b-5fb5a5d664f7,2026-07-23 06:59:30.318479,HGFV180AADFC69A94302A76520F031A6E40C,15d4fb26-9fbf-42b5-bad8-0ac02b089967,,0,,resource_file_action,hg_stock
af517403-f7cf-4493-963f-071c9f90c4d0,2,0bfb5ecf-3775-4e2a-8f13-1cd45ba02a7f,,70ab807b-1fc5-4db5-9b4b-5fb5a5d664f7,2026-07-23 06:59:34.068083,HGFV6096BBC549244B78B1FA3CB3AB9DA486,15d4fb26-9fbf-42b5-bad8-0ac02b089967,,0,,resource_file_action,hg_stock
3739a1db-1886-4795-b38d-d818dadf7a67,2,f4405443-154d-4825-ab96-6eaf9623c5ff,,70ab807b-1fc5-4db5-9b4b-5fb5a5d664f7,2026-07-23 06:59:35.364859,HGFVB6C51F59CD96415F95B154F7311D0CFC,15d4fb26-9fbf-42b5-bad8-0ac02b089967,,0,,resource_file_action,hg_stock
dcf973d8-29e1-4ce4-bf0f-86ef60389b27,2,81f1739c-b096-4d1e-9166-c38a0da15816,,70ab807b-1fc5-4db5-9b4b-5fb5a5d664f7,2026-07-23 06:59:44.071156,HGFV01664111FBD84CED92CA8EB150BB6783,15d4fb26-9fbf-42b5-bad8-0ac02b089967,,0,,resource_file_action,hg_stock
aa24a1a8-c99f-4b85-8881-fac028f38145,2,c2af8394-7464-4f96-8fe5-f61d1023443e,,70ab807b-1fc5-4db5-9b4b-5fb5a5d664f7,2026-07-23 06:59:55.526385,HGFV29FEB6CCA1AF41989E6705B4A05BB37B,15d4fb26-9fbf-42b5-bad8-0ac02b089967,,0,,resource_file_action,hg_stock
0171f080-0b9e-45d9-b5fa-72f902f93790,2,73738394-39ca-459b-9aeb-f279dfbb0a3f,,70ab807b-1fc5-4db5-9b4b-5fb5a5d664f7,2026-07-23 06:59:59.826336,HGFV7428E10EFF3C4BAE8D8F0017868052E1,15d4fb26-9fbf-42b5-bad8-0ac02b089967,,0,,resource_file_action,hg_stock
5d88e0e4-eebc-47b2-b14c-6559c59457e9,2,bd39f43f-d971-4e53-b855-fc23584d1758,,70ab807b-1fc5-4db5-9b4b-5fb5a5d664f7,2026-07-23 07:00:00.143721,HGFV99D631F25740476AABD5F05678B68987,15d4fb26-9fbf-42b5-bad8-0ac02b089967,,0,,resource_file_action,hg_stock
042565ce-ca33-4df5-aa20-203b22fbf9e3,0,1d2f28c7-b99c-4675-aa73-adcf09622bdc,,6fd5baa6-0d7b-4677-84b6-ce638cf1cef3,2026-07-23 07:02:35.188191,HGFA70265408F98D4FC1AFDB56EE84476C30,6a149ccf-f87d-4925-abae-0b3dda6dc804,Tài nguyên công ty / AN TUỆ / NHẠC / DEEP HOUSE / DEEP HOUSE - 2 / Deep House - 2 | Deep House Summer / Chung An Tuệ / MKT gen / 2512,0,,resource_file_action,hg_stock
82d3f879-d3f1-43df-a35b-376297390e17,1,8b719671-49a6-499d-8f75-e395d8183a82,,4c05f915-db94-4d44-985d-94702dd0161b,2026-08-18 09:12:54.82945,HGFVD90DD16F8A514D6D937A0C8007020603,55b4c422-d1ea-4c21-99ec-27e2da4cc3c2,Tài nguyên công ty / AN TUỆ / FOOTAGE / THU MUA / AN TUỆ / 2. KHO FOOTAGE ĐÃ HẬU KỲ / 2.1 UPLOAD - TEAM HẬU KỲ / Trường / Tháng 8/2026 / Mùa đông / 170 video,0,,resource_file_action,hg_stock
7c8b397e-238f-46a1-b026-b3c0d377ff7a,1,d615b484-3202-41eb-bafd-4e4d4e4c20ab,,4c05f915-db94-4d44-985d-94702dd0161b,2026-08-18 09:13:02.984703,HGFV999CD6B40E0E46D59A646BEC99823874,55b4c422-d1ea-4c21-99ec-27e2da4cc3c2,Tài nguyên công ty / AN TUỆ / FOOTAGE / THU MUA / AN TUỆ / 2. KHO FOOTAGE ĐÃ HẬU KỲ / 2.1 UPLOAD - TEAM HẬU KỲ / Trường / Tháng 8/2026 / Mùa đông / 170 video,0,,resource_file_action,hg_stock
c6334ff7-5281-47e9-96c8-e45659d3da8e,1,1df3a5d7-e202-4da7-bbb2-19f9be3671ca,,4c05f915-db94-4d44-985d-94702dd0161b,2026-08-18 09:13:05.685391,HGFV9DA1240D51EE4F4097D145DFB33C822A,55b4c422-d1ea-4c21-99ec-27e2da4cc3c2,Tài nguyên công ty / AN TUỆ / FOOTAGE / THU MUA / AN TUỆ / 2. KHO FOOTAGE ĐÃ HẬU KỲ / 2.1 UPLOAD - TEAM HẬU KỲ / Trường / Tháng 8/2026 / Mùa đông / 170 video,0,,resource_file_action,hg_stock
67491415-1945-406d-97d5-fbf751104216,1,ff8e1d95-1300-4ee5-8b0e-263c287e8e07,,4c05f915-db94-4d44-985d-94702dd0161b,2026-08-18 09:13:21.834036,HGFVDFE38EE99601406BBBC46EB04A33BE33,55b4c422-d1ea-4c21-99ec-27e2da4cc3c2,Tài nguyên công ty / AN TUỆ / FOOTAGE / THU MUA / AN TUỆ / 2. KHO FOOTAGE ĐÃ HẬU KỲ / 2.1 UPLOAD - TEAM HẬU KỲ / Trường / Tháng 8/2026 / Mùa đông / 170 video,0,,resource_file_action,hg_stock
139dfeb8-a565-4eea-babe-70fa57e712a0,1,eeba6314-a696-4a3e-b415-9daf7ac5e750,,4c05f915-db94-4d44-985d-94702dd0161b,2026-08-18 09:13:41.607603,HGFVB9D08E9BA0FD424F9925FC80518574B2,55b4c422-d1ea-4c21-99ec-27e2da4cc3c2,Tài nguyên công ty / AN TUỆ / FOOTAGE / THU MUA / AN TUỆ / 2. KHO FOOTAGE ĐÃ HẬU KỲ / 2.1 UPLOAD - TEAM HẬU KỲ / Trường / Tháng 8/2026 / Mùa đông / 170 video,0,,resource_file_action,hg_stock
2c9f50f1-cd9d-4a30-9807-f0bedd596ef0,1,999f53e0-2879-4dc7-bbf5-43077c70734e,,4c05f915-db94-4d44-985d-94702dd0161b,2026-08-18 09:13:46.047135,HGFV10D408AF0AE442E89ED63C475189CCC2,55b4c422-d1ea-4c21-99ec-27e2da4cc3c2,Tài nguyên công ty / AN TUỆ / FOOTAGE / THU MUA / AN TUỆ / 2. KHO FOOTAGE ĐÃ HẬU KỲ / 2.1 UPLOAD - TEAM HẬU KỲ / Trường / Tháng 8/2026 / Mùa đông / 170 video,0,,resource_file_action,hg_stock
0308e588-89d5-4e7d-b618-d3cb99da9c56,1,8650c052-d38a-4694-8332-e817ffc89a98,,4c05f915-db94-4d44-985d-94702dd0161b,2026-08-18 09:13:57.816752,HGFVEDC5090B26614CD19AD80198EE589A65,55b4c422-d1ea-4c21-99ec-27e2da4cc3c2,Tài nguyên công ty / AN TUỆ / FOOTAGE / THU MUA / AN TUỆ / 2. KHO FOOTAGE ĐÃ HẬU KỲ / 2.1 UPLOAD - TEAM HẬU KỲ / Trường / Tháng 8/2026 / Mùa đông / 170 video,0,,resource_file_action,hg_stock
5f8e3507-8f7d-4ade-8f96-306d5ef4960d,1,2f121fe3-4982-4788-b16b-e911bcff0adf,,4c05f915-db94-4d44-985d-94702dd0161b,2026-08-18 09:14:00.863062,HGFV425B2ED63FAA4BC694D95EB4900AE051,55b4c422-d1ea-4c21-99ec-27e2da4cc3c2,Tài nguyên công ty / AN TUỆ / FOOTAGE / THU MUA / AN TUỆ / 2. KHO FOOTAGE ĐÃ HẬU KỲ / 2.1 UPLOAD - TEAM HẬU KỲ / Trường / Tháng 8/2026 / Mùa đông / 170 video,0,,resource_file_action,hg_stock
05ed0e02-81ff-4e69-bbac-4a12f3c92ee8,1,415ad0b5-8795-47b3-b15d-b24256a84065,,4c05f915-db94-4d44-985d-94702dd0161b,2026-08-18 09:14:22.541036,HGFV193EC2FED504440CBB5A4934BB7B45CD,55b4c422-d1ea-4c21-99ec-27e2da4cc3c2,Tài nguyên công ty / AN TUỆ / FOOTAGE / THU MUA / AN TUỆ / 2. KHO FOOTAGE ĐÃ HẬU KỲ / 2.1 UPLOAD - TEAM HẬU KỲ / Trường / Tháng 8/2026 / Mùa đông / 170 video,0,,resource_file_action,hg_stock
4aad4fc3-619f-4e94-a27e-9e5acfb0188f,1,38128094-217d-44b1-ba4d-7161a6ec2a21,,4c05f915-db94-4d44-985d-94702dd0161b,2026-08-18 09:14:35.501573,HGFV5345A505C95046B3953BB4EFB2B5A67F,55b4c422-d1ea-4c21-99ec-27e2da4cc3c2,Tài nguyên công ty / AN TUỆ / FOOTAGE / THU MUA / AN TUỆ / 2. KHO FOOTAGE ĐÃ HẬU KỲ / 2.1 UPLOAD - TEAM HẬU KỲ / Trường / Tháng 8/2026 / Mùa đông / 170 video,0,,resource_file_action,hg_stock
3d776b91-9d68-46d7-93af-0c4b439bbb10,1,31a77bcb-29da-4918-9ef3-160031bfca21,,4c05f915-db94-4d44-985d-94702dd0161b,2026-08-18 09:14:41.055735,HGFV40553EB9C6FC4775BD4DBE4B3AA9FE8C,55b4c422-d1ea-4c21-99ec-27e2da4cc3c2,Tài nguyên công ty / AN TUỆ / FOOTAGE / THU MUA / AN TUỆ / 2. KHO FOOTAGE ĐÃ HẬU KỲ / 2.1 UPLOAD - TEAM HẬU KỲ / Trường / Tháng 8/2026 / Mùa đông / 170 video,0,,resource_file_action,hg_stock
c9696a1e-dc10-49e7-9124-98bdc6469f67,1,7c5041f8-4733-42f4-870f-c5c82cc04f75,,4c05f915-db94-4d44-985d-94702dd0161b,2026-08-18 09:14:44.768807,HGFV8428E0BE585E42F6B14CD443F5CB3C3D,55b4c422-d1ea-4c21-99ec-27e2da4cc3c2,Tài nguyên công ty / AN TUỆ / FOOTAGE / THU MUA / AN TUỆ / 2. KHO FOOTAGE ĐÃ HẬU KỲ / 2.1 UPLOAD - TEAM HẬU KỲ / Trường / Tháng 8/2026 / Mùa đông / 170 video,0,,resource_file_action,hg_stock
4480008e-bf8a-4477-bd5e-070438cd116c,2,eb10e91b-9722-46c4-b303-5cbcbde332ed,,0de60dba-7fdd-4fbb-be09-33f00ae5efe4,2026-08-19 02:51:03.361186,HGFV980BB7DBD6CD47EBAAA9F09FFAB3EEE8,d59852c1-18ad-4cfa-88b3-37cf86a88af5,,0,,resource_file_action,hg_stock
1ae97a14-f4da-4275-b4d0-62b600cb3992,2,11707c27-d756-46e7-80ec-715c45f94506,,70ab807b-1fc5-4db5-9b4b-5fb5a5d664f7,2026-07-23 06:59:18.987556,HGFV6411672915F945DA89D101CF81888D59,15d4fb26-9fbf-42b5-bad8-0ac02b089967,,0,,resource_file_action,hg_stock
7938ad63-14f9-4d46-826c-13543770169a,2,e284969a-54ec-401e-9a71-0d60a08f9f58,,70ab807b-1fc5-4db5-9b4b-5fb5a5d664f7,2026-07-23 06:59:39.093416,HGFVCF2667E212274DACA0D726D0761512E4,15d4fb26-9fbf-42b5-bad8-0ac02b089967,,0,,resource_file_action,hg_stock
b2f7b0ce-bd5f-47bb-8aa0-4c140941c46a,2,ed04cfe6-3a0f-4751-a91f-426f9f936fe8,,70ab807b-1fc5-4db5-9b4b-5fb5a5d664f7,2026-07-23 06:59:39.584694,HGFV051D3DA68678496AA0DEA7A218AC322D,15d4fb26-9fbf-42b5-bad8-0ac02b089967,,0,,resource_file_action,hg_stock
ccec6b0f-2104-4307-8e26-b7e6e6cfde98,2,c8fab240-17be-4c7f-9571-4c29e392e6a3,,70ab807b-1fc5-4db5-9b4b-5fb5a5d664f7,2026-07-23 06:59:43.29071,HGFV45C28170005046668214EE489F523A6C,15d4fb26-9fbf-42b5-bad8-0ac02b089967,,0,,resource_file_action,hg_stock
834811fd-b223-4f87-9e47-77d961082519,2,8ffb2098-73c5-4397-886c-56fadbc542b3,,70ab807b-1fc5-4db5-9b4b-5fb5a5d664f7,2026-07-23 06:59:46.19214,HGFVB4E4CA28C0F04771ABD55AEEB88B2F85,15d4fb26-9fbf-42b5-bad8-0ac02b089967,,0,,resource_file_action,hg_stock
e65e0526-e3cf-460d-af6d-8e9fbb799825,2,b065ceaf-9b59-4787-8ac1-e5f665de2606,,70ab807b-1fc5-4db5-9b4b-5fb5a5d664f7,2026-07-23 06:59:49.315268,HGFV269A2B0023E844979B63082F0427522C,15d4fb26-9fbf-42b5-bad8-0ac02b089967,,0,,resource_file_action,hg_stock
28ccc3e5-66e2-4ed4-9bf8-6ac075b8f87e,2,d7bfb580-a61f-44be-9c92-5031bf0b30d0,,70ab807b-1fc5-4db5-9b4b-5fb5a5d664f7,2026-07-23 06:59:52.497782,HGFV0E80C13A40F44D3888541F10A6F7FED6,15d4fb26-9fbf-42b5-bad8-0ac02b089967,,0,,resource_file_action,hg_stock
5e9b898e-c1b0-44c6-9406-2e041e3af130,2,da79edd6-6670-47b0-a929-de9af1777d1d,,70ab807b-1fc5-4db5-9b4b-5fb5a5d664f7,2026-07-23 06:59:53.954249,HGFVA999A49E42E14D2186E6BA2A234C8DFD,15d4fb26-9fbf-42b5-bad8-0ac02b089967,,0,,resource_file_action,hg_stock
c1222bad-2405-439a-848b-342ee13302c7,2,c3137cd4-98f2-45a8-95ef-5917da921f3c,,70ab807b-1fc5-4db5-9b4b-5fb5a5d664f7,2026-07-23 07:00:01.690616,HGFV17F4A176140B4D39828C950C6839C79B,15d4fb26-9fbf-42b5-bad8-0ac02b089967,,0,,resource_file_action,hg_stock
4a72b771-1ff6-42d0-b7ea-e8fed2a42914,2,86f5d0cd-dc44-4c16-8b3f-514867431912,,70ab807b-1fc5-4db5-9b4b-5fb5a5d664f7,2026-07-23 07:00:10.032018,HGFV5D7EF721BFA347BA8742A5EBEA7D81F9,15d4fb26-9fbf-42b5-bad8-0ac02b089967,,0,,resource_file_action,hg_stock
ef82ecfd-c7ec-463f-ad54-0087d7a93fbe,2,03b9a73c-2caf-406d-8e09-bb5e1186f963,,6fd5baa6-0d7b-4677-84b6-ce638cf1cef3,2026-07-23 07:02:49.026684,HGFAC1F9824CC0434928AC6D63599D5437B0,6a149ccf-f87d-4925-abae-0b3dda6dc804,,0,,resource_file_action,hg_stock
20dce5a1-b42c-4166-9e39-c890f94da7b7,2,a3e6315f-21db-4cbf-a185-4a2119cf510a,,954feab8-e0a0-4ccf-93d3-de82a44955d6,2026-07-23 07:04:05.592404,HGFV1405F951F8B44EFAAF64DBC32908CD80,1c8fdc50-6ef2-43f1-bccd-940c914021cc,,0,,resource_file_action,hg_stock
4b00705a-b1b3-4b12-91f5-0530bf1a7789,2,c8472348-868d-44d0-9d86-2c282eaad016,,954feab8-e0a0-4ccf-93d3-de82a44955d6,2026-07-23 07:04:06.963928,HGFVEAE1AB95E7F94D0E95AB8F8F64CFD90A,e308bd2b-c8f0-4865-9fc1-8dbe7e53ae22,,0,,resource_file_action,hg_stock
fef628a6-ba8d-441e-86b1-4157e13b211a,2,40e8df6c-e3cf-43a5-9f1d-3260283ef5ce,,6fd5baa6-0d7b-4677-84b6-ce638cf1cef3,2026-07-23 07:05:37.716467,HGFAB07522AAD0F74E1C8BE39435843B6697,c50ec88a-9327-454e-9423-0829b175ad92,,0,,resource_file_action,hg_stock
2d109ed4-4179-4831-8ff7-89bd599b419d,2,4d83ff1f-53a2-4626-9484-0c48fd3c03d9,,954feab8-e0a0-4ccf-93d3-de82a44955d6,2026-07-23 07:07:53.042627,HGFVBE89061910514356B0C73D473D608FAA,14a56b07-acaa-455d-b7c8-d19482bda270,,0,,resource_file_action,hg_stock
623d71bc-0172-450c-9296-d150407e93f3,0,b13a0e28-be7d-46b8-b39e-111baf01375e,,6fd5baa6-0d7b-4677-84b6-ce638cf1cef3,2026-07-23 07:09:27.490487,HGFAAEEAA26E73DB474D8D64BE9E79613582,e343a09f-b601-4bbd-9492-1bb39f07e03b,Tài nguyên công ty / AN TUỆ / NHẠC / DEEP HOUSE / DEEP HOUSE - 2 / Deep House - 2 | Tropical House / Chung An Tuệ / MKT gen / 2510,0,,resource_file_action,hg_stock
eed4c71f-c6aa-411a-9ae4-826a7c3881bf,2,ebde6ce8-dad1-440e-8b7f-e6ebfe57037a,,d917625a-fd49-4660-9257-60b5792f700a,2026-07-23 07:09:29.320818,HGFVB1BB5A2BDDCB47CA908FB5460117C99D,15d4fb26-9fbf-42b5-bad8-0ac02b089967,,0,,resource_file_action,hg_stock
cb02a607-1022-43ac-b9de-09cd20f12593,2,c74577a0-d74b-4d13-b0b4-fe17dfd977fa,,6fd5baa6-0d7b-4677-84b6-ce638cf1cef3,2026-07-23 07:09:32.856798,HGFAE679659058DD4CBE9E50816464DAD7B0,e343a09f-b601-4bbd-9492-1bb39f07e03b,,0,,resource_file_action,hg_stock
0ee7f4d8-7a9b-426e-a80f-ad2f87c6caf8,2,fe869e9d-6fc9-4e15-b30a-3429b8bdff13,,2a29bce7-63d1-4757-8866-91d66b598256,2026-07-23 07:16:00.160112,HGFV1CCEBD24C48F4B4BBA7CB316B6EB4156,97344784-9baf-4764-800c-9a85df09885a,,0,,resource_file_action,hg_stock
0e885d1d-13dc-4f55-831f-33967fd9144e,2,6b9f7988-50b6-4d6b-add3-3b237194bfa2,,25383aa0-c3b0-4e3e-b5f7-ae6260042926,2026-07-23 07:16:26.649604,HGFA2F81CEB405B04A93A9563DA9541FA01D,47521f49-67bc-479c-86fa-9c1081582865,,0,,resource_file_action,hg_stock
2f9eac4e-2195-402e-901d-f432b619233d,1,28b34893-53cb-4d18-9a86-f0995585b8ab,,4c05f915-db94-4d44-985d-94702dd0161b,2026-08-18 09:13:08.9243,HGFVF8DB109889A64EFCB697FBF2874D57A0,55b4c422-d1ea-4c21-99ec-27e2da4cc3c2,Tài nguyên công ty / AN TUỆ / FOOTAGE / THU MUA / AN TUỆ / 2. KHO FOOTAGE ĐÃ HẬU KỲ / 2.1 UPLOAD - TEAM HẬU KỲ / Trường / Tháng 8/2026 / Mùa đông / 170 video,0,,resource_file_action,hg_stock
78c841e1-33b6-4dd8-a51f-a97f9e177f78,1,cecea6c2-36fb-4403-b20c-6c3b56558714,,4c05f915-db94-4d44-985d-94702dd0161b,2026-08-18 09:13:28.490564,HGFVB9922BAEACF5420290AEF534643D166B,55b4c422-d1ea-4c21-99ec-27e2da4cc3c2,Tài nguyên công ty / AN TUỆ / FOOTAGE / THU MUA / AN TUỆ / 2. KHO FOOTAGE ĐÃ HẬU KỲ / 2.1 UPLOAD - TEAM HẬU KỲ / Trường / Tháng 8/2026 / Mùa đông / 170 video,0,,resource_file_action,hg_stock
a1a083d1-4df7-4d5f-bcc1-e7186309e2cb,1,141d0a18-7628-4886-bafc-8ae081eb2fe5,,4c05f915-db94-4d44-985d-94702dd0161b,2026-08-18 09:13:31.206244,HGFV342C4801FE684F4195C046024D3D5DE8,55b4c422-d1ea-4c21-99ec-27e2da4cc3c2,Tài nguyên công ty / AN TUỆ / FOOTAGE / THU MUA / AN TUỆ / 2. KHO FOOTAGE ĐÃ HẬU KỲ / 2.1 UPLOAD - TEAM HẬU KỲ / Trường / Tháng 8/2026 / Mùa đông / 170 video,0,,resource_file_action,hg_stock
0e0585a7-5bbe-42d6-994f-bafe904c479f,1,49454b1a-4b3d-4225-855b-caad171186ea,,4c05f915-db94-4d44-985d-94702dd0161b,2026-08-18 09:13:44.047107,HGFVC3832F424A844FBFB248DA0E80C777A9,55b4c422-d1ea-4c21-99ec-27e2da4cc3c2,Tài nguyên công ty / AN TUỆ / FOOTAGE / THU MUA / AN TUỆ / 2. KHO FOOTAGE ĐÃ HẬU KỲ / 2.1 UPLOAD - TEAM HẬU KỲ / Trường / Tháng 8/2026 / Mùa đông / 170 video,0,,resource_file_action,hg_stock
77e3a1b1-4b54-44b0-8e23-fd2742d29482,1,e20c2728-cfeb-448e-8783-5290835af173,,4c05f915-db94-4d44-985d-94702dd0161b,2026-08-18 09:14:00.794808,HGFVB50422B3483B4CFFB9FAE6634919FF9A,55b4c422-d1ea-4c21-99ec-27e2da4cc3c2,Tài nguyên công ty / AN TUỆ / FOOTAGE / THU MUA / AN TUỆ / 2. KHO FOOTAGE ĐÃ HẬU KỲ / 2.1 UPLOAD - TEAM HẬU KỲ / Trường / Tháng 8/2026 / Mùa đông / 170 video,0,,resource_file_action,hg_stock
e5167dc8-7166-4a0e-959d-fa9db91fe019,1,4fc81c60-6dde-428c-a9c4-bf58f14003a0,,4c05f915-db94-4d44-985d-94702dd0161b,2026-08-18 09:14:04.210045,HGFV7DD1AB20D2AB4ECAB1443C7501606744,55b4c422-d1ea-4c21-99ec-27e2da4cc3c2,Tài nguyên công ty / AN TUỆ / FOOTAGE / THU MUA / AN TUỆ / 2. KHO FOOTAGE ĐÃ HẬU KỲ / 2.1 UPLOAD - TEAM HẬU KỲ / Trường / Tháng 8/2026 / Mùa đông / 170 video,0,,resource_file_action,hg_stock
6b48992a-f4e4-42b0-b62e-7c0975bf63c8,1,15e520f6-1bc9-4cea-a557-f172814b7d53,,4c05f915-db94-4d44-985d-94702dd0161b,2026-08-18 09:14:09.527772,HGFVF36404EEEB7A4D8F91B1893B2A385F06,55b4c422-d1ea-4c21-99ec-27e2da4cc3c2,Tài nguyên công ty / AN TUỆ / FOOTAGE / THU MUA / AN TUỆ / 2. KHO FOOTAGE ĐÃ HẬU KỲ / 2.1 UPLOAD - TEAM HẬU KỲ / Trường / Tháng 8/2026 / Mùa đông / 170 video,0,,resource_file_action,hg_stock
2b049bda-7ed9-47c9-9e8c-98fa4c02e020,2,36b0ab26-0474-482d-a64f-1dfaf0ece8c7,,70ab807b-1fc5-4db5-9b4b-5fb5a5d664f7,2026-07-23 06:59:19.476064,HGFV8CC85DB38CCA486F82B8B493F296C008,15d4fb26-9fbf-42b5-bad8-0ac02b089967,,0,,resource_file_action,hg_stock
6a37b88e-c34c-4d40-adb5-e6ba1c4c919e,2,86a5a314-8a80-46fc-afa7-d3b949a7ee8c,,70ab807b-1fc5-4db5-9b4b-5fb5a5d664f7,2026-07-23 06:59:25.151658,HGFV0ABB90146C1A40A89F26C7D0B4C1507D,15d4fb26-9fbf-42b5-bad8-0ac02b089967,,0,,resource_file_action,hg_stock
c7712694-f862-4cdf-afb2-bd8f1474727e,2,88e19c88-3077-474d-8eca-54995cb6fc5e,,70ab807b-1fc5-4db5-9b4b-5fb5a5d664f7,2026-07-23 06:59:36.161318,HGFV485509F07FE64D59BAC120DE09C6F25D,15d4fb26-9fbf-42b5-bad8-0ac02b089967,,0,,resource_file_action,hg_stock
b396c637-e9de-4c59-83b4-a57de3610889,2,8097d566-6cde-46bf-847a-ddb37e82203b,,70ab807b-1fc5-4db5-9b4b-5fb5a5d664f7,2026-07-23 06:59:54.097588,HGFV132412BF1D894BA38701C998BF4C0AFD,15d4fb26-9fbf-42b5-bad8-0ac02b089967,,0,,resource_file_action,hg_stock
376bd70e-0ac0-4a73-b066-ecb7859d47f0,2,c2540c94-46d0-489d-a46a-4e38a872073a,,70ab807b-1fc5-4db5-9b4b-5fb5a5d664f7,2026-07-23 06:59:57.173856,HGFVDC58968868EE49A6941BBF79B14E5EC3,15d4fb26-9fbf-42b5-bad8-0ac02b089967,,0,,resource_file_action,hg_stock
cb2a5cd8-df7b-4473-b3ac-fe0f6d8c0ba6,2,a93892a5-66fa-4075-b8eb-57cb47da3c39,,70ab807b-1fc5-4db5-9b4b-5fb5a5d664f7,2026-07-23 07:00:02.022968,HGFVF6ACF1E8A23B422B8639F2B6256B4FC8,15d4fb26-9fbf-42b5-bad8-0ac02b089967,,0,,resource_file_action,hg_stock
8e9495dc-d584-4b6e-91a5-70d1ae080c31,0,2edcbcef-8bb3-494f-8cf1-01fc48ac9df0,,6fd5baa6-0d7b-4677-84b6-ce638cf1cef3,2026-07-23 07:02:09.051169,HGFA37CB04A377744A1BB5E5DABEC7D67A65,6a149ccf-f87d-4925-abae-0b3dda6dc804,Tài nguyên công ty / AN TUỆ / NHẠC / DEEP HOUSE / DEEP HOUSE - 2 / Deep House - 2 | Deep House Summer / Chung An Tuệ / MKT gen / 2512,0,,resource_file_action,hg_stock
10203d9a-751d-47f1-af20-c2533eb25695,2,5e498443-eafc-4d49-adb4-ee178c6b3eaa,,6fd5baa6-0d7b-4677-84b6-ce638cf1cef3,2026-07-23 07:02:44.468083,HGFAD6EF43A1711C4217A0CEF08043221D24,6a149ccf-f87d-4925-abae-0b3dda6dc804,,0,,resource_file_action,hg_stock
ec39ce55-b7c5-464a-90a8-f6b2b8491f31,2,f33dda05-a580-4c4f-ad7e-e6fd719ac606,,6fd5baa6-0d7b-4677-84b6-ce638cf1cef3,2026-07-23 07:02:52.791011,HGFA29201B751AA84A128C254BE0B236F9B9,dfb4ab24-e08d-455a-a6df-d58a1c187134,,0,,resource_file_action,hg_stock
c7e4e156-d2e5-4fbd-b22b-0a0f9394ec31,1,fb70dd06-2aba-4ecb-8797-9ea99178f974,,522cc0c7-0990-4e26-b535-392767a7c142,2026-07-23 07:03:05.646475,HGFV983331BE19984427A9B7B795EC95EFBE,9d1a05af-255e-469c-a0a6-059e30110a50,Tài nguyên công ty / AN TUỆ / 2D & 3D / STFLOW / SÓNG ÂM / Mandala Lite,0,,resource_file_action,hg_stock
11d6182e-812a-4462-95e0-9405ca9811dd,2,61d24dcd-ff44-4c14-9f6c-1c0df77eea97,,954feab8-e0a0-4ccf-93d3-de82a44955d6,2026-07-23 07:03:38.177105,HGFV9A3AF7CEC3984E689A63581D6FA516E1,e308bd2b-c8f0-4865-9fc1-8dbe7e53ae22,,0,,resource_file_action,hg_stock
fa3a7ca0-0e92-4d16-ab2a-b396a54ed348,2,61fe761a-f68f-47a9-920d-593a9d76d841,,954feab8-e0a0-4ccf-93d3-de82a44955d6,2026-07-23 07:04:08.184925,HGFV667DBEDCD5114132A5A0962E284CDCF3,e308bd2b-c8f0-4865-9fc1-8dbe7e53ae22,,0,,resource_file_action,hg_stock
e1f78ffc-7a96-4448-8efa-a6314ca96004,2,c6bcc168-470d-449e-85f5-65da0363cbf0,,6fd5baa6-0d7b-4677-84b6-ce638cf1cef3,2026-07-23 07:04:10.744673,HGFA510BB06391BE43A08109BE3B179AB9BC,dfb4ab24-e08d-455a-a6df-d58a1c187134,,0,,resource_file_action,hg_stock
583f4d06-435a-4bde-80d7-f939eaf06079,2,81d4af8a-a34d-4ebe-86b0-693c65a5a336,,954feab8-e0a0-4ccf-93d3-de82a44955d6,2026-07-23 07:04:15.075186,HGFVBD92E2DD60914207AACBE21F52104F42,1c8fdc50-6ef2-43f1-bccd-940c914021cc,,0,,resource_file_action,hg_stock
e14678c4-45d6-486b-9626-381d087152c1,2,63aa865c-0e37-43f7-9c52-f78ce3a6c03f,,954feab8-e0a0-4ccf-93d3-de82a44955d6,2026-07-23 07:04:16.168617,HGFV55BEF2A776E6492B9F6CEC9F4EB44932,4c9d146c-d6a6-4d50-b7a8-8f6b511d9afe,,0,,resource_file_action,hg_stock
c8711f33-98d4-40e6-83fd-cdb6d2e09f7e,2,40b4c473-a4c1-4d4c-af1d-790659a58e22,,6fd5baa6-0d7b-4677-84b6-ce638cf1cef3,2026-07-23 07:05:31.44431,HGFA3AFB539B98E041C795C3E0081C6570E2,a3d75a11-a270-4e82-b09b-5a938d9933af,,0,,resource_file_action,hg_stock
f2461bad-0282-427a-9992-38fde3806069,0,4240ea7c-9cc8-4db5-86b0-29e13947a7ca,,6fd5baa6-0d7b-4677-84b6-ce638cf1cef3,2026-07-23 07:06:00.390625,HGFAAEE5893BC91F495EB036ED4689CA007D,e343a09f-b601-4bbd-9492-1bb39f07e03b,Tài nguyên công ty / AN TUỆ / NHẠC / DEEP HOUSE / DEEP HOUSE - 2 / Deep House - 2 | Tropical House / Chung An Tuệ / MKT gen / 2510,0,,resource_file_action,hg_stock
3c397b80-db15-4bf8-b559-252936364c90,2,462958a5-f32c-4abb-87c7-9b460d6294a1,,6fd5baa6-0d7b-4677-84b6-ce638cf1cef3,2026-07-23 07:06:26.900251,HGFAB8B32DE902624444A05EBF2DBE486D89,f72d87f8-01fb-48dd-b042-e0ed648444d4,,0,,resource_file_action,hg_stock
d6b4c274-91b5-4f8a-8e4e-3c200e01c3b3,2,5c85b29c-3ca5-495a-85f5-92a61d86dfab,,954feab8-e0a0-4ccf-93d3-de82a44955d6,2026-07-23 07:07:51.779689,HGFV735B9090F6FB4E4B92206613CECE04BA,14a56b07-acaa-455d-b7c8-d19482bda270,,0,,resource_file_action,hg_stock
87c6af3f-a091-4bf5-87b4-673a2d1a4566,2,e3bf269f-de7b-4ed1-98ef-1ba0061438b8,,70ab807b-1fc5-4db5-9b4b-5fb5a5d664f7,2026-07-23 07:08:01.95128,HGFV89D2D4EB6B0E4C1A9A2EAC4CBB1C458A,15d4fb26-9fbf-42b5-bad8-0ac02b089967,,0,,resource_file_action,hg_stock
ff37902c-8dd2-42b5-805f-4f16815dfbe1,2,df4ee22b-3324-422f-9b71-36007fb7f411,,6fd5baa6-0d7b-4677-84b6-ce638cf1cef3,2026-07-23 07:10:35.703305,HGFAD4602827080647EEA6006FC23A167888,a3d75a11-a270-4e82-b09b-5a938d9933af,,0,,resource_file_action,hg_stock
d756df74-78c5-45db-b259-3a481c06359f,2,ea7337b6-6855-42e1-8851-ecddc1fafe0e,,6fd5baa6-0d7b-4677-84b6-ce638cf1cef3,2026-07-23 07:10:52.713648,HGFAE4A28FCC815D42DFA42624414C6FCC49,76dc3f3d-0b84-410a-8e90-cf7f84ef2eb9,,0,,resource_file_action,hg_stock
6792d434-46da-459b-bb50-ac04e3275147,2,eaa8e58b-dd4a-411f-931c-74cef973d2a1,,6fd5baa6-0d7b-4677-84b6-ce638cf1cef3,2026-07-23 07:10:56.695289,HGFA4EDF3AE124634BB9BA7F8AAFF2B013BF,76dc3f3d-0b84-410a-8e90-cf7f84ef2eb9,,0,,resource_file_action,hg_stock
9d12951c-e9da-4261-8359-ae88ecc3084b,2,4f5f4f1e-68a5-47d0-b123-b4164659aaf7,,25383aa0-c3b0-4e3e-b5f7-ae6260042926,2026-07-23 07:14:41.270959,HGFA145A267B0CEB4F31BFDE91D34988B745,586ea656-74ed-40ee-a8ac-376ea693da9e,,0,,resource_file_action,hg_stock
1b96d9a1-8129-4966-a467-dfa0aeab794b,2,3bd6d3b8-226d-41ac-8405-d0904c3a68a4,,6709e76d-751e-4e25-bdca-b8235202ea32,2026-07-23 07:23:50.35225,HGFI69FA88EAAC3346ECBF6D5324C9F47C74,ad8448a8-f050-43e3-8aa8-6c289818bd83,,0,,resource_file_action,hg_stock
2acdfd14-1ede-414d-a2f9-666da88bbd8b,2,ac5a26ca-8ac5-488f-add8-e7684716c669,,b22aeee3-7b08-4e9a-8114-086a9f2a18bf,2026-07-23 07:24:44.467604,HGFVC50C6EEE91DD4E5B8BC04F50EEF8F3AC,15d4fb26-9fbf-42b5-bad8-0ac02b089967,,0,,resource_file_action,hg_stock
983b6018-b8b3-4bf5-982d-3efc1ab8e327,1,d5dc5728-f2be-49ad-8535-7fe3e6df2a7b,,4c05f915-db94-4d44-985d-94702dd0161b,2026-08-18 09:14:15.353779,HGFVA77F833DCB9D4C7BB6CE0BFFE24CAE1C,55b4c422-d1ea-4c21-99ec-27e2da4cc3c2,Tài nguyên công ty / AN TUỆ / FOOTAGE / THU MUA / AN TUỆ / 2. KHO FOOTAGE ĐÃ HẬU KỲ / 2.1 UPLOAD - TEAM HẬU KỲ / Trường / Tháng 8/2026 / Mùa đông / 170 video,0,,resource_file_action,hg_stock
f4f0b0bb-1b19-4795-9ef1-9ef9cbe6cb44,2,f4b7a2cb-c750-4a15-997e-17187703bbef,,0de60dba-7fdd-4fbb-be09-33f00ae5efe4,2026-08-19 02:51:08.745372,HGFV0DB63EC89C8640FB86B5EAB74026E125,6e0c91ca-971e-4119-8a01-268ceecb9f4f,,0,,resource_file_action,hg_stock
f8624e77-96bd-4d96-ad38-06127cb86836,2,f4f0b1b7-2fa0-44a0-a90a-e8dbf266fadf,,0de60dba-7fdd-4fbb-be09-33f00ae5efe4,2026-08-19 02:51:18.991749,HGFV7C6EEADE4EE3406CA1B53B3E35D79C82,51d39b59-7c2e-476c-a516-3dbe25dd1e1d,,0,,resource_file_action,hg_stock
55554eda-91b2-4a66-811f-5b316672735d,2,31ac97d4-cf6b-4cbe-b231-d5c418e7fae8,,d0a38993-e4b2-4e95-82a5-16b7fa819dff,2026-08-19 04:32:54.795362,HGFAC41EBA08113E4597B030F984E113B1E3,e1591eff-111c-49ff-ad40-d2492b45769f,,0,,resource_file_action,hg_stock
51dec452-d69d-42fe-b8b4-bcc1018e90f9,0,e069c927-88e7-4281-8416-f26d67bebe7f,,522cc0c7-0990-4e26-b535-392767a7c142,2026-08-19 10:16:39.759912,HGFV82E10E8868814F9EBB7A8A09A6ECCC4D,f57abb32-c3a2-4b2b-8b63-6d6679e143d4,,0,,resource_file_action,hg_stock
71b3e578-0769-4371-84cc-15175a1716bf,2,4d234638-4380-4e41-9918-3e8a8e071fa8,,70ab807b-1fc5-4db5-9b4b-5fb5a5d664f7,2026-07-23 06:59:24.290798,HGFV1D030F824D4D4B789EC85AF2B0566691,15d4fb26-9fbf-42b5-bad8-0ac02b089967,,0,,resource_file_action,hg_stock
d43866df-223e-4f1e-b1a2-4709228a73e5,2,fe6ea557-4c87-467e-86cb-360bc2f78f0e,,70ab807b-1fc5-4db5-9b4b-5fb5a5d664f7,2026-07-23 06:59:26.831524,HGFV1236C128DEDC4AB2ADA382BCA5A85F19,15d4fb26-9fbf-42b5-bad8-0ac02b089967,,0,,resource_file_action,hg_stock
38374aab-85ab-468e-8a96-4290c3d886f9,2,3c328a62-8974-4c56-82f8-b20aa58d9c7e,,70ab807b-1fc5-4db5-9b4b-5fb5a5d664f7,2026-07-23 06:59:29.90951,HGFVB4F80A8AF79B4E62BE1723E05227BB1F,15d4fb26-9fbf-42b5-bad8-0ac02b089967,,0,,resource_file_action,hg_stock
a4d743dd-9d4d-4226-b47e-ef60df33afaf,2,eceed3ca-ff88-4a93-889e-8fcf8096f1be,,70ab807b-1fc5-4db5-9b4b-5fb5a5d664f7,2026-07-23 06:59:31.550899,HGFV1B8D6F2C69E34DCAA810D5503B4DAAAB,15d4fb26-9fbf-42b5-bad8-0ac02b089967,,0,,resource_file_action,hg_stock
e043fdc9-3da2-4bcf-972a-79d58f8db4fc,2,180e43ae-9e3f-4e69-a411-ee709b4937c5,,70ab807b-1fc5-4db5-9b4b-5fb5a5d664f7,2026-07-23 06:59:32.781169,HGFV5BBA22C2C2D3496C8762CEBE59996051,15d4fb26-9fbf-42b5-bad8-0ac02b089967,,0,,resource_file_action,hg_stock
5922069a-48c8-46b1-82af-8b7134c67662,2,c91842d4-9882-42f1-80b3-00045ce72dc6,,70ab807b-1fc5-4db5-9b4b-5fb5a5d664f7,2026-07-23 06:59:50.154892,HGFV28523490320A4C1B9D1DC374EBB0AA87,15d4fb26-9fbf-42b5-bad8-0ac02b089967,,0,,resource_file_action,hg_stock
5a8a8a1b-b8ea-4075-a3ad-50b81bdd92bb,2,829842ba-9fde-40b7-89aa-535dad95bd27,,70ab807b-1fc5-4db5-9b4b-5fb5a5d664f7,2026-07-23 06:59:50.720804,HGFVA0C267DD062D480F82BAAB429FEE22A3,15d4fb26-9fbf-42b5-bad8-0ac02b089967,,0,,resource_file_action,hg_stock
5d5a56da-e9ea-489b-a015-1d2df03522f7,2,87595c85-fb6f-402c-afd1-3cd39415e28b,,70ab807b-1fc5-4db5-9b4b-5fb5a5d664f7,2026-07-23 06:59:50.921348,HGFV4F31387331D04FCEB97762C2B7E7AB88,15d4fb26-9fbf-42b5-bad8-0ac02b089967,,0,,resource_file_action,hg_stock
8073dd58-0a84-4c58-8dcf-f7dfae52e9d8,2,680cea6c-428f-47e3-ab02-ca04191209d0,,70ab807b-1fc5-4db5-9b4b-5fb5a5d664f7,2026-07-23 06:59:52.754709,HGFV58DBAC5290774729AF989955545A2942,15d4fb26-9fbf-42b5-bad8-0ac02b089967,,0,,resource_file_action,hg_stock
ac246f4f-da97-46d0-b8ee-6e949acf28c9,2,94ec52b8-d511-4bde-bd2e-90a345bdb4e3,,70ab807b-1fc5-4db5-9b4b-5fb5a5d664f7,2026-07-23 06:59:56.502872,HGFV7BCEB49FA0984538A4DE1F2104C8A70F,15d4fb26-9fbf-42b5-bad8-0ac02b089967,,0,,resource_file_action,hg_stock
7eef81c3-f7bd-41aa-ab65-711b25654b2f,1,787f6c5b-645d-4885-9e8d-696677e82be5,,522cc0c7-0990-4e26-b535-392767a7c142,2026-07-23 07:01:51.404215,HGFVBD2BAE80329A44B2B8011B7919EC0FA0,9d1a05af-255e-469c-a0a6-059e30110a50,Tài nguyên công ty / AN TUỆ / 2D & 3D / STFLOW / SÓNG ÂM / Mandala Lite,0,,resource_file_action,hg_stock
54e49a80-4a93-402b-bb9f-a33139bb806e,2,2edcbcef-8bb3-494f-8cf1-01fc48ac9df0,,6fd5baa6-0d7b-4677-84b6-ce638cf1cef3,2026-07-23 07:02:03.310462,HGFA37CB04A377744A1BB5E5DABEC7D67A65,6a149ccf-f87d-4925-abae-0b3dda6dc804,,0,,resource_file_action,hg_stock
5d9fc8da-fd98-4e09-9976-1537ed3ceb8f,2,fe869e9d-6fc9-4e15-b30a-3429b8bdff13,,0f72ee2e-0b4c-45cb-bf67-c1fd8317dbe3,2026-07-23 07:02:36.259735,HGFV1CCEBD24C48F4B4BBA7CB316B6EB4156,97344784-9baf-4764-800c-9a85df09885a,,0,,resource_file_action,hg_stock
b5c51f40-2186-4d94-a819-cc01387ef192,0,f33dda05-a580-4c4f-ad7e-e6fd719ac606,,6fd5baa6-0d7b-4677-84b6-ce638cf1cef3,2026-07-23 07:02:58.868909,HGFA29201B751AA84A128C254BE0B236F9B9,dfb4ab24-e08d-455a-a6df-d58a1c187134,Tài nguyên công ty / AN TUỆ / NHẠC / DEEP HOUSE / DEEP HOUSE - 2 / Deep House - 2 | Deep House Summer / Chung An Tuệ / MKT gen / 2510,0,,resource_file_action,hg_stock
d99ed843-37c3-4368-8de2-1a6584571779,2,1e0421fc-8711-408c-a17d-7310067b554c,,0f72ee2e-0b4c-45cb-bf67-c1fd8317dbe3,2026-07-23 07:04:05.607749,HGFACAD45909FB784D5690FA6FE75C4A28FE,e5c6cbc3-6968-45d2-a0ad-2fc58bf869c6,,0,,resource_file_action,hg_stock
e2b9f500-143e-4594-b15d-01ba3314922d,2,3a4d57dd-592c-4077-8161-5fd4c3839d93,,6fd5baa6-0d7b-4677-84b6-ce638cf1cef3,2026-07-23 07:05:02.540805,HGFAA214C0DD460B4C338F71FFE943DF6BC2,c50ec88a-9327-454e-9423-0829b175ad92,,0,,resource_file_action,hg_stock
39fec186-ccca-4b81-8b2b-32303c2b4f24,2,392f1cc2-d6dd-4f92-a543-2385eaadf4e6,,6fd5baa6-0d7b-4677-84b6-ce638cf1cef3,2026-07-23 07:05:04.857428,HGFA8FEFAA471AB548E487A65922DE02F564,c50ec88a-9327-454e-9423-0829b175ad92,,0,,resource_file_action,hg_stock
56d32c34-bdac-4ab1-9b8e-ce7cda894228,2,3efe6380-6fa1-4d1a-8b75-921c31d54616,,6fd5baa6-0d7b-4677-84b6-ce638cf1cef3,2026-07-23 07:05:11.174568,HGFA7DEBEA646524478B8AC4E090E4A0A869,e343a09f-b601-4bbd-9492-1bb39f07e03b,,0,,resource_file_action,hg_stock
b1e11d21-1fab-4daa-8eb7-4bd0f0946ba9,2,1667eee2-8698-40b3-a8fc-73d472060322,,954feab8-e0a0-4ccf-93d3-de82a44955d6,2026-07-23 07:05:25.410925,HGFVF1D1374355C34366A0C5D0FC8F181E92,4c82c928-fce8-4f66-8e33-526537376042,,0,,resource_file_action,hg_stock
29f8a23f-6336-4bd4-9fe8-0ebd1be744f3,2,0c001f18-48da-4f7f-a693-3afad7ef6d71,,954feab8-e0a0-4ccf-93d3-de82a44955d6,2026-07-23 07:05:36.968632,HGFVB2C40A23F696491091891C912512AE37,b26e995f-0526-4bbd-9073-511b7fdc3b36,,0,,resource_file_action,hg_stock
a266eff5-6ee3-4f9b-bd6d-770e20cfbfda,2,41fc6d0f-8fad-460e-abce-999680a80723,,6fd5baa6-0d7b-4677-84b6-ce638cf1cef3,2026-07-23 07:05:41.098974,HGFAFC9DFEC7E6C24EFDA768CA1B282694F2,e343a09f-b601-4bbd-9492-1bb39f07e03b,,0,,resource_file_action,hg_stock
ebd65279-c16c-4739-9ba3-2b355b59832d,0,41fc6d0f-8fad-460e-abce-999680a80723,,6fd5baa6-0d7b-4677-84b6-ce638cf1cef3,2026-07-23 07:05:50.475692,HGFAFC9DFEC7E6C24EFDA768CA1B282694F2,e343a09f-b601-4bbd-9492-1bb39f07e03b,Tài nguyên công ty / AN TUỆ / NHẠC / DEEP HOUSE / DEEP HOUSE - 2 / Deep House - 2 | Tropical House / Chung An Tuệ / MKT gen / 2510,0,,resource_file_action,hg_stock
296ccd43-3c0f-4cf6-8a50-568ea840cdf5,2,4240ea7c-9cc8-4db5-86b0-29e13947a7ca,,6fd5baa6-0d7b-4677-84b6-ce638cf1cef3,2026-07-23 07:05:56.648815,HGFAAEE5893BC91F495EB036ED4689CA007D,e343a09f-b601-4bbd-9492-1bb39f07e03b,,0,,resource_file_action,hg_stock
82496c5d-8d98-4a66-9a7c-486538b352e0,0,4359bebe-28cf-457c-8f1a-c06f5c174cb3,,6fd5baa6-0d7b-4677-84b6-ce638cf1cef3,2026-07-23 07:06:21.03812,HGFA8D4584E3A8C94A26B35C25CA7455864F,63654598-cbab-40a9-81d1-1a7b51fa61ef,Tài nguyên công ty / AN TUỆ / NHẠC / DEEP HOUSE / DEEP HOUSE - 2 / Deep House - 2 | Tropical House / Chung An Tuệ / MKT gen / 2603,0,,resource_file_action,hg_stock
d1f36c9e-42cb-4ac9-b027-7f70cb5ebdd6,2,10a42344-0a2c-4f6c-902e-e66560841c9d,,954feab8-e0a0-4ccf-93d3-de82a44955d6,2026-07-23 07:06:24.906123,HGFVA6573FEF6C824F9682A198A80CFD3253,de7868bd-cd9f-4caa-a34a-708045cf5867,,0,,resource_file_action,hg_stock
151e8ae1-ca1e-4abc-b9c2-25294167e2fc,2,103feae3-8a67-4dca-be04-c07b2718720f,,954feab8-e0a0-4ccf-93d3-de82a44955d6,2026-07-23 07:06:30.120616,HGFV92A9557422284005BE6C32DF2B36C9BA,14a56b07-acaa-455d-b7c8-d19482bda270,,0,,resource_file_action,hg_stock
ab1a0e85-2d44-4343-b052-f4f9e002f2c0,0,462958a5-f32c-4abb-87c7-9b460d6294a1,,6fd5baa6-0d7b-4677-84b6-ce638cf1cef3,2026-07-23 07:06:30.56895,HGFAB8B32DE902624444A05EBF2DBE486D89,f72d87f8-01fb-48dd-b042-e0ed648444d4,Tài nguyên công ty / AN TUỆ / NHẠC / DEEP HOUSE / DEEP HOUSE - 2 / Deep House - 2 | Tropical House / Chung An Tuệ / MKT gen / 2601,0,,resource_file_action,hg_stock
a55989c9-0640-4d9c-bea8-38342f375e65,2,4addfc09-e0d7-4c20-8c29-e92634a2ee81,,6fd5baa6-0d7b-4677-84b6-ce638cf1cef3,2026-07-23 07:06:41.461324,HGFAF42D4AAEDC4A426E9F3F7E8916F3FF3E,e343a09f-b601-4bbd-9492-1bb39f07e03b,,0,,resource_file_action,hg_stock
200b9c2d-0690-4842-a4b8-d7e7cdfb8cd9,2,e3bf269f-de7b-4ed1-98ef-1ba0061438b8,,27f44d18-9d8f-4943-a744-e1efb0a0728a,2026-07-23 07:06:47.361568,HGFV89D2D4EB6B0E4C1A9A2EAC4CBB1C458A,15d4fb26-9fbf-42b5-bad8-0ac02b089967,,0,,resource_file_action,hg_stock
18e791df-c6b8-47e0-814d-b6bff402c647,2,df609a40-63a9-4a4e-8388-2c70e8a51809,,27f44d18-9d8f-4943-a744-e1efb0a0728a,2026-07-23 07:07:10.794136,HGFVE8FD02C32F00494FA66C5E17627F6FA9,15d4fb26-9fbf-42b5-bad8-0ac02b089967,,0,,resource_file_action,hg_stock
83ddaf19-0512-40a9-9858-4d43cd250cb7,2,ac5a26ca-8ac5-488f-add8-e7684716c669,,70ab807b-1fc5-4db5-9b4b-5fb5a5d664f7,2026-07-23 06:59:42.054209,HGFVC50C6EEE91DD4E5B8BC04F50EEF8F3AC,15d4fb26-9fbf-42b5-bad8-0ac02b089967,,0,,resource_file_action,hg_stock
a07e012d-9471-4844-890f-4ef5be34b00d,2,99bb661f-cb50-4974-8dc9-d8295ae98bb9,,70ab807b-1fc5-4db5-9b4b-5fb5a5d664f7,2026-07-23 06:59:47.553645,HGFV37D30FD3597940B5B2C5F4E1C355238C,15d4fb26-9fbf-42b5-bad8-0ac02b089967,,0,,resource_file_action,hg_stock
fb79f265-14ea-4cf4-90df-7f0d5cd99582,2,b0026775-9647-4d64-a6c3-f9949f68d96a,,70ab807b-1fc5-4db5-9b4b-5fb5a5d664f7,2026-07-23 06:59:48.745628,HGFV3B82815B486B4C1C87BE1C73971C4E08,15d4fb26-9fbf-42b5-bad8-0ac02b089967,,0,,resource_file_action,hg_stock
5ca14d1b-8d59-4939-9156-845a371f7b66,2,b968d5ca-e47f-497e-881f-6c35adff45f0,,70ab807b-1fc5-4db5-9b4b-5fb5a5d664f7,2026-07-23 06:59:53.286234,HGFV3AE459993FA3465291E798B187A333E5,15d4fb26-9fbf-42b5-bad8-0ac02b089967,,0,,resource_file_action,hg_stock
e97508e2-a815-4bd1-a68f-6ae78781ce42,2,8c125572-158d-4f4f-b362-0faa10fb0027,,70ab807b-1fc5-4db5-9b4b-5fb5a5d664f7,2026-07-23 06:59:58.092796,HGFV465BD5A7E03745D68CBE625AFA1EF38A,15d4fb26-9fbf-42b5-bad8-0ac02b089967,,0,,resource_file_action,hg_stock
e7deb5fc-6109-400e-b1f2-08daeb9e09e8,2,8c54e4fa-83b5-48f3-b162-f9f38401e08a,,70ab807b-1fc5-4db5-9b4b-5fb5a5d664f7,2026-07-23 06:59:59.523648,HGFV75168E0B58C04C0CB9545BA7B7E7611D,15d4fb26-9fbf-42b5-bad8-0ac02b089967,,0,,resource_file_action,hg_stock
b374edff-9a1d-4356-8768-7dbfc00c4052,0,a32ce510-a6e0-431d-830c-7fed23aaaf11,,70ab807b-1fc5-4db5-9b4b-5fb5a5d664f7,2026-07-23 07:00:25.388014,HGFV16BEFB78F05C4F54BEFE0D30B7C8168F,15d4fb26-9fbf-42b5-bad8-0ac02b089967,Tài nguyên công ty / HOLDING / FOOTAGE / DEEP HOUSE / THU MUA / GAETAN PIOLOT / Video Cut nhỏ - Gaetan Piolot (AT),0,,resource_file_action,hg_stock
4b26b73c-c903-478a-94f4-94745e43cecc,2,b4eb37ee-d60f-4951-8457-799d84d5fdfb,,70ab807b-1fc5-4db5-9b4b-5fb5a5d664f7,2026-07-23 07:00:43.219807,HGFV701A720D7327493D942940AFE3C2850E,15d4fb26-9fbf-42b5-bad8-0ac02b089967,,0,,resource_file_action,hg_stock
60e81c6b-3981-4664-af0b-37042951d860,2,20cdf7dc-9bc2-4950-af12-948201b45510,,954feab8-e0a0-4ccf-93d3-de82a44955d6,2026-07-23 07:04:10.403135,HGFV1E449161DBF3498287DC5E0FD53EFBE9,e308bd2b-c8f0-4865-9fc1-8dbe7e53ae22,,0,,resource_file_action,hg_stock
b1ccbd7d-f2e9-4a50-b47b-cb302442d251,2,2dc6e3ef-9b87-40f9-aa5e-9b0ad8ce6142,,954feab8-e0a0-4ccf-93d3-de82a44955d6,2026-07-23 07:05:32.926881,HGFV9985A81CD02A411593D7BEF19D0816CC,4c82c928-fce8-4f66-8e33-526537376042,,0,,resource_file_action,hg_stock
eb791666-dd50-4346-8e17-8af07e528b5e,2,0bff9b78-1012-468a-8181-4a1eecac6d3e,,954feab8-e0a0-4ccf-93d3-de82a44955d6,2026-07-23 07:05:34.349106,HGFV8AA7D1F7197B429983CF2269DD03B5C8,b26e995f-0526-4bbd-9073-511b7fdc3b36,,0,,resource_file_action,hg_stock
8df0ae14-04d1-44d9-804e-336aabf0a176,2,3379c9d4-409b-4ab1-8e86-53b8ff8e17de,,954feab8-e0a0-4ccf-93d3-de82a44955d6,2026-07-23 07:06:24.451252,HGFV32754D2106E8433FA13A01AAC8D200BC,b26e995f-0526-4bbd-9073-511b7fdc3b36,,0,,resource_file_action,hg_stock
6a9c7d05-e17d-42e5-83e3-a37ff9e00557,2,030321b5-d764-4fb4-9cc6-487dbb2ae608,,954feab8-e0a0-4ccf-93d3-de82a44955d6,2026-07-23 07:06:28.872081,HGFV97EF08C3C6BE4816BF5B0C06744D973F,14a56b07-acaa-455d-b7c8-d19482bda270,,0,,resource_file_action,hg_stock
64fd739b-d7f3-4bb9-9959-89bf6af06527,2,1fc96756-4c33-4d96-8ff5-2326941e5678,,954feab8-e0a0-4ccf-93d3-de82a44955d6,2026-07-23 07:07:52.774188,HGFV0623F0512BA34B3B9B8B30454401A8A3,14a56b07-acaa-455d-b7c8-d19482bda270,,0,,resource_file_action,hg_stock
c9f98967-bba3-4d5b-a917-93afd2f24cb5,2,97061e29-f7e3-4f1e-a833-9dbe66a6c8f6,,6fd5baa6-0d7b-4677-84b6-ce638cf1cef3,2026-07-23 07:09:04.902101,HGFA1D3D081FF9044FD0937C1B96645E1621,e343a09f-b601-4bbd-9492-1bb39f07e03b,,0,,resource_file_action,hg_stock
af8e766a-91d2-4f03-8911-9ddba2ce211a,2,c9a32844-8605-41e6-8b90-166974eca1ac,,6fd5baa6-0d7b-4677-84b6-ce638cf1cef3,2026-07-23 07:09:39.389499,HGFAF4C422ED072D44E9991BB5F282442246,e343a09f-b601-4bbd-9492-1bb39f07e03b,,0,,resource_file_action,hg_stock
ef28cd19-5f87-4f12-ada7-eb7f6787a281,0,c9a32844-8605-41e6-8b90-166974eca1ac,,6fd5baa6-0d7b-4677-84b6-ce638cf1cef3,2026-07-23 07:09:42.82385,HGFAF4C422ED072D44E9991BB5F282442246,e343a09f-b601-4bbd-9492-1bb39f07e03b,Tài nguyên công ty / AN TUỆ / NHẠC / DEEP HOUSE / DEEP HOUSE - 2 / Deep House - 2 | Tropical House / Chung An Tuệ / MKT gen / 2510,0,,resource_file_action,hg_stock
59633ddc-fc65-4ba9-89e4-866686b959e8,2,daff037a-bc38-4fd3-840e-e1a14fac7566,,6fd5baa6-0d7b-4677-84b6-ce638cf1cef3,2026-07-23 07:10:26.822552,HGFA784A1EEE6A1A4ECAAD4AC4028F9EC0E3,e343a09f-b601-4bbd-9492-1bb39f07e03b,,0,,resource_file_action,hg_stock
603b9542-f5ec-4845-bb22-7a653fa23826,1,e2fd5534-e4d8-4189-8f38-1f634eafa884,,522cc0c7-0990-4e26-b535-392767a7c142,2026-07-23 07:10:37.318544,HGFV2C9C9BAF22BD4D5CB23551EB3E3B09FF,9d1a05af-255e-469c-a0a6-059e30110a50,Tài nguyên công ty / AN TUỆ / 2D & 3D / STFLOW / SÓNG ÂM / Mandala Lite,0,,resource_file_action,hg_stock
fed817bb-d6e5-4393-8ea0-0c59db45ea9f,2,f28a1730-6257-453b-af1c-549bf3deecec,,0de60dba-7fdd-4fbb-be09-33f00ae5efe4,2026-08-19 02:51:15.968982,HGFVEA179E142ECF40E890D94C699969D4A1,51d39b59-7c2e-476c-a516-3dbe25dd1e1d,,0,,resource_file_action,hg_stock
edd2c5c5-c25c-4efb-bba7-323add21b82a,0,ef42e9dd-3933-4760-affe-4c57021588b2,,5938543b-a59a-40f7-b443-88fa3e8e1c08,2026-07-23 07:22:30.107216,HGFA4990B8A91B3947B9829242B652954351,6010999b-7031-405b-bfa5-4f31c982dc59,Tài nguyên công ty / FOREST MUSIC GROUP / 1. KHO TÀI NGUYÊN GỐC / 1.1. Kho Nhạc gốc / 1.1.1. Deep House / 1.1.1.1. Deep House - KHO CHUNG / DJ Goja (WL DJ Goja - Holding),0,,resource_file_action,hg_stock
82924044-ff6c-40a2-a3ce-9d39c3b1a3e5,0,f9dd70e9-32c2-4df0-b4d0-4bba74534495,,5938543b-a59a-40f7-b443-88fa3e8e1c08,2026-07-23 07:23:03.866293,HGFA1D3A5E4C72C34EB8A08FDB8FB7C797B1,6010999b-7031-405b-bfa5-4f31c982dc59,Tài nguyên công ty / FOREST MUSIC GROUP / 1. KHO TÀI NGUYÊN GỐC / 1.1. Kho Nhạc gốc / 1.1.1. Deep House / 1.1.1.1. Deep House - KHO CHUNG / DJ Goja (WL DJ Goja - Holding),0,,resource_file_action,hg_stock
f3d4f660-c611-4e7f-bf4a-29c6f04799f7,0,77bca618-b181-4368-ae9f-cdb7f3050ed7,,5938543b-a59a-40f7-b443-88fa3e8e1c08,2026-07-23 07:23:39.935992,HGFA2516CB5D8C59410DA9E5F0D34F7E4E6C,cc33f0e4-8ccb-4b17-b749-3cee5bb291fd,Tài nguyên công ty / HOLDING / NHẠC / DEEP HOUSE / THU MUA / CHUNG / DJ Goja Team - Out Of Dimension Music,0,,resource_file_action,hg_stock
fce4b5c1-b724-482c-b28c-add2e2e674c6,1,41aaff70-447f-4f71-a356-fae8a71e9d80,,522cc0c7-0990-4e26-b535-392767a7c142,2026-07-23 07:24:22.282812,HGFV5A1BFCA6DE644CFFB5EDB0020874DFD7,9d1a05af-255e-469c-a0a6-059e30110a50,Tài nguyên công ty / AN TUỆ / 2D & 3D / STFLOW / SÓNG ÂM / Mandala Lite,0,,resource_file_action,hg_stock
0e8ab17c-a778-460b-9024-a29450d71aa8,2,893ad602-d508-4c26-8328-3e9901befc6e,,b22aeee3-7b08-4e9a-8114-086a9f2a18bf,2026-07-23 07:24:42.405078,HGFV99E5D934CF6E4058A6633ED82D67E370,15d4fb26-9fbf-42b5-bad8-0ac02b089967,,0,,resource_file_action,hg_stock
0ce77177-6edd-4006-9c66-240d43cb7d9f,2,4e61c739-f172-459a-9f57-37f8d06d3e13,,b22aeee3-7b08-4e9a-8114-086a9f2a18bf,2026-07-23 07:24:43.612716,HGFV76555770B56048FAB4D73974169D64C0,15d4fb26-9fbf-42b5-bad8-0ac02b089967,,0,,resource_file_action,hg_stock
ae397d05-180f-49a1-a1b2-940e023a451b,2,7074fefd-8ade-43a6-b313-557142d72800,,b22aeee3-7b08-4e9a-8114-086a9f2a18bf,2026-07-23 07:25:24.700404,HGFV8E983FB633774443BCEE90D050D713E0,d59852c1-18ad-4cfa-88b3-37cf86a88af5,,0,,resource_file_action,hg_stock
21f4d662-57c9-4439-abb8-ed783a005123,2,ddafe27d-c689-43e1-b8b2-4c221834061a,,b22aeee3-7b08-4e9a-8114-086a9f2a18bf,2026-07-23 07:25:30.774486,HGFVD47238CA991A4466950CE44CCFAC0407,d59852c1-18ad-4cfa-88b3-37cf86a88af5,,0,,resource_file_action,hg_stock
a30cda2b-9475-4c90-9667-ee9a8353b56c,2,f4b7a2cb-c750-4a15-997e-17187703bbef,,b22aeee3-7b08-4e9a-8114-086a9f2a18bf,2026-07-23 07:25:58.640415,HGFV0DB63EC89C8640FB86B5EAB74026E125,6e0c91ca-971e-4119-8a01-268ceecb9f4f,,0,,resource_file_action,hg_stock
51791dfa-bf60-441c-b494-0be41c801e32,2,d91a41b6-6494-4035-a302-e6f017c75970,,b22aeee3-7b08-4e9a-8114-086a9f2a18bf,2026-07-23 07:26:06.974557,HGFV0BD55498AFCC4418A65737476776C0F2,6e0c91ca-971e-4119-8a01-268ceecb9f4f,,0,,resource_file_action,hg_stock
56d3dad1-ba2b-44b1-93e6-c5833dc96de3,2,c42f2cf1-6464-4d8c-8ed8-314cc2370f0c,,70ab807b-1fc5-4db5-9b4b-5fb5a5d664f7,2026-07-23 06:59:53.44637,HGFV5AB2AA2CA47744A298FC0B1575B63D3D,15d4fb26-9fbf-42b5-bad8-0ac02b089967,,0,,resource_file_action,hg_stock
d2fc868f-965e-43d0-bd45-825fc7bbab2d,2,c418863c-77dd-4693-b2e3-57554ceed505,,70ab807b-1fc5-4db5-9b4b-5fb5a5d664f7,2026-07-23 06:59:56.559266,HGFV7723EFD8E1D3474F968A833099BF1A96,15d4fb26-9fbf-42b5-bad8-0ac02b089967,,0,,resource_file_action,hg_stock
b0ad7263-2fcd-4037-b3ab-9873e439c62e,2,48efdbf0-3346-42e0-a70c-26cc26e9cf00,,6fd5baa6-0d7b-4677-84b6-ce638cf1cef3,2026-07-23 07:02:40.051729,HGFA9E060FF416F14C759F65EEC60E43AE55,dfb4ab24-e08d-455a-a6df-d58a1c187134,,0,,resource_file_action,hg_stock
8fb13567-56bb-4eab-aec6-bec9348c7b81,2,b28dc4b9-c46e-44fe-89d9-3564dd4ccb65,,954feab8-e0a0-4ccf-93d3-de82a44955d6,2026-07-23 07:03:38.639154,HGFV146DB7D3272842EAB569F58447AD74D9,e308bd2b-c8f0-4865-9fc1-8dbe7e53ae22,,0,,resource_file_action,hg_stock
e2883027-63eb-43bf-b003-738aaf686048,2,3e75361f-3f7a-4ed6-9f93-cfbf3be78605,,954feab8-e0a0-4ccf-93d3-de82a44955d6,2026-07-23 07:04:06.845369,HGFV0588BDAFE25444A48A1B1624713D6FD7,e308bd2b-c8f0-4865-9fc1-8dbe7e53ae22,,0,,resource_file_action,hg_stock
517a29bf-f5d9-4246-8965-69645afca849,2,5ab94ac8-8c34-4684-a43a-68e1ee485e95,,954feab8-e0a0-4ccf-93d3-de82a44955d6,2026-07-23 07:04:14.693888,HGFV089067FD93EB4F7290C2FAD9E7BB25A3,e308bd2b-c8f0-4865-9fc1-8dbe7e53ae22,,0,,resource_file_action,hg_stock
d3506e46-d9eb-4cfd-adea-7da0ccd7a8c3,2,2bb0128e-bd7a-4a35-a105-c630dde2de8f,,6fd5baa6-0d7b-4677-84b6-ce638cf1cef3,2026-07-23 07:04:51.133748,HGFA8225567F369C471299AC0A344CE0BAB3,a3d75a11-a270-4e82-b09b-5a938d9933af,,0,,resource_file_action,hg_stock
80f803b7-f6cb-44f8-8c3a-8002f583580a,2,40086668-6e09-4409-8554-3b800c089161,,6fd5baa6-0d7b-4677-84b6-ce638cf1cef3,2026-07-23 07:05:17.219958,HGFAF00B97B735DA404CBF47FCB3D3720232,c50ec88a-9327-454e-9423-0829b175ad92,,0,,resource_file_action,hg_stock
c487afb2-eea0-42f2-b142-0a79165dde9f,2,2af1aaec-17f7-42ac-b7de-eb5ed6ebe92c,,954feab8-e0a0-4ccf-93d3-de82a44955d6,2026-07-23 07:05:32.735412,HGFV93776C5C618E425F8E6066DDDEA83DBE,b26e995f-0526-4bbd-9073-511b7fdc3b36,,0,,resource_file_action,hg_stock
def7871e-d2df-448a-80a9-98f2c6a475a7,2,e43ef573-5fd8-4294-854a-1a110459746b,,954feab8-e0a0-4ccf-93d3-de82a44955d6,2026-07-23 07:06:25.743494,HGFVA6FA41567351455DB60033AE80D3C645,14a56b07-acaa-455d-b7c8-d19482bda270,,0,,resource_file_action,hg_stock
91468010-39a3-43b1-a968-d1402fa783f7,2,df609a40-63a9-4a4e-8388-2c70e8a51809,,70ab807b-1fc5-4db5-9b4b-5fb5a5d664f7,2026-07-23 07:08:02.775293,HGFVE8FD02C32F00494FA66C5E17627F6FA9,15d4fb26-9fbf-42b5-bad8-0ac02b089967,,0,,resource_file_action,hg_stock
04df2a5b-49c0-4a25-ab76-e79241e10e68,2,ea5d748c-d0f1-422f-8dd6-6831cd929c73,,6fd5baa6-0d7b-4677-84b6-ce638cf1cef3,2026-07-23 07:10:44.595548,HGFA7B8B4DB876D440AE89CBAEB571EC145D,e343a09f-b601-4bbd-9492-1bb39f07e03b,,0,,resource_file_action,hg_stock
1dcd2fb1-ecae-40ad-9ba2-83826e3daef8,2,18518a29-3ba9-41b0-b350-6bf8672531d2,,25383aa0-c3b0-4e3e-b5f7-ae6260042926,2026-07-23 07:15:45.808798,HGFA077DB13A3F9F4FE1BFA6844CEA425445,586ea656-74ed-40ee-a8ac-376ea693da9e,,0,,resource_file_action,hg_stock
ed6ea53f-70ce-44ea-a6a3-f703e64a2f30,2,0d761e80-85b3-4ba1-9373-a73317086850,,25383aa0-c3b0-4e3e-b5f7-ae6260042926,2026-07-23 07:15:50.858297,HGFA43CAA26192384AA488E80EA6E968B2E5,586ea656-74ed-40ee-a8ac-376ea693da9e,,0,,resource_file_action,hg_stock
3d41b5e3-92b6-4c59-8767-cea6feb671c4,1,ff300bd6-affa-47e3-b7d7-8b2b543b75f4,,4c05f915-db94-4d44-985d-94702dd0161b,2026-08-18 09:14:23.026876,HGFVE8C25FE2F16D48C7B12609428FDC3A81,55b4c422-d1ea-4c21-99ec-27e2da4cc3c2,Tài nguyên công ty / AN TUỆ / FOOTAGE / THU MUA / AN TUỆ / 2. KHO FOOTAGE ĐÃ HẬU KỲ / 2.1 UPLOAD - TEAM HẬU KỲ / Trường / Tháng 8/2026 / Mùa đông / 170 video,0,,resource_file_action,hg_stock
272e4ae4-abfc-4d54-a7b3-0d753feb9fad,2,ec8a33ef-7c2b-4c17-9f56-a6247f11c487,,0de60dba-7fdd-4fbb-be09-33f00ae5efe4,2026-08-19 02:51:16.909807,HGFVD6C467651744450AB6301DC2B7B286E6,801e8aa2-5576-4053-bc7c-469fdb87526d,,0,,resource_file_action,hg_stock
1a25fb10-6cd5-4d40-bf32-3a062ea0cb74,2,e6ef7f56-2f88-4823-8fc5-786d6a8641a3,,0de60dba-7fdd-4fbb-be09-33f00ae5efe4,2026-08-19 02:51:20.120687,HGFV99A96507694E49D19ADC4E0D1AD97997,50dfcfb3-5565-4f23-9dbf-eb274f5ea09b,,0,,resource_file_action,hg_stock
c9ebe555-0207-48cc-a97c-398b8bde0602,2,fd859ec1-95d4-4dd0-896f-f64977239e7c,,0de60dba-7fdd-4fbb-be09-33f00ae5efe4,2026-08-19 02:51:29.372146,HGFV1E2700E12FCE49E4B2220C7065FC0C85,1377f758-1e84-4326-8999-a001ff2654da,,0,,resource_file_action,hg_stock
0fff9e8e-9872-45eb-ba9e-6467679678da,2,dc238900-0383-45f1-b5be-67e4024efe03,,0de60dba-7fdd-4fbb-be09-33f00ae5efe4,2026-08-19 02:51:29.669702,HGFV6424728FC8144249AA70380B90D5A827,a32e6f8f-c708-4ece-a62d-c80c6bf81727,,0,,resource_file_action,hg_stock
562148a1-e7cb-4312-a9bf-0c28c54dab23,2,00518fd3-489d-4f74-8b25-17404cd4b8e9,,6225eaf1-0c57-410a-a09d-a0055f7e073a,2026-08-19 02:51:32.341035,HGFV12CF484D68D64EC4B17F9607EE3FDD76,4572e9d1-30ce-403f-9e24-d1f3017794ac,,0,,resource_file_action,hg_stock
60f411e3-8cfa-4710-924a-01046b2d7063,2,bb510065-5c6d-4d75-aa21-3546d62b41c8,,0de60dba-7fdd-4fbb-be09-33f00ae5efe4,2026-08-19 02:51:41.250307,HGFVE9C76E45DD67426ABC9920BAB626EBD4,6e0c91ca-971e-4119-8a01-268ceecb9f4f,,0,,resource_file_action,hg_stock
f4849abd-3f55-4bc2-a2e3-a086976260ac,2,9fe45326-f6bd-4b57-875f-eefa1bbbe436,,0de60dba-7fdd-4fbb-be09-33f00ae5efe4,2026-08-19 02:52:14.213754,HGFVC013D179A13843609B892340C3831883,d10ef10d-b47d-4d96-aa8a-6a8161eb7341,,0,,resource_file_action,hg_stock
eb50aab8-87bb-49ee-87c6-6d1e1efa6b3f,2,ae9b703d-8a02-41a4-805c-dd5e9162f99f,,0de60dba-7fdd-4fbb-be09-33f00ae5efe4,2026-08-19 02:54:18.775522,HGFV187840932A7E45AF89C9EBDF412091BF,558b556f-4ed7-4319-895c-4cd2566cacf4,,0,,resource_file_action,hg_stock
57c26259-e568-487f-8c17-8f1d5e9e1076,2,6e873385-9aac-4e22-89c7-dbe6c82aef00,,0de60dba-7fdd-4fbb-be09-33f00ae5efe4,2026-08-19 02:55:01.358271,HGFVC7B4A9D4E3574673B18FC4ED2026E094,d59852c1-18ad-4cfa-88b3-37cf86a88af5,,0,,resource_file_action,hg_stock
13333dd5-dda5-488e-9f6d-a06b0d5da11d,2,9a0df2dd-02cf-4d7e-af01-47885eb108e2,,0de60dba-7fdd-4fbb-be09-33f00ae5efe4,2026-08-19 02:56:52.899158,HGFV6A3B50671801456883992F0C72DA1DA5,a9a1553b-52c8-4a89-93ed-945c39af2fac,,0,,resource_file_action,hg_stock
b1b30816-5130-4552-a27f-1814b93a3cc5,2,97d1cce1-ab56-4e15-9d01-899a77d396dc,,0de60dba-7fdd-4fbb-be09-33f00ae5efe4,2026-08-19 02:58:48.806119,HGFV342C3306EA004DEE8B0A7CA9E8F8CB4D,735c6b35-456b-435b-8bad-4beeee2e2d4b,,0,,resource_file_action,hg_stock
95c5695c-768c-4e64-9012-ce0b07151ecf,2,944d3b23-b943-43e9-b298-d29ee2ef3f46,,0de60dba-7fdd-4fbb-be09-33f00ae5efe4,2026-08-19 02:58:49.019013,HGFVFFB7AB5F453A4789A18917421C25DA17,a04e2a6d-1be4-470d-a1a9-1f017de4ec8c,,0,,resource_file_action,hg_stock
ea9d2436-f0c1-43cd-a914-4f2065cb75fc,2,62336074-1321-4d88-a055-b35b2dc87962,,0de60dba-7fdd-4fbb-be09-33f00ae5efe4,2026-08-19 02:59:03.160082,HGFV7EB1E2A2011E4147BABDB612272AA54D,cd6b70b9-dec6-433b-ba80-806a8f88b1c3,,0,,resource_file_action,hg_stock
e7d865b6-751d-4f2b-a258-5b5bba91a321,2,82131c12-7f2e-4a81-8cb8-1a0aa8794a77,,0de60dba-7fdd-4fbb-be09-33f00ae5efe4,2026-08-19 02:59:30.018726,HGFVC24D8FD12E8B40D789B9C22A1BDF0DDD,8a1b3c7e-cc7f-45f8-818e-bed3893c13cc,,0,,resource_file_action,hg_stock
9e8ac399-1a97-4e94-8ccf-1a1450d1d945,2,76beff1c-e528-4dba-be83-10b444d3f029,,59e91d9f-f385-4f25-9cbc-5dab582a3b98,2026-08-19 03:03:20.551457,HGFAF80DFD4C84A14F0DAFFFCD5E3857949F,e1591eff-111c-49ff-ad40-d2492b45769f,,0,,resource_file_action,hg_stock
96e53a69-5542-4eb2-b6b2-b074d1e1de10,2,09138f1f-9cd2-477a-b65f-48379592daaf,,59e91d9f-f385-4f25-9cbc-5dab582a3b98,2026-08-19 03:03:51.960996,HGFAF16E2F94BE2F4D3DB7411AFBEABCAC38,e1591eff-111c-49ff-ad40-d2492b45769f,,0,,resource_file_action,hg_stock
90ee4d4b-035a-4af6-862e-2a54e60c160b,2,3f2ee0ff-a5eb-4f44-a113-d8356ec262db,,6fd5baa6-0d7b-4677-84b6-ce638cf1cef3,2026-07-23 07:05:13.770737,HGFADFB34590D6AC418BBED9F4758490C39F,76dc3f3d-0b84-410a-8e90-cf7f84ef2eb9,,0,,resource_file_action,hg_stock
d08eb659-c004-42cd-9b35-a2f809d3db83,2,e6b90a5d-c564-4fa0-a63a-23a271db9e41,,954feab8-e0a0-4ccf-93d3-de82a44955d6,2026-07-23 07:06:27.803678,HGFV9C5189E78BE04CE287440C5ABA036D80,091631d6-5478-497e-9bea-b743c603bf0a,,0,,resource_file_action,hg_stock
a1f89c89-3e4d-4c7e-9b98-b35ea6ea4595,2,8105202b-7743-465a-88b7-c80006c6e5de,,27f44d18-9d8f-4943-a744-e1efb0a0728a,2026-07-23 07:06:48.139711,HGFVF14F5729CDC64153A9B298796D85BD80,15d4fb26-9fbf-42b5-bad8-0ac02b089967,,0,,resource_file_action,hg_stock
461e64b9-1af8-4f2f-ac7e-70513ba22e03,2,4fbaec85-2549-4309-827c-77f32061c4fb,,6fd5baa6-0d7b-4677-84b6-ce638cf1cef3,2026-07-23 07:07:50.432069,HGFAB79DA827C0034A30A1944D0A41F72B7A,e343a09f-b601-4bbd-9492-1bb39f07e03b,,0,,resource_file_action,hg_stock
074f5177-1b2a-4881-94f0-093026675f6f,2,950c6eb5-c62a-46fc-842e-e5401c0cd928,,954feab8-e0a0-4ccf-93d3-de82a44955d6,2026-07-23 07:07:51.212342,HGFV404E961A8CFF44628162ACB132DF98E4,14a56b07-acaa-455d-b7c8-d19482bda270,,0,,resource_file_action,hg_stock
1da266f2-a28e-4997-a0cb-f5319428dae5,0,4fbaec85-2549-4309-827c-77f32061c4fb,,6fd5baa6-0d7b-4677-84b6-ce638cf1cef3,2026-07-23 07:08:23.728113,HGFAB79DA827C0034A30A1944D0A41F72B7A,e343a09f-b601-4bbd-9492-1bb39f07e03b,Tài nguyên công ty / AN TUỆ / NHẠC / DEEP HOUSE / DEEP HOUSE - 2 / Deep House - 2 | Tropical House / Chung An Tuệ / MKT gen / 2510,0,,resource_file_action,hg_stock
e3f66009-dab4-4064-b7da-80d1a91779a0,2,6949daf6-da40-4eeb-b6c2-3a4dff06a955,,6fd5baa6-0d7b-4677-84b6-ce638cf1cef3,2026-07-23 07:08:34.955535,HGFA876ABEC61CAA4B6C9B8DEEA8643AF83D,c50ec88a-9327-454e-9423-0829b175ad92,,0,,resource_file_action,hg_stock
179d3ff5-a80b-43f9-af01-fc48b8520526,2,7bbac9d0-3438-46ec-9e9a-e681e5b4e90b,,6fd5baa6-0d7b-4677-84b6-ce638cf1cef3,2026-07-23 07:08:45.401288,HGFA4E827011947E4FD285180B70CCB851DA,e343a09f-b601-4bbd-9492-1bb39f07e03b,,0,,resource_file_action,hg_stock
3f57510d-8838-48a0-a23b-2f07e1aac749,0,8dc5b404-5646-4b46-9738-4df2836dee85,,6fd5baa6-0d7b-4677-84b6-ce638cf1cef3,2026-07-23 07:09:00.269273,HGFA96745AA6B5FB499C853AB696FB45FEA8,e343a09f-b601-4bbd-9492-1bb39f07e03b,Tài nguyên công ty / AN TUỆ / NHẠC / DEEP HOUSE / DEEP HOUSE - 2 / Deep House - 2 | Tropical House / Chung An Tuệ / MKT gen / 2510,0,,resource_file_action,hg_stock
533f1b02-6013-4adf-a9c2-bb94307b0db2,2,deb02081-ab92-4cf6-b2db-f664c34eeeeb,,d917625a-fd49-4660-9257-60b5792f700a,2026-07-23 07:09:01.866357,HGFV9F21608D12B14ACF8907D38F150178AE,15d4fb26-9fbf-42b5-bad8-0ac02b089967,,0,,resource_file_action,hg_stock
7a339431-ee87-45cb-9ab2-a54aeeaace35,2,df2c61a6-4773-4f8f-959d-43575810b2af,,d917625a-fd49-4660-9257-60b5792f700a,2026-07-23 07:09:02.695023,HGFVCF9DC8A0C52143AD861886A1F977A761,15d4fb26-9fbf-42b5-bad8-0ac02b089967,,0,,resource_file_action,hg_stock
805d211b-d9d3-4cd5-8312-631e96bf03fc,2,cb80314f-d865-40d9-80ea-ba6fab32a80a,,6fd5baa6-0d7b-4677-84b6-ce638cf1cef3,2026-07-23 07:09:48.569448,HGFA516769A9D6A44B8095C0F3818BC2CA66,c50ec88a-9327-454e-9423-0829b175ad92,,0,,resource_file_action,hg_stock
26123459-34a5-4f53-99f5-fe993c91ea99,0,ea5d748c-d0f1-422f-8dd6-6831cd929c73,,6fd5baa6-0d7b-4677-84b6-ce638cf1cef3,2026-07-23 07:10:48.384208,HGFA7B8B4DB876D440AE89CBAEB571EC145D,e343a09f-b601-4bbd-9492-1bb39f07e03b,Tài nguyên công ty / AN TUỆ / NHẠC / DEEP HOUSE / DEEP HOUSE - 2 / Deep House - 2 | Tropical House / Chung An Tuệ / MKT gen / 2510,0,,resource_file_action,hg_stock
49d0038c-022d-4adc-9fd0-bc79416e8982,0,fb70dd06-2aba-4ecb-8797-9ea99178f974,,522cc0c7-0990-4e26-b535-392767a7c142,2026-07-23 07:15:40.959552,HGFV983331BE19984427A9B7B795EC95EFBE,9d1a05af-255e-469c-a0a6-059e30110a50,,0,,resource_file_action,hg_stock
ace1c062-b20a-44f9-9676-d98fee0d28d7,2,98430cea-3ecf-4b6f-b4a6-06961f4adfd0,,b22aeee3-7b08-4e9a-8114-086a9f2a18bf,2026-07-23 07:25:29.95961,HGFVACDBBE2CC0E04A5C926F1F2F32743C1F,d59852c1-18ad-4cfa-88b3-37cf86a88af5,,0,,resource_file_action,hg_stock
7dee31ac-56c8-4580-8f66-885729167db0,2,8a7aa6f7-c160-46b3-b797-effad912d6c2,,b22aeee3-7b08-4e9a-8114-086a9f2a18bf,2026-07-23 07:25:31.176238,HGFVCDC16628C07442059118D170B603E9F8,d59852c1-18ad-4cfa-88b3-37cf86a88af5,,0,,resource_file_action,hg_stock
17b90d94-0e1e-4e12-a181-c2b9d7772323,2,d07cd724-e42c-4f25-a31f-4c29b080779f,,b22aeee3-7b08-4e9a-8114-086a9f2a18bf,2026-07-23 07:25:55.287602,HGFVB42B3F8B08A6405481E120AA51362980,1ad9f410-abd2-4d16-a074-0412912c2861,,0,,resource_file_action,hg_stock
328cb042-f87d-420b-b03f-daa5a653beb7,2,e5517913-cd88-4114-a695-8d3283993e3c,,b22aeee3-7b08-4e9a-8114-086a9f2a18bf,2026-07-23 07:26:08.554704,HGFV86A7DF31315849D9A37BF051FBC8C365,3c239e85-44d4-4c8e-b4ef-6f9bbd6318fa,,0,,resource_file_action,hg_stock
7af3f6d7-c36a-4550-a716-44e64889072b,2,ddfe502f-6f7c-4570-a5b6-2fa721574121,,b22aeee3-7b08-4e9a-8114-086a9f2a18bf,2026-07-23 07:26:08.68947,HGFV8CBBC9E4E2DF45F8AF8BC1AE42FBC273,6e0c91ca-971e-4119-8a01-268ceecb9f4f,,0,,resource_file_action,hg_stock
dacc1258-0415-4155-a06b-94f0d7c02fe9,2,f94b5427-3cd4-413e-a20f-237eb74729c7,,b22aeee3-7b08-4e9a-8114-086a9f2a18bf,2026-07-23 07:26:11.992207,HGFVDA247ABC814A4D3DB461531DE36909A3,51d39b59-7c2e-476c-a516-3dbe25dd1e1d,,0,,resource_file_action,hg_stock
7b60da22-b0bb-4fb9-bc8c-0f87cef4cafc,2,c04b616f-637d-4dcd-854a-3d7078597484,,b22aeee3-7b08-4e9a-8114-086a9f2a18bf,2026-07-23 07:27:16.480638,HGFVB485D11BAF544B1098B45EEAAFF922D3,a9a1553b-52c8-4a89-93ed-945c39af2fac,,0,,resource_file_action,hg_stock
19a21315-d5b3-47a1-bfa1-5af4da782099,2,3264d411-7378-4a99-8880-5814a3957099,,b22aeee3-7b08-4e9a-8114-086a9f2a18bf,2026-07-23 07:27:32.801093,HGFVE96EF7385D6D4C7AB6C63DEAD6AFF612,a9a1553b-52c8-4a89-93ed-945c39af2fac,,0,,resource_file_action,hg_stock
ba31ca1d-5f88-46d3-907b-e7b75b54f3f9,2,7b2ddaf2-b229-4b11-b784-1f6cbf8ec194,,b22aeee3-7b08-4e9a-8114-086a9f2a18bf,2026-07-23 07:28:02.192764,HGFV7B865164DDEB4C6F8764A706A5E192D4,260a8405-dedf-4385-bf28-367b513fa9f4,,0,,resource_file_action,hg_stock
fbbfb5ef-839e-484d-9648-ad3c7e089b7d,2,21b33d96-7684-42cd-bb8d-f38012530777,,b22aeee3-7b08-4e9a-8114-086a9f2a18bf,2026-07-23 07:28:27.153721,HGFVA6F4F363DFAE47DB87E1A69576B0F368,735c6b35-456b-435b-8bad-4beeee2e2d4b,,0,,resource_file_action,hg_stock
9fe7d1be-f16c-43b5-be60-3e70d9c63a94,2,b0292b64-bb9a-4487-ba1c-9d3b7c9b1af8,,b22aeee3-7b08-4e9a-8114-086a9f2a18bf,2026-07-23 07:29:34.175361,HGFV5BC2AB2107674232840AADE1D74B0F54,735c6b35-456b-435b-8bad-4beeee2e2d4b,,0,,resource_file_action,hg_stock
9d623c11-e09f-4ce5-b972-02c8bce8eb95,2,d8e6d377-09e3-463a-8105-58622bd599f8,,b22aeee3-7b08-4e9a-8114-086a9f2a18bf,2026-07-23 07:29:41.786604,HGFV2DDB66E575CC44FB911A6FFED6759A38,a04e2a6d-1be4-470d-a1a9-1f017de4ec8c,,0,,resource_file_action,hg_stock
27bf8768-f175-450b-9fdb-00f79f356b0c,2,f1eb7e6f-f6fd-4f1e-b8a3-0f4757e73caf,,b22aeee3-7b08-4e9a-8114-086a9f2a18bf,2026-07-23 07:29:50.826647,HGFVE415E280A2284BB4A282EF6722147F94,a04e2a6d-1be4-470d-a1a9-1f017de4ec8c,,0,,resource_file_action,hg_stock
283181a0-36bb-480d-bef3-c87973c7e453,2,a9bd0130-4e82-4f85-bd85-03904b9c42fd,,b22aeee3-7b08-4e9a-8114-086a9f2a18bf,2026-07-23 07:30:01.120126,HGFV1BC4E4522D604BC6B2B475D1FF2DA01C,cd6b70b9-dec6-433b-ba80-806a8f88b1c3,,0,,resource_file_action,hg_stock
af080e87-14d1-416b-b397-b648e2c8b08c,2,3de0e05d-1368-4a04-be36-83c84593ca05,,b22aeee3-7b08-4e9a-8114-086a9f2a18bf,2026-07-23 07:30:13.760229,HGFV21CD1A5AA9A948A4852925AF78B586C4,4f6b1c39-52fb-4e95-8ecc-5244b1ed8311,,0,,resource_file_action,hg_stock
6086b038-9919-4b1e-b2a0-07da5b2b26b4,2,5fb25b5a-8496-4814-9ed5-0d377e0ceddd,,b22aeee3-7b08-4e9a-8114-086a9f2a18bf,2026-07-23 07:30:21.199888,HGFV7852BA7F5DB34955A16A89BC5F7680BD,4f6b1c39-52fb-4e95-8ecc-5244b1ed8311,,0,,resource_file_action,hg_stock
040113de-5965-46f2-a1ac-3082ca1841ef,2,fc0cf97c-29bc-4214-875f-912460075871,,b22aeee3-7b08-4e9a-8114-086a9f2a18bf,2026-07-23 07:30:33.983648,HGFV8B63A3FA61734A4D9D4C738A05A50FC9,80f7c127-ea12-48f6-99de-987ad0f9715f,,0,,resource_file_action,hg_stock
98ef1356-d01b-4e77-807e-9460c96cd549,0,97061e29-f7e3-4f1e-a833-9dbe66a6c8f6,,6fd5baa6-0d7b-4677-84b6-ce638cf1cef3,2026-07-23 07:09:09.604674,HGFA1D3D081FF9044FD0937C1B96645E1621,e343a09f-b601-4bbd-9492-1bb39f07e03b,Tài nguyên công ty / AN TUỆ / NHẠC / DEEP HOUSE / DEEP HOUSE - 2 / Deep House - 2 | Tropical House / Chung An Tuệ / MKT gen / 2510,0,,resource_file_action,hg_stock
67b29a8d-464a-44d7-8deb-1a030265e616,2,a6f949ed-17d1-49ac-87ef-ff90f4331dde,,6fd5baa6-0d7b-4677-84b6-ce638cf1cef3,2026-07-23 07:09:17.227716,HGFA47184678F049460CB18FD24C6F3D0D34,a3d75a11-a270-4e82-b09b-5a938d9933af,,0,,resource_file_action,hg_stock
aa9bbe78-8bee-460b-b722-71532ff8dec3,2,d8fab4d1-e7d5-4315-8025-4caf94a8d58e,,6fd5baa6-0d7b-4677-84b6-ce638cf1cef3,2026-07-23 07:10:19.17774,HGFA69241A6A539846F3A9391ED389C616F4,e343a09f-b601-4bbd-9492-1bb39f07e03b,,0,,resource_file_action,hg_stock
d0646559-7bdb-48e5-95ef-322736051f47,0,df4ee22b-3324-422f-9b71-36007fb7f411,,6fd5baa6-0d7b-4677-84b6-ce638cf1cef3,2026-07-23 07:10:39.642364,HGFAD4602827080647EEA6006FC23A167888,a3d75a11-a270-4e82-b09b-5a938d9933af,Tài nguyên công ty / AN TUỆ / NHẠC / DEEP HOUSE / DEEP HOUSE - 2 / Deep House - 2 | Tropical House / Chung An Tuệ / MKT gen / 2511,0,,resource_file_action,hg_stock
c7b4fb45-3be2-4e74-ab7c-3041ed4db4a1,2,ac337463-3259-404c-beb2-32ecb84c68a0,,b22aeee3-7b08-4e9a-8114-086a9f2a18bf,2026-07-23 07:25:29.501864,HGFVF2509EA9764B4CA68BE51DFF05CD43FF,d59852c1-18ad-4cfa-88b3-37cf86a88af5,,0,,resource_file_action,hg_stock
ec537df5-800f-4c8a-b328-1612aee51baa,2,8c3d7ace-2de1-4c26-bae3-13dfcf7359dd,,b22aeee3-7b08-4e9a-8114-086a9f2a18bf,2026-07-23 07:25:58.277491,HGFVC34A29241AE14ABBBCB33AFCD008173C,6e0c91ca-971e-4119-8a01-268ceecb9f4f,,0,,resource_file_action,hg_stock
347ab2d8-2a70-43fd-aa77-2437151900d4,2,39c7bfdc-5a36-42d6-894f-3d26ba2162eb,,b22aeee3-7b08-4e9a-8114-086a9f2a18bf,2026-07-23 07:26:18.043266,HGFV423FD75036AA4038958D045DFCA4777F,51d39b59-7c2e-476c-a516-3dbe25dd1e1d,,0,,resource_file_action,hg_stock
7eaf8151-574c-4f78-b27a-ad070df40762,2,7f310530-0ad6-4d44-9c20-66abf71fe85f,,b22aeee3-7b08-4e9a-8114-086a9f2a18bf,2026-07-23 07:26:27.492199,HGFVCD5ABFD861654153B615C38EB91E86EB,4c9d146c-d6a6-4d50-b7a8-8f6b511d9afe,,0,,resource_file_action,hg_stock
a29940fa-5c27-4f97-9f3f-53cda7045ebb,2,bd2e59e1-d61d-48f3-9e75-b08bcf3e8870,,b22aeee3-7b08-4e9a-8114-086a9f2a18bf,2026-07-23 07:27:15.852448,HGFVBBD72B71FEB5409C8D2F3A08A8F30C90,a9a1553b-52c8-4a89-93ed-945c39af2fac,,0,,resource_file_action,hg_stock
9b1ef4cc-a458-42f9-989d-c6b00f3ee421,2,b907a50a-0f90-4f94-9f98-a5cad025e3e5,,b22aeee3-7b08-4e9a-8114-086a9f2a18bf,2026-07-23 07:27:21.186155,HGFV9A3BDB9113954EF18CB8915C4A809D71,a9a1553b-52c8-4a89-93ed-945c39af2fac,,0,,resource_file_action,hg_stock
b8a1fa51-e1ae-4101-a044-ec304038180e,2,fad2a545-bfdd-4782-9934-2f5f569bfc3e,,b22aeee3-7b08-4e9a-8114-086a9f2a18bf,2026-07-23 07:28:17.657782,HGFV5431C35C14A64C4697653785EF5E8268,735c6b35-456b-435b-8bad-4beeee2e2d4b,,0,,resource_file_action,hg_stock
f4cedad5-3d6c-4055-a43f-3e724d8e558a,2,c05ddd5f-bebf-4688-bad3-59244f6c6ed6,,b22aeee3-7b08-4e9a-8114-086a9f2a18bf,2026-07-23 07:30:04.139447,HGFVD26D3E3DED0C4DB2AA520EB2FFB12678,cd6b70b9-dec6-433b-ba80-806a8f88b1c3,,0,,resource_file_action,hg_stock
4b39fc89-6b95-4799-aa3c-60cc9665b6da,2,b002f548-fc78-446f-abb7-10bfdce15133,,b22aeee3-7b08-4e9a-8114-086a9f2a18bf,2026-07-23 07:30:08.150158,HGFV75C6B57DBB0B4EDB8126D019FB6B8C91,8a1b3c7e-cc7f-45f8-818e-bed3893c13cc,,0,,resource_file_action,hg_stock
7e5359ac-0020-44ca-b964-7e4803d732ca,2,b8ff1b94-e1bf-4f26-8bda-d0be56589331,,b22aeee3-7b08-4e9a-8114-086a9f2a18bf,2026-07-23 07:30:10.928864,HGFVBDD9C328F24E4149A3F92F0F306ECAB2,4c82c928-fce8-4f66-8e33-526537376042,,0,,resource_file_action,hg_stock
da1e54fc-4b34-4007-8ef7-b21aa7e77d6b,2,87321496-e437-4b29-98f1-50af40ec4549,,b22aeee3-7b08-4e9a-8114-086a9f2a18bf,2026-07-23 07:30:23.126566,HGFV058DC7EA94C941349BFD8F4304B2CC13,b26e995f-0526-4bbd-9073-511b7fdc3b36,,0,,resource_file_action,hg_stock
76a482b5-195a-4e78-8494-1121609a34e8,2,a31699c9-56e8-45c2-9768-dcd6a8855387,,b22aeee3-7b08-4e9a-8114-086a9f2a18bf,2026-07-23 07:31:33.719791,HGFVBC6CD91F93844EBA9442295F6CFC3781,93a2daaa-b990-45c5-87fa-1e4c82b5be96,,0,,resource_file_action,hg_stock
7e0a8d65-6032-4f9d-8b56-43d8b03e27b2,2,57f1a449-c1cb-45f5-b4fb-87d7ad354684,,b22aeee3-7b08-4e9a-8114-086a9f2a18bf,2026-07-23 07:32:08.151805,HGFVB12A5D9C8EFD437EA4441E57ADD61139,7a65b358-399d-4b97-b89b-5dc34d28af4c,,0,,resource_file_action,hg_stock
1a2a1584-cbc4-4b6c-8e6b-eb27a53df8d0,2,b6b03a17-343a-4bcd-b53d-2e08c3f915cf,,b22aeee3-7b08-4e9a-8114-086a9f2a18bf,2026-07-23 07:32:11.412043,HGFVB9BA4F0FE66043D58482754CAD6D3C28,928e6562-c3e9-46b1-9e32-2a0d6ff2fdfb,,0,,resource_file_action,hg_stock
2de2f3b3-3b1d-42f4-9ece-609cd47c5923,2,a747cbd9-c6b8-4c28-8537-d41b6c9c9d57,,4e3eac7c-e6d8-4e10-b8b5-b66bcc744495,2026-07-23 07:32:28.132353,HGFA6CCCC2DB007946E8A454E233FE908E0A,9641dd3b-bafc-4870-b316-fe98879475af,,0,,resource_file_action,hg_stock
af54fd52-e2dc-42a5-af68-e7b7ec1b7fbd,2,e2e4635a-409f-4307-812d-04d9e1a82ed6,,4e3eac7c-e6d8-4e10-b8b5-b66bcc744495,2026-07-23 07:33:28.64636,HGFAA6A6E45F7D594450A273926FC4E64A4D,9641dd3b-bafc-4870-b316-fe98879475af,,0,,resource_file_action,hg_stock
643da27b-988d-4c10-a757-2a54c7dc56e0,2,20334f6f-5273-4d90-b3d5-10e222d1b9cd,,b22aeee3-7b08-4e9a-8114-086a9f2a18bf,2026-07-23 07:33:53.283704,HGFV2ABC9F8C57734E1FA3A30594D8F8BE9D,b3e4aabd-8c7f-4d15-b611-ddab6d138bd0,,0,,resource_file_action,hg_stock
4c317a26-a2bf-4809-af59-a5d05fb2f3d7,2,fd983a8b-2530-43a6-8588-f15a082b21bf,,b22aeee3-7b08-4e9a-8114-086a9f2a18bf,2026-07-23 07:38:14.754643,HGFVAC6C3F7EC09A48C79B7D24D2E2DFFC19,d59852c1-18ad-4cfa-88b3-37cf86a88af5,,0,,resource_file_action,hg_stock
32060ddc-7d1e-4027-ac32-662ba63c494a,2,54083643-3020-4f9f-af73-ff0344d34448,,b22aeee3-7b08-4e9a-8114-086a9f2a18bf,2026-07-23 07:38:17.554299,HGFV64290D084CD14F559A36419D99D10B32,d59852c1-18ad-4cfa-88b3-37cf86a88af5,,0,,resource_file_action,hg_stock
b9a45830-200d-4272-be74-165800cfd2dc,2,750184d5-a78d-4e6f-a4f3-74aa0687c79f,,b22aeee3-7b08-4e9a-8114-086a9f2a18bf,2026-07-23 07:38:31.180437,HGFV6D0F5CCE2350447790A4FC693258FECD,801e8aa2-5576-4053-bc7c-469fdb87526d,,0,,resource_file_action,hg_stock
658b5034-622c-412b-b18c-2568601e182c,2,67d6c0ab-0651-4986-9ce0-77140a5b6227,,b22aeee3-7b08-4e9a-8114-086a9f2a18bf,2026-07-23 07:38:38.738415,HGFVA1DDEA54DADA4C759A4137F7FBB6A3E1,a9a1553b-52c8-4a89-93ed-945c39af2fac,,0,,resource_file_action,hg_stock
d62d069d-ea75-44a5-a415-0c5e6dd7109a,2,568c6950-e148-49ba-a25f-ee791e45becd,,b22aeee3-7b08-4e9a-8114-086a9f2a18bf,2026-07-23 07:38:44.092277,HGFV853872C7638245F897BAAEA895AF03DB,f2603641-9cf4-4f23-a478-826dddd99396,,0,,resource_file_action,hg_stock
74da82a8-d57d-4783-a735-76e445691a92,2,dc428a4c-02ea-481c-a4f8-3db835da192b,,b22aeee3-7b08-4e9a-8114-086a9f2a18bf,2026-07-23 07:38:49.547563,HGFV295A8E9A7ED34377AE7D880364614332,50dfcfb3-5565-4f23-9dbf-eb274f5ea09b,,0,,resource_file_action,hg_stock
8a93ef6f-ce82-4580-b808-ef09dee609e6,2,8079a9a2-4cda-441e-aeba-ca0ba20a1cf2,,b22aeee3-7b08-4e9a-8114-086a9f2a18bf,2026-07-23 07:38:53.067096,HGFVF4E0D9D57AA44835A498807260F981DE,735c6b35-456b-435b-8bad-4beeee2e2d4b,,0,,resource_file_action,hg_stock
bda00e0d-0a46-4b92-8933-d5bf5b60f35e,2,9d5c2327-c13e-411c-8073-490bd0c4a013,,b22aeee3-7b08-4e9a-8114-086a9f2a18bf,2026-07-23 07:38:55.269764,HGFVC0CEF4993DFE4178885B97800945EC4B,735c6b35-456b-435b-8bad-4beeee2e2d4b,,0,,resource_file_action,hg_stock
7d6ff310-a569-485c-b9c7-4c97eb347b15,2,058d6632-3aac-4dde-8251-ccac6320b4b0,,b22aeee3-7b08-4e9a-8114-086a9f2a18bf,2026-07-23 07:39:01.62497,HGFV5685A1CF8D1A44EC8E1BE0DE9D87836C,a04e2a6d-1be4-470d-a1a9-1f017de4ec8c,,0,,resource_file_action,hg_stock
2f3ed93a-0353-4638-9c71-f4b8a20df6e5,2,df609a40-63a9-4a4e-8388-2c70e8a51809,,6a34ddae-be72-471a-ad45-7e226c3a141f,2026-07-23 07:39:57.533882,HGFVE8FD02C32F00494FA66C5E17627F6FA9,15d4fb26-9fbf-42b5-bad8-0ac02b089967,,0,,resource_file_action,hg_stock
79845cc6-daf7-4e68-9ca0-58c75c81ff90,2,deb02081-ab92-4cf6-b2db-f664c34eeeeb,,6a34ddae-be72-471a-ad45-7e226c3a141f,2026-07-23 07:39:58.939718,HGFV9F21608D12B14ACF8907D38F150178AE,15d4fb26-9fbf-42b5-bad8-0ac02b089967,,0,,resource_file_action,hg_stock
5b0df747-f6d6-4ce1-a7aa-31be75222098,0,a6f949ed-17d1-49ac-87ef-ff90f4331dde,,6fd5baa6-0d7b-4677-84b6-ce638cf1cef3,2026-07-23 07:09:20.337934,HGFA47184678F049460CB18FD24C6F3D0D34,a3d75a11-a270-4e82-b09b-5a938d9933af,Tài nguyên công ty / AN TUỆ / NHẠC / DEEP HOUSE / DEEP HOUSE - 2 / Deep House - 2 | Tropical House / Chung An Tuệ / MKT gen / 2511,0,,resource_file_action,hg_stock
cf2ea447-256f-4c40-af6a-58b0165719ad,2,b13a0e28-be7d-46b8-b39e-111baf01375e,,6fd5baa6-0d7b-4677-84b6-ce638cf1cef3,2026-07-23 07:09:24.740084,HGFAAEEAA26E73DB474D8D64BE9E79613582,e343a09f-b601-4bbd-9492-1bb39f07e03b,,0,,resource_file_action,hg_stock
b66078e5-c956-4501-bfe9-9b0c5b5941e7,2,4f5f4f1e-68a5-47d0-b123-b4164659aaf7,,25383aa0-c3b0-4e3e-b5f7-ae6260042926,2026-07-23 07:15:28.724416,HGFA145A267B0CEB4F31BFDE91D34988B745,586ea656-74ed-40ee-a8ac-376ea693da9e,,0,,resource_file_action,hg_stock
be26492c-7142-40cc-8e2f-c460497fc59a,2,11df4ce2-53af-4b6e-8125-616ca1591c63,,b22aeee3-7b08-4e9a-8114-086a9f2a18bf,2026-07-23 07:24:44.669098,HGFVFFF43BCD425E4523BD2112989F8E1CF2,15d4fb26-9fbf-42b5-bad8-0ac02b089967,,0,,resource_file_action,hg_stock
98676bff-7483-478b-b516-9d942254e8b5,2,df9588cc-9472-4a0d-8eef-5c37945d94cb,,b22aeee3-7b08-4e9a-8114-086a9f2a18bf,2026-07-23 07:25:26.94687,HGFVD13EE5700F2C40F4BAA2CDF7A82A203B,d59852c1-18ad-4cfa-88b3-37cf86a88af5,,0,,resource_file_action,hg_stock
d7963d8c-4fe7-473a-978e-b995f424a1fe,2,669a3765-84f9-4325-8d20-f21ce0c78898,,e0520965-d867-47cc-99e8-071806619383,2026-07-23 07:25:27.186007,HGFV5D9BC04F8914490F84875D801347BB4F,8a8b3dff-fcb5-49d6-a43d-309847b66a99,,0,,resource_file_action,hg_stock
c0f34b4d-e646-4a48-a432-46ca8841d031,2,f089cdf5-4fae-43c5-b321-b6f1c38277e3,,b22aeee3-7b08-4e9a-8114-086a9f2a18bf,2026-07-23 07:25:28.372617,HGFV2CB69EAB9F60404CB1AB71036CC0918A,d59852c1-18ad-4cfa-88b3-37cf86a88af5,,0,,resource_file_action,hg_stock
80f15e8f-d794-462f-ab1d-b30b49751cee,2,af3d6495-e29a-4dab-8be7-ba036a92a220,,b22aeee3-7b08-4e9a-8114-086a9f2a18bf,2026-07-23 07:25:29.607288,HGFVC7C68B2A1D9F4E1394E97C1D80378BF2,d59852c1-18ad-4cfa-88b3-37cf86a88af5,,0,,resource_file_action,hg_stock
19794c76-2e81-499d-ba2d-44677b210106,2,9af2eabc-c061-40d8-b7db-58704aba8023,,b22aeee3-7b08-4e9a-8114-086a9f2a18bf,2026-07-23 07:25:54.661924,HGFVDAD98EC37E7F4B4187B8D8ADDC25B75A,1ad9f410-abd2-4d16-a074-0412912c2861,,0,,resource_file_action,hg_stock
16fc33c1-e502-4e52-a393-2c297e57d632,2,dc60c883-c105-4d54-a146-eb9fe9d35cbe,,b22aeee3-7b08-4e9a-8114-086a9f2a18bf,2026-07-23 07:26:00.880223,HGFV9A7DD254A9244B4AB9F2A5F7010654A3,1ad9f410-abd2-4d16-a074-0412912c2861,,0,,resource_file_action,hg_stock
0a24d0ed-5fc9-4902-a272-57a443fd5661,2,5051a20d-3409-41eb-b26f-62ef28d75c9d,,b22aeee3-7b08-4e9a-8114-086a9f2a18bf,2026-07-23 07:26:12.305105,HGFVADCE9AE0B19743A7BA7181E447526A7C,7052a794-c290-4be4-a8b5-818eb58d1d2b,,0,,resource_file_action,hg_stock
ca0b7af1-4660-4b69-a74f-914581915a8d,2,f252e9da-884f-4492-96ec-5c692544ddd9,,b22aeee3-7b08-4e9a-8114-086a9f2a18bf,2026-07-23 07:26:14.306138,HGFV1C47EE88D9734EB997CB5CF49BBEE1F1,51d39b59-7c2e-476c-a516-3dbe25dd1e1d,,0,,resource_file_action,hg_stock
c528c8ec-07ff-40b8-a844-5b61c336ca12,2,a59d8b9d-51bf-4ac0-81d0-bbc7f59ad3f1,,b22aeee3-7b08-4e9a-8114-086a9f2a18bf,2026-07-23 07:26:17.124333,HGFV93473F9A41EC454E94216E1B4D16D17E,51d39b59-7c2e-476c-a516-3dbe25dd1e1d,,0,,resource_file_action,hg_stock
7a67d4c0-08a2-4d2c-8528-5c0e734599d8,0,f02bc20b-5019-47fb-88f1-947be3d87334,,b22aeee3-7b08-4e9a-8114-086a9f2a18bf,2026-07-23 07:26:37.504215,HGFV9A0339FF018A4CA4809E599048AD6E11,4c9d146c-d6a6-4d50-b7a8-8f6b511d9afe,Tài nguyên công ty / RED ONE (MỚI) / [RED ONE] FOOTAGE / THU MUA / PHÂN PHỐI / CHUNG / CLASSICAL + RELAX / BẬT CID NET MUSIC FACTORY (WL CÁC KÊNH CLASSICAL + RELAX) / (Done) VRLDH-1-32/HDTM1-HG- FLEXMEDIA/0 - FlexMedia - 30 video - 22/05/2025,0,,resource_file_action,hg_stock
6b98ea05-8a2e-4dfe-b87b-1fc47e1ed942,2,ede9f793-17e5-44fc-a01e-4f38b1d7439d,,b22aeee3-7b08-4e9a-8114-086a9f2a18bf,2026-07-23 07:27:48.378238,HGFV4A1C6BF6C1C1439FA8CBE1BD64C7AC0F,a9a1553b-52c8-4a89-93ed-945c39af2fac,,0,,resource_file_action,hg_stock
db6f1cea-70ce-4888-a06b-72f8d2d4c151,2,7601cbbc-a33b-49a9-9b49-f17ce71a8b06,,b22aeee3-7b08-4e9a-8114-086a9f2a18bf,2026-07-23 07:29:46.116244,HGFV5C0A2CBC5C9E491EB872F50B9B9AFDD1,a04e2a6d-1be4-470d-a1a9-1f017de4ec8c,,0,,resource_file_action,hg_stock
3cdc30bb-ff0a-4934-9315-c85b24f38ba1,2,aa7c06e2-1dcf-4036-8c18-6abbc6ea2684,,b22aeee3-7b08-4e9a-8114-086a9f2a18bf,2026-07-23 07:29:54.037684,HGFV47071416F8404BF681239727A57B5764,a04e2a6d-1be4-470d-a1a9-1f017de4ec8c,,0,,resource_file_action,hg_stock
da93978c-8d58-4dcc-aee9-40139a3fb00b,2,7b45f25d-e86a-46fc-8c0f-9992522b5706,,b22aeee3-7b08-4e9a-8114-086a9f2a18bf,2026-07-23 07:30:10.495546,HGFV68E000F8C08A40739E1949233C2FB612,4c82c928-fce8-4f66-8e33-526537376042,,0,,resource_file_action,hg_stock
bf8fbc34-a152-4f74-b43d-a2a8d89f1105,2,72c21ca6-ce2a-466c-a244-f91aac335d2f,,b22aeee3-7b08-4e9a-8114-086a9f2a18bf,2026-07-23 07:30:24.833937,HGFV6583F46D5421479390FE7FBBC36B59B4,b26e995f-0526-4bbd-9073-511b7fdc3b36,,0,,resource_file_action,hg_stock
83818a34-6393-4d97-ad0c-c7969fb6b887,1,82ccff0d-4897-46b6-a3a9-3de185aeeeaf,,4c05f915-db94-4d44-985d-94702dd0161b,2026-08-18 09:14:24.886613,HGFV28E2AA3B20004A6CA15C49A451C0D80A,55b4c422-d1ea-4c21-99ec-27e2da4cc3c2,Tài nguyên công ty / AN TUỆ / FOOTAGE / THU MUA / AN TUỆ / 2. KHO FOOTAGE ĐÃ HẬU KỲ / 2.1 UPLOAD - TEAM HẬU KỲ / Trường / Tháng 8/2026 / Mùa đông / 170 video,0,,resource_file_action,hg_stock
7c208440-987a-44bb-b0f8-85c11db4aaa7,1,7231ee6c-50e1-4935-93f9-a3ed252e0e24,,4c05f915-db94-4d44-985d-94702dd0161b,2026-08-18 09:16:45.462678,HGFV8A267BB8776749F3A9129D66C098C4C0,55b4c422-d1ea-4c21-99ec-27e2da4cc3c2,Tài nguyên công ty / AN TUỆ / FOOTAGE / THU MUA / AN TUỆ / 2. KHO FOOTAGE ĐÃ HẬU KỲ / 2.1 UPLOAD - TEAM HẬU KỲ / Trường / Tháng 8/2026 / Mùa đông / 170 video,0,,resource_file_action,hg_stock
a9c1e150-0181-4c0b-8e28-f859115691ef,1,0f2f2208-647c-46c8-9ebc-303a00e3f845,,4c05f915-db94-4d44-985d-94702dd0161b,2026-08-18 09:17:22.408561,HGFV0337D4A8DC304E9E9B4672026B3BCBBB,55b4c422-d1ea-4c21-99ec-27e2da4cc3c2,Tài nguyên công ty / AN TUỆ / FOOTAGE / THU MUA / AN TUỆ / 2. KHO FOOTAGE ĐÃ HẬU KỲ / 2.1 UPLOAD - TEAM HẬU KỲ / Trường / Tháng 8/2026 / Mùa đông / 170 video,0,,resource_file_action,hg_stock
e753a61e-3605-4b17-932f-4d428003a7f6,1,5c50039b-4224-4083-a06f-e19f2a7afaa3,,4c05f915-db94-4d44-985d-94702dd0161b,2026-08-18 09:17:34.912431,HGFVD6FF87762EE74AA78754E882F23E2775,55b4c422-d1ea-4c21-99ec-27e2da4cc3c2,Tài nguyên công ty / AN TUỆ / FOOTAGE / THU MUA / AN TUỆ / 2. KHO FOOTAGE ĐÃ HẬU KỲ / 2.1 UPLOAD - TEAM HẬU KỲ / Trường / Tháng 8/2026 / Mùa đông / 170 video,0,,resource_file_action,hg_stock
c1b2d4ac-bda4-4e80-8532-4e172b8e6367,2,3efe6380-6fa1-4d1a-8b75-921c31d54616,,70ab807b-1fc5-4db5-9b4b-5fb5a5d664f7,2026-07-23 07:24:47.391881,HGFA7DEBEA646524478B8AC4E090E4A0A869,e343a09f-b601-4bbd-9492-1bb39f07e03b,,0,,resource_file_action,hg_stock
5c3faec5-ed21-412e-9a97-798b4826937b,1,2e2f1cb9-1755-48a4-b8ac-4ef5cc4c6d65,,4c05f915-db94-4d44-985d-94702dd0161b,2026-08-18 09:18:50.501137,HGFVD7D3EE9308F14E839EA70C589835342F,55b4c422-d1ea-4c21-99ec-27e2da4cc3c2,Tài nguyên công ty / AN TUỆ / FOOTAGE / THU MUA / AN TUỆ / 2. KHO FOOTAGE ĐÃ HẬU KỲ / 2.1 UPLOAD - TEAM HẬU KỲ / Trường / Tháng 8/2026 / Mùa đông / 170 video,0,,resource_file_action,hg_stock
c7da4b30-92c4-44d6-9a07-e5336aa0b39d,1,335661ac-157e-4311-9db9-9530dab8ab83,,4c05f915-db94-4d44-985d-94702dd0161b,2026-08-18 09:18:53.352539,HGFVD0278C3F7F364999B3F3997614E37A39,55b4c422-d1ea-4c21-99ec-27e2da4cc3c2,Tài nguyên công ty / AN TUỆ / FOOTAGE / THU MUA / AN TUỆ / 2. KHO FOOTAGE ĐÃ HẬU KỲ / 2.1 UPLOAD - TEAM HẬU KỲ / Trường / Tháng 8/2026 / Mùa đông / 170 video,0,,resource_file_action,hg_stock
f041b632-5858-4120-96f9-d235b3e30b68,2,f421a775-3443-4097-afe3-016300b963ad,,0de60dba-7fdd-4fbb-be09-33f00ae5efe4,2026-08-19 02:51:20.310721,HGFV9FABF532BE80441F8D0916C688476FF0,260a8405-dedf-4385-bf28-367b513fa9f4,,0,,resource_file_action,hg_stock
fb1d8851-4226-48b6-ba38-23af5d4ee5e7,2,d30c0803-f4d8-4b0c-8170-d4d49c0ca090,,0de60dba-7fdd-4fbb-be09-33f00ae5efe4,2026-08-19 02:51:44.233419,HGFVDD6579445BC445F98DE97A6E030D2FE0,4c9d146c-d6a6-4d50-b7a8-8f6b511d9afe,,0,,resource_file_action,hg_stock
1bbe66fa-5a28-48ce-a677-0b415afebb48,2,c74a09e6-e859-437e-99da-1f23ffe1f4a5,,6fd5baa6-0d7b-4677-84b6-ce638cf1cef3,2026-07-23 07:09:33.808242,HGFAF58A2DC210F4426E8608458126FDE617,c50ec88a-9327-454e-9423-0829b175ad92,,0,,resource_file_action,hg_stock
641bb7bf-a94d-41a7-97d3-3741f3bdf3c0,0,cb80314f-d865-40d9-80ea-ba6fab32a80a,,6fd5baa6-0d7b-4677-84b6-ce638cf1cef3,2026-07-23 07:09:51.787071,HGFA516769A9D6A44B8095C0F3818BC2CA66,c50ec88a-9327-454e-9423-0829b175ad92,Tài nguyên công ty / AN TUỆ / NHẠC / DEEP HOUSE / DEEP HOUSE - 2 / Deep House - 2 | Tropical House / Chung An Tuệ / MKT gen / 2512,0,,resource_file_action,hg_stock
01889886-614d-4b5f-8e89-07df19b90f4f,0,daff037a-bc38-4fd3-840e-e1a14fac7566,,6fd5baa6-0d7b-4677-84b6-ce638cf1cef3,2026-07-23 07:10:30.154647,HGFA784A1EEE6A1A4ECAAD4AC4028F9EC0E3,e343a09f-b601-4bbd-9492-1bb39f07e03b,Tài nguyên công ty / AN TUỆ / NHẠC / DEEP HOUSE / DEEP HOUSE - 2 / Deep House - 2 | Tropical House / Chung An Tuệ / MKT gen / 2510,0,,resource_file_action,hg_stock
98389dda-9dad-4a9b-ac4b-f30cb348bd86,2,0cba70f2-6952-45bb-a1f0-3629a30a6f32,,25383aa0-c3b0-4e3e-b5f7-ae6260042926,2026-07-23 07:14:38.038488,HGFADD336D43B32E4373824749574EAC13AF,586ea656-74ed-40ee-a8ac-376ea693da9e,,0,,resource_file_action,hg_stock
b8438f9d-efe7-4736-80a8-885c839b851b,2,41797fd4-bec7-44aa-a783-91829a2d25f2,,25383aa0-c3b0-4e3e-b5f7-ae6260042926,2026-07-23 07:15:56.955298,HGFAA0B3C22EB341456D87DFC8DDE41D3B8A,47521f49-67bc-479c-86fa-9c1081582865,,0,,resource_file_action,hg_stock
b975ae98-245e-4826-b289-45036d0e8fb0,2,4e979226-8471-46b2-83c3-8a6c565f3b55,,25383aa0-c3b0-4e3e-b5f7-ae6260042926,2026-07-23 07:16:11.981365,HGFAD7CB44283FFA40B4A4CE11382BA8BC87,586ea656-74ed-40ee-a8ac-376ea693da9e,,0,,resource_file_action,hg_stock
fad3d472-8a19-40ff-845b-740d86c502f2,0,d98043ac-53cf-473f-8397-f22755f464cb,,5938543b-a59a-40f7-b443-88fa3e8e1c08,2026-07-23 07:22:38.099686,HGFA970321BB9CCA4037921B8EEB46B971F2,6010999b-7031-405b-bfa5-4f31c982dc59,Tài nguyên công ty / FOREST MUSIC GROUP / 1. KHO TÀI NGUYÊN GỐC / 1.1. Kho Nhạc gốc / 1.1.1. Deep House / 1.1.1.1. Deep House - KHO CHUNG / DJ Goja (WL DJ Goja - Holding),0,,resource_file_action,hg_stock
a8c021bc-08c3-421d-a238-7b47793e5cb3,0,d39282a9-c743-4fe1-a9fb-294b487ada20,,5938543b-a59a-40f7-b443-88fa3e8e1c08,2026-07-23 07:23:22.404292,HGFA6843306668BB416DB481F9FA3B4B36DE,6010999b-7031-405b-bfa5-4f31c982dc59,Tài nguyên công ty / FOREST MUSIC GROUP / 1. KHO TÀI NGUYÊN GỐC / 1.1. Kho Nhạc gốc / 1.1.1. Deep House / 1.1.1.1. Deep House - KHO CHUNG / DJ Goja (WL DJ Goja - Holding),0,,resource_file_action,hg_stock
f461ea36-4ccd-4227-bb03-faeb79b602e1,1,671297ee-20d1-405a-bef0-4b45b2b0cfe3,,522cc0c7-0990-4e26-b535-392767a7c142,2026-07-23 07:24:12.859586,HGFV4E1515A0B94E4A28846FF6DC6D7E624B,9d1a05af-255e-469c-a0a6-059e30110a50,Tài nguyên công ty / AN TUỆ / 2D & 3D / STFLOW / SÓNG ÂM / Mandala Lite,0,,resource_file_action,hg_stock
7bade17d-356c-4c30-8168-538f0f40dbf4,2,fc51927d-faf6-4e62-8052-36d97ba287c1,,6709e76d-751e-4e25-bdca-b8235202ea32,2026-07-23 07:24:16.392599,HGFAE13BBE6FAE614CA89D579A427AFF3CD6,cc281fa1-09e5-4b97-90fc-4ccfbc5cb2ce,,0,,resource_file_action,hg_stock
9682a5d8-5cf1-4b05-b614-b6fd9ed15df0,1,ae106e46-002c-4a09-9da3-24feacb48012,,522cc0c7-0990-4e26-b535-392767a7c142,2026-07-23 07:24:25.06695,HGFVE3204DB6CD8C4D6E988B319250C5DCFC,9d1a05af-255e-469c-a0a6-059e30110a50,Tài nguyên công ty / AN TUỆ / 2D & 3D / STFLOW / SÓNG ÂM / Mandala Lite,0,,resource_file_action,hg_stock
4cca4ab3-9dbf-473e-9499-35d3c3aba2d9,0,73077779-f954-4892-9ea2-2f60baff62dd,,5938543b-a59a-40f7-b443-88fa3e8e1c08,2026-07-23 07:24:31.046353,HGFA72B0F70D79E0479BABBE9C51FF0CCFAE,6010999b-7031-405b-bfa5-4f31c982dc59,Tài nguyên công ty / FOREST MUSIC GROUP / 1. KHO TÀI NGUYÊN GỐC / 1.1. Kho Nhạc gốc / 1.1.1. Deep House / 1.1.1.1. Deep House - KHO CHUNG / DJ Goja (WL DJ Goja - Holding),0,,resource_file_action,hg_stock
f838ca3f-e5f3-4758-90f4-7fd83eaa96f9,2,4b213dcc-688d-4852-9039-17c77bc6c0ca,,b22aeee3-7b08-4e9a-8114-086a9f2a18bf,2026-07-23 07:24:42.834021,HGFV41EB1CF5338642B8ABDD9D17355BDFF1,15d4fb26-9fbf-42b5-bad8-0ac02b089967,,0,,resource_file_action,hg_stock
606dfdd9-f9c3-4be1-9cf4-7d4b8f357fd7,2,a5525e5d-b126-451a-a198-6a81abb3e5d4,,b22aeee3-7b08-4e9a-8114-086a9f2a18bf,2026-07-23 07:24:43.61108,HGFV732CDB8F53B24CA3BDE3F5E6A6FDFA3A,15d4fb26-9fbf-42b5-bad8-0ac02b089967,,0,,resource_file_action,hg_stock
f5ad7767-d8d4-4c2a-a0c9-c69955460b56,2,060b6a74-bf78-4115-a701-20601132740b,,b22aeee3-7b08-4e9a-8114-086a9f2a18bf,2026-07-23 07:24:44.20644,HGFVA7B64ECD19904EBE8FCF0AFFCF5E239E,15d4fb26-9fbf-42b5-bad8-0ac02b089967,,0,,resource_file_action,hg_stock
685eedde-fb9e-4fd3-9766-1564d731c451,2,e1aca5f8-ab18-4512-b16e-21bb8cccc849,,b22aeee3-7b08-4e9a-8114-086a9f2a18bf,2026-07-23 07:24:45.10636,HGFVE94FA3C3E63C45F687B5F86362A8C262,15d4fb26-9fbf-42b5-bad8-0ac02b089967,,0,,resource_file_action,hg_stock
d86e3a2d-7381-4543-8db4-b167b4b75632,2,1c6a6a87-8be0-4470-8a09-b0b4b5b29564,,b22aeee3-7b08-4e9a-8114-086a9f2a18bf,2026-07-23 07:24:45.110184,HGFVEA41C3B5C6994C4EB574473D5DC6EAE1,15d4fb26-9fbf-42b5-bad8-0ac02b089967,,0,,resource_file_action,hg_stock
e2d90ce6-67f4-467a-8e79-f3e3c2740bc8,2,3baa9aeb-d556-477f-be43-0c5172a43fd2,,b22aeee3-7b08-4e9a-8114-086a9f2a18bf,2026-07-23 07:24:45.696922,HGFVBF4C843DB61D47D784B9385DA38E39EA,15d4fb26-9fbf-42b5-bad8-0ac02b089967,,0,,resource_file_action,hg_stock
7752f6a4-4abf-4e29-b4a5-4ee999462ff6,2,51400dac-e390-4411-9bc3-b10b37c741ca,,b22aeee3-7b08-4e9a-8114-086a9f2a18bf,2026-07-23 07:24:45.928449,HGFV3E756441D0D94D1AA27C083CF6B33301,15d4fb26-9fbf-42b5-bad8-0ac02b089967,,0,,resource_file_action,hg_stock
893d2f3f-71e1-4969-a48d-94f48f8224df,0,64c9094b-b4d5-47e4-867a-bfc6ae953a39,,5938543b-a59a-40f7-b443-88fa3e8e1c08,2026-07-23 07:24:57.110582,HGFAAB5C2C3F00D04028BAF71C6FC3B0A611,6010999b-7031-405b-bfa5-4f31c982dc59,Tài nguyên công ty / FOREST MUSIC GROUP / 1. KHO TÀI NGUYÊN GỐC / 1.1. Kho Nhạc gốc / 1.1.1. Deep House / 1.1.1.1. Deep House - KHO CHUNG / DJ Goja (WL DJ Goja - Holding),0,,resource_file_action,hg_stock
9202e67f-67b3-4f79-857e-2e5efad45a88,2,b4b37ca9-590b-4a0b-8dde-872bc2315409,,e0520965-d867-47cc-99e8-071806619383,2026-07-23 07:25:01.492863,HGFV76C4A23B0D3E4FC09AE548097887E271,8a8b3dff-fcb5-49d6-a43d-309847b66a99,,0,,resource_file_action,hg_stock
7669826a-cdbf-48e8-963d-b620ae3adea6,2,188b131b-63d7-42b4-92a7-d09d38f7e344,,e0520965-d867-47cc-99e8-071806619383,2026-07-23 07:25:02.179505,HGFVC9C3FBB1959F4122A7CC1BEC379D5C7E,8a8b3dff-fcb5-49d6-a43d-309847b66a99,,0,,resource_file_action,hg_stock
54a10a83-37ce-4ac0-906b-dac1ad04b0b2,2,6380e42b-0b68-445c-8fd5-152d247db571,,e0520965-d867-47cc-99e8-071806619383,2026-07-23 07:25:02.187127,HGFV418FDDA3B02A4B2B8E8411EFED79E2E0,8a8b3dff-fcb5-49d6-a43d-309847b66a99,,0,,resource_file_action,hg_stock
37038c8c-e1bf-41af-88cc-5623a0634499,2,754d79c4-5cf2-4019-b42e-0a769c530175,,e0520965-d867-47cc-99e8-071806619383,2026-07-23 07:25:02.377738,HGFV60E4D6BD1F504D52B21B1A2AB3B8CCB4,8a8b3dff-fcb5-49d6-a43d-309847b66a99,,0,,resource_file_action,hg_stock
6a449e95-3cba-48ec-85c7-45845536c9e3,0,2ac12ac3-50cb-42a0-b33b-b530b146b8ad,,5938543b-a59a-40f7-b443-88fa3e8e1c08,2026-07-23 07:25:08.184457,HGFAC1CE5C2005D24E2DA5AAF7CDCBB74CAC,6010999b-7031-405b-bfa5-4f31c982dc59,Tài nguyên công ty / FOREST MUSIC GROUP / 1. KHO TÀI NGUYÊN GỐC / 1.1. Kho Nhạc gốc / 1.1.1. Deep House / 1.1.1.1. Deep House - KHO CHUNG / DJ Goja (WL DJ Goja - Holding),0,,resource_file_action,hg_stock
0fa60464-e14f-46c6-8584-dbccbda05a65,2,60c41d61-f762-40bf-be77-ebdce136ffef,,b22aeee3-7b08-4e9a-8114-086a9f2a18bf,2026-07-23 07:25:23.596005,HGFV7B190A1998FC48FCB6B79B387DE94F7D,08a94126-38c6-44f6-bc40-b08683d6f21c,,0,,resource_file_action,hg_stock
039ae7be-ae68-430a-9945-61239929bee4,2,ce131270-092a-4fd9-8f31-170307b35994,,e0520965-d867-47cc-99e8-071806619383,2026-07-23 07:25:24.548305,HGFVAFABA093638A43EEB415F9471AD09A83,8a8b3dff-fcb5-49d6-a43d-309847b66a99,,0,,resource_file_action,hg_stock
ec0a5fdd-7848-407c-a22d-ace8ce6aa6bc,2,4db81d82-ae41-44bb-84b8-34013c3c6b25,,b22aeee3-7b08-4e9a-8114-086a9f2a18bf,2026-07-23 07:25:24.558022,HGFVB366704B24CD4546B628BB13DA1580C0,d59852c1-18ad-4cfa-88b3-37cf86a88af5,,0,,resource_file_action,hg_stock
721c522b-ea46-4d65-93b5-54f55b5b8c1b,2,d4af943a-db86-4032-9976-cebe0af6eca5,,e0520965-d867-47cc-99e8-071806619383,2026-07-23 07:25:25.030687,HGFV4B40192E0C15425DAC43D149E7B040DA,8a8b3dff-fcb5-49d6-a43d-309847b66a99,,0,,resource_file_action,hg_stock
9e93eaa4-b7be-4223-ac4c-a84338b274f8,2,7c324510-b277-4ac4-961c-2e003576d461,,b22aeee3-7b08-4e9a-8114-086a9f2a18bf,2026-07-23 07:25:56.254152,HGFVC19CE91357024D3F8C137FBC7C7E373F,1ad9f410-abd2-4d16-a074-0412912c2861,,0,,resource_file_action,hg_stock
a575499c-2a89-4abc-aad1-eef62e939c65,2,fa0c17ad-0cb0-443c-a5bf-d09ff0e04db0,,b22aeee3-7b08-4e9a-8114-086a9f2a18bf,2026-07-23 07:25:56.94632,HGFVF6AF9A5176EA452381936D41AEA947D5,6e0c91ca-971e-4119-8a01-268ceecb9f4f,,0,,resource_file_action,hg_stock
0cdffa93-b44f-479f-bc53-f93f14869d0f,2,b437e447-9c1c-427e-91bc-01927997e359,,b22aeee3-7b08-4e9a-8114-086a9f2a18bf,2026-07-23 07:26:07.622449,HGFVF8D3A1C5359C4D1182C8A725E7030263,6e0c91ca-971e-4119-8a01-268ceecb9f4f,,0,,resource_file_action,hg_stock
c1d36273-31f1-4457-9bce-cba84e051c15,2,b138343c-7065-41a5-9512-1ad0a272605e,,b22aeee3-7b08-4e9a-8114-086a9f2a18bf,2026-07-23 07:26:25.038012,HGFVAD2CBD90F73A473899B66B1762AC207B,4c9d146c-d6a6-4d50-b7a8-8f6b511d9afe,,0,,resource_file_action,hg_stock
5725834b-50de-4360-b341-ec93c0688fdc,2,a6d74889-456f-4d22-ad57-f8d6a45db70e,,b22aeee3-7b08-4e9a-8114-086a9f2a18bf,2026-07-23 07:28:01.564082,HGFV63B549AEBD724C83B130D43A148617E4,260a8405-dedf-4385-bf28-367b513fa9f4,,0,,resource_file_action,hg_stock
757f57f6-81a3-4272-866c-29d5264e05b5,1,5b728ad3-bcba-4de5-be82-2d9ddfe78926,,522cc0c7-0990-4e26-b535-392767a7c142,2026-07-23 07:28:30.13374,HGFV32E3AB695E7948BD81F121F1C2683496,18eb0155-4c57-4f14-8283-0f87920c2e89,Tài nguyên công ty / AN TUỆ / 2D & 3D / STFLOW / SÓNG ÂM / Người 3D,0,,resource_file_action,hg_stock
0391dd3c-e178-4cef-8d73-24d69bab0bea,2,e2dbb20e-bac8-441a-8198-c61e3628a61d,,b22aeee3-7b08-4e9a-8114-086a9f2a18bf,2026-07-23 07:29:57.552701,HGFV97B37098866C48649874A33DD28D6D74,a04e2a6d-1be4-470d-a1a9-1f017de4ec8c,,0,,resource_file_action,hg_stock
e6f402e6-1924-4396-b308-238ee2dcc3cc,2,36a71177-951c-4e40-ae61-81e3492f7740,,b22aeee3-7b08-4e9a-8114-086a9f2a18bf,2026-07-23 07:30:01.53245,HGFV1CDA5945E75F47529EBC9D06CA748C45,cd6b70b9-dec6-433b-ba80-806a8f88b1c3,,0,,resource_file_action,hg_stock
2e77fab7-8ff9-43ac-967d-a0ec8f081029,2,b1cc2e41-4af1-4974-b38a-fe3d3cb85b12,,b22aeee3-7b08-4e9a-8114-086a9f2a18bf,2026-07-23 07:30:34.204954,HGFV2AF29DF774E04DA48ED11B7E73D0143B,80f7c127-ea12-48f6-99de-987ad0f9715f,,0,,resource_file_action,hg_stock
ab2fddf7-c611-44df-b3c7-04b12744ded2,2,3f023626-4e5a-4428-aef6-a8ce2066e71d,,b22aeee3-7b08-4e9a-8114-086a9f2a18bf,2026-07-23 07:30:34.437079,HGFV59D452741B844ABF9F6916F9BCE970CB,80f7c127-ea12-48f6-99de-987ad0f9715f,,0,,resource_file_action,hg_stock
90e87436-7291-4894-965f-17d502ba5b3e,2,bec6c2be-c818-41da-977e-3efbee191e22,,b22aeee3-7b08-4e9a-8114-086a9f2a18bf,2026-07-23 07:30:44.15132,HGFV8090EA23F75F4272ACD67AD8BE6BFE1E,56e4b49b-f40c-44f4-bbc9-3c08c16dcc32,,0,,resource_file_action,hg_stock
8be7272c-2b04-4633-8358-3b147a2cf96a,2,f5d22179-1d0e-443b-aa6e-cacf27cad203,,b22aeee3-7b08-4e9a-8114-086a9f2a18bf,2026-07-23 07:30:44.294571,HGFVC273DE08F1024D918C25C14223C58203,56e4b49b-f40c-44f4-bbc9-3c08c16dcc32,,0,,resource_file_action,hg_stock
636fbada-8bf3-4e01-8fe5-78697e687a1e,2,ee1c3ea9-0e9a-4863-b134-5181073cfcbc,,b22aeee3-7b08-4e9a-8114-086a9f2a18bf,2026-07-23 07:30:48.790502,HGFV8B91CF56151549318AF5FDCAA274678F,56e4b49b-f40c-44f4-bbc9-3c08c16dcc32,,0,,resource_file_action,hg_stock
1fe84343-b058-4a80-89f3-6dac5467a425,2,88db1eb4-38e9-44be-9620-3887ff913a98,,b22aeee3-7b08-4e9a-8114-086a9f2a18bf,2026-07-23 07:31:06.011702,HGFV2C84D9A60E374C1599D3E31B291ADDE5,93a2daaa-b990-45c5-87fa-1e4c82b5be96,,0,,resource_file_action,hg_stock
fb09e580-270a-4e62-972d-1c6302a5d45d,2,d09a5cb8-6991-4834-939c-e8882ea499b9,,b22aeee3-7b08-4e9a-8114-086a9f2a18bf,2026-07-23 07:32:09.274287,HGFV24F22431D43B455D8F399F8F1AA1622B,1377f758-1e84-4326-8999-a001ff2654da,,0,,resource_file_action,hg_stock
faa0faa7-bbce-4b69-8062-3eaf187e237e,2,99110590-1790-4024-bd9e-a2858e141bf1,,b22aeee3-7b08-4e9a-8114-086a9f2a18bf,2026-07-23 07:32:09.826797,HGFVEEB6B667E3BF4D0DA73B15D1BB290673,1377f758-1e84-4326-8999-a001ff2654da,,0,,resource_file_action,hg_stock
6816423e-02e5-44f2-958f-317cd53e6b08,0,8c793654-0285-4efe-8b14-46d3987505c4,,b22aeee3-7b08-4e9a-8114-086a9f2a18bf,2026-07-23 07:33:11.935938,HGFV3F548801F1334653BB136C2F8572EFA7,b3e4aabd-8c7f-4d15-b611-ddab6d138bd0,Tài nguyên công ty / RED ONE (MỚI) / [RED ONE] FOOTAGE / THU MUA / PHÂN PHỐI / CHUNG / CLASSICAL + RELAX / BẬT CID NET MUSIC FACTORY (WL CÁC KÊNH CLASSICAL + RELAX) / (done) VRLDH-1-84/HDTM7-HG-TDT/0 - Trần Đức Thắng - 22 video - 04/09/2025,0,,resource_file_action,hg_stock
69160bcc-be10-4c29-b5ca-cc742c85f7fe,2,035b3964-06a3-4cd9-8820-5c54e2181e0b,,b22aeee3-7b08-4e9a-8114-086a9f2a18bf,2026-07-23 07:33:27.10374,HGFVD3C249579EB5464ABD632583A68BAED2,b3e4aabd-8c7f-4d15-b611-ddab6d138bd0,,0,,resource_file_action,hg_stock
cac4ad2b-430e-428e-9faf-b99980172c9b,2,c14324ea-62ad-4330-b371-0ce9c56b22fc,,b22aeee3-7b08-4e9a-8114-086a9f2a18bf,2026-07-23 07:38:16.174842,HGFV41868F4CC6A34A45814F516E171B8914,d59852c1-18ad-4cfa-88b3-37cf86a88af5,,0,,resource_file_action,hg_stock
c6aa7f28-9459-437e-8247-60e68f5e5b36,2,e0ffbf3a-cfd4-4c95-bc70-07323aca35ba,,b22aeee3-7b08-4e9a-8114-086a9f2a18bf,2026-07-23 07:38:16.252705,HGFV590BF0F47A5440FAA469834028FEE039,d59852c1-18ad-4cfa-88b3-37cf86a88af5,,0,,resource_file_action,hg_stock
bcba3f37-ac76-45fe-b03b-d8a7a5ad798e,2,a4db02b6-6a84-4480-ab42-8da3a0ba4a92,,b22aeee3-7b08-4e9a-8114-086a9f2a18bf,2026-07-23 07:38:16.660143,HGFV5856D64425534B6B8EC12D611D77C6D3,d59852c1-18ad-4cfa-88b3-37cf86a88af5,,0,,resource_file_action,hg_stock
04452b01-0edc-43c2-9dda-901b44514f34,2,86e69e70-5ce1-4186-9f80-67f6ab139097,,b22aeee3-7b08-4e9a-8114-086a9f2a18bf,2026-07-23 07:38:16.695005,HGFVA28EB9CBC63349B5B79C49F10BA8F96F,1ad9f410-abd2-4d16-a074-0412912c2861,,0,,resource_file_action,hg_stock
e5cf5228-7c44-4879-a2a1-b894b11efb69,2,97a6fef8-ed6e-48de-bb15-a2f59c0c15b9,,b22aeee3-7b08-4e9a-8114-086a9f2a18bf,2026-07-23 07:38:18.581746,HGFVE09D1A80E4D94C8D80964C0F14042356,1ad9f410-abd2-4d16-a074-0412912c2861,,0,,resource_file_action,hg_stock
5ec33d1e-7eb9-4cdb-bf9a-3b4d485cacf0,2,fb9a9789-4351-48a1-86ab-556bf55e1a8e,,b22aeee3-7b08-4e9a-8114-086a9f2a18bf,2026-07-23 07:38:19.590403,HGFVBF3F0120E5BC45EA80FA486ACC3E31C0,6e0c91ca-971e-4119-8a01-268ceecb9f4f,,0,,resource_file_action,hg_stock
0fe6f004-25c7-4d69-b84e-ecb13158f5e9,2,c0078980-88bd-41ea-8d79-b70cb6a57d12,,b22aeee3-7b08-4e9a-8114-086a9f2a18bf,2026-07-23 07:38:29.407994,HGFVCF17214B70474F03B86D8F390AD4A71E,51d39b59-7c2e-476c-a516-3dbe25dd1e1d,,0,,resource_file_action,hg_stock
ef4c78b1-d7c7-4d62-a62b-449c3bb549dc,2,6fcd052a-1c17-42ef-8ba0-fcba00c41897,,b22aeee3-7b08-4e9a-8114-086a9f2a18bf,2026-07-23 07:38:37.782494,HGFVC90413E90C094B9CBA8859C33F2C0183,a9a1553b-52c8-4a89-93ed-945c39af2fac,,0,,resource_file_action,hg_stock
9145d603-42df-49a8-a799-1ab840f597b3,2,34fde703-b248-46d8-9112-ff38c523cdea,,b22aeee3-7b08-4e9a-8114-086a9f2a18bf,2026-07-23 07:38:38.970732,HGFV7AA1CF344DEB436A80D58E22037E7158,a9a1553b-52c8-4a89-93ed-945c39af2fac,,0,,resource_file_action,hg_stock
d2b36e0a-5ce3-40b8-8691-335f8a441fca,2,be562af7-b96a-41be-baf1-3da41aa7c76d,,b22aeee3-7b08-4e9a-8114-086a9f2a18bf,2026-07-23 07:38:39.858996,HGFVB13A028B158D4059AEF7F0378CB37A27,a9a1553b-52c8-4a89-93ed-945c39af2fac,,0,,resource_file_action,hg_stock
84234afc-935e-48fa-9f10-e1178e63771b,2,58840867-7a18-46bb-b550-e848e6802a14,,b22aeee3-7b08-4e9a-8114-086a9f2a18bf,2026-07-23 07:38:45.673891,HGFVCDABB734EFB3454CB0EB482D26ECC783,319efab5-2c8e-4137-8fbb-2dd138f7805a,,0,,resource_file_action,hg_stock
90f0662d-4d79-4b01-9cc4-b01f6ac66e50,2,e0f3a40d-92d0-4752-adc9-7ac883d1c877,,e0520965-d867-47cc-99e8-071806619383,2026-07-23 07:25:25.754074,HGFV00862A3D9C05449A8DB1590BE78525B8,8a8b3dff-fcb5-49d6-a43d-309847b66a99,,0,,resource_file_action,hg_stock
eef190a8-3f3d-48fd-acbb-524126238551,2,e13a958d-70cc-4b25-93e4-275f96d3f5a2,,b22aeee3-7b08-4e9a-8114-086a9f2a18bf,2026-07-23 07:25:26.417448,HGFV3D20D50A54274C3B9A60B660B9C0B8D1,d59852c1-18ad-4cfa-88b3-37cf86a88af5,,0,,resource_file_action,hg_stock
9f821f32-f1dc-4af4-9d52-28967450e389,2,fabe1144-360b-4974-b516-3f5c70dd2326,,b22aeee3-7b08-4e9a-8114-086a9f2a18bf,2026-07-23 07:25:27.70062,HGFV807B6EC6A83B4432944E4C7F1C7EDBA0,d59852c1-18ad-4cfa-88b3-37cf86a88af5,,0,,resource_file_action,hg_stock
55c92b17-7c5c-4147-9430-3296a75f8396,2,acc8a6b4-bc46-4d83-8f98-5a91879194f5,,b22aeee3-7b08-4e9a-8114-086a9f2a18bf,2026-07-23 07:25:27.847555,HGFVB23E58D3414C4EF2A1F9584D68A66A08,d59852c1-18ad-4cfa-88b3-37cf86a88af5,,0,,resource_file_action,hg_stock
833c8701-155d-4362-af19-e08d3990d427,2,b95556a3-0237-4f20-882a-c0452b293d86,,b22aeee3-7b08-4e9a-8114-086a9f2a18bf,2026-07-23 07:25:28.051447,HGFVBAA6E36C70C24BA6918C77853C8F7E4D,d59852c1-18ad-4cfa-88b3-37cf86a88af5,,0,,resource_file_action,hg_stock
c01f54c2-d768-4135-8953-f92dbeffa092,2,b15bc2ce-6be3-413c-a81f-baf7013bb446,,b22aeee3-7b08-4e9a-8114-086a9f2a18bf,2026-07-23 07:25:29.964384,HGFV533B82989AFD42CCB2A0BE17494CDB1B,d59852c1-18ad-4cfa-88b3-37cf86a88af5,,0,,resource_file_action,hg_stock
0f5f4bc2-8b61-4ef6-81d5-cd1cfc339ee7,2,e0ffbf3a-cfd4-4c95-bc70-07323aca35ba,,b22aeee3-7b08-4e9a-8114-086a9f2a18bf,2026-07-23 07:25:33.352256,HGFV590BF0F47A5440FAA469834028FEE039,d59852c1-18ad-4cfa-88b3-37cf86a88af5,,0,,resource_file_action,hg_stock
a0b084a4-b28f-4c72-9890-2c6d1ab2ecc6,2,a74bb28d-35d0-420d-a77c-319b51e54106,,b22aeee3-7b08-4e9a-8114-086a9f2a18bf,2026-07-23 07:26:01.725907,HGFV2EB4B86B722B448DBA665E4672D0963C,1ad9f410-abd2-4d16-a074-0412912c2861,,0,,resource_file_action,hg_stock
aeefddfd-5962-4ce5-9c59-f452525e0367,2,d1d49dea-cfa2-49bc-84c7-5f159ac79ec7,,b22aeee3-7b08-4e9a-8114-086a9f2a18bf,2026-07-23 07:26:06.777491,HGFV940655F4A2AE42FCB089163A0991C33D,6e0c91ca-971e-4119-8a01-268ceecb9f4f,,0,,resource_file_action,hg_stock
6db4e181-c14a-4c41-bbf1-9a3bc5d9af5a,2,680772bb-a576-4526-bdb1-67f2519577ac,,b22aeee3-7b08-4e9a-8114-086a9f2a18bf,2026-07-23 07:26:08.211412,HGFVF10AD59ED3E64AD9AE1C5E77529F23F3,6e0c91ca-971e-4119-8a01-268ceecb9f4f,,0,,resource_file_action,hg_stock
8232beb2-17c8-4bc3-94a2-57fdab9151a5,2,c37d30f3-2dd1-47ef-afbd-726249f9c252,,b22aeee3-7b08-4e9a-8114-086a9f2a18bf,2026-07-23 07:26:10.92759,HGFV3F82397CC5574770820E45DAA60A5341,3c239e85-44d4-4c8e-b4ef-6f9bbd6318fa,,0,,resource_file_action,hg_stock
481d7aae-f409-4cbe-b2d1-98816f9f2b11,2,e94dd4c6-3ee8-4285-854c-8fb787f217b5,,b22aeee3-7b08-4e9a-8114-086a9f2a18bf,2026-07-23 07:26:15.292879,HGFVA4779E04AB7648BAB7878F29F05F4616,51d39b59-7c2e-476c-a516-3dbe25dd1e1d,,0,,resource_file_action,hg_stock
c5ce175d-2108-417a-b568-befdca77b0f9,2,579d8531-7475-44c2-ab68-3e2aabdca453,,b22aeee3-7b08-4e9a-8114-086a9f2a18bf,2026-07-23 07:26:15.810285,HGFVA572355C47024F31A0212AE03E918B9A,51d39b59-7c2e-476c-a516-3dbe25dd1e1d,,0,,resource_file_action,hg_stock
b9969267-ea8b-415a-abba-e86677354863,2,5f937fe0-7d9f-4d97-905e-f5b0466074b5,,b22aeee3-7b08-4e9a-8114-086a9f2a18bf,2026-07-23 07:26:16.431078,HGFV5228A19BDF4B4DB19C41D8CF08DFB1C8,51d39b59-7c2e-476c-a516-3dbe25dd1e1d,,0,,resource_file_action,hg_stock
f05e85af-277d-4e3b-8c8c-526e6f226206,2,82ce3d3d-60a5-4a07-a721-caffd018fbc4,,b22aeee3-7b08-4e9a-8114-086a9f2a18bf,2026-07-23 07:26:16.80645,HGFV38EFEC02189845AC8637344D59B842F4,51d39b59-7c2e-476c-a516-3dbe25dd1e1d,,0,,resource_file_action,hg_stock
a341c096-93fd-4804-8037-913630813e49,2,616f7e3d-06fb-4aa4-9b1c-9f8713f060aa,,b22aeee3-7b08-4e9a-8114-086a9f2a18bf,2026-07-23 07:26:22.413266,HGFVA7B9822694314B1CB122BCE0D1A5B78A,4c9d146c-d6a6-4d50-b7a8-8f6b511d9afe,,0,,resource_file_action,hg_stock
b5e8c138-ab75-4ea3-83a6-b3247a71b826,2,a72cf539-0622-4049-bf1d-a1d97efcbbb2,,b22aeee3-7b08-4e9a-8114-086a9f2a18bf,2026-07-23 07:27:57.879209,HGFVBD8DB89D698548B19E9EFF6791B7AB72,a9a1553b-52c8-4a89-93ed-945c39af2fac,,0,,resource_file_action,hg_stock
2f7415d0-20b1-4b3a-9b1f-679103d9f7ae,2,a2d95a30-b91a-4032-b54e-ff8d40802f96,,b22aeee3-7b08-4e9a-8114-086a9f2a18bf,2026-07-23 07:28:02.469527,HGFVEA1134D2D77B4450BB7908D6192087A2,260a8405-dedf-4385-bf28-367b513fa9f4,,0,,resource_file_action,hg_stock
54dfa22f-cdbc-4ba5-95d1-4d250d345c54,1,df0403c2-6d9d-432e-95e6-a91c95225e69,,522cc0c7-0990-4e26-b535-392767a7c142,2026-07-23 07:28:24.941537,HGFV576A080CA28E4F02916F507500A3CA60,18eb0155-4c57-4f14-8283-0f87920c2e89,Tài nguyên công ty / AN TUỆ / 2D & 3D / STFLOW / SÓNG ÂM / Người 3D,0,,resource_file_action,hg_stock
1b1d712d-0896-4fb2-aa78-b65a0bfbc431,2,ff640e35-3c75-4c97-be0d-68ebfa422aca,,b22aeee3-7b08-4e9a-8114-086a9f2a18bf,2026-07-23 07:29:50.695942,HGFVB72DA97AC8714598AA82E7DAEB619C72,a04e2a6d-1be4-470d-a1a9-1f017de4ec8c,,0,,resource_file_action,hg_stock
ae16a0e8-2d98-42e0-9eab-4507a845cebc,2,d183f756-aad9-4cc7-89ac-eccd9c564747,,b22aeee3-7b08-4e9a-8114-086a9f2a18bf,2026-07-23 07:29:54.552415,HGFV9FEB2FFB010942D791B246599760336A,a04e2a6d-1be4-470d-a1a9-1f017de4ec8c,,0,,resource_file_action,hg_stock
780b9063-6ec6-49db-b57f-dce56037f79e,2,f416edf5-cb5a-473a-84b8-beb92706693a,,b22aeee3-7b08-4e9a-8114-086a9f2a18bf,2026-07-23 07:29:54.946522,HGFV0EA7489072AD43DF8F26C55F079D26F7,a04e2a6d-1be4-470d-a1a9-1f017de4ec8c,,0,,resource_file_action,hg_stock
3223e6a3-7c49-41c3-ae33-a2d5789aa980,2,5bd74165-1601-4c42-90ac-d92ee4172369,,b22aeee3-7b08-4e9a-8114-086a9f2a18bf,2026-07-23 07:30:13.601055,HGFVBCCFC589DA6F4578926DFE2DB3852CD0,4f6b1c39-52fb-4e95-8ecc-5244b1ed8311,,0,,resource_file_action,hg_stock
476ed405-67e4-4348-a5b1-12155ab1c3cb,2,a9e46527-8add-4010-a538-7248500d8ff1,,b22aeee3-7b08-4e9a-8114-086a9f2a18bf,2026-07-23 07:30:13.881069,HGFVE1AB9A93B2B14658AF4FCF9C1DA39602,4f6b1c39-52fb-4e95-8ecc-5244b1ed8311,,0,,resource_file_action,hg_stock
a37aff42-1259-41fa-9b7b-7e5563d42b91,2,f45be3a0-1c5d-454c-a5de-201a53f502d9,,b22aeee3-7b08-4e9a-8114-086a9f2a18bf,2026-07-23 07:30:19.81917,HGFV475E684FDFDA4B71941759377397A05A,4f6b1c39-52fb-4e95-8ecc-5244b1ed8311,,0,,resource_file_action,hg_stock
87b8974e-221b-4468-8491-0699c8256484,2,4a347ae5-27be-46c0-88b0-500ffc89f2fd,,b22aeee3-7b08-4e9a-8114-086a9f2a18bf,2026-07-23 07:30:20.993989,HGFV5AEFF28224EE4783AF43D285FCFD549F,4f6b1c39-52fb-4e95-8ecc-5244b1ed8311,,0,,resource_file_action,hg_stock
4c5617b0-4463-477a-a82a-6b584ec420e1,1,595635a0-f107-4416-a2b2-3321fc4f47d9,,4c05f915-db94-4d44-985d-94702dd0161b,2026-08-18 09:14:40.047214,HGFVAABD3B542D974FFFBE9737F8D5907D57,55b4c422-d1ea-4c21-99ec-27e2da4cc3c2,Tài nguyên công ty / AN TUỆ / FOOTAGE / THU MUA / AN TUỆ / 2. KHO FOOTAGE ĐÃ HẬU KỲ / 2.1 UPLOAD - TEAM HẬU KỲ / Trường / Tháng 8/2026 / Mùa đông / 170 video,0,,resource_file_action,hg_stock
27177175-24c6-41db-9c5b-56d13c61716c,1,950cb0bc-5be8-4645-aef8-195258f1c233,,4c05f915-db94-4d44-985d-94702dd0161b,2026-08-18 09:14:47.497917,HGFVC4C12E2BE9204A0991AAC7B680B40D03,55b4c422-d1ea-4c21-99ec-27e2da4cc3c2,Tài nguyên công ty / AN TUỆ / FOOTAGE / THU MUA / AN TUỆ / 2. KHO FOOTAGE ĐÃ HẬU KỲ / 2.1 UPLOAD - TEAM HẬU KỲ / Trường / Tháng 8/2026 / Mùa đông / 170 video,0,,resource_file_action,hg_stock
ee058826-5500-4610-a26c-9ec2ee8c810b,1,960a4541-39e2-4b70-940e-8c5cd65945f5,,4c05f915-db94-4d44-985d-94702dd0161b,2026-08-18 09:14:49.760289,HGFV23C4399659A743518F775C7FD006EDE4,55b4c422-d1ea-4c21-99ec-27e2da4cc3c2,Tài nguyên công ty / AN TUỆ / FOOTAGE / THU MUA / AN TUỆ / 2. KHO FOOTAGE ĐÃ HẬU KỲ / 2.1 UPLOAD - TEAM HẬU KỲ / Trường / Tháng 8/2026 / Mùa đông / 170 video,0,,resource_file_action,hg_stock
19c87183-a488-4479-b647-e21fa98910bf,1,5659bbd0-c9cc-46d3-be70-aa128c3359b8,,4c05f915-db94-4d44-985d-94702dd0161b,2026-08-18 09:14:52.850779,HGFV2631191348F24C828EE6B5D360946B06,55b4c422-d1ea-4c21-99ec-27e2da4cc3c2,Tài nguyên công ty / AN TUỆ / FOOTAGE / THU MUA / AN TUỆ / 2. KHO FOOTAGE ĐÃ HẬU KỲ / 2.1 UPLOAD - TEAM HẬU KỲ / Trường / Tháng 8/2026 / Mùa đông / 170 video,0,,resource_file_action,hg_stock
7d1a1911-2274-4404-b012-244eeaf856e0,2,fd983a8b-2530-43a6-8588-f15a082b21bf,,b22aeee3-7b08-4e9a-8114-086a9f2a18bf,2026-07-23 07:25:26.440285,HGFVAC6C3F7EC09A48C79B7D24D2E2DFFC19,d59852c1-18ad-4cfa-88b3-37cf86a88af5,,0,,resource_file_action,hg_stock
4be63e64-1fde-4e6f-b125-2ecf67f1ea50,2,e11939f9-d967-4b0f-84c2-08097174c3ea,,b22aeee3-7b08-4e9a-8114-086a9f2a18bf,2026-07-23 07:25:26.90012,HGFVF68AA0F097E24F0BAE68F47E7D9FA1D8,d59852c1-18ad-4cfa-88b3-37cf86a88af5,,0,,resource_file_action,hg_stock
d2194d2b-67a1-4662-b135-2b4079b6497c,2,69d5b683-0b76-4834-9916-c351bee6442d,,e0520965-d867-47cc-99e8-071806619383,2026-07-23 07:25:27.189869,HGFVF2B62B8AB31F41169738CEED1B5ED333,8a8b3dff-fcb5-49d6-a43d-309847b66a99,,0,,resource_file_action,hg_stock
c5a27bbc-6ed8-4309-92cd-136ec8fe0325,2,9e6697df-8cde-4beb-8e94-9fa74be03bae,,b22aeee3-7b08-4e9a-8114-086a9f2a18bf,2026-07-23 07:25:27.197229,HGFV75D44F948E72480D90F2B12DF4DF6C0C,d59852c1-18ad-4cfa-88b3-37cf86a88af5,,0,,resource_file_action,hg_stock
1014b09e-a56d-4ccc-978f-7e0e23353903,2,e225a602-f5b4-494f-b88f-43af087affd2,,b22aeee3-7b08-4e9a-8114-086a9f2a18bf,2026-07-23 07:25:27.250041,HGFVDDF6E58B9F774D048E9A0D2D2F4373D8,d59852c1-18ad-4cfa-88b3-37cf86a88af5,,0,,resource_file_action,hg_stock
7b5e6253-461f-4f20-b8d6-fc598f9312a5,2,997849e0-a52c-47a3-b680-116821a60d42,,b22aeee3-7b08-4e9a-8114-086a9f2a18bf,2026-07-23 07:25:27.355521,HGFVAE9ABD230AEC4A25AC24DAE9E3E91D79,d59852c1-18ad-4cfa-88b3-37cf86a88af5,,0,,resource_file_action,hg_stock
bb522efe-4296-4fc6-a815-90a267008e34,2,a4db02b6-6a84-4480-ab42-8da3a0ba4a92,,b22aeee3-7b08-4e9a-8114-086a9f2a18bf,2026-07-23 07:25:30.250654,HGFV5856D64425534B6B8EC12D611D77C6D3,d59852c1-18ad-4cfa-88b3-37cf86a88af5,,0,,resource_file_action,hg_stock
10f850bf-e394-40e2-89d1-9f986f511c52,2,6c731510-ca07-4455-8944-203a0c140d94,,b22aeee3-7b08-4e9a-8114-086a9f2a18bf,2026-07-23 07:25:31.827891,HGFV87901CC0EA224300829038E2722956C7,d59852c1-18ad-4cfa-88b3-37cf86a88af5,,0,,resource_file_action,hg_stock
71e84586-088f-4ac2-a146-058a9fb89f2a,2,48ea8c99-fc9d-40bc-bfc8-8a74dfc32ade,,b22aeee3-7b08-4e9a-8114-086a9f2a18bf,2026-07-23 07:25:31.987296,HGFV5D896D07CF764539B7604D5A92C115C2,d59852c1-18ad-4cfa-88b3-37cf86a88af5,,0,,resource_file_action,hg_stock
b7b9f259-ba4a-46b2-965f-0ddbdc86d30a,2,d164035a-71f1-4ff8-bfea-fdf7a19e9277,,b22aeee3-7b08-4e9a-8114-086a9f2a18bf,2026-07-23 07:25:32.656179,HGFV0E06B879D0E2419588A93FC780FAA1E2,d59852c1-18ad-4cfa-88b3-37cf86a88af5,,0,,resource_file_action,hg_stock
d380440c-1772-4937-bb8e-922e1bcf0063,2,86e69e70-5ce1-4186-9f80-67f6ab139097,,b22aeee3-7b08-4e9a-8114-086a9f2a18bf,2026-07-23 07:25:33.563198,HGFVA28EB9CBC63349B5B79C49F10BA8F96F,1ad9f410-abd2-4d16-a074-0412912c2861,,0,,resource_file_action,hg_stock
77e88556-2817-4ede-bda8-056c4bff4da9,2,f9742eae-4129-4933-b8aa-8408a71344e0,,b22aeee3-7b08-4e9a-8114-086a9f2a18bf,2026-07-23 07:25:33.604407,HGFV5A8EF420A31E421EB921049D1EB8222D,1ad9f410-abd2-4d16-a074-0412912c2861,,0,,resource_file_action,hg_stock
d4c9214e-96da-4755-8fe2-3cf4c4a4318c,2,e74c36ed-c60c-47eb-a339-f5dfada71c33,,b22aeee3-7b08-4e9a-8114-086a9f2a18bf,2026-07-23 07:25:33.798644,HGFV508DE7C5396D47B6BD476B55ACBA712F,1ad9f410-abd2-4d16-a074-0412912c2861,,0,,resource_file_action,hg_stock
f63e6c00-51da-4668-bb25-89ea80f5cb0f,2,732e8a75-e223-4aad-b29d-e867999a573e,,b22aeee3-7b08-4e9a-8114-086a9f2a18bf,2026-07-23 07:25:34.668017,HGFVF87057B3CCCD47488A9DFCF5AE1D530E,1ad9f410-abd2-4d16-a074-0412912c2861,,0,,resource_file_action,hg_stock
1f1a2257-9e3c-4cef-9793-f02400c7ce7e,2,f61c7f3e-6a02-4a06-aa99-dbbdd80dee05,,b22aeee3-7b08-4e9a-8114-086a9f2a18bf,2026-07-23 07:25:54.728676,HGFVA8C6DE9B285140AFB79FD79F27487A53,1ad9f410-abd2-4d16-a074-0412912c2861,,0,,resource_file_action,hg_stock
31aeab72-2244-483d-9bd2-49df51bcdd96,2,66b8a8ac-ed93-40aa-9d40-17f987e16b6c,,b22aeee3-7b08-4e9a-8114-086a9f2a18bf,2026-07-23 07:25:56.062798,HGFV9B3E3583A98E46B9898699E9DA07A5E4,6e0c91ca-971e-4119-8a01-268ceecb9f4f,,0,,resource_file_action,hg_stock
60619ea1-9cd2-42ba-8025-8f425b6ee8c0,2,c8813a2e-195a-4ded-be59-598597d401d9,,b22aeee3-7b08-4e9a-8114-086a9f2a18bf,2026-07-23 07:25:56.303029,HGFVBFB398C4B07E463087BEB2297F663F8E,1ad9f410-abd2-4d16-a074-0412912c2861,,0,,resource_file_action,hg_stock
76d8dfc9-92e8-425d-81cc-f7a4338e32cb,2,f018670e-71f6-43b7-b882-e4328a9584fd,,b22aeee3-7b08-4e9a-8114-086a9f2a18bf,2026-07-23 07:25:57.510228,HGFVEAFF62B172CC4281A69C7B54C0348055,6e0c91ca-971e-4119-8a01-268ceecb9f4f,,0,,resource_file_action,hg_stock
29f4d736-e687-4f10-ba5e-38d892dace84,2,faecfb92-0d2e-4c85-a871-165816401cc5,,b22aeee3-7b08-4e9a-8114-086a9f2a18bf,2026-07-23 07:25:58.472954,HGFVEB886F8F2D65452EB64E42F865E89141,6e0c91ca-971e-4119-8a01-268ceecb9f4f,,0,,resource_file_action,hg_stock
ad2bdd4c-f837-4add-8db8-5ba218df6f84,2,fb9a9789-4351-48a1-86ab-556bf55e1a8e,,b22aeee3-7b08-4e9a-8114-086a9f2a18bf,2026-07-23 07:26:06.718489,HGFVBF3F0120E5BC45EA80FA486ACC3E31C0,6e0c91ca-971e-4119-8a01-268ceecb9f4f,,0,,resource_file_action,hg_stock
104249f1-0384-47fb-ba01-158a47fc40bf,2,9ae0b3c9-fb5e-4040-a2ad-936948fc9735,,b22aeee3-7b08-4e9a-8114-086a9f2a18bf,2026-07-23 07:26:08.123084,HGFV4F51EB0B4C5C4271A77B76BE856A067F,3c239e85-44d4-4c8e-b4ef-6f9bbd6318fa,,0,,resource_file_action,hg_stock
2ff3bce6-ad71-42fb-a732-841728939ad2,2,8137a1d6-61e7-47f7-99b6-19f62a5092e4,,b22aeee3-7b08-4e9a-8114-086a9f2a18bf,2026-07-23 07:26:09.381304,HGFV9A7C7E12AB5A44FEAB5AA7D04B98ED6C,3c239e85-44d4-4c8e-b4ef-6f9bbd6318fa,,0,,resource_file_action,hg_stock
a0292021-1db4-46e1-883b-89f166f08c15,2,c8272662-c50b-4f0a-88c4-6dd9bae54236,,b22aeee3-7b08-4e9a-8114-086a9f2a18bf,2026-07-23 07:26:09.481297,HGFV6E9D579D40894ACAA808EDFE1E3D3910,3c239e85-44d4-4c8e-b4ef-6f9bbd6318fa,,0,,resource_file_action,hg_stock
c08be14f-6351-4656-b0d2-fecb59ff4257,2,ef656074-85ba-4417-b8cf-02261b20d69e,,b22aeee3-7b08-4e9a-8114-086a9f2a18bf,2026-07-23 07:26:09.614298,HGFV8F35A7853BEE4CFAB7CFC6D2870729E7,3c239e85-44d4-4c8e-b4ef-6f9bbd6318fa,,0,,resource_file_action,hg_stock
98bff579-69fc-4ff2-af5e-1e40d308c05c,2,aedfd71b-fbb8-47bb-bf90-f149912cb05e,,b22aeee3-7b08-4e9a-8114-086a9f2a18bf,2026-07-23 07:26:12.880361,HGFVB017EDC41A584208BD1C764FD3E558BF,51d39b59-7c2e-476c-a516-3dbe25dd1e1d,,0,,resource_file_action,hg_stock
1f2d2358-3b81-4aaf-9e62-3a0595a626d1,2,a1e6a625-8406-45e2-b0f3-a06b7f5ac709,,b22aeee3-7b08-4e9a-8114-086a9f2a18bf,2026-07-23 07:26:14.313869,HGFV4C712C34334C4DA0BFB0F82CE3F04E63,51d39b59-7c2e-476c-a516-3dbe25dd1e1d,,0,,resource_file_action,hg_stock
61010153-88c4-4d9b-aaef-e60b1a47fd27,2,78c419cf-74de-47a7-b4af-ca6900dcf1a1,,b22aeee3-7b08-4e9a-8114-086a9f2a18bf,2026-07-23 07:26:21.692488,HGFVADA982A0537843C991D6141D1DACA91A,801e8aa2-5576-4053-bc7c-469fdb87526d,,0,,resource_file_action,hg_stock
bf9c1fda-0592-4a9b-96c5-2551ff242c55,1,9d4d0dc7-7d05-4da1-969f-7db2dd3533ce,,522cc0c7-0990-4e26-b535-392767a7c142,2026-07-23 07:27:39.840761,HGFVAD1C9FBBBBE54FC89F9BB883978EFBB8,9d1a05af-255e-469c-a0a6-059e30110a50,Tài nguyên công ty / AN TUỆ / 2D & 3D / STFLOW / SÓNG ÂM / Mandala Lite,0,,resource_file_action,hg_stock
f9dd12e5-89cd-449d-94f4-0206509abca8,2,7ac44a86-8d13-4ff3-8685-20f11db66568,,b22aeee3-7b08-4e9a-8114-086a9f2a18bf,2026-07-23 07:27:46.014045,HGFV55066F5548064A7887442BACBBEB148E,a9a1553b-52c8-4a89-93ed-945c39af2fac,,0,,resource_file_action,hg_stock
3043d138-4734-4a1e-9813-ef64a4526c07,2,8c49a469-d17f-484e-8dfa-ae2cf751e5ea,,b22aeee3-7b08-4e9a-8114-086a9f2a18bf,2026-07-23 07:27:56.360991,HGFV94B85C84DC7B46FF8D531FEA25BC8507,a9a1553b-52c8-4a89-93ed-945c39af2fac,,0,,resource_file_action,hg_stock
3a17ae2c-bef0-41e6-8593-f7e0d0a6c9f4,2,6d94ca7f-f68a-4da8-9d90-544ba0ba0376,,b22aeee3-7b08-4e9a-8114-086a9f2a18bf,2026-07-23 07:27:57.878799,HGFV419D87190A01466CB4AA8E035A242030,a9a1553b-52c8-4a89-93ed-945c39af2fac,,0,,resource_file_action,hg_stock
552431f2-a444-48e6-8c6b-586c5025a0ad,2,8bfc19ff-0ca3-44c5-8396-b8c81e60d9bc,,b22aeee3-7b08-4e9a-8114-086a9f2a18bf,2026-07-23 07:28:01.532022,HGFV721B7DF4535943E89CCFD93C1257BD90,260a8405-dedf-4385-bf28-367b513fa9f4,,0,,resource_file_action,hg_stock
f44afe4a-8c04-45b0-8603-d91229ccc3af,2,b40d9a6c-42bb-4828-b201-cd042301ef63,,b22aeee3-7b08-4e9a-8114-086a9f2a18bf,2026-07-23 07:28:08.721524,HGFVD23E719FC7DE4531922A459DB1B07359,f2603641-9cf4-4f23-a478-826dddd99396,,0,,resource_file_action,hg_stock
e4d2cac3-c010-462f-b5c5-382e50630c66,2,7c5be04d-085c-470b-b9cd-bebc458870c8,,b22aeee3-7b08-4e9a-8114-086a9f2a18bf,2026-07-23 07:25:31.990547,HGFVC1A9B20D7B6345EF8EE5239B92EA183C,d59852c1-18ad-4cfa-88b3-37cf86a88af5,,0,,resource_file_action,hg_stock
ab79314a-a4a1-415b-8003-92f184494a30,2,8de588b2-2714-4d99-b169-f8d755a528bb,,b22aeee3-7b08-4e9a-8114-086a9f2a18bf,2026-07-23 07:25:55.133708,HGFVE8D3468995674A23AC653F37CB6FB70A,1ad9f410-abd2-4d16-a074-0412912c2861,,0,,resource_file_action,hg_stock
6fb59ce7-419b-4a7e-a92e-8d74fc08a5f2,2,3b964403-fe39-42b6-9038-dd26657da3d0,,b22aeee3-7b08-4e9a-8114-086a9f2a18bf,2026-07-23 07:25:57.239984,HGFVEBC19193D8294781A66CDBEF12ADBCE6,1ad9f410-abd2-4d16-a074-0412912c2861,,0,,resource_file_action,hg_stock
f6532005-c6d8-4ebb-ab1f-4eb02c217450,2,fe937588-36cd-4564-ae40-47f6860dac30,,b22aeee3-7b08-4e9a-8114-086a9f2a18bf,2026-07-23 07:25:57.998495,HGFV9132EB4B17DB4B36A637350A703859C3,6e0c91ca-971e-4119-8a01-268ceecb9f4f,,0,,resource_file_action,hg_stock
6a381852-a10c-43f5-9474-88f9176bb91d,2,81eb79f5-4d05-44c2-9088-afd98a845a9b,,b22aeee3-7b08-4e9a-8114-086a9f2a18bf,2026-07-23 07:26:08.757366,HGFV0053B8CDADD04D3482BA55096EC14135,6e0c91ca-971e-4119-8a01-268ceecb9f4f,,0,,resource_file_action,hg_stock
3c1ad0d0-f4c5-43fa-b7f8-1a37d2f0c8c0,2,856fd005-f182-48b8-8829-33c941e2cd4c,,b22aeee3-7b08-4e9a-8114-086a9f2a18bf,2026-07-23 07:26:10.501509,HGFV7CC192832D734E31A5FDE96DAF75C2FE,3c239e85-44d4-4c8e-b4ef-6f9bbd6318fa,,0,,resource_file_action,hg_stock
b8c1207c-ec3f-47c8-a4ce-a6ef869c69ad,2,eb6577fe-d828-41de-ae6d-5a16a7d1ea66,,b22aeee3-7b08-4e9a-8114-086a9f2a18bf,2026-07-23 07:26:12.791628,HGFVA2E67A7E98BA4594AEACD3C462B3971B,51d39b59-7c2e-476c-a516-3dbe25dd1e1d,,0,,resource_file_action,hg_stock
d9070275-6f20-41e9-a0a3-32c13b496d19,2,8449713a-a534-435c-839b-33950c9d9f51,,b22aeee3-7b08-4e9a-8114-086a9f2a18bf,2026-07-23 07:26:22.248203,HGFV411709F25E04404C815D2F1B35404E76,4c9d146c-d6a6-4d50-b7a8-8f6b511d9afe,,0,,resource_file_action,hg_stock
f46dc681-80d4-41a6-b0d2-2e61e524e594,2,7c75b715-7e9a-4c72-a8a8-1bfbffc07caa,,b22aeee3-7b08-4e9a-8114-086a9f2a18bf,2026-07-23 07:28:09.60071,HGFV67B3C6F2BF4E4EA0B8DFBDA34F22E121,f2603641-9cf4-4f23-a478-826dddd99396,,0,,resource_file_action,hg_stock
45d4ffd8-bd39-4fa6-88f8-711d7efe9349,2,9d5c2327-c13e-411c-8073-490bd0c4a013,,b22aeee3-7b08-4e9a-8114-086a9f2a18bf,2026-07-23 07:29:36.122472,HGFVC0CEF4993DFE4178885B97800945EC4B,735c6b35-456b-435b-8bad-4beeee2e2d4b,,0,,resource_file_action,hg_stock
df7afa2b-a444-4a08-a620-cd71752b93a2,1,b62c92e0-ec98-4a62-8058-c0bb751da972,,4c05f915-db94-4d44-985d-94702dd0161b,2026-08-18 09:15:00.344848,HGFVCD9B8C1054D34D898B30BE04DF2110E3,55b4c422-d1ea-4c21-99ec-27e2da4cc3c2,Tài nguyên công ty / AN TUỆ / FOOTAGE / THU MUA / AN TUỆ / 2. KHO FOOTAGE ĐÃ HẬU KỲ / 2.1 UPLOAD - TEAM HẬU KỲ / Trường / Tháng 8/2026 / Mùa đông / 170 video,0,,resource_file_action,hg_stock
e1d11628-edca-4037-8a5a-70a653f67847,1,3ad4aa7a-4456-4b87-9fd1-a94901cceadd,,4c05f915-db94-4d44-985d-94702dd0161b,2026-08-18 09:15:02.656515,HGFV4FDA92C8DC094465B1BB7B360C0DD10A,55b4c422-d1ea-4c21-99ec-27e2da4cc3c2,Tài nguyên công ty / AN TUỆ / FOOTAGE / THU MUA / AN TUỆ / 2. KHO FOOTAGE ĐÃ HẬU KỲ / 2.1 UPLOAD - TEAM HẬU KỲ / Trường / Tháng 8/2026 / Mùa đông / 170 video,0,,resource_file_action,hg_stock
67954e76-e594-42f3-9f34-d37b0c064ea9,1,a42a1ff7-9658-4d61-87a4-95e7fc6ba192,,4c05f915-db94-4d44-985d-94702dd0161b,2026-08-18 09:15:11.032199,HGFVBE890FF89D2E41D1BD1EFAA458D0EA11,55b4c422-d1ea-4c21-99ec-27e2da4cc3c2,Tài nguyên công ty / AN TUỆ / FOOTAGE / THU MUA / AN TUỆ / 2. KHO FOOTAGE ĐÃ HẬU KỲ / 2.1 UPLOAD - TEAM HẬU KỲ / Trường / Tháng 8/2026 / Mùa đông / 170 video,0,,resource_file_action,hg_stock
5886fb98-0b40-4e7d-bf46-f1190d69b4c1,1,3f574055-570f-4c3a-b01d-14a30fc3614d,,4c05f915-db94-4d44-985d-94702dd0161b,2026-08-18 09:15:19.065432,HGFV3F355B1EF7274302AFD60662A4C73CFF,55b4c422-d1ea-4c21-99ec-27e2da4cc3c2,Tài nguyên công ty / AN TUỆ / FOOTAGE / THU MUA / AN TUỆ / 2. KHO FOOTAGE ĐÃ HẬU KỲ / 2.1 UPLOAD - TEAM HẬU KỲ / Trường / Tháng 8/2026 / Mùa đông / 170 video,0,,resource_file_action,hg_stock
274bc025-3212-455d-bc82-5b5938ec2df6,1,778d9c76-aa33-40d2-8038-579c52878f9c,,4c05f915-db94-4d44-985d-94702dd0161b,2026-08-18 09:15:21.087495,HGFV79E20C758FC942DDA927C90C6B669854,55b4c422-d1ea-4c21-99ec-27e2da4cc3c2,Tài nguyên công ty / AN TUỆ / FOOTAGE / THU MUA / AN TUỆ / 2. KHO FOOTAGE ĐÃ HẬU KỲ / 2.1 UPLOAD - TEAM HẬU KỲ / Trường / Tháng 8/2026 / Mùa đông / 170 video,0,,resource_file_action,hg_stock
a975375a-a3aa-4384-96f7-6fc88fa40223,1,6bb3c415-4c2b-462a-a60b-91d4f18d6314,,4c05f915-db94-4d44-985d-94702dd0161b,2026-08-18 09:15:34.365132,HGFV70263D407FEA4A5C88F70DF7F504078C,55b4c422-d1ea-4c21-99ec-27e2da4cc3c2,Tài nguyên công ty / AN TUỆ / FOOTAGE / THU MUA / AN TUỆ / 2. KHO FOOTAGE ĐÃ HẬU KỲ / 2.1 UPLOAD - TEAM HẬU KỲ / Trường / Tháng 8/2026 / Mùa đông / 170 video,0,,resource_file_action,hg_stock
b1a768d7-8919-4b50-be09-a87454aeea41,1,b1d9b9a2-0880-41b8-aaa9-49ad4f9e7911,,4c05f915-db94-4d44-985d-94702dd0161b,2026-08-18 09:15:43.135916,HGFV8488926FFB484099BA5F1A0B7CF5AF1F,55b4c422-d1ea-4c21-99ec-27e2da4cc3c2,Tài nguyên công ty / AN TUỆ / FOOTAGE / THU MUA / AN TUỆ / 2. KHO FOOTAGE ĐÃ HẬU KỲ / 2.1 UPLOAD - TEAM HẬU KỲ / Trường / Tháng 8/2026 / Mùa đông / 170 video,0,,resource_file_action,hg_stock
f3560c54-4d45-434f-ab84-82bf095865af,2,507963cc-8985-43fb-8422-e53788700ab3,,ab367ad0-2bca-4764-a465-61d0ffb3d63c,2026-08-18 09:15:49.798462,HGFV44A091BB0E3146F688CA2BA5ECE25D69,e925b763-80d2-4aec-9593-af6ea8372948,,0,,resource_file_action,hg_stock
00fe3382-7dd2-4c7a-8c11-026a322c77ab,1,054be797-9dc7-4779-bc63-ed01497b3d7a,,4c05f915-db94-4d44-985d-94702dd0161b,2026-08-18 09:15:54.071283,HGFV511567EA8BE94961A26630385C8B0364,55b4c422-d1ea-4c21-99ec-27e2da4cc3c2,Tài nguyên công ty / AN TUỆ / FOOTAGE / THU MUA / AN TUỆ / 2. KHO FOOTAGE ĐÃ HẬU KỲ / 2.1 UPLOAD - TEAM HẬU KỲ / Trường / Tháng 8/2026 / Mùa đông / 170 video,0,,resource_file_action,hg_stock
7f379469-b3ed-430b-a469-a3296c322a51,1,49faef3e-93ed-4f94-8e04-b517f5b5c7cb,,4c05f915-db94-4d44-985d-94702dd0161b,2026-08-18 09:16:30.306703,HGFV96E0B7A65DCC4DE9916B83F7FA7F9E99,55b4c422-d1ea-4c21-99ec-27e2da4cc3c2,Tài nguyên công ty / AN TUỆ / FOOTAGE / THU MUA / AN TUỆ / 2. KHO FOOTAGE ĐÃ HẬU KỲ / 2.1 UPLOAD - TEAM HẬU KỲ / Trường / Tháng 8/2026 / Mùa đông / 170 video,0,,resource_file_action,hg_stock
ed74e7df-a78b-4cc6-8cbc-b3a50220e072,1,ae4705d1-7b03-49bc-9577-032c2c099400,,4c05f915-db94-4d44-985d-94702dd0161b,2026-08-18 09:16:57.854091,HGFV7E2E7145DBFF4803BC64A0A64F4BDCBD,55b4c422-d1ea-4c21-99ec-27e2da4cc3c2,Tài nguyên công ty / AN TUỆ / FOOTAGE / THU MUA / AN TUỆ / 2. KHO FOOTAGE ĐÃ HẬU KỲ / 2.1 UPLOAD - TEAM HẬU KỲ / Trường / Tháng 8/2026 / Mùa đông / 170 video,0,,resource_file_action,hg_stock
4b1dffaf-6e95-4420-ac04-2004fe5227a8,1,e6b78d6f-3522-45fe-be20-f8d4cfee88b6,,4c05f915-db94-4d44-985d-94702dd0161b,2026-08-18 09:17:10.870554,HGFV527A0E9CE02040B7B961BF099DCBDBC4,55b4c422-d1ea-4c21-99ec-27e2da4cc3c2,Tài nguyên công ty / AN TUỆ / FOOTAGE / THU MUA / AN TUỆ / 2. KHO FOOTAGE ĐÃ HẬU KỲ / 2.1 UPLOAD - TEAM HẬU KỲ / Trường / Tháng 8/2026 / Mùa đông / 170 video,0,,resource_file_action,hg_stock
8a408374-63dc-4697-a403-d859307938cd,1,21051f1e-0abd-4c0d-8a25-0d682787d13e,,4c05f915-db94-4d44-985d-94702dd0161b,2026-08-18 09:17:11.779022,HGFV6964883E8F3F495CAEA30444C4A8E448,55b4c422-d1ea-4c21-99ec-27e2da4cc3c2,Tài nguyên công ty / AN TUỆ / FOOTAGE / THU MUA / AN TUỆ / 2. KHO FOOTAGE ĐÃ HẬU KỲ / 2.1 UPLOAD - TEAM HẬU KỲ / Trường / Tháng 8/2026 / Mùa đông / 170 video,0,,resource_file_action,hg_stock
62b00034-1c87-4bae-ac8a-7240c269b1a7,2,c95f7093-549d-4697-b620-b87e010138cb,,b22aeee3-7b08-4e9a-8114-086a9f2a18bf,2026-07-23 07:25:34.247818,HGFVBED87C7D7B184502AD0E12E658DB6DC3,1ad9f410-abd2-4d16-a074-0412912c2861,,0,,resource_file_action,hg_stock
0f5268d9-ebac-4981-bc53-3ee1ae83fa91,2,1f991c5c-a229-47df-9377-fd376f1f3ad8,,b22aeee3-7b08-4e9a-8114-086a9f2a18bf,2026-07-23 07:26:09.622758,HGFV59BCD22F360241CF8AB3C5B7F4401C9B,6e0c91ca-971e-4119-8a01-268ceecb9f4f,,0,,resource_file_action,hg_stock
83e2d60c-25e6-4438-bce0-9cf07e41c873,2,b8d9ecac-c41b-477e-8388-ea2f9b87b3e6,,b22aeee3-7b08-4e9a-8114-086a9f2a18bf,2026-07-23 07:26:11.607118,HGFV179F9246BAF746A3A436640326884FD0,7052a794-c290-4be4-a8b5-818eb58d1d2b,,0,,resource_file_action,hg_stock
df3b0d97-c74a-48f2-905a-236cd9ec554c,2,99ada629-bb26-417b-bfb6-b4fa295e6602,,b22aeee3-7b08-4e9a-8114-086a9f2a18bf,2026-07-23 07:26:12.9485,HGFVE51B81B4E69449BCA8CAAEFF9A12B512,51d39b59-7c2e-476c-a516-3dbe25dd1e1d,,0,,resource_file_action,hg_stock
87ce9bc9-c93b-423a-847f-adaf78f97da3,2,bc6079dc-9583-43be-b7e9-4658ea66a419,,b22aeee3-7b08-4e9a-8114-086a9f2a18bf,2026-07-23 07:26:18.773666,HGFVA3C4611819B043BBB2D9BB4546F99414,801e8aa2-5576-4053-bc7c-469fdb87526d,,0,,resource_file_action,hg_stock
897e7bca-d45d-4c8a-be92-59da43a04733,2,f02bc20b-5019-47fb-88f1-947be3d87334,,b22aeee3-7b08-4e9a-8114-086a9f2a18bf,2026-07-23 07:26:26.629245,HGFV9A0339FF018A4CA4809E599048AD6E11,4c9d146c-d6a6-4d50-b7a8-8f6b511d9afe,,0,,resource_file_action,hg_stock
13c4bca1-6a72-4cd0-84bd-113b7576af27,2,ffcd84ce-b959-42e1-9499-04db9d114bf2,,b22aeee3-7b08-4e9a-8114-086a9f2a18bf,2026-07-23 07:28:04.991731,HGFV2A71158306A74A8383FD0B7408320C1D,f2603641-9cf4-4f23-a478-826dddd99396,,0,,resource_file_action,hg_stock
471df0e4-42a7-4a5e-95a6-5a39cd2dac23,1,e7911142-21ef-4b26-8843-95b6d9f6f5d3,,522cc0c7-0990-4e26-b535-392767a7c142,2026-07-23 07:28:06.017006,HGFV8F34E65138924B78A14FD23D444CBA15,18eb0155-4c57-4f14-8283-0f87920c2e89,Tài nguyên công ty / AN TUỆ / 2D & 3D / STFLOW / SÓNG ÂM / Người 3D,0,,resource_file_action,hg_stock
bf8b27a3-1d13-4dcf-b16a-5909a868e260,2,f87e28a7-2011-4ed4-92f0-e0e3da1e327e,,b22aeee3-7b08-4e9a-8114-086a9f2a18bf,2026-07-23 07:28:18.479215,HGFV970132304106427DB407DC795DD92565,735c6b35-456b-435b-8bad-4beeee2e2d4b,,0,,resource_file_action,hg_stock
670fa4bf-b30e-4488-84f1-f3740c9a62dc,2,1414f5cf-54c4-468b-a6ca-277f389317db,,b22aeee3-7b08-4e9a-8114-086a9f2a18bf,2026-07-23 07:29:39.977997,HGFV83154BF08A714EB7974E1716E949F0F3,735c6b35-456b-435b-8bad-4beeee2e2d4b,,0,,resource_file_action,hg_stock
2aa8a5ab-7480-4e69-a3dd-21aaf4ce2b08,2,b32cff21-4e85-4dc3-82ae-343dfa162851,,b22aeee3-7b08-4e9a-8114-086a9f2a18bf,2026-07-23 07:29:46.709037,HGFV305EA901B08443F0B09AB9BFDE6C879F,a04e2a6d-1be4-470d-a1a9-1f017de4ec8c,,0,,resource_file_action,hg_stock
96a26f71-0d62-4d6c-bbcb-86f7bb7e02a1,2,f1af8eea-603c-4300-8560-13922c6a1a8d,,b22aeee3-7b08-4e9a-8114-086a9f2a18bf,2026-07-23 07:29:49.728378,HGFV817AF74BDF4446F7B7822C37D1B3D806,a04e2a6d-1be4-470d-a1a9-1f017de4ec8c,,0,,resource_file_action,hg_stock
c8487cbc-fab2-49f0-a82d-e813123f0e86,2,dd963a83-40d1-45d4-bb77-4079bdec0e54,,b22aeee3-7b08-4e9a-8114-086a9f2a18bf,2026-07-23 07:29:53.883746,HGFV86DD7F544B564CD3987428B7470C958C,a04e2a6d-1be4-470d-a1a9-1f017de4ec8c,,0,,resource_file_action,hg_stock
7d231978-d0c8-4b85-8ace-7f487b46a292,2,82d9aabd-7acc-4255-8242-22c251f55179,,b22aeee3-7b08-4e9a-8114-086a9f2a18bf,2026-07-23 07:30:03.552412,HGFV8246FF2AD1D34014B864554EA1758E6A,cd6b70b9-dec6-433b-ba80-806a8f88b1c3,,0,,resource_file_action,hg_stock
941332ba-7504-4243-9232-06c1a9d1d901,2,3aeb9785-8622-4efd-8647-b1d4710fb8ae,,b22aeee3-7b08-4e9a-8114-086a9f2a18bf,2026-07-23 07:30:04.951356,HGFVE8DC9EE0F2914F458FF699E210B0EF21,cd6b70b9-dec6-433b-ba80-806a8f88b1c3,,0,,resource_file_action,hg_stock
a40df5fb-8b31-4518-99e9-6e41cd7b876a,2,51e77ef2-6dee-4a8c-a65b-d33dd5c8906b,,b22aeee3-7b08-4e9a-8114-086a9f2a18bf,2026-07-23 07:30:26.239477,HGFVFBB0E466BA8A48A98BA3FDB1A7EF6995,8a675b57-5382-42b1-b456-0b93f6bba5cd,,0,,resource_file_action,hg_stock
1a6bae1d-f5e8-48e2-b4d7-af0578ae01f3,2,344c32dc-5944-47a8-b962-dbd54f9b4795,,b22aeee3-7b08-4e9a-8114-086a9f2a18bf,2026-07-23 07:30:28.87968,HGFV6E3D68A45EAB4A479A111D105C0DFA81,80f7c127-ea12-48f6-99de-987ad0f9715f,,0,,resource_file_action,hg_stock
0ef25aee-dd3d-4b9f-b7eb-4d4c8f74537b,2,e77aa8c2-2398-45e0-b25b-2427b40b49c6,,b22aeee3-7b08-4e9a-8114-086a9f2a18bf,2026-07-23 07:30:37.185362,HGFV3BA0F747875742CF8AEE4CD829DB3243,de7868bd-cd9f-4caa-a34a-708045cf5867,,0,,resource_file_action,hg_stock
d5271d7a-c8a7-4101-b5cd-09c9ca6afdce,2,66b54ac4-f292-4dc6-bfcf-6b671941a116,,cd2f2c16-8b8c-40e4-ad35-8108fddbb9ea,2026-07-23 07:30:37.279383,HGFV2E342B049B7940DD8A140C2B37F7211D,1b8d5b89-092d-4933-b2ac-f289e85cbe5e,,0,,resource_file_action,hg_stock
1831993b-765c-403b-b450-25254013d641,2,a833c1de-8e1d-4405-a305-cd1b433c6fa8,,b22aeee3-7b08-4e9a-8114-086a9f2a18bf,2026-07-23 07:30:50.850705,HGFV9A5B417B21C840479EA42605A2041CAC,658411b2-0e1a-43b5-8fe7-1ce5182c0e53,,0,,resource_file_action,hg_stock
e8e54af1-9c5d-4b7f-a4f0-d5c045f82a54,2,a0108cc0-6193-4eff-8d68-c10ec967e12b,,b22aeee3-7b08-4e9a-8114-086a9f2a18bf,2026-07-23 07:30:51.181234,HGFVDE50E3F9448D4FF8968E24AD76AB37FC,658411b2-0e1a-43b5-8fe7-1ce5182c0e53,,0,,resource_file_action,hg_stock
c69851fe-8a98-4f51-a1e1-5ae944ce8897,2,7cd59d70-8a13-437a-ac0b-1dc09b9d6f9e,,b22aeee3-7b08-4e9a-8114-086a9f2a18bf,2026-07-23 07:30:53.233691,HGFV59E0F83AF265452D96AD4BDFB1D20C91,658411b2-0e1a-43b5-8fe7-1ce5182c0e53,,0,,resource_file_action,hg_stock
b687ba16-6949-41bb-8f3e-dce82b1e79ee,2,0341b0fa-b7a1-462c-9a7a-84fa6a78c3e9,,b22aeee3-7b08-4e9a-8114-086a9f2a18bf,2026-07-23 07:31:05.867595,HGFV1D2A936E2F34417BAEA94C55475BA35D,93a2daaa-b990-45c5-87fa-1e4c82b5be96,,0,,resource_file_action,hg_stock
a8b552e4-8da0-4c15-be61-dd65e5013061,2,98f357be-082c-488d-85a6-dccdb5c00de8,,b22aeee3-7b08-4e9a-8114-086a9f2a18bf,2026-07-23 07:31:49.882886,HGFV5FFA5E25607C4C1FBCF8B84E8DC220B5,93a2daaa-b990-45c5-87fa-1e4c82b5be96,,0,,resource_file_action,hg_stock
81365afd-9771-4f3a-8c98-fcd940f512af,2,d8808e57-6307-4115-b93f-ba182acb0b6f,,b22aeee3-7b08-4e9a-8114-086a9f2a18bf,2026-07-23 07:32:11.182694,HGFVD7F40DC27A4640C79835C5B2D106F367,1377f758-1e84-4326-8999-a001ff2654da,,0,,resource_file_action,hg_stock
1b972a14-1bcd-4f23-96d1-2c113cdc74f8,2,f30e1df3-1b8f-473e-8e16-4c12fa4e24c1,,b22aeee3-7b08-4e9a-8114-086a9f2a18bf,2026-07-23 07:32:11.552908,HGFV5D4731CDBC294E778B2D277771CC2845,928e6562-c3e9-46b1-9e32-2a0d6ff2fdfb,,0,,resource_file_action,hg_stock
c6de92eb-ede8-436a-a8c7-cb9a8da803fc,2,f5da3bb0-f731-4d99-a083-bef8ff043708,,b22aeee3-7b08-4e9a-8114-086a9f2a18bf,2026-07-23 07:33:32.132158,HGFVA74DFF491D9D435BA848C6E85E88DA58,b3e4aabd-8c7f-4d15-b611-ddab6d138bd0,,0,,resource_file_action,hg_stock
135c4828-2068-4f3c-9a6d-1b96352efafb,2,3bfcc9d7-8eff-4b28-8f21-bfc27915ae28,,b22aeee3-7b08-4e9a-8114-086a9f2a18bf,2026-07-23 07:33:53.669352,HGFVAAFFE49C55144F2285E364BBCF499C88,b3e4aabd-8c7f-4d15-b611-ddab6d138bd0,,0,,resource_file_action,hg_stock
06f821c9-4779-413e-9a01-b9c421aec154,2,856fd005-f182-48b8-8829-33c941e2cd4c,,b22aeee3-7b08-4e9a-8114-086a9f2a18bf,2026-07-23 07:38:24.231212,HGFV7CC192832D734E31A5FDE96DAF75C2FE,3c239e85-44d4-4c8e-b4ef-6f9bbd6318fa,,0,,resource_file_action,hg_stock
d0f5af44-ffbd-4edf-8dcb-6e17852b1f1e,2,a72cf539-0622-4049-bf1d-a1d97efcbbb2,,b22aeee3-7b08-4e9a-8114-086a9f2a18bf,2026-07-23 07:38:40.710944,HGFVBD8DB89D698548B19E9EFF6791B7AB72,a9a1553b-52c8-4a89-93ed-945c39af2fac,,0,,resource_file_action,hg_stock
ef37b1dd-1815-497f-93c6-7c287318531f,2,6b2c2868-846c-472d-b526-ed995be40e29,,b22aeee3-7b08-4e9a-8114-086a9f2a18bf,2026-07-23 07:38:42.228888,HGFVD54BC847881F4389A76BBEEF38132E81,260a8405-dedf-4385-bf28-367b513fa9f4,,0,,resource_file_action,hg_stock
46f4bfaf-bec4-41f2-841c-51b56c076536,2,7b19fe89-ebcf-48fa-b464-9e782476ff00,,b22aeee3-7b08-4e9a-8114-086a9f2a18bf,2026-07-23 07:38:46.005694,HGFV36FC60634A2B42EEB9DE927372599A19,091631d6-5478-497e-9bea-b743c603bf0a,,0,,resource_file_action,hg_stock
9bf721b3-02b7-48c7-a50c-5ffc710bda77,2,1bccbb43-b0af-4a69-85f8-2b4e62bdd47c,,b22aeee3-7b08-4e9a-8114-086a9f2a18bf,2026-07-23 07:38:54.966082,HGFV07941260DB7A4411B3BCD20A6A13F8B4,735c6b35-456b-435b-8bad-4beeee2e2d4b,,0,,resource_file_action,hg_stock
35cb906d-3bfa-48e8-afdd-0e7e650611a7,2,a32d9729-f66b-4265-8a77-c54e35a494dd,,b22aeee3-7b08-4e9a-8114-086a9f2a18bf,2026-07-23 07:26:10.936907,HGFVA2DC6F94D9F340B08C2D29355716E718,3c239e85-44d4-4c8e-b4ef-6f9bbd6318fa,,0,,resource_file_action,hg_stock
6d29b0ef-6c4b-427f-8db0-8c056b5fef21,2,7ee2059e-5028-4254-bf0d-619153938069,,b22aeee3-7b08-4e9a-8114-086a9f2a18bf,2026-07-23 07:27:24.42515,HGFVBAF100068AB14C8CBFEA7EB0995B1EFA,a9a1553b-52c8-4a89-93ed-945c39af2fac,,0,,resource_file_action,hg_stock
2000bd55-47c8-4a60-8497-3fdebaa626da,2,34fde703-b248-46d8-9112-ff38c523cdea,,b22aeee3-7b08-4e9a-8114-086a9f2a18bf,2026-07-23 07:27:47.632589,HGFV7AA1CF344DEB436A80D58E22037E7158,a9a1553b-52c8-4a89-93ed-945c39af2fac,,0,,resource_file_action,hg_stock
16671271-6e1d-4167-930d-8b8bed87ba82,2,be562af7-b96a-41be-baf1-3da41aa7c76d,,b22aeee3-7b08-4e9a-8114-086a9f2a18bf,2026-07-23 07:28:01.462335,HGFVB13A028B158D4059AEF7F0378CB37A27,a9a1553b-52c8-4a89-93ed-945c39af2fac,,0,,resource_file_action,hg_stock
cf7e38ca-4cf1-4427-8a29-57449ea0af27,2,29eff80e-f5e3-4872-95bb-1ef20435a8bc,,b22aeee3-7b08-4e9a-8114-086a9f2a18bf,2026-07-23 07:29:54.004864,HGFV5D70D142C97240729DACD39D646E29E7,a04e2a6d-1be4-470d-a1a9-1f017de4ec8c,,0,,resource_file_action,hg_stock
43c90387-65d6-47d6-aded-b81d4aacbf56,1,c863d68a-d85f-4a6a-9271-ea54c2b868f4,,4c05f915-db94-4d44-985d-94702dd0161b,2026-08-18 09:15:00.34557,HGFV309C6F0D3E1D439B965822F8E5539931,55b4c422-d1ea-4c21-99ec-27e2da4cc3c2,Tài nguyên công ty / AN TUỆ / FOOTAGE / THU MUA / AN TUỆ / 2. KHO FOOTAGE ĐÃ HẬU KỲ / 2.1 UPLOAD - TEAM HẬU KỲ / Trường / Tháng 8/2026 / Mùa đông / 170 video,0,,resource_file_action,hg_stock
d93f3d6f-2435-47c1-afa7-8a2a08cba3ef,1,db647507-97e1-4061-b299-09dc643bef43,,4c05f915-db94-4d44-985d-94702dd0161b,2026-08-18 09:15:01.363885,HGFV27C464A390D2415E9D89243B6CA64B59,55b4c422-d1ea-4c21-99ec-27e2da4cc3c2,Tài nguyên công ty / AN TUỆ / FOOTAGE / THU MUA / AN TUỆ / 2. KHO FOOTAGE ĐÃ HẬU KỲ / 2.1 UPLOAD - TEAM HẬU KỲ / Trường / Tháng 8/2026 / Mùa đông / 170 video,0,,resource_file_action,hg_stock
fb7ec288-15b2-4c0f-81de-ceaf56071a51,1,0859f4eb-363b-460a-ae8e-86f52b6c43b0,,4c05f915-db94-4d44-985d-94702dd0161b,2026-08-18 09:15:14.100208,HGFV8F55A2DD9C234E6987B6EAB0B66B8687,55b4c422-d1ea-4c21-99ec-27e2da4cc3c2,Tài nguyên công ty / AN TUỆ / FOOTAGE / THU MUA / AN TUỆ / 2. KHO FOOTAGE ĐÃ HẬU KỲ / 2.1 UPLOAD - TEAM HẬU KỲ / Trường / Tháng 8/2026 / Mùa đông / 170 video,0,,resource_file_action,hg_stock
8df58351-1f9d-4814-946a-3e5159f932c5,1,153d1927-ac7c-46fb-ab54-bfbd7a2d6fc2,,4c05f915-db94-4d44-985d-94702dd0161b,2026-08-18 09:15:26.499089,HGFV7B25225106AE491C954CB5A91CACE335,55b4c422-d1ea-4c21-99ec-27e2da4cc3c2,Tài nguyên công ty / AN TUỆ / FOOTAGE / THU MUA / AN TUỆ / 2. KHO FOOTAGE ĐÃ HẬU KỲ / 2.1 UPLOAD - TEAM HẬU KỲ / Trường / Tháng 8/2026 / Mùa đông / 170 video,0,,resource_file_action,hg_stock
12c02562-4c52-48ef-87c4-b273c8263231,1,2f31f3ba-e6d6-45b7-85ad-7a4182e8427a,,4c05f915-db94-4d44-985d-94702dd0161b,2026-08-18 09:15:30.775291,HGFV349BFBF58FB04CC69F4D9F09A9E1B090,55b4c422-d1ea-4c21-99ec-27e2da4cc3c2,Tài nguyên công ty / AN TUỆ / FOOTAGE / THU MUA / AN TUỆ / 2. KHO FOOTAGE ĐÃ HẬU KỲ / 2.1 UPLOAD - TEAM HẬU KỲ / Trường / Tháng 8/2026 / Mùa đông / 170 video,0,,resource_file_action,hg_stock
0037c2a6-c878-467f-9619-f666c7af8797,1,343839c0-f5d7-48f5-9929-2f7132ed1bb4,,4c05f915-db94-4d44-985d-94702dd0161b,2026-08-18 09:15:36.871821,HGFV3F2BC5A871C045A69C0659C32AF753C3,55b4c422-d1ea-4c21-99ec-27e2da4cc3c2,Tài nguyên công ty / AN TUỆ / FOOTAGE / THU MUA / AN TUỆ / 2. KHO FOOTAGE ĐÃ HẬU KỲ / 2.1 UPLOAD - TEAM HẬU KỲ / Trường / Tháng 8/2026 / Mùa đông / 170 video,0,,resource_file_action,hg_stock
972c7121-2b74-4194-922d-d795a15de326,1,e5656b8d-fd3a-4a42-a777-0db8a82a27b6,,4c05f915-db94-4d44-985d-94702dd0161b,2026-08-18 09:15:53.89144,HGFV0866F3DC79004CBA8AF9885A456508BC,55b4c422-d1ea-4c21-99ec-27e2da4cc3c2,Tài nguyên công ty / AN TUỆ / FOOTAGE / THU MUA / AN TUỆ / 2. KHO FOOTAGE ĐÃ HẬU KỲ / 2.1 UPLOAD - TEAM HẬU KỲ / Trường / Tháng 8/2026 / Mùa đông / 170 video,0,,resource_file_action,hg_stock
73e097eb-46a1-4ae9-adf1-582dbbcd2731,1,3d98ec04-8389-4443-9a62-93c9dbd716e7,,4c05f915-db94-4d44-985d-94702dd0161b,2026-08-18 09:15:55.328085,HGFVE678ED68D007479CA9471EF2B1217096,55b4c422-d1ea-4c21-99ec-27e2da4cc3c2,Tài nguyên công ty / AN TUỆ / FOOTAGE / THU MUA / AN TUỆ / 2. KHO FOOTAGE ĐÃ HẬU KỲ / 2.1 UPLOAD - TEAM HẬU KỲ / Trường / Tháng 8/2026 / Mùa đông / 170 video,0,,resource_file_action,hg_stock
245ddf1f-2827-4340-9696-fa8f190c66ce,1,11a6a404-3b6c-44a3-80eb-88a4abb8536a,,4c05f915-db94-4d44-985d-94702dd0161b,2026-08-18 09:16:04.894407,HGFV00FC0BEED6F34D33970CE418799249DD,55b4c422-d1ea-4c21-99ec-27e2da4cc3c2,Tài nguyên công ty / AN TUỆ / FOOTAGE / THU MUA / AN TUỆ / 2. KHO FOOTAGE ĐÃ HẬU KỲ / 2.1 UPLOAD - TEAM HẬU KỲ / Trường / Tháng 8/2026 / Mùa đông / 170 video,0,,resource_file_action,hg_stock
f14cfbd5-b735-4bd6-836e-4aff8276eb43,1,0304b224-591c-46cf-8d67-f8f64c57a6c7,,4c05f915-db94-4d44-985d-94702dd0161b,2026-08-18 09:16:05.330916,HGFV435AFD93944549C391F60EADCA27B3A5,55b4c422-d1ea-4c21-99ec-27e2da4cc3c2,Tài nguyên công ty / AN TUỆ / FOOTAGE / THU MUA / AN TUỆ / 2. KHO FOOTAGE ĐÃ HẬU KỲ / 2.1 UPLOAD - TEAM HẬU KỲ / Trường / Tháng 8/2026 / Mùa đông / 170 video,0,,resource_file_action,hg_stock
64b028b2-b25e-4fa2-a39a-e203a7af8eb7,1,90e4596e-e7fe-42f0-8409-66d1a754faeb,,4c05f915-db94-4d44-985d-94702dd0161b,2026-08-18 09:16:10.564699,HGFVD6162CE67D754645BDCEA125CF679ECF,55b4c422-d1ea-4c21-99ec-27e2da4cc3c2,Tài nguyên công ty / AN TUỆ / FOOTAGE / THU MUA / AN TUỆ / 2. KHO FOOTAGE ĐÃ HẬU KỲ / 2.1 UPLOAD - TEAM HẬU KỲ / Trường / Tháng 8/2026 / Mùa đông / 170 video,0,,resource_file_action,hg_stock
0556553a-0aa8-424c-9749-d64667f4232c,1,6190a309-25bb-4a15-b23d-6ad7756c835d,,4c05f915-db94-4d44-985d-94702dd0161b,2026-08-18 09:16:11.763221,HGFVBFD8015CE31A43448BD4A72B0A02FB45,55b4c422-d1ea-4c21-99ec-27e2da4cc3c2,Tài nguyên công ty / AN TUỆ / FOOTAGE / THU MUA / AN TUỆ / 2. KHO FOOTAGE ĐÃ HẬU KỲ / 2.1 UPLOAD - TEAM HẬU KỲ / Trường / Tháng 8/2026 / Mùa đông / 170 video,0,,resource_file_action,hg_stock
915d77e9-6c38-4c25-b565-f33c358c832b,1,21b0aefe-924c-4e6a-bf48-6813f924ef73,,4c05f915-db94-4d44-985d-94702dd0161b,2026-08-18 09:16:14.101013,HGFV07353610316C48608E5D5BF4DAF09E75,55b4c422-d1ea-4c21-99ec-27e2da4cc3c2,Tài nguyên công ty / AN TUỆ / FOOTAGE / THU MUA / AN TUỆ / 2. KHO FOOTAGE ĐÃ HẬU KỲ / 2.1 UPLOAD - TEAM HẬU KỲ / Trường / Tháng 8/2026 / Mùa đông / 170 video,0,,resource_file_action,hg_stock
dd8cf6c5-ec33-4e91-9c76-11dfed374e06,1,9aee5a8f-9a32-48d5-825c-1d19a686e757,,4c05f915-db94-4d44-985d-94702dd0161b,2026-08-18 09:16:15.081984,HGFVEF72568192574B729800AF8E5F175441,55b4c422-d1ea-4c21-99ec-27e2da4cc3c2,Tài nguyên công ty / AN TUỆ / FOOTAGE / THU MUA / AN TUỆ / 2. KHO FOOTAGE ĐÃ HẬU KỲ / 2.1 UPLOAD - TEAM HẬU KỲ / Trường / Tháng 8/2026 / Mùa đông / 170 video,0,,resource_file_action,hg_stock
c3b5b305-27a8-41e5-baf4-4589351bb416,1,f326dc5b-1e5e-464f-bff5-bb13ba18d105,,4c05f915-db94-4d44-985d-94702dd0161b,2026-08-18 09:16:24.135525,HGFV6FF493E8CE694FCAABF85ABD6CB6C712,55b4c422-d1ea-4c21-99ec-27e2da4cc3c2,Tài nguyên công ty / AN TUỆ / FOOTAGE / THU MUA / AN TUỆ / 2. KHO FOOTAGE ĐÃ HẬU KỲ / 2.1 UPLOAD - TEAM HẬU KỲ / Trường / Tháng 8/2026 / Mùa đông / 170 video,0,,resource_file_action,hg_stock
e79b63aa-7316-4e0a-a8e0-bf76bdbce4e8,2,ff640e35-3c75-4c97-be0d-68ebfa422aca,,0de60dba-7fdd-4fbb-be09-33f00ae5efe4,2026-08-19 02:51:22.051185,HGFVB72DA97AC8714598AA82E7DAEB619C72,a04e2a6d-1be4-470d-a1a9-1f017de4ec8c,,0,,resource_file_action,hg_stock
b684c88c-455c-4ec0-bdc9-657b66dcc367,2,d64da155-a39f-46ad-b1fa-c759b1fd23ae,,b22aeee3-7b08-4e9a-8114-086a9f2a18bf,2026-07-23 07:26:15.537591,HGFV5723C1B76C4D49899D94170366D0C61A,51d39b59-7c2e-476c-a516-3dbe25dd1e1d,,0,,resource_file_action,hg_stock
5aa035e1-3e39-4570-8fb3-5c59f6ead254,2,86e1eec6-0e71-4a4b-84d1-3e986de06682,,b22aeee3-7b08-4e9a-8114-086a9f2a18bf,2026-07-23 07:26:18.458393,HGFVDA379EF106714F10945E6F4512E802F1,801e8aa2-5576-4053-bc7c-469fdb87526d,,0,,resource_file_action,hg_stock
1a0b5ce2-f0ce-498e-912d-d6b73ac644e2,2,cb7646e4-f27d-4f37-a6c2-6f94442f90c5,,b22aeee3-7b08-4e9a-8114-086a9f2a18bf,2026-07-23 07:26:18.995686,HGFV26E595F9F0D844618792337A41BB903A,51d39b59-7c2e-476c-a516-3dbe25dd1e1d,,0,,resource_file_action,hg_stock
1cdfffc6-e122-4118-87fe-b70ba0d3e045,2,7450fd1d-fe5f-4b5d-bb37-1a49d900a863,,b22aeee3-7b08-4e9a-8114-086a9f2a18bf,2026-07-23 07:26:24.180076,HGFVEA2BFB76D5594FD18BCFD1B422B1323D,4c9d146c-d6a6-4d50-b7a8-8f6b511d9afe,,0,,resource_file_action,hg_stock
91a5b2ce-9f0a-47af-80e1-04f7cd126e8e,2,32ceabce-5c62-444d-b9a8-b803d7a13dd3,,b22aeee3-7b08-4e9a-8114-086a9f2a18bf,2026-07-23 07:27:14.403727,HGFV145979157D214119B46763E33C55EB0E,4c9d146c-d6a6-4d50-b7a8-8f6b511d9afe,,0,,resource_file_action,hg_stock
0eab2cd5-b61f-4e1e-88a2-6df9912199d6,2,33cb3c3a-9f2e-40e9-a80e-bd312d8e3db9,,b22aeee3-7b08-4e9a-8114-086a9f2a18bf,2026-07-23 07:27:14.404132,HGFV4F3A219903514306BFADB85F959B8262,4c9d146c-d6a6-4d50-b7a8-8f6b511d9afe,,0,,resource_file_action,hg_stock
30565fc0-d315-44f8-8906-cb98f2fe1d9d,2,e4b6694e-a658-4f3e-a474-fe73f7a9abde,,b22aeee3-7b08-4e9a-8114-086a9f2a18bf,2026-07-23 07:27:14.773511,HGFV4E9365742995425EB755F97FABA539C7,4c9d146c-d6a6-4d50-b7a8-8f6b511d9afe,,0,,resource_file_action,hg_stock
197359ca-b5a4-4048-9bbb-7cf2c8c841c2,2,80966a57-7cfd-4db7-b738-6ed0c77089be,,b22aeee3-7b08-4e9a-8114-086a9f2a18bf,2026-07-23 07:27:16.434059,HGFVA841F4067F40436295AC2A310EFE2296,a9a1553b-52c8-4a89-93ed-945c39af2fac,,0,,resource_file_action,hg_stock
c88a9aa7-bd3f-46c1-a57f-a0f7bc398aad,2,fbb26799-9553-419a-8f91-308465659ead,,b22aeee3-7b08-4e9a-8114-086a9f2a18bf,2026-07-23 07:27:22.01166,HGFVA682998A18E148F89505488B18CC6CDC,a9a1553b-52c8-4a89-93ed-945c39af2fac,,0,,resource_file_action,hg_stock
128ef2bb-65e0-4577-8e3c-481a711612e0,1,ef1a5f57-6c13-45d3-aa92-3e23a8d9ca3f,,522cc0c7-0990-4e26-b535-392767a7c142,2026-07-23 07:27:28.401786,HGFVC25CECC78A7B49629B25B3DCF0C75C87,9d1a05af-255e-469c-a0a6-059e30110a50,Tài nguyên công ty / AN TUỆ / 2D & 3D / STFLOW / SÓNG ÂM / Mandala Lite,0,,resource_file_action,hg_stock
f5a58b34-be19-4631-a057-f555775d701e,2,cf8dfba4-6454-4d5f-889d-98060ea9e8e4,,b22aeee3-7b08-4e9a-8114-086a9f2a18bf,2026-07-23 07:27:39.174209,HGFVE97FAAD3EEBE40D88454BBBF3E07B3C2,a9a1553b-52c8-4a89-93ed-945c39af2fac,,0,,resource_file_action,hg_stock
f1a29ed7-44e3-4d63-a9f6-6599920f6851,2,52a3ace2-257f-4481-9128-bd3b04ed4497,,b22aeee3-7b08-4e9a-8114-086a9f2a18bf,2026-07-23 07:27:40.849532,HGFVE56EA68CF1A644E4AA01F11A91494C12,a9a1553b-52c8-4a89-93ed-945c39af2fac,,0,,resource_file_action,hg_stock
e7fc056d-11c8-484e-8917-6a60ddb2c6ea,2,4a079b28-5c9b-4c99-aa6b-75a4246a84e2,,b22aeee3-7b08-4e9a-8114-086a9f2a18bf,2026-07-23 07:27:40.857904,HGFVF7D103D58EE145ECB992729C305AC670,a9a1553b-52c8-4a89-93ed-945c39af2fac,,0,,resource_file_action,hg_stock
53d8b904-d871-4eba-8f27-46d08257a3ab,2,315f7a0f-7c15-4274-a23b-ee0a997d0b53,,b22aeee3-7b08-4e9a-8114-086a9f2a18bf,2026-07-23 07:27:47.639022,HGFV30DAC4E833524AF29EC47A47EA65E92A,a9a1553b-52c8-4a89-93ed-945c39af2fac,,0,,resource_file_action,hg_stock
05cbdffe-ee1b-4719-becb-89c949617122,2,8094a5c6-0254-480d-b24c-302fb92d2066,,b22aeee3-7b08-4e9a-8114-086a9f2a18bf,2026-07-23 07:27:47.665162,HGFVF62AB51126C34DB2B33ED244A00CBF49,a9a1553b-52c8-4a89-93ed-945c39af2fac,,0,,resource_file_action,hg_stock
a7840eb3-ea10-4617-b585-71ec104e40a0,1,5f5cb042-1097-4e32-abf6-6ff5a34ea3b7,,522cc0c7-0990-4e26-b535-392767a7c142,2026-07-23 07:27:54.892025,HGFV09DE8041B52A4F37B21552285E1FFC68,9d1a05af-255e-469c-a0a6-059e30110a50,Tài nguyên công ty / AN TUỆ / 2D & 3D / STFLOW / SÓNG ÂM / Mandala Lite,0,,resource_file_action,hg_stock
8fe28744-1e23-4cbe-9bd1-64bb748f0777,2,fdeac23e-347c-4f98-a094-0c1e374d62cd,,b22aeee3-7b08-4e9a-8114-086a9f2a18bf,2026-07-23 07:27:56.0237,HGFV509BF41C5DDB42189E81C079D1B2DBDC,a9a1553b-52c8-4a89-93ed-945c39af2fac,,0,,resource_file_action,hg_stock
073c0c73-760b-456e-a2bc-b2bb4203c787,2,9a0df2dd-02cf-4d7e-af01-47885eb108e2,,b22aeee3-7b08-4e9a-8114-086a9f2a18bf,2026-07-23 07:27:56.129293,HGFV6A3B50671801456883992F0C72DA1DA5,a9a1553b-52c8-4a89-93ed-945c39af2fac,,0,,resource_file_action,hg_stock
4507640a-cbae-43c0-ae80-2d9f422c4988,2,54f7aa0e-c47f-42d4-b23e-913b30990900,,b22aeee3-7b08-4e9a-8114-086a9f2a18bf,2026-07-23 07:27:56.871104,HGFV9609C78A472B482BBBB4D4C858D0B178,a9a1553b-52c8-4a89-93ed-945c39af2fac,,0,,resource_file_action,hg_stock
1e5492a9-6d86-4ce4-b367-ab649accb6c5,2,8000627b-700d-422b-850a-acdfb38ef841,,b22aeee3-7b08-4e9a-8114-086a9f2a18bf,2026-07-23 07:27:57.874404,HGFVCFB67C0A7E154717944A68BA6BA17432,a9a1553b-52c8-4a89-93ed-945c39af2fac,,0,,resource_file_action,hg_stock
d18b0e75-b964-4419-bb35-f2e08779495f,2,b82794e4-86f9-4ed7-b1f3-8cfa859d68ce,,b22aeee3-7b08-4e9a-8114-086a9f2a18bf,2026-07-23 07:27:58.210363,HGFV86B13150FF21443FA0707919E365BA5A,a9a1553b-52c8-4a89-93ed-945c39af2fac,,0,,resource_file_action,hg_stock
d26da680-f4cb-4761-b952-8fbe2b1084a4,2,490208ca-74a2-498a-a2d7-5fa58dad3605,,b22aeee3-7b08-4e9a-8114-086a9f2a18bf,2026-07-23 07:28:02.865467,HGFV80925420ACA147AE9709020E9DF93C77,260a8405-dedf-4385-bf28-367b513fa9f4,,0,,resource_file_action,hg_stock
ee61967e-5d16-41f7-8001-df8d606d1c23,1,13bb0136-2a3a-4b27-ab28-0be8fa429a36,,522cc0c7-0990-4e26-b535-392767a7c142,2026-07-23 07:28:02.890621,HGFV59F7B8C76A5143ACA50ABFD77B5CED50,18eb0155-4c57-4f14-8283-0f87920c2e89,Tài nguyên công ty / AN TUỆ / 2D & 3D / STFLOW / SÓNG ÂM / Người 3D,0,,resource_file_action,hg_stock
0eab4b35-f31c-4c0f-8176-0793054fe481,2,bb2e0e1d-f71a-43c5-9447-93eaa67ef886,,b22aeee3-7b08-4e9a-8114-086a9f2a18bf,2026-07-23 07:28:02.90783,HGFV5D54FF39BCEC4183824F07CC434A70CC,260a8405-dedf-4385-bf28-367b513fa9f4,,0,,resource_file_action,hg_stock
e700aef4-8045-499f-982d-3b96d5fc49df,2,a9cb75cd-4958-428d-9937-085ff0f4cfb5,,b22aeee3-7b08-4e9a-8114-086a9f2a18bf,2026-07-23 07:28:04.579924,HGFV2B86E582421241F0B2A744786FCE9002,f2603641-9cf4-4f23-a478-826dddd99396,,0,,resource_file_action,hg_stock
5074a76a-32d0-41a6-88e1-158200afd1fc,2,b0f538b2-d7a5-4b79-829b-4a014a7575e2,,b22aeee3-7b08-4e9a-8114-086a9f2a18bf,2026-07-23 07:28:05.323443,HGFVE98FDB021B2A4BBBBCCE4847D158A586,f2603641-9cf4-4f23-a478-826dddd99396,,0,,resource_file_action,hg_stock
da73b9f3-0d24-43e7-b065-b77b3d0e274c,2,7c979122-f10d-4e19-b834-ed1374289200,,b22aeee3-7b08-4e9a-8114-086a9f2a18bf,2026-07-23 07:28:06.397502,HGFV4FA608928C104D0DB3512B06F0F9291D,f2603641-9cf4-4f23-a478-826dddd99396,,0,,resource_file_action,hg_stock
de87efa2-c813-43b0-b899-9a4992830cf1,2,dde8f191-090c-4657-a328-763bda2381e9,,b22aeee3-7b08-4e9a-8114-086a9f2a18bf,2026-07-23 07:28:07.911143,HGFV01FF6E9617A445359B8FBDB45AEA19E4,f2603641-9cf4-4f23-a478-826dddd99396,,0,,resource_file_action,hg_stock
b779a293-d2c3-4429-9692-d82f2ec39cfe,2,5f55d47b-d0a8-466b-b93f-276045cf78b7,,b22aeee3-7b08-4e9a-8114-086a9f2a18bf,2026-07-23 07:28:08.106636,HGFV90A6CC52CE8B4F5EAFE77D56363C2C9C,f2603641-9cf4-4f23-a478-826dddd99396,,0,,resource_file_action,hg_stock
2be80574-b5a9-40a0-a0ed-14a50a74c692,2,ca85761e-59b4-481e-b22c-de532df241a8,,b22aeee3-7b08-4e9a-8114-086a9f2a18bf,2026-07-23 07:28:08.831196,HGFVA05BAB22C1A14F2BB6EE683FE21F4859,319efab5-2c8e-4137-8fbb-2dd138f7805a,,0,,resource_file_action,hg_stock
073a0cd4-1cc7-4a6b-81ae-d0f09df729be,2,9e2c6191-7dfa-43ee-99e3-fe6c8a15b6b4,,b22aeee3-7b08-4e9a-8114-086a9f2a18bf,2026-07-23 07:28:09.669687,HGFV31DDDD8A1885421A81435B45BA6CF7E0,f2603641-9cf4-4f23-a478-826dddd99396,,0,,resource_file_action,hg_stock
75f13219-8481-4ae4-b68e-5cf0bbaeaab3,2,9e37231a-420f-4034-92f8-61f723fcc4ff,,b22aeee3-7b08-4e9a-8114-086a9f2a18bf,2026-07-23 07:28:09.90502,HGFVC4F8F9349CD746FB9A8B6A5B62D5E9EC,f2603641-9cf4-4f23-a478-826dddd99396,,0,,resource_file_action,hg_stock
bb3d75e4-621c-4567-b3bf-3fdad53ebf08,2,9931324b-4b70-45a7-88bd-3a79caf55215,,b22aeee3-7b08-4e9a-8114-086a9f2a18bf,2026-07-23 07:28:09.989485,HGFV38B7EB99412447D9AEE818B41AA49664,319efab5-2c8e-4137-8fbb-2dd138f7805a,,0,,resource_file_action,hg_stock
43487fd4-f434-4eeb-8775-a620dac7cffb,2,005162e1-26b5-4b79-bd35-8c9ae9449cb5,,b22aeee3-7b08-4e9a-8114-086a9f2a18bf,2026-07-23 07:29:34.057659,HGFVEDF9F15C07DA4D98AFFAB8A511FE8105,735c6b35-456b-435b-8bad-4beeee2e2d4b,,0,,resource_file_action,hg_stock
f8a2ee15-e27d-4083-adef-5f70ffd757be,2,7e97210b-3e10-4ec2-a848-fc55e0be2225,,b22aeee3-7b08-4e9a-8114-086a9f2a18bf,2026-07-23 07:30:07.098447,HGFVF77663D6E9DD48CA93059C3906F8C12D,8a1b3c7e-cc7f-45f8-818e-bed3893c13cc,,0,,resource_file_action,hg_stock
6a15a388-a7c0-4a9e-a192-f7787610d42c,2,884fe45b-fb90-4406-ab98-4128abb2a0a5,,b22aeee3-7b08-4e9a-8114-086a9f2a18bf,2026-07-23 07:30:07.287888,HGFV11752ED0276D40888945B8A527864889,8a1b3c7e-cc7f-45f8-818e-bed3893c13cc,,0,,resource_file_action,hg_stock
d7a7f68c-196e-4693-9ac4-a6667d94548c,2,8fb586cd-a623-4c3d-aa35-4b9d7398cc7f,,b22aeee3-7b08-4e9a-8114-086a9f2a18bf,2026-07-23 07:30:19.094248,HGFV6CA6619122154F59A7270B0C491A4099,4f6b1c39-52fb-4e95-8ecc-5244b1ed8311,,0,,resource_file_action,hg_stock
f0cc8947-c2e1-4731-95b1-05d8811a95d3,1,a327c7c1-bb7a-4eb7-89d0-4ad5266a176a,,4c05f915-db94-4d44-985d-94702dd0161b,2026-08-18 09:16:29.540579,HGFV03EA3C57CEA74E04B1AF9A762ACF251F,55b4c422-d1ea-4c21-99ec-27e2da4cc3c2,Tài nguyên công ty / AN TUỆ / FOOTAGE / THU MUA / AN TUỆ / 2. KHO FOOTAGE ĐÃ HẬU KỲ / 2.1 UPLOAD - TEAM HẬU KỲ / Trường / Tháng 8/2026 / Mùa đông / 170 video,0,,resource_file_action,hg_stock
53630724-8000-487e-bbcc-469438c71562,1,31369a10-bb46-4967-9cbe-594d8c78916a,,4c05f915-db94-4d44-985d-94702dd0161b,2026-08-18 09:19:28.229409,HGFV65614A6E68A1448389E38847B245A693,55b4c422-d1ea-4c21-99ec-27e2da4cc3c2,Tài nguyên công ty / AN TUỆ / FOOTAGE / THU MUA / AN TUỆ / 2. KHO FOOTAGE ĐÃ HẬU KỲ / 2.1 UPLOAD - TEAM HẬU KỲ / Trường / Tháng 8/2026 / Mùa đông / 170 video,0,,resource_file_action,hg_stock
c668fbc8-d77e-4ad7-92d5-a1ae5156f990,2,fe5c0aee-e19e-4018-804c-f80933ffc5be,,0de60dba-7fdd-4fbb-be09-33f00ae5efe4,2026-08-19 02:51:22.240712,HGFVE1F220A246BF4990A6836D0C5219A7EC,cd6b70b9-dec6-433b-ba80-806a8f88b1c3,,0,,resource_file_action,hg_stock
e52fa064-0700-44cf-a2c7-f1f9200be9f9,2,fbedf58f-9067-4548-8f99-334c972fc2af,,0de60dba-7fdd-4fbb-be09-33f00ae5efe4,2026-08-19 02:51:27.158805,HGFV725AFB6E93A04D0E8DC5C957EE28E3CB,658411b2-0e1a-43b5-8fe7-1ce5182c0e53,,0,,resource_file_action,hg_stock
60a81e4d-9470-43da-ae0c-c320fb5c98f9,2,9f22c68f-5ba0-4969-8e41-fbc4df559dba,,0de60dba-7fdd-4fbb-be09-33f00ae5efe4,2026-08-19 02:51:38.992743,HGFVCED5C745E0A44ED78CD3FDB4B385F2EB,d59852c1-18ad-4cfa-88b3-37cf86a88af5,,0,,resource_file_action,hg_stock
6a5b5c2d-4ffd-4a3e-a901-ab9fd18528a0,1,9acb5ded-4eeb-45fe-bfab-1d4f0d6faba7,,a487b65e-6fc8-47db-8c5a-6c364a9e9d96,2026-08-19 04:32:56.135725,HGFV6FF789D276A443CAA2EC4F49BCBF2CA5,603e92cc-875a-496c-b3fd-2db16be52743,Tài nguyên công ty / AN TUỆ / FOOTAGE / THU MUA / AN TUỆ / 2. KHO FOOTAGE ĐÃ HẬU KỲ / 2.1 UPLOAD - TEAM HẬU KỲ / Dũng / T8/2026 / Giáng sinh / 13/8 - Giáng sinh - 55 video,0,,resource_file_action,hg_stock
21f48771-559d-401c-9046-d04576b94589,0,b2583b69-81c9-4c30-8d9f-02aeac7f418d,,d0a38993-e4b2-4e95-82a5-16b7fa819dff,2026-08-19 04:33:21.412378,HGFA3A545B3AB1224FA5BC1795BB41777EF5,e1591eff-111c-49ff-ad40-d2492b45769f,Tài nguyên công ty / RED ONE (MỚI) / [RED ONE] NHẠC / THU MUA / ĐỘC QUYỀN THEO TEAM / CLASSICAL / Classical / Classical | Classical Masterpieces (Team Tuấn 2k),0,,resource_file_action,hg_stock
d1c40982-8166-4554-9f77-cc1fa796361a,1,e069c927-88e7-4281-8416-f26d67bebe7f,,522cc0c7-0990-4e26-b535-392767a7c142,2026-08-19 10:16:28.874048,HGFV82E10E8868814F9EBB7A8A09A6ECCC4D,f57abb32-c3a2-4b2b-8b63-6d6679e143d4,Tài nguyên công ty / AN TUỆ / 2D & 3D / STFLOW / RELAX PIANO / Tre,0,,resource_file_action,hg_stock
9a50406e-1647-4e7b-9977-ad756e540693,1,39621ebf-0bef-4364-bb2b-1e25a5fd042e,,522cc0c7-0990-4e26-b535-392767a7c142,2026-08-19 10:22:20.992778,HGFVE005743A2077419B84A39E3049025CD1,6df96707-ee2b-4b8d-a4a3-c60c46293b97,Tài nguyên công ty / AN TUỆ / 2D & 3D / STFLOW / RELAX PIANO / Trend-Giáng sinh,0,,resource_file_action,hg_stock
ad68cbf9-1765-4533-adb0-00848e5c2277,2,8bf5c917-7fc6-47ec-81be-c28096c17d7a,,d0a38993-e4b2-4e95-82a5-16b7fa819dff,2026-08-19 10:24:40.461543,HGFA47FEE3C6D2AB41E3960E98BD79E43A32,e1591eff-111c-49ff-ad40-d2492b45769f,,0,,resource_file_action,hg_stock
ce002558-ea8b-4577-84f0-f39e87dc08df,2,1b6fe85d-7e53-464c-89b8-350c0b1edad5,,d0a38993-e4b2-4e95-82a5-16b7fa819dff,2026-08-19 10:24:52.778209,HGFACF3E9F9A82EB4F7EA13D6C9337CCEDDD,e1591eff-111c-49ff-ad40-d2492b45769f,,0,,resource_file_action,hg_stock
7b5f94a1-bb65-48b0-9fb1-f6e99b6cb2f9,2,ab133bc2-d9ea-4457-b230-d7adf3477805,,d0a38993-e4b2-4e95-82a5-16b7fa819dff,2026-08-19 10:25:07.839546,HGFA5F16DC582C31400B954B7EA5040174EF,e1591eff-111c-49ff-ad40-d2492b45769f,,0,,resource_file_action,hg_stock
3323df28-8973-464d-8648-5a95287c8d56,0,c0bf75d3-b2af-47bd-9f04-f9757a0a39ce,,d0a38993-e4b2-4e95-82a5-16b7fa819dff,2026-08-19 10:25:18.464452,HGFA62009D9FEA7643E1A22BA351F3C53FA0,e1591eff-111c-49ff-ad40-d2492b45769f,Tài nguyên công ty / RED ONE (MỚI) / [RED ONE] NHẠC / THU MUA / ĐỘC QUYỀN THEO TEAM / CLASSICAL / Classical / Classical | Classical Masterpieces (Team Tuấn 2k),0,,resource_file_action,hg_stock
7f712b83-99ca-45d2-82c1-375bed53630d,0,68429e1b-748d-48f0-bfae-0c676f2154ed,,d0a38993-e4b2-4e95-82a5-16b7fa819dff,2026-08-19 10:25:27.609662,HGFA056210F1D6D842DC82D894E837C6DEDC,e1591eff-111c-49ff-ad40-d2492b45769f,Tài nguyên công ty / RED ONE (MỚI) / [RED ONE] NHẠC / THU MUA / ĐỘC QUYỀN THEO TEAM / CLASSICAL / Classical / Classical | Classical Masterpieces (Team Tuấn 2k),0,,resource_file_action,hg_stock
814d8de5-905e-4864-ac2c-c4e09b6d20f3,2,8337e026-3475-4881-81c8-96fd15c50b27,,39b7f9f6-2152-4226-8ec6-9149977096c1,2026-08-19 10:25:40.66932,HGFVF2AFE2C93DE14B8ABE95B28181DD0A79,15d4fb26-9fbf-42b5-bad8-0ac02b089967,,0,,resource_file_action,hg_stock
f60861c2-b8f9-4d71-9d05-776305d42b98,1,d5e6c945-cd53-4e13-b0cf-b14da5d929d6,,522cc0c7-0990-4e26-b535-392767a7c142,2026-08-19 10:26:31.774038,HGFV141095EE98364691B365C4E445E3935C,9d1a05af-255e-469c-a0a6-059e30110a50,Tài nguyên công ty / AN TUỆ / 2D & 3D / STFLOW / SÓNG ÂM / Mandala Lite,0,,resource_file_action,hg_stock
02cdb40b-8736-4dee-8cff-363b851f6871,2,f0b716ad-3dd8-4ed4-b4d9-5ec0d5f820b1,,d0a38993-e4b2-4e95-82a5-16b7fa819dff,2026-08-19 10:27:43.580392,HGFABB2A0DFFB8F8422BBAC8D13D8DD45218,e1591eff-111c-49ff-ad40-d2492b45769f,,0,,resource_file_action,hg_stock
238a86ca-fb54-448e-ae34-7410cd5cab21,1,2b774787-3e3e-4569-a66b-550c74450876,,522cc0c7-0990-4e26-b535-392767a7c142,2026-08-19 10:28:05.734623,HGFVD16D1061B15D45D7BDF42528B36A8586,06a197cd-f96e-4ba9-af99-2c85a334cfec,Tài nguyên công ty / AN TUỆ / 2D & 3D / STFLOW / CLASSICAL / Nhạc sĩ,0,,resource_file_action,hg_stock
b427dd2e-19c6-48a9-ad4b-298c4615140d,2,3fe2d41e-9c3e-4ac9-ac85-ed5d5808b20c,,39b7f9f6-2152-4226-8ec6-9149977096c1,2026-08-19 10:28:52.889087,HGFVC2F9380D32354F7ABF2C98F5A68712E2,15d4fb26-9fbf-42b5-bad8-0ac02b089967,,0,,resource_file_action,hg_stock
3b2940ae-a49f-478b-a05a-ab8bf0676f5a,2,47b949de-9667-4130-ba9a-8a2efda01002,,39b7f9f6-2152-4226-8ec6-9149977096c1,2026-08-19 10:28:53.326781,HGFV31C2944A87BC42C8A5C865F89FCE659F,15d4fb26-9fbf-42b5-bad8-0ac02b089967,,0,,resource_file_action,hg_stock
1458dc66-270c-4f56-baa2-40b3270ba903,2,388ea91f-f9a9-4475-a527-a7ede888e1ee,,d0a38993-e4b2-4e95-82a5-16b7fa819dff,2026-08-19 10:29:33.819536,HGFA221A5A6E7A734B39890186F643600933,e1591eff-111c-49ff-ad40-d2492b45769f,,0,,resource_file_action,hg_stock
c75f029e-f628-4f8d-a08c-93fa22ff48f2,1,d7a9bee4-0273-4e79-923e-4a53331edaa8,,ecea4636-c7f9-453a-9ad4-0ed81277cf00,2026-08-20 04:58:02.917403,HGFV7FEADDC285604D699FCFED5A6424B192,c006c522-5522-40ce-82c6-188dc6b1c7a3,Tài nguyên công ty / AN TUỆ / TÀI NGUYÊN ĐỘC QUYỀN NET / AGE / VIDEO AI / 20/08/2026 / Rừng,0,,resource_file_action,hg_stock
b8f29186-3818-4310-8c95-1fbe0cc734aa,2,313e19fc-5efe-4652-a31c-6682fb04a616,,b22aeee3-7b08-4e9a-8114-086a9f2a18bf,2026-07-23 07:28:13.466258,HGFVCAF4CF30CE9E4E3FB7E2A047EDE159FB,50dfcfb3-5565-4f23-9dbf-eb274f5ea09b,,0,,resource_file_action,hg_stock
c163af9c-6b3f-4df2-97af-ebfeb1b786b1,2,d216a7d1-11ad-40b0-9590-60afef977f15,,b22aeee3-7b08-4e9a-8114-086a9f2a18bf,2026-07-23 07:29:35.153819,HGFV013CAB40FFBE407CA0BA901FCEBB6200,735c6b35-456b-435b-8bad-4beeee2e2d4b,,0,,resource_file_action,hg_stock
53720178-a2c2-4ae4-b0c8-32e6274870d2,2,735da689-1a3c-4619-930e-abe152845029,,cd2f2c16-8b8c-40e4-ad35-8108fddbb9ea,2026-07-23 07:30:21.592043,HGFA4864A8C99AA84F8CB38FB66DD0FD3863,93ee3148-8bc0-4815-9637-0b797a45cb2e,,0,,resource_file_action,hg_stock
b3ad25fa-b463-4382-9f33-57d5cca95926,2,b7577e20-92e2-47e0-9830-428cf268b5f3,,b22aeee3-7b08-4e9a-8114-086a9f2a18bf,2026-07-23 07:30:26.475867,HGFV9FF27FFC7D524A0BB166AB10DAD7DD84,8a675b57-5382-42b1-b456-0b93f6bba5cd,,0,,resource_file_action,hg_stock
1f654ab6-3037-407e-b7f1-6040501c3ea0,2,d5dc80c1-2744-4627-ac22-b8356bae71dd,,b22aeee3-7b08-4e9a-8114-086a9f2a18bf,2026-07-23 07:30:26.551723,HGFV3B4FA2504CD74042AA787DB0F1F77E41,8a675b57-5382-42b1-b456-0b93f6bba5cd,,0,,resource_file_action,hg_stock
211acf75-32d5-46cc-87fd-00fdd9e66227,2,b40f6dc2-b1cd-4acd-ac3d-6b5384618148,,b22aeee3-7b08-4e9a-8114-086a9f2a18bf,2026-07-23 07:30:28.669385,HGFVE20D4314EFE8407C91A0DFE7B4F87D25,8a675b57-5382-42b1-b456-0b93f6bba5cd,,0,,resource_file_action,hg_stock
a68aa814-d411-4776-b115-ac89c18e5ab2,2,e097b820-c362-41a4-8076-7e1dcab8e8e9,,b22aeee3-7b08-4e9a-8114-086a9f2a18bf,2026-07-23 07:30:47.22107,HGFV35BFC1E77CD94188B801C9DCB4D7C39E,56e4b49b-f40c-44f4-bbc9-3c08c16dcc32,,0,,resource_file_action,hg_stock
b1b0515e-5b0a-4194-9012-a7c5c57d5b1d,2,e5374992-1677-4d89-9682-55414e7fa661,,b22aeee3-7b08-4e9a-8114-086a9f2a18bf,2026-07-23 07:31:03.190099,HGFV25305018D8B548EF95CC598513C7222E,a32e6f8f-c708-4ece-a62d-c80c6bf81727,,0,,resource_file_action,hg_stock
986acf93-bca1-4b38-9b91-5fa4f46110f2,2,0f5e5f8d-7e14-4f76-a94f-4db64259b2ca,,b22aeee3-7b08-4e9a-8114-086a9f2a18bf,2026-07-23 07:31:04.51854,HGFV0F8B27C3634F4456BF1A2741970DEFC4,93a2daaa-b990-45c5-87fa-1e4c82b5be96,,0,,resource_file_action,hg_stock
806a3344-5df4-4ae5-bdc1-e50466115d08,2,8b704621-abb1-432f-bd0d-6d0f3bdc2f38,,b22aeee3-7b08-4e9a-8114-086a9f2a18bf,2026-07-23 07:31:05.639624,HGFV7BB5E888DE3E4A88BC17FEE6422CCBED,93a2daaa-b990-45c5-87fa-1e4c82b5be96,,0,,resource_file_action,hg_stock
6317bf09-3bed-48d5-a8ac-34261cf35996,2,abf771f1-bbea-446a-83b9-1974a4f56ca8,,b22aeee3-7b08-4e9a-8114-086a9f2a18bf,2026-07-23 07:31:06.442965,HGFV76ABCD2ACFB5463996285F3E292E4A73,93a2daaa-b990-45c5-87fa-1e4c82b5be96,,0,,resource_file_action,hg_stock
4543f62e-9c3c-4a0b-b6ef-8fe70b641988,2,e2d52633-c880-4c63-87ba-88a70c979c97,,b22aeee3-7b08-4e9a-8114-086a9f2a18bf,2026-07-23 07:31:59.387923,HGFVCDB26697292A43FFA60294F422F43DBF,93a2daaa-b990-45c5-87fa-1e4c82b5be96,,0,,resource_file_action,hg_stock
c893e581-fb9d-426a-b5ea-0ffb3084449e,2,b7a99d88-ede2-4350-acb0-d1b19b0e5a8d,,b22aeee3-7b08-4e9a-8114-086a9f2a18bf,2026-07-23 07:32:08.313573,HGFV91C3B4E38E1C41408C3A9F742ED519B7,7a65b358-399d-4b97-b89b-5dc34d28af4c,,0,,resource_file_action,hg_stock
fdcf0749-96d6-48c1-860d-b73d07ee4e5e,2,aef69cc3-7872-4ed1-8cc3-3a999db23155,,b22aeee3-7b08-4e9a-8114-086a9f2a18bf,2026-07-23 07:33:25.085259,HGFV4D3293E54BD3495D9AE698E7E7055138,b3e4aabd-8c7f-4d15-b611-ddab6d138bd0,,0,,resource_file_action,hg_stock
21d61a54-263e-4c0a-9984-4012a2e83a28,2,90861754-5121-4adf-8334-cb22276c0218,,b22aeee3-7b08-4e9a-8114-086a9f2a18bf,2026-07-23 07:38:18.057177,HGFV51EBB1FCAB6749DC9FD0770E495DEF5B,1ad9f410-abd2-4d16-a074-0412912c2861,,0,,resource_file_action,hg_stock
4d583d85-8fe5-4a5d-9772-4c13f82083bd,2,b1f6dda6-4a39-434e-8adb-f19ed6730c9b,,b22aeee3-7b08-4e9a-8114-086a9f2a18bf,2026-07-23 07:38:28.854355,HGFV9676FD7F118C47FCACCE195B8BA81EF2,51d39b59-7c2e-476c-a516-3dbe25dd1e1d,,0,,resource_file_action,hg_stock
7ccc5e1b-845a-470c-8c1b-92f130438f5b,2,8449713a-a534-435c-839b-33950c9d9f51,,b22aeee3-7b08-4e9a-8114-086a9f2a18bf,2026-07-23 07:38:34.344941,HGFV411709F25E04404C815D2F1B35404E76,4c9d146c-d6a6-4d50-b7a8-8f6b511d9afe,,0,,resource_file_action,hg_stock
fa72ba27-3c4f-4023-ad48-9cd5eaaba30c,2,3a49faf3-3493-4f6e-b087-59376e737ebd,,b22aeee3-7b08-4e9a-8114-086a9f2a18bf,2026-07-23 07:38:35.082287,HGFV3D88197D48394F5AA7A5E43F25403E42,4c9d146c-d6a6-4d50-b7a8-8f6b511d9afe,,0,,resource_file_action,hg_stock
2e1d1a09-ab5a-43df-bd50-876a296cc060,2,266be5d8-96c9-4548-8edb-86138f018b1e,,b22aeee3-7b08-4e9a-8114-086a9f2a18bf,2026-07-23 07:38:36.403556,HGFV978649512D964526A9992BD95BBB2AF2,a9a1553b-52c8-4a89-93ed-945c39af2fac,,0,,resource_file_action,hg_stock
48723346-6050-49e8-b786-b8df4e6d3457,2,ae7c9057-171e-4ae0-9c98-f456ce306b52,,b22aeee3-7b08-4e9a-8114-086a9f2a18bf,2026-07-23 07:38:47.285522,HGFVA0F344236BAE473D9BA85005478EFF93,091631d6-5478-497e-9bea-b743c603bf0a,,0,,resource_file_action,hg_stock
d6c221ff-fe97-4928-87eb-3f37437e5bb6,2,64c1f4de-78fe-4621-8f2d-f77fd52a1ed9,,b22aeee3-7b08-4e9a-8114-086a9f2a18bf,2026-07-23 07:38:51.205095,HGFVA81AA00099D14F20AB45806FD867DA80,735c6b35-456b-435b-8bad-4beeee2e2d4b,,0,,resource_file_action,hg_stock
6ec47b4f-6b95-4a17-99ba-25691d9ab08f,2,b0292b64-bb9a-4487-ba1c-9d3b7c9b1af8,,b22aeee3-7b08-4e9a-8114-086a9f2a18bf,2026-07-23 07:38:52.044371,HGFV5BC2AB2107674232840AADE1D74B0F54,735c6b35-456b-435b-8bad-4beeee2e2d4b,,0,,resource_file_action,hg_stock
eeddbc8e-6b35-449b-8d25-525518494a97,2,c779c541-966a-4505-9ffb-ee59174688ae,,b22aeee3-7b08-4e9a-8114-086a9f2a18bf,2026-07-23 07:39:19.953395,HGFV2A441B1E9EB74E6A90917FFF34390C49,735c6b35-456b-435b-8bad-4beeee2e2d4b,,0,,resource_file_action,hg_stock
1fb97e0c-dbb4-434a-9398-3e2e7ebc2fb6,0,f8bdf3d2-7b74-49ef-8901-cbc0bc021ad1,,b22aeee3-7b08-4e9a-8114-086a9f2a18bf,2026-07-23 07:39:41.934789,HGFV2A91CCB6ABBC44D98D528DBC482627B0,735c6b35-456b-435b-8bad-4beeee2e2d4b,Tài nguyên công ty / RED ONE (MỚI) / [RED ONE] FOOTAGE / THU MUA / PHÂN PHỐI / CHUNG / CLASSICAL + RELAX / BẬT CID NET MUSIC FACTORY (WL CÁC KÊNH CLASSICAL + RELAX) / (done) VRL-1-122/HDTM1-HG-SP/0 - Sylwester Pasciak - 57 video - 12/12/2025,0,,resource_file_action,hg_stock
751fe6c5-6240-4adf-89e8-44759cb7d541,2,b002f548-fc78-446f-abb7-10bfdce15133,,b22aeee3-7b08-4e9a-8114-086a9f2a18bf,2026-07-23 07:40:14.299077,HGFV75C6B57DBB0B4EDB8126D019FB6B8C91,8a1b3c7e-cc7f-45f8-818e-bed3893c13cc,,0,,resource_file_action,hg_stock
5fb4f8ae-c606-4b63-a858-2a0c6a5d23cf,2,3de0e05d-1368-4a04-be36-83c84593ca05,,b22aeee3-7b08-4e9a-8114-086a9f2a18bf,2026-07-23 07:40:23.828538,HGFV21CD1A5AA9A948A4852925AF78B586C4,4f6b1c39-52fb-4e95-8ecc-5244b1ed8311,,0,,resource_file_action,hg_stock
4082ede0-5c31-4fec-95a3-e4d80d76dc17,2,e0bb2994-52b8-4270-9ef1-7b1a11f61cd2,,b22aeee3-7b08-4e9a-8114-086a9f2a18bf,2026-07-23 07:40:25.736367,HGFV0B7768D96B0E4C668EE2A2691F40484D,4f6b1c39-52fb-4e95-8ecc-5244b1ed8311,,0,,resource_file_action,hg_stock
7a409aaf-30c6-41e1-80da-0a2a06437dc9,2,22f6de3a-a0d7-4dfc-8811-ce3a83d047d9,,b22aeee3-7b08-4e9a-8114-086a9f2a18bf,2026-07-23 07:40:27.661332,HGFVD5D5C6CF8B6C40D2A59A33B714F6BAA3,4f6b1c39-52fb-4e95-8ecc-5244b1ed8311,,0,,resource_file_action,hg_stock
1f602d22-b760-49ef-914a-28b46c0830f4,2,fee6a749-de51-45ab-beb4-dcc76e7e7ba1,,b22aeee3-7b08-4e9a-8114-086a9f2a18bf,2026-07-23 07:40:29.24162,HGFV0B1470F6C55649B79146EA4B69AFDF9A,b26e995f-0526-4bbd-9073-511b7fdc3b36,,0,,resource_file_action,hg_stock
9e0d17b5-e18d-4c74-a03f-fc80b9f264a6,0,fd080428-73a1-4462-9491-fd3e4d015add,,49f4d0f1-185e-4177-a0a3-efb54f80f73d,2026-07-23 07:40:43.032474,HGFVB0410C19B57445F59336DE8F4E66B2F5,ae22fa4e-d358-495a-a9ff-9c03b6a819f0,Tài nguyên công ty / AN TUỆ / TÀI NGUYÊN ĐỘC QUYỀN NET / MUSIC FACTORY / FOOTAGE / Đã bật CID / Fix,0,,resource_file_action,hg_stock
0d096db2-c5e3-448b-8d8e-4bdc479e42ef,1,7bb22084-b2af-4a48-a83a-fe818a28bafa,,4c05f915-db94-4d44-985d-94702dd0161b,2026-08-18 09:16:33.375233,HGFVDB8748A4E19D4907A30FED8A774CB9C9,55b4c422-d1ea-4c21-99ec-27e2da4cc3c2,Tài nguyên công ty / AN TUỆ / FOOTAGE / THU MUA / AN TUỆ / 2. KHO FOOTAGE ĐÃ HẬU KỲ / 2.1 UPLOAD - TEAM HẬU KỲ / Trường / Tháng 8/2026 / Mùa đông / 170 video,0,,resource_file_action,hg_stock
57de5582-a3f8-4fcb-af8d-562bf154e92c,2,b6811a65-a03a-49d9-8f88-45da48337509,,b22aeee3-7b08-4e9a-8114-086a9f2a18bf,2026-07-23 07:28:14.516047,HGFV70100DC698BA4467A256972AB2B8CC5C,50dfcfb3-5565-4f23-9dbf-eb274f5ea09b,,0,,resource_file_action,hg_stock
9de2526c-d018-4d3d-8391-fc618fe934bc,2,5f6e37d6-2d6d-4c36-b4b3-add2d5eb9d10,,b22aeee3-7b08-4e9a-8114-086a9f2a18bf,2026-07-23 07:28:18.07457,HGFV6C019DC76A494011ADD2EA1819C7CAC7,735c6b35-456b-435b-8bad-4beeee2e2d4b,,0,,resource_file_action,hg_stock
6d445987-2291-4909-bd9b-44580d201565,2,6a33a724-1cc8-4bc8-94c5-d116abc92bae,,b22aeee3-7b08-4e9a-8114-086a9f2a18bf,2026-07-23 07:30:09.24357,HGFVC98DE7F62A614C8DB4C5A676B07D750B,4c82c928-fce8-4f66-8e33-526537376042,,0,,resource_file_action,hg_stock
c6dc7bc1-8a3a-4315-9193-203c5192d4f6,2,f58c86a7-4bb0-4d5d-bebd-e7aa8fed1dad,,b22aeee3-7b08-4e9a-8114-086a9f2a18bf,2026-07-23 07:30:27.80094,HGFVB3DE7E93F87D4BE4B85BC76602A3E263,8a675b57-5382-42b1-b456-0b93f6bba5cd,,0,,resource_file_action,hg_stock
461c06a9-79a8-4442-a4d7-3411fa5a0ef7,2,8aa09a84-6b90-427c-9ae6-7e1d54e8fdc9,,b22aeee3-7b08-4e9a-8114-086a9f2a18bf,2026-07-23 07:30:33.216559,HGFVBD23B1A2FB824AEFAE2598DDCDB501B7,80f7c127-ea12-48f6-99de-987ad0f9715f,,0,,resource_file_action,hg_stock
0d360f7d-0db2-4d55-b416-e5eedf08df8c,2,9400d782-4cf7-4df4-8d5f-a1e6ed091ab9,,b22aeee3-7b08-4e9a-8114-086a9f2a18bf,2026-07-23 07:30:34.555664,HGFVC5F4DC4F52364B4E9833FDAD70309CF4,80ac9901-1ab7-4df6-a430-b926efdda7e6,,0,,resource_file_action,hg_stock
4cfe3088-8dff-4cd1-8875-4cde40de6517,2,39c8c757-6a18-4ff3-b81f-93acefa5c84f,,b22aeee3-7b08-4e9a-8114-086a9f2a18bf,2026-07-23 07:30:45.349699,HGFVC52D1248917746E6B5C5B044BDB79158,56e4b49b-f40c-44f4-bbc9-3c08c16dcc32,,0,,resource_file_action,hg_stock
2864c893-5641-4451-9e60-2bdff99c8f9c,2,90baf40c-4e71-4161-a4a8-b2773595072e,,b22aeee3-7b08-4e9a-8114-086a9f2a18bf,2026-07-23 07:31:48.404597,HGFV2AF2A82101B744F5ABCC14CE01BB6125,93a2daaa-b990-45c5-87fa-1e4c82b5be96,,0,,resource_file_action,hg_stock
7bf8b6ef-6e25-4ac8-ab13-8b47f966ba8a,2,fec36fe2-d3e2-4a92-9ddb-ef5822169def,,b22aeee3-7b08-4e9a-8114-086a9f2a18bf,2026-07-23 07:32:15.545745,HGFV3C7D087D037740BCBDA61F9CADB81B32,b3e4aabd-8c7f-4d15-b611-ddab6d138bd0,,0,,resource_file_action,hg_stock
2d9d7713-0c64-4169-9bae-df4ffaa8343f,0,fec36fe2-d3e2-4a92-9ddb-ef5822169def,,b22aeee3-7b08-4e9a-8114-086a9f2a18bf,2026-07-23 07:32:19.137351,HGFV3C7D087D037740BCBDA61F9CADB81B32,b3e4aabd-8c7f-4d15-b611-ddab6d138bd0,Tài nguyên công ty / RED ONE (MỚI) / [RED ONE] FOOTAGE / THU MUA / PHÂN PHỐI / CHUNG / CLASSICAL + RELAX / BẬT CID NET MUSIC FACTORY (WL CÁC KÊNH CLASSICAL + RELAX) / (done) VRLDH-1-84/HDTM7-HG-TDT/0 - Trần Đức Thắng - 22 video - 04/09/2025,0,,resource_file_action,hg_stock
0e1e9364-bcd2-4e69-b692-089f90ff3166,2,8c793654-0285-4efe-8b14-46d3987505c4,,b22aeee3-7b08-4e9a-8114-086a9f2a18bf,2026-07-23 07:32:26.402543,HGFV3F548801F1334653BB136C2F8572EFA7,b3e4aabd-8c7f-4d15-b611-ddab6d138bd0,,0,,resource_file_action,hg_stock
12cd3927-9e23-4fd8-a44b-1426e7df54fa,2,fbfa2863-baf1-451c-b68c-d23f4ec9c260,,4e3eac7c-e6d8-4e10-b8b5-b66bcc744495,2026-07-23 07:32:55.140974,HGFA3A68091A5ADD43FE995706A395AE823B,9641dd3b-bafc-4870-b316-fe98879475af,,0,,resource_file_action,hg_stock
32697317-7b3a-48dd-a3d0-8ba0b2687e9c,2,7a9dcd73-37e7-40bc-8dc0-0bd61fc9ffd9,,b22aeee3-7b08-4e9a-8114-086a9f2a18bf,2026-07-23 07:38:25.072307,HGFV4F637B6DC69B46EFB83D82E985E13644,7052a794-c290-4be4-a8b5-818eb58d1d2b,,0,,resource_file_action,hg_stock
0ee75c7a-67e9-4f5b-96af-c6658153584c,2,dfc9e770-2ae4-445f-8b0d-7d2b86f5b089,,b22aeee3-7b08-4e9a-8114-086a9f2a18bf,2026-07-23 07:38:31.606324,HGFV89020FAA3D494E35A9076EAFC1643F11,4c9d146c-d6a6-4d50-b7a8-8f6b511d9afe,,0,,resource_file_action,hg_stock
ef3b69a9-bd18-48fe-b3a2-833630ec6197,2,46bd2f28-2cae-4156-8f67-1bb716d3b4c1,,b22aeee3-7b08-4e9a-8114-086a9f2a18bf,2026-07-23 07:38:36.822789,HGFV6EC9D617071F4D0197780EBC8EADCA7B,a9a1553b-52c8-4a89-93ed-945c39af2fac,,0,,resource_file_action,hg_stock
6c2b463d-53d1-4607-92a7-9792dc53df48,2,9cf04df3-5137-41a6-87c1-de41e9866ddc,,b22aeee3-7b08-4e9a-8114-086a9f2a18bf,2026-07-23 07:38:40.61212,HGFV7AA1CF344DEB436A80D58E22037E7158,a9a1553b-52c8-4a89-93ed-945c39af2fac,,0,,resource_file_action,hg_stock
f694ff64-fab1-41d4-b12f-abb222207575,2,5c9f5111-a645-4067-bbaa-fd94cb8b0504,,b22aeee3-7b08-4e9a-8114-086a9f2a18bf,2026-07-23 07:38:55.837999,HGFVCA863A2B715C4E7797F4138E8F227A25,735c6b35-456b-435b-8bad-4beeee2e2d4b,,0,,resource_file_action,hg_stock
f5e67ae7-ee74-4f29-8f94-7d77be3bcdd2,2,5d3c82e8-3694-4202-9ea2-9b84e6624ab7,,b22aeee3-7b08-4e9a-8114-086a9f2a18bf,2026-07-23 07:39:02.830971,HGFV1A71ACE97BF34535BD920C9920AD0001,a04e2a6d-1be4-470d-a1a9-1f017de4ec8c,,0,,resource_file_action,hg_stock
07ec7fad-9d3e-42dc-9fed-98e13a86cc0d,2,d3944ce6-8576-4cc1-b924-9f5c76f4d36f,,b22aeee3-7b08-4e9a-8114-086a9f2a18bf,2026-07-23 07:39:57.690908,HGFV529086BBDC824A3E8D845B65EC785FA9,cd6b70b9-dec6-433b-ba80-806a8f88b1c3,,0,,resource_file_action,hg_stock
f26ddc9f-3977-4093-8b0e-9649891f17e2,2,fddbae3c-9392-4a3c-9a93-5dea4f3086bc,,6a34ddae-be72-471a-ad45-7e226c3a141f,2026-07-23 07:39:58.522745,HGFVCD89A387152F41E6979C8D08599C39E2,15d4fb26-9fbf-42b5-bad8-0ac02b089967,,0,,resource_file_action,hg_stock
be553cb0-fe9a-4e0d-8043-c193ecb4bc88,2,1df6108f-c0f3-40eb-a170-b71ef859bc9f,,6a34ddae-be72-471a-ad45-7e226c3a141f,2026-07-23 07:40:08.367104,HGFV9CFF4C4A56B94C1FAADE83CA362B9D2B,15d4fb26-9fbf-42b5-bad8-0ac02b089967,,0,,resource_file_action,hg_stock
8ab514d3-4f9f-4f30-a494-1622978c8538,2,a9c18613-86a5-47dd-a0f9-61d9d8c31dd2,,b22aeee3-7b08-4e9a-8114-086a9f2a18bf,2026-07-23 07:40:22.286692,HGFVE3C60F0DCDE3451B9482E017F8D90B3D,4c82c928-fce8-4f66-8e33-526537376042,,0,,resource_file_action,hg_stock
7afa2d28-cf32-48e6-88e9-c0ba2a96b188,2,1d119a21-e5aa-46f4-95a8-17b4a450c0ba,,b22aeee3-7b08-4e9a-8114-086a9f2a18bf,2026-07-23 07:40:29.704751,HGFV451E08E476C4420DAFF31E943E0E59B0,b26e995f-0526-4bbd-9073-511b7fdc3b36,,0,,resource_file_action,hg_stock
11c0a70e-c80c-4616-8516-72d494d1549a,2,6f53f161-7e86-4557-bd15-93274239ba91,,b22aeee3-7b08-4e9a-8114-086a9f2a18bf,2026-07-23 07:41:15.164383,HGFV924B2128A8D34C7A9C149497A6CE7519,de7868bd-cd9f-4caa-a34a-708045cf5867,,0,,resource_file_action,hg_stock
d0026320-438b-4f41-88f9-a5f8bbdd4451,2,53d7d80d-b936-4b63-a5d2-d908b49339c2,,b22aeee3-7b08-4e9a-8114-086a9f2a18bf,2026-07-23 07:41:19.817805,HGFV1DF46C894B8F48ED82EB501541C73D1D,56e4b49b-f40c-44f4-bbc9-3c08c16dcc32,,0,,resource_file_action,hg_stock
1cbfe520-8b14-408f-a394-b9f6584af6d7,2,697bc127-2cd1-4fc8-bc4d-a3576d25c06e,,b22aeee3-7b08-4e9a-8114-086a9f2a18bf,2026-07-23 07:42:27.930813,HGFV31039F5A50DC4B74BB17B85AFD894C4F,37ea78bb-4f0f-4493-b138-bc317396ae53,,0,,resource_file_action,hg_stock
08030943-e0e9-45e2-b750-d0f227b7c9e9,1,4f614a8f-9ef4-4298-8f75-a180593cbe60,,4c05f915-db94-4d44-985d-94702dd0161b,2026-08-18 09:16:36.277154,HGFV771EFFD31C0E4E4FA8BDC9BB4FC76670,55b4c422-d1ea-4c21-99ec-27e2da4cc3c2,Tài nguyên công ty / AN TUỆ / FOOTAGE / THU MUA / AN TUỆ / 2. KHO FOOTAGE ĐÃ HẬU KỲ / 2.1 UPLOAD - TEAM HẬU KỲ / Trường / Tháng 8/2026 / Mùa đông / 170 video,0,,resource_file_action,hg_stock
b053b21b-4d1e-4141-b6c2-33621e6dca45,1,e7e44bfd-ab6c-4582-8471-c9087f398923,,4c05f915-db94-4d44-985d-94702dd0161b,2026-08-18 09:17:37.81579,HGFVDD79919D45EF4995B73AF73984B18976,55b4c422-d1ea-4c21-99ec-27e2da4cc3c2,Tài nguyên công ty / AN TUỆ / FOOTAGE / THU MUA / AN TUỆ / 2. KHO FOOTAGE ĐÃ HẬU KỲ / 2.1 UPLOAD - TEAM HẬU KỲ / Trường / Tháng 8/2026 / Mùa đông / 170 video,0,,resource_file_action,hg_stock
731a5564-0a51-423a-94b0-00568557924a,1,60adc953-a557-4c05-9b6a-c417241a08bb,,4c05f915-db94-4d44-985d-94702dd0161b,2026-08-18 09:18:19.126085,HGFVA2DE7751BB7C41B4A51357F50FCDE0F6,55b4c422-d1ea-4c21-99ec-27e2da4cc3c2,Tài nguyên công ty / AN TUỆ / FOOTAGE / THU MUA / AN TUỆ / 2. KHO FOOTAGE ĐÃ HẬU KỲ / 2.1 UPLOAD - TEAM HẬU KỲ / Trường / Tháng 8/2026 / Mùa đông / 170 video,0,,resource_file_action,hg_stock
0a342a92-4c8d-4a8f-bd93-0aa5678adf2d,1,a464cb96-f0cf-480f-bb89-857704e72512,,522cc0c7-0990-4e26-b535-392767a7c142,2026-07-23 07:28:15.356171,HGFV1B528B6E4F02400F84C692BA7A943382,18eb0155-4c57-4f14-8283-0f87920c2e89,Tài nguyên công ty / AN TUỆ / 2D & 3D / STFLOW / SÓNG ÂM / Người 3D,0,,resource_file_action,hg_stock
2847b150-9e92-47ff-aa56-ffd5571b5c61,2,1bccbb43-b0af-4a69-85f8-2b4e62bdd47c,,b22aeee3-7b08-4e9a-8114-086a9f2a18bf,2026-07-23 07:29:35.957611,HGFV07941260DB7A4411B3BCD20A6A13F8B4,735c6b35-456b-435b-8bad-4beeee2e2d4b,,0,,resource_file_action,hg_stock
dbcd44a2-d495-4f3d-b49b-bd58ddfafd06,2,49023a13-d1dd-4b5a-ba2a-99787d60e675,,b22aeee3-7b08-4e9a-8114-086a9f2a18bf,2026-07-23 07:29:39.99843,HGFV4C1840916C09414AB9ADAC26537C091A,a04e2a6d-1be4-470d-a1a9-1f017de4ec8c,,0,,resource_file_action,hg_stock
72eab067-17a4-450d-b2f8-6ef6e57be079,2,1a6e6f3c-370b-4c59-8996-c953f15a4851,,b22aeee3-7b08-4e9a-8114-086a9f2a18bf,2026-07-23 07:29:50.475157,HGFVD8AEF4812A9E4DCDB7A9731B129C9DAB,a04e2a6d-1be4-470d-a1a9-1f017de4ec8c,,0,,resource_file_action,hg_stock
7292811a-3ee3-4e59-ac94-5f4553484506,2,e8337f6a-a8fd-4b16-8507-d859ba0a5783,,b22aeee3-7b08-4e9a-8114-086a9f2a18bf,2026-07-23 07:30:23.812616,HGFVA43EEEABD86A45BB98199F54603E3D93,b26e995f-0526-4bbd-9073-511b7fdc3b36,,0,,resource_file_action,hg_stock
ae8f5f9c-13fe-4104-9da1-8a7fe152ab0e,1,2ad7ac60-18a1-42ed-9ac1-e71875dc7697,,4c05f915-db94-4d44-985d-94702dd0161b,2026-08-18 09:16:44.428929,HGFVD13960898BA54C41A036F9CE82EF01DE,55b4c422-d1ea-4c21-99ec-27e2da4cc3c2,Tài nguyên công ty / AN TUỆ / FOOTAGE / THU MUA / AN TUỆ / 2. KHO FOOTAGE ĐÃ HẬU KỲ / 2.1 UPLOAD - TEAM HẬU KỲ / Trường / Tháng 8/2026 / Mùa đông / 170 video,0,,resource_file_action,hg_stock
d8e74873-bef5-4c64-afb4-75e9cf1a40ca,1,1a0bbb7c-4a96-40fa-a9a8-017b54abe588,,4c05f915-db94-4d44-985d-94702dd0161b,2026-08-18 09:16:49.438465,HGFV4E84299257D2415CB4E1E593F6574B7D,55b4c422-d1ea-4c21-99ec-27e2da4cc3c2,Tài nguyên công ty / AN TUỆ / FOOTAGE / THU MUA / AN TUỆ / 2. KHO FOOTAGE ĐÃ HẬU KỲ / 2.1 UPLOAD - TEAM HẬU KỲ / Trường / Tháng 8/2026 / Mùa đông / 170 video,0,,resource_file_action,hg_stock
f447e724-fa77-4fd0-a448-8fabaec07c67,1,9a0f267d-d657-4314-9746-db89a88c9754,,4c05f915-db94-4d44-985d-94702dd0161b,2026-08-18 09:16:55.759438,HGFV76E5A235F45B422496013A27D1405ADC,55b4c422-d1ea-4c21-99ec-27e2da4cc3c2,Tài nguyên công ty / AN TUỆ / FOOTAGE / THU MUA / AN TUỆ / 2. KHO FOOTAGE ĐÃ HẬU KỲ / 2.1 UPLOAD - TEAM HẬU KỲ / Trường / Tháng 8/2026 / Mùa đông / 170 video,0,,resource_file_action,hg_stock
d07ad6e6-fa44-4c30-9bc0-51c5f8a207ac,1,e4f4fdd3-5ea7-4850-ab8b-c9b42cf3bf1a,,4c05f915-db94-4d44-985d-94702dd0161b,2026-08-18 09:16:56.184354,HGFV40F2636A0EA6421982DED22998CEEF78,55b4c422-d1ea-4c21-99ec-27e2da4cc3c2,Tài nguyên công ty / AN TUỆ / FOOTAGE / THU MUA / AN TUỆ / 2. KHO FOOTAGE ĐÃ HẬU KỲ / 2.1 UPLOAD - TEAM HẬU KỲ / Trường / Tháng 8/2026 / Mùa đông / 170 video,0,,resource_file_action,hg_stock
86e53201-0d25-4988-b515-7a7b93022d24,1,5824d23f-9a1c-4213-ba0f-dd720cfd8536,,4c05f915-db94-4d44-985d-94702dd0161b,2026-08-18 09:16:59.754893,HGFV3C429AA1CE544910B6672074382BF1BF,55b4c422-d1ea-4c21-99ec-27e2da4cc3c2,Tài nguyên công ty / AN TUỆ / FOOTAGE / THU MUA / AN TUỆ / 2. KHO FOOTAGE ĐÃ HẬU KỲ / 2.1 UPLOAD - TEAM HẬU KỲ / Trường / Tháng 8/2026 / Mùa đông / 170 video,0,,resource_file_action,hg_stock
e33b188d-1095-4bc3-92a0-8126704e0018,1,b1f820b1-ee82-4982-b60e-a4196dbde428,,4c05f915-db94-4d44-985d-94702dd0161b,2026-08-18 09:17:09.461538,HGFVD6C78963FDED4314917625C6A1459887,55b4c422-d1ea-4c21-99ec-27e2da4cc3c2,Tài nguyên công ty / AN TUỆ / FOOTAGE / THU MUA / AN TUỆ / 2. KHO FOOTAGE ĐÃ HẬU KỲ / 2.1 UPLOAD - TEAM HẬU KỲ / Trường / Tháng 8/2026 / Mùa đông / 170 video,0,,resource_file_action,hg_stock
85dbdae4-162a-4d9a-8227-a1ed7b0cea9a,1,48c96972-6141-454e-9838-2c1e5854874c,,4c05f915-db94-4d44-985d-94702dd0161b,2026-08-18 09:17:22.193691,HGFVF3137F7DBC204307A5EB600056B199C9,55b4c422-d1ea-4c21-99ec-27e2da4cc3c2,Tài nguyên công ty / AN TUỆ / FOOTAGE / THU MUA / AN TUỆ / 2. KHO FOOTAGE ĐÃ HẬU KỲ / 2.1 UPLOAD - TEAM HẬU KỲ / Trường / Tháng 8/2026 / Mùa đông / 170 video,0,,resource_file_action,hg_stock
23a13b3e-55e2-41da-8722-e327d1d88360,1,67e97d7f-e647-4fd0-8a73-48cecf2a796b,,4c05f915-db94-4d44-985d-94702dd0161b,2026-08-18 09:17:30.173716,HGFV9979851D42274F2180882E8266AE8A92,55b4c422-d1ea-4c21-99ec-27e2da4cc3c2,Tài nguyên công ty / AN TUỆ / FOOTAGE / THU MUA / AN TUỆ / 2. KHO FOOTAGE ĐÃ HẬU KỲ / 2.1 UPLOAD - TEAM HẬU KỲ / Trường / Tháng 8/2026 / Mùa đông / 170 video,0,,resource_file_action,hg_stock
2677b3cf-d27e-4c10-8f03-d593acaa5217,1,8dc6e967-1281-48e0-97bb-9d9d62f99f6b,,4c05f915-db94-4d44-985d-94702dd0161b,2026-08-18 09:17:46.599737,HGFVB058176F1E2347A6BF5DAC0AC0C8EE7A,55b4c422-d1ea-4c21-99ec-27e2da4cc3c2,Tài nguyên công ty / AN TUỆ / FOOTAGE / THU MUA / AN TUỆ / 2. KHO FOOTAGE ĐÃ HẬU KỲ / 2.1 UPLOAD - TEAM HẬU KỲ / Trường / Tháng 8/2026 / Mùa đông / 170 video,0,,resource_file_action,hg_stock
4a5ba2d4-0c86-43f3-b0e9-5f8476331d08,1,45498609-ebb8-4e3f-bc4b-290715685712,,4c05f915-db94-4d44-985d-94702dd0161b,2026-08-18 09:17:58.54259,HGFVA0AD79030BA74137BC195583ADA9D58E,55b4c422-d1ea-4c21-99ec-27e2da4cc3c2,Tài nguyên công ty / AN TUỆ / FOOTAGE / THU MUA / AN TUỆ / 2. KHO FOOTAGE ĐÃ HẬU KỲ / 2.1 UPLOAD - TEAM HẬU KỲ / Trường / Tháng 8/2026 / Mùa đông / 170 video,0,,resource_file_action,hg_stock
14ed6183-864d-4a01-8789-89a76bb97008,1,750163e0-0db5-4bc0-8862-e4b7d7e567cf,,4c05f915-db94-4d44-985d-94702dd0161b,2026-08-18 09:18:09.086593,HGFVA37B860551F643D6BDE21062B255B070,55b4c422-d1ea-4c21-99ec-27e2da4cc3c2,Tài nguyên công ty / AN TUỆ / FOOTAGE / THU MUA / AN TUỆ / 2. KHO FOOTAGE ĐÃ HẬU KỲ / 2.1 UPLOAD - TEAM HẬU KỲ / Trường / Tháng 8/2026 / Mùa đông / 170 video,0,,resource_file_action,hg_stock
eaac50a6-aed5-4168-bbd0-85f07e10570e,1,ca5c79cd-e2f8-4dfc-9e7a-aa46c4a1e4e9,,4c05f915-db94-4d44-985d-94702dd0161b,2026-08-18 09:18:40.340818,HGFV476E59504C984FFAA4B5660394ABBE86,55b4c422-d1ea-4c21-99ec-27e2da4cc3c2,Tài nguyên công ty / AN TUỆ / FOOTAGE / THU MUA / AN TUỆ / 2. KHO FOOTAGE ĐÃ HẬU KỲ / 2.1 UPLOAD - TEAM HẬU KỲ / Trường / Tháng 8/2026 / Mùa đông / 170 video,0,,resource_file_action,hg_stock
e1a16b25-0d9d-4228-b20c-4bcbbc3a310d,1,827c4abd-1585-43f4-9018-be3b5eff8be1,,522cc0c7-0990-4e26-b535-392767a7c142,2026-08-18 09:19:10.863087,HGFIE002D0E0E9804AFD946B37F4C5CF2318,18eb0155-4c57-4f14-8283-0f87920c2e89,Tài nguyên công ty / AN TUỆ / 2D & 3D / STFLOW / SÓNG ÂM / Người 3D,0,,resource_file_action,hg_stock
9ba1e4d1-829d-4ce5-8c53-262381ebdec1,1,63019e24-6a55-448f-9bb0-f08f12765e3d,,4c05f915-db94-4d44-985d-94702dd0161b,2026-08-18 09:19:18.416674,HGFV75A4C951FA444CF780447B72527DA3A7,55b4c422-d1ea-4c21-99ec-27e2da4cc3c2,Tài nguyên công ty / AN TUỆ / FOOTAGE / THU MUA / AN TUỆ / 2. KHO FOOTAGE ĐÃ HẬU KỲ / 2.1 UPLOAD - TEAM HẬU KỲ / Trường / Tháng 8/2026 / Mùa đông / 170 video,0,,resource_file_action,hg_stock
657cec99-308d-4218-b9c6-190d8f2c03d6,1,00d105f0-709f-41cc-9ea6-cecd5319867c,,4c05f915-db94-4d44-985d-94702dd0161b,2026-08-18 09:19:40.504865,HGFV1620904550A84F83B6A1BCA68BC38EED,55b4c422-d1ea-4c21-99ec-27e2da4cc3c2,Tài nguyên công ty / AN TUỆ / FOOTAGE / THU MUA / AN TUỆ / 2. KHO FOOTAGE ĐÃ HẬU KỲ / 2.1 UPLOAD - TEAM HẬU KỲ / Trường / Tháng 8/2026 / Mùa đông / 170 video,0,,resource_file_action,hg_stock
b51a3482-ca34-4187-9a28-9751fa4c75aa,2,e67caa6e-2259-40ed-bb4e-1d190d612c77,,0de60dba-7fdd-4fbb-be09-33f00ae5efe4,2026-08-19 02:51:27.704487,HGFV27BEE487631848D6BFC0410F11CD2610,37ea78bb-4f0f-4493-b138-bc317396ae53,,0,,resource_file_action,hg_stock
5f26f4e8-e204-4046-9ef4-af58aaa423d8,2,2a200602-064b-4ad7-9d49-063c0bd21cf5,,b22aeee3-7b08-4e9a-8114-086a9f2a18bf,2026-07-23 07:28:16.496188,HGFVB4CF1FABFE2547D0B8149AEE1CFD0A15,735c6b35-456b-435b-8bad-4beeee2e2d4b,,0,,resource_file_action,hg_stock
6d8c7e97-f51b-4f3f-b55a-cfce7881cb61,2,93dab239-ff93-4cd4-8c81-d1d265bc3628,,b22aeee3-7b08-4e9a-8114-086a9f2a18bf,2026-07-23 07:29:59.093386,HGFVDDE7C4989DB54F96B38189AEB42A3B32,cd6b70b9-dec6-433b-ba80-806a8f88b1c3,,0,,resource_file_action,hg_stock
5b1d2950-5971-4b30-909c-d8af5b876a13,2,7ae026c1-5a77-4eab-8d6c-92879bef91f1,,b22aeee3-7b08-4e9a-8114-086a9f2a18bf,2026-07-23 07:30:02.008008,HGFV3692C77104B049D3B58F05B5A7506CF9,cd6b70b9-dec6-433b-ba80-806a8f88b1c3,,0,,resource_file_action,hg_stock
b7637d9b-472b-4117-8edf-7cd12fe25876,2,8e91cec3-f2b4-4978-a785-4c097d29f152,,b22aeee3-7b08-4e9a-8114-086a9f2a18bf,2026-07-23 07:30:06.271095,HGFVE8F017F2F4744448B97A213488E87F28,8a1b3c7e-cc7f-45f8-818e-bed3893c13cc,,0,,resource_file_action,hg_stock
6ed18ecf-77a5-48b1-838a-c8e4c8f73f8d,2,c9cfb34e-369d-4335-a59a-6136ea2e0fbd,,b22aeee3-7b08-4e9a-8114-086a9f2a18bf,2026-07-23 07:30:19.983035,HGFV9A1AF7037C234641809424996A5264EE,4f6b1c39-52fb-4e95-8ecc-5244b1ed8311,,0,,resource_file_action,hg_stock
198ae7cf-7d1c-43ee-91f3-57c4d843da94,1,10e6a5b7-42bc-4aa1-858c-647b4a378fb0,,4c05f915-db94-4d44-985d-94702dd0161b,2026-08-18 09:17:22.186172,HGFV46048A70656447BA902C83F60CFED89D,55b4c422-d1ea-4c21-99ec-27e2da4cc3c2,Tài nguyên công ty / AN TUỆ / FOOTAGE / THU MUA / AN TUỆ / 2. KHO FOOTAGE ĐÃ HẬU KỲ / 2.1 UPLOAD - TEAM HẬU KỲ / Trường / Tháng 8/2026 / Mùa đông / 170 video,0,,resource_file_action,hg_stock
3d7d92bb-47eb-4ac5-82e3-9508e9f3d06a,1,2a3372d4-7f54-42e1-bd8e-e1c947f7e5a7,,4c05f915-db94-4d44-985d-94702dd0161b,2026-08-18 09:17:51.269932,HGFVEB890EF698954135A0A28E748CFB4112,55b4c422-d1ea-4c21-99ec-27e2da4cc3c2,Tài nguyên công ty / AN TUỆ / FOOTAGE / THU MUA / AN TUỆ / 2. KHO FOOTAGE ĐÃ HẬU KỲ / 2.1 UPLOAD - TEAM HẬU KỲ / Trường / Tháng 8/2026 / Mùa đông / 170 video,0,,resource_file_action,hg_stock
5dd415e1-33b9-424b-a9db-e83132cbe771,1,25809dbb-4b63-4247-b6bf-8af96c382e53,,4c05f915-db94-4d44-985d-94702dd0161b,2026-08-18 09:18:56.054979,HGFV646344A2236040358A347E796C42E5D9,55b4c422-d1ea-4c21-99ec-27e2da4cc3c2,Tài nguyên công ty / AN TUỆ / FOOTAGE / THU MUA / AN TUỆ / 2. KHO FOOTAGE ĐÃ HẬU KỲ / 2.1 UPLOAD - TEAM HẬU KỲ / Trường / Tháng 8/2026 / Mùa đông / 170 video,0,,resource_file_action,hg_stock
48a0b39a-1541-403f-956c-2f6d6db94880,2,5c8ab014-c4e4-46bf-8097-43603b0d8491,,6225eaf1-0c57-410a-a09d-a0055f7e073a,2026-08-19 02:51:28.660247,HGFV2005CF846E294743878EC6DD864B0CEC,4572e9d1-30ce-403f-9e24-d1f3017794ac,,0,,resource_file_action,hg_stock
3db9a315-e288-4de2-822f-e23b9667a686,2,f30e1df3-1b8f-473e-8e16-4c12fa4e24c1,,0de60dba-7fdd-4fbb-be09-33f00ae5efe4,2026-08-19 02:51:31.29572,HGFV5D4731CDBC294E778B2D277771CC2845,928e6562-c3e9-46b1-9e32-2a0d6ff2fdfb,,0,,resource_file_action,hg_stock
6c1ed1ff-0270-4ea7-a27f-ca57ff59b436,1,9d36cd37-1506-4f67-b08e-fc75fd7ff7e9,,a487b65e-6fc8-47db-8c5a-6c364a9e9d96,2026-08-19 04:32:58.161739,HGFV0FBE4FD5BFEB435689D146B36CEB2F6A,603e92cc-875a-496c-b3fd-2db16be52743,Tài nguyên công ty / AN TUỆ / FOOTAGE / THU MUA / AN TUỆ / 2. KHO FOOTAGE ĐÃ HẬU KỲ / 2.1 UPLOAD - TEAM HẬU KỲ / Dũng / T8/2026 / Giáng sinh / 13/8 - Giáng sinh - 55 video,0,,resource_file_action,hg_stock
7d8d9c24-d6d6-4381-b506-003159408d2a,0,aabe61e6-a319-44ec-b6df-20d5970d6a03,,d0a38993-e4b2-4e95-82a5-16b7fa819dff,2026-08-19 04:33:22.282058,HGFA3B320B3384DF4070B8EF04D487D2E69B,e1591eff-111c-49ff-ad40-d2492b45769f,Tài nguyên công ty / RED ONE (MỚI) / [RED ONE] NHẠC / THU MUA / ĐỘC QUYỀN THEO TEAM / CLASSICAL / Classical / Classical | Classical Masterpieces (Team Tuấn 2k),0,,resource_file_action,hg_stock
f685751b-9655-4296-8187-36949917dec1,0,31ac97d4-cf6b-4cbe-b231-d5c418e7fae8,,d0a38993-e4b2-4e95-82a5-16b7fa819dff,2026-08-19 04:33:23.614313,HGFAC41EBA08113E4597B030F984E113B1E3,e1591eff-111c-49ff-ad40-d2492b45769f,Tài nguyên công ty / RED ONE (MỚI) / [RED ONE] NHẠC / THU MUA / ĐỘC QUYỀN THEO TEAM / CLASSICAL / Classical / Classical | Classical Masterpieces (Team Tuấn 2k),0,,resource_file_action,hg_stock
383c7902-98fa-4f92-b8b4-5d5d2acc3294,0,8a60fdcb-4656-4244-bbc6-347c39c2dc1b,,d0a38993-e4b2-4e95-82a5-16b7fa819dff,2026-08-19 04:33:25.023008,HGFAF32B3B6414EB42928521474A29CA2D29,e1591eff-111c-49ff-ad40-d2492b45769f,Tài nguyên công ty / RED ONE (MỚI) / [RED ONE] NHẠC / THU MUA / ĐỘC QUYỀN THEO TEAM / CLASSICAL / Classical / Classical | Classical Masterpieces (Team Tuấn 2k),0,,resource_file_action,hg_stock
8c8cb450-21f9-4d90-b101-6c05844a6388,0,5c650546-03b1-4f30-a251-585cd69e4ce4,,d0a38993-e4b2-4e95-82a5-16b7fa819dff,2026-08-19 04:33:26.488772,HGFA24EB26EB79974BEBBC532422F3F8EF45,e1591eff-111c-49ff-ad40-d2492b45769f,Tài nguyên công ty / RED ONE (MỚI) / [RED ONE] NHẠC / THU MUA / ĐỘC QUYỀN THEO TEAM / CLASSICAL / Classical / Classical | Classical Masterpieces (Team Tuấn 2k),0,,resource_file_action,hg_stock
9ad0d9ac-6498-4a93-af46-9977c2adbc90,0,e4a5a1ae-7855-4c69-bd07-f4832c1ccc1e,,d0a38993-e4b2-4e95-82a5-16b7fa819dff,2026-08-19 04:33:27.768298,HGFAA2FC11647B8C4859BF5BD540899AECBE,e1591eff-111c-49ff-ad40-d2492b45769f,Tài nguyên công ty / RED ONE (MỚI) / [RED ONE] NHẠC / THU MUA / ĐỘC QUYỀN THEO TEAM / CLASSICAL / Classical / Classical | Classical Masterpieces (Team Tuấn 2k),0,,resource_file_action,hg_stock
d42de57e-05ee-4bae-8687-563a8b796542,0,3941e258-ec5e-4121-9f12-32ed4db58594,,d0a38993-e4b2-4e95-82a5-16b7fa819dff,2026-08-19 04:33:29.270936,HGFAB761A68319BC4010B99C5E6B60FC4760,e1591eff-111c-49ff-ad40-d2492b45769f,Tài nguyên công ty / RED ONE (MỚI) / [RED ONE] NHẠC / THU MUA / ĐỘC QUYỀN THEO TEAM / CLASSICAL / Classical / Classical | Classical Masterpieces (Team Tuấn 2k),0,,resource_file_action,hg_stock
13ae5ddc-b1db-4db5-a505-2a21835d7d3e,0,52e02631-8cc2-41f9-96ac-64c08112cf33,,d0a38993-e4b2-4e95-82a5-16b7fa819dff,2026-08-19 04:33:32.539593,HGFAA0D63DF417F74050AAC5EA2DE6DD6999,e1591eff-111c-49ff-ad40-d2492b45769f,Tài nguyên công ty / RED ONE (MỚI) / [RED ONE] NHẠC / THU MUA / ĐỘC QUYỀN THEO TEAM / CLASSICAL / Classical / Classical | Classical Masterpieces (Team Tuấn 2k),0,,resource_file_action,hg_stock
66352960-8c3a-45cc-94a7-71272a0d70d2,1,d63d3e5c-7970-4ec4-b28c-bcd566a2d400,,a487b65e-6fc8-47db-8c5a-6c364a9e9d96,2026-08-19 04:33:33.056391,HGFV972E2C9EA84E43FE94E8CAD0C734868D,603e92cc-875a-496c-b3fd-2db16be52743,Tài nguyên công ty / AN TUỆ / FOOTAGE / THU MUA / AN TUỆ / 2. KHO FOOTAGE ĐÃ HẬU KỲ / 2.1 UPLOAD - TEAM HẬU KỲ / Dũng / T8/2026 / Giáng sinh / 13/8 - Giáng sinh - 55 video,0,,resource_file_action,hg_stock
55bf8920-e0cd-412b-9ff0-b34b65848a4f,1,c1595d9d-25f7-4a86-947d-733f0e22cc22,,a487b65e-6fc8-47db-8c5a-6c364a9e9d96,2026-08-19 04:33:35.032691,HGFV4D3BFB6AB1EB424DAF80D17DA928680D,603e92cc-875a-496c-b3fd-2db16be52743,Tài nguyên công ty / AN TUỆ / FOOTAGE / THU MUA / AN TUỆ / 2. KHO FOOTAGE ĐÃ HẬU KỲ / 2.1 UPLOAD - TEAM HẬU KỲ / Dũng / T8/2026 / Giáng sinh / 13/8 - Giáng sinh - 55 video,0,,resource_file_action,hg_stock
954f1597-a54d-4e7b-920d-d0cb3da55d15,1,5557f7e7-70ee-4eea-aa13-b6a09acc9020,,a487b65e-6fc8-47db-8c5a-6c364a9e9d96,2026-08-19 04:33:47.493342,HGFVABC4D9DF5A2E40308AAB8799F32B7723,603e92cc-875a-496c-b3fd-2db16be52743,Tài nguyên công ty / AN TUỆ / FOOTAGE / THU MUA / AN TUỆ / 2. KHO FOOTAGE ĐÃ HẬU KỲ / 2.1 UPLOAD - TEAM HẬU KỲ / Dũng / T8/2026 / Giáng sinh / 13/8 - Giáng sinh - 55 video,0,,resource_file_action,hg_stock
249eb6b3-1e12-4242-960e-69a7e729b413,2,245d0995-52a7-4005-9acf-193beb15099b,,d0a38993-e4b2-4e95-82a5-16b7fa819dff,2026-08-19 04:34:09.677404,HGFA3F632F1333384305AA8FDC05EFAD75B1,e1591eff-111c-49ff-ad40-d2492b45769f,,0,,resource_file_action,hg_stock
cfaa611c-77c0-4c40-bc36-aecbc04bf5fd,1,b27ea747-5df5-44d4-9264-f5cbfb34cc7c,,522cc0c7-0990-4e26-b535-392767a7c142,2026-07-23 07:28:20.099299,HGFV9280DE88ED944E2EAA4D29D865D0EA20,18eb0155-4c57-4f14-8283-0f87920c2e89,Tài nguyên công ty / AN TUỆ / 2D & 3D / STFLOW / SÓNG ÂM / Người 3D,0,,resource_file_action,hg_stock
65404287-0df0-4c49-b6e9-6814db488e16,2,1800d278-0248-441b-beda-d6b97c42808e,,b22aeee3-7b08-4e9a-8114-086a9f2a18bf,2026-07-23 07:28:20.340863,HGFV65A869DCF32848E0B5E7A84E329315FE,735c6b35-456b-435b-8bad-4beeee2e2d4b,,0,,resource_file_action,hg_stock
64ae258b-1f21-4e9e-b002-a5397e5a803b,2,52bff22f-fde5-4cdf-9c18-623f7e3294c7,,b22aeee3-7b08-4e9a-8114-086a9f2a18bf,2026-07-23 07:29:40.874313,HGFV970A1B27DF854B56B3EC229014F51DCD,a04e2a6d-1be4-470d-a1a9-1f017de4ec8c,,0,,resource_file_action,hg_stock
e114d330-509c-46a0-aa9b-6631f544bf31,2,9ddc5c95-d520-44c9-91b6-6d5bf16aefd9,,b22aeee3-7b08-4e9a-8114-086a9f2a18bf,2026-07-23 07:29:46.654955,HGFVB841D4650E3448FF918B216B639B59A2,a04e2a6d-1be4-470d-a1a9-1f017de4ec8c,,0,,resource_file_action,hg_stock
037983be-f5ab-4374-bb8e-1bc5298bebb2,2,d16dbf99-7f0d-4b20-b6b2-2564570ced8e,,b22aeee3-7b08-4e9a-8114-086a9f2a18bf,2026-07-23 07:29:57.906904,HGFV556E953B9E2544CF8A7584118FD762FD,cd6b70b9-dec6-433b-ba80-806a8f88b1c3,,0,,resource_file_action,hg_stock
a9778915-09f2-4c57-95e7-4264f493e221,1,06758a3e-5dca-41e0-8359-8693496b2caf,,4c05f915-db94-4d44-985d-94702dd0161b,2026-08-18 09:17:43.614411,HGFVBF938A275E3D4191895E40196D547022,55b4c422-d1ea-4c21-99ec-27e2da4cc3c2,Tài nguyên công ty / AN TUỆ / FOOTAGE / THU MUA / AN TUỆ / 2. KHO FOOTAGE ĐÃ HẬU KỲ / 2.1 UPLOAD - TEAM HẬU KỲ / Trường / Tháng 8/2026 / Mùa đông / 170 video,0,,resource_file_action,hg_stock
40fa080b-757e-4ca4-ad0b-adda6dc87427,1,7638a9f9-a820-41bd-90db-52a1f7cb5c1d,,4c05f915-db94-4d44-985d-94702dd0161b,2026-08-18 09:17:52.735445,HGFV09F6E8CBF95D421697D7EA80DBE55F2C,55b4c422-d1ea-4c21-99ec-27e2da4cc3c2,Tài nguyên công ty / AN TUỆ / FOOTAGE / THU MUA / AN TUỆ / 2. KHO FOOTAGE ĐÃ HẬU KỲ / 2.1 UPLOAD - TEAM HẬU KỲ / Trường / Tháng 8/2026 / Mùa đông / 170 video,0,,resource_file_action,hg_stock
659a3ca5-83cb-47a7-a1a6-96cbbaba2165,1,d720151d-cf6c-48bc-be6a-ffc82cf42f38,,4c05f915-db94-4d44-985d-94702dd0161b,2026-08-18 09:17:59.494403,HGFVE3119485F76F4AF2916A7E2C9A8BA8CF,55b4c422-d1ea-4c21-99ec-27e2da4cc3c2,Tài nguyên công ty / AN TUỆ / FOOTAGE / THU MUA / AN TUỆ / 2. KHO FOOTAGE ĐÃ HẬU KỲ / 2.1 UPLOAD - TEAM HẬU KỲ / Trường / Tháng 8/2026 / Mùa đông / 170 video,0,,resource_file_action,hg_stock
1b110cda-f387-47ba-8a38-5b28f5f3044b,1,24e4e44f-d8a6-4cb3-ad23-8af097b708fd,,4c05f915-db94-4d44-985d-94702dd0161b,2026-08-18 09:18:00.542319,HGFVBE88CC8BE50F439A8C2F5B9AD225488C,55b4c422-d1ea-4c21-99ec-27e2da4cc3c2,Tài nguyên công ty / AN TUỆ / FOOTAGE / THU MUA / AN TUỆ / 2. KHO FOOTAGE ĐÃ HẬU KỲ / 2.1 UPLOAD - TEAM HẬU KỲ / Trường / Tháng 8/2026 / Mùa đông / 170 video,0,,resource_file_action,hg_stock
76fed5b8-f013-4c8a-83c3-027994af4d57,1,28207ce6-be45-4f9c-859e-fc351f52a0e7,,4c05f915-db94-4d44-985d-94702dd0161b,2026-08-18 09:18:11.501208,HGFV8E4EE36E85AE48C2903BBEBBB0ABE5A0,55b4c422-d1ea-4c21-99ec-27e2da4cc3c2,Tài nguyên công ty / AN TUỆ / FOOTAGE / THU MUA / AN TUỆ / 2. KHO FOOTAGE ĐÃ HẬU KỲ / 2.1 UPLOAD - TEAM HẬU KỲ / Trường / Tháng 8/2026 / Mùa đông / 170 video,0,,resource_file_action,hg_stock
740103b7-3330-4855-b3d1-2b8e891d3137,1,be9d5a9b-fac5-4e87-81ab-02e80f0b7171,,4c05f915-db94-4d44-985d-94702dd0161b,2026-08-18 09:18:14.795235,HGFVE333BCFF18924EFF80D07AD8F72FD821,55b4c422-d1ea-4c21-99ec-27e2da4cc3c2,Tài nguyên công ty / AN TUỆ / FOOTAGE / THU MUA / AN TUỆ / 2. KHO FOOTAGE ĐÃ HẬU KỲ / 2.1 UPLOAD - TEAM HẬU KỲ / Trường / Tháng 8/2026 / Mùa đông / 170 video,0,,resource_file_action,hg_stock
bd28ac19-9868-4b1f-b01d-75a786ecc3d2,1,deb709a4-0392-4f2b-a71f-acb968b6a4c7,,4c05f915-db94-4d44-985d-94702dd0161b,2026-08-18 09:18:21.655319,HGFV42FAB2E2109A4B4D84E4361E54C91995,55b4c422-d1ea-4c21-99ec-27e2da4cc3c2,Tài nguyên công ty / AN TUỆ / FOOTAGE / THU MUA / AN TUỆ / 2. KHO FOOTAGE ĐÃ HẬU KỲ / 2.1 UPLOAD - TEAM HẬU KỲ / Trường / Tháng 8/2026 / Mùa đông / 170 video,0,,resource_file_action,hg_stock
804bcd49-ab8e-4895-b178-607178dcef9c,1,86f8d8b6-e150-41c7-afc8-d1916f5ceed6,,4c05f915-db94-4d44-985d-94702dd0161b,2026-08-18 09:18:24.35027,HGFV4A214FF3926A4A6D92CA9B27F212A23A,55b4c422-d1ea-4c21-99ec-27e2da4cc3c2,Tài nguyên công ty / AN TUỆ / FOOTAGE / THU MUA / AN TUỆ / 2. KHO FOOTAGE ĐÃ HẬU KỲ / 2.1 UPLOAD - TEAM HẬU KỲ / Trường / Tháng 8/2026 / Mùa đông / 170 video,0,,resource_file_action,hg_stock
9c420543-6b83-4fbe-b760-f1347e6deeb6,1,cb0b7196-818c-4e7f-b033-92c6b61db047,,4c05f915-db94-4d44-985d-94702dd0161b,2026-08-18 09:18:27.910791,HGFV6A9F5A7CED6543D3A184E08BF0766C90,55b4c422-d1ea-4c21-99ec-27e2da4cc3c2,Tài nguyên công ty / AN TUỆ / FOOTAGE / THU MUA / AN TUỆ / 2. KHO FOOTAGE ĐÃ HẬU KỲ / 2.1 UPLOAD - TEAM HẬU KỲ / Trường / Tháng 8/2026 / Mùa đông / 170 video,0,,resource_file_action,hg_stock
27139cf8-ccdb-4e78-b9b5-42fe19ead0a2,1,2189d70a-6122-4faa-ad56-9e4b7a3b0e3c,,4c05f915-db94-4d44-985d-94702dd0161b,2026-08-18 09:18:41.285903,HGFV17656A8A0C91493290EACE21B68954F0,55b4c422-d1ea-4c21-99ec-27e2da4cc3c2,Tài nguyên công ty / AN TUỆ / FOOTAGE / THU MUA / AN TUỆ / 2. KHO FOOTAGE ĐÃ HẬU KỲ / 2.1 UPLOAD - TEAM HẬU KỲ / Trường / Tháng 8/2026 / Mùa đông / 170 video,0,,resource_file_action,hg_stock
2a54159b-9dbb-4b7c-84e1-37eda08ae498,1,ef6cd0ea-e041-4692-8f16-b77528723b60,,4c05f915-db94-4d44-985d-94702dd0161b,2026-08-18 09:18:43.535529,HGFV9F8151486D544E9AA004B3D7145A5BC4,55b4c422-d1ea-4c21-99ec-27e2da4cc3c2,Tài nguyên công ty / AN TUỆ / FOOTAGE / THU MUA / AN TUỆ / 2. KHO FOOTAGE ĐÃ HẬU KỲ / 2.1 UPLOAD - TEAM HẬU KỲ / Trường / Tháng 8/2026 / Mùa đông / 170 video,0,,resource_file_action,hg_stock
a19b2acb-e59f-4f9e-a8c9-ad0231eda0ec,1,051d5ac3-0aee-44a1-bd50-bfcaba73c5e6,,4c05f915-db94-4d44-985d-94702dd0161b,2026-08-18 09:18:44.909624,HGFVE9E00E0F422A4B76BB38FFF4CA2682F9,55b4c422-d1ea-4c21-99ec-27e2da4cc3c2,Tài nguyên công ty / AN TUỆ / FOOTAGE / THU MUA / AN TUỆ / 2. KHO FOOTAGE ĐÃ HẬU KỲ / 2.1 UPLOAD - TEAM HẬU KỲ / Trường / Tháng 8/2026 / Mùa đông / 170 video,0,,resource_file_action,hg_stock
c1d2455c-bf58-44a8-b858-d26f4da5b21d,1,50a08422-6d30-4a8d-851f-69ee81780a97,,4c05f915-db94-4d44-985d-94702dd0161b,2026-08-18 09:18:54.854259,HGFV16C9F7C73BEF4CC59DE2B67E3B707CC1,55b4c422-d1ea-4c21-99ec-27e2da4cc3c2,Tài nguyên công ty / AN TUỆ / FOOTAGE / THU MUA / AN TUỆ / 2. KHO FOOTAGE ĐÃ HẬU KỲ / 2.1 UPLOAD - TEAM HẬU KỲ / Trường / Tháng 8/2026 / Mùa đông / 170 video,0,,resource_file_action,hg_stock
66d79531-625b-48e4-b601-96482f053c93,1,d97ff2b4-3b37-48d4-b25e-0be05e0f1483,,4c05f915-db94-4d44-985d-94702dd0161b,2026-08-18 09:18:56.47821,HGFV6F65D2029DBF4403AD6CFF65ACFD3345,55b4c422-d1ea-4c21-99ec-27e2da4cc3c2,Tài nguyên công ty / AN TUỆ / FOOTAGE / THU MUA / AN TUỆ / 2. KHO FOOTAGE ĐÃ HẬU KỲ / 2.1 UPLOAD - TEAM HẬU KỲ / Trường / Tháng 8/2026 / Mùa đông / 170 video,0,,resource_file_action,hg_stock
a1bca6a3-3a35-4ea6-b389-6d38a4978575,1,03ff4722-7907-4816-a4cc-077fa659c696,,4c05f915-db94-4d44-985d-94702dd0161b,2026-08-18 09:19:00.046707,HGFV3D460E246CF74123BBF0342D664D3328,55b4c422-d1ea-4c21-99ec-27e2da4cc3c2,Tài nguyên công ty / AN TUỆ / FOOTAGE / THU MUA / AN TUỆ / 2. KHO FOOTAGE ĐÃ HẬU KỲ / 2.1 UPLOAD - TEAM HẬU KỲ / Trường / Tháng 8/2026 / Mùa đông / 170 video,0,,resource_file_action,hg_stock
306513f7-b2d2-47ac-81c4-4b2878cfffef,2,91308234-6440-40f1-af79-21a5f729a3a5,,4b105657-000e-405b-a574-4be3b793c73f,2026-08-18 09:21:15.187186,HGFA8902615D1F58490683AB5A23EA6A1216,b9c43f16-7f40-41bd-8914-eef1ef35a366,,0,,resource_file_action,hg_stock
9babf9a9-4cc4-41fc-b47e-25ce737202d3,2,75fd7b6a-22ec-465d-8e14-adfae5dd6b6f,,b22aeee3-7b08-4e9a-8114-086a9f2a18bf,2026-07-23 07:28:28.640298,HGFV33E4423B22A54408891B72A5986DCB5D,735c6b35-456b-435b-8bad-4beeee2e2d4b,,0,,resource_file_action,hg_stock
95e07c73-02d8-45f5-b565-ef08bf1b95a2,2,62336074-1321-4d88-a055-b35b2dc87962,,b22aeee3-7b08-4e9a-8114-086a9f2a18bf,2026-07-23 07:30:02.295918,HGFV7EB1E2A2011E4147BABDB612272AA54D,cd6b70b9-dec6-433b-ba80-806a8f88b1c3,,0,,resource_file_action,hg_stock
ddba9373-e912-4805-9a99-0c0be22d487c,2,d1f1d363-30d9-4da3-a84f-a01d1a5a18d0,,b22aeee3-7b08-4e9a-8114-086a9f2a18bf,2026-07-23 07:30:20.443182,HGFV29094597AF4B453188DE246A5F4218AF,4f6b1c39-52fb-4e95-8ecc-5244b1ed8311,,0,,resource_file_action,hg_stock
e1031bcd-d07d-464f-affc-8b8ecb939e48,2,6837b059-2459-49df-afe7-663e4822cfa9,,b22aeee3-7b08-4e9a-8114-086a9f2a18bf,2026-07-23 07:30:23.355011,HGFV5C1331B1B25C4EB9816BD941BF481448,b26e995f-0526-4bbd-9073-511b7fdc3b36,,0,,resource_file_action,hg_stock
90ebecbf-981d-4690-b561-65b2de44ffb5,1,4500e24e-94f9-4885-8741-556a2feb6f9f,,4c05f915-db94-4d44-985d-94702dd0161b,2026-08-18 09:19:00.476616,HGFV1F7630F9C7604B9E9DA4A0D6E7732B12,55b4c422-d1ea-4c21-99ec-27e2da4cc3c2,Tài nguyên công ty / AN TUỆ / FOOTAGE / THU MUA / AN TUỆ / 2. KHO FOOTAGE ĐÃ HẬU KỲ / 2.1 UPLOAD - TEAM HẬU KỲ / Trường / Tháng 8/2026 / Mùa đông / 170 video,0,,resource_file_action,hg_stock
23eee367-00e7-4e3a-adbd-9b1490700194,1,00196c45-43fa-49b7-b301-3d1d86e8d070,,4c05f915-db94-4d44-985d-94702dd0161b,2026-08-18 09:19:18.415537,HGFV6692FC66599541D8A46432DD4CA524C6,55b4c422-d1ea-4c21-99ec-27e2da4cc3c2,Tài nguyên công ty / AN TUỆ / FOOTAGE / THU MUA / AN TUỆ / 2. KHO FOOTAGE ĐÃ HẬU KỲ / 2.1 UPLOAD - TEAM HẬU KỲ / Trường / Tháng 8/2026 / Mùa đông / 170 video,0,,resource_file_action,hg_stock
5918db50-ca06-4b08-966f-282e23a15747,1,f687ced1-9152-48bf-897a-ff08a8cb7758,,4c05f915-db94-4d44-985d-94702dd0161b,2026-08-18 09:19:25.059418,HGFVDDBCF8D8440A45049BAE8B22FADBEAD8,55b4c422-d1ea-4c21-99ec-27e2da4cc3c2,Tài nguyên công ty / AN TUỆ / FOOTAGE / THU MUA / AN TUỆ / 2. KHO FOOTAGE ĐÃ HẬU KỲ / 2.1 UPLOAD - TEAM HẬU KỲ / Trường / Tháng 8/2026 / Mùa đông / 170 video,0,,resource_file_action,hg_stock
6fe0ec5a-9972-4fc5-b1d7-df282064e4f5,2,e81f246c-b6c0-4a10-9554-c02885aca025,,0de60dba-7fdd-4fbb-be09-33f00ae5efe4,2026-08-19 02:51:31.356315,HGFVE889DFCA3F044260A562677A61EEDE52,a3f100f3-c71a-4d4b-af78-4c14abd41b8c,,0,,resource_file_action,hg_stock
99a42a5d-8649-4c36-912d-274f548546b9,2,d9d4696d-1107-4541-94f5-8900d35ff180,,0de60dba-7fdd-4fbb-be09-33f00ae5efe4,2026-08-19 02:51:36.198388,HGFV8C8E8835C77649C99823ECC5748F4D29,0e223459-6fae-4b15-a8cc-0ceba94c45ab,,0,,resource_file_action,hg_stock
8eaa2924-9984-4b7d-baf3-d4da4699b78e,2,af808c2e-cea5-48a9-84f2-60093dec0f77,,0de60dba-7fdd-4fbb-be09-33f00ae5efe4,2026-08-19 02:51:43.800582,HGFVB7EA3AF6C4C1452EB172067D20BA3355,801e8aa2-5576-4053-bc7c-469fdb87526d,,0,,resource_file_action,hg_stock
ed66e3af-0194-4075-9320-3068a5d92ff6,2,a6ba8763-2102-495d-9cd5-e78588469bb8,,0de60dba-7fdd-4fbb-be09-33f00ae5efe4,2026-08-19 02:51:45.216368,HGFVEAC4998912344065B184F0CA6473FDA9,a9a1553b-52c8-4a89-93ed-945c39af2fac,,0,,resource_file_action,hg_stock
ed509a62-f481-4bee-b805-79977001ff77,2,b1e6ac51-eece-4f8d-9ee0-0ae0c4e31fb1,,0de60dba-7fdd-4fbb-be09-33f00ae5efe4,2026-08-19 02:54:12.001813,HGFVFB544AC336A0446ABE641209E19840A3,0e223459-6fae-4b15-a8cc-0ceba94c45ab,,0,,resource_file_action,hg_stock
06969154-3351-4c05-abfc-8522cbe8fc4e,2,b18017c2-155a-4ade-ac95-982c89005721,,0de60dba-7fdd-4fbb-be09-33f00ae5efe4,2026-08-19 02:54:48.119457,HGFV45E87DFACFF64F70867E7E704B3DBD0B,558b556f-4ed7-4319-895c-4cd2566cacf4,,0,,resource_file_action,hg_stock
463d2f4f-a262-4a63-bef6-83367f92331e,2,9d6c28dd-abcd-420b-bb1f-01eacfe18d3c,,0de60dba-7fdd-4fbb-be09-33f00ae5efe4,2026-08-19 02:55:12.341528,HGFV5B24699B54C049DB9C4C14F624426E33,6e0c91ca-971e-4119-8a01-268ceecb9f4f,,0,,resource_file_action,hg_stock
d4ad8e29-67a2-45a0-8414-8af27efd9762,2,c3dce0d9-12eb-4532-acc2-cc2716907da1,,b22aeee3-7b08-4e9a-8114-086a9f2a18bf,2026-07-23 07:38:15.113193,HGFV109130B801FD48B491AF6A686A1341B5,d59852c1-18ad-4cfa-88b3-37cf86a88af5,,0,,resource_file_action,hg_stock
d3c55ca3-aedf-42d1-ab71-1fd816e009d9,1,9deda4d8-18a6-4277-b922-09d94b338256,,08ff8bf8-5bbe-4975-a42e-12774c1d1c18,2026-08-19 02:58:43.136722,HGFID0A1204487B84B04A003B981D684D3C9,84cfdd22-c11a-4575-a90d-57155ac0a3af,Tài nguyên công ty / RED ONE (MỚI) / [RED ONE] FOOTAGE / RED ONE SẢN XUẤT / PHÒNG SÁNG TẠO / KHO ORDER ĐỘC QUYỀN / HƯƠNG LÝ / Deephouse / anh Hà Văn Hóa,0,,resource_file_action,hg_stock
4936c67d-1c2c-4994-95ab-3f74b9140925,1,1dc3f817-0ab9-4c7a-a46b-7a33b0cb4690,,08ff8bf8-5bbe-4975-a42e-12774c1d1c18,2026-08-19 02:58:46.878325,HGFI61DA06C41C744558A0DFA1ABA62B4E42,84cfdd22-c11a-4575-a90d-57155ac0a3af,Tài nguyên công ty / RED ONE (MỚI) / [RED ONE] FOOTAGE / RED ONE SẢN XUẤT / PHÒNG SÁNG TẠO / KHO ORDER ĐỘC QUYỀN / HƯƠNG LÝ / Deephouse / anh Hà Văn Hóa,0,,resource_file_action,hg_stock
5de00f74-6215-4b4c-96d4-16cd3c7a82e2,2,64c1f4de-78fe-4621-8f2d-f77fd52a1ed9,,0de60dba-7fdd-4fbb-be09-33f00ae5efe4,2026-08-19 02:58:49.248184,HGFVA81AA00099D14F20AB45806FD867DA80,735c6b35-456b-435b-8bad-4beeee2e2d4b,,0,,resource_file_action,hg_stock
bdc2dad5-6bb9-4592-a310-13f88d607b6f,2,884fe45b-fb90-4406-ab98-4128abb2a0a5,,0de60dba-7fdd-4fbb-be09-33f00ae5efe4,2026-08-19 02:59:24.655272,HGFV11752ED0276D40888945B8A527864889,8a1b3c7e-cc7f-45f8-818e-bed3893c13cc,,0,,resource_file_action,hg_stock
d8a76dab-1936-4aba-ae1d-dce62f9d90f6,0,26b42386-ebd7-4041-9167-54d153b57062,,522cc0c7-0990-4e26-b535-392767a7c142,2026-08-19 03:00:43.303391,HGFI80FB57065C27443A9094640ED135E249,9eaa301b-7fa4-421a-b544-85d502add830,,0,,resource_file_action,hg_stock
658131ef-508c-49f0-9886-70569c87fcaf,0,2c8bcfbc-ab18-4273-b5db-f634e343be32,,59e91d9f-f385-4f25-9cbc-5dab582a3b98,2026-08-19 03:02:50.847556,HGFA5389224993204C4B9A347E448D82A652,e1591eff-111c-49ff-ad40-d2492b45769f,Tài nguyên công ty / RED ONE (MỚI) / [RED ONE] NHẠC / THU MUA / ĐỘC QUYỀN THEO TEAM / CLASSICAL / Classical / Classical | Classical Masterpieces (Team Tuấn 2k),0,,resource_file_action,hg_stock
4aa64275-b640-4ecd-b3eb-6ad699e04aa8,0,76beff1c-e528-4dba-be83-10b444d3f029,,59e91d9f-f385-4f25-9cbc-5dab582a3b98,2026-08-19 03:03:22.127528,HGFAF80DFD4C84A14F0DAFFFCD5E3857949F,e1591eff-111c-49ff-ad40-d2492b45769f,Tài nguyên công ty / RED ONE (MỚI) / [RED ONE] NHẠC / THU MUA / ĐỘC QUYỀN THEO TEAM / CLASSICAL / Classical / Classical | Classical Masterpieces (Team Tuấn 2k),0,,resource_file_action,hg_stock
bad7e08c-50dc-47a0-9456-d3a563411e71,0,8fbdb717-06ea-4cff-b487-75ae05f97ad5,,59e91d9f-f385-4f25-9cbc-5dab582a3b98,2026-08-19 03:05:28.391663,HGFAB004E9EB83A24F34A45EAB538AC14DDE,e1591eff-111c-49ff-ad40-d2492b45769f,Tài nguyên công ty / RED ONE (MỚI) / [RED ONE] NHẠC / THU MUA / ĐỘC QUYỀN THEO TEAM / CLASSICAL / Classical / Classical | Classical Masterpieces (Team Tuấn 2k),0,,resource_file_action,hg_stock
aa1fa789-38de-4f3d-a071-094d9369f937,0,26dec282-9529-4b6f-a395-773f1ddf4495,,59e91d9f-f385-4f25-9cbc-5dab582a3b98,2026-08-19 03:05:55.883186,HGFA3487EF8CAAAB454DB713949C7EEB7B9A,e1591eff-111c-49ff-ad40-d2492b45769f,Tài nguyên công ty / RED ONE (MỚI) / [RED ONE] NHẠC / THU MUA / ĐỘC QUYỀN THEO TEAM / CLASSICAL / Classical / Classical | Classical Masterpieces (Team Tuấn 2k),0,,resource_file_action,hg_stock
ae3f0389-bd48-4cc8-8b95-c85b2dcdcec1,2,84a23bf9-ef3a-4a40-8cdd-daa96b01fb2f,,59e91d9f-f385-4f25-9cbc-5dab582a3b98,2026-08-19 03:07:07.775609,HGFAE4C912E8575641A19665A3E520C5F246,e1591eff-111c-49ff-ad40-d2492b45769f,,0,,resource_file_action,hg_stock
82fb0ddc-97fa-4b31-bd88-13a1e431257c,2,d7ae2422-321f-4177-858c-849108f7ffdf,,4f7877cd-38d0-478c-a843-5b58783c4489,2026-08-19 03:08:38.217045,HGFV2C6F09CB36D243B99A3CC915A8CDF42D,6b5d6740-d96d-460e-b5f0-2c25d46684d5,,0,,resource_file_action,hg_stock
8470ad97-8a05-40d3-a874-66f84d14dc65,2,eb808aca-f3cc-42cf-897d-5616a74a0404,,d0a38993-e4b2-4e95-82a5-16b7fa819dff,2026-08-19 10:24:42.322376,HGFA5EB3253F8ECA4D799B049C75BB3A871D,e1591eff-111c-49ff-ad40-d2492b45769f,,0,,resource_file_action,hg_stock
0838ef14-1eda-4fc1-8330-a6fff90e0d6a,2,9399a08c-8ab2-4c29-b1ac-9c57a32baf94,,b22aeee3-7b08-4e9a-8114-086a9f2a18bf,2026-07-23 07:28:29.146546,HGFVF9573821819C4911B84E5A7697E56EDD,735c6b35-456b-435b-8bad-4beeee2e2d4b,,0,,resource_file_action,hg_stock
27682853-22aa-4bf6-bf54-a667add80eee,2,92d6d862-2143-4ffe-b221-baf938a3436f,,b22aeee3-7b08-4e9a-8114-086a9f2a18bf,2026-07-23 07:29:55.845295,HGFV29CC80D608C84A7B9E4D39162D4C5786,a04e2a6d-1be4-470d-a1a9-1f017de4ec8c,,0,,resource_file_action,hg_stock
93da26bf-1f8d-4b96-80cf-89e69c6abe6a,2,2b095c4a-432b-4063-9f9a-f4ab6072faa5,,b22aeee3-7b08-4e9a-8114-086a9f2a18bf,2026-07-23 07:30:12.861712,HGFVB0231E4F580E4368AAEF9D93BAA993A7,4c82c928-fce8-4f66-8e33-526537376042,,0,,resource_file_action,hg_stock
882e81db-58d2-46db-a289-202dbe16ad2a,2,ec6b251f-77d2-4a43-889b-250072bc039b,,b22aeee3-7b08-4e9a-8114-086a9f2a18bf,2026-07-23 07:30:39.151763,HGFV9A07724D7BC749D0AE440A7D0B95BEB6,6ac8093a-2b15-4633-9af3-8c9f2e13e374,,0,,resource_file_action,hg_stock
dc14270e-65a2-48cc-8b50-872d5b82c839,2,a125b439-8b69-4038-befe-6294907f1c51,,b22aeee3-7b08-4e9a-8114-086a9f2a18bf,2026-07-23 07:30:50.660239,HGFV264CD082E4034412838A4F1F7530891A,658411b2-0e1a-43b5-8fe7-1ce5182c0e53,,0,,resource_file_action,hg_stock
5a41d845-c0c7-4547-a05b-96cada28bf4f,2,ebfb4e8e-4b77-47b9-958c-3d71a501897a,,b22aeee3-7b08-4e9a-8114-086a9f2a18bf,2026-07-23 07:31:01.845348,HGFVB52C9822EFCB4DA980611A4E2932F7C3,58612567-0aa4-4241-86b7-7b71a920c11e,,0,,resource_file_action,hg_stock
68487dc1-7b1c-475f-9d66-3c851618ba31,2,14ed6f35-527b-4c73-b7f6-fa02b24bf507,,4e3eac7c-e6d8-4e10-b8b5-b66bcc744495,2026-07-23 07:31:44.544902,HGFA9B3C0552C2D844E28AD26B70C4FFB18F,8baa8181-ac39-4921-a050-d5780fcdfc72,,0,,resource_file_action,hg_stock
f6d43cae-23be-43eb-983a-bddc5b3050ed,2,f79a7340-d85a-4c8e-ae0e-68be858b2786,,b22aeee3-7b08-4e9a-8114-086a9f2a18bf,2026-07-23 07:31:57.200735,HGFV26823BEDAA6C4D3BB4051D26AC20A774,7a65b358-399d-4b97-b89b-5dc34d28af4c,,0,,resource_file_action,hg_stock
df55bb52-ba73-43f8-b852-3a6e137bd2ed,2,5d8541af-39a1-495c-b9a7-3a7aaa2f8341,,b22aeee3-7b08-4e9a-8114-086a9f2a18bf,2026-07-23 07:32:09.057909,HGFV55445192BDC84FE08465EA8B3FB9CC3D,1377f758-1e84-4326-8999-a001ff2654da,,0,,resource_file_action,hg_stock
d55077e8-add1-48a2-b8a2-fb0059e5db66,2,36338050-1b6f-4e29-91c3-cb38d6d6f096,,b22aeee3-7b08-4e9a-8114-086a9f2a18bf,2026-07-23 07:32:09.184373,HGFV590A3448E1A2465D8754D0B484753EFF,1377f758-1e84-4326-8999-a001ff2654da,,0,,resource_file_action,hg_stock
a7f553ed-a8fd-49e1-b826-4150ed9af037,2,c6842d2d-12f2-4dc1-b411-eff059eedf30,,b22aeee3-7b08-4e9a-8114-086a9f2a18bf,2026-07-23 07:33:52.801781,HGFV96BE8E70333A4000BBF459BF84F47DF8,b3e4aabd-8c7f-4d15-b611-ddab6d138bd0,,0,,resource_file_action,hg_stock
c3e34b73-0f13-44a0-8c81-8d9ab7d65751,2,d9cefc14-8bca-4813-9d4f-521a1f97437c,,b22aeee3-7b08-4e9a-8114-086a9f2a18bf,2026-07-23 07:38:14.731999,HGFV6B0ACFB2145F46689958472BB8D2A9CB,d59852c1-18ad-4cfa-88b3-37cf86a88af5,,0,,resource_file_action,hg_stock
18271124-1b25-4717-baaa-6c578be816ca,2,6b8a0906-c04f-4063-86a7-17e87e603cfd,,b22aeee3-7b08-4e9a-8114-086a9f2a18bf,2026-07-23 07:38:19.372547,HGFV6CC11F28FCBD4A7EBACC2AF2B70B895F,6e0c91ca-971e-4119-8a01-268ceecb9f4f,,0,,resource_file_action,hg_stock
cb136621-90db-4e7c-a8ce-348c398ebd4a,2,9b5eec5b-2dea-4b79-b16b-b2a141261c40,,b22aeee3-7b08-4e9a-8114-086a9f2a18bf,2026-07-23 07:38:20.237743,HGFV5492D2E52E334881A3ABDE70479F67FF,1ad9f410-abd2-4d16-a074-0412912c2861,,0,,resource_file_action,hg_stock
e6e01466-92b5-40aa-9fe1-706c1514b9d7,2,b437e447-9c1c-427e-91bc-01927997e359,,b22aeee3-7b08-4e9a-8114-086a9f2a18bf,2026-07-23 07:38:21.062774,HGFVF8D3A1C5359C4D1182C8A725E7030263,6e0c91ca-971e-4119-8a01-268ceecb9f4f,,0,,resource_file_action,hg_stock
59dbb031-f2fe-4437-88c8-6fef2d123438,2,907ce773-a431-42d1-8b92-b93697082e11,,b22aeee3-7b08-4e9a-8114-086a9f2a18bf,2026-07-23 07:38:30.388949,HGFVA7BB6F06FF1642D997CDBCF922D45650,51d39b59-7c2e-476c-a516-3dbe25dd1e1d,,0,,resource_file_action,hg_stock
5b0da8b9-d925-4226-b881-1ecf7880b006,2,616f7e3d-06fb-4aa4-9b1c-9f8713f060aa,,b22aeee3-7b08-4e9a-8114-086a9f2a18bf,2026-07-23 07:38:34.8995,HGFVA7B9822694314B1CB122BCE0D1A5B78A,4c9d146c-d6a6-4d50-b7a8-8f6b511d9afe,,0,,resource_file_action,hg_stock
7eea33ed-8667-45b4-93a5-8f8ab69abafd,2,545cae91-2829-41d1-a19d-687d3b11ccaf,,b22aeee3-7b08-4e9a-8114-086a9f2a18bf,2026-07-23 07:38:36.362698,HGFV48428CE5232048628E4D0A78AEB400AD,a9a1553b-52c8-4a89-93ed-945c39af2fac,,0,,resource_file_action,hg_stock
fe6faf17-f045-4987-a05a-9473f419088a,2,bee0c4d4-a552-48e2-af28-62e6f1b98a2d,,b22aeee3-7b08-4e9a-8114-086a9f2a18bf,2026-07-23 07:38:44.723373,HGFV55EF04BCDC1345E5B870229FEDE95CF5,319efab5-2c8e-4137-8fbb-2dd138f7805a,,0,,resource_file_action,hg_stock
369b568d-8295-49d5-8971-cd4aa61f0ec0,2,f97b2fb9-e75d-434b-ae5a-94ab4b363065,,b22aeee3-7b08-4e9a-8114-086a9f2a18bf,2026-07-23 07:38:49.746533,HGFV0A22E49845BF4A74990EF320FB866447,50dfcfb3-5565-4f23-9dbf-eb274f5ea09b,,0,,resource_file_action,hg_stock
ba7f1e46-f5e8-441f-bf0a-2dfbd800bdc3,2,97504d81-4db7-481b-818d-1085e960277f,,b22aeee3-7b08-4e9a-8114-086a9f2a18bf,2026-07-23 07:39:19.716878,HGFV4BD8479FB7C5438C946D542061033C96,735c6b35-456b-435b-8bad-4beeee2e2d4b,,0,,resource_file_action,hg_stock
03361723-ad0c-45a1-ae2a-085afbc26da1,2,90c6f65f-4524-4b90-9b63-8beadb1b15bb,,b22aeee3-7b08-4e9a-8114-086a9f2a18bf,2026-07-23 07:39:53.920676,HGFVB8D940ACBB174697A9FEFD520943FAEF,a04e2a6d-1be4-470d-a1a9-1f017de4ec8c,,0,,resource_file_action,hg_stock
2464d0e1-ba0f-4e00-a08d-0cbf931d633f,2,fb4dd7a2-89f1-4be8-9467-14e5724289e3,,b22aeee3-7b08-4e9a-8114-086a9f2a18bf,2026-07-23 07:39:56.076272,HGFV6DDF70D4F549449FAE5AD1EAE5053F45,cd6b70b9-dec6-433b-ba80-806a8f88b1c3,,0,,resource_file_action,hg_stock
9aea5ba2-7e73-41bc-8313-e337d3dfadf3,2,640aafb1-a421-41a4-8f79-1cfc56c20072,,b22aeee3-7b08-4e9a-8114-086a9f2a18bf,2026-07-23 07:39:56.151904,HGFVC197FCEAB37D43F6A82EDBCC397EADF9,cd6b70b9-dec6-433b-ba80-806a8f88b1c3,,0,,resource_file_action,hg_stock
210c384b-2f51-48ad-81f6-cc6f0033c969,2,96496b09-a8e8-45e2-8d84-6c3bb3ab1e45,,b22aeee3-7b08-4e9a-8114-086a9f2a18bf,2026-07-23 07:40:27.37351,HGFV247D17BFDCBC4CCC8E078195E292F435,4f6b1c39-52fb-4e95-8ecc-5244b1ed8311,,0,,resource_file_action,hg_stock
3fabff93-93fe-4396-ac0c-6799313f833f,2,64626a28-c2a1-4096-808f-8b7aa1214709,,6a34ddae-be72-471a-ad45-7e226c3a141f,2026-07-23 07:41:02.493858,HGFV3C8C76122D034A3DB86970933E35449C,15d4fb26-9fbf-42b5-bad8-0ac02b089967,,0,,resource_file_action,hg_stock
ee51a2a7-e066-4a3f-b846-1f2743587689,2,477f4c35-6691-4592-b20d-7e2bd77e75d7,,b22aeee3-7b08-4e9a-8114-086a9f2a18bf,2026-07-23 07:41:24.278995,HGFVCD8F683530F943E59A1145682E696183,56e4b49b-f40c-44f4-bbc9-3c08c16dcc32,,0,,resource_file_action,hg_stock
a3877897-940b-4163-a6da-3f971148680e,2,fdc6aae3-3681-4d5c-8248-82a0cf35aa22,,b22aeee3-7b08-4e9a-8114-086a9f2a18bf,2026-07-23 07:43:09.671445,HGFVE707731664D848259669BA6F793A727A,93a2daaa-b990-45c5-87fa-1e4c82b5be96,,0,,resource_file_action,hg_stock
bc24dad3-d625-497d-b424-a10623226db5,2,0341b0fa-b7a1-462c-9a7a-84fa6a78c3e9,,b22aeee3-7b08-4e9a-8114-086a9f2a18bf,2026-07-23 07:43:28.275939,HGFV1D2A936E2F34417BAEA94C55475BA35D,93a2daaa-b990-45c5-87fa-1e4c82b5be96,,0,,resource_file_action,hg_stock
e1300810-4b04-4293-9dc9-2bf09c9c2a5f,2,0829c68b-5ec9-48cf-a3a2-3c273dc17d46,,b22aeee3-7b08-4e9a-8114-086a9f2a18bf,2026-07-23 07:43:47.20761,HGFV78503604A4B44DF4A2F5BE0A5BB03B3D,7a65b358-399d-4b97-b89b-5dc34d28af4c,,0,,resource_file_action,hg_stock
04b98a5c-494e-4bf6-a7cd-7ac5ffbc0cc4,2,59d5460d-9b34-4657-9b92-324ecd05f6cc,,b22aeee3-7b08-4e9a-8114-086a9f2a18bf,2026-07-23 07:44:56.006329,HGFV7D074D292E704F9BAC60D08688E3A757,a3f100f3-c71a-4d4b-af78-4c14abd41b8c,,0,,resource_file_action,hg_stock
f61dd009-d262-45b1-a0fa-a05e05b7c346,2,f502b4f9-91c2-4cd5-a508-36404fc5172b,,e0520965-d867-47cc-99e8-071806619383,2026-07-23 08:06:23.801588,HGFVD84252B7A3FF4AB9B6DCE0BE0685314C,356b15f8-e924-415a-bc30-7ca2b9199723,,0,,resource_file_action,hg_stock
3a5c7f7b-db79-4ec5-b823-e18cfdfc2646,2,dc57dcac-575f-4ad1-8f8c-db90df923bf8,,b22aeee3-7b08-4e9a-8114-086a9f2a18bf,2026-07-23 07:29:34.040922,HGFVEB7DAC3E0E5A45D4ADC550DFD9816E74,735c6b35-456b-435b-8bad-4beeee2e2d4b,,0,,resource_file_action,hg_stock
090baba3-556f-48b1-9f88-a5c677a8887d,2,1b8f8db5-4e68-4f79-a759-96adc0059c77,,b22aeee3-7b08-4e9a-8114-086a9f2a18bf,2026-07-23 07:29:35.104768,HGFVF0ECF2DFB8194111B426FD3A35DA2450,735c6b35-456b-435b-8bad-4beeee2e2d4b,,0,,resource_file_action,hg_stock
59cb96e8-ed40-4450-af62-9a8191993ac3,2,c922a5e2-9260-45d1-a216-75292fad7d29,,b22aeee3-7b08-4e9a-8114-086a9f2a18bf,2026-07-23 07:29:36.938194,HGFV5A9C9631449C49BC8C260D62C1EC4B46,a04e2a6d-1be4-470d-a1a9-1f017de4ec8c,,0,,resource_file_action,hg_stock
4a6dbd6b-0179-4713-969a-b1b22969c3db,2,d14b1cca-df62-4952-bf1b-6dfeaf5369de,,b22aeee3-7b08-4e9a-8114-086a9f2a18bf,2026-07-23 07:30:05.913235,HGFVAD232B1FF336413B84CF65787E4F72CE,8a1b3c7e-cc7f-45f8-818e-bed3893c13cc,,0,,resource_file_action,hg_stock
f36e20a0-ddb6-4ee2-b8e6-ddf34a1e4622,2,f0f16ce6-c952-4f25-bd21-b64f0c125510,,b22aeee3-7b08-4e9a-8114-086a9f2a18bf,2026-07-23 07:30:06.249553,HGFV3E0847E8B1E14190B90211D837FEB71F,8a1b3c7e-cc7f-45f8-818e-bed3893c13cc,,0,,resource_file_action,hg_stock
eed676e2-3dfe-4480-bb5a-4b0c19b17de8,2,c871ab7a-ffe0-4882-8eb7-be4b34a3e768,,b22aeee3-7b08-4e9a-8114-086a9f2a18bf,2026-07-23 07:30:09.251794,HGFVCD09118016694F62A4F39CFA3CEEBB5E,4c82c928-fce8-4f66-8e33-526537376042,,0,,resource_file_action,hg_stock
482110c7-7ce2-45cc-b5fc-feab2c0b9e47,2,d1f2270e-d1f7-4b4d-88cd-51f2266df5d1,,b22aeee3-7b08-4e9a-8114-086a9f2a18bf,2026-07-23 07:30:27.541285,HGFV3281F725831F4A608787ECCB470CC8D1,8a675b57-5382-42b1-b456-0b93f6bba5cd,,0,,resource_file_action,hg_stock
760db074-86fc-4e44-a828-d40af69e3af3,2,24662617-5a40-481b-81c2-904903a811aa,,b22aeee3-7b08-4e9a-8114-086a9f2a18bf,2026-07-23 07:30:28.315367,HGFV046E78C334044096B64BEEA11A174F9B,80f7c127-ea12-48f6-99de-987ad0f9715f,,0,,resource_file_action,hg_stock
a07b45c4-980d-4bbe-8f9f-eb17abfe4e45,2,4a34f6a6-b7e5-402a-851f-a7c7b2fcc971,,b22aeee3-7b08-4e9a-8114-086a9f2a18bf,2026-07-23 07:30:33.281972,HGFVDEDA5DEAA7B44095829D28FD48D5ABF4,80f7c127-ea12-48f6-99de-987ad0f9715f,,0,,resource_file_action,hg_stock
dd5666a8-06cc-4a18-b8a2-f26565c773f7,2,59b7b4b8-15d8-41dd-ad61-a178a96a19e5,,b22aeee3-7b08-4e9a-8114-086a9f2a18bf,2026-07-23 07:30:58.276441,HGFVD936DC08CB6D4763B8C66E1ED69D865D,658411b2-0e1a-43b5-8fe7-1ce5182c0e53,,0,,resource_file_action,hg_stock
a2fc7e34-297a-45f4-875a-8d289735c217,2,4b7e2c40-e8c8-4182-9172-81f44944437e,,b22aeee3-7b08-4e9a-8114-086a9f2a18bf,2026-07-23 07:32:10.188092,HGFVE5C5FB890F9E4203833E5F28602FE754,1377f758-1e84-4326-8999-a001ff2654da,,0,,resource_file_action,hg_stock
9a6c17a3-4abc-4ea7-ac01-6e29aed93fea,2,e74c36ed-c60c-47eb-a339-f5dfada71c33,,b22aeee3-7b08-4e9a-8114-086a9f2a18bf,2026-07-23 07:38:18.270445,HGFV508DE7C5396D47B6BD476B55ACBA712F,1ad9f410-abd2-4d16-a074-0412912c2861,,0,,resource_file_action,hg_stock
4e347448-889b-40a2-bf1d-8b7bf532bedd,2,f9742eae-4129-4933-b8aa-8408a71344e0,,b22aeee3-7b08-4e9a-8114-086a9f2a18bf,2026-07-23 07:38:18.811337,HGFV5A8EF420A31E421EB921049D1EB8222D,1ad9f410-abd2-4d16-a074-0412912c2861,,0,,resource_file_action,hg_stock
577d2cdd-3946-4911-b934-5de9a6b9a43b,2,c95f7093-549d-4697-b620-b87e010138cb,,b22aeee3-7b08-4e9a-8114-086a9f2a18bf,2026-07-23 07:38:19.046973,HGFVBED87C7D7B184502AD0E12E658DB6DC3,1ad9f410-abd2-4d16-a074-0412912c2861,,0,,resource_file_action,hg_stock
9746c22e-9dbf-46ba-98d9-e634b837ab38,2,e2c66523-6ad1-4557-a2d3-46188a1020e1,,b22aeee3-7b08-4e9a-8114-086a9f2a18bf,2026-07-23 07:38:19.449814,HGFVC94EF6BA87754ECC8151EA59E6A26742,1ad9f410-abd2-4d16-a074-0412912c2861,,0,,resource_file_action,hg_stock
deb04d21-1310-4afa-9195-9c8e01ba0951,2,a1d95d60-e5e5-484d-bf7d-624c6993e77a,,b22aeee3-7b08-4e9a-8114-086a9f2a18bf,2026-07-23 07:38:26.904224,HGFV49038062DC8C4CF580C11E71377EDAA3,51d39b59-7c2e-476c-a516-3dbe25dd1e1d,,0,,resource_file_action,hg_stock
96dc6a2a-030e-4d88-8b32-d96ab1cd73ab,2,e095d52a-3178-40cf-beff-80109ace84b0,,b22aeee3-7b08-4e9a-8114-086a9f2a18bf,2026-07-23 07:38:27.199044,HGFVDB98230B355745C6AF4DFCB5722901ED,51d39b59-7c2e-476c-a516-3dbe25dd1e1d,,0,,resource_file_action,hg_stock
e51707a2-76d8-43c3-a35b-d84dd3210189,2,1a79c0f2-06ff-4e97-b44c-e562d6e97275,,b22aeee3-7b08-4e9a-8114-086a9f2a18bf,2026-07-23 07:38:35.339207,HGFVE53EE82AAEE1480FA690A2D3667E5770,a9a1553b-52c8-4a89-93ed-945c39af2fac,,0,,resource_file_action,hg_stock
4a570913-7d82-48b7-a5c0-9af158da2bdb,2,afba4c22-fd84-48a7-917b-024fc82be42a,,b22aeee3-7b08-4e9a-8114-086a9f2a18bf,2026-07-23 07:38:42.491743,HGFV605D494F6D754D41B1DC9335134CECFE,f2603641-9cf4-4f23-a478-826dddd99396,,0,,resource_file_action,hg_stock
088c95d5-698d-464c-b027-6e7c603f31f4,2,307642cd-267f-4c88-b489-417708deb00b,,b22aeee3-7b08-4e9a-8114-086a9f2a18bf,2026-07-23 07:39:04.387856,HGFVD652E1CE9E52406ABDB0F643C37449DA,a04e2a6d-1be4-470d-a1a9-1f017de4ec8c,,0,,resource_file_action,hg_stock
2ca85bc8-4d27-4764-801e-5eb9c68d92df,2,f60088cd-5063-4a08-bc3c-014f7c983e2b,,b22aeee3-7b08-4e9a-8114-086a9f2a18bf,2026-07-23 07:40:10.905529,HGFVBBDF0174263D4186A6AC6688C8AE7388,8a1b3c7e-cc7f-45f8-818e-bed3893c13cc,,0,,resource_file_action,hg_stock
553e8568-02cd-4fff-95a2-7662943e5aeb,2,083a6c63-9a47-45f8-bcac-040b95d3f625,,6a34ddae-be72-471a-ad45-7e226c3a141f,2026-07-23 07:40:56.292226,HGFVBE82D26D161C4E26B692C2F49F199614,15d4fb26-9fbf-42b5-bad8-0ac02b089967,,0,,resource_file_action,hg_stock
6eb562bf-74a3-44e9-9b79-bdc21be36e3c,2,ee1c3ea9-0e9a-4863-b134-5181073cfcbc,,b22aeee3-7b08-4e9a-8114-086a9f2a18bf,2026-07-23 07:41:25.313554,HGFV8B91CF56151549318AF5FDCAA274678F,56e4b49b-f40c-44f4-bbc9-3c08c16dcc32,,0,,resource_file_action,hg_stock
5a865b7b-7576-4587-bc7b-5370424024b3,1,c9af347b-77a2-4628-aaed-88f1362d48ec,,4c05f915-db94-4d44-985d-94702dd0161b,2026-08-18 09:19:06.328023,HGFV378547FDECA044C4ACAF414B8FED7763,55b4c422-d1ea-4c21-99ec-27e2da4cc3c2,Tài nguyên công ty / AN TUỆ / FOOTAGE / THU MUA / AN TUỆ / 2. KHO FOOTAGE ĐÃ HẬU KỲ / 2.1 UPLOAD - TEAM HẬU KỲ / Trường / Tháng 8/2026 / Mùa đông / 170 video,0,,resource_file_action,hg_stock
4b709e75-0777-44f1-9ab0-1a1ace1590ee,1,288fcfa1-7777-464f-bdbb-60722ec6ba0b,,4c05f915-db94-4d44-985d-94702dd0161b,2026-08-18 09:19:13.208535,HGFV2D0FF1DB33624975AEF55D9E9C922DF0,55b4c422-d1ea-4c21-99ec-27e2da4cc3c2,Tài nguyên công ty / AN TUỆ / FOOTAGE / THU MUA / AN TUỆ / 2. KHO FOOTAGE ĐÃ HẬU KỲ / 2.1 UPLOAD - TEAM HẬU KỲ / Trường / Tháng 8/2026 / Mùa đông / 170 video,0,,resource_file_action,hg_stock
20b498e2-743b-40d9-b4d4-4cb44f134d43,1,47788c86-4d5a-4d9d-9b79-7ac52f6c4c15,,4c05f915-db94-4d44-985d-94702dd0161b,2026-08-18 09:19:16.831204,HGFV6231E4BDEC75457C9506397164433F44,55b4c422-d1ea-4c21-99ec-27e2da4cc3c2,Tài nguyên công ty / AN TUỆ / FOOTAGE / THU MUA / AN TUỆ / 2. KHO FOOTAGE ĐÃ HẬU KỲ / 2.1 UPLOAD - TEAM HẬU KỲ / Trường / Tháng 8/2026 / Mùa đông / 170 video,0,,resource_file_action,hg_stock
dfafaf6b-8d10-45cf-a28d-947fb2e1d767,1,b3fc9e45-593b-45bf-87a5-a00129f3bb5d,,4c05f915-db94-4d44-985d-94702dd0161b,2026-08-18 09:19:24.011604,HGFVF4501AE65BF54A3D968600198B1D43C2,55b4c422-d1ea-4c21-99ec-27e2da4cc3c2,Tài nguyên công ty / AN TUỆ / FOOTAGE / THU MUA / AN TUỆ / 2. KHO FOOTAGE ĐÃ HẬU KỲ / 2.1 UPLOAD - TEAM HẬU KỲ / Trường / Tháng 8/2026 / Mùa đông / 170 video,0,,resource_file_action,hg_stock
e5af02c2-18a8-4f19-8f28-89a664106fe3,1,ca2ddc4d-63fc-4060-a8b7-675ccad50c94,,4c05f915-db94-4d44-985d-94702dd0161b,2026-08-18 09:19:30.729697,HGFV18E46586B3384571BD3DCAD48FB77E82,55b4c422-d1ea-4c21-99ec-27e2da4cc3c2,Tài nguyên công ty / AN TUỆ / FOOTAGE / THU MUA / AN TUỆ / 2. KHO FOOTAGE ĐÃ HẬU KỲ / 2.1 UPLOAD - TEAM HẬU KỲ / Trường / Tháng 8/2026 / Mùa đông / 170 video,0,,resource_file_action,hg_stock
e4de731b-e752-44b7-a9bd-cd47efe1e26d,0,827c4abd-1585-43f4-9018-be3b5eff8be1,,522cc0c7-0990-4e26-b535-392767a7c142,2026-08-18 09:20:20.594652,HGFIE002D0E0E9804AFD946B37F4C5CF2318,18eb0155-4c57-4f14-8283-0f87920c2e89,,0,,resource_file_action,hg_stock
1a1a9ea0-acf9-4072-820d-28e372519bca,2,d6bd4cec-e478-4cb9-b9e2-a173fced3eed,,b22aeee3-7b08-4e9a-8114-086a9f2a18bf,2026-07-23 07:29:36.683993,HGFV98F52960B3004B55A8047A7DD9F77C06,735c6b35-456b-435b-8bad-4beeee2e2d4b,,0,,resource_file_action,hg_stock
