reportingPeriod,year,song,artist,albumTitle,albumArtist,label,isrc,upC_EAN,genre,retailer,retailerCurrency,customerTerritory,territoryCode,stream,downloads,creations,streamFSA,youtubeView,contentIDView,revenue,rpm,distro,revType,society,createdAt,_source_id,_batch_id,_loaded_at
2025-10-31T17:00:00Z,2025,No More Words (feat. Helios Relaxing Space),Finn,One Step Closer (feat. Helios Relaxing Space),Finn,Helios Records,QT2WN2500605,5056846117810,Piano Relaxing,Apple Music,CAD,Canada,CA,4,0,0,,,,0.01973,4.9325,RouteNote,Distro,"",2026-01-17T08:06:42.5023758Z,sale,sale_20260826_023305,2026-08-26 02:38:32.66563
2025-10-31T17:00:00Z,2025,No More Words (feat. Helios Relaxing Space),Finn,One Step Closer (feat. Helios Relaxing Space),Finn,Helios Records,QT2WN2500605,5056846117810,Piano Relaxing,Apple Music,JPY,Japan,JP,1,0,0,,,,0.0019,1.9,RouteNote,Distro,"",2026-01-17T08:06:42.5023921Z,sale,sale_20260826_023305,2026-08-26 02:38:32.66563
2025-10-31T17:00:00Z,2025,No More Words (feat. Helios Relaxing Space),Finn,One Step Closer (feat. Helios Relaxing Space),Finn,Helios Records,QT2WN2500605,5056846117810,Piano Relaxing,Apple Music,TWD,Taiwan (Province of China),TW,3,0,0,,,,0.00762,2.54,RouteNote,Distro,"",2026-01-17T08:06:42.5024047Z,sale,sale_20260826_023305,2026-08-26 02:38:32.66563
2025-10-31T17:00:00Z,2025,No More Words (feat. Helios Relaxing Space),Finn,One Step Closer (feat. Helios Relaxing Space),Finn,Helios Records,QT2WN2500605,5056846117810,Piano Relaxing,Apple Music,USD,United States (the),US,42,0,0,,,,0.17523,4.172143,RouteNote,Distro,"",2026-01-17T08:06:42.5024168Z,sale,sale_20260826_023305,2026-08-26 02:38:32.66563
2025-10-31T17:00:00Z,2025,No More Words (feat. Helios Relaxing Space),Finn,One Step Closer (feat. Helios Relaxing Space),Finn,Helios Records,QT2WN2500605,5056846117810,Piano Relaxing,Apple Music,ZAR,South Africa,ZA,2,0,0,,,,0.00405,2.025,RouteNote,Distro,"",2026-01-17T08:06:42.5024277Z,sale,sale_20260826_023305,2026-08-26 02:38:32.66563
2025-10-31T17:00:00Z,2025,No More Words (feat. Helios Relaxing Space),Finn,One Step Closer (feat. Helios Relaxing Space),Finn,Helios Records,QT2WN2500605,5056846117810,Piano Relaxing,Melon,KRW,KR (South Korea),KR,18,0,0,,,,0.04938,2.743333,RouteNote,Distro,"",2026-01-17T08:06:42.5024397Z,sale,sale_20260826_023305,2026-08-26 02:38:32.66563
2025-10-31T17:00:00Z,2025,No More Words (feat. Helios Relaxing Space),Finn,One Step Closer (feat. Helios Relaxing Space),Finn,Helios Records,QT2WN2500605,5056846117810,Piano Relaxing,Spotify,EUR,Australia,AU,2,0,0,,,,0.00628,3.14,RouteNote,Distro,"",2026-01-17T08:06:42.5024506Z,sale,sale_20260826_023305,2026-08-26 02:38:32.66563
2025-10-31T17:00:00Z,2025,No More Words (feat. Helios Relaxing Space),Finn,One Step Closer (feat. Helios Relaxing Space),Finn,Helios Records,QT2WN2500605,5056846117810,Piano Relaxing,Spotify,EUR,Canada,CA,12,0,0,,,,0.04049,3.374167,RouteNote,Distro,"",2026-01-17T08:06:42.5024621Z,sale,sale_20260826_023305,2026-08-26 02:38:32.66563
2025-10-31T17:00:00Z,2025,No More Words (feat. Helios Relaxing Space),Finn,One Step Closer (feat. Helios Relaxing Space),Finn,Helios Records,QT2WN2500605,5056846117810,Piano Relaxing,Spotify,EUR,Germany,DE,3,0,0,,,,0.01435,4.783333,RouteNote,Distro,"",2026-01-17T08:06:42.502474Z,sale,sale_20260826_023305,2026-08-26 02:38:32.66563
2025-10-31T17:00:00Z,2025,No More Words (feat. Helios Relaxing Space),Finn,One Step Closer (feat. Helios Relaxing Space),Finn,Helios Records,QT2WN2500605,5056846117810,Piano Relaxing,Spotify,EUR,Hungary,HU,6,0,0,,,,0.01582,2.636667,RouteNote,Distro,"",2026-01-17T08:06:42.5024909Z,sale,sale_20260826_023305,2026-08-26 02:38:32.66563
2025-10-31T17:00:00Z,2025,No More Words (feat. Helios Relaxing Space),Finn,One Step Closer (feat. Helios Relaxing Space),Finn,Helios Records,QT2WN2500605,5056846117810,Piano Relaxing,Spotify,EUR,Indonesia,ID,2,0,0,,,,0.00174,0.87,RouteNote,Distro,"",2026-01-17T08:06:42.5025026Z,sale,sale_20260826_023305,2026-08-26 02:38:32.66563
2025-10-31T17:00:00Z,2025,No More Words (feat. Helios Relaxing Space),Finn,One Step Closer (feat. Helios Relaxing Space),Finn,Helios Records,QT2WN2500605,5056846117810,Piano Relaxing,Spotify,EUR,Philippines (the),PH,10,0,0,,,,0.00176,0.176,RouteNote,Distro,"",2026-01-17T08:06:42.5025149Z,sale,sale_20260826_023305,2026-08-26 02:38:32.66563
2025-10-31T17:00:00Z,2025,No More Words (feat. Helios Relaxing Space),Finn,One Step Closer (feat. Helios Relaxing Space),Finn,Helios Records,QT2WN2500605,5056846117810,Piano Relaxing,Spotify,EUR,Singapore,SG,2,0,0,,,,0.00224,1.12,RouteNote,Distro,"",2026-01-17T08:06:42.5025263Z,sale,sale_20260826_023305,2026-08-26 02:38:32.66563
2025-10-31T17:00:00Z,2025,No More Words (feat. Helios Relaxing Space),Finn,One Step Closer (feat. Helios Relaxing Space),Finn,Helios Records,QT2WN2500605,5056846117810,Piano Relaxing,Spotify,USD,India,IN,1,0,0,,,,0.00031,0.31,RouteNote,Distro,"",2026-01-17T08:06:42.5025375Z,sale,sale_20260826_023305,2026-08-26 02:38:32.66563
2025-10-31T17:00:00Z,2025,No More Words (feat. Helios Relaxing Space),Finn,One Step Closer (feat. Helios Relaxing Space),Finn,Helios Records,QT2WN2500605,5056846117810,Piano Relaxing,Spotify,USD,Panama,PA,2,0,0,,,,0.00346,1.73,RouteNote,Distro,"",2026-01-17T08:06:42.5025486Z,sale,sale_20260826_023305,2026-08-26 02:38:32.66563
2025-10-31T17:00:00Z,2025,No More Words (feat. Helios Relaxing Space),Finn,One Step Closer (feat. Helios Relaxing Space),Finn,Helios Records,QT2WN2500605,5056846117810,Piano Relaxing,Spotify,USD,United States (the),US,3,0,0,,,,0.0106,3.533333,RouteNote,Distro,"",2026-01-17T08:06:42.50256Z,sale,sale_20260826_023305,2026-08-26 02:38:32.66563
2025-10-31T17:00:00Z,2025,No More Words (feat. Helios Relaxing Space),Finn,One Step Closer (feat. Helios Relaxing Space),Finn,Helios Records,QT2WN2500605,5056846117810,Piano Relaxing,YouTube,USD,WorldWide,WW,1,0,0,,,,0,0,RouteNote,Distro,"",2026-01-17T08:06:42.5025715Z,sale,sale_20260826_023305,2026-08-26 02:38:32.66563
2025-10-31T17:00:00Z,2025,No More Words (feat. Helios Relaxing Space),Finn,One Step Closer (feat. Helios Relaxing Space),Finn,Helios Records,QT2WN2500605,5056846117810,Piano Relaxing,YouTube RED,USD,Taiwan (Province of China),TW,1,0,0,,,,0.00247,2.47,RouteNote,Distro,"",2026-01-17T08:06:42.502583Z,sale,sale_20260826_023305,2026-08-26 02:38:32.66563
2025-10-31T17:00:00Z,2025,Before It Fades (feat. Helios Relaxing Space),Finn,One Step Closer (feat. Helios Relaxing Space),Finn,Helios Records,QT2WN2500606,5056846117810,Piano Relaxing,Apple Music,CAD,Canada,CA,3,0,0,,,,0.0164,5.466667,RouteNote,Distro,"",2026-01-17T08:06:42.502596Z,sale,sale_20260826_023305,2026-08-26 02:38:32.66563
2025-10-31T17:00:00Z,2025,Before It Fades (feat. Helios Relaxing Space),Finn,One Step Closer (feat. Helios Relaxing Space),Finn,Helios Records,QT2WN2500606,5056846117810,Piano Relaxing,Apple Music,RUB,Russian Federation (the),RU,2,0,0,,,,0.0036,1.8,RouteNote,Distro,"",2026-01-17T08:06:42.5026076Z,sale,sale_20260826_023305,2026-08-26 02:38:32.66563
2025-10-31T17:00:00Z,2025,Before It Fades (feat. Helios Relaxing Space),Finn,One Step Closer (feat. Helios Relaxing Space),Finn,Helios Records,QT2WN2500606,5056846117810,Piano Relaxing,Apple Music,TWD,Taiwan (Province of China),TW,2,0,0,,,,0.00476,2.38,RouteNote,Distro,"",2026-01-17T08:06:42.5026188Z,sale,sale_20260826_023305,2026-08-26 02:38:32.66563
2025-10-31T17:00:00Z,2025,Before It Fades (feat. Helios Relaxing Space),Finn,One Step Closer (feat. Helios Relaxing Space),Finn,Helios Records,QT2WN2500606,5056846117810,Piano Relaxing,Apple Music,USD,United States (the),US,43,0,0,,,,0.17967,4.178372,RouteNote,Distro,"",2026-01-17T08:06:42.5026304Z,sale,sale_20260826_023305,2026-08-26 02:38:32.66563
2025-10-31T17:00:00Z,2025,Before It Fades (feat. Helios Relaxing Space),Finn,One Step Closer (feat. Helios Relaxing Space),Finn,Helios Records,QT2WN2500606,5056846117810,Piano Relaxing,Apple Music,ZAR,South Africa,ZA,3,0,0,,,,0.00608,2.026667,RouteNote,Distro,"",2026-01-17T08:06:42.5026414Z,sale,sale_20260826_023305,2026-08-26 02:38:32.66563
2025-10-31T17:00:00Z,2025,Before It Fades (feat. Helios Relaxing Space),Finn,One Step Closer (feat. Helios Relaxing Space),Finn,Helios Records,QT2WN2500606,5056846117810,Piano Relaxing,Spotify,EUR,Australia,AU,2,0,0,,,,0.00628,3.14,RouteNote,Distro,"",2026-01-17T08:06:42.5026522Z,sale,sale_20260826_023305,2026-08-26 02:38:32.66563
2025-10-31T17:00:00Z,2025,Before It Fades (feat. Helios Relaxing Space),Finn,One Step Closer (feat. Helios Relaxing Space),Finn,Helios Records,QT2WN2500606,5056846117810,Piano Relaxing,Spotify,EUR,Canada,CA,13,0,0,,,,0.04187,3.220769,RouteNote,Distro,"",2026-01-17T08:06:42.5026642Z,sale,sale_20260826_023305,2026-08-26 02:38:32.66563
2025-10-31T17:00:00Z,2025,Before It Fades (feat. Helios Relaxing Space),Finn,One Step Closer (feat. Helios Relaxing Space),Finn,Helios Records,QT2WN2500606,5056846117810,Piano Relaxing,Spotify,EUR,Germany,DE,3,0,0,,,,0.01435,4.783333,RouteNote,Distro,"",2026-01-17T08:06:42.5026753Z,sale,sale_20260826_023305,2026-08-26 02:38:32.66563
2025-10-31T17:00:00Z,2025,Before It Fades (feat. Helios Relaxing Space),Finn,One Step Closer (feat. Helios Relaxing Space),Finn,Helios Records,QT2WN2500606,5056846117810,Piano Relaxing,Spotify,EUR,Hungary,HU,4,0,0,,,,0.01055,2.6375,RouteNote,Distro,"",2026-01-17T08:06:42.5026865Z,sale,sale_20260826_023305,2026-08-26 02:38:32.66563
2025-10-31T17:00:00Z,2025,Before It Fades (feat. Helios Relaxing Space),Finn,One Step Closer (feat. Helios Relaxing Space),Finn,Helios Records,QT2WN2500606,5056846117810,Piano Relaxing,Spotify,EUR,Indonesia,ID,3,0,0,,,,0.00175,0.583333,RouteNote,Distro,"",2026-01-17T08:06:42.5026997Z,sale,sale_20260826_023305,2026-08-26 02:38:32.66563
2025-10-31T17:00:00Z,2025,Before It Fades (feat. Helios Relaxing Space),Finn,One Step Closer (feat. Helios Relaxing Space),Finn,Helios Records,QT2WN2500606,5056846117810,Piano Relaxing,Spotify,EUR,Malaysia,MY,1,0,0,,,,0.00083,0.83,RouteNote,Distro,"",2026-01-17T08:06:42.5027109Z,sale,sale_20260826_023305,2026-08-26 02:38:32.66563
2025-10-31T17:00:00Z,2025,Before It Fades (feat. Helios Relaxing Space),Finn,One Step Closer (feat. Helios Relaxing Space),Finn,Helios Records,QT2WN2500606,5056846117810,Piano Relaxing,Spotify,EUR,Philippines (the),PH,6,0,0,,,,0.00031,0.051667,RouteNote,Distro,"",2026-01-17T08:06:42.5027219Z,sale,sale_20260826_023305,2026-08-26 02:38:32.66563
2025-10-31T17:00:00Z,2025,Before It Fades (feat. Helios Relaxing Space),Finn,One Step Closer (feat. Helios Relaxing Space),Finn,Helios Records,QT2WN2500606,5056846117810,Piano Relaxing,Spotify,EUR,Singapore,SG,3,0,0,,,,0.00795,2.65,RouteNote,Distro,"",2026-01-17T08:06:42.5027333Z,sale,sale_20260826_023305,2026-08-26 02:38:32.66563
2025-10-31T17:00:00Z,2025,Before It Fades (feat. Helios Relaxing Space),Finn,One Step Closer (feat. Helios Relaxing Space),Finn,Helios Records,QT2WN2500606,5056846117810,Piano Relaxing,Spotify,GBP,United Kingdom (the),GB,1,0,0,,,,0.00176,1.76,RouteNote,Distro,"",2026-01-17T08:06:42.5027461Z,sale,sale_20260826_023305,2026-08-26 02:38:32.66563
2025-10-31T17:00:00Z,2025,Before It Fades (feat. Helios Relaxing Space),Finn,One Step Closer (feat. Helios Relaxing Space),Finn,Helios Records,QT2WN2500606,5056846117810,Piano Relaxing,Spotify,USD,India,IN,2,0,0,,,,0.00062,0.31,RouteNote,Distro,"",2026-01-17T08:06:42.502757Z,sale,sale_20260826_023305,2026-08-26 02:38:32.66563
2025-10-31T17:00:00Z,2025,Before It Fades (feat. Helios Relaxing Space),Finn,One Step Closer (feat. Helios Relaxing Space),Finn,Helios Records,QT2WN2500606,5056846117810,Piano Relaxing,Spotify,USD,Panama,PA,2,0,0,,,,0.00346,1.73,RouteNote,Distro,"",2026-01-17T08:06:42.5027686Z,sale,sale_20260826_023305,2026-08-26 02:38:32.66563
2025-10-31T17:00:00Z,2025,Before It Fades (feat. Helios Relaxing Space),Finn,One Step Closer (feat. Helios Relaxing Space),Finn,Helios Records,QT2WN2500606,5056846117810,Piano Relaxing,Spotify,USD,United States (the),US,7,0,0,,,,0.02061,2.944286,RouteNote,Distro,"",2026-01-17T08:06:42.5027798Z,sale,sale_20260826_023305,2026-08-26 02:38:32.66563
2025-10-31T17:00:00Z,2025,Before It Fades (feat. Helios Relaxing Space),Finn,One Step Closer (feat. Helios Relaxing Space),Finn,Helios Records,QT2WN2500606,5056846117810,Piano Relaxing,Spotify,USD,Venezuela- Bolivarian Republic of ,VE,1,0,0,,,,0,0,RouteNote,Distro,"",2026-01-17T08:06:42.502793Z,sale,sale_20260826_023305,2026-08-26 02:38:32.66563
2025-10-31T17:00:00Z,2025,Before It Fades (feat. Helios Relaxing Space),Finn,One Step Closer (feat. Helios Relaxing Space),Finn,Helios Records,QT2WN2500606,5056846117810,Piano Relaxing,YouTube,USD,WorldWide,WW,1,0,0,,,,0,0,RouteNote,Distro,"",2026-01-17T08:06:42.5028038Z,sale,sale_20260826_023305,2026-08-26 02:38:32.66563
2025-10-31T17:00:00Z,2025,Lost and Found (feat. Helios Relaxing Space),Finn,One Step Closer (feat. Helios Relaxing Space),Finn,Helios Records,QT2WN2500607,5056846117810,Piano Relaxing,Amazon Prime,USD,United States (the),US,2,0,0,,,,0.0042,2.1,RouteNote,Distro,"",2026-01-17T08:06:42.502815Z,sale,sale_20260826_023305,2026-08-26 02:38:32.66563
2025-10-31T17:00:00Z,2025,Lost and Found (feat. Helios Relaxing Space),Finn,One Step Closer (feat. Helios Relaxing Space),Finn,Helios Records,QT2WN2500607,5056846117810,Piano Relaxing,Apple Music,CAD,Canada,CA,5,0,0,,,,0.02946,5.892,RouteNote,Distro,"",2026-01-17T08:06:42.5028269Z,sale,sale_20260826_023305,2026-08-26 02:38:32.66563
2025-10-31T17:00:00Z,2025,Lost and Found (feat. Helios Relaxing Space),Finn,One Step Closer (feat. Helios Relaxing Space),Finn,Helios Records,QT2WN2500607,5056846117810,Piano Relaxing,Apple Music,RUB,Russian Federation (the),RU,1,0,0,,,,0.0018,1.8,RouteNote,Distro,"",2026-01-17T08:06:42.5028381Z,sale,sale_20260826_023305,2026-08-26 02:38:32.66563
2025-10-31T17:00:00Z,2025,Lost and Found (feat. Helios Relaxing Space),Finn,One Step Closer (feat. Helios Relaxing Space),Finn,Helios Records,QT2WN2500607,5056846117810,Piano Relaxing,Apple Music,TWD,Taiwan (Province of China),TW,2,0,0,,,,0.00476,2.38,RouteNote,Distro,"",2026-01-17T08:06:42.5028492Z,sale,sale_20260826_023305,2026-08-26 02:38:32.66563
2025-10-31T17:00:00Z,2025,Lost and Found (feat. Helios Relaxing Space),Finn,One Step Closer (feat. Helios Relaxing Space),Finn,Helios Records,QT2WN2500607,5056846117810,Piano Relaxing,Apple Music,USD,United States (the),US,40,0,0,,,,0.16338,4.0845,RouteNote,Distro,"",2026-01-17T08:06:42.5028605Z,sale,sale_20260826_023305,2026-08-26 02:38:32.66563
2025-10-31T17:00:00Z,2025,Lost and Found (feat. Helios Relaxing Space),Finn,One Step Closer (feat. Helios Relaxing Space),Finn,Helios Records,QT2WN2500607,5056846117810,Piano Relaxing,Apple Music,ZAR,South Africa,ZA,5,0,0,,,,0.01014,2.028,RouteNote,Distro,"",2026-01-17T08:06:42.5028718Z,sale,sale_20260826_023305,2026-08-26 02:38:32.66563
2025-10-31T17:00:00Z,2025,Lost and Found (feat. Helios Relaxing Space),Finn,One Step Closer (feat. Helios Relaxing Space),Finn,Helios Records,QT2WN2500607,5056846117810,Piano Relaxing,Spotify,EUR,United Arab Emirates (the),AE,1,0,0,,,,0.00125,1.25,RouteNote,Distro,"",2026-01-17T08:06:42.502883Z,sale,sale_20260826_023305,2026-08-26 02:38:32.66563
2025-10-31T17:00:00Z,2025,Lost and Found (feat. Helios Relaxing Space),Finn,One Step Closer (feat. Helios Relaxing Space),Finn,Helios Records,QT2WN2500607,5056846117810,Piano Relaxing,Spotify,EUR,Argentina,AR,1,0,0,,,,0.00071,0.71,RouteNote,Distro,"",2026-01-17T08:06:42.5028964Z,sale,sale_20260826_023305,2026-08-26 02:38:32.66563
2025-10-31T17:00:00Z,2025,Lost and Found (feat. Helios Relaxing Space),Finn,One Step Closer (feat. Helios Relaxing Space),Finn,Helios Records,QT2WN2500607,5056846117810,Piano Relaxing,Spotify,EUR,Australia,AU,4,0,0,,,,0.01396,3.49,RouteNote,Distro,"",2026-01-17T08:06:42.502907Z,sale,sale_20260826_023305,2026-08-26 02:38:32.66563
2025-10-31T17:00:00Z,2025,Lost and Found (feat. Helios Relaxing Space),Finn,One Step Closer (feat. Helios Relaxing Space),Finn,Helios Records,QT2WN2500607,5056846117810,Piano Relaxing,Spotify,EUR,Brazil,BR,2,0,0,,,,0.00472,2.36,RouteNote,Distro,"",2026-01-17T08:06:42.5029179Z,sale,sale_20260826_023305,2026-08-26 02:38:32.66563
2025-10-31T17:00:00Z,2025,Lost and Found (feat. Helios Relaxing Space),Finn,One Step Closer (feat. Helios Relaxing Space),Finn,Helios Records,QT2WN2500607,5056846117810,Piano Relaxing,Spotify,EUR,Canada,CA,22,0,0,,,,0.06355,2.888636,RouteNote,Distro,"",2026-01-17T08:06:42.5029291Z,sale,sale_20260826_023305,2026-08-26 02:38:32.66563
2025-10-31T17:00:00Z,2025,Lost and Found (feat. Helios Relaxing Space),Finn,One Step Closer (feat. Helios Relaxing Space),Finn,Helios Records,QT2WN2500607,5056846117810,Piano Relaxing,Spotify,EUR,Germany,DE,5,0,0,,,,0.02517,5.034,RouteNote,Distro,"",2026-01-17T08:06:42.5029398Z,sale,sale_20260826_023305,2026-08-26 02:38:32.66563
2025-10-31T17:00:00Z,2025,Lost and Found (feat. Helios Relaxing Space),Finn,One Step Closer (feat. Helios Relaxing Space),Finn,Helios Records,QT2WN2500607,5056846117810,Piano Relaxing,Spotify,EUR,Spain,ES,1,0,0,,,,0.00047,0.47,RouteNote,Distro,"",2026-01-17T08:06:42.5029514Z,sale,sale_20260826_023305,2026-08-26 02:38:32.66563
2025-10-31T17:00:00Z,2025,Lost and Found (feat. Helios Relaxing Space),Finn,One Step Closer (feat. Helios Relaxing Space),Finn,Helios Records,QT2WN2500607,5056846117810,Piano Relaxing,Spotify,EUR,Hong Kong,HK,1,0,0,,,,0.00433,4.33,RouteNote,Distro,"",2026-01-17T08:06:42.5029633Z,sale,sale_20260826_023305,2026-08-26 02:38:32.66563
2025-10-31T17:00:00Z,2025,Lost and Found (feat. Helios Relaxing Space),Finn,One Step Closer (feat. Helios Relaxing Space),Finn,Helios Records,QT2WN2500607,5056846117810,Piano Relaxing,Spotify,EUR,Hungary,HU,5,0,0,,,,0.01364,2.728,RouteNote,Distro,"",2026-01-17T08:06:42.5029743Z,sale,sale_20260826_023305,2026-08-26 02:38:32.66563
2025-10-31T17:00:00Z,2025,Lost and Found (feat. Helios Relaxing Space),Finn,One Step Closer (feat. Helios Relaxing Space),Finn,Helios Records,QT2WN2500607,5056846117810,Piano Relaxing,Spotify,EUR,Indonesia,ID,2,0,0,,,,0.00174,0.87,RouteNote,Distro,"",2026-01-17T08:06:42.502985Z,sale,sale_20260826_023305,2026-08-26 02:38:32.66563
2025-10-31T17:00:00Z,2025,Lost and Found (feat. Helios Relaxing Space),Finn,One Step Closer (feat. Helios Relaxing Space),Finn,Helios Records,QT2WN2500607,5056846117810,Piano Relaxing,Spotify,EUR,Israel,IL,2,0,0,,,,0.00501,2.505,RouteNote,Distro,"",2026-01-17T08:06:42.5030009Z,sale,sale_20260826_023305,2026-08-26 02:38:32.66563
2025-10-31T17:00:00Z,2025,Lost and Found (feat. Helios Relaxing Space),Finn,One Step Closer (feat. Helios Relaxing Space),Finn,Helios Records,QT2WN2500607,5056846117810,Piano Relaxing,Spotify,EUR,Mexico,MX,1,0,0,,,,0.00102,1.02,RouteNote,Distro,"",2026-01-17T08:06:42.5030124Z,sale,sale_20260826_023305,2026-08-26 02:38:32.66563
2025-10-31T17:00:00Z,2025,Lost and Found (feat. Helios Relaxing Space),Finn,One Step Closer (feat. Helios Relaxing Space),Finn,Helios Records,QT2WN2500607,5056846117810,Piano Relaxing,Spotify,EUR,Malaysia,MY,3,0,0,,,,0.00504,1.68,RouteNote,Distro,"",2026-01-17T08:06:42.5030238Z,sale,sale_20260826_023305,2026-08-26 02:38:32.66563
2025-10-31T17:00:00Z,2025,Lost and Found (feat. Helios Relaxing Space),Finn,One Step Closer (feat. Helios Relaxing Space),Finn,Helios Records,QT2WN2500607,5056846117810,Piano Relaxing,Spotify,EUR,Netherlands (the),NL,2,0,0,,,,0.00471,2.355,RouteNote,Distro,"",2026-01-17T08:06:42.5030351Z,sale,sale_20260826_023305,2026-08-26 02:38:32.66563
2025-10-31T17:00:00Z,2025,Lost and Found (feat. Helios Relaxing Space),Finn,One Step Closer (feat. Helios Relaxing Space),Finn,Helios Records,QT2WN2500607,5056846117810,Piano Relaxing,Spotify,EUR,Philippines (the),PH,10,0,0,,,,0.00424,0.424,RouteNote,Distro,"",2026-01-17T08:06:42.5030459Z,sale,sale_20260826_023305,2026-08-26 02:38:32.66563
2025-10-31T17:00:00Z,2025,Lost and Found (feat. Helios Relaxing Space),Finn,One Step Closer (feat. Helios Relaxing Space),Finn,Helios Records,QT2WN2500607,5056846117810,Piano Relaxing,Spotify,EUR,Portugal,PT,1,0,0,,,,0.00214,2.14,RouteNote,Distro,"",2026-01-17T08:06:42.5030568Z,sale,sale_20260826_023305,2026-08-26 02:38:32.66563
2025-10-31T17:00:00Z,2025,Lost and Found (feat. Helios Relaxing Space),Finn,One Step Closer (feat. Helios Relaxing Space),Finn,Helios Records,QT2WN2500607,5056846117810,Piano Relaxing,Spotify,EUR,Singapore,SG,4,0,0,,,,0.01094,2.735,RouteNote,Distro,"",2026-01-17T08:06:42.5030676Z,sale,sale_20260826_023305,2026-08-26 02:38:32.66563
2025-10-31T17:00:00Z,2025,Lost and Found (feat. Helios Relaxing Space),Finn,One Step Closer (feat. Helios Relaxing Space),Finn,Helios Records,QT2WN2500607,5056846117810,Piano Relaxing,Spotify,EUR,Thailand,TH,1,0,0,,,,3e-05,0.03,RouteNote,Distro,"",2026-01-17T08:06:42.5030791Z,sale,sale_20260826_023305,2026-08-26 02:38:32.66563
2025-10-31T17:00:00Z,2025,Lost and Found (feat. Helios Relaxing Space),Finn,One Step Closer (feat. Helios Relaxing Space),Finn,Helios Records,QT2WN2500607,5056846117810,Piano Relaxing,Spotify,GBP,United Kingdom (the),GB,2,0,0,,,,0.00669,3.345,RouteNote,Distro,"",2026-01-17T08:06:42.5030898Z,sale,sale_20260826_023305,2026-08-26 02:38:32.66563
2025-10-31T17:00:00Z,2025,Lost and Found (feat. Helios Relaxing Space),Finn,One Step Closer (feat. Helios Relaxing Space),Finn,Helios Records,QT2WN2500607,5056846117810,Piano Relaxing,Spotify,USD,India,IN,2,0,0,,,,0.00062,0.31,RouteNote,Distro,"",2026-01-17T08:06:42.5031036Z,sale,sale_20260826_023305,2026-08-26 02:38:32.66563
2025-10-31T17:00:00Z,2025,Lost and Found (feat. Helios Relaxing Space),Finn,One Step Closer (feat. Helios Relaxing Space),Finn,Helios Records,QT2WN2500607,5056846117810,Piano Relaxing,Spotify,USD,Panama,PA,5,0,0,,,,0.00865,1.73,RouteNote,Distro,"",2026-01-17T08:06:42.5031159Z,sale,sale_20260826_023305,2026-08-26 02:38:32.66563
2025-10-31T17:00:00Z,2025,Lost and Found (feat. Helios Relaxing Space),Finn,One Step Closer (feat. Helios Relaxing Space),Finn,Helios Records,QT2WN2500607,5056846117810,Piano Relaxing,Spotify,USD,United States (the),US,31,0,0,,,,0.12126,3.911613,RouteNote,Distro,"",2026-01-17T08:06:42.5031274Z,sale,sale_20260826_023305,2026-08-26 02:38:32.66563
2025-10-31T17:00:00Z,2025,Lost and Found (feat. Helios Relaxing Space),Finn,One Step Closer (feat. Helios Relaxing Space),Finn,Helios Records,QT2WN2500607,5056846117810,Piano Relaxing,Tidal,USD,Denmark,DK,1,0,0,,,,0.00819,8.19,RouteNote,Distro,"",2026-01-17T08:06:42.5031396Z,sale,sale_20260826_023305,2026-08-26 02:38:32.66563
2025-10-31T17:00:00Z,2025,Lost and Found (feat. Helios Relaxing Space),Finn,One Step Closer (feat. Helios Relaxing Space),Finn,Helios Records,QT2WN2500607,5056846117810,Piano Relaxing,YouTube,USD,WorldWide,WW,15,0,0,,,,0.00344,0.229333,RouteNote,Distro,"",2026-01-17T08:06:42.5031506Z,sale,sale_20260826_023305,2026-08-26 02:38:32.66563
2025-10-31T17:00:00Z,2025,Lost and Found (feat. Helios Relaxing Space),Finn,One Step Closer (feat. Helios Relaxing Space),Finn,Helios Records,QT2WN2500607,5056846117810,Piano Relaxing,YouTube RED,USD,Taiwan (Province of China),TW,1,0,0,,,,0.00247,2.47,RouteNote,Distro,"",2026-01-17T08:06:42.5031626Z,sale,sale_20260826_023305,2026-08-26 02:38:32.66563
2025-10-31T17:00:00Z,2025,Hold the Moment (feat. Helios Relaxing Space),Finn,One Step Closer (feat. Helios Relaxing Space),Finn,Helios Records,QT2WN2500608,5056846117810,Piano Relaxing,Apple Music,CAD,Canada,CA,3,0,0,,,,0.0164,5.466667,RouteNote,Distro,"",2026-01-17T08:06:42.5031741Z,sale,sale_20260826_023305,2026-08-26 02:38:32.66563
2025-10-31T17:00:00Z,2025,Hold the Moment (feat. Helios Relaxing Space),Finn,One Step Closer (feat. Helios Relaxing Space),Finn,Helios Records,QT2WN2500608,5056846117810,Piano Relaxing,Apple Music,RUB,Russian Federation (the),RU,1,0,0,,,,0.0018,1.8,RouteNote,Distro,"",2026-01-17T08:06:42.5031868Z,sale,sale_20260826_023305,2026-08-26 02:38:32.66563
2025-10-31T17:00:00Z,2025,Hold the Moment (feat. Helios Relaxing Space),Finn,One Step Closer (feat. Helios Relaxing Space),Finn,Helios Records,QT2WN2500608,5056846117810,Piano Relaxing,Apple Music,TWD,Taiwan (Province of China),TW,2,0,0,,,,0.00476,2.38,RouteNote,Distro,"",2026-01-17T08:06:42.5031975Z,sale,sale_20260826_023305,2026-08-26 02:38:32.66563
2025-10-31T17:00:00Z,2025,Hold the Moment (feat. Helios Relaxing Space),Finn,One Step Closer (feat. Helios Relaxing Space),Finn,Helios Records,QT2WN2500608,5056846117810,Piano Relaxing,Apple Music,USD,United States (the),US,44,0,0,,,,0.19487,4.428864,RouteNote,Distro,"",2026-01-17T08:06:42.5032085Z,sale,sale_20260826_023305,2026-08-26 02:38:32.66563
2025-10-31T17:00:00Z,2025,Hold the Moment (feat. Helios Relaxing Space),Finn,One Step Closer (feat. Helios Relaxing Space),Finn,Helios Records,QT2WN2500608,5056846117810,Piano Relaxing,Apple Music,ZAR,South Africa,ZA,4,0,0,,,,0.00811,2.0275,RouteNote,Distro,"",2026-01-17T08:06:42.5032193Z,sale,sale_20260826_023305,2026-08-26 02:38:32.66563
2025-10-31T17:00:00Z,2025,Hold the Moment (feat. Helios Relaxing Space),Finn,One Step Closer (feat. Helios Relaxing Space),Finn,Helios Records,QT2WN2500608,5056846117810,Piano Relaxing,Spotify,EUR,United Arab Emirates (the),AE,44,0,0,,,,0.03705,0.842045,RouteNote,Distro,"",2026-01-17T08:06:42.5032305Z,sale,sale_20260826_023305,2026-08-26 02:38:32.66563
2025-10-31T17:00:00Z,2025,Hold the Moment (feat. Helios Relaxing Space),Finn,One Step Closer (feat. Helios Relaxing Space),Finn,Helios Records,QT2WN2500608,5056846117810,Piano Relaxing,Spotify,EUR,Argentina,AR,4,0,0,,,,0.00327,0.8175,RouteNote,Distro,"",2026-01-17T08:06:42.5032412Z,sale,sale_20260826_023305,2026-08-26 02:38:32.66563
2025-10-31T17:00:00Z,2025,Hold the Moment (feat. Helios Relaxing Space),Finn,One Step Closer (feat. Helios Relaxing Space),Finn,Helios Records,QT2WN2500608,5056846117810,Piano Relaxing,Spotify,EUR,Austria,AT,1,0,0,,,,0.00266,2.66,RouteNote,Distro,"",2026-01-17T08:06:42.5032523Z,sale,sale_20260826_023305,2026-08-26 02:38:32.66563
2025-10-31T17:00:00Z,2025,Hold the Moment (feat. Helios Relaxing Space),Finn,One Step Closer (feat. Helios Relaxing Space),Finn,Helios Records,QT2WN2500608,5056846117810,Piano Relaxing,Spotify,EUR,Australia,AU,48,0,0,,,,0.15173,3.161042,RouteNote,Distro,"",2026-01-17T08:06:42.5032634Z,sale,sale_20260826_023305,2026-08-26 02:38:32.66563
2025-10-31T17:00:00Z,2025,Hold the Moment (feat. Helios Relaxing Space),Finn,One Step Closer (feat. Helios Relaxing Space),Finn,Helios Records,QT2WN2500608,5056846117810,Piano Relaxing,Spotify,EUR,Bangladesh,BD,11,0,0,,,,0.02619,2.380909,RouteNote,Distro,"",2026-01-17T08:06:42.5032745Z,sale,sale_20260826_023305,2026-08-26 02:38:32.66563
2025-10-31T17:00:00Z,2025,Hold the Moment (feat. Helios Relaxing Space),Finn,One Step Closer (feat. Helios Relaxing Space),Finn,Helios Records,QT2WN2500608,5056846117810,Piano Relaxing,Spotify,EUR,Belgium,BE,1,0,0,,,,0.00287,2.87,RouteNote,Distro,"",2026-01-17T08:06:42.5032868Z,sale,sale_20260826_023305,2026-08-26 02:38:32.66563
2025-10-31T17:00:00Z,2025,Hold the Moment (feat. Helios Relaxing Space),Finn,One Step Closer (feat. Helios Relaxing Space),Finn,Helios Records,QT2WN2500608,5056846117810,Piano Relaxing,Spotify,EUR,Brazil,BR,42,0,0,,,,0.06563,1.562619,RouteNote,Distro,"",2026-01-17T08:06:42.5032982Z,sale,sale_20260826_023305,2026-08-26 02:38:32.66563
2025-10-31T17:00:00Z,2025,Hold the Moment (feat. Helios Relaxing Space),Finn,One Step Closer (feat. Helios Relaxing Space),Finn,Helios Records,QT2WN2500608,5056846117810,Piano Relaxing,Spotify,EUR,Canada,CA,129,0,0,,,,0.27569,2.137132,RouteNote,Distro,"",2026-01-17T08:06:42.5033094Z,sale,sale_20260826_023305,2026-08-26 02:38:32.66563
2025-10-31T17:00:00Z,2025,Hold the Moment (feat. Helios Relaxing Space),Finn,One Step Closer (feat. Helios Relaxing Space),Finn,Helios Records,QT2WN2500608,5056846117810,Piano Relaxing,Spotify,EUR,Switzerland,CH,1,0,0,,,,0.00402,4.02,RouteNote,Distro,"",2026-01-17T08:06:42.5033209Z,sale,sale_20260826_023305,2026-08-26 02:38:32.66563
2025-10-31T17:00:00Z,2025,Hold the Moment (feat. Helios Relaxing Space),Finn,One Step Closer (feat. Helios Relaxing Space),Finn,Helios Records,QT2WN2500608,5056846117810,Piano Relaxing,Spotify,EUR,Chile,CL,3,0,0,,,,0.00359,1.196667,RouteNote,Distro,"",2026-01-17T08:06:42.5033318Z,sale,sale_20260826_023305,2026-08-26 02:38:32.66563
2025-10-31T17:00:00Z,2025,Hold the Moment (feat. Helios Relaxing Space),Finn,One Step Closer (feat. Helios Relaxing Space),Finn,Helios Records,QT2WN2500608,5056846117810,Piano Relaxing,Spotify,EUR,Colombia,CO,3,0,0,,,,0.0034,1.133333,RouteNote,Distro,"",2026-01-17T08:06:42.5033431Z,sale,sale_20260826_023305,2026-08-26 02:38:32.66563
2025-10-31T17:00:00Z,2025,Hold the Moment (feat. Helios Relaxing Space),Finn,One Step Closer (feat. Helios Relaxing Space),Finn,Helios Records,QT2WN2500608,5056846117810,Piano Relaxing,Spotify,EUR,Cyprus,CY,1,0,0,,,,0.00015,0.15,RouteNote,Distro,"",2026-01-17T08:06:42.5033546Z,sale,sale_20260826_023305,2026-08-26 02:38:32.66563
2025-10-31T17:00:00Z,2025,Hold the Moment (feat. Helios Relaxing Space),Finn,One Step Closer (feat. Helios Relaxing Space),Finn,Helios Records,QT2WN2500608,5056846117810,Piano Relaxing,Spotify,EUR,Germany,DE,16,0,0,,,,0.05001,3.125625,RouteNote,Distro,"",2026-01-17T08:06:42.5033659Z,sale,sale_20260826_023305,2026-08-26 02:38:32.66563
2025-10-31T17:00:00Z,2025,Hold the Moment (feat. Helios Relaxing Space),Finn,One Step Closer (feat. Helios Relaxing Space),Finn,Helios Records,QT2WN2500608,5056846117810,Piano Relaxing,Spotify,EUR,Estonia,EE,1,0,0,,,,0.00011,0.11,RouteNote,Distro,"",2026-01-17T08:06:42.503377Z,sale,sale_20260826_023305,2026-08-26 02:38:32.66563
2025-10-31T17:00:00Z,2025,Hold the Moment (feat. Helios Relaxing Space),Finn,One Step Closer (feat. Helios Relaxing Space),Finn,Helios Records,QT2WN2500608,5056846117810,Piano Relaxing,Spotify,EUR,Spain,ES,11,0,0,,,,0.02116,1.923636,RouteNote,Distro,"",2026-01-17T08:06:42.5033895Z,sale,sale_20260826_023305,2026-08-26 02:38:32.66563
2025-10-31T17:00:00Z,2025,Hold the Moment (feat. Helios Relaxing Space),Finn,One Step Closer (feat. Helios Relaxing Space),Finn,Helios Records,QT2WN2500608,5056846117810,Piano Relaxing,Spotify,EUR,France,FR,3,0,0,,,,0.0042,1.4,RouteNote,Distro,"",2026-01-17T08:06:42.5034006Z,sale,sale_20260826_023305,2026-08-26 02:38:32.66563
2025-10-31T17:00:00Z,2025,Hold the Moment (feat. Helios Relaxing Space),Finn,One Step Closer (feat. Helios Relaxing Space),Finn,Helios Records,QT2WN2500608,5056846117810,Piano Relaxing,Spotify,EUR,Hong Kong,HK,153,0,0,,,,0.28508,1.863268,RouteNote,Distro,"",2026-01-17T08:06:42.5034117Z,sale,sale_20260826_023305,2026-08-26 02:38:32.66563
2025-10-31T17:00:00Z,2025,Hold the Moment (feat. Helios Relaxing Space),Finn,One Step Closer (feat. Helios Relaxing Space),Finn,Helios Records,QT2WN2500608,5056846117810,Piano Relaxing,Spotify,EUR,Croatia,HR,4,0,0,,,,0.00602,1.505,RouteNote,Distro,"",2026-01-17T08:06:42.5034227Z,sale,sale_20260826_023305,2026-08-26 02:38:32.66563
2025-10-31T17:00:00Z,2025,Hold the Moment (feat. Helios Relaxing Space),Finn,One Step Closer (feat. Helios Relaxing Space),Finn,Helios Records,QT2WN2500608,5056846117810,Piano Relaxing,Spotify,EUR,Hungary,HU,4,0,0,,,,0.00573,1.4325,RouteNote,Distro,"",2026-01-17T08:06:42.5034337Z,sale,sale_20260826_023305,2026-08-26 02:38:32.66563
2025-10-31T17:00:00Z,2025,Hold the Moment (feat. Helios Relaxing Space),Finn,One Step Closer (feat. Helios Relaxing Space),Finn,Helios Records,QT2WN2500608,5056846117810,Piano Relaxing,Spotify,EUR,Indonesia,ID,995,0,0,,,,0.31937,0.320975,RouteNote,Distro,"",2026-01-17T08:06:42.5034447Z,sale,sale_20260826_023305,2026-08-26 02:38:32.66563
2025-10-31T17:00:00Z,2025,Hold the Moment (feat. Helios Relaxing Space),Finn,One Step Closer (feat. Helios Relaxing Space),Finn,Helios Records,QT2WN2500608,5056846117810,Piano Relaxing,Spotify,EUR,Ireland,IE,9,0,0,,,,0.0062,0.688889,RouteNote,Distro,"",2026-01-17T08:06:42.5034557Z,sale,sale_20260826_023305,2026-08-26 02:38:32.66563
2025-10-31T17:00:00Z,2025,Hold the Moment (feat. Helios Relaxing Space),Finn,One Step Closer (feat. Helios Relaxing Space),Finn,Helios Records,QT2WN2500608,5056846117810,Piano Relaxing,Spotify,EUR,Israel,IL,2,0,0,,,,0.00501,2.505,RouteNote,Distro,"",2026-01-17T08:06:42.5034667Z,sale,sale_20260826_023305,2026-08-26 02:38:32.66563
2025-10-31T17:00:00Z,2025,Hold the Moment (feat. Helios Relaxing Space),Finn,One Step Closer (feat. Helios Relaxing Space),Finn,Helios Records,QT2WN2500608,5056846117810,Piano Relaxing,Spotify,EUR,Italy,IT,9,0,0,,,,0.01835,2.038889,RouteNote,Distro,"",2026-01-17T08:06:42.5034794Z,sale,sale_20260826_023305,2026-08-26 02:38:32.66563
2025-10-31T17:00:00Z,2025,Hold the Moment (feat. Helios Relaxing Space),Finn,One Step Closer (feat. Helios Relaxing Space),Finn,Helios Records,QT2WN2500608,5056846117810,Piano Relaxing,Spotify,EUR,Japan,JP,30,0,0,,,,0.05983,1.994333,RouteNote,Distro,"",2026-01-17T08:06:42.5035083Z,sale,sale_20260826_023305,2026-08-26 02:38:32.66563
2025-10-31T17:00:00Z,2025,Hold the Moment (feat. Helios Relaxing Space),Finn,One Step Closer (feat. Helios Relaxing Space),Finn,Helios Records,QT2WN2500608,5056846117810,Piano Relaxing,Spotify,EUR,Sri Lanka,LK,8,0,0,,,,0.00505,0.63125,RouteNote,Distro,"",2026-01-17T08:06:42.5035233Z,sale,sale_20260826_023305,2026-08-26 02:38:32.66563
2025-10-31T17:00:00Z,2025,Hold the Moment (feat. Helios Relaxing Space),Finn,One Step Closer (feat. Helios Relaxing Space),Finn,Helios Records,QT2WN2500608,5056846117810,Piano Relaxing,Spotify,EUR,Lithuania,LT,1,0,0,,,,0.00362,3.62,RouteNote,Distro,"",2026-01-17T08:06:42.5035376Z,sale,sale_20260826_023305,2026-08-26 02:38:32.66563
2025-10-31T17:00:00Z,2025,Hold the Moment (feat. Helios Relaxing Space),Finn,One Step Closer (feat. Helios Relaxing Space),Finn,Helios Records,QT2WN2500608,5056846117810,Piano Relaxing,Spotify,EUR,Malta,MT,1,0,0,,,,0,0,RouteNote,Distro,"",2026-01-17T08:06:42.503552Z,sale,sale_20260826_023305,2026-08-26 02:38:32.66563
2025-10-31T17:00:00Z,2025,Hold the Moment (feat. Helios Relaxing Space),Finn,One Step Closer (feat. Helios Relaxing Space),Finn,Helios Records,QT2WN2500608,5056846117810,Piano Relaxing,Spotify,EUR,Mexico,MX,18,0,0,,,,0.01694,0.941111,RouteNote,Distro,"",2026-01-17T08:06:42.5035664Z,sale,sale_20260826_023305,2026-08-26 02:38:32.66563
2025-10-31T17:00:00Z,2025,Hold the Moment (feat. Helios Relaxing Space),Finn,One Step Closer (feat. Helios Relaxing Space),Finn,Helios Records,QT2WN2500608,5056846117810,Piano Relaxing,Spotify,EUR,Malaysia,MY,699,0,0,,,,0.47659,0.681817,RouteNote,Distro,"",2026-01-17T08:06:42.5035793Z,sale,sale_20260826_023305,2026-08-26 02:38:32.66563
2025-10-31T17:00:00Z,2025,Hold the Moment (feat. Helios Relaxing Space),Finn,One Step Closer (feat. Helios Relaxing Space),Finn,Helios Records,QT2WN2500608,5056846117810,Piano Relaxing,Spotify,EUR,Netherlands (the),NL,29,0,0,,,,0.11318,3.902759,RouteNote,Distro,"",2026-01-17T08:06:42.5036038Z,sale,sale_20260826_023305,2026-08-26 02:38:32.66563
2025-10-31T17:00:00Z,2025,Hold the Moment (feat. Helios Relaxing Space),Finn,One Step Closer (feat. Helios Relaxing Space),Finn,Helios Records,QT2WN2500608,5056846117810,Piano Relaxing,Spotify,EUR,Norway,NO,12,0,0,,,,0.05713,4.760833,RouteNote,Distro,"",2026-01-17T08:06:42.5036234Z,sale,sale_20260826_023305,2026-08-26 02:38:32.66563
2025-10-31T17:00:00Z,2025,Hold the Moment (feat. Helios Relaxing Space),Finn,One Step Closer (feat. Helios Relaxing Space),Finn,Helios Records,QT2WN2500608,5056846117810,Piano Relaxing,Spotify,EUR,New Zealand,NZ,1,0,0,,,,0.00049,0.49,RouteNote,Distro,"",2026-01-17T08:06:42.5036375Z,sale,sale_20260826_023305,2026-08-26 02:38:32.66563
2025-10-31T17:00:00Z,2025,Hold the Moment (feat. Helios Relaxing Space),Finn,One Step Closer (feat. Helios Relaxing Space),Finn,Helios Records,QT2WN2500608,5056846117810,Piano Relaxing,Spotify,EUR,Peru,PE,3,0,0,,,,0.00302,1.006667,RouteNote,Distro,"",2026-01-17T08:06:42.5036559Z,sale,sale_20260826_023305,2026-08-26 02:38:32.66563
2025-10-31T17:00:00Z,2025,Hold the Moment (feat. Helios Relaxing Space),Finn,One Step Closer (feat. Helios Relaxing Space),Finn,Helios Records,QT2WN2500608,5056846117810,Piano Relaxing,Spotify,EUR,Philippines (the),PH,2723,0,0,,,,0.98671,0.362361,RouteNote,Distro,"",2026-01-17T08:06:42.5036703Z,sale,sale_20260826_023305,2026-08-26 02:38:32.66563
2025-10-31T17:00:00Z,2025,Hold the Moment (feat. Helios Relaxing Space),Finn,One Step Closer (feat. Helios Relaxing Space),Finn,Helios Records,QT2WN2500608,5056846117810,Piano Relaxing,Spotify,EUR,Pakistan,PK,4,0,0,,,,0.00103,0.2575,RouteNote,Distro,"",2026-01-17T08:06:42.5036846Z,sale,sale_20260826_023305,2026-08-26 02:38:32.66563
2025-10-31T17:00:00Z,2025,Hold the Moment (feat. Helios Relaxing Space),Finn,One Step Closer (feat. Helios Relaxing Space),Finn,Helios Records,QT2WN2500608,5056846117810,Piano Relaxing,Spotify,EUR,Poland,PL,2,0,0,,,,0.0035,1.75,RouteNote,Distro,"",2026-01-17T08:06:42.5037013Z,sale,sale_20260826_023305,2026-08-26 02:38:32.66563
2025-10-31T17:00:00Z,2025,Hold the Moment (feat. Helios Relaxing Space),Finn,One Step Closer (feat. Helios Relaxing Space),Finn,Helios Records,QT2WN2500608,5056846117810,Piano Relaxing,Spotify,EUR,Portugal,PT,4,0,0,,,,0.01244,3.11,RouteNote,Distro,"",2026-01-17T08:06:42.5037177Z,sale,sale_20260826_023305,2026-08-26 02:38:32.66563
2025-10-31T17:00:00Z,2025,Hold the Moment (feat. Helios Relaxing Space),Finn,One Step Closer (feat. Helios Relaxing Space),Finn,Helios Records,QT2WN2500608,5056846117810,Piano Relaxing,Spotify,EUR,Romania,RO,30,0,0,,,,0.02641,0.880333,RouteNote,Distro,"",2026-01-17T08:06:42.5037341Z,sale,sale_20260826_023305,2026-08-26 02:38:32.66563
2025-10-31T17:00:00Z,2025,Hold the Moment (feat. Helios Relaxing Space),Finn,One Step Closer (feat. Helios Relaxing Space),Finn,Helios Records,QT2WN2500608,5056846117810,Piano Relaxing,Spotify,EUR,Saudi Arabia,SA,12,0,0,,,,0.00106,0.088333,RouteNote,Distro,"",2026-01-17T08:06:42.5037492Z,sale,sale_20260826_023305,2026-08-26 02:38:32.66563
2025-10-31T17:00:00Z,2025,Hold the Moment (feat. Helios Relaxing Space),Finn,One Step Closer (feat. Helios Relaxing Space),Finn,Helios Records,QT2WN2500608,5056846117810,Piano Relaxing,Spotify,EUR,Sweden,SE,7,0,0,,,,0.03759,5.37,RouteNote,Distro,"",2026-01-17T08:06:42.5037635Z,sale,sale_20260826_023305,2026-08-26 02:38:32.66563
2025-10-31T17:00:00Z,2025,Hold the Moment (feat. Helios Relaxing Space),Finn,One Step Closer (feat. Helios Relaxing Space),Finn,Helios Records,QT2WN2500608,5056846117810,Piano Relaxing,Spotify,EUR,Singapore,SG,593,0,0,,,,1.36641,2.304233,RouteNote,Distro,"",2026-01-17T08:06:42.5037851Z,sale,sale_20260826_023305,2026-08-26 02:38:32.66563
2025-10-31T17:00:00Z,2025,Hold the Moment (feat. Helios Relaxing Space),Finn,One Step Closer (feat. Helios Relaxing Space),Finn,Helios Records,QT2WN2500608,5056846117810,Piano Relaxing,Spotify,EUR,Slovenia,SI,10,0,0,,,,0.01708,1.708,RouteNote,Distro,"",2026-01-17T08:06:42.5038001Z,sale,sale_20260826_023305,2026-08-26 02:38:32.66563
2025-10-31T17:00:00Z,2025,Hold the Moment (feat. Helios Relaxing Space),Finn,One Step Closer (feat. Helios Relaxing Space),Finn,Helios Records,QT2WN2500608,5056846117810,Piano Relaxing,Spotify,EUR,Slovakia,SK,5,0,0,,,,0.01183,2.366,RouteNote,Distro,"",2026-01-17T08:06:42.5038138Z,sale,sale_20260826_023305,2026-08-26 02:38:32.66563
2025-10-31T17:00:00Z,2025,Hold the Moment (feat. Helios Relaxing Space),Finn,One Step Closer (feat. Helios Relaxing Space),Finn,Helios Records,QT2WN2500608,5056846117810,Piano Relaxing,Spotify,EUR,Thailand,TH,25,0,0,,,,0.00722,0.2888,RouteNote,Distro,"",2026-01-17T08:06:42.5038354Z,sale,sale_20260826_023305,2026-08-26 02:38:32.66563
2025-10-31T17:00:00Z,2025,Hold the Moment (feat. Helios Relaxing Space),Finn,One Step Closer (feat. Helios Relaxing Space),Finn,Helios Records,QT2WN2500608,5056846117810,Piano Relaxing,Spotify,EUR,Turkey,TR,9,0,0,,,,0.00363,0.403333,RouteNote,Distro,"",2026-01-17T08:06:42.5038544Z,sale,sale_20260826_023305,2026-08-26 02:38:32.66563
2025-10-31T17:00:00Z,2025,Hold the Moment (feat. Helios Relaxing Space),Finn,One Step Closer (feat. Helios Relaxing Space),Finn,Helios Records,QT2WN2500608,5056846117810,Piano Relaxing,Spotify,EUR,Taiwan (Province of China),TW,58,0,0,,,,0.08378,1.444483,RouteNote,Distro,"",2026-01-17T08:06:42.5038685Z,sale,sale_20260826_023305,2026-08-26 02:38:32.66563
2025-10-31T17:00:00Z,2025,Hold the Moment (feat. Helios Relaxing Space),Finn,One Step Closer (feat. Helios Relaxing Space),Finn,Helios Records,QT2WN2500608,5056846117810,Piano Relaxing,Spotify,EUR,Viet Nam,VN,138,0,0,,,,0.05414,0.392319,RouteNote,Distro,"",2026-01-17T08:06:42.5038834Z,sale,sale_20260826_023305,2026-08-26 02:38:32.66563
2025-10-31T17:00:00Z,2025,Hold the Moment (feat. Helios Relaxing Space),Finn,One Step Closer (feat. Helios Relaxing Space),Finn,Helios Records,QT2WN2500608,5056846117810,Piano Relaxing,Spotify,EUR,South Africa,ZA,21,0,0,,,,0.01917,0.912857,RouteNote,Distro,"",2026-01-17T08:06:42.5039Z,sale,sale_20260826_023305,2026-08-26 02:38:32.66563
2025-10-31T17:00:00Z,2025,Hold the Moment (feat. Helios Relaxing Space),Finn,One Step Closer (feat. Helios Relaxing Space),Finn,Helios Records,QT2WN2500608,5056846117810,Piano Relaxing,Spotify,GBP,United Kingdom (the),GB,14,0,0,,,,0.06263,4.473571,RouteNote,Distro,"",2026-01-17T08:06:42.5039322Z,sale,sale_20260826_023305,2026-08-26 02:38:32.66563
2025-10-31T17:00:00Z,2025,Hold the Moment (feat. Helios Relaxing Space),Finn,One Step Closer (feat. Helios Relaxing Space),Finn,Helios Records,QT2WN2500608,5056846117810,Piano Relaxing,Spotify,USD,Bahrain,BH,4,0,0,,,,0.00164,0.41,RouteNote,Distro,"",2026-01-17T08:06:42.5039595Z,sale,sale_20260826_023305,2026-08-26 02:38:32.66563
2025-10-31T17:00:00Z,2025,Hold the Moment (feat. Helios Relaxing Space),Finn,One Step Closer (feat. Helios Relaxing Space),Finn,Helios Records,QT2WN2500608,5056846117810,Piano Relaxing,Spotify,USD,Brunei Darussalam,BN,9,0,0,,,,0.00151,0.167778,RouteNote,Distro,"",2026-01-17T08:06:42.5039773Z,sale,sale_20260826_023305,2026-08-26 02:38:32.66563
2025-10-31T17:00:00Z,2025,Hold the Moment (feat. Helios Relaxing Space),Finn,One Step Closer (feat. Helios Relaxing Space),Finn,Helios Records,QT2WN2500608,5056846117810,Piano Relaxing,Spotify,USD,Djibouti,DJ,1,0,0,,,,0,0,RouteNote,Distro,"",2026-01-17T08:06:42.5039947Z,sale,sale_20260826_023305,2026-08-26 02:38:32.66563
2025-10-31T17:00:00Z,2025,Hold the Moment (feat. Helios Relaxing Space),Finn,One Step Closer (feat. Helios Relaxing Space),Finn,Helios Records,QT2WN2500608,5056846117810,Piano Relaxing,Spotify,USD,Dominican Republic (the),DO,2,0,0,,,,0.00276,1.38,RouteNote,Distro,"",2026-01-17T08:06:42.5040106Z,sale,sale_20260826_023305,2026-08-26 02:38:32.66563
2025-10-31T17:00:00Z,2025,Hold the Moment (feat. Helios Relaxing Space),Finn,One Step Closer (feat. Helios Relaxing Space),Finn,Helios Records,QT2WN2500608,5056846117810,Piano Relaxing,Spotify,USD,Ecuador,EC,1,0,0,,,,6e-05,0.06,RouteNote,Distro,"",2026-01-17T08:06:42.5040289Z,sale,sale_20260826_023305,2026-08-26 02:38:32.66563
2025-10-31T17:00:00Z,2025,Hold the Moment (feat. Helios Relaxing Space),Finn,One Step Closer (feat. Helios Relaxing Space),Finn,Helios Records,QT2WN2500608,5056846117810,Piano Relaxing,Spotify,USD,Ethiopia,ET,1,0,0,,,,0,0,RouteNote,Distro,"",2026-01-17T08:06:42.504046Z,sale,sale_20260826_023305,2026-08-26 02:38:32.66563
2025-10-31T17:00:00Z,2025,Hold the Moment (feat. Helios Relaxing Space),Finn,One Step Closer (feat. Helios Relaxing Space),Finn,Helios Records,QT2WN2500608,5056846117810,Piano Relaxing,Spotify,USD,Ghana,GH,1,0,0,,,,1e-05,0.01,RouteNote,Distro,"",2026-01-17T08:06:42.5040638Z,sale,sale_20260826_023305,2026-08-26 02:38:32.66563
2025-10-31T17:00:00Z,2025,Hold the Moment (feat. Helios Relaxing Space),Finn,One Step Closer (feat. Helios Relaxing Space),Finn,Helios Records,QT2WN2500608,5056846117810,Piano Relaxing,Spotify,USD,Guatemala,GT,9,0,0,,,,0.00798,0.886667,RouteNote,Distro,"",2026-01-17T08:06:42.5040836Z,sale,sale_20260826_023305,2026-08-26 02:38:32.66563
2025-10-31T17:00:00Z,2025,Hold the Moment (feat. Helios Relaxing Space),Finn,One Step Closer (feat. Helios Relaxing Space),Finn,Helios Records,QT2WN2500608,5056846117810,Piano Relaxing,Spotify,USD,Guinea-Bissau,GW,1,0,0,,,,0,0,RouteNote,Distro,"",2026-01-17T08:06:42.5041031Z,sale,sale_20260826_023305,2026-08-26 02:38:32.66563
2025-10-31T17:00:00Z,2025,Hold the Moment (feat. Helios Relaxing Space),Finn,One Step Closer (feat. Helios Relaxing Space),Finn,Helios Records,QT2WN2500608,5056846117810,Piano Relaxing,Spotify,USD,India,IN,28,0,0,,,,0.00703,0.251071,RouteNote,Distro,"",2026-01-17T08:06:42.5041206Z,sale,sale_20260826_023305,2026-08-26 02:38:32.66563
2025-10-31T17:00:00Z,2025,Hold the Moment (feat. Helios Relaxing Space),Finn,One Step Closer (feat. Helios Relaxing Space),Finn,Helios Records,QT2WN2500608,5056846117810,Piano Relaxing,Spotify,USD,Jordan,JO,3,0,0,,,,0,0,RouteNote,Distro,"",2026-01-17T08:06:42.5041362Z,sale,sale_20260826_023305,2026-08-26 02:38:32.66563
2025-10-31T17:00:00Z,2025,Hold the Moment (feat. Helios Relaxing Space),Finn,One Step Closer (feat. Helios Relaxing Space),Finn,Helios Records,QT2WN2500608,5056846117810,Piano Relaxing,Spotify,USD,Kenya,KE,5,0,0,,,,0.00034,0.068,RouteNote,Distro,"",2026-01-17T08:06:42.5041519Z,sale,sale_20260826_023305,2026-08-26 02:38:32.66563
2025-10-31T17:00:00Z,2025,Hold the Moment (feat. Helios Relaxing Space),Finn,One Step Closer (feat. Helios Relaxing Space),Finn,Helios Records,QT2WN2500608,5056846117810,Piano Relaxing,Spotify,USD,Cambodia,KH,12,0,0,,,,0.0017,0.141667,RouteNote,Distro,"",2026-01-17T08:06:42.5041684Z,sale,sale_20260826_023305,2026-08-26 02:38:32.66563
2025-10-31T17:00:00Z,2025,Hold the Moment (feat. Helios Relaxing Space),Finn,One Step Closer (feat. Helios Relaxing Space),Finn,Helios Records,QT2WN2500608,5056846117810,Piano Relaxing,Spotify,USD,KR (South Korea),KR,7,0,0,,,,0.00033,0.047143,RouteNote,Distro,"",2026-01-17T08:06:42.504184Z,sale,sale_20260826_023305,2026-08-26 02:38:32.66563
2025-10-31T17:00:00Z,2025,Hold the Moment (feat. Helios Relaxing Space),Finn,One Step Closer (feat. Helios Relaxing Space),Finn,Helios Records,QT2WN2500608,5056846117810,Piano Relaxing,Spotify,USD,Kuwait,KW,18,0,0,,,,0.02483,1.379444,RouteNote,Distro,"",2026-01-17T08:06:42.5042029Z,sale,sale_20260826_023305,2026-08-26 02:38:32.66563
2025-10-31T17:00:00Z,2025,Hold the Moment (feat. Helios Relaxing Space),Finn,One Step Closer (feat. Helios Relaxing Space),Finn,Helios Records,QT2WN2500608,5056846117810,Piano Relaxing,Spotify,USD,Madagascar,MG,1,0,0,,,,0,0,RouteNote,Distro,"",2026-01-17T08:06:42.5042232Z,sale,sale_20260826_023305,2026-08-26 02:38:32.66563
2025-10-31T17:00:00Z,2025,Hold the Moment (feat. Helios Relaxing Space),Finn,One Step Closer (feat. Helios Relaxing Space),Finn,Helios Records,QT2WN2500608,5056846117810,Piano Relaxing,Spotify,USD,Mongolia,MN,2,0,0,,,,0,0,RouteNote,Distro,"",2026-01-17T08:06:42.5042411Z,sale,sale_20260826_023305,2026-08-26 02:38:32.66563
2025-10-31T17:00:00Z,2025,Hold the Moment (feat. Helios Relaxing Space),Finn,One Step Closer (feat. Helios Relaxing Space),Finn,Helios Records,QT2WN2500608,5056846117810,Piano Relaxing,Spotify,USD,Macao,MO,4,0,0,,,,0,0,RouteNote,Distro,"",2026-01-17T08:06:42.5042665Z,sale,sale_20260826_023305,2026-08-26 02:38:32.66563
2025-10-31T17:00:00Z,2025,Hold the Moment (feat. Helios Relaxing Space),Finn,One Step Closer (feat. Helios Relaxing Space),Finn,Helios Records,QT2WN2500608,5056846117810,Piano Relaxing,Spotify,USD,Mauritius,MU,2,0,0,,,,0,0,RouteNote,Distro,"",2026-01-17T08:06:42.5042811Z,sale,sale_20260826_023305,2026-08-26 02:38:32.66563
2025-10-31T17:00:00Z,2025,Hold the Moment (feat. Helios Relaxing Space),Finn,One Step Closer (feat. Helios Relaxing Space),Finn,Helios Records,QT2WN2500608,5056846117810,Piano Relaxing,Spotify,USD,Maldives,MV,1,0,0,,,,0.00132,1.32,RouteNote,Distro,"",2026-01-17T08:06:42.5042979Z,sale,sale_20260826_023305,2026-08-26 02:38:32.66563
2025-10-31T17:00:00Z,2025,Hold the Moment (feat. Helios Relaxing Space),Finn,One Step Closer (feat. Helios Relaxing Space),Finn,Helios Records,QT2WN2500608,5056846117810,Piano Relaxing,Spotify,USD,Malawi,MW,1,0,0,,,,0,0,RouteNote,Distro,"",2026-01-17T08:06:42.5043121Z,sale,sale_20260826_023305,2026-08-26 02:38:32.66563
2025-10-31T17:00:00Z,2025,Hold the Moment (feat. Helios Relaxing Space),Finn,One Step Closer (feat. Helios Relaxing Space),Finn,Helios Records,QT2WN2500608,5056846117810,Piano Relaxing,Spotify,USD,Nigeria,NG,38,0,0,,,,0.01086,0.285789,RouteNote,Distro,"",2026-01-17T08:06:42.504327Z,sale,sale_20260826_023305,2026-08-26 02:38:32.66563
2025-10-31T17:00:00Z,2025,Hold the Moment (feat. Helios Relaxing Space),Finn,One Step Closer (feat. Helios Relaxing Space),Finn,Helios Records,QT2WN2500608,5056846117810,Piano Relaxing,Spotify,USD,Nicaragua,NI,2,0,0,,,,8e-05,0.04,RouteNote,Distro,"",2026-01-17T08:06:42.5043401Z,sale,sale_20260826_023305,2026-08-26 02:38:32.66563
2025-10-31T17:00:00Z,2025,Hold the Moment (feat. Helios Relaxing Space),Finn,One Step Closer (feat. Helios Relaxing Space),Finn,Helios Records,QT2WN2500608,5056846117810,Piano Relaxing,Spotify,USD,Nepal,NP,5,0,0,,,,0,0,RouteNote,Distro,"",2026-01-17T08:06:42.5043622Z,sale,sale_20260826_023305,2026-08-26 02:38:32.66563
2025-10-31T17:00:00Z,2025,Hold the Moment (feat. Helios Relaxing Space),Finn,One Step Closer (feat. Helios Relaxing Space),Finn,Helios Records,QT2WN2500608,5056846117810,Piano Relaxing,Spotify,USD,Oman,OM,9,0,0,,,,0.01213,1.347778,RouteNote,Distro,"",2026-01-17T08:06:42.5043767Z,sale,sale_20260826_023305,2026-08-26 02:38:32.66563
2025-10-31T17:00:00Z,2025,Hold the Moment (feat. Helios Relaxing Space),Finn,One Step Closer (feat. Helios Relaxing Space),Finn,Helios Records,QT2WN2500608,5056846117810,Piano Relaxing,Spotify,USD,Panama,PA,3,0,0,,,,0.00519,1.73,RouteNote,Distro,"",2026-01-17T08:06:42.5043908Z,sale,sale_20260826_023305,2026-08-26 02:38:32.66563
2025-10-31T17:00:00Z,2025,Hold the Moment (feat. Helios Relaxing Space),Finn,One Step Closer (feat. Helios Relaxing Space),Finn,Helios Records,QT2WN2500608,5056846117810,Piano Relaxing,Spotify,USD,Papua New Guinea,PG,2,0,0,,,,0,0,RouteNote,Distro,"",2026-01-17T08:06:42.5044046Z,sale,sale_20260826_023305,2026-08-26 02:38:32.66563
2025-10-31T17:00:00Z,2025,Hold the Moment (feat. Helios Relaxing Space),Finn,One Step Closer (feat. Helios Relaxing Space),Finn,Helios Records,QT2WN2500608,5056846117810,Piano Relaxing,Spotify,USD,Qatar,QA,15,0,0,,,,0.00796,0.530667,RouteNote,Distro,"",2026-01-17T08:06:42.5044191Z,sale,sale_20260826_023305,2026-08-26 02:38:32.66563
2025-10-31T17:00:00Z,2025,Hold the Moment (feat. Helios Relaxing Space),Finn,One Step Closer (feat. Helios Relaxing Space),Finn,Helios Records,QT2WN2500608,5056846117810,Piano Relaxing,Spotify,USD,Rwanda,RW,3,0,0,,,,0,0,RouteNote,Distro,"",2026-01-17T08:06:42.5044331Z,sale,sale_20260826_023305,2026-08-26 02:38:32.66563
2025-10-31T17:00:00Z,2025,Hold the Moment (feat. Helios Relaxing Space),Finn,One Step Closer (feat. Helios Relaxing Space),Finn,Helios Records,QT2WN2500608,5056846117810,Piano Relaxing,Spotify,USD,Suriname,SR,1,0,0,,,,0,0,RouteNote,Distro,"",2026-01-17T08:06:42.5044459Z,sale,sale_20260826_023305,2026-08-26 02:38:32.66563
2025-10-31T17:00:00Z,2025,Hold the Moment (feat. Helios Relaxing Space),Finn,One Step Closer (feat. Helios Relaxing Space),Finn,Helios Records,QT2WN2500608,5056846117810,Piano Relaxing,Spotify,USD,Uganda,UG,9,0,0,,,,0.00473,0.525556,RouteNote,Distro,"",2026-01-17T08:06:42.5044619Z,sale,sale_20260826_023305,2026-08-26 02:38:32.66563
2025-10-31T17:00:00Z,2025,Hold the Moment (feat. Helios Relaxing Space),Finn,One Step Closer (feat. Helios Relaxing Space),Finn,Helios Records,QT2WN2500608,5056846117810,Piano Relaxing,Spotify,USD,United States (the),US,197,0,0,,,,0.72338,3.67198,RouteNote,Distro,"",2026-01-17T08:06:42.5044811Z,sale,sale_20260826_023305,2026-08-26 02:38:32.66563
2025-10-31T17:00:00Z,2025,Hold the Moment (feat. Helios Relaxing Space),Finn,One Step Closer (feat. Helios Relaxing Space),Finn,Helios Records,QT2WN2500608,5056846117810,Piano Relaxing,Spotify,USD,Uruguay,UY,4,0,0,,,,0.00776,1.94,RouteNote,Distro,"",2026-01-17T08:06:42.5045055Z,sale,sale_20260826_023305,2026-08-26 02:38:32.66563
2025-10-31T17:00:00Z,2025,Hold the Moment (feat. Helios Relaxing Space),Finn,One Step Closer (feat. Helios Relaxing Space),Finn,Helios Records,QT2WN2500608,5056846117810,Piano Relaxing,Spotify,USD,Zambia,ZM,1,0,0,,,,0,0,RouteNote,Distro,"",2026-01-17T08:06:42.5045194Z,sale,sale_20260826_023305,2026-08-26 02:38:32.66563
2025-10-31T17:00:00Z,2025,Hold the Moment (feat. Helios Relaxing Space),Finn,One Step Closer (feat. Helios Relaxing Space),Finn,Helios Records,QT2WN2500608,5056846117810,Piano Relaxing,Tidal,USD,Denmark,DK,1,0,0,,,,0.00819,8.19,RouteNote,Distro,"",2026-01-17T08:06:42.5045335Z,sale,sale_20260826_023305,2026-08-26 02:38:32.66563
2025-10-31T17:00:00Z,2025,Hold the Moment (feat. Helios Relaxing Space),Finn,One Step Closer (feat. Helios Relaxing Space),Finn,Helios Records,QT2WN2500608,5056846117810,Piano Relaxing,YouTube,USD,WorldWide,WW,6,0,0,,,,0.05209,8.681667,RouteNote,Distro,"",2026-01-17T08:06:42.5045477Z,sale,sale_20260826_023305,2026-08-26 02:38:32.66563
2025-10-31T17:00:00Z,2025,Hold the Moment (feat. Helios Relaxing Space),Finn,One Step Closer (feat. Helios Relaxing Space),Finn,Helios Records,QT2WN2500608,5056846117810,Piano Relaxing,YouTube RED,USD,Colombia,CO,1,0,0,,,,0.00131,1.31,RouteNote,Distro,"",2026-01-17T08:06:42.5045609Z,sale,sale_20260826_023305,2026-08-26 02:38:32.66563
2025-10-31T17:00:00Z,2025,Linger (feat. Helios Relaxing Space),Finn,One Step Closer (feat. Helios Relaxing Space),Finn,Helios Records,QT2WN2500609,5056846117810,Piano Relaxing,Apple Music,CAD,Canada,CA,2,0,0,,,,0.00986,4.93,RouteNote,Distro,"",2026-01-17T08:06:42.5045775Z,sale,sale_20260826_023305,2026-08-26 02:38:32.66563
2025-10-31T17:00:00Z,2025,Linger (feat. Helios Relaxing Space),Finn,One Step Closer (feat. Helios Relaxing Space),Finn,Helios Records,QT2WN2500609,5056846117810,Piano Relaxing,Apple Music,RUB,Russian Federation (the),RU,1,0,0,,,,0.0018,1.8,RouteNote,Distro,"",2026-01-17T08:06:42.5045936Z,sale,sale_20260826_023305,2026-08-26 02:38:32.66563
2025-10-31T17:00:00Z,2025,Linger (feat. Helios Relaxing Space),Finn,One Step Closer (feat. Helios Relaxing Space),Finn,Helios Records,QT2WN2500609,5056846117810,Piano Relaxing,Apple Music,TWD,Taiwan (Province of China),TW,1,0,0,,,,0.00191,1.91,RouteNote,Distro,"",2026-01-17T08:06:42.5046112Z,sale,sale_20260826_023305,2026-08-26 02:38:32.66563
2025-10-31T17:00:00Z,2025,Linger (feat. Helios Relaxing Space),Finn,One Step Closer (feat. Helios Relaxing Space),Finn,Helios Records,QT2WN2500609,5056846117810,Piano Relaxing,Apple Music,USD,United States (the),US,41,0,0,,,,0.1758,4.287805,RouteNote,Distro,"",2026-01-17T08:06:42.5046254Z,sale,sale_20260826_023305,2026-08-26 02:38:32.66563
2025-10-31T17:00:00Z,2025,Linger (feat. Helios Relaxing Space),Finn,One Step Closer (feat. Helios Relaxing Space),Finn,Helios Records,QT2WN2500609,5056846117810,Piano Relaxing,Apple Music,ZAR,South Africa,ZA,4,0,0,,,,0.00811,2.0275,RouteNote,Distro,"",2026-01-17T08:06:42.504644Z,sale,sale_20260826_023305,2026-08-26 02:38:32.66563
2025-10-31T17:00:00Z,2025,Linger (feat. Helios Relaxing Space),Finn,One Step Closer (feat. Helios Relaxing Space),Finn,Helios Records,QT2WN2500609,5056846117810,Piano Relaxing,Spotify,EUR,United Arab Emirates (the),AE,42,0,0,,,,0.03576,0.851429,RouteNote,Distro,"",2026-01-17T08:06:42.5046576Z,sale,sale_20260826_023305,2026-08-26 02:38:32.66563
2025-10-31T17:00:00Z,2025,Linger (feat. Helios Relaxing Space),Finn,One Step Closer (feat. Helios Relaxing Space),Finn,Helios Records,QT2WN2500609,5056846117810,Piano Relaxing,Spotify,EUR,Argentina,AR,3,0,0,,,,0.00214,0.713333,RouteNote,Distro,"",2026-01-17T08:06:42.504673Z,sale,sale_20260826_023305,2026-08-26 02:38:32.66563
2025-10-31T17:00:00Z,2025,Linger (feat. Helios Relaxing Space),Finn,One Step Closer (feat. Helios Relaxing Space),Finn,Helios Records,QT2WN2500609,5056846117810,Piano Relaxing,Spotify,EUR,Austria,AT,2,0,0,,,,0.00533,2.665,RouteNote,Distro,"",2026-01-17T08:06:42.5046905Z,sale,sale_20260826_023305,2026-08-26 02:38:32.66563
2025-10-31T17:00:00Z,2025,Linger (feat. Helios Relaxing Space),Finn,One Step Closer (feat. Helios Relaxing Space),Finn,Helios Records,QT2WN2500609,5056846117810,Piano Relaxing,Spotify,EUR,Australia,AU,41,0,0,,,,0.12403,3.025122,RouteNote,Distro,"",2026-01-17T08:06:42.5047119Z,sale,sale_20260826_023305,2026-08-26 02:38:32.66563
2025-10-31T17:00:00Z,2025,Linger (feat. Helios Relaxing Space),Finn,One Step Closer (feat. Helios Relaxing Space),Finn,Helios Records,QT2WN2500609,5056846117810,Piano Relaxing,Spotify,EUR,Bangladesh,BD,4,0,0,,,,0.00786,1.965,RouteNote,Distro,"",2026-01-17T08:06:42.5047261Z,sale,sale_20260826_023305,2026-08-26 02:38:32.66563
2025-10-31T17:00:00Z,2025,Linger (feat. Helios Relaxing Space),Finn,One Step Closer (feat. Helios Relaxing Space),Finn,Helios Records,QT2WN2500609,5056846117810,Piano Relaxing,Spotify,EUR,Brazil,BR,37,0,0,,,,0.05732,1.549189,RouteNote,Distro,"",2026-01-17T08:06:42.5047407Z,sale,sale_20260826_023305,2026-08-26 02:38:32.66563
2025-10-31T17:00:00Z,2025,Linger (feat. Helios Relaxing Space),Finn,One Step Closer (feat. Helios Relaxing Space),Finn,Helios Records,QT2WN2500609,5056846117810,Piano Relaxing,Spotify,EUR,Canada,CA,95,0,0,,,,0.20228,2.129263,RouteNote,Distro,"",2026-01-17T08:06:42.5047545Z,sale,sale_20260826_023305,2026-08-26 02:38:32.66563
2025-10-31T17:00:00Z,2025,Linger (feat. Helios Relaxing Space),Finn,One Step Closer (feat. Helios Relaxing Space),Finn,Helios Records,QT2WN2500609,5056846117810,Piano Relaxing,Spotify,EUR,Chile,CL,1,0,0,,,,0.00094,0.94,RouteNote,Distro,"",2026-01-17T08:06:42.5047755Z,sale,sale_20260826_023305,2026-08-26 02:38:32.66563
2025-10-31T17:00:00Z,2025,Linger (feat. Helios Relaxing Space),Finn,One Step Closer (feat. Helios Relaxing Space),Finn,Helios Records,QT2WN2500609,5056846117810,Piano Relaxing,Spotify,EUR,Colombia,CO,4,0,0,,,,0.00274,0.685,RouteNote,Distro,"",2026-01-17T08:06:42.5047881Z,sale,sale_20260826_023305,2026-08-26 02:38:32.66563
2025-10-31T17:00:00Z,2025,Linger (feat. Helios Relaxing Space),Finn,One Step Closer (feat. Helios Relaxing Space),Finn,Helios Records,QT2WN2500609,5056846117810,Piano Relaxing,Spotify,EUR,Germany,DE,19,0,0,,,,0.05668,2.983158,RouteNote,Distro,"",2026-01-17T08:06:42.5048049Z,sale,sale_20260826_023305,2026-08-26 02:38:32.66563
2025-10-31T17:00:00Z,2025,Linger (feat. Helios Relaxing Space),Finn,One Step Closer (feat. Helios Relaxing Space),Finn,Helios Records,QT2WN2500609,5056846117810,Piano Relaxing,Spotify,EUR,Denmark,DK,1,0,0,,,,0.00813,8.13,RouteNote,Distro,"",2026-01-17T08:06:42.5048233Z,sale,sale_20260826_023305,2026-08-26 02:38:32.66563
2025-10-31T17:00:00Z,2025,Linger (feat. Helios Relaxing Space),Finn,One Step Closer (feat. Helios Relaxing Space),Finn,Helios Records,QT2WN2500609,5056846117810,Piano Relaxing,Spotify,EUR,Estonia,EE,1,0,0,,,,0.00011,0.11,RouteNote,Distro,"",2026-01-17T08:06:42.5048403Z,sale,sale_20260826_023305,2026-08-26 02:38:32.66563
2025-10-31T17:00:00Z,2025,Linger (feat. Helios Relaxing Space),Finn,One Step Closer (feat. Helios Relaxing Space),Finn,Helios Records,QT2WN2500609,5056846117810,Piano Relaxing,Spotify,EUR,Spain,ES,5,0,0,,,,0.00814,1.628,RouteNote,Distro,"",2026-01-17T08:06:42.5048578Z,sale,sale_20260826_023305,2026-08-26 02:38:32.66563
2025-10-31T17:00:00Z,2025,Linger (feat. Helios Relaxing Space),Finn,One Step Closer (feat. Helios Relaxing Space),Finn,Helios Records,QT2WN2500609,5056846117810,Piano Relaxing,Spotify,EUR,France,FR,2,0,0,,,,0.0016,0.8,RouteNote,Distro,"",2026-01-17T08:06:42.5048753Z,sale,sale_20260826_023305,2026-08-26 02:38:32.66563
2025-10-31T17:00:00Z,2025,Linger (feat. Helios Relaxing Space),Finn,One Step Closer (feat. Helios Relaxing Space),Finn,Helios Records,QT2WN2500609,5056846117810,Piano Relaxing,Spotify,EUR,Hong Kong,HK,137,0,0,,,,0.24227,1.768394,RouteNote,Distro,"",2026-01-17T08:06:42.5048917Z,sale,sale_20260826_023305,2026-08-26 02:38:32.66563
2025-10-31T17:00:00Z,2025,Linger (feat. Helios Relaxing Space),Finn,One Step Closer (feat. Helios Relaxing Space),Finn,Helios Records,QT2WN2500609,5056846117810,Piano Relaxing,Spotify,EUR,Croatia,HR,3,0,0,,,,0.00677,2.256667,RouteNote,Distro,"",2026-01-17T08:06:42.5049081Z,sale,sale_20260826_023305,2026-08-26 02:38:32.66563
2025-10-31T17:00:00Z,2025,Linger (feat. Helios Relaxing Space),Finn,One Step Closer (feat. Helios Relaxing Space),Finn,Helios Records,QT2WN2500609,5056846117810,Piano Relaxing,Spotify,EUR,Hungary,HU,14,0,0,,,,0.02838,2.027143,RouteNote,Distro,"",2026-01-17T08:06:42.5049301Z,sale,sale_20260826_023305,2026-08-26 02:38:32.66563
2025-10-31T17:00:00Z,2025,Linger (feat. Helios Relaxing Space),Finn,One Step Closer (feat. Helios Relaxing Space),Finn,Helios Records,QT2WN2500609,5056846117810,Piano Relaxing,Spotify,EUR,Indonesia,ID,829,0,0,,,,0.25407,0.306478,RouteNote,Distro,"",2026-01-17T08:06:42.5049442Z,sale,sale_20260826_023305,2026-08-26 02:38:32.66563
2025-10-31T17:00:00Z,2025,Linger (feat. Helios Relaxing Space),Finn,One Step Closer (feat. Helios Relaxing Space),Finn,Helios Records,QT2WN2500609,5056846117810,Piano Relaxing,Spotify,EUR,Ireland,IE,8,0,0,,,,0.00551,0.68875,RouteNote,Distro,"",2026-01-17T08:06:42.5049555Z,sale,sale_20260826_023305,2026-08-26 02:38:32.66563
2025-10-31T17:00:00Z,2025,Linger (feat. Helios Relaxing Space),Finn,One Step Closer (feat. Helios Relaxing Space),Finn,Helios Records,QT2WN2500609,5056846117810,Piano Relaxing,Spotify,EUR,Israel,IL,1,0,0,,,,0.00251,2.51,RouteNote,Distro,"",2026-01-17T08:06:42.5049665Z,sale,sale_20260826_023305,2026-08-26 02:38:32.66563
2025-10-31T17:00:00Z,2025,Linger (feat. Helios Relaxing Space),Finn,One Step Closer (feat. Helios Relaxing Space),Finn,Helios Records,QT2WN2500609,5056846117810,Piano Relaxing,Spotify,EUR,Italy,IT,5,0,0,,,,0.01151,2.302,RouteNote,Distro,"",2026-01-17T08:06:42.5049774Z,sale,sale_20260826_023305,2026-08-26 02:38:32.66563
2025-10-31T17:00:00Z,2025,Linger (feat. Helios Relaxing Space),Finn,One Step Closer (feat. Helios Relaxing Space),Finn,Helios Records,QT2WN2500609,5056846117810,Piano Relaxing,Spotify,EUR,Japan,JP,27,0,0,,,,0.05647,2.091481,RouteNote,Distro,"",2026-01-17T08:06:42.5049881Z,sale,sale_20260826_023305,2026-08-26 02:38:32.66563
2025-10-31T17:00:00Z,2025,Linger (feat. Helios Relaxing Space),Finn,One Step Closer (feat. Helios Relaxing Space),Finn,Helios Records,QT2WN2500609,5056846117810,Piano Relaxing,Spotify,EUR,Sri Lanka,LK,11,0,0,,,,0.00489,0.444545,RouteNote,Distro,"",2026-01-17T08:06:42.5049992Z,sale,sale_20260826_023305,2026-08-26 02:38:32.66563
2025-10-31T17:00:00Z,2025,Linger (feat. Helios Relaxing Space),Finn,One Step Closer (feat. Helios Relaxing Space),Finn,Helios Records,QT2WN2500609,5056846117810,Piano Relaxing,Spotify,EUR,Lithuania,LT,1,0,0,,,,0.00362,3.62,RouteNote,Distro,"",2026-01-17T08:06:42.5050103Z,sale,sale_20260826_023305,2026-08-26 02:38:32.66563
2025-10-31T17:00:00Z,2025,Linger (feat. Helios Relaxing Space),Finn,One Step Closer (feat. Helios Relaxing Space),Finn,Helios Records,QT2WN2500609,5056846117810,Piano Relaxing,Spotify,EUR,Malta,MT,3,0,0,,,,0.00384,1.28,RouteNote,Distro,"",2026-01-17T08:06:42.5050228Z,sale,sale_20260826_023305,2026-08-26 02:38:32.66563
2025-10-31T17:00:00Z,2025,Tonic Note,Dee Art,Tonic Note,Dee Art,Helios Records,GBSMU8652644,5057917554367,Piano Relaxing,Apple Music,TRY,Turkey,TR,12,0,0,,,,0.00935,0.779167,RouteNote,Distro,"",2026-01-17T08:06:42.5084757Z,sale,sale_20260826_023305,2026-08-26 02:38:32.66563
2025-10-31T17:00:00Z,2025,Linger (feat. Helios Relaxing Space),Finn,One Step Closer (feat. Helios Relaxing Space),Finn,Helios Records,QT2WN2500609,5056846117810,Piano Relaxing,Spotify,EUR,Mexico,MX,14,0,0,,,,0.01263,0.902143,RouteNote,Distro,"",2026-01-17T08:06:42.5050338Z,sale,sale_20260826_023305,2026-08-26 02:38:32.66563
2025-10-31T17:00:00Z,2025,Linger (feat. Helios Relaxing Space),Finn,One Step Closer (feat. Helios Relaxing Space),Finn,Helios Records,QT2WN2500609,5056846117810,Piano Relaxing,Spotify,EUR,Malaysia,MY,623,0,0,,,,0.43576,0.699454,RouteNote,Distro,"",2026-01-17T08:06:42.5050453Z,sale,sale_20260826_023305,2026-08-26 02:38:32.66563
2025-10-31T17:00:00Z,2025,Linger (feat. Helios Relaxing Space),Finn,One Step Closer (feat. Helios Relaxing Space),Finn,Helios Records,QT2WN2500609,5056846117810,Piano Relaxing,Spotify,EUR,Netherlands (the),NL,42,0,0,,,,0.15609,3.716429,RouteNote,Distro,"",2026-01-17T08:06:42.5050584Z,sale,sale_20260826_023305,2026-08-26 02:38:32.66563
2025-10-31T17:00:00Z,2025,Linger (feat. Helios Relaxing Space),Finn,One Step Closer (feat. Helios Relaxing Space),Finn,Helios Records,QT2WN2500609,5056846117810,Piano Relaxing,Spotify,EUR,Norway,NO,12,0,0,,,,0.0617,5.141667,RouteNote,Distro,"",2026-01-17T08:06:42.5050693Z,sale,sale_20260826_023305,2026-08-26 02:38:32.66563
2025-10-31T17:00:00Z,2025,Linger (feat. Helios Relaxing Space),Finn,One Step Closer (feat. Helios Relaxing Space),Finn,Helios Records,QT2WN2500609,5056846117810,Piano Relaxing,Spotify,EUR,Peru,PE,6,0,0,,,,0.00507,0.845,RouteNote,Distro,"",2026-01-17T08:06:42.5050801Z,sale,sale_20260826_023305,2026-08-26 02:38:32.66563
2025-10-31T17:00:00Z,2025,Linger (feat. Helios Relaxing Space),Finn,One Step Closer (feat. Helios Relaxing Space),Finn,Helios Records,QT2WN2500609,5056846117810,Piano Relaxing,Spotify,EUR,Philippines (the),PH,2253,0,0,,,,0.75341,0.334403,RouteNote,Distro,"",2026-01-17T08:06:42.5050912Z,sale,sale_20260826_023305,2026-08-26 02:38:32.66563
2025-10-31T17:00:00Z,2025,Linger (feat. Helios Relaxing Space),Finn,One Step Closer (feat. Helios Relaxing Space),Finn,Helios Records,QT2WN2500609,5056846117810,Piano Relaxing,Spotify,EUR,Poland,PL,5,0,0,,,,0.01106,2.212,RouteNote,Distro,"",2026-01-17T08:06:42.5051021Z,sale,sale_20260826_023305,2026-08-26 02:38:32.66563
2025-10-31T17:00:00Z,2025,Linger (feat. Helios Relaxing Space),Finn,One Step Closer (feat. Helios Relaxing Space),Finn,Helios Records,QT2WN2500609,5056846117810,Piano Relaxing,Spotify,EUR,Portugal,PT,4,0,0,,,,0.01311,3.2775,RouteNote,Distro,"",2026-01-17T08:06:42.5051133Z,sale,sale_20260826_023305,2026-08-26 02:38:32.66563
2025-10-31T17:00:00Z,2025,Linger (feat. Helios Relaxing Space),Finn,One Step Closer (feat. Helios Relaxing Space),Finn,Helios Records,QT2WN2500609,5056846117810,Piano Relaxing,Spotify,EUR,Romania,RO,32,0,0,,,,0.01935,0.604687,RouteNote,Distro,"",2026-01-17T08:06:42.5051259Z,sale,sale_20260826_023305,2026-08-26 02:38:32.66563
2025-10-31T17:00:00Z,2025,Linger (feat. Helios Relaxing Space),Finn,One Step Closer (feat. Helios Relaxing Space),Finn,Helios Records,QT2WN2500609,5056846117810,Piano Relaxing,Spotify,EUR,Saudi Arabia,SA,5,0,0,,,,0.00044,0.088,RouteNote,Distro,"",2026-01-17T08:06:42.5051366Z,sale,sale_20260826_023305,2026-08-26 02:38:32.66563
2025-10-31T17:00:00Z,2025,Linger (feat. Helios Relaxing Space),Finn,One Step Closer (feat. Helios Relaxing Space),Finn,Helios Records,QT2WN2500609,5056846117810,Piano Relaxing,Spotify,EUR,Sweden,SE,9,0,0,,,,0.04687,5.207778,RouteNote,Distro,"",2026-01-17T08:06:42.5051484Z,sale,sale_20260826_023305,2026-08-26 02:38:32.66563
2025-10-31T17:00:00Z,2025,Linger (feat. Helios Relaxing Space),Finn,One Step Closer (feat. Helios Relaxing Space),Finn,Helios Records,QT2WN2500609,5056846117810,Piano Relaxing,Spotify,EUR,Singapore,SG,552,0,0,,,,1.29976,2.354638,RouteNote,Distro,"",2026-01-17T08:06:42.5051595Z,sale,sale_20260826_023305,2026-08-26 02:38:32.66563
2025-10-31T17:00:00Z,2025,Linger (feat. Helios Relaxing Space),Finn,One Step Closer (feat. Helios Relaxing Space),Finn,Helios Records,QT2WN2500609,5056846117810,Piano Relaxing,Spotify,EUR,Slovenia,SI,14,0,0,,,,0.02475,1.767857,RouteNote,Distro,"",2026-01-17T08:06:42.5051705Z,sale,sale_20260826_023305,2026-08-26 02:38:32.66563
2025-10-31T17:00:00Z,2025,Linger (feat. Helios Relaxing Space),Finn,One Step Closer (feat. Helios Relaxing Space),Finn,Helios Records,QT2WN2500609,5056846117810,Piano Relaxing,Spotify,EUR,Slovakia,SK,8,0,0,,,,0.01402,1.7525,RouteNote,Distro,"",2026-01-17T08:06:42.5051811Z,sale,sale_20260826_023305,2026-08-26 02:38:32.66563
2025-10-31T17:00:00Z,2025,Linger (feat. Helios Relaxing Space),Finn,One Step Closer (feat. Helios Relaxing Space),Finn,Helios Records,QT2WN2500609,5056846117810,Piano Relaxing,Spotify,EUR,Thailand,TH,28,0,0,,,,0.01087,0.388214,RouteNote,Distro,"",2026-01-17T08:06:42.5051925Z,sale,sale_20260826_023305,2026-08-26 02:38:32.66563
2025-10-31T17:00:00Z,2025,Linger (feat. Helios Relaxing Space),Finn,One Step Closer (feat. Helios Relaxing Space),Finn,Helios Records,QT2WN2500609,5056846117810,Piano Relaxing,Spotify,EUR,Turkey,TR,6,0,0,,,,0.00311,0.518333,RouteNote,Distro,"",2026-01-17T08:06:42.5052035Z,sale,sale_20260826_023305,2026-08-26 02:38:32.66563
2025-10-31T17:00:00Z,2025,Linger (feat. Helios Relaxing Space),Finn,One Step Closer (feat. Helios Relaxing Space),Finn,Helios Records,QT2WN2500609,5056846117810,Piano Relaxing,Spotify,EUR,Taiwan (Province of China),TW,52,0,0,,,,0.06885,1.324038,RouteNote,Distro,"",2026-01-17T08:06:42.5052141Z,sale,sale_20260826_023305,2026-08-26 02:38:32.66563
2025-10-31T17:00:00Z,2025,Linger (feat. Helios Relaxing Space),Finn,One Step Closer (feat. Helios Relaxing Space),Finn,Helios Records,QT2WN2500609,5056846117810,Piano Relaxing,Spotify,EUR,Viet Nam,VN,113,0,0,,,,0.05096,0.450973,RouteNote,Distro,"",2026-01-17T08:06:42.505227Z,sale,sale_20260826_023305,2026-08-26 02:38:32.66563
2025-10-31T17:00:00Z,2025,Linger (feat. Helios Relaxing Space),Finn,One Step Closer (feat. Helios Relaxing Space),Finn,Helios Records,QT2WN2500609,5056846117810,Piano Relaxing,Spotify,EUR,South Africa,ZA,16,0,0,,,,0.01033,0.645625,RouteNote,Distro,"",2026-01-17T08:06:42.5052381Z,sale,sale_20260826_023305,2026-08-26 02:38:32.66563
2025-10-31T17:00:00Z,2025,Linger (feat. Helios Relaxing Space),Finn,One Step Closer (feat. Helios Relaxing Space),Finn,Helios Records,QT2WN2500609,5056846117810,Piano Relaxing,Spotify,GBP,United Kingdom (the),GB,10,0,0,,,,0.03644,3.644,RouteNote,Distro,"",2026-01-17T08:06:42.5052493Z,sale,sale_20260826_023305,2026-08-26 02:38:32.66563
2025-10-31T17:00:00Z,2025,Linger (feat. Helios Relaxing Space),Finn,One Step Closer (feat. Helios Relaxing Space),Finn,Helios Records,QT2WN2500609,5056846117810,Piano Relaxing,Spotify,USD,Bahrain,BH,1,0,0,,,,0.00146,1.46,RouteNote,Distro,"",2026-01-17T08:06:42.5052605Z,sale,sale_20260826_023305,2026-08-26 02:38:32.66563
2025-12-31T17:00:00Z,2026,Escape,moat,Escape,moat,Hitkend Records,GX89G2416390,5063416701287,Lofi,Spotify,EUR,Germany,DE,8,0,0,,,,0.01296,1.62,RouteNote,Distro,"",2026-03-17T09:17:43.4221517Z,sale,sale_20260826_023305,2026-08-26 02:38:37.668746
2025-10-31T17:00:00Z,2025,Linger (feat. Helios Relaxing Space),Finn,One Step Closer (feat. Helios Relaxing Space),Finn,Helios Records,QT2WN2500609,5056846117810,Piano Relaxing,Spotify,USD,Brunei Darussalam,BN,6,0,0,,,,0,0,RouteNote,Distro,"",2026-01-17T08:06:42.5052713Z,sale,sale_20260826_023305,2026-08-26 02:38:32.66563
2025-10-31T17:00:00Z,2025,Linger (feat. Helios Relaxing Space),Finn,One Step Closer (feat. Helios Relaxing Space),Finn,Helios Records,QT2WN2500609,5056846117810,Piano Relaxing,Spotify,USD,Congo (the Democratic Republic of the),CD,1,0,0,,,,0,0,RouteNote,Distro,"",2026-01-17T08:06:42.505282Z,sale,sale_20260826_023305,2026-08-26 02:38:32.66563
2025-10-31T17:00:00Z,2025,Linger (feat. Helios Relaxing Space),Finn,One Step Closer (feat. Helios Relaxing Space),Finn,Helios Records,QT2WN2500609,5056846117810,Piano Relaxing,Spotify,USD,Dominican Republic (the),DO,3,0,0,,,,0.01066,3.553333,RouteNote,Distro,"",2026-01-17T08:06:42.5052925Z,sale,sale_20260826_023305,2026-08-26 02:38:32.66563
2025-10-31T17:00:00Z,2025,Linger (feat. Helios Relaxing Space),Finn,One Step Closer (feat. Helios Relaxing Space),Finn,Helios Records,QT2WN2500609,5056846117810,Piano Relaxing,Spotify,USD,Ethiopia,ET,1,0,0,,,,0,0,RouteNote,Distro,"",2026-01-17T08:06:42.5053037Z,sale,sale_20260826_023305,2026-08-26 02:38:32.66563
2025-10-31T17:00:00Z,2025,Linger (feat. Helios Relaxing Space),Finn,One Step Closer (feat. Helios Relaxing Space),Finn,Helios Records,QT2WN2500609,5056846117810,Piano Relaxing,Spotify,USD,Ghana,GH,5,0,0,,,,0.00168,0.336,RouteNote,Distro,"",2026-01-17T08:06:42.5053143Z,sale,sale_20260826_023305,2026-08-26 02:38:32.66563
2025-10-31T17:00:00Z,2025,Linger (feat. Helios Relaxing Space),Finn,One Step Closer (feat. Helios Relaxing Space),Finn,Helios Records,QT2WN2500609,5056846117810,Piano Relaxing,Spotify,USD,Guatemala,GT,7,0,0,,,,0.00693,0.99,RouteNote,Distro,"",2026-01-17T08:06:42.5053268Z,sale,sale_20260826_023305,2026-08-26 02:38:32.66563
2025-10-31T17:00:00Z,2025,Linger (feat. Helios Relaxing Space),Finn,One Step Closer (feat. Helios Relaxing Space),Finn,Helios Records,QT2WN2500609,5056846117810,Piano Relaxing,Spotify,USD,India,IN,15,0,0,,,,0.00576,0.384,RouteNote,Distro,"",2026-01-17T08:06:42.5053384Z,sale,sale_20260826_023305,2026-08-26 02:38:32.66563
2025-10-31T17:00:00Z,2025,Linger (feat. Helios Relaxing Space),Finn,One Step Closer (feat. Helios Relaxing Space),Finn,Helios Records,QT2WN2500609,5056846117810,Piano Relaxing,Spotify,USD,Jordan,JO,5,0,0,,,,0,0,RouteNote,Distro,"",2026-01-17T08:06:42.5053496Z,sale,sale_20260826_023305,2026-08-26 02:38:32.66563
2025-10-31T17:00:00Z,2025,Linger (feat. Helios Relaxing Space),Finn,One Step Closer (feat. Helios Relaxing Space),Finn,Helios Records,QT2WN2500609,5056846117810,Piano Relaxing,Spotify,USD,Kenya,KE,5,0,0,,,,0.00034,0.068,RouteNote,Distro,"",2026-01-17T08:06:42.505361Z,sale,sale_20260826_023305,2026-08-26 02:38:32.66563
2025-10-31T17:00:00Z,2025,Linger (feat. Helios Relaxing Space),Finn,One Step Closer (feat. Helios Relaxing Space),Finn,Helios Records,QT2WN2500609,5056846117810,Piano Relaxing,Spotify,USD,Cambodia,KH,10,0,0,,,,0.0017,0.17,RouteNote,Distro,"",2026-01-17T08:06:42.5053723Z,sale,sale_20260826_023305,2026-08-26 02:38:32.66563
2025-10-31T17:00:00Z,2025,Linger (feat. Helios Relaxing Space),Finn,One Step Closer (feat. Helios Relaxing Space),Finn,Helios Records,QT2WN2500609,5056846117810,Piano Relaxing,Spotify,USD,KR (South Korea),KR,13,0,0,,,,0.0006,0.046154,RouteNote,Distro,"",2026-01-17T08:06:42.5053839Z,sale,sale_20260826_023305,2026-08-26 02:38:32.66563
2025-10-31T17:00:00Z,2025,Linger (feat. Helios Relaxing Space),Finn,One Step Closer (feat. Helios Relaxing Space),Finn,Helios Records,QT2WN2500609,5056846117810,Piano Relaxing,Spotify,USD,Kuwait,KW,15,0,0,,,,0.0207,1.38,RouteNote,Distro,"",2026-01-17T08:06:42.5053948Z,sale,sale_20260826_023305,2026-08-26 02:38:32.66563
2025-10-31T17:00:00Z,2025,Linger (feat. Helios Relaxing Space),Finn,One Step Closer (feat. Helios Relaxing Space),Finn,Helios Records,QT2WN2500609,5056846117810,Piano Relaxing,Spotify,USD,Macao,MO,2,0,0,,,,0,0,RouteNote,Distro,"",2026-01-17T08:06:42.5054054Z,sale,sale_20260826_023305,2026-08-26 02:38:32.66563
2025-10-31T17:00:00Z,2025,Linger (feat. Helios Relaxing Space),Finn,One Step Closer (feat. Helios Relaxing Space),Finn,Helios Records,QT2WN2500609,5056846117810,Piano Relaxing,Spotify,USD,Mauritius,MU,3,0,0,,,,0,0,RouteNote,Distro,"",2026-01-17T08:06:42.5054168Z,sale,sale_20260826_023305,2026-08-26 02:38:32.66563
2025-10-31T17:00:00Z,2025,Linger (feat. Helios Relaxing Space),Finn,One Step Closer (feat. Helios Relaxing Space),Finn,Helios Records,QT2WN2500609,5056846117810,Piano Relaxing,Spotify,USD,Maldives,MV,2,0,0,,,,0.00132,0.66,RouteNote,Distro,"",2026-01-17T08:06:42.5054305Z,sale,sale_20260826_023305,2026-08-26 02:38:32.66563
2025-10-31T17:00:00Z,2025,Linger (feat. Helios Relaxing Space),Finn,One Step Closer (feat. Helios Relaxing Space),Finn,Helios Records,QT2WN2500609,5056846117810,Piano Relaxing,Spotify,USD,Malawi,MW,1,0,0,,,,0,0,RouteNote,Distro,"",2026-01-17T08:06:42.505442Z,sale,sale_20260826_023305,2026-08-26 02:38:32.66563
2025-10-31T17:00:00Z,2025,Linger (feat. Helios Relaxing Space),Finn,One Step Closer (feat. Helios Relaxing Space),Finn,Helios Records,QT2WN2500609,5056846117810,Piano Relaxing,Spotify,USD,Namibia,NA,1,0,0,,,,0,0,RouteNote,Distro,"",2026-01-17T08:06:42.5054536Z,sale,sale_20260826_023305,2026-08-26 02:38:32.66563
2025-10-31T17:00:00Z,2025,Linger (feat. Helios Relaxing Space),Finn,One Step Closer (feat. Helios Relaxing Space),Finn,Helios Records,QT2WN2500609,5056846117810,Piano Relaxing,Spotify,USD,Nigeria,NG,37,0,0,,,,0.01107,0.299189,RouteNote,Distro,"",2026-01-17T08:06:42.5054648Z,sale,sale_20260826_023305,2026-08-26 02:38:32.66563
2025-10-31T17:00:00Z,2025,Linger (feat. Helios Relaxing Space),Finn,One Step Closer (feat. Helios Relaxing Space),Finn,Helios Records,QT2WN2500609,5056846117810,Piano Relaxing,Spotify,USD,Nicaragua,NI,5,0,0,,,,0.00316,0.632,RouteNote,Distro,"",2026-01-17T08:06:42.5054759Z,sale,sale_20260826_023305,2026-08-26 02:38:32.66563
2025-10-31T17:00:00Z,2025,Linger (feat. Helios Relaxing Space),Finn,One Step Closer (feat. Helios Relaxing Space),Finn,Helios Records,QT2WN2500609,5056846117810,Piano Relaxing,Spotify,USD,Nepal,NP,3,0,0,,,,0,0,RouteNote,Distro,"",2026-01-17T08:06:42.505487Z,sale,sale_20260826_023305,2026-08-26 02:38:32.66563
2025-10-31T17:00:00Z,2025,Linger (feat. Helios Relaxing Space),Finn,One Step Closer (feat. Helios Relaxing Space),Finn,Helios Records,QT2WN2500609,5056846117810,Piano Relaxing,Spotify,USD,Oman,OM,8,0,0,,,,0.01568,1.96,RouteNote,Distro,"",2026-01-17T08:06:42.505498Z,sale,sale_20260826_023305,2026-08-26 02:38:32.66563
2025-10-31T17:00:00Z,2025,Tonic Note,Dee Art,Tonic Note,Dee Art,Helios Records,GBSMU8652644,5057917554367,Piano Relaxing,Apple Music,USD,Guatemala,GT,1,0,0,,,,0.00193,1.93,RouteNote,Distro,"",2026-01-17T08:06:42.5084995Z,sale,sale_20260826_023305,2026-08-26 02:38:32.66563
2025-10-31T17:00:00Z,2025,Linger (feat. Helios Relaxing Space),Finn,One Step Closer (feat. Helios Relaxing Space),Finn,Helios Records,QT2WN2500609,5056846117810,Piano Relaxing,Spotify,USD,Panama,PA,2,0,0,,,,0.00346,1.73,RouteNote,Distro,"",2026-01-17T08:06:42.5055088Z,sale,sale_20260826_023305,2026-08-26 02:38:32.66563
2025-10-31T17:00:00Z,2025,Linger (feat. Helios Relaxing Space),Finn,One Step Closer (feat. Helios Relaxing Space),Finn,Helios Records,QT2WN2500609,5056846117810,Piano Relaxing,Spotify,USD,Papua New Guinea,PG,3,0,0,,,,0,0,RouteNote,Distro,"",2026-01-17T08:06:42.5055198Z,sale,sale_20260826_023305,2026-08-26 02:38:32.66563
2025-10-31T17:00:00Z,2025,Linger (feat. Helios Relaxing Space),Finn,One Step Closer (feat. Helios Relaxing Space),Finn,Helios Records,QT2WN2500609,5056846117810,Piano Relaxing,Spotify,USD,Qatar,QA,13,0,0,,,,0.01441,1.108462,RouteNote,Distro,"",2026-01-17T08:06:42.5055331Z,sale,sale_20260826_023305,2026-08-26 02:38:32.66563
2025-10-31T17:00:00Z,2025,Linger (feat. Helios Relaxing Space),Finn,One Step Closer (feat. Helios Relaxing Space),Finn,Helios Records,QT2WN2500609,5056846117810,Piano Relaxing,Spotify,USD,Rwanda,RW,1,0,0,,,,0,0,RouteNote,Distro,"",2026-01-17T08:06:42.5055441Z,sale,sale_20260826_023305,2026-08-26 02:38:32.66563
2025-10-31T17:00:00Z,2025,Linger (feat. Helios Relaxing Space),Finn,One Step Closer (feat. Helios Relaxing Space),Finn,Helios Records,QT2WN2500609,5056846117810,Piano Relaxing,Spotify,USD,Sierra Leone,SL,1,0,0,,,,0,0,RouteNote,Distro,"",2026-01-17T08:06:42.5055552Z,sale,sale_20260826_023305,2026-08-26 02:38:32.66563
2025-10-31T17:00:00Z,2025,Linger (feat. Helios Relaxing Space),Finn,One Step Closer (feat. Helios Relaxing Space),Finn,Helios Records,QT2WN2500609,5056846117810,Piano Relaxing,Spotify,USD,Suriname,SR,5,0,0,,,,0,0,RouteNote,Distro,"",2026-01-17T08:06:42.5055661Z,sale,sale_20260826_023305,2026-08-26 02:38:32.66563
2025-10-31T17:00:00Z,2025,Linger (feat. Helios Relaxing Space),Finn,One Step Closer (feat. Helios Relaxing Space),Finn,Helios Records,QT2WN2500609,5056846117810,Piano Relaxing,Spotify,USD,Timor-Leste,TL,2,0,0,,,,0,0,RouteNote,Distro,"",2026-01-17T08:06:42.5055769Z,sale,sale_20260826_023305,2026-08-26 02:38:32.66563
2025-10-31T17:00:00Z,2025,Linger (feat. Helios Relaxing Space),Finn,One Step Closer (feat. Helios Relaxing Space),Finn,Helios Records,QT2WN2500609,5056846117810,Piano Relaxing,Spotify,USD,Uganda,UG,7,0,0,,,,0.0086,1.228571,RouteNote,Distro,"",2026-01-17T08:06:42.5055883Z,sale,sale_20260826_023305,2026-08-26 02:38:32.66563
2025-10-31T17:00:00Z,2025,Linger (feat. Helios Relaxing Space),Finn,One Step Closer (feat. Helios Relaxing Space),Finn,Helios Records,QT2WN2500609,5056846117810,Piano Relaxing,Spotify,USD,United States (the),US,186,0,0,,,,0.64536,3.469677,RouteNote,Distro,"",2026-01-17T08:06:42.5056002Z,sale,sale_20260826_023305,2026-08-26 02:38:32.66563
2025-10-31T17:00:00Z,2025,Linger (feat. Helios Relaxing Space),Finn,One Step Closer (feat. Helios Relaxing Space),Finn,Helios Records,QT2WN2500609,5056846117810,Piano Relaxing,Spotify,USD,Uruguay,UY,2,0,0,,,,0.00388,1.94,RouteNote,Distro,"",2026-01-17T08:06:42.5056114Z,sale,sale_20260826_023305,2026-08-26 02:38:32.66563
2025-10-31T17:00:00Z,2025,Linger (feat. Helios Relaxing Space),Finn,One Step Closer (feat. Helios Relaxing Space),Finn,Helios Records,QT2WN2500609,5056846117810,Piano Relaxing,Spotify,USD,Venezuela- Bolivarian Republic of ,VE,2,0,0,,,,0.00709,3.545,RouteNote,Distro,"",2026-01-17T08:06:42.5056223Z,sale,sale_20260826_023305,2026-08-26 02:38:32.66563
2025-10-31T17:00:00Z,2025,Linger (feat. Helios Relaxing Space),Finn,One Step Closer (feat. Helios Relaxing Space),Finn,Helios Records,QT2WN2500609,5056846117810,Piano Relaxing,Spotify,USD,Zambia,ZM,4,0,0,,,,0,0,RouteNote,Distro,"",2026-01-17T08:06:42.5056352Z,sale,sale_20260826_023305,2026-08-26 02:38:32.66563
2025-10-31T17:00:00Z,2025,Linger (feat. Helios Relaxing Space),Finn,One Step Closer (feat. Helios Relaxing Space),Finn,Helios Records,QT2WN2500609,5056846117810,Piano Relaxing,Tidal,USD,Denmark,DK,1,0,0,,,,0.00819,8.19,RouteNote,Distro,"",2026-01-17T08:06:42.5056473Z,sale,sale_20260826_023305,2026-08-26 02:38:32.66563
2025-10-31T17:00:00Z,2025,Linger (feat. Helios Relaxing Space),Finn,One Step Closer (feat. Helios Relaxing Space),Finn,Helios Records,QT2WN2500609,5056846117810,Piano Relaxing,YouTube RED,USD,Israel,IL,2,0,0,,,,0.01173,5.865,RouteNote,Distro,"",2026-01-17T08:06:42.505658Z,sale,sale_20260826_023305,2026-08-26 02:38:32.66563
2025-10-31T17:00:00Z,2025,Linger (feat. Helios Relaxing Space),Finn,One Step Closer (feat. Helios Relaxing Space),Finn,Helios Records,QT2WN2500609,5056846117810,Piano Relaxing,YouTube RED,USD,Japan,JP,1,0,0,,,,0.00619,6.19,RouteNote,Distro,"",2026-01-17T08:06:42.5056689Z,sale,sale_20260826_023305,2026-08-26 02:38:32.66563
2025-10-31T17:00:00Z,2025,Echoes Between Us (feat. Helios Relaxing Space),Finn,One Step Closer (feat. Helios Relaxing Space),Finn,Helios Records,QT2WN2500610,5056846117810,Piano Relaxing,Apple Music,CAD,Canada,CA,2,0,0,,,,0.00986,4.93,RouteNote,Distro,"",2026-01-17T08:06:42.5056802Z,sale,sale_20260826_023305,2026-08-26 02:38:32.66563
2025-10-31T17:00:00Z,2025,Echoes Between Us (feat. Helios Relaxing Space),Finn,One Step Closer (feat. Helios Relaxing Space),Finn,Helios Records,QT2WN2500610,5056846117810,Piano Relaxing,Apple Music,TWD,Taiwan (Province of China),TW,1,0,0,,,,0.00191,1.91,RouteNote,Distro,"",2026-01-17T08:06:42.5056914Z,sale,sale_20260826_023305,2026-08-26 02:38:32.66563
2025-10-31T17:00:00Z,2025,Echoes Between Us (feat. Helios Relaxing Space),Finn,One Step Closer (feat. Helios Relaxing Space),Finn,Helios Records,QT2WN2500610,5056846117810,Piano Relaxing,Apple Music,USD,United States (the),US,39,0,0,,,,0.15893,4.075128,RouteNote,Distro,"",2026-01-17T08:06:42.5057019Z,sale,sale_20260826_023305,2026-08-26 02:38:32.66563
2025-10-31T17:00:00Z,2025,Echoes Between Us (feat. Helios Relaxing Space),Finn,One Step Closer (feat. Helios Relaxing Space),Finn,Helios Records,QT2WN2500610,5056846117810,Piano Relaxing,Apple Music,ZAR,South Africa,ZA,4,0,0,,,,0.00811,2.0275,RouteNote,Distro,"",2026-01-17T08:06:42.5057132Z,sale,sale_20260826_023305,2026-08-26 02:38:32.66563
2025-10-31T17:00:00Z,2025,Echoes Between Us (feat. Helios Relaxing Space),Finn,One Step Closer (feat. Helios Relaxing Space),Finn,Helios Records,QT2WN2500610,5056846117810,Piano Relaxing,Spotify,EUR,Australia,AU,2,0,0,,,,0.00628,3.14,RouteNote,Distro,"",2026-01-17T08:06:42.505724Z,sale,sale_20260826_023305,2026-08-26 02:38:32.66563
2025-10-31T17:00:00Z,2025,Echoes Between Us (feat. Helios Relaxing Space),Finn,One Step Closer (feat. Helios Relaxing Space),Finn,Helios Records,QT2WN2500610,5056846117810,Piano Relaxing,Spotify,EUR,Canada,CA,8,0,0,,,,0.02779,3.47375,RouteNote,Distro,"",2026-01-17T08:06:42.5057366Z,sale,sale_20260826_023305,2026-08-26 02:38:32.66563
2025-10-31T17:00:00Z,2025,Echoes Between Us (feat. Helios Relaxing Space),Finn,One Step Closer (feat. Helios Relaxing Space),Finn,Helios Records,QT2WN2500610,5056846117810,Piano Relaxing,Spotify,EUR,Germany,DE,3,0,0,,,,0.01435,4.783333,RouteNote,Distro,"",2026-01-17T08:06:42.5057479Z,sale,sale_20260826_023305,2026-08-26 02:38:32.66563
2025-10-31T17:00:00Z,2025,Echoes Between Us (feat. Helios Relaxing Space),Finn,One Step Closer (feat. Helios Relaxing Space),Finn,Helios Records,QT2WN2500610,5056846117810,Piano Relaxing,Spotify,EUR,Indonesia,ID,3,0,0,,,,0.00175,0.583333,RouteNote,Distro,"",2026-01-17T08:06:42.505761Z,sale,sale_20260826_023305,2026-08-26 02:38:32.66563
2025-10-31T17:00:00Z,2025,Echoes Between Us (feat. Helios Relaxing Space),Finn,One Step Closer (feat. Helios Relaxing Space),Finn,Helios Records,QT2WN2500610,5056846117810,Piano Relaxing,Spotify,EUR,Malaysia,MY,1,0,0,,,,0.00083,0.83,RouteNote,Distro,"",2026-01-17T08:06:42.5057726Z,sale,sale_20260826_023305,2026-08-26 02:38:32.66563
2025-10-31T17:00:00Z,2025,Echoes Between Us (feat. Helios Relaxing Space),Finn,One Step Closer (feat. Helios Relaxing Space),Finn,Helios Records,QT2WN2500610,5056846117810,Piano Relaxing,Spotify,EUR,Philippines (the),PH,2,0,0,,,,0.00188,0.94,RouteNote,Distro,"",2026-01-17T08:06:42.5057855Z,sale,sale_20260826_023305,2026-08-26 02:38:32.66563
2025-10-31T17:00:00Z,2025,Echoes Between Us (feat. Helios Relaxing Space),Finn,One Step Closer (feat. Helios Relaxing Space),Finn,Helios Records,QT2WN2500610,5056846117810,Piano Relaxing,Spotify,EUR,Singapore,SG,2,0,0,,,,0.00412,2.06,RouteNote,Distro,"",2026-01-17T08:06:42.5057966Z,sale,sale_20260826_023305,2026-08-26 02:38:32.66563
2025-10-31T17:00:00Z,2025,Echoes Between Us (feat. Helios Relaxing Space),Finn,One Step Closer (feat. Helios Relaxing Space),Finn,Helios Records,QT2WN2500610,5056846117810,Piano Relaxing,Spotify,USD,India,IN,2,0,0,,,,0.00062,0.31,RouteNote,Distro,"",2026-01-17T08:06:42.5058107Z,sale,sale_20260826_023305,2026-08-26 02:38:32.66563
2025-10-31T17:00:00Z,2025,Echoes Between Us (feat. Helios Relaxing Space),Finn,One Step Closer (feat. Helios Relaxing Space),Finn,Helios Records,QT2WN2500610,5056846117810,Piano Relaxing,Spotify,USD,Panama,PA,10,0,0,,,,0.0173,1.73,RouteNote,Distro,"",2026-01-17T08:06:42.5058221Z,sale,sale_20260826_023305,2026-08-26 02:38:32.66563
2025-10-31T17:00:00Z,2025,Echoes Between Us (feat. Helios Relaxing Space),Finn,One Step Closer (feat. Helios Relaxing Space),Finn,Helios Records,QT2WN2500610,5056846117810,Piano Relaxing,Spotify,USD,United States (the),US,6,0,0,,,,0.01811,3.018333,RouteNote,Distro,"",2026-01-17T08:06:42.5058333Z,sale,sale_20260826_023305,2026-08-26 02:38:32.66563
2025-10-31T17:00:00Z,2025,Echoes Between Us (feat. Helios Relaxing Space),Finn,One Step Closer (feat. Helios Relaxing Space),Finn,Helios Records,QT2WN2500610,5056846117810,Piano Relaxing,Spotify,USD,Venezuela- Bolivarian Republic of ,VE,1,0,0,,,,0,0,RouteNote,Distro,"",2026-01-17T08:06:42.505844Z,sale,sale_20260826_023305,2026-08-26 02:38:32.66563
2025-10-31T17:00:00Z,2025,Echoes Between Us (feat. Helios Relaxing Space),Finn,One Step Closer (feat. Helios Relaxing Space),Finn,Helios Records,QT2WN2500610,5056846117810,Piano Relaxing,Tidal,USD,Denmark,DK,1,0,0,,,,0.00819,8.19,RouteNote,Distro,"",2026-01-17T08:06:42.505855Z,sale,sale_20260826_023305,2026-08-26 02:38:32.66563
2025-10-31T17:00:00Z,2025,A Step Away (feat. Helios Relaxing Space),Finn,One Step Closer (feat. Helios Relaxing Space),Finn,Helios Records,QT2WN2500611,5056846117810,Piano Relaxing,Apple Music,CAD,Canada,CA,2,0,0,,,,0.00986,4.93,RouteNote,Distro,"",2026-01-17T08:06:42.505866Z,sale,sale_20260826_023305,2026-08-26 02:38:32.66563
2025-10-31T17:00:00Z,2025,A Step Away (feat. Helios Relaxing Space),Finn,One Step Closer (feat. Helios Relaxing Space),Finn,Helios Records,QT2WN2500611,5056846117810,Piano Relaxing,Apple Music,RUB,Russian Federation (the),RU,5,0,0,,,,0.01107,2.214,RouteNote,Distro,"",2026-01-17T08:06:42.5058774Z,sale,sale_20260826_023305,2026-08-26 02:38:32.66563
2025-10-31T17:00:00Z,2025,A Step Away (feat. Helios Relaxing Space),Finn,One Step Closer (feat. Helios Relaxing Space),Finn,Helios Records,QT2WN2500611,5056846117810,Piano Relaxing,Apple Music,TWD,Taiwan (Province of China),TW,1,0,0,,,,0.00191,1.91,RouteNote,Distro,"",2026-01-17T08:06:42.5058901Z,sale,sale_20260826_023305,2026-08-26 02:38:32.66563
2025-10-31T17:00:00Z,2025,A Step Away (feat. Helios Relaxing Space),Finn,One Step Closer (feat. Helios Relaxing Space),Finn,Helios Records,QT2WN2500611,5056846117810,Piano Relaxing,Apple Music,USD,United States (the),US,43,0,0,,,,0.18542,4.312093,RouteNote,Distro,"",2026-01-17T08:06:42.5059013Z,sale,sale_20260826_023305,2026-08-26 02:38:32.66563
2025-10-31T17:00:00Z,2025,A Step Away (feat. Helios Relaxing Space),Finn,One Step Closer (feat. Helios Relaxing Space),Finn,Helios Records,QT2WN2500611,5056846117810,Piano Relaxing,Apple Music,ZAR,South Africa,ZA,6,0,0,,,,0.01216,2.026667,RouteNote,Distro,"",2026-01-17T08:06:42.5059122Z,sale,sale_20260826_023305,2026-08-26 02:38:32.66563
2025-10-31T17:00:00Z,2025,A Step Away (feat. Helios Relaxing Space),Finn,One Step Closer (feat. Helios Relaxing Space),Finn,Helios Records,QT2WN2500611,5056846117810,Piano Relaxing,Spotify,EUR,Australia,AU,1,0,0,,,,0.00314,3.14,RouteNote,Distro,"",2026-01-17T08:06:42.5059234Z,sale,sale_20260826_023305,2026-08-26 02:38:32.66563
2025-10-31T17:00:00Z,2025,A Step Away (feat. Helios Relaxing Space),Finn,One Step Closer (feat. Helios Relaxing Space),Finn,Helios Records,QT2WN2500611,5056846117810,Piano Relaxing,Spotify,EUR,Belgium,BE,1,0,0,,,,0.00287,2.87,RouteNote,Distro,"",2026-01-17T08:06:42.505935Z,sale,sale_20260826_023305,2026-08-26 02:38:32.66563
2025-10-31T17:00:00Z,2025,A Step Away (feat. Helios Relaxing Space),Finn,One Step Closer (feat. Helios Relaxing Space),Finn,Helios Records,QT2WN2500611,5056846117810,Piano Relaxing,Spotify,EUR,Canada,CA,9,0,0,,,,0.02917,3.241111,RouteNote,Distro,"",2026-01-17T08:06:42.5059459Z,sale,sale_20260826_023305,2026-08-26 02:38:32.66563
2025-10-31T17:00:00Z,2025,A Step Away (feat. Helios Relaxing Space),Finn,One Step Closer (feat. Helios Relaxing Space),Finn,Helios Records,QT2WN2500611,5056846117810,Piano Relaxing,Spotify,EUR,Germany,DE,3,0,0,,,,0.01435,4.783333,RouteNote,Distro,"",2026-01-17T08:06:42.5059566Z,sale,sale_20260826_023305,2026-08-26 02:38:32.66563
2025-10-31T17:00:00Z,2025,A Step Away (feat. Helios Relaxing Space),Finn,One Step Closer (feat. Helios Relaxing Space),Finn,Helios Records,QT2WN2500611,5056846117810,Piano Relaxing,Spotify,EUR,Hungary,HU,4,0,0,,,,0.01055,2.6375,RouteNote,Distro,"",2026-01-17T08:06:42.5059674Z,sale,sale_20260826_023305,2026-08-26 02:38:32.66563
2025-10-31T17:00:00Z,2025,A Step Away (feat. Helios Relaxing Space),Finn,One Step Closer (feat. Helios Relaxing Space),Finn,Helios Records,QT2WN2500611,5056846117810,Piano Relaxing,Spotify,EUR,Indonesia,ID,2,0,0,,,,0.00174,0.87,RouteNote,Distro,"",2026-01-17T08:06:42.5059784Z,sale,sale_20260826_023305,2026-08-26 02:38:32.66563
2025-10-31T17:00:00Z,2025,A Step Away (feat. Helios Relaxing Space),Finn,One Step Closer (feat. Helios Relaxing Space),Finn,Helios Records,QT2WN2500611,5056846117810,Piano Relaxing,Spotify,EUR,Mexico,MX,1,0,0,,,,0.00026,0.26,RouteNote,Distro,"",2026-01-17T08:06:42.5059914Z,sale,sale_20260826_023305,2026-08-26 02:38:32.66563
2025-10-31T17:00:00Z,2025,A Step Away (feat. Helios Relaxing Space),Finn,One Step Closer (feat. Helios Relaxing Space),Finn,Helios Records,QT2WN2500611,5056846117810,Piano Relaxing,Spotify,EUR,Malaysia,MY,2,0,0,,,,0.00255,1.275,RouteNote,Distro,"",2026-01-17T08:06:42.5060024Z,sale,sale_20260826_023305,2026-08-26 02:38:32.66563
2025-10-31T17:00:00Z,2025,A Step Away (feat. Helios Relaxing Space),Finn,One Step Closer (feat. Helios Relaxing Space),Finn,Helios Records,QT2WN2500611,5056846117810,Piano Relaxing,Spotify,EUR,Philippines (the),PH,7,0,0,,,,0.00258,0.368571,RouteNote,Distro,"",2026-01-17T08:06:42.5060134Z,sale,sale_20260826_023305,2026-08-26 02:38:32.66563
2025-10-31T17:00:00Z,2025,A Step Away (feat. Helios Relaxing Space),Finn,One Step Closer (feat. Helios Relaxing Space),Finn,Helios Records,QT2WN2500611,5056846117810,Piano Relaxing,Spotify,EUR,Singapore,SG,2,0,0,,,,0.00412,2.06,RouteNote,Distro,"",2026-01-17T08:06:42.5060242Z,sale,sale_20260826_023305,2026-08-26 02:38:32.66563
2025-10-31T17:00:00Z,2025,A Step Away (feat. Helios Relaxing Space),Finn,One Step Closer (feat. Helios Relaxing Space),Finn,Helios Records,QT2WN2500611,5056846117810,Piano Relaxing,Spotify,EUR,South Africa,ZA,1,0,0,,,,0.00219,2.19,RouteNote,Distro,"",2026-01-17T08:06:42.5060358Z,sale,sale_20260826_023305,2026-08-26 02:38:32.66563
2025-10-31T17:00:00Z,2025,A Step Away (feat. Helios Relaxing Space),Finn,One Step Closer (feat. Helios Relaxing Space),Finn,Helios Records,QT2WN2500611,5056846117810,Piano Relaxing,Spotify,USD,India,IN,1,0,0,,,,0.00031,0.31,RouteNote,Distro,"",2026-01-17T08:06:42.5060465Z,sale,sale_20260826_023305,2026-08-26 02:38:32.66563
2025-10-31T17:00:00Z,2025,A Step Away (feat. Helios Relaxing Space),Finn,One Step Closer (feat. Helios Relaxing Space),Finn,Helios Records,QT2WN2500611,5056846117810,Piano Relaxing,Spotify,USD,Panama,PA,5,0,0,,,,0.00865,1.73,RouteNote,Distro,"",2026-01-17T08:06:42.5060578Z,sale,sale_20260826_023305,2026-08-26 02:38:32.66563
2025-10-31T17:00:00Z,2025,A Step Away (feat. Helios Relaxing Space),Finn,One Step Closer (feat. Helios Relaxing Space),Finn,Helios Records,QT2WN2500611,5056846117810,Piano Relaxing,Spotify,USD,United States (the),US,8,0,0,,,,0.02822,3.5275,RouteNote,Distro,"",2026-01-17T08:06:42.5060693Z,sale,sale_20260826_023305,2026-08-26 02:38:32.66563
2025-10-31T17:00:00Z,2025,A Step Away (feat. Helios Relaxing Space),Finn,One Step Closer (feat. Helios Relaxing Space),Finn,Helios Records,QT2WN2500611,5056846117810,Piano Relaxing,Tidal,USD,Denmark,DK,1,0,0,,,,0.00819,8.19,RouteNote,Distro,"",2026-01-17T08:06:42.5060807Z,sale,sale_20260826_023305,2026-08-26 02:38:32.66563
2025-10-31T17:00:00Z,2025,Until Midnight (feat. Helios Relaxing Space),Finn,One Step Closer (feat. Helios Relaxing Space),Finn,Helios Records,QT2WN2500612,5056846117810,Piano Relaxing,Amazon Music Unlimited,EUR,Germany,DE,1,0,0,,,,0,0,RouteNote,Distro,"",2026-01-17T08:06:42.5060953Z,sale,sale_20260826_023305,2026-08-26 02:38:32.66563
2025-10-31T17:00:00Z,2025,Until Midnight (feat. Helios Relaxing Space),Finn,One Step Closer (feat. Helios Relaxing Space),Finn,Helios Records,QT2WN2500612,5056846117810,Piano Relaxing,Apple Music,CAD,Canada,CA,2,0,0,,,,0.00986,4.93,RouteNote,Distro,"",2026-01-17T08:06:42.5061068Z,sale,sale_20260826_023305,2026-08-26 02:38:32.66563
2025-10-31T17:00:00Z,2025,Until Midnight (feat. Helios Relaxing Space),Finn,One Step Closer (feat. Helios Relaxing Space),Finn,Helios Records,QT2WN2500612,5056846117810,Piano Relaxing,Apple Music,RUB,Russian Federation (the),RU,1,0,0,,,,0.0018,1.8,RouteNote,Distro,"",2026-01-17T08:06:42.5061181Z,sale,sale_20260826_023305,2026-08-26 02:38:32.66563
2025-10-31T17:00:00Z,2025,Until Midnight (feat. Helios Relaxing Space),Finn,One Step Closer (feat. Helios Relaxing Space),Finn,Helios Records,QT2WN2500612,5056846117810,Piano Relaxing,Apple Music,TWD,Taiwan (Province of China),TW,1,0,0,,,,0.00191,1.91,RouteNote,Distro,"",2026-01-17T08:06:42.506129Z,sale,sale_20260826_023305,2026-08-26 02:38:32.66563
2025-10-31T17:00:00Z,2025,Until Midnight (feat. Helios Relaxing Space),Finn,One Step Closer (feat. Helios Relaxing Space),Finn,Helios Records,QT2WN2500612,5056846117810,Piano Relaxing,Apple Music,USD,United States (the),US,42,0,0,,,,0.18167,4.325476,RouteNote,Distro,"",2026-01-17T08:06:42.5061402Z,sale,sale_20260826_023305,2026-08-26 02:38:32.66563
2025-10-31T17:00:00Z,2025,Until Midnight (feat. Helios Relaxing Space),Finn,One Step Closer (feat. Helios Relaxing Space),Finn,Helios Records,QT2WN2500612,5056846117810,Piano Relaxing,Apple Music,ZAR,South Africa,ZA,5,0,0,,,,0.01014,2.028,RouteNote,Distro,"",2026-01-17T08:06:42.5061514Z,sale,sale_20260826_023305,2026-08-26 02:38:32.66563
2025-10-31T17:00:00Z,2025,Until Midnight (feat. Helios Relaxing Space),Finn,One Step Closer (feat. Helios Relaxing Space),Finn,Helios Records,QT2WN2500612,5056846117810,Piano Relaxing,Spotify,EUR,Australia,AU,2,0,0,,,,0.00628,3.14,RouteNote,Distro,"",2026-01-17T08:06:42.5061624Z,sale,sale_20260826_023305,2026-08-26 02:38:32.66563
2025-10-31T17:00:00Z,2025,Until Midnight (feat. Helios Relaxing Space),Finn,One Step Closer (feat. Helios Relaxing Space),Finn,Helios Records,QT2WN2500612,5056846117810,Piano Relaxing,Spotify,EUR,Canada,CA,9,0,0,,,,0.02917,3.241111,RouteNote,Distro,"",2026-01-17T08:06:42.5061733Z,sale,sale_20260826_023305,2026-08-26 02:38:32.66563
2025-10-31T17:00:00Z,2025,Until Midnight (feat. Helios Relaxing Space),Finn,One Step Closer (feat. Helios Relaxing Space),Finn,Helios Records,QT2WN2500612,5056846117810,Piano Relaxing,Spotify,EUR,Germany,DE,3,0,0,,,,0.01435,4.783333,RouteNote,Distro,"",2026-01-17T08:06:42.5061839Z,sale,sale_20260826_023305,2026-08-26 02:38:32.66563
2025-10-31T17:00:00Z,2025,Until Midnight (feat. Helios Relaxing Space),Finn,One Step Closer (feat. Helios Relaxing Space),Finn,Helios Records,QT2WN2500612,5056846117810,Piano Relaxing,Spotify,EUR,Indonesia,ID,2,0,0,,,,0.00174,0.87,RouteNote,Distro,"",2026-01-17T08:06:42.5061965Z,sale,sale_20260826_023305,2026-08-26 02:38:32.66563
2025-10-31T17:00:00Z,2025,Until Midnight (feat. Helios Relaxing Space),Finn,One Step Closer (feat. Helios Relaxing Space),Finn,Helios Records,QT2WN2500612,5056846117810,Piano Relaxing,Spotify,EUR,Mexico,MX,1,0,0,,,,0.00102,1.02,RouteNote,Distro,"",2026-01-17T08:06:42.5062074Z,sale,sale_20260826_023305,2026-08-26 02:38:32.66563
2025-10-31T17:00:00Z,2025,Until Midnight (feat. Helios Relaxing Space),Finn,One Step Closer (feat. Helios Relaxing Space),Finn,Helios Records,QT2WN2500612,5056846117810,Piano Relaxing,Spotify,EUR,Malaysia,MY,1,0,0,,,,0.00173,1.73,RouteNote,Distro,"",2026-01-17T08:06:42.5062182Z,sale,sale_20260826_023305,2026-08-26 02:38:32.66563
2025-10-31T17:00:00Z,2025,Until Midnight (feat. Helios Relaxing Space),Finn,One Step Closer (feat. Helios Relaxing Space),Finn,Helios Records,QT2WN2500612,5056846117810,Piano Relaxing,Spotify,EUR,Philippines (the),PH,6,0,0,,,,0.00127,0.211667,RouteNote,Distro,"",2026-01-17T08:06:42.5062293Z,sale,sale_20260826_023305,2026-08-26 02:38:32.66563
2025-10-31T17:00:00Z,2025,Until Midnight (feat. Helios Relaxing Space),Finn,One Step Closer (feat. Helios Relaxing Space),Finn,Helios Records,QT2WN2500612,5056846117810,Piano Relaxing,Spotify,EUR,Singapore,SG,3,0,0,,,,0.00795,2.65,RouteNote,Distro,"",2026-01-17T08:06:42.5062402Z,sale,sale_20260826_023305,2026-08-26 02:38:32.66563
2025-10-31T17:00:00Z,2025,Until Midnight (feat. Helios Relaxing Space),Finn,One Step Closer (feat. Helios Relaxing Space),Finn,Helios Records,QT2WN2500612,5056846117810,Piano Relaxing,Spotify,EUR,South Africa,ZA,1,0,0,,,,0.00219,2.19,RouteNote,Distro,"",2026-01-17T08:06:42.5062544Z,sale,sale_20260826_023305,2026-08-26 02:38:32.66563
2025-10-31T17:00:00Z,2025,Until Midnight (feat. Helios Relaxing Space),Finn,One Step Closer (feat. Helios Relaxing Space),Finn,Helios Records,QT2WN2500612,5056846117810,Piano Relaxing,Spotify,USD,India,IN,2,0,0,,,,0.00062,0.31,RouteNote,Distro,"",2026-01-17T08:06:42.5062666Z,sale,sale_20260826_023305,2026-08-26 02:38:32.66563
2025-10-31T17:00:00Z,2025,Until Midnight (feat. Helios Relaxing Space),Finn,One Step Closer (feat. Helios Relaxing Space),Finn,Helios Records,QT2WN2500612,5056846117810,Piano Relaxing,Spotify,USD,Panama,PA,4,0,0,,,,0.00692,1.73,RouteNote,Distro,"",2026-01-17T08:06:42.5062782Z,sale,sale_20260826_023305,2026-08-26 02:38:32.66563
2025-10-31T17:00:00Z,2025,Until Midnight (feat. Helios Relaxing Space),Finn,One Step Closer (feat. Helios Relaxing Space),Finn,Helios Records,QT2WN2500612,5056846117810,Piano Relaxing,Spotify,USD,United States (the),US,2,0,0,,,,0.00501,2.505,RouteNote,Distro,"",2026-01-17T08:06:42.5062918Z,sale,sale_20260826_023305,2026-08-26 02:38:32.66563
2025-10-31T17:00:00Z,2025,Until Midnight (feat. Helios Relaxing Space),Finn,One Step Closer (feat. Helios Relaxing Space),Finn,Helios Records,QT2WN2500612,5056846117810,Piano Relaxing,Tidal,USD,Denmark,DK,1,0,0,,,,0.00819,8.19,RouteNote,Distro,"",2026-01-17T08:06:42.5063036Z,sale,sale_20260826_023305,2026-08-26 02:38:32.66563
2025-10-31T17:00:00Z,2025,Until Midnight (feat. Helios Relaxing Space),Finn,One Step Closer (feat. Helios Relaxing Space),Finn,Helios Records,QT2WN2500612,5056846117810,Piano Relaxing,YouTube,USD,WorldWide,WW,2,0,0,,,,0.00045,0.225,RouteNote,Distro,"",2026-01-17T08:06:42.5063148Z,sale,sale_20260826_023305,2026-08-26 02:38:32.66563
2025-10-31T17:00:00Z,2025,Pages Unwritten (feat. Helios Relaxing Space),Finn,One Step Closer (feat. Helios Relaxing Space),Finn,Helios Records,QT2WN2500613,5056846117810,Piano Relaxing,Amazon Music Unlimited,EUR,Germany,DE,1,0,0,,,,0,0,RouteNote,Distro,"",2026-01-17T08:06:42.5063267Z,sale,sale_20260826_023305,2026-08-26 02:38:32.66563
2025-10-31T17:00:00Z,2025,Pages Unwritten (feat. Helios Relaxing Space),Finn,One Step Closer (feat. Helios Relaxing Space),Finn,Helios Records,QT2WN2500613,5056846117810,Piano Relaxing,Apple Music,CAD,Canada,CA,2,0,0,,,,0.00986,4.93,RouteNote,Distro,"",2026-01-17T08:06:42.5063383Z,sale,sale_20260826_023305,2026-08-26 02:38:32.66563
2025-10-31T17:00:00Z,2025,Pages Unwritten (feat. Helios Relaxing Space),Finn,One Step Closer (feat. Helios Relaxing Space),Finn,Helios Records,QT2WN2500613,5056846117810,Piano Relaxing,Apple Music,TWD,Taiwan (Province of China),TW,1,0,0,,,,0.00191,1.91,RouteNote,Distro,"",2026-01-17T08:06:42.5063516Z,sale,sale_20260826_023305,2026-08-26 02:38:32.66563
2025-10-31T17:00:00Z,2025,Pages Unwritten (feat. Helios Relaxing Space),Finn,One Step Closer (feat. Helios Relaxing Space),Finn,Helios Records,QT2WN2500613,5056846117810,Piano Relaxing,Apple Music,USD,United States (the),US,45,0,0,,,,0.21197,4.710444,RouteNote,Distro,"",2026-01-17T08:06:42.5063629Z,sale,sale_20260826_023305,2026-08-26 02:38:32.66563
2025-10-31T17:00:00Z,2025,Pages Unwritten (feat. Helios Relaxing Space),Finn,One Step Closer (feat. Helios Relaxing Space),Finn,Helios Records,QT2WN2500613,5056846117810,Piano Relaxing,Apple Music,ZAR,South Africa,ZA,3,0,0,,,,0.00608,2.026667,RouteNote,Distro,"",2026-01-17T08:06:42.506374Z,sale,sale_20260826_023305,2026-08-26 02:38:32.66563
2025-10-31T17:00:00Z,2025,Pages Unwritten (feat. Helios Relaxing Space),Finn,One Step Closer (feat. Helios Relaxing Space),Finn,Helios Records,QT2WN2500613,5056846117810,Piano Relaxing,Spotify,EUR,Argentina,AR,1,0,0,,,,0.00071,0.71,RouteNote,Distro,"",2026-01-17T08:06:42.5063855Z,sale,sale_20260826_023305,2026-08-26 02:38:32.66563
2025-10-31T17:00:00Z,2025,Pages Unwritten (feat. Helios Relaxing Space),Finn,One Step Closer (feat. Helios Relaxing Space),Finn,Helios Records,QT2WN2500613,5056846117810,Piano Relaxing,Spotify,EUR,Australia,AU,1,0,0,,,,0.00314,3.14,RouteNote,Distro,"",2026-01-17T08:06:42.5063982Z,sale,sale_20260826_023305,2026-08-26 02:38:32.66563
2025-10-31T17:00:00Z,2025,Pages Unwritten (feat. Helios Relaxing Space),Finn,One Step Closer (feat. Helios Relaxing Space),Finn,Helios Records,QT2WN2500613,5056846117810,Piano Relaxing,Spotify,EUR,Canada,CA,7,0,0,,,,0.02401,3.43,RouteNote,Distro,"",2026-01-17T08:06:42.5064105Z,sale,sale_20260826_023305,2026-08-26 02:38:32.66563
2025-10-31T17:00:00Z,2025,Pages Unwritten (feat. Helios Relaxing Space),Finn,One Step Closer (feat. Helios Relaxing Space),Finn,Helios Records,QT2WN2500613,5056846117810,Piano Relaxing,Spotify,EUR,Germany,DE,2,0,0,,,,0.00957,4.785,RouteNote,Distro,"",2026-01-17T08:06:42.5064222Z,sale,sale_20260826_023305,2026-08-26 02:38:32.66563
2025-10-31T17:00:00Z,2025,Pages Unwritten (feat. Helios Relaxing Space),Finn,One Step Closer (feat. Helios Relaxing Space),Finn,Helios Records,QT2WN2500613,5056846117810,Piano Relaxing,Spotify,EUR,Indonesia,ID,1,0,0,,,,0.00173,1.73,RouteNote,Distro,"",2026-01-17T08:06:42.5064331Z,sale,sale_20260826_023305,2026-08-26 02:38:32.66563
2025-10-31T17:00:00Z,2025,Pages Unwritten (feat. Helios Relaxing Space),Finn,One Step Closer (feat. Helios Relaxing Space),Finn,Helios Records,QT2WN2500613,5056846117810,Piano Relaxing,Spotify,EUR,Israel,IL,1,0,0,,,,0.00251,2.51,RouteNote,Distro,"",2026-01-17T08:06:42.5064443Z,sale,sale_20260826_023305,2026-08-26 02:38:32.66563
2025-10-31T17:00:00Z,2025,Pages Unwritten (feat. Helios Relaxing Space),Finn,One Step Closer (feat. Helios Relaxing Space),Finn,Helios Records,QT2WN2500613,5056846117810,Piano Relaxing,Spotify,EUR,Malaysia,MY,2,0,0,,,,0.00255,1.275,RouteNote,Distro,"",2026-01-17T08:06:42.5064574Z,sale,sale_20260826_023305,2026-08-26 02:38:32.66563
2025-10-31T17:00:00Z,2025,Pages Unwritten (feat. Helios Relaxing Space),Finn,One Step Closer (feat. Helios Relaxing Space),Finn,Helios Records,QT2WN2500613,5056846117810,Piano Relaxing,Spotify,EUR,Philippines (the),PH,8,0,0,,,,0.00433,0.54125,RouteNote,Distro,"",2026-01-17T08:06:42.5064689Z,sale,sale_20260826_023305,2026-08-26 02:38:32.66563
2025-10-31T17:00:00Z,2025,Pages Unwritten (feat. Helios Relaxing Space),Finn,One Step Closer (feat. Helios Relaxing Space),Finn,Helios Records,QT2WN2500613,5056846117810,Piano Relaxing,Spotify,EUR,Singapore,SG,4,0,0,,,,0.01178,2.945,RouteNote,Distro,"",2026-01-17T08:06:42.5064801Z,sale,sale_20260826_023305,2026-08-26 02:38:32.66563
2025-10-31T17:00:00Z,2025,Pages Unwritten (feat. Helios Relaxing Space),Finn,One Step Closer (feat. Helios Relaxing Space),Finn,Helios Records,QT2WN2500613,5056846117810,Piano Relaxing,Spotify,USD,India,IN,4,0,0,,,,0.00102,0.255,RouteNote,Distro,"",2026-01-17T08:06:42.5064919Z,sale,sale_20260826_023305,2026-08-26 02:38:32.66563
2025-10-31T17:00:00Z,2025,Pages Unwritten (feat. Helios Relaxing Space),Finn,One Step Closer (feat. Helios Relaxing Space),Finn,Helios Records,QT2WN2500613,5056846117810,Piano Relaxing,Spotify,USD,Panama,PA,6,0,0,,,,0.01038,1.73,RouteNote,Distro,"",2026-01-17T08:06:42.5065034Z,sale,sale_20260826_023305,2026-08-26 02:38:32.66563
2025-10-31T17:00:00Z,2025,Pages Unwritten (feat. Helios Relaxing Space),Finn,One Step Closer (feat. Helios Relaxing Space),Finn,Helios Records,QT2WN2500613,5056846117810,Piano Relaxing,Spotify,USD,United States (the),US,4,0,0,,,,0.0131,3.275,RouteNote,Distro,"",2026-01-17T08:06:42.5065163Z,sale,sale_20260826_023305,2026-08-26 02:38:32.66563
2025-10-31T17:00:00Z,2025,Pages Unwritten (feat. Helios Relaxing Space),Finn,One Step Closer (feat. Helios Relaxing Space),Finn,Helios Records,QT2WN2500613,5056846117810,Piano Relaxing,Tidal,USD,Denmark,DK,1,0,0,,,,0.00819,8.19,RouteNote,Distro,"",2026-01-17T08:06:42.5065285Z,sale,sale_20260826_023305,2026-08-26 02:38:32.66563
2025-10-31T17:00:00Z,2025,Pages Unwritten (feat. Helios Relaxing Space),Finn,One Step Closer (feat. Helios Relaxing Space),Finn,Helios Records,QT2WN2500613,5056846117810,Piano Relaxing,YouTube,USD,WorldWide,WW,16,0,0,,,,0.03303,2.064375,RouteNote,Distro,"",2026-01-17T08:06:42.50654Z,sale,sale_20260826_023305,2026-08-26 02:38:32.66563
2025-10-31T17:00:00Z,2025,Pages Unwritten (feat. Helios Relaxing Space),Finn,One Step Closer (feat. Helios Relaxing Space),Finn,Helios Records,QT2WN2500613,5056846117810,Piano Relaxing,YouTube RED,USD,Argentina,AR,2,0,0,,,,0.00266,1.33,RouteNote,Distro,"",2026-01-17T08:06:42.5065513Z,sale,sale_20260826_023305,2026-08-26 02:38:32.66563
2025-10-31T17:00:00Z,2025,Pages Unwritten (feat. Helios Relaxing Space),Finn,One Step Closer (feat. Helios Relaxing Space),Finn,Helios Records,QT2WN2500613,5056846117810,Piano Relaxing,YouTube RED,USD,Australia,AU,4,0,0,,,,0.04238,10.595,RouteNote,Distro,"",2026-01-17T08:06:42.506563Z,sale,sale_20260826_023305,2026-08-26 02:38:32.66563
2025-10-31T17:00:00Z,2025,Pages Unwritten (feat. Helios Relaxing Space),Finn,One Step Closer (feat. Helios Relaxing Space),Finn,Helios Records,QT2WN2500613,5056846117810,Piano Relaxing,YouTube RED,USD,Brazil,BR,2,0,0,,,,0.00501,2.505,RouteNote,Distro,"",2026-01-17T08:06:42.5065768Z,sale,sale_20260826_023305,2026-08-26 02:38:32.66563
2025-10-31T17:00:00Z,2025,Pages Unwritten (feat. Helios Relaxing Space),Finn,One Step Closer (feat. Helios Relaxing Space),Finn,Helios Records,QT2WN2500613,5056846117810,Piano Relaxing,YouTube RED,USD,Canada,CA,2,0,0,,,,0.01803,9.015,RouteNote,Distro,"",2026-01-17T08:06:42.5065884Z,sale,sale_20260826_023305,2026-08-26 02:38:32.66563
2025-10-31T17:00:00Z,2025,Pages Unwritten (feat. Helios Relaxing Space),Finn,One Step Closer (feat. Helios Relaxing Space),Finn,Helios Records,QT2WN2500613,5056846117810,Piano Relaxing,YouTube RED,USD,Switzerland,CH,2,0,0,,,,0.02656,13.28,RouteNote,Distro,"",2026-01-17T08:06:42.5065996Z,sale,sale_20260826_023305,2026-08-26 02:38:32.66563
2025-10-31T17:00:00Z,2025,Pages Unwritten (feat. Helios Relaxing Space),Finn,One Step Closer (feat. Helios Relaxing Space),Finn,Helios Records,QT2WN2500613,5056846117810,Piano Relaxing,YouTube RED,USD,Denmark,DK,1,0,0,,,,0.0276,27.6,RouteNote,Distro,"",2026-01-17T08:06:42.5066109Z,sale,sale_20260826_023305,2026-08-26 02:38:32.66563
2025-10-31T17:00:00Z,2025,Pages Unwritten (feat. Helios Relaxing Space),Finn,One Step Closer (feat. Helios Relaxing Space),Finn,Helios Records,QT2WN2500613,5056846117810,Piano Relaxing,YouTube RED,USD,France,FR,2,0,0,,,,0.01739,8.695,RouteNote,Distro,"",2026-01-17T08:06:42.5066222Z,sale,sale_20260826_023305,2026-08-26 02:38:32.66563
2025-10-31T17:00:00Z,2025,Pages Unwritten (feat. Helios Relaxing Space),Finn,One Step Closer (feat. Helios Relaxing Space),Finn,Helios Records,QT2WN2500613,5056846117810,Piano Relaxing,YouTube RED,USD,Hong Kong,HK,1,0,0,,,,0.00538,5.38,RouteNote,Distro,"",2026-01-17T08:06:42.5066351Z,sale,sale_20260826_023305,2026-08-26 02:38:32.66563
2025-10-31T17:00:00Z,2025,Pages Unwritten (feat. Helios Relaxing Space),Finn,One Step Closer (feat. Helios Relaxing Space),Finn,Helios Records,QT2WN2500613,5056846117810,Piano Relaxing,YouTube RED,USD,Hungary,HU,3,0,0,,,,0.01486,4.953333,RouteNote,Distro,"",2026-01-17T08:06:42.5066461Z,sale,sale_20260826_023305,2026-08-26 02:38:32.66563
2025-10-31T17:00:00Z,2025,Pages Unwritten (feat. Helios Relaxing Space),Finn,One Step Closer (feat. Helios Relaxing Space),Finn,Helios Records,QT2WN2500613,5056846117810,Piano Relaxing,YouTube RED,USD,Indonesia,ID,1,0,0,,,,0.00225,2.25,RouteNote,Distro,"",2026-01-17T08:06:42.5066576Z,sale,sale_20260826_023305,2026-08-26 02:38:32.66563
2025-10-31T17:00:00Z,2025,Pages Unwritten (feat. Helios Relaxing Space),Finn,One Step Closer (feat. Helios Relaxing Space),Finn,Helios Records,QT2WN2500613,5056846117810,Piano Relaxing,YouTube RED,USD,Israel,IL,2,0,0,,,,0.01807,9.035,RouteNote,Distro,"",2026-01-17T08:06:42.5066693Z,sale,sale_20260826_023305,2026-08-26 02:38:32.66563
2025-10-31T17:00:00Z,2025,Pages Unwritten (feat. Helios Relaxing Space),Finn,One Step Closer (feat. Helios Relaxing Space),Finn,Helios Records,QT2WN2500613,5056846117810,Piano Relaxing,YouTube RED,USD,India,IN,6,0,0,,,,0.00745,1.241667,RouteNote,Distro,"",2026-01-17T08:06:42.5066802Z,sale,sale_20260826_023305,2026-08-26 02:38:32.66563
2025-10-31T17:00:00Z,2025,Pages Unwritten (feat. Helios Relaxing Space),Finn,One Step Closer (feat. Helios Relaxing Space),Finn,Helios Records,QT2WN2500613,5056846117810,Piano Relaxing,YouTube RED,USD,Kuwait,KW,1,0,0,,,,0.01042,10.42,RouteNote,Distro,"",2026-01-17T08:06:42.5066929Z,sale,sale_20260826_023305,2026-08-26 02:38:32.66563
2025-10-31T17:00:00Z,2025,Pages Unwritten (feat. Helios Relaxing Space),Finn,One Step Closer (feat. Helios Relaxing Space),Finn,Helios Records,QT2WN2500613,5056846117810,Piano Relaxing,YouTube RED,USD,Latvia,LV,1,0,0,,,,0.00532,5.32,RouteNote,Distro,"",2026-01-17T08:06:42.5067044Z,sale,sale_20260826_023305,2026-08-26 02:38:32.66563
2025-10-31T17:00:00Z,2025,Pages Unwritten (feat. Helios Relaxing Space),Finn,One Step Closer (feat. Helios Relaxing Space),Finn,Helios Records,QT2WN2500613,5056846117810,Piano Relaxing,YouTube RED,USD,Mexico,MX,2,0,0,,,,0.00669,3.345,RouteNote,Distro,"",2026-01-17T08:06:42.5067158Z,sale,sale_20260826_023305,2026-08-26 02:38:32.66563
2025-10-31T17:00:00Z,2025,Pages Unwritten (feat. Helios Relaxing Space),Finn,One Step Closer (feat. Helios Relaxing Space),Finn,Helios Records,QT2WN2500613,5056846117810,Piano Relaxing,YouTube RED,USD,Malaysia,MY,1,0,0,,,,0.00484,4.84,RouteNote,Distro,"",2026-01-17T08:06:42.5067272Z,sale,sale_20260826_023305,2026-08-26 02:38:32.66563
2025-10-31T17:00:00Z,2025,Pages Unwritten (feat. Helios Relaxing Space),Finn,One Step Closer (feat. Helios Relaxing Space),Finn,Helios Records,QT2WN2500613,5056846117810,Piano Relaxing,YouTube RED,USD,New Zealand,NZ,2,0,0,,,,0.01261,6.305,RouteNote,Distro,"",2026-01-17T08:06:42.5067387Z,sale,sale_20260826_023305,2026-08-26 02:38:32.66563
2025-10-31T17:00:00Z,2025,Pages Unwritten (feat. Helios Relaxing Space),Finn,One Step Closer (feat. Helios Relaxing Space),Finn,Helios Records,QT2WN2500613,5056846117810,Piano Relaxing,YouTube RED,USD,Romania,RO,1,0,0,,,,0.0025,2.5,RouteNote,Distro,"",2026-01-17T08:06:42.506752Z,sale,sale_20260826_023305,2026-08-26 02:38:32.66563
2025-10-31T17:00:00Z,2025,Pages Unwritten (feat. Helios Relaxing Space),Finn,One Step Closer (feat. Helios Relaxing Space),Finn,Helios Records,QT2WN2500613,5056846117810,Piano Relaxing,YouTube RED,USD,Saudi Arabia,SA,1,0,0,,,,0.00648,6.48,RouteNote,Distro,"",2026-01-17T08:06:42.5067635Z,sale,sale_20260826_023305,2026-08-26 02:38:32.66563
2025-10-31T17:00:00Z,2025,Pages Unwritten (feat. Helios Relaxing Space),Finn,One Step Closer (feat. Helios Relaxing Space),Finn,Helios Records,QT2WN2500613,5056846117810,Piano Relaxing,YouTube RED,USD,Singapore,SG,1,0,0,,,,0.00705,7.05,RouteNote,Distro,"",2026-01-17T08:06:42.5067753Z,sale,sale_20260826_023305,2026-08-26 02:38:32.66563
2025-10-31T17:00:00Z,2025,Pages Unwritten (feat. Helios Relaxing Space),Finn,One Step Closer (feat. Helios Relaxing Space),Finn,Helios Records,QT2WN2500613,5056846117810,Piano Relaxing,YouTube RED,USD,Thailand,TH,3,0,0,,,,0.00666,2.22,RouteNote,Distro,"",2026-01-17T08:06:42.5067871Z,sale,sale_20260826_023305,2026-08-26 02:38:32.66563
2025-10-31T17:00:00Z,2025,Pages Unwritten (feat. Helios Relaxing Space),Finn,One Step Closer (feat. Helios Relaxing Space),Finn,Helios Records,QT2WN2500613,5056846117810,Piano Relaxing,YouTube RED,USD,Turkey,TR,4,0,0,,,,0.00373,0.9325,RouteNote,Distro,"",2026-01-17T08:06:42.5067999Z,sale,sale_20260826_023305,2026-08-26 02:38:32.66563
2025-10-31T17:00:00Z,2025,Pages Unwritten (feat. Helios Relaxing Space),Finn,One Step Closer (feat. Helios Relaxing Space),Finn,Helios Records,QT2WN2500613,5056846117810,Piano Relaxing,YouTube RED,USD,Taiwan (Province of China),TW,2,0,0,,,,0.00494,2.47,RouteNote,Distro,"",2026-01-17T08:06:42.5068114Z,sale,sale_20260826_023305,2026-08-26 02:38:32.66563
2025-10-31T17:00:00Z,2025,Pages Unwritten (feat. Helios Relaxing Space),Finn,One Step Closer (feat. Helios Relaxing Space),Finn,Helios Records,QT2WN2500613,5056846117810,Piano Relaxing,YouTube RED,USD,Ukraine,UA,4,0,0,,,,0.00857,2.1425,RouteNote,Distro,"",2026-01-17T08:06:42.5068231Z,sale,sale_20260826_023305,2026-08-26 02:38:32.66563
2025-10-31T17:00:00Z,2025,Pages Unwritten (feat. Helios Relaxing Space),Finn,One Step Closer (feat. Helios Relaxing Space),Finn,Helios Records,QT2WN2500613,5056846117810,Piano Relaxing,YouTube RED,USD,United States (the),US,15,0,0,,,,0.16026,10.684,RouteNote,Distro,"",2026-01-17T08:06:42.5068344Z,sale,sale_20260826_023305,2026-08-26 02:38:32.66563
2025-10-31T17:00:00Z,2025,Pages Unwritten (feat. Helios Relaxing Space),Finn,One Step Closer (feat. Helios Relaxing Space),Finn,Helios Records,QT2WN2500613,5056846117810,Piano Relaxing,YouTube RED,USD,South Africa,ZA,2,0,0,,,,0.0065,3.25,RouteNote,Distro,"",2026-01-17T08:06:42.5068459Z,sale,sale_20260826_023305,2026-08-26 02:38:32.66563
2025-10-31T17:00:00Z,2025,Pages Unwritten (feat. Helios Relaxing Space),Finn,One Step Closer (feat. Helios Relaxing Space),Finn,Helios Records,QT2WN2500613,5056846117810,Piano Relaxing,YouTube: Audio Tier,USD,Canada,CA,1,0,0,,,,0.00164,1.64,RouteNote,Distro,"",2026-01-17T08:06:42.5068589Z,sale,sale_20260826_023305,2026-08-26 02:38:32.66563
2025-10-31T17:00:00Z,2025,If Only for Now (feat. Helios Relaxing Space),Finn,One Step Closer (feat. Helios Relaxing Space),Finn,Helios Records,QT2WN2500614,5056846117810,Piano Relaxing,Amazon Music Unlimited,EUR,Germany,DE,1,0,0,,,,0,0,RouteNote,Distro,"",2026-01-17T08:06:42.5068703Z,sale,sale_20260826_023305,2026-08-26 02:38:32.66563
2025-10-31T17:00:00Z,2025,If Only for Now (feat. Helios Relaxing Space),Finn,One Step Closer (feat. Helios Relaxing Space),Finn,Helios Records,QT2WN2500614,5056846117810,Piano Relaxing,Apple Music,CAD,Canada,CA,2,0,0,,,,0.00986,4.93,RouteNote,Distro,"",2026-01-17T08:06:42.5068844Z,sale,sale_20260826_023305,2026-08-26 02:38:32.66563
2025-10-31T17:00:00Z,2025,If Only for Now (feat. Helios Relaxing Space),Finn,One Step Closer (feat. Helios Relaxing Space),Finn,Helios Records,QT2WN2500614,5056846117810,Piano Relaxing,Apple Music,RUB,Russian Federation (the),RU,2,0,0,,,,0.0036,1.8,RouteNote,Distro,"",2026-01-17T08:06:42.506896Z,sale,sale_20260826_023305,2026-08-26 02:38:32.66563
2025-10-31T17:00:00Z,2025,If Only for Now (feat. Helios Relaxing Space),Finn,One Step Closer (feat. Helios Relaxing Space),Finn,Helios Records,QT2WN2500614,5056846117810,Piano Relaxing,Apple Music,TWD,Taiwan (Province of China),TW,1,0,0,,,,0.00191,1.91,RouteNote,Distro,"",2026-01-17T08:06:42.5069077Z,sale,sale_20260826_023305,2026-08-26 02:38:32.66563
2025-10-31T17:00:00Z,2025,If Only for Now (feat. Helios Relaxing Space),Finn,One Step Closer (feat. Helios Relaxing Space),Finn,Helios Records,QT2WN2500614,5056846117810,Piano Relaxing,Apple Music,USD,United States (the),US,44,0,0,,,,0.19492,4.43,RouteNote,Distro,"",2026-01-17T08:06:42.5069211Z,sale,sale_20260826_023305,2026-08-26 02:38:32.66563
2025-10-31T17:00:00Z,2025,If Only for Now (feat. Helios Relaxing Space),Finn,One Step Closer (feat. Helios Relaxing Space),Finn,Helios Records,QT2WN2500614,5056846117810,Piano Relaxing,Apple Music,ZAR,South Africa,ZA,4,0,0,,,,0.00811,2.0275,RouteNote,Distro,"",2026-01-17T08:06:42.5069329Z,sale,sale_20260826_023305,2026-08-26 02:38:32.66563
2025-10-31T17:00:00Z,2025,If Only for Now (feat. Helios Relaxing Space),Finn,One Step Closer (feat. Helios Relaxing Space),Finn,Helios Records,QT2WN2500614,5056846117810,Piano Relaxing,Spotify,EUR,Argentina,AR,1,0,0,,,,0.00071,0.71,RouteNote,Distro,"",2026-01-17T08:06:42.5069439Z,sale,sale_20260826_023305,2026-08-26 02:38:32.66563
2025-10-31T17:00:00Z,2025,If Only for Now (feat. Helios Relaxing Space),Finn,One Step Closer (feat. Helios Relaxing Space),Finn,Helios Records,QT2WN2500614,5056846117810,Piano Relaxing,Spotify,EUR,Australia,AU,1,0,0,,,,0.00314,3.14,RouteNote,Distro,"",2026-01-17T08:06:42.5069553Z,sale,sale_20260826_023305,2026-08-26 02:38:32.66563
2025-10-31T17:00:00Z,2025,Tonic Note,Dee Art,Tonic Note,Dee Art,Helios Records,GBSMU8652644,5057917554367,Piano Relaxing,Apple Music,TWD,Taiwan (Province of China),TW,4,0,0,,,,0.00914,2.285,RouteNote,Distro,"",2026-01-17T08:06:42.5084876Z,sale,sale_20260826_023305,2026-08-26 02:38:32.66563
2025-10-31T17:00:00Z,2025,If Only for Now (feat. Helios Relaxing Space),Finn,One Step Closer (feat. Helios Relaxing Space),Finn,Helios Records,QT2WN2500614,5056846117810,Piano Relaxing,Spotify,EUR,Canada,CA,9,0,0,,,,0.02679,2.976667,RouteNote,Distro,"",2026-01-17T08:06:42.5069667Z,sale,sale_20260826_023305,2026-08-26 02:38:32.66563
2025-10-31T17:00:00Z,2025,If Only for Now (feat. Helios Relaxing Space),Finn,One Step Closer (feat. Helios Relaxing Space),Finn,Helios Records,QT2WN2500614,5056846117810,Piano Relaxing,Spotify,EUR,Germany,DE,2,0,0,,,,0.00957,4.785,RouteNote,Distro,"",2026-01-17T08:06:42.5069793Z,sale,sale_20260826_023305,2026-08-26 02:38:32.66563
2025-10-31T17:00:00Z,2025,If Only for Now (feat. Helios Relaxing Space),Finn,One Step Closer (feat. Helios Relaxing Space),Finn,Helios Records,QT2WN2500614,5056846117810,Piano Relaxing,Spotify,EUR,Hungary,HU,4,0,0,,,,0.01055,2.6375,RouteNote,Distro,"",2026-01-17T08:06:42.5069911Z,sale,sale_20260826_023305,2026-08-26 02:38:32.66563
2025-10-31T17:00:00Z,2025,If Only for Now (feat. Helios Relaxing Space),Finn,One Step Closer (feat. Helios Relaxing Space),Finn,Helios Records,QT2WN2500614,5056846117810,Piano Relaxing,Spotify,EUR,Indonesia,ID,3,0,0,,,,0.00175,0.583333,RouteNote,Distro,"",2026-01-17T08:06:42.5070025Z,sale,sale_20260826_023305,2026-08-26 02:38:32.66563
2025-10-31T17:00:00Z,2025,If Only for Now (feat. Helios Relaxing Space),Finn,One Step Closer (feat. Helios Relaxing Space),Finn,Helios Records,QT2WN2500614,5056846117810,Piano Relaxing,Spotify,EUR,Mexico,MX,1,0,0,,,,0.00026,0.26,RouteNote,Distro,"",2026-01-17T08:06:42.5070141Z,sale,sale_20260826_023305,2026-08-26 02:38:32.66563
2025-10-31T17:00:00Z,2025,If Only for Now (feat. Helios Relaxing Space),Finn,One Step Closer (feat. Helios Relaxing Space),Finn,Helios Records,QT2WN2500614,5056846117810,Piano Relaxing,Spotify,EUR,Malaysia,MY,1,0,0,,,,0.00083,0.83,RouteNote,Distro,"",2026-01-17T08:06:42.5070258Z,sale,sale_20260826_023305,2026-08-26 02:38:32.66563
2025-10-31T17:00:00Z,2025,If Only for Now (feat. Helios Relaxing Space),Finn,One Step Closer (feat. Helios Relaxing Space),Finn,Helios Records,QT2WN2500614,5056846117810,Piano Relaxing,Spotify,EUR,Philippines (the),PH,7,0,0,,,,0.00258,0.368571,RouteNote,Distro,"",2026-01-17T08:06:42.5070396Z,sale,sale_20260826_023305,2026-08-26 02:38:32.66563
2025-10-31T17:00:00Z,2025,If Only for Now (feat. Helios Relaxing Space),Finn,One Step Closer (feat. Helios Relaxing Space),Finn,Helios Records,QT2WN2500614,5056846117810,Piano Relaxing,Spotify,EUR,Singapore,SG,2,0,0,,,,0.00766,3.83,RouteNote,Distro,"",2026-01-17T08:06:42.5070513Z,sale,sale_20260826_023305,2026-08-26 02:38:32.66563
2025-10-31T17:00:00Z,2025,If Only for Now (feat. Helios Relaxing Space),Finn,One Step Closer (feat. Helios Relaxing Space),Finn,Helios Records,QT2WN2500614,5056846117810,Piano Relaxing,Spotify,EUR,South Africa,ZA,1,0,0,,,,0.00219,2.19,RouteNote,Distro,"",2026-01-17T08:06:42.5070623Z,sale,sale_20260826_023305,2026-08-26 02:38:32.66563
2025-10-31T17:00:00Z,2025,If Only for Now (feat. Helios Relaxing Space),Finn,One Step Closer (feat. Helios Relaxing Space),Finn,Helios Records,QT2WN2500614,5056846117810,Piano Relaxing,Spotify,USD,India,IN,2,0,0,,,,0.00062,0.31,RouteNote,Distro,"",2026-01-17T08:06:42.5070739Z,sale,sale_20260826_023305,2026-08-26 02:38:32.66563
2025-10-31T17:00:00Z,2025,If Only for Now (feat. Helios Relaxing Space),Finn,One Step Closer (feat. Helios Relaxing Space),Finn,Helios Records,QT2WN2500614,5056846117810,Piano Relaxing,Spotify,USD,Panama,PA,5,0,0,,,,0.00865,1.73,RouteNote,Distro,"",2026-01-17T08:06:42.5070849Z,sale,sale_20260826_023305,2026-08-26 02:38:32.66563
2025-10-31T17:00:00Z,2025,If Only for Now (feat. Helios Relaxing Space),Finn,One Step Closer (feat. Helios Relaxing Space),Finn,Helios Records,QT2WN2500614,5056846117810,Piano Relaxing,Spotify,USD,United States (the),US,2,0,0,,,,0.00501,2.505,RouteNote,Distro,"",2026-01-17T08:06:42.507098Z,sale,sale_20260826_023305,2026-08-26 02:38:32.66563
2025-10-31T17:00:00Z,2025,If Only for Now (feat. Helios Relaxing Space),Finn,One Step Closer (feat. Helios Relaxing Space),Finn,Helios Records,QT2WN2500614,5056846117810,Piano Relaxing,Tidal,USD,Denmark,DK,1,0,0,,,,0.00819,8.19,RouteNote,Distro,"",2026-01-17T08:06:42.5071098Z,sale,sale_20260826_023305,2026-08-26 02:38:32.66563
2025-10-31T17:00:00Z,2025,If Only for Now (feat. Helios Relaxing Space),Finn,One Step Closer (feat. Helios Relaxing Space),Finn,Helios Records,QT2WN2500614,5056846117810,Piano Relaxing,YouTube,USD,WorldWide,WW,10,0,0,,,,0.04955,4.955,RouteNote,Distro,"",2026-01-17T08:06:42.5071211Z,sale,sale_20260826_023305,2026-08-26 02:38:32.66563
2025-10-31T17:00:00Z,2025,If Only for Now (feat. Helios Relaxing Space),Finn,One Step Closer (feat. Helios Relaxing Space),Finn,Helios Records,QT2WN2500614,5056846117810,Piano Relaxing,YouTube RED,USD,Argentina,AR,1,0,0,,,,0.00175,1.75,RouteNote,Distro,"",2026-01-17T08:06:42.5071324Z,sale,sale_20260826_023305,2026-08-26 02:38:32.66563
2025-10-31T17:00:00Z,2025,If Only for Now (feat. Helios Relaxing Space),Finn,One Step Closer (feat. Helios Relaxing Space),Finn,Helios Records,QT2WN2500614,5056846117810,Piano Relaxing,YouTube RED,USD,Australia,AU,2,0,0,,,,0.02918,14.59,RouteNote,Distro,"",2026-01-17T08:06:42.5071435Z,sale,sale_20260826_023305,2026-08-26 02:38:32.66563
2025-10-31T17:00:00Z,2025,If Only for Now (feat. Helios Relaxing Space),Finn,One Step Closer (feat. Helios Relaxing Space),Finn,Helios Records,QT2WN2500614,5056846117810,Piano Relaxing,YouTube RED,USD,Belgium,BE,1,0,0,,,,0.00973,9.73,RouteNote,Distro,"",2026-01-17T08:06:42.5071563Z,sale,sale_20260826_023305,2026-08-26 02:38:32.66563
2025-10-31T17:00:00Z,2025,If Only for Now (feat. Helios Relaxing Space),Finn,One Step Closer (feat. Helios Relaxing Space),Finn,Helios Records,QT2WN2500614,5056846117810,Piano Relaxing,YouTube RED,USD,Canada,CA,1,0,0,,,,0.00416,4.16,RouteNote,Distro,"",2026-01-17T08:06:42.5071678Z,sale,sale_20260826_023305,2026-08-26 02:38:32.66563
2025-10-31T17:00:00Z,2025,If Only for Now (feat. Helios Relaxing Space),Finn,One Step Closer (feat. Helios Relaxing Space),Finn,Helios Records,QT2WN2500614,5056846117810,Piano Relaxing,YouTube RED,USD,Switzerland,CH,2,0,0,,,,0.02656,13.28,RouteNote,Distro,"",2026-01-17T08:06:42.5071791Z,sale,sale_20260826_023305,2026-08-26 02:38:32.66563
2025-10-31T17:00:00Z,2025,If Only for Now (feat. Helios Relaxing Space),Finn,One Step Closer (feat. Helios Relaxing Space),Finn,Helios Records,QT2WN2500614,5056846117810,Piano Relaxing,YouTube RED,USD,Germany,DE,1,0,0,,,,0.0206,20.6,RouteNote,Distro,"",2026-01-17T08:06:42.5071902Z,sale,sale_20260826_023305,2026-08-26 02:38:32.66563
2025-10-31T17:00:00Z,2025,If Only for Now (feat. Helios Relaxing Space),Finn,One Step Closer (feat. Helios Relaxing Space),Finn,Helios Records,QT2WN2500614,5056846117810,Piano Relaxing,YouTube RED,USD,France,FR,1,0,0,,,,0.00869,8.69,RouteNote,Distro,"",2026-01-17T08:06:42.5072055Z,sale,sale_20260826_023305,2026-08-26 02:38:32.66563
2025-10-31T17:00:00Z,2025,If Only for Now (feat. Helios Relaxing Space),Finn,One Step Closer (feat. Helios Relaxing Space),Finn,Helios Records,QT2WN2500614,5056846117810,Piano Relaxing,YouTube RED,USD,India,IN,3,0,0,,,,0.00331,1.103333,RouteNote,Distro,"",2026-01-17T08:06:42.5072175Z,sale,sale_20260826_023305,2026-08-26 02:38:32.66563
2025-10-31T17:00:00Z,2025,If Only for Now (feat. Helios Relaxing Space),Finn,One Step Closer (feat. Helios Relaxing Space),Finn,Helios Records,QT2WN2500614,5056846117810,Piano Relaxing,YouTube RED,USD,Japan,JP,1,0,0,,,,0.00722,7.22,RouteNote,Distro,"",2026-01-17T08:06:42.5072288Z,sale,sale_20260826_023305,2026-08-26 02:38:32.66563
2025-10-31T17:00:00Z,2025,If Only for Now (feat. Helios Relaxing Space),Finn,One Step Closer (feat. Helios Relaxing Space),Finn,Helios Records,QT2WN2500614,5056846117810,Piano Relaxing,YouTube RED,USD,Mexico,MX,1,0,0,,,,0.00171,1.71,RouteNote,Distro,"",2026-01-17T08:06:42.5072399Z,sale,sale_20260826_023305,2026-08-26 02:38:32.66563
2025-10-31T17:00:00Z,2025,If Only for Now (feat. Helios Relaxing Space),Finn,One Step Closer (feat. Helios Relaxing Space),Finn,Helios Records,QT2WN2500614,5056846117810,Piano Relaxing,YouTube RED,USD,Serbia,RS,1,0,0,,,,0.00582,5.82,RouteNote,Distro,"",2026-01-17T08:06:42.5072517Z,sale,sale_20260826_023305,2026-08-26 02:38:32.66563
2025-10-31T17:00:00Z,2025,If Only for Now (feat. Helios Relaxing Space),Finn,One Step Closer (feat. Helios Relaxing Space),Finn,Helios Records,QT2WN2500614,5056846117810,Piano Relaxing,YouTube RED,USD,Saudi Arabia,SA,1,0,0,,,,0.00648,6.48,RouteNote,Distro,"",2026-01-17T08:06:42.5072644Z,sale,sale_20260826_023305,2026-08-26 02:38:32.66563
2025-10-31T17:00:00Z,2025,If Only for Now (feat. Helios Relaxing Space),Finn,One Step Closer (feat. Helios Relaxing Space),Finn,Helios Records,QT2WN2500614,5056846117810,Piano Relaxing,YouTube RED,USD,Singapore,SG,2,0,0,,,,0.01411,7.055,RouteNote,Distro,"",2026-01-17T08:06:42.5072755Z,sale,sale_20260826_023305,2026-08-26 02:38:32.66563
2025-10-31T17:00:00Z,2025,If Only for Now (feat. Helios Relaxing Space),Finn,One Step Closer (feat. Helios Relaxing Space),Finn,Helios Records,QT2WN2500614,5056846117810,Piano Relaxing,YouTube RED,USD,Turkey,TR,2,0,0,,,,0.00254,1.27,RouteNote,Distro,"",2026-01-17T08:06:42.5072872Z,sale,sale_20260826_023305,2026-08-26 02:38:32.66563
2025-10-31T17:00:00Z,2025,If Only for Now (feat. Helios Relaxing Space),Finn,One Step Closer (feat. Helios Relaxing Space),Finn,Helios Records,QT2WN2500614,5056846117810,Piano Relaxing,YouTube RED,USD,United States (the),US,15,0,0,,,,0.13902,9.268,RouteNote,Distro,"",2026-01-17T08:06:42.5072986Z,sale,sale_20260826_023305,2026-08-26 02:38:32.66563
2025-10-31T17:00:00Z,2025,If Only for Now (feat. Helios Relaxing Space),Finn,One Step Closer (feat. Helios Relaxing Space),Finn,Helios Records,QT2WN2500614,5056846117810,Piano Relaxing,YouTube RED,USD,South Africa,ZA,1,0,0,,,,0.003,3,RouteNote,Distro,"",2026-01-17T08:06:42.50731Z,sale,sale_20260826_023305,2026-08-26 02:38:32.66563
2025-10-31T17:00:00Z,2025,Let It Be Still (feat. Helios Relaxing Space),Finn,One Step Closer (feat. Helios Relaxing Space),Finn,Helios Records,QT2WN2500615,5056846117810,Piano Relaxing,Apple Music,CAD,Canada,CA,2,0,0,,,,0.00986,4.93,RouteNote,Distro,"",2026-01-17T08:06:42.5073225Z,sale,sale_20260826_023305,2026-08-26 02:38:32.66563
2025-10-31T17:00:00Z,2025,Let It Be Still (feat. Helios Relaxing Space),Finn,One Step Closer (feat. Helios Relaxing Space),Finn,Helios Records,QT2WN2500615,5056846117810,Piano Relaxing,Apple Music,TWD,Taiwan (Province of China),TW,1,0,0,,,,0.00191,1.91,RouteNote,Distro,"",2026-01-17T08:06:42.5073341Z,sale,sale_20260826_023305,2026-08-26 02:38:32.66563
2025-10-31T17:00:00Z,2025,Let It Be Still (feat. Helios Relaxing Space),Finn,One Step Closer (feat. Helios Relaxing Space),Finn,Helios Records,QT2WN2500615,5056846117810,Piano Relaxing,Apple Music,USD,United States (the),US,42,0,0,,,,0.18237,4.342143,RouteNote,Distro,"",2026-01-17T08:06:42.5073455Z,sale,sale_20260826_023305,2026-08-26 02:38:32.66563
2025-10-31T17:00:00Z,2025,Let It Be Still (feat. Helios Relaxing Space),Finn,One Step Closer (feat. Helios Relaxing Space),Finn,Helios Records,QT2WN2500615,5056846117810,Piano Relaxing,Apple Music,ZAR,South Africa,ZA,4,0,0,,,,0.00811,2.0275,RouteNote,Distro,"",2026-01-17T08:06:42.5073576Z,sale,sale_20260826_023305,2026-08-26 02:38:32.66563
2025-10-31T17:00:00Z,2025,Let It Be Still (feat. Helios Relaxing Space),Finn,One Step Closer (feat. Helios Relaxing Space),Finn,Helios Records,QT2WN2500615,5056846117810,Piano Relaxing,Spotify,EUR,Australia,AU,1,0,0,,,,0.00314,3.14,RouteNote,Distro,"",2026-01-17T08:06:42.5073693Z,sale,sale_20260826_023305,2026-08-26 02:38:32.66563
2025-10-31T17:00:00Z,2025,Let It Be Still (feat. Helios Relaxing Space),Finn,One Step Closer (feat. Helios Relaxing Space),Finn,Helios Records,QT2WN2500615,5056846117810,Piano Relaxing,Spotify,EUR,Brazil,BR,1,0,0,,,,0.00259,2.59,RouteNote,Distro,"",2026-01-17T08:06:42.5073826Z,sale,sale_20260826_023305,2026-08-26 02:38:32.66563
2025-10-31T17:00:00Z,2025,Let It Be Still (feat. Helios Relaxing Space),Finn,One Step Closer (feat. Helios Relaxing Space),Finn,Helios Records,QT2WN2500615,5056846117810,Piano Relaxing,Spotify,EUR,Canada,CA,9,0,0,,,,0.03156,3.506667,RouteNote,Distro,"",2026-01-17T08:06:42.5073944Z,sale,sale_20260826_023305,2026-08-26 02:38:32.66563
2025-10-31T17:00:00Z,2025,Let It Be Still (feat. Helios Relaxing Space),Finn,One Step Closer (feat. Helios Relaxing Space),Finn,Helios Records,QT2WN2500615,5056846117810,Piano Relaxing,Spotify,EUR,Germany,DE,2,0,0,,,,0.00957,4.785,RouteNote,Distro,"",2026-01-17T08:06:42.5074058Z,sale,sale_20260826_023305,2026-08-26 02:38:32.66563
2025-10-31T17:00:00Z,2025,Let It Be Still (feat. Helios Relaxing Space),Finn,One Step Closer (feat. Helios Relaxing Space),Finn,Helios Records,QT2WN2500615,5056846117810,Piano Relaxing,Spotify,EUR,Hungary,HU,4,0,0,,,,0.01055,2.6375,RouteNote,Distro,"",2026-01-17T08:06:42.5074172Z,sale,sale_20260826_023305,2026-08-26 02:38:32.66563
2025-10-31T17:00:00Z,2025,Let It Be Still (feat. Helios Relaxing Space),Finn,One Step Closer (feat. Helios Relaxing Space),Finn,Helios Records,QT2WN2500615,5056846117810,Piano Relaxing,Spotify,EUR,Indonesia,ID,2,0,0,,,,0.00174,0.87,RouteNote,Distro,"",2026-01-17T08:06:42.5074293Z,sale,sale_20260826_023305,2026-08-26 02:38:32.66563
2025-10-31T17:00:00Z,2025,Let It Be Still (feat. Helios Relaxing Space),Finn,One Step Closer (feat. Helios Relaxing Space),Finn,Helios Records,QT2WN2500615,5056846117810,Piano Relaxing,Spotify,EUR,Philippines (the),PH,6,0,0,,,,0.00079,0.131667,RouteNote,Distro,"",2026-01-17T08:06:42.5074426Z,sale,sale_20260826_023305,2026-08-26 02:38:32.66563
2025-10-31T17:00:00Z,2025,Let It Be Still (feat. Helios Relaxing Space),Finn,One Step Closer (feat. Helios Relaxing Space),Finn,Helios Records,QT2WN2500615,5056846117810,Piano Relaxing,Spotify,EUR,Singapore,SG,1,0,0,,,,0.00196,1.96,RouteNote,Distro,"",2026-01-17T08:06:42.5074541Z,sale,sale_20260826_023305,2026-08-26 02:38:32.66563
2025-10-31T17:00:00Z,2025,Let It Be Still (feat. Helios Relaxing Space),Finn,One Step Closer (feat. Helios Relaxing Space),Finn,Helios Records,QT2WN2500615,5056846117810,Piano Relaxing,Spotify,EUR,South Africa,ZA,1,0,0,,,,0.00219,2.19,RouteNote,Distro,"",2026-01-17T08:06:42.507465Z,sale,sale_20260826_023305,2026-08-26 02:38:32.66563
2025-10-31T17:00:00Z,2025,Let It Be Still (feat. Helios Relaxing Space),Finn,One Step Closer (feat. Helios Relaxing Space),Finn,Helios Records,QT2WN2500615,5056846117810,Piano Relaxing,Spotify,USD,India,IN,1,0,0,,,,0.00031,0.31,RouteNote,Distro,"",2026-01-17T08:06:42.5074765Z,sale,sale_20260826_023305,2026-08-26 02:38:32.66563
2025-10-31T17:00:00Z,2025,Let It Be Still (feat. Helios Relaxing Space),Finn,One Step Closer (feat. Helios Relaxing Space),Finn,Helios Records,QT2WN2500615,5056846117810,Piano Relaxing,Spotify,USD,Panama,PA,4,0,0,,,,0.00692,1.73,RouteNote,Distro,"",2026-01-17T08:06:42.5074878Z,sale,sale_20260826_023305,2026-08-26 02:38:32.66563
2025-10-31T17:00:00Z,2025,Let It Be Still (feat. Helios Relaxing Space),Finn,One Step Closer (feat. Helios Relaxing Space),Finn,Helios Records,QT2WN2500615,5056846117810,Piano Relaxing,Spotify,USD,United States (the),US,3,0,0,,,,0.00751,2.503333,RouteNote,Distro,"",2026-01-17T08:06:42.5075009Z,sale,sale_20260826_023305,2026-08-26 02:38:32.66563
2025-10-31T17:00:00Z,2025,Let It Be Still (feat. Helios Relaxing Space),Finn,One Step Closer (feat. Helios Relaxing Space),Finn,Helios Records,QT2WN2500615,5056846117810,Piano Relaxing,Tidal,USD,Denmark,DK,1,0,0,,,,0.00819,8.19,RouteNote,Distro,"",2026-01-17T08:06:42.5075129Z,sale,sale_20260826_023305,2026-08-26 02:38:32.66563
2025-10-31T17:00:00Z,2025,Let It Be Still (feat. Helios Relaxing Space),Finn,One Step Closer (feat. Helios Relaxing Space),Finn,Helios Records,QT2WN2500615,5056846117810,Piano Relaxing,YouTube,USD,WorldWide,WW,4,0,0,,,,0.0017,0.425,RouteNote,Distro,"",2026-01-17T08:06:42.507525Z,sale,sale_20260826_023305,2026-08-26 02:38:32.66563
2025-10-31T17:00:00Z,2025,Let It Be Still (feat. Helios Relaxing Space),Finn,One Step Closer (feat. Helios Relaxing Space),Finn,Helios Records,QT2WN2500615,5056846117810,Piano Relaxing,YouTube RED,USD,Brazil,BR,1,0,0,,,,0.0035,3.5,RouteNote,Distro,"",2026-01-17T08:06:42.5075364Z,sale,sale_20260826_023305,2026-08-26 02:38:32.66563
2025-10-31T17:00:00Z,2025,Let It Be Still (feat. Helios Relaxing Space),Finn,One Step Closer (feat. Helios Relaxing Space),Finn,Helios Records,QT2WN2500615,5056846117810,Piano Relaxing,YouTube RED,USD,India,IN,1,0,0,,,,0.00089,0.89,RouteNote,Distro,"",2026-01-17T08:06:42.5075476Z,sale,sale_20260826_023305,2026-08-26 02:38:32.66563
2025-10-31T17:00:00Z,2025,Let It Be Still (feat. Helios Relaxing Space),Finn,One Step Closer (feat. Helios Relaxing Space),Finn,Helios Records,QT2WN2500615,5056846117810,Piano Relaxing,YouTube RED,USD,Taiwan (Province of China),TW,9,0,0,,,,0.05652,6.28,RouteNote,Distro,"",2026-01-17T08:06:42.5075605Z,sale,sale_20260826_023305,2026-08-26 02:38:32.66563
2025-10-31T17:00:00Z,2025,Let It Be Still (feat. Helios Relaxing Space),Finn,One Step Closer (feat. Helios Relaxing Space),Finn,Helios Records,QT2WN2500615,5056846117810,Piano Relaxing,YouTube RED,USD,Ukraine,UA,1,0,0,,,,0.00191,1.91,RouteNote,Distro,"",2026-01-17T08:06:42.5075725Z,sale,sale_20260826_023305,2026-08-26 02:38:32.66563
2025-10-31T17:00:00Z,2025,Stillness (feat. Helios Relaxing Space),Finn,One Step Closer (feat. Helios Relaxing Space),Finn,Helios Records,QT2WN2500616,5056846117810,Piano Relaxing,Apple Music,CAD,Canada,CA,2,0,0,,,,0.00986,4.93,RouteNote,Distro,"",2026-01-17T08:06:42.5075838Z,sale,sale_20260826_023305,2026-08-26 02:38:32.66563
2025-10-31T17:00:00Z,2025,Stillness (feat. Helios Relaxing Space),Finn,One Step Closer (feat. Helios Relaxing Space),Finn,Helios Records,QT2WN2500616,5056846117810,Piano Relaxing,Apple Music,TWD,Taiwan (Province of China),TW,1,0,0,,,,0.00191,1.91,RouteNote,Distro,"",2026-01-17T08:06:42.507595Z,sale,sale_20260826_023305,2026-08-26 02:38:32.66563
2025-10-31T17:00:00Z,2025,Stillness (feat. Helios Relaxing Space),Finn,One Step Closer (feat. Helios Relaxing Space),Finn,Helios Records,QT2WN2500616,5056846117810,Piano Relaxing,Apple Music,USD,United States (the),US,29,0,0,,,,0.12893,4.445862,RouteNote,Distro,"",2026-01-17T08:06:42.5076079Z,sale,sale_20260826_023305,2026-08-26 02:38:32.66563
2025-10-31T17:00:00Z,2025,Stillness (feat. Helios Relaxing Space),Finn,One Step Closer (feat. Helios Relaxing Space),Finn,Helios Records,QT2WN2500616,5056846117810,Piano Relaxing,Apple Music,ZAR,South Africa,ZA,3,0,0,,,,0.00608,2.026667,RouteNote,Distro,"",2026-01-17T08:06:42.5076193Z,sale,sale_20260826_023305,2026-08-26 02:38:32.66563
2025-10-31T17:00:00Z,2025,Stillness (feat. Helios Relaxing Space),Finn,One Step Closer (feat. Helios Relaxing Space),Finn,Helios Records,QT2WN2500616,5056846117810,Piano Relaxing,Spotify,EUR,Australia,AU,2,0,0,,,,0.00628,3.14,RouteNote,Distro,"",2026-01-17T08:06:42.5076312Z,sale,sale_20260826_023305,2026-08-26 02:38:32.66563
2025-10-31T17:00:00Z,2025,Stillness (feat. Helios Relaxing Space),Finn,One Step Closer (feat. Helios Relaxing Space),Finn,Helios Records,QT2WN2500616,5056846117810,Piano Relaxing,Spotify,EUR,Canada,CA,11,0,0,,,,0.03672,3.338182,RouteNote,Distro,"",2026-01-17T08:06:42.5076429Z,sale,sale_20260826_023305,2026-08-26 02:38:32.66563
2025-10-31T17:00:00Z,2025,Stillness (feat. Helios Relaxing Space),Finn,One Step Closer (feat. Helios Relaxing Space),Finn,Helios Records,QT2WN2500616,5056846117810,Piano Relaxing,Spotify,EUR,Germany,DE,2,0,0,,,,0.00957,4.785,RouteNote,Distro,"",2026-01-17T08:06:42.507654Z,sale,sale_20260826_023305,2026-08-26 02:38:32.66563
2025-10-31T17:00:00Z,2025,Stillness (feat. Helios Relaxing Space),Finn,One Step Closer (feat. Helios Relaxing Space),Finn,Helios Records,QT2WN2500616,5056846117810,Piano Relaxing,Spotify,EUR,Indonesia,ID,4,0,0,,,,0.00176,0.44,RouteNote,Distro,"",2026-01-17T08:06:42.5076677Z,sale,sale_20260826_023305,2026-08-26 02:38:32.66563
2025-10-31T17:00:00Z,2025,Stillness (feat. Helios Relaxing Space),Finn,One Step Closer (feat. Helios Relaxing Space),Finn,Helios Records,QT2WN2500616,5056846117810,Piano Relaxing,Spotify,EUR,Israel,IL,1,0,0,,,,0.00251,2.51,RouteNote,Distro,"",2026-01-17T08:06:42.5076791Z,sale,sale_20260826_023305,2026-08-26 02:38:32.66563
2025-10-31T17:00:00Z,2025,Stillness (feat. Helios Relaxing Space),Finn,One Step Closer (feat. Helios Relaxing Space),Finn,Helios Records,QT2WN2500616,5056846117810,Piano Relaxing,Spotify,EUR,Malaysia,MY,2,0,0,,,,0.00255,1.275,RouteNote,Distro,"",2026-01-17T08:06:42.5076907Z,sale,sale_20260826_023305,2026-08-26 02:38:32.66563
2025-10-31T17:00:00Z,2025,Stillness (feat. Helios Relaxing Space),Finn,One Step Closer (feat. Helios Relaxing Space),Finn,Helios Records,QT2WN2500616,5056846117810,Piano Relaxing,Spotify,EUR,Philippines (the),PH,6,0,0,,,,0.00251,0.418333,RouteNote,Distro,"",2026-01-17T08:06:42.5077021Z,sale,sale_20260826_023305,2026-08-26 02:38:32.66563
2025-10-31T17:00:00Z,2025,Stillness (feat. Helios Relaxing Space),Finn,One Step Closer (feat. Helios Relaxing Space),Finn,Helios Records,QT2WN2500616,5056846117810,Piano Relaxing,Spotify,USD,India,IN,2,0,0,,,,0.00062,0.31,RouteNote,Distro,"",2026-01-17T08:06:42.5077136Z,sale,sale_20260826_023305,2026-08-26 02:38:32.66563
2025-10-31T17:00:00Z,2025,Stillness (feat. Helios Relaxing Space),Finn,One Step Closer (feat. Helios Relaxing Space),Finn,Helios Records,QT2WN2500616,5056846117810,Piano Relaxing,Spotify,USD,Panama,PA,3,0,0,,,,0.00519,1.73,RouteNote,Distro,"",2026-01-17T08:06:42.5077268Z,sale,sale_20260826_023305,2026-08-26 02:38:32.66563
2025-10-31T17:00:00Z,2025,Stillness (feat. Helios Relaxing Space),Finn,One Step Closer (feat. Helios Relaxing Space),Finn,Helios Records,QT2WN2500616,5056846117810,Piano Relaxing,Spotify,USD,United States (the),US,2,0,0,,,,0.00501,2.505,RouteNote,Distro,"",2026-01-17T08:06:42.507738Z,sale,sale_20260826_023305,2026-08-26 02:38:32.66563
2025-10-31T17:00:00Z,2025,One Last Dance (feat. Helios Relaxing Space),Finn,One Step Closer (feat. Helios Relaxing Space),Finn,Helios Records,QT2WN2500617,5056846117810,Piano Relaxing,Apple Music,CAD,Canada,CA,2,0,0,,,,0.00986,4.93,RouteNote,Distro,"",2026-01-17T08:06:42.5077493Z,sale,sale_20260826_023305,2026-08-26 02:38:32.66563
2025-10-31T17:00:00Z,2025,One Last Dance (feat. Helios Relaxing Space),Finn,One Step Closer (feat. Helios Relaxing Space),Finn,Helios Records,QT2WN2500617,5056846117810,Piano Relaxing,Apple Music,RUB,Russian Federation (the),RU,2,0,0,,,,0.00362,1.81,RouteNote,Distro,"",2026-01-17T08:06:42.5077605Z,sale,sale_20260826_023305,2026-08-26 02:38:32.66563
2025-10-31T17:00:00Z,2025,One Last Dance (feat. Helios Relaxing Space),Finn,One Step Closer (feat. Helios Relaxing Space),Finn,Helios Records,QT2WN2500617,5056846117810,Piano Relaxing,Apple Music,TWD,Taiwan (Province of China),TW,1,0,0,,,,0.00191,1.91,RouteNote,Distro,"",2026-01-17T08:06:42.5077713Z,sale,sale_20260826_023305,2026-08-26 02:38:32.66563
2025-10-31T17:00:00Z,2025,One Last Dance (feat. Helios Relaxing Space),Finn,One Step Closer (feat. Helios Relaxing Space),Finn,Helios Records,QT2WN2500617,5056846117810,Piano Relaxing,Apple Music,USD,United States (the),US,43,0,0,,,,0.18682,4.344651,RouteNote,Distro,"",2026-01-17T08:06:42.507785Z,sale,sale_20260826_023305,2026-08-26 02:38:32.66563
2025-10-31T17:00:00Z,2025,One Last Dance (feat. Helios Relaxing Space),Finn,One Step Closer (feat. Helios Relaxing Space),Finn,Helios Records,QT2WN2500617,5056846117810,Piano Relaxing,Apple Music,ZAR,South Africa,ZA,5,0,0,,,,0.01014,2.028,RouteNote,Distro,"",2026-01-17T08:06:42.5077965Z,sale,sale_20260826_023305,2026-08-26 02:38:32.66563
2025-10-31T17:00:00Z,2025,One Last Dance (feat. Helios Relaxing Space),Finn,One Step Closer (feat. Helios Relaxing Space),Finn,Helios Records,QT2WN2500617,5056846117810,Piano Relaxing,Spotify,EUR,Australia,AU,1,0,0,,,,0.00314,3.14,RouteNote,Distro,"",2026-01-17T08:06:42.5078079Z,sale,sale_20260826_023305,2026-08-26 02:38:32.66563
2025-10-31T17:00:00Z,2025,One Last Dance (feat. Helios Relaxing Space),Finn,One Step Closer (feat. Helios Relaxing Space),Finn,Helios Records,QT2WN2500617,5056846117810,Piano Relaxing,Spotify,EUR,Canada,CA,9,0,0,,,,0.02469,2.743333,RouteNote,Distro,"",2026-01-17T08:06:42.5078194Z,sale,sale_20260826_023305,2026-08-26 02:38:32.66563
2025-10-31T17:00:00Z,2025,One Last Dance (feat. Helios Relaxing Space),Finn,One Step Closer (feat. Helios Relaxing Space),Finn,Helios Records,QT2WN2500617,5056846117810,Piano Relaxing,Spotify,EUR,Germany,DE,2,0,0,,,,0.00957,4.785,RouteNote,Distro,"",2026-01-17T08:06:42.5078312Z,sale,sale_20260826_023305,2026-08-26 02:38:32.66563
2025-10-31T17:00:00Z,2025,One Last Dance (feat. Helios Relaxing Space),Finn,One Step Closer (feat. Helios Relaxing Space),Finn,Helios Records,QT2WN2500617,5056846117810,Piano Relaxing,Spotify,EUR,Hungary,HU,1,0,0,,,,0.00264,2.64,RouteNote,Distro,"",2026-01-17T08:06:42.5078445Z,sale,sale_20260826_023305,2026-08-26 02:38:32.66563
2025-10-31T17:00:00Z,2025,One Last Dance (feat. Helios Relaxing Space),Finn,One Step Closer (feat. Helios Relaxing Space),Finn,Helios Records,QT2WN2500617,5056846117810,Piano Relaxing,Spotify,EUR,Indonesia,ID,3,0,0,,,,0.00175,0.583333,RouteNote,Distro,"",2026-01-17T08:06:42.5078555Z,sale,sale_20260826_023305,2026-08-26 02:38:32.66563
2025-10-31T17:00:00Z,2025,One Last Dance (feat. Helios Relaxing Space),Finn,One Step Closer (feat. Helios Relaxing Space),Finn,Helios Records,QT2WN2500617,5056846117810,Piano Relaxing,Spotify,EUR,Malaysia,MY,2,0,0,,,,0.00255,1.275,RouteNote,Distro,"",2026-01-17T08:06:42.5078665Z,sale,sale_20260826_023305,2026-08-26 02:38:32.66563
2025-10-31T17:00:00Z,2025,One Last Dance (feat. Helios Relaxing Space),Finn,One Step Closer (feat. Helios Relaxing Space),Finn,Helios Records,QT2WN2500617,5056846117810,Piano Relaxing,Spotify,EUR,Philippines (the),PH,9,0,0,,,,0.00266,0.295556,RouteNote,Distro,"",2026-01-17T08:06:42.5078779Z,sale,sale_20260826_023305,2026-08-26 02:38:32.66563
2025-10-31T17:00:00Z,2025,One Last Dance (feat. Helios Relaxing Space),Finn,One Step Closer (feat. Helios Relaxing Space),Finn,Helios Records,QT2WN2500617,5056846117810,Piano Relaxing,Spotify,EUR,Singapore,SG,4,0,0,,,,0.01533,3.8325,RouteNote,Distro,"",2026-01-17T08:06:42.507889Z,sale,sale_20260826_023305,2026-08-26 02:38:32.66563
2025-10-31T17:00:00Z,2025,One Last Dance (feat. Helios Relaxing Space),Finn,One Step Closer (feat. Helios Relaxing Space),Finn,Helios Records,QT2WN2500617,5056846117810,Piano Relaxing,Spotify,USD,India,IN,1,0,0,,,,0.00031,0.31,RouteNote,Distro,"",2026-01-17T08:06:42.5079021Z,sale,sale_20260826_023305,2026-08-26 02:38:32.66563
2025-10-31T17:00:00Z,2025,One Last Dance (feat. Helios Relaxing Space),Finn,One Step Closer (feat. Helios Relaxing Space),Finn,Helios Records,QT2WN2500617,5056846117810,Piano Relaxing,Spotify,USD,Panama,PA,4,0,0,,,,0.00692,1.73,RouteNote,Distro,"",2026-01-17T08:06:42.5079131Z,sale,sale_20260826_023305,2026-08-26 02:38:32.66563
2025-10-31T17:00:00Z,2025,One Last Dance (feat. Helios Relaxing Space),Finn,One Step Closer (feat. Helios Relaxing Space),Finn,Helios Records,QT2WN2500617,5056846117810,Piano Relaxing,Spotify,USD,United States (the),US,6,0,0,,,,0.01502,2.503333,RouteNote,Distro,"",2026-01-17T08:06:42.5079239Z,sale,sale_20260826_023305,2026-08-26 02:38:32.66563
2025-10-31T17:00:00Z,2025,One Step Closer (feat. Helios Relaxing Space),Finn,One Step Closer (feat. Helios Relaxing Space),Finn,Helios Records,QT2WN2500618,5056846117810,Piano Relaxing,Apple Music,CAD,Canada,CA,3,0,0,,,,0.0164,5.466667,RouteNote,Distro,"",2026-01-17T08:06:42.5079354Z,sale,sale_20260826_023305,2026-08-26 02:38:32.66563
2025-10-31T17:00:00Z,2025,One Step Closer (feat. Helios Relaxing Space),Finn,One Step Closer (feat. Helios Relaxing Space),Finn,Helios Records,QT2WN2500618,5056846117810,Piano Relaxing,Apple Music,RUB,Russian Federation (the),RU,2,0,0,,,,0.0036,1.8,RouteNote,Distro,"",2026-01-17T08:06:42.5079465Z,sale,sale_20260826_023305,2026-08-26 02:38:32.66563
2025-10-31T17:00:00Z,2025,One Step Closer (feat. Helios Relaxing Space),Finn,One Step Closer (feat. Helios Relaxing Space),Finn,Helios Records,QT2WN2500618,5056846117810,Piano Relaxing,Apple Music,TWD,Taiwan (Province of China),TW,1,0,0,,,,0.00191,1.91,RouteNote,Distro,"",2026-01-17T08:06:42.5079595Z,sale,sale_20260826_023305,2026-08-26 02:38:32.66563
2025-10-31T17:00:00Z,2025,One Step Closer (feat. Helios Relaxing Space),Finn,One Step Closer (feat. Helios Relaxing Space),Finn,Helios Records,QT2WN2500618,5056846117810,Piano Relaxing,Apple Music,USD,United States (the),US,44,0,0,,,,0.19631,4.461591,RouteNote,Distro,"",2026-01-17T08:06:42.5079709Z,sale,sale_20260826_023305,2026-08-26 02:38:32.66563
2025-10-31T17:00:00Z,2025,One Step Closer (feat. Helios Relaxing Space),Finn,One Step Closer (feat. Helios Relaxing Space),Finn,Helios Records,QT2WN2500618,5056846117810,Piano Relaxing,Apple Music,ZAR,South Africa,ZA,2,0,0,,,,0.00405,2.025,RouteNote,Distro,"",2026-01-17T08:06:42.5079849Z,sale,sale_20260826_023305,2026-08-26 02:38:32.66563
2025-10-31T17:00:00Z,2025,One Step Closer (feat. Helios Relaxing Space),Finn,One Step Closer (feat. Helios Relaxing Space),Finn,Helios Records,QT2WN2500618,5056846117810,Piano Relaxing,Deezer,EUR,Belgium,BE,1,0,0,,,,0.00799,7.99,RouteNote,Distro,"",2026-01-17T08:06:42.5079972Z,sale,sale_20260826_023305,2026-08-26 02:38:32.66563
2025-10-31T17:00:00Z,2025,One Step Closer (feat. Helios Relaxing Space),Finn,One Step Closer (feat. Helios Relaxing Space),Finn,Helios Records,QT2WN2500618,5056846117810,Piano Relaxing,Spotify,EUR,Australia,AU,1,0,0,,,,0.00314,3.14,RouteNote,Distro,"",2026-01-17T08:06:42.5080107Z,sale,sale_20260826_023305,2026-08-26 02:38:32.66563
2025-10-31T17:00:00Z,2025,One Step Closer (feat. Helios Relaxing Space),Finn,One Step Closer (feat. Helios Relaxing Space),Finn,Helios Records,QT2WN2500618,5056846117810,Piano Relaxing,Spotify,EUR,Canada,CA,8,0,0,,,,0.02779,3.47375,RouteNote,Distro,"",2026-01-17T08:06:42.508022Z,sale,sale_20260826_023305,2026-08-26 02:38:32.66563
2025-10-31T17:00:00Z,2025,One Step Closer (feat. Helios Relaxing Space),Finn,One Step Closer (feat. Helios Relaxing Space),Finn,Helios Records,QT2WN2500618,5056846117810,Piano Relaxing,Spotify,EUR,Germany,DE,2,0,0,,,,0.00957,4.785,RouteNote,Distro,"",2026-01-17T08:06:42.5080332Z,sale,sale_20260826_023305,2026-08-26 02:38:32.66563
2025-10-31T17:00:00Z,2025,One Step Closer (feat. Helios Relaxing Space),Finn,One Step Closer (feat. Helios Relaxing Space),Finn,Helios Records,QT2WN2500618,5056846117810,Piano Relaxing,Spotify,EUR,Spain,ES,1,0,0,,,,0.00047,0.47,RouteNote,Distro,"",2026-01-17T08:06:42.5080457Z,sale,sale_20260826_023305,2026-08-26 02:38:32.66563
2025-10-31T17:00:00Z,2025,One Step Closer (feat. Helios Relaxing Space),Finn,One Step Closer (feat. Helios Relaxing Space),Finn,Helios Records,QT2WN2500618,5056846117810,Piano Relaxing,Spotify,EUR,Hungary,HU,3,0,0,,,,0.00791,2.636667,RouteNote,Distro,"",2026-01-17T08:06:42.5080574Z,sale,sale_20260826_023305,2026-08-26 02:38:32.66563
2025-10-31T17:00:00Z,2025,One Step Closer (feat. Helios Relaxing Space),Finn,One Step Closer (feat. Helios Relaxing Space),Finn,Helios Records,QT2WN2500618,5056846117810,Piano Relaxing,Spotify,EUR,Indonesia,ID,2,0,0,,,,0.00174,0.87,RouteNote,Distro,"",2026-01-17T08:06:42.5080702Z,sale,sale_20260826_023305,2026-08-26 02:38:32.66563
2025-10-31T17:00:00Z,2025,One Step Closer (feat. Helios Relaxing Space),Finn,One Step Closer (feat. Helios Relaxing Space),Finn,Helios Records,QT2WN2500618,5056846117810,Piano Relaxing,Spotify,EUR,Malaysia,MY,1,0,0,,,,0.00173,1.73,RouteNote,Distro,"",2026-01-17T08:06:42.5080812Z,sale,sale_20260826_023305,2026-08-26 02:38:32.66563
2025-10-31T17:00:00Z,2025,One Step Closer (feat. Helios Relaxing Space),Finn,One Step Closer (feat. Helios Relaxing Space),Finn,Helios Records,QT2WN2500618,5056846117810,Piano Relaxing,Spotify,EUR,Philippines (the),PH,5,0,0,,,,0.00198,0.396,RouteNote,Distro,"",2026-01-17T08:06:42.5080927Z,sale,sale_20260826_023305,2026-08-26 02:38:32.66563
2025-10-31T17:00:00Z,2025,One Step Closer (feat. Helios Relaxing Space),Finn,One Step Closer (feat. Helios Relaxing Space),Finn,Helios Records,QT2WN2500618,5056846117810,Piano Relaxing,Spotify,EUR,Singapore,SG,4,0,0,,,,0.01533,3.8325,RouteNote,Distro,"",2026-01-17T08:06:42.5081045Z,sale,sale_20260826_023305,2026-08-26 02:38:32.66563
2025-10-31T17:00:00Z,2025,One Step Closer (feat. Helios Relaxing Space),Finn,One Step Closer (feat. Helios Relaxing Space),Finn,Helios Records,QT2WN2500618,5056846117810,Piano Relaxing,Spotify,EUR,South Africa,ZA,1,0,0,,,,0.00219,2.19,RouteNote,Distro,"",2026-01-17T08:06:42.5081163Z,sale,sale_20260826_023305,2026-08-26 02:38:32.66563
2025-10-31T17:00:00Z,2025,One Step Closer (feat. Helios Relaxing Space),Finn,One Step Closer (feat. Helios Relaxing Space),Finn,Helios Records,QT2WN2500618,5056846117810,Piano Relaxing,Spotify,USD,India,IN,1,0,0,,,,0.00031,0.31,RouteNote,Distro,"",2026-01-17T08:06:42.5081288Z,sale,sale_20260826_023305,2026-08-26 02:38:32.66563
2025-10-31T17:00:00Z,2025,One Step Closer (feat. Helios Relaxing Space),Finn,One Step Closer (feat. Helios Relaxing Space),Finn,Helios Records,QT2WN2500618,5056846117810,Piano Relaxing,Spotify,USD,Panama,PA,8,0,0,,,,0.01384,1.73,RouteNote,Distro,"",2026-01-17T08:06:42.5081412Z,sale,sale_20260826_023305,2026-08-26 02:38:32.66563
2025-10-31T17:00:00Z,2025,One Step Closer (feat. Helios Relaxing Space),Finn,One Step Closer (feat. Helios Relaxing Space),Finn,Helios Records,QT2WN2500618,5056846117810,Piano Relaxing,Spotify,USD,United States (the),US,2,0,0,,,,0.00501,2.505,RouteNote,Distro,"",2026-01-17T08:06:42.5081527Z,sale,sale_20260826_023305,2026-08-26 02:38:32.66563
2025-10-31T17:00:00Z,2025,One Step Closer (feat. Helios Relaxing Space),Finn,One Step Closer (feat. Helios Relaxing Space),Finn,Helios Records,QT2WN2500618,5056846117810,Piano Relaxing,YouTube,USD,WorldWide,WW,2,0,0,,,,0.00069,0.345,RouteNote,Distro,"",2026-01-17T08:06:42.508164Z,sale,sale_20260826_023305,2026-08-26 02:38:32.66563
2025-10-31T17:00:00Z,2025,One Step Closer (feat. Helios Relaxing Space),Finn,One Step Closer (feat. Helios Relaxing Space),Finn,Helios Records,QT2WN2500618,5056846117810,Piano Relaxing,YouTube RED,USD,Egypt,EG,1,0,0,,,,0.00175,1.75,RouteNote,Distro,"",2026-01-17T08:06:42.5081752Z,sale,sale_20260826_023305,2026-08-26 02:38:32.66563
2025-10-31T17:00:00Z,2025,One Step Closer (feat. Helios Relaxing Space),Finn,One Step Closer (feat. Helios Relaxing Space),Finn,Helios Records,QT2WN2500618,5056846117810,Piano Relaxing,YouTube RED,USD,Nigeria,NG,1,0,0,,,,0.00032,0.32,RouteNote,Distro,"",2026-01-17T08:06:42.508188Z,sale,sale_20260826_023305,2026-08-26 02:38:32.66563
2025-10-31T17:00:00Z,2025,One Step Closer (feat. Helios Relaxing Space),Finn,One Step Closer (feat. Helios Relaxing Space),Finn,Helios Records,QT2WN2500618,5056846117810,Piano Relaxing,YouTube RED,USD,Ukraine,UA,1,0,0,,,,0.00233,2.33,RouteNote,Distro,"",2026-01-17T08:06:42.5082002Z,sale,sale_20260826_023305,2026-08-26 02:38:32.66563
2025-10-31T17:00:00Z,2025,Angels We Have Heard On High,Helios Relaxing Space,Snowflake,Helios Relaxing Space,Helios Records,GX8KD2229298,5057728270098,Piano Relaxing - Giáng sinh,Amazon Music Unlimited,USD,United States (the),US,2,0,0,,,,0,0,RouteNote,Distro,"",2026-01-17T08:06:42.5082126Z,sale,sale_20260826_023305,2026-08-26 02:38:32.66563
2025-10-31T17:00:00Z,2025,Angels We Have Heard On High,Helios Relaxing Space,Snowflake,Helios Relaxing Space,Helios Records,GX8KD2229298,5057728270098,Piano Relaxing - Giáng sinh,iTunes Match,USD,United States (the),US,4,0,0,,,,0.00332,0.83,RouteNote,Distro,"",2026-01-17T08:06:42.5082237Z,sale,sale_20260826_023305,2026-08-26 02:38:32.66563
2025-10-31T17:00:00Z,2025,The First Noel,Helios Relaxing Space,Snowflake,Helios Relaxing Space,Helios Records,GX8KD2229303,5057728270098,Piano Relaxing - Giáng sinh,Amazon Music Unlimited,USD,United States (the),US,4,0,0,,,,0,0,RouteNote,Distro,"",2026-01-17T08:06:42.5082343Z,sale,sale_20260826_023305,2026-08-26 02:38:32.66563
2025-10-31T17:00:00Z,2025,The First Noel,Helios Relaxing Space,Snowflake,Helios Relaxing Space,Helios Records,GX8KD2229303,5057728270098,Piano Relaxing - Giáng sinh,iTunes Match,USD,United States (the),US,3,0,0,,,,0.00249,0.83,RouteNote,Distro,"",2026-01-17T08:06:42.5082471Z,sale,sale_20260826_023305,2026-08-26 02:38:32.66563
2025-10-31T17:00:00Z,2025,Auld Lang Syne,Helios Relaxing Space,Snowflake,Helios Relaxing Space,Helios Records,GX8KD2229304,5057728270098,Piano Relaxing - Giáng sinh,Amazon Music Unlimited,USD,United States (the),US,3,0,0,,,,0,0,RouteNote,Distro,"",2026-01-17T08:06:42.5082584Z,sale,sale_20260826_023305,2026-08-26 02:38:32.66563
2025-10-31T17:00:00Z,2025,Auld Lang Syne,Helios Relaxing Space,Snowflake,Helios Relaxing Space,Helios Records,GX8KD2229304,5057728270098,Piano Relaxing - Giáng sinh,iTunes Match,USD,United States (the),US,3,0,0,,,,0.00249,0.83,RouteNote,Distro,"",2026-01-17T08:06:42.5082696Z,sale,sale_20260826_023305,2026-08-26 02:38:32.66563
2025-10-31T17:00:00Z,2025,O Come All Ye Faithful,Helios Relaxing Space,Snowflake,Helios Relaxing Space,Helios Records,GX8KD2229305,5057728270098,Piano Relaxing - Giáng sinh,Amazon Music Unlimited,USD,United States (the),US,2,0,0,,,,0,0,RouteNote,Distro,"",2026-01-17T08:06:42.508281Z,sale,sale_20260826_023305,2026-08-26 02:38:32.66563
2025-10-31T17:00:00Z,2025,O Come All Ye Faithful,Helios Relaxing Space,Snowflake,Helios Relaxing Space,Helios Records,GX8KD2229305,5057728270098,Piano Relaxing - Giáng sinh,iTunes Match,USD,United States (the),US,4,0,0,,,,0.00332,0.83,RouteNote,Distro,"",2026-01-17T08:06:42.5082923Z,sale,sale_20260826_023305,2026-08-26 02:38:32.66563
2025-10-31T17:00:00Z,2025,The Twelve Days Of Christmas,Helios Relaxing Space,Snowflake,Helios Relaxing Space,Helios Records,GX8KD2229306,5057728270098,Piano Relaxing - Giáng sinh,Amazon Music Unlimited,USD,United States (the),US,3,0,0,,,,0,0,RouteNote,Distro,"",2026-01-17T08:06:42.508309Z,sale,sale_20260826_023305,2026-08-26 02:38:32.66563
2025-10-31T17:00:00Z,2025,The Twelve Days Of Christmas,Helios Relaxing Space,Snowflake,Helios Relaxing Space,Helios Records,GX8KD2229306,5057728270098,Piano Relaxing - Giáng sinh,iTunes Match,USD,United States (the),US,2,0,0,,,,0.00166,0.83,RouteNote,Distro,"",2026-01-17T08:06:42.5083204Z,sale,sale_20260826_023305,2026-08-26 02:38:32.66563
2025-10-31T17:00:00Z,2025,Tonic Note,Dee Art,Tonic Note,Dee Art,Helios Records,GBSMU8652644,5057917554367,Piano Relaxing,Amazon Music Unlimited,EUR,Germany,DE,8,0,0,,,,0,0,RouteNote,Distro,"",2026-01-17T08:06:42.5083321Z,sale,sale_20260826_023305,2026-08-26 02:38:32.66563
2025-10-31T17:00:00Z,2025,Tonic Note,Dee Art,Tonic Note,Dee Art,Helios Records,GBSMU8652644,5057917554367,Piano Relaxing,Amazon Music Unlimited,GBP,United Kingdom (the),GB,6,0,0,,,,0,0,RouteNote,Distro,"",2026-01-17T08:06:42.5083434Z,sale,sale_20260826_023305,2026-08-26 02:38:32.66563
2025-10-31T17:00:00Z,2025,Tonic Note,Dee Art,Tonic Note,Dee Art,Helios Records,GBSMU8652644,5057917554367,Piano Relaxing,Amazon Prime,GBP,United Kingdom (the),GB,1,0,0,,,,0.00174,1.74,RouteNote,Distro,"",2026-01-17T08:06:42.5083551Z,sale,sale_20260826_023305,2026-08-26 02:38:32.66563
2025-10-31T17:00:00Z,2025,Tonic Note,Dee Art,Tonic Note,Dee Art,Helios Records,GBSMU8652644,5057917554367,Piano Relaxing,Apple Music,BRL,Brazil,BR,1,0,0,,,,0.00304,3.04,RouteNote,Distro,"",2026-01-17T08:06:42.5083686Z,sale,sale_20260826_023305,2026-08-26 02:38:32.66563
2025-10-31T17:00:00Z,2025,Tonic Note,Dee Art,Tonic Note,Dee Art,Helios Records,GBSMU8652644,5057917554367,Piano Relaxing,Apple Music,EUR,Germany,DE,1,0,0,,,,0.0038,3.8,RouteNote,Distro,"",2026-01-17T08:06:42.5083803Z,sale,sale_20260826_023305,2026-08-26 02:38:32.66563
2025-10-31T17:00:00Z,2025,Tonic Note,Dee Art,Tonic Note,Dee Art,Helios Records,GBSMU8652644,5057917554367,Piano Relaxing,Apple Music,EUR,Netherlands (the),NL,14,0,0,,,,0.08342,5.958571,RouteNote,Distro,"",2026-01-17T08:06:42.5083918Z,sale,sale_20260826_023305,2026-08-26 02:38:32.66563
2025-10-31T17:00:00Z,2025,Tonic Note,Dee Art,Tonic Note,Dee Art,Helios Records,GBSMU8652644,5057917554367,Piano Relaxing,Apple Music,GBP,United Kingdom (the),GB,13,0,0,,,,0.12038,9.26,RouteNote,Distro,"",2026-01-17T08:06:42.5084032Z,sale,sale_20260826_023305,2026-08-26 02:38:32.66563
2025-10-31T17:00:00Z,2025,Tonic Note,Dee Art,Tonic Note,Dee Art,Helios Records,GBSMU8652644,5057917554367,Piano Relaxing,Apple Music,ILS,Israel,IL,4,0,0,,,,0.01314,3.285,RouteNote,Distro,"",2026-01-17T08:06:42.508416Z,sale,sale_20260826_023305,2026-08-26 02:38:32.66563
2025-10-31T17:00:00Z,2025,Tonic Note,Dee Art,Tonic Note,Dee Art,Helios Records,GBSMU8652644,5057917554367,Piano Relaxing,Apple Music,MXN,Mexico,MX,1,0,0,,,,0.00108,1.08,RouteNote,Distro,"",2026-01-17T08:06:42.508428Z,sale,sale_20260826_023305,2026-08-26 02:38:32.66563
2025-10-31T17:00:00Z,2025,Tonic Note,Dee Art,Tonic Note,Dee Art,Helios Records,GBSMU8652644,5057917554367,Piano Relaxing,Apple Music,PLN,Poland,PL,5,0,0,,,,0.02001,4.002,RouteNote,Distro,"",2026-01-17T08:06:42.5084401Z,sale,sale_20260826_023305,2026-08-26 02:38:32.66563
2025-10-31T17:00:00Z,2025,Tonic Note,Dee Art,Tonic Note,Dee Art,Helios Records,GBSMU8652644,5057917554367,Piano Relaxing,Apple Music,RUB,Russian Federation (the),RU,1,0,0,,,,0.00232,2.32,RouteNote,Distro,"",2026-01-17T08:06:42.5084512Z,sale,sale_20260826_023305,2026-08-26 02:38:32.66563
2025-10-31T17:00:00Z,2025,Tonic Note,Dee Art,Tonic Note,Dee Art,Helios Records,GBSMU8652644,5057917554367,Piano Relaxing,Apple Music,SGD,Singapore,SG,1,0,0,,,,0.00418,4.18,RouteNote,Distro,"",2026-01-17T08:06:42.5084626Z,sale,sale_20260826_023305,2026-08-26 02:38:32.66563
2025-12-31T17:00:00Z,2026,Escape,moat,Escape,moat,Hitkend Records,GX89G2416390,5063416701287,Lofi,Spotify,EUR,Denmark,DK,6,0,0,,,,0.01244,2.073333,RouteNote,Distro,"",2026-03-17T09:17:43.4221615Z,sale,sale_20260826_023305,2026-08-26 02:38:37.668746
2025-10-31T17:00:00Z,2025,Tonic Note,Dee Art,Tonic Note,Dee Art,Helios Records,GBSMU8652644,5057917554367,Piano Relaxing,Apple Music,USD,United States (the),US,87,0,0,,,,0.47212,5.426667,RouteNote,Distro,"",2026-01-17T08:06:42.508511Z,sale,sale_20260826_023305,2026-08-26 02:38:32.66563
2025-10-31T17:00:00Z,2025,Tonic Note,Dee Art,Tonic Note,Dee Art,Helios Records,GBSMU8652644,5057917554367,Piano Relaxing,Deezer,EUR,France,FR,2,0,0,,,,0.00122,0.61,RouteNote,Distro,"",2026-01-17T08:06:42.5085225Z,sale,sale_20260826_023305,2026-08-26 02:38:32.66563
2025-10-31T17:00:00Z,2025,Tonic Note,Dee Art,Tonic Note,Dee Art,Helios Records,GBSMU8652644,5057917554367,Piano Relaxing,Qobuz,EUR,Finland,FI,5,0,0,,,,0.03094,6.188,RouteNote,Distro,"",2026-01-17T08:06:42.508536Z,sale,sale_20260826_023305,2026-08-26 02:38:32.66563
2025-10-31T17:00:00Z,2025,Tonic Note,Dee Art,Tonic Note,Dee Art,Helios Records,GBSMU8652644,5057917554367,Piano Relaxing,Spotify,EUR,Andorra,AD,1,0,0,,,,0,0,RouteNote,Distro,"",2026-01-17T08:06:42.5085477Z,sale,sale_20260826_023305,2026-08-26 02:38:32.66563
2025-10-31T17:00:00Z,2025,Tonic Note,Dee Art,Tonic Note,Dee Art,Helios Records,GBSMU8652644,5057917554367,Piano Relaxing,Spotify,EUR,United Arab Emirates (the),AE,2,0,0,,,,0.00226,1.13,RouteNote,Distro,"",2026-01-17T08:06:42.5085592Z,sale,sale_20260826_023305,2026-08-26 02:38:32.66563
2025-10-31T17:00:00Z,2025,Tonic Note,Dee Art,Tonic Note,Dee Art,Helios Records,GBSMU8652644,5057917554367,Piano Relaxing,Spotify,EUR,Argentina,AR,134,0,0,,,,0.07904,0.589851,RouteNote,Distro,"",2026-01-17T08:06:42.5085708Z,sale,sale_20260826_023305,2026-08-26 02:38:32.66563
2025-10-31T17:00:00Z,2025,Tonic Note,Dee Art,Tonic Note,Dee Art,Helios Records,GBSMU8652644,5057917554367,Piano Relaxing,Spotify,EUR,Austria,AT,4,0,0,,,,0.00299,0.7475,RouteNote,Distro,"",2026-01-17T08:06:42.5085817Z,sale,sale_20260826_023305,2026-08-26 02:38:32.66563
2025-10-31T17:00:00Z,2025,Tonic Note,Dee Art,Tonic Note,Dee Art,Helios Records,GBSMU8652644,5057917554367,Piano Relaxing,Spotify,EUR,Australia,AU,31,0,0,,,,0.06702,2.161935,RouteNote,Distro,"",2026-01-17T08:06:42.5085947Z,sale,sale_20260826_023305,2026-08-26 02:38:32.66563
2025-10-31T17:00:00Z,2025,Tonic Note,Dee Art,Tonic Note,Dee Art,Helios Records,GBSMU8652644,5057917554367,Piano Relaxing,Spotify,EUR,Belgium,BE,6,0,0,,,,0.01752,2.92,RouteNote,Distro,"",2026-01-17T08:06:42.5086062Z,sale,sale_20260826_023305,2026-08-26 02:38:32.66563
2025-10-31T17:00:00Z,2025,Tonic Note,Dee Art,Tonic Note,Dee Art,Helios Records,GBSMU8652644,5057917554367,Piano Relaxing,Spotify,EUR,Brazil,BR,285,0,0,,,,0.25972,0.911298,RouteNote,Distro,"",2026-01-17T08:06:42.5086178Z,sale,sale_20260826_023305,2026-08-26 02:38:32.66563
2025-10-31T17:00:00Z,2025,Tonic Note,Dee Art,Tonic Note,Dee Art,Helios Records,GBSMU8652644,5057917554367,Piano Relaxing,Spotify,EUR,Canada,CA,39,0,0,,,,0.06246,1.601538,RouteNote,Distro,"",2026-01-17T08:06:42.5086293Z,sale,sale_20260826_023305,2026-08-26 02:38:32.66563
2025-10-31T17:00:00Z,2025,Tonic Note,Dee Art,Tonic Note,Dee Art,Helios Records,GBSMU8652644,5057917554367,Piano Relaxing,Spotify,EUR,Switzerland,CH,26,0,0,,,,0.05612,2.158462,RouteNote,Distro,"",2026-01-17T08:06:42.5086409Z,sale,sale_20260826_023305,2026-08-26 02:38:32.66563
2025-10-31T17:00:00Z,2025,Tonic Note,Dee Art,Tonic Note,Dee Art,Helios Records,GBSMU8652644,5057917554367,Piano Relaxing,Spotify,EUR,Chile,CL,157,0,0,,,,0.09479,0.603758,RouteNote,Distro,"",2026-01-17T08:06:42.5086541Z,sale,sale_20260826_023305,2026-08-26 02:38:32.66563
2025-10-31T17:00:00Z,2025,Tonic Note,Dee Art,Tonic Note,Dee Art,Helios Records,GBSMU8652644,5057917554367,Piano Relaxing,Spotify,EUR,Colombia,CO,240,0,0,,,,0.06272,0.261333,RouteNote,Distro,"",2026-01-17T08:06:42.5086658Z,sale,sale_20260826_023305,2026-08-26 02:38:32.66563
2025-10-31T17:00:00Z,2025,Tonic Note,Dee Art,Tonic Note,Dee Art,Helios Records,GBSMU8652644,5057917554367,Piano Relaxing,Spotify,EUR,Germany,DE,172,0,0,,,,0.3818,2.219767,RouteNote,Distro,"",2026-01-17T08:06:42.5086772Z,sale,sale_20260826_023305,2026-08-26 02:38:32.66563
2025-10-31T17:00:00Z,2025,Tonic Note,Dee Art,Tonic Note,Dee Art,Helios Records,GBSMU8652644,5057917554367,Piano Relaxing,Spotify,EUR,Spain,ES,360,0,0,,,,0.3735,1.0375,RouteNote,Distro,"",2026-01-17T08:06:42.5086887Z,sale,sale_20260826_023305,2026-08-26 02:38:32.66563
2025-10-31T17:00:00Z,2025,Tonic Note,Dee Art,Tonic Note,Dee Art,Helios Records,GBSMU8652644,5057917554367,Piano Relaxing,Spotify,EUR,France,FR,11,0,0,,,,0.01999,1.817273,RouteNote,Distro,"",2026-01-17T08:06:42.5086999Z,sale,sale_20260826_023305,2026-08-26 02:38:32.66563
2025-10-31T17:00:00Z,2025,Tonic Note,Dee Art,Tonic Note,Dee Art,Helios Records,GBSMU8652644,5057917554367,Piano Relaxing,Spotify,EUR,Hong Kong,HK,4,0,0,,,,0.01517,3.7925,RouteNote,Distro,"",2026-01-17T08:06:42.5087129Z,sale,sale_20260826_023305,2026-08-26 02:38:32.66563
2025-10-31T17:00:00Z,2025,Tonic Note,Dee Art,Tonic Note,Dee Art,Helios Records,GBSMU8652644,5057917554367,Piano Relaxing,Spotify,EUR,Hungary,HU,8,0,0,,,,0.01774,2.2175,RouteNote,Distro,"",2026-01-17T08:06:42.5087245Z,sale,sale_20260826_023305,2026-08-26 02:38:32.66563
2025-10-31T17:00:00Z,2025,Tonic Note,Dee Art,Tonic Note,Dee Art,Helios Records,GBSMU8652644,5057917554367,Piano Relaxing,Spotify,EUR,Indonesia,ID,43,0,0,,,,0.00761,0.176977,RouteNote,Distro,"",2026-01-17T08:06:42.5087361Z,sale,sale_20260826_023305,2026-08-26 02:38:32.66563
2025-10-31T17:00:00Z,2025,Tonic Note,Dee Art,Tonic Note,Dee Art,Helios Records,GBSMU8652644,5057917554367,Piano Relaxing,Spotify,EUR,Ireland,IE,3,0,0,,,,0.00243,0.81,RouteNote,Distro,"",2026-01-17T08:06:42.5087475Z,sale,sale_20260826_023305,2026-08-26 02:38:32.66563
2025-10-31T17:00:00Z,2025,Tonic Note,Dee Art,Tonic Note,Dee Art,Helios Records,GBSMU8652644,5057917554367,Piano Relaxing,Spotify,EUR,Israel,IL,1,0,0,,,,0.00373,3.73,RouteNote,Distro,"",2026-01-17T08:06:42.508759Z,sale,sale_20260826_023305,2026-08-26 02:38:32.66563
2025-10-31T17:00:00Z,2025,Tonic Note,Dee Art,Tonic Note,Dee Art,Helios Records,GBSMU8652644,5057917554367,Piano Relaxing,Spotify,EUR,Italy,IT,5,0,0,,,,0.00891,1.782,RouteNote,Distro,"",2026-01-17T08:06:42.5087722Z,sale,sale_20260826_023305,2026-08-26 02:38:32.66563
2025-10-31T17:00:00Z,2025,Tonic Note,Dee Art,Tonic Note,Dee Art,Helios Records,GBSMU8652644,5057917554367,Piano Relaxing,Spotify,EUR,Japan,JP,10,0,0,,,,0.03624,3.624,RouteNote,Distro,"",2026-01-17T08:06:42.5087838Z,sale,sale_20260826_023305,2026-08-26 02:38:32.66563
2025-10-31T17:00:00Z,2025,Tonic Note,Dee Art,Tonic Note,Dee Art,Helios Records,GBSMU8652644,5057917554367,Piano Relaxing,Spotify,EUR,Sri Lanka,LK,1,0,0,,,,0,0,RouteNote,Distro,"",2026-01-17T08:06:42.5087956Z,sale,sale_20260826_023305,2026-08-26 02:38:32.66563
2025-10-31T17:00:00Z,2025,Tonic Note,Dee Art,Tonic Note,Dee Art,Helios Records,GBSMU8652644,5057917554367,Piano Relaxing,Spotify,EUR,Luxembourg,LU,4,0,0,,,,0.01494,3.735,RouteNote,Distro,"",2026-01-17T08:06:42.5088099Z,sale,sale_20260826_023305,2026-08-26 02:38:32.66563
2025-10-31T17:00:00Z,2025,Tonic Note,Dee Art,Tonic Note,Dee Art,Helios Records,GBSMU8652644,5057917554367,Piano Relaxing,Spotify,EUR,Mexico,MX,527,0,0,,,,0.35665,0.676755,RouteNote,Distro,"",2026-01-17T08:06:42.5088238Z,sale,sale_20260826_023305,2026-08-26 02:38:32.66563
2025-10-31T17:00:00Z,2025,Tonic Note,Dee Art,Tonic Note,Dee Art,Helios Records,GBSMU8652644,5057917554367,Piano Relaxing,Spotify,EUR,Malaysia,MY,17,0,0,,,,0.01014,0.596471,RouteNote,Distro,"",2026-01-17T08:06:42.5088382Z,sale,sale_20260826_023305,2026-08-26 02:38:32.66563
2025-10-31T17:00:00Z,2025,Tonic Note,Dee Art,Tonic Note,Dee Art,Helios Records,GBSMU8652644,5057917554367,Piano Relaxing,Spotify,EUR,Netherlands (the),NL,23,0,0,,,,0.0937,4.073913,RouteNote,Distro,"",2026-01-17T08:06:42.5088499Z,sale,sale_20260826_023305,2026-08-26 02:38:32.66563
2025-10-31T17:00:00Z,2025,Tonic Note,Dee Art,Tonic Note,Dee Art,Helios Records,GBSMU8652644,5057917554367,Piano Relaxing,Spotify,EUR,Peru,PE,45,0,0,,,,0.01652,0.367111,RouteNote,Distro,"",2026-01-17T08:06:42.5088618Z,sale,sale_20260826_023305,2026-08-26 02:38:32.66563
2025-10-31T17:00:00Z,2025,Tonic Note,Dee Art,Tonic Note,Dee Art,Helios Records,GBSMU8652644,5057917554367,Piano Relaxing,Spotify,EUR,Philippines (the),PH,104,0,0,,,,0.03025,0.290865,RouteNote,Distro,"",2026-01-17T08:06:42.5088738Z,sale,sale_20260826_023305,2026-08-26 02:38:32.66563
2025-10-31T17:00:00Z,2025,Tonic Note,Dee Art,Tonic Note,Dee Art,Helios Records,GBSMU8652644,5057917554367,Piano Relaxing,Spotify,EUR,Pakistan,PK,1,0,0,,,,0.00053,0.53,RouteNote,Distro,"",2026-01-17T08:06:42.5088876Z,sale,sale_20260826_023305,2026-08-26 02:38:32.66563
2025-10-31T17:00:00Z,2025,Tonic Note,Dee Art,Tonic Note,Dee Art,Helios Records,GBSMU8652644,5057917554367,Piano Relaxing,Spotify,EUR,Poland,PL,29,0,0,,,,0.04722,1.628276,RouteNote,Distro,"",2026-01-17T08:06:42.5088993Z,sale,sale_20260826_023305,2026-08-26 02:38:32.66563
2025-10-31T17:00:00Z,2025,Tonic Note,Dee Art,Tonic Note,Dee Art,Helios Records,GBSMU8652644,5057917554367,Piano Relaxing,Spotify,EUR,Portugal,PT,65,0,0,,,,0.04445,0.683846,RouteNote,Distro,"",2026-01-17T08:06:42.5089116Z,sale,sale_20260826_023305,2026-08-26 02:38:32.66563
2025-10-31T17:00:00Z,2025,Tonic Note,Dee Art,Tonic Note,Dee Art,Helios Records,GBSMU8652644,5057917554367,Piano Relaxing,Spotify,EUR,Sweden,SE,6,0,0,,,,0.01878,3.13,RouteNote,Distro,"",2026-01-17T08:06:42.5089234Z,sale,sale_20260826_023305,2026-08-26 02:38:32.66563
2025-10-31T17:00:00Z,2025,Tonic Note,Dee Art,Tonic Note,Dee Art,Helios Records,GBSMU8652644,5057917554367,Piano Relaxing,Spotify,EUR,Singapore,SG,26,0,0,,,,0.09779,3.761154,RouteNote,Distro,"",2026-01-17T08:06:42.5089356Z,sale,sale_20260826_023305,2026-08-26 02:38:32.66563
2025-10-31T17:00:00Z,2025,Tonic Note,Dee Art,Tonic Note,Dee Art,Helios Records,GBSMU8652644,5057917554367,Piano Relaxing,Spotify,EUR,Slovenia,SI,1,0,0,,,,0.00167,1.67,RouteNote,Distro,"",2026-01-17T08:06:42.508949Z,sale,sale_20260826_023305,2026-08-26 02:38:32.66563
2025-10-31T17:00:00Z,2025,Tonic Note,Dee Art,Tonic Note,Dee Art,Helios Records,GBSMU8652644,5057917554367,Piano Relaxing,Spotify,EUR,Thailand,TH,2,0,0,,,,4e-05,0.02,RouteNote,Distro,"",2026-01-17T08:06:42.5089607Z,sale,sale_20260826_023305,2026-08-26 02:38:32.66563
2025-10-31T17:00:00Z,2025,Tonic Note,Dee Art,Tonic Note,Dee Art,Helios Records,GBSMU8652644,5057917554367,Piano Relaxing,Spotify,EUR,Turkey,TR,1,0,0,,,,0.00049,0.49,RouteNote,Distro,"",2026-01-17T08:06:42.5089719Z,sale,sale_20260826_023305,2026-08-26 02:38:32.66563
2025-10-31T17:00:00Z,2025,Tonic Note,Dee Art,Tonic Note,Dee Art,Helios Records,GBSMU8652644,5057917554367,Piano Relaxing,Spotify,EUR,Taiwan (Province of China),TW,4,0,0,,,,0.0047,1.175,RouteNote,Distro,"",2026-01-17T08:06:42.5089836Z,sale,sale_20260826_023305,2026-08-26 02:38:32.66563
2025-10-31T17:00:00Z,2025,Tonic Note,Dee Art,Tonic Note,Dee Art,Helios Records,GBSMU8652644,5057917554367,Piano Relaxing,Spotify,EUR,Viet Nam,VN,7,0,0,,,,0.00133,0.19,RouteNote,Distro,"",2026-01-17T08:06:42.5089949Z,sale,sale_20260826_023305,2026-08-26 02:38:32.66563
2025-10-31T17:00:00Z,2025,Tonic Note,Dee Art,Tonic Note,Dee Art,Helios Records,GBSMU8652644,5057917554367,Piano Relaxing,Spotify,EUR,South Africa,ZA,4,0,0,,,,0.00409,1.0225,RouteNote,Distro,"",2026-01-17T08:06:42.5090088Z,sale,sale_20260826_023305,2026-08-26 02:38:32.66563
2025-10-31T17:00:00Z,2025,Tonic Note,Dee Art,Tonic Note,Dee Art,Helios Records,GBSMU8652644,5057917554367,Piano Relaxing,Spotify,GBP,United Kingdom (the),GB,210,0,0,,,,1.29709,6.176619,RouteNote,Distro,"",2026-01-17T08:06:42.5090209Z,sale,sale_20260826_023305,2026-08-26 02:38:32.66563
2025-10-31T17:00:00Z,2025,Tonic Note,Dee Art,Tonic Note,Dee Art,Helios Records,GBSMU8652644,5057917554367,Piano Relaxing,Spotify,USD,Bolivia Plurinational State of,BO,7,0,0,,,,0.00353,0.504286,RouteNote,Distro,"",2026-01-17T08:06:42.5090323Z,sale,sale_20260826_023305,2026-08-26 02:38:32.66563
2025-10-31T17:00:00Z,2025,Tonic Note,Dee Art,Tonic Note,Dee Art,Helios Records,GBSMU8652644,5057917554367,Piano Relaxing,Spotify,USD,Costa Rica,CR,30,0,0,,,,0.03033,1.011,RouteNote,Distro,"",2026-01-17T08:06:42.5090445Z,sale,sale_20260826_023305,2026-08-26 02:38:32.66563
2025-10-31T17:00:00Z,2025,Tonic Note,Dee Art,Tonic Note,Dee Art,Helios Records,GBSMU8652644,5057917554367,Piano Relaxing,Spotify,USD,Cabo Verde,CV,2,0,0,,,,0,0,RouteNote,Distro,"",2026-01-17T08:06:42.509056Z,sale,sale_20260826_023305,2026-08-26 02:38:32.66563
2025-10-31T17:00:00Z,2025,Tonic Note,Dee Art,Tonic Note,Dee Art,Helios Records,GBSMU8652644,5057917554367,Piano Relaxing,Spotify,USD,Curacao,CW,1,0,0,,,,0.00084,0.84,RouteNote,Distro,"",2026-01-17T08:06:42.5090697Z,sale,sale_20260826_023305,2026-08-26 02:38:32.66563
2025-10-31T17:00:00Z,2025,Tonic Note,Dee Art,Tonic Note,Dee Art,Helios Records,GBSMU8652644,5057917554367,Piano Relaxing,Spotify,USD,Dominican Republic (the),DO,13,0,0,,,,0.00904,0.695385,RouteNote,Distro,"",2026-01-17T08:06:42.5090821Z,sale,sale_20260826_023305,2026-08-26 02:38:32.66563
2025-10-31T17:00:00Z,2025,Tonic Note,Dee Art,Tonic Note,Dee Art,Helios Records,GBSMU8652644,5057917554367,Piano Relaxing,Spotify,USD,Ecuador,EC,28,0,0,,,,0.02032,0.725714,RouteNote,Distro,"",2026-01-17T08:06:42.509095Z,sale,sale_20260826_023305,2026-08-26 02:38:32.66563
2025-10-31T17:00:00Z,2025,Tonic Note,Dee Art,Tonic Note,Dee Art,Helios Records,GBSMU8652644,5057917554367,Piano Relaxing,Spotify,USD,Egypt,EG,2,0,0,,,,0.00059,0.295,RouteNote,Distro,"",2026-01-17T08:06:42.5091061Z,sale,sale_20260826_023305,2026-08-26 02:38:32.66563
2025-10-31T17:00:00Z,2025,Tonic Note,Dee Art,Tonic Note,Dee Art,Helios Records,GBSMU8652644,5057917554367,Piano Relaxing,Spotify,USD,Guatemala,GT,31,0,0,,,,0.01115,0.359677,RouteNote,Distro,"",2026-01-17T08:06:42.509117Z,sale,sale_20260826_023305,2026-08-26 02:38:32.66563
2025-10-31T17:00:00Z,2025,Tonic Note,Dee Art,Tonic Note,Dee Art,Helios Records,GBSMU8652644,5057917554367,Piano Relaxing,Spotify,USD,Honduras,HN,4,0,0,,,,0.00078,0.195,RouteNote,Distro,"",2026-01-17T08:06:42.5091286Z,sale,sale_20260826_023305,2026-08-26 02:38:32.66563
2025-10-31T17:00:00Z,2025,Tonic Note,Dee Art,Tonic Note,Dee Art,Helios Records,GBSMU8652644,5057917554367,Piano Relaxing,Spotify,USD,India,IN,16,0,0,,,,0.00629,0.393125,RouteNote,Distro,"",2026-01-17T08:06:42.5091394Z,sale,sale_20260826_023305,2026-08-26 02:38:32.66563
2025-10-31T17:00:00Z,2025,Tonic Note,Dee Art,Tonic Note,Dee Art,Helios Records,GBSMU8652644,5057917554367,Piano Relaxing,Spotify,USD,Jordan,JO,1,0,0,,,,0,0,RouteNote,Distro,"",2026-01-17T08:06:42.5091499Z,sale,sale_20260826_023305,2026-08-26 02:38:32.66563
2025-10-31T17:00:00Z,2025,Tonic Note,Dee Art,Tonic Note,Dee Art,Helios Records,GBSMU8652644,5057917554367,Piano Relaxing,Spotify,USD,Kenya,KE,1,0,0,,,,0.001,1,RouteNote,Distro,"",2026-01-17T08:06:42.5091606Z,sale,sale_20260826_023305,2026-08-26 02:38:32.66563
2025-10-31T17:00:00Z,2025,Tonic Note,Dee Art,Tonic Note,Dee Art,Helios Records,GBSMU8652644,5057917554367,Piano Relaxing,Spotify,USD,Moldova (the Republic of),MD,1,0,0,,,,6e-05,0.06,RouteNote,Distro,"",2026-01-17T08:06:42.5091721Z,sale,sale_20260826_023305,2026-08-26 02:38:32.66563
2025-10-31T17:00:00Z,2025,Tonic Note,Dee Art,Tonic Note,Dee Art,Helios Records,GBSMU8652644,5057917554367,Piano Relaxing,Spotify,USD,Nigeria,NG,8,0,0,,,,0.00037,0.04625,RouteNote,Distro,"",2026-01-17T08:06:42.5091842Z,sale,sale_20260826_023305,2026-08-26 02:38:32.66563
2025-10-31T17:00:00Z,2025,Tonic Note,Dee Art,Tonic Note,Dee Art,Helios Records,GBSMU8652644,5057917554367,Piano Relaxing,Spotify,USD,Nicaragua,NI,9,0,0,,,,0.00025,0.027778,RouteNote,Distro,"",2026-01-17T08:06:42.5091961Z,sale,sale_20260826_023305,2026-08-26 02:38:32.66563
2025-10-31T17:00:00Z,2025,Tonic Note,Dee Art,Tonic Note,Dee Art,Helios Records,GBSMU8652644,5057917554367,Piano Relaxing,Spotify,USD,Panama,PA,7,0,0,,,,0.00904,1.291429,RouteNote,Distro,"",2026-01-17T08:06:42.5092075Z,sale,sale_20260826_023305,2026-08-26 02:38:32.66563
2025-10-31T17:00:00Z,2025,Tonic Note,Dee Art,Tonic Note,Dee Art,Helios Records,GBSMU8652644,5057917554367,Piano Relaxing,Spotify,USD,Palestine- State of,PS,2,0,0,,,,0,0,RouteNote,Distro,"",2026-01-17T08:06:42.5092186Z,sale,sale_20260826_023305,2026-08-26 02:38:32.66563
2025-10-31T17:00:00Z,2025,Tonic Note,Dee Art,Tonic Note,Dee Art,Helios Records,GBSMU8652644,5057917554367,Piano Relaxing,Spotify,USD,Paraguay,PY,12,0,0,,,,0.00369,0.3075,RouteNote,Distro,"",2026-01-17T08:06:42.5092309Z,sale,sale_20260826_023305,2026-08-26 02:38:32.66563
2025-10-31T17:00:00Z,2025,Tonic Note,Dee Art,Tonic Note,Dee Art,Helios Records,GBSMU8652644,5057917554367,Piano Relaxing,Spotify,USD,Qatar,QA,3,0,0,,,,4e-05,0.013333,RouteNote,Distro,"",2026-01-17T08:06:42.5092425Z,sale,sale_20260826_023305,2026-08-26 02:38:32.66563
2025-10-31T17:00:00Z,2025,Tonic Note,Dee Art,Tonic Note,Dee Art,Helios Records,GBSMU8652644,5057917554367,Piano Relaxing,Spotify,USD,El Salvador,SV,19,0,0,,,,0.00531,0.279474,RouteNote,Distro,"",2026-01-17T08:06:42.509254Z,sale,sale_20260826_023305,2026-08-26 02:38:32.66563
2025-10-31T17:00:00Z,2025,Tonic Note,Dee Art,Tonic Note,Dee Art,Helios Records,GBSMU8652644,5057917554367,Piano Relaxing,Spotify,USD,United States (the),US,244,0,0,,,,0.60901,2.495943,RouteNote,Distro,"",2026-01-17T08:06:42.5092651Z,sale,sale_20260826_023305,2026-08-26 02:38:32.66563
2025-10-31T17:00:00Z,2025,Tonic Note,Dee Art,Tonic Note,Dee Art,Helios Records,GBSMU8652644,5057917554367,Piano Relaxing,Spotify,USD,Uruguay,UY,27,0,0,,,,0.03938,1.458519,RouteNote,Distro,"",2026-01-17T08:06:42.5092757Z,sale,sale_20260826_023305,2026-08-26 02:38:32.66563
2025-10-31T17:00:00Z,2025,Tonic Note,Dee Art,Tonic Note,Dee Art,Helios Records,GBSMU8652644,5057917554367,Piano Relaxing,Spotify,USD,Venezuela- Bolivarian Republic of ,VE,15,0,0,,,,0.00328,0.218667,RouteNote,Distro,"",2026-01-17T08:06:42.5092875Z,sale,sale_20260826_023305,2026-08-26 02:38:32.66563
2025-10-31T17:00:00Z,2025,Tonic Note,Dee Art,Tonic Note,Dee Art,Helios Records,GBSMU8652644,5057917554367,Piano Relaxing,TikTok,USD,Argentina,AR,1,0,0,,,,0,0,RouteNote,Distro,"",2026-01-17T08:06:42.509298Z,sale,sale_20260826_023305,2026-08-26 02:38:32.66563
2025-10-31T17:00:00Z,2025,Tonic Note,Dee Art,Tonic Note,Dee Art,Helios Records,GBSMU8652644,5057917554367,Piano Relaxing,TikTok,USD,Belgium,BE,3,0,0,,,,0,0,RouteNote,Distro,"",2026-01-17T08:06:42.5093086Z,sale,sale_20260826_023305,2026-08-26 02:38:32.66563
2025-10-31T17:00:00Z,2025,Tonic Note,Dee Art,Tonic Note,Dee Art,Helios Records,GBSMU8652644,5057917554367,Piano Relaxing,TikTok,USD,Bolivia Plurinational State of,BO,0,0,0,,,,0,0,RouteNote,Distro,"",2026-01-17T08:06:42.509319Z,sale,sale_20260826_023305,2026-08-26 02:38:32.66563
2025-10-31T17:00:00Z,2025,Tonic Note,Dee Art,Tonic Note,Dee Art,Helios Records,GBSMU8652644,5057917554367,Piano Relaxing,TikTok,USD,Brazil,BR,380,0,2,,,,0.00111,0.002921,RouteNote,Distro,"",2026-01-17T08:06:42.5093303Z,sale,sale_20260826_023305,2026-08-26 02:38:32.66563
2025-10-31T17:00:00Z,2025,Tonic Note,Dee Art,Tonic Note,Dee Art,Helios Records,GBSMU8652644,5057917554367,Piano Relaxing,TikTok,USD,Canada,CA,1,0,0,,,,0,0,RouteNote,Distro,"",2026-01-17T08:06:42.509342Z,sale,sale_20260826_023305,2026-08-26 02:38:32.66563
2025-10-31T17:00:00Z,2025,Tonic Note,Dee Art,Tonic Note,Dee Art,Helios Records,GBSMU8652644,5057917554367,Piano Relaxing,TikTok,USD,Chile,CL,1,0,0,,,,0,0,RouteNote,Distro,"",2026-01-17T08:06:42.5093529Z,sale,sale_20260826_023305,2026-08-26 02:38:32.66563
2025-10-31T17:00:00Z,2025,Tonic Note,Dee Art,Tonic Note,Dee Art,Helios Records,GBSMU8652644,5057917554367,Piano Relaxing,TikTok,USD,Germany,DE,2,0,0,,,,0,0,RouteNote,Distro,"",2026-01-17T08:06:42.5093638Z,sale,sale_20260826_023305,2026-08-26 02:38:32.66563
2025-10-31T17:00:00Z,2025,Tonic Note,Dee Art,Tonic Note,Dee Art,Helios Records,GBSMU8652644,5057917554367,Piano Relaxing,TikTok,USD,Algeria,DZ,5,0,0,,,,0,0,RouteNote,Distro,"",2026-01-17T08:06:42.5093746Z,sale,sale_20260826_023305,2026-08-26 02:38:32.66563
2025-10-31T17:00:00Z,2025,Tonic Note,Dee Art,Tonic Note,Dee Art,Helios Records,GBSMU8652644,5057917554367,Piano Relaxing,TikTok,USD,Egypt,EG,20,0,0,,,,0,0,RouteNote,Distro,"",2026-01-17T08:06:42.5093861Z,sale,sale_20260826_023305,2026-08-26 02:38:32.66563
2025-10-31T17:00:00Z,2025,Tonic Note,Dee Art,Tonic Note,Dee Art,Helios Records,GBSMU8652644,5057917554367,Piano Relaxing,TikTok,USD,United Kingdom (the),GB,1,0,0,,,,0,0,RouteNote,Distro,"",2026-01-17T08:06:42.5093981Z,sale,sale_20260826_023305,2026-08-26 02:38:32.66563
2025-10-31T17:00:00Z,2025,Tonic Note,Dee Art,Tonic Note,Dee Art,Helios Records,GBSMU8652644,5057917554367,Piano Relaxing,TikTok,USD,Iraq,IQ,4,0,0,,,,0,0,RouteNote,Distro,"",2026-01-17T08:06:42.5094093Z,sale,sale_20260826_023305,2026-08-26 02:38:32.66563
2025-10-31T17:00:00Z,2025,Tonic Note,Dee Art,Tonic Note,Dee Art,Helios Records,GBSMU8652644,5057917554367,Piano Relaxing,TikTok,USD,Iran (the Islamic Republic of),IR,1,0,0,,,,0,0,RouteNote,Distro,"",2026-01-17T08:06:42.5094199Z,sale,sale_20260826_023305,2026-08-26 02:38:32.66563
2025-10-31T17:00:00Z,2025,Tonic Note,Dee Art,Tonic Note,Dee Art,Helios Records,GBSMU8652644,5057917554367,Piano Relaxing,TikTok,USD,Italy,IT,34,0,0,,,,0,0,RouteNote,Distro,"",2026-01-17T08:06:42.5094304Z,sale,sale_20260826_023305,2026-08-26 02:38:32.66563
2025-10-31T17:00:00Z,2025,Tonic Note,Dee Art,Tonic Note,Dee Art,Helios Records,GBSMU8652644,5057917554367,Piano Relaxing,TikTok,USD,Kuwait,KW,1,0,0,,,,0,0,RouteNote,Distro,"",2026-01-17T08:06:42.5094406Z,sale,sale_20260826_023305,2026-08-26 02:38:32.66563
2025-10-31T17:00:00Z,2025,Tonic Note,Dee Art,Tonic Note,Dee Art,Helios Records,GBSMU8652644,5057917554367,Piano Relaxing,TikTok,USD,Lebanon,LB,2,0,0,,,,0,0,RouteNote,Distro,"",2026-01-17T08:06:42.5094521Z,sale,sale_20260826_023305,2026-08-26 02:38:32.66563
2025-10-31T17:00:00Z,2025,Tonic Note,Dee Art,Tonic Note,Dee Art,Helios Records,GBSMU8652644,5057917554367,Piano Relaxing,TikTok,USD,Libya,LY,2,0,0,,,,0,0,RouteNote,Distro,"",2026-01-17T08:06:42.5094628Z,sale,sale_20260826_023305,2026-08-26 02:38:32.66563
2025-10-31T17:00:00Z,2025,Tonic Note,Dee Art,Tonic Note,Dee Art,Helios Records,GBSMU8652644,5057917554367,Piano Relaxing,TikTok,USD,Morocco,MA,6,0,0,,,,0,0,RouteNote,Distro,"",2026-01-17T08:06:42.5094737Z,sale,sale_20260826_023305,2026-08-26 02:38:32.66563
2025-10-31T17:00:00Z,2025,Tonic Note,Dee Art,Tonic Note,Dee Art,Helios Records,GBSMU8652644,5057917554367,Piano Relaxing,TikTok,USD,Mexico,MX,1,0,0,,,,0,0,RouteNote,Distro,"",2026-01-17T08:06:42.5094842Z,sale,sale_20260826_023305,2026-08-26 02:38:32.66563
2025-10-31T17:00:00Z,2025,Tonic Note,Dee Art,Tonic Note,Dee Art,Helios Records,GBSMU8652644,5057917554367,Piano Relaxing,TikTok,USD,Netherlands (the),NL,1,0,0,,,,0,0,RouteNote,Distro,"",2026-01-17T08:06:42.5094945Z,sale,sale_20260826_023305,2026-08-26 02:38:32.66563
2025-10-31T17:00:00Z,2025,Tonic Note,Dee Art,Tonic Note,Dee Art,Helios Records,GBSMU8652644,5057917554367,Piano Relaxing,TikTok,USD,Portugal,PT,4,0,0,,,,0,0,RouteNote,Distro,"",2026-01-17T08:06:42.5095063Z,sale,sale_20260826_023305,2026-08-26 02:38:32.66563
2025-10-31T17:00:00Z,2025,Tonic Note,Dee Art,Tonic Note,Dee Art,Helios Records,GBSMU8652644,5057917554367,Piano Relaxing,TikTok,USD,Qatar,QA,1,0,0,,,,0,0,RouteNote,Distro,"",2026-01-17T08:06:42.5095172Z,sale,sale_20260826_023305,2026-08-26 02:38:32.66563
2025-10-31T17:00:00Z,2025,Tonic Note,Dee Art,Tonic Note,Dee Art,Helios Records,GBSMU8652644,5057917554367,Piano Relaxing,TikTok,USD,Saudi Arabia,SA,58,0,0,,,,0,0,RouteNote,Distro,"",2026-01-17T08:06:42.5095279Z,sale,sale_20260826_023305,2026-08-26 02:38:32.66563
2025-10-31T17:00:00Z,2025,Tonic Note,Dee Art,Tonic Note,Dee Art,Helios Records,GBSMU8652644,5057917554367,Piano Relaxing,TikTok,USD,Sweden,SE,1,0,0,,,,0,0,RouteNote,Distro,"",2026-01-17T08:06:42.5095389Z,sale,sale_20260826_023305,2026-08-26 02:38:32.66563
2025-10-31T17:00:00Z,2025,Tonic Note,Dee Art,Tonic Note,Dee Art,Helios Records,GBSMU8652644,5057917554367,Piano Relaxing,TikTok,USD,Chad,TD,1,0,0,,,,0,0,RouteNote,Distro,"",2026-01-17T08:06:42.5095499Z,sale,sale_20260826_023305,2026-08-26 02:38:32.66563
2025-10-31T17:00:00Z,2025,Tonic Note,Dee Art,Tonic Note,Dee Art,Helios Records,GBSMU8652644,5057917554367,Piano Relaxing,TikTok,USD,Ukraine,UA,1,0,0,,,,0,0,RouteNote,Distro,"",2026-01-17T08:06:42.5095618Z,sale,sale_20260826_023305,2026-08-26 02:38:32.66563
2025-10-31T17:00:00Z,2025,Tonic Note,Dee Art,Tonic Note,Dee Art,Helios Records,GBSMU8652644,5057917554367,Piano Relaxing,TikTok,USD,United States (the),US,1,0,0,,,,0,0,RouteNote,Distro,"",2026-01-17T08:06:42.5095734Z,sale,sale_20260826_023305,2026-08-26 02:38:32.66563
2025-10-31T17:00:00Z,2025,Tonic Note,Dee Art,Tonic Note,Dee Art,Helios Records,GBSMU8652644,5057917554367,Piano Relaxing,TikTok,USD,Yemen,YE,18,0,0,,,,0,0,RouteNote,Distro,"",2026-01-17T08:06:42.5095836Z,sale,sale_20260826_023305,2026-08-26 02:38:32.66563
2025-10-31T17:00:00Z,2025,Hometown,Dee Art,Tonic Note,Dee Art,Helios Records,GBSMU8652645,5057917554367,Piano Relaxing,Apple Music,CAD,Canada,CA,28,0,0,,,,0.10919,3.899643,RouteNote,Distro,"",2026-01-17T08:06:42.5095946Z,sale,sale_20260826_023305,2026-08-26 02:38:32.66563
2025-10-31T17:00:00Z,2025,Hometown,Dee Art,Tonic Note,Dee Art,Helios Records,GBSMU8652645,5057917554367,Piano Relaxing,Apple Music,PLN,Poland,PL,3,0,0,,,,0.01016,3.386667,RouteNote,Distro,"",2026-01-17T08:06:42.5096053Z,sale,sale_20260826_023305,2026-08-26 02:38:32.66563
2025-10-31T17:00:00Z,2025,Hometown,Dee Art,Tonic Note,Dee Art,Helios Records,GBSMU8652645,5057917554367,Piano Relaxing,Apple Music,TRY,Turkey,TR,13,0,0,,,,0.01218,0.936923,RouteNote,Distro,"",2026-01-17T08:06:42.5096174Z,sale,sale_20260826_023305,2026-08-26 02:38:32.66563
2025-10-31T17:00:00Z,2025,Hometown,Dee Art,Tonic Note,Dee Art,Helios Records,GBSMU8652645,5057917554367,Piano Relaxing,Apple Music,USD,United States (the),US,102,0,0,,,,0.48522,4.757059,RouteNote,Distro,"",2026-01-17T08:06:42.5096278Z,sale,sale_20260826_023305,2026-08-26 02:38:32.66563
2025-10-31T17:00:00Z,2025,Hometown,Dee Art,Tonic Note,Dee Art,Helios Records,GBSMU8652645,5057917554367,Piano Relaxing,Spotify,EUR,Australia,AU,3,0,0,,,,0.01012,3.373333,RouteNote,Distro,"",2026-01-17T08:06:42.5096383Z,sale,sale_20260826_023305,2026-08-26 02:38:32.66563
2025-10-31T17:00:00Z,2025,Hometown,Dee Art,Tonic Note,Dee Art,Helios Records,GBSMU8652645,5057917554367,Piano Relaxing,Spotify,EUR,Brazil,BR,5,0,0,,,,0.00618,1.236,RouteNote,Distro,"",2026-01-17T08:06:42.5096494Z,sale,sale_20260826_023305,2026-08-26 02:38:32.66563
2025-10-31T17:00:00Z,2025,Hometown,Dee Art,Tonic Note,Dee Art,Helios Records,GBSMU8652645,5057917554367,Piano Relaxing,Spotify,EUR,Canada,CA,2,0,0,,,,0.00277,1.385,RouteNote,Distro,"",2026-01-17T08:06:42.5096612Z,sale,sale_20260826_023305,2026-08-26 02:38:32.66563
2025-10-31T17:00:00Z,2025,Hometown,Dee Art,Tonic Note,Dee Art,Helios Records,GBSMU8652645,5057917554367,Piano Relaxing,Spotify,EUR,Spain,ES,3,0,0,,,,0.00527,1.756667,RouteNote,Distro,"",2026-01-17T08:06:42.5096721Z,sale,sale_20260826_023305,2026-08-26 02:38:32.66563
2025-10-31T17:00:00Z,2025,Hometown,Dee Art,Tonic Note,Dee Art,Helios Records,GBSMU8652645,5057917554367,Piano Relaxing,Spotify,EUR,Hungary,HU,5,0,0,,,,0.01318,2.636,RouteNote,Distro,"",2026-01-17T08:06:42.5096855Z,sale,sale_20260826_023305,2026-08-26 02:38:32.66563
2025-10-31T17:00:00Z,2025,Hometown,Dee Art,Tonic Note,Dee Art,Helios Records,GBSMU8652645,5057917554367,Piano Relaxing,Spotify,EUR,Indonesia,ID,2,0,0,,,,0.00066,0.33,RouteNote,Distro,"",2026-01-17T08:06:42.5096977Z,sale,sale_20260826_023305,2026-08-26 02:38:32.66563
2025-10-31T17:00:00Z,2025,Hometown,Dee Art,Tonic Note,Dee Art,Helios Records,GBSMU8652645,5057917554367,Piano Relaxing,Spotify,EUR,Mexico,MX,3,0,0,,,,0.00304,1.013333,RouteNote,Distro,"",2026-01-17T08:06:42.5097092Z,sale,sale_20260826_023305,2026-08-26 02:38:32.66563
2025-10-31T17:00:00Z,2025,Hometown,Dee Art,Tonic Note,Dee Art,Helios Records,GBSMU8652645,5057917554367,Piano Relaxing,Spotify,EUR,Philippines (the),PH,7,0,0,,,,0.00132,0.188571,RouteNote,Distro,"",2026-01-17T08:06:42.509722Z,sale,sale_20260826_023305,2026-08-26 02:38:32.66563
2025-10-31T17:00:00Z,2025,Hometown,Dee Art,Tonic Note,Dee Art,Helios Records,GBSMU8652645,5057917554367,Piano Relaxing,Spotify,EUR,Poland,PL,38,0,0,,,,0.08806,2.317368,RouteNote,Distro,"",2026-01-17T08:06:42.5097335Z,sale,sale_20260826_023305,2026-08-26 02:38:32.66563
2025-10-31T17:00:00Z,2025,Hometown,Dee Art,Tonic Note,Dee Art,Helios Records,GBSMU8652645,5057917554367,Piano Relaxing,Spotify,EUR,Sweden,SE,1,0,0,,,,0.00664,6.64,RouteNote,Distro,"",2026-01-17T08:06:42.5097448Z,sale,sale_20260826_023305,2026-08-26 02:38:32.66563
2025-10-31T17:00:00Z,2025,Hometown,Dee Art,Tonic Note,Dee Art,Helios Records,GBSMU8652645,5057917554367,Piano Relaxing,Spotify,EUR,Singapore,SG,2,0,0,,,,0.00766,3.83,RouteNote,Distro,"",2026-01-17T08:06:42.5097561Z,sale,sale_20260826_023305,2026-08-26 02:38:32.66563
2025-10-31T17:00:00Z,2025,Hometown,Dee Art,Tonic Note,Dee Art,Helios Records,GBSMU8652645,5057917554367,Piano Relaxing,Spotify,GBP,United Kingdom (the),GB,208,0,0,,,,1.29462,6.224135,RouteNote,Distro,"",2026-01-17T08:06:42.509768Z,sale,sale_20260826_023305,2026-08-26 02:38:32.66563
2025-10-31T17:00:00Z,2025,Hometown,Dee Art,Tonic Note,Dee Art,Helios Records,GBSMU8652645,5057917554367,Piano Relaxing,Spotify,USD,Panama,PA,4,0,0,,,,0.00692,1.73,RouteNote,Distro,"",2026-01-17T08:06:42.5097816Z,sale,sale_20260826_023305,2026-08-26 02:38:32.66563
2025-10-31T17:00:00Z,2025,Hometown,Dee Art,Tonic Note,Dee Art,Helios Records,GBSMU8652645,5057917554367,Piano Relaxing,Spotify,USD,United States (the),US,3,0,0,,,,0.0116,3.866667,RouteNote,Distro,"",2026-01-17T08:06:42.5097934Z,sale,sale_20260826_023305,2026-08-26 02:38:32.66563
2025-10-31T17:00:00Z,2025,Hometown,Dee Art,Tonic Note,Dee Art,Helios Records,GBSMU8652645,5057917554367,Piano Relaxing,TikTok,USD,Afghanistan,AF,10,0,0,,,,0,0,RouteNote,Distro,"",2026-01-17T08:06:42.5098043Z,sale,sale_20260826_023305,2026-08-26 02:38:32.66563
2025-10-31T17:00:00Z,2025,Hometown,Dee Art,Tonic Note,Dee Art,Helios Records,GBSMU8652645,5057917554367,Piano Relaxing,TikTok,USD,Albania,AL,1,0,0,,,,0,0,RouteNote,Distro,"",2026-01-17T08:06:42.5098153Z,sale,sale_20260826_023305,2026-08-26 02:38:32.66563
2025-10-31T17:00:00Z,2025,Hometown,Dee Art,Tonic Note,Dee Art,Helios Records,GBSMU8652645,5057917554367,Piano Relaxing,TikTok,USD,Armenia,AM,3,0,0,,,,0,0,RouteNote,Distro,"",2026-01-17T08:06:42.5098266Z,sale,sale_20260826_023305,2026-08-26 02:38:32.66563
2025-10-31T17:00:00Z,2025,Hometown,Dee Art,Tonic Note,Dee Art,Helios Records,GBSMU8652645,5057917554367,Piano Relaxing,TikTok,USD,Angola,AO,1,0,0,,,,0,0,RouteNote,Distro,"",2026-01-17T08:06:42.5098396Z,sale,sale_20260826_023305,2026-08-26 02:38:32.66563
2025-10-31T17:00:00Z,2025,Hometown,Dee Art,Tonic Note,Dee Art,Helios Records,GBSMU8652645,5057917554367,Piano Relaxing,TikTok,USD,Austria,AT,1,0,0,,,,0,0,RouteNote,Distro,"",2026-01-17T08:06:42.5098508Z,sale,sale_20260826_023305,2026-08-26 02:38:32.66563
2025-10-31T17:00:00Z,2025,Hometown,Dee Art,Tonic Note,Dee Art,Helios Records,GBSMU8652645,5057917554367,Piano Relaxing,TikTok,USD,Australia,AU,5,0,0,,,,0,0,RouteNote,Distro,"",2026-01-17T08:06:42.5098617Z,sale,sale_20260826_023305,2026-08-26 02:38:32.66563
2025-10-31T17:00:00Z,2025,Hometown,Dee Art,Tonic Note,Dee Art,Helios Records,GBSMU8652645,5057917554367,Piano Relaxing,TikTok,USD,Azerbaijan,AZ,1,0,0,,,,0,0,RouteNote,Distro,"",2026-01-17T08:06:42.5098725Z,sale,sale_20260826_023305,2026-08-26 02:38:32.66563
2025-10-31T17:00:00Z,2025,Hometown,Dee Art,Tonic Note,Dee Art,Helios Records,GBSMU8652645,5057917554367,Piano Relaxing,TikTok,USD,Bulgaria,BG,1,0,0,,,,0,0,RouteNote,Distro,"",2026-01-17T08:06:42.5098836Z,sale,sale_20260826_023305,2026-08-26 02:38:32.66563
2025-10-31T17:00:00Z,2025,Hometown,Dee Art,Tonic Note,Dee Art,Helios Records,GBSMU8652645,5057917554367,Piano Relaxing,TikTok,USD,Brazil,BR,317,0,2,,,,0.00111,0.003502,RouteNote,Distro,"",2026-01-17T08:06:42.5098962Z,sale,sale_20260826_023305,2026-08-26 02:38:32.66563
2025-10-31T17:00:00Z,2025,Hometown,Dee Art,Tonic Note,Dee Art,Helios Records,GBSMU8652645,5057917554367,Piano Relaxing,TikTok,USD,Belarus,BY,2,0,0,,,,0,0,RouteNote,Distro,"",2026-01-17T08:06:42.5099073Z,sale,sale_20260826_023305,2026-08-26 02:38:32.66563
2025-10-31T17:00:00Z,2025,Hometown,Dee Art,Tonic Note,Dee Art,Helios Records,GBSMU8652645,5057917554367,Piano Relaxing,TikTok,USD,Canada,CA,24,0,0,,,,0,0,RouteNote,Distro,"",2026-01-17T08:06:42.5099185Z,sale,sale_20260826_023305,2026-08-26 02:38:32.66563
2025-10-31T17:00:00Z,2025,Hometown,Dee Art,Tonic Note,Dee Art,Helios Records,GBSMU8652645,5057917554367,Piano Relaxing,TikTok,USD,Costa Rica,CR,1,0,0,,,,0,0,RouteNote,Distro,"",2026-01-17T08:06:42.5099293Z,sale,sale_20260826_023305,2026-08-26 02:38:32.66563
2025-10-31T17:00:00Z,2025,Hometown,Dee Art,Tonic Note,Dee Art,Helios Records,GBSMU8652645,5057917554367,Piano Relaxing,TikTok,USD,Cabo Verde,CV,1,0,0,,,,0,0,RouteNote,Distro,"",2026-01-17T08:06:42.5099404Z,sale,sale_20260826_023305,2026-08-26 02:38:32.66563
2025-10-31T17:00:00Z,2025,Hometown,Dee Art,Tonic Note,Dee Art,Helios Records,GBSMU8652645,5057917554367,Piano Relaxing,TikTok,USD,Cyprus,CY,1,0,0,,,,0,0,RouteNote,Distro,"",2026-01-17T08:06:42.5099528Z,sale,sale_20260826_023305,2026-08-26 02:38:32.66563
2025-10-31T17:00:00Z,2025,Hometown,Dee Art,Tonic Note,Dee Art,Helios Records,GBSMU8652645,5057917554367,Piano Relaxing,TikTok,USD,Germany,DE,11,0,0,,,,0,0,RouteNote,Distro,"",2026-01-17T08:06:42.5099642Z,sale,sale_20260826_023305,2026-08-26 02:38:32.66563
2025-10-31T17:00:00Z,2025,Hometown,Dee Art,Tonic Note,Dee Art,Helios Records,GBSMU8652645,5057917554367,Piano Relaxing,TikTok,USD,Dominican Republic (the),DO,1,0,0,,,,0,0,RouteNote,Distro,"",2026-01-17T08:06:42.5099757Z,sale,sale_20260826_023305,2026-08-26 02:38:32.66563
2025-10-31T17:00:00Z,2025,Hometown,Dee Art,Tonic Note,Dee Art,Helios Records,GBSMU8652645,5057917554367,Piano Relaxing,TikTok,USD,Egypt,EG,6,0,0,,,,0,0,RouteNote,Distro,"",2026-01-17T08:06:42.509987Z,sale,sale_20260826_023305,2026-08-26 02:38:32.66563
2025-10-31T17:00:00Z,2025,Hometown,Dee Art,Tonic Note,Dee Art,Helios Records,GBSMU8652645,5057917554367,Piano Relaxing,TikTok,USD,Spain,ES,4,0,0,,,,0,0,RouteNote,Distro,"",2026-01-17T08:06:42.5100001Z,sale,sale_20260826_023305,2026-08-26 02:38:32.66563
2025-10-31T17:00:00Z,2025,Hometown,Dee Art,Tonic Note,Dee Art,Helios Records,GBSMU8652645,5057917554367,Piano Relaxing,TikTok,USD,France,FR,8,0,0,,,,0,0,RouteNote,Distro,"",2026-01-17T08:06:42.5100125Z,sale,sale_20260826_023305,2026-08-26 02:38:32.66563
2025-10-31T17:00:00Z,2025,Hometown,Dee Art,Tonic Note,Dee Art,Helios Records,GBSMU8652645,5057917554367,Piano Relaxing,TikTok,USD,United Kingdom (the),GB,4,0,0,,,,0,0,RouteNote,Distro,"",2026-01-17T08:06:42.5100235Z,sale,sale_20260826_023305,2026-08-26 02:38:32.66563
2025-10-31T17:00:00Z,2025,Hometown,Dee Art,Tonic Note,Dee Art,Helios Records,GBSMU8652645,5057917554367,Piano Relaxing,TikTok,USD,Greece,GR,3,0,0,,,,0,0,RouteNote,Distro,"",2026-01-17T08:06:42.5100342Z,sale,sale_20260826_023305,2026-08-26 02:38:32.66563
2025-10-31T17:00:00Z,2025,Hometown,Dee Art,Tonic Note,Dee Art,Helios Records,GBSMU8652645,5057917554367,Piano Relaxing,TikTok,USD,Hong Kong,HK,1,0,0,,,,0,0,RouteNote,Distro,"",2026-01-17T08:06:42.5100448Z,sale,sale_20260826_023305,2026-08-26 02:38:32.66563
2025-10-31T17:00:00Z,2025,Hometown,Dee Art,Tonic Note,Dee Art,Helios Records,GBSMU8652645,5057917554367,Piano Relaxing,TikTok,USD,Iraq,IQ,6,0,0,,,,0,0,RouteNote,Distro,"",2026-01-17T08:06:42.5100552Z,sale,sale_20260826_023305,2026-08-26 02:38:32.66563
2025-10-31T17:00:00Z,2025,Hometown,Dee Art,Tonic Note,Dee Art,Helios Records,GBSMU8652645,5057917554367,Piano Relaxing,TikTok,USD,Iran (the Islamic Republic of),IR,660,0,0,,,,0,0,RouteNote,Distro,"",2026-01-17T08:06:42.5100668Z,sale,sale_20260826_023305,2026-08-26 02:38:32.66563
2025-10-31T17:00:00Z,2025,Hometown,Dee Art,Tonic Note,Dee Art,Helios Records,GBSMU8652645,5057917554367,Piano Relaxing,TikTok,USD,Japan,JP,0,0,0,,,,0,0,RouteNote,Distro,"",2026-01-17T08:06:42.5100776Z,sale,sale_20260826_023305,2026-08-26 02:38:32.66563
2025-10-31T17:00:00Z,2025,Hometown,Dee Art,Tonic Note,Dee Art,Helios Records,GBSMU8652645,5057917554367,Piano Relaxing,TikTok,USD,Kuwait,KW,2,0,0,,,,0,0,RouteNote,Distro,"",2026-01-17T08:06:42.5100876Z,sale,sale_20260826_023305,2026-08-26 02:38:32.66563
2025-10-31T17:00:00Z,2025,Hometown,Dee Art,Tonic Note,Dee Art,Helios Records,GBSMU8652645,5057917554367,Piano Relaxing,TikTok,USD,New Zealand,NZ,1,0,0,,,,0,0,RouteNote,Distro,"",2026-01-17T08:06:42.5100979Z,sale,sale_20260826_023305,2026-08-26 02:38:32.66563
2025-10-31T17:00:00Z,2025,Hometown,Dee Art,Tonic Note,Dee Art,Helios Records,GBSMU8652645,5057917554367,Piano Relaxing,TikTok,USD,Pakistan,PK,3,0,0,,,,0,0,RouteNote,Distro,"",2026-01-17T08:06:42.5101094Z,sale,sale_20260826_023305,2026-08-26 02:38:32.66563
2025-10-31T17:00:00Z,2025,Hometown,Dee Art,Tonic Note,Dee Art,Helios Records,GBSMU8652645,5057917554367,Piano Relaxing,TikTok,USD,Poland,PL,2,0,0,,,,0,0,RouteNote,Distro,"",2026-01-17T08:06:42.5101201Z,sale,sale_20260826_023305,2026-08-26 02:38:32.66563
2025-10-31T17:00:00Z,2025,Hometown,Dee Art,Tonic Note,Dee Art,Helios Records,GBSMU8652645,5057917554367,Piano Relaxing,TikTok,USD,Portugal,PT,6,0,0,,,,0,0,RouteNote,Distro,"",2026-01-17T08:06:42.5101304Z,sale,sale_20260826_023305,2026-08-26 02:38:32.66563
2025-10-31T17:00:00Z,2025,Hometown,Dee Art,Tonic Note,Dee Art,Helios Records,GBSMU8652645,5057917554367,Piano Relaxing,TikTok,USD,Romania,RO,3,0,0,,,,0,0,RouteNote,Distro,"",2026-01-17T08:06:42.5101415Z,sale,sale_20260826_023305,2026-08-26 02:38:32.66563
2025-10-31T17:00:00Z,2025,Hometown,Dee Art,Tonic Note,Dee Art,Helios Records,GBSMU8652645,5057917554367,Piano Relaxing,TikTok,USD,Saudi Arabia,SA,39,0,0,,,,0,0,RouteNote,Distro,"",2026-01-17T08:06:42.5101524Z,sale,sale_20260826_023305,2026-08-26 02:38:32.66563
2025-10-31T17:00:00Z,2025,Hometown,Dee Art,Tonic Note,Dee Art,Helios Records,GBSMU8652645,5057917554367,Piano Relaxing,TikTok,USD,Sierra Leone,SL,1,0,0,,,,0,0,RouteNote,Distro,"",2026-01-17T08:06:42.5101643Z,sale,sale_20260826_023305,2026-08-26 02:38:32.66563
2025-10-31T17:00:00Z,2025,Hometown,Dee Art,Tonic Note,Dee Art,Helios Records,GBSMU8652645,5057917554367,Piano Relaxing,TikTok,USD,Tokelau,TK,2,0,0,,,,0,0,RouteNote,Distro,"",2026-01-17T08:06:42.5101748Z,sale,sale_20260826_023305,2026-08-26 02:38:32.66563
2025-10-31T17:00:00Z,2025,Hometown,Dee Art,Tonic Note,Dee Art,Helios Records,GBSMU8652645,5057917554367,Piano Relaxing,TikTok,USD,Tunisia,TN,1,0,0,,,,0,0,RouteNote,Distro,"",2026-01-17T08:06:42.5101859Z,sale,sale_20260826_023305,2026-08-26 02:38:32.66563
2025-10-31T17:00:00Z,2025,Hometown,Dee Art,Tonic Note,Dee Art,Helios Records,GBSMU8652645,5057917554367,Piano Relaxing,TikTok,USD,Turkey,TR,3,0,0,,,,0,0,RouteNote,Distro,"",2026-01-17T08:06:42.5101969Z,sale,sale_20260826_023305,2026-08-26 02:38:32.66563
2025-10-31T17:00:00Z,2025,Hometown,Dee Art,Tonic Note,Dee Art,Helios Records,GBSMU8652645,5057917554367,Piano Relaxing,TikTok,USD,United States (the),US,9,0,0,,,,0,0,RouteNote,Distro,"",2026-01-17T08:06:42.5102077Z,sale,sale_20260826_023305,2026-08-26 02:38:32.66563
2025-10-31T17:00:00Z,2025,Hometown,Dee Art,Tonic Note,Dee Art,Helios Records,GBSMU8652645,5057917554367,Piano Relaxing,TikTok,USD,Yemen,YE,1,0,0,,,,0,0,RouteNote,Distro,"",2026-01-17T08:06:42.510219Z,sale,sale_20260826_023305,2026-08-26 02:38:32.66563
2025-10-31T17:00:00Z,2025,Hometown,Dee Art,Tonic Note,Dee Art,Helios Records,GBSMU8652645,5057917554367,Piano Relaxing,YouTube,USD,WorldWide,WW,2,0,0,,,,0,0,RouteNote,Distro,"",2026-01-17T08:06:42.5102294Z,sale,sale_20260826_023305,2026-08-26 02:38:32.66563
2025-10-31T17:00:00Z,2025,Original Love,Dee Art,Tonic Note,Dee Art,Helios Records,GBSMU8652646,5057917554367,Piano Relaxing,Amazon Music Unlimited,EUR,Germany,DE,5,0,0,,,,0,0,RouteNote,Distro,"",2026-01-17T08:06:42.5102403Z,sale,sale_20260826_023305,2026-08-26 02:38:32.66563
2025-10-31T17:00:00Z,2025,Original Love,Dee Art,Tonic Note,Dee Art,Helios Records,GBSMU8652646,5057917554367,Piano Relaxing,Amazon Music Unlimited,EUR,Spain,ES,1,0,0,,,,0,0,RouteNote,Distro,"",2026-01-17T08:06:42.5102511Z,sale,sale_20260826_023305,2026-08-26 02:38:32.66563
2025-10-31T17:00:00Z,2025,Original Love,Dee Art,Tonic Note,Dee Art,Helios Records,GBSMU8652646,5057917554367,Piano Relaxing,Amazon Music Unlimited,GBP,United Kingdom (the),GB,9,0,0,,,,0,0,RouteNote,Distro,"",2026-01-17T08:06:42.5102623Z,sale,sale_20260826_023305,2026-08-26 02:38:32.66563
2025-10-31T17:00:00Z,2025,Original Love,Dee Art,Tonic Note,Dee Art,Helios Records,GBSMU8652646,5057917554367,Piano Relaxing,Amazon Prime,GBP,United Kingdom (the),GB,5,0,0,,,,0.00871,1.742,RouteNote,Distro,"",2026-01-17T08:06:42.5102744Z,sale,sale_20260826_023305,2026-08-26 02:38:32.66563
2025-10-31T17:00:00Z,2025,Original Love,Dee Art,Tonic Note,Dee Art,Helios Records,GBSMU8652646,5057917554367,Piano Relaxing,Apple Music,CAD,Canada,CA,2,0,0,,,,0.00503,2.515,RouteNote,Distro,"",2026-01-17T08:06:42.510286Z,sale,sale_20260826_023305,2026-08-26 02:38:32.66563
2025-10-31T17:00:00Z,2025,Original Love,Dee Art,Tonic Note,Dee Art,Helios Records,GBSMU8652646,5057917554367,Piano Relaxing,Apple Music,TRY,Turkey,TR,13,0,0,,,,0.01084,0.833846,RouteNote,Distro,"",2026-01-17T08:06:42.5102976Z,sale,sale_20260826_023305,2026-08-26 02:38:32.66563
2025-10-31T17:00:00Z,2025,Original Love,Dee Art,Tonic Note,Dee Art,Helios Records,GBSMU8652646,5057917554367,Piano Relaxing,Apple Music,USD,United States (the),US,30,0,0,,,,0.11708,3.902667,RouteNote,Distro,"",2026-01-17T08:06:42.5103081Z,sale,sale_20260826_023305,2026-08-26 02:38:32.66563
2025-10-31T17:00:00Z,2025,Original Love,Dee Art,Tonic Note,Dee Art,Helios Records,GBSMU8652646,5057917554367,Piano Relaxing,Spotify,EUR,Andorra,AD,2,0,0,,,,0,0,RouteNote,Distro,"",2026-01-17T08:06:42.5103192Z,sale,sale_20260826_023305,2026-08-26 02:38:32.66563
2025-10-31T17:00:00Z,2025,Original Love,Dee Art,Tonic Note,Dee Art,Helios Records,GBSMU8652646,5057917554367,Piano Relaxing,Spotify,EUR,United Arab Emirates (the),AE,50,0,0,,,,0.04477,0.8954,RouteNote,Distro,"",2026-01-17T08:06:42.5103308Z,sale,sale_20260826_023305,2026-08-26 02:38:32.66563
2025-10-31T17:00:00Z,2025,Original Love,Dee Art,Tonic Note,Dee Art,Helios Records,GBSMU8652646,5057917554367,Piano Relaxing,Spotify,EUR,Albania,AL,1,0,0,,,,0.00327,3.27,RouteNote,Distro,"",2026-01-17T08:06:42.5103417Z,sale,sale_20260826_023305,2026-08-26 02:38:32.66563
2025-10-31T17:00:00Z,2025,Original Love,Dee Art,Tonic Note,Dee Art,Helios Records,GBSMU8652646,5057917554367,Piano Relaxing,Spotify,EUR,Argentina,AR,498,0,0,,,,0.28819,0.578695,RouteNote,Distro,"",2026-01-17T08:06:42.5103523Z,sale,sale_20260826_023305,2026-08-26 02:38:32.66563
2025-10-31T17:00:00Z,2025,Original Love,Dee Art,Tonic Note,Dee Art,Helios Records,GBSMU8652646,5057917554367,Piano Relaxing,Spotify,EUR,Austria,AT,62,0,0,,,,0.14603,2.355323,RouteNote,Distro,"",2026-01-17T08:06:42.5103632Z,sale,sale_20260826_023305,2026-08-26 02:38:32.66563
2025-10-31T17:00:00Z,2025,Original Love,Dee Art,Tonic Note,Dee Art,Helios Records,GBSMU8652646,5057917554367,Piano Relaxing,Spotify,EUR,Australia,AU,113,0,0,,,,0.26986,2.388142,RouteNote,Distro,"",2026-01-17T08:06:42.5103742Z,sale,sale_20260826_023305,2026-08-26 02:38:32.66563
2025-10-31T17:00:00Z,2025,Original Love,Dee Art,Tonic Note,Dee Art,Helios Records,GBSMU8652646,5057917554367,Piano Relaxing,Spotify,EUR,Bangladesh,BD,2,0,0,,,,1e-05,0.005,RouteNote,Distro,"",2026-01-17T08:06:42.5103867Z,sale,sale_20260826_023305,2026-08-26 02:38:32.66563
2025-10-31T17:00:00Z,2025,Original Love,Dee Art,Tonic Note,Dee Art,Helios Records,GBSMU8652646,5057917554367,Piano Relaxing,Spotify,EUR,Belgium,BE,70,0,0,,,,0.16074,2.296286,RouteNote,Distro,"",2026-01-17T08:06:42.5103979Z,sale,sale_20260826_023305,2026-08-26 02:38:32.66563
2025-10-31T17:00:00Z,2025,Original Love,Dee Art,Tonic Note,Dee Art,Helios Records,GBSMU8652646,5057917554367,Piano Relaxing,Spotify,EUR,Brazil,BR,857,0,0,,,,0.75534,0.881377,RouteNote,Distro,"",2026-01-17T08:06:42.5104094Z,sale,sale_20260826_023305,2026-08-26 02:38:32.66563
2025-10-31T17:00:00Z,2025,Original Love,Dee Art,Tonic Note,Dee Art,Helios Records,GBSMU8652646,5057917554367,Piano Relaxing,Spotify,EUR,Canada,CA,600,0,0,,,,0.9461,1.576833,RouteNote,Distro,"",2026-01-17T08:06:42.51042Z,sale,sale_20260826_023305,2026-08-26 02:38:32.66563
2025-10-31T17:00:00Z,2025,Original Love,Dee Art,Tonic Note,Dee Art,Helios Records,GBSMU8652646,5057917554367,Piano Relaxing,Spotify,EUR,Switzerland,CH,144,0,0,,,,0.39233,2.724514,RouteNote,Distro,"",2026-01-17T08:06:42.5104308Z,sale,sale_20260826_023305,2026-08-26 02:38:32.66563
2025-10-31T17:00:00Z,2025,Original Love,Dee Art,Tonic Note,Dee Art,Helios Records,GBSMU8652646,5057917554367,Piano Relaxing,Spotify,EUR,Chile,CL,455,0,0,,,,0.30679,0.674264,RouteNote,Distro,"",2026-01-17T08:06:42.5104438Z,sale,sale_20260826_023305,2026-08-26 02:38:32.66563
2025-10-31T17:00:00Z,2025,Original Love,Dee Art,Tonic Note,Dee Art,Helios Records,GBSMU8652646,5057917554367,Piano Relaxing,Spotify,EUR,Colombia,CO,766,0,0,,,,0.22985,0.300065,RouteNote,Distro,"",2026-01-17T08:06:42.5104552Z,sale,sale_20260826_023305,2026-08-26 02:38:32.66563
2025-10-31T17:00:00Z,2025,Original Love,Dee Art,Tonic Note,Dee Art,Helios Records,GBSMU8652646,5057917554367,Piano Relaxing,Spotify,EUR,Cyprus,CY,1,0,0,,,,0.00015,0.15,RouteNote,Distro,"",2026-01-17T08:06:42.5104659Z,sale,sale_20260826_023305,2026-08-26 02:38:32.66563
2025-10-31T17:00:00Z,2025,Original Love,Dee Art,Tonic Note,Dee Art,Helios Records,GBSMU8652646,5057917554367,Piano Relaxing,Spotify,EUR,Czech Republic (the),CZ,1,0,0,,,,0.00437,4.37,RouteNote,Distro,"",2026-01-17T08:06:42.5104768Z,sale,sale_20260826_023305,2026-08-26 02:38:32.66563
2025-10-31T17:00:00Z,2025,Original Love,Dee Art,Tonic Note,Dee Art,Helios Records,GBSMU8652646,5057917554367,Piano Relaxing,Spotify,EUR,Germany,DE,895,0,0,,,,2.08463,2.329196,RouteNote,Distro,"",2026-01-17T08:06:42.5104878Z,sale,sale_20260826_023305,2026-08-26 02:38:32.66563
2025-10-31T17:00:00Z,2025,Original Love,Dee Art,Tonic Note,Dee Art,Helios Records,GBSMU8652646,5057917554367,Piano Relaxing,Spotify,EUR,Denmark,DK,1,0,0,,,,0.00638,6.38,RouteNote,Distro,"",2026-01-17T08:06:42.5104992Z,sale,sale_20260826_023305,2026-08-26 02:38:32.66563
2025-10-31T17:00:00Z,2025,Original Love,Dee Art,Tonic Note,Dee Art,Helios Records,GBSMU8652646,5057917554367,Piano Relaxing,Spotify,EUR,Estonia,EE,2,0,0,,,,0.0065,3.25,RouteNote,Distro,"",2026-01-17T08:06:42.5105106Z,sale,sale_20260826_023305,2026-08-26 02:38:32.66563
2025-10-31T17:00:00Z,2025,Original Love,Dee Art,Tonic Note,Dee Art,Helios Records,GBSMU8652646,5057917554367,Piano Relaxing,Spotify,EUR,Spain,ES,1107,0,0,,,,1.46792,1.326034,RouteNote,Distro,"",2026-01-17T08:06:42.5105227Z,sale,sale_20260826_023305,2026-08-26 02:38:32.66563
2025-10-31T17:00:00Z,2025,Original Love,Dee Art,Tonic Note,Dee Art,Helios Records,GBSMU8652646,5057917554367,Piano Relaxing,Spotify,EUR,Finland,FI,2,0,0,,,,0.00035,0.175,RouteNote,Distro,"",2026-01-17T08:06:42.5105337Z,sale,sale_20260826_023305,2026-08-26 02:38:32.66563
2025-10-31T17:00:00Z,2025,Original Love,Dee Art,Tonic Note,Dee Art,Helios Records,GBSMU8652646,5057917554367,Piano Relaxing,Spotify,EUR,France,FR,688,0,0,,,,1.23834,1.799913,RouteNote,Distro,"",2026-01-17T08:06:42.5105455Z,sale,sale_20260826_023305,2026-08-26 02:38:32.66563
2025-10-31T17:00:00Z,2025,Original Love,Dee Art,Tonic Note,Dee Art,Helios Records,GBSMU8652646,5057917554367,Piano Relaxing,Spotify,EUR,Hong Kong,HK,159,0,0,,,,0.35557,2.236289,RouteNote,Distro,"",2026-01-17T08:06:42.5105567Z,sale,sale_20260826_023305,2026-08-26 02:38:32.66563
2025-10-31T17:00:00Z,2025,Original Love,Dee Art,Tonic Note,Dee Art,Helios Records,GBSMU8652646,5057917554367,Piano Relaxing,Spotify,EUR,Croatia,HR,6,0,0,,,,0.00777,1.295,RouteNote,Distro,"",2026-01-17T08:06:42.5105678Z,sale,sale_20260826_023305,2026-08-26 02:38:32.66563
2025-10-31T17:00:00Z,2025,Original Love,Dee Art,Tonic Note,Dee Art,Helios Records,GBSMU8652646,5057917554367,Piano Relaxing,Spotify,EUR,Hungary,HU,15,0,0,,,,0.01908,1.272,RouteNote,Distro,"",2026-01-17T08:06:42.5105785Z,sale,sale_20260826_023305,2026-08-26 02:38:32.66563
2025-10-31T17:00:00Z,2025,Original Love,Dee Art,Tonic Note,Dee Art,Helios Records,GBSMU8652646,5057917554367,Piano Relaxing,Spotify,EUR,Indonesia,ID,1156,0,0,,,,0.2908,0.251557,RouteNote,Distro,"",2026-01-17T08:06:42.5105898Z,sale,sale_20260826_023305,2026-08-26 02:38:32.66563
2025-10-31T17:00:00Z,2025,Original Love,Dee Art,Tonic Note,Dee Art,Helios Records,GBSMU8652646,5057917554367,Piano Relaxing,Spotify,EUR,Ireland,IE,21,0,0,,,,0.0482,2.295238,RouteNote,Distro,"",2026-01-17T08:06:42.5106014Z,sale,sale_20260826_023305,2026-08-26 02:38:32.66563
2025-10-31T17:00:00Z,2025,Original Love,Dee Art,Tonic Note,Dee Art,Helios Records,GBSMU8652646,5057917554367,Piano Relaxing,Spotify,EUR,Israel,IL,5,0,0,,,,0.0069,1.38,RouteNote,Distro,"",2026-01-17T08:06:42.5106123Z,sale,sale_20260826_023305,2026-08-26 02:38:32.66563
2025-10-31T17:00:00Z,2025,Original Love,Dee Art,Tonic Note,Dee Art,Helios Records,GBSMU8652646,5057917554367,Piano Relaxing,Spotify,EUR,Iceland,IS,2,0,0,,,,0.01149,5.745,RouteNote,Distro,"",2026-01-17T08:06:42.5106232Z,sale,sale_20260826_023305,2026-08-26 02:38:32.66563
2025-10-31T17:00:00Z,2025,Original Love,Dee Art,Tonic Note,Dee Art,Helios Records,GBSMU8652646,5057917554367,Piano Relaxing,Spotify,EUR,Italy,IT,30,0,0,,,,0.03569,1.189667,RouteNote,Distro,"",2026-01-17T08:06:42.5106342Z,sale,sale_20260826_023305,2026-08-26 02:38:32.66563
2025-10-31T17:00:00Z,2025,Original Love,Dee Art,Tonic Note,Dee Art,Helios Records,GBSMU8652646,5057917554367,Piano Relaxing,Spotify,EUR,Japan,JP,42,0,0,,,,0.05774,1.374762,RouteNote,Distro,"",2026-01-17T08:06:42.5106452Z,sale,sale_20260826_023305,2026-08-26 02:38:32.66563
2025-10-31T17:00:00Z,2025,Original Love,Dee Art,Tonic Note,Dee Art,Helios Records,GBSMU8652646,5057917554367,Piano Relaxing,Spotify,EUR,Sri Lanka,LK,15,0,0,,,,0.00534,0.356,RouteNote,Distro,"",2026-01-17T08:06:42.5106569Z,sale,sale_20260826_023305,2026-08-26 02:38:32.66563
2025-10-31T17:00:00Z,2025,Original Love,Dee Art,Tonic Note,Dee Art,Helios Records,GBSMU8652646,5057917554367,Piano Relaxing,Spotify,EUR,Lithuania,LT,5,0,0,,,,0.01079,2.158,RouteNote,Distro,"",2026-01-17T08:06:42.5106677Z,sale,sale_20260826_023305,2026-08-26 02:38:32.66563
2025-10-31T17:00:00Z,2025,Original Love,Dee Art,Tonic Note,Dee Art,Helios Records,GBSMU8652646,5057917554367,Piano Relaxing,Spotify,EUR,Luxembourg,LU,18,0,0,,,,0.06045,3.358333,RouteNote,Distro,"",2026-01-17T08:06:42.5106786Z,sale,sale_20260826_023305,2026-08-26 02:38:32.66563
2025-10-31T17:00:00Z,2025,Original Love,Dee Art,Tonic Note,Dee Art,Helios Records,GBSMU8652646,5057917554367,Piano Relaxing,Spotify,EUR,Latvia,LV,1,0,0,,,,5e-05,0.05,RouteNote,Distro,"",2026-01-17T08:06:42.5106897Z,sale,sale_20260826_023305,2026-08-26 02:38:32.66563
2025-10-31T17:00:00Z,2025,Original Love,Dee Art,Tonic Note,Dee Art,Helios Records,GBSMU8652646,5057917554367,Piano Relaxing,Spotify,EUR,Malta,MT,5,0,0,,,,0.00964,1.928,RouteNote,Distro,"",2026-01-17T08:06:42.5107006Z,sale,sale_20260826_023305,2026-08-26 02:38:32.66563
2025-10-31T17:00:00Z,2025,Original Love,Dee Art,Tonic Note,Dee Art,Helios Records,GBSMU8652646,5057917554367,Piano Relaxing,Spotify,EUR,Mexico,MX,1835,0,0,,,,1.38163,0.752932,RouteNote,Distro,"",2026-01-17T08:06:42.5107123Z,sale,sale_20260826_023305,2026-08-26 02:38:32.66563
2025-10-31T17:00:00Z,2025,Original Love,Dee Art,Tonic Note,Dee Art,Helios Records,GBSMU8652646,5057917554367,Piano Relaxing,Spotify,EUR,Malaysia,MY,768,0,0,,,,0.46246,0.602161,RouteNote,Distro,"",2026-01-17T08:06:42.5107239Z,sale,sale_20260826_023305,2026-08-26 02:38:32.66563
2025-10-31T17:00:00Z,2025,Original Love,Dee Art,Tonic Note,Dee Art,Helios Records,GBSMU8652646,5057917554367,Piano Relaxing,Spotify,EUR,Netherlands (the),NL,79,0,0,,,,0.21821,2.762152,RouteNote,Distro,"",2026-01-17T08:06:42.510737Z,sale,sale_20260826_023305,2026-08-26 02:38:32.66563
2025-10-31T17:00:00Z,2025,Original Love,Dee Art,Tonic Note,Dee Art,Helios Records,GBSMU8652646,5057917554367,Piano Relaxing,Spotify,EUR,Norway,NO,25,0,0,,,,0.08217,3.2868,RouteNote,Distro,"",2026-01-17T08:06:42.5107485Z,sale,sale_20260826_023305,2026-08-26 02:38:32.66563
2025-10-31T17:00:00Z,2025,Original Love,Dee Art,Tonic Note,Dee Art,Helios Records,GBSMU8652646,5057917554367,Piano Relaxing,Spotify,EUR,New Zealand,NZ,2,0,0,,,,0.00681,3.405,RouteNote,Distro,"",2026-01-17T08:06:42.5107595Z,sale,sale_20260826_023305,2026-08-26 02:38:32.66563
2025-10-31T17:00:00Z,2025,Original Love,Dee Art,Tonic Note,Dee Art,Helios Records,GBSMU8652646,5057917554367,Piano Relaxing,Spotify,EUR,Peru,PE,131,0,0,,,,0.05484,0.418626,RouteNote,Distro,"",2026-01-17T08:06:42.5107717Z,sale,sale_20260826_023305,2026-08-26 02:38:32.66563
2025-10-31T17:00:00Z,2025,Original Love,Dee Art,Tonic Note,Dee Art,Helios Records,GBSMU8652646,5057917554367,Piano Relaxing,Spotify,EUR,Philippines (the),PH,3071,0,0,,,,0.82779,0.269551,RouteNote,Distro,"",2026-01-17T08:06:42.5107825Z,sale,sale_20260826_023305,2026-08-26 02:38:32.66563
2025-10-31T17:00:00Z,2025,Original Love,Dee Art,Tonic Note,Dee Art,Helios Records,GBSMU8652646,5057917554367,Piano Relaxing,Spotify,EUR,Pakistan,PK,5,0,0,,,,0.00117,0.234,RouteNote,Distro,"",2026-01-17T08:06:42.5107932Z,sale,sale_20260826_023305,2026-08-26 02:38:32.66563
2025-10-31T17:00:00Z,2025,Original Love,Dee Art,Tonic Note,Dee Art,Helios Records,GBSMU8652646,5057917554367,Piano Relaxing,Spotify,EUR,Poland,PL,70,0,0,,,,0.12231,1.747286,RouteNote,Distro,"",2026-01-17T08:06:42.5108043Z,sale,sale_20260826_023305,2026-08-26 02:38:32.66563
2025-10-31T17:00:00Z,2025,Original Love,Dee Art,Tonic Note,Dee Art,Helios Records,GBSMU8652646,5057917554367,Piano Relaxing,Spotify,EUR,Portugal,PT,217,0,0,,,,0.20118,0.927097,RouteNote,Distro,"",2026-01-17T08:06:42.5108157Z,sale,sale_20260826_023305,2026-08-26 02:38:32.66563
2025-10-31T17:00:00Z,2025,Original Love,Dee Art,Tonic Note,Dee Art,Helios Records,GBSMU8652646,5057917554367,Piano Relaxing,Spotify,EUR,Romania,RO,60,0,0,,,,0.04896,0.816,RouteNote,Distro,"",2026-01-17T08:06:42.5108274Z,sale,sale_20260826_023305,2026-08-26 02:38:32.66563
2025-10-31T17:00:00Z,2025,Original Love,Dee Art,Tonic Note,Dee Art,Helios Records,GBSMU8652646,5057917554367,Piano Relaxing,Spotify,EUR,Saudi Arabia,SA,10,0,0,,,,0.00216,0.216,RouteNote,Distro,"",2026-01-17T08:06:42.5108383Z,sale,sale_20260826_023305,2026-08-26 02:38:32.66563
2025-10-31T17:00:00Z,2025,Original Love,Dee Art,Tonic Note,Dee Art,Helios Records,GBSMU8652646,5057917554367,Piano Relaxing,Spotify,EUR,Sweden,SE,22,0,0,,,,0.07389,3.358636,RouteNote,Distro,"",2026-01-17T08:06:42.5108491Z,sale,sale_20260826_023305,2026-08-26 02:38:32.66563
2025-10-31T17:00:00Z,2025,Original Love,Dee Art,Tonic Note,Dee Art,Helios Records,GBSMU8652646,5057917554367,Piano Relaxing,Spotify,EUR,Singapore,SG,693,0,0,,,,1.5145,2.185426,RouteNote,Distro,"",2026-01-17T08:06:42.5108602Z,sale,sale_20260826_023305,2026-08-26 02:38:32.66563
2025-10-31T17:00:00Z,2025,Original Love,Dee Art,Tonic Note,Dee Art,Helios Records,GBSMU8652646,5057917554367,Piano Relaxing,Spotify,EUR,Slovenia,SI,19,0,0,,,,0.02261,1.19,RouteNote,Distro,"",2026-01-17T08:06:42.5108724Z,sale,sale_20260826_023305,2026-08-26 02:38:32.66563
2025-10-31T17:00:00Z,2025,Original Love,Dee Art,Tonic Note,Dee Art,Helios Records,GBSMU8652646,5057917554367,Piano Relaxing,Spotify,EUR,Slovakia,SK,6,0,0,,,,0.01305,2.175,RouteNote,Distro,"",2026-01-17T08:06:42.5108834Z,sale,sale_20260826_023305,2026-08-26 02:38:32.66563
2025-10-31T17:00:00Z,2025,Original Love,Dee Art,Tonic Note,Dee Art,Helios Records,GBSMU8652646,5057917554367,Piano Relaxing,Spotify,EUR,Thailand,TH,44,0,0,,,,0.02076,0.471818,RouteNote,Distro,"",2026-01-17T08:06:42.5108943Z,sale,sale_20260826_023305,2026-08-26 02:38:32.66563
2025-10-31T17:00:00Z,2025,Original Love,Dee Art,Tonic Note,Dee Art,Helios Records,GBSMU8652646,5057917554367,Piano Relaxing,Spotify,EUR,Turkey,TR,13,0,0,,,,0.00403,0.31,RouteNote,Distro,"",2026-01-17T08:06:42.5109053Z,sale,sale_20260826_023305,2026-08-26 02:38:32.66563
2025-10-31T17:00:00Z,2025,Original Love,Dee Art,Tonic Note,Dee Art,Helios Records,GBSMU8652646,5057917554367,Piano Relaxing,Spotify,EUR,Taiwan (Province of China),TW,61,0,0,,,,0.06832,1.12,RouteNote,Distro,"",2026-01-17T08:06:42.5109163Z,sale,sale_20260826_023305,2026-08-26 02:38:32.66563
2025-10-31T17:00:00Z,2025,Original Love,Dee Art,Tonic Note,Dee Art,Helios Records,GBSMU8652646,5057917554367,Piano Relaxing,Spotify,EUR,Viet Nam,VN,152,0,0,,,,0.04682,0.308026,RouteNote,Distro,"",2026-01-17T08:06:42.5109276Z,sale,sale_20260826_023305,2026-08-26 02:38:32.66563
2025-10-31T17:00:00Z,2025,Original Love,Dee Art,Tonic Note,Dee Art,Helios Records,GBSMU8652646,5057917554367,Piano Relaxing,Spotify,EUR,South Africa,ZA,32,0,0,,,,0.01943,0.607188,RouteNote,Distro,"",2026-01-17T08:06:42.510938Z,sale,sale_20260826_023305,2026-08-26 02:38:32.66563
2025-10-31T17:00:00Z,2025,Original Love,Dee Art,Tonic Note,Dee Art,Helios Records,GBSMU8652646,5057917554367,Piano Relaxing,Spotify,GBP,United Kingdom (the),GB,290,0,0,,,,1.5367,5.298966,RouteNote,Distro,"",2026-01-17T08:06:42.5109491Z,sale,sale_20260826_023305,2026-08-26 02:38:32.66563
2025-10-31T17:00:00Z,2025,Original Love,Dee Art,Tonic Note,Dee Art,Helios Records,GBSMU8652646,5057917554367,Piano Relaxing,Spotify,USD,Angola,AO,1,0,0,,,,0,0,RouteNote,Distro,"",2026-01-17T08:06:42.5109597Z,sale,sale_20260826_023305,2026-08-26 02:38:32.66563
2025-10-31T17:00:00Z,2025,Original Love,Dee Art,Tonic Note,Dee Art,Helios Records,GBSMU8652646,5057917554367,Piano Relaxing,Spotify,USD,Bahrain,BH,3,0,0,,,,0.00158,0.526667,RouteNote,Distro,"",2026-01-17T08:06:42.5109707Z,sale,sale_20260826_023305,2026-08-26 02:38:32.66563
2025-10-31T17:00:00Z,2025,Original Love,Dee Art,Tonic Note,Dee Art,Helios Records,GBSMU8652646,5057917554367,Piano Relaxing,Spotify,USD,Brunei Darussalam,BN,13,0,0,,,,0.00066,0.050769,RouteNote,Distro,"",2026-01-17T08:06:42.5109829Z,sale,sale_20260826_023305,2026-08-26 02:38:32.66563
2025-10-31T17:00:00Z,2025,Original Love,Dee Art,Tonic Note,Dee Art,Helios Records,GBSMU8652646,5057917554367,Piano Relaxing,Spotify,USD,Bolivia Plurinational State of,BO,12,0,0,,,,0.00927,0.7725,RouteNote,Distro,"",2026-01-17T08:06:42.5109946Z,sale,sale_20260826_023305,2026-08-26 02:38:32.66563
2025-10-31T17:00:00Z,2025,Original Love,Dee Art,Tonic Note,Dee Art,Helios Records,GBSMU8652646,5057917554367,Piano Relaxing,Spotify,USD,Belarus,BY,1,0,0,,,,0,0,RouteNote,Distro,"",2026-01-17T08:06:42.5110052Z,sale,sale_20260826_023305,2026-08-26 02:38:32.66563
2025-10-31T17:00:00Z,2025,Original Love,Dee Art,Tonic Note,Dee Art,Helios Records,GBSMU8652646,5057917554367,Piano Relaxing,Spotify,USD,Congo (the Democratic Republic of the),CD,1,0,0,,,,0,0,RouteNote,Distro,"",2026-01-17T08:06:42.5110162Z,sale,sale_20260826_023305,2026-08-26 02:38:32.66563
2025-10-31T17:00:00Z,2025,Original Love,Dee Art,Tonic Note,Dee Art,Helios Records,GBSMU8652646,5057917554367,Piano Relaxing,Spotify,USD,C?te d'Ivoire,CI,1,0,0,,,,0.00087,0.87,RouteNote,Distro,"",2026-01-17T08:06:42.5110269Z,sale,sale_20260826_023305,2026-08-26 02:38:32.66563
2025-10-31T17:00:00Z,2025,Original Love,Dee Art,Tonic Note,Dee Art,Helios Records,GBSMU8652646,5057917554367,Piano Relaxing,Spotify,USD,Cameroon,CM,1,0,0,,,,0,0,RouteNote,Distro,"",2026-01-17T08:06:42.5110428Z,sale,sale_20260826_023305,2026-08-26 02:38:32.66563
2025-10-31T17:00:00Z,2025,Original Love,Dee Art,Tonic Note,Dee Art,Helios Records,GBSMU8652646,5057917554367,Piano Relaxing,Spotify,USD,Costa Rica,CR,94,0,0,,,,0.0827,0.879787,RouteNote,Distro,"",2026-01-17T08:06:42.5110547Z,sale,sale_20260826_023305,2026-08-26 02:38:32.66563
2025-10-31T17:00:00Z,2025,Original Love,Dee Art,Tonic Note,Dee Art,Helios Records,GBSMU8652646,5057917554367,Piano Relaxing,Spotify,USD,Cabo Verde,CV,8,0,0,,,,0.00578,0.7225,RouteNote,Distro,"",2026-01-17T08:06:42.5110667Z,sale,sale_20260826_023305,2026-08-26 02:38:32.66563
2025-10-31T17:00:00Z,2025,Original Love,Dee Art,Tonic Note,Dee Art,Helios Records,GBSMU8652646,5057917554367,Piano Relaxing,Spotify,USD,Curacao,CW,1,0,0,,,,0.00084,0.84,RouteNote,Distro,"",2026-01-17T08:06:42.5110777Z,sale,sale_20260826_023305,2026-08-26 02:38:32.66563
2025-10-31T17:00:00Z,2025,Original Love,Dee Art,Tonic Note,Dee Art,Helios Records,GBSMU8652646,5057917554367,Piano Relaxing,Spotify,USD,Dominican Republic (the),DO,34,0,0,,,,0.03054,0.898235,RouteNote,Distro,"",2026-01-17T08:06:42.5110892Z,sale,sale_20260826_023305,2026-08-26 02:38:32.66563
2025-10-31T17:00:00Z,2025,Original Love,Dee Art,Tonic Note,Dee Art,Helios Records,GBSMU8652646,5057917554367,Piano Relaxing,Spotify,USD,Ecuador,EC,84,0,0,,,,0.07453,0.887262,RouteNote,Distro,"",2026-01-17T08:06:42.5111025Z,sale,sale_20260826_023305,2026-08-26 02:38:32.66563
2025-10-31T17:00:00Z,2025,Original Love,Dee Art,Tonic Note,Dee Art,Helios Records,GBSMU8652646,5057917554367,Piano Relaxing,Spotify,USD,Egypt,EG,13,0,0,,,,0.00433,0.333077,RouteNote,Distro,"",2026-01-17T08:06:42.5111142Z,sale,sale_20260826_023305,2026-08-26 02:38:32.66563
2025-10-31T17:00:00Z,2025,Original Love,Dee Art,Tonic Note,Dee Art,Helios Records,GBSMU8652646,5057917554367,Piano Relaxing,Spotify,USD,Ghana,GH,1,0,0,,,,0.00016,0.16,RouteNote,Distro,"",2026-01-17T08:06:42.5111253Z,sale,sale_20260826_023305,2026-08-26 02:38:32.66563
2025-10-31T17:00:00Z,2025,Original Love,Dee Art,Tonic Note,Dee Art,Helios Records,GBSMU8652646,5057917554367,Piano Relaxing,Spotify,USD,Guinea,GN,1,0,0,,,,0.00157,1.57,RouteNote,Distro,"",2026-01-17T08:06:42.5111372Z,sale,sale_20260826_023305,2026-08-26 02:38:32.66563
2025-10-31T17:00:00Z,2025,Original Love,Dee Art,Tonic Note,Dee Art,Helios Records,GBSMU8652646,5057917554367,Piano Relaxing,Spotify,USD,Guatemala,GT,100,0,0,,,,0.04931,0.4931,RouteNote,Distro,"",2026-01-17T08:06:42.5111485Z,sale,sale_20260826_023305,2026-08-26 02:38:32.66563
2025-10-31T17:00:00Z,2025,Original Love,Dee Art,Tonic Note,Dee Art,Helios Records,GBSMU8652646,5057917554367,Piano Relaxing,Spotify,USD,Honduras,HN,16,0,0,,,,0.00899,0.561875,RouteNote,Distro,"",2026-01-17T08:06:42.5111615Z,sale,sale_20260826_023305,2026-08-26 02:38:32.66563
2025-10-31T17:00:00Z,2025,Original Love,Dee Art,Tonic Note,Dee Art,Helios Records,GBSMU8652646,5057917554367,Piano Relaxing,Spotify,USD,Haiti,HT,1,0,0,,,,0,0,RouteNote,Distro,"",2026-01-17T08:06:42.5111733Z,sale,sale_20260826_023305,2026-08-26 02:38:32.66563
2025-10-31T17:00:00Z,2025,Original Love,Dee Art,Tonic Note,Dee Art,Helios Records,GBSMU8652646,5057917554367,Piano Relaxing,Spotify,USD,India,IN,61,0,0,,,,0.02132,0.349508,RouteNote,Distro,"",2026-01-17T08:06:42.5111845Z,sale,sale_20260826_023305,2026-08-26 02:38:32.66563
2025-10-31T17:00:00Z,2025,Original Love,Dee Art,Tonic Note,Dee Art,Helios Records,GBSMU8652646,5057917554367,Piano Relaxing,Spotify,USD,Jordan,JO,2,0,0,,,,0,0,RouteNote,Distro,"",2026-01-17T08:06:42.5111964Z,sale,sale_20260826_023305,2026-08-26 02:38:32.66563
2025-10-31T17:00:00Z,2025,Original Love,Dee Art,Tonic Note,Dee Art,Helios Records,GBSMU8652646,5057917554367,Piano Relaxing,Spotify,USD,Kenya,KE,7,0,0,,,,0.00048,0.068571,RouteNote,Distro,"",2026-01-17T08:06:42.511208Z,sale,sale_20260826_023305,2026-08-26 02:38:32.66563
2025-10-31T17:00:00Z,2025,Original Love,Dee Art,Tonic Note,Dee Art,Helios Records,GBSMU8652646,5057917554367,Piano Relaxing,Spotify,USD,Cambodia,KH,14,0,0,,,,0.00344,0.245714,RouteNote,Distro,"",2026-01-17T08:06:42.5112209Z,sale,sale_20260826_023305,2026-08-26 02:38:32.66563
2025-10-31T17:00:00Z,2025,Original Love,Dee Art,Tonic Note,Dee Art,Helios Records,GBSMU8652646,5057917554367,Piano Relaxing,Spotify,USD,KR (South Korea),KR,6,0,0,,,,0.00234,0.39,RouteNote,Distro,"",2026-01-17T08:06:42.5112324Z,sale,sale_20260826_023305,2026-08-26 02:38:32.66563
2025-10-31T17:00:00Z,2025,Original Love,Dee Art,Tonic Note,Dee Art,Helios Records,GBSMU8652646,5057917554367,Piano Relaxing,Spotify,USD,Kuwait,KW,16,0,0,,,,0.0248,1.55,RouteNote,Distro,"",2026-01-17T08:06:42.5112436Z,sale,sale_20260826_023305,2026-08-26 02:38:32.66563
2025-10-31T17:00:00Z,2025,Original Love,Dee Art,Tonic Note,Dee Art,Helios Records,GBSMU8652646,5057917554367,Piano Relaxing,Spotify,USD,Liberia,LR,1,0,0,,,,0.00072,0.72,RouteNote,Distro,"",2026-01-17T08:06:42.511255Z,sale,sale_20260826_023305,2026-08-26 02:38:32.66563
2025-10-31T17:00:00Z,2025,Original Love,Dee Art,Tonic Note,Dee Art,Helios Records,GBSMU8652646,5057917554367,Piano Relaxing,Spotify,USD,Morocco,MA,5,0,0,,,,0.00674,1.348,RouteNote,Distro,"",2026-01-17T08:06:42.5112681Z,sale,sale_20260826_023305,2026-08-26 02:38:32.66563
2025-10-31T17:00:00Z,2025,Original Love,Dee Art,Tonic Note,Dee Art,Helios Records,GBSMU8652646,5057917554367,Piano Relaxing,Spotify,USD,Moldova (the Republic of),MD,1,0,0,,,,6e-05,0.06,RouteNote,Distro,"",2026-01-17T08:06:42.5112801Z,sale,sale_20260826_023305,2026-08-26 02:38:32.66563
2025-10-31T17:00:00Z,2025,Original Love,Dee Art,Tonic Note,Dee Art,Helios Records,GBSMU8652646,5057917554367,Piano Relaxing,Spotify,USD,Madagascar,MG,2,0,0,,,,0.00271,1.355,RouteNote,Distro,"",2026-01-17T08:06:42.5112911Z,sale,sale_20260826_023305,2026-08-26 02:38:32.66563
2025-10-31T17:00:00Z,2025,Original Love,Dee Art,Tonic Note,Dee Art,Helios Records,GBSMU8652646,5057917554367,Piano Relaxing,Spotify,USD,Macao,MO,2,0,0,,,,0,0,RouteNote,Distro,"",2026-01-17T08:06:42.5113025Z,sale,sale_20260826_023305,2026-08-26 02:38:32.66563
2025-10-31T17:00:00Z,2025,Original Love,Dee Art,Tonic Note,Dee Art,Helios Records,GBSMU8652646,5057917554367,Piano Relaxing,Spotify,USD,Mauritius,MU,1,0,0,,,,0,0,RouteNote,Distro,"",2026-01-17T08:06:42.5113142Z,sale,sale_20260826_023305,2026-08-26 02:38:32.66563
2025-10-31T17:00:00Z,2025,Original Love,Dee Art,Tonic Note,Dee Art,Helios Records,GBSMU8652646,5057917554367,Piano Relaxing,Spotify,USD,Maldives,MV,3,0,0,,,,0.00207,0.69,RouteNote,Distro,"",2026-01-17T08:06:42.5113273Z,sale,sale_20260826_023305,2026-08-26 02:38:32.66563
2025-10-31T17:00:00Z,2025,Original Love,Dee Art,Tonic Note,Dee Art,Helios Records,GBSMU8652646,5057917554367,Piano Relaxing,Spotify,USD,Namibia,NA,1,0,0,,,,0,0,RouteNote,Distro,"",2026-01-17T08:06:42.5113388Z,sale,sale_20260826_023305,2026-08-26 02:38:32.66563
2025-10-31T17:00:00Z,2025,Original Love,Dee Art,Tonic Note,Dee Art,Helios Records,GBSMU8652646,5057917554367,Piano Relaxing,Spotify,USD,Nigeria,NG,47,0,0,,,,0.01378,0.293191,RouteNote,Distro,"",2026-01-17T08:06:42.5113509Z,sale,sale_20260826_023305,2026-08-26 02:38:32.66563
2025-10-31T17:00:00Z,2025,Original Love,Dee Art,Tonic Note,Dee Art,Helios Records,GBSMU8652646,5057917554367,Piano Relaxing,Spotify,USD,Nicaragua,NI,25,0,0,,,,0.00458,0.1832,RouteNote,Distro,"",2026-01-17T08:06:42.5113625Z,sale,sale_20260826_023305,2026-08-26 02:38:32.66563
2025-10-31T17:00:00Z,2025,Original Love,Dee Art,Tonic Note,Dee Art,Helios Records,GBSMU8652646,5057917554367,Piano Relaxing,Spotify,USD,Nepal,NP,2,0,0,,,,0,0,RouteNote,Distro,"",2026-01-17T08:06:42.5113744Z,sale,sale_20260826_023305,2026-08-26 02:38:32.66563
2025-10-31T17:00:00Z,2025,Original Love,Dee Art,Tonic Note,Dee Art,Helios Records,GBSMU8652646,5057917554367,Piano Relaxing,Spotify,USD,Oman,OM,7,0,0,,,,0.01206,1.722857,RouteNote,Distro,"",2026-01-17T08:06:42.5113871Z,sale,sale_20260826_023305,2026-08-26 02:38:32.66563
2025-10-31T17:00:00Z,2025,Original Love,Dee Art,Tonic Note,Dee Art,Helios Records,GBSMU8652646,5057917554367,Piano Relaxing,Spotify,USD,Panama,PA,38,0,0,,,,0.0414,1.089474,RouteNote,Distro,"",2026-01-17T08:06:42.5113982Z,sale,sale_20260826_023305,2026-08-26 02:38:32.66563
2025-10-31T17:00:00Z,2025,Original Love,Dee Art,Tonic Note,Dee Art,Helios Records,GBSMU8652646,5057917554367,Piano Relaxing,Spotify,USD,Papua New Guinea,PG,2,0,0,,,,0,0,RouteNote,Distro,"",2026-01-17T08:06:42.5114097Z,sale,sale_20260826_023305,2026-08-26 02:38:32.66563
2025-10-31T17:00:00Z,2025,Original Love,Dee Art,Tonic Note,Dee Art,Helios Records,GBSMU8652646,5057917554367,Piano Relaxing,Spotify,USD,Palestine- State of,PS,2,0,0,,,,0,0,RouteNote,Distro,"",2026-01-17T08:06:42.5114207Z,sale,sale_20260826_023305,2026-08-26 02:38:32.66563
2025-10-31T17:00:00Z,2025,Original Love,Dee Art,Tonic Note,Dee Art,Helios Records,GBSMU8652646,5057917554367,Piano Relaxing,Spotify,USD,Paraguay,PY,40,0,0,,,,0.02703,0.67575,RouteNote,Distro,"",2026-01-17T08:06:42.5114317Z,sale,sale_20260826_023305,2026-08-26 02:38:32.66563
2025-10-31T17:00:00Z,2025,Original Love,Dee Art,Tonic Note,Dee Art,Helios Records,GBSMU8652646,5057917554367,Piano Relaxing,Spotify,USD,Qatar,QA,16,0,0,,,,0.00796,0.4975,RouteNote,Distro,"",2026-01-17T08:06:42.5114444Z,sale,sale_20260826_023305,2026-08-26 02:38:32.66563
2025-10-31T17:00:00Z,2025,Original Love,Dee Art,Tonic Note,Dee Art,Helios Records,GBSMU8652646,5057917554367,Piano Relaxing,Spotify,USD,Rwanda,RW,1,0,0,,,,0,0,RouteNote,Distro,"",2026-01-17T08:06:42.5114555Z,sale,sale_20260826_023305,2026-08-26 02:38:32.66563
2025-10-31T17:00:00Z,2025,Original Love,Dee Art,Tonic Note,Dee Art,Helios Records,GBSMU8652646,5057917554367,Piano Relaxing,Spotify,USD,Sierra Leone,SL,1,0,0,,,,0,0,RouteNote,Distro,"",2026-01-17T08:06:42.5114669Z,sale,sale_20260826_023305,2026-08-26 02:38:32.66563
2025-10-31T17:00:00Z,2025,Original Love,Dee Art,Tonic Note,Dee Art,Helios Records,GBSMU8652646,5057917554367,Piano Relaxing,Spotify,USD,Suriname,SR,1,0,0,,,,0,0,RouteNote,Distro,"",2026-01-17T08:06:42.5114777Z,sale,sale_20260826_023305,2026-08-26 02:38:32.66563
2025-10-31T17:00:00Z,2025,Original Love,Dee Art,Tonic Note,Dee Art,Helios Records,GBSMU8652646,5057917554367,Piano Relaxing,Spotify,USD,El Salvador,SV,55,0,0,,,,0.01991,0.362,RouteNote,Distro,"",2026-01-17T08:06:42.5114887Z,sale,sale_20260826_023305,2026-08-26 02:38:32.66563
2025-10-31T17:00:00Z,2025,Original Love,Dee Art,Tonic Note,Dee Art,Helios Records,GBSMU8652646,5057917554367,Piano Relaxing,Spotify,USD,Tanzania- United Republic of,TZ,2,0,0,,,,0.0011,0.55,RouteNote,Distro,"",2026-01-17T08:06:42.5115023Z,sale,sale_20260826_023305,2026-08-26 02:38:32.66563
2025-10-31T17:00:00Z,2025,Original Love,Dee Art,Tonic Note,Dee Art,Helios Records,GBSMU8652646,5057917554367,Piano Relaxing,Spotify,USD,Uganda,UG,6,0,0,,,,0.00584,0.973333,RouteNote,Distro,"",2026-01-17T08:06:42.5115138Z,sale,sale_20260826_023305,2026-08-26 02:38:32.66563
2025-10-31T17:00:00Z,2025,Original Love,Dee Art,Tonic Note,Dee Art,Helios Records,GBSMU8652646,5057917554367,Piano Relaxing,Spotify,USD,United States (the),US,932,0,0,,,,2.53312,2.71794,RouteNote,Distro,"",2026-01-17T08:06:42.5115252Z,sale,sale_20260826_023305,2026-08-26 02:38:32.66563
2025-10-31T17:00:00Z,2025,Original Love,Dee Art,Tonic Note,Dee Art,Helios Records,GBSMU8652646,5057917554367,Piano Relaxing,Spotify,USD,Uruguay,UY,98,0,0,,,,0.13634,1.391224,RouteNote,Distro,"",2026-01-17T08:06:42.5115369Z,sale,sale_20260826_023305,2026-08-26 02:38:32.66563
2025-10-31T17:00:00Z,2025,Original Love,Dee Art,Tonic Note,Dee Art,Helios Records,GBSMU8652646,5057917554367,Piano Relaxing,Spotify,USD,Venezuela- Bolivarian Republic of ,VE,40,0,0,,,,0.01422,0.3555,RouteNote,Distro,"",2026-01-17T08:06:42.511549Z,sale,sale_20260826_023305,2026-08-26 02:38:32.66563
2025-10-31T17:00:00Z,2025,Original Love,Dee Art,Tonic Note,Dee Art,Helios Records,GBSMU8652646,5057917554367,Piano Relaxing,Spotify,USD,Zambia,ZM,1,0,0,,,,0,0,RouteNote,Distro,"",2026-01-17T08:06:42.5115619Z,sale,sale_20260826_023305,2026-08-26 02:38:32.66563
2025-10-31T17:00:00Z,2025,Warmest Part,Dee Art,Tonic Note,Dee Art,Helios Records,GBSMU8652647,5057917554367,Piano Relaxing,Apple Music,CAD,Canada,CA,2,0,0,,,,0.00503,2.515,RouteNote,Distro,"",2026-01-17T08:06:42.511574Z,sale,sale_20260826_023305,2026-08-26 02:38:32.66563
2025-10-31T17:00:00Z,2025,Warmest Part,Dee Art,Tonic Note,Dee Art,Helios Records,GBSMU8652647,5057917554367,Piano Relaxing,Apple Music,GBP,United Kingdom (the),GB,45,0,0,,,,0.33422,7.427111,RouteNote,Distro,"",2026-01-17T08:06:42.5115854Z,sale,sale_20260826_023305,2026-08-26 02:38:32.66563
2025-10-31T17:00:00Z,2025,Warmest Part,Dee Art,Tonic Note,Dee Art,Helios Records,GBSMU8652647,5057917554367,Piano Relaxing,Apple Music,TRY,Turkey,TR,11,0,0,,,,0.00868,0.789091,RouteNote,Distro,"",2026-01-17T08:06:42.5115966Z,sale,sale_20260826_023305,2026-08-26 02:38:32.66563
2025-10-31T17:00:00Z,2025,Warmest Part,Dee Art,Tonic Note,Dee Art,Helios Records,GBSMU8652647,5057917554367,Piano Relaxing,Apple Music,USD,United States (the),US,2,0,0,,,,0.00889,4.445,RouteNote,Distro,"",2026-01-17T08:06:42.5116077Z,sale,sale_20260826_023305,2026-08-26 02:38:32.66563
2025-10-31T17:00:00Z,2025,Warmest Part,Dee Art,Tonic Note,Dee Art,Helios Records,GBSMU8652647,5057917554367,Piano Relaxing,Spotify,EUR,Australia,AU,6,0,0,,,,0.01749,2.915,RouteNote,Distro,"",2026-01-17T08:06:42.5116209Z,sale,sale_20260826_023305,2026-08-26 02:38:32.66563
2025-10-31T17:00:00Z,2025,Warmest Part,Dee Art,Tonic Note,Dee Art,Helios Records,GBSMU8652647,5057917554367,Piano Relaxing,Spotify,EUR,Brazil,BR,10,0,0,,,,0.00799,0.799,RouteNote,Distro,"",2026-01-17T08:06:42.5116324Z,sale,sale_20260826_023305,2026-08-26 02:38:32.66563
2025-10-31T17:00:00Z,2025,Warmest Part,Dee Art,Tonic Note,Dee Art,Helios Records,GBSMU8652647,5057917554367,Piano Relaxing,Spotify,EUR,Canada,CA,12,0,0,,,,0.0175,1.458333,RouteNote,Distro,"",2026-01-17T08:06:42.5116438Z,sale,sale_20260826_023305,2026-08-26 02:38:32.66563
2025-10-31T17:00:00Z,2025,Warmest Part,Dee Art,Tonic Note,Dee Art,Helios Records,GBSMU8652647,5057917554367,Piano Relaxing,Spotify,EUR,Colombia,CO,1,0,0,,,,4e-05,0.04,RouteNote,Distro,"",2026-01-17T08:06:42.5116557Z,sale,sale_20260826_023305,2026-08-26 02:38:32.66563
2025-10-31T17:00:00Z,2025,Warmest Part,Dee Art,Tonic Note,Dee Art,Helios Records,GBSMU8652647,5057917554367,Piano Relaxing,Spotify,EUR,Germany,DE,5,0,0,,,,0.0195,3.9,RouteNote,Distro,"",2026-01-17T08:06:42.5116781Z,sale,sale_20260826_023305,2026-08-26 02:38:32.66563
2025-10-31T17:00:00Z,2025,Warmest Part,Dee Art,Tonic Note,Dee Art,Helios Records,GBSMU8652647,5057917554367,Piano Relaxing,Spotify,EUR,Spain,ES,1,0,0,,,,0.00047,0.47,RouteNote,Distro,"",2026-01-17T08:06:42.5116924Z,sale,sale_20260826_023305,2026-08-26 02:38:32.66563
2025-10-31T17:00:00Z,2025,Warmest Part,Dee Art,Tonic Note,Dee Art,Helios Records,GBSMU8652647,5057917554367,Piano Relaxing,Spotify,EUR,Finland,FI,2,0,0,,,,0.01164,5.82,RouteNote,Distro,"",2026-01-17T08:06:42.5117094Z,sale,sale_20260826_023305,2026-08-26 02:38:32.66563
2025-10-31T17:00:00Z,2025,Warmest Part,Dee Art,Tonic Note,Dee Art,Helios Records,GBSMU8652647,5057917554367,Piano Relaxing,Spotify,EUR,France,FR,1,0,0,,,,0.0026,2.6,RouteNote,Distro,"",2026-01-17T08:06:42.5117252Z,sale,sale_20260826_023305,2026-08-26 02:38:32.66563
2025-10-31T17:00:00Z,2025,Warmest Part,Dee Art,Tonic Note,Dee Art,Helios Records,GBSMU8652647,5057917554367,Piano Relaxing,Spotify,EUR,Indonesia,ID,4,0,0,,,,0.00068,0.17,RouteNote,Distro,"",2026-01-17T08:06:42.5117394Z,sale,sale_20260826_023305,2026-08-26 02:38:32.66563
2025-10-31T17:00:00Z,2025,Warmest Part,Dee Art,Tonic Note,Dee Art,Helios Records,GBSMU8652647,5057917554367,Piano Relaxing,Spotify,EUR,Israel,IL,1,0,0,,,,0.00251,2.51,RouteNote,Distro,"",2026-01-17T08:06:42.5117577Z,sale,sale_20260826_023305,2026-08-26 02:38:32.66563
2025-10-31T17:00:00Z,2025,Warmest Part,Dee Art,Tonic Note,Dee Art,Helios Records,GBSMU8652647,5057917554367,Piano Relaxing,Spotify,EUR,Latvia,LV,1,0,0,,,,0.00438,4.38,RouteNote,Distro,"",2026-01-17T08:06:42.5117721Z,sale,sale_20260826_023305,2026-08-26 02:38:32.66563
2025-10-31T17:00:00Z,2025,Warmest Part,Dee Art,Tonic Note,Dee Art,Helios Records,GBSMU8652647,5057917554367,Piano Relaxing,Spotify,EUR,Mexico,MX,5,0,0,,,,0.00705,1.41,RouteNote,Distro,"",2026-01-17T08:06:42.5117877Z,sale,sale_20260826_023305,2026-08-26 02:38:32.66563
2025-10-31T17:00:00Z,2025,Warmest Part,Dee Art,Tonic Note,Dee Art,Helios Records,GBSMU8652647,5057917554367,Piano Relaxing,Spotify,EUR,Malaysia,MY,1,0,0,,,,0.00083,0.83,RouteNote,Distro,"",2026-01-17T08:06:42.5118008Z,sale,sale_20260826_023305,2026-08-26 02:38:32.66563
2025-10-31T17:00:00Z,2025,Warmest Part,Dee Art,Tonic Note,Dee Art,Helios Records,GBSMU8652647,5057917554367,Piano Relaxing,Spotify,EUR,Netherlands (the),NL,3,0,0,,,,0.01356,4.52,RouteNote,Distro,"",2026-01-17T08:06:42.5118205Z,sale,sale_20260826_023305,2026-08-26 02:38:32.66563
2025-10-31T17:00:00Z,2025,Warmest Part,Dee Art,Tonic Note,Dee Art,Helios Records,GBSMU8652647,5057917554367,Piano Relaxing,Spotify,EUR,Norway,NO,1,0,0,,,,0.0032,3.2,RouteNote,Distro,"",2026-01-17T08:06:42.5118406Z,sale,sale_20260826_023305,2026-08-26 02:38:32.66563
2025-10-31T17:00:00Z,2025,Warmest Part,Dee Art,Tonic Note,Dee Art,Helios Records,GBSMU8652647,5057917554367,Piano Relaxing,Spotify,EUR,New Zealand,NZ,1,0,0,,,,0.0018,1.8,RouteNote,Distro,"",2026-01-17T08:06:42.5118548Z,sale,sale_20260826_023305,2026-08-26 02:38:32.66563
2025-10-31T17:00:00Z,2025,Warmest Part,Dee Art,Tonic Note,Dee Art,Helios Records,GBSMU8652647,5057917554367,Piano Relaxing,Spotify,EUR,Philippines (the),PH,13,0,0,,,,0.00316,0.243077,RouteNote,Distro,"",2026-01-17T08:06:42.5118691Z,sale,sale_20260826_023305,2026-08-26 02:38:32.66563
2025-10-31T17:00:00Z,2025,Warmest Part,Dee Art,Tonic Note,Dee Art,Helios Records,GBSMU8652647,5057917554367,Piano Relaxing,Spotify,EUR,Poland,PL,34,0,0,,,,0.07879,2.317353,RouteNote,Distro,"",2026-01-17T08:06:42.5118841Z,sale,sale_20260826_023305,2026-08-26 02:38:32.66563
2025-10-31T17:00:00Z,2025,Warmest Part,Dee Art,Tonic Note,Dee Art,Helios Records,GBSMU8652647,5057917554367,Piano Relaxing,Spotify,EUR,Sweden,SE,1,0,0,,,,0.00664,6.64,RouteNote,Distro,"",2026-01-17T08:06:42.5118984Z,sale,sale_20260826_023305,2026-08-26 02:38:32.66563
2025-10-31T17:00:00Z,2025,Warmest Part,Dee Art,Tonic Note,Dee Art,Helios Records,GBSMU8652647,5057917554367,Piano Relaxing,Spotify,EUR,Singapore,SG,1,0,0,,,,0.00383,3.83,RouteNote,Distro,"",2026-01-17T08:06:42.5119175Z,sale,sale_20260826_023305,2026-08-26 02:38:32.66563
2025-10-31T17:00:00Z,2025,Warmest Part,Dee Art,Tonic Note,Dee Art,Helios Records,GBSMU8652647,5057917554367,Piano Relaxing,Spotify,GBP,United Kingdom (the),GB,212,0,0,,,,1.31376,6.196981,RouteNote,Distro,"",2026-01-17T08:06:42.5119335Z,sale,sale_20260826_023305,2026-08-26 02:38:32.66563
2025-10-31T17:00:00Z,2025,Warmest Part,Dee Art,Tonic Note,Dee Art,Helios Records,GBSMU8652647,5057917554367,Piano Relaxing,Spotify,USD,Bolivia Plurinational State of,BO,3,0,0,,,,0.00352,1.173333,RouteNote,Distro,"",2026-01-17T08:06:42.5119478Z,sale,sale_20260826_023305,2026-08-26 02:38:32.66563
2025-10-31T17:00:00Z,2025,Warmest Part,Dee Art,Tonic Note,Dee Art,Helios Records,GBSMU8652647,5057917554367,Piano Relaxing,Spotify,USD,India,IN,1,0,0,,,,9e-05,0.09,RouteNote,Distro,"",2026-01-17T08:06:42.5119618Z,sale,sale_20260826_023305,2026-08-26 02:38:32.66563
2025-10-31T17:00:00Z,2025,Warmest Part,Dee Art,Tonic Note,Dee Art,Helios Records,GBSMU8652647,5057917554367,Piano Relaxing,Spotify,USD,Panama,PA,4,0,0,,,,0.00692,1.73,RouteNote,Distro,"",2026-01-17T08:06:42.5119805Z,sale,sale_20260826_023305,2026-08-26 02:38:32.66563
2025-10-31T17:00:00Z,2025,Warmest Part,Dee Art,Tonic Note,Dee Art,Helios Records,GBSMU8652647,5057917554367,Piano Relaxing,Spotify,USD,United States (the),US,48,0,0,,,,0.1845,3.84375,RouteNote,Distro,"",2026-01-17T08:06:42.5119949Z,sale,sale_20260826_023305,2026-08-26 02:38:32.66563
2025-10-31T17:00:00Z,2025,Warmest Part,Dee Art,Tonic Note,Dee Art,Helios Records,GBSMU8652647,5057917554367,Piano Relaxing,TikTok,USD,Peru,PE,4,0,0,,,,0,0,RouteNote,Distro,"",2026-01-17T08:06:42.5120076Z,sale,sale_20260826_023305,2026-08-26 02:38:32.66563
2025-10-31T17:00:00Z,2025,Dwelling,Dee Art,Tonic Note,Dee Art,Helios Records,GBSMU8652648,5057917554367,Piano Relaxing,Amazon Music Unlimited,EUR,Germany,DE,4,0,0,,,,0,0,RouteNote,Distro,"",2026-01-17T08:06:42.5120235Z,sale,sale_20260826_023305,2026-08-26 02:38:32.66563
2025-10-31T17:00:00Z,2025,Dwelling,Dee Art,Tonic Note,Dee Art,Helios Records,GBSMU8652648,5057917554367,Piano Relaxing,Apple Music,CAD,Canada,CA,1,0,0,,,,0.00251,2.51,RouteNote,Distro,"",2026-01-17T08:06:42.5120392Z,sale,sale_20260826_023305,2026-08-26 02:38:32.66563
2025-10-31T17:00:00Z,2025,Dwelling,Dee Art,Tonic Note,Dee Art,Helios Records,GBSMU8652648,5057917554367,Piano Relaxing,Apple Music,IDR,Indonesia,ID,1,0,0,,,,0.00159,1.59,RouteNote,Distro,"",2026-01-17T08:06:42.5120575Z,sale,sale_20260826_023305,2026-08-26 02:38:32.66563
2025-10-31T17:00:00Z,2025,Dwelling,Dee Art,Tonic Note,Dee Art,Helios Records,GBSMU8652648,5057917554367,Piano Relaxing,Apple Music,THB,Thailand,TH,2,0,0,,,,0.00611,3.055,RouteNote,Distro,"",2026-01-17T08:06:42.5120715Z,sale,sale_20260826_023305,2026-08-26 02:38:32.66563
2025-10-31T17:00:00Z,2025,Dwelling,Dee Art,Tonic Note,Dee Art,Helios Records,GBSMU8652648,5057917554367,Piano Relaxing,Apple Music,TRY,Turkey,TR,9,0,0,,,,0.0071,0.788889,RouteNote,Distro,"",2026-01-17T08:06:42.5120853Z,sale,sale_20260826_023305,2026-08-26 02:38:32.66563
2025-10-31T17:00:00Z,2025,Dwelling,Dee Art,Tonic Note,Dee Art,Helios Records,GBSMU8652648,5057917554367,Piano Relaxing,Apple Music,USD,United States (the),US,3,0,0,,,,0.01264,4.213333,RouteNote,Distro,"",2026-01-17T08:06:42.5120966Z,sale,sale_20260826_023305,2026-08-26 02:38:32.66563
2025-10-31T17:00:00Z,2025,Dwelling,Dee Art,Tonic Note,Dee Art,Helios Records,GBSMU8652648,5057917554367,Piano Relaxing,Spotify,EUR,Andorra,AD,2,0,0,,,,0,0,RouteNote,Distro,"",2026-01-17T08:06:42.5121074Z,sale,sale_20260826_023305,2026-08-26 02:38:32.66563
2025-10-31T17:00:00Z,2025,Dwelling,Dee Art,Tonic Note,Dee Art,Helios Records,GBSMU8652648,5057917554367,Piano Relaxing,Spotify,EUR,United Arab Emirates (the),AE,58,0,0,,,,0.05814,1.002414,RouteNote,Distro,"",2026-01-17T08:06:42.5121202Z,sale,sale_20260826_023305,2026-08-26 02:38:32.66563
2025-10-31T17:00:00Z,2025,Dwelling,Dee Art,Tonic Note,Dee Art,Helios Records,GBSMU8652648,5057917554367,Piano Relaxing,Spotify,EUR,Argentina,AR,525,0,0,,,,0.30423,0.579486,RouteNote,Distro,"",2026-01-17T08:06:42.5121315Z,sale,sale_20260826_023305,2026-08-26 02:38:32.66563
2025-10-31T17:00:00Z,2025,Dwelling,Dee Art,Tonic Note,Dee Art,Helios Records,GBSMU8652648,5057917554367,Piano Relaxing,Spotify,EUR,Austria,AT,80,0,0,,,,0.16056,2.007,RouteNote,Distro,"",2026-01-17T08:06:42.5121427Z,sale,sale_20260826_023305,2026-08-26 02:38:32.66563
2025-10-31T17:00:00Z,2025,Dwelling,Dee Art,Tonic Note,Dee Art,Helios Records,GBSMU8652648,5057917554367,Piano Relaxing,Spotify,EUR,Australia,AU,97,0,0,,,,0.24559,2.531856,RouteNote,Distro,"",2026-01-17T08:06:42.5121537Z,sale,sale_20260826_023305,2026-08-26 02:38:32.66563
2025-10-31T17:00:00Z,2025,Dwelling,Dee Art,Tonic Note,Dee Art,Helios Records,GBSMU8652648,5057917554367,Piano Relaxing,Spotify,EUR,Bosnia and Herzegovina,BA,1,0,0,,,,0.00191,1.91,RouteNote,Distro,"",2026-01-17T08:06:42.5121644Z,sale,sale_20260826_023305,2026-08-26 02:38:32.66563
2025-10-31T17:00:00Z,2025,Dwelling,Dee Art,Tonic Note,Dee Art,Helios Records,GBSMU8652648,5057917554367,Piano Relaxing,Spotify,EUR,Belgium,BE,46,0,0,,,,0.10477,2.277609,RouteNote,Distro,"",2026-01-17T08:06:42.5121775Z,sale,sale_20260826_023305,2026-08-26 02:38:32.66563
2025-10-31T17:00:00Z,2025,Dwelling,Dee Art,Tonic Note,Dee Art,Helios Records,GBSMU8652648,5057917554367,Piano Relaxing,Spotify,EUR,Brazil,BR,1003,0,0,,,,0.88297,0.880329,RouteNote,Distro,"",2026-01-17T08:06:42.512189Z,sale,sale_20260826_023305,2026-08-26 02:38:32.66563
2025-10-31T17:00:00Z,2025,Dwelling,Dee Art,Tonic Note,Dee Art,Helios Records,GBSMU8652648,5057917554367,Piano Relaxing,Spotify,EUR,Canada,CA,571,0,0,,,,0.86503,1.514939,RouteNote,Distro,"",2026-01-17T08:06:42.5122009Z,sale,sale_20260826_023305,2026-08-26 02:38:32.66563
2025-10-31T17:00:00Z,2025,Dwelling,Dee Art,Tonic Note,Dee Art,Helios Records,GBSMU8652648,5057917554367,Piano Relaxing,Spotify,EUR,Switzerland,CH,135,0,0,,,,0.36922,2.734963,RouteNote,Distro,"",2026-01-17T08:06:42.5122119Z,sale,sale_20260826_023305,2026-08-26 02:38:32.66563
2025-10-31T17:00:00Z,2025,Dwelling,Dee Art,Tonic Note,Dee Art,Helios Records,GBSMU8652648,5057917554367,Piano Relaxing,Spotify,EUR,Chile,CL,451,0,0,,,,0.29261,0.648803,RouteNote,Distro,"",2026-01-17T08:06:42.512223Z,sale,sale_20260826_023305,2026-08-26 02:38:32.66563
2025-10-31T17:00:00Z,2025,Dwelling,Dee Art,Tonic Note,Dee Art,Helios Records,GBSMU8652648,5057917554367,Piano Relaxing,Spotify,EUR,Colombia,CO,937,0,0,,,,0.25764,0.274963,RouteNote,Distro,"",2026-01-17T08:06:42.5122365Z,sale,sale_20260826_023305,2026-08-26 02:38:32.66563
2025-10-31T17:00:00Z,2025,Dwelling,Dee Art,Tonic Note,Dee Art,Helios Records,GBSMU8652648,5057917554367,Piano Relaxing,Spotify,EUR,Cyprus,CY,1,0,0,,,,0.00365,3.65,RouteNote,Distro,"",2026-01-17T08:06:42.5122479Z,sale,sale_20260826_023305,2026-08-26 02:38:32.66563
2025-10-31T17:00:00Z,2025,Dwelling,Dee Art,Tonic Note,Dee Art,Helios Records,GBSMU8652648,5057917554367,Piano Relaxing,Spotify,EUR,Czech Republic (the),CZ,1,0,0,,,,0.00437,4.37,RouteNote,Distro,"",2026-01-17T08:06:42.5122589Z,sale,sale_20260826_023305,2026-08-26 02:38:32.66563
2025-10-31T17:00:00Z,2025,Dwelling,Dee Art,Tonic Note,Dee Art,Helios Records,GBSMU8652648,5057917554367,Piano Relaxing,Spotify,EUR,Germany,DE,1009,0,0,,,,2.2889,2.268484,RouteNote,Distro,"",2026-01-17T08:06:42.5122696Z,sale,sale_20260826_023305,2026-08-26 02:38:32.66563
2025-10-31T17:00:00Z,2025,Dwelling,Dee Art,Tonic Note,Dee Art,Helios Records,GBSMU8652648,5057917554367,Piano Relaxing,Spotify,EUR,Denmark,DK,2,0,0,,,,0.00555,2.775,RouteNote,Distro,"",2026-01-17T08:06:42.5122803Z,sale,sale_20260826_023305,2026-08-26 02:38:32.66563
2025-10-31T17:00:00Z,2025,Dwelling,Dee Art,Tonic Note,Dee Art,Helios Records,GBSMU8652648,5057917554367,Piano Relaxing,Spotify,EUR,Estonia,EE,4,0,0,,,,0.00366,0.915,RouteNote,Distro,"",2026-01-17T08:06:42.5122926Z,sale,sale_20260826_023305,2026-08-26 02:38:32.66563
2025-10-31T17:00:00Z,2025,Dwelling,Dee Art,Tonic Note,Dee Art,Helios Records,GBSMU8652648,5057917554367,Piano Relaxing,Spotify,EUR,Spain,ES,1154,0,0,,,,1.43006,1.23922,RouteNote,Distro,"",2026-01-17T08:06:42.512304Z,sale,sale_20260826_023305,2026-08-26 02:38:32.66563
2025-10-31T17:00:00Z,2025,Dwelling,Dee Art,Tonic Note,Dee Art,Helios Records,GBSMU8652648,5057917554367,Piano Relaxing,Spotify,EUR,Finland,FI,4,0,0,,,,0.00657,1.6425,RouteNote,Distro,"",2026-01-17T08:06:42.5123145Z,sale,sale_20260826_023305,2026-08-26 02:38:32.66563
2025-10-31T17:00:00Z,2025,Dwelling,Dee Art,Tonic Note,Dee Art,Helios Records,GBSMU8652648,5057917554367,Piano Relaxing,Spotify,EUR,France,FR,539,0,0,,,,0.965,1.790353,RouteNote,Distro,"",2026-01-17T08:06:42.5123255Z,sale,sale_20260826_023305,2026-08-26 02:38:32.66563
2025-10-31T17:00:00Z,2025,Dwelling,Dee Art,Tonic Note,Dee Art,Helios Records,GBSMU8652648,5057917554367,Piano Relaxing,Spotify,EUR,Hong Kong,HK,182,0,0,,,,0.37951,2.08522,RouteNote,Distro,"",2026-01-17T08:06:42.512338Z,sale,sale_20260826_023305,2026-08-26 02:38:32.66563
2025-10-31T17:00:00Z,2025,Dwelling,Dee Art,Tonic Note,Dee Art,Helios Records,GBSMU8652648,5057917554367,Piano Relaxing,Spotify,EUR,Croatia,HR,9,0,0,,,,0.01157,1.285556,RouteNote,Distro,"",2026-01-17T08:06:42.5123494Z,sale,sale_20260826_023305,2026-08-26 02:38:32.66563
2025-10-31T17:00:00Z,2025,Dwelling,Dee Art,Tonic Note,Dee Art,Helios Records,GBSMU8652648,5057917554367,Piano Relaxing,Spotify,EUR,Hungary,HU,15,0,0,,,,0.0212,1.413333,RouteNote,Distro,"",2026-01-17T08:06:42.5123607Z,sale,sale_20260826_023305,2026-08-26 02:38:32.66563
2025-10-31T17:00:00Z,2025,Dwelling,Dee Art,Tonic Note,Dee Art,Helios Records,GBSMU8652648,5057917554367,Piano Relaxing,Spotify,EUR,Indonesia,ID,1105,0,0,,,,0.31771,0.28752,RouteNote,Distro,"",2026-01-17T08:06:42.5123719Z,sale,sale_20260826_023305,2026-08-26 02:38:32.66563
2025-10-31T17:00:00Z,2025,Dwelling,Dee Art,Tonic Note,Dee Art,Helios Records,GBSMU8652648,5057917554367,Piano Relaxing,Spotify,EUR,Ireland,IE,19,0,0,,,,0.03129,1.646842,RouteNote,Distro,"",2026-01-17T08:06:42.5123832Z,sale,sale_20260826_023305,2026-08-26 02:38:32.66563
2025-10-31T17:00:00Z,2025,Dwelling,Dee Art,Tonic Note,Dee Art,Helios Records,GBSMU8652648,5057917554367,Piano Relaxing,Spotify,EUR,Israel,IL,3,0,0,,,,0.00351,1.17,RouteNote,Distro,"",2026-01-17T08:06:42.5123961Z,sale,sale_20260826_023305,2026-08-26 02:38:32.66563
2025-10-31T17:00:00Z,2025,Dwelling,Dee Art,Tonic Note,Dee Art,Helios Records,GBSMU8652648,5057917554367,Piano Relaxing,Spotify,EUR,Iceland,IS,1,0,0,,,,0.0025,2.5,RouteNote,Distro,"",2026-01-17T08:06:42.5124072Z,sale,sale_20260826_023305,2026-08-26 02:38:32.66563
2025-10-31T17:00:00Z,2025,Dwelling,Dee Art,Tonic Note,Dee Art,Helios Records,GBSMU8652648,5057917554367,Piano Relaxing,Spotify,EUR,Italy,IT,32,0,0,,,,0.04153,1.297812,RouteNote,Distro,"",2026-01-17T08:06:42.512418Z,sale,sale_20260826_023305,2026-08-26 02:38:32.66563
2025-10-31T17:00:00Z,2025,Dwelling,Dee Art,Tonic Note,Dee Art,Helios Records,GBSMU8652648,5057917554367,Piano Relaxing,Spotify,EUR,Japan,JP,44,0,0,,,,0.06698,1.522273,RouteNote,Distro,"",2026-01-17T08:06:42.5124291Z,sale,sale_20260826_023305,2026-08-26 02:38:32.66563
2025-10-31T17:00:00Z,2025,Dwelling,Dee Art,Tonic Note,Dee Art,Helios Records,GBSMU8652648,5057917554367,Piano Relaxing,Spotify,EUR,Sri Lanka,LK,12,0,0,,,,0.0036,0.3,RouteNote,Distro,"",2026-01-17T08:06:42.5124408Z,sale,sale_20260826_023305,2026-08-26 02:38:32.66563
2025-10-31T17:00:00Z,2025,Dwelling,Dee Art,Tonic Note,Dee Art,Helios Records,GBSMU8652648,5057917554367,Piano Relaxing,Spotify,EUR,Lithuania,LT,3,0,0,,,,0.01085,3.616667,RouteNote,Distro,"",2026-01-17T08:06:42.5124537Z,sale,sale_20260826_023305,2026-08-26 02:38:32.66563
2025-10-31T17:00:00Z,2025,Dwelling,Dee Art,Tonic Note,Dee Art,Helios Records,GBSMU8652648,5057917554367,Piano Relaxing,Spotify,EUR,Luxembourg,LU,16,0,0,,,,0.05977,3.735625,RouteNote,Distro,"",2026-01-17T08:06:42.5124649Z,sale,sale_20260826_023305,2026-08-26 02:38:32.66563
2025-10-31T17:00:00Z,2025,Dwelling,Dee Art,Tonic Note,Dee Art,Helios Records,GBSMU8652648,5057917554367,Piano Relaxing,Spotify,EUR,Malta,MT,6,0,0,,,,0.00586,0.976667,RouteNote,Distro,"",2026-01-17T08:06:42.5124759Z,sale,sale_20260826_023305,2026-08-26 02:38:32.66563
2025-10-31T17:00:00Z,2025,Dwelling,Dee Art,Tonic Note,Dee Art,Helios Records,GBSMU8652648,5057917554367,Piano Relaxing,Spotify,EUR,Mexico,MX,1968,0,0,,,,1.46188,0.742825,RouteNote,Distro,"",2026-01-17T08:06:42.5124869Z,sale,sale_20260826_023305,2026-08-26 02:38:32.66563
2025-10-31T17:00:00Z,2025,Dwelling,Dee Art,Tonic Note,Dee Art,Helios Records,GBSMU8652648,5057917554367,Piano Relaxing,Spotify,EUR,Malaysia,MY,899,0,0,,,,0.53448,0.594527,RouteNote,Distro,"",2026-01-17T08:06:42.5124982Z,sale,sale_20260826_023305,2026-08-26 02:38:32.66563
2025-10-31T17:00:00Z,2025,Dwelling,Dee Art,Tonic Note,Dee Art,Helios Records,GBSMU8652648,5057917554367,Piano Relaxing,Spotify,EUR,Netherlands (the),NL,98,0,0,,,,0.29149,2.974388,RouteNote,Distro,"",2026-01-17T08:06:42.5125111Z,sale,sale_20260826_023305,2026-08-26 02:38:32.66563
2025-10-31T17:00:00Z,2025,Dwelling,Dee Art,Tonic Note,Dee Art,Helios Records,GBSMU8652648,5057917554367,Piano Relaxing,Spotify,EUR,Norway,NO,29,0,0,,,,0.12321,4.248621,RouteNote,Distro,"",2026-01-17T08:06:42.5125224Z,sale,sale_20260826_023305,2026-08-26 02:38:32.66563
2025-10-31T17:00:00Z,2025,Dwelling,Dee Art,Tonic Note,Dee Art,Helios Records,GBSMU8652648,5057917554367,Piano Relaxing,Spotify,EUR,New Zealand,NZ,7,0,0,,,,0.00773,1.104286,RouteNote,Distro,"",2026-01-17T08:06:42.5125336Z,sale,sale_20260826_023305,2026-08-26 02:38:32.66563
2025-10-31T17:00:00Z,2025,Dwelling,Dee Art,Tonic Note,Dee Art,Helios Records,GBSMU8652648,5057917554367,Piano Relaxing,Spotify,EUR,Peru,PE,145,0,0,,,,0.0576,0.397241,RouteNote,Distro,"",2026-01-17T08:06:42.5125448Z,sale,sale_20260826_023305,2026-08-26 02:38:32.66563
2025-10-31T17:00:00Z,2025,Dwelling,Dee Art,Tonic Note,Dee Art,Helios Records,GBSMU8652648,5057917554367,Piano Relaxing,Spotify,EUR,Philippines (the),PH,2870,0,0,,,,0.83342,0.29039,RouteNote,Distro,"",2026-01-17T08:06:42.5125559Z,sale,sale_20260826_023305,2026-08-26 02:38:32.66563
2025-10-31T17:00:00Z,2025,Dwelling,Dee Art,Tonic Note,Dee Art,Helios Records,GBSMU8652648,5057917554367,Piano Relaxing,Spotify,EUR,Pakistan,PK,6,0,0,,,,0.00222,0.37,RouteNote,Distro,"",2026-01-17T08:06:42.5125685Z,sale,sale_20260826_023305,2026-08-26 02:38:32.66563
2025-10-31T17:00:00Z,2025,Dwelling,Dee Art,Tonic Note,Dee Art,Helios Records,GBSMU8652648,5057917554367,Piano Relaxing,Spotify,EUR,Poland,PL,73,0,0,,,,0.12627,1.729726,RouteNote,Distro,"",2026-01-17T08:06:42.5125797Z,sale,sale_20260826_023305,2026-08-26 02:38:32.66563
2025-10-31T17:00:00Z,2025,Dwelling,Dee Art,Tonic Note,Dee Art,Helios Records,GBSMU8652648,5057917554367,Piano Relaxing,Spotify,EUR,Portugal,PT,193,0,0,,,,0.15781,0.817668,RouteNote,Distro,"",2026-01-17T08:06:42.512591Z,sale,sale_20260826_023305,2026-08-26 02:38:32.66563
2025-10-31T17:00:00Z,2025,Dwelling,Dee Art,Tonic Note,Dee Art,Helios Records,GBSMU8652648,5057917554367,Piano Relaxing,Spotify,EUR,Romania,RO,57,0,0,,,,0.03893,0.682982,RouteNote,Distro,"",2026-01-17T08:06:42.5126022Z,sale,sale_20260826_023305,2026-08-26 02:38:32.66563
2025-10-31T17:00:00Z,2025,Dwelling,Dee Art,Tonic Note,Dee Art,Helios Records,GBSMU8652648,5057917554367,Piano Relaxing,Spotify,EUR,Saudi Arabia,SA,11,0,0,,,,0.00225,0.204545,RouteNote,Distro,"",2026-01-17T08:06:42.5126134Z,sale,sale_20260826_023305,2026-08-26 02:38:32.66563
2025-10-31T17:00:00Z,2025,Dwelling,Dee Art,Tonic Note,Dee Art,Helios Records,GBSMU8652648,5057917554367,Piano Relaxing,Spotify,EUR,Sweden,SE,29,0,0,,,,0.0851,2.934483,RouteNote,Distro,"",2026-01-17T08:06:42.5126264Z,sale,sale_20260826_023305,2026-08-26 02:38:32.66563
2025-10-31T17:00:00Z,2025,Dwelling,Dee Art,Tonic Note,Dee Art,Helios Records,GBSMU8652648,5057917554367,Piano Relaxing,Spotify,EUR,Singapore,SG,743,0,0,,,,1.72024,2.315262,RouteNote,Distro,"",2026-01-17T08:06:42.512637Z,sale,sale_20260826_023305,2026-08-26 02:38:32.66563
2025-10-31T17:00:00Z,2025,Dwelling,Dee Art,Tonic Note,Dee Art,Helios Records,GBSMU8652648,5057917554367,Piano Relaxing,Spotify,EUR,Slovenia,SI,17,0,0,,,,0.03393,1.995882,RouteNote,Distro,"",2026-01-17T08:06:42.5126478Z,sale,sale_20260826_023305,2026-08-26 02:38:32.66563
2025-10-31T17:00:00Z,2025,Dwelling,Dee Art,Tonic Note,Dee Art,Helios Records,GBSMU8652648,5057917554367,Piano Relaxing,Spotify,EUR,Slovakia,SK,6,0,0,,,,0.01345,2.241667,RouteNote,Distro,"",2026-01-17T08:06:42.5126588Z,sale,sale_20260826_023305,2026-08-26 02:38:32.66563
2025-10-31T17:00:00Z,2025,Dwelling,Dee Art,Tonic Note,Dee Art,Helios Records,GBSMU8652648,5057917554367,Piano Relaxing,Spotify,EUR,Thailand,TH,29,0,0,,,,0.01695,0.584483,RouteNote,Distro,"",2026-01-17T08:06:42.5126713Z,sale,sale_20260826_023305,2026-08-26 02:38:32.66563
2025-10-31T17:00:00Z,2025,Dwelling,Dee Art,Tonic Note,Dee Art,Helios Records,GBSMU8652648,5057917554367,Piano Relaxing,Spotify,EUR,Turkey,TR,16,0,0,,,,0.00508,0.3175,RouteNote,Distro,"",2026-01-17T08:06:42.5126824Z,sale,sale_20260826_023305,2026-08-26 02:38:32.66563
2025-10-31T17:00:00Z,2025,Dwelling,Dee Art,Tonic Note,Dee Art,Helios Records,GBSMU8652648,5057917554367,Piano Relaxing,Spotify,EUR,Taiwan (Province of China),TW,81,0,0,,,,0.09661,1.192716,RouteNote,Distro,"",2026-01-17T08:06:42.5126942Z,sale,sale_20260826_023305,2026-08-26 02:38:32.66563
2025-10-31T17:00:00Z,2025,Dwelling,Dee Art,Tonic Note,Dee Art,Helios Records,GBSMU8652648,5057917554367,Piano Relaxing,Spotify,EUR,Viet Nam,VN,161,0,0,,,,0.07279,0.452112,RouteNote,Distro,"",2026-01-17T08:06:42.5127053Z,sale,sale_20260826_023305,2026-08-26 02:38:32.66563
2025-10-31T17:00:00Z,2025,Dwelling,Dee Art,Tonic Note,Dee Art,Helios Records,GBSMU8652648,5057917554367,Piano Relaxing,Spotify,EUR,South Africa,ZA,46,0,0,,,,0.03351,0.728478,RouteNote,Distro,"",2026-01-17T08:06:42.512716Z,sale,sale_20260826_023305,2026-08-26 02:38:32.66563
2025-10-31T17:00:00Z,2025,Dwelling,Dee Art,Tonic Note,Dee Art,Helios Records,GBSMU8652648,5057917554367,Piano Relaxing,Spotify,GBP,United Kingdom (the),GB,301,0,0,,,,1.57775,5.241694,RouteNote,Distro,"",2026-01-17T08:06:42.5127282Z,sale,sale_20260826_023305,2026-08-26 02:38:32.66563
2025-10-31T17:00:00Z,2025,Dwelling,Dee Art,Tonic Note,Dee Art,Helios Records,GBSMU8652648,5057917554367,Piano Relaxing,Spotify,USD,Angola,AO,2,0,0,,,,0,0,RouteNote,Distro,"",2026-01-17T08:06:42.5127397Z,sale,sale_20260826_023305,2026-08-26 02:38:32.66563
2025-10-31T17:00:00Z,2025,Dwelling,Dee Art,Tonic Note,Dee Art,Helios Records,GBSMU8652648,5057917554367,Piano Relaxing,Spotify,USD,Bahrain,BH,3,0,0,,,,0.00158,0.526667,RouteNote,Distro,"",2026-01-17T08:06:42.512751Z,sale,sale_20260826_023305,2026-08-26 02:38:32.66563
2025-10-31T17:00:00Z,2025,Dwelling,Dee Art,Tonic Note,Dee Art,Helios Records,GBSMU8652648,5057917554367,Piano Relaxing,Spotify,USD,Brunei Darussalam,BN,9,0,0,,,,0.00066,0.073333,RouteNote,Distro,"",2026-01-17T08:06:42.5127621Z,sale,sale_20260826_023305,2026-08-26 02:38:32.66563
2025-10-31T17:00:00Z,2025,Dwelling,Dee Art,Tonic Note,Dee Art,Helios Records,GBSMU8652648,5057917554367,Piano Relaxing,Spotify,USD,Bolivia Plurinational State of,BO,17,0,0,,,,0.00762,0.448235,RouteNote,Distro,"",2026-01-17T08:06:42.5127727Z,sale,sale_20260826_023305,2026-08-26 02:38:32.66563
2025-10-31T17:00:00Z,2025,Dwelling,Dee Art,Tonic Note,Dee Art,Helios Records,GBSMU8652648,5057917554367,Piano Relaxing,Spotify,USD,Congo (the Democratic Republic of the),CD,2,0,0,,,,0,0,RouteNote,Distro,"",2026-01-17T08:06:42.5127854Z,sale,sale_20260826_023305,2026-08-26 02:38:32.66563
2025-10-31T17:00:00Z,2025,Dwelling,Dee Art,Tonic Note,Dee Art,Helios Records,GBSMU8652648,5057917554367,Piano Relaxing,Spotify,USD,C?te d'Ivoire,CI,2,0,0,,,,0.00174,0.87,RouteNote,Distro,"",2026-01-17T08:06:42.5127969Z,sale,sale_20260826_023305,2026-08-26 02:38:32.66563
2025-10-31T17:00:00Z,2025,Dwelling,Dee Art,Tonic Note,Dee Art,Helios Records,GBSMU8652648,5057917554367,Piano Relaxing,Spotify,USD,Costa Rica,CR,108,0,0,,,,0.08741,0.809352,RouteNote,Distro,"",2026-01-17T08:06:42.5128082Z,sale,sale_20260826_023305,2026-08-26 02:38:32.66563
2025-10-31T17:00:00Z,2025,Dwelling,Dee Art,Tonic Note,Dee Art,Helios Records,GBSMU8652648,5057917554367,Piano Relaxing,Spotify,USD,Cabo Verde,CV,6,0,0,,,,0.00578,0.963333,RouteNote,Distro,"",2026-01-17T08:06:42.5128191Z,sale,sale_20260826_023305,2026-08-26 02:38:32.66563
2025-10-31T17:00:00Z,2025,Dwelling,Dee Art,Tonic Note,Dee Art,Helios Records,GBSMU8652648,5057917554367,Piano Relaxing,Spotify,USD,Curacao,CW,1,0,0,,,,0.00084,0.84,RouteNote,Distro,"",2026-01-17T08:06:42.5128302Z,sale,sale_20260826_023305,2026-08-26 02:38:32.66563
2025-10-31T17:00:00Z,2025,Dwelling,Dee Art,Tonic Note,Dee Art,Helios Records,GBSMU8652648,5057917554367,Piano Relaxing,Spotify,USD,Djibouti,DJ,1,0,0,,,,0,0,RouteNote,Distro,"",2026-01-17T08:06:42.5128448Z,sale,sale_20260826_023305,2026-08-26 02:38:32.66563
2025-10-31T17:00:00Z,2025,Dwelling,Dee Art,Tonic Note,Dee Art,Helios Records,GBSMU8652648,5057917554367,Piano Relaxing,Spotify,USD,Dominican Republic (the),DO,31,0,0,,,,0.0188,0.606452,RouteNote,Distro,"",2026-01-17T08:06:42.5128562Z,sale,sale_20260826_023305,2026-08-26 02:38:32.66563
2025-10-31T17:00:00Z,2025,Dwelling,Dee Art,Tonic Note,Dee Art,Helios Records,GBSMU8652648,5057917554367,Piano Relaxing,Spotify,USD,Ecuador,EC,98,0,0,,,,0.06518,0.665102,RouteNote,Distro,"",2026-01-17T08:06:42.5128675Z,sale,sale_20260826_023305,2026-08-26 02:38:32.66563
2025-10-31T17:00:00Z,2025,Dwelling,Dee Art,Tonic Note,Dee Art,Helios Records,GBSMU8652648,5057917554367,Piano Relaxing,Spotify,USD,Egypt,EG,12,0,0,,,,0.00371,0.309167,RouteNote,Distro,"",2026-01-17T08:06:42.5128784Z,sale,sale_20260826_023305,2026-08-26 02:38:32.66563
2025-10-31T17:00:00Z,2025,Dwelling,Dee Art,Tonic Note,Dee Art,Helios Records,GBSMU8652648,5057917554367,Piano Relaxing,Spotify,USD,Ghana,GH,3,0,0,,,,0.00017,0.056667,RouteNote,Distro,"",2026-01-17T08:06:42.5128898Z,sale,sale_20260826_023305,2026-08-26 02:38:32.66563
2025-10-31T17:00:00Z,2025,Dwelling,Dee Art,Tonic Note,Dee Art,Helios Records,GBSMU8652648,5057917554367,Piano Relaxing,Spotify,USD,Guinea,GN,1,0,0,,,,0.00125,1.25,RouteNote,Distro,"",2026-01-17T08:06:42.5129028Z,sale,sale_20260826_023305,2026-08-26 02:38:32.66563
2025-10-31T17:00:00Z,2025,Dwelling,Dee Art,Tonic Note,Dee Art,Helios Records,GBSMU8652648,5057917554367,Piano Relaxing,Spotify,USD,Guatemala,GT,109,0,0,,,,0.05516,0.506055,RouteNote,Distro,"",2026-01-17T08:06:42.5129138Z,sale,sale_20260826_023305,2026-08-26 02:38:32.66563
2025-10-31T17:00:00Z,2025,Dwelling,Dee Art,Tonic Note,Dee Art,Helios Records,GBSMU8652648,5057917554367,Piano Relaxing,Spotify,USD,Honduras,HN,19,0,0,,,,0.00879,0.462632,RouteNote,Distro,"",2026-01-17T08:06:42.5129252Z,sale,sale_20260826_023305,2026-08-26 02:38:32.66563
2025-10-31T17:00:00Z,2025,Dwelling,Dee Art,Tonic Note,Dee Art,Helios Records,GBSMU8652648,5057917554367,Piano Relaxing,Spotify,USD,India,IN,66,0,0,,,,0.02057,0.311667,RouteNote,Distro,"",2026-01-17T08:06:42.5129362Z,sale,sale_20260826_023305,2026-08-26 02:38:32.66563
2025-10-31T17:00:00Z,2025,Dwelling,Dee Art,Tonic Note,Dee Art,Helios Records,GBSMU8652648,5057917554367,Piano Relaxing,Spotify,USD,Jordan,JO,6,0,0,,,,0,0,RouteNote,Distro,"",2026-01-17T08:06:42.5129469Z,sale,sale_20260826_023305,2026-08-26 02:38:32.66563
2025-10-31T17:00:00Z,2025,Dwelling,Dee Art,Tonic Note,Dee Art,Helios Records,GBSMU8652648,5057917554367,Piano Relaxing,Spotify,USD,Kenya,KE,7,0,0,,,,0.00048,0.068571,RouteNote,Distro,"",2026-01-17T08:06:42.51296Z,sale,sale_20260826_023305,2026-08-26 02:38:32.66563
2025-10-31T17:00:00Z,2025,Dwelling,Dee Art,Tonic Note,Dee Art,Helios Records,GBSMU8652648,5057917554367,Piano Relaxing,Spotify,USD,Cambodia,KH,19,0,0,,,,0.00506,0.266316,RouteNote,Distro,"",2026-01-17T08:06:42.5129718Z,sale,sale_20260826_023305,2026-08-26 02:38:32.66563
2025-10-31T17:00:00Z,2025,Dwelling,Dee Art,Tonic Note,Dee Art,Helios Records,GBSMU8652648,5057917554367,Piano Relaxing,Spotify,USD,KR (South Korea),KR,4,0,0,,,,0.00016,0.04,RouteNote,Distro,"",2026-01-17T08:06:42.5129826Z,sale,sale_20260826_023305,2026-08-26 02:38:32.66563
2025-10-31T17:00:00Z,2025,Dwelling,Dee Art,Tonic Note,Dee Art,Helios Records,GBSMU8652648,5057917554367,Piano Relaxing,Spotify,USD,Kuwait,KW,18,0,0,,,,0.033,1.833333,RouteNote,Distro,"",2026-01-17T08:06:42.5129938Z,sale,sale_20260826_023305,2026-08-26 02:38:32.66563
2025-10-31T17:00:00Z,2025,Dwelling,Dee Art,Tonic Note,Dee Art,Helios Records,GBSMU8652648,5057917554367,Piano Relaxing,Spotify,USD,Liberia,LR,1,0,0,,,,0.00072,0.72,RouteNote,Distro,"",2026-01-17T08:06:42.5130056Z,sale,sale_20260826_023305,2026-08-26 02:38:32.66563
2025-10-31T17:00:00Z,2025,Dwelling,Dee Art,Tonic Note,Dee Art,Helios Records,GBSMU8652648,5057917554367,Piano Relaxing,Spotify,USD,Morocco,MA,3,0,0,,,,0.005,1.666667,RouteNote,Distro,"",2026-01-17T08:06:42.5130182Z,sale,sale_20260826_023305,2026-08-26 02:38:32.66563
2025-10-31T17:00:00Z,2025,Dwelling,Dee Art,Tonic Note,Dee Art,Helios Records,GBSMU8652648,5057917554367,Piano Relaxing,Spotify,USD,Moldova (the Republic of),MD,2,0,0,,,,0.00163,0.815,RouteNote,Distro,"",2026-01-17T08:06:42.5130293Z,sale,sale_20260826_023305,2026-08-26 02:38:32.66563
2025-10-31T17:00:00Z,2025,Dwelling,Dee Art,Tonic Note,Dee Art,Helios Records,GBSMU8652648,5057917554367,Piano Relaxing,Spotify,USD,Madagascar,MG,4,0,0,,,,0.00103,0.2575,RouteNote,Distro,"",2026-01-17T08:06:42.51304Z,sale,sale_20260826_023305,2026-08-26 02:38:32.66563
2025-10-31T17:00:00Z,2025,Dwelling,Dee Art,Tonic Note,Dee Art,Helios Records,GBSMU8652648,5057917554367,Piano Relaxing,Spotify,USD,Macao,MO,3,0,0,,,,0,0,RouteNote,Distro,"",2026-01-17T08:06:42.5130504Z,sale,sale_20260826_023305,2026-08-26 02:38:32.66563
2025-10-31T17:00:00Z,2025,Dwelling,Dee Art,Tonic Note,Dee Art,Helios Records,GBSMU8652648,5057917554367,Piano Relaxing,Spotify,USD,Maldives,MV,3,0,0,,,,0.00301,1.003333,RouteNote,Distro,"",2026-01-17T08:06:42.5130631Z,sale,sale_20260826_023305,2026-08-26 02:38:32.66563
2025-10-31T17:00:00Z,2025,Dwelling,Dee Art,Tonic Note,Dee Art,Helios Records,GBSMU8652648,5057917554367,Piano Relaxing,Spotify,USD,Nigeria,NG,54,0,0,,,,0.01487,0.27537,RouteNote,Distro,"",2026-01-17T08:06:42.5130744Z,sale,sale_20260826_023305,2026-08-26 02:38:32.66563
2025-10-31T17:00:00Z,2025,Dwelling,Dee Art,Tonic Note,Dee Art,Helios Records,GBSMU8652648,5057917554367,Piano Relaxing,Spotify,USD,Nicaragua,NI,24,0,0,,,,0.00511,0.212917,RouteNote,Distro,"",2026-01-17T08:06:42.5130858Z,sale,sale_20260826_023305,2026-08-26 02:38:32.66563
2025-10-31T17:00:00Z,2025,Dwelling,Dee Art,Tonic Note,Dee Art,Helios Records,GBSMU8652648,5057917554367,Piano Relaxing,Spotify,USD,Nepal,NP,1,0,0,,,,0,0,RouteNote,Distro,"",2026-01-17T08:06:42.5130968Z,sale,sale_20260826_023305,2026-08-26 02:38:32.66563
2025-10-31T17:00:00Z,2025,Dwelling,Dee Art,Tonic Note,Dee Art,Helios Records,GBSMU8652648,5057917554367,Piano Relaxing,Spotify,USD,Oman,OM,12,0,0,,,,0.02128,1.773333,RouteNote,Distro,"",2026-01-17T08:06:42.513108Z,sale,sale_20260826_023305,2026-08-26 02:38:32.66563
2025-10-31T17:00:00Z,2025,Dwelling,Dee Art,Tonic Note,Dee Art,Helios Records,GBSMU8652648,5057917554367,Piano Relaxing,Spotify,USD,Panama,PA,24,0,0,,,,0.0278,1.158333,RouteNote,Distro,"",2026-01-17T08:06:42.5131205Z,sale,sale_20260826_023305,2026-08-26 02:38:32.66563
2025-10-31T17:00:00Z,2025,Dwelling,Dee Art,Tonic Note,Dee Art,Helios Records,GBSMU8652648,5057917554367,Piano Relaxing,Spotify,USD,Papua New Guinea,PG,1,0,0,,,,0,0,RouteNote,Distro,"",2026-01-17T08:06:42.5131316Z,sale,sale_20260826_023305,2026-08-26 02:38:32.66563
2025-10-31T17:00:00Z,2025,Dwelling,Dee Art,Tonic Note,Dee Art,Helios Records,GBSMU8652648,5057917554367,Piano Relaxing,Spotify,USD,Palestine- State of,PS,2,0,0,,,,0,0,RouteNote,Distro,"",2026-01-17T08:06:42.5131423Z,sale,sale_20260826_023305,2026-08-26 02:38:32.66563
2025-10-31T17:00:00Z,2025,Dwelling,Dee Art,Tonic Note,Dee Art,Helios Records,GBSMU8652648,5057917554367,Piano Relaxing,Spotify,USD,Paraguay,PY,42,0,0,,,,0.0185,0.440476,RouteNote,Distro,"",2026-01-17T08:06:42.5131549Z,sale,sale_20260826_023305,2026-08-26 02:38:32.66563
2025-10-31T17:00:00Z,2025,Dwelling,Dee Art,Tonic Note,Dee Art,Helios Records,GBSMU8652648,5057917554367,Piano Relaxing,Spotify,USD,Qatar,QA,17,0,0,,,,0.00799,0.47,RouteNote,Distro,"",2026-01-17T08:06:42.5131659Z,sale,sale_20260826_023305,2026-08-26 02:38:32.66563
2025-10-31T17:00:00Z,2025,Dwelling,Dee Art,Tonic Note,Dee Art,Helios Records,GBSMU8652648,5057917554367,Piano Relaxing,Spotify,USD,Rwanda,RW,5,0,0,,,,0.00072,0.144,RouteNote,Distro,"",2026-01-17T08:06:42.5131772Z,sale,sale_20260826_023305,2026-08-26 02:38:32.66563
2025-10-31T17:00:00Z,2025,Dwelling,Dee Art,Tonic Note,Dee Art,Helios Records,GBSMU8652648,5057917554367,Piano Relaxing,Spotify,USD,El Salvador,SV,56,0,0,,,,0.02412,0.430714,RouteNote,Distro,"",2026-01-17T08:06:42.5131877Z,sale,sale_20260826_023305,2026-08-26 02:38:32.66563
2025-10-31T17:00:00Z,2025,Dwelling,Dee Art,Tonic Note,Dee Art,Helios Records,GBSMU8652648,5057917554367,Piano Relaxing,Spotify,USD,Timor-Leste,TL,1,0,0,,,,0,0,RouteNote,Distro,"",2026-01-17T08:06:42.5131983Z,sale,sale_20260826_023305,2026-08-26 02:38:32.66563
2025-10-31T17:00:00Z,2025,Dwelling,Dee Art,Tonic Note,Dee Art,Helios Records,GBSMU8652648,5057917554367,Piano Relaxing,Spotify,USD,Tanzania- United Republic of,TZ,2,0,0,,,,0,0,RouteNote,Distro,"",2026-01-17T08:06:42.513208Z,sale,sale_20260826_023305,2026-08-26 02:38:32.66563
2025-10-31T17:00:00Z,2025,Dwelling,Dee Art,Tonic Note,Dee Art,Helios Records,GBSMU8652648,5057917554367,Piano Relaxing,Spotify,USD,Uganda,UG,10,0,0,,,,0.00881,0.881,RouteNote,Distro,"",2026-01-17T08:06:42.5132184Z,sale,sale_20260826_023305,2026-08-26 02:38:32.66563
2025-10-31T17:00:00Z,2025,Dwelling,Dee Art,Tonic Note,Dee Art,Helios Records,GBSMU8652648,5057917554367,Piano Relaxing,Spotify,USD,United States (the),US,1101,0,0,,,,3.04204,2.762979,RouteNote,Distro,"",2026-01-17T08:06:42.51323Z,sale,sale_20260826_023305,2026-08-26 02:38:32.66563
2025-10-31T17:00:00Z,2025,Dwelling,Dee Art,Tonic Note,Dee Art,Helios Records,GBSMU8652648,5057917554367,Piano Relaxing,Spotify,USD,Uruguay,UY,111,0,0,,,,0.15562,1.401982,RouteNote,Distro,"",2026-01-17T08:06:42.5132405Z,sale,sale_20260826_023305,2026-08-26 02:38:32.66563
2025-10-31T17:00:00Z,2025,Dwelling,Dee Art,Tonic Note,Dee Art,Helios Records,GBSMU8652648,5057917554367,Piano Relaxing,Spotify,USD,Venezuela- Bolivarian Republic of ,VE,42,0,0,,,,0.0197,0.469048,RouteNote,Distro,"",2026-01-17T08:06:42.5132513Z,sale,sale_20260826_023305,2026-08-26 02:38:32.66563
2025-10-31T17:00:00Z,2025,Dwelling,Dee Art,Tonic Note,Dee Art,Helios Records,GBSMU8652648,5057917554367,Piano Relaxing,Spotify,USD,Zambia,ZM,2,0,0,,,,0,0,RouteNote,Distro,"",2026-01-17T08:06:42.5132615Z,sale,sale_20260826_023305,2026-08-26 02:38:32.66563
2025-10-31T17:00:00Z,2025,The Only Road,Dee Art,Tonic Note,Dee Art,Helios Records,GBSMU8652649,5057917554367,Piano Relaxing,Apple Music,CAD,Canada,CA,1,0,0,,,,0.00251,2.51,RouteNote,Distro,"",2026-01-17T08:06:42.5132724Z,sale,sale_20260826_023305,2026-08-26 02:38:32.66563
2025-10-31T17:00:00Z,2025,The Only Road,Dee Art,Tonic Note,Dee Art,Helios Records,GBSMU8652649,5057917554367,Piano Relaxing,Apple Music,GBP,United Kingdom (the),GB,29,0,0,,,,0.21786,7.512414,RouteNote,Distro,"",2026-01-17T08:06:42.513284Z,sale,sale_20260826_023305,2026-08-26 02:38:32.66563
2025-10-31T17:00:00Z,2025,The Only Road,Dee Art,Tonic Note,Dee Art,Helios Records,GBSMU8652649,5057917554367,Piano Relaxing,Apple Music,TRY,Turkey,TR,7,0,0,,,,0.00553,0.79,RouteNote,Distro,"",2026-01-17T08:06:42.5132943Z,sale,sale_20260826_023305,2026-08-26 02:38:32.66563
2025-10-31T17:00:00Z,2025,The Only Road,Dee Art,Tonic Note,Dee Art,Helios Records,GBSMU8652649,5057917554367,Piano Relaxing,Apple Music,USD,United States (the),US,144,0,0,,,,0.77043,5.350208,RouteNote,Distro,"",2026-01-17T08:06:42.5133054Z,sale,sale_20260826_023305,2026-08-26 02:38:32.66563
2025-10-31T17:00:00Z,2025,The Only Road,Dee Art,Tonic Note,Dee Art,Helios Records,GBSMU8652649,5057917554367,Piano Relaxing,Spotify,EUR,Andorra,AD,1,0,0,,,,0,0,RouteNote,Distro,"",2026-01-17T08:06:42.513316Z,sale,sale_20260826_023305,2026-08-26 02:38:32.66563
2025-10-31T17:00:00Z,2025,The Only Road,Dee Art,Tonic Note,Dee Art,Helios Records,GBSMU8652649,5057917554367,Piano Relaxing,Spotify,EUR,United Arab Emirates (the),AE,20,0,0,,,,0.02488,1.244,RouteNote,Distro,"",2026-01-17T08:06:42.5133272Z,sale,sale_20260826_023305,2026-08-26 02:38:32.66563
2025-10-31T17:00:00Z,2025,The Only Road,Dee Art,Tonic Note,Dee Art,Helios Records,GBSMU8652649,5057917554367,Piano Relaxing,Spotify,EUR,Argentina,AR,599,0,0,,,,0.35217,0.58793,RouteNote,Distro,"",2026-01-17T08:06:42.5133391Z,sale,sale_20260826_023305,2026-08-26 02:38:32.66563
2025-10-31T17:00:00Z,2025,The Only Road,Dee Art,Tonic Note,Dee Art,Helios Records,GBSMU8652649,5057917554367,Piano Relaxing,Spotify,EUR,Austria,AT,62,0,0,,,,0.08309,1.340161,RouteNote,Distro,"",2026-01-17T08:06:42.51335Z,sale,sale_20260826_023305,2026-08-26 02:38:32.66563
2025-10-31T17:00:00Z,2025,The Only Road,Dee Art,Tonic Note,Dee Art,Helios Records,GBSMU8652649,5057917554367,Piano Relaxing,Spotify,EUR,Australia,AU,203,0,0,,,,0.36521,1.799064,RouteNote,Distro,"",2026-01-17T08:06:42.5133605Z,sale,sale_20260826_023305,2026-08-26 02:38:32.66563
2025-10-31T17:00:00Z,2025,The Only Road,Dee Art,Tonic Note,Dee Art,Helios Records,GBSMU8652649,5057917554367,Piano Relaxing,Spotify,EUR,Bangladesh,BD,1,0,0,,,,1e-05,0.01,RouteNote,Distro,"",2026-01-17T08:06:42.5133712Z,sale,sale_20260826_023305,2026-08-26 02:38:32.66563
2025-10-31T17:00:00Z,2025,The Only Road,Dee Art,Tonic Note,Dee Art,Helios Records,GBSMU8652649,5057917554367,Piano Relaxing,Spotify,EUR,Belgium,BE,10,0,0,,,,0.02779,2.779,RouteNote,Distro,"",2026-01-17T08:06:42.5133813Z,sale,sale_20260826_023305,2026-08-26 02:38:32.66563
2025-10-31T17:00:00Z,2025,The Only Road,Dee Art,Tonic Note,Dee Art,Helios Records,GBSMU8652649,5057917554367,Piano Relaxing,Spotify,EUR,Brazil,BR,1236,0,0,,,,1.04608,0.846343,RouteNote,Distro,"",2026-01-17T08:06:42.513393Z,sale,sale_20260826_023305,2026-08-26 02:38:32.66563
2025-10-31T17:00:00Z,2025,The Only Road,Dee Art,Tonic Note,Dee Art,Helios Records,GBSMU8652649,5057917554367,Piano Relaxing,Spotify,EUR,Canada,CA,298,0,0,,,,0.48981,1.643658,RouteNote,Distro,"",2026-01-17T08:06:42.5134038Z,sale,sale_20260826_023305,2026-08-26 02:38:32.66563
2025-10-31T17:00:00Z,2025,The Only Road,Dee Art,Tonic Note,Dee Art,Helios Records,GBSMU8652649,5057917554367,Piano Relaxing,Spotify,EUR,Switzerland,CH,73,0,0,,,,0.159,2.178082,RouteNote,Distro,"",2026-01-17T08:06:42.5134144Z,sale,sale_20260826_023305,2026-08-26 02:38:32.66563
2025-10-31T17:00:00Z,2025,The Only Road,Dee Art,Tonic Note,Dee Art,Helios Records,GBSMU8652649,5057917554367,Piano Relaxing,Spotify,EUR,Chile,CL,524,0,0,,,,0.37589,0.717347,RouteNote,Distro,"",2026-01-17T08:06:42.513425Z,sale,sale_20260826_023305,2026-08-26 02:38:32.66563
2025-10-31T17:00:00Z,2025,The Only Road,Dee Art,Tonic Note,Dee Art,Helios Records,GBSMU8652649,5057917554367,Piano Relaxing,Spotify,EUR,Colombia,CO,977,0,0,,,,0.26706,0.273347,RouteNote,Distro,"",2026-01-17T08:06:42.5134368Z,sale,sale_20260826_023305,2026-08-26 02:38:32.66563
2025-10-31T17:00:00Z,2025,The Only Road,Dee Art,Tonic Note,Dee Art,Helios Records,GBSMU8652649,5057917554367,Piano Relaxing,Spotify,EUR,Cyprus,CY,4,0,0,,,,0.00751,1.8775,RouteNote,Distro,"",2026-01-17T08:06:42.5134475Z,sale,sale_20260826_023305,2026-08-26 02:38:32.66563
2025-10-31T17:00:00Z,2025,The Only Road,Dee Art,Tonic Note,Dee Art,Helios Records,GBSMU8652649,5057917554367,Piano Relaxing,Spotify,EUR,Czech Republic (the),CZ,4,0,0,,,,0.00423,1.0575,RouteNote,Distro,"",2026-01-17T08:06:42.5134579Z,sale,sale_20260826_023305,2026-08-26 02:38:32.66563
2025-10-31T17:00:00Z,2025,The Only Road,Dee Art,Tonic Note,Dee Art,Helios Records,GBSMU8652649,5057917554367,Piano Relaxing,Spotify,EUR,Germany,DE,711,0,0,,,,1.69094,2.378256,RouteNote,Distro,"",2026-01-17T08:06:42.5134688Z,sale,sale_20260826_023305,2026-08-26 02:38:32.66563
2025-10-31T17:00:00Z,2025,The Only Road,Dee Art,Tonic Note,Dee Art,Helios Records,GBSMU8652649,5057917554367,Piano Relaxing,Spotify,EUR,Denmark,DK,1,0,0,,,,0.00059,0.59,RouteNote,Distro,"",2026-01-17T08:06:42.51348Z,sale,sale_20260826_023305,2026-08-26 02:38:32.66563
2025-10-31T17:00:00Z,2025,The Only Road,Dee Art,Tonic Note,Dee Art,Helios Records,GBSMU8652649,5057917554367,Piano Relaxing,Spotify,EUR,Estonia,EE,5,0,0,,,,0.01008,2.016,RouteNote,Distro,"",2026-01-17T08:06:42.5134915Z,sale,sale_20260826_023305,2026-08-26 02:38:32.66563
2025-10-31T17:00:00Z,2025,The Only Road,Dee Art,Tonic Note,Dee Art,Helios Records,GBSMU8652649,5057917554367,Piano Relaxing,Spotify,EUR,Spain,ES,1126,0,0,,,,1.45704,1.293996,RouteNote,Distro,"",2026-01-17T08:06:42.5135023Z,sale,sale_20260826_023305,2026-08-26 02:38:32.66563
2025-10-31T17:00:00Z,2025,The Only Road,Dee Art,Tonic Note,Dee Art,Helios Records,GBSMU8652649,5057917554367,Piano Relaxing,Spotify,EUR,Finland,FI,21,0,0,,,,0.05489,2.61381,RouteNote,Distro,"",2026-01-17T08:06:42.5135129Z,sale,sale_20260826_023305,2026-08-26 02:38:32.66563
2025-10-31T17:00:00Z,2025,The Only Road,Dee Art,Tonic Note,Dee Art,Helios Records,GBSMU8652649,5057917554367,Piano Relaxing,Spotify,EUR,France,FR,48,0,0,,,,0.08403,1.750625,RouteNote,Distro,"",2026-01-17T08:06:42.5135234Z,sale,sale_20260826_023305,2026-08-26 02:38:32.66563
2025-10-31T17:00:00Z,2025,The Only Road,Dee Art,Tonic Note,Dee Art,Helios Records,GBSMU8652649,5057917554367,Piano Relaxing,Spotify,EUR,Greece,GR,11,0,0,,,,0.01818,1.652727,RouteNote,Distro,"",2026-01-17T08:06:42.5135339Z,sale,sale_20260826_023305,2026-08-26 02:38:32.66563
2025-10-31T17:00:00Z,2025,The Only Road,Dee Art,Tonic Note,Dee Art,Helios Records,GBSMU8652649,5057917554367,Piano Relaxing,Spotify,EUR,Hong Kong,HK,28,0,0,,,,0.0593,2.117857,RouteNote,Distro,"",2026-01-17T08:06:42.5135457Z,sale,sale_20260826_023305,2026-08-26 02:38:32.66563
2025-10-31T17:00:00Z,2025,The Only Road,Dee Art,Tonic Note,Dee Art,Helios Records,GBSMU8652649,5057917554367,Piano Relaxing,Spotify,EUR,Croatia,HR,2,0,0,,,,0.00549,2.745,RouteNote,Distro,"",2026-01-17T08:06:42.5135562Z,sale,sale_20260826_023305,2026-08-26 02:38:32.66563
2025-10-31T17:00:00Z,2025,The Only Road,Dee Art,Tonic Note,Dee Art,Helios Records,GBSMU8652649,5057917554367,Piano Relaxing,Spotify,EUR,Hungary,HU,9,0,0,,,,0.00971,1.078889,RouteNote,Distro,"",2026-01-17T08:06:42.5135673Z,sale,sale_20260826_023305,2026-08-26 02:38:32.66563
2025-10-31T17:00:00Z,2025,The Only Road,Dee Art,Tonic Note,Dee Art,Helios Records,GBSMU8652649,5057917554367,Piano Relaxing,Spotify,EUR,Indonesia,ID,236,0,0,,,,0.09671,0.409788,RouteNote,Distro,"",2026-01-17T08:06:42.5135776Z,sale,sale_20260826_023305,2026-08-26 02:38:32.66563
2025-10-31T17:00:00Z,2025,The Only Road,Dee Art,Tonic Note,Dee Art,Helios Records,GBSMU8652649,5057917554367,Piano Relaxing,Spotify,EUR,Ireland,IE,25,0,0,,,,0.07147,2.8588,RouteNote,Distro,"",2026-01-17T08:06:42.513589Z,sale,sale_20260826_023305,2026-08-26 02:38:32.66563
2025-10-31T17:00:00Z,2025,The Only Road,Dee Art,Tonic Note,Dee Art,Helios Records,GBSMU8652649,5057917554367,Piano Relaxing,Spotify,EUR,Israel,IL,21,0,0,,,,0.03812,1.815238,RouteNote,Distro,"",2026-01-17T08:06:42.5136008Z,sale,sale_20260826_023305,2026-08-26 02:38:32.66563
2025-10-31T17:00:00Z,2025,The Only Road,Dee Art,Tonic Note,Dee Art,Helios Records,GBSMU8652649,5057917554367,Piano Relaxing,Spotify,EUR,Iceland,IS,3,0,0,,,,0.00751,2.503333,RouteNote,Distro,"",2026-01-17T08:06:42.5136115Z,sale,sale_20260826_023305,2026-08-26 02:38:32.66563
2025-10-31T17:00:00Z,2025,The Only Road,Dee Art,Tonic Note,Dee Art,Helios Records,GBSMU8652649,5057917554367,Piano Relaxing,Spotify,EUR,Italy,IT,22,0,0,,,,0.03283,1.492273,RouteNote,Distro,"",2026-01-17T08:06:42.5136226Z,sale,sale_20260826_023305,2026-08-26 02:38:32.66563
2025-10-31T17:00:00Z,2025,The Only Road,Dee Art,Tonic Note,Dee Art,Helios Records,GBSMU8652649,5057917554367,Piano Relaxing,Spotify,EUR,Japan,JP,14,0,0,,,,0.02245,1.603571,RouteNote,Distro,"",2026-01-17T08:06:42.5136335Z,sale,sale_20260826_023305,2026-08-26 02:38:32.66563
2025-10-31T17:00:00Z,2025,The Only Road,Dee Art,Tonic Note,Dee Art,Helios Records,GBSMU8652649,5057917554367,Piano Relaxing,Spotify,EUR,Sri Lanka,LK,2,0,0,,,,0.00143,0.715,RouteNote,Distro,"",2026-01-17T08:06:42.5136439Z,sale,sale_20260826_023305,2026-08-26 02:38:32.66563
2025-10-31T17:00:00Z,2025,The Only Road,Dee Art,Tonic Note,Dee Art,Helios Records,GBSMU8652649,5057917554367,Piano Relaxing,Spotify,EUR,Lithuania,LT,9,0,0,,,,0.00463,0.514444,RouteNote,Distro,"",2026-01-17T08:06:42.5136555Z,sale,sale_20260826_023305,2026-08-26 02:38:32.66563
2025-10-31T17:00:00Z,2025,The Only Road,Dee Art,Tonic Note,Dee Art,Helios Records,GBSMU8652649,5057917554367,Piano Relaxing,Spotify,EUR,Luxembourg,LU,17,0,0,,,,0.06451,3.794706,RouteNote,Distro,"",2026-01-17T08:06:42.5136669Z,sale,sale_20260826_023305,2026-08-26 02:38:32.66563
2025-10-31T17:00:00Z,2025,The Only Road,Dee Art,Tonic Note,Dee Art,Helios Records,GBSMU8652649,5057917554367,Piano Relaxing,Spotify,EUR,Latvia,LV,2,0,0,,,,0.00264,1.32,RouteNote,Distro,"",2026-01-17T08:06:42.5136777Z,sale,sale_20260826_023305,2026-08-26 02:38:32.66563
2025-10-31T17:00:00Z,2025,The Only Road,Dee Art,Tonic Note,Dee Art,Helios Records,GBSMU8652649,5057917554367,Piano Relaxing,Spotify,EUR,Mexico,MX,2251,0,0,,,,1.71035,0.759818,RouteNote,Distro,"",2026-01-17T08:06:42.5136882Z,sale,sale_20260826_023305,2026-08-26 02:38:32.66563
2025-10-31T17:00:00Z,2025,The Only Road,Dee Art,Tonic Note,Dee Art,Helios Records,GBSMU8652649,5057917554367,Piano Relaxing,Spotify,EUR,Malaysia,MY,137,0,0,,,,0.09131,0.666496,RouteNote,Distro,"",2026-01-17T08:06:42.5136987Z,sale,sale_20260826_023305,2026-08-26 02:38:32.66563
2025-10-31T17:00:00Z,2025,The Only Road,Dee Art,Tonic Note,Dee Art,Helios Records,GBSMU8652649,5057917554367,Piano Relaxing,Spotify,EUR,Netherlands (the),NL,75,0,0,,,,0.204,2.72,RouteNote,Distro,"",2026-01-17T08:06:42.5137101Z,sale,sale_20260826_023305,2026-08-26 02:38:32.66563
2025-10-31T17:00:00Z,2025,The Only Road,Dee Art,Tonic Note,Dee Art,Helios Records,GBSMU8652649,5057917554367,Piano Relaxing,Spotify,EUR,Norway,NO,10,0,0,,,,0.0465,4.65,RouteNote,Distro,"",2026-01-17T08:06:42.5137207Z,sale,sale_20260826_023305,2026-08-26 02:38:32.66563
2025-10-31T17:00:00Z,2025,The Only Road,Dee Art,Tonic Note,Dee Art,Helios Records,GBSMU8652649,5057917554367,Piano Relaxing,Spotify,EUR,New Zealand,NZ,32,0,0,,,,0.04106,1.283125,RouteNote,Distro,"",2026-01-17T08:06:42.5137344Z,sale,sale_20260826_023305,2026-08-26 02:38:32.66563
2025-10-31T17:00:00Z,2025,The Only Road,Dee Art,Tonic Note,Dee Art,Helios Records,GBSMU8652649,5057917554367,Piano Relaxing,Spotify,EUR,Peru,PE,180,0,0,,,,0.06691,0.371722,RouteNote,Distro,"",2026-01-17T08:06:42.5137459Z,sale,sale_20260826_023305,2026-08-26 02:38:32.66563
2025-10-31T17:00:00Z,2025,The Only Road,Dee Art,Tonic Note,Dee Art,Helios Records,GBSMU8652649,5057917554367,Piano Relaxing,Spotify,EUR,Philippines (the),PH,498,0,0,,,,0.25529,0.512631,RouteNote,Distro,"",2026-01-17T08:06:42.5137591Z,sale,sale_20260826_023305,2026-08-26 02:38:32.66563
2025-10-31T17:00:00Z,2025,The Only Road,Dee Art,Tonic Note,Dee Art,Helios Records,GBSMU8652649,5057917554367,Piano Relaxing,Spotify,EUR,Pakistan,PK,3,0,0,,,,0.00077,0.256667,RouteNote,Distro,"",2026-01-17T08:06:42.5137703Z,sale,sale_20260826_023305,2026-08-26 02:38:32.66563
2025-10-31T17:00:00Z,2025,The Only Road,Dee Art,Tonic Note,Dee Art,Helios Records,GBSMU8652649,5057917554367,Piano Relaxing,Spotify,EUR,Poland,PL,67,0,0,,,,0.11489,1.714776,RouteNote,Distro,"",2026-01-17T08:06:42.5137818Z,sale,sale_20260826_023305,2026-08-26 02:38:32.66563
2025-10-31T17:00:00Z,2025,The Only Road,Dee Art,Tonic Note,Dee Art,Helios Records,GBSMU8652649,5057917554367,Piano Relaxing,Spotify,EUR,Portugal,PT,174,0,0,,,,0.16745,0.962356,RouteNote,Distro,"",2026-01-17T08:06:42.5137934Z,sale,sale_20260826_023305,2026-08-26 02:38:32.66563
2025-10-31T17:00:00Z,2025,The Only Road,Dee Art,Tonic Note,Dee Art,Helios Records,GBSMU8652649,5057917554367,Piano Relaxing,Spotify,EUR,Romania,RO,18,0,0,,,,0.01264,0.702222,RouteNote,Distro,"",2026-01-17T08:06:42.5138047Z,sale,sale_20260826_023305,2026-08-26 02:38:32.66563
2025-10-31T17:00:00Z,2025,The Only Road,Dee Art,Tonic Note,Dee Art,Helios Records,GBSMU8652649,5057917554367,Piano Relaxing,Spotify,EUR,Saudi Arabia,SA,4,0,0,,,,0.00155,0.3875,RouteNote,Distro,"",2026-01-17T08:06:42.5138177Z,sale,sale_20260826_023305,2026-08-26 02:38:32.66563
2025-10-31T17:00:00Z,2025,The Only Road,Dee Art,Tonic Note,Dee Art,Helios Records,GBSMU8652649,5057917554367,Piano Relaxing,Spotify,EUR,Sweden,SE,65,0,0,,,,0.21771,3.349385,RouteNote,Distro,"",2026-01-17T08:06:42.5138294Z,sale,sale_20260826_023305,2026-08-26 02:38:32.66563
2025-10-31T17:00:00Z,2025,The Only Road,Dee Art,Tonic Note,Dee Art,Helios Records,GBSMU8652649,5057917554367,Piano Relaxing,Spotify,EUR,Singapore,SG,109,0,0,,,,0.24955,2.28945,RouteNote,Distro,"",2026-01-17T08:06:42.5138407Z,sale,sale_20260826_023305,2026-08-26 02:38:32.66563
2025-10-31T17:00:00Z,2025,The Only Road,Dee Art,Tonic Note,Dee Art,Helios Records,GBSMU8652649,5057917554367,Piano Relaxing,Spotify,EUR,Slovenia,SI,3,0,0,,,,0.00509,1.696667,RouteNote,Distro,"",2026-01-17T08:06:42.5138521Z,sale,sale_20260826_023305,2026-08-26 02:38:32.66563
2025-10-31T17:00:00Z,2025,The Only Road,Dee Art,Tonic Note,Dee Art,Helios Records,GBSMU8652649,5057917554367,Piano Relaxing,Spotify,EUR,Slovakia,SK,2,0,0,,,,0.0075,3.75,RouteNote,Distro,"",2026-01-17T08:06:42.5138636Z,sale,sale_20260826_023305,2026-08-26 02:38:32.66563
2025-10-31T17:00:00Z,2025,The Only Road,Dee Art,Tonic Note,Dee Art,Helios Records,GBSMU8652649,5057917554367,Piano Relaxing,Spotify,EUR,Thailand,TH,33,0,0,,,,0.01946,0.589697,RouteNote,Distro,"",2026-01-17T08:06:42.5138767Z,sale,sale_20260826_023305,2026-08-26 02:38:32.66563
2025-10-31T17:00:00Z,2025,The Only Road,Dee Art,Tonic Note,Dee Art,Helios Records,GBSMU8652649,5057917554367,Piano Relaxing,Spotify,EUR,Turkey,TR,18,0,0,,,,0.00809,0.449444,RouteNote,Distro,"",2026-01-17T08:06:42.5138884Z,sale,sale_20260826_023305,2026-08-26 02:38:32.66563
2025-10-31T17:00:00Z,2025,The Only Road,Dee Art,Tonic Note,Dee Art,Helios Records,GBSMU8652649,5057917554367,Piano Relaxing,Spotify,EUR,Taiwan (Province of China),TW,15,0,0,,,,0.02398,1.598667,RouteNote,Distro,"",2026-01-17T08:06:42.5138998Z,sale,sale_20260826_023305,2026-08-26 02:38:32.66563
2025-10-31T17:00:00Z,2025,The Only Road,Dee Art,Tonic Note,Dee Art,Helios Records,GBSMU8652649,5057917554367,Piano Relaxing,Spotify,EUR,Viet Nam,VN,33,0,0,,,,0.01559,0.472424,RouteNote,Distro,"",2026-01-17T08:06:42.5139113Z,sale,sale_20260826_023305,2026-08-26 02:38:32.66563
2025-10-31T17:00:00Z,2025,The Only Road,Dee Art,Tonic Note,Dee Art,Helios Records,GBSMU8652649,5057917554367,Piano Relaxing,Spotify,EUR,South Africa,ZA,22,0,0,,,,0.01536,0.698182,RouteNote,Distro,"",2026-01-17T08:06:42.5139224Z,sale,sale_20260826_023305,2026-08-26 02:38:32.66563
2025-10-31T17:00:00Z,2025,The Only Road,Dee Art,Tonic Note,Dee Art,Helios Records,GBSMU8652649,5057917554367,Piano Relaxing,Spotify,GBP,United Kingdom (the),GB,335,0,0,,,,1.71402,5.116478,RouteNote,Distro,"",2026-01-17T08:06:42.5139351Z,sale,sale_20260826_023305,2026-08-26 02:38:32.66563
2025-10-31T17:00:00Z,2025,The Only Road,Dee Art,Tonic Note,Dee Art,Helios Records,GBSMU8652649,5057917554367,Piano Relaxing,Spotify,USD,Angola,AO,2,0,0,,,,0,0,RouteNote,Distro,"",2026-01-17T08:06:42.5139467Z,sale,sale_20260826_023305,2026-08-26 02:38:32.66563
2025-10-31T17:00:00Z,2025,The Only Road,Dee Art,Tonic Note,Dee Art,Helios Records,GBSMU8652649,5057917554367,Piano Relaxing,Spotify,USD,Brunei Darussalam,BN,2,0,0,,,,0.00291,1.455,RouteNote,Distro,"",2026-01-17T08:06:42.5139581Z,sale,sale_20260826_023305,2026-08-26 02:38:32.66563
2025-10-31T17:00:00Z,2025,The Only Road,Dee Art,Tonic Note,Dee Art,Helios Records,GBSMU8652649,5057917554367,Piano Relaxing,Spotify,USD,Bolivia Plurinational State of,BO,17,0,0,,,,0.00852,0.501176,RouteNote,Distro,"",2026-01-17T08:06:42.5139703Z,sale,sale_20260826_023305,2026-08-26 02:38:32.66563
2025-10-31T17:00:00Z,2025,The Only Road,Dee Art,Tonic Note,Dee Art,Helios Records,GBSMU8652649,5057917554367,Piano Relaxing,Spotify,USD,Costa Rica,CR,134,0,0,,,,0.11477,0.856493,RouteNote,Distro,"",2026-01-17T08:06:42.5139814Z,sale,sale_20260826_023305,2026-08-26 02:38:32.66563
2025-10-31T17:00:00Z,2025,The Only Road,Dee Art,Tonic Note,Dee Art,Helios Records,GBSMU8652649,5057917554367,Piano Relaxing,Spotify,USD,Cabo Verde,CV,7,0,0,,,,0.00434,0.62,RouteNote,Distro,"",2026-01-17T08:06:42.5139944Z,sale,sale_20260826_023305,2026-08-26 02:38:32.66563
2025-10-31T17:00:00Z,2025,The Only Road,Dee Art,Tonic Note,Dee Art,Helios Records,GBSMU8652649,5057917554367,Piano Relaxing,Spotify,USD,Curacao,CW,1,0,0,,,,0.00084,0.84,RouteNote,Distro,"",2026-01-17T08:06:42.5140056Z,sale,sale_20260826_023305,2026-08-26 02:38:32.66563
2025-10-31T17:00:00Z,2025,The Only Road,Dee Art,Tonic Note,Dee Art,Helios Records,GBSMU8652649,5057917554367,Piano Relaxing,Spotify,USD,Dominican Republic (the),DO,43,0,0,,,,0.0394,0.916279,RouteNote,Distro,"",2026-01-17T08:06:42.5140162Z,sale,sale_20260826_023305,2026-08-26 02:38:32.66563
2025-10-31T17:00:00Z,2025,The Only Road,Dee Art,Tonic Note,Dee Art,Helios Records,GBSMU8652649,5057917554367,Piano Relaxing,Spotify,USD,Ecuador,EC,106,0,0,,,,0.07902,0.745472,RouteNote,Distro,"",2026-01-17T08:06:42.514027Z,sale,sale_20260826_023305,2026-08-26 02:38:32.66563
2025-10-31T17:00:00Z,2025,The Only Road,Dee Art,Tonic Note,Dee Art,Helios Records,GBSMU8652649,5057917554367,Piano Relaxing,Spotify,USD,Egypt,EG,14,0,0,,,,0.00508,0.362857,RouteNote,Distro,"",2026-01-17T08:06:42.5140379Z,sale,sale_20260826_023305,2026-08-26 02:38:32.66563
2025-10-31T17:00:00Z,2025,The Only Road,Dee Art,Tonic Note,Dee Art,Helios Records,GBSMU8652649,5057917554367,Piano Relaxing,Spotify,USD,Guatemala,GT,120,0,0,,,,0.07565,0.630417,RouteNote,Distro,"",2026-01-17T08:06:42.514052Z,sale,sale_20260826_023305,2026-08-26 02:38:32.66563
2025-10-31T17:00:00Z,2025,The Only Road,Dee Art,Tonic Note,Dee Art,Helios Records,GBSMU8652649,5057917554367,Piano Relaxing,Spotify,USD,Honduras,HN,28,0,0,,,,0.01055,0.376786,RouteNote,Distro,"",2026-01-17T08:06:42.5140635Z,sale,sale_20260826_023305,2026-08-26 02:38:32.66563
2025-10-31T17:00:00Z,2025,The Only Road,Dee Art,Tonic Note,Dee Art,Helios Records,GBSMU8652649,5057917554367,Piano Relaxing,Spotify,USD,India,IN,28,0,0,,,,0.01103,0.393929,RouteNote,Distro,"",2026-01-17T08:06:42.5140742Z,sale,sale_20260826_023305,2026-08-26 02:38:32.66563
2025-10-31T17:00:00Z,2025,The Only Road,Dee Art,Tonic Note,Dee Art,Helios Records,GBSMU8652649,5057917554367,Piano Relaxing,Spotify,USD,Kenya,KE,1,0,0,,,,0.001,1,RouteNote,Distro,"",2026-01-17T08:06:42.5140851Z,sale,sale_20260826_023305,2026-08-26 02:38:32.66563
2025-10-31T17:00:00Z,2025,The Only Road,Dee Art,Tonic Note,Dee Art,Helios Records,GBSMU8652649,5057917554367,Piano Relaxing,Spotify,USD,Cambodia,KH,1,0,0,,,,0.00023,0.23,RouteNote,Distro,"",2026-01-17T08:06:42.5140975Z,sale,sale_20260826_023305,2026-08-26 02:38:32.66563
2025-10-31T17:00:00Z,2025,The Only Road,Dee Art,Tonic Note,Dee Art,Helios Records,GBSMU8652649,5057917554367,Piano Relaxing,Spotify,USD,KR (South Korea),KR,7,0,0,,,,0.00031,0.044286,RouteNote,Distro,"",2026-01-17T08:06:42.5141088Z,sale,sale_20260826_023305,2026-08-26 02:38:32.66563
2025-10-31T17:00:00Z,2025,The Only Road,Dee Art,Tonic Note,Dee Art,Helios Records,GBSMU8652649,5057917554367,Piano Relaxing,Spotify,USD,Kuwait,KW,1,0,0,,,,1e-05,0.01,RouteNote,Distro,"",2026-01-17T08:06:42.5141204Z,sale,sale_20260826_023305,2026-08-26 02:38:32.66563
2025-10-31T17:00:00Z,2025,The Only Road,Dee Art,Tonic Note,Dee Art,Helios Records,GBSMU8652649,5057917554367,Piano Relaxing,Spotify,USD,Liberia,LR,1,0,0,,,,0.00072,0.72,RouteNote,Distro,"",2026-01-17T08:06:42.5141311Z,sale,sale_20260826_023305,2026-08-26 02:38:32.66563
2025-10-31T17:00:00Z,2025,The Only Road,Dee Art,Tonic Note,Dee Art,Helios Records,GBSMU8652649,5057917554367,Piano Relaxing,Spotify,USD,Moldova (the Republic of),MD,1,0,0,,,,6e-05,0.06,RouteNote,Distro,"",2026-01-17T08:06:42.5141429Z,sale,sale_20260826_023305,2026-08-26 02:38:32.66563
2025-10-31T17:00:00Z,2025,The Only Road,Dee Art,Tonic Note,Dee Art,Helios Records,GBSMU8652649,5057917554367,Piano Relaxing,Spotify,USD,Malawi,MW,2,0,0,,,,0.00285,1.425,RouteNote,Distro,"",2026-01-17T08:06:42.5141564Z,sale,sale_20260826_023305,2026-08-26 02:38:32.66563
2025-10-31T17:00:00Z,2025,The Only Road,Dee Art,Tonic Note,Dee Art,Helios Records,GBSMU8652649,5057917554367,Piano Relaxing,Spotify,USD,Nigeria,NG,19,0,0,,,,0.003,0.157895,RouteNote,Distro,"",2026-01-17T08:06:42.5141672Z,sale,sale_20260826_023305,2026-08-26 02:38:32.66563
2025-10-31T17:00:00Z,2025,The Only Road,Dee Art,Tonic Note,Dee Art,Helios Records,GBSMU8652649,5057917554367,Piano Relaxing,Spotify,USD,Nicaragua,NI,24,0,0,,,,0.00138,0.0575,RouteNote,Distro,"",2026-01-17T08:06:42.5141779Z,sale,sale_20260826_023305,2026-08-26 02:38:32.66563
2025-10-31T17:00:00Z,2025,The Only Road,Dee Art,Tonic Note,Dee Art,Helios Records,GBSMU8652649,5057917554367,Piano Relaxing,Spotify,USD,Oman,OM,2,0,0,,,,0.00278,1.39,RouteNote,Distro,"",2026-01-17T08:06:42.5141894Z,sale,sale_20260826_023305,2026-08-26 02:38:32.66563
2025-10-31T17:00:00Z,2025,The Only Road,Dee Art,Tonic Note,Dee Art,Helios Records,GBSMU8652649,5057917554367,Piano Relaxing,Spotify,USD,Panama,PA,33,0,0,,,,0.04353,1.319091,RouteNote,Distro,"",2026-01-17T08:06:42.5142031Z,sale,sale_20260826_023305,2026-08-26 02:38:32.66563
2025-10-31T17:00:00Z,2025,The Only Road,Dee Art,Tonic Note,Dee Art,Helios Records,GBSMU8652649,5057917554367,Piano Relaxing,Spotify,USD,Palestine- State of,PS,2,0,0,,,,0,0,RouteNote,Distro,"",2026-01-17T08:06:42.5142158Z,sale,sale_20260826_023305,2026-08-26 02:38:32.66563
2025-10-31T17:00:00Z,2025,The Only Road,Dee Art,Tonic Note,Dee Art,Helios Records,GBSMU8652649,5057917554367,Piano Relaxing,Spotify,USD,Paraguay,PY,48,0,0,,,,0.02909,0.606042,RouteNote,Distro,"",2026-01-17T08:06:42.514227Z,sale,sale_20260826_023305,2026-08-26 02:38:32.66563
2025-10-31T17:00:00Z,2025,The Only Road,Dee Art,Tonic Note,Dee Art,Helios Records,GBSMU8652649,5057917554367,Piano Relaxing,Spotify,USD,Qatar,QA,6,0,0,,,,0.00306,0.51,RouteNote,Distro,"",2026-01-17T08:06:42.5142382Z,sale,sale_20260826_023305,2026-08-26 02:38:32.66563
2025-10-31T17:00:00Z,2025,The Only Road,Dee Art,Tonic Note,Dee Art,Helios Records,GBSMU8652649,5057917554367,Piano Relaxing,Spotify,USD,El Salvador,SV,66,0,0,,,,0.03658,0.554242,RouteNote,Distro,"",2026-01-17T08:06:42.514249Z,sale,sale_20260826_023305,2026-08-26 02:38:32.66563
2025-10-31T17:00:00Z,2025,The Only Road,Dee Art,Tonic Note,Dee Art,Helios Records,GBSMU8652649,5057917554367,Piano Relaxing,Spotify,USD,Timor-Leste,TL,2,0,0,,,,0,0,RouteNote,Distro,"",2026-01-17T08:06:42.5142607Z,sale,sale_20260826_023305,2026-08-26 02:38:32.66563
2025-10-31T17:00:00Z,2025,The Only Road,Dee Art,Tonic Note,Dee Art,Helios Records,GBSMU8652649,5057917554367,Piano Relaxing,Spotify,USD,United States (the),US,1498,0,0,,,,3.89133,2.597684,RouteNote,Distro,"",2026-01-17T08:06:42.514273Z,sale,sale_20260826_023305,2026-08-26 02:38:32.66563
2025-10-31T17:00:00Z,2025,The Only Road,Dee Art,Tonic Note,Dee Art,Helios Records,GBSMU8652649,5057917554367,Piano Relaxing,Spotify,USD,Uruguay,UY,106,0,0,,,,0.14002,1.320943,RouteNote,Distro,"",2026-01-17T08:06:42.5142844Z,sale,sale_20260826_023305,2026-08-26 02:38:32.66563
2025-10-31T17:00:00Z,2025,The Only Road,Dee Art,Tonic Note,Dee Art,Helios Records,GBSMU8652649,5057917554367,Piano Relaxing,Spotify,USD,Venezuela- Bolivarian Republic of ,VE,54,0,0,,,,0.01875,0.347222,RouteNote,Distro,"",2026-01-17T08:06:42.5142956Z,sale,sale_20260826_023305,2026-08-26 02:38:32.66563
2025-10-31T17:00:00Z,2025,The Only Road,Dee Art,Tonic Note,Dee Art,Helios Records,GBSMU8652649,5057917554367,Piano Relaxing,TikTok,USD,United Arab Emirates (the),AE,203,0,0,,,,0,0,RouteNote,Distro,"",2026-01-17T08:06:42.5143067Z,sale,sale_20260826_023305,2026-08-26 02:38:32.66563
2025-10-31T17:00:00Z,2025,The Only Road,Dee Art,Tonic Note,Dee Art,Helios Records,GBSMU8652649,5057917554367,Piano Relaxing,TikTok,USD,Afghanistan,AF,2,0,0,,,,0,0,RouteNote,Distro,"",2026-01-17T08:06:42.5143172Z,sale,sale_20260826_023305,2026-08-26 02:38:32.66563
2025-10-31T17:00:00Z,2025,The Only Road,Dee Art,Tonic Note,Dee Art,Helios Records,GBSMU8652649,5057917554367,Piano Relaxing,TikTok,USD,Armenia,AM,1,0,0,,,,0,0,RouteNote,Distro,"",2026-01-17T08:06:42.5143298Z,sale,sale_20260826_023305,2026-08-26 02:38:32.66563
2025-10-31T17:00:00Z,2025,The Only Road,Dee Art,Tonic Note,Dee Art,Helios Records,GBSMU8652649,5057917554367,Piano Relaxing,TikTok,USD,Argentina,AR,3711,0,0,,,,0,0,RouteNote,Distro,"",2026-01-17T08:06:42.5143408Z,sale,sale_20260826_023305,2026-08-26 02:38:32.66563
2025-10-31T17:00:00Z,2025,The Only Road,Dee Art,Tonic Note,Dee Art,Helios Records,GBSMU8652649,5057917554367,Piano Relaxing,TikTok,USD,Austria,AT,12,0,0,,,,0,0,RouteNote,Distro,"",2026-01-17T08:06:42.514352Z,sale,sale_20260826_023305,2026-08-26 02:38:32.66563
2025-10-31T17:00:00Z,2025,The Only Road,Dee Art,Tonic Note,Dee Art,Helios Records,GBSMU8652649,5057917554367,Piano Relaxing,TikTok,USD,Australia,AU,20,0,0,,,,0,0,RouteNote,Distro,"",2026-01-17T08:06:42.5143629Z,sale,sale_20260826_023305,2026-08-26 02:38:32.66563
2025-10-31T17:00:00Z,2025,The Only Road,Dee Art,Tonic Note,Dee Art,Helios Records,GBSMU8652649,5057917554367,Piano Relaxing,TikTok,USD,Azerbaijan,AZ,2429,0,0,,,,0,0,RouteNote,Distro,"",2026-01-17T08:06:42.5143738Z,sale,sale_20260826_023305,2026-08-26 02:38:32.66563
2025-10-31T17:00:00Z,2025,The Only Road,Dee Art,Tonic Note,Dee Art,Helios Records,GBSMU8652649,5057917554367,Piano Relaxing,TikTok,USD,Bangladesh,BD,21299,0,0,,,,0,0,RouteNote,Distro,"",2026-01-17T08:06:42.5143864Z,sale,sale_20260826_023305,2026-08-26 02:38:32.66563
2025-10-31T17:00:00Z,2025,The Only Road,Dee Art,Tonic Note,Dee Art,Helios Records,GBSMU8652649,5057917554367,Piano Relaxing,TikTok,USD,Belgium,BE,19,0,0,,,,0,0,RouteNote,Distro,"",2026-01-17T08:06:42.5143974Z,sale,sale_20260826_023305,2026-08-26 02:38:32.66563
2025-10-31T17:00:00Z,2025,The Only Road,Dee Art,Tonic Note,Dee Art,Helios Records,GBSMU8652649,5057917554367,Piano Relaxing,TikTok,USD,Bulgaria,BG,65,0,0,,,,0,0,RouteNote,Distro,"",2026-01-17T08:06:42.514408Z,sale,sale_20260826_023305,2026-08-26 02:38:32.66563
2025-10-31T17:00:00Z,2025,The Only Road,Dee Art,Tonic Note,Dee Art,Helios Records,GBSMU8652649,5057917554367,Piano Relaxing,TikTok,USD,Bahrain,BH,127,0,0,,,,0,0,RouteNote,Distro,"",2026-01-17T08:06:42.5144193Z,sale,sale_20260826_023305,2026-08-26 02:38:32.66563
2025-10-31T17:00:00Z,2025,The Only Road,Dee Art,Tonic Note,Dee Art,Helios Records,GBSMU8652649,5057917554367,Piano Relaxing,TikTok,USD,Bermuda,BM,1,0,0,,,,0,0,RouteNote,Distro,"",2026-01-17T08:06:42.5144302Z,sale,sale_20260826_023305,2026-08-26 02:38:32.66563
2025-10-31T17:00:00Z,2025,The Only Road,Dee Art,Tonic Note,Dee Art,Helios Records,GBSMU8652649,5057917554367,Piano Relaxing,TikTok,USD,Brunei Darussalam,BN,1,0,0,,,,0,0,RouteNote,Distro,"",2026-01-17T08:06:42.5144429Z,sale,sale_20260826_023305,2026-08-26 02:38:32.66563
2025-10-31T17:00:00Z,2025,The Only Road,Dee Art,Tonic Note,Dee Art,Helios Records,GBSMU8652649,5057917554367,Piano Relaxing,TikTok,USD,Bolivia Plurinational State of,BO,4828,0,0,,,,0,0,RouteNote,Distro,"",2026-01-17T08:06:42.5144538Z,sale,sale_20260826_023305,2026-08-26 02:38:32.66563
2025-10-31T17:00:00Z,2025,The Only Road,Dee Art,Tonic Note,Dee Art,Helios Records,GBSMU8652649,5057917554367,Piano Relaxing,TikTok,USD,Bonaire Sint Eustatius and Saba,BQ,1,0,0,,,,0,0,RouteNote,Distro,"",2026-01-17T08:06:42.5144648Z,sale,sale_20260826_023305,2026-08-26 02:38:32.66563
2025-10-31T17:00:00Z,2025,The Only Road,Dee Art,Tonic Note,Dee Art,Helios Records,GBSMU8652649,5057917554367,Piano Relaxing,TikTok,USD,Brazil,BR,3695,0,0,,,,0,0,RouteNote,Distro,"",2026-01-17T08:06:42.5144761Z,sale,sale_20260826_023305,2026-08-26 02:38:32.66563
2025-10-31T17:00:00Z,2025,The Only Road,Dee Art,Tonic Note,Dee Art,Helios Records,GBSMU8652649,5057917554367,Piano Relaxing,TikTok,USD,Belarus,BY,2404,0,0,,,,0,0,RouteNote,Distro,"",2026-01-17T08:06:42.5144887Z,sale,sale_20260826_023305,2026-08-26 02:38:32.66563
