Id,CreatedByUserId,Rating,Concluding,Comment,CreatedDate,RecordingSoundVersionId,_source_id,_source_connection
0007f456-0c35-4061-8f13-098a012dfd37,db8fef34-d59e-4c58-b553-ced5fb2190ff,7,3,"{""EvaluationCriteria"":{},""Comment"":""Cần trong hơn và âm lượng lớn hơn""}",2024-05-08 11:39:28.111964,ab4e9aab-a0f3-44cf-8ed0-aea170823ebd,review,record_survey
00095e68-d3ec-4adb-b287-d99c2dc2ab0b,aeed5635-c7e2-44b7-a4f6-596166e94410,7.8,3,"{""EvaluationCriteria"":{},""Comment"":""Bài khá chillhop, Phần giai điệu khá hay, tươi vui trong trẻo như nắng mùa hè, nhịp bài phù hợp, có thể kết hợp đoạn giai điệu khác vào đoạn giao giữa 2 điệp khúc hoặc điệp khúc 2 để bài đa dạng hơn""}",2023-07-20 11:47:55.738547,b61a2091-e4b2-494b-b6e3-822ee85207ca,review,record_survey
0009f555-e01f-4fea-824d-38b7bbaeb16a,0a948fad-a289-462e-b91c-967b622752ce,8.5,3,"{""EvaluationCriteria"":{""4aeb578f-5a33-4b5b-ad10-43501589a638"":{""Comment"":""Hay"",""Rating"":9.0},""9959e139-100b-4508-8745-bd893ab9a7cb"":{""Comment"":""Chưa xử lý nên k nx"",""Rating"":8.0}},""Comment"":""Nghe bản này thấy cũng nhiều cái thú zị. Hi vọng sẽ hay hơn sau khi mix""}",2023-11-23 14:30:29.118413,7b591c80-050b-415b-9d4a-7af05301094e,review,record_survey
000b1822-81e0-4e69-b16c-7e2d7cd9eda0,d184d160-6edf-4688-9098-aead568c722b,7,3,"{""EvaluationCriteria"":{},""Comment"":""Chất nhạc rất êm ái\n-Đoạn đầu giai điệu hơi giống nhau\n-Đoạn từ 2:05 đến 2:30 giai điệu rất hay (9đ) nhưng âm lượng hơi nhỏ\n-Đoạn từ 2:30 trở đi âm lượng tốt hơn nhưng giai điệu không hay bằng đoạn 2:05 ""}",2024-03-23 14:56:34.109932,5cd252d7-dd6e-45ac-8258-d4e3be896b64,review,record_survey
000c8b5b-5034-4902-934a-a211c08bc898,767992f5-d8e2-4101-ab70-a59c88eb1d6d,8,3,"{""EvaluationCriteria"":{},""Comment"":""Giai điệu hay, sửa lại chỗ nốt cao cho nhẹ nhàng nghe đỡ chói tai 1 tí ""}",2024-09-19 10:57:12.027352,7ab18bd7-1b91-41db-9ef3-9dd27bfd266d,review,record_survey
00112f1b-6978-4eb2-b60c-a3892a4036a5,b20ebc71-f593-4f81-8bda-6fe6c2f816d5,6.5,1,"âm thanh trung bình khá, giai điệu đều đều chưa đặc biệt lắm. Nghe ko thư giãn lắm",2022-06-13 16:35:03.703862,187b9f46-e71e-45bf-abc0-3d29ffa78eba,review,record_survey
0014dc8a-e6b3-4943-9ca6-faef0d829cb0,13c172f2-f476-414f-afcd-2f6635ed4ace,8.1,3,"{""EvaluationCriteria"":{},""Comment"":""hạn chế giống bản gốc quá ạ""}",2024-07-18 16:58:01.056628,57a4cf4b-19f3-4cea-9fde-e586ec2c80fc,review,record_survey
00170cb8-95d6-479e-b031-e76dfb650d50,8eefc4bf-3fda-4bc0-9a87-367394527a6a,6,2,"Nhịp điệu chưa hay, không mấy ấn tượng ",2022-06-16 17:13:51.892321,781b4411-9301-4883-b253-2332bb1a45d5,review,record_survey
001b1c67-5d4f-41e6-9697-aa392bc118d3,7ac57b9f-9ab8-4196-8144-b16236ba5cd4,0,2,"{""EvaluationCriteria"":{""24f872cc-80b4-4337-acc9-8f6939d599ea"":{""Comment"":""relaxing"",""Rating"":0.0},""742a099d-ee66-45f1-8c3a-6b552dfa6f82"":{""Comment"":""Giai điệu ballad và tươi quá so với brief"",""Rating"":0.0},""aad282f6-a037-4a4e-8bbe-c92ca7b78773"":{""Comment"":""tươi,"",""Rating"":0.0},""e6b420d3-a36c-41a8-b4a6-12f225978fc2"":{""Comment"":""ổn"",""Rating"":0.0}},""Comment"":null}",2023-11-24 14:53:06.499793,72a61034-e857-4c8a-9185-11c619e00ebe,review,record_survey
001b5359-d47f-46f6-b37a-665edb10cd75,4e3eac7c-e6d8-4e10-b8b5-b66bcc744495,9,1,"{""EvaluationCriteria"":{},""Comment"":""tốt hơn bản trước--> dùng bản này""}",2025-09-22 11:36:41.314445,3a97b0df-5292-419b-abf6-7076debeef31,review,record_survey
001d269f-a1b6-46de-b2e1-9687237ae40c,a4199910-d04f-492e-aec7-5bdec45bafaf,9,1,"{""EvaluationCriteria"":{},""Comment"":""Em nghiệm thu bản này ạ\r\nTên bài: The Rain Stays   ""}",2026-05-26 10:35:50.783999,58fcfc8b-63c1-4299-a73a-13026bc6740d,review,record_survey
001d4fe7-6a0d-4fb3-832a-fdb2abf5583e,61d45226-50e1-4674-8e0e-4cbdc12f879f,8.4,3,"{""EvaluationCriteria"":{},""Comment"":""Âm nhạc:\r\n- Hay rồi ạ\r\n\r\nÂm thanh:\r\n- Velocity, đặc biệt là tay trái, có nhiều chỗ đột xuất mạnh, gây giật mình, và việc này kéo dài đến full bài. Anh em kiểm tra và để velocity giữa min và max đừng quá khác xa nhau. Đang nhẹ nhàng tự nhiên mạnh, sẽ gây giật mình, mất đi sự êm đềm.""}",2025-06-20 10:24:51.911515,84cd9991-8d84-4c99-b447-5f23c3480df9,review,record_survey
001d7d67-0db2-4eb5-bf4f-e8511ef415a5,92f38085-28a3-43aa-8bde-1b4b9ecfdfd6,0,3,"{""EvaluationCriteria"":{},""Comment"":""Mình có thể lấy giai điệu của bạn này về và phối hợp với 1 producer khác để cải thiện âm thanh ko? mình thấy producer này chỉnh sửa âm thanh nhiều lần nhưng ko cải thiện, ko nên để bạn ấy sửa tiếp nữa""}",2025-03-17 11:00:50.235003,fbf093da-a65b-4f72-98a5-f8b7432d6e91,review,record_survey
001ec8c4-898c-4677-8cdc-078f25332ea0,935bb488-b5a9-4b56-824c-14e9c31963e6,8,3,"{""EvaluationCriteria"":{},""Comment"":""Fix sound và velocity ổn rồi.\r\nNhưng sound ổn thì mới nhận ra pad đang hơi to và hơi trầm, làm cho bài cảm giác hơi bị nặng nề.\r\n=> điều chỉnh pad ""}",2025-06-11 09:54:43.197077,6d6da7e1-bd02-45f5-9b26-8977a1c36a94,review,record_survey
001f1df8-c61f-47e5-acf0-e26ca9d57855,8eefc4bf-3fda-4bc0-9a87-367394527a6a,7.5,1,"{""EvaluationCriteria"":{},""Comment"":""bEATS chill hop, giai điệu du dương da diết, thư giãn, sâu lắng""}",2023-02-03 16:22:23.800454,de7b9734-7219-4212-9131-b7c191729fe6,review,record_survey
0020bb38-b02d-4b65-a88a-30b6bdce5446,9afcf13a-78f4-4174-9a4b-e7880d06392c,8.5,1,"{""EvaluationCriteria"":{},""Comment"":""- Good""}",2025-05-30 13:38:21.376644,c3a70fe3-9d9a-4e34-a14c-fa75864e9297,review,record_survey
00242718-c2ed-4913-a74c-5fe7ba5e67aa,13c172f2-f476-414f-afcd-2f6635ed4ace,8.7,1,"{""EvaluationCriteria"":{},""Comment"":null}",2024-08-07 11:52:29.194009,bbdb56cc-8038-47a2-8a0d-668bef70a9e0,review,record_survey
00259fd0-3d75-4c0c-9f19-8d5cfaf4367d,abd29a5b-e6ae-431b-a9f2-d5c45f51d2b1,8.8,1,"{""EvaluationCriteria"":{},""Comment"":""hay nha, chờ bản master""}",2023-11-05 12:29:24.841169,7317d7f3-c513-46d3-8607-fd6202e58edc,review,record_survey
00277a18-e059-489f-9bd3-81ae04ef860b,abd29a5b-e6ae-431b-a9f2-d5c45f51d2b1,8.3,1,"{""EvaluationCriteria"":{},""Comment"":""oke rồi""}",2023-11-10 11:50:35.198781,6056d956-a952-41a2-be8e-dc7811eadb53,review,record_survey
00295af7-bf0c-4787-ad5f-62e2c7d39482,3f604d55-1019-4c49-9600-cf1aae52dd1d,8,1,"{""EvaluationCriteria"":{},""Comment"":null}",2024-11-20 12:06:44.20881,4e6eaa93-4b28-46ca-a52f-cc8368eecb3b,review,record_survey
002f10a9-043a-4b8d-a9c1-5b33e3f3058b,16eb25d9-8429-4313-a5f5-3ff07b1c27f6,8.7,3,"{""EvaluationCriteria"":{},""Comment"":""Tổng thể bài ổn, nhưng cái kick cũng ko hay, các phần khác nuốt hết rồi, thay kick nhé\r\nVà xem lại cách làm outro nhé bị hẫng + ko đc có silence quá dài ở cuối bài, <3s thôi nhé""}",2026-07-16 13:33:41.748762,37c9a3ce-414f-4294-b99e-31fbad986833,review,record_survey
002fa82d-4f64-41a3-a379-26079ab6ca84,5e345e0b-a27c-4392-9cc2-3020088f5292,9,1,"{""EvaluationCriteria"":{},""Comment"":null}",2026-02-24 16:34:37.107567,487b2864-c5f0-463b-b0a3-6421bc58c57d,review,record_survey
02675c68-b973-4d59-9a4d-136abdb119aa,dcf82457-75a1-4ec0-b81f-88ce22b4620f,9,1,very good !,2022-10-07 09:14:07.49341,965c508d-d76f-4323-b3a0-47bc6174d57d,review,record_survey
0030177d-a61c-421f-9a61-f9624908f8b1,92f38085-28a3-43aa-8bde-1b4b9ecfdfd6,8.6,1,"{""EvaluationCriteria"":{},""Comment"":""Ổn. Có thể làm thêm không gian rộng rãi hơn ko ạ?""}",2025-02-27 12:00:23.887697,f9e4a271-dc61-43ae-87bb-1777caff8362,review,record_survey
0031204c-1f54-4ffb-bc1e-e9df4d21cc53,5e345e0b-a27c-4392-9cc2-3020088f5292,9,1,"{""EvaluationCriteria"":{},""Comment"":null}",2026-01-26 15:42:48.602354,fc19f7ba-1b36-499c-9715-72a39b9b581c,review,record_survey
00340fa1-bebf-4902-b1f9-f28233079e6f,13c172f2-f476-414f-afcd-2f6635ed4ace,8.4,3,"{""EvaluationCriteria"":{},""Comment"":""mel cần rải rác luyến láy hơn ạ, đang hơi tối giản quá mức, background cx vậy""}",2024-08-21 15:23:09.873795,4380ecc0-c946-4d3e-ad31-e9cdbe3a0ab0,review,record_survey
003425ed-28fc-4240-b715-7cbcf05d3283,abd29a5b-e6ae-431b-a9f2-d5c45f51d2b1,8,1,"{""EvaluationCriteria"":{},""Comment"":""có thể khai thác nhưng bài chưa có gì đặc sắc lắm, bài lặp khá nhiều, màu hoà thanh cũng k mang chất Hàn/ Nhật rõ nét""}",2023-03-29 14:48:29.544851,13b2905d-616d-46ad-b36d-0deae882a0f5,review,record_survey
0034b7eb-b2c0-4565-baaa-31dcf9177cbc,7ac57b9f-9ab8-4196-8144-b16236ba5cd4,9,1,"{""EvaluationCriteria"":{},""Comment"":""Giai điệu vui nhộn, hợp phong cách khai thác tropical\nChất lượng âm thanh tốt""}",2024-05-14 11:16:13.429706,e1a90246-b733-4eb8-8956-d2e2c2b05738,review,record_survey
003a29b3-b58c-4e99-9080-ca5b6bfc10ae,3a9ae4fb-3826-45b9-bf5e-3f8f36656d8e,7,2,"{""EvaluationCriteria"":{},""Comment"":""giai điệu không hay""}",2026-04-23 10:21:02.041696,b5a4bb2c-31a2-48ff-9f35-3a7d8f705779,review,record_survey
003a3c49-3536-4653-8a66-6db2add59e52,444c1725-7c41-4f19-b2c3-9a10d1d5e3bc,8,1,"{""EvaluationCriteria"":{},""Comment"":null}",2023-06-06 17:49:18.98165,532a67d1-2d26-4ce8-8d45-5dddf7f6e256,review,record_survey
004093e5-6de3-4f13-8b9c-c0e012279727,55c87d69-a6d8-4ea0-8f6a-9e203143d451,8,3,"{""EvaluationCriteria"":{},""Comment"":""melody cũng khá ổn , các nốt đàn thiếu sự mềm mại ,nghe hơi phô""}",2023-01-12 09:20:58.950118,df63b4fe-d711-412b-97d7-4184177dca9a,review,record_survey
00424502-dea0-4149-bbb4-3b55e071a5e7,9d22edc0-7f6e-4b7a-8d9d-c62b49f8b6ba,0,3,"{""EvaluationCriteria"":{},""Comment"":""- Tổng thể ổn;\n- Intro hơi chậm;""}",2024-07-23 15:31:33.754055,e5f9d032-dc00-42d1-bcd7-925742b12c39,review,record_survey
0043d8fe-bd44-44c8-9899-bebd2b7882c6,39afcfe8-78b7-4ee5-b854-f2d8a124789a,7.5,3,"{""EvaluationCriteria"":{""24f872cc-80b4-4337-acc9-8f6939d599ea"":{""Comment"":""trung hòa, an toàn"",""Rating"":0.0},""742a099d-ee66-45f1-8c3a-6b552dfa6f82"":{""Comment"":""không quá nhanh, có sự ngẫu hứng trong bài hát "",""Rating"":0.0},""aad282f6-a037-4a4e-8bbe-c92ca7b78773"":{""Comment"":""lạc quan, vui vẻ\n"",""Rating"":0.0},""e6b420d3-a36c-41a8-b4a6-12f225978fc2"":{""Comment"":""các sound trong bài có độ nét độ vang vừa đủ, hỗ trợ tốt cho nhau rong bài nhạc\n"",""Rating"":0.0}},""Comment"":null}",2023-04-14 09:35:12.366997,5983cc2a-237f-4fc8-9217-fde5a71fd0db,review,record_survey
00451ca7-3853-4115-a3d1-6ff87510895e,6a60fcc1-ce96-4398-a432-d397b95d22b6,9,1,"{""EvaluationCriteria"":{},""Comment"":null}",2023-04-27 11:57:29.994488,54f25f1b-a034-4c76-bcd0-9feaad9af2d7,review,record_survey
0047621a-a229-4065-b1c9-043b0ecf2c14,13c172f2-f476-414f-afcd-2f6635ed4ace,6.5,2,"Không thấy hay, cứ thiền thiền quá",2022-12-13 17:02:50.50495,d7a27e5e-4d7e-4043-ae5b-f81b8a3bdd11,review,record_survey
0048adcb-bf3f-4bfb-9321-d6066c210be6,d06d1883-b845-4c00-8e5f-1d0d91b6be22,7,3,"{""EvaluationCriteria"":{},""Comment"":""vocal có vấn đề đoạn in your head hát thành hè hè, beat ổn""}",2025-05-16 15:18:57.15226,90e25053-4231-4406-901e-dce37641e5e0,review,record_survey
0048cf6d-56c3-49ec-8fee-ed82a384b7c5,13c172f2-f476-414f-afcd-2f6635ed4ace,9,1,"{""EvaluationCriteria"":{},""Comment"":""vocal a nghĩ có thể gen nét hơn, tạm thời gửi thôi, nhớ đừng lẫn với yêu cầu về vocal tropical của red one""}",2026-03-10 16:07:57.352899,80e4d7be-b117-4841-bf48-1091f61e8bda,review,record_survey
004b888e-e813-4120-ad3d-0540cf688a3b,d06d1883-b845-4c00-8e5f-1d0d91b6be22,7,3,"{""EvaluationCriteria"":{},""Comment"":""nhanh hơn chút, ít quãng nghỉ hơn nhé. về giai điệu cũng khá là dễ chịu rồi. Âm trầm vẫn nặng và vang quá""}",2025-12-12 08:56:39.540585,ffeb46ba-7a82-4d2b-b3ea-1fe9a79b1676,review,record_survey
004b88df-a5c0-4143-8ccb-5b4e2b3acb58,ba9a47de-eaf5-400d-b948-2233829b67e3,7.5,3,"{""EvaluationCriteria"":{},""Comment"":""Sound bị vang và chói, không gian bài chưa thoáng. \r\nGiai điệu chưa có dẫn dắt cảm xúc tốt, nghe khá kiểu khó đọng lại đoạn giai điệu nào\r\n""}",2026-06-04 17:15:09.151862,35e08c2b-b4d2-4b36-b9e1-d0792b1bdb2e,review,record_survey
004c5f67-9549-4454-9c20-c72ed87be1d2,b16c888a-681c-4f7b-adf5-344a2075d77e,9,1,"{""EvaluationCriteria"":{},""Comment"":null}",2024-04-17 17:12:03.516037,2361e57a-6398-4602-bbc2-aab15149e8ce,review,record_survey
004efa57-79a7-499f-9817-7c014fd2ee71,22787f52-369f-4982-9e89-db4b54349f7a,8,1,"{""EvaluationCriteria"":{},""Comment"":null}",2023-07-06 09:23:14.543243,9cdb60ae-8a6b-42b7-bca9-a40feafeaffe,review,record_survey
00506a2c-9fe9-4be1-920b-a1f4f2d0d177,13c172f2-f476-414f-afcd-2f6635ed4ace,7.8,3,"{""EvaluationCriteria"":{},""Comment"":""đoạn beat của phần ver đang match tốt hơn, beat chorus chưa dính lém""}",2024-04-19 09:22:56.932987,b37b5d89-dd1e-40a0-99e6-867d06dd17c7,review,record_survey
00520cc8-2533-49ff-9b43-087306bf3fad,d06d1883-b845-4c00-8e5f-1d0d91b6be22,7.5,2,"{""EvaluationCriteria"":{},""Comment"":""Đoạn từ 1p beat rời rạc thiếu liên kết""}",2023-11-20 17:55:41.130398,d46e53ec-0491-4ab5-a356-cd2aff7dac79,review,record_survey
0052f5e4-833c-4dff-bd70-d5137e1b4b6b,8a0ee7e0-1ec4-440b-8f0a-4950c2b3caec,6,2,"{""EvaluationCriteria"":{},""Comment"":""Không phù hợp với nội dung kênh em đang làm""}",2024-03-05 10:43:50.181276,7166627f-aef3-4925-9218-1d0075973d16,review,record_survey
0055e659-7338-4f4b-bb2c-64a4c67029c3,abd29a5b-e6ae-431b-a9f2-d5c45f51d2b1,8.5,1,"{""EvaluationCriteria"":{},""Comment"":null}",2024-08-20 11:07:50.642713,2ff60bfd-09e0-4fb1-bc42-f94d80153808,review,record_survey
00567808-37db-4b0f-b0f3-407840a42d77,72978bf6-a73e-4223-93b3-0f4b9241bcc9,8,3,"{""EvaluationCriteria"":{},""Comment"":""giai điệu ổn, cần trầm xuống nhiều hơn""}",2023-10-26 09:39:36.694104,11d0c69f-6bed-4f75-82af-a272e0cf5e7a,review,record_survey
00571910-f4ba-492e-bf3c-20e622927ede,6225eaf1-0c57-410a-a09d-a0055f7e073a,8.35,3,"{""EvaluationCriteria"":{""0619f987-222d-4959-a13d-43904a7a8c2e"":{""Comment"":""Điều chỉnh nốt cao chói tai"",""Rating"":8.5},""e6ed2234-3699-4cfd-8fc0-0d2780131881"":{""Comment"":""Đoạn đầu giai điệu rời rạc ko có chiều sâu, nhiều đoạn lặp lại"",""Rating"":8.0}},""Comment"":null}",2023-06-09 09:07:57.548357,79754d80-ac63-420a-970c-8fcb56e278a9,review,record_survey
008a8eaa-8c82-4710-b85e-57a9c50935b4,abd29a5b-e6ae-431b-a9f2-d5c45f51d2b1,8,1,"{""EvaluationCriteria"":{},""Comment"":null}",2023-07-08 09:18:32.283709,afcfd27f-36df-47fc-8bc1-fef7bcf5592b,review,record_survey
005e0185-38fa-4042-bdf1-2b34590cd8c5,fceea347-7b7d-4bfa-98d4-9f96f62b5486,6,3,"{""EvaluationCriteria"":{},""Comment"":""- Giai điệu khá hay\r\n- Chất lượng âm thanh: Âm guitar chính chưa hay (Cần sát với brief hơn, trong hơn), mix chưa hài hòa giữa các nhạc cụ đang hơi rối\r\n- Phong cách khá sát brief""}",2025-05-27 14:02:47.552662,2b202a13-082a-4ed8-b2cc-49a9129a4b17,review,record_survey
0060c93a-3351-4aac-a84c-286ef62dec0c,0a948fad-a289-462e-b91c-967b622752ce,8.4,1,"{""EvaluationCriteria"":{},""Comment"":""Nhạc này đúng chất Study đấy""}",2023-02-09 11:33:09.89109,5dde8fa3-3fc4-4d9d-8ddc-cf18ef00877a,review,record_survey
0062db2b-34c4-4a84-80d7-f208ce953a1e,8a0ee7e0-1ec4-440b-8f0a-4950c2b3caec,7.5,3,"{""EvaluationCriteria"":{},""Comment"":""Giai điệu bài này nghe chưa được hay, chưa mang lại cảm xúc cho người nghe\ntần số rung ổn""}",2024-02-19 16:56:25.783672,f82463ee-be6a-4a0a-a3b6-e5c21e1caae3,review,record_survey
00638698-251b-420a-8e2d-6b4e2b76aa76,d79e0730-01f6-4614-8fb2-f5b5ae789831,8.3,1,"{""EvaluationCriteria"":{},""Comment"":null}",2025-01-06 14:32:53.624745,d541acc1-578f-404b-aa67-e4a41f83f4c2,review,record_survey
00646292-4b01-4ac6-81d4-c3b53f4add81,13c172f2-f476-414f-afcd-2f6635ed4ace,8.6,1,"{""EvaluationCriteria"":{},""Comment"":""""}",2024-05-17 10:01:02.938838,a0e8f6ec-0a74-40ec-acb0-49c4bd99ed30,review,record_survey
00646a48-ae24-452f-87c3-49cd3e709fa8,13c172f2-f476-414f-afcd-2f6635ed4ace,8.5,1,"{""EvaluationCriteria"":{},""Comment"":null}",2025-06-23 08:57:05.91856,ab26533c-af52-43a6-a0f1-e069f4eed0fc,review,record_survey
0066d83b-d652-4cf1-a122-8a825f7f7640,13c172f2-f476-414f-afcd-2f6635ed4ace,8.3,3,"{""EvaluationCriteria"":{},""Comment"":""huhu vẫn chưa sync cái đoạn vocal đầu, đoạn này beat nhẹ thì dùng 1 layer vocal chính thui cx đc nha, vs sửa beat ik ""}",2024-10-21 09:41:06.147483,20d284a2-416a-44a5-aee6-2cf29f108a0b,review,record_survey
006bcede-1691-4df2-9814-85ad17924aae,5e345e0b-a27c-4392-9cc2-3020088f5292,9,1,"{""EvaluationCriteria"":{},""Comment"":""tinh tế, hay nha""}",2025-02-20 15:11:52.426473,2d479d8d-8664-4b96-87ba-d34a41987c43,review,record_survey
006d8eab-3c94-4f6b-8858-5355db2621b0,9afcf13a-78f4-4174-9a4b-e7880d06392c,7,3,"{""EvaluationCriteria"":{},""Comment"":""- Low-end yếu, mixing Bass quá mỏng, mất độ Swing của sản phẩm. Kiểm tra xem có EQ Cut nhầm không, nếu không thì saturate nhẹ Bass hoặc layer thêm Sub.\r\n- Kick không qua được bản mix (có thể do EQ Cut nhầm), kiểm tra lại. Bản fix trước nghe oke hơn.\r\n- Vocal bị quá khô và chói. Phát âm phần điệp khúc chưa đủ rõ ràng (âm \""y\"" bản gốc phát âm như \""j\"" nhấn rõ hơn) và hình như kéo note qua melodyne bị offkey. Cần mix vocal ấm hơn và bớt airy lại.\r\n- Vocal Latin như này có 2 hướng: 1 là khô hẳn, 2 là ướt hẳn. Với vocal này nên send sang 1 mixbus riêng, thêm doubler vào để tạo không gian ảo. Recommend xem: https://youtu.be/7upoTg_e3bA?si=CCxjv1EtzLPSvKKq&t=2540""}",2025-05-15 14:56:11.998207,77cc2496-8ce4-4a3b-a0b7-722c66e1cfdb,review,record_survey
006f9e71-a202-408e-9926-525bf7cc61fb,655c6c00-735a-41c4-8f41-2f172c4f19bc,8,1,"{""EvaluationCriteria"":{""24f872cc-80b4-4337-acc9-8f6939d599ea"":""Tinh tế"",""742a099d-ee66-45f1-8c3a-6b552dfa6f82"":""Dễ nghe, du dương và êm ái"",""aad282f6-a037-4a4e-8bbe-c92ca7b78773"":""Nhẹ nhàng, thư giãn"",""e6b420d3-a36c-41a8-b4a6-12f225978fc2"":""Các nhạc cụ có sự kết nối hài hòa, âm thanh trong trẻo""},""Comment"":null}",2023-01-13 11:47:17.009901,b65f13c8-b8a5-4e65-bc21-7ee9b6c812bf,review,record_survey
00712148-6a73-487c-bdfb-9c04b3e3a5cc,8eefc4bf-3fda-4bc0-9a87-367394527a6a,8,3,"{""EvaluationCriteria"":{},""Comment"":""Đoạn 03:35 có nốt cao bị chói""}",2023-04-20 09:06:52.205132,a7f04b6d-501d-4c90-811e-3d9a97c26d9f,review,record_survey
0071babd-2aeb-4bd9-a3a9-552bc36f9b0d,767992f5-d8e2-4101-ab70-a59c88eb1d6d,6,2,"{""EvaluationCriteria"":{},""Comment"":""tiết tấu chậm, giai điệu bình thường -> chưa phù hợp với deep house""}",2025-05-09 17:22:22.208744,bd62eba6-0df4-4992-a349-735ed69c204c,review,record_survey
00754d0b-eec1-42ce-ae16-bd6a4a719fd6,3a9ae4fb-3826-45b9-bf5e-3f8f36656d8e,6,2,"{""EvaluationCriteria"":{},""Comment"":""giai điệu không hay""}",2026-03-27 11:46:12.201621,0783458d-89e2-4253-8a69-aaea22174bf6,review,record_survey
0077ee9f-0782-488f-abbc-0e5cc9b1dc38,e4a85e6f-543a-427e-b4a8-58c0e28ac458,8,3,"{""EvaluationCriteria"":{},""Comment"":""- Tổng thể bài nghe mượt \n- Âm đệm đã follow melody guitar\n- 01:25 hình như có 1 tiếng trống bị dư\n- 02:25-02:27 Lead guitar lớn quá, bị vang""}",2024-06-13 08:56:42.49035,21062a22-18c2-4f17-9311-c5bfce8b6070,review,record_survey
0079eb46-7fd7-4366-a85c-e2d85a145341,935bb488-b5a9-4b56-824c-14e9c31963e6,8,3,"{""EvaluationCriteria"":{},""Comment"":""Fix giảm speed ổn rồi nhưng khi giảm speed thì ở những chỗ trống piano sẽ nghe tiếng pad khá rõ, nghe chưa được hay. Có cách xử lý nào nghe cho ổn hơn không ạ?""}",2025-05-22 16:10:40.725031,48b880ad-fb8e-428b-bc67-4d446857aef0,review,record_survey
007bdd1a-2a93-43f4-b062-f5ad1a297b23,abd29a5b-e6ae-431b-a9f2-d5c45f51d2b1,8,1,okee,2022-09-14 15:27:38.648651,3a042920-4b52-463e-83c4-b660951b3c9a,review,record_survey
007cd95d-0e1e-4a7e-b49f-5bfbbffea71d,4e3eac7c-e6d8-4e10-b8b5-b66bcc744495,9,1,"{""EvaluationCriteria"":{},""Comment"":""Oke nhé""}",2025-08-26 19:32:07.339386,33cdf664-33bb-4dd6-b3ac-1c69846b5b64,review,record_survey
007cdc0e-a9a7-4667-9722-aab350922322,68a2d75c-2765-4ba8-b18b-a6c0f2d9c618,7.5,3,"{""EvaluationCriteria"":{},""Comment"":""- Giai điệu hơi nhỏ, chưa có độ trầm bổng rõ rệt, chưa thực sự thư giãn \n- Âm thanh nền và sound nature êm ái, thư giãn""}",2023-11-22 15:53:15.89921,d37d1584-cfa4-42cc-a540-6c1c04792eed,review,record_survey
007d82fc-35c1-4b95-9328-4d7a4b2d61a6,abd29a5b-e6ae-431b-a9f2-d5c45f51d2b1,8.7,1,"{""EvaluationCriteria"":{},""Comment"":null}",2024-12-14 09:20:13.86199,6fa07764-cae6-4057-8b82-99d75dab0dba,review,record_survey
007ffbe4-22ee-4c25-b54a-067e1b080e83,13c172f2-f476-414f-afcd-2f6635ed4ace,8.4,3,"{""EvaluationCriteria"":{},""Comment"":""- Từ 1p30 trở đi có thể biến tấu beat 1 tí cho đỡ nhàm nà a thấy hay đó\r\n- có chăng hơi ngắn 1 chút, nếu được thì phần dạo giữa có thể cho kèn solo thêm 1 tí để bài trên 2 phút e ạ\r\n""}",2025-08-12 09:25:19.259095,22322f18-5067-4446-b54b-b417473af0ae,review,record_survey
0083a215-504f-4b32-816e-2a7baa17d0a1,13c172f2-f476-414f-afcd-2f6635ed4ace,8.2,3,"{""EvaluationCriteria"":{},""Comment"":""vẫn còn to e""}",2024-12-10 10:25:01.094424,08000bed-718d-4ce1-822f-f7ec158f60d3,review,record_survey
00871962-d747-46f5-80ac-0cdf5527a820,b17c51bf-a8a0-4a9c-8c1d-58bc569b7d8a,8.5,1,"{""EvaluationCriteria"":{},""Comment"":""Chất lượng tốt.""}",2024-01-09 09:29:34.800503,57f723eb-af5b-4671-ae7e-909bdcdb19f3,review,record_survey
008a20a3-5b8e-406b-9805-d8d1eecd10c4,e46870cc-7054-4a34-82b0-dd43480a5d39,8.2,1,"{""EvaluationCriteria"":{},""Comment"":null}",2025-01-09 15:14:48.976962,95101fd6-d748-48ea-a19e-368b23679287,review,record_survey
008bea4a-aa3a-4a9f-9b0f-87848ae69c14,72978bf6-a73e-4223-93b3-0f4b9241bcc9,8,1,"{""EvaluationCriteria"":{},""Comment"":null}",2023-03-30 09:58:23.724025,75449ea3-9acf-46c5-8f03-59416517a769,review,record_survey
008fa39c-44b1-4e05-892a-30e4a72eb658,13c172f2-f476-414f-afcd-2f6635ed4ace,8.8,3,"{""EvaluationCriteria"":{},""Comment"":""ulatroi, pất ngờ nha, ấm ngọt thanh thoát hẳn rồi ó, h tui thấy mỗi còn cái sound synth đang hơi đanh/nhọn á, làm cho nó dày/ấm hơn xíu là đượt nèe\r\ncó chăng thì ambient vẫn còn có thể dày hơn, bao trùm bài hơn xíu xiu nữa""}",2025-03-14 11:59:17.083698,543b87ce-2707-4e39-9f18-46106940495d,review,record_survey
00974bf3-ea29-4cb0-844c-e330b4417818,abd29a5b-e6ae-431b-a9f2-d5c45f51d2b1,8.5,1,"{""EvaluationCriteria"":{},""Comment"":""tổng thể ổn, mix vocal sáng hơn xíu là hay""}",2023-10-10 09:31:09.091158,53350817-8652-4ffd-bc7a-198ebc76c77d,review,record_survey
009c2ddf-04fb-4fa4-9e77-e50d7eb98b6c,59c47310-1a00-49b0-8981-30aa679dbf1d,8,1,"{""EvaluationCriteria"":{},""Comment"":""- Giai điệu hay tạo được sự kịch tính, hào hùng, mạnh mẽ\r\n- Đầy đủ cấu trúc\r\n- Nếu có phần lặp lại của 1 nửa của đoạn tiền điệp khúc thì sẽ được dài hơn và đỡ hụt hẫng khi đến phần kết""}",2024-12-09 14:42:01.847954,71b1410f-c001-4e1d-abe0-9ad6e0c147cf,review,record_survey
009e29c8-9fb4-4bb7-a65e-98537762d926,68a2d75c-2765-4ba8-b18b-a6c0f2d9c618,6,2,"{""EvaluationCriteria"":{},""Comment"":""- Giai điệu không hay, không có sự trầm bổng thư giãn.\n- Tần số rung động cũng không phải style sóng âm""}",2024-03-18 10:13:44.825031,0311c2c2-230f-4cc8-99e3-0d6e78bdb161,review,record_survey
009f1b0b-6439-4ec3-a215-88b22123069d,d79e0730-01f6-4614-8fb2-f5b5ae789831,8.1,1,"{""EvaluationCriteria"":{},""Comment"":null}",2025-04-21 11:08:41.464661,ae08276b-8167-4006-93af-6429726a266c,review,record_survey
00a1b474-3925-4837-ae09-6b2d81432eac,d184d160-6edf-4688-9098-aead568c722b,5,2,"{""EvaluationCriteria"":{},""Comment"":""- Âm thanh tần số không được nhẹ nhàng, chưa đúng với brief""}",2024-05-08 16:41:22.420948,fd055606-f9c7-4da5-9ff5-04b76500397f,review,record_survey
00a2c00c-a36b-4c42-a5b7-44ea801c3fc2,7ac57b9f-9ab8-4196-8144-b16236ba5cd4,7.5,3,"{""EvaluationCriteria"":{""24f872cc-80b4-4337-acc9-8f6939d599ea"":{""Comment"":""Mượt mà"",""Rating"":0.0},""742a099d-ee66-45f1-8c3a-6b552dfa6f82"":{""Comment"":""Giai điệu du dương, dễ nghe nhưng đang hơi hướng ballad nhiều hơn ngẫu hứng"",""Rating"":0.0},""aad282f6-a037-4a4e-8bbe-c92ca7b78773"":{""Comment"":""Nhẹ nhàng, thoải mái"",""Rating"":0.0},""e6b420d3-a36c-41a8-b4a6-12f225978fc2"":{""Comment"":""Các sound trong bài hòa hợp, dễ nghe"",""Rating"":0.0}},""Comment"":null}",2023-05-27 09:36:21.966085,1b4c27f7-f960-43f3-94a3-1143793ee78a,review,record_survey
00a31322-e844-4034-97ed-0ae7f5a8fe3c,abd29a5b-e6ae-431b-a9f2-d5c45f51d2b1,8.4,3,"{""EvaluationCriteria"":{},""Comment"":""ổn rồi, đợi bản thu âm""}",2024-06-17 17:34:29.739315,0e60deb4-1a9b-462a-a898-c0ebd281cc18,review,record_survey
00a3d349-b709-4fda-8965-26032e071b3e,abd29a5b-e6ae-431b-a9f2-d5c45f51d2b1,8.7,1,"{""EvaluationCriteria"":{},""Comment"":null}",2024-11-22 09:12:28.887443,4016cecc-1279-4503-bb4c-350e600be115,review,record_survey
00a46ffd-7f05-4ce8-bb75-c0469a896311,8a0ee7e0-1ec4-440b-8f0a-4950c2b3caec,8.5,1,"{""EvaluationCriteria"":{},""Comment"":null}",2024-03-18 17:24:16.272177,19e27350-bdf9-4fa5-a1e3-b8ee25bf8952,review,record_survey
00a56fec-1a39-42f0-b7f6-93ac9a6cc12a,13c172f2-f476-414f-afcd-2f6635ed4ace,8.5,1,"{""EvaluationCriteria"":{},""Comment"":null}",2024-10-23 09:01:50.62017,d2f6b1d2-ef8b-4daa-8f5a-0071ce1cb8c3,review,record_survey
00a63e99-94a4-4f6a-9ca7-7986bd2ee33a,13c172f2-f476-414f-afcd-2f6635ed4ace,8.2,3,"{""EvaluationCriteria"":{},""Comment"":""Oke a""}",2024-06-13 10:25:46.457468,2c1e75cd-e293-48e5-b91f-c16e3c3e7bac,review,record_survey
00a67838-fa53-4b85-aa43-d20a38f83dab,8eefc4bf-3fda-4bc0-9a87-367394527a6a,8,3,"{""EvaluationCriteria"":{},""Comment"":""Nhạc mood relax chưa sad\nNốt cao nhiều hơi khó nghe""}",2023-07-17 14:01:18.04865,1be2dd23-e3e0-4acd-ab3c-6ef5d1e486ca,review,record_survey
00ab5ba8-63da-4841-a0b1-1a691b679508,e930db43-19dc-40df-b4d9-2681d4332161,9,1,"{""EvaluationCriteria"":{},""Comment"":""Giai điệu sát với ref, không gian ổn""}",2026-07-07 14:57:51.226797,43c7212b-bc78-4ef7-9635-b6bffaf8c246,review,record_survey
00ab7b93-7aab-4131-9e1f-0e934b881e04,9afcf13a-78f4-4174-9a4b-e7880d06392c,8.5,1,"{""EvaluationCriteria"":{},""Comment"":""- Good.""}",2025-09-03 15:58:06.542364,85441c6f-46a8-4b6b-969e-2565e4b816d8,review,record_survey
00ae74d5-e9a4-4912-89aa-21ef463a8cee,13c172f2-f476-414f-afcd-2f6635ed4ace,9,1,"{""EvaluationCriteria"":{},""Comment"":null}",2025-04-17 16:27:31.095643,eeaae845-d984-4e96-9772-8ce93bf9bae7,review,record_survey
00b6921c-c679-4886-aeb3-ec9fabeb7fe5,d79e0730-01f6-4614-8fb2-f5b5ae789831,8.3,1,"{""EvaluationCriteria"":{},""Comment"":null}",2024-10-04 11:40:57.005436,0ae42ee7-ea0c-4d8d-aacb-84fb9005a9ef,review,record_survey
00b6f30c-f677-43bc-bf99-6e898abab47e,5e345e0b-a27c-4392-9cc2-3020088f5292,8,1,"{""EvaluationCriteria"":{},""Comment"":null}",2025-10-27 10:34:57.378328,c8674a38-632f-4f46-99ae-707da8957f62,review,record_survey
00b76e52-ff9f-4f17-a93d-06290aec32ac,5e345e0b-a27c-4392-9cc2-3020088f5292,8.5,1,"{""EvaluationCriteria"":{},""Comment"":null}",2023-06-02 14:21:12.864955,85ece7f7-d608-4514-95f2-0c683de1cf18,review,record_survey
00bb6d01-a136-49ac-be53-d948c659f452,e930db43-19dc-40df-b4d9-2681d4332161,9.5,1,"{""EvaluationCriteria"":{},""Comment"":null}",2026-07-24 09:23:12.646097,eb31fe6c-58f1-4477-99b3-38b1bb4f6cbb,review,record_survey
00bd2816-af0a-4fa7-b9de-64fddcbd2d30,13c172f2-f476-414f-afcd-2f6635ed4ace,9,1,"{""EvaluationCriteria"":{},""Comment"":""giống các bài sau đoạn synth đầu rồi đến cách triển khai bộ gõ các thứ á e, thôi cứ thử""}",2026-02-10 16:34:23.580033,d46b5f5e-3541-439e-950f-2ebf389d96c3,review,record_survey
00be22a2-6342-42cf-81a7-884cf79e2851,61d45226-50e1-4674-8e0e-4cbdc12f879f,9,1,"{""EvaluationCriteria"":{},""Comment"":null}",2025-10-27 09:26:09.757533,88cdad71-3f8d-47a4-abed-143f80875bcf,review,record_survey
00bf0a03-5f9a-458c-bf45-83cd78958efe,b20ebc71-f593-4f81-8bda-6fe6c2f816d5,6,2,"mùa đông mà có nhiều tiếng chim nghe ko hợp lý lắm, đoạn intro ko tệ nhưng vào bài thì cũng khá bình thường",2022-09-28 10:52:31.38315,ad5b6863-569a-4275-bc83-73abdeb945e1,review,record_survey
00bf3443-5702-457d-bae1-26ffeaefa9b3,0a948fad-a289-462e-b91c-967b622752ce,7,1,"7.5 điểm - vẫn như trên, nghe rất deep và relax... tuy nhiên đoạn thân bài cũng có màu tươi sáng, hơi mơ mộng. Khá là oke",2022-06-03 17:11:12.207052,e82ca7f8-5187-42f3-be16-77518d1cc2d7,review,record_survey
00ef723f-bc51-4feb-8d17-d0ccf1c4528b,f8660c20-51f4-4a02-b820-7fbdb68f8f1b,8.5,1,"{""EvaluationCriteria"":{},""Comment"":null}",2024-08-18 15:05:19.244848,107d85fa-46f7-49a3-a495-383fbdddb76b,review,record_survey
00c1dc9d-8eeb-417b-a6cc-67464df854dc,5504c544-9b1a-4792-8b6a-c43e043ac227,9,1,"{""EvaluationCriteria"":{""24f872cc-80b4-4337-acc9-8f6939d599ea"":{""Comment"":""Có chiều sâu"",""Rating"":0.0},""742a099d-ee66-45f1-8c3a-6b552dfa6f82"":{""Comment"":""sáng tạo và ngẫu hứng"",""Rating"":0.0},""aad282f6-a037-4a4e-8bbe-c92ca7b78773"":{""Comment"":""Thư giãn, thoải mái"",""Rating"":0.0},""e6b420d3-a36c-41a8-b4a6-12f225978fc2"":{""Comment"":""độ nét, độ vang vừa đủ và hoà quyện với nhau về mặt âm thanh"",""Rating"":0.0}},""Comment"":null}",2023-02-28 14:35:34.507016,1e7ed1cc-891d-48f8-923c-e29cf3c311f1,review,record_survey
00c475d5-8ec5-4a41-a075-dc906eac9fb8,abd29a5b-e6ae-431b-a9f2-d5c45f51d2b1,8.5,1,"{""EvaluationCriteria"":{},""Comment"":null}",2023-07-04 15:24:33.438448,d9c5dc1a-35b9-4fab-b4fd-9590d5f822ee,review,record_survey
00c529c1-b904-488c-affa-7e84a6b08581,7aac814c-4e6b-425a-a164-f7fc43b78fb4,7,3,"{""EvaluationCriteria"":{},""Comment"":""- Tổng thể nghe cả bài hát chưa được vui lắm. Beat cả bài phần lớn là đều nhau, ver đầu thì có chậm buồn hơn chút còn các đoạn về sau thì giống hệt nhau ạ. Cảm giác thiếu sự liên kết để thể hiện nội dung câu chuyện theo lyrics. Beat đoạn đầu sẽ rất quan trọng vì là time giữ chân người xem nên cần hấp dẫn hơn.\r\n- Vocal thể hiện còn thiếu cảm xúc. Đoạn buồn vì vịt biến mất hay đoạn ngày càng có thêm nhiều cá mập thì cũng giống nhau, chỉ khác đoạn vịt có sự chậm hơn chút.""}",2026-03-23 09:34:14.570595,8fec4eef-fa85-4086-81bb-3f1bc831b1c3,review,record_survey
00c8189c-b048-423b-8624-70a101a75f30,13c172f2-f476-414f-afcd-2f6635ed4ace,9,1,"{""EvaluationCriteria"":{},""Comment"":""vẫn y hệt cách đi synth, tạm chấp nhận""}",2026-02-26 10:15:54.384411,9c815925-ba1d-4a12-944b-5331420a724e,review,record_survey
00c97f68-dcef-4bea-b016-03f599ffbb3e,0a948fad-a289-462e-b91c-967b622752ce,7.5,1,nghe ổn,2022-09-29 17:45:01.727246,155a6661-2023-49f4-b66d-4511e6e30ddb,review,record_survey
00cd14db-3867-4631-a2c5-4ce041e6d6fe,c2c45087-3ef0-499c-a171-25925fad47fc,8,3,"{""EvaluationCriteria"":{},""Comment"":""em nghĩ nên thêm drum xíu, bài này đang hơi acoustic rùi ạ =))))""}",2024-07-17 10:18:47.778438,57a4cf4b-19f3-4cea-9fde-e586ec2c80fc,review,record_survey
00cf9b2c-e683-48ae-851e-826af8f4290f,13c172f2-f476-414f-afcd-2f6635ed4ace,8.3,1,"{""EvaluationCriteria"":{},""Comment"":null}",2024-11-15 17:28:46.211632,00816585-fcd9-4ba6-b3a5-f0a2b84555ec,review,record_survey
00cfcf26-14bb-45de-b411-592116cfcbbc,13c172f2-f476-414f-afcd-2f6635ed4ace,7.5,1,"Nghe chill, không có điểm nhấn gì",2022-12-19 16:30:15.829112,d5103ec2-1490-4c1c-bd73-9015d7ac3319,review,record_survey
00d174ab-b26b-4078-8339-2e93be0838e3,0770172d-0325-43e7-bc65-6a4ab4d35c20,8,1,"{""EvaluationCriteria"":{},""Comment"":""Ok""}",2024-09-20 10:18:16.299099,3eedd1d7-3313-40b9-b2bc-3c9ad1882729,review,record_survey
00d1bf49-b90c-4f32-8d80-80f25e3640e3,767992f5-d8e2-4101-ab70-a59c88eb1d6d,8,3,"{""EvaluationCriteria"":{},""Comment"":""Giai điệu ổn nhưng cảm giác đều đều, lặp lại hơi nhiều, nốt cao chưa êm""}",2025-04-08 15:38:21.011387,fbd02ca8-e05c-488e-ba04-a06d96b09cee,review,record_survey
00d2016a-aaa9-49a9-84a0-54eb1ede9dfa,f8660c20-51f4-4a02-b820-7fbdb68f8f1b,8.5,1,"{""EvaluationCriteria"":{},""Comment"":""Tăng master lên là oke nha.""}",2024-10-12 11:38:53.965189,92ce4435-5646-453c-ac17-6d361d226b3e,review,record_survey
00d4358b-ca7e-42d7-8996-154e65b269f4,4e3eac7c-e6d8-4e10-b8b5-b66bcc744495,9.5,1,"{""EvaluationCriteria"":{},""Comment"":""oke nhé""}",2025-10-16 15:48:51.112682,c2792bab-e666-4543-b8d6-e04a1f927da3,review,record_survey
00d47a2d-e8ef-411b-95de-754110dc6b93,abd29a5b-e6ae-431b-a9f2-d5c45f51d2b1,8.4,1,"{""EvaluationCriteria"":{},""Comment"":""lúc xuất giảm volume xíu là ổn""}",2024-11-18 14:48:29.283706,11001ee7-fd2b-472a-a596-2aec916476cb,review,record_survey
00d715d3-f160-4431-96fc-2b6fad69d394,5e345e0b-a27c-4392-9cc2-3020088f5292,9,1,"{""EvaluationCriteria"":{},""Comment"":null}",2024-07-27 10:26:18.373652,0931fa8f-5c13-45c3-9308-274cbccc6032,review,record_survey
00d744e1-fc66-4fa3-8016-f8688b644650,abd29a5b-e6ae-431b-a9f2-d5c45f51d2b1,8,3,"{""EvaluationCriteria"":{},""Comment"":""giảm vang xíu là oke""}",2024-11-13 11:13:14.987747,45d92fa0-e3c8-4158-9bc6-e737b1fb7c65,review,record_survey
00d86e04-8e42-4aba-af6e-6ddf0778cf6c,3ad0ef68-9454-48de-982a-5155e06f8948,8.5,1,"{""EvaluationCriteria"":{""02c76e9f-524c-48b1-bb11-18710b1ebf94"":{""Comment"":""Giống bản gốc 90%"",""Rating"":0.0},""4fa5d62d-2d73-46ba-bff5-b341bea68321"":{""Comment"":""Chất lượng âm thanh tốt"",""Rating"":0.0},""680ce995-27d8-464a-ba6c-ce0cb170c7ad"":{""Comment"":""Giống bản gốc 85%"",""Rating"":0.0}},""Comment"":null}",2023-12-01 08:34:17.211152,a9536404-d5ce-43e9-874a-2e878505ac56,review,record_survey
00daeffc-491f-4ee6-9a20-cd16610377c2,839bbabe-1a7b-4abf-9f5c-6c7ed9833fc6,9,1,"{""EvaluationCriteria"":{},""Comment"":null}",2024-09-24 17:00:28.028685,311da08f-1d93-4c78-ad65-4985c0b95ffc,review,record_survey
00dc6130-7407-4d8f-86bf-bf7a0de5fb6d,5e345e0b-a27c-4392-9cc2-3020088f5292,8.4,1,"{""EvaluationCriteria"":{},""Comment"":null}",2025-03-19 14:18:10.573646,e5298317-2451-4b68-91a1-7e3900ebe196,review,record_survey
00df33ad-e7d5-4e66-9f2b-4bda2ad358bb,fa51faa1-785c-4a30-a232-d9a48e023850,9.5,1,"{""EvaluationCriteria"":{},""Comment"":""very nice""}",2026-07-31 10:08:24.700571,73ab3a1a-eb78-4109-b2fd-6f66524a8c80,review,record_survey
00e03ccb-c300-4531-8c62-c6dcae4ff798,6a60fcc1-ce96-4398-a432-d397b95d22b6,7.5,3,"{""EvaluationCriteria"":{""4aeb578f-5a33-4b5b-ad10-43501589a638"":{""Comment"":""Giai điệu dễ nghe khá hay và relax."",""Rating"":8.0},""9959e139-100b-4508-8745-bd893ab9a7cb"":{""Comment"":""Hơi rè và chói tai"",""Rating"":7.0}},""Comment"":null}",2023-11-09 17:45:30.883209,d6884089-1667-4a2e-aea6-2bce8037aead,review,record_survey
00e0d91e-887e-44b7-823d-5b0be5a8868d,f8660c20-51f4-4a02-b820-7fbdb68f8f1b,8.1,1,"{""EvaluationCriteria"":{},""Comment"":null}",2025-04-16 14:57:43.266363,c588196d-b598-4984-b329-53a9128864ee,review,record_survey
00e277a1-e3c1-4749-8cd9-42343e825251,7aac814c-4e6b-425a-a164-f7fc43b78fb4,8,1,"{""EvaluationCriteria"":{},""Comment"":null}",2025-11-21 10:45:57.68509,03398d80-565d-4c78-8bca-ed1f951cb26f,review,record_survey
00e338dd-44ee-498b-a91e-af5c1df4cc61,13c172f2-f476-414f-afcd-2f6635ed4ace,8.8,1,"{""EvaluationCriteria"":{},""Comment"":null}",2024-08-15 14:58:13.941759,c4edf45b-9860-4d69-b83a-5220eabc657b,review,record_survey
00e5541f-5f26-423c-979a-ae3fb3cdb8ee,b20ebc71-f593-4f81-8bda-6fe6c2f816d5,6,2,"tiếng đánh mạnh, giai điệu đều đều ko ấn tượng lắm",2022-07-09 15:22:34.153654,f71ea39a-15f5-4e45-8ead-0b3ac3366b4d,review,record_survey
00e9c4a5-a5a4-406f-aeb7-75f0b9157eb7,13c172f2-f476-414f-afcd-2f6635ed4ace,7,3,"Lofi tươi tắn, tạm được",2022-12-13 17:52:35.722785,118e581e-2766-4d0c-b57a-7fce169575a7,review,record_survey
00ed2898-8ee7-414f-b3d0-4413998ac5a6,13c172f2-f476-414f-afcd-2f6635ed4ace,8.4,1,"{""EvaluationCriteria"":{},""Comment"":null}",2024-05-28 10:29:09.120352,ab6efbcb-0b6e-4ccb-b1e7-7425d2825ab4,review,record_survey
00f1e767-7b05-44c4-8134-7f85221613d9,98b95f68-40ac-4feb-a01a-da3a39f0c7ce,9.29,1,"{""EvaluationCriteria"":{""0619f987-222d-4959-a13d-43904a7a8c2e"":{""Comment"":""hay"",""Rating"":9.2},""e6ed2234-3699-4cfd-8fc0-0d2780131881"":{""Comment"":""hay"",""Rating"":9.5}},""Comment"":null}",2023-03-23 17:51:28.894067,15d99710-4ad5-46b7-a82b-644ed6d84835,review,record_survey
00f359e8-4bb0-4abc-be10-2c2db632c7b8,13c172f2-f476-414f-afcd-2f6635ed4ace,8.4,1,"{""EvaluationCriteria"":{},""Comment"":null}",2024-12-09 10:38:57.156868,e031bbe6-720d-41e2-98c9-a24b383dd374,review,record_survey
00f3fdac-0a0e-4164-b99c-2b800a6ec313,39afcfe8-78b7-4ee5-b854-f2d8a124789a,8.2,3,"{""EvaluationCriteria"":{""24f872cc-80b4-4337-acc9-8f6939d599ea"":{""Comment"":""nhẹ nhàng, ấm áp"",""Rating"":0.0},""742a099d-ee66-45f1-8c3a-6b552dfa6f82"":{""Comment"":""giai điệu không quá nhanh, êm đềm hơn, du dương hơn"",""Rating"":0.0},""aad282f6-a037-4a4e-8bbe-c92ca7b78773"":{""Comment"":""thư giãn, lãng mạn"",""Rating"":0.0},""e6b420d3-a36c-41a8-b4a6-12f225978fc2"":{""Comment"":""các sound trong bài có độ nét vào độ vang ổn định"",""Rating"":0.0}},""Comment"":""""}",2023-09-18 09:52:22.331568,8943b979-7885-4d5a-96c1-e7a5799491b3,review,record_survey
00f40f36-9f18-4aca-9ab6-0e300ed63970,13c172f2-f476-414f-afcd-2f6635ed4ace,8.3,1,"{""EvaluationCriteria"":{},""Comment"":""ukie ạ""}",2024-12-14 11:52:48.686008,e65c4491-2fe1-403d-ba5c-ce927f0657f5,review,record_survey
00f7a068-8aa8-4f67-b773-9cddcb508e29,767992f5-d8e2-4101-ab70-a59c88eb1d6d,6,2,"{""EvaluationCriteria"":{},""Comment"":""Giai điệu chưa hay nghe hơi buồn, âm đệm không có độ ngân nghe cảm giác bị rời rạc ""}",2025-03-17 16:00:41.519255,c93b50cf-f554-4325-9f0c-8ed864dc37fd,review,record_survey
00f80cb2-e427-44dd-ad69-1e749a63588b,92f38085-28a3-43aa-8bde-1b4b9ecfdfd6,8.5,3,"{""EvaluationCriteria"":{},""Comment"":""Từ 0:00 - 0:34\r\n- sound guitar hơi thiếu warmth, có cảm giác hơi lạnh và sắc nét\r\n- pad quá tập trung nên nghe ko được mượt mà\r\nCác phần khác nên xử lý âm thanh như bài trước mình fb. Đặc biệt Nếu phần pad mở rộng thêm thì bản mix sẽ càng hay hơn. Cố lên nhé!""}",2025-02-27 16:21:48.511841,e7d1a1df-7ee3-4cbf-b552-6f803d7bba62,review,record_survey
00f87061-6c88-45ed-9ecc-305db03865f4,16eb25d9-8429-4313-a5f5-3ff07b1c27f6,8.1,3,"{""EvaluationCriteria"":{},""Comment"":""Sax không hợp nhé, bài lộn xộn hẳn ra.""}",2024-07-08 16:16:47.205259,0bd84b7c-fde0-4071-938c-a1d831698ccd,review,record_survey
00f8f3db-69fd-4ddf-bfe7-cb766a38f81c,16eb25d9-8429-4313-a5f5-3ff07b1c27f6,8.7,1,"{""EvaluationCriteria"":{},""Comment"":""Bài tốt nhé""}",2024-07-22 17:43:41.190584,c161836c-04af-4b72-b9ea-f7c7074779fa,review,record_survey
00feff7b-b200-49ba-afb5-ef0fcbfa01de,d06d1883-b845-4c00-8e5f-1d0d91b6be22,9,1,"{""EvaluationCriteria"":{},""Comment"":""Khá chill, lạ""}",2024-07-22 16:19:49.468655,06e68f91-8560-42a0-9bbc-adcc5666358f,review,record_survey
01019680-5014-4269-b8e6-26069c6e4732,3464c058-e99a-47f4-b0f7-99f85817eb3c,7,3,"{""EvaluationCriteria"":{""02c76e9f-524c-48b1-bb11-18710b1ebf94"":{""Comment"":""Giống với bản gốc"",""Rating"":0.0},""4fa5d62d-2d73-46ba-bff5-b341bea68321"":{""Comment"":""Tiếng sáo dài hơn, ngân hơn sẽ hay hơn nhiều"",""Rating"":0.0},""680ce995-27d8-464a-ba6c-ce0cb170c7ad"":{""Comment"":""Giống với bản gốc"",""Rating"":0.0}},""Comment"":null}",2023-11-07 16:49:10.576719,b9645e98-9aa7-4ff0-a670-faeeb182f7ab,review,record_survey
0102cc89-0bdd-4306-90c6-3c86781f59aa,31125a01-8c64-45f3-92e5-70c889f66b90,8.5,1,"{""EvaluationCriteria"":{""24f872cc-80b4-4337-acc9-8f6939d599ea"":{""Comment"":""ok"",""Rating"":0.0},""742a099d-ee66-45f1-8c3a-6b552dfa6f82"":{""Comment"":""ok"",""Rating"":0.0},""aad282f6-a037-4a4e-8bbe-c92ca7b78773"":{""Comment"":""ok"",""Rating"":0.0},""e6b420d3-a36c-41a8-b4a6-12f225978fc2"":{""Comment"":""ok"",""Rating"":0.0}},""Comment"":null}",2023-08-04 16:51:58.728054,15c98efe-a16a-45f0-ae99-a807af417123,review,record_survey
0102d7ad-ba47-4089-828c-825bcc58ef8a,8eefc4bf-3fda-4bc0-9a87-367394527a6a,9,1,"{""EvaluationCriteria"":{},""Comment"":""9""}",2024-12-25 11:48:12.356893,f54f92fe-313a-48dd-9d0f-c205d6409a53,review,record_survey
0103dd83-f111-49ed-9f34-6331e7ae04f3,7ac57b9f-9ab8-4196-8144-b16236ba5cd4,8.75,1,"{""EvaluationCriteria"":{""24f872cc-80b4-4337-acc9-8f6939d599ea"":{""Comment"":""relaxing"",""Rating"":0.0},""742a099d-ee66-45f1-8c3a-6b552dfa6f82"":{""Comment"":""ổn, nhìn chung đủ ổn để khai thác đại trà"",""Rating"":0.0},""aad282f6-a037-4a4e-8bbe-c92ca7b78773"":{""Comment"":""nhẹ nhàng"",""Rating"":0.0},""e6b420d3-a36c-41a8-b4a6-12f225978fc2"":{""Comment"":""k thay đổi nhiều, đủ khai thác"",""Rating"":0.0}},""Comment"":null}",2024-09-29 23:08:48.10274,b600e129-be31-4db1-8564-1a9b583b72a3,review,record_survey
01049f0e-402b-4ced-85b9-f880d2fd1edf,5504c544-9b1a-4792-8b6a-c43e043ac227,9,1,"{""EvaluationCriteria"":{""24f872cc-80b4-4337-acc9-8f6939d599ea"":"" mượt mà"",""742a099d-ee66-45f1-8c3a-6b552dfa6f82"":""Du dương, dễ nghe, mang hơi hướng Ballad"",""aad282f6-a037-4a4e-8bbe-c92ca7b78773"":""Thư giãn, thoải mái"",""e6b420d3-a36c-41a8-b4a6-12f225978fc2"":""sound piano ấm áp, mềm mại""},""Comment"":null}",2023-01-11 14:19:08.076515,00670d98-c918-452f-9efb-29f5b9542d2d,review,record_survey
01072b9a-a925-40cf-b135-2f47ff39019d,ba9a47de-eaf5-400d-b948-2233829b67e3,8.2,3,"{""EvaluationCriteria"":{},""Comment"":""Vẫn bị cái sound nghe không thật, nghe vocal cứ um um sao ""}",2024-01-22 18:05:23.52684,b6540e5d-6007-4727-92a7-15c28567c2ef,review,record_survey
01099f4e-0fec-421d-b43a-3a8c1077aff9,69f07558-6e6d-414c-b55b-9c991c08ac36,8.2,1,"{""EvaluationCriteria"":{},""Comment"":null}",2023-02-24 15:06:01.450144,26d3fec5-6784-4302-be98-eab665f5f860,review,record_survey
010a29b2-ac75-419c-b219-2d5fd17f761b,fceea347-7b7d-4bfa-98d4-9f96f62b5486,9,1,"{""EvaluationCriteria"":{},""Comment"":""- Giai điệu hay\r\n- Chất lượng âm thanh tốt\r\n- Phong cách phù hợp với brief""}",2025-07-18 16:19:49.543985,0c59dc3f-973f-4cb3-aac5-9795cd94d201,review,record_survey
010a9025-acfc-4e78-a06a-560f9d9f4f9d,0d73b0f1-0d46-4955-b511-54f8ffd9f5f8,9,1,"{""EvaluationCriteria"":{},""Comment"":null}",2025-07-21 09:57:46.781248,01003fe9-4929-4377-b9c7-778979c4d6f5,review,record_survey
010c77f6-ab26-4348-9c1b-00f8f22f9f94,5e345e0b-a27c-4392-9cc2-3020088f5292,8,3,"{""EvaluationCriteria"":{},""Comment"":""""}",2023-05-30 17:59:00.645933,ac01147d-162f-4259-a81f-76559b1c0417,review,record_survey
010dc060-462f-4495-861d-0a62c3a39ff8,13c172f2-f476-414f-afcd-2f6635ed4ace,9,1,"{""EvaluationCriteria"":{},""Comment"":null}",2026-04-15 11:33:32.099995,8d3193a4-2352-4f9d-a44a-373c7471d4eb,review,record_survey
01102bc0-d3fe-4e16-b3cc-45db77f0e395,d06d1883-b845-4c00-8e5f-1d0d91b6be22,8.5,1,"{""EvaluationCriteria"":{},""Comment"":""âm thanh ổn hơn, giai điệu tạm ổn, hơi thiếu âm trầm thể hiện chất nhạc jazz""}",2026-01-26 16:41:20.892321,ee281733-0528-40ec-ae2e-93d22094cad4,review,record_survey
0110c5e2-5cfc-4611-bfbc-2b097da1c557,8eefc4bf-3fda-4bc0-9a87-367394527a6a,9,1,"{""EvaluationCriteria"":{},""Comment"":null}",2023-07-05 15:54:37.437091,9bcb0711-195c-4062-8538-abd6c0662b1f,review,record_survey
03cce935-6898-4229-9e4c-75dcdeda6aef,d0d50899-0355-45a8-9eee-c4ca58b5baf1,9,1,okie,2022-06-23 11:14:39.583671,10db7c94-c3b1-4719-a149-b23dba129812,review,record_survey
0118dde9-5cff-481d-bf80-fa6820e3cf74,abd29a5b-e6ae-431b-a9f2-d5c45f51d2b1,8.5,1,"{""EvaluationCriteria"":{""24f872cc-80b4-4337-acc9-8f6939d599ea"":""thư giãn"",""742a099d-ee66-45f1-8c3a-6b552dfa6f82"":""dễ nghe"",""aad282f6-a037-4a4e-8bbe-c92ca7b78773"":""nhẹ nhàng, êm ái"",""e6b420d3-a36c-41a8-b4a6-12f225978fc2"":""ok""},""Comment"":""âm thanh phần bass và bộ trống đã rõ ràng hơn so với bản trước""}",2023-01-27 15:10:07.376554,371c5400-6c5b-4280-b0e8-26ef8134d891,review,record_survey
0119d0a5-bd76-4612-8e51-f6c59660ffe7,abd29a5b-e6ae-431b-a9f2-d5c45f51d2b1,8,3,"{""EvaluationCriteria"":{},""Comment"":""giảm vang""}",2024-11-13 11:13:40.916499,125ac455-cf55-4e61-ad81-7cdfd57e9632,review,record_survey
011f2c1b-7ff0-4fda-9279-6f27e4fcdc81,31125a01-8c64-45f3-92e5-70c889f66b90,8.5,1,"{""EvaluationCriteria"":{""24f872cc-80b4-4337-acc9-8f6939d599ea"":{""Comment"":""thư giãn"",""Rating"":0.0},""742a099d-ee66-45f1-8c3a-6b552dfa6f82"":{""Comment"":""ok"",""Rating"":0.0},""aad282f6-a037-4a4e-8bbe-c92ca7b78773"":{""Comment"":""chậm rãi, biến tấu"",""Rating"":0.0},""e6b420d3-a36c-41a8-b4a6-12f225978fc2"":{""Comment"":""ok"",""Rating"":0.0}},""Comment"":""giai điệu chưa đủ hay để cho 9 điểm""}",2023-06-13 11:13:29.458788,8a838dcf-6b00-4f03-8bbb-5152f2815995,review,record_survey
01202cff-54d9-4dbe-bbb8-4549c7203af5,444c1725-7c41-4f19-b2c3-9a10d1d5e3bc,7,3,"{""EvaluationCriteria"":{},""Comment"":""Với bản relaxing, phần giai điệu như 0:13-0:17 cần bỏ bớt và thay bằng các giai điệu ngẫu hứng hơn, giữ phần giai điệu như 12s đầu thể hiện tinh thần bản nhạc rồi biến tấu nhiều hơn, hoặc phải giảm thời lượng vì 6' hơi dài và gây nhàm chán.\nVề phần âm đã ổn.""}",2023-05-16 11:47:28.036998,83755b9e-472f-49e7-88bb-2161e4fa3203,review,record_survey
0120c61a-7c62-425f-ad0d-28cc330e875b,0a948fad-a289-462e-b91c-967b622752ce,8.5,1,"{""EvaluationCriteria"":{},""Comment"":""check lại bản nhạc coi sao, ngắn thế nhỉ""}",2023-05-04 16:43:02.58798,45b58958-03b2-4a83-92ec-e145b4f3959a,review,record_survey
01222069-ac2f-47d1-b991-9d4e378caae3,abd29a5b-e6ae-431b-a9f2-d5c45f51d2b1,8.2,3,"{""EvaluationCriteria"":{},""Comment"":""cần fill thêm piano""}",2024-08-16 09:46:55.004913,2c0f9bcf-3219-4bb1-aad5-5a8e519193e3,review,record_survey
0122b486-0dd5-485c-b399-b42c4a7ef813,04b57d23-8e2f-484b-8364-85087dc39c7d,6,2,không ok. Màu cũ và không thấy sự ấn tượng trong sound hay giai điệu. Nghe hơi giống nhạc trong các quán cafe xuất hiện trong phim VN năm 2000 :((,2022-07-19 10:38:33.711697,cfcff336-463f-418b-821a-392e8fa18f07,review,record_survey
0125d58b-a5e4-4737-8606-390dfb580f62,68a2d75c-2765-4ba8-b18b-a6c0f2d9c618,7.5,3,"{""EvaluationCriteria"":{},""Comment"":""- về tần số sóng âm êm ái nhẹ nhàng hơn rồi, còn giai điệu vẫn chưa tới độ trầm bổng rõ ràng, không cứ sự lên xuống chỉ một mạch sẽ k thư giãn""}",2024-04-16 09:24:30.28504,94b4bac2-0898-4910-884b-6efe37c24802,review,record_survey
0125fd2b-b2b5-41f3-90c7-e2adeb8e273d,c52ec04c-4bb6-44f4-b553-14f7f61fd559,9,1,"{""EvaluationCriteria"":{},""Comment"":""Good team ui""}",2026-02-26 18:22:51.821892,21e1d529-b44d-47a5-89d7-81257d4111df,review,record_survey
0127b1c5-1592-4713-98f6-b94e4dae4324,8eefc4bf-3fda-4bc0-9a87-367394527a6a,8,3,"{""EvaluationCriteria"":{},""Comment"":""Âm lượng hơi nhỏ so với các bài còn lại""}",2023-09-05 16:05:14.137169,dac1a132-d4fc-4a75-98dc-ef472d770de7,review,record_survey
01281477-8895-4fc3-979a-4c1903e5cf8f,c52ec04c-4bb6-44f4-b553-14f7f61fd559,9.2,1,"{""EvaluationCriteria"":{},""Comment"":null}",2026-05-18 11:28:09.810398,e9494e8f-d920-45dc-93c6-af06b5c7a725,review,record_survey
01289538-bb8d-4c90-9639-dcc12f0f761c,5e345e0b-a27c-4392-9cc2-3020088f5292,8.1,3,"{""EvaluationCriteria"":{},""Comment"":""idea ổn, lúc mix cần mix cần bằng các layer thôi là được \nbass đánh hay phết nho""}",2024-05-17 09:33:26.471578,0e331b8b-5968-4a3d-b237-2059b546f426,review,record_survey
012947b0-4f75-4ac1-9975-25a699b590bc,767992f5-d8e2-4101-ab70-a59c88eb1d6d,7.5,3,"{""EvaluationCriteria"":{},""Comment"":""Không thấy khác gì so với bản cũ ,đoạn mở đầu chưa có thay đổi gì ""}",2025-04-18 17:25:20.940527,9f9aa13a-c027-4f25-9430-64312a5bc448,review,record_survey
012b030d-0f18-4b0f-8ecb-40a81b012f70,e62773ca-d8ed-4b53-9712-2616b1f58eff,8.5,1,"{""EvaluationCriteria"":{""24f872cc-80b4-4337-acc9-8f6939d599ea"":""có chiều sâu"",""742a099d-ee66-45f1-8c3a-6b552dfa6f82"":""không quá nhanh, dễ nghe"",""aad282f6-a037-4a4e-8bbe-c92ca7b78773"":""lạc quan"",""e6b420d3-a36c-41a8-b4a6-12f225978fc2"":""nhạc cụ có tính chân thực, sound có độ nét độ vang vừa đủ, giai điệu piano nghe hay""},""Comment"":null}",2023-01-11 15:55:21.287698,a68dc3f9-0766-41a7-8aea-c833bd8ae684,review,record_survey
012b2352-5877-4b29-ab51-7c5e2219479a,f8660c20-51f4-4a02-b820-7fbdb68f8f1b,8,1,oke,2022-09-12 10:32:00.015018,bdf4b22b-85b9-442d-94d6-0c89943240e5,review,record_survey
012f148a-255f-4408-8198-74d9ad68064c,e62773ca-d8ed-4b53-9712-2616b1f58eff,8,1,"{""EvaluationCriteria"":{""24f872cc-80b4-4337-acc9-8f6939d599ea"":""sáng"",""742a099d-ee66-45f1-8c3a-6b552dfa6f82"":""hay dễ nghe"",""aad282f6-a037-4a4e-8bbe-c92ca7b78773"":""lạc quan, sôi nổi"",""e6b420d3-a36c-41a8-b4a6-12f225978fc2"":""nhạc cụ có tính chân thực, sound có độ nét, độ vang vừa đủ và hoà quyện với nhau về mặt âm thanh.""},""Comment"":null}",2023-01-05 17:05:09.824301,51a50ff7-9c94-43a9-9c23-0bea1cbf118c,review,record_survey
0132664d-0d9e-48d1-81f3-86ce03b569d3,f8660c20-51f4-4a02-b820-7fbdb68f8f1b,8.5,1,"{""EvaluationCriteria"":{},""Comment"":null}",2024-10-18 10:29:19.224609,9905c9dc-428f-4149-87cd-3bab05a91d90,review,record_survey
01332cba-a22c-4017-89c1-822231a2b6d5,5e345e0b-a27c-4392-9cc2-3020088f5292,8.5,1,"{""EvaluationCriteria"":{},""Comment"":null}",2024-11-25 22:34:01.783822,0e021eee-d618-449b-8ff9-65ed56b9325c,review,record_survey
01344c6b-b322-4fe4-a76e-1047539c8023,f8660c20-51f4-4a02-b820-7fbdb68f8f1b,8.5,1,"{""EvaluationCriteria"":{},""Comment"":null}",2024-08-18 15:05:37.459563,2e87e97f-167d-41ed-9daf-a343359f7559,review,record_survey
01345125-b7bb-4abc-b844-ab3c2f714cf1,b20ebc71-f593-4f81-8bda-6fe6c2f816d5,7.5,3,"{""EvaluationCriteria"":{},""Comment"":""phần giai điệu hơi buồn, có sự phát triển trong bài ,chuyển đoạn ổn. Phần giai điệu khá ổn, tuy nhiên bài hơi ngắn và có thể thêm chút âm thanh thiên nhiên (núi rừng kiểu chim, côn trùng kêu, gió,...) cho bài có không gian hơn""}",2023-03-28 15:16:31.36183,4b319cc1-5caf-49c6-8d50-31491e8d02a0,review,record_survey
013642c5-924a-48b9-8bf2-720a5788ae6f,69f07558-6e6d-414c-b55b-9c991c08ac36,8.3,1,"{""EvaluationCriteria"":{},""Comment"":""Giai điệu hay, phù hợp với tâm trạng buổi sáng""}",2023-06-06 11:35:51.372636,a6bceabc-3f46-4053-a7c7-7e6f819eee32,review,record_survey
01a367c8-adcb-4989-86f5-e44919a68364,839bbabe-1a7b-4abf-9f5c-6c7ed9833fc6,8.5,3,"{""EvaluationCriteria"":{},""Comment"":""chữ \""come\"" s34 melodyne hơi chênh nhẹ xíu, còn lại khá ổn rùi ạ""}",2024-10-17 16:15:34.734835,9905c9dc-428f-4149-87cd-3bab05a91d90,review,record_survey
013c0645-9752-4cef-902f-09598194571d,6a60fcc1-ce96-4398-a432-d397b95d22b6,8,3,"{""EvaluationCriteria"":{""4aeb578f-5a33-4b5b-ad10-43501589a638"":{""Comment"":""Cello và Piano cần phối hợp nhiều với nhau hơn, phần Cello đang đánh hơi ít. Đánh gần giống bản mẫu một chút nữa nhé. https://youtu.be/lQ4_id_aTfo"",""Rating"":8.0},""9959e139-100b-4508-8745-bd893ab9a7cb"":{""Comment"":""cải thiện độ trong"",""Rating"":8.0}},""Comment"":null}",2025-05-20 15:28:40.969999,c90bc062-b269-4800-a0f3-5697c56528e9,review,record_survey
013e3f62-6385-4b62-98d7-99b35280244d,abd29a5b-e6ae-431b-a9f2-d5c45f51d2b1,8.4,3,"{""EvaluationCriteria"":{},""Comment"":""pan không gian beat rộng ra 1 chút và tăng volume tổng, còn lại oke rồi\n""}",2024-05-27 11:16:06.686924,62c8136a-f17c-4211-add8-bbc8bff05fde,review,record_survey
013e86ae-6a99-4924-98bd-fafc082eb3ab,fd4e826e-ece1-46c7-9cd1-5d17a53d7cf6,7,1,,2022-10-04 09:09:34.637487,52289cd4-62be-4ff1-91bd-be41c254500c,review,record_survey
014108d1-5c55-4dcf-aeeb-f2ede12941c0,4e3eac7c-e6d8-4e10-b8b5-b66bcc744495,9,1,"{""EvaluationCriteria"":{},""Comment"":""oke nhé""}",2025-09-09 15:25:28.095334,5d8144c5-576e-4d9c-ba7d-0ef949a3bef2,review,record_survey
01435b65-56d5-458c-85c8-662054f0c900,fceea347-7b7d-4bfa-98d4-9f96f62b5486,5,2,"{""EvaluationCriteria"":{},""Comment"":""- Tốc độ nhanh quá\r\n- Guitar chưa hay lắm\r\n- Guitar và bg chưa match, hơi rời rạc""}",2025-05-19 16:13:26.054375,a94752b2-94df-454a-9905-dd0c3c815f0c,review,record_survey
014611b8-3542-45e9-a37d-f10f43910e91,767992f5-d8e2-4101-ab70-a59c88eb1d6d,8.3,3,"{""EvaluationCriteria"":{},""Comment"":""Nốt cao hơi chói tai 1 tí,không gian vẫn chưa cải thiện được nhiều ""}",2025-03-08 17:13:36.42536,0ea651ae-f617-429e-a8a1-e62e438371fb,review,record_survey
0147f800-bac3-4927-81e4-1787b61e422d,0a948fad-a289-462e-b91c-967b622752ce,8,1,"{""EvaluationCriteria"":{},""Comment"":""Xét trên phương diện nghe như nhạc nền, thì ổn""}",2023-12-05 12:03:00.272947,a7070770-87fd-4cda-9870-fe0cfb113860,review,record_survey
0148c967-aad8-434c-8792-00e7f4307f6e,8eefc4bf-3fda-4bc0-9a87-367394527a6a,9,1,"{""EvaluationCriteria"":{},""Comment"":null}",2023-06-07 11:12:05.097082,4c19bb58-5399-4a6e-bac1-e1ae3a934fe9,review,record_survey
0148d56f-f3f3-4f3c-80df-cb143f8c3e7d,7ce38c95-dfa2-43df-a72f-dba6baf561f0,9,1,"{""EvaluationCriteria"":{},""Comment"":""Nhờ a chỉnh bài này nhỏ đều xuống giúp em xíu ạ. đặc biệt là trống""}",2025-07-23 11:49:10.955951,d88f6f66-dadf-4f64-90a9-49626a312aaa,review,record_survey
014a5f60-cc24-444e-8520-96edd37edfe2,0a948fad-a289-462e-b91c-967b622752ce,8.1,1,"{""EvaluationCriteria"":{""24f872cc-80b4-4337-acc9-8f6939d599ea"":{""Comment"":""hơi trung - dễ chịu"",""Rating"":0.0},""742a099d-ee66-45f1-8c3a-6b552dfa6f82"":{""Comment"":""Giai điệu của bản này nghe có vẻ hơi có chút kỳ công hơn bản trước, nhưng vẫn hơi hướng an toàn"",""Rating"":0.0},""aad282f6-a037-4a4e-8bbe-c92ca7b78773"":{""Comment"":""thư giãn, tạo cảm hứng"",""Rating"":0.0},""e6b420d3-a36c-41a8-b4a6-12f225978fc2"":{""Comment"":""Drum cũng hơi to 1 tí nhưng ko quá khét, cũng vẫn nghe được"",""Rating"":0.0}},""Comment"":""CŨng như bản trước, bản này cũng trong tầm an toàn""}",2023-04-11 10:51:11.344099,b40e5d2b-e357-4d5e-860d-848db96ffa6c,review,record_survey
014b87e3-5d96-46b1-a28b-696e0afbe94c,d6caf172-60d5-4173-8881-293efb503b5e,8,3,"{""EvaluationCriteria"":{},""Comment"":""\r\nđoạn chorus \""whisper in the dark\"" ngân vẫn chưa được hay, đoạn này cần được ngân hay hơn""}",2024-10-29 14:46:26.560333,8dff82ba-e652-477b-afaa-29799d4e9051,review,record_survey
014d3f99-8d29-4662-ae38-30c2910b534d,16eb25d9-8429-4313-a5f5-3ff07b1c27f6,8.5,1,"{""EvaluationCriteria"":{},""Comment"":""Bài ổn ở mức khai thác đc r. Fix nốt giảm âm lượng vocal thôi""}",2024-07-19 15:24:41.527472,0f4cfc8a-b98a-41f3-b1a2-496020cf35f1,review,record_survey
014d7172-899f-42ad-90f1-c38e7b59236a,8eefc4bf-3fda-4bc0-9a87-367394527a6a,0,3,"{""EvaluationCriteria"":{},""Comment"":""- Outro hơi cụt\n- Drop hay\n- Buildup hơi dài. Từ buildup sang drop cần căng hơn\n""}",2024-07-31 15:11:14.119304,17dfd089-f401-44b7-9b63-8aab35896659,review,record_survey
014e11e7-dca3-4347-9878-dd1fb6232d3a,ba9a47de-eaf5-400d-b948-2233829b67e3,8.2,3,"{""EvaluationCriteria"":{},""Comment"":""- Màu chung của bài bị sang kiểu ma mị, huyền bí và hơi dark \r\n- Chưa có vibe summer tươi sáng và vui vẻ, nghe nó không enjoy, phóng khoáng ""}",2025-09-12 14:11:44.895183,d7f636da-e5c8-4047-b2ef-02fe6804e3a0,review,record_survey
014e126c-6f2f-4e10-9b18-8c4e40b74451,13c172f2-f476-414f-afcd-2f6635ed4ace,8.5,1,"{""EvaluationCriteria"":{},""Comment"":null}",2024-09-21 15:56:01.924489,ab86cc76-80ae-40ea-a07c-952351a74c48,review,record_survey
01531336-8bb4-4a04-9e32-a39f6c16aa57,8eefc4bf-3fda-4bc0-9a87-367394527a6a,8.5,1,"{""EvaluationCriteria"":{},""Comment"":null}",2026-02-28 15:38:59.522023,b52e0b15-81e9-43fa-af91-889243ffe66e,review,record_survey
015463c7-4cbe-4fa6-8273-fe16cd7c7587,843871e6-6067-4a83-b242-9c47f2dfdf60,9,1,"{""EvaluationCriteria"":{},""Comment"":""hay""}",2026-07-09 14:43:44.923544,22cb21be-0309-4fba-9686-1dda6ad2196b,review,record_survey
0155844f-1099-4d10-b268-9754eb632dfa,b16c888a-681c-4f7b-adf5-344a2075d77e,8.5,1,"{""EvaluationCriteria"":{},""Comment"":null}",2025-06-24 16:27:43.42798,f04f1462-b3e6-4c10-82d4-0f60673e9c93,review,record_survey
01562162-020d-4ab4-9538-d811438bf8cf,f8660c20-51f4-4a02-b820-7fbdb68f8f1b,8.5,1,"{""EvaluationCriteria"":{},""Comment"":""Đẩy master to lên là oke nha""}",2024-10-15 10:14:50.984262,d23fcd85-4c94-4b21-9994-c64644603616,review,record_survey
0156aadc-b848-4481-839c-d00dff8c65ea,b17c51bf-a8a0-4a9c-8c1d-58bc569b7d8a,8,1,"{""EvaluationCriteria"":{},""Comment"":""âm thanh vẫn bị cứng và chưa được trong.""}",2024-01-23 17:38:13.832518,5b3337f2-4c22-46f4-a9a0-9823737532d8,review,record_survey
015ac474-286a-44f7-8747-e5f6d381ee4d,13c172f2-f476-414f-afcd-2f6635ed4ace,8.5,1,"{""EvaluationCriteria"":{},""Comment"":null}",2024-10-23 14:22:26.573755,10918fff-af3f-4230-89cb-0f3374a60b5b,review,record_survey
015c3092-1307-4ea3-8976-20a949f150ef,b20ebc71-f593-4f81-8bda-6fe6c2f816d5,8.5,1,"{""EvaluationCriteria"":{},""Comment"":""giai điệu ổn, vibe mùa hè, vui vẻ mát mẻ, bài có âm thanh thiên nhiên, có phát triển trong bài""}",2023-04-19 09:18:37.585565,3b3ecb3b-127e-46bd-a7f5-80ffdb63bf5d,review,record_survey
015dd6f5-2ed4-49b0-8d74-e39d27fd5459,abd29a5b-e6ae-431b-a9f2-d5c45f51d2b1,7.5,3,tổng thể được nhưng drum chưa tốt,2022-08-04 14:35:13.306822,b594e63a-35f5-4d12-bccb-1f4656697c3c,review,record_survey
015e2e21-d503-4acd-aafc-0e7d7c9c0959,16eb25d9-8429-4313-a5f5-3ff07b1c27f6,8.4,3,"{""EvaluationCriteria"":{},""Comment"":""Bài ổn nma xem có nên nhanh hơn 1 tí ko, hơi lê thê""}",2024-11-07 09:57:19.892366,3fb55dbd-37b7-4f8e-9086-fb0f7226f1d9,review,record_survey
01d17524-9f2d-4d50-ab5a-e728d5b15b08,cb3f6449-f7e3-4484-bdf8-0e967d001aaf,8,1,"{""EvaluationCriteria"":{},""Comment"":null}",2025-06-13 08:39:32.852554,581982ca-1065-4256-82dc-61210775c2da,review,record_survey
015e72f8-374a-4999-810a-35650249cece,3ad0ef68-9454-48de-982a-5155e06f8948,7.5,3,"{""EvaluationCriteria"":{""02c76e9f-524c-48b1-bb11-18710b1ebf94"":{""Comment"":""Giống bản gốc 85%"",""Rating"":0.0},""4fa5d62d-2d73-46ba-bff5-b341bea68321"":{""Comment"":""Có 1 số âm thanh đệm nghe chưa được hay lắm"",""Rating"":0.0},""680ce995-27d8-464a-ba6c-ce0cb170c7ad"":{""Comment"":""Giống bản gốc 80%"",""Rating"":0.0}},""Comment"":""Đoạn 1p13 - 1p17s âm phụ kết hợp chưa được hay lắm""}",2023-11-14 10:00:02.383906,7786c347-b04d-4c51-9cdf-cd9058636d7d,review,record_survey
015eaf7f-3902-4922-811d-fd1376f74757,8eefc4bf-3fda-4bc0-9a87-367394527a6a,8,3,"{""EvaluationCriteria"":{},""Comment"":""Chất nhạc nghe giống piano Âu Mỹ hơn là Hàn Nhật""}",2023-07-17 11:54:04.468185,210cd300-0e70-4014-8390-e656c66d7f5c,review,record_survey
015fef7d-206a-417a-a91c-8f2c07a1f615,655c6c00-735a-41c4-8f41-2f172c4f19bc,7,3,"Đoạn cuối của bài (khoảng 3:18 trở đi) nghe không được nhất quán với phần đầu cho lắm. Em cảm thấy nó không được thư giãn mà hơi ""nhộn"" quá. Tiếng nhạc cụ gõ đoạn 4:16 không phù hợp.",2022-12-06 15:53:25.93785,c85d1ac4-07dd-4151-bb95-f55feac1edd6,review,record_survey
016187aa-f3e3-4225-a70d-46fd3fa26282,b17c51bf-a8a0-4a9c-8c1d-58bc569b7d8a,9,1,"{""EvaluationCriteria"":{},""Comment"":""Có thể thêm âm thanh ù ở cuối nốt ngắt lâu. Để bản nhạc k bị trống""}",2025-07-23 13:54:11.836813,e9cead3d-09f8-46d9-a635-7a66ab5c62fe,review,record_survey
01639436-62cd-4a2e-9985-9cdf7899e3bb,f8660c20-51f4-4a02-b820-7fbdb68f8f1b,8.3,1,"{""EvaluationCriteria"":{},""Comment"":null}",2025-01-06 09:57:43.681592,dfcac096-fd7c-417d-ae28-e10214127661,review,record_survey
0163e2fe-680b-411d-9db5-fc6885329e47,5504c544-9b1a-4792-8b6a-c43e043ac227,9,1,"{""EvaluationCriteria"":{""24f872cc-80b4-4337-acc9-8f6939d599ea"":{""Comment"":"" trung hòa an toàn"",""Rating"":0.0},""742a099d-ee66-45f1-8c3a-6b552dfa6f82"":{""Comment"":""Các phân đoạn solo ngẫu hứng biến tấu hơi nhiều"",""Rating"":0.0},""aad282f6-a037-4a4e-8bbe-c92ca7b78773"":{""Comment"":""Say mê sáng tạo"",""Rating"":0.0},""e6b420d3-a36c-41a8-b4a6-12f225978fc2"":{""Comment"":""Đảm bảo không gian âm nhạc thoáng đãng"",""Rating"":0.0}},""Comment"":""""}",2023-03-30 14:30:05.173328,ea04f890-28e2-4523-a28c-596bf5a8a1dd,review,record_survey
01646fd0-4983-413e-960c-f80edeb2a7a1,5e345e0b-a27c-4392-9cc2-3020088f5292,8.8,3,"{""EvaluationCriteria"":{},""Comment"":""thư giãn, lãng mạn phết, hạ volume nhạc cụ nền 1 xíu cho nổi piano là đẹp, dòng này nhạc cụ nền nghe liu riu ""}",2024-08-16 15:32:09.427051,9fb1519d-f457-49ba-a0b4-2c95bc8408a4,review,record_survey
0164d70b-5de6-4776-8a11-a07d46c66ab4,13c172f2-f476-414f-afcd-2f6635ed4ace,8,1,"{""EvaluationCriteria"":{},""Comment"":""đẹp dịu dàng, nhẹ nhàng, nghe ngày không mưa không nắng chill chill, giai điệu dễ dàng vô tai chỉ chưa quá nhấn nhá ""}",2023-08-14 14:30:28.849724,e4a823ef-0180-482d-96cd-6292d7bd2757,review,record_survey
0164f5dc-bfe9-4452-ad0f-336ccc9388b2,d79e0730-01f6-4614-8fb2-f5b5ae789831,8.2,1,"{""EvaluationCriteria"":{},""Comment"":null}",2025-04-21 11:09:28.050912,d5c9a2ce-c98e-4197-9722-008e3327bce5,review,record_survey
0165250c-bc9a-46d7-a540-13c13b359510,13c172f2-f476-414f-afcd-2f6635ed4ace,0,2,"{""EvaluationCriteria"":{},""Comment"":null}",2026-03-16 17:46:08.943078,02cc5ced-1c39-40c1-95db-bc5b0448d479,review,record_survey
0167f047-d737-4d39-952f-bb73550b7361,7ac57b9f-9ab8-4196-8144-b16236ba5cd4,8.13,3,"{""EvaluationCriteria"":{""4aeb578f-5a33-4b5b-ad10-43501589a638"":{""Comment"":""Chất lượng sound relaxing ok"",""Rating"":8.5},""9959e139-100b-4508-8745-bd893ab9a7cb"":{""Comment"":""Sound piano oki nhưng mixing không gian chưa được tốt, "",""Rating"":7.75}},""Comment"":""""}",2023-11-15 15:53:41.409151,4f32253b-6db9-43dc-a1e6-cfd50664b941,review,record_survey
016834ec-3a09-4ee9-af22-12c04bb8073a,abd29a5b-e6ae-431b-a9f2-d5c45f51d2b1,8.5,1,"{""EvaluationCriteria"":{},""Comment"":null}",2024-08-17 17:34:06.060952,907fe053-2ad1-4628-ad6b-f689c40f2694,review,record_survey
0169a2bb-fd69-4b9c-a3fd-e3f8d3162cdb,68a2d75c-2765-4ba8-b18b-a6c0f2d9c618,8.7,1,"{""EvaluationCriteria"":{},""Comment"":""- Giai điệu êm ái, du dương, có chiều sâu không gian\n- Âm thanh nền nhẹ nhàng, thư giãn""}",2024-05-28 18:06:10.114384,847959de-82eb-4d73-b92b-9ab231405316,review,record_survey
0169e0fb-5498-417a-9e2f-e46bb20e8010,6e306f5a-07bc-467e-bf31-ccaf31841e4e,7.5,3,"{""EvaluationCriteria"":{},""Comment"":"" - Luyến lấy lead chưa được hay từ đoạn 3:47 trở đi""}",2024-07-01 15:53:00.206162,c2c78bbc-bf2a-428d-9849-a1d8d4a0d006,review,record_survey
016a8f4e-c107-4b65-a527-762544cd7f27,843871e6-6067-4a83-b242-9c47f2dfdf60,8.3,1,"{""EvaluationCriteria"":{},""Comment"":null}",2024-12-13 08:15:42.668329,55d05410-7bca-4c96-b852-866d62e0d398,review,record_survey
016dc5db-74b9-4e69-9ffd-14b9b1f17cb3,16eb25d9-8429-4313-a5f5-3ff07b1c27f6,9,1,"{""EvaluationCriteria"":{},""Comment"":""okay""}",2026-03-12 16:37:46.389929,5c8c4933-f5b5-4f1e-a3fa-839c2824da56,review,record_survey
016f68cf-82ed-4a7e-a4a5-cf81ac5c0aca,6225eaf1-0c57-410a-a09d-a0055f7e073a,9,1,"{""EvaluationCriteria"":{""0619f987-222d-4959-a13d-43904a7a8c2e"":{""Comment"":""ok"",""Rating"":9.0},""e6ed2234-3699-4cfd-8fc0-0d2780131881"":{""Comment"":""ok"",""Rating"":9.0}},""Comment"":null}",2023-04-08 17:18:27.129456,f6d4d56d-c2f2-40e8-b74c-d72ebc396640,review,record_survey
016f78bc-9741-46c1-917a-56329cba62c4,6225eaf1-0c57-410a-a09d-a0055f7e073a,9,1,"{""EvaluationCriteria"":{""0619f987-222d-4959-a13d-43904a7a8c2e"":{""Comment"":""ok"",""Rating"":9.0},""e6ed2234-3699-4cfd-8fc0-0d2780131881"":{""Comment"":""Ok"",""Rating"":9.0}},""Comment"":null}",2023-04-25 16:13:54.967698,380da2cf-774d-4d33-8565-99f7cc2b8bcd,review,record_survey
017168cb-8eda-4bca-8a9f-d3a2f083edd4,b20ebc71-f593-4f81-8bda-6fe6c2f816d5,6.5,2,"giai điệu trung tính lúc vui lúc buồn, phần điệp khúc 1 có sự phát triển nhỏ (thay đổi kiểu âm thanh) còn điệp khúc 2 thì không có sự phát triển, bài chưa có nhiều sự phát triển, giai điệu lặp lại",2022-12-13 09:48:40.842125,9795c582-2069-4817-8aea-2a2d722872f9,review,record_survey
0171fc58-21f9-4dc8-9dec-bd210bcb46b4,13c172f2-f476-414f-afcd-2f6635ed4ace,8.8,1,"{""EvaluationCriteria"":{},""Comment"":""""}",2024-08-15 15:03:19.752854,5f5e2f80-0e80-4bec-9180-017826ad3565,review,record_survey
01721aff-54fe-4a2a-bf76-be2f3df7ccb4,39afcfe8-78b7-4ee5-b854-f2d8a124789a,8.2,1,"{""EvaluationCriteria"":{""24f872cc-80b4-4337-acc9-8f6939d599ea"":{""Comment"":""Nhẹ nhàng và êm ả"",""Rating"":0.0},""742a099d-ee66-45f1-8c3a-6b552dfa6f82"":{""Comment"":""Giai điệu không quá nhanh, du dương, dễ nghe, hòa quyện với nhau"",""Rating"":0.0},""aad282f6-a037-4a4e-8bbe-c92ca7b78773"":{""Comment"":""lãng mạn, tinh tế"",""Rating"":0.0},""e6b420d3-a36c-41a8-b4a6-12f225978fc2"":{""Comment"":""Các sound có âm thanh và độ vang rõ ổn định"",""Rating"":0.0}},""Comment"":""Các sound có âm thanh và độ vang rõ ổn định, giảm độ vang của tiếng piano một chút""}",2023-05-29 11:46:47.160518,04c722e3-0c12-4032-b92d-8e73323cb08a,review,record_survey
0174adf6-3764-4f51-854b-20768a593886,9afcf13a-78f4-4174-9a4b-e7880d06392c,8,3,"{""EvaluationCriteria"":{},""Comment"":""- Bố cục hợp lý\r\n\r\n- Hòa âm hay, lựa chọn chất âm cho các nhạc cụ và bộ gõ phù hợp với chất nhạc hướng tới.\r\n\r\n- Bộ trống gõ chưa đủ nảy, Kick chưa đủ punch qua mix, Snare hơi chìm.\r\n\r\n- Bass bị mỏng, chưa đủ đầm ấm.""}",2025-06-14 09:51:50.186986,4f896ad7-b3c8-4e2a-ada7-e8a90833300f,review,record_survey
01754781-98fb-4a65-b780-58b620bdd92d,9ea5b50b-4ced-4b10-be33-49e4d3e4bb42,8.4,1,"{""EvaluationCriteria"":{},""Comment"":""căn chỉnh âm thanh hơn là oke ạ""}",2023-11-29 11:29:18.421294,5dc2979c-79af-4184-963c-0c847eababd8,review,record_survey
0178dba0-c656-4a95-84de-527f53fe8fa1,d06d1883-b845-4c00-8e5f-1d0d91b6be22,8.5,1,"{""EvaluationCriteria"":{},""Comment"":""ổn hơn rồi, ""}",2025-08-22 10:01:04.323212,c7a3b3e8-ca6c-4cdc-ada2-0ac81b6d7714,review,record_survey
017a217d-1b72-4185-9c73-0dec9a111678,9494688a-304e-45e5-9ae8-956d810bce24,7,3,"{""EvaluationCriteria"":{},""Comment"":""00:07; 00:31; 00:56; vân vân ù quá. Hãy write từ automation từng chỗ để sửa chứ đừng thay đổi luôn layer khác hoặc mix tổng thể, nó sẽ làm ảnh hưởng đến chất lượng các đoạn khác mà ko cần sửa. ""}",2024-05-27 08:57:27.264292,6ee9075f-1bdd-4cf4-ba28-5a051223ea5b,review,record_survey
017b64ff-dded-463c-8044-fec0d6cc212c,0d73b0f1-0d46-4955-b511-54f8ffd9f5f8,8,3,"{""EvaluationCriteria"":{},""Comment"":""Bản mix có thể tiếng guitar đang hơi to? compare với track nhạc\r\nHoặc bản master chưa glue đủ chặt\r\nCòn lại mọi thứ OK""}",2025-12-16 14:50:58.130248,cb06fe3e-3396-4586-bdbf-62c5f5204acc,review,record_survey
017b754d-9480-4df4-aed1-260fb97c4e3c,d06d1883-b845-4c00-8e5f-1d0d91b6be22,8,1,"{""EvaluationCriteria"":{},""Comment"":""ok""}",2023-11-17 16:21:00.83098,635cb453-cb9c-4568-b01f-3662beed8836,review,record_survey
017bbb85-8a6c-48bb-b9b7-2ccea9494fbf,abd29a5b-e6ae-431b-a9f2-d5c45f51d2b1,7,3,chưa ưng sound bài này lắm,2022-09-26 11:06:50.104314,0c486602-6618-4c78-a37b-a4fd1913a132,review,record_survey
017c5741-574b-49ca-ae9e-bf64e04df0cf,61d45226-50e1-4674-8e0e-4cbdc12f879f,9,1,"{""EvaluationCriteria"":{},""Comment"":null}",2024-09-12 16:21:47.797222,928269b6-78f4-40e7-ae9f-7da2b247cf80,review,record_survey
017c63d5-fd2d-4b68-a70d-991f0e65f378,92f38085-28a3-43aa-8bde-1b4b9ecfdfd6,7.2,3,"{""EvaluationCriteria"":{},""Comment"":""    Mình thấy kiểu chơi giai điệu này ok, thể hiện được màu Châu Á rồi. Tuy nhiên nên chơi kiểu nhẹ nhàng hơn, vì nhạc mang màu buồn nên cần sự tha thiết, mềm mại, để dễ đồng cảm được với người nghe.\r\n\r\n   Sound piano này bị sáng, hơi chói, hơi bị tươi, chưa hoàn toàn phù hợp với mood buồn""}",2025-03-17 10:25:37.077117,eebcb2ab-37ec-4f93-bfbc-cebb29fd1dea,review,record_survey
017cff40-dcae-4f1f-8a3a-2a5610b2ff4f,31125a01-8c64-45f3-92e5-70c889f66b90,8,1,"{""EvaluationCriteria"":{""24f872cc-80b4-4337-acc9-8f6939d599ea"":{""Comment"":""thư giãn"",""Rating"":0.0},""742a099d-ee66-45f1-8c3a-6b552dfa6f82"":{""Comment"":""nhanh, hơi ngắn, có thể cho lặp lại 1 vẻ nữa"",""Rating"":0.0},""aad282f6-a037-4a4e-8bbe-c92ca7b78773"":{""Comment"":""vui vẻ"",""Rating"":0.0},""e6b420d3-a36c-41a8-b4a6-12f225978fc2"":{""Comment"":""ok"",""Rating"":0.0}},""Comment"":null}",2023-07-26 23:43:43.880855,6256eff7-80cf-488c-b67f-668010ebf5de,review,record_survey
017dc270-f183-4588-89c0-1c4b5bc84335,abd29a5b-e6ae-431b-a9f2-d5c45f51d2b1,7.5,1,tạm đc,2022-12-02 16:52:56.540463,8f510bf1-1744-483f-9af5-9b1e402631d0,review,record_survey
01860a6e-e95a-46ba-b1de-379a4a1a7db6,69f07558-6e6d-414c-b55b-9c991c08ac36,9,1,,2022-11-25 11:28:09.869712,6aafb3a3-c390-4005-a138-2c3b7913bc1e,review,record_survey
018bf9b6-aedf-415f-bb60-505c61162604,3a9ae4fb-3826-45b9-bf5e-3f8f36656d8e,9,1,"{""EvaluationCriteria"":{},""Comment"":null}",2026-04-17 10:41:53.211334,3da8bb77-41ee-4291-adaa-54a27202cb65,review,record_survey
018ebd86-bb3b-4e5b-a238-bae95da67cb2,0d73b0f1-0d46-4955-b511-54f8ffd9f5f8,10,1,"{""EvaluationCriteria"":{},""Comment"":null}",2025-08-25 09:17:33.137531,5afb97fc-7811-428e-9f44-68781dc0c56f,review,record_survey
018f9211-a205-49f0-a4de-21b4f314b87e,c2c45087-3ef0-499c-a171-25925fad47fc,8.5,1,"{""EvaluationCriteria"":{},""Comment"":null}",2025-01-17 16:19:28.659681,ec0852ab-5a2d-4a4a-95d1-fefa650d3d86,review,record_survey
01957982-9142-4a70-a2ad-85548d040cd2,0a948fad-a289-462e-b91c-967b622752ce,7.5,2,"{""EvaluationCriteria"":{},""Comment"":""đoạn đầu cũng acoustic. nhưng về sau đẩy pop drum kits vào thì nó lại thành pop rồi. Mà beat nầy nếu có là acoustic thì cũng hơi bị mạnh""}",2023-11-23 09:44:35.478233,e62350e1-9c8f-4e57-b461-bc19f8e9d347,review,record_survey
0199f234-37c5-4199-b385-0db4e40c091f,d184d160-6edf-4688-9098-aead568c722b,8,3,"{""EvaluationCriteria"":{},""Comment"":""Giai điệu phần sóng âm chưa hay lắm, nxet giống bài 2nd""}",2024-09-18 14:21:14.634111,296aad4f-ce2d-4490-b1de-60fd9342ffef,review,record_survey
019d0fbe-cab3-42fc-80a4-30fcf2d382e6,c52ec04c-4bb6-44f4-b553-14f7f61fd559,9,1,"{""EvaluationCriteria"":{},""Comment"":null}",2026-01-23 15:18:13.654357,31d904b7-0a99-4b10-9cdc-af6cce74a577,review,record_survey
019d9011-5417-4276-87dd-bb898f88af98,0a948fad-a289-462e-b91c-967b622752ce,8.5,1,sau khi mixing nghe bài hay và tây,2022-11-22 11:04:04.672548,cec11764-3c6b-4ed1-a34a-decf9de8b27c,review,record_survey
019df24f-4d26-43b3-99d6-f88aed6de0ea,31125a01-8c64-45f3-92e5-70c889f66b90,8.5,1,"{""EvaluationCriteria"":{""24f872cc-80b4-4337-acc9-8f6939d599ea"":{""Comment"":""thư giãn"",""Rating"":0.0},""742a099d-ee66-45f1-8c3a-6b552dfa6f82"":{""Comment"":""ok"",""Rating"":0.0},""aad282f6-a037-4a4e-8bbe-c92ca7b78773"":{""Comment"":""êm đềm, háo hức"",""Rating"":0.0},""e6b420d3-a36c-41a8-b4a6-12f225978fc2"":{""Comment"":""ok"",""Rating"":0.0}},""Comment"":null}",2023-08-23 14:39:17.538227,8fceffa4-34e5-426d-a2ba-c1b6bb1dfb69,review,record_survey
019f55fc-475f-4617-8dae-e5b2897f722d,b17c51bf-a8a0-4a9c-8c1d-58bc569b7d8a,8,1,"{""EvaluationCriteria"":{},""Comment"":""khá ổn""}",2023-11-02 16:07:58.478625,b3688a28-c5d1-4ea0-a46f-97050a3b47fb,review,record_survey
01a1283a-1476-497e-bad5-ddfd1cf883c2,e4a85e6f-543a-427e-b4a8-58c0e28ac458,6,3,"{""EvaluationCriteria"":{},""Comment"":""- 1:24  vẫn còn nhanh và vấp thì giảm một nốt\n- Tiếng trống hơi to\n- Bài này hơi nhanh, giảm tempo chắc hợp  ( ~5 Tempo)\n- 2:44-2:46 khúc này luyến hay, nhma tiếng trống làm bị át nên k có đất diễn\n- 3:00 trống fill còn dài, gảim lại sẽ hiệu quả hơn \n- Lead ổn""}",2024-06-29 09:21:43.597835,6a05ba4a-bc23-4bc7-86bb-cfdb9b288ccc,review,record_survey
01a1bb1e-294b-4e05-b6cd-3a42247f433b,7aac814c-4e6b-425a-a164-f7fc43b78fb4,7,3,"{""EvaluationCriteria"":{},""Comment"":""- Thiếu tên mẹ trong lyrics.\r\n- Hát đang hơi nhanh, bản full mình hát chậm lại chút giúp em""}",2025-10-13 10:52:49.337664,d24c4f46-26ba-495b-8f6d-f6501690ffcf,review,record_survey
01a90cdc-555f-4c34-9e6e-64b527b96d10,98b95f68-40ac-4feb-a01a-da3a39f0c7ce,2.95,2,"{""EvaluationCriteria"":{""0619f987-222d-4959-a13d-43904a7a8c2e"":{""Comment"":""."",""Rating"":1.0},""e6ed2234-3699-4cfd-8fc0-0d2780131881"":{""Comment"":""- phần guitar nghe dở ( em kbt nhận xét sao nhưng mà dở, nghe lủng củng, không hay.\n- Piano ổn\\\nTổng thể phần piano + guitar không hòa quyện vào với nhau."",""Rating"":7.5}},""Comment"":null}",2023-03-27 15:00:03.53003,26960728-77ef-4179-8934-ca231510e461,review,record_survey
01aa8835-3737-4a61-878a-225c7eb40962,3ad0ef68-9454-48de-982a-5155e06f8948,8,1,"{""EvaluationCriteria"":{""02c76e9f-524c-48b1-bb11-18710b1ebf94"":{""Comment"":""Giống bản gốc 85%"",""Rating"":0.0},""4fa5d62d-2d73-46ba-bff5-b341bea68321"":{""Comment"":""Các nốt nghe rõ ràng"",""Rating"":0.0},""680ce995-27d8-464a-ba6c-ce0cb170c7ad"":{""Comment"":""Giống bản gốc 80%"",""Rating"":0.0}},""Comment"":null}",2023-11-14 09:36:29.259758,7b96bda5-19bb-4a67-a48b-3bb810d57eb6,review,record_survey
01aa8d68-a31c-4f27-84fc-236f0a12efc7,13c172f2-f476-414f-afcd-2f6635ed4ace,8.6,1,"{""EvaluationCriteria"":{},""Comment"":null}",2024-01-03 15:58:44.701999,2eb1da67-0311-4640-85b0-456c78372824,review,record_survey
01ab03f8-5b8f-4d2c-8fcf-fc001794c1d8,f8660c20-51f4-4a02-b820-7fbdb68f8f1b,8.2,3,"{""EvaluationCriteria"":{},""Comment"":""Tiếng sax ok nma kick nghe nó vẫn đang bị mỏng, có thể do bị bass đè.""}",2024-10-09 17:52:49.878361,aecc045a-034b-4759-85a4-5f27fd6ed54a,review,record_survey
01ac42b3-75e5-49df-b492-96c44df9cc71,13c172f2-f476-414f-afcd-2f6635ed4ace,8.3,3,"{""EvaluationCriteria"":{},""Comment"":null}",2025-01-15 15:27:48.506003,ab631532-9801-48ad-9913-32c6abf2290a,review,record_survey
01acead0-1261-415a-94b7-882212f68f79,e62773ca-d8ed-4b53-9712-2616b1f58eff,8,1,"{""EvaluationCriteria"":{""24f872cc-80b4-4337-acc9-8f6939d599ea"":"" tươi sáng"",""742a099d-ee66-45f1-8c3a-6b552dfa6f82"":""vui tươi"",""aad282f6-a037-4a4e-8bbe-c92ca7b78773"":""thư thái"",""e6b420d3-a36c-41a8-b4a6-12f225978fc2"":""chất lượng âm thanh tốt, không gian âm nhạc thoáng""},""Comment"":null}",2023-02-16 11:41:02.69415,0fd22819-586a-403f-b2b0-bf5f2dbdf080,review,record_survey
01b24567-1a8b-4a22-87af-684644996e82,13c172f2-f476-414f-afcd-2f6635ed4ace,8.4,1,"{""EvaluationCriteria"":{},""Comment"":null}",2024-10-15 17:34:18.762796,0d817f52-7f42-449a-b504-463e4167cdfc,review,record_survey
01b33b94-457a-4e5b-8301-68b2e396927e,13c172f2-f476-414f-afcd-2f6635ed4ace,8.5,1,"{""EvaluationCriteria"":{},""Comment"":null}",2024-08-20 10:33:56.493845,1b25164e-b1e4-4b95-81ed-fd673d6ada75,review,record_survey
01b40b23-c7ac-4912-b5ed-a56b82878f93,16eb25d9-8429-4313-a5f5-3ff07b1c27f6,8.6,1,"{""EvaluationCriteria"":{},""Comment"":""Vote bản này nhé. Nma vocal ko sửa đc à? Cảm giác bị nghẹt tiếng vocal""}",2024-07-12 11:23:22.760946,17a25f05-5d14-4636-ae0f-f32cfd757424,review,record_survey
01b94e6d-5e66-4abd-a5e1-c394728f21d1,9afcf13a-78f4-4174-9a4b-e7880d06392c,8.5,1,"{""EvaluationCriteria"":{},""Comment"":""- Good.""}",2025-07-23 17:23:58.049509,086654fe-7bed-4304-8ecf-fe58581d5360,review,record_survey
01bb042b-cf24-42c4-80a2-bec7f12b252f,92f38085-28a3-43aa-8bde-1b4b9ecfdfd6,6.3,3,"{""EvaluationCriteria"":{},""Comment"":""Về giai điệu sau khi fix thì mình thấy:\r\n▪️từ 00:00 - 00:47: mình thầy phần này được soạn lại nghe khá ok\r\n▪️từ 00:48 - 1:32: quá u sầu, đoạn này màu tối hẳn nghe hơi bị mất điểm\r\n\r\nVề âm thanh tổng thể k thấy có không gian, sound piano này nghe giống piano điện""}",2025-03-14 09:50:41.27317,c9b3cabd-5f75-415a-8647-01754c807194,review,record_survey
01bec3c8-d847-4112-9817-2a15188fd70b,f8660c20-51f4-4a02-b820-7fbdb68f8f1b,0,1,"{""EvaluationCriteria"":{},""Comment"":""""}",2024-05-13 08:23:02.423856,22bca6a1-e7bf-4882-8cd7-8ab21ce9e1c0,review,record_survey
01c04079-c998-4b2f-b86f-478ee042d423,b20ebc71-f593-4f81-8bda-6fe6c2f816d5,7,1,chill nhẹ nhàng,2022-06-03 18:05:58.483946,e82ca7f8-5187-42f3-be16-77518d1cc2d7,review,record_survey
01c0ae24-ff48-4b50-9f3f-f92a93c8348c,5e345e0b-a27c-4392-9cc2-3020088f5292,8.5,1,"{""EvaluationCriteria"":{},""Comment"":null}",2024-08-21 15:26:05.020742,bc0e4f56-80ab-4140-8182-faef425d1bae,review,record_survey
01c1d06b-eaa1-4a57-bb43-69ce57c3d09f,61d45226-50e1-4674-8e0e-4cbdc12f879f,8.5,1,"{""EvaluationCriteria"":{},""Comment"":""- Bố cục ổn và hài hoà rồi.\r\n- Sẵn sàng cho ca sĩ thu âm rồi, sau đó đến mixing âm thanh thì anh Thanh cho chị Hiền nghe cảm nhận nha.""}",2025-07-04 19:21:49.069318,5d668b8d-e449-46ea-808c-25a6e085152b,review,record_survey
01c2aac7-471e-4b88-aa95-d47d4314881b,5e345e0b-a27c-4392-9cc2-3020088f5292,8.5,1,"{""EvaluationCriteria"":{},""Comment"":""mix hơi chói lúc nào xuất file dặn prod chỉnh lại eq xíu cho ấm""}",2023-11-08 09:57:34.660949,83556eb6-76bd-4210-9384-6da30f51351a,review,record_survey
01c6eed8-9482-47ec-a8d0-b6c1cbc91b8c,b17c51bf-a8a0-4a9c-8c1d-58bc569b7d8a,9.4,1,"{""EvaluationCriteria"":{},""Comment"":""Hay""}",2025-04-10 18:26:40.110197,66e87e52-7a44-4577-a1b5-38223bbce651,review,record_survey
01c826b0-7676-4683-8fe7-75ccc0d73247,d79e0730-01f6-4614-8fb2-f5b5ae789831,8.5,1,"{""EvaluationCriteria"":{},""Comment"":null}",2024-10-21 08:29:34.550672,db725d6f-ab79-41e3-8013-da5fbb710fbc,review,record_survey
01c850a7-8c61-42ba-acc8-fa1ef56f2b91,abd29a5b-e6ae-431b-a9f2-d5c45f51d2b1,7.5,1,,2022-11-28 14:46:48.633355,82928e8f-cb59-4bc5-b03f-b4f2b0d77eb1,review,record_survey
01c8b012-4921-4b2f-a487-849af7f88d2e,8eefc4bf-3fda-4bc0-9a87-367394527a6a,8,1,Độ rung khá ổn,2022-09-28 15:34:01.957061,0b01f8a5-cc20-4221-9efd-7aa1a2486c69,review,record_survey
01c9507b-e39e-4285-aa1c-10f307029850,8eefc4bf-3fda-4bc0-9a87-367394527a6a,6,2,Giai điệu không hay,2022-09-26 11:16:23.670079,0c486602-6618-4c78-a37b-a4fd1913a132,review,record_survey
01ca3c06-8820-43f1-807e-cd12e04009d8,0d73b0f1-0d46-4955-b511-54f8ffd9f5f8,8,3,"{""EvaluationCriteria"":{},""Comment"":""Loudness master chưa đủ to như bản guitar orginial 04""}",2025-07-23 08:35:12.835545,45506c04-d181-40ca-8713-ebbd5ccf213b,review,record_survey
01cba9b0-f5c0-49bd-80dd-20e208bc774c,f8660c20-51f4-4a02-b820-7fbdb68f8f1b,8.4,1,"{""EvaluationCriteria"":{},""Comment"":null}",2024-10-08 16:48:00.313708,02a72f5f-8903-4208-8450-bb2c64bdac5a,review,record_survey
01cc9518-48a7-4016-8fd8-3fca266f4bdc,5e345e0b-a27c-4392-9cc2-3020088f5292,8.3,3,"{""EvaluationCriteria"":{},""Comment"":""oki rùi đó tha thu thôi, sau mixing chắc sẽ hài hòa hơn\nđoạn cuối thay sound kick, kick này giống pop""}",2023-11-28 09:22:42.710616,c77a6851-cfa1-431e-9981-1143f77fefe0,review,record_survey
01cccfa2-df9f-4dc3-8931-0fede2073a4f,abd29a5b-e6ae-431b-a9f2-d5c45f51d2b1,8,3,"{""EvaluationCriteria"":{},""Comment"":""giảm temp và chú ý phần velocity hơn xíu, âm lượng cũng đang hơi to""}",2024-10-21 15:00:07.605826,1093a4f0-b72c-4de0-bfcf-615ccbf9cb6b,review,record_survey
01d128e2-400c-4916-9c00-8ad1761181bf,72978bf6-a73e-4223-93b3-0f4b9241bcc9,8.5,1,"{""EvaluationCriteria"":{},""Comment"":null}",2024-01-09 14:59:43.704015,b39b9cae-b793-49a9-acbd-13a401b1c6a8,review,record_survey
01d40420-581b-456c-9846-f9544e454666,b16c888a-681c-4f7b-adf5-344a2075d77e,8.6,1,"{""EvaluationCriteria"":{},""Comment"":""Chill""}",2023-12-04 11:35:16.077692,45826d38-99fa-4882-8bee-50ebde1946f5,review,record_survey
01d71a71-5502-4427-bdb3-010a0bd0ab78,6a60fcc1-ce96-4398-a432-d397b95d22b6,8,1,"{""EvaluationCriteria"":{},""Comment"":null}",2023-04-27 16:22:49.438187,3646f7bd-5de6-4c5f-ae6a-f43c02a23eb8,review,record_survey
01da0eb5-4f9f-40b3-b66b-8224ef5afb1c,13c172f2-f476-414f-afcd-2f6635ed4ace,9,1,"{""EvaluationCriteria"":{},""Comment"":null}",2026-02-26 11:13:46.796608,8aa23520-381e-41b0-8b83-3487eab82424,review,record_survey
01dbd519-9d21-447c-bd2d-4276468e8699,13c172f2-f476-414f-afcd-2f6635ed4ace,8.4,3,"{""EvaluationCriteria"":{},""Comment"":""Bài này có tiềm năng ạ, tầm 1 phút cuối bài đã có sự ngẫu hứng trong tempo r và làm bài có hơi người hẳn lên! Các đoạn từ trc đổ lại thì vẫn đang hơi đều đều ạ! cần áp dụng cách ngẫu hứng này nhiều hơn, ví dụ như là từ ở trong link mẫu này từ 0:59 - 1:05 https://www.youtube.com/watch?v=IHUL1RmyFJA""}",2024-04-12 18:37:11.796162,7fa557ce-6f6d-446d-9c52-e82a758848e0,review,record_survey
01dcd218-c73d-4d17-b25a-b11b2e2b5f86,abd29a5b-e6ae-431b-a9f2-d5c45f51d2b1,8.5,1,"{""EvaluationCriteria"":{},""Comment"":null}",2024-09-10 10:50:39.04728,78137d40-f1bb-4863-b658-6faea9034c30,review,record_survey
01e1136a-129b-41bf-b739-87bd0a876684,7ac57b9f-9ab8-4196-8144-b16236ba5cd4,8.75,1,"{""EvaluationCriteria"":{""24f872cc-80b4-4337-acc9-8f6939d599ea"":{""Comment"":""thư giãn"",""Rating"":0.0},""742a099d-ee66-45f1-8c3a-6b552dfa6f82"":{""Comment"":""ổn"",""Rating"":0.0},""aad282f6-a037-4a4e-8bbe-c92ca7b78773"":{""Comment"":""u ám"",""Rating"":0.0},""e6b420d3-a36c-41a8-b4a6-12f225978fc2"":{""Comment"":""ổn"",""Rating"":0.0}},""Comment"":""""}",2024-01-22 15:04:00.043612,9176db05-54ba-4422-b921-69d57bc8f295,review,record_survey
01e1e524-c244-4277-b5cf-6925298e125f,69f07558-6e6d-414c-b55b-9c991c08ac36,9,1,,2022-11-25 11:31:42.213226,318ba810-6c48-493f-8dbc-9cd6aefe4b7e,review,record_survey
01e30cab-04d8-4f77-9d50-06aaf1fd390c,6225eaf1-0c57-410a-a09d-a0055f7e073a,8.5,1,"{""EvaluationCriteria"":{},""Comment"":null}",2024-11-23 09:33:45.244551,c1a52479-db20-4eb8-9bb5-5dfcb4241890,review,record_survey
01e32c7a-3758-47aa-ad48-7f7afe1d2097,8eefc4bf-3fda-4bc0-9a87-367394527a6a,8,1,"Bản sửa có âm piano đã hay hơn đáng kể so với bản đầu, nếu giai điệu piano liền mạch hơn nữa thì sẽ hay hơn nữa",2022-10-29 10:16:18.181589,389a4218-5067-4a6e-bfe6-518ee1d1b540,review,record_survey
01e53c5b-1381-40d9-8741-a0ba0a80f4ae,31125a01-8c64-45f3-92e5-70c889f66b90,8.5,1,"{""EvaluationCriteria"":{""24f872cc-80b4-4337-acc9-8f6939d599ea"":{""Comment"":""thư giãn"",""Rating"":0.0},""742a099d-ee66-45f1-8c3a-6b552dfa6f82"":{""Comment"":""ok"",""Rating"":0.0},""aad282f6-a037-4a4e-8bbe-c92ca7b78773"":{""Comment"":""buồn, lê thê"",""Rating"":0.0},""e6b420d3-a36c-41a8-b4a6-12f225978fc2"":{""Comment"":""ok"",""Rating"":0.0}},""Comment"":null}",2024-01-21 17:43:32.465319,9176db05-54ba-4422-b921-69d57bc8f295,review,record_survey
01e82e4d-ceb0-49ca-9dca-8ff06c5086ec,c2c45087-3ef0-499c-a171-25925fad47fc,8.5,3,"{""EvaluationCriteria"":{},""Comment"":""- tắt layer bè ở chorus 1, anh tự cân nhắc về bè ở chorus 2 nha ạ\n- các chorus câu đầu \""dont call me baby\"" chưa sync, cần ghép cẩn thận hơn xíu""}",2024-06-26 14:35:26.400558,720c1068-d0f1-42da-9ef6-a6190c8695b1,review,record_survey
01ec5b40-1a53-4c20-9711-59c42f57681b,b17c51bf-a8a0-4a9c-8c1d-58bc569b7d8a,8,2,"{""EvaluationCriteria"":{},""Comment"":""chất lượng âm hơi bé, nốt chưa được vang và hơi nhẹ""}",2025-08-05 09:38:01.591786,5beed30b-1c15-471e-ae55-6c50fca94229,review,record_survey
01ede384-9ec4-4ecc-8146-aa513505fe52,6a60fcc1-ce96-4398-a432-d397b95d22b6,9,1,"{""EvaluationCriteria"":{""4aeb578f-5a33-4b5b-ad10-43501589a638"":{""Comment"":""Giai điệu hay"",""Rating"":9.0},""9959e139-100b-4508-8745-bd893ab9a7cb"":{""Comment"":""chất lượng âm thanh tốt"",""Rating"":9.0}},""Comment"":null}",2026-06-30 09:14:38.647925,b0246be1-aa3f-470f-94da-3fd3ef031275,review,record_survey
01ef12d1-406c-40ef-8581-22f5d672f554,abd29a5b-e6ae-431b-a9f2-d5c45f51d2b1,8.3,3,"{""EvaluationCriteria"":{},""Comment"":""sound piano đang hơi đanh và chói""}",2024-01-12 15:38:31.030346,eefa75cf-0be7-4baf-b148-aca7d2a79899,review,record_survey
01f0591e-fd19-4b68-8b3f-80c4c6967396,b17c51bf-a8a0-4a9c-8c1d-58bc569b7d8a,8.8,3,"{""EvaluationCriteria"":{},""Comment"":""Hơi vang và vọng. Chỉnh xuống 1 chút xíu xíu""}",2025-07-19 10:31:16.339357,def7e5fe-6dff-46bb-a50a-d1408d573d28,review,record_survey
01f0a8ad-4960-4811-ab0d-74f00269e803,f8660c20-51f4-4a02-b820-7fbdb68f8f1b,8.2,3,"{""EvaluationCriteria"":{},""Comment"":""Nên đổi synth nhẹ hơn""}",2025-01-06 10:07:23.011458,637ebf8c-b684-4e75-b7ca-93b01f2226e8,review,record_survey
01f11a43-6e38-4472-9f3f-03224019d4b8,b16c888a-681c-4f7b-adf5-344a2075d77e,8.2,1,"{""EvaluationCriteria"":{},""Comment"":null}",2023-11-27 10:20:53.142881,a36bbb51-82b0-47f5-8875-21ec4fd44361,review,record_survey
01f2ff6e-5a73-4d20-a54a-5a5dec81f96f,f9fa7f04-fb23-4b44-bd79-6cc44420e988,6,3,"{""EvaluationCriteria"":{},""Comment"":""Melody được\r\nCấu trúc bài lỏng lẻo, đoạn này giống intro của các bài khác, không phải 1 bài nhạc của nghệ sĩ\r\nThời lượng hơi ngắn\r\nBài này cần đủ cấu trúc intro hook outro\r\nCó cảm giác romantic, nhưng chưa hopeless, chưa có cao trào, chưa da diết, ít nốt\r\n""}",2024-11-10 09:54:32.510789,1a9adea7-e93b-4a75-957b-62dd0518fe4f,review,record_survey
01f3a0c0-8fbd-4303-98f4-63b0aa6897c4,f8660c20-51f4-4a02-b820-7fbdb68f8f1b,8.6,1,"{""EvaluationCriteria"":{},""Comment"":null}",2024-06-28 10:52:14.201232,a1ade28f-479c-4550-9e51-b206c1633aff,review,record_survey
01f707a7-894f-4400-8365-4cb9bb2e85c5,13c172f2-f476-414f-afcd-2f6635ed4ace,8.3,1,"{""EvaluationCriteria"":{},""Comment"":null}",2025-01-13 10:29:46.898471,a6d87d46-04da-4f02-93d9-55827cdcc07b,review,record_survey
01f8e146-e974-4de8-b3a5-0a34d6841d50,8eefc4bf-3fda-4bc0-9a87-367394527a6a,9,1,"{""EvaluationCriteria"":{},""Comment"":""Bản Nam chấm""}",2026-03-30 14:54:11.539644,631bc497-8b5a-45d0-b4ec-a991c6ee5d09,review,record_survey
01f909f2-66f0-43c1-9ac5-b0b75b117a27,13c172f2-f476-414f-afcd-2f6635ed4ace,8.3,1,"{""EvaluationCriteria"":{},""Comment"":null}",2024-11-15 17:28:36.9475,a463832a-5261-4037-a0a9-7c5b9baa80c7,review,record_survey
01fced0a-3f0d-4733-9abb-91dd26fad300,6225eaf1-0c57-410a-a09d-a0055f7e073a,8.35,3,"{""EvaluationCriteria"":{""0619f987-222d-4959-a13d-43904a7a8c2e"":{""Comment"":""Hạ âm 1 chút, giảm bớt các nốt cao chói tai"",""Rating"":8.5},""e6ed2234-3699-4cfd-8fc0-0d2780131881"":{""Comment"":""Chưa có sự mới mẻ, còn lặp lại nhiều "",""Rating"":8.0}},""Comment"":null}",2023-04-19 17:36:40.796333,2940d69a-27ba-4f01-af48-a08452ec7cc8,review,record_survey
01ff02a1-8a56-4464-8a0f-9fa666ec4c59,8eefc4bf-3fda-4bc0-9a87-367394527a6a,8,3,"{""EvaluationCriteria"":{},""Comment"":""Vibe nhạc hợp để ngủ\nNhịp điệu chậm, tiết tấu đoạn đầu hơi nhiều quãng nghỉ làm mất mạch cảm xúc""}",2023-03-17 17:56:08.939309,c4303a58-663e-4a4f-957d-62e2388db92b,review,record_survey
02013ec5-c42b-43f4-8dd2-5179a5e5c282,31125a01-8c64-45f3-92e5-70c889f66b90,7,3,"{""EvaluationCriteria"":{""24f872cc-80b4-4337-acc9-8f6939d599ea"":""cảm giác hơi vội"",""742a099d-ee66-45f1-8c3a-6b552dfa6f82"":""giai điệu ok nhưng hơi nhanh, dồn dập"",""aad282f6-a037-4a4e-8bbe-c92ca7b78773"":""rộn ràng, vui tươi"",""e6b420d3-a36c-41a8-b4a6-12f225978fc2"":""Âm thanh ổn""},""Comment"":null}",2022-12-29 15:13:06.310757,f7ff2ac8-64b1-4754-ac76-f3ad1083b62a,review,record_survey
02026669-2ea3-4db2-86d7-e135204369e0,5e345e0b-a27c-4392-9cc2-3020088f5292,8.4,1,"{""EvaluationCriteria"":{},""Comment"":""tha thu thôi""}",2024-01-02 16:04:03.542307,a109f4ae-5b3d-49b4-9683-260a7aad5629,review,record_survey
02031e19-3916-4924-93cf-13ada98ea048,31125a01-8c64-45f3-92e5-70c889f66b90,8.5,1,"{""EvaluationCriteria"":{""24f872cc-80b4-4337-acc9-8f6939d599ea"":{""Comment"":""thư giãn"",""Rating"":0.0},""742a099d-ee66-45f1-8c3a-6b552dfa6f82"":{""Comment"":""có chút khác bản gốc"",""Rating"":0.0},""aad282f6-a037-4a4e-8bbe-c92ca7b78773"":{""Comment"":""ấm cúng"",""Rating"":0.0},""e6b420d3-a36c-41a8-b4a6-12f225978fc2"":{""Comment"":""ok"",""Rating"":0.0}},""Comment"":null}",2023-10-05 09:10:11.167991,a1743b37-2d93-408f-a840-7112e92abb40,review,record_survey
02039d89-bf41-43c3-9a08-082f03a94b6a,8eefc4bf-3fda-4bc0-9a87-367394527a6a,8.5,1,"{""EvaluationCriteria"":{},""Comment"":null}",2025-12-04 17:23:10.791622,80f8d068-e6c7-48d9-a54e-05aab8903e8d,review,record_survey
0206c584-4b64-45e5-941e-329bf560067f,6a60fcc1-ce96-4398-a432-d397b95d22b6,9,1,"{""EvaluationCriteria"":{},""Comment"":""bài này ok rồi nhé""}",2024-05-30 15:54:29.653355,7756604b-38b6-473f-aaf2-70503f89702e,review,record_survey
020892ff-e94a-4db3-9ea6-31fe6c8ca72b,692e3f7a-023b-4f19-99f6-552b47303291,8.3,1,"{""EvaluationCriteria"":{},""Comment"":null}",2025-01-08 15:50:34.188835,4587e120-d876-48ce-a3e5-a6900bf84cf6,review,record_survey
0208e705-eebf-490b-99f0-68b42daecf41,61d45226-50e1-4674-8e0e-4cbdc12f879f,8.4,3,"{""EvaluationCriteria"":{},""Comment"":""Âm nhạc:\r\n- Hiện đang thấy full bài Guitar, có thể xen kẽ những đoạn Piano lên solo, còn Guitar lùi lại đệm. Cả bài toàn Guitar Lead sẽ dễ gây nhàm chán.\r\n\r\nÂm thanh:\r\n- Piano đệm hợp âm (tay trái) hơi to, có thể giảm nhỏ lại chút, chưa không gian cho các nhạc cụ khác rõ hơn.\r\n- Hihat và Shaker có thể to lên, để bài không bị thiếu phần high. To lên nhưng cẩn thận bị harsh nha anh em""}",2025-06-20 09:59:20.304452,d273dc65-8e9e-47f1-a082-7bd6ae3edda1,review,record_survey
020a0200-3a90-4b71-b232-ce9babe6ac5d,16eb25d9-8429-4313-a5f5-3ff07b1c27f6,8.6,3,"{""EvaluationCriteria"":{},""Comment"":""Thay cho chị cái intro luôn nhé nó không relax lắm. Và overall bài đang bị \""ồn\"" quá, nghe như là có nhiều layers quá + tiếng sax cũng chói, xem có cách nào fix fix không nhé""}",2026-01-30 15:55:28.905591,89ceb93a-9093-410a-a0d9-18b7efc09bdb,review,record_survey
020a6bcf-296d-4672-9a85-17c2d38a203a,b16c888a-681c-4f7b-adf5-344a2075d77e,8.6,1,"{""EvaluationCriteria"":{},""Comment"":null}",2024-04-26 16:53:44.916288,8e234def-2dc1-4099-b42d-d74bbfa92c24,review,record_survey
020a7c8e-adda-42e0-a434-4f5925bcb5bb,0a948fad-a289-462e-b91c-967b622752ce,8,1,"ok, êm đềm",2022-11-08 17:00:51.732353,328affd8-6293-4ac9-a2ab-a451cd62275c,review,record_survey
020ec047-9be2-40e3-9cbf-aabba13dea68,13c172f2-f476-414f-afcd-2f6635ed4ace,9,1,"{""EvaluationCriteria"":{},""Comment"":null}",2026-02-26 10:38:42.107413,b6a05e9f-a5f5-49ff-bc90-4d994737bbd6,review,record_survey
020f11e2-1ab2-4bff-b35c-b09f86e7fe12,e46870cc-7054-4a34-82b0-dd43480a5d39,7.8,3,"{""EvaluationCriteria"":{},""Comment"":""cần relaxing vibe hơn nữa , tone&mood sáng bài lên xíu nữa""}",2025-01-14 20:27:45.990819,dbc7d1c7-09fb-4697-b094-ffe1de98e6cf,review,record_survey
020f2af4-c7cc-4c6f-99bb-a457bef71e5c,e46870cc-7054-4a34-82b0-dd43480a5d39,8,1,"{""EvaluationCriteria"":{},""Comment"":null}",2024-12-31 16:41:24.395894,a0bcb079-ba49-4ccb-b1bf-d5068b06cf5b,review,record_survey
0214d5d4-7882-46fb-97e8-92678cfc0492,9afcf13a-78f4-4174-9a4b-e7880d06392c,7,3,"{""EvaluationCriteria"":{},""Comment"":""- Bỏ đoạn rap, nghe bị líu và dính chữ. Thay bằng các đoạn Climax có giai điệu và âm nhạc cụ như kèn hoặc synth ảo.\r\n\r\n- Thiếu các đoạn Climax giữa các verse vocal. Hiện đang bị ngang đều quá vì hát từ đầu đến cuối bài.\r\n\r\n- Bass bị mỏng và chưa đủ ấm.""}",2025-07-14 15:26:18.156399,d416a454-a7ca-4573-af5a-54a1e414943d,review,record_survey
0215bbb0-4222-42c2-882c-00ea5c9aa39f,7ac57b9f-9ab8-4196-8144-b16236ba5cd4,7,3,"{""EvaluationCriteria"":{""24f872cc-80b4-4337-acc9-8f6939d599ea"":{""Comment"":""thư giãn"",""Rating"":0.0},""742a099d-ee66-45f1-8c3a-6b552dfa6f82"":{""Comment"":""Giai điệu oki nhưng sound piano hơi nẩy và đanh và nhanh so với brief."",""Rating"":0.0},""aad282f6-a037-4a4e-8bbe-c92ca7b78773"":{""Comment"":""chill, "",""Rating"":0.0},""e6b420d3-a36c-41a8-b4a6-12f225978fc2"":{""Comment"":""chất lượng sound piano chưa hay, các âm thanh khác uki ạ"",""Rating"":0.0}},""Comment"":""cần fix chậm giai điệu và sound piano ạ""}",2023-12-20 10:27:20.12874,68a9bf74-d651-4484-bb8f-da5aec6a2003,review,record_survey
021784d8-6f45-49fc-badf-1f046274c556,13c172f2-f476-414f-afcd-2f6635ed4ace,8.3,1,"{""EvaluationCriteria"":{},""Comment"":""ukie, đoạn cuối cx thừa khoảng lặng quá 1s""}",2024-12-13 10:30:10.627838,8312baea-c0a2-4369-af61-a82061e41f4b,review,record_survey
0218ecc2-468b-4a2e-8cb4-4a3a3f4f693f,b17c51bf-a8a0-4a9c-8c1d-58bc569b7d8a,9,1,"{""EvaluationCriteria"":{},""Comment"":""Hay""}",2025-04-03 19:27:32.737467,9e13ff28-5879-4f85-ae45-64e2de62c807,review,record_survey
021a7268-7876-484f-b0a2-8e992e15c4f8,c52ec04c-4bb6-44f4-b553-14f7f61fd559,0,3,"{""EvaluationCriteria"":{},""Comment"":""Tiếng ngân chuông xoay ở đầu bài này nghe ù, tạo cảm giác hơi overwhelmed người nghe một tẹo.""}",2025-12-25 16:53:02.285722,97e9ca80-ee2d-4ddc-9ea0-3d69f745ff1a,review,record_survey
021b048c-4586-4830-b05f-09e7940c11d4,c2c45087-3ef0-499c-a171-25925fad47fc,7.8,3,"{""EvaluationCriteria"":{},""Comment"":""bộ gõ bài này nghe giống cajon hơn các bài khác, nhưng em nghĩ nên tiết chế xíu xiu, mình có thể tham khảo tiếng trống bongo cho bài upbeat nnay ạaaa\nref: https://www.youtube.com/watch?v=-7SHzIBWW8w""}",2024-07-19 10:19:26.586329,34248c36-511f-4941-aadb-ff64a068e5b6,review,record_survey
021cc139-a6b5-465b-81df-4610f5e41394,0a948fad-a289-462e-b91c-967b622752ce,8.7,1,"{""EvaluationCriteria"":{""24f872cc-80b4-4337-acc9-8f6939d599ea"":{""Comment"":""hơi sáng 1 tí, dễ chịu, đồng điệu"",""Rating"":0.0},""742a099d-ee66-45f1-8c3a-6b552dfa6f82"":{""Comment"":""du dương, êm "",""Rating"":0.0},""aad282f6-a037-4a4e-8bbe-c92ca7b78773"":{""Comment"":""thư giãn, êm đềm"",""Rating"":0.0},""e6b420d3-a36c-41a8-b4a6-12f225978fc2"":{""Comment"":""âm thanh hòa quyện, ok"",""Rating"":0.0}},""Comment"":""Bài này nghe cũng khá là cảm xúc""}",2023-04-14 16:53:45.734509,1e8a30a3-caa5-412f-9ce3-a5734bf27b1c,review,record_survey
021eda55-01e8-4055-a621-62997a93f049,61d45226-50e1-4674-8e0e-4cbdc12f879f,9,1,"{""EvaluationCriteria"":{},""Comment"":null}",2025-10-27 16:12:08.520609,00b013e5-336a-470e-96cd-9bedbeda8d8b,review,record_survey
0220044d-eb67-4b45-859e-ea2f2bd64f4c,d79e0730-01f6-4614-8fb2-f5b5ae789831,8.3,3,"{""EvaluationCriteria"":{},""Comment"":""vocal hay\r\nbeat hơi đơn giản, có thể làm upbeat hơn""}",2024-10-16 11:07:27.952095,05098f8f-ff8a-46ac-afff-4b8af352964e,review,record_survey
0220eb32-2ae7-47a3-9555-ccebe095ecd8,0a948fad-a289-462e-b91c-967b622752ce,8,1,Giai điệu bài này hợp với sound xmas tóa,2022-09-29 08:43:23.247648,40dd0283-3024-4d74-a92e-6e1f6a57c987,review,record_survey
0223e874-fa58-46a8-9a96-7eae3999f486,13c172f2-f476-414f-afcd-2f6635ed4ace,8.5,1,"{""EvaluationCriteria"":{},""Comment"":""đoạn intro , tiếng kèn bị chói, luuw ý master""}",2026-07-10 10:28:51.119209,ab033b19-66a9-4a46-a1c3-7409d6e85ae4,review,record_survey
02252d8c-10da-4c7e-837d-19187be081b1,31125a01-8c64-45f3-92e5-70c889f66b90,9,1,"{""EvaluationCriteria"":{},""Comment"":null}",2025-09-17 10:35:42.570059,327b15ed-3847-413b-9dbf-ce84d9cdc9d4,review,record_survey
022727e9-2286-4149-8b1f-2b74e4fbb9e3,aeed5635-c7e2-44b7-a4f6-596166e94410,8,1,"{""EvaluationCriteria"":{},""Comment"":""giai điệu bài hay, giai điệu nghe khá kiểu r&b, chill, bài mix kết hợp nhiều nhạc cụ khác nhau, có sự phát triển trong bài, nghe bài không bị nhàm chán, bài khai thác được""}",2023-12-08 11:32:29.37379,4594323e-cb3d-4da7-9e3c-7765e2396a21,review,record_survey
0227fe5e-fd79-4598-8dd7-ce3deb131fe8,b20ebc71-f593-4f81-8bda-6fe6c2f816d5,7.5,3,"{""EvaluationCriteria"":{},""Comment"":""đoạn cuối bị lỗi hay sao tự nhiên cụt cái hết ""}",2024-11-26 14:06:34.559961,2e9f59c0-8a4c-4924-a2d9-39df93046548,review,record_survey
022b147d-ee5e-4c90-8cd9-5518ddd6248b,13c172f2-f476-414f-afcd-2f6635ed4ace,8.5,1,"{""EvaluationCriteria"":{},""Comment"":""ukie""}",2024-07-25 17:07:47.588356,213d4b6c-31e9-4a19-bd86-23a89bea0ff4,review,record_survey
022bef6c-26bb-4cc1-87b7-62c74d1b6609,5e345e0b-a27c-4392-9cc2-3020088f5292,8.6,1,"{""EvaluationCriteria"":{},""Comment"":null}",2024-08-22 16:39:09.560154,2a6941d2-d10d-414c-b02c-fd8795bb8a6d,review,record_survey
022c67bc-5053-4475-a9d7-994772d24925,abd29a5b-e6ae-431b-a9f2-d5c45f51d2b1,8.6,1,"{""EvaluationCriteria"":{},""Comment"":""xuất hạ beat xíu cho cân bằng hơn""}",2024-05-28 15:52:18.395116,958df098-42e9-4022-8708-d855a5e158ba,review,record_survey
022edf63-402f-4579-bb8a-e6f55b7cfcd2,72978bf6-a73e-4223-93b3-0f4b9241bcc9,8.5,1,"{""EvaluationCriteria"":{},""Comment"":null}",2024-01-30 14:40:55.390884,ea66c57b-93e6-4cb6-aff7-5a78ca8166ef,review,record_survey
022eece1-7f71-41eb-a989-2223edc363fe,8a0ee7e0-1ec4-440b-8f0a-4950c2b3caec,8.6,1,"{""EvaluationCriteria"":{},""Comment"":null}",2023-08-10 11:59:23.311121,71b1e47b-22a8-4069-ac59-bb0eefeb0c52,review,record_survey
022ef35e-c34b-482a-9d97-f75078ce572b,9f4a3f6e-5c6d-40ff-af6a-de9f8d55908e,7.5,3,"{""EvaluationCriteria"":{},""Comment"":""Từ đầu đến khoảng 1:59 khá dàn trải. Nghệ sĩ cân nhắc cắt bớt hoặc thay đổi về melody. Phần cao trào tăng tempo của piano và violin""}",2024-12-16 09:26:13.973041,990ea75d-77a7-404a-818f-a4206b7372d1,review,record_survey
023334f2-6aa9-4a6a-97c8-5fccd00db57b,0d73b0f1-0d46-4955-b511-54f8ffd9f5f8,7.2,3,"{""EvaluationCriteria"":{},""Comment"":""\""Pedal Noise\"" piano đang to, nên giảm khoảng 3-5db. VSTI này noise ở highfreq ( cân nhắc đổi VSTI khác). Phần Mixing thì tần high bị flat nhiều nên ảnh hưởng tần mid bị dư.  Hòa âm và hòa thanh hay. Bố cục ổn. Tổng kết lại: Bố cục, hòa thanh, độ hoàn thiện tốt. Cần cải thiện: Sound design, mixing""}",2025-05-09 17:04:05.121986,98bd5926-c48d-4875-ba60-edebc7975687,review,record_survey
0235d1bb-7b0b-4ab8-832f-c902ff273edb,abd29a5b-e6ae-431b-a9f2-d5c45f51d2b1,8.7,1,"{""EvaluationCriteria"":{},""Comment"":null}",2024-11-15 09:11:05.683159,f2ca07ba-db24-42bd-8e27-63490ae1f9fb,review,record_survey
02363286-7348-4737-981f-0935fd4742bc,5e345e0b-a27c-4392-9cc2-3020088f5292,8.5,3,"{""EvaluationCriteria"":{},""Comment"":""tiếng sax bài này nghe thô quá \r\ncòn lại idea các thứ ổn""}",2025-12-26 10:23:25.32826,293f680f-e5d1-4c3d-9a9f-23a1e78c3189,review,record_survey
02371fbe-3053-44f6-88dd-31533b2617f5,aeed5635-c7e2-44b7-a4f6-596166e94410,8,1,"{""EvaluationCriteria"":{},""Comment"":""bài nghe khá dreamhop, mơ mộng, bài chơi chủ yếu guitar, giai điệu khá hay, bài chill, nhịp bài chậm rãi, có sự phát triển trong bài, khá hợp video cảnh buổi tối""}",2023-09-06 10:55:04.82576,946c4af8-ede9-45d3-ad01-2ccb1cf09ee2,review,record_survey
0239e691-92b2-42af-ac30-b73accebb444,843871e6-6067-4a83-b242-9c47f2dfdf60,8.4,1,"{""EvaluationCriteria"":{},""Comment"":null}",2025-04-18 14:46:38.004885,364a7c1f-d447-45d4-b5b4-c3c6638def79,review,record_survey
023a9ce4-bfa4-42b7-9941-7a4e352db297,6a60fcc1-ce96-4398-a432-d397b95d22b6,8.5,3,"{""EvaluationCriteria"":{""4aeb578f-5a33-4b5b-ad10-43501589a638"":{""Comment"":""đánh chưa giống bản gốc lắm"",""Rating"":8.0},""9959e139-100b-4508-8745-bd893ab9a7cb"":{""Comment"":""chất lượng âm thanh tốt"",""Rating"":9.0}},""Comment"":null}",2026-03-17 16:45:34.033584,6ad9b6ed-6c79-497c-beea-cabb4f69d4fb,review,record_survey
023b561d-325c-40c0-b84f-ca82d9c05db0,8eefc4bf-3fda-4bc0-9a87-367394527a6a,8.5,3,"{""EvaluationCriteria"":{},""Comment"":""cảm giác rung ù hơi nặng, tổng thể âm chưa được sạch vẫn nhiễu tạp âm và chưa được tròn tiếng , giai điệu và âm piano ổn""}",2026-04-20 15:22:25.190002,dd0cd209-92fd-4e7d-b93c-f6b77fc614a1,review,record_survey
023c0f32-645f-4d72-b721-c8b0368fecd6,abd29a5b-e6ae-431b-a9f2-d5c45f51d2b1,8.1,3,"{""EvaluationCriteria"":{},""Comment"":""drums nghe đang hơi lạc quẻ xíu, suggest thêm bass để support tốt hơn""}",2024-07-24 11:12:21.887215,1fd367bb-a890-4fba-9ddb-c062a55d90fb,review,record_survey
023cd804-9cf4-462b-a3f9-50d7d385587a,e930db43-19dc-40df-b4d9-2681d4332161,9.5,1,"{""EvaluationCriteria"":{},""Comment"":null}",2026-07-24 17:31:30.488382,19ab2c1c-315b-4157-8c28-6ac8506d3275,review,record_survey
02446783-1125-42f1-aba0-5da31f4ed49d,13c172f2-f476-414f-afcd-2f6635ed4ace,8.8,1,"{""EvaluationCriteria"":{},""Comment"":""Hay nhé, vibe retro hợp vs mưa nữa""}",2024-03-01 10:47:51.311338,73c27193-eafb-4582-a22e-3549e0ae5aa7,review,record_survey
02462c90-ffbb-4e98-ac59-7da8e96fea3c,abd29a5b-e6ae-431b-a9f2-d5c45f51d2b1,8.5,3,"{""EvaluationCriteria"":{},""Comment"":""giai điệu và không gian, các nốt đang nhấn hơi nặng và thô""}",2023-06-05 14:33:33.554675,13ca7fe1-7523-4718-a62b-d877a4ad97fa,review,record_survey
0248bb8a-3f09-44c5-9777-ef7ed1626e59,8eefc4bf-3fda-4bc0-9a87-367394527a6a,8.5,1,"{""EvaluationCriteria"":{},""Comment"":null}",2025-11-28 17:13:03.678274,665c126f-4cf1-47af-a100-24b6df9ec4e7,review,record_survey
024974fb-895d-405a-b791-81dcd90d0a4a,abd29a5b-e6ae-431b-a9f2-d5c45f51d2b1,7,3,bài hơi trống trải và đơn điệu,2022-11-24 14:53:38.510267,d37fdbd1-2448-4eba-8794-49506329e345,review,record_survey
0249f41a-d0a0-43a1-994b-02a78a5719c9,13c172f2-f476-414f-afcd-2f6635ed4ace,8,3,"{""EvaluationCriteria"":{},""Comment"":""vibe hơi tối, đầm quá""}",2024-01-09 10:48:33.962024,0f06c927-7bf6-4bc9-8075-283f2588914d,review,record_survey
024c1def-bdba-4f4e-9928-faa9366d463c,6225eaf1-0c57-410a-a09d-a0055f7e073a,9,1,"{""EvaluationCriteria"":{""0619f987-222d-4959-a13d-43904a7a8c2e"":{""Comment"":""Tốt"",""Rating"":9.0},""e6ed2234-3699-4cfd-8fc0-0d2780131881"":{""Comment"":""Tươi sáng, phù hợp thị trường "",""Rating"":9.0}},""Comment"":null}",2023-03-14 17:12:28.618641,97d6cf61-764e-4a9a-97c3-0def58e09d70,review,record_survey
024f5dcf-eeda-4c81-b985-4ef0de1d313f,444c1725-7c41-4f19-b2c3-9a10d1d5e3bc,8.5,1,"{""EvaluationCriteria"":{},""Comment"":null}",2023-09-29 14:38:08.467413,a6eff867-93c5-4b62-9a7b-948a7e894973,review,record_survey
024f6d24-35c9-4e12-a432-4b4898ef5b07,444c1725-7c41-4f19-b2c3-9a10d1d5e3bc,8.5,1,"{""EvaluationCriteria"":{},""Comment"":null}",2023-09-07 09:38:34.619184,4d8dff41-1845-4040-9634-eec21ef94ad9,review,record_survey
02514a79-9dce-49f4-8309-b725e4143e60,b20ebc71-f593-4f81-8bda-6fe6c2f816d5,6.5,2,"giai điệu trung bình khá, làm cũng hơi mạnh",2022-08-24 18:05:08.506732,0baf910a-4ad7-46a5-9f77-ddd80e761912,review,record_survey
025168e4-cfd9-4011-9630-a8cb3cd97a32,13c172f2-f476-414f-afcd-2f6635ed4ace,8,3,"{""EvaluationCriteria"":{},""Comment"":""cảm giác bị thều thào, chắc là mixing cho vocal nổi lên hẳn vs để đơn tiếng thui k cần layer vocal nhiều ạ""}",2024-08-21 16:44:22.57942,e08b46a0-9aaa-4f78-a843-df0e6ade206c,review,record_survey
025187ab-0476-4f37-aa27-5bc3268b925b,13c172f2-f476-414f-afcd-2f6635ed4ace,8.4,3,"{""EvaluationCriteria"":{},""Comment"":""50 giây đầu, vocal lệch nhịp ạ, bài này phần nhịp đoạn đầu khá khó nên prod cần nghe và mix kĩ hơn bản gốc: https://www.youtube.com/watch?v=XE9lhjfbCJo\n, còn lại hay ạ""}",2024-05-30 15:41:23.77514,2112ef02-b748-46be-899d-134b826ca351,review,record_survey
0252f95a-d32d-4882-b41f-c319f49b6ed3,f8660c20-51f4-4a02-b820-7fbdb68f8f1b,8,1,OKe,2022-09-24 16:19:03.774204,0c486602-6618-4c78-a37b-a4fd1913a132,review,record_survey
02544b82-b098-44d5-94bf-835ba15e12e1,13c172f2-f476-414f-afcd-2f6635ed4ace,8,3,"{""EvaluationCriteria"":{},""Comment"":""bé""}",2024-12-16 15:43:18.107445,fa102ee7-7515-4f95-92ef-7eb29d3928b5,review,record_survey
02547636-4a9e-4a8f-97fc-c38502a585c8,e62773ca-d8ed-4b53-9712-2616b1f58eff,8,1,"Chất lượng âm thanh: nhạc cụ có tính chân thực, không gian tốt, thoáng, sound piano hay bắt tai dễ nghe
- Tempo vừa đủ
- Giai điệu: dễ nghe",2022-12-06 17:54:10.192071,624bec20-811f-498b-bcc2-4772c82b485c,review,record_survey
0255114d-7f4f-4773-b368-e71966130a83,13c172f2-f476-414f-afcd-2f6635ed4ace,7.9,3,"{""EvaluationCriteria"":{},""Comment"":""prod bị làm ngược hay sao ấy @.@ mình cần làm giống sound synth của mẫu chứ kp giống melody synth .... \r\ngiờ mình cần sound synth giống mẫu, còn melody synth thì prod nên vẽ khác đi sao cho match vs melody vocal bài này chứ ta\r\nbài này t thấy phần humming sau chorus, vs phần synth đang chưa ăn nhập với bài hát ó :3 Híu vs prod ngâm cứu thêm xemm""}",2025-03-18 17:16:46.049536,54dd5931-16e5-4def-9582-9d03d59ca08c,review,record_survey
02559a39-4aa3-44ad-9a82-881b6e625c75,5e345e0b-a27c-4392-9cc2-3020088f5292,8.2,3,"{""EvaluationCriteria"":{},""Comment"":null}",2024-07-08 10:01:19.410686,ff749ccd-2f91-4dd9-bb05-17f7582d8a48,review,record_survey
02564537-993f-4a70-a22d-205bfe07b619,0a948fad-a289-462e-b91c-967b622752ce,8.5,1,"{""EvaluationCriteria"":{""24f872cc-80b4-4337-acc9-8f6939d599ea"":""trung hòa"",""742a099d-ee66-45f1-8c3a-6b552dfa6f82"":""Tốt, có điểm nhấn và ko bị kịch tính"",""aad282f6-a037-4a4e-8bbe-c92ca7b78773"":""Thư giản, tạo cảm hứng"",""e6b420d3-a36c-41a8-b4a6-12f225978fc2"":""tốt, thoáng""},""Comment"":""Tốt, ko cần chỉnh sửa""}",2023-02-23 09:31:23.512251,3f08f8f5-653b-4c16-8d63-ca75d4bf8356,review,record_survey
02592062-af02-483f-9221-1d7b7cb9b621,4e3eac7c-e6d8-4e10-b8b5-b66bcc744495,0,3,"{""EvaluationCriteria"":{},""Comment"":""Phần sound chính đang bị vang lấn át phần melody bài nhạc, điều chỉnh sang sound khác nhẹ nhàng dễ nghe hơn, phần melody đang đều đều từ đầu đến cuối chưa cảm nhận được các đoạn cao trào, bỏ đi tiếng sáo trong bài nhạc.""}",2025-09-26 15:59:49.93549,e9d72ce3-888b-4c74-9d04-f8395f3b279b,review,record_survey
025a4b03-3258-4457-9ab7-5b4984e08415,0a948fad-a289-462e-b91c-967b622752ce,8.2,1,"{""EvaluationCriteria"":{},""Comment"":""Hiện tại kho mình đang thiếu những bài vibe dark. Nhạc ổn nha""}",2023-03-01 11:52:39.075154,bcd82474-3efd-4b9f-ad19-186bc1dec97c,review,record_survey
025a680c-c004-4ef4-a007-8d6b5228bcc0,0a948fad-a289-462e-b91c-967b622752ce,8.5,2,"{""EvaluationCriteria"":{""24f872cc-80b4-4337-acc9-8f6939d599ea"":{""Comment"":""possitive,sáng"",""Rating"":0.0},""742a099d-ee66-45f1-8c3a-6b552dfa6f82"":{""Comment"":""giai điệu thì ko đến nỗi quá nhanh, nghe nó cũng lạ lạ, vui vui. cái nhanh ở đây là ở bộ rhymth la tinh thôi"",""Rating"":0.0},""aad282f6-a037-4a4e-8bbe-c92ca7b78773"":{""Comment"":""vui tươi, sảng khoái"",""Rating"":0.0},""e6b420d3-a36c-41a8-b4a6-12f225978fc2"":{""Comment"":""không đánh giá do chưa mix"",""Rating"":0.0}},""Comment"":""điểm về sự sáng tạo, và vibe mà bài mang đến cho khán giả""}",2023-03-20 09:39:04.775569,c99202a1-316b-45c2-8c4a-5819a3770df3,review,record_survey
025c1390-8dad-4008-9131-0cc9600cd603,b16c888a-681c-4f7b-adf5-344a2075d77e,8.6,1,"{""EvaluationCriteria"":{},""Comment"":null}",2024-07-01 08:59:26.688308,f2e119be-b515-4fc7-b4f7-195c3fa76919,review,record_survey
025c40a9-bbcf-4f51-82de-f45c80a752c1,28bed8cf-6dc9-471b-811d-49b4bf3b8211,7,3,"{""EvaluationCriteria"":{},""Comment"":""- Giai điệu vui tươi nhưng hơi đều nhau, rất chung chung. Em cảm thấy beat chưa làm nổi bật được bài hát cứu hỏa, cần có những đoạn thể hiện sự gấp rút, lúc mạnh mẽ dũng cảm, lúc thong thả khi đã hoàn thành nhiệm vụ để ra được mood \r\n- Cần chỉnh sửa ""}",2025-10-10 12:00:37.895907,1fab177c-13cc-4c65-a5e2-85c7f9dea5dc,review,record_survey
0260ef70-26e3-4c4f-8585-8e3cf6bb28e2,0a948fad-a289-462e-b91c-967b622752ce,8.5,1,"Ô màu đẹp đấy, nghe trong sáng du dương",2022-11-28 10:08:23.235338,16bdd6fb-bcbf-41ec-8cb5-67eebf14439d,review,record_survey
02623fff-62ce-4d3d-a665-8c2eab3b1da6,13c172f2-f476-414f-afcd-2f6635ed4ace,9,1,"{""EvaluationCriteria"":{},""Comment"":null}",2026-03-23 17:13:00.42898,4f1e62f0-8d25-453e-99cd-5e9be42bf06f,review,record_survey
02636c34-b7ca-4497-8e50-96e6da03b5a4,13c172f2-f476-414f-afcd-2f6635ed4ace,9,1,"{""EvaluationCriteria"":{},""Comment"":""oke ""}",2024-06-26 10:51:38.4428,82aa032f-453e-4286-9326-c12656327ecb,review,record_survey
0264184a-d1d7-4ef2-b7ad-258e69440ce9,0a948fad-a289-462e-b91c-967b622752ce,8.5,1,"Sound piano tốt, không gian bài tốt",2022-12-07 10:16:32.512493,b255a220-8448-4d17-879c-2157fe4e8f33,review,record_survey
0264d769-26bf-4aaf-bc94-93d0b0c69f71,9afcf13a-78f4-4174-9a4b-e7880d06392c,7.5,3,"{""EvaluationCriteria"":{},""Comment"":""- Bố cục ổn.\r\n\r\n- Bass chưa đủ đầm ấm.\r\n\r\n- Tiếng kèn synth chưa đủ sáng và sắc, bị chìm vì sắp xếp không gian chưa hợp lý. Nên làm rộng âm này về 2 bên.""}",2025-08-18 08:41:13.962963,cf3fd446-055f-4f08-b2fb-f907d60fd488,review,record_survey
026864f2-27cc-49ca-8ce5-7db4babe48ab,f8660c20-51f4-4a02-b820-7fbdb68f8f1b,6.5,3,"piano chords oánh cái rầm nghe giật cả mình. Hơi ít melody, kết bài cũng đóng cái thụp nghe bị hụt",2022-06-08 10:01:24.655235,37718d34-b880-4ece-a230-e815ffa34b86,review,record_survey
026a6ac5-049b-43cb-b074-36033827cd69,98b95f68-40ac-4feb-a01a-da3a39f0c7ce,9,1,"{""EvaluationCriteria"":{""0619f987-222d-4959-a13d-43904a7a8c2e"":{""Comment"":""ok"",""Rating"":9.0},""e6ed2234-3699-4cfd-8fc0-0d2780131881"":{""Comment"":""ok"",""Rating"":9.0}},""Comment"":null}",2023-06-27 15:03:49.833227,366087f8-f866-4ba5-ba0e-6c0cae565813,review,record_survey
026b6855-e6ab-492b-8602-57ef96c7d8a6,ba9a47de-eaf5-400d-b948-2233829b67e3,8.4,3,"{""EvaluationCriteria"":{},""Comment"":""Vocal thu có màu ok nhưng mà chắc ở đoạn mix cần làm kĩ hơn. Hiện nghe vocal như đủ energy, nghe nó chưa lực nên kéo cả beat xuống k match chi bản dùng vocal AI. \r\nDòng house này cần hậu kì cho vocal nó có không gian rộng và nghe nó chất chơi cũng như groovy hơn em ạ ""}",2024-12-25 09:26:00.529683,0de5a55a-ff3b-42f6-b3d2-e618cad0a198,review,record_survey
026d772d-fda0-4f00-9ace-17d25e7afd39,31125a01-8c64-45f3-92e5-70c889f66b90,9,1,"{""EvaluationCriteria"":{},""Comment"":null}",2025-05-18 21:24:46.958879,30c86a1d-b61a-431c-98a3-ace47c6fe7a5,review,record_survey
026f3e83-6c14-4546-bebf-8e160ff5bb95,5e345e0b-a27c-4392-9cc2-3020088f5292,8.5,1,"{""EvaluationCriteria"":{},""Comment"":""ok rổi đấy =))""}",2023-10-13 17:48:53.539886,fb3a8484-4605-482d-b612-0e55297d08d1,review,record_survey
02702a2e-7630-4873-b339-6c05cb051f9d,13c172f2-f476-414f-afcd-2f6635ed4ace,8.3,3,"{""EvaluationCriteria"":{},""Comment"":""thừa 3 giây cuối""}",2025-01-07 14:58:34.665623,f79aae55-68b1-49ba-bc01-c2999e2d75a5,review,record_survey
02722ebb-862a-435c-bee9-fdbb79b03d21,7ac57b9f-9ab8-4196-8144-b16236ba5cd4,7.5,3,"{""EvaluationCriteria"":{""4aeb578f-5a33-4b5b-ad10-43501589a638"":{""Comment"":""Nhẹ nhàng relaxing, \nTuy nhiên có phần đệm dưới không hay, bị dày và thô khiến bài mất mood relaxing"",""Rating"":8.0},""9959e139-100b-4508-8745-bd893ab9a7cb"":{""Comment"":""Sound piano oki, \nBài còn nhiều tạp âm và cần thay phần đệm"",""Rating"":7.0}},""Comment"":null}",2023-11-24 09:14:29.489228,197e3527-bfca-4e54-83da-04416f6c243e,review,record_survey
02723cdf-7eb0-45b6-ac0a-57dfb8ec9ecc,b16c888a-681c-4f7b-adf5-344a2075d77e,9,1,"{""EvaluationCriteria"":{},""Comment"":null}",2024-04-15 15:44:36.258995,b58a4933-d97e-4249-8830-b098e64b0d10,review,record_survey
02737add-14e2-4b7e-adb4-0f0208d67f4a,7ac57b9f-9ab8-4196-8144-b16236ba5cd4,8.5,1,"{""EvaluationCriteria"":{""24f872cc-80b4-4337-acc9-8f6939d599ea"":{""Comment"":""thư giãn, thư thái"",""Rating"":0.0},""742a099d-ee66-45f1-8c3a-6b552dfa6f82"":{""Comment"":""Ổn"",""Rating"":0.0},""aad282f6-a037-4a4e-8bbe-c92ca7b78773"":{""Comment"":""êm dịu"",""Rating"":0.0},""e6b420d3-a36c-41a8-b4a6-12f225978fc2"":{""Comment"":""ổn"",""Rating"":0.0}},""Comment"":null}",2024-04-22 18:05:17.805858,738b8466-20e8-42fe-a1ee-9e9f49e5b709,review,record_survey
027447f0-44ae-44df-a45b-2b20b46a4a8c,8eefc4bf-3fda-4bc0-9a87-367394527a6a,0,3,"{""EvaluationCriteria"":{},""Comment"":""vẫn có âm lách cách nghe khá mất tập trung""}",2025-03-11 09:30:15.994987,e70542a5-ccb6-40dd-b558-d0ab56b12f90,review,record_survey
027711d4-c153-4727-a84f-abd6c3814d0f,5e345e0b-a27c-4392-9cc2-3020088f5292,8.5,1,"{""EvaluationCriteria"":{},""Comment"":""ok phết, sound hơi mỏng thôi""}",2023-07-04 10:03:20.88487,3e66f786-ccaa-408d-839d-976895045192,review,record_survey
0277af8e-de39-472c-be0e-bee20b36f1a6,f8660c20-51f4-4a02-b820-7fbdb68f8f1b,8.3,1,"{""EvaluationCriteria"":{},""Comment"":null}",2024-11-18 11:18:22.218598,14513aeb-5c37-4fc7-b218-77bd705f2d29,review,record_survey
027aadc1-f2fa-4739-8283-fd8b51759b8e,72978bf6-a73e-4223-93b3-0f4b9241bcc9,8.5,1,"{""EvaluationCriteria"":{},""Comment"":null}",2024-01-09 15:01:03.17478,5951697b-b09f-4a64-9876-5a30894788a1,review,record_survey
027ece5a-464e-49d0-8a7a-79a138033e27,68a2d75c-2765-4ba8-b18b-a6c0f2d9c618,8.5,1,"{""EvaluationCriteria"":{},""Comment"":""- Giai điệu chill hiphop beats, pha lẫn phong cách Châu Á lạ tai\n- Các đạo cụ kết hợp với nhau hài hòa, vẫn có phần hip hop nhưng cũng rất cổ trang Nhật bản""}",2023-10-25 16:36:40.54922,2012268b-b7df-4525-951e-09bbc14e6175,review,record_survey
027f9cbf-d9b1-444f-ad5c-3825d1a427ae,5e345e0b-a27c-4392-9cc2-3020088f5292,8.3,1,"{""EvaluationCriteria"":{},""Comment"":null}",2025-10-27 14:09:28.151529,be2e1cb3-d186-4a21-852f-72c07f677d4d,review,record_survey
027fdcfc-d66d-4bd0-bb55-45ff1fe47cc5,6225eaf1-0c57-410a-a09d-a0055f7e073a,7,2,"{""EvaluationCriteria"":{""0619f987-222d-4959-a13d-43904a7a8c2e"":{""Comment"":""nt"",""Rating"":7.0},""e6ed2234-3699-4cfd-8fc0-0d2780131881"":{""Comment"":""Giai điệu rời rạc, ko có chiều sâu, ko phù hợp thị trường "",""Rating"":7.0}},""Comment"":null}",2023-04-25 09:34:02.728039,d4f9a475-d64d-4880-9b40-3bdf360ac6ad,review,record_survey
0280ad8b-16a3-45b4-9890-ab498625344f,d06d1883-b845-4c00-8e5f-1d0d91b6be22,8,1,nhạc ok,2022-06-11 15:23:18.61373,4af34011-a6ae-4ffd-9d83-df41aa3ea587,review,record_survey
0281d95a-e34a-4757-a6ee-2f33ee0baff7,3464c058-e99a-47f4-b0f7-99f85817eb3c,5,3,"{""EvaluationCriteria"":{""02c76e9f-524c-48b1-bb11-18710b1ebf94"":{""Comment"":""Giai điệu khá nhanh, cần giảm xuống chậm hơn"",""Rating"":0.0},""4fa5d62d-2d73-46ba-bff5-b341bea68321"":{""Comment"":""Âm thanh nhạc cụ khác khá nhiều và to, cần giảm xuống để nghe được Piano và giai điệu rõ hơn"",""Rating"":0.0},""680ce995-27d8-464a-ba6c-ce0cb170c7ad"":{""Comment"":""Giống bản gốc 50-60%"",""Rating"":0.0}},""Comment"":null}",2024-02-02 15:54:20.623543,32b0c32e-e4e7-400d-803c-160884548dad,review,record_survey
0284ade7-eb88-4c95-9c5d-c42c614d1df1,7ac57b9f-9ab8-4196-8144-b16236ba5cd4,7,3,"{""EvaluationCriteria"":{""24f872cc-80b4-4337-acc9-8f6939d599ea"":{""Comment"":""relaxing"",""Rating"":0.0},""742a099d-ee66-45f1-8c3a-6b552dfa6f82"":{""Comment"":""Giai điệu ổn"",""Rating"":0.0},""aad282f6-a037-4a4e-8bbe-c92ca7b78773"":{""Comment"":""vui tươi"",""Rating"":0.0},""e6b420d3-a36c-41a8-b4a6-12f225978fc2"":{""Comment"":""Chất âm piano k hay, bị vang và không chắc sound\nBộ gõ kết hợp thô, k hài hòa đặc biệt là tiếng trống, nghe khá lạc quẻ"",""Rating"":0.0}},""Comment"":null}",2024-06-24 19:38:16.011592,6744cd01-8052-4590-b2ec-414be81300bb,review,record_survey
0285df8a-4792-487f-9b08-c5457c7813e4,abd29a5b-e6ae-431b-a9f2-d5c45f51d2b1,8,3,"{""EvaluationCriteria"":{},""Comment"":""- giảm velocity ở các nốt cao\n- sound piano cần ấm hơn""}",2023-06-21 16:47:27.495584,2c823851-c16f-467f-b4e2-7748c68d1bbe,review,record_survey
0287658b-8224-4567-8013-5f241b124d04,b17c51bf-a8a0-4a9c-8c1d-58bc569b7d8a,9,1,"{""EvaluationCriteria"":{},""Comment"":""ok""}",2025-08-29 19:53:46.490778,197a094f-0631-4204-8ffc-66636d414d88,review,record_survey
028a2a42-b374-48ee-a8b0-06cddc8bab72,444c1725-7c41-4f19-b2c3-9a10d1d5e3bc,7.5,3,"{""EvaluationCriteria"":{},""Comment"":""cần tăng tempo thêm ~10""}",2023-06-22 14:25:50.6638,d4583a8e-c11f-43f7-a507-3c219741dcdb,review,record_survey
028dd7f9-85f2-450d-8cfa-bd04ac151a07,5e345e0b-a27c-4392-9cc2-3020088f5292,8.4,1,"{""EvaluationCriteria"":{},""Comment"":null}",2024-08-22 16:39:46.88426,554574a8-42f7-46c9-aeb8-5278232b8ebc,review,record_survey
028ef4c6-36a0-4dc4-882b-3c06e9502519,fd4e826e-ece1-46c7-9cd1-5d17a53d7cf6,7,1,,2022-09-19 17:09:15.038925,e14ca813-b2bc-4a3f-947e-e2e1a5daf658,review,record_survey
028fe198-134e-420f-bb3f-ce0ed1127d0b,69f07558-6e6d-414c-b55b-9c991c08ac36,7.5,3,tiếng piano nghe chưa đc hay,2022-09-21 09:33:30.168392,144e165d-a94a-42a4-b73d-6159392c153c,review,record_survey
02911c43-e774-4665-af12-189c5755390b,abd29a5b-e6ae-431b-a9f2-d5c45f51d2b1,7.5,3,"{""EvaluationCriteria"":{},""Comment"":""chưa sát brief, âm thanh sóng âm bị mỏng, chói và chưa tạo cảm giác relax""}",2024-07-26 09:49:12.446562,56a5df31-1d67-493c-995c-55ed5ba9ff34,review,record_survey
02911d31-b151-4c18-95fd-cd7eec78b22e,98b95f68-40ac-4feb-a01a-da3a39f0c7ce,9,1,"{""EvaluationCriteria"":{""0619f987-222d-4959-a13d-43904a7a8c2e"":{""Comment"":""ok"",""Rating"":9.0},""e6ed2234-3699-4cfd-8fc0-0d2780131881"":{""Comment"":""ok"",""Rating"":9.0}},""Comment"":null}",2023-06-09 08:28:31.943404,6532a29a-1e13-4c17-bdd1-d328ed92746f,review,record_survey
0293344b-be61-4c6c-935a-c64a8f6b4e0e,8eefc4bf-3fda-4bc0-9a87-367394527a6a,8,3,"{""EvaluationCriteria"":{},""Comment"":""Phần đầu hơi nhiều quãng nghỉ""}",2023-06-19 12:14:43.349202,d88f5f6e-d1e8-4aba-9d43-443cea7cd902,review,record_survey
0293c7ef-17c9-47d9-9fd3-e6c6c31cc33e,3464c058-e99a-47f4-b0f7-99f85817eb3c,8,3,"{""EvaluationCriteria"":{},""Comment"":""Fix tương đối ổn nhưng vẫn phải chỉnh sửa âm trầm thêm, đang chưa ấm và trong như bài mẫu""}",2024-08-28 11:48:29.257696,c17b1ca8-673f-438d-a726-5503a248b9dc,review,record_survey
029480e5-24c1-4001-8b42-1b8b0d337e2e,6e306f5a-07bc-467e-bf31-ccaf31841e4e,5,3,"{""EvaluationCriteria"":{},""Comment"":""- Bỏ tiếng ting ting ở giây 0:18 vì đang gây sao nhãng\n- Tiếng đàn đang chưa tình cảm, ấm, sound đang hơi chói và mỏng\n- Cân bằng sound chưa tốt vì cảm giác bài hát đang bị loạn\n- Tiếng trống đang hơi to và lực ""}",2024-06-20 15:23:42.551042,17ffc49a-c529-4d93-801d-84b75c95b043,review,record_survey
0296e9a5-75a8-45d0-ae9d-d1d5f1be7d3a,61d45226-50e1-4674-8e0e-4cbdc12f879f,8.2,3,"{""EvaluationCriteria"":{},""Comment"":""- 2:39 nghe bị giật mình.\n- Tay trái phần đệm đang to và um hơn tay phải.\n- Âm thanh vẫn còn \""bí\"", \""muddy\"", \""tù\""...""}",2024-05-01 16:05:40.776122,cb827f0d-8f15-4329-87b0-c23acffd2f89,review,record_survey
0298e910-20af-478f-a2f0-c67126a059ed,d06d1883-b845-4c00-8e5f-1d0d91b6be22,8.5,1,"{""EvaluationCriteria"":{},""Comment"":""tạm ổn""}",2025-07-25 14:17:34.562587,795d813a-6f71-4bc8-8185-e13e6dd48214,review,record_survey
029950be-f824-4e15-a9d1-12cc55657dff,ba9a47de-eaf5-400d-b948-2233829b67e3,8.4,3,"{""EvaluationCriteria"":{},""Comment"":""- Idea beat khá hay, c thích ý tưởng đoạn drop\r\n- Chất lượng sound của bài này khá ok nghe clean và không gian thoáng đãng \r\n- Tuy nhiên nên cân bằng cho phần vocal nhỏ hơn 1 chút để phần beat nổi hơn, nhất là các sound bắt tai như drum và guitar. Nhưng khi cho to lên thì chú ý đến sound trống 1 chút cho nó gọn gàng hơn""}",2025-07-14 09:16:28.955228,4a9561c1-ce10-43d2-a177-c3bb385dc1ad,review,record_survey
029b060b-eb5f-4fff-a74c-f8708a5ec43f,f8660c20-51f4-4a02-b820-7fbdb68f8f1b,8.4,1,"{""EvaluationCriteria"":{},""Comment"":null}",2024-01-02 15:22:28.468897,a036ce94-2381-4770-b15c-5c8567fe3b17,review,record_survey
029c9223-5b8f-4de4-a8d5-0722476e7dd2,6a60fcc1-ce96-4398-a432-d397b95d22b6,8,3,"{""EvaluationCriteria"":{""4aeb578f-5a33-4b5b-ad10-43501589a638"":{""Comment"":""Cần giảm tempo chậm thêm chút nữa"",""Rating"":8.0},""9959e139-100b-4508-8745-bd893ab9a7cb"":{""Comment"":""có thể điều chỉnh nghe rõ âm hơn chút "",""Rating"":8.0}},""Comment"":null}",2025-07-18 11:40:36.82095,edf315bf-9861-4b11-a5cd-426bca9acece,review,record_survey
029ec432-47eb-4353-86d6-058cbbc118a7,f8660c20-51f4-4a02-b820-7fbdb68f8f1b,7.5,1,oke,2022-08-17 09:17:58.553731,070f97b4-ad46-4264-8a70-958051965eae,review,record_survey
02a1f47f-d4e3-414d-8cf0-b85642188fcf,b20ebc71-f593-4f81-8bda-6fe6c2f816d5,8,1,"{""EvaluationCriteria"":{},""Comment"":""okela ""}",2024-11-29 15:19:07.250768,0ab7fd14-cb80-4ecb-b196-24ebe73d7bc9,review,record_survey
02a3cc60-132a-4754-bb9f-338622fca671,31125a01-8c64-45f3-92e5-70c889f66b90,8,1,"{""EvaluationCriteria"":{""24f872cc-80b4-4337-acc9-8f6939d599ea"":{""Comment"":""thư giãn"",""Rating"":0.0},""742a099d-ee66-45f1-8c3a-6b552dfa6f82"":{""Comment"":""ok"",""Rating"":0.0},""aad282f6-a037-4a4e-8bbe-c92ca7b78773"":{""Comment"":""mượt mà"",""Rating"":0.0},""e6b420d3-a36c-41a8-b4a6-12f225978fc2"":{""Comment"":""ok"",""Rating"":0.0}},""Comment"":null}",2023-04-25 10:27:27.691479,eda1ae0f-3c66-4bd9-88ae-f85a2b69297b,review,record_survey
02a5f7e9-9ca8-4c03-a862-2c2ba9eec9b9,935bb488-b5a9-4b56-824c-14e9c31963e6,8,3,"{""EvaluationCriteria"":{},""Comment"":""Bản phối tổng thể phù hợp tropical. \r\nNhưng đoạn guitar điện(nền) chưa rõ. Cân nhắc cải thiện thêm.""}",2025-05-12 13:59:31.332996,80af7dbd-e62b-472a-9fe4-90c9a6a0e7ad,review,record_survey
02a6fa34-9612-4a8f-9c73-0df3d59f01bf,0a948fad-a289-462e-b91c-967b622752ce,9,1,"{""EvaluationCriteria"":{""24f872cc-80b4-4337-acc9-8f6939d599ea"":""sáng"",""742a099d-ee66-45f1-8c3a-6b552dfa6f82"":""Hay, trẻ trung"",""aad282f6-a037-4a4e-8bbe-c92ca7b78773"":""thư giãn, say mê, sáng tạo"",""e6b420d3-a36c-41a8-b4a6-12f225978fc2"":""ổn áp""},""Comment"":""Bài này thì ok. Giá mà tiếng piano ấm hơn 1 tí nữa thì sẽ chắc chắn hơn""}",2023-01-04 11:34:07.454923,26a4ad56-ce42-40b0-85f7-074acc2ce037,review,record_survey
02a880e5-79be-45f5-a3cc-f420eca5eb1c,61d45226-50e1-4674-8e0e-4cbdc12f879f,9,1,"{""EvaluationCriteria"":{},""Comment"":null}",2025-11-24 16:35:18.10303,ca718e21-9004-4e85-9745-d2f0d173ae33,review,record_survey
02aa7c23-fc57-4366-8adb-22f18316a4d3,31125a01-8c64-45f3-92e5-70c889f66b90,9,1,"{""EvaluationCriteria"":{""24f872cc-80b4-4337-acc9-8f6939d599ea"":{""Comment"":""lãng mạn"",""Rating"":0.0},""742a099d-ee66-45f1-8c3a-6b552dfa6f82"":{""Comment"":""hay"",""Rating"":0.0},""aad282f6-a037-4a4e-8bbe-c92ca7b78773"":{""Comment"":""nhẹ nhàng, bình yên"",""Rating"":0.0},""e6b420d3-a36c-41a8-b4a6-12f225978fc2"":{""Comment"":""ok"",""Rating"":0.0}},""Comment"":null}",2023-02-27 12:07:29.666193,cf779ab7-47d4-4bae-83fc-52c5dcdbbb94,review,record_survey
02ad836c-ec57-4c23-b449-b44ac8e11023,61d45226-50e1-4674-8e0e-4cbdc12f879f,7.5,3,"{""EvaluationCriteria"":{},""Comment"":""- Piano nghe hơi loạn, rối rắm.\n- Xuyên suốt bài có những tiếng nổ bụp bụp, nhờ Nhạc sĩ check kĩ lại.\n- Sound Piano đang \""Honky\"", đanh.\n- Velocity còn thô bạo, đặc biệt là những chỗ nhiều nốt, tất cả đánh một lúc hơi khó chịu.\n- Phần đệm tay trái từ đầu đến cuối không có thay đổi, xuyên suốt bài như một.""}",2024-07-23 14:47:02.627416,8964d2a9-9b94-4b07-bd14-6bc0c7e7fda2,review,record_survey
02aee67e-068b-4efc-a7ef-7ac9d2f673c2,69f07558-6e6d-414c-b55b-9c991c08ac36,8.5,1,,2022-08-05 10:49:27.318764,b74906f0-f743-465b-b871-8c57c87bd96d,review,record_survey
02af99e0-af97-4632-ad61-d01af954def5,3ad0ef68-9454-48de-982a-5155e06f8948,7.5,3,"{""EvaluationCriteria"":{""02c76e9f-524c-48b1-bb11-18710b1ebf94"":{""Comment"":""Giống bản gốc 90%"",""Rating"":0.0},""4fa5d62d-2d73-46ba-bff5-b341bea68321"":{""Comment"":"""",""Rating"":0.0},""680ce995-27d8-464a-ba6c-ce0cb170c7ad"":{""Comment"":""Giống bản gốc 85%"",""Rating"":0.0}},""Comment"":""Âm lượng chung của bài hơi bé\nThiếu mất đoạn cao trào làm điểm nhấn nổi bật bài""}",2024-01-15 09:31:15.39987,ac6c88f3-cbe1-44be-8374-85fee96aaed3,review,record_survey
02b03afe-5825-4c52-873d-de661388b9af,13c172f2-f476-414f-afcd-2f6635ed4ace,8.3,3,"{""EvaluationCriteria"":{},""Comment"":""Em thấy phầm đệm nữa cuối vẫn còn nhiễu ạ""}",2024-04-26 17:35:02.815988,a96f4b65-3e65-4a3e-b5cf-5766c152df01,review,record_survey
02b03fc3-b337-497f-904a-7276262b36a0,8eefc4bf-3fda-4bc0-9a87-367394527a6a,7,3,"Nghe đỡ hơn khi có tiếng đàn nhưng chất âm chưa đủ độ rung, chưa đầm tai ",2022-09-15 15:15:18.528566,a45d49e4-3985-4a33-9afe-3e0f3e09e4d5,review,record_survey
02b07bc0-d932-43b2-b670-b04a133e71b1,b17c51bf-a8a0-4a9c-8c1d-58bc569b7d8a,7,2,"{""EvaluationCriteria"":{},""Comment"":""k hay, hơi vội""}",2023-01-14 11:27:28.878869,6dfa5414-177b-4c66-a8d0-4fc16926bdf1,review,record_survey
02b0f749-2d77-4f75-a41d-1d071c8f3a78,16eb25d9-8429-4313-a5f5-3ff07b1c27f6,8.4,3,"{""EvaluationCriteria"":{},""Comment"":""Bài này vocal đỡ hơn 1 xíu, nhưng vẫn bị gằn phát âm quá nên mất cảm xúc. Idea phát triển bài vẫn rất tốt ""}",2024-06-26 16:37:02.867986,07987620-7c19-4c12-aacf-ebf22a042f7d,review,record_survey
02b4fcb0-00b7-4bdc-8541-4e93562a89aa,b20ebc71-f593-4f81-8bda-6fe6c2f816d5,6,2,"giai điệu có sự thay đổi tuy nhiên âm thanh sử dụng làm bài nhạc ko được chill, ko êm ",2022-09-26 10:05:09.728338,0c486602-6618-4c78-a37b-a4fd1913a132,review,record_survey
02b7cdbd-1245-46c8-a5d3-6fb5d42f3e34,e62773ca-d8ed-4b53-9712-2616b1f58eff,8,1,"- chất lượng âm thanh: chân thực, độ vang vừa đủ, sound piano hay 
- tempo: vừa đủ
- vibe: êm ả, tinh tế
- giai điệu: du dương, dễ nghe",2022-12-16 17:06:49.83058,bfad4e98-d191-4bbb-8aa0-bac8757566cb,review,record_survey
02b956b4-84e1-41ad-8673-c15933f0fd79,5e345e0b-a27c-4392-9cc2-3020088f5292,8.3,1,"{""EvaluationCriteria"":{},""Comment"":null}",2024-12-25 14:04:29.44748,0ae9f4e4-71e5-4fa9-ac8f-ab46ae772e8b,review,record_survey
02b97bc8-7aca-40be-bbd7-6cfce908dc12,843871e6-6067-4a83-b242-9c47f2dfdf60,8.2,1,"{""EvaluationCriteria"":{},""Comment"":null}",2024-12-20 10:07:55.420587,f2598a8a-cd4b-4462-83b8-15c5ffc76235,review,record_survey
02bd315d-b57a-44ed-bb49-80833a7064b7,f8660c20-51f4-4a02-b820-7fbdb68f8f1b,8.4,1,"{""EvaluationCriteria"":{},""Comment"":""OKe""}",2023-11-29 09:13:09.257305,5a45b769-d4ac-4c7d-b0f9-1f530a094c69,review,record_survey
02c015d0-66c2-44cc-b259-110d432ff1dd,f8660c20-51f4-4a02-b820-7fbdb68f8f1b,8.3,1,"{""EvaluationCriteria"":{},""Comment"":null}",2024-10-12 11:25:52.324323,f691eca1-7197-470d-bba7-696696c2cf48,review,record_survey
02c02675-f135-4e8f-9637-5cd0c8a39f34,28bed8cf-6dc9-471b-811d-49b4bf3b8211,8,1,"{""EvaluationCriteria"":{},""Comment"":""- Fix beat oke \r\n- Chuyển sang khâu tiếp theo""}",2025-10-13 09:07:57.938551,c83215e0-0d6e-42a7-98a0-8119d6a5a1ce,review,record_survey
02c15feb-ffba-42b6-97c8-d29d7d83b52b,6225eaf1-0c57-410a-a09d-a0055f7e073a,9,1,"{""EvaluationCriteria"":{""0619f987-222d-4959-a13d-43904a7a8c2e"":{""Comment"":""Âm hơi nhỏ, Điều chỉnh chất lượng một chút nữa là ok"",""Rating"":9.0},""e6ed2234-3699-4cfd-8fc0-0d2780131881"":{""Comment"":""Nhẹ nhàng, tươi, phù hợp thị trường"",""Rating"":9.0}},""Comment"":null}",2023-03-25 11:42:19.856534,3eae2b9b-174a-4094-a024-0a1e841ab3a9,review,record_survey
02c3ec38-1763-459b-97e2-0bc3ec7cdc35,8eefc4bf-3fda-4bc0-9a87-367394527a6a,6.5,3,"{""EvaluationCriteria"":{},""Comment"":""1. Nhịp điệu cần nhanh hơn vì kéo dài mỗi nốt sẽ gây ề à buồn ngủ, không giữ chân được người xem vì không hợp thị yếu khán giả dòng nhạc này.\n2. Tiếng guitar (chất âm) khá mỏng dẫn tới việc âm bị mảnh, rời rạc, không kết nối được với tiếng piano, nghe lệch lạc.\n3. Các đoạn 01:00, 01:15, 01:25, 01:42 bị crack và freestyle chưa hợp lý gây khó chịu cần chỉnh sửa\n4. Tiếng piano tương đối ổn nhưng sẽ liên kết hơn nếu sử dụng âm guitar trầm và nhịp điệu ca khúc nhanh hơn.\n5. Thử La trưởng trầm hơn, BPM 126-129 (BPM hiện tại là 110)""}",2024-03-20 15:39:45.878088,5bee04c2-3da8-49ad-8eac-5f8d862c0f46,review,record_survey
02c5bdc5-afd3-45c6-9465-237cd7497c7e,f9fa7f04-fb23-4b44-bd79-6cc44420e988,7,3,"{""EvaluationCriteria"":{},""Comment"":""nên giảm tiếng ambient (tiếng cửa cót két hoặc tiếng nào đó rùng rợn)""}",2024-09-27 17:17:06.78604,65af0f1e-88b4-4f5a-a8d5-28f52acaa1b9,review,record_survey
02c7b4de-127d-4bf2-adf6-1837243faad7,61d45226-50e1-4674-8e0e-4cbdc12f879f,9,1,"{""EvaluationCriteria"":{},""Comment"":null}",2025-03-21 17:20:15.116349,c8a04e52-5ee0-4fdf-a3f0-197407ce33b0,review,record_survey
02c998bd-e52c-4efd-a1a6-3203c8730f87,5e345e0b-a27c-4392-9cc2-3020088f5292,8.3,1,"{""EvaluationCriteria"":{},""Comment"":null}",2025-10-27 13:58:14.613522,231831ed-74ae-47da-90eb-acd71b1d06e5,review,record_survey
02cd8951-3185-4729-93eb-8ee5b5c492f0,13c172f2-f476-414f-afcd-2f6635ed4ace,9,1,"{""EvaluationCriteria"":{},""Comment"":null}",2026-02-25 14:15:56.237778,63447571-fd90-4792-bf69-9d87d85dc1aa,review,record_survey
02ce7842-c424-40e1-b015-f9075d8aecab,59c47310-1a00-49b0-8981-30aa679dbf1d,8,3,"{""EvaluationCriteria"":{},""Comment"":""- Giai điệu hay\r\n- Tiếng trống cần ấm hơn""}",2025-05-12 14:49:21.512694,098602fa-9cbc-49ba-aa7f-b68b9dab8a2c,review,record_survey
02d04589-a447-4cae-ad72-dd6c8bfd7086,7ac57b9f-9ab8-4196-8144-b16236ba5cd4,6.5,3,"{""EvaluationCriteria"":{},""Comment"":""Tempo ổn\nGiai điệu đoạn 1:20 đầu oki, đoạn sau trở đi hơi chìm và k hay ạ,""}",2023-05-26 17:07:23.216816,a639b72d-6e4f-444c-aab5-197e7e0f68ba,review,record_survey
02d29ad7-0530-47e4-a4e5-6f501844886c,3ad0ef68-9454-48de-982a-5155e06f8948,8.5,1,"{""EvaluationCriteria"":{""02c76e9f-524c-48b1-bb11-18710b1ebf94"":{""Comment"":""Giống bản gốc 85%"",""Rating"":0.0},""4fa5d62d-2d73-46ba-bff5-b341bea68321"":{""Comment"":"""",""Rating"":0.0},""680ce995-27d8-464a-ba6c-ce0cb170c7ad"":{""Comment"":""Giống bản gốc 85%"",""Rating"":0.0}},""Comment"":null}",2023-12-18 07:59:13.787573,ef53639d-9482-4ecb-b78d-ef744a52242d,review,record_survey
02d4f9d7-dea0-4d4d-9af6-8f9e59369636,61d45226-50e1-4674-8e0e-4cbdc12f879f,8,3,"{""EvaluationCriteria"":{},""Comment"":""Piano đoạn đầu có thể to hơn chút, hoặc vocals nhỏ lại, vì đang nghe vocals bài này to quá anh em ạ...""}",2025-08-14 09:27:15.00746,d0c5c9ea-bd4f-4727-848f-e741f93d465d,review,record_survey
02d9722a-9930-40f0-a32d-501cfe198588,0d73b0f1-0d46-4955-b511-54f8ffd9f5f8,8,3,"{""EvaluationCriteria"":{},""Comment"":""Độ hoàn thiện cao, tốt\r\nBản mix tốt, edit tốt\r\nBản master compress cần chặt hơn chút, đương nhiên với atk chậm và rls nhanh""}",2025-09-17 08:49:31.039431,d76569f8-33f3-4304-9219-340434ac7aaf,review,record_survey
02dab8c0-487a-498c-a9ff-8f14cf69b696,abd29a5b-e6ae-431b-a9f2-d5c45f51d2b1,8.2,1,"{""EvaluationCriteria"":{},""Comment"":null}",2025-01-14 16:44:31.833171,abf23ffd-1b8e-493f-a471-4bae8d03964f,review,record_survey
02dc335c-ea42-4d16-ba29-9e286f28bcbf,9f4a3f6e-5c6d-40ff-af6a-de9f8d55908e,7.8,3,"{""EvaluationCriteria"":{},""Comment"":""Bản này sửa lại một chút về hòa âm với violin cho hài hòa hơn là được ạ""}",2024-12-23 10:46:10.605105,ca248dfb-2100-416c-8605-a4d0f8b6a658,review,record_survey
02dfc043-4c1e-45dc-b6f9-211948d46ec9,abd29a5b-e6ae-431b-a9f2-d5c45f51d2b1,8.5,1,"{""EvaluationCriteria"":{},""Comment"":null}",2023-08-15 15:40:13.389981,fbe93032-67df-4d36-8048-bc724807602f,review,record_survey
02dfc39c-bdf5-41f0-ab12-bb6deab24bff,61d45226-50e1-4674-8e0e-4cbdc12f879f,8.5,1,"{""EvaluationCriteria"":{},""Comment"":null}",2025-08-22 14:43:30.209647,c4e5d5be-dbeb-4fe8-adfb-0b860fbf7f0a,review,record_survey
02e1f735-ab2d-4948-9017-5ed4bfafabc9,31125a01-8c64-45f3-92e5-70c889f66b90,7,2,"{""EvaluationCriteria"":{""24f872cc-80b4-4337-acc9-8f6939d599ea"":{""Comment"":""bình yên"",""Rating"":0.0},""742a099d-ee66-45f1-8c3a-6b552dfa6f82"":{""Comment"":""lạ"",""Rating"":0.0},""aad282f6-a037-4a4e-8bbe-c92ca7b78773"":{""Comment"":""uyển chuyển"",""Rating"":0.0},""e6b420d3-a36c-41a8-b4a6-12f225978fc2"":{""Comment"":""các nhạc cụ ko ăn khớp, âm thanh nghe chói tai"",""Rating"":0.0}},""Comment"":null}",2023-04-17 14:31:30.617757,37e991fb-19ee-437a-a5e4-14a7d250cc66,review,record_survey
02e465a4-459b-447c-ac1d-d3692bb9889b,68a2d75c-2765-4ba8-b18b-a6c0f2d9c618,7,3,"{""EvaluationCriteria"":{},""Comment"":""- Giai điệu sóng âm trầm bổng chưa rõ ràng và thư giãn, cần làm rung động rõ ràng cũng như có nhịp điệu lên xuống cho giai điệu relax hơn\n- Âm thanh nền thiếu một chút chiều sâu của âm vang vọng khi nhắm mắt thiền hoặc ngủ để nghe cảm giác sẽ giống như đang thả hồn với giai điệu hơn ""}",2024-04-09 08:49:57.330654,c81c3653-4fed-4a3c-94d3-6a97519b65a4,review,record_survey
02e63319-a61a-4116-833c-521170db08c1,92f38085-28a3-43aa-8bde-1b4b9ecfdfd6,7.5,2,"{""EvaluationCriteria"":{},""Comment"":""Vấn đề vẫn là khâu hậu kỳ chưa tốt. Mặc dù layer nhạc cụ trùng điệp nhưng nghe vẫn ko thoáng hẳn được lên nhỉ.\r\nNhư này Fix nhiều lần rồi, mình chốt bản fix4 nhé.""}",2025-03-21 10:19:28.054035,1e511708-24d6-44f1-8729-b9ae882ba4fc,review,record_survey
02e66af5-42e9-4089-a1d7-876794114e95,9afcf13a-78f4-4174-9a4b-e7880d06392c,0,3,"{""EvaluationCriteria"":{},""Comment"":""- Bố cục hợp lý\r\n\r\n- Hòa âm hay, lựa chọn chất âm cho các nhạc cụ và bộ gõ phù hợp với chất nhạc hướng tới.\r\n\r\n- Bộ trống gõ chưa đủ nảy, Kick chưa đủ punch qua mix.\r\n\r\n- Bass bị mỏng, chưa đủ đầm ấm.""}",2025-06-13 09:02:53.230431,88a6670c-eff9-4324-b2c2-2bb774cfa0c8,review,record_survey
02e67a3b-675f-4fac-88e3-7657072b7ea0,7ac57b9f-9ab8-4196-8144-b16236ba5cd4,6,2,"{""EvaluationCriteria"":{""24f872cc-80b4-4337-acc9-8f6939d599ea"":{""Comment"":""nhẹ nhàng"",""Rating"":0.0},""742a099d-ee66-45f1-8c3a-6b552dfa6f82"":{""Comment"":""chưa cải thiện"",""Rating"":0.0},""aad282f6-a037-4a4e-8bbe-c92ca7b78773"":{""Comment"":""ổn"",""Rating"":0.0},""e6b420d3-a36c-41a8-b4a6-12f225978fc2"":{""Comment"":""chưa cải thiện"",""Rating"":0.0}},""Comment"":""Chất lượng âm thanh k cải thiện, khó khai thác ạ""}",2023-05-13 14:07:28.803253,1c0a2316-2766-40ba-a2ec-d1f2c8417c13,review,record_survey
02e714c3-a2a3-4733-9618-95f686ce3ebb,892b4c85-0d61-4602-b2ec-498200583fe8,5,2,"{""EvaluationCriteria"":{},""Comment"":""đoạn mở đầu chất lượng âm thanh tiếng violon hơi giật (00:25), nhiễu (00:45)\r\ngiai điệu lặp lại k có đoạn cao trào, như tiếng violon cứ lặp lại chỉ có tiếng trống có nhịp điệu tăng dần nhưng cũng chưa đẩy được cảm xúc lên cao trào vì giai điệu bài hát chưa rõ ràng, chỉ ngân đi ngân lại hà... há... hà... hà... =))""}",2024-12-13 15:18:43.11373,ddedd17b-9964-4461-b5e9-6bdc87b68795,review,record_survey
02e754c0-7b30-4b08-89b7-3dab5124f0c2,abd29a5b-e6ae-431b-a9f2-d5c45f51d2b1,7.5,1,,2022-09-12 11:08:56.157423,bdf4b22b-85b9-442d-94d6-0c89943240e5,review,record_survey
02e806ca-bc7c-48f8-9718-08d34a71ae44,61d45226-50e1-4674-8e0e-4cbdc12f879f,8.5,3,"{""EvaluationCriteria"":{},""Comment"":""- Piano vẫn còn đệm âm trầm quá dày, có thể lược bớt đi, Piano chơi quãng trung và cao thôi, chưa không gian phần trầm cho Bass chơi, piano đừng đánh thấp, đánh mỏng lại là được anh em ơi.""}",2025-06-18 02:34:42.681703,bc520ac1-8944-4d81-9c9a-aa641d9e9954,review,record_survey
02e83b96-a041-4ebc-be9f-b299da1fed49,4e3eac7c-e6d8-4e10-b8b5-b66bcc744495,0,3,"{""EvaluationCriteria"":{},""Comment"":""https://prnt.sc/5n29D1O3zc9B giai điệu nghe ổn hơn, chỉnh lại các đoạn nối kĩ hơn là có thể sử dụng được, nghe cảm giác như đang tăng giảm âm lượng chứ chưa mượt.""}",2025-08-29 11:23:43.825754,8afd0140-fc5a-4c5d-9dc5-59d597a213e8,review,record_survey
02eb0b4c-9a25-40c8-8e9f-bc7f406c8e89,8eefc4bf-3fda-4bc0-9a87-367394527a6a,8.5,1,"{""EvaluationCriteria"":{},""Comment"":null}",2025-06-19 08:56:55.701727,6e6623c4-5fba-4144-ae96-d348473d9ec9,review,record_survey
02eb94e2-91e7-402d-811a-d5ea9684029b,ba9a47de-eaf5-400d-b948-2233829b67e3,8.8,1,"{""EvaluationCriteria"":{},""Comment"":""Ok nghiệm thu nha""}",2025-10-23 11:17:40.652103,0ba6f5f5-b3a8-4ffb-957d-bcfdb4d6fc50,review,record_survey
02ebe95b-668c-4689-a4af-5b254a3110d8,5e345e0b-a27c-4392-9cc2-3020088f5292,9,1,"{""EvaluationCriteria"":{},""Comment"":null}",2026-01-26 15:42:23.05078,eec6d4d9-6282-4715-aa62-caaecf89cd32,review,record_survey
02ed7768-3731-41f1-b5f0-dcc102a7786b,0a948fad-a289-462e-b91c-967b622752ce,8.4,1,"{""EvaluationCriteria"":{},""Comment"":""ổn áp nha""}",2024-01-03 17:03:46.745225,67b7c012-5734-46a4-b239-4c0d76fb6a29,review,record_survey
02eddee4-b17c-4803-9a19-47ea51910704,d06d1883-b845-4c00-8e5f-1d0d91b6be22,7.5,1,"{""EvaluationCriteria"":{},""Comment"":""ok có thể dùng được""}",2023-09-12 15:11:15.942802,23b07846-25e6-4d89-8edb-a1f677cdea37,review,record_survey
02f07e56-38d9-450d-bbb6-cfaf83f6abb3,abd29a5b-e6ae-431b-a9f2-d5c45f51d2b1,8.5,1,"{""EvaluationCriteria"":{""24f872cc-80b4-4337-acc9-8f6939d599ea"":""tươi sáng"",""742a099d-ee66-45f1-8c3a-6b552dfa6f82"":""ổn"",""aad282f6-a037-4a4e-8bbe-c92ca7b78773"":""sôi nổi"",""e6b420d3-a36c-41a8-b4a6-12f225978fc2"":""không gian bản phối ổn, mixing hài hoà""},""Comment"":""nghe tổng thể tốt hơn bản trước""}",2023-01-11 15:45:15.473302,f9555620-b6c6-44e8-b52e-810925b37569,review,record_survey
02f086f7-d731-4af4-890d-a2bfbf66ab41,d79e0730-01f6-4614-8fb2-f5b5ae789831,8.5,1,"{""EvaluationCriteria"":{},""Comment"":null}",2024-08-27 11:38:14.876534,35ec313a-f6c1-49d8-bba1-79f558619806,review,record_survey
02f2351d-9419-4f4d-84d7-e75431b28ac5,abd29a5b-e6ae-431b-a9f2-d5c45f51d2b1,8.4,1,"{""EvaluationCriteria"":{},""Comment"":null}",2024-08-22 09:13:27.298274,c5903cc6-e88a-45ce-8550-68b00b53b3ad,review,record_survey
02f4a31d-b623-4dea-a2a0-e99caf48345c,72978bf6-a73e-4223-93b3-0f4b9241bcc9,8.5,1,"{""EvaluationCriteria"":{},""Comment"":null}",2023-10-23 14:43:27.7118,70c06f45-8a9c-494b-8bac-c2bac169fcd0,review,record_survey
02f5722a-771c-466d-8ea4-74c9c0491344,e62773ca-d8ed-4b53-9712-2616b1f58eff,8.5,1,"{""EvaluationCriteria"":{""24f872cc-80b4-4337-acc9-8f6939d599ea"":{""Comment"":""sáng"",""Rating"":0.0},""742a099d-ee66-45f1-8c3a-6b552dfa6f82"":{""Comment"":""dễ nghe"",""Rating"":0.0},""aad282f6-a037-4a4e-8bbe-c92ca7b78773"":{""Comment"":""sôi nổi"",""Rating"":0.0},""e6b420d3-a36c-41a8-b4a6-12f225978fc2"":{""Comment"":""sound piano nghe khá hay, dễ nghe"",""Rating"":0.0}},""Comment"":null}",2023-03-03 09:31:09.374783,773696b5-f9aa-4ece-8eff-319848845eab,review,record_survey
02f5762c-781c-4afa-9500-1ff8bc5f9f67,13c172f2-f476-414f-afcd-2f6635ed4ace,8.3,3,"{""EvaluationCriteria"":{},""Comment"":null}",2025-03-13 12:14:41.089417,f270f3cb-4c6b-412d-b856-21fc69f558f8,review,record_survey
02f5c4ac-2219-489e-a69b-b85673aa1f45,d0d50899-0355-45a8-9eee-c4ca58b5baf1,6.5,2,Tiết tấu hơi nhanh và mình cx ko thích tiếng nhưu tiếng xắc. cả bài nghe hơi mệt,2022-09-26 10:57:00.112336,43405360-e507-4505-858f-857d11961640,review,record_survey
02ff303c-be86-4708-9fcc-a23f6d1a19f6,5e345e0b-a27c-4392-9cc2-3020088f5292,8.6,1,"{""EvaluationCriteria"":{},""Comment"":null}",2026-01-26 14:29:18.377733,10d74884-f03f-4883-9f14-037bc6c1a5f1,review,record_survey
02ffa338-bf4e-4091-94d3-ae8328958b02,843871e6-6067-4a83-b242-9c47f2dfdf60,8.3,1,"{""EvaluationCriteria"":{},""Comment"":null}",2025-03-19 17:04:11.512752,51f17402-5af9-4e63-ad4a-c29200d8375f,review,record_survey
0300c3c7-e92a-4447-a153-b69eb4356e2b,13c172f2-f476-414f-afcd-2f6635ed4ace,8.3,3,"{""EvaluationCriteria"":{},""Comment"":""thừa giây trống""}",2025-01-03 16:26:04.630463,bc287443-3c55-4dff-a6df-7be0042f7109,review,record_survey
0304a32d-d0c9-430b-ab5b-02727573d9b4,b17c51bf-a8a0-4a9c-8c1d-58bc569b7d8a,7,2,"{""EvaluationCriteria"":{},""Comment"":""Chất lượng âm thanh bị vang (vọng). ""}",2025-03-21 16:48:18.756378,e3c2d98f-170b-4504-b95a-fa501cbf9519,review,record_survey
030539d3-dd74-478f-bb72-3f8eb193d685,61d45226-50e1-4674-8e0e-4cbdc12f879f,7,3,"{""EvaluationCriteria"":{},""Comment"":null}",2025-06-25 02:47:55.375302,16380d79-36e3-4b1c-b9b2-9151d943a31f,review,record_survey
0305599b-0f3b-488d-9c33-a84392a14b02,7ac57b9f-9ab8-4196-8144-b16236ba5cd4,9,1,"{""EvaluationCriteria"":{""4aeb578f-5a33-4b5b-ad10-43501589a638"":{""Comment"":""Hay, truyền tải cảm xúc tốt. "",""Rating"":9.0},""9959e139-100b-4508-8745-bd893ab9a7cb"":{""Comment"":""Tốt"",""Rating"":9.0}},""Comment"":null}",2023-12-28 09:36:28.948747,efbfd3bf-6597-4cbe-8adb-fed840ee2b00,review,record_survey
030a3c83-d13f-4aa7-874a-6c9a0c66e0ed,b20ebc71-f593-4f81-8bda-6fe6c2f816d5,7.5,3,"{""EvaluationCriteria"":{},""Comment"":""- đã giảm tuy nhiên so với các âm thanh còn lại vẫn đang bị to và hơi lấn ất tiếng piano, vẫn cần giảm nữa, hoặc tăng âm thanh còn lại lên, tùy nghệ sĩ ạ\r\n- nếu được mix thêm tiếng kèn chẳng hạn để rõ chất jazz hơn""}",2024-11-12 10:50:38.154871,4c178802-8c57-435a-a7c1-59b7db194231,review,record_survey
030a8f4b-f9c8-4ae0-9f9a-b4e6bc7742f6,5504c544-9b1a-4792-8b6a-c43e043ac227,9,1,"{""EvaluationCriteria"":{""24f872cc-80b4-4337-acc9-8f6939d599ea"":""Trung hòa - an toàn"",""742a099d-ee66-45f1-8c3a-6b552dfa6f82"":""mang hơi hướng Soul/Swing"",""aad282f6-a037-4a4e-8bbe-c92ca7b78773"":""Say mê, sáng tạo"",""e6b420d3-a36c-41a8-b4a6-12f225978fc2"":""Đảm bảo không gian âm nhạc thoáng đãng, chill, âm thanh đầu ra nghe không bị tù.""},""Comment"":null}",2023-01-10 16:48:19.318059,f47b0560-96f6-424b-bbcd-9dceaa1a6cc8,review,record_survey
030e03e1-c057-4d86-a1b8-a276c0390d7a,0d73b0f1-0d46-4955-b511-54f8ffd9f5f8,8.4,3,"{""EvaluationCriteria"":{},""Comment"":""Giảm velocity, eq lại cho bản mix trong trẻo như brief""}",2025-05-19 18:29:08.879492,ad2027d7-b042-481a-9daf-27060939ae95,review,record_survey
03124931-9521-41b9-924f-8bae61626fc0,61d45226-50e1-4674-8e0e-4cbdc12f879f,8.4,3,"{""EvaluationCriteria"":{},""Comment"":""Âm nhạc:\r\n- Hiện đang thấy full bài Guitar, có thể xen kẽ những đoạn Piano lên solo, còn Guitar lùi lại đệm. Cả bài toàn Guitar Lead sẽ dễ gây nhàm chán.\r\n\r\nÂm thanh:\r\n- Giảm Bass nhỏ lại một chút (bài ref bass nhẹ nhàng thư giãn lắm).\r\n- Hihat và Shaker có thể to lên, để bài không bị thiếu phần high. To lên nhưng cẩn thận bị harsh nha anh em""}",2025-06-20 10:02:28.937639,36c4f139-b326-4fde-992f-bf57940d4060,review,record_survey
03150ce0-066b-4d57-ae69-5d0841e340d3,0a948fad-a289-462e-b91c-967b622752ce,6.5,3,"cái background đang đẹp, tự nhiên cho con pluck vào, xong nó cứ bị nhanh cuồn cuộn lên..... thấy ko duyên dáng cho lắm :(",2022-12-19 12:03:56.215346,c90f5009-4043-4f33-9dce-b491d6c4db4b,review,record_survey
03152a87-e710-49c7-9916-0d13b087f777,5504c544-9b1a-4792-8b6a-c43e043ac227,8.5,1,"- Giai điệu tốt
- Hơi hướng Bossa rõ ràng
- Các nhạc cụ uyển chuyển linh hoạt
- Sound Piano ấm, vang bắt tai",2022-12-07 09:42:40.423982,b0cd6596-6b3d-4814-94b2-86eccea7bdec,review,record_survey
031e7bda-ac87-4882-9406-ee81200a9cd1,31125a01-8c64-45f3-92e5-70c889f66b90,8.5,1,"{""EvaluationCriteria"":{""24f872cc-80b4-4337-acc9-8f6939d599ea"":{""Comment"":""thư giãn"",""Rating"":0.0},""742a099d-ee66-45f1-8c3a-6b552dfa6f82"":{""Comment"":""ok"",""Rating"":0.0},""aad282f6-a037-4a4e-8bbe-c92ca7b78773"":{""Comment"":""nhanh, vui nhộn"",""Rating"":0.0},""e6b420d3-a36c-41a8-b4a6-12f225978fc2"":{""Comment"":""ok"",""Rating"":0.0}},""Comment"":null}",2023-09-18 08:38:32.827507,4a9c81ed-18f1-43de-9a4c-22fe6be60515,review,record_survey
03208770-edc7-4514-bf5e-6366725021c0,7aac814c-4e6b-425a-a164-f7fc43b78fb4,8,1,"{""EvaluationCriteria"":{},""Comment"":null}",2025-11-05 16:55:25.450825,32d38843-016d-4cdd-8895-e50abcca3409,review,record_survey
0320cab3-ada2-408a-84db-af7a47020460,b20ebc71-f593-4f81-8bda-6fe6c2f816d5,8.3,1,"{""EvaluationCriteria"":{},""Comment"":""giai điệu hay, dễ nghe, bài kiểu vui vẻ tươi sáng, kiểu nghịch ngợm, nghe khá vui tai, có sự phát triển trong bài, k nhiều lắm nhưng nghe k thấy nhàm chán, có kết hợp âm thanh thiên nhiên, phần kết chưa trọn vẹn lắm nên cho 8.3""}",2023-04-19 10:21:46.384649,b343bf22-332b-486e-9579-5ef85b0c3c5d,review,record_survey
0321a209-02a9-4af4-9d18-03e87220e600,5e345e0b-a27c-4392-9cc2-3020088f5292,8.3,1,"{""EvaluationCriteria"":{},""Comment"":null}",2025-10-27 14:16:16.551987,a365306d-f00b-4c94-a69c-62d4c328c4da,review,record_survey
0321a711-1d48-46b7-a48c-8ec4bb163f07,abd29a5b-e6ae-431b-a9f2-d5c45f51d2b1,8.4,3,"{""EvaluationCriteria"":{},""Comment"":""đoạn chuyển từ 1:16-1:31 nghe chưa được mượt lắm""}",2024-11-14 09:57:41.188232,768557aa-8d71-4c18-99de-4afe4bd96df0,review,record_survey
034ac177-c2b4-4529-8025-1251e58172f1,d06d1883-b845-4c00-8e5f-1d0d91b6be22,7.5,1,"{""EvaluationCriteria"":{},""Comment"":""bài này cần thêm tiếng vang để hợp với không khí bài hát""}",2024-04-12 16:29:52.175174,471450b7-d5cd-4248-b77a-c2479a2a9ef4,review,record_survey
03240969-ad32-4008-8dd7-7da02e9ae674,655c6c00-735a-41c4-8f41-2f172c4f19bc,7,3,"{""EvaluationCriteria"":{""24f872cc-80b4-4337-acc9-8f6939d599ea"":""Bình yên"",""742a099d-ee66-45f1-8c3a-6b552dfa6f82"":""Giai điệu hơi nhàm chán một chút, nghe hết bài nhưng không đọng lại ấn tượng gì"",""aad282f6-a037-4a4e-8bbe-c92ca7b78773"":""Thư giãn"",""e6b420d3-a36c-41a8-b4a6-12f225978fc2"":""Đã đạt yêu cầu về chất lượng âm thanh""},""Comment"":null}",2023-02-15 17:11:43.306328,9e3d4d26-3b0c-442a-8784-a2d1ea8ce2ec,review,record_survey
03249fcc-c221-4586-9aed-3fba4278bbc0,d6caf172-60d5-4173-8881-293efb503b5e,7,3,"{""EvaluationCriteria"":{},""Comment"":""Beat cần được làm lại, vẫn chưa hay, cần làm lại để âm thanh được sát với bản gốc\r\n""}",2024-10-26 09:34:12.694889,e81d97a8-278d-4a94-a3fe-e762cc5f91cb,review,record_survey
0325c2fe-2066-4fdf-a819-40cc3ea3d274,5e345e0b-a27c-4392-9cc2-3020088f5292,8.8,1,"{""EvaluationCriteria"":{},""Comment"":null}",2024-08-20 10:20:51.585106,f8041a36-b569-4ed0-9cc0-97459b80ca4a,review,record_survey
0326d45b-769a-494a-8656-904bea831b75,abd29a5b-e6ae-431b-a9f2-d5c45f51d2b1,8.7,1,"{""EvaluationCriteria"":{},""Comment"":null}",2024-10-17 10:26:30.25264,2ad8fa79-74af-4fc3-aeed-0e10d1d5807c,review,record_survey
03289607-ee26-4c45-8e83-2f59869f60f5,e930db43-19dc-40df-b4d9-2681d4332161,9.5,1,"{""EvaluationCriteria"":{},""Comment"":null}",2026-07-28 10:45:04.16622,4ed8cf83-8184-499f-be38-efa6840ebaa8,review,record_survey
03296a51-be3d-4d6c-aa64-f137f01f4752,e62773ca-d8ed-4b53-9712-2616b1f58eff,8,3,"{""EvaluationCriteria"":{""24f872cc-80b4-4337-acc9-8f6939d599ea"":""sâu lắng"",""742a099d-ee66-45f1-8c3a-6b552dfa6f82"":""nhẹ nhàng, du dương"",""aad282f6-a037-4a4e-8bbe-c92ca7b78773"":""bình yên"",""e6b420d3-a36c-41a8-b4a6-12f225978fc2"":""nhạc cụ có tính chân thực, sound hòa quyện, âm bộ gõ hơi to""},""Comment"":null}",2023-01-10 16:42:02.687766,33ef24c2-429a-4b57-894f-653d036761b6,review,record_survey
032a8488-9109-47f1-9ff0-7b48e00a48cf,55c87d69-a6d8-4ea0-8f6a-9e203143d451,6.5,3,Bài 2 bản đầu tiên chưa fix nghe ổn hơn tất cả các bản fix lần 1 và lần 2,2022-08-11 15:05:19.17522,ad3c5c3b-76c9-4ae5-b59f-4346c61e55f1,review,record_survey
032c193e-13ea-4e62-af3c-0534e3953e41,d06d1883-b845-4c00-8e5f-1d0d91b6be22,8.5,1,"{""EvaluationCriteria"":{},""Comment"":""Ổn áp, nhẹ nhàng vừa đủ""}",2024-04-17 09:10:27.071238,50815c41-5826-4528-b85a-4e839497f279,review,record_survey
032c7c5e-288f-46dd-8bde-ae39798543cc,abd29a5b-e6ae-431b-a9f2-d5c45f51d2b1,8.6,1,"{""EvaluationCriteria"":{},""Comment"":null}",2025-01-14 09:19:19.00663,ec63443f-3289-4817-b8c7-4610556d8b7e,review,record_survey
03301c70-4ccc-4ae9-977e-4ffe382921aa,abd29a5b-e6ae-431b-a9f2-d5c45f51d2b1,8.6,1,"{""EvaluationCriteria"":{},""Comment"":null}",2024-11-22 09:12:17.411181,18a7a49e-000a-4471-80ca-8dea1e5003a5,review,record_survey
03308a56-4ea5-460d-9ee6-37dc9e112874,13c172f2-f476-414f-afcd-2f6635ed4ace,8.3,3,"{""EvaluationCriteria"":{},""Comment"":""- 1 phút đầu các layer vocal vẫn chưa sync\r\n- âm lượng vocal hơi to thì phải\r\n- kết đang cụt quá; oánh thêm dạo + 1 chorus nữa đi r hẵng kết; bài cũm đang ngắn qué""}",2024-10-19 19:31:06.813251,d2ceef78-7db1-4b6c-88a8-a541350be0f2,review,record_survey
03324ddf-fe2f-4ba3-a613-506fcabadcd2,9494688a-304e-45e5-9ae8-956d810bce24,7,3,"{""EvaluationCriteria"":{},""Comment"":""Chất lượng âm thanh không đồng nhất khi mà sửa được tiếng bass thì piano lại bị nhạt nhoà. Nếu sửa ph write từng đoạn chứ đây đang có cảm giác áp 1 set up plug ins và áp cho cả bài. Sự khác biệt rõ ràng nhất sẽ thể hiện qua việc nghe đến 6 phút, sau đó nhảy đến gần cuối bài nghe, càng về cuối bài, piano càng lu mờ. ""}",2024-05-07 15:43:06.811775,4cc8a400-7ff5-4955-abf8-adc910c3b96f,review,record_survey
0334de6f-cddf-4167-b4e8-1e231a72c1e8,abd29a5b-e6ae-431b-a9f2-d5c45f51d2b1,7.5,1,chất lượng ổn nhưng nghe chưa có vibe xmas lắm,2022-09-28 09:27:35.136385,c384ff14-c902-454c-8b83-f30dd7fc1c8b,review,record_survey
033ac3b1-2b2c-4b5f-b866-fc8f5a33b2a7,13c172f2-f476-414f-afcd-2f6635ed4ace,8.3,1,"{""EvaluationCriteria"":{},""Comment"":""ukiee""}",2024-12-18 11:36:32.858908,45bc51a6-770b-421e-823f-f15c28323ef6,review,record_survey
033bc39d-a29c-4fe1-beb5-cf1cb7975615,ba9a47de-eaf5-400d-b948-2233829b67e3,8.3,3,"{""EvaluationCriteria"":{},""Comment"":""Thú thực là bài này nghe mà còn chưa có vcoal nên k nhận xét kĩ được. Thấy sơ bộ là ok nhưng có vẻ là đang hơi to và sound có chút chói thôi. ""}",2024-06-12 18:03:02.389362,25354318-b673-4a28-947d-66f19cd907db,review,record_survey
033d10f5-c394-4ae6-a97c-cdb0ecd837c4,892b4c85-0d61-4602-b2ec-498200583fe8,6,3,"{""EvaluationCriteria"":{},""Comment"":""cấu trúc bài lặp lại nhiều quá, từ 50s đến 1p55 có âm thanh đàn gì nghe lặp lại nhiều gây khó chịu. thay đổi cấu trúc bài đừng lặp lại nhiều quá""}",2025-04-18 09:58:24.91789,0ec02257-0f8a-43fe-86ec-3591e98c0932,review,record_survey
033d5702-28e8-4ec7-b2ba-8f914074a0ab,6225eaf1-0c57-410a-a09d-a0055f7e073a,9,1,"{""EvaluationCriteria"":{""0619f987-222d-4959-a13d-43904a7a8c2e"":{""Comment"":""ok"",""Rating"":9.0},""e6ed2234-3699-4cfd-8fc0-0d2780131881"":{""Comment"":""Nhẹ nhàng, êm dịu"",""Rating"":9.0}},""Comment"":null}",2023-04-20 16:18:51.779062,ce6f7d5c-d002-482e-951f-62bbcdd2ee41,review,record_survey
033e30c8-c2c0-4485-ba30-0ffc7b80af79,d6caf172-60d5-4173-8881-293efb503b5e,8.5,1,"{""EvaluationCriteria"":{},""Comment"":""0:49 vào đoạn điệp khúc giảm tiếng nhạc cụ (keng)\r\n\r\nNhìn chung beat ổn, tiến hành mix thêm vocal rồi mới đánh giá kỹ hơn được\r\n""}",2024-12-20 09:47:17.418264,43516b3b-ffa9-4044-a76d-c236e772b8fc,review,record_survey
03432b0a-5001-4522-aeb7-6f46661586f7,5e345e0b-a27c-4392-9cc2-3020088f5292,7.5,3,"{""EvaluationCriteria"":{},""Comment"":""âm thanh ở mức ổn\nadd sound điện tử vào nghe không liên quan lắm, mixing đang lệch hơi nhiều sang tai phải""}",2023-10-30 10:05:49.611793,337a4db3-59de-4718-a7dd-9bcdfe611e0f,review,record_survey
034404d8-49f2-4123-8002-d299f59fd057,aeed5635-c7e2-44b7-a4f6-596166e94410,7,3,"{""EvaluationCriteria"":{},""Comment"":""bản này đậm chất chillhop hơn, nghe cũng khá ấm áp, tuy nhiên phần nối từ đầu đến điệp khúc nghe không khớp lắm, so với bản cũ thì bản cũ nghe vẫn vibe giáng sinh giáng sinh hơn, các đoạn liên kết hợp, nhưng bản cũ lại không đậm chất lofi, chillhop""}",2023-09-22 18:13:22.579303,fe219dce-3661-4e6a-ad87-c5404645d4f4,review,record_survey
0345fd0d-2dc9-4cef-965a-ed8f135900d6,0a948fad-a289-462e-b91c-967b622752ce,7.5,3,"Gần ổn. Thêm đệm piano cho dày, sửa lại intro. Kick bị mỏng",2022-11-28 10:11:31.815288,83661f6d-0931-4edc-a361-7e73cd5ec2a2,review,record_survey
0346a598-49e9-4208-88a6-1db162ee0485,61d45226-50e1-4674-8e0e-4cbdc12f879f,8,3,"{""EvaluationCriteria"":{},""Comment"":null}",2025-07-03 21:33:33.126339,9f403b51-17df-4d0c-8cb1-80deaeec890e,review,record_survey
034bab21-777d-4eb5-b3c9-845444e45e22,5e345e0b-a27c-4392-9cc2-3020088f5292,8.5,1,"{""EvaluationCriteria"":{},""Comment"":null}",2024-08-21 15:26:13.021262,bfbe9a03-4719-425f-adae-577e621c80d5,review,record_survey
034beade-733c-4dd5-b79f-6c9460ae6b01,5e345e0b-a27c-4392-9cc2-3020088f5292,8.5,1,"{""EvaluationCriteria"":{},""Comment"":""pan vocal nam nữ ra 1 tí sẽ có nhiều không gian hơn ""}",2023-10-25 11:18:54.998,047fb630-d33f-480a-ad7d-ba34d2af0314,review,record_survey
034cd345-8e45-413f-8f2e-ea74ece1e3d3,31125a01-8c64-45f3-92e5-70c889f66b90,7,3,"{""EvaluationCriteria"":{""24f872cc-80b4-4337-acc9-8f6939d599ea"":{""Comment"":""thư giãn"",""Rating"":0.0},""742a099d-ee66-45f1-8c3a-6b552dfa6f82"":{""Comment"":""ok"",""Rating"":0.0},""aad282f6-a037-4a4e-8bbe-c92ca7b78773"":{""Comment"":""háo hức"",""Rating"":0.0},""e6b420d3-a36c-41a8-b4a6-12f225978fc2"":{""Comment"":""âm thanh bộ gõ bé, cảm giác như một bản piano hơn là jazz. bản fix cũ ok hơn"",""Rating"":0.0}},""Comment"":""bản fix cũ ok mà""}",2023-09-19 15:59:14.30616,c664cc4d-d7c8-4ac7-9075-46fdda9b58ae,review,record_survey
034d843f-d892-4b49-836c-a038aafd8351,6225eaf1-0c57-410a-a09d-a0055f7e073a,9,1,"{""EvaluationCriteria"":{},""Comment"":null}",2024-08-30 11:12:59.673646,19987b98-3eb8-46f5-b1ef-ec98360ddb1a,review,record_survey
034e83fa-4dd3-4d93-bfc8-6b48f997764b,0a948fad-a289-462e-b91c-967b622752ce,8,3,"mọi thứ đều ổn, sound piano nghe hơi chật chội",2022-12-07 10:15:44.644249,25623fab-0e50-4cc9-a87b-85694eefc82b,review,record_survey
03501f7a-fddd-4c0b-81f6-9f1acde95ce1,5e345e0b-a27c-4392-9cc2-3020088f5292,8.5,1,"{""EvaluationCriteria"":{},""Comment"":null}",2025-11-13 09:51:48.992319,5a244ee0-a683-44ec-9761-f6c48979638c,review,record_survey
03508fee-d338-4355-8810-96418c28ad92,72978bf6-a73e-4223-93b3-0f4b9241bcc9,8.5,1,"{""EvaluationCriteria"":{},""Comment"":null}",2023-12-26 09:58:20.684298,28737a00-58a3-489b-b67b-77fffbd7556b,review,record_survey
0351e698-dcc2-4393-a781-10be1a82dee4,8a0ee7e0-1ec4-440b-8f0a-4950c2b3caec,7.8,3,"{""EvaluationCriteria"":{},""Comment"":""1:35 - 1:52 độ vang hơi to, giai điệu tiếp nghe bị vội\nTổng thể tương đối ổn""}",2023-08-10 16:51:04.704545,43115f69-adfb-4630-ac85-3791f6afe86a,review,record_survey
03543652-3177-4efb-a6f0-62dec165719f,abd29a5b-e6ae-431b-a9f2-d5c45f51d2b1,7,3,kick & snare hơi mạnh,2022-07-09 15:17:52.605226,0b34cf35-1906-4405-b0ff-7936fd280158,review,record_survey
03546dd8-82b5-4160-9fc9-6e9f2b1af471,13c172f2-f476-414f-afcd-2f6635ed4ace,7.5,3,"{""EvaluationCriteria"":{},""Comment"":""mel chính quá bận rộn, như bản trc là ok thêm tiếng lạo xạo nữa""}",2025-05-13 17:40:18.338681,a94752b2-94df-454a-9905-dd0c3c815f0c,review,record_survey
03565af2-07fe-484d-8f1d-065114f65082,31125a01-8c64-45f3-92e5-70c889f66b90,8.5,1,"{""EvaluationCriteria"":{""24f872cc-80b4-4337-acc9-8f6939d599ea"":""thư giãn"",""742a099d-ee66-45f1-8c3a-6b552dfa6f82"":""hay"",""aad282f6-a037-4a4e-8bbe-c92ca7b78773"":""chậm rãi"",""e6b420d3-a36c-41a8-b4a6-12f225978fc2"":""ok""},""Comment"":null}",2023-02-21 14:15:56.579989,61b62f30-ed1b-4a39-9c2b-ecc7b0ae3572,review,record_survey
03582705-8add-421f-a385-6d4970cb3cfa,8a0ee7e0-1ec4-440b-8f0a-4950c2b3caec,8.5,1,"{""EvaluationCriteria"":{},""Comment"":""""}",2024-02-24 11:17:29.689087,7887b391-2690-4391-8d61-83387f4e3908,review,record_survey
0359acbd-5086-4066-ba63-08e297d413c0,9afcf13a-78f4-4174-9a4b-e7880d06392c,9.25,1,"{""EvaluationCriteria"":{},""Comment"":""- Good""}",2025-05-27 13:37:20.06229,dfb671d8-e58b-46be-a45c-98f2bbf18518,review,record_survey
035b2e52-45fc-4e5f-ba65-f5834b2cfcc7,31125a01-8c64-45f3-92e5-70c889f66b90,9,1,"{""EvaluationCriteria"":{""24f872cc-80b4-4337-acc9-8f6939d599ea"":{""Comment"":""thư giãn"",""Rating"":0.0},""742a099d-ee66-45f1-8c3a-6b552dfa6f82"":{""Comment"":""vui tươi, nhịp nhanh"",""Rating"":0.0},""aad282f6-a037-4a4e-8bbe-c92ca7b78773"":{""Comment"":""mượt mà"",""Rating"":0.0},""e6b420d3-a36c-41a8-b4a6-12f225978fc2"":{""Comment"":""ok"",""Rating"":0.0}},""Comment"":null}",2024-02-23 20:54:17.893131,417342a5-1785-4619-8bab-6591cd474524,review,record_survey
035b3e0c-90b9-469a-8bb4-e2552ea1a91b,13c172f2-f476-414f-afcd-2f6635ed4ace,8.5,1,"{""EvaluationCriteria"":{},""Comment"":null}",2024-05-02 17:13:04.287651,e1bdf105-f44c-44a5-93de-6209feeae772,review,record_survey
035ecddc-3186-45a2-ab51-95a1ed767620,5e345e0b-a27c-4392-9cc2-3020088f5292,8.5,1,"{""EvaluationCriteria"":{},""Comment"":null}",2025-12-17 11:06:39.263306,23230a41-bdbb-4c58-b483-c3aeea574db2,review,record_survey
035f035c-ce10-4337-b36c-5f9b6920ce9e,8eefc4bf-3fda-4bc0-9a87-367394527a6a,7,1,"Giai điệu nhẹ nhàng hợp làm chill, relax, sleep",2022-06-13 15:59:11.247522,bdca5691-f308-4c70-9886-67ed00f8ac63,review,record_survey
03611412-0183-410a-967a-4c48546bb887,abd29a5b-e6ae-431b-a9f2-d5c45f51d2b1,8,1,"{""EvaluationCriteria"":{},""Comment"":""tạm được, triển khai bài vẫn chưa được gọn gàng""}",2023-07-04 14:32:38.003405,d453d9d3-1874-43ac-a596-071a8300fa31,review,record_survey
0362db24-5381-4345-ac20-362d459966de,892b4c85-0d61-4602-b2ec-498200583fe8,8,1,"{""EvaluationCriteria"":{},""Comment"":""giai điệu và nhạc cụ hơi đơn giản, mong muốn những bài sau sáng tạo hơn chút để đa dạng hơn""}",2024-12-28 11:33:02.441853,000bd6a3-0b47-48cf-8c44-c7ddca367e7d,review,record_survey
03637988-78af-4c95-bb41-add96da766d6,6a60fcc1-ce96-4398-a432-d397b95d22b6,8,3,"{""EvaluationCriteria"":{""4aeb578f-5a33-4b5b-ad10-43501589a638"":{""Comment"":""Giai điệu dễ nghe. Relaxing"",""Rating"":9.0},""9959e139-100b-4508-8745-bd893ab9a7cb"":{""Comment"":""Nghe hơi vọng nhiều. Nghe điện thoại vẫn hơi rè"",""Rating"":7.0}},""Comment"":null}",2023-11-09 17:37:47.91075,04d22154-4f98-4118-b02d-8bc3eb2b6a4c,review,record_survey
0364f9a1-e9c2-4af1-8981-b6e9d0df71cb,5e345e0b-a27c-4392-9cc2-3020088f5292,8,1,"{""EvaluationCriteria"":{},""Comment"":null}",2024-11-25 12:08:05.090208,c1f5ff3a-9abc-4082-b626-d05099ec4547,review,record_survey
036624e9-b7db-48e6-a9e1-8511b551a062,5e345e0b-a27c-4392-9cc2-3020088f5292,8.5,1,"{""EvaluationCriteria"":{},""Comment"":""ok rồi, đợi master ""}",2023-10-26 16:05:34.992269,5d69828e-3fe9-4615-b8d7-dd630b2c401a,review,record_survey
036a7beb-9563-43f9-b49f-b4566a91612a,13c172f2-f476-414f-afcd-2f6635ed4ace,8.3,1,"{""EvaluationCriteria"":{},""Comment"":null}",2025-01-16 11:37:00.151966,7f8c68ee-05c4-4095-8286-09eeff443714,review,record_survey
036c1853-5bfc-491d-847d-cadc600c640a,0a948fad-a289-462e-b91c-967b622752ce,8.5,1,"{""EvaluationCriteria"":{""24f872cc-80b4-4337-acc9-8f6939d599ea"":{""Comment"":""trung hòa - cool, dễ chịu"",""Rating"":0.0},""742a099d-ee66-45f1-8c3a-6b552dfa6f82"":{""Comment"":""giai điệu khá là êm, dịu tai"",""Rating"":0.0},""aad282f6-a037-4a4e-8bbe-c92ca7b78773"":{""Comment"":""thư giãn, chill"",""Rating"":0.0},""e6b420d3-a36c-41a8-b4a6-12f225978fc2"":{""Comment"":""ổn "",""Rating"":0.0}},""Comment"":""Bản nhạc tròn trịa, phù hợp với nhu cầu""}",2023-04-21 10:55:47.809338,61d5b73c-494f-42a3-ac6b-81ed121134fe,review,record_survey
036d9e49-2f7f-4c5f-b27f-cf91b6e67535,28bed8cf-6dc9-471b-811d-49b4bf3b8211,8,1,"{""EvaluationCriteria"":{},""Comment"":""- Nhạc oke \r\n- Âm lượng vocal oke \r\n- Chuyển sang khâu tiếp theo ""}",2025-09-24 16:43:31.972,4a84f31b-417e-43a1-8d3c-e78748ef8de5,review,record_survey
03753220-03f2-4abc-be4a-c0b46b6b6029,843871e6-6067-4a83-b242-9c47f2dfdf60,8,1,"{""EvaluationCriteria"":{},""Comment"":null}",2025-03-20 16:38:38.553564,10b098d2-cfee-4c72-8a6b-9651c195f5e3,review,record_survey
03777bb5-356e-4dbc-9fad-8b551d7cc271,9d22edc0-7f6e-4b7a-8d9d-c62b49f8b6ba,7.5,3,"{""EvaluationCriteria"":{},""Comment"":""- Chất âm hơi gắt;\n- Nghe cả bài cảm giá đều đều k phân biệt được cấu trúc rõ ràng;""}",2024-05-10 11:44:21.829182,32b62384-c0bf-4aa0-9b18-8a61bc8ee62f,review,record_survey
03794148-aa73-4d8c-a050-704f05803c66,69f07558-6e6d-414c-b55b-9c991c08ac36,7,3,"- sóng âm thiếu độ đầm nghe chưa cuốn chưa thực sự tập trung
- Piano ổn có thể giữ nguyên",2022-12-21 18:01:15.755898,986bb4ef-bf03-459e-8f3d-f0acc73c0ef0,review,record_survey
0379b39a-ab19-403f-9d2e-834b29a04010,13c172f2-f476-414f-afcd-2f6635ed4ace,9,1,"{""EvaluationCriteria"":{},""Comment"":null}",2026-04-11 14:52:54.256189,6651d884-b5b4-4c03-8868-47b30b2f712c,review,record_survey
0379bc5b-7f8d-4abb-a578-29e33d2a8357,13c172f2-f476-414f-afcd-2f6635ed4ace,8.8,3,"{""EvaluationCriteria"":{},""Comment"":""sound symbal cần nổi bật hơn tẹo như mẫu""}",2024-07-22 15:09:41.548234,e43e2808-7c73-4f80-a851-6a0f769d7cf4,review,record_survey
037c5230-3c8f-45c3-9995-ae692061d07a,b16c888a-681c-4f7b-adf5-344a2075d77e,8.4,3,"{""EvaluationCriteria"":{},""Comment"":""Giai điệu rất hay nhưng tiếng strings đang bị mỏng quá chưa phủ hết không gian, cho dày lên là đẹp""}",2024-05-09 17:59:18.108022,b66107ce-b451-47e9-afdf-d19c0ffce742,review,record_survey
037eab58-ae61-4a3b-8985-32076ac535c1,d06d1883-b845-4c00-8e5f-1d0d91b6be22,9,1,"{""EvaluationCriteria"":{},""Comment"":null}",2024-07-22 17:02:12.350605,06696d31-cbd5-4b7d-a2f6-74c608383aa4,review,record_survey
03825428-81fe-453e-bd28-44fb79e6e3ad,352de1bd-e09d-4697-84bb-f3bcc4085530,8,3,"{""EvaluationCriteria"":{},""Comment"":""volume to với vài chỗ bị nhoè nhẹ, cần giảm volume với velocity lại một chút""}",2024-12-12 13:50:23.075591,a8872fda-ce30-4737-b4d8-bc218fdec273,review,record_survey
0382ed72-0d65-48ee-b62a-b5610f3c1aa8,72978bf6-a73e-4223-93b3-0f4b9241bcc9,8,1,"{""EvaluationCriteria"":{},""Comment"":null}",2023-01-03 15:51:59.754904,ce2e6eb5-199c-40ae-943b-e07b4a4fd47a,review,record_survey
0382fe2e-09ef-4e35-96d5-82fe2f90e50a,d06d1883-b845-4c00-8e5f-1d0d91b6be22,8.5,1,"{""EvaluationCriteria"":{},""Comment"":""nhịp hơi chậm, nhanh hơn 20% thì tuyệt, âm thanh ok""}",2024-04-22 14:25:32.069789,b74e9780-3dd8-4e4c-8730-d6b5c10fdce9,review,record_survey
0384c04b-616f-4633-b03c-e858ad6690eb,8eefc4bf-3fda-4bc0-9a87-367394527a6a,8,1,Beats chill hop relax. Giai điệu vui tươi ,2022-09-28 10:12:17.166648,4e3e53b5-862c-413d-8d00-4013354bf18c,review,record_survey
03852f3e-1173-4a67-a12d-fb8d2dc9713c,cb3f6449-f7e3-4484-bdf8-0e967d001aaf,8,1,"{""EvaluationCriteria"":{},""Comment"":null}",2025-09-03 15:26:30.134076,79ac833d-0a99-43f3-84dd-4ce9b6edc40d,review,record_survey
03858ef6-a8dd-4755-939b-97d39e16d48a,0d73b0f1-0d46-4955-b511-54f8ffd9f5f8,9,1,"{""EvaluationCriteria"":{},""Comment"":""Well done""}",2025-12-16 14:49:34.525817,fde16350-ac4f-4087-bc28-31bfa6fb8c84,review,record_survey
0385bce5-d1c0-4d73-957f-4b8d4c7e461c,31125a01-8c64-45f3-92e5-70c889f66b90,5,3,"{""EvaluationCriteria"":{},""Comment"":""âm môi trường chưa được tinh tế và rõ rệt. đoạn từ giây 50 âm thanh bị lỗi""}",2024-06-13 12:03:37.783292,56dcb6b6-6a54-4e0d-a71c-778ce07d39e0,review,record_survey
038647dd-980d-424c-b31c-83a686c6b7fa,d06d1883-b845-4c00-8e5f-1d0d91b6be22,8.5,3,"{""EvaluationCriteria"":{},""Comment"":""sửa lại âm thanh chút, note cao êm hơn và nốt trầm ít vang hơn""}",2025-08-22 10:49:23.914501,d8caefa5-3a0c-49e7-9f46-ee035caf9921,review,record_survey
0387dcde-fea5-42ac-9bec-afffff4a547d,6a60fcc1-ce96-4398-a432-d397b95d22b6,9,1,"{""EvaluationCriteria"":{},""Comment"":""Giai điệu hay""}",2026-08-13 11:03:25.183746,d25a6509-c6d0-42a1-84ea-cf8ded2cedb1,review,record_survey
038b23e5-0422-4c0c-af20-063f849f7b35,61d45226-50e1-4674-8e0e-4cbdc12f879f,9,1,"{""EvaluationCriteria"":{},""Comment"":null}",2025-11-19 23:42:32.887561,b2514500-8f18-44fd-be96-34b721bbb591,review,record_survey
038fe653-701d-43b6-bdaa-a49ffeca2895,31125a01-8c64-45f3-92e5-70c889f66b90,9,1,"{""EvaluationCriteria"":{""24f872cc-80b4-4337-acc9-8f6939d599ea"":{""Comment"":""thư giãn"",""Rating"":0.0},""742a099d-ee66-45f1-8c3a-6b552dfa6f82"":{""Comment"":""hay"",""Rating"":0.0},""aad282f6-a037-4a4e-8bbe-c92ca7b78773"":{""Comment"":""nhẹ nhàng"",""Rating"":0.0},""e6b420d3-a36c-41a8-b4a6-12f225978fc2"":{""Comment"":""ok"",""Rating"":0.0}},""Comment"":null}",2023-06-16 08:49:55.509813,b859cf09-2de9-4200-9b5d-ed45893dee8d,review,record_survey
039652d7-e388-4486-b738-e7eac433cc6d,f8660c20-51f4-4a02-b820-7fbdb68f8f1b,8.5,1,"{""EvaluationCriteria"":{},""Comment"":null}",2024-08-23 10:01:39.711117,fbd461ec-8cd2-4587-b986-f6faf9771040,review,record_survey
0399a59b-23ff-42eb-afad-f45620f78a04,abd29a5b-e6ae-431b-a9f2-d5c45f51d2b1,8,1,"{""EvaluationCriteria"":{},""Comment"":""oke""}",2023-01-27 16:33:26.268949,e112d7e3-443a-4e7b-bef5-7ebea9bf97af,review,record_survey
039ece3e-96b6-4e85-aff0-7ef512fda607,61d45226-50e1-4674-8e0e-4cbdc12f879f,8.5,1,"{""EvaluationCriteria"":{},""Comment"":null}",2025-06-17 18:05:14.007249,783fcc6a-0318-44af-99c7-c88b2da842d4,review,record_survey
03a11f28-a573-499f-8fe9-cf7959440d98,98b95f68-40ac-4feb-a01a-da3a39f0c7ce,9,1,,2022-11-18 11:56:28.163597,ac16003d-f645-4fd9-af5d-339978fcab1b,review,record_survey
03a57bc4-3ecc-466c-9c73-38a76a205e30,f8660c20-51f4-4a02-b820-7fbdb68f8f1b,8.6,1,"{""EvaluationCriteria"":{},""Comment"":null}",2024-05-31 09:17:49.700028,f41d24cb-7797-4790-acc0-5b3ecead1cb7,review,record_survey
03a65aab-f945-410c-9716-7f1f4c02727d,04b57d23-8e2f-484b-8364-85087dc39c7d,7.5,1,"chill, guitar-> nghệ sĩ rất nhớ phong cách của mình nhưng melody vẫn nằm ở an toàn thôi chứ chưa wow",2022-09-15 08:36:49.31879,c768c569-1168-4054-b1e7-cbee606adaf3,review,record_survey
03a692e1-8547-4bee-b89a-fcafb13e1820,0d73b0f1-0d46-4955-b511-54f8ffd9f5f8,7.2,3,"{""EvaluationCriteria"":{},""Comment"":""Master loudness bé.\r\nNghe piano đang chưa thật, RelNoise đang chưa nghe được.\r\nBản mix tối, đang muddy tần 200-600hz. Tần highfreq bị flat nhiều nên hơi bí""}",2025-05-16 11:37:19.207704,827becab-c906-417c-aff9-8c24f98a7133,review,record_survey
03a6aa1f-be5e-4f44-a115-d0b65509fb92,f8660c20-51f4-4a02-b820-7fbdb68f8f1b,8,3,Thay clap với hi- hat đi là hay,2022-09-06 17:05:39.435861,f0c509d4-5c80-46a0-84d5-1c0a796b9a1b,review,record_survey
03a92440-3abb-4d85-96f1-d552ee21a260,b17c51bf-a8a0-4a9c-8c1d-58bc569b7d8a,9,1,"{""EvaluationCriteria"":{},""Comment"":""ok""}",2025-09-09 15:07:47.379453,06acee26-3361-4642-87d5-d0f8d024f69d,review,record_survey
03cb37f7-a26a-4351-bd1e-70fecb22b078,9f4a3f6e-5c6d-40ff-af6a-de9f8d55908e,8,1,"{""EvaluationCriteria"":{},""Comment"":null}",2024-12-27 17:17:39.406859,d6689748-6d2e-428f-8924-56eef4cf31d6,review,record_survey
03ad3e7d-a0dc-4843-ac2c-29aa8d3615a7,13c172f2-f476-414f-afcd-2f6635ed4ace,7.7,3,"{""EvaluationCriteria"":{},""Comment"":""bài này cảm giác k hợp vs beat này, beat nghe hơi hiền so vs style hát này, hoặc phải chọn vocal nữa hay gì cho nó mượt nhẹ nhàng hơn""}",2024-04-16 17:55:12.035331,527e9115-1d6e-4818-ab76-824530d014da,review,record_survey
03ad4219-6708-4837-adbc-7e3cb00e82a0,0a948fad-a289-462e-b91c-967b622752ce,8.45,1,"{""EvaluationCriteria"":{""4aeb578f-5a33-4b5b-ad10-43501589a638"":{""Comment"":""nghe nó mượt và có cảm xúc. Biến tấu vừa phải, k bị quá tay làm lu mờ gđ chính"",""Rating"":8.7},""9959e139-100b-4508-8745-bd893ab9a7cb"":{""Comment"":""Tròn trịa, vừa phải"",""Rating"":8.2}},""Comment"":""hay, nghe sang đấy""}",2023-10-24 14:35:55.976599,2bb03b46-28fc-4d1a-a862-d8a09e7f18b9,review,record_survey
03ada5de-5a63-4b8d-af89-3c5a2ef8e187,abd29a5b-e6ae-431b-a9f2-d5c45f51d2b1,8.5,1,"{""EvaluationCriteria"":{},""Comment"":null}",2023-07-11 09:16:59.708935,c15314e3-c16d-42e7-8a66-7383c6cafa26,review,record_survey
03adbe49-1adf-4f00-8343-7b2a408d55fe,f8660c20-51f4-4a02-b820-7fbdb68f8f1b,8.3,1,"{""EvaluationCriteria"":{},""Comment"":null}",2024-12-17 08:39:49.190366,71baef36-0e5c-462e-9c4b-6dbee8fced35,review,record_survey
03ae2a24-04ce-4578-8148-e2b5cde31581,31125a01-8c64-45f3-92e5-70c889f66b90,8.2,1,"{""EvaluationCriteria"":{""24f872cc-80b4-4337-acc9-8f6939d599ea"":{""Comment"":""thữ giãn"",""Rating"":0.0},""742a099d-ee66-45f1-8c3a-6b552dfa6f82"":{""Comment"":""hơi thiếu những đoạn trầm, ấm"",""Rating"":0.0},""aad282f6-a037-4a4e-8bbe-c92ca7b78773"":{""Comment"":""chậm rãi"",""Rating"":0.0},""e6b420d3-a36c-41a8-b4a6-12f225978fc2"":{""Comment"":""ok"",""Rating"":0.0}},""Comment"":null}",2024-02-23 08:47:23.605721,dca375a9-4d40-4504-bc92-80e08c3bc4ba,review,record_survey
03af0498-d3e8-43a8-bb8a-5a7e292a8bd7,d06d1883-b845-4c00-8e5f-1d0d91b6be22,7,3,"{""EvaluationCriteria"":{},""Comment"":""bass nặng quá bị lệch nhiều so với phần vocal, intro dài k hấp dẫn. thử giảm nhẹ bass cho nó vừa phải hơn xem""}",2025-07-27 15:50:50.386602,677fc0ca-28bb-47b2-b1c6-df777784afa9,review,record_survey
03af3503-b3d7-4ca9-a980-eea493a5081c,13c172f2-f476-414f-afcd-2f6635ed4ace,8.3,3,"{""EvaluationCriteria"":{},""Comment"":""vẫn là bản trc mà ta""}",2025-04-14 17:09:05.161047,c789d19d-5a2e-4131-b510-d6febe3d7ef0,review,record_survey
03afef1e-0dcc-4f7d-83ae-a79922fdc431,8eefc4bf-3fda-4bc0-9a87-367394527a6a,0,3,"{""EvaluationCriteria"":{},""Comment"":null}",2024-09-26 09:30:46.049812,1f870dae-0c73-4082-a1a0-d4ef1ec9f88c,review,record_survey
03b1280e-e8e9-4bbf-94b2-d6f660d141ac,2aa5ffe3-d877-4e70-a65f-153fe9e7f4ef,8.3,1,"{""EvaluationCriteria"":{},""Comment"":null}",2024-12-18 16:57:22.852746,6b8e5d86-451b-473e-a0d2-4b06f3c32032,review,record_survey
03b4b302-4e51-45d5-af15-cf3d6e8e7e03,8eefc4bf-3fda-4bc0-9a87-367394527a6a,0,3,"{""EvaluationCriteria"":{},""Comment"":""sạch hơn bài kia, tăng thêm rung, có rung sớm hơn, độ chuyển của pad theo mẫu ở giây 8 9 10 : 17 18 19 : 27 28 29 bên mẫu\r\n""}",2026-04-23 11:43:01.465055,11597b42-fdaf-4cd3-8c04-05e3b5a5f464,review,record_survey
03b5b17e-f219-4b26-91b9-3d569d6a283e,13c172f2-f476-414f-afcd-2f6635ed4ace,0,2,"{""EvaluationCriteria"":{},""Comment"":null}",2026-03-16 18:01:33.069506,5265c8c0-70a0-48a6-ae02-9efd9a6c807c,review,record_survey
03b5f298-39fc-411e-a057-e79eb4b49f5f,9f4a3f6e-5c6d-40ff-af6a-de9f8d55908e,7.5,3,"{""EvaluationCriteria"":{},""Comment"":""Vẫn chậm với đều quá ạ. Đến gần 2p mới có sự thay đổi về tiết tấu, đoạn dẫn cũng chưa có cảm giác build up, nó đang hòa trộn vào verse 1 phía trước. Mình cần bản nhạc phức tạp hơn, có biên độ cảm xúc hơn ạ""}",2024-12-20 09:34:09.884765,2edcd2bf-43c5-42b1-84c5-d3c00deafaa8,review,record_survey
03b74150-83f2-428a-8f1c-30d4453500a2,98b95f68-40ac-4feb-a01a-da3a39f0c7ce,8.3,3,"{""EvaluationCriteria"":{""0619f987-222d-4959-a13d-43904a7a8c2e"":{""Comment"":""Một số nốt lên cao quá ở phút thứ 1:10 trở đi"",""Rating"":8.0},""e6ed2234-3699-4cfd-8fc0-0d2780131881"":{""Comment"":""ok"",""Rating"":9.0}},""Comment"":""""}",2023-03-13 17:00:53.386236,6cd58299-ba36-4561-ad28-16e2985b533f,review,record_survey
03b95f94-f686-4fa8-ad65-30e40af4e434,61d45226-50e1-4674-8e0e-4cbdc12f879f,7,3,"{""EvaluationCriteria"":{},""Comment"":""Âm thanh: \r\n- Tay phải Velocity mạnh quá.\r\n- Velocity không đồng đều, lúc rất mạnh lúc rất nhẹ. Vì dòng này mục tiêu là ru ngủ nên cần anh em đánh velocity đều lại chút, đừng đột xuất to và đột xuất nhỏ.\r\n- Cần add thêm chút Reverb (insert)""}",2025-06-28 18:29:08.607409,caf6eade-382e-41cd-99c5-6f4ffd85a798,review,record_survey
03baf379-2c5b-488c-90b9-48cd87dd0f1e,68a2d75c-2765-4ba8-b18b-a6c0f2d9c618,9,1,"{""EvaluationCriteria"":{},""Comment"":""- Giai điệu nhẹ nhàng, sâu lắng. Êm ái du dương""}",2024-12-23 09:38:48.132976,a8363c8a-83fe-4165-a5bd-80f2f6b92a94,review,record_survey
03bbd279-9d05-4884-887a-224bc541787f,b20ebc71-f593-4f81-8bda-6fe6c2f816d5,7.5,1,"{""EvaluationCriteria"":{},""Comment"":""bài kiểu mơ mộng, nhịp vừa phải, beat guitar+piano, giai điệu hơi buồn, giai điệu khá hay, vibe tươi sáng, có kết hợp âm thanh thiên nhiên, bài nhẹ nhàng, đều đều, có sự phát triển trong bài, có cao trào ở mức nhẹ, bài k có đoạn giọng bè đàn ông nghe ổn hơn""}",2023-01-16 09:15:05.877196,5f3b8030-796c-40e3-9531-84676424c8be,review,record_survey
03bceff6-bbdb-4177-bdba-5627d081c668,98b95f68-40ac-4feb-a01a-da3a39f0c7ce,9,1,"{""EvaluationCriteria"":{},""Comment"":null}",2023-08-24 15:03:27.36075,b87621ad-45a8-4aa6-a2e2-a26bd5845375,review,record_survey
03bd4124-4103-4c5d-a613-7ff280ed6bbf,3464c058-e99a-47f4-b0f7-99f85817eb3c,6,3,"{""EvaluationCriteria"":{""02c76e9f-524c-48b1-bb11-18710b1ebf94"":{""Comment"":""Giống bản gốc"",""Rating"":0.0},""4fa5d62d-2d73-46ba-bff5-b341bea68321"":{""Comment"":""intro không hay, giai điệu chưa ăn khớp với nhau, đoạn cao trào chưa tạo điểm nhấn như bản gốc"",""Rating"":0.0},""680ce995-27d8-464a-ba6c-ce0cb170c7ad"":{""Comment"":""Giống bản gốc"",""Rating"":0.0}},""Comment"":null}",2023-12-21 18:08:23.201756,e244b4b2-d4af-47a7-a003-c551a7eddf6f,review,record_survey
03bf34b4-02d9-4957-8e6d-444a4578ed07,e62773ca-d8ed-4b53-9712-2616b1f58eff,8,3,"{""EvaluationCriteria"":{""24f872cc-80b4-4337-acc9-8f6939d599ea"":{""Comment"":""mượt mà"",""Rating"":0.0},""742a099d-ee66-45f1-8c3a-6b552dfa6f82"":{""Comment"":""du dương"",""Rating"":0.0},""aad282f6-a037-4a4e-8bbe-c92ca7b78773"":{""Comment"":""thoải mái"",""Rating"":0.0},""e6b420d3-a36c-41a8-b4a6-12f225978fc2"":{""Comment"":""sound piano nghe khá hay, bộ gõ nghe hơi to"",""Rating"":0.0}},""Comment"":null}",2023-02-27 11:02:02.195,18b7f4c1-930d-4efe-baae-370d3b3bc13c,review,record_survey
03c16313-124d-473b-8881-21f8dad85369,69f07558-6e6d-414c-b55b-9c991c08ac36,8,1,"{""EvaluationCriteria"":{},""Comment"":null}",2023-05-25 15:41:42.126614,0c7e97de-016d-476f-b918-943e8fc53b5a,review,record_survey
03c17afa-096d-475e-8e7e-bcc68b51bbba,72978bf6-a73e-4223-93b3-0f4b9241bcc9,8.5,1,"{""EvaluationCriteria"":{},""Comment"":null}",2023-11-25 18:00:00.38179,4a33e0c4-a617-4e50-ad16-f2ac31f20ec2,review,record_survey
03d0180a-2ca4-4661-8545-34e73fbb3304,a4199910-d04f-492e-aec7-5bdec45bafaf,8.2,1,"{""EvaluationCriteria"":{},""Comment"":""Bản này năng lượng hơn bản trước. Nhưng hình như vocal đang hơi chìm so với beat, nên cân đối lại 1 xíu""}",2024-04-16 16:36:48.605635,1b40438c-6205-416d-8a85-f5f96196ae76,review,record_survey
03d1c278-68d2-482c-a4f5-8c0188831d71,92f38085-28a3-43aa-8bde-1b4b9ecfdfd6,7.3,3,"{""EvaluationCriteria"":{},""Comment"":""Lối chơi hợp âm và giai điệu trong bản này mình cảm nhận chưa đủ hấp dẫn, các đoạn chuyển cũng còn mờ nhạt nên khi nghe có cảm giác hơi đều và dễ gây nhàm chán.\r\nNgoài ra, phần âm nền vẫn chưa được xử lý sạch, còn lẫn tạp âm gây mất tập trung khi nghe.\r\nTổng thể âm thanh của bài có chút không gian rồi, lối chơi cũng chậm rãi và thư giãn hơn.""}",2025-04-21 10:18:50.679069,c7d4f7ce-cfb1-401e-bd5a-392d6b01a406,review,record_survey
03d1c8ce-027c-44c8-81df-6ebd36db5ff1,3a9ae4fb-3826-45b9-bf5e-3f8f36656d8e,7,2,"{""EvaluationCriteria"":{},""Comment"":""giai điệu không hay, thiên hướng nhạc buồn Hàn hơn""}",2026-04-21 14:56:55.112738,8814f331-94a2-414d-82c4-fffa6baddcd4,review,record_survey
03d2c479-43b0-4bee-a20e-9c798984d580,5e345e0b-a27c-4392-9cc2-3020088f5292,7.9,1,"{""EvaluationCriteria"":{},""Comment"":null}",2025-01-14 16:08:26.708804,eb066530-5c75-4bc6-8ada-40a985de961d,review,record_survey
03d3b597-702f-40e6-ada9-5efaa20c4213,61d45226-50e1-4674-8e0e-4cbdc12f879f,8,3,"{""EvaluationCriteria"":{},""Comment"":""Âm nhạc:\r\n- Mấy nốt đầu nên khác ref chút, như này sợ sẽ bị bên ref đánh gậy, tỉ lệ ăn bản quyền rất cao.\r\n- Giai điệu và tiết tấu phù hợp.\r\n\r\nÂm thanh:\r\n- Chưa được trong trẻo như nhạc mẫu, cảm giác nghe Piano qua một lớp sương mờ, huyền ảo, chưa tự nhiên.""}",2025-06-16 18:17:03.780558,f5e6aa35-6c1f-443a-af74-8aeea7bb0ccb,review,record_survey
03d73c34-ec9f-46bf-aa20-69074d698e20,c52ec04c-4bb6-44f4-b553-14f7f61fd559,8,3,"{""EvaluationCriteria"":{},""Comment"":""- Cho em xin ít fade out ở cuối bài cho đỡ cụt ạ\r\n- 3:33 cho em xin tiếng chuông nhỏ hơn nữa cho đỡ giật mình ạ""}",2026-01-22 10:25:48.255231,df342f68-20ad-4bea-b78d-0e5c34aa5134,review,record_survey
03d7b8be-3272-4272-b6c7-2f4e83317c1c,13c172f2-f476-414f-afcd-2f6635ed4ace,8.2,1,"{""EvaluationCriteria"":{},""Comment"":null}",2025-06-20 17:53:45.53949,b5bb164d-aa1b-4a29-a9d5-8df0ccdf131d,review,record_survey
03d90334-4913-4205-b18e-d1e77c2066b8,5e345e0b-a27c-4392-9cc2-3020088f5292,8.5,1,"{""EvaluationCriteria"":{},""Comment"":null}",2025-11-11 09:37:42.977405,c2f5ffdb-4130-4caf-87e3-0ce3d1848c67,review,record_survey
03d93cdd-0178-4d58-b3d1-7c085b344e78,f8660c20-51f4-4a02-b820-7fbdb68f8f1b,8.5,1,"{""EvaluationCriteria"":{},""Comment"":null}",2024-08-26 21:51:32.378356,df22ec01-5ca0-4f74-8db0-d8a80de16f73,review,record_survey
03dd950a-e5c2-4edb-a788-1375f0991f2d,13c172f2-f476-414f-afcd-2f6635ed4ace,8.6,1,"{""EvaluationCriteria"":{},""Comment"":""Hay, vibe năng động, lạc quan, có thiên nhiên em dịu vừa phải, vừa tai""}",2023-03-22 16:41:14.877808,36701cbc-9765-4068-9fbb-d9b754ccf021,review,record_survey
03e051a6-1347-42be-a315-1649930d997d,8eefc4bf-3fda-4bc0-9a87-367394527a6a,9,1,"{""EvaluationCriteria"":{},""Comment"":null}",2026-03-31 16:28:10.969079,ae7104ac-8c11-4da0-951e-b1d85db9a874,review,record_survey
03e0e6b4-da60-4bb9-9601-70c5b7ccd871,abd29a5b-e6ae-431b-a9f2-d5c45f51d2b1,8,1,"{""EvaluationCriteria"":{},""Comment"":null}",2023-07-11 08:48:08.038481,e2ee664a-da44-40b5-9856-65edc7a2a20b,review,record_survey
03e5ca92-5d10-4fc4-bbe9-09478a474523,f8660c20-51f4-4a02-b820-7fbdb68f8f1b,7,3,Melody jazz mà drums nhìn chung lặp quá chưa nổi bật,2022-11-24 14:36:44.869851,43441aa9-0186-49ec-b05a-1db439978489,review,record_survey
03e729ea-84e4-4d47-b096-f249eaa53335,2dabdf63-ec2f-43c6-99ca-ea793675a091,7,3,"{""EvaluationCriteria"":{},""Comment"":null}",2026-02-05 10:26:11.957472,c4e35ed3-f408-4f1b-9dac-f9b7d202ca0a,review,record_survey
03e7c441-0a1e-44fc-a6b7-a8306f0a4c7b,72978bf6-a73e-4223-93b3-0f4b9241bcc9,8.5,1,"{""EvaluationCriteria"":{},""Comment"":null}",2023-11-25 17:59:41.743979,bee58390-a0a0-4d66-bb59-b69e3045f79b,review,record_survey
03e7dc89-66e4-47ec-a8b8-b3e16ef1f827,0d73b0f1-0d46-4955-b511-54f8ffd9f5f8,9,1,"{""EvaluationCriteria"":{},""Comment"":null}",2025-11-27 14:30:43.853839,88433cea-523c-4801-9268-c7c955a8abed,review,record_survey
03e8e63c-939c-4422-a200-dd9e9a65404e,6a60fcc1-ce96-4398-a432-d397b95d22b6,9,1,"{""EvaluationCriteria"":{},""Comment"":""Giai điệu hay có thể khai thác được""}",2024-04-22 09:22:13.972769,bf618ea3-334c-4efa-ac08-2d351587bd58,review,record_survey
03e944c4-6326-4ee6-9eca-8922dbbc6b24,69f07558-6e6d-414c-b55b-9c991c08ac36,8.5,1,"{""EvaluationCriteria"":{},""Comment"":null}",2023-07-05 16:12:01.93935,4f4b8fdf-d497-48e3-983f-370b1c6abe19,review,record_survey
03e9d628-1ece-4540-97f0-9a817af0c90d,5e345e0b-a27c-4392-9cc2-3020088f5292,8.3,3,"{""EvaluationCriteria"":{},""Comment"":""mix ồn""}",2024-08-22 09:10:43.936173,7f7100ba-5dc4-4f62-abde-873c208eff52,review,record_survey
03eb6b10-7f21-4daa-8d61-2d100183c2f5,7ac57b9f-9ab8-4196-8144-b16236ba5cd4,9,1,"{""EvaluationCriteria"":{""24f872cc-80b4-4337-acc9-8f6939d599ea"":{""Comment"":""thư giãn"",""Rating"":0.0},""742a099d-ee66-45f1-8c3a-6b552dfa6f82"":{""Comment"":""Du dương, ổn"",""Rating"":0.0},""aad282f6-a037-4a4e-8bbe-c92ca7b78773"":{""Comment"":""nhẹ nhàng"",""Rating"":0.0},""e6b420d3-a36c-41a8-b4a6-12f225978fc2"":{""Comment"":""Tốt"",""Rating"":0.0}},""Comment"":null}",2024-01-24 09:39:58.73623,731cea55-720d-45bf-acd3-a4bf7bc7cc26,review,record_survey
03ec6873-43a8-4b51-b5b9-212d03f4e516,abd29a5b-e6ae-431b-a9f2-d5c45f51d2b1,8.7,1,"{""EvaluationCriteria"":{},""Comment"":null}",2024-10-23 10:05:36.692715,f09b62d5-ca2d-4194-ac87-f488937d46f3,review,record_survey
03f0bd9d-3cf1-4531-b182-52e20a050c15,cb3f6449-f7e3-4484-bdf8-0e967d001aaf,8,1,"{""EvaluationCriteria"":{},""Comment"":null}",2025-07-21 09:05:21.882881,9f5b1af4-ea95-4763-ac77-45ded83a8f8f,review,record_survey
03f1d218-534a-4852-a88a-262b0212c8ad,68a2d75c-2765-4ba8-b18b-a6c0f2d9c618,8.5,3,"{""EvaluationCriteria"":{},""Comment"":""Giai điệu nhẹ nhàng, sâu lắng, tốc độ hơi nhanh một chút, chậm đi một xíu thì đẹp""}",2024-11-25 09:39:46.001857,5809557b-5931-42dd-abda-313316b6e0e4,review,record_survey
03f361b9-7c62-453e-92f7-e41064a7ccb9,ba9a47de-eaf5-400d-b948-2233829b67e3,8,3,"{""EvaluationCriteria"":{},""Comment"":""Vocal nghe phô và nốt lên cao kì quá, không ăn nhập với beat nữa. Bản cũ hát k bị vậy, có nhầm lẫn gì k?""}",2024-05-01 14:24:42.327806,c877c6bd-a0bd-4d50-9c2b-5618ed21f1b5,review,record_survey
03f364a0-28eb-4b90-93fb-a39d66804aac,13c172f2-f476-414f-afcd-2f6635ed4ace,8.5,1,"{""EvaluationCriteria"":{},""Comment"":""Nghe ấm hơn r""}",2023-10-09 09:55:17.147486,b742f592-6d9b-4a12-b6fe-1df70b9fe3a5,review,record_survey
03f69d43-7370-4980-af54-4c8e1e373beb,e930db43-19dc-40df-b4d9-2681d4332161,9.5,1,"{""EvaluationCriteria"":{},""Comment"":null}",2026-07-27 17:27:07.434827,c519e591-8fd5-4fe7-b48e-4ae996108aef,review,record_survey
03f73047-3f85-45e3-b87b-f1b124e27733,6a60fcc1-ce96-4398-a432-d397b95d22b6,7,3,"{""EvaluationCriteria"":{},""Comment"":""Có thể thử giảm tempo xuống bằng Findmyself trong album của Fin rồi chút rồi tăng độ ngân lên xem. Biết đâu sẽ relax hơn""}",2023-05-25 10:12:44.977451,4e0eb4a4-03c4-4439-8ce5-40e0f67a6106,review,record_survey
03f8e4d1-1a76-4b3e-9fab-2fcd2853af8d,5e345e0b-a27c-4392-9cc2-3020088f5292,8.3,3,"{""EvaluationCriteria"":{},""Comment"":""hay mà hơi bé""}",2024-06-24 10:10:50.607509,41e5a76b-51b2-4587-81bd-42edcd0ba810,review,record_survey
03f92d98-719e-434a-ade6-e91a66cb24c7,6a60fcc1-ce96-4398-a432-d397b95d22b6,8.5,3,"{""EvaluationCriteria"":{""4aeb578f-5a33-4b5b-ad10-43501589a638"":{""Comment"":""Cần thêm một chút giai điệu lặp lại và nghe dễ nhớ một chút. có thể cân nhạc việc giảm âm thanh strings xuống một chút khi đến đoạn cao trào"",""Rating"":8.0},""9959e139-100b-4508-8745-bd893ab9a7cb"":{""Comment"":""chất lượng tốt"",""Rating"":9.0}},""Comment"":null}",2026-05-13 16:05:20.292636,92f95db2-8a9b-4471-a493-25f9f6ce4729,review,record_survey
03fa6030-67be-4edb-b69d-0d635c97e199,fceea347-7b7d-4bfa-98d4-9f96f62b5486,9,1,"{""EvaluationCriteria"":{},""Comment"":""- Giai điệu hay\r\n- Chất lượng âm thanh tốt\r\n- Phong cách: Đúng với yêu cầu của brief""}",2025-05-23 09:31:51.471211,f0beb3c2-94fd-4fc6-8f0e-e343f121d551,review,record_survey
03fa755c-9e6b-4037-91f4-75ea3461795a,ba9a47de-eaf5-400d-b948-2233829b67e3,8.2,3,"{""EvaluationCriteria"":{},""Comment"":""1 lần nữa phải nhắc lại là giọng vocal hay, nhưng mà đang bị cứ lê thê 1 chút ""}",2023-10-19 11:10:16.597609,b2c89307-15b7-4c56-9a37-ffbf082a42ff,review,record_survey
03fa8d9c-6030-472d-b369-747177e5751d,8eefc4bf-3fda-4bc0-9a87-367394527a6a,0,3,"{""EvaluationCriteria"":{},""Comment"":""Tiếng sáo vẫn bị hụt hơi chưa có độ vang và dễ chịu""}",2024-12-26 14:07:09.235684,90ac45c9-c620-4dd2-803a-1f6975fa5446,review,record_survey
03feb618-ca59-4a99-abf3-967919bd648b,8eefc4bf-3fda-4bc0-9a87-367394527a6a,7,3,"{""EvaluationCriteria"":{},""Comment"":""Giai điệu chưa tới lắm, lúc lên xuống cần kéo sâu hơi. Âm thanh nền thì tạm ổn.""}",2023-05-25 11:36:32.908445,61cf6728-17ae-4313-9f10-87191abab6e0,review,record_survey
03ff4794-7eba-41ff-8b51-cd3b03d42511,61d45226-50e1-4674-8e0e-4cbdc12f879f,8,3,"{""EvaluationCriteria"":{},""Comment"":""Âm nhạc:\r\n- Vocal (lead và bè) hát chênh phô quá nhiều. Cần tune thật kĩ và thủ công.\r\n- Âm \""S\"" của Vocal còn rất nặng, cần De-ess thêm.\r\n\r\nÂm thanh:\r\n- Bass hơi to khiến tổng thể um.\r\n- Tiếng Synth Lead ở drop (trước đó đã có giới thiệu vào dần) hơi to, khi ghép Vocal vào thì bị dội lẫn nhau (masking). Nhờ Nghệ sĩ giảm nhỏ Synth lại.\r\n- Sidechain rõ nét hơn các nhạc cụ khác với Kick.""}",2025-06-27 21:47:34.151524,053e8290-eaaf-49ff-b032-035e8f370a47,review,record_survey
0401110e-59f3-45c6-aeb1-79c437ee21ad,abd29a5b-e6ae-431b-a9f2-d5c45f51d2b1,8.4,3,"{""EvaluationCriteria"":{},""Comment"":""cơ bản khá ổn rồi, master cho vocal nổi hơn là oke; 1 vài chỗ kéo lại nhịp cho khớp hơn""}",2024-07-17 10:09:14.421154,764e41a6-b3f6-4fb0-9fed-3845c50832ed,review,record_survey
04014803-f61c-4784-ba3e-e35c70ae68f9,6a60fcc1-ce96-4398-a432-d397b95d22b6,8.5,3,"{""EvaluationCriteria"":{""4aeb578f-5a33-4b5b-ad10-43501589a638"":{""Comment"":""Giai điệu hay. ở đoạn 5p 50 có thể cắt đi."",""Rating"":8.0},""9959e139-100b-4508-8745-bd893ab9a7cb"":{""Comment"":""Chất lượng tốt"",""Rating"":9.0}},""Comment"":null}",2024-10-23 11:56:59.005177,7e021563-ee7f-4f5c-b186-69fd5a7fe11f,review,record_survey
04048523-2421-4dc5-ad41-00e63b26fed5,13c172f2-f476-414f-afcd-2f6635ed4ace,9,3,"{""EvaluationCriteria"":{},""Comment"":""Chất liệu quá đẹp, có chăng cái 1 instru dạng drum mà hơi dân giã ... đang hơi bị sắc/cục , chỉnh cho êm đi 1 tí thì perfect""}",2023-01-03 17:48:29.265259,4d341a32-382c-4d76-b519-b84ef21ef35a,review,record_survey
040a3c53-8410-42cb-895e-8e64dcc6d26b,31125a01-8c64-45f3-92e5-70c889f66b90,7,3,"{""EvaluationCriteria"":{""24f872cc-80b4-4337-acc9-8f6939d599ea"":{""Comment"":""thư giản"",""Rating"":0.0},""742a099d-ee66-45f1-8c3a-6b552dfa6f82"":{""Comment"":""giống với giai điệu của 1 bản piano hơn"",""Rating"":0.0},""aad282f6-a037-4a4e-8bbe-c92ca7b78773"":{""Comment"":""chậm, buồn"",""Rating"":0.0},""e6b420d3-a36c-41a8-b4a6-12f225978fc2"":{""Comment"":""mixing hơi sơ sài, thiếu các âm đặc trung jazz"",""Rating"":0.0}},""Comment"":null}",2023-09-29 09:21:38.474282,b0255777-a55d-4cd9-9d1c-a89bd68ac648,review,record_survey
040d7436-602b-40f3-bee0-f7dcb590530c,fd4e826e-ece1-46c7-9cd1-5d17a53d7cf6,6,2,"",2022-06-07 17:25:04.216509,028c9653-faba-44ec-9b39-22912abd4d54,review,record_survey
040d99a4-8f06-4a54-87ce-65a92fd73beb,2a169f82-ac60-460a-b463-294d0fb9c92f,8,1,hay nhưng hơi tối,2022-08-05 15:54:09.122399,f31acc86-de00-402b-afcf-c5b3d25fde95,review,record_survey
040e1f6a-a316-47f0-bf7f-e503a5df408f,abd29a5b-e6ae-431b-a9f2-d5c45f51d2b1,8.5,3,"{""EvaluationCriteria"":{""4aeb578f-5a33-4b5b-ad10-43501589a638"":{""Comment"":""hay, nhẹ nhàng"",""Rating"":9.0},""9959e139-100b-4508-8745-bd893ab9a7cb"":{""Comment"":""chưa mix nên k đánh giá"",""Rating"":8.0}},""Comment"":null}",2023-11-21 17:48:45.486839,7b591c80-050b-415b-9d4a-7af05301094e,review,record_survey
040faa38-0171-43bf-bd4d-4d1b8e7496f6,7ac57b9f-9ab8-4196-8144-b16236ba5cd4,8.25,1,"{""EvaluationCriteria"":{},""Comment"":null}",2023-05-07 21:20:17.027152,ac6fcfdf-252f-4e67-ae3e-da6fbf8ad827,review,record_survey
0410b6e2-ee53-4e1f-9892-d2377351a1c1,5e345e0b-a27c-4392-9cc2-3020088f5292,8.8,1,"{""EvaluationCriteria"":{},""Comment"":""idea hay \r\nmixing cũng ok \r\n""}",2025-12-13 11:31:00.791743,d80ac40f-7faf-455c-948d-abcc2b615b11,review,record_survey
041212d0-5603-4529-a59d-941f84581bbc,abd29a5b-e6ae-431b-a9f2-d5c45f51d2b1,7.5,3,"tempo hơi nhanh, vibe bài hơi sáng so với nhạc ngủ",2022-10-21 11:22:12.223829,e9ea590f-13c6-4380-bdb3-f7f0819fb831,review,record_survey
0413ae52-8169-407e-a1a2-7ef333d95768,61d45226-50e1-4674-8e0e-4cbdc12f879f,0,2,"{""EvaluationCriteria"":{},""Comment"":null}",2025-10-26 18:13:28.367545,291378c0-bf41-43d8-bc35-1749d7123270,review,record_survey
0413fdd8-7e82-4fd6-8359-bc28a180028b,0a948fad-a289-462e-b91c-967b622752ce,8.5,1,"{""EvaluationCriteria"":{""24f872cc-80b4-4337-acc9-8f6939d599ea"":{""Comment"":""trung hòa, thoải mái"",""Rating"":0.0},""742a099d-ee66-45f1-8c3a-6b552dfa6f82"":{""Comment"":""ok, khá là sang, tuy nhiên mel kèn ban đầu vẫn hơi buồn tí, rút kinh nghiệm bài sau vậy"",""Rating"":0.0},""aad282f6-a037-4a4e-8bbe-c92ca7b78773"":{""Comment"":""chill, thư giãn, nâng cao tinh thần, cảm xúc"",""Rating"":0.0},""e6b420d3-a36c-41a8-b4a6-12f225978fc2"":{""Comment"":""hòa quyện"",""Rating"":0.0}},""Comment"":""Oki, có vẻ phù hợp hơn nhiều rồi""}",2023-03-21 10:56:37.270319,fcc58ccd-3026-46bf-a854-419e7e635a47,review,record_survey
0414eb1c-33ea-462a-872f-cb648b6e6f63,fd4e826e-ece1-46c7-9cd1-5d17a53d7cf6,6,2,,2022-09-27 10:45:05.864652,197a367a-5d21-49a1-a6ab-bdadca23be01,review,record_survey
0416b745-9b4a-40d2-89d7-99ec3fd06012,9ea5b50b-4ced-4b10-be33-49e4d3e4bb42,8.5,1,"{""EvaluationCriteria"":{},""Comment"":null}",2023-10-26 18:03:11.661386,04b2c2cd-6f64-41ae-96fb-c1a017a60015,review,record_survey
041889e8-4e79-48b3-9fb1-7a2d6de765d9,201b64c5-e316-4e3d-8ab6-aa0c8071276e,9,1,"{""EvaluationCriteria"":{},""Comment"":null}",2024-03-14 11:35:30.471071,b36caa94-69b6-469f-b6ea-235924ea21a5,review,record_survey
041d1350-297a-4b6c-a62f-cac2fe18a332,6a60fcc1-ce96-4398-a432-d397b95d22b6,8,3,"{""EvaluationCriteria"":{""4aeb578f-5a33-4b5b-ad10-43501589a638"":{""Comment"":""cần bám sát bài mẫu hơn một chút"",""Rating"":8.0},""9959e139-100b-4508-8745-bd893ab9a7cb"":{""Comment"":""chất lượng âm thanh có thể giảm phần vang xuống để nghe thật hơn"",""Rating"":8.0}},""Comment"":null}",2025-07-30 17:35:04.059037,32338cb2-245f-4e18-b47a-432f0229b224,review,record_survey
041d7825-0c23-42ce-949b-a8fe7639ab24,98b95f68-40ac-4feb-a01a-da3a39f0c7ce,8.93,3,"{""EvaluationCriteria"":{""0619f987-222d-4959-a13d-43904a7a8c2e"":{""Comment"":""."",""Rating"":8.9},""e6ed2234-3699-4cfd-8fc0-0d2780131881"":{""Comment"":""."",""Rating"":9.0}},""Comment"":""như bài trên ạ""}",2023-03-09 17:19:21.462407,bfcafd12-6b6a-41de-9d28-76ea9b615d32,review,record_survey
041fcae8-f113-488c-a225-732a8b9948af,a61ecefe-6575-4f8f-9b49-d691c153ad56,7,1,"{""EvaluationCriteria"":{},""Comment"":null}",2024-06-06 09:12:15.191896,7b49a335-c119-4946-82b1-708f95aaeb8a,review,record_survey
0420a7cc-b8f9-435e-aec6-dee32f94fbe5,7ac57b9f-9ab8-4196-8144-b16236ba5cd4,7.5,3,"{""EvaluationCriteria"":{""24f872cc-80b4-4337-acc9-8f6939d599ea"":{""Comment"":""sáng"",""Rating"":0.0},""742a099d-ee66-45f1-8c3a-6b552dfa6f82"":{""Comment"":""Giai điệu chưa được fix"",""Rating"":0.0},""aad282f6-a037-4a4e-8bbe-c92ca7b78773"":{""Comment"":""vui tươi"",""Rating"":0.0},""e6b420d3-a36c-41a8-b4a6-12f225978fc2"":{""Comment"":""Ổn"",""Rating"":0.0}},""Comment"":""""}",2023-10-30 09:05:10.810281,e34b6f95-d98c-47b4-b4ff-c8f2838cdc1d,review,record_survey
0422bc28-1190-469d-82fe-a8ab0dd89948,b17c51bf-a8a0-4a9c-8c1d-58bc569b7d8a,6,2,k hay,2022-09-06 09:39:19.036786,fe71fb73-dea8-40bc-b617-66991b7ba2cd,review,record_survey
042582d0-2283-4309-bf0b-61db0c4bf75e,6a60fcc1-ce96-4398-a432-d397b95d22b6,7.5,3,"{""EvaluationCriteria"":{""4aeb578f-5a33-4b5b-ad10-43501589a638"":{""Comment"":""Nghe khá lê thê tạo cảm giác mệt mỏi cho người nghe, nghe không thanh thoát"",""Rating"":7.0},""9959e139-100b-4508-8745-bd893ab9a7cb"":{""Comment"":""chất lượng âm thanh tốt"",""Rating"":8.0}},""Comment"":null}",2023-12-11 15:52:43.979764,1244c00d-7cfa-4170-afac-5d9abe07d69d,review,record_survey
042cd745-217f-4a1e-9ad9-c7eb64659923,0d73b0f1-0d46-4955-b511-54f8ffd9f5f8,9.4,1,"{""EvaluationCriteria"":{},""Comment"":""hay""}",2025-09-25 11:51:08.79097,664da59c-310e-40cd-9bbb-f71301f38dcc,review,record_survey
042e118d-a2eb-4436-a201-d5beb3ea4e55,8eefc4bf-3fda-4bc0-9a87-367394527a6a,8.5,1,"{""EvaluationCriteria"":{},""Comment"":""Giai điệu nhẹ nhàng, êm tai. âm thanh nền thư giãn, piano kết hợp ok r""}",2023-07-13 09:43:44.676051,6c68a8b6-930d-4355-8f0a-971ca77333ce,review,record_survey
0430bb16-60a8-4e80-bc19-f1063af9160a,843871e6-6067-4a83-b242-9c47f2dfdf60,8.4,1,"{""EvaluationCriteria"":{},""Comment"":null}",2025-03-14 10:36:14.146912,7a23d51a-a32d-407d-9651-b29d7d198edc,review,record_survey
0430c45d-9a4f-4657-9d4b-c028c522f25d,31125a01-8c64-45f3-92e5-70c889f66b90,8,1,"{""EvaluationCriteria"":{""24f872cc-80b4-4337-acc9-8f6939d599ea"":{""Comment"":""thư giãn"",""Rating"":0.0},""742a099d-ee66-45f1-8c3a-6b552dfa6f82"":{""Comment"":""khá ok, giai điệu sáng, đoạn từ phút thứ 2:57 hơi rối"",""Rating"":0.0},""aad282f6-a037-4a4e-8bbe-c92ca7b78773"":{""Comment"":""em đềm"",""Rating"":0.0},""e6b420d3-a36c-41a8-b4a6-12f225978fc2"":{""Comment"":""ok"",""Rating"":0.0}},""Comment"":null}",2023-12-28 11:56:34.393835,038c1bda-c0a8-40c2-ab39-4cb2f46d113e,review,record_survey
043250bc-8aa0-44b5-ab8e-60afbb274649,ba9a47de-eaf5-400d-b948-2233829b67e3,8.4,1,"{""EvaluationCriteria"":{},""Comment"":""Khá ok rồi, tuy vocal phát âm có hơi gượng 1 xíu nhưng vẫn ok. Vibe, mood nhẹ nhàng có không gian đẹp hợp brief""}",2023-12-27 15:16:09.641456,ab634567-88be-4e55-bb5a-aaed90b1d1db,review,record_survey
0432b321-bcd7-4677-85cf-27c3d3cfa705,9494688a-304e-45e5-9ae8-956d810bce24,8,1,"{""EvaluationCriteria"":{},""Comment"":""Tạm ổn về mặt cách bài trí các âm thanh tuy nội dung thì không có gì đặc biệt, nên xử lý phần bass sao cho gọn gàng thêm tránh vang và delay gây ù. ""}",2024-04-15 16:07:58.547644,cd1da284-d998-4336-a693-88fcd5ecd62d,review,record_survey
0432d38c-1841-459a-8350-c3985d7e53c6,abd29a5b-e6ae-431b-a9f2-d5c45f51d2b1,8.5,1,"{""EvaluationCriteria"":{},""Comment"":null}",2024-08-16 10:34:51.562595,130fc4ef-8050-48c6-9e1e-7d216ff5b5ee,review,record_survey
0433de21-7f07-4ab8-af82-6f74660fc175,ba9a47de-eaf5-400d-b948-2233829b67e3,8.6,3,"{""EvaluationCriteria"":{},""Comment"":""Phần beat nghe okie hơn rồi có phần vocal nghe vẫn chưa đã có thể cho to 1 chút k ""}",2025-03-11 09:45:00.059497,838d854d-9bb6-4eb7-80d9-63b914347fbf,review,record_survey
04359c94-7482-457b-be4e-3ff905db06b0,abd29a5b-e6ae-431b-a9f2-d5c45f51d2b1,8.5,1,"{""EvaluationCriteria"":{},""Comment"":""oke rùii""}",2024-10-28 11:22:46.360409,3890f895-c653-4a56-96cc-935eaaf2de14,review,record_survey
043b0674-0f24-4937-a2b6-2a5c3265d5be,5e345e0b-a27c-4392-9cc2-3020088f5292,8.5,1,"{""EvaluationCriteria"":{},""Comment"":""hayy""}",2024-07-31 09:16:56.381592,56759007-2ec3-4e18-b02e-188bd5fc8a86,review,record_survey
043c361a-bd2d-414d-92a4-6abf622d7c27,61d45226-50e1-4674-8e0e-4cbdc12f879f,8,2,"{""EvaluationCriteria"":{},""Comment"":""- Bài này hơi buồn và moody, mình sẽ cần nó tích cực, chào đón một buổi sáng, ngày mới sảng khoái""}",2025-11-15 01:18:28.996046,fcf7bf12-9520-427a-addc-011e31ba63b1,review,record_survey
043c6e86-67e7-4c51-998a-c7a5e27dd229,0a948fad-a289-462e-b91c-967b622752ce,6.5,2,"Mất mất 30s đầu tiên dẫn dắt lâu la mà lại ko có j đặc biệt. phần vào bài nghe giống nhạc hòa tấu, kiểu nhạc sống Hà Tây",2022-12-07 21:43:48.316325,d2bf36b1-e0cc-41c2-a51a-bd6015e91fee,review,record_survey
043dcc2e-3400-4228-bd61-859f17669ac6,0a948fad-a289-462e-b91c-967b622752ce,7.8,1,"{""EvaluationCriteria"":{},""Comment"":""bản này thì thấy đồng ý kiến với Dung hơn, là âm lên cao hơi chói 1 tí thôi. Chứ mình k thấy âm thanh bị ù. Mọi thứ nghe cũng khá là rõ ràng và phù hợp với dòng nhạc này""}",2023-05-25 15:00:41.957519,b4c1b0f2-b595-4d61-9db6-b25a1b1339bd,review,record_survey
043dcdf8-f166-4d33-9fc0-7351f74c5a2a,767992f5-d8e2-4101-ab70-a59c88eb1d6d,6,2,"{""EvaluationCriteria"":{},""Comment"":""Giai điệu chưa hay,các nốt chưa được liền mạch và nghe rời rạc\r\nÂm thanh hơi chói.âm đệm hơi nặng nề""}",2025-03-14 17:10:35.499789,c9b3cabd-5f75-415a-8647-01754c807194,review,record_survey
046ab096-0fc8-42f6-87bd-7037b061a761,13c172f2-f476-414f-afcd-2f6635ed4ace,8.8,1,"{""EvaluationCriteria"":{},""Comment"":""vịt bố cãi quạc quạc quạc, vịt mẹ mắng quạc quạc quạc\nvịt con khóc tutu""}",2024-07-25 15:24:15.38106,3a5abc3b-e2e1-448f-af32-e24befcf9efa,review,record_survey
0442079c-9cc9-40da-b8e1-553cb0c8a845,6a60fcc1-ce96-4398-a432-d397b95d22b6,6,2,"{""EvaluationCriteria"":{},""Comment"":""Về chất lượng âm thanh thì không có quá nhiều tạp âm nhưng khi nghe kỹ thi ở đoạn cuối các nốt sẽ có âm réo truyền đến tai, Đoạn cuối cao trao nghe lớn hơn hẳn đoạn đầu có thể gây giật mình, Có thể chỉnh sửa về chất lượng âm thanh, Đoạn cao trao cuối có thể lược bớt hợp âm đánh ít nốt hơn và giảm độ lớn của âm xuống hoặc có thể Mashup với bài khác có giai điệu nhẹ nhàng hơn.""}",2023-07-20 15:34:04.867357,0133f269-75b6-4104-8735-f2ec5acc3a32,review,record_survey
04439469-dadb-4e46-a24b-83f9fcd7ab15,98b95f68-40ac-4feb-a01a-da3a39f0c7ce,9,3,"{""EvaluationCriteria"":{},""Comment"":""xử lí phần tạp âm""}",2023-05-16 09:38:22.447033,59b7a955-c6e3-4266-9bcf-0936f52179b1,review,record_survey
044438ee-4ca0-4f0e-8b1b-b88f587ae5fd,4e3eac7c-e6d8-4e10-b8b5-b66bcc744495,9.5,1,"{""EvaluationCriteria"":{},""Comment"":""- Giai điệu nhẹ nhàng du dưa sâu lắng, nhịp điệu vừa phải\n- Âm chính phụ kết hợp tốt.\n""}",2024-05-06 12:00:13.972036,f0e19118-e8e5-4e10-9b00-43f59ecd9d8f,review,record_survey
0445e05b-07e3-4858-87e4-89f4fabaadcc,5e345e0b-a27c-4392-9cc2-3020088f5292,9,1,"{""EvaluationCriteria"":{},""Comment"":null}",2026-01-22 12:25:20.954065,952f156e-27b4-417a-9f7c-6567efac7d43,review,record_survey
0447aa6a-0a9b-4284-b106-226ecb23b69a,68a2d75c-2765-4ba8-b18b-a6c0f2d9c618,8.7,1,"{""EvaluationCriteria"":{},""Comment"":""- Giai điệu trầm bổng, thư giãn, có chiều sâu. Sự rung động tần số cũng hợp lý""}",2024-05-31 18:01:11.938616,2933d9c8-9248-41c0-ba95-dffc21134d27,review,record_survey
044aafcf-427e-45e1-95de-d0c0056f41c7,aeed5635-c7e2-44b7-a4f6-596166e94410,7,3,"{""EvaluationCriteria"":{},""Comment"":""nhịp bài okiee, bài vui tươi, phần giai điệu ổn, có sự phát triển dần đều trong mỗi đoạn, mặc dù cũng có âm thanh kiểu giáng sinh nhưng cảm giác chưa ấm áp lắm, chưa giáng sinh lắm, có thể thêm chút sound effect kiểu tiếng chuông, tiếng xèng""}",2023-10-03 17:01:13.401367,b519b888-a547-4c6b-abb0-ff79d70b79cb,review,record_survey
044acf5f-0078-4396-8e0d-a1ebf09bdafd,d06d1883-b845-4c00-8e5f-1d0d91b6be22,7,2,"{""EvaluationCriteria"":{},""Comment"":""âm thanh bị rè, nhịp hơi chậm""}",2024-05-21 15:40:44.251737,7a3457fc-f0cc-495f-ab3b-2e8f1dd694ea,review,record_survey
044acfe4-74f6-426c-9839-81c67b04b8be,f8660c20-51f4-4a02-b820-7fbdb68f8f1b,8.3,1,"{""EvaluationCriteria"":{},""Comment"":null}",2025-01-03 08:35:00.815576,bc8beaac-20dc-43bf-83ad-6979a1945d44,review,record_survey
044cdc5b-037d-4d76-b074-c4dada01f6fd,abd29a5b-e6ae-431b-a9f2-d5c45f51d2b1,8.7,1,"{""EvaluationCriteria"":{},""Comment"":null}",2023-08-21 15:09:27.876607,5d766dad-efd0-4134-bb3d-fcf2965f40cc,review,record_survey
04505f55-5e46-4445-abeb-aac0331c9606,2a169f82-ac60-460a-b463-294d0fb9c92f,8,3,"vibe khá tươi, trống cảm giác hơi chậm xíu (tổng quan ổn)",2022-07-26 09:35:24.590454,80672bff-7e21-444c-8584-b654f8b7fd54,review,record_survey
0451f1f1-d3ba-44e6-9ccd-b84213edb66c,22787f52-369f-4982-9e89-db4b54349f7a,8.2,1,"{""EvaluationCriteria"":{},""Comment"":null}",2023-06-30 14:37:14.234692,3ea5a226-8744-4aac-b429-ec4da3c70e4a,review,record_survey
04550070-6aa2-428b-b0e0-9eedae345573,3f604d55-1019-4c49-9600-cf1aae52dd1d,8.5,1,"{""EvaluationCriteria"":{},""Comment"":""Cảm ơn Team mình""}",2024-12-20 17:48:23.460048,82d1e0f2-f2a0-4278-a6bf-5974c2dd9a80,review,record_survey
0457f1ab-795b-4645-8173-98dbaee119af,5e345e0b-a27c-4392-9cc2-3020088f5292,8.6,1,"{""EvaluationCriteria"":{},""Comment"":null}",2024-04-24 15:01:56.390082,b77abafa-8f09-4794-b0d5-6c038b25346b,review,record_survey
045b3bfb-eab0-46f1-9335-80d76b0c340f,f8660c20-51f4-4a02-b820-7fbdb68f8f1b,8.5,1,"{""EvaluationCriteria"":{},""Comment"":""A Tài : 9\nA Tuấn Anh : 8""}",2024-03-19 14:28:46.709807,1d95e379-1271-4e4d-998d-0c46ef435efa,review,record_survey
045c6f62-bee6-4c65-939e-4342a0840332,0a948fad-a289-462e-b91c-967b622752ce,7,3,"bố cục linh hoạt ổn, cần làm sound ra màu lofi hơn",2022-09-12 10:43:26.829096,2503655e-4bb3-4cc1-a06f-0fa96f97e01e,review,record_survey
045d782f-3ec2-4f25-8983-26ff9ce29b19,35bd9738-97b7-4635-8929-645b1b097309,7.5,3,"{""EvaluationCriteria"":{},""Comment"":""sao nghe các note đánh mạnh mẽ quá ta, hơi thíu sự mềm mại ạ. giai điệu okie, vibe Hàn Nhật\nsound ấm áp hơn đi ạ""}",2023-06-27 11:09:29.316615,6f2d9123-e8af-49b9-982e-16ba12619ea1,review,record_survey
045e883b-24f4-4d01-968c-15bf233e8270,61d45226-50e1-4674-8e0e-4cbdc12f879f,8.4,3,"{""EvaluationCriteria"":{},""Comment"":""Thư thái, nhẹ nhàng, êm đềm. Giai điệu còn chạy nhiều và hơi phức tạp, tinh giản lại chút, bớt phức tạp lại chút, chạy ít nốt lại chút là ngon ạ.""}",2024-08-06 11:36:58.487361,13588207-274a-4322-b405-0c680e7e79a8,review,record_survey
045f4098-78c3-44dc-9ba0-18da14066068,0a948fad-a289-462e-b91c-967b622752ce,8.5,1,"{""EvaluationCriteria"":{""24f872cc-80b4-4337-acc9-8f6939d599ea"":{""Comment"":""trung ấm"",""Rating"":0.0},""742a099d-ee66-45f1-8c3a-6b552dfa6f82"":{""Comment"":""réo rắt, thong thả"",""Rating"":0.0},""aad282f6-a037-4a4e-8bbe-c92ca7b78773"":{""Comment"":""thư giãn"",""Rating"":0.0},""e6b420d3-a36c-41a8-b4a6-12f225978fc2"":{""Comment"":""tôt"",""Rating"":0.0}},""Comment"":""Màu nhạc này cũng Tây""}",2023-05-03 10:21:11.948332,475b0600-26fa-4ea3-98cd-14ef791701b3,review,record_survey
045f92e3-49c5-457f-acda-ffe5f3c4c2e8,4940ad05-1d14-4455-b96c-9fe26b0750ae,8.5,1,"{""EvaluationCriteria"":{},""Comment"":null}",2024-09-10 10:08:44.260777,0464a8ea-07c9-4c92-8ae7-40c6d0c8416a,review,record_survey
04612af1-46da-481c-877d-36a8363a1550,f8660c20-51f4-4a02-b820-7fbdb68f8f1b,7.7,3,"{""EvaluationCriteria"":{},""Comment"":""Beat nặng quá, không acoustic ""}",2023-11-22 16:51:28.737835,3077a765-e918-480f-ab03-a828872d7270,review,record_survey
0462e3a9-9f66-4972-bdd8-eede888a12d9,d79e0730-01f6-4614-8fb2-f5b5ae789831,8.5,1,"{""EvaluationCriteria"":{},""Comment"":null}",2024-09-14 22:43:39.248765,427e62d8-7e73-49dc-aacd-1a0b82515030,review,record_survey
046332b8-ced0-49ec-a12d-17c6d79073f4,8a0ee7e0-1ec4-440b-8f0a-4950c2b3caec,7,3,"{""EvaluationCriteria"":{},""Comment"":""- giai điệu thấy chưa được cải thiện \n- 1 số âm lên cao đang bị đanh khá nhiều\n- Những bản như này đang khác nhiều so với Brief đưa ra""}",2024-02-26 08:37:39.10634,9fa42bf6-b82e-49f8-a472-533cb34c25ac,review,record_survey
046650ff-7d3e-4638-9926-df8bed36004d,13c172f2-f476-414f-afcd-2f6635ed4ace,8.5,1,"{""EvaluationCriteria"":{},""Comment"":null}",2024-07-30 11:14:25.785531,49a9e306-3846-4862-8d51-4d1db3e8a9df,review,record_survey
0467d35c-2840-474b-bd99-4133828e53ff,839bbabe-1a7b-4abf-9f5c-6c7ed9833fc6,9,1,"{""EvaluationCriteria"":{},""Comment"":null}",2024-08-26 10:26:06.193514,26c110d7-a180-444d-9a3b-81cdc9f36925,review,record_survey
046ae97c-c432-4c21-90c3-c90629166663,04b57d23-8e2f-484b-8364-85087dc39c7d,8,1,,2022-06-16 16:11:26.09073,70df2f3d-4d38-4d17-a372-282266304d23,review,record_survey
046c36ea-a558-4860-90af-cc84bffe0140,61d45226-50e1-4674-8e0e-4cbdc12f879f,8,3,"{""EvaluationCriteria"":{},""Comment"":null}",2025-06-09 14:28:27.524186,977b4863-5057-433d-a70a-17baeaa3096c,review,record_survey
046c7462-341c-4e14-a63b-f6623de3c34d,b20ebc71-f593-4f81-8bda-6fe6c2f816d5,7.5,3,"{""EvaluationCriteria"":{},""Comment"":""bài khá chill, giai điệu ổn, nhẹ nhàng, có kết hợp âm thanh thiên nhiên, có sự phát triển trong bài, tuy nhiên k nhiều, nhịp và hơi chậm 1 chút nên nghe hơi ề à, nghe lần đầu chưa có ấn tượng lắm""}",2023-05-17 17:39:57.451021,eeab606f-1ea7-48ed-980a-34bdae5c0c43,review,record_survey
046f8677-993d-40b9-82bd-86953398c599,d06d1883-b845-4c00-8e5f-1d0d91b6be22,8.5,1,"{""EvaluationCriteria"":{},""Comment"":""bài này nghe hay, cảm giác tươi sáng""}",2025-07-25 14:27:12.455329,59e862e6-426e-43f2-bec0-bc87a1a8764b,review,record_survey
04701564-32d0-4e01-aa49-7f24dfb8f251,444c1725-7c41-4f19-b2c3-9a10d1d5e3bc,6,2,"{""EvaluationCriteria"":{},""Comment"":null}",2023-09-26 14:25:02.749456,4187d2bc-c65f-451f-855a-82b93047bc91,review,record_survey
0472c4fa-2101-48f2-9b62-7daa32157d78,d06d1883-b845-4c00-8e5f-1d0d91b6be22,8.5,1,"{""EvaluationCriteria"":{},""Comment"":""vocal hơi yếu, beat vừa đủ""}",2025-05-16 15:47:54.815878,eb43d73d-7cde-48d6-af7c-c5f63e6517c1,review,record_survey
0473073b-9692-4f85-bcf3-169e2b79961a,5e345e0b-a27c-4392-9cc2-3020088f5292,8.4,3,"{""EvaluationCriteria"":{},""Comment"":""oke ""}",2023-10-23 10:44:50.973811,708095cd-e11c-4710-a67a-bf1730d6564d,review,record_survey
04735184-45d2-4235-8c7f-771b7b8e135e,0d73b0f1-0d46-4955-b511-54f8ffd9f5f8,9.5,1,"{""EvaluationCriteria"":{},""Comment"":""GOOD""}",2025-05-15 10:09:40.364238,67f39e4b-5135-4bc4-b635-0e5d818666fc,review,record_survey
0477a868-0fe0-4e0a-bb82-bbcf78fd084c,ba9a47de-eaf5-400d-b948-2233829b67e3,8.4,3,"{""EvaluationCriteria"":{},""Comment"":""Tổng quan khá ok rồi có điều thì chị thấy năng lượng bài nhất là những lúc cao trào cứ có cái gì đó chưa tới. Liệu có phải do âm lượng không? ""}",2024-05-23 16:39:41.37289,a4605ed7-153c-431f-bc65-c5dccb640b85,review,record_survey
0478bdea-1059-45c1-8b42-1c0f9ee6c849,839bbabe-1a7b-4abf-9f5c-6c7ed9833fc6,8.5,1,"{""EvaluationCriteria"":{},""Comment"":null}",2025-01-08 08:45:36.866291,ffc5ad67-3868-4c29-9589-96ce8b0d634d,review,record_survey
047b5701-98c9-4e81-a88c-fc9f79f274c0,767992f5-d8e2-4101-ab70-a59c88eb1d6d,8,3,"{""EvaluationCriteria"":{},""Comment"":""giai điệu ổn, 4p10-4p19 âm đệm hơi thô, không tròn tiếng""}",2024-09-28 18:25:54.992335,81bdc156-caa8-413f-ae3d-4053f4063481,review,record_survey
0483447b-be3e-4872-b58d-c41d6640c6cf,16eb25d9-8429-4313-a5f5-3ff07b1c27f6,8.4,3,"{""EvaluationCriteria"":{},""Comment"":""Chờ thêm bản master nhé, vocal cũng ok""}",2024-07-08 16:26:29.661331,1d2502d9-9af8-42ee-80d0-4f37fdbb5018,review,record_survey
04846476-99d8-47c2-a697-0e710795d646,6225eaf1-0c57-410a-a09d-a0055f7e073a,8,3,"{""EvaluationCriteria"":{},""Comment"":""Âm thanh: một số nốt cao bị chói, nên hạ xuống. Bỏ phần ambient \nGiai điệu: Hay, phù hợp thị trường ""}",2023-02-21 09:04:09.313979,a7773b3b-a41d-4a47-b6bc-5ab1f2036cde,review,record_survey
0484c08d-e737-41c0-8be1-b642eae2fa76,352de1bd-e09d-4697-84bb-f3bcc4085530,8.2,1,"{""EvaluationCriteria"":{},""Comment"":null}",2024-12-12 13:50:41.594019,1e9617c6-a63e-4cb4-ac9e-74e57b2c330f,review,record_survey
04853c9b-a0c8-405a-83ca-de33234670c9,6225eaf1-0c57-410a-a09d-a0055f7e073a,7.7,3,"{""EvaluationCriteria"":{""0619f987-222d-4959-a13d-43904a7a8c2e"":{""Comment"":""Âm piano chưa được trong, có tiếng ù ù gây cảm giác nhiễu "",""Rating"":8.0},""e6ed2234-3699-4cfd-8fc0-0d2780131881"":{""Comment"":""Giai điệu một số chỗ còn hơi nhanh, xu hướng là nhạc châu Á hơn so với các bài trên thị trường"",""Rating"":7.0}},""Comment"":null}",2023-03-27 09:38:40.571456,5f47775d-3c1f-4585-b135-04472433dd42,review,record_survey
0485e955-d406-4bb2-ac8c-c0b04e632ec5,69f07558-6e6d-414c-b55b-9c991c08ac36,8.5,1,"{""EvaluationCriteria"":{},""Comment"":null}",2023-04-20 16:40:31.979083,a9e53c44-c95e-4a9e-8649-c6174adfcb21,review,record_survey
048a8335-eff4-4af0-9957-5ec86d937ac3,63223140-0dc1-4205-af3c-00d575dd5b25,9.2,1,"{""EvaluationCriteria"":{},""Comment"":""Bài này tốt hơn và groove rất ổn. Chỉ cần làm thoáng nhẹ phrase ở đoạn 1:20–1:40 là có thể tiệm cận level flagship.""}",2026-03-12 23:56:32.209326,9cb0550e-56bd-400b-811d-71ca85924184,review,record_survey
048ad63d-e788-4694-a37b-0d40b267c4e2,5e345e0b-a27c-4392-9cc2-3020088f5292,8.3,1,"{""EvaluationCriteria"":{},""Comment"":""nghe ok, sound hơi mỏng""}",2023-07-04 10:00:57.311774,15261290-b511-415f-9bd1-19d4826d0a52,review,record_survey
048adb70-49f7-47ba-882e-64894489b5c1,13c172f2-f476-414f-afcd-2f6635ed4ace,8.5,1,"{""EvaluationCriteria"":{},""Comment"":""Chill, chất liệu đẹp, bắt tai""}",2023-01-10 14:32:58.054807,3e522571-74d8-4f69-9772-ff64913e0648,review,record_survey
048b2ead-3a2a-45a4-b869-83fdafdb63c4,31125a01-8c64-45f3-92e5-70c889f66b90,8,1,"{""EvaluationCriteria"":{""24f872cc-80b4-4337-acc9-8f6939d599ea"":{""Comment"":""thư giãn"",""Rating"":0.0},""742a099d-ee66-45f1-8c3a-6b552dfa6f82"":{""Comment"":""ok"",""Rating"":0.0},""aad282f6-a037-4a4e-8bbe-c92ca7b78773"":{""Comment"":""nhẹ nhàng"",""Rating"":0.0},""e6b420d3-a36c-41a8-b4a6-12f225978fc2"":{""Comment"":""ok"",""Rating"":0.0}},""Comment"":null}",2023-06-20 12:58:26.882392,3585fc0a-2f8e-4bfe-818f-2e521bfd6278,review,record_survey
048e2f27-e695-4458-8c51-339933e4b771,abd29a5b-e6ae-431b-a9f2-d5c45f51d2b1,8.5,1,"{""EvaluationCriteria"":{},""Comment"":null}",2025-01-14 09:12:54.281205,cf65614f-47c2-4625-af2c-a204eb37f7cf,review,record_survey
04913c16-60aa-4b6f-9425-75308fad0455,d6caf172-60d5-4173-8881-293efb503b5e,0,2,"{""EvaluationCriteria"":{},""Comment"":""vocal hát bị đơ, không hồn, không cảm xúc\r\nđoạn điệp khúc đang được mix không hay\r\n\r\nBeat: 8.5: đoạn tiếng tiếng nhạc cụ 1:44 chưa được hay\r\nvocal: 7\r\nvibes: 7\r\n""}",2024-12-24 11:15:39.421564,fb5f4081-fa5a-412a-bb2a-8797beab7364,review,record_survey
04929fb0-a6bd-47c8-bf52-5f6238101769,5e345e0b-a27c-4392-9cc2-3020088f5292,8,1,"{""EvaluationCriteria"":{},""Comment"":null}",2026-01-12 10:28:16.140318,9dc5348f-a8ad-4f1d-862a-529d7f889a4c,review,record_survey
04953dec-3787-46ef-a424-68e6298949dc,4e3eac7c-e6d8-4e10-b8b5-b66bcc744495,0,3,"{""EvaluationCriteria"":{},""Comment"":""Chuyển đoạn đã ổn, giai điệu đang bị giống như kéo slow gây giật giật khó chịu.""}",2025-09-04 11:33:07.286111,840a7e1e-00fd-438d-9756-3a01012a45c9,review,record_survey
049743d9-5ef4-43ba-b00d-73238f70ec42,13c172f2-f476-414f-afcd-2f6635ed4ace,8.5,1,"{""EvaluationCriteria"":{},""Comment"":null}",2024-07-22 18:54:29.444386,63c152b7-2d9b-4354-9b3c-5b2524ca30c5,review,record_survey
04986dcd-6045-473e-b5ff-0933fe5ab80a,61d45226-50e1-4674-8e0e-4cbdc12f879f,8.7,1,"{""EvaluationCriteria"":{},""Comment"":null}",2024-05-14 02:09:43.689575,147fffa0-e9f0-49d1-a996-a53aa78ca73f,review,record_survey
049f9753-d05b-4c48-bf34-d3186d80a8e1,767992f5-d8e2-4101-ab70-a59c88eb1d6d,7.5,3,"{""EvaluationCriteria"":{},""Comment"":"" giai điệu ổn, đoạn gần cuối chuyển nốt chưa dc mượt và cảm giác hơi rời rạc""}",2024-11-14 17:20:01.796481,b352c187-f671-43cf-ad68-18427504e588,review,record_survey
049fbe13-9d54-4a5b-a303-6079289e7ad7,5e345e0b-a27c-4392-9cc2-3020088f5292,7,3,"{""EvaluationCriteria"":{""4aeb578f-5a33-4b5b-ad10-43501589a638"":{""Comment"":""tone chưa relax"",""Rating"":7.0},""9959e139-100b-4508-8745-bd893ab9a7cb"":{""Comment"":""master chưa sạch"",""Rating"":7.0}},""Comment"":null}",2023-10-14 17:08:36.262566,d8857571-30dc-4628-8070-bf2bac7ef7b5,review,record_survey
04a0b8f5-ea4c-4613-a333-7842e4f694f5,0a948fad-a289-462e-b91c-967b622752ce,8,1,Hay nhưng khi nào phát hành thì chị nghĩ nên cắt cái đoạn nói nói intro đi,2022-12-13 11:58:51.504648,9795c582-2069-4817-8aea-2a2d722872f9,review,record_survey
04a0d76e-427c-46be-88a7-44088e9e7541,d79e0730-01f6-4614-8fb2-f5b5ae789831,8.3,1,"{""EvaluationCriteria"":{},""Comment"":null}",2024-12-16 09:15:31.459204,6dae2994-3008-4fcd-8ccd-d3c5f8ad8c2d,review,record_survey
04a1bbc0-98cd-4cfa-bbf8-ac151322ae33,13c172f2-f476-414f-afcd-2f6635ed4ace,8.5,2,"{""EvaluationCriteria"":{},""Comment"":null}",2026-02-13 12:15:52.417522,f7de4d75-c95c-4fd2-bb05-d5b01a649dec,review,record_survey
04a409b5-9aaa-49f1-990b-a8678bda9277,6a60fcc1-ce96-4398-a432-d397b95d22b6,9,1,"{""EvaluationCriteria"":{""4aeb578f-5a33-4b5b-ad10-43501589a638"":{""Comment"":""giai điệu hay"",""Rating"":9.0},""9959e139-100b-4508-8745-bd893ab9a7cb"":{""Comment"":""chất lượng tốt"",""Rating"":9.0}},""Comment"":null}",2025-03-18 17:31:06.728071,f84cd64b-ae62-4c39-a9f5-7b3798e99112,review,record_survey
04a5c3b0-ee86-402b-bb2e-5c55070d492f,72978bf6-a73e-4223-93b3-0f4b9241bcc9,7.5,3,"{""EvaluationCriteria"":{},""Comment"":""có cải thiện nhưng chưa thực sự phù hợp, giải điệu vẫn còn khá tối""}",2023-07-06 14:54:59.261805,fed75094-43e7-4dd9-896f-6caaf953cdf3,review,record_survey
04a7ada5-ff6e-4c57-963c-05e2c3101c53,13c172f2-f476-414f-afcd-2f6635ed4ace,8.5,1,"{""EvaluationCriteria"":{},""Comment"":null}",2024-08-14 14:39:17.953502,85b104e7-6d20-403a-9c9c-8548f0cf9f6e,review,record_survey
04a7c43f-cd68-4149-b0ab-9c24f8d71ceb,abd29a5b-e6ae-431b-a9f2-d5c45f51d2b1,8.5,1,"{""EvaluationCriteria"":{},""Comment"":null}",2024-10-21 14:48:34.010053,26945747-f932-41ee-89a6-aa18e452e633,review,record_survey
04adfa75-4f99-439f-afe2-a47eeba4c0e3,fceea347-7b7d-4bfa-98d4-9f96f62b5486,9.5,1,"{""EvaluationCriteria"":{},""Comment"":""- Bộ nhạc cụ: Đủ bộ nhạc cụ\r\n- Cân bằng âm lượng: Khá tốt\r\n- Hậu kì âm thanh: Khá ổn\r\n- Đúng màu nhạc & giai điệu: Đúng\r\n- Đúng công năng: Khá đúng công năng\r\n- Đúng cấu trúc & bố cục: Đúng\r\n- Đúng tempo & nhịp điệu: Đúng bản mẫu\r\nTùy theo đánh giá của người chấm, cho phép chấm theo định tính: Hay""}",2026-04-23 11:49:45.891207,93734855-0880-4bda-8ac4-56f9ad572c2d,review,record_survey
04ae19ed-8181-4a62-b945-411348d95b59,16eb25d9-8429-4313-a5f5-3ff07b1c27f6,8.8,3,"{""EvaluationCriteria"":{},""Comment"":""bài này bị đoạn 1:41 trở đi đến gần 2:30 nhé\r\ncái noise ở nền đấy t thấy không bỏ qua dc làm bài bị ồn""}",2026-06-04 11:41:34.584216,695d22f9-6c7b-4335-bbc6-d7fbf5869153,review,record_survey
04b2d11d-d7f4-4963-a5f7-ea9b51a5e6a1,63223140-0dc1-4205-af3c-00d575dd5b25,9.5,1,"{""EvaluationCriteria"":{},""Comment"":""Bài này rất xuất sắc. Melody đã mờ và không có câu quá tròn, groove phẳng và đều hơn. Hiện tại đạt mức 9.5 và có thể xem là flagship Smooth Jazz.""}",2026-03-03 23:03:30.169591,e045244b-2cc5-4034-b000-b6fcd36b6a0b,review,record_survey
04ba3265-a01c-4314-b520-78a33fac0d1c,7ac57b9f-9ab8-4196-8144-b16236ba5cd4,8,3,"{""EvaluationCriteria"":{},""Comment"":""Đoạn 00:36 và những đoạn giai điệu tương tự nên đánh theo giai điệu giống gốc hơn, đoạn này đánh hơi mất chất và nốt nghe ngang, \nĐoạn 1:20 - 1:26 nghe hơi hụt giai điệu, k có nhiều nhấn nhá nên k hay bằng bản gốc\nNhìn chung đánh khá ổn và relax nhưng thiếu mất 1 số đoạn nhấn nhá nổi bật của bài gốc""}",2023-06-01 14:27:13.06385,d0037139-1b4e-46cf-b38d-5fecec0a80e9,review,record_survey
04bb0980-7c4a-42d7-b7d1-d8bd03d209f3,69f07558-6e6d-414c-b55b-9c991c08ac36,8.7,1,"{""EvaluationCriteria"":{},""Comment"":null}",2023-03-10 10:32:16.968443,97f55e49-e49c-4040-abac-b1d70abea352,review,record_survey
04bc4c0e-626e-4bc1-872b-5db81b3ab334,61d45226-50e1-4674-8e0e-4cbdc12f879f,8,3,"{""EvaluationCriteria"":{},""Comment"":""- Âm thanh: có nổi bật hơn chút, nhưng có cảm giác bị \""nghẹn\"", hay như bị \""bóp cổ\"", \""bí\"". Nhờ anh em chỉnh lại thêm tí.\n- Giai điệu: Hay""}",2024-04-09 10:12:10.012351,3c405df8-a03c-4b69-a736-f302b432e26a,review,record_survey
04bd0c1b-17c1-4350-ab7b-e21f6d1a793d,8eefc4bf-3fda-4bc0-9a87-367394527a6a,8.3,1,Giai điệu đoạn đầu cần nhanh hơn 1 chút nữa sẽ hay hơn nữa,2022-12-08 10:59:23.044415,c0881fe5-f3ff-4f15-8420-16ff03c46198,review,record_survey
04bf9f99-bc30-47e7-88f4-8aa063a1ac2b,72978bf6-a73e-4223-93b3-0f4b9241bcc9,8.5,1,"{""EvaluationCriteria"":{},""Comment"":null}",2023-08-11 15:05:05.861919,71b1e47b-22a8-4069-ac59-bb0eefeb0c52,review,record_survey
04c3782d-257b-4279-91a2-c4905afe6aa4,9afcf13a-78f4-4174-9a4b-e7880d06392c,7.5,3,"{""EvaluationCriteria"":{},""Comment"":""- Bố cục rõ ràng.\r\n\r\n- Reverb của Vocal bị muddy.\r\n=> Hướng xử lý: EQ low pass và high pass để Reverb chỉ áp dụng với vùng tần số 350hz - 10000khz, Sidechain Reverb theo Vocal.\r\n\r\n- Đoạn Pre-Drop bị thừa đuôi Uplifter/Riser, và hơi bị cụt trước khi đến Drum Fill trước Drop.\r\n=> Hướng xử lý: Cắt đi và kéo dài đuôi Reverb và Delay đến trước đoạn Drum Fill ngay trước Drop. Thêm 1 Uplifter ngắn hoặc 1 Reverse Crash để nối vào Drop.\r\n\r\n- ""}",2025-05-24 09:49:42.836544,3edc2d6f-9b99-43ab-bb14-54d72bea1478,review,record_survey
04c4ddd8-cb2e-4d19-bbd6-9b0385848a0f,4aa4f44c-94aa-4cb5-9ab7-cf2de167b01c,7,3,"{""EvaluationCriteria"":{},""Comment"":""trống đang quá to, át hết các phần còn lại. Đổi lead mel nhé em""}",2024-12-17 09:18:50.076794,33f49e8a-d6ec-464a-848e-c496ad48fc59,review,record_survey
04c52039-0a02-448b-8b06-5b647f2c325b,4e3eac7c-e6d8-4e10-b8b5-b66bcc744495,0,3,"{""EvaluationCriteria"":{},""Comment"":""giai điệu nhẹ nhàng êm ái hơn chút, các đoạn lên xuống rõ ràng hơn chút nữa là khai thác được""}",2026-04-14 10:09:47.296744,8884e6c7-c981-4f75-a034-dc011455ae53,review,record_survey
04c84e28-2489-46fa-9018-fb3b0ec907a9,abd29a5b-e6ae-431b-a9f2-d5c45f51d2b1,8.4,1,"{""EvaluationCriteria"":{},""Comment"":null}",2024-08-18 17:41:27.169607,107d85fa-46f7-49a3-a495-383fbdddb76b,review,record_survey
04ed66be-87af-4e3c-9b50-3ca04df36162,72978bf6-a73e-4223-93b3-0f4b9241bcc9,8,3,phần piano trong melody cần cải thiện về chất lượng âm thêm chút nữa,2022-12-21 17:08:33.290921,3d328793-a00e-40f6-b2bf-c647e9b21f74,review,record_survey
04c885f3-738b-4ab0-8b61-a382e731afb9,7ac57b9f-9ab8-4196-8144-b16236ba5cd4,8.5,1,"{""EvaluationCriteria"":{""24f872cc-80b4-4337-acc9-8f6939d599ea"":{""Comment"":""Thư giãn"",""Rating"":0.0},""742a099d-ee66-45f1-8c3a-6b552dfa6f82"":{""Comment"":""Giai điệu ổn, sound piano hay"",""Rating"":0.0},""aad282f6-a037-4a4e-8bbe-c92ca7b78773"":{""Comment"":""Nhẹ nhàng"",""Rating"":0.0},""e6b420d3-a36c-41a8-b4a6-12f225978fc2"":{""Comment"":""Hòa hợp"",""Rating"":0.0}},""Comment"":null}",2023-07-31 08:41:12.66927,5fdca7c6-143d-4472-ac16-d77077c90459,review,record_survey
04caef0b-189b-4e5f-89e0-f903d100000b,8eefc4bf-3fda-4bc0-9a87-367394527a6a,8.5,1,"{""EvaluationCriteria"":{},""Comment"":""Giai điệu thư giãn, trầm lắng và yên bình, sóng âm nhịp đều và ổn. Âm thanh nền ổn. ""}",2023-05-25 10:29:41.886816,5186bf17-3914-4411-ad90-49d43c2fc71a,review,record_survey
04cb6568-208d-4cfb-853e-a49c4253451b,b17c51bf-a8a0-4a9c-8c1d-58bc569b7d8a,7.5,2,k đạt,2022-10-11 14:49:52.249918,635c8af4-d35d-4389-ad95-853c64a8ec90,review,record_survey
04cc9153-b840-4e0e-9309-e79579e5ff90,692e3f7a-023b-4f19-99f6-552b47303291,9,1,"{""EvaluationCriteria"":{},""Comment"":null}",2025-05-16 09:23:16.382932,67f39e4b-5135-4bc4-b635-0e5d818666fc,review,record_survey
04cda2ec-4880-428c-a9ca-8553d303f9bf,5e345e0b-a27c-4392-9cc2-3020088f5292,8.6,3,"{""EvaluationCriteria"":{},""Comment"":null}",2024-11-25 22:34:23.248501,0b873e0a-d445-4339-a39b-3c6d1c9e44ba,review,record_survey
04ce9724-b466-40bf-987e-2400df656c55,c2c45087-3ef0-499c-a171-25925fad47fc,8.5,1,"{""EvaluationCriteria"":{},""Comment"":null}",2025-01-17 16:19:54.516639,43869c91-ebb2-4fb8-b714-6c5dc6cc6772,review,record_survey
04d184b8-65d8-4ab9-816b-db0d83e391ed,5e345e0b-a27c-4392-9cc2-3020088f5292,9,1,"{""EvaluationCriteria"":{},""Comment"":null}",2024-08-09 11:06:51.768213,2b184f82-055c-4fc5-b584-16559745d860,review,record_survey
04d1fa60-cf3b-48c7-a977-5a53857884d3,767992f5-d8e2-4101-ab70-a59c88eb1d6d,8.5,1,"{""EvaluationCriteria"":{},""Comment"":null}",2025-04-22 17:37:13.160253,5b001e14-e580-468e-9b84-ea129a887f41,review,record_survey
04d39c07-b7c0-4a98-9d79-3575069da558,5e345e0b-a27c-4392-9cc2-3020088f5292,0,2,"{""EvaluationCriteria"":{},""Comment"":""k giống mẫu""}",2026-01-22 12:29:01.725251,35fd3dcd-f69f-40cd-a1e9-08f5be61e83f,review,record_survey
04d492df-4754-4020-b716-b20a9a0a9d69,b16c888a-681c-4f7b-adf5-344a2075d77e,8.5,1,"{""EvaluationCriteria"":{},""Comment"":null}",2024-05-13 10:48:50.082446,c6cf0ba4-88a3-47a6-925e-3dc643590b44,review,record_survey
04d57ec8-b98c-48d6-bce1-822a3c56eb96,f8660c20-51f4-4a02-b820-7fbdb68f8f1b,8.3,1,"{""EvaluationCriteria"":{},""Comment"":null}",2024-11-21 10:12:44.89854,096240be-03b7-416f-a595-bbf4cabf7337,review,record_survey
04d69163-f01e-4ea0-a560-8931181b5b52,d0d50899-0355-45a8-9eee-c4ca58b5baf1,6.5,3,"bthg, có 1 đoạn giữa bị rời rạc quá",2022-09-23 17:37:15.05946,20b3ad30-4ec1-41ef-b6b3-d989c00f7493,review,record_survey
04d8a25d-0c1e-48cc-9c1a-6f8ecc468951,68a2d75c-2765-4ba8-b18b-a6c0f2d9c618,8.5,1,"{""EvaluationCriteria"":{},""Comment"":""- Giai điệu nhẹ nhàng, êm ái, sâu lắng\n- Âm thanh nền và sáo kết hợp du dương, thư giãn""}",2023-11-25 09:49:12.158526,7b051cba-7211-4ca8-a38f-af9455316c6e,review,record_survey
04dab87a-7e66-42cc-bd72-47504760b7f2,abd29a5b-e6ae-431b-a9f2-d5c45f51d2b1,8.1,3,"{""EvaluationCriteria"":{},""Comment"":""điều chỉnh phần velocity cho bài nhẹ nhàng hơn; âm thanh đang hơi um và nhòe""}",2024-12-10 09:41:48.177984,f1abe6e9-e8ad-41a4-b549-8f98c5078e47,review,record_survey
04dde1cb-61e0-483d-a1e2-54a986364352,abd29a5b-e6ae-431b-a9f2-d5c45f51d2b1,8.3,3,"{""EvaluationCriteria"":{},""Comment"":""beat nhẹ nhàng, hợp lý""}",2024-06-24 09:29:46.896274,f79608bc-578c-41a1-9a8e-0a47c812710a,review,record_survey
04dea726-c95d-45de-a488-f345ccf20dca,b17c51bf-a8a0-4a9c-8c1d-58bc569b7d8a,7,2,k phù hợp,2022-10-14 10:05:01.520879,9b993074-9abe-4767-a445-539ee7da16c2,review,record_survey
04dffff7-d71b-4eab-ab54-255cc96c0ada,abd29a5b-e6ae-431b-a9f2-d5c45f51d2b1,7,3,"chưa ưng sound piano bài này lắm, mấy note đầu phần intro nghe khá thô",2022-09-14 15:04:00.075871,af5482cb-d246-4321-87ee-3eaa39c2eb45,review,record_survey
04e4dd53-7b4d-4b46-9fd6-de3234d0fd41,39afcfe8-78b7-4ee5-b854-f2d8a124789a,8.5,1,"{""EvaluationCriteria"":{""24f872cc-80b4-4337-acc9-8f6939d599ea"":{""Comment"":""trung hòa, nhẹ nhàng"",""Rating"":0.0},""742a099d-ee66-45f1-8c3a-6b552dfa6f82"":{""Comment"":""giai điệu không quá nhanh, dễ nghe, hòa quyện cùng với hòa thanh jazz"",""Rating"":0.0},""aad282f6-a037-4a4e-8bbe-c92ca7b78773"":{""Comment"":""thư giãn, thoái mái"",""Rating"":0.0},""e6b420d3-a36c-41a8-b4a6-12f225978fc2"":{""Comment"":""các sound trong bài có độ nét, độ vang vừa phải, hòa quyện với nhau"",""Rating"":0.0}},""Comment"":""""}",2023-05-29 11:04:30.109397,9a2d0626-5d32-4631-9d49-1cb90ef16871,review,record_survey
04e5581a-7bee-407e-8210-b0bcad5b6f14,c2c45087-3ef0-499c-a171-25925fad47fc,8.5,1,"{""EvaluationCriteria"":{},""Comment"":""lúc xuất tránh để khoảng lặng lâu""}",2025-06-24 16:06:50.59492,4cad82fc-e8c5-47ec-b0fa-0ed5655242b7,review,record_survey
04e64333-e909-4443-8b2b-20f0a991aa60,ba9a47de-eaf5-400d-b948-2233829b67e3,8,3,"{""EvaluationCriteria"":{},""Comment"":""Beat cơ bản ok nhưng sound chắc do chưa mix nên 1 số đoạn tiếnh piano hơi đanh, tổng thể vibe thì cần mượt và êm hơn.""}",2024-01-08 14:59:17.403599,0b32082b-c168-43f3-8041-63bf3d55ba2e,review,record_survey
04e8edb1-02fd-47cf-ac64-044033536eaf,aeed5635-c7e2-44b7-a4f6-596166e94410,7.8,3,"{""EvaluationCriteria"":{},""Comment"":""phần giai điệu nghe khá hay, phần giai điệu nghe hơi vibe nhật bản, nhịp bài và bass nghe tương tự mấy bài chillhop trên thị trường, có sự phát triển trong bài, tuy nhiên đoạn từ intro lên điệp khúc cảm giác hơi cấn cấn 1 chút, có thể sửa lại chút cho mượt hơn, có thể cho nhịp chậm lại chút cho chill hơn""}",2023-08-22 11:25:31.785771,35aca8e7-2676-471f-b8af-2931523445ab,review,record_survey
04ebaf82-fbec-4644-a2db-e45ba552bf01,d79e0730-01f6-4614-8fb2-f5b5ae789831,8,3,"{""EvaluationCriteria"":{},""Comment"":""cut eq tiếng snap phần high\ntiếng snap hơi to, át các phần khác""}",2024-08-21 10:52:23.801249,3f1824d5-f891-4ccf-92c0-9cdc5cbf9c6d,review,record_survey
04ebccaa-adb7-4f75-97d3-96dd66350de6,fceea347-7b7d-4bfa-98d4-9f96f62b5486,7,3,"{""EvaluationCriteria"":{},""Comment"":""- Intro khá tốt\r\n- Đoạn 0:21-0:25 giai điệu Guitar chưa hay lắm, đang rối\r\n- Giai điệu guitar hơi da diết trong khi tiết tấu bài khá nhanh\r\n- Cần chỉnh sửa thêm""}",2025-05-15 08:13:29.479263,e59b5c50-7614-4181-b1c7-21318803d4a3,review,record_survey
04ec1a81-d9fb-41d7-a656-643e851eb5f4,13c172f2-f476-414f-afcd-2f6635ed4ace,9,1,"{""EvaluationCriteria"":{},""Comment"":null}",2026-03-16 13:56:21.255015,3a6aa8e3-4617-493d-ae42-bef428f89382,review,record_survey
04ecd523-9e0b-4005-831a-578b042bfe42,5e345e0b-a27c-4392-9cc2-3020088f5292,8.1,1,"{""EvaluationCriteria"":{},""Comment"":null}",2024-12-18 10:49:25.502615,29a9c54f-ccdd-4876-bd11-4db3240198ea,review,record_survey
04f093d9-024a-4e5f-b29f-81013a6dae91,39afcfe8-78b7-4ee5-b854-f2d8a124789a,8,3,"{""EvaluationCriteria"":{""24f872cc-80b4-4337-acc9-8f6939d599ea"":{""Comment"":""nhẹ nhàng"",""Rating"":0.0},""742a099d-ee66-45f1-8c3a-6b552dfa6f82"":{""Comment"":""giai điệu không quá nhanh, êm đềm, mượt mà, tươi hơn, giai điệu hay hơn"",""Rating"":0.0},""aad282f6-a037-4a4e-8bbe-c92ca7b78773"":{""Comment"":""trầm buồn"",""Rating"":0.0},""e6b420d3-a36c-41a8-b4a6-12f225978fc2"":{""Comment"":""các sound trong bài có độ nét, độ vang ổn định"",""Rating"":0.0}},""Comment"":""""}",2023-11-22 15:38:15.658668,670d9cf9-f56a-41f2-a91b-b16acf7dfc4d,review,record_survey
04f0e032-c1a4-41f5-931e-5d65f5ab6d2e,fd4e826e-ece1-46c7-9cd1-5d17a53d7cf6,6,2,"ít chất lofi, nghe như thể loại nhạc khác",2022-11-22 15:23:27.944362,d4ae8c4f-0e05-4bc6-855b-37838c4f5d84,review,record_survey
04f68595-b45f-4b70-b644-2e8ef9c0aab3,3464c058-e99a-47f4-b0f7-99f85817eb3c,7,3,"{""EvaluationCriteria"":{},""Comment"":""- Tiếng guitar hơi nhỏ, nhiều chỗ mix chưa mượt\n- bố cục chưa được hay ""}",2024-04-09 09:25:13.928607,8c015047-db55-4739-9f55-3b823c57bcc6,review,record_survey
04faee83-45ed-4ff5-aabb-8d3b352ffe47,16eb25d9-8429-4313-a5f5-3ff07b1c27f6,8.4,3,"{""EvaluationCriteria"":{},""Comment"":""Bài ổn, vocal ổn. Vẫn là ko ưng tiếng sax""}",2024-11-05 15:24:57.200674,07e6021e-de04-4cf2-a7e1-affaa12f7cab,review,record_survey
04fc51b6-b5c9-435b-ace7-1d6be7687b69,68a2d75c-2765-4ba8-b18b-a6c0f2d9c618,9,1,"{""EvaluationCriteria"":{},""Comment"":""- Giai điệu nhẹ nhàng, thư giãn, du dương. \n- Âm thanh nền êm dịu""}",2024-09-10 15:01:02.512587,bed2ccb2-d2cd-4fe9-bddd-4570aa60a032,review,record_survey
04fe1925-67bc-42b5-a712-0c75924e3aae,98b95f68-40ac-4feb-a01a-da3a39f0c7ce,8,1,"{""EvaluationCriteria"":{},""Comment"":""tiếng cello nghe thô""}",2023-08-16 15:30:47.005945,1c4bd2ce-2868-4e95-a9b5-6ce79ddd46cf,review,record_survey
04fe9ab4-7a93-4b3e-bd0d-d92ae1098c77,b20ebc71-f593-4f81-8bda-6fe6c2f816d5,6.5,2,bài này tương tự bài trên,2022-11-21 10:31:48.664439,d4ae8c4f-0e05-4bc6-855b-37838c4f5d84,review,record_survey
04ffa614-146a-491b-a3cf-9d8eda6f4eac,13c172f2-f476-414f-afcd-2f6635ed4ace,8.5,1,"{""EvaluationCriteria"":{},""Comment"":""Chất âm oke nét hơn hẳn r ""}",2023-10-14 17:01:16.218795,4653e2ad-56ca-4af2-a6d5-17e7d39d9060,review,record_survey
05003386-eb81-4230-b8c4-6f52a2b82165,9afcf13a-78f4-4174-9a4b-e7880d06392c,8,3,"{""EvaluationCriteria"":{},""Comment"":""- Cần làm mềm transient của Kick và glue Kick lại với low-end của bass để Kick ăn với Bass hơn.""}",2025-10-08 09:41:57.228809,02cf23f0-3bca-4f8d-bd3c-3eb1bd5e7749,review,record_survey
050644bc-5caa-4cfc-8adf-8f0f08f5fac8,ba9a47de-eaf5-400d-b948-2233829b67e3,8.3,3,"{""EvaluationCriteria"":{},""Comment"":""Beat hơi to và chói 1 chút \nVocal cũng ok nhưng đang hơi đuối so với beat, những đoạn cao trào thì vẫn đang hơi bằng bằng nên cả bài bị trôi 1 chút\n""}",2024-06-12 18:14:27.515667,893c2a74-b184-4398-b6e4-6553fa67d690,review,record_survey
0507a55d-f5ea-4057-b492-f3743ce4231a,abd29a5b-e6ae-431b-a9f2-d5c45f51d2b1,8,1,,2022-10-06 15:11:39.631059,72df810e-bfff-427b-b87e-5dd890101947,review,record_survey
0507d743-8c91-45c1-ab10-3ce195c25005,98b95f68-40ac-4feb-a01a-da3a39f0c7ce,9,1,,2022-10-20 15:34:56.124186,bf9a07a5-6b9b-46ae-9bbd-b79850570859,review,record_survey
050e1419-a8e1-457b-95d9-7366565186dd,69f07558-6e6d-414c-b55b-9c991c08ac36,8.5,1,"{""EvaluationCriteria"":{},""Comment"":null}",2023-06-29 14:25:28.873045,fa66f3fd-1dd4-41a8-ad86-7975a6afc641,review,record_survey
051b27ec-b8c0-40b7-8097-add997b2b5be,d06d1883-b845-4c00-8e5f-1d0d91b6be22,6,2,"{""EvaluationCriteria"":{},""Comment"":""âm thanh chưa tốt, giai điệu cũng chưa phù hợp""}",2023-07-17 10:30:36.245221,b23c0b3d-ff54-469c-9778-e06f8cd46c62,review,record_survey
051fc50a-670b-4f50-a192-25a6a786e9aa,d06d1883-b845-4c00-8e5f-1d0d91b6be22,8,3,"{""EvaluationCriteria"":{},""Comment"":""có thể làm âm thanh hay hơn và êm hơn được nữa không, nghe ở mức âm lượng nhỏ thì ổn nhưng ở mức to hơn vẫn nghe rõ tiếng chói và tiếng rè""}",2026-01-06 14:55:09.878219,8c4ad72f-3050-4f6d-95a2-fa14eef8ba7f,review,record_survey
0522046a-c545-4f3b-b904-0712df9f75f6,abd29a5b-e6ae-431b-a9f2-d5c45f51d2b1,8,3,"{""EvaluationCriteria"":{},""Comment"":""bài ngắn quá""}",2024-11-11 17:11:44.96245,9d75cedb-c8b1-486b-9dcc-7397570cd349,review,record_survey
05225772-b91d-444d-8b6a-248a7952d0a4,d06d1883-b845-4c00-8e5f-1d0d91b6be22,8.5,1,"{""EvaluationCriteria"":{},""Comment"":""beat ổn, vocal hơi nhỏ""}",2025-07-24 15:41:43.738525,d8bfcd0d-9051-44fd-a35d-a7ade00093de,review,record_survey
05244d30-c7e6-426c-85d0-25feb4b2275f,13c172f2-f476-414f-afcd-2f6635ed4ace,8.5,1,"{""EvaluationCriteria"":{},""Comment"":null}",2024-11-22 10:58:32.927039,903aa6dc-1160-43da-88a0-83cb334581c5,review,record_survey
0524c1eb-1c4c-49d6-bcb3-f51c138a24d6,5e345e0b-a27c-4392-9cc2-3020088f5292,8,3,"{""EvaluationCriteria"":{},""Comment"":""đoạn đầu đệm dập hợp âm hơi đơn giản\nđoạn giang tấu cuối bài khá ok""}",2024-06-17 15:24:31.381784,6bc7ba46-2d10-4d90-8415-31aae87ef19c,review,record_survey
052b9404-9dc5-4e57-b4c1-5800aba32c86,13c172f2-f476-414f-afcd-2f6635ed4ace,8.5,3,"{""EvaluationCriteria"":{},""Comment"":""các bài đều đang cần cái intro dẫn dắt tốt - như deep in the dark ấy""}",2024-07-17 17:58:55.732702,6239ecfe-6439-456f-af03-cb6228210834,review,record_survey
052ca685-b4bd-479d-a01e-ac3b90d837d4,39afcfe8-78b7-4ee5-b854-f2d8a124789a,8.6,1,"{""EvaluationCriteria"":{""24f872cc-80b4-4337-acc9-8f6939d599ea"":{""Comment"":""thoải mái, sáng tạo"",""Rating"":0.0},""742a099d-ee66-45f1-8c3a-6b552dfa6f82"":{""Comment"":""giai điệu khá nhanh, tươi sáng, có sáng tạo và ngẫu hứng trong bài hát"",""Rating"":0.0},""aad282f6-a037-4a4e-8bbe-c92ca7b78773"":{""Comment"":""sôi nổi, tươi sáng"",""Rating"":0.0},""e6b420d3-a36c-41a8-b4a6-12f225978fc2"":{""Comment"":""các sound có độ nét, độ vang ổn định"",""Rating"":0.0}},""Comment"":""""}",2023-07-31 15:36:04.822696,05a5f164-6087-4493-93ca-d791798468c0,review,record_survey
052e4e5a-d3b0-453e-a217-1fe09c402035,69f07558-6e6d-414c-b55b-9c991c08ac36,8.3,1,"{""EvaluationCriteria"":{},""Comment"":null}",2023-04-10 10:18:42.552489,001aafa8-8322-4874-a821-9307733d6c17,review,record_survey
052e991e-ad14-43f2-aa03-ce582de70d38,abd29a5b-e6ae-431b-a9f2-d5c45f51d2b1,8.5,1,"{""EvaluationCriteria"":{},""Comment"":null}",2024-12-14 09:19:47.944024,86365373-8789-4af1-ba62-027cc0cf8262,review,record_survey
05302dbd-9adf-450c-8e0f-9655d16d6696,4e3eac7c-e6d8-4e10-b8b5-b66bcc744495,0,3,"{""EvaluationCriteria"":{},""Comment"":""Em bỏ phần nhạc nền piano ra giúp anh nhé.""}",2025-08-26 07:54:17.670114,7789d623-e6a1-4762-be02-43f4f8ea9ab8,review,record_survey
0531f6e7-9769-4c68-8400-f2ec1f771d00,13c172f2-f476-414f-afcd-2f6635ed4ace,8.2,3,"{""EvaluationCriteria"":{},""Comment"":null}",2024-07-18 16:57:38.409617,00568a19-581b-4797-aab2-dc5e9aa6c8fa,review,record_survey
05325fba-6b9c-4628-9f89-dcae2500b682,d79e0730-01f6-4614-8fb2-f5b5ae789831,9,1,"{""EvaluationCriteria"":{},""Comment"":null}",2025-04-28 09:27:30.311708,22048943-7a97-4b31-9b31-f21e0a950782,review,record_survey
05328894-7b48-4e1e-afa7-099f0c211ede,61d45226-50e1-4674-8e0e-4cbdc12f879f,9,1,"{""EvaluationCriteria"":{},""Comment"":null}",2025-11-28 05:46:25.590327,2a55a077-9d8d-42f5-898a-ba8ba7d347ec,review,record_survey
05348fc3-8853-4334-b224-b80f12243f0a,5e345e0b-a27c-4392-9cc2-3020088f5292,8.3,3,"{""EvaluationCriteria"":{},""Comment"":""intro dài wa, 10s đổ lại rùi vào thì sẽ hợp lí hơn \nguitar hơi nhiều, để tỉa 1 chút thì sẽ hay và thoáng bài hơn""}",2024-01-11 14:40:27.531876,b4a4756d-6a1a-49c5-aae1-2b0a398f6fa0,review,record_survey
0534ef6b-00c8-41f7-9e1d-9c8e5705051f,767992f5-d8e2-4101-ab70-a59c88eb1d6d,7.5,3,"{""EvaluationCriteria"":{},""Comment"":""beat khá đơn giản,chưa có đoạn cao trào\r\nvocal khá ổn \r\nchuyển đoạn ở giây 57 chưa được mượt""}",2024-10-23 18:19:10.623743,f571f075-cfde-4524-9b80-3fee9f042fa5,review,record_survey
053f050e-98f6-4d05-92b1-ab6187ce7f25,abd29a5b-e6ae-431b-a9f2-d5c45f51d2b1,8.5,1,"{""EvaluationCriteria"":{""4aeb578f-5a33-4b5b-ad10-43501589a638"":{""Comment"":""khá hay"",""Rating"":9.0},""9959e139-100b-4508-8745-bd893ab9a7cb"":{""Comment"":""oke "",""Rating"":8.0}},""Comment"":null}",2023-10-31 11:05:52.842168,d68bfe95-5aba-40ff-89c9-99cad8a8625c,review,record_survey
053f2963-f828-4c30-b4ea-9712e9e0b34f,abd29a5b-e6ae-431b-a9f2-d5c45f51d2b1,8.5,1,"{""EvaluationCriteria"":{},""Comment"":null}",2025-01-14 09:18:43.463178,fc9c93b8-addb-4766-97e9-0427e4f18e0b,review,record_survey
0540600f-eedb-4f92-8455-4621e44dd2eb,b17c51bf-a8a0-4a9c-8c1d-58bc569b7d8a,9,1,"{""EvaluationCriteria"":{},""Comment"":""hay""}",2025-07-18 14:45:53.40046,191887c1-2262-46dd-931c-c9dc3551d421,review,record_survey
05423410-a19c-45d8-94a4-89c8ec198e80,ba9a47de-eaf5-400d-b948-2233829b67e3,8.4,1,"{""EvaluationCriteria"":{},""Comment"":""Okie hơn rồi có thể nghiệm thu rồi ""}",2025-02-17 16:40:01.830819,e555d21a-5aca-4042-a3d4-adc9700be86f,review,record_survey
05424b3c-be0a-46e0-979b-e974add78c31,ba9a47de-eaf5-400d-b948-2233829b67e3,8.5,1,"{""EvaluationCriteria"":{},""Comment"":""Ok rồi""}",2023-11-09 11:25:14.926762,fbd9dd5a-a527-448f-b98b-bd9dedbfcc39,review,record_survey
05427b91-ccb3-4be1-b8a0-5da890816159,72978bf6-a73e-4223-93b3-0f4b9241bcc9,8.5,1,"{""EvaluationCriteria"":{},""Comment"":null}",2024-01-13 11:00:45.883893,d442fd9b-3ce3-4942-bb16-de74239eee38,review,record_survey
054388c0-b2d1-4ecf-9e26-a293e01c6525,4940ad05-1d14-4455-b96c-9fe26b0750ae,8.7,1,"{""EvaluationCriteria"":{},""Comment"":null}",2024-11-15 17:34:29.950168,6aa668e2-a6e6-4d2b-ba82-ebd369b77f53,review,record_survey
054497cf-1cac-432c-9c24-fd411fc4d7e2,5e345e0b-a27c-4392-9cc2-3020088f5292,8.4,3,"{""EvaluationCriteria"":{},""Comment"":""tổng thể ổn hơn xíu, mà cái lead a thấy nó vẫn chưa ổn lắm""}",2025-08-20 14:12:16.742943,fee575d4-ae1c-4991-b8d7-1c3f013b6ec8,review,record_survey
054597c7-27d5-4f93-b3d7-f160711a7ec7,9f4a3f6e-5c6d-40ff-af6a-de9f8d55908e,8.5,1,"{""EvaluationCriteria"":{},""Comment"":""👍😗👍 Wxrdie, ‪@GillOfficial‬ & ‪@Lucin3x‬ - CHÊ HỘ \r\n""}",2024-12-24 10:31:03.461107,76a94bf2-a790-4966-a5cd-2b31f364ba32,review,record_survey
05463c53-e757-4f34-9b0e-3cd2a5642b34,fd4e826e-ece1-46c7-9cd1-5d17a53d7cf6,7,1,,2022-12-23 16:00:52.198582,b0f7f9f6-1712-4fca-bb7f-5228954c5cdc,review,record_survey
0547a726-f389-4b38-b0dd-01cf00d06e0c,61d45226-50e1-4674-8e0e-4cbdc12f879f,9,1,"{""EvaluationCriteria"":{},""Comment"":null}",2025-11-21 00:30:31.11516,3b934fe6-d0cc-4710-a8b1-bf3a6322e327,review,record_survey
054ba9b6-bb03-4eb2-9a49-93ea65f5cfc0,fceea347-7b7d-4bfa-98d4-9f96f62b5486,9,3,"{""EvaluationCriteria"":{},""Comment"":""- Bộ nhạc cụ: Đủ bộ nhạc cụ\r\n- Cân bằng âm lượng: Cân bằng âm lượng tốt\r\n- Hậu kì âm thanh: Khá ổn\r\n- Đúng màu nhạc & giai điệu: Đúng\r\n- Đúng công năng: Đúng công năng\r\n- Đúng cấu trúc & bố cục: intro và outro cần có sự độc đáo hơn 1 chút\r\n- Đúng tempo & nhịp điệu: Đúng\r\nTùy theo đánh giá của người chấm, cho phép chấm theo định tính: Khá hay""}",2026-04-15 15:39:16.366052,295f0957-0721-4ccb-8746-a996f15d5d4c,review,record_survey
054bbd3e-61b3-4c29-9093-8f8f6f3428ed,abd29a5b-e6ae-431b-a9f2-d5c45f51d2b1,8.3,3,"{""EvaluationCriteria"":{},""Comment"":""kết hơi vội, xuất file bị thừa đuôi nhiều quá""}",2024-09-10 10:45:30.007527,11e6c093-6af6-43a9-9897-21f23d304a2f,review,record_survey
054c2616-deb4-484e-8978-23bb400a0508,f8660c20-51f4-4a02-b820-7fbdb68f8f1b,8.4,1,"{""EvaluationCriteria"":{},""Comment"":null}",2024-10-12 11:25:44.655079,c822a732-6203-45a2-a49c-12013c1a2487,review,record_survey
054c8d5c-a5e5-46bd-ab5d-0941b9cc5ab0,7ac57b9f-9ab8-4196-8144-b16236ba5cd4,8,1,"{""EvaluationCriteria"":{""24f872cc-80b4-4337-acc9-8f6939d599ea"":{""Comment"":""Tươi"",""Rating"":0.0},""742a099d-ee66-45f1-8c3a-6b552dfa6f82"":{""Comment"":""Ổn"",""Rating"":0.0},""aad282f6-a037-4a4e-8bbe-c92ca7b78773"":{""Comment"":""Thư giãn"",""Rating"":0.0},""e6b420d3-a36c-41a8-b4a6-12f225978fc2"":{""Comment"":""Ổn"",""Rating"":0.0}},""Comment"":""Nên thêm sound chuông hoặc sound gõ tươi hơn cho có không khí giáng sinh hơn ạ\nMẫu sound tương tự video này nhưng của mình là jazz: https://www.youtube.com/watch?v=e7_NIeTK8tw""}",2023-07-21 10:14:01.548645,9e4c7e46-1cd1-4ed3-8802-0166ff1f7015,review,record_survey
055677b3-4419-4ffc-b179-6a26b5060dc3,ba9a47de-eaf5-400d-b948-2233829b67e3,8,3,"{""EvaluationCriteria"":{},""Comment"":""Tổng quan khá ổn nhưng mà có cảm giác hơi rời rạc đặc biệt là phần trống, nên là nghe bài không thấy liền mach và cảm xúc lắm""}",2024-05-15 18:09:07.876915,c63e71ca-6d14-4651-8aba-9bb2240dfbe3,review,record_survey
055a848d-e7c0-483f-b3b7-715b47e32881,92f38085-28a3-43aa-8bde-1b4b9ecfdfd6,8,3,"{""EvaluationCriteria"":{},""Comment"":""So với bài của NL thì sound piano của bạn này nghe vẫn ko thật và nghe ko thấy ra đc ko gian như bạn NL kia. Có thể điều chỉnh thêm ko b?""}",2025-02-26 09:16:33.098073,2d20e4bc-24f2-4875-b9bc-aec3f8e77d35,review,record_survey
055b7087-2ff4-4d14-936d-618a7d997b2f,0a948fad-a289-462e-b91c-967b622752ce,8.5,1,"{""EvaluationCriteria"":{""24f872cc-80b4-4337-acc9-8f6939d599ea"":{""Comment"":""Sáng"",""Rating"":0.0},""742a099d-ee66-45f1-8c3a-6b552dfa6f82"":{""Comment"":""Tuyến này hơi cao. May mà Prod xử lý hậu kỳ và kỹ thuật đánh piano tốt nên ko bị nhức. Màu vui tươi, nhí nhảnh"",""Rating"":0.0},""aad282f6-a037-4a4e-8bbe-c92ca7b78773"":{""Comment"":""chill, relax, tạo cảm hứng"",""Rating"":0.0},""e6b420d3-a36c-41a8-b4a6-12f225978fc2"":{""Comment"":""nghe cũng rộng rãi"",""Rating"":0.0}},""Comment"":""Bài nhìn chung tốt, có chất riêng, ko bị lẫn với các bài khác. Bố cục rất tốt""}",2023-02-27 16:21:27.098395,7319d0ef-940b-4fcc-8bf6-2a8e19ea5c0e,review,record_survey
055b91b5-a48e-46fd-9cad-2eac008c3dfd,b16c888a-681c-4f7b-adf5-344a2075d77e,8.7,1,"{""EvaluationCriteria"":{},""Comment"":null}",2024-04-26 17:01:30.806037,a96f4b65-3e65-4a3e-b5cf-5766c152df01,review,record_survey
05617671-673a-4163-989d-d7ab34253536,5e345e0b-a27c-4392-9cc2-3020088f5292,8.5,1,"{""EvaluationCriteria"":{},""Comment"":null}",2024-09-11 10:11:14.712512,44403396-dc83-4804-94c7-ec1c6494b1aa,review,record_survey
0562ca5b-b0cc-48e0-af50-7948dcf0acfc,9afcf13a-78f4-4174-9a4b-e7880d06392c,9,1,"{""EvaluationCriteria"":{},""Comment"":""- Bố cục rõ ràng.\r\n\r\n- Hòa âm hay, lựa chọn chất âm cho các nhạc cụ và bộ gõ phù hợp với chất nhạc hướng tới.""}",2025-05-24 14:11:12.574271,f747cb2e-8e02-4bca-9729-c0eb93148c3b,review,record_survey
0562ddea-64ae-4e2a-a5d9-a1b23982c826,e62773ca-d8ed-4b53-9712-2616b1f58eff,7.5,1,"- âm thanh tốt, có tính chân thực, giai điệu nhẹ nhàng bắt tai, kết hợp giữa các nhạc cụ khá hài hòa
- vibe êm ả tinh tế",2022-12-02 15:19:55.581212,9358fb17-87b3-413e-9594-ab80b3c26c69,review,record_survey
05647aff-029d-42b2-a1dd-3a03ebd482bc,0d73b0f1-0d46-4955-b511-54f8ffd9f5f8,8,3,"{""EvaluationCriteria"":{},""Comment"":""Guitar melody đang hơi nhỏ và giảm 1 chút verb để guitar gần hơn 1 xíu\r\nCòn lại mọi thứ đều tốt""}",2025-06-16 09:28:42.143766,20d2baed-7fdd-4168-83b0-04a536f7195a,review,record_survey
0564bab5-e3a1-4092-872c-1666251a4c80,352de1bd-e09d-4697-84bb-f3bcc4085530,7.8,3,"{""EvaluationCriteria"":{},""Comment"":""một nốt bị sai chỗ 0:07\r\n""}",2025-01-10 15:05:27.267878,1c34e896-2bfc-4385-a787-c674a996f34e,review,record_survey
0564c0e2-ff10-4883-bb4d-0edd01fd4f52,4e3eac7c-e6d8-4e10-b8b5-b66bcc744495,0,3,"{""EvaluationCriteria"":{},""Comment"":""Bỏ tiếng piano đi, giai điệu đang bị chói tai, điều chỉnh lại để nghe êm hơn, các đoạn như 00.42 đến đến 00.52 nghe bị thô gây khó chịu, tập trung phát triển giai điệu bài như các đoạn 00.19  đến 00.26""}",2025-08-25 10:10:26.6694,a666792b-c3f5-433a-af56-1cf897740789,review,record_survey
05677917-1897-4591-9701-f124389c3238,98b95f68-40ac-4feb-a01a-da3a39f0c7ce,7,2,,2022-10-20 15:40:12.329519,d3c30c63-a514-4710-bc7b-3eb3a50ab1bf,review,record_survey
056921ee-528f-4c57-9f92-5993d16c9a74,22787f52-369f-4982-9e89-db4b54349f7a,8,3,"{""EvaluationCriteria"":{},""Comment"":""Giai điệu nhẹ nhàng, nhưng vẫn có nốt chói tai nên nghe không được êm""}",2023-06-21 10:13:55.066889,daeeab3b-cb98-4c33-9dd7-52b42a94e620,review,record_survey
056afa5b-f15d-49b3-b14f-6834deae1dac,4e3eac7c-e6d8-4e10-b8b5-b66bcc744495,0,3,"{""EvaluationCriteria"":{},""Comment"":""phần âm cao và âm thấp không hợp nhau""}",2026-01-17 10:30:40.722282,6e41b250-c436-4e10-a2ad-cd573f89072f,review,record_survey
056c974a-296e-4ff6-8b5e-0f24331dc95b,7ac57b9f-9ab8-4196-8144-b16236ba5cd4,9,1,"{""EvaluationCriteria"":{""24f872cc-80b4-4337-acc9-8f6939d599ea"":{""Comment"":""thư giãn"",""Rating"":0.0},""742a099d-ee66-45f1-8c3a-6b552dfa6f82"":{""Comment"":""Giai điệu oki"",""Rating"":0.0},""aad282f6-a037-4a4e-8bbe-c92ca7b78773"":{""Comment"":""nhẹ nhàng"",""Rating"":0.0},""e6b420d3-a36c-41a8-b4a6-12f225978fc2"":{""Comment"":""ổn"",""Rating"":0.0}},""Comment"":""""}",2024-02-02 18:15:30.57582,b4cb4d72-2a70-4cd8-b248-90cc23fddedc,review,record_survey
056d68e8-7ffd-412a-b15d-375c46843dbd,72978bf6-a73e-4223-93b3-0f4b9241bcc9,8.5,1,"{""EvaluationCriteria"":{},""Comment"":null}",2024-01-31 16:39:33.141872,954afc0b-cb89-463f-bb61-45c8d2bf64a3,review,record_survey
056e5a6f-8fd5-460e-b0e4-477542041c9b,61d45226-50e1-4674-8e0e-4cbdc12f879f,8.3,1,"{""EvaluationCriteria"":{},""Comment"":null}",2024-12-24 12:07:26.94305,ed495ad3-3cda-4af3-9810-73c503a75d7e,review,record_survey
05718359-31b6-4cd5-8fda-b4d985c13e3f,abd29a5b-e6ae-431b-a9f2-d5c45f51d2b1,8,3,"{""EvaluationCriteria"":{},""Comment"":""kết bài hơi cụt, giai điệu hơi thiếu điểm nhấn""}",2023-10-13 15:25:53.575177,39f0946f-dc9e-47fa-be4b-376e3247239c,review,record_survey
0572bc8d-14f1-4d6b-8dd7-11115eac8fa8,abd29a5b-e6ae-431b-a9f2-d5c45f51d2b1,7.5,1,,2022-11-25 11:57:59.180391,16bdd6fb-bcbf-41ec-8cb5-67eebf14439d,review,record_survey
05761ea5-b7ac-42a3-ad74-aea196d090ef,3ad0ef68-9454-48de-982a-5155e06f8948,7.5,3,"{""EvaluationCriteria"":{""02c76e9f-524c-48b1-bb11-18710b1ebf94"":{""Comment"":""Giống bản gốc 85%"",""Rating"":0.0},""4fa5d62d-2d73-46ba-bff5-b341bea68321"":{""Comment"":""Âm lượng hơi nhỏ"",""Rating"":0.0},""680ce995-27d8-464a-ba6c-ce0cb170c7ad"":{""Comment"":""Giống bản gốc 85%"",""Rating"":0.0}},""Comment"":null}",2024-02-04 15:41:26.460569,1b63f48e-2347-4d4f-aba2-56f9f7579c35,review,record_survey
05767572-be6e-4f25-be49-5b957efe0191,db8fef34-d59e-4c58-b553-ced5fb2190ff,8.4,1,"{""EvaluationCriteria"":{},""Comment"":null}",2024-05-10 14:37:46.08259,4988ebf3-3c8c-4de6-ab6c-0eee6f3e4a08,review,record_survey
05784cee-e5bd-4a7d-a698-04186c038a91,b17c51bf-a8a0-4a9c-8c1d-58bc569b7d8a,9,1,"{""EvaluationCriteria"":{},""Comment"":""hay""}",2025-04-08 15:01:23.052127,f9eb4e61-40e7-4b28-b0f1-b2baa95e2a90,review,record_survey
05786af6-be28-4faa-8c15-636e90ac60a7,13c172f2-f476-414f-afcd-2f6635ed4ace,8.2,3,"{""EvaluationCriteria"":{},""Comment"":""okiie""}",2024-01-08 17:41:48.239767,fcd8d69d-b176-4acd-83dd-e8d640a948d4,review,record_survey
05798b3f-9ab6-453f-bb25-54608185dea8,5e345e0b-a27c-4392-9cc2-3020088f5292,8.2,3,"{""EvaluationCriteria"":{},""Comment"":""thoáng hơn bản còn lại, tuy nhiên piano hơi chìm ""}",2024-05-13 09:34:27.105812,22bca6a1-e7bf-4882-8cd7-8ab21ce9e1c0,review,record_survey
0579a904-121f-45f1-88fe-867eb4806ab9,5e345e0b-a27c-4392-9cc2-3020088f5292,8,3,"{""EvaluationCriteria"":{},""Comment"":""mel bài này nghe k relax lắm\nhợp âm dậm hơi to, với melody nghe hơi loanh quanh đoạn đầu""}",2024-07-29 09:23:24.94492,478fe263-6f7e-45cc-9a5a-a585eba0a3f4,review,record_survey
057ba844-080c-4b32-84b7-e0fcb026a7f6,63223140-0dc1-4205-af3c-00d575dd5b25,9,3,"{""EvaluationCriteria"":{},""Comment"":""Cải thiện lớn\r\n+ phrase đã lửng chuẩn\r\n+ density giảm rất tốt\r\n-> sax gần như thành texture\r\n+ khoảng nghỉ rõ hơn\r\n=> Bản này OK, sax đã đúng chuẩn “có mặt nhưng không lead”, groove và spacing đều ổn""}",2026-04-20 08:38:10.981689,1d5717e3-387d-46b0-9381-446202aa1c8b,review,record_survey
057f071c-6e7b-4a97-9a7b-73cf80486e2d,61d45226-50e1-4674-8e0e-4cbdc12f879f,9,1,"{""EvaluationCriteria"":{},""Comment"":""Hay, phù hợp, mix tốt.""}",2025-07-18 18:34:09.293282,014b535a-b2ed-401e-ac10-813800d778ad,review,record_survey
05804091-d010-4c72-9302-700d90aa3cd8,5e345e0b-a27c-4392-9cc2-3020088f5292,8.3,1,"{""EvaluationCriteria"":{},""Comment"":""nghe hơi bé""}",2024-10-14 09:49:26.282237,5d4d322d-10b4-471e-89d6-477aa67f5543,review,record_survey
0580b163-ffb4-46c8-afc2-8d0141b37761,13c172f2-f476-414f-afcd-2f6635ed4ace,8.8,3,"{""EvaluationCriteria"":{},""Comment"":""sound symbal cần nổi bật hơn tẹo như mẫu""}",2024-07-22 15:09:34.066912,8f96876b-4cc9-4618-883b-2f90a400dadb,review,record_survey
05820e03-e344-44ae-af42-89118cb1649b,b16c888a-681c-4f7b-adf5-344a2075d77e,8.5,1,"{""EvaluationCriteria"":{},""Comment"":null}",2024-04-08 09:31:49.59261,74b185e7-9e37-495e-900b-0f3f81820937,review,record_survey
05876a97-09f0-424d-8fa0-03c86250d15a,61d45226-50e1-4674-8e0e-4cbdc12f879f,8.5,1,"{""EvaluationCriteria"":{},""Comment"":""- Không thể tốt hơn được nữa...""}",2024-06-30 11:13:42.227877,452cc4e5-045c-43d4-810a-69d89fbcde16,review,record_survey
05898d18-bc42-4d79-ba13-54a04705e2f3,13c172f2-f476-414f-afcd-2f6635ed4ace,8.6,1,"{""EvaluationCriteria"":{},""Comment"":null}",2024-12-31 15:25:18.864214,5947dbbe-4a3f-4ebc-8879-d36536bf6798,review,record_survey
058be5a0-3514-4939-a367-1f2d591b431e,61d45226-50e1-4674-8e0e-4cbdc12f879f,9,1,"{""EvaluationCriteria"":{},""Comment"":null}",2025-10-27 08:32:40.611151,59ad9e78-80cb-429d-abea-f3a02c364435,review,record_survey
058dc228-b2b4-4549-b39d-89731571a4e8,b20ebc71-f593-4f81-8bda-6fe6c2f816d5,7,3,"bài này khá nhất, giai điệu chill, những tiếng đập đập làm nhẹ lại thì tốt",2022-08-17 08:29:32.953355,7c8a9688-5f98-43bf-ad59-48bb08755b5c,review,record_survey
0596d540-37d3-4ca1-875d-4126478f88d9,13c172f2-f476-414f-afcd-2f6635ed4ace,8.3,3,"{""EvaluationCriteria"":{},""Comment"":""âm lượng tổng cần to hơn xíu nữa a ạa""}",2024-12-09 09:17:43.454193,23e46794-60dd-4490-8833-5c5c9b5d85a4,review,record_survey
05988b79-2d4d-417b-bf33-03904f851be5,6225eaf1-0c57-410a-a09d-a0055f7e073a,9,1,"{""EvaluationCriteria"":{""0619f987-222d-4959-a13d-43904a7a8c2e"":{""Comment"":""ok"",""Rating"":9.0},""e6ed2234-3699-4cfd-8fc0-0d2780131881"":{""Comment"":""ok. phù hợp thị trường hàn nhật hơn"",""Rating"":9.0}},""Comment"":null}",2023-06-30 16:42:22.865908,366087f8-f866-4ba5-ba0e-6c0cae565813,review,record_survey
05994bef-33c0-4a13-9f77-c34f839012aa,abd29a5b-e6ae-431b-a9f2-d5c45f51d2b1,7.8,3,"{""EvaluationCriteria"":{},""Comment"":""giai điệu đang loops nhiều quá, 1 số đoạn đang rời rạc và thiếu liên kết""}",2025-01-09 09:22:08.097947,88cb0a73-d03a-4e53-a711-6fa825fb1f96,review,record_survey
059ce059-2072-428b-96ea-2a9d2729cde9,69f07558-6e6d-414c-b55b-9c991c08ac36,8.5,1,"{""EvaluationCriteria"":{},""Comment"":null}",2023-02-03 09:25:01.57141,ccfa8966-2fd8-4bf3-8db8-c9f9e5b67c50,review,record_survey
059e4a54-575e-4f2f-aca6-aab2204a15e4,8eefc4bf-3fda-4bc0-9a87-367394527a6a,8.5,1,"{""EvaluationCriteria"":{},""Comment"":null}",2025-05-23 16:08:56.14509,44a43eec-8c8d-45c3-bb84-b6c7be816905,review,record_survey
05a03e2c-8350-4e37-bd55-10b7f1c7042e,444c1725-7c41-4f19-b2c3-9a10d1d5e3bc,8,1,"{""EvaluationCriteria"":{},""Comment"":null}",2023-06-26 09:58:51.524008,cc00dfdf-4fa3-48ab-b6c5-fb1ddc659d91,review,record_survey
05a1b9d2-4077-4d2d-8afe-40989665f91f,d06d1883-b845-4c00-8e5f-1d0d91b6be22,8.5,1,"{""EvaluationCriteria"":{},""Comment"":""Ổn""}",2024-04-23 08:43:20.400852,9d6aab0e-4333-4823-a498-7ad3c7717de8,review,record_survey
05a1d0da-9e65-446d-b93e-303be9b6ca25,abd29a5b-e6ae-431b-a9f2-d5c45f51d2b1,8.3,1,"{""EvaluationCriteria"":{},""Comment"":null}",2024-11-29 09:52:44.590944,399f4c3d-b6c0-46bf-9f30-b1404ef14e18,review,record_survey
05a25657-ba8e-499c-a4f2-b2a745f0d6e0,61d45226-50e1-4674-8e0e-4cbdc12f879f,9,1,"{""EvaluationCriteria"":{},""Comment"":null}",2025-11-22 15:08:07.687453,0b8ca032-695b-487a-9cc3-dabe795c4621,review,record_survey
05a295f0-e382-4df3-a25d-6d6ec9ddbdd6,843871e6-6067-4a83-b242-9c47f2dfdf60,8.3,1,"{""EvaluationCriteria"":{},""Comment"":null}",2025-01-13 17:07:54.968552,fadb401b-13c4-46da-bf8a-d75d0940b163,review,record_survey
05a606cd-c15e-488c-8402-2770b65f9e22,767992f5-d8e2-4101-ab70-a59c88eb1d6d,7.5,3,"{""EvaluationCriteria"":{},""Comment"":""Vẫn còn tạp âm ,các chỗ cũ liệt kê chỉ cho giảm âm đi chứ chưa loại bỏ hẳn""}",2024-12-31 17:04:56.685534,ad339bd2-55fe-4ada-9efd-220ed15873bf,review,record_survey
05a89f1c-e3b3-4e8a-abdc-757d1906a839,13c172f2-f476-414f-afcd-2f6635ed4ace,8,3,"{""EvaluationCriteria"":{},""Comment"":""- arrange bài khá xmas ùi nè, nhưng a vẫn thấy beat nó hơi rời rạc xíu, maybe a vẫn ko relate được vs cái synth này :3 thay bằng trumpet thì sẽ hợp lí, rõ nét xmas hơn nữa á \r\n- đoạn 2:17 - 2:35 đang hơi trống - có thể để 1 instru solo maybe\r\n- khi thu vocal chắc sẽ cần hát bớt swag lại, pop hơn - kiểu shawn mendes maybe, và đầy đủ bè bủng, adlibs đoạn cuối cho nó overwhelm hơn xíu nà ok""}",2025-08-20 14:29:14.07397,8cfcdcd0-4491-4697-9000-d85b4dcecbf2,review,record_survey
05a8e21e-a0f5-41ad-8c58-7ee53526eed6,ba9a47de-eaf5-400d-b948-2233829b67e3,8.8,1,"{""EvaluationCriteria"":{},""Comment"":""Hay và khá lạ ""}",2025-02-04 10:43:12.772168,d62c1fc1-93b2-4602-8934-fdb51473b278,review,record_survey
05a9966f-8a3d-4bc5-b436-df3ec3ed72ce,843871e6-6067-4a83-b242-9c47f2dfdf60,8.1,3,"{""EvaluationCriteria"":{},""Comment"":""- Đàn tối hơn so với Brief\r\n- Cân nhắc cho tiếng pad nền rõ hơn, sát Brief hơn ""}",2025-02-20 17:09:14.340382,b6992bb4-8608-4065-818b-8ddff550f022,review,record_survey
05a9e925-256f-4c34-94bb-b8a1cde18ee5,98b95f68-40ac-4feb-a01a-da3a39f0c7ce,8.5,1,"{""EvaluationCriteria"":{},""Comment"":""Âm thanh 20 %\nGiai điệu 65%\nTổng thể bài oke ạ, thiếu độ vang của âm xíu thì bài được 9 điểm.""}",2023-02-24 17:27:50.56099,57bc2307-8a32-47d2-8059-3278fc691cc1,review,record_survey
05aab96c-0936-447c-8cfe-1fa75e96902e,69f07558-6e6d-414c-b55b-9c991c08ac36,8.5,1,"{""EvaluationCriteria"":{},""Comment"":null}",2023-03-21 09:50:37.219334,6b2674a1-2157-40c7-a84d-dd3131230c89,review,record_survey
05b25a97-5db5-4b42-8a00-3a15d49cbd0f,935bb488-b5a9-4b56-824c-14e9c31963e6,6,2,"{""EvaluationCriteria"":{},""Comment"":""Giai điệu rời rạc, chưa bắt tai. Sound piano bị ồn và hơi rè. ""}",2025-05-14 14:40:47.655824,181ec9d5-1f73-458f-9889-5c8b9f00d427,review,record_survey
05b2d52b-bbe1-4d7b-8d89-7f7522494a56,31125a01-8c64-45f3-92e5-70c889f66b90,9,1,"{""EvaluationCriteria"":{},""Comment"":null}",2024-04-26 11:31:12.885717,1ce4ea2c-e62a-4abf-9770-9f15310d14a5,review,record_survey
05b4d1a4-c2dc-42cd-bebb-8f5b166225b5,98b95f68-40ac-4feb-a01a-da3a39f0c7ce,9,1,"{""EvaluationCriteria"":{},""Comment"":null}",2023-08-30 15:56:20.822241,28efc7ce-0147-4ed7-a60a-c4eeb9b4b663,review,record_survey
05b6763f-15dd-4c73-bb50-e0b61e02d138,abd29a5b-e6ae-431b-a9f2-d5c45f51d2b1,8.5,1,"{""EvaluationCriteria"":{},""Comment"":null}",2024-08-19 14:30:10.797516,1332bb7d-1663-46f2-ab33-f7c6c6036a3d,review,record_survey
05b6bc60-594d-4229-9198-828574022f2c,767992f5-d8e2-4101-ab70-a59c88eb1d6d,7,3,"{""EvaluationCriteria"":{},""Comment"":""Các nốt nghe hơi vang và chói tai,tiếng guitar mix nghe chưa được hợp,đánh giai điệu hơi nhanh,không gian cần rộng thêm""}",2025-03-10 14:30:05.867747,a8a45a80-2877-4891-9423-6ec31ffd5511,review,record_survey
05bc8397-5dc8-45aa-84b1-bcce41999f6d,0a948fad-a289-462e-b91c-967b622752ce,7.75,3,"{""EvaluationCriteria"":{""4aeb578f-5a33-4b5b-ad10-43501589a638"":{""Comment"":""Thử tham khảo cách họ triển khai bài này sang dạng relax nha\nhttps://open.spotify.com/track/7n6dYPrC2z9PUoiN8hL4Cm?si=dc02e5e357104fb8"",""Rating"":7.5},""9959e139-100b-4508-8745-bd893ab9a7cb"":{""Comment"":""không nhận xét"",""Rating"":8.0}},""Comment"":""như trên""}",2023-11-09 09:26:37.074018,61e74a13-8e73-4d1b-a9dd-1a1b8d9436ca,review,record_survey
05bdd35e-451b-474b-b041-444c285d310d,4e3eac7c-e6d8-4e10-b8b5-b66bcc744495,9.5,1,"{""EvaluationCriteria"":{},""Comment"":""- Giai điệu cuốn hút, nhịp điệu nhẹ nhàng sâu lắng \n- Âm ghi-ta trong trẻo, hòa âm chính phụ ăn khớp.""}",2024-05-09 08:48:43.281569,2d406925-3a35-4853-9b73-af5f6479b744,review,record_survey
05be00ec-6e84-4cc7-bfff-40ec8b37f803,39afcfe8-78b7-4ee5-b854-f2d8a124789a,8.6,1,"{""EvaluationCriteria"":{""24f872cc-80b4-4337-acc9-8f6939d599ea"":{""Comment"":""vui tươi"",""Rating"":0.0},""742a099d-ee66-45f1-8c3a-6b552dfa6f82"":{""Comment"":""giai điệu khá nhanh có tính ngẫu hứng trong bài hát "",""Rating"":0.0},""aad282f6-a037-4a4e-8bbe-c92ca7b78773"":{""Comment"":""tươi sáng"",""Rating"":0.0},""e6b420d3-a36c-41a8-b4a6-12f225978fc2"":{""Comment"":""các trong bài có độ nét và độ vang ổn định"",""Rating"":0.0}},""Comment"":""""}",2023-09-27 09:45:33.67496,54cb7cd4-3468-403f-a436-cd67801f716a,review,record_survey
05bfcd2f-6e68-4e42-bce6-f28d3ebe659b,61d45226-50e1-4674-8e0e-4cbdc12f879f,8.7,1,"{""EvaluationCriteria"":{},""Comment"":""Giống bài Jazz5 của TT, Ride và Open hat nhiều quá, nhưng vẫn hay.""}",2024-08-22 00:38:20.387691,f09835c2-ac3f-4f4a-b662-69f1053f7f67,review,record_survey
05c0e6e4-f88c-4541-88a4-5ef0d4593e96,655c6c00-735a-41c4-8f41-2f172c4f19bc,8.5,1,"{""EvaluationCriteria"":{""24f872cc-80b4-4337-acc9-8f6939d599ea"":{""Comment"":""Tinh tế"",""Rating"":0.0},""742a099d-ee66-45f1-8c3a-6b552dfa6f82"":{""Comment"":""Hay, tích cực"",""Rating"":0.0},""aad282f6-a037-4a4e-8bbe-c92ca7b78773"":{""Comment"":""Thư giãn"",""Rating"":0.0},""e6b420d3-a36c-41a8-b4a6-12f225978fc2"":{""Comment"":""Âm thanh OK"",""Rating"":0.0}},""Comment"":null}",2023-03-16 09:56:24.001341,4e48f2f2-7449-4590-b90e-3a19f1f2f517,review,record_survey
05c11f76-777b-4b13-a0eb-d1d591440055,9afcf13a-78f4-4174-9a4b-e7880d06392c,8.5,1,"{""EvaluationCriteria"":{},""Comment"":""- Good.""}",2025-07-26 19:00:48.133656,2a1bd4a3-b342-4bb9-b44a-bdc102687c40,review,record_survey
05c44c36-e7e5-4f9a-b3f3-3ed2786716dd,843871e6-6067-4a83-b242-9c47f2dfdf60,8.3,1,"{""EvaluationCriteria"":{},""Comment"":null}",2025-04-17 17:38:55.950848,00a48008-bcd4-49ab-a29e-ed08523103be,review,record_survey
05c4a5c4-abb7-42e2-bd49-57b9c23c73c6,13c172f2-f476-414f-afcd-2f6635ed4ace,8.1,3,"{""EvaluationCriteria"":{},""Comment"":""intro hơi cụt\r\nnửa đầu a nghĩ nên chill hơn, bring it down thui, sang ver 2 bắt đầu ms cho trống dồn các kiểu vô thì sẽ hay hơn""}",2024-11-12 11:02:50.314618,441f08a3-b76a-4eac-adae-7dbd5136a843,review,record_survey
05c5c3bb-6a67-425b-a348-fb1a307ddc25,b16c888a-681c-4f7b-adf5-344a2075d77e,8.6,1,"{""EvaluationCriteria"":{},""Comment"":null}",2024-05-16 11:18:38.461458,14181fbf-b914-4f94-81cf-76703265122c,review,record_survey
05cbae90-2ce9-4227-bc40-2a228067b186,13c172f2-f476-414f-afcd-2f6635ed4ace,8.1,3,"{""EvaluationCriteria"":{},""Comment"":""verse 1 vocal thiếu độ chắc chắn, hơi rụt rè, về sau thì ổn""}",2023-11-22 14:18:03.848168,7f0c4234-b09d-4152-9095-c1cf5d76e828,review,record_survey
05cd1b67-927f-4f61-bb98-4a33adaf1cdb,3a9ae4fb-3826-45b9-bf5e-3f8f36656d8e,7,3,"{""EvaluationCriteria"":{},""Comment"":""giai điệu cần chậm hơn nữa ""}",2024-06-11 17:32:26.073782,e24b449f-2f21-481a-87d7-f3ea7285daca,review,record_survey
05cd2719-e894-4f9e-b0fb-9394b35d6f1f,13c172f2-f476-414f-afcd-2f6635ed4ace,8.6,1,"{""EvaluationCriteria"":{},""Comment"":""hay nè humming nữa chơ <3""}",2024-01-19 11:06:50.173804,92dcdfb2-8955-413d-a7d2-774c0b9d725c,review,record_survey
05ced40e-d5a1-4074-9aa9-865883ddf8d3,8a0ee7e0-1ec4-440b-8f0a-4950c2b3caec,8.3,1,"{""EvaluationCriteria"":{},""Comment"":""Giai điệu hay, nhẹ nhàng""}",2023-08-21 14:21:52.812239,a34f75a2-9c79-41ef-9113-b6e7bae228e6,review,record_survey
05cf2302-9d5b-4b81-aabf-648820c067af,13c172f2-f476-414f-afcd-2f6635ed4ace,8.4,1,"{""EvaluationCriteria"":{},""Comment"":null}",2025-03-20 11:03:00.437874,4df94225-8b0f-41f7-8268-27c0144a2f71,review,record_survey
05cf3bba-3411-4545-aae9-f97a39161833,abd29a5b-e6ae-431b-a9f2-d5c45f51d2b1,8.5,1,"{""EvaluationCriteria"":{},""Comment"":null}",2024-08-13 09:56:24.250384,a247d826-5c70-4a5a-88ac-b59c61bfc12c,review,record_survey
05d0cca1-690f-4b68-93d3-930a3e512252,6a60fcc1-ce96-4398-a432-d397b95d22b6,9.5,1,"{""EvaluationCriteria"":{""4aeb578f-5a33-4b5b-ad10-43501589a638"":{""Comment"":""Giai điệu hay và relaxing khi nghe khá nhiều cảm xúc "",""Rating"":10.0},""9959e139-100b-4508-8745-bd893ab9a7cb"":{""Comment"":""Chất lượng âm thanh tốt"",""Rating"":9.0}},""Comment"":null}",2023-12-28 17:17:10.11502,efbfd3bf-6597-4cbe-8adb-fed840ee2b00,review,record_survey
05d3ab81-2b7f-426d-921b-1eed16d07298,61d45226-50e1-4674-8e0e-4cbdc12f879f,9,1,"{""EvaluationCriteria"":{},""Comment"":null}",2025-10-31 17:37:17.577414,e18f4de9-df56-4b29-929b-4a8e67f363dc,review,record_survey
05d6281b-c2ee-4337-a6f0-4e671fcf5641,d79e0730-01f6-4614-8fb2-f5b5ae789831,8.2,1,"{""EvaluationCriteria"":{},""Comment"":null}",2025-05-20 17:51:14.49633,84a3fff0-405f-4cbd-a8df-36c9e02152cc,review,record_survey
05d6e4f6-ee18-453f-b478-e0923ffec522,13c172f2-f476-414f-afcd-2f6635ed4ace,8.3,1,"{""EvaluationCriteria"":{},""Comment"":""ko bị tanh tách nè""}",2024-11-19 15:34:41.046409,f33306f6-d792-4755-a0ed-39e15c6e4dd0,review,record_survey
05d72214-89b1-4d94-b7ca-29ba4cd0c8b9,c52ec04c-4bb6-44f4-b553-14f7f61fd559,9.2,1,"{""EvaluationCriteria"":{},""Comment"":null}",2026-06-10 16:33:39.710563,87ed742e-87b5-4941-ae2e-2433f5a716cb,review,record_survey
05d75527-48a5-4cdc-9aee-a791ba6cd830,13c172f2-f476-414f-afcd-2f6635ed4ace,8.3,3,"{""EvaluationCriteria"":{},""Comment"":""tương tự""}",2024-10-07 17:58:43.477273,503c855e-1a4f-42f5-bccc-418b68de5eb2,review,record_survey
05da2792-e1a3-4f05-bdd0-952583d0779f,767992f5-d8e2-4101-ab70-a59c88eb1d6d,6,2,"{""EvaluationCriteria"":{},""Comment"":""Giai điệu chưa hay lắm, nhịp độ hơi nhanh, các nốt cao chưa được trong và vang,âm thanh nền ít khiến bài đơn điệu""}",2025-03-17 13:57:51.824119,dfeb42eb-a71e-4512-b226-0a44c8f31d80,review,record_survey
05dec54d-d1bd-49fb-9c42-3438c2ff766f,e4a85e6f-543a-427e-b4a8-58c0e28ac458,8.5,1,"{""EvaluationCriteria"":{},""Comment"":null}",2024-08-26 14:51:06.566881,7f381856-1f9c-4c92-a47e-f477e356fa80,review,record_survey
05dee883-3fac-47bd-bb26-c849bafa54f0,4940ad05-1d14-4455-b96c-9fe26b0750ae,8.5,3,"{""EvaluationCriteria"":{},""Comment"":""Tổng thể ok, 2:16-2:24 nghe có tiếng bụp như tiếng mic bị va vào khi thu ạ""}",2024-05-28 11:04:00.853218,fed4d422-7643-46ab-b80e-ecae9423356f,review,record_survey
05deeb1b-21cf-4d81-8628-0f1fee4584be,c52ec04c-4bb6-44f4-b553-14f7f61fd559,8,3,"{""EvaluationCriteria"":{},""Comment"":""- Tiếng mưa tạo cảm giác hơi dày và hơi ồn. Anh đổi giúp em tiếng mưa khác mỏng hơn và nghe nhẹ hơn một tí ạ.""}",2026-02-28 09:48:26.703515,467917f3-fc26-4aa7-9b4e-b11cac58b432,review,record_survey
05dfe408-b178-45c5-868b-cef5bfd5fd70,3464c058-e99a-47f4-b0f7-99f85817eb3c,8.5,1,"{""EvaluationCriteria"":{},""Comment"":""- Giai điệu hay\n- Chất lượng âm thanh tốt\n- Bố cục tốt""}",2024-09-11 14:14:25.821233,9692bff7-c54b-45aa-823e-180d0cc107c6,review,record_survey
05e086b6-f124-4b38-88a0-d4669775fb7c,a4199910-d04f-492e-aec7-5bdec45bafaf,8,1,"{""EvaluationCriteria"":{},""Comment"":""Âm piano của bài này nghe cảm xúc hơn""}",2024-05-04 17:02:07.698736,ff4e5c1d-5561-4357-8a9d-de231b51c5fd,review,record_survey
05e100f4-eb32-4bc4-9d05-501560800ced,abd29a5b-e6ae-431b-a9f2-d5c45f51d2b1,8.3,1,"{""EvaluationCriteria"":{},""Comment"":null}",2025-01-09 16:46:34.093241,60e5d67d-900d-485a-bf3f-d94c94026ad3,review,record_survey
05e4c83c-6536-4e0f-805b-5535f1f51cec,352de1bd-e09d-4697-84bb-f3bcc4085530,8.1,1,"{""EvaluationCriteria"":{},""Comment"":null}",2025-01-07 21:20:30.209922,7f3bae8d-6e51-4f78-8d61-20e39bf1c167,review,record_survey
05e936fe-a6f6-4f84-9cf3-455be2c77daf,3464c058-e99a-47f4-b0f7-99f85817eb3c,7,3,"{""EvaluationCriteria"":{},""Comment"":""- Giai điệu khá hay\r\n- Các nốt piano đang khá cứng và dày (VD: 0:35-0:36) cần nhẹ nhàng hơn""}",2024-11-08 17:13:29.038735,17cf20bf-adaf-4f15-a880-0c92bcc3b6df,review,record_survey
05e9b3e2-02aa-4029-8edb-76e68f0ed86c,abd29a5b-e6ae-431b-a9f2-d5c45f51d2b1,8.1,1,"{""EvaluationCriteria"":{},""Comment"":null}",2024-08-26 11:13:26.108549,a901c336-5ca0-4dc3-af18-7eb46afea006,review,record_survey
05e9e716-9326-43d1-b496-84faba0325c4,13c172f2-f476-414f-afcd-2f6635ed4ace,8,3,"{""EvaluationCriteria"":{},""Comment"":""tempo bị chậm r e ạ, nhạc cụ vẫn chưa sát mẫu lắm, nhạc cụ dân tộc đi quá nhanh và nhiều ko như mẫu - có thể thử gửi lên""}",2026-03-12 14:06:04.138055,d5663a09-8474-40de-a4ed-14c623832d3c,review,record_survey
05ea3b29-c630-4dc3-bbda-b52f4b5cd36d,04b57d23-8e2f-484b-8364-85087dc39c7d,7.5,1,ok,2022-09-19 17:57:39.331778,319704e9-d59a-4a90-aa3b-f075f6a5df93,review,record_survey
05eb008f-b0c4-4180-94e1-761d1c0d555b,8eefc4bf-3fda-4bc0-9a87-367394527a6a,8.5,3,"{""EvaluationCriteria"":{},""Comment"":""Tiếng sáo đầu tốt hơn nhiều, độ rung của bát hát cũng ổn, có thêm tiếng ò ò nữa sẽ nghiệm thu hay \n""}",2024-08-14 09:32:07.858366,a2c39f92-e320-47bd-a529-175d9fdc5b33,review,record_survey
05ec59d0-d1fe-4cb9-879c-d4058eac559d,767992f5-d8e2-4101-ab70-a59c88eb1d6d,8,3,"{""EvaluationCriteria"":{},""Comment"":""Tiếng ghitar mấy giây đầu đầu chưa được hợp lý,kết hợp chưa được hay ,và cũng chèn hơi dày tiếng ghitar,có thể cho ít lại giúp mình nhé,giai điệu ổn ""}",2025-03-02 22:34:42.014682,dcfd8f75-1e7d-4bdd-aa8d-d9412319cc9a,review,record_survey
05ed33d4-a3c8-433a-b719-2729fb349f5f,6e306f5a-07bc-467e-bf31-ccaf31841e4e,4,3,"{""EvaluationCriteria"":{},""Comment"":""- Tiếng guitar vài đoạn vẫn còn bị mỏng, chưa ấm , cách luyến lấy đang bị gắt, chưa tình cảm, nhẹ nhàng\n- Vẫn còn noise do lướt ô đàn\n- Tiếng nền còn hơi nhỏ, cần tăng ít nhất 1.5 db nữa ""}",2024-06-20 15:04:10.188209,aa5ce278-c5ac-4915-adbb-febf600e73c4,review,record_survey
05ee38ba-bd5c-4b10-94e0-3879298ffc03,55c87d69-a6d8-4ea0-8f6a-9e203143d451,8,1,,2022-10-24 18:06:37.45123,f31614bc-06a1-460f-b2dd-7b45b2dd7326,review,record_survey
05ef19aa-283a-4d5c-bbcd-a26bee1aee7c,13c172f2-f476-414f-afcd-2f6635ed4ace,8.5,3,"{""EvaluationCriteria"":{},""Comment"":""mel kèn đoạn drop chỉnh bé đi 1 tẹo là ukie""}",2025-01-10 10:41:11.470606,c73a1e93-cf70-424c-a932-f83964c45937,review,record_survey
05f096b4-db7b-40f1-a3c4-b9e547108233,e62773ca-d8ed-4b53-9712-2616b1f58eff,8,1,"{""EvaluationCriteria"":{""24f872cc-80b4-4337-acc9-8f6939d599ea"":{""Comment"":""êm ả"",""Rating"":0.0},""742a099d-ee66-45f1-8c3a-6b552dfa6f82"":{""Comment"":""nhẹ nhàng"",""Rating"":0.0},""aad282f6-a037-4a4e-8bbe-c92ca7b78773"":{""Comment"":""thư giãn"",""Rating"":0.0},""e6b420d3-a36c-41a8-b4a6-12f225978fc2"":{""Comment"":""chất lượng âm thanh tốt, các sound hòa quyện với nhau, giai điệu piano chưa được hay lắm, độ nét độ vang vừa đủ"",""Rating"":0.0}},""Comment"":null}",2023-02-27 10:57:57.120969,4d4255fc-c768-473f-8557-aa1c3fd05e79,review,record_survey
05f115bd-7ffa-4ef9-8164-ac66615b704c,13c172f2-f476-414f-afcd-2f6635ed4ace,8.7,3,"{""EvaluationCriteria"":{},""Comment"":""ukie r đó, đoạn đoạn hơ hớ lúc bring it down middle west cơ à b thích, nhưng kén ng nghe nên bài sau k nàm z lữa nha :* \r\nnhớ thu vocal cho nó ma mị bay bổng effect như AI nhưng phải có lực xíu nữa là hay""}",2025-03-24 14:55:06.739937,405ad111-8bac-4864-ba0c-092e0d6870b5,review,record_survey
05f13f45-aab9-409b-b68d-2ad13f7ee611,5e345e0b-a27c-4392-9cc2-3020088f5292,8.5,1,"{""EvaluationCriteria"":{},""Comment"":null}",2025-11-13 09:40:04.592875,f2208018-cabc-4c49-8d9d-53c84c1d1e41,review,record_survey
05f31acd-2c69-47ab-800f-57ce540ac959,13c172f2-f476-414f-afcd-2f6635ed4ace,8,2,"{""EvaluationCriteria"":{},""Comment"":""chorus drop lại ồn quá r e""}",2026-03-13 08:55:02.251315,fd1bb7c1-1fd7-4a7f-9781-88a42bb6a9c7,review,record_survey
05f81d4c-e6a4-4d89-9e5f-ccd82ee76b11,b16c888a-681c-4f7b-adf5-344a2075d77e,8.3,1,"{""EvaluationCriteria"":{},""Comment"":null}",2025-05-22 10:33:27.919415,fa872c0a-ecb6-4cfa-9a89-efda3e5ae59a,review,record_survey
05fc324f-7602-4163-b8ea-e816adfd6062,5e345e0b-a27c-4392-9cc2-3020088f5292,9,1,"{""EvaluationCriteria"":{},""Comment"":""nice""}",2024-04-15 17:27:37.113356,b58a4933-d97e-4249-8830-b098e64b0d10,review,record_survey
06030083-5838-4ff9-adba-7de927bdeb3e,69f07558-6e6d-414c-b55b-9c991c08ac36,8,1,,2022-08-18 15:41:05.66224,81aa1d30-ff24-4a34-b59e-d2d262a4e0bf,review,record_survey
06077198-e840-4f71-b2ec-08276fba4da5,6a60fcc1-ce96-4398-a432-d397b95d22b6,9,1,"{""EvaluationCriteria"":{""4aeb578f-5a33-4b5b-ad10-43501589a638"":{""Comment"":""Giai điệu hay"",""Rating"":9.0},""9959e139-100b-4508-8745-bd893ab9a7cb"":{""Comment"":""chất lượng âm thanh tốt"",""Rating"":9.0}},""Comment"":null}",2026-06-23 15:59:49.171601,d0684a19-552b-4ba4-9fb6-b81738af8114,review,record_survey
0607f696-2152-432e-8ee5-7d07974ea69e,4aa4f44c-94aa-4cb5-9ab7-cf2de167b01c,8.3,1,"{""EvaluationCriteria"":{},""Comment"":null}",2024-12-26 20:55:19.782245,bc9968ab-82a9-4771-a295-2ebec4a27a26,review,record_survey
060b3405-18bc-48a2-a047-6b4f65dc3ff9,5e345e0b-a27c-4392-9cc2-3020088f5292,8.7,1,"{""EvaluationCriteria"":{},""Comment"":""hay""}",2024-08-15 09:54:54.886111,ecddad80-c2f2-41ce-9978-7cc84cedc9f2,review,record_survey
060cefab-36aa-4c52-964b-34266e05e0c1,655c6c00-735a-41c4-8f41-2f172c4f19bc,8,1,,2022-11-26 16:39:34.298345,b655fd4f-3d7a-45e6-ba11-a0b57e09d26c,review,record_survey
060cf495-df3b-4ccd-af75-e89b14d1a73b,abd29a5b-e6ae-431b-a9f2-d5c45f51d2b1,8.6,1,"{""EvaluationCriteria"":{},""Comment"":null}",2024-06-27 10:53:31.500887,ec7edf34-cf69-4bab-9ca0-dfcee56b856f,review,record_survey
060d1b8b-e254-49ad-ad84-9fe18699b803,13c172f2-f476-414f-afcd-2f6635ed4ace,8.5,1,"{""EvaluationCriteria"":{},""Comment"":""Chăc là cho lại intro vô đi e ạ; cơ mà bỏ 3s trống đầu đi nhá; lẫn cả tạp âm ở cái bản fix trc đoá""}",2024-10-20 12:07:08.199856,6fc07664-e460-4b2e-9479-8e489c2d4fe0,review,record_survey
065ffc6c-f574-41f5-89b5-d0e4af465780,abd29a5b-e6ae-431b-a9f2-d5c45f51d2b1,8.3,1,"{""EvaluationCriteria"":{},""Comment"":null}",2024-10-14 11:19:02.330361,ef4f3768-e81a-43f9-bb04-b8e4cce3bbdd,review,record_survey
060f22f7-6817-426d-8719-cbf3e478635c,92f38085-28a3-43aa-8bde-1b4b9ecfdfd6,8.5,1,"{""EvaluationCriteria"":{},""Comment"":""pad cũng chưa đc cải thiện nhiều nhưng có thể khai thác được ạ""}",2025-02-28 15:20:35.616896,a9479a49-8c61-42f6-9645-334886dc5fd0,review,record_survey
0611f5bd-6ae2-4e7a-96d9-9dc87e0a990d,abd29a5b-e6ae-431b-a9f2-d5c45f51d2b1,7.5,1,cũng đc,2022-10-25 14:59:17.79417,3370fc08-6529-45e6-b6e3-ab13b3f92b49,review,record_survey
0612e9ab-6423-4929-9bae-26e194f7ce6c,0a948fad-a289-462e-b91c-967b622752ce,8,1,"{""EvaluationCriteria"":{},""Comment"":""Xét trên phương diện nghe như nhạc nền, thì ổn""}",2023-12-05 11:59:49.486754,3cf5909a-f218-4f37-8a45-ab202b99446c,review,record_survey
06132f1d-8c39-45ce-a50b-9ada3941127d,b17c51bf-a8a0-4a9c-8c1d-58bc569b7d8a,8,1,"{""EvaluationCriteria"":{},""Comment"":""tạm ổn, tuy nhiên chất lượng vẫn chưa thực sự tốt. ""}",2024-01-12 11:14:59.962421,ce34e3a7-995a-430f-8c5b-6a5e4dff27d9,review,record_survey
0613d596-8cdc-4116-a811-d6fd63813bc2,16eb25d9-8429-4313-a5f5-3ff07b1c27f6,9.1,1,"{""EvaluationCriteria"":{},""Comment"":""Okay done""}",2026-03-13 14:53:12.253468,a58c4a92-9573-4e73-8bef-946d03cdab9a,review,record_survey
0615f3a1-6411-4f19-902e-d980af6726a6,13c172f2-f476-414f-afcd-2f6635ed4ace,8.5,1,"{""EvaluationCriteria"":{},""Comment"":null}",2025-01-08 14:32:02.115998,4e8967bc-f19b-4036-ae9b-e1000e075ff9,review,record_survey
06168851-34aa-4d74-814c-3c8042af8d94,8eefc4bf-3fda-4bc0-9a87-367394527a6a,8.5,1,"{""EvaluationCriteria"":{},""Comment"":null}",2024-07-31 15:17:33.53701,4818bda2-d4ac-4ced-a28e-515ab0e8238c,review,record_survey
0618d4f6-7f0a-4781-96a6-64c21336f3d7,cb3f6449-f7e3-4484-bdf8-0e967d001aaf,7,3,"{""EvaluationCriteria"":{},""Comment"":""Sound như 1 bản loop chưa có điểm nhấn""}",2025-08-29 16:59:59.7061,4e7b66c4-a84d-4035-95a6-a4c1ed22d682,review,record_survey
061a59c7-fc08-4369-b368-a7347f7b53e6,92f38085-28a3-43aa-8bde-1b4b9ecfdfd6,8.5,1,"{""EvaluationCriteria"":{},""Comment"":""Hay""}",2025-03-24 09:40:43.182833,6dd1958c-4763-4d19-9b55-528cc78a8da6,review,record_survey
061a7ab4-4fc6-489a-8037-40bbbe2da966,6225eaf1-0c57-410a-a09d-a0055f7e073a,7,2,"{""EvaluationCriteria"":{},""Comment"":""Giai điệu không phù hợp thị trường""}",2023-02-23 14:43:09.929875,7113b091-fa9f-4a7b-aac4-40207261559a,review,record_survey
061af513-0347-42dd-a446-612b0c9f1c39,13c172f2-f476-414f-afcd-2f6635ed4ace,8.5,1,"{""EvaluationCriteria"":{},""Comment"":null}",2026-07-17 15:11:30.577237,dc434db1-ab4d-477a-ad05-8596c758a21a,review,record_survey
061b77bd-4424-4c78-8ffe-ffb7c7e26efb,843871e6-6067-4a83-b242-9c47f2dfdf60,8.4,1,"{""EvaluationCriteria"":{},""Comment"":null}",2025-01-13 16:59:02.649297,19310f5c-c0b8-497c-8285-61d1472522a0,review,record_survey
061c817d-b611-4561-bcde-761b7b12cfc7,4e3eac7c-e6d8-4e10-b8b5-b66bcc744495,9.5,1,"{""EvaluationCriteria"":{},""Comment"":""okei nhé""}",2026-01-21 10:06:28.846451,a42022f4-628e-447c-bdbd-6805ac67a78f,review,record_survey
061cb3b6-99df-4e8f-9d48-34512d6a9c80,13c172f2-f476-414f-afcd-2f6635ed4ace,7,2,"{""EvaluationCriteria"":{},""Comment"":""đơn điệu quá, trống trải ý""}",2023-10-27 09:02:23.510482,f8d398a7-70ae-40d2-80bc-965d9c75652c,review,record_survey
061ce785-0bb1-4b92-9b2a-08bc9224c0ee,d06d1883-b845-4c00-8e5f-1d0d91b6be22,7,3,"{""EvaluationCriteria"":{},""Comment"":""nhịp độ vẫn nhanh và nhiều note, đoạn giữa nghe buồn buồn như có melody""}",2025-07-15 16:50:55.69056,bf16825b-4310-4f01-8af5-3becf1f2950d,review,record_survey
061ea43a-c195-40c7-af85-d81eb8bdae04,8eefc4bf-3fda-4bc0-9a87-367394527a6a,7,3,"{""EvaluationCriteria"":{},""Comment"":""53S đầu Ông này mở bài tệ quá, bớt bớt đi phần mở bài vào đề luôn thì lại perfect ""}",2023-04-04 14:05:47.754208,684de56d-c511-43e0-92fe-9d1a024c0305,review,record_survey
06235c0d-de60-4487-a7fa-9d1756519c81,abd29a5b-e6ae-431b-a9f2-d5c45f51d2b1,8,3,"{""EvaluationCriteria"":{},""Comment"":""beat oke, nên thêm vocal hoặc đánh midi melody để dễ hình dung tuyến bài hơn""}",2023-10-09 09:40:37.049326,b6cfac82-c148-417f-b3b2-d9e42105c174,review,record_survey
0623fc1c-3409-48e2-9a8f-fb5d20fe971c,13c172f2-f476-414f-afcd-2f6635ed4ace,8.2,3,"{""EvaluationCriteria"":{},""Comment"":""beat khá ổn""}",2024-06-17 16:05:09.513026,6bc7ba46-2d10-4d90-8415-31aae87ef19c,review,record_survey
0624a6fd-cd38-4b28-8483-f8ec43c89b6d,aeed5635-c7e2-44b7-a4f6-596166e94410,7,3,"{""EvaluationCriteria"":{},""Comment"":""giai điệu bài ổn, nhịp bài okiee, tuy nhiên bài hơi đơn điệu, nên phát triển thêm giai điệu khác cho ver 2, tạo thêm không gian cho bài như mix thêm âm thanh ngoại cảnh, bài hơi ngắn, nên phát triển thêm""}",2023-10-25 17:25:11.890278,fa263b81-8157-41fa-b774-e8f5589545ab,review,record_survey
0624ba57-1428-40a1-afb8-2d5c573cfa89,767992f5-d8e2-4101-ab70-a59c88eb1d6d,6.5,3,"{""EvaluationCriteria"":{},""Comment"":""Giai điệu chưa được hay,nốt cao vẫn chói tai và âm không đồng đều khiến cảm giác nghe chưa được tốt""}",2025-02-28 10:06:01.374694,bc7b84d6-5ffc-40d6-91bc-e31307fa8cd1,review,record_survey
06269ed1-6e82-47a6-b0cf-890eea3add7b,6a60fcc1-ce96-4398-a432-d397b95d22b6,8.5,3,"{""EvaluationCriteria"":{""4aeb578f-5a33-4b5b-ad10-43501589a638"":{""Comment"":""có thểm giảm tốc độ đánh xuống khoảng 80% bài này thì nghe sẽ dễ chịu hơn"",""Rating"":8.0},""9959e139-100b-4508-8745-bd893ab9a7cb"":{""Comment"":""chất lượng âm thanh tốt"",""Rating"":9.0}},""Comment"":null}",2026-02-11 16:19:29.005712,3d5f081c-9e87-43e6-b7d2-90e0262f7fb0,review,record_survey
062759a6-9a3b-4a29-92a9-5d4469a2fafa,d06d1883-b845-4c00-8e5f-1d0d91b6be22,7.5,1,"{""EvaluationCriteria"":{},""Comment"":""chất liệu lạ nhưng chưa đủ hay""}",2023-02-20 09:48:59.839898,6c6cff2e-9d4c-4e06-96e8-d830524f76d6,review,record_survey
0628bd62-724a-44de-b517-42c59f59b8d8,444c1725-7c41-4f19-b2c3-9a10d1d5e3bc,7,3,"{""EvaluationCriteria"":{},""Comment"":""âm treble đang bị bé, cần to và vang hơnđể nổi bật hơn""}",2023-06-22 14:33:36.541009,f9a08a03-2990-41cc-b05b-7668aa73767a,review,record_survey
062ac15d-0e51-45a8-ad83-ca98d4386952,9d22edc0-7f6e-4b7a-8d9d-c62b49f8b6ba,0,3,"{""EvaluationCriteria"":{},""Comment"":""Beat ổn;\nVoacal nghe khá dày (hình như có mượn nhạc đẩy giọng). \nThu bằng DT nên hơi nhòe. cần bản thu chính mới nhận xét chính xác được.\nVề cơ bản cả beat và vocal đều tiềm năng khai thác đc.""}",2024-09-13 10:21:20.627325,abec61cd-6bc0-4615-88b9-1c1068667958,review,record_survey
062b4d4f-11a0-49b6-80c1-8c0a793a3257,3a9ae4fb-3826-45b9-bf5e-3f8f36656d8e,8,2,"{""EvaluationCriteria"":{},""Comment"":""giai điệu không hay, thiên hướng nhạc buồn Hàn hơn""}",2026-04-22 11:36:04.92186,ab580e8f-05c7-4a89-9046-94c02bdea99b,review,record_survey
062bf720-623a-43ba-a24e-b375beb36bf7,13c172f2-f476-414f-afcd-2f6635ed4ace,8.6,1,"{""EvaluationCriteria"":{},""Comment"":null}",2024-09-16 17:27:57.840581,c16b3a66-c055-4f22-bc33-089f819ca230,review,record_survey
062d7d78-c334-479b-902f-d4c7fd7c1800,4e3eac7c-e6d8-4e10-b8b5-b66bcc744495,8.5,3,"{""EvaluationCriteria"":{},""Comment"":""- Mở bài nên đầu tư hơn, bản nhạc hơi ngắn, âm phụ hơi to, tiếng guitar tương đối ổn tuy nhiên cần đầu tư hơn những đoạn điệp khúc để tạo điểm nhấn""}",2024-07-18 12:44:19.935547,42d9b7ea-425e-4691-af47-370498931b57,review,record_survey
06300fb8-4315-40d5-a4ef-57c941a64917,ba9a47de-eaf5-400d-b948-2233829b67e3,8.4,1,"{""EvaluationCriteria"":{},""Comment"":""Có thể nghiệm thu được rồi""}",2024-05-20 09:39:26.698262,eaae9fdf-c387-4035-bae7-8c882e690ff7,review,record_survey
063099a2-a135-4552-8148-02281e408ebc,0770172d-0325-43e7-bc65-6a4ab4d35c20,6,2,"{""EvaluationCriteria"":{},""Comment"":""Chất lượng âm thanh kém vang và tiếng piano bị chìm hẳn""}",2023-07-17 14:28:44.729964,a56bafdd-404b-4f6a-a235-958d46ba5f37,review,record_survey
06313383-01ae-4fc3-a5d1-b8cbd8fe9ea5,61d45226-50e1-4674-8e0e-4cbdc12f879f,9,1,"{""EvaluationCriteria"":{},""Comment"":""Intro không có hat, từ từ mới vào như vậy rất hay. Có thể lấy làm bài tham khảo cho những bản nhạc sau ạ <3""}",2024-09-10 15:53:20.242421,c2ebe2f1-541d-49f2-9867-f673d14c40f5,review,record_survey
063404c6-0596-470d-a60f-a66a48ced95f,16eb25d9-8429-4313-a5f5-3ff07b1c27f6,9.5,1,"{""EvaluationCriteria"":{},""Comment"":""okay nhé""}",2026-05-18 17:18:37.545971,5c86ff34-dc90-4bd8-9b39-e944849caefe,review,record_survey
06349714-5bf9-4a96-9ab4-5d11c165f4e2,e62773ca-d8ed-4b53-9712-2616b1f58eff,8.5,1,"{""EvaluationCriteria"":{""24f872cc-80b4-4337-acc9-8f6939d599ea"":{""Comment"":""tinh tế"",""Rating"":0.0},""742a099d-ee66-45f1-8c3a-6b552dfa6f82"":{""Comment"":""du dương"",""Rating"":0.0},""aad282f6-a037-4a4e-8bbe-c92ca7b78773"":{""Comment"":""thư giãn"",""Rating"":0.0},""e6b420d3-a36c-41a8-b4a6-12f225978fc2"":{""Comment"":""nhạc cụ có tính chân thực ,các sound dễ nghe, hòa quyện"",""Rating"":0.0}},""Comment"":null}",2023-04-08 14:08:33.606675,58454491-ec3f-455f-b726-2c3b5631de13,review,record_survey
06382bf2-1c6b-4873-9b77-19fae1cdf372,4e3eac7c-e6d8-4e10-b8b5-b66bcc744495,8.5,1,"{""EvaluationCriteria"":{},""Comment"":""ok""}",2025-08-26 10:40:20.718859,405dffef-c244-435f-9132-a2885a9a8dc1,review,record_survey
06395bda-5f4a-49fc-a6d9-3559867ed8b3,0a948fad-a289-462e-b91c-967b622752ce,7.8,3,"{""EvaluationCriteria"":{},""Comment"":""intro đẹp, nghe mơ màng, ấm áp. chờ bản full xem sao. nếu âm thanh hay sẽ đc điểm tốt hơn""}",2023-10-03 22:40:30.329421,a0752da9-1642-4594-8b24-521930730236,review,record_survey
063ce7f8-736b-4e6a-8700-132c2f4346d2,5504c544-9b1a-4792-8b6a-c43e043ac227,9,1,"{""EvaluationCriteria"":{""24f872cc-80b4-4337-acc9-8f6939d599ea"":{""Comment"":""tươi sáng"",""Rating"":0.0},""742a099d-ee66-45f1-8c3a-6b552dfa6f82"":{""Comment"":""Du dương , không quá nhanh, hơi hướng Bossa, hòa quyện êm ái với hòa thanh Jazz"",""Rating"":0.0},""aad282f6-a037-4a4e-8bbe-c92ca7b78773"":{""Comment"":""Bình yên"",""Rating"":0.0},""e6b420d3-a36c-41a8-b4a6-12f225978fc2"":{""Comment"":""Đảm bảo không gian âm nhạc thoáng đãng , âm thanh đầu ra không bị tù"",""Rating"":0.0}},""Comment"":""""}",2023-03-08 11:56:00.237112,f8a49fb7-871a-4656-b8e9-ec12023d33a7,review,record_survey
063d6a12-cbe8-4c32-820d-7c5bbb4e1a30,4940ad05-1d14-4455-b96c-9fe26b0750ae,8.6,1,"{""EvaluationCriteria"":{},""Comment"":null}",2024-07-30 16:24:30.547888,65801b09-6115-49d8-a022-23da669b40c9,review,record_survey
0642d7fd-88ea-402b-a92e-f1a6f9fdf54d,843871e6-6067-4a83-b242-9c47f2dfdf60,8.3,1,"{""EvaluationCriteria"":{},""Comment"":""Nhớ cut thời gian thừa ở cuối bài""}",2024-12-14 15:24:05.71289,11469179-f9bb-4c5c-8ff5-93a53f8be767,review,record_survey
064749cd-0f79-4b1a-a746-e671239acb4d,9494688a-304e-45e5-9ae8-956d810bce24,6,3,"{""EvaluationCriteria"":{},""Comment"":""Áp lực âm thanh quá lớn ảnh hưởng đến cảm giác của người nghe và khi nghe nội dung. ""}",2024-04-15 16:26:16.931222,90a1b4d1-1432-4697-8ad9-29413ef9178f,review,record_survey
0648394b-e957-4291-8ace-86cf8efd54c5,3a9ae4fb-3826-45b9-bf5e-3f8f36656d8e,9,1,"{""EvaluationCriteria"":{},""Comment"":null}",2026-04-22 11:35:42.87683,fe480c31-b424-4afb-8440-55a46c875dc5,review,record_survey
0651fea3-3ec2-4123-af2f-14901ec87abd,13c172f2-f476-414f-afcd-2f6635ed4ace,7.5,3,"{""EvaluationCriteria"":{},""Comment"":"" giai điệu đỡ linh tinh hơn nhưng vẫn nên có đoạn tối giản hẳn, rồi có đoạn mới phức tạp, còn âm thanh quá rè, tiếng noise bản trc bị ở mấy giây đầu thôi, còn bản fix này bị cả bài mà còn to hơn""}",2025-04-08 17:29:22.464853,53957922-c312-41e5-a105-d7a27a10a58b,review,record_survey
06523aff-4b7a-4458-a363-cf263ea6932d,abd29a5b-e6ae-431b-a9f2-d5c45f51d2b1,8,3,"{""EvaluationCriteria"":{},""Comment"":""chưa sát brief lắm, nên viết giai điệu xuôi hơn và tránh có những đoạn ngắt, dồn nhịp""}",2024-10-16 16:04:59.595851,d2a600cf-2189-4b31-94e7-9af7ff87e02b,review,record_survey
0652b2e2-be41-4b0c-94de-a6bd198c7dfb,16eb25d9-8429-4313-a5f5-3ff07b1c27f6,8.6,3,"{""EvaluationCriteria"":{},""Comment"":""vẫn là nhận xét về sfx ko dùng những tiếng xe chạy, tiếng xào xạc dễ gây noise nhé. Với là bản này khs hậu kì xong nghe bí và noise hơn cả bản gốc, nên xem lại nhé""}",2026-04-28 15:19:17.841046,f837ee5a-62df-4876-8142-05f88e1648f3,review,record_survey
0655b516-58ad-4bab-b696-67a021b5c6d6,8eefc4bf-3fda-4bc0-9a87-367394527a6a,9,1,"{""EvaluationCriteria"":{},""Comment"":null}",2023-09-25 10:19:49.921151,986eb2a8-1ddf-4360-b1da-e3457122bcf9,review,record_survey
06584839-95eb-451a-82c0-b6685beed2ba,7ac57b9f-9ab8-4196-8144-b16236ba5cd4,9,1,"{""EvaluationCriteria"":{""24f872cc-80b4-4337-acc9-8f6939d599ea"":{""Comment"":""thư giãn"",""Rating"":0.0},""742a099d-ee66-45f1-8c3a-6b552dfa6f82"":{""Comment"":""Hay"",""Rating"":0.0},""aad282f6-a037-4a4e-8bbe-c92ca7b78773"":{""Comment"":""nhẹ nhàng, êm dịu"",""Rating"":0.0},""e6b420d3-a36c-41a8-b4a6-12f225978fc2"":{""Comment"":""Tốt"",""Rating"":0.0}},""Comment"":""""}",2024-03-27 15:09:20.586604,8cf8b1b1-e70e-40dd-8d43-46cc4b400216,review,record_survey
0658d554-74b5-4a95-be87-82e64400975a,b16c888a-681c-4f7b-adf5-344a2075d77e,8.5,1,"{""EvaluationCriteria"":{},""Comment"":null}",2025-06-24 16:28:05.631633,842fe2ba-7484-474e-bedb-310406242082,review,record_survey
065a22a2-62c7-41b7-b24e-01634bbb79d1,2aa5ffe3-d877-4e70-a65f-153fe9e7f4ef,9,1,"{""EvaluationCriteria"":{},""Comment"":null}",2025-04-15 16:53:47.404173,f17db519-32ac-4b4f-ae0b-945e1381f1f4,review,record_survey
065be0a6-a1bd-4acb-8de7-2bd567ef4468,7ac57b9f-9ab8-4196-8144-b16236ba5cd4,7,3,"{""EvaluationCriteria"":{},""Comment"":""Giai điệu ổn\nChất lượng âm thanh: Không cải thiện, vẫn vang và chói khá đau tai\nBrief mẫu: https://www.youtube.com/watch?v=y8y5oF9a8l4""}",2023-09-22 11:58:17.302114,f44e5e90-0ee1-45bc-a2de-edce24dd3cf9,review,record_survey
065cfdd9-dc1b-4dc9-b4a4-f82fe165d0cf,abd29a5b-e6ae-431b-a9f2-d5c45f51d2b1,8.3,1,"{""EvaluationCriteria"":{},""Comment"":null}",2024-08-26 11:12:59.473262,f121c157-8b21-4328-ac55-b45279f172e0,review,record_survey
06d86c1b-3e75-464e-9855-f100325e6159,0a948fad-a289-462e-b91c-967b622752ce,8,1,oki hay,2022-10-25 09:12:33.571713,1cf0b441-8650-40c0-b699-3973cadbc8d9,review,record_survey
06603cca-8181-4cc9-a01d-e7073caec1da,abd29a5b-e6ae-431b-a9f2-d5c45f51d2b1,8.5,1,"{""EvaluationCriteria"":{},""Comment"":""ổn rồi""}",2024-05-23 16:00:06.962334,b5d28fd5-8d8e-48cb-8f6b-788b31c0797c,review,record_survey
0660f582-fd03-422b-9d15-fbda962c90a4,8eefc4bf-3fda-4bc0-9a87-367394527a6a,8.5,1,"{""EvaluationCriteria"":{},""Comment"":""Giai điệu hơi có style Celtic từ tiếng đàn. Âm thanh nền match với giai điệu, thư giãn và nhẹ nhàng""}",2023-06-13 18:13:13.921265,e761ddbe-614f-4185-aabd-3b3d402bea1c,review,record_survey
066240c9-df2b-452b-99d4-870a9316783b,6a60fcc1-ce96-4398-a432-d397b95d22b6,8.5,3,"{""EvaluationCriteria"":{""4aeb578f-5a33-4b5b-ad10-43501589a638"":{""Comment"":""Giai điệu khá hay relaxing, giai điệu nhẹ nhàng"",""Rating"":9.0},""9959e139-100b-4508-8745-bd893ab9a7cb"":{""Comment"":""chất lượng có vẻ chưa ok - Chất lượng mình thấy chưa được như bài Passacaglia bản relaxing"",""Rating"":8.0}},""Comment"":null}",2024-01-02 16:31:24.71686,8f3f53c0-826b-4cf8-bb8f-1bf4fffce270,review,record_survey
0664c173-614a-4082-b509-75ae53922819,13c172f2-f476-414f-afcd-2f6635ed4ace,8.3,1,"{""EvaluationCriteria"":{},""Comment"":null}",2025-05-20 14:41:42.611537,ca6bcb3e-a502-48f5-aa12-7f72c146166d,review,record_survey
0664ee6a-13e4-4896-aecc-518a5b60620c,3a9ae4fb-3826-45b9-bf5e-3f8f36656d8e,7,2,"{""EvaluationCriteria"":{},""Comment"":""giai điệu không hay""}",2026-04-21 14:55:50.254533,875580e5-f28c-41e3-8ef8-2f7f5348f1db,review,record_survey
066858df-4620-4a7c-940b-9307e5a193a0,69f07558-6e6d-414c-b55b-9c991c08ac36,7.5,3,"{""EvaluationCriteria"":{},""Comment"":""- tiếng bật bật nghe không được tự nhiên lắm với lại nghe hơi cứng nốt\n- tiếng piano nghe hơi đầm đầm""}",2023-02-11 16:49:11.943992,ff622312-0b79-4159-836c-8f394cf5b04d,review,record_survey
0669e07f-0988-4bae-b07a-1527aab4dfff,5e345e0b-a27c-4392-9cc2-3020088f5292,8.3,1,"{""EvaluationCriteria"":{},""Comment"":null}",2024-10-23 14:46:09.396579,6ba4cbaf-3b5a-495e-876d-7346d656dce2,review,record_survey
0669e4fb-a91b-46f9-b771-eb7ff6c2b28e,935bb488-b5a9-4b56-824c-14e9c31963e6,8,3,"{""EvaluationCriteria"":{},""Comment"":""- Từ 2:22 trở đi đã xử lý đánh nhiều nốt hơn, giai điệu đoạn đó ổn nhưng cách triển khai nghe vẫn hơi rời rạc, nghe chưa được mượt mà.\r\n- Pad vẫn đang hơi to so với nhạc => nhỏ lại hoặc xử lý sao nghe cho hài hòa nhưng vẫn làm nổi bật lên được melody\r\n- Cảm giác nốt trầm 1ph54 bị thừa\r\n- Đoạn kết hơi hụt hẫn, nghiên cứu xử lý kết nghe nhẹ nhàng, hợp lý hơn""}",2025-06-16 08:48:42.71957,2eccad03-ae1a-4a80-b933-1f0b5bb4734a,review,record_survey
066a9134-d23f-48d5-a0b1-ff229a4d46be,b20ebc71-f593-4f81-8bda-6fe6c2f816d5,6,2,"giai điệu ko đặc sắc, âm thanh bình thường",2022-06-11 16:10:59.834039,587b36fc-a278-4a1e-b1f8-43a9c32cf0f0,review,record_survey
066ae9dd-1825-4764-b6a7-4290a3cb2279,13c172f2-f476-414f-afcd-2f6635ed4ace,8.5,1,"{""EvaluationCriteria"":{},""Comment"":null}",2026-07-13 09:09:26.812417,500ca8a0-a565-477e-8fdc-55a2fe44439c,review,record_survey
066f3e3c-bbf6-4ab0-8740-1a632444c67b,b20ebc71-f593-4f81-8bda-6fe6c2f816d5,7,1,"{""EvaluationCriteria"":{},""Comment"":""night vibe, beat piano kết hợp kèn, nghe khá chill, ấm cúng, phần giai điệu hay, chill hop, nghe rất thư giãn, tuy nhiên bài đều đều, không có điểm nhấn""}",2023-02-08 11:25:35.603997,90ae7afc-e58a-4108-a65b-1d90f4dd2964,review,record_survey
0671c553-d473-4e6d-b3cc-c055116bdb1c,ba9a47de-eaf5-400d-b948-2233829b67e3,8.4,3,"{""EvaluationCriteria"":{},""Comment"":""Giai điệu của bài này khá ổn, có khả năng dẫn chuyện/cảm xúc để phát triển lên 9 điểm. Cần cấu trúc bài hoàn thiện có mở đóng và diễn tiến trọn vẹn hơn, đồng thời giai điệu cần tạo cảm giác gợi hình, liên tưởng đến 1 không gian, 1 trải nghiệm nào đó rõ ràng hơn (giống như nhạc nền của 1 đoạn phim ấy). \r\nNên có 1 câu giai điệu chính cần tạo sự rung động về mặt cảm xúc rõ ràng và dễ nhớ hơn\r\nPhần hậu kì thì chưa tốt lắm: Không cần làm clean hết noise nhưng không gian nên tạo cảm giác thoáng, tinh tế  và ấm áp hơn.""}",2026-07-14 15:30:44.778127,af3840b1-9715-4f5c-8e30-c075481f3abe,review,record_survey
0671e190-5ae4-442d-973f-b9e57d2b5e89,5504c544-9b1a-4792-8b6a-c43e043ac227,7.5,3,"- Piano uyển chuyển , ấm, tươi sáng 
- Tiếng Brush hơi to, không uyển chuyển như các âm còn lại, cần giảm một chút
- Tổng thế bản nhạc khá oke ",2022-11-28 15:37:22.887004,82928e8f-cb59-4bc5-b03f-b4f2b0d77eb1,review,record_survey
0673f00d-6cb7-42a0-9e77-b4eec95c4663,55c87d69-a6d8-4ea0-8f6a-9e203143d451,8.5,1,,2022-12-20 17:10:23.975071,30654d0b-ce3b-4e94-96ae-77c7fba785e7,review,record_survey
0674100a-24c9-4b4e-9203-5ef61da15b53,153a37cb-7ed0-4ad0-9db1-4ff688dba457,8.5,1,"{""EvaluationCriteria"":{},""Comment"":""giai điệu nhẹ nhàng, mood thư giãn""}",2024-04-05 08:34:48.833615,a8b2f08b-b619-4383-88b9-f411dc7dbcd0,review,record_survey
067513fc-a558-4904-9139-39a880885ca6,abd29a5b-e6ae-431b-a9f2-d5c45f51d2b1,8.3,1,"{""EvaluationCriteria"":{},""Comment"":""tạm ổn""}",2024-08-13 15:14:41.347139,e92ddb8c-42d6-4d92-8359-73caca8a1aae,review,record_survey
0677d0e8-f28a-4452-bada-decdd09d6376,6a60fcc1-ce96-4398-a432-d397b95d22b6,9,1,"{""EvaluationCriteria"":{""4aeb578f-5a33-4b5b-ad10-43501589a638"":{""Comment"":""Giai điệu hay"",""Rating"":9.0},""9959e139-100b-4508-8745-bd893ab9a7cb"":{""Comment"":""âm thanh chất lượng tốt"",""Rating"":9.0}},""Comment"":null}",2024-10-01 15:36:32.351566,e4c3d14c-06a3-4d05-9144-e4f512235138,review,record_survey
067c6e2e-9177-47c9-801d-845cdfb495dc,ba9a47de-eaf5-400d-b948-2233829b67e3,8,3,"{""EvaluationCriteria"":{},""Comment"":""Nhìn tổng thể thì dễ nghe nhưng vocal hát còn bị an toàn và hơi gồng 1 chút nên nghe nó k có nhiều cảm xúc, đoạn từ sau 1:00 đến 2'30 nên thú vị hơn ""}",2023-10-14 11:34:08.904994,203c82f5-6c98-4a98-9338-31affa9ef067,review,record_survey
06802b20-dbe4-47a7-91c9-03cba179933e,9afcf13a-78f4-4174-9a4b-e7880d06392c,8.5,1,"{""EvaluationCriteria"":{},""Comment"":""- Đuôi reverb của vocal chạy vào trong Drop từ cuối Buildup bị quá dài và lộ. Cần fix lại khi đã có vocal bản thu.""}",2025-09-17 15:40:49.283039,7db08b4a-a083-44ad-8380-bd78a0fb1e21,review,record_survey
0680b07b-91f3-43ef-be48-a906c109929f,767992f5-d8e2-4101-ab70-a59c88eb1d6d,6,2,"{""EvaluationCriteria"":{},""Comment"":""Chất lượng âm thanh bị vang chưa thay đổi được\r\nGiai điệu cũng chưa hay""}",2025-03-20 17:39:03.913341,16380d79-36e3-4b1c-b9b2-9151d943a31f,review,record_survey
06812011-517c-44f1-a84f-6df85b0bba55,b16c888a-681c-4f7b-adf5-344a2075d77e,8.6,1,"{""EvaluationCriteria"":{},""Comment"":null}",2023-12-06 10:50:51.977534,9dd0ea01-b6e3-4c2f-9d90-25ef3fb7a37d,review,record_survey
0684bead-176e-462a-8a60-bccf0209d565,ba9a47de-eaf5-400d-b948-2233829b67e3,7.5,3,"{""EvaluationCriteria"":{},""Comment"":""Chỉnh tiếp""}",2023-10-24 10:36:55.841823,ac36dbe6-4988-457f-8575-bc0196b96815,review,record_survey
0686d8d0-2c6e-4e9f-92e7-a224beb07af7,7ac57b9f-9ab8-4196-8144-b16236ba5cd4,7.5,3,"{""EvaluationCriteria"":{},""Comment"":""Âm thanh cải thiện oki rùi nhưng tăng tempo 1 xíu để đỡ bị lê thê ạ""}",2023-05-24 22:01:20.757966,4e0eb4a4-03c4-4439-8ce5-40e0f67a6106,review,record_survey
068717a6-a536-4041-9bac-5152660c9656,5e345e0b-a27c-4392-9cc2-3020088f5292,8,1,"{""EvaluationCriteria"":{},""Comment"":""bản này cũng ok, cơ mà làm rõ sắc thái mạnh nhẹ hơn thì đẹp ""}",2023-05-27 10:22:20.423392,154cab6d-a257-4b46-9952-fb19514cd9f1,review,record_survey
0687a31a-1159-420e-b530-eb9e8521bdcf,843871e6-6067-4a83-b242-9c47f2dfdf60,8.4,1,"{""EvaluationCriteria"":{},""Comment"":null}",2025-04-17 17:36:41.674688,30e7fee0-9db2-4b79-989c-e28ada7dea52,review,record_survey
0689d569-425e-4265-bd50-4b9cb632bd95,98b95f68-40ac-4feb-a01a-da3a39f0c7ce,8.3,1,"{""EvaluationCriteria"":{""0619f987-222d-4959-a13d-43904a7a8c2e"":{""Comment"":""- Âm thanh có độ vang vừa phải, ổn."",""Rating"":8.0},""e6ed2234-3699-4cfd-8fc0-0d2780131881"":{""Comment"":""- Giai điệu bài này khá hay, nghe bắt tai, relax"",""Rating"":9.0}},""Comment"":""Bài này âm thanh lại oke rồi ạ, chắc bài to bài bé =((""}",2023-02-28 18:01:15.512324,05be7b6f-86a3-4eb4-a97c-78afc5b9f539,review,record_survey
0691af61-19f5-4a8c-b75e-2fda06727f3f,63223140-0dc1-4205-af3c-00d575dd5b25,6,2,"{""EvaluationCriteria"":{},""Comment"":""Nhạc ổn nhưng giai điệu đang hơi nhiều (“Nhiều” là nhiều giai điệu và chuyển động, khiến nhạc chưa đủ trôi như nhạc nền.), chơi hơi nổi nên người nghe dễ chú ý.\r\nBossa Nova nhạc mẫu rất đều và trôi, còn bài này có cảm giác lên xuống nhẹ.\r\nTeam thử giản bớt số câu giai điệu và giữ nhạc lùi hơn để nghe lâu không mệt nhé.""}",2026-01-30 10:04:32.43573,38d68852-78ab-449b-9af2-c5c8c275c1c2,review,record_survey
0692127c-59ab-4b94-8c4a-ee2c79c7ba55,0d73b0f1-0d46-4955-b511-54f8ffd9f5f8,9,1,"{""EvaluationCriteria"":{},""Comment"":""hay""}",2025-09-26 21:26:11.957006,424004b7-88f8-4417-a66a-a127587176a9,review,record_survey
069276fc-3940-4e7d-b01c-55c6b0fbb348,4e3eac7c-e6d8-4e10-b8b5-b66bcc744495,0,3,"{""EvaluationCriteria"":{},""Comment"":""Nhạc nghe quá giống nhau lặp đi lặp lại dễ gây nhàm chán, không có gì đặc sắc, giai điệu không thay đổi nhiều.""}",2025-07-21 13:59:07.070005,ad1e6887-c771-44b0-bfde-e637913176b7,review,record_survey
069582c1-3e6b-49bf-8b27-4a9787df8f36,4940ad05-1d14-4455-b96c-9fe26b0750ae,8,3,"{""EvaluationCriteria"":{},""Comment"":""Nghe ok nhưng không ấn tượng lắm, 8s cuối hơi hụt hẫng ạ""}",2024-04-17 17:16:10.11427,b37b5d89-dd1e-40a0-99e6-867d06dd17c7,review,record_survey
0696a134-73a6-4b76-872b-5b520f99c2e3,4e3eac7c-e6d8-4e10-b8b5-b66bcc744495,9,1,"{""EvaluationCriteria"":{},""Comment"":""oke rồi nhé""}",2025-10-27 16:14:53.168087,96cfcb92-8149-4be2-bf7c-21219a275c6f,review,record_survey
069bc660-f9f4-46d0-b5ea-8ef80ca47bc2,f8660c20-51f4-4a02-b820-7fbdb68f8f1b,8.5,1,"{""EvaluationCriteria"":{},""Comment"":null}",2024-08-18 15:06:26.129394,b7f1005b-2010-41d5-a788-41fc175e7d00,review,record_survey
069cc3ef-6b75-4e1b-a275-fc1cd952b9ac,c2c45087-3ef0-499c-a171-25925fad47fc,8,1,"{""EvaluationCriteria"":{},""Comment"":null}",2025-06-27 10:02:53.850212,578a6396-c8b5-4372-b4fa-ee51609fbcf2,review,record_survey
069d2015-c077-46fc-9159-74c739ef5216,f8660c20-51f4-4a02-b820-7fbdb68f8f1b,8.5,1,Hay đó.,2022-10-28 10:58:39.190862,98eabf2a-bd48-4d7c-9aa9-495ac0335379,review,record_survey
069ddd8e-b79e-48bc-adb0-655a71b865ec,9ea5b50b-4ced-4b10-be33-49e4d3e4bb42,8.3,1,"{""EvaluationCriteria"":{},""Comment"":""idea beat oke ạ""}",2023-11-28 17:10:02.880343,c77a6851-cfa1-431e-9981-1143f77fefe0,review,record_survey
069e5c25-2eb3-42f0-9554-e3beeb3ba2d8,61d45226-50e1-4674-8e0e-4cbdc12f879f,9,1,"{""EvaluationCriteria"":{},""Comment"":null}",2024-08-14 09:21:03.04161,90e8c5a8-94b3-404b-9513-24ebe67e2d53,review,record_survey
069f9c19-a299-4710-8fdf-b7312ee8a494,f8660c20-51f4-4a02-b820-7fbdb68f8f1b,8.5,1,"{""EvaluationCriteria"":{},""Comment"":""Đẩy volume lên to xíu vs nên giảm verb chút xíu nữa""}",2024-08-17 23:30:42.064344,3ccd5bfb-7c38-4a90-a2e0-eeb5bb7810cf,review,record_survey
069fcf79-ec83-4ce2-b320-e61c86213243,13c172f2-f476-414f-afcd-2f6635ed4ace,8.7,1,"{""EvaluationCriteria"":{},""Comment"":null}",2024-08-20 11:39:04.899419,2c6370b0-3e59-4501-b989-732a49b22796,review,record_survey
06a1d846-4091-4eee-8400-f239bb38d86e,6a60fcc1-ce96-4398-a432-d397b95d22b6,9,1,"{""EvaluationCriteria"":{""4aeb578f-5a33-4b5b-ad10-43501589a638"":{""Comment"":""giai điệu hay"",""Rating"":9.0},""9959e139-100b-4508-8745-bd893ab9a7cb"":{""Comment"":""chất lượng âm thanh tốt"",""Rating"":9.0}},""Comment"":null}",2025-08-26 15:07:20.984905,25738d71-2fe0-4b53-910b-eb453ada7874,review,record_survey
06a86045-ddcc-4953-abb7-2c0c56ee3c6c,98b95f68-40ac-4feb-a01a-da3a39f0c7ce,9,1,"{""EvaluationCriteria"":{""0619f987-222d-4959-a13d-43904a7a8c2e"":{""Comment"":""ok"",""Rating"":9.0},""e6ed2234-3699-4cfd-8fc0-0d2780131881"":{""Comment"":""ok"",""Rating"":9.0}},""Comment"":""9""}",2023-05-17 16:40:14.774136,7c29f1cf-6172-4861-b2cd-a4dd597abf20,review,record_survey
06a86e6c-fd6b-440a-9c95-39df96e233ca,6225eaf1-0c57-410a-a09d-a0055f7e073a,9,1,"{""EvaluationCriteria"":{""0619f987-222d-4959-a13d-43904a7a8c2e"":{""Comment"":""Bản fix này làm cho âm nhỏ đi nhiều quá so với bản trước, nên điều chỉnh tăng lên 1 chút nữa là ok"",""Rating"":9.0},""e6ed2234-3699-4cfd-8fc0-0d2780131881"":{""Comment"":""ok"",""Rating"":9.0}},""Comment"":null}",2023-04-04 14:17:30.834873,6fe4d2f6-c3de-4be1-b66a-bcdd055e86ea,review,record_survey
06a9b940-8ca2-4a54-b6dc-9476927ad468,13c172f2-f476-414f-afcd-2f6635ed4ace,9,1,"{""EvaluationCriteria"":{},""Comment"":null}",2026-03-16 09:44:09.323134,efa69007-067a-4654-8a8d-e98b85d62567,review,record_survey
06aa01e7-57f7-4435-aabb-02978eedb3e5,8eefc4bf-3fda-4bc0-9a87-367394527a6a,6,2,"{""EvaluationCriteria"":{},""Comment"":""BEATS K HAY""}",2023-02-23 11:11:00.572078,bdf79243-643a-404a-bb8e-a1f03e5070f1,review,record_survey
06aab011-0308-4952-96ba-a88f61d591e0,e62773ca-d8ed-4b53-9712-2616b1f58eff,7.5,3,"- Chất lượng âm thanh: tốt, sound piano nghe chưa được êm lắm vẫn hơi chói 
- Tempo vừa đủ
- Vibe êm ả, tinh tế
- Giai điệu: dễ nghe, đơn giản nhưng khá hay
- mood: thư giãn, bình yên",2022-12-02 14:44:18.587958,8332be9d-4d9b-4434-9e17-483a4c0ba601,review,record_survey
06ad54ce-a0cf-4048-8722-880d31d941f0,f8660c20-51f4-4a02-b820-7fbdb68f8f1b,7.5,3,"{""EvaluationCriteria"":{},""Comment"":""Có tiếng sub đầu tiên của hợp âm đoạn 1:39 và 0:06 bị lệch tông với bài thì phải. Tiếng sáo bên này cảm giác mix oke hơn bài trên kia, nhưng vẫn cần gọt thêm 1 chút low-end và boost chút high nghe sẽ thanh mảnh hơn nữa.\nTiếng sub lệch tông là điểm trừ khá lớn của bài.""}",2024-05-13 08:08:52.514284,be407fd3-059a-4d2c-b4b2-ee46a1fbe9a5,review,record_survey
06d407cd-bb0e-465d-b8a6-a8ee29542e95,8a0ee7e0-1ec4-440b-8f0a-4950c2b3caec,8.5,1,"{""EvaluationCriteria"":{},""Comment"":null}",2023-11-21 11:28:23.904385,fac72901-ed35-46b8-a514-28a6b3998d4b,review,record_survey
06ad7dbb-33a8-44df-90ea-0fa4581e1387,d06d1883-b845-4c00-8e5f-1d0d91b6be22,9,3,"{""EvaluationCriteria"":{},""Comment"":""thu được như cái vocal này thì k cần chỉnh sửa gì nữa, cần nghe vocal thu để đánh giá""}",2025-05-12 15:15:46.76026,c1b2cdd8-96a5-441f-af71-ac78c8090651,review,record_survey
06aea096-5763-4b70-89b4-5a90bc7bd404,b17c51bf-a8a0-4a9c-8c1d-58bc569b7d8a,8,1,"{""EvaluationCriteria"":{},""Comment"":""vocal nữ hơi yếu""}",2023-09-13 08:26:36.52363,37a5847f-1989-4b6e-b89e-0b4c7e555644,review,record_survey
06afe1d0-27d4-497c-ba1b-11dbc04f2e28,f8660c20-51f4-4a02-b820-7fbdb68f8f1b,7,2,cái synth ở 0:16 vs 0:33 rất là ? Drums nhìn chung nghe Bolero quá. ,2022-09-07 17:15:51.495146,b8f6c491-c481-4232-8e45-27e3de0ce648,review,record_survey
06b22fec-0c19-4cee-bddf-06bc03ae9a69,fceea347-7b7d-4bfa-98d4-9f96f62b5486,9,1,"{""EvaluationCriteria"":{},""Comment"":""- Giai điệu hay\r\n- CHất lượng âm thanh tốt""}",2025-05-29 11:20:59.216404,235820f9-e108-45bf-8b12-f19e903411de,review,record_survey
06b438b7-8285-4d82-9640-d793b80ee5b6,8eefc4bf-3fda-4bc0-9a87-367394527a6a,8,1,"{""EvaluationCriteria"":{},""Comment"":null}",2023-05-24 09:46:38.422478,25d3483a-d428-4ef2-a379-57f985c1ea67,review,record_survey
06b5625a-c971-408d-89bd-824b408abd42,0a948fad-a289-462e-b91c-967b622752ce,7,3,"Chất lượng âm thanh thì khá là ok rồi, nhưng intro dẫn chưa hay lắm. Cái flow này nó hơi bị lệch so với loạt nhạc mà mình đang sản xuất",2022-11-28 15:17:58.314981,82928e8f-cb59-4bc5-b03f-b4f2b0d77eb1,review,record_survey
06b66db4-f431-4985-b1ac-95fceea4c4df,e62773ca-d8ed-4b53-9712-2616b1f58eff,8.5,1,"{""EvaluationCriteria"":{""24f872cc-80b4-4337-acc9-8f6939d599ea"":{""Comment"":""tinh tế"",""Rating"":0.0},""742a099d-ee66-45f1-8c3a-6b552dfa6f82"":{""Comment"":""du dương"",""Rating"":0.0},""aad282f6-a037-4a4e-8bbe-c92ca7b78773"":{""Comment"":""thư giãn"",""Rating"":0.0},""e6b420d3-a36c-41a8-b4a6-12f225978fc2"":{""Comment"":""chất lượng âm thanh tốt"",""Rating"":0.0}},""Comment"":null}",2023-04-08 14:06:37.617418,4d0d2c32-67cb-4f34-8e3e-cc83cb6a423e,review,record_survey
06b6d398-67e3-4986-86c1-db6f1e8b3e9d,9afcf13a-78f4-4174-9a4b-e7880d06392c,9,1,"{""EvaluationCriteria"":{},""Comment"":""- Good.""}",2025-09-15 08:11:14.259967,db9d4405-54f4-4613-b5f5-0c10cb080970,review,record_survey
06b764b6-a796-4c08-bdc2-97f6ff8b50a3,d6caf172-60d5-4173-8881-293efb503b5e,7,3,"{""EvaluationCriteria"":{},""Comment"":""Vocal cần sử dụng giọng gió nhiều hơn, mình muốn bạn hát mềm mại hơn nữa\r\nphát âm tiếng anh chuẩn hơn nữa\r\ncó từ \""think\"" 0:24 đang hơi sai\r\n\r\n""}",2024-10-14 23:29:21.094133,17a62752-160a-4693-a31f-21f076f41f79,review,record_survey
06ba3ac6-961e-4e4d-b120-89192edd8622,6e306f5a-07bc-467e-bf31-ccaf31841e4e,8.5,1,"{""EvaluationCriteria"":{},""Comment"":null}",2024-08-27 17:58:24.157071,8b6862e0-a132-4234-bdf2-6451b6a44e48,review,record_survey
06bd5c32-1969-4ce3-91fa-c4eceb408bd1,f8660c20-51f4-4a02-b820-7fbdb68f8f1b,8.3,1,"{""EvaluationCriteria"":{},""Comment"":null}",2025-01-15 14:28:15.982801,69bb84b0-8b8b-4622-8c3b-c6f5742823a8,review,record_survey
06be55e0-ecf7-4895-abd5-b0324f68145b,b17c51bf-a8a0-4a9c-8c1d-58bc569b7d8a,7.5,2,"{""EvaluationCriteria"":{},""Comment"":""bass chưa hay lắm. bài cũ quá rồi""}",2023-11-20 07:39:22.1237,8a99a73c-c5d4-4565-ba99-352e494e1054,review,record_survey
06bf6375-9529-466c-9cfb-8f4f641c53c5,04b57d23-8e2f-484b-8364-85087dc39c7d,6,2,,2022-06-20 08:58:16.500968,87ca4fa7-e388-4acb-b4ea-d2ad102236df,review,record_survey
06c03fd9-c1af-4fbe-b7a5-58f56fa5f3d1,6a60fcc1-ce96-4398-a432-d397b95d22b6,8.5,3,"{""EvaluationCriteria"":{""4aeb578f-5a33-4b5b-ad10-43501589a638"":{""Comment"":""Đoạn mở đầu có thể mở đầu nhẹ nhàng ít nốt nhạc hợp âm hơn chút nghe thanh thoát hơn"",""Rating"":8.0},""9959e139-100b-4508-8745-bd893ab9a7cb"":{""Comment"":""chất lượng âm thanh tốt"",""Rating"":9.0}},""Comment"":null}",2024-09-17 15:30:26.06016,5670b990-cb4a-4040-bc6c-5ea68fefc619,review,record_survey
06c0666f-15ef-41ac-af78-33c9fdca6669,0a948fad-a289-462e-b91c-967b622752ce,7,3,"Piano phải có sự kết dính hơn tí, đang hơi bị rời rac. Bộ drum chuƯA HAY MẤY. Còn lại ok",2022-09-26 11:22:54.097629,72d42905-ea87-4383-bda9-ae1613dd4d91,review,record_survey
06c0c0a7-dde8-4768-9eda-2c243101d9cc,72978bf6-a73e-4223-93b3-0f4b9241bcc9,7,3,Bài có tiếng kít kít chạy theo cả bài và nghe rất rõ ở 1:58 gây khó chịu cho người nghe cần điều chỉnh,2022-09-14 18:11:23.879426,a45d49e4-3985-4a33-9afe-3e0f3e09e4d5,review,record_survey
06c17dac-8f4c-49ff-8261-90e4f8f4409d,13c172f2-f476-414f-afcd-2f6635ed4ace,7.8,3,"{""EvaluationCriteria"":{},""Comment"":""tái tạo background ukiee, piano pé quá nè, cách mix đang chưa đúng của mình e haa, piano cần để lên trước, nổi, nét hơn back. chú ý nhịp phách, thư giản, bớt nghịch tai hơn xíu là ngonn""}",2025-03-10 10:04:50.846486,fb9bcb1f-c950-4095-a003-bb27619b1b71,review,record_survey
06c5578f-5db5-459d-9892-88989fa20e74,fceea347-7b7d-4bfa-98d4-9f96f62b5486,5,2,"{""EvaluationCriteria"":{},""Comment"":""- Giai điệu bình thường\r\n- Giai điệu intro khá tốt, nhưng đoạn sau các nhạc cụ mix chưa khớp\r\n- Volum hơi bé""}",2025-06-05 14:37:16.623636,1c9be57b-6c33-4b41-b42a-b9f37059aa4c,review,record_survey
06cc0404-505e-4d47-9788-e81fa7663e67,d6caf172-60d5-4173-8881-293efb503b5e,9,1,"{""EvaluationCriteria"":{},""Comment"":null}",2024-12-17 15:52:47.09617,4f490068-acc8-47ba-a657-5263b10f8c5b,review,record_survey
06ce46b5-8c4b-46cf-ac0e-e0a7eea5fc27,13c172f2-f476-414f-afcd-2f6635ed4ace,8.5,3,"{""EvaluationCriteria"":{},""Comment"":""vocal có chăng màu folk/già nam qué thui sao hem để vocal pop nữ nhỉ, còn lại khá ukie""}",2024-12-30 11:59:50.028278,b2b958d7-4077-4e0b-bee8-cc151cba1ce8,review,record_survey
06cff798-4137-4266-b04f-cae451a4b350,04b57d23-8e2f-484b-8364-85087dc39c7d,8.5,1,okie,2022-07-13 10:25:54.879433,ab2b03c7-c71e-460a-9a48-04de2403e87c,review,record_survey
06d03ba1-0f38-4fd2-a756-b4a324a452c5,3464c058-e99a-47f4-b0f7-99f85817eb3c,7.5,3,"{""EvaluationCriteria"":{},""Comment"":""- Đã fix sounds effect khá ổn\n- Giai điệu tốt, âm trầm đã ổn hơn\n- outro bị gấp""}",2024-08-21 10:46:23.518599,153c2af5-ffc0-448f-8620-07820dd22da9,review,record_survey
06d07b10-b030-45d8-b286-d2fb57950df2,98b95f68-40ac-4feb-a01a-da3a39f0c7ce,8.5,1,"{""EvaluationCriteria"":{},""Comment"":null}",2023-02-20 15:36:57.781535,1df91d6a-28df-4dcb-aef1-813dc1e8191c,review,record_survey
06d15b7a-67a7-460d-8e16-78251aff9517,6225eaf1-0c57-410a-a09d-a0055f7e073a,8.85,3,"{""EvaluationCriteria"":{""0619f987-222d-4959-a13d-43904a7a8c2e"":{""Comment"":""ok"",""Rating"":9.0},""e6ed2234-3699-4cfd-8fc0-0d2780131881"":{""Comment"":""Giai điệu nhẹ nhàng nhưng còn bằng phẳng chưa có nhiều cảm xúc, nên có thêm đoạn phát triển và điều chỉnh để giai điệu tươi sáng hơn "",""Rating"":8.5}},""Comment"":null}",2023-05-22 10:44:19.038936,2eee5cc8-07f5-4d5e-80a2-5f7b61220d17,review,record_survey
06d95093-cd78-431d-9fab-df7abf7b4c32,f8660c20-51f4-4a02-b820-7fbdb68f8f1b,8.3,1,"{""EvaluationCriteria"":{},""Comment"":""Đẩy tiếng kèn to lên xíu vs master to lên xíu nữa là oke""}",2024-10-12 11:26:29.547803,58f14c7a-81f8-49c0-94b7-0622269f899b,review,record_survey
06da0758-24a6-4b79-beff-3476d9744d77,6a60fcc1-ce96-4398-a432-d397b95d22b6,8,3,"{""EvaluationCriteria"":{""4aeb578f-5a33-4b5b-ad10-43501589a638"":{""Comment"":""Cần đánh có nền nã và có nhấn nhá hơn tý nữa"",""Rating"":8.0},""9959e139-100b-4508-8745-bd893ab9a7cb"":{""Comment"":""âm thanh cũng đang bị thiếu không gian nên nghe hơi bị bí âm thanh"",""Rating"":8.0}},""Comment"":null}",2024-08-19 09:03:41.871318,071890d6-d534-40a8-85fa-9c6b3d6a2bdd,review,record_survey
