VersionNeedsCommentId,UserId,Rating,_source_id,_source_connection
03e5748a-7f65-4da9-800a-6b45e553400d,033b06fa-a3b3-46c8-bd3a-613848ac7be1,8,user_comment_version,record_survey
03e5748a-7f65-4da9-800a-6b45e553400d,0b6ddcca-0b69-441c-9027-947317eea6f1,7,user_comment_version,record_survey
03e5748a-7f65-4da9-800a-6b45e553400d,0de9a87a-cc5f-42d8-984f-27101f824741,7,user_comment_version,record_survey
03e5748a-7f65-4da9-800a-6b45e553400d,0e28cae9-fd3a-4a3a-8d50-e8854908fa0a,8,user_comment_version,record_survey
03e5748a-7f65-4da9-800a-6b45e553400d,1394d7da-d787-4819-91d6-b8d7376972b6,9,user_comment_version,record_survey
03e5748a-7f65-4da9-800a-6b45e553400d,18edfda0-8fbf-4255-aa7c-fc4978c7824e,6,user_comment_version,record_survey
03e5748a-7f65-4da9-800a-6b45e553400d,1a8f4821-6314-44fc-bf12-66fe75e094a7,9,user_comment_version,record_survey
03e5748a-7f65-4da9-800a-6b45e553400d,1cdb2a0e-b456-460c-997c-0fadee3d6165,7,user_comment_version,record_survey
03e5748a-7f65-4da9-800a-6b45e553400d,1d579e1c-cf10-41fb-9d62-2358f1bfa25a,9,user_comment_version,record_survey
03e5748a-7f65-4da9-800a-6b45e553400d,1e7ecf22-2e5d-4867-a3c4-2f34d7618549,7,user_comment_version,record_survey
03e5748a-7f65-4da9-800a-6b45e553400d,206bd9ed-5599-4717-83a2-62266542892d,6,user_comment_version,record_survey
03e5748a-7f65-4da9-800a-6b45e553400d,2115947c-ac50-4846-ba00-581cee9d0787,8,user_comment_version,record_survey
03e5748a-7f65-4da9-800a-6b45e553400d,2a071a50-5374-4bdc-91ba-441e12fdf61b,7,user_comment_version,record_survey
03e5748a-7f65-4da9-800a-6b45e553400d,2a556d9c-240c-4e90-8728-9db764fad499,8.5,user_comment_version,record_survey
03e5748a-7f65-4da9-800a-6b45e553400d,2cae4787-235d-402a-a292-e144afa47551,8,user_comment_version,record_survey
03e5748a-7f65-4da9-800a-6b45e553400d,2dabdf63-ec2f-43c6-99ca-ea793675a091,8,user_comment_version,record_survey
03e5748a-7f65-4da9-800a-6b45e553400d,34422ee2-d075-4876-bffb-f730fc5edd41,8,user_comment_version,record_survey
03e5748a-7f65-4da9-800a-6b45e553400d,35861a60-4aa4-446a-ab27-701a236672da,8,user_comment_version,record_survey
03e5748a-7f65-4da9-800a-6b45e553400d,3606088e-23a7-4231-936f-0ff52a27c5b2,8,user_comment_version,record_survey
03e5748a-7f65-4da9-800a-6b45e553400d,36b2c75d-f736-4335-bacb-f95d0824a84d,7,user_comment_version,record_survey
03e5748a-7f65-4da9-800a-6b45e553400d,39278e16-df64-4904-a9ac-d9bb761b067d,9.5,user_comment_version,record_survey
03e5748a-7f65-4da9-800a-6b45e553400d,3d5c12ef-bb5b-4bd0-8441-b5a5c7ea95e5,8,user_comment_version,record_survey
03e5748a-7f65-4da9-800a-6b45e553400d,3e140bd0-ee36-40ad-868c-408df08f3eaa,9,user_comment_version,record_survey
03e5748a-7f65-4da9-800a-6b45e553400d,3fcc2715-fbe9-4ae2-84ab-72691e83758b,7,user_comment_version,record_survey
03e5748a-7f65-4da9-800a-6b45e553400d,4096079d-5b5f-4fcb-9cf9-a3c5d296d1c7,9,user_comment_version,record_survey
03e5748a-7f65-4da9-800a-6b45e553400d,40f7243c-75c4-4b03-b2be-442f510177fe,8,user_comment_version,record_survey
03e5748a-7f65-4da9-800a-6b45e553400d,445ce746-9559-47a3-b159-af8559483c11,9,user_comment_version,record_survey
03e5748a-7f65-4da9-800a-6b45e553400d,4be2808a-2c43-4416-9643-8871a50fd469,8,user_comment_version,record_survey
03e5748a-7f65-4da9-800a-6b45e553400d,5a3df846-d50b-412d-8da1-eeef0324964b,8,user_comment_version,record_survey
03e5748a-7f65-4da9-800a-6b45e553400d,5ae85f01-2f01-4390-853b-24e13b260d17,8,user_comment_version,record_survey
03e5748a-7f65-4da9-800a-6b45e553400d,6225eaf1-0c57-410a-a09d-a0055f7e073a,8,user_comment_version,record_survey
03e5748a-7f65-4da9-800a-6b45e553400d,6410ac46-7d76-4bd5-989c-0f74e49f7ab9,9,user_comment_version,record_survey
03e5748a-7f65-4da9-800a-6b45e553400d,68e650eb-4b91-4ef9-b1b3-918d09b9fc11,7,user_comment_version,record_survey
03e5748a-7f65-4da9-800a-6b45e553400d,6c0fd3cb-bdab-48cb-aa3a-15e7f1662592,7,user_comment_version,record_survey
03e5748a-7f65-4da9-800a-6b45e553400d,6f0d5270-ebcf-4949-90cc-d55a42e8fe79,8,user_comment_version,record_survey
03e5748a-7f65-4da9-800a-6b45e553400d,70ab807b-1fc5-4db5-9b4b-5fb5a5d664f7,8,user_comment_version,record_survey
03e5748a-7f65-4da9-800a-6b45e553400d,70b7b3ce-8618-426c-baa1-db33750115ce,8,user_comment_version,record_survey
03e5748a-7f65-4da9-800a-6b45e553400d,70bb0e41-ab6c-4379-916b-96b2ccfce1d8,7,user_comment_version,record_survey
03e5748a-7f65-4da9-800a-6b45e553400d,72978bf6-a73e-4223-93b3-0f4b9241bcc9,8,user_comment_version,record_survey
03e5748a-7f65-4da9-800a-6b45e553400d,76ac66d4-66c8-405f-b2a8-daca247834c2,8.5,user_comment_version,record_survey
03e5748a-7f65-4da9-800a-6b45e553400d,7a8cdf85-e529-49b2-b109-c2a5d5f100ff,9,user_comment_version,record_survey
03e5748a-7f65-4da9-800a-6b45e553400d,7b6534e7-ca46-4886-800c-e5f592aabf5a,8,user_comment_version,record_survey
03e5748a-7f65-4da9-800a-6b45e553400d,7ed18e77-e4d7-4bae-8052-8c21b30f23e7,8,user_comment_version,record_survey
03e5748a-7f65-4da9-800a-6b45e553400d,851a8c48-e90f-4dbe-948d-5dc12684dd3c,9,user_comment_version,record_survey
03e5748a-7f65-4da9-800a-6b45e553400d,88025724-e531-4bfb-9265-932ae9fe6d69,8,user_comment_version,record_survey
03e5748a-7f65-4da9-800a-6b45e553400d,88ef87d5-d66e-452c-be94-71d7392fbcff,8,user_comment_version,record_survey
03e5748a-7f65-4da9-800a-6b45e553400d,899bc0e9-b560-4acd-8b68-9d6c6904fdb8,9,user_comment_version,record_survey
03e5748a-7f65-4da9-800a-6b45e553400d,8a4a0ca5-8cfd-4e56-aad1-70cdfb098b26,8,user_comment_version,record_survey
03e5748a-7f65-4da9-800a-6b45e553400d,8e54ad2a-863f-440e-aab0-18a6db46d92b,9,user_comment_version,record_survey
03e5748a-7f65-4da9-800a-6b45e553400d,90570b19-2f06-4764-ad42-a61ef7e542ef,8,user_comment_version,record_survey
03e5748a-7f65-4da9-800a-6b45e553400d,9350de57-9470-4046-b701-898bded7cd68,7,user_comment_version,record_survey
03e5748a-7f65-4da9-800a-6b45e553400d,9391d705-1031-4256-846a-71e373cdb3f2,9,user_comment_version,record_survey
03e5748a-7f65-4da9-800a-6b45e553400d,96444a6b-4d35-41d3-babd-dc7720173f80,8,user_comment_version,record_survey
03e5748a-7f65-4da9-800a-6b45e553400d,9c13422a-1f5c-48c8-8522-8548caab6795,6,user_comment_version,record_survey
03e5748a-7f65-4da9-800a-6b45e553400d,9c6d59c2-3f6d-4294-be6a-9ad550163fc9,7,user_comment_version,record_survey
03e5748a-7f65-4da9-800a-6b45e553400d,a1fc6186-159d-4bca-81bc-ad3593decdb8,6,user_comment_version,record_survey
03e5748a-7f65-4da9-800a-6b45e553400d,aab8ed17-2cdb-48a9-b6fc-96aa313eb3e1,8,user_comment_version,record_survey
03e5748a-7f65-4da9-800a-6b45e553400d,aad46bfa-b2ec-4e8a-a8bf-d6dd2491f212,6,user_comment_version,record_survey
03e5748a-7f65-4da9-800a-6b45e553400d,ab367ad0-2bca-4764-a465-61d0ffb3d63c,7.5,user_comment_version,record_survey
03e5748a-7f65-4da9-800a-6b45e553400d,ad47d4b9-c399-4520-9ee6-0524c8a12f6d,8,user_comment_version,record_survey
03e5748a-7f65-4da9-800a-6b45e553400d,b172fb89-7f3e-4de5-a00b-37e8b656d307,6,user_comment_version,record_survey
03e5748a-7f65-4da9-800a-6b45e553400d,b4ab7d9c-0def-442d-ba75-5e8dcabaa201,8,user_comment_version,record_survey
03e5748a-7f65-4da9-800a-6b45e553400d,c7a63f24-2769-4bd5-bfd0-c0d766aa2de7,6,user_comment_version,record_survey
03e5748a-7f65-4da9-800a-6b45e553400d,ca636fa7-8f30-4abd-ae8b-248a9c173f88,8,user_comment_version,record_survey
03e5748a-7f65-4da9-800a-6b45e553400d,ca94cc69-f99d-45f1-a083-7602fbaee6ad,8,user_comment_version,record_survey
03e5748a-7f65-4da9-800a-6b45e553400d,cb3a3cf6-fd38-4061-911e-a1b739aa02fb,7,user_comment_version,record_survey
03e5748a-7f65-4da9-800a-6b45e553400d,cd2f2c16-8b8c-40e4-ad35-8108fddbb9ea,7,user_comment_version,record_survey
03e5748a-7f65-4da9-800a-6b45e553400d,d139a984-cc31-4b6e-966b-bc2ead7adc7a,9,user_comment_version,record_survey
03e5748a-7f65-4da9-800a-6b45e553400d,d14a68d9-e00b-47df-af82-3f18adc62683,7,user_comment_version,record_survey
03e5748a-7f65-4da9-800a-6b45e553400d,d184d160-6edf-4688-9098-aead568c722b,8,user_comment_version,record_survey
03e5748a-7f65-4da9-800a-6b45e553400d,d3f508e0-6a03-421e-a3ff-e1bee38e72fc,8,user_comment_version,record_survey
03e5748a-7f65-4da9-800a-6b45e553400d,d6caf172-60d5-4173-8881-293efb503b5e,8,user_comment_version,record_survey
03e5748a-7f65-4da9-800a-6b45e553400d,db8fef34-d59e-4c58-b553-ced5fb2190ff,8,user_comment_version,record_survey
03e5748a-7f65-4da9-800a-6b45e553400d,dd2a421b-4659-41c4-a42e-c154e612cafa,8,user_comment_version,record_survey
03e5748a-7f65-4da9-800a-6b45e553400d,e0db2d64-5c68-443b-bb0a-61be3b20f9e1,7,user_comment_version,record_survey
03e5748a-7f65-4da9-800a-6b45e553400d,e1dda7eb-fd1f-4383-86bf-3b5d1ba7940e,7,user_comment_version,record_survey
03e5748a-7f65-4da9-800a-6b45e553400d,e95fba05-9a07-4fff-b9bb-840a2a8edf04,8,user_comment_version,record_survey
03e5748a-7f65-4da9-800a-6b45e553400d,e9972675-889e-44c0-b1de-5cc4c00cb557,7,user_comment_version,record_survey
03e5748a-7f65-4da9-800a-6b45e553400d,f29e28e4-4b3e-4bbf-b79f-62e57b53f15e,8,user_comment_version,record_survey
03e5748a-7f65-4da9-800a-6b45e553400d,f5831d68-f9eb-4517-81cd-72bc21e884e9,7.5,user_comment_version,record_survey
03e5748a-7f65-4da9-800a-6b45e553400d,fe09bc9d-ebe4-47e5-9e1a-845907547451,8,user_comment_version,record_survey
03e5748a-7f65-4da9-800a-6b45e553400d,ff034ccc-13c6-438e-9214-f45faaf448e5,8,user_comment_version,record_survey
03e5748a-7f65-4da9-800a-6b45e553400d,ffd76dc9-34de-4ad5-9e77-086d5e0369cf,7,user_comment_version,record_survey
0401a3f8-c9f2-40fc-9c84-e50b29d752ae,033b06fa-a3b3-46c8-bd3a-613848ac7be1,6,user_comment_version,record_survey
0401a3f8-c9f2-40fc-9c84-e50b29d752ae,0de9a87a-cc5f-42d8-984f-27101f824741,8,user_comment_version,record_survey
0401a3f8-c9f2-40fc-9c84-e50b29d752ae,0e28cae9-fd3a-4a3a-8d50-e8854908fa0a,8,user_comment_version,record_survey
0401a3f8-c9f2-40fc-9c84-e50b29d752ae,1394d7da-d787-4819-91d6-b8d7376972b6,8,user_comment_version,record_survey
0401a3f8-c9f2-40fc-9c84-e50b29d752ae,16d6aff6-2197-4409-97e2-6320131736f0,7,user_comment_version,record_survey
0401a3f8-c9f2-40fc-9c84-e50b29d752ae,1a8f4821-6314-44fc-bf12-66fe75e094a7,8,user_comment_version,record_survey
0401a3f8-c9f2-40fc-9c84-e50b29d752ae,1cdb2a0e-b456-460c-997c-0fadee3d6165,7.5,user_comment_version,record_survey
0401a3f8-c9f2-40fc-9c84-e50b29d752ae,1d579e1c-cf10-41fb-9d62-2358f1bfa25a,8,user_comment_version,record_survey
0401a3f8-c9f2-40fc-9c84-e50b29d752ae,1e7ecf22-2e5d-4867-a3c4-2f34d7618549,8,user_comment_version,record_survey
0401a3f8-c9f2-40fc-9c84-e50b29d752ae,2115947c-ac50-4846-ba00-581cee9d0787,7,user_comment_version,record_survey
0401a3f8-c9f2-40fc-9c84-e50b29d752ae,2a071a50-5374-4bdc-91ba-441e12fdf61b,8.5,user_comment_version,record_survey
0401a3f8-c9f2-40fc-9c84-e50b29d752ae,2a556d9c-240c-4e90-8728-9db764fad499,8,user_comment_version,record_survey
0401a3f8-c9f2-40fc-9c84-e50b29d752ae,30b48b1a-edbc-44bd-ad97-90aa2b7b6363,7,user_comment_version,record_survey
0401a3f8-c9f2-40fc-9c84-e50b29d752ae,31125a01-8c64-45f3-92e5-70c889f66b90,8,user_comment_version,record_survey
0401a3f8-c9f2-40fc-9c84-e50b29d752ae,34422ee2-d075-4876-bffb-f730fc5edd41,8,user_comment_version,record_survey
0401a3f8-c9f2-40fc-9c84-e50b29d752ae,35861a60-4aa4-446a-ab27-701a236672da,7,user_comment_version,record_survey
0401a3f8-c9f2-40fc-9c84-e50b29d752ae,3d5c12ef-bb5b-4bd0-8441-b5a5c7ea95e5,7,user_comment_version,record_survey
0401a3f8-c9f2-40fc-9c84-e50b29d752ae,3fcc2715-fbe9-4ae2-84ab-72691e83758b,8.5,user_comment_version,record_survey
0401a3f8-c9f2-40fc-9c84-e50b29d752ae,4096079d-5b5f-4fcb-9cf9-a3c5d296d1c7,7,user_comment_version,record_survey
0401a3f8-c9f2-40fc-9c84-e50b29d752ae,40f7243c-75c4-4b03-b2be-442f510177fe,7,user_comment_version,record_survey
0401a3f8-c9f2-40fc-9c84-e50b29d752ae,445ce746-9559-47a3-b159-af8559483c11,8,user_comment_version,record_survey
0401a3f8-c9f2-40fc-9c84-e50b29d752ae,44b0c411-d3ba-4402-84a7-6a3d8591d352,8,user_comment_version,record_survey
0401a3f8-c9f2-40fc-9c84-e50b29d752ae,4be2808a-2c43-4416-9643-8871a50fd469,7,user_comment_version,record_survey
0401a3f8-c9f2-40fc-9c84-e50b29d752ae,5504c544-9b1a-4792-8b6a-c43e043ac227,6,user_comment_version,record_survey
0401a3f8-c9f2-40fc-9c84-e50b29d752ae,5a3df846-d50b-412d-8da1-eeef0324964b,7,user_comment_version,record_survey
0401a3f8-c9f2-40fc-9c84-e50b29d752ae,5ae85f01-2f01-4390-853b-24e13b260d17,8,user_comment_version,record_survey
0401a3f8-c9f2-40fc-9c84-e50b29d752ae,68e650eb-4b91-4ef9-b1b3-918d09b9fc11,7,user_comment_version,record_survey
0401a3f8-c9f2-40fc-9c84-e50b29d752ae,6c0fd3cb-bdab-48cb-aa3a-15e7f1662592,8,user_comment_version,record_survey
0401a3f8-c9f2-40fc-9c84-e50b29d752ae,6f0d5270-ebcf-4949-90cc-d55a42e8fe79,8,user_comment_version,record_survey
0401a3f8-c9f2-40fc-9c84-e50b29d752ae,70b7b3ce-8618-426c-baa1-db33750115ce,7,user_comment_version,record_survey
0401a3f8-c9f2-40fc-9c84-e50b29d752ae,70bb0e41-ab6c-4379-916b-96b2ccfce1d8,7,user_comment_version,record_survey
0401a3f8-c9f2-40fc-9c84-e50b29d752ae,72978bf6-a73e-4223-93b3-0f4b9241bcc9,6.5,user_comment_version,record_survey
0401a3f8-c9f2-40fc-9c84-e50b29d752ae,7a8cdf85-e529-49b2-b109-c2a5d5f100ff,8,user_comment_version,record_survey
0401a3f8-c9f2-40fc-9c84-e50b29d752ae,7b6534e7-ca46-4886-800c-e5f592aabf5a,7.5,user_comment_version,record_survey
0401a3f8-c9f2-40fc-9c84-e50b29d752ae,7ed18e77-e4d7-4bae-8052-8c21b30f23e7,8,user_comment_version,record_survey
0401a3f8-c9f2-40fc-9c84-e50b29d752ae,7f8c7782-d50e-4864-8ac5-febc7abef14c,8,user_comment_version,record_survey
0401a3f8-c9f2-40fc-9c84-e50b29d752ae,851a8c48-e90f-4dbe-948d-5dc12684dd3c,8,user_comment_version,record_survey
0401a3f8-c9f2-40fc-9c84-e50b29d752ae,88ef87d5-d66e-452c-be94-71d7392fbcff,8,user_comment_version,record_survey
0401a3f8-c9f2-40fc-9c84-e50b29d752ae,899bc0e9-b560-4acd-8b68-9d6c6904fdb8,8,user_comment_version,record_survey
0401a3f8-c9f2-40fc-9c84-e50b29d752ae,8a4a0ca5-8cfd-4e56-aad1-70cdfb098b26,8,user_comment_version,record_survey
0401a3f8-c9f2-40fc-9c84-e50b29d752ae,8e37faa9-8f8b-4581-9531-5b1de66d8ae3,7,user_comment_version,record_survey
0401a3f8-c9f2-40fc-9c84-e50b29d752ae,8e54ad2a-863f-440e-aab0-18a6db46d92b,8,user_comment_version,record_survey
0401a3f8-c9f2-40fc-9c84-e50b29d752ae,90570b19-2f06-4764-ad42-a61ef7e542ef,8.3,user_comment_version,record_survey
0401a3f8-c9f2-40fc-9c84-e50b29d752ae,92f38085-28a3-43aa-8bde-1b4b9ecfdfd6,6.5,user_comment_version,record_survey
0401a3f8-c9f2-40fc-9c84-e50b29d752ae,9350de57-9470-4046-b701-898bded7cd68,8,user_comment_version,record_survey
0401a3f8-c9f2-40fc-9c84-e50b29d752ae,9391d705-1031-4256-846a-71e373cdb3f2,8,user_comment_version,record_survey
0401a3f8-c9f2-40fc-9c84-e50b29d752ae,9b7926a1-a6d2-43e4-a29b-29576509ed3f,8,user_comment_version,record_survey
0401a3f8-c9f2-40fc-9c84-e50b29d752ae,9d22edc0-7f6e-4b7a-8d9d-c62b49f8b6ba,7,user_comment_version,record_survey
0401a3f8-c9f2-40fc-9c84-e50b29d752ae,aab8ed17-2cdb-48a9-b6fc-96aa313eb3e1,8,user_comment_version,record_survey
0401a3f8-c9f2-40fc-9c84-e50b29d752ae,ab367ad0-2bca-4764-a465-61d0ffb3d63c,6,user_comment_version,record_survey
0401a3f8-c9f2-40fc-9c84-e50b29d752ae,ad47d4b9-c399-4520-9ee6-0524c8a12f6d,8.3,user_comment_version,record_survey
0401a3f8-c9f2-40fc-9c84-e50b29d752ae,b172fb89-7f3e-4de5-a00b-37e8b656d307,7,user_comment_version,record_survey
0401a3f8-c9f2-40fc-9c84-e50b29d752ae,b4ab7d9c-0def-442d-ba75-5e8dcabaa201,7,user_comment_version,record_survey
0401a3f8-c9f2-40fc-9c84-e50b29d752ae,ba144548-adef-4b40-8881-b6c499d57dd2,7.5,user_comment_version,record_survey
0401a3f8-c9f2-40fc-9c84-e50b29d752ae,bd6cfcba-edf0-4b05-8017-66598fced454,7,user_comment_version,record_survey
0401a3f8-c9f2-40fc-9c84-e50b29d752ae,c425d1ed-0790-4a08-9475-4e52378d9349,8,user_comment_version,record_survey
0401a3f8-c9f2-40fc-9c84-e50b29d752ae,ca636fa7-8f30-4abd-ae8b-248a9c173f88,8,user_comment_version,record_survey
0401a3f8-c9f2-40fc-9c84-e50b29d752ae,cae334cd-8a41-43a0-a95f-d62a47e6fb71,8,user_comment_version,record_survey
0401a3f8-c9f2-40fc-9c84-e50b29d752ae,cb3a3cf6-fd38-4061-911e-a1b739aa02fb,7,user_comment_version,record_survey
0401a3f8-c9f2-40fc-9c84-e50b29d752ae,cfd1a89c-79d4-4317-a8ef-452daf3da77f,8,user_comment_version,record_survey
0401a3f8-c9f2-40fc-9c84-e50b29d752ae,d139a984-cc31-4b6e-966b-bc2ead7adc7a,8,user_comment_version,record_survey
0401a3f8-c9f2-40fc-9c84-e50b29d752ae,d2af8312-0d05-486c-b0a5-eb78ed9413ed,8,user_comment_version,record_survey
0401a3f8-c9f2-40fc-9c84-e50b29d752ae,d3f508e0-6a03-421e-a3ff-e1bee38e72fc,7,user_comment_version,record_survey
0401a3f8-c9f2-40fc-9c84-e50b29d752ae,d850a2bd-d0e4-43ac-a771-2af66690dcd7,5,user_comment_version,record_survey
0401a3f8-c9f2-40fc-9c84-e50b29d752ae,dd2a421b-4659-41c4-a42e-c154e612cafa,8,user_comment_version,record_survey
0401a3f8-c9f2-40fc-9c84-e50b29d752ae,e62773ca-d8ed-4b53-9712-2616b1f58eff,7.5,user_comment_version,record_survey
0401a3f8-c9f2-40fc-9c84-e50b29d752ae,e95fba05-9a07-4fff-b9bb-840a2a8edf04,6,user_comment_version,record_survey
0401a3f8-c9f2-40fc-9c84-e50b29d752ae,e9972675-889e-44c0-b1de-5cc4c00cb557,8,user_comment_version,record_survey
0401a3f8-c9f2-40fc-9c84-e50b29d752ae,ea8c12ce-acd6-4556-8bb2-1d76aab6c7e9,8,user_comment_version,record_survey
0401a3f8-c9f2-40fc-9c84-e50b29d752ae,f29e28e4-4b3e-4bbf-b79f-62e57b53f15e,8,user_comment_version,record_survey
0401a3f8-c9f2-40fc-9c84-e50b29d752ae,f5831d68-f9eb-4517-81cd-72bc21e884e9,7,user_comment_version,record_survey
0401a3f8-c9f2-40fc-9c84-e50b29d752ae,f64ec57e-390d-4b76-8a0d-f723e80c4086,6,user_comment_version,record_survey
0401a3f8-c9f2-40fc-9c84-e50b29d752ae,f8fcc80a-cc18-4f35-b43a-dc1088bd25ab,8,user_comment_version,record_survey
0401a3f8-c9f2-40fc-9c84-e50b29d752ae,f92f8ca8-765d-4c14-9c9d-5afd7b994c3c,7,user_comment_version,record_survey
0401a3f8-c9f2-40fc-9c84-e50b29d752ae,fdb36c2b-5708-4ce6-9114-a8fefa871790,6,user_comment_version,record_survey
0401a3f8-c9f2-40fc-9c84-e50b29d752ae,fe09bc9d-ebe4-47e5-9e1a-845907547451,7.5,user_comment_version,record_survey
0401a3f8-c9f2-40fc-9c84-e50b29d752ae,ff034ccc-13c6-438e-9214-f45faaf448e5,8,user_comment_version,record_survey
0401a3f8-c9f2-40fc-9c84-e50b29d752ae,ff598cdb-fb96-45db-92b4-11a8b3dc364d,8,user_comment_version,record_survey
0401a3f8-c9f2-40fc-9c84-e50b29d752ae,ffd76dc9-34de-4ad5-9e77-086d5e0369cf,8,user_comment_version,record_survey
074ae7a2-b0e8-4e19-b524-1dc361160ba0,36b2c75d-f736-4335-bacb-f95d0824a84d,7,user_comment_version,record_survey
074ae7a2-b0e8-4e19-b524-1dc361160ba0,3aad54fc-ac39-4609-96c6-2eac04e241ae,8,user_comment_version,record_survey
074ae7a2-b0e8-4e19-b524-1dc361160ba0,3fcc2715-fbe9-4ae2-84ab-72691e83758b,8,user_comment_version,record_survey
074ae7a2-b0e8-4e19-b524-1dc361160ba0,445ce746-9559-47a3-b159-af8559483c11,8,user_comment_version,record_survey
074ae7a2-b0e8-4e19-b524-1dc361160ba0,5504c544-9b1a-4792-8b6a-c43e043ac227,8,user_comment_version,record_survey
074ae7a2-b0e8-4e19-b524-1dc361160ba0,7ce38c95-dfa2-43df-a72f-dba6baf561f0,7,user_comment_version,record_survey
074ae7a2-b0e8-4e19-b524-1dc361160ba0,983c68ec-076b-4cd7-a894-4a5db3271cf9,8,user_comment_version,record_survey
074ae7a2-b0e8-4e19-b524-1dc361160ba0,b3a9a903-967a-4d89-9fc0-deb7f31c32d4,9,user_comment_version,record_survey
074ae7a2-b0e8-4e19-b524-1dc361160ba0,db8fef34-d59e-4c58-b553-ced5fb2190ff,8,user_comment_version,record_survey
074ae7a2-b0e8-4e19-b524-1dc361160ba0,e9972675-889e-44c0-b1de-5cc4c00cb557,7,user_comment_version,record_survey
074ae7a2-b0e8-4e19-b524-1dc361160ba0,f29e28e4-4b3e-4bbf-b79f-62e57b53f15e,7,user_comment_version,record_survey
0aab5b49-7cdf-4138-ab35-5efb117d6ed9,033b06fa-a3b3-46c8-bd3a-613848ac7be1,8,user_comment_version,record_survey
0aab5b49-7cdf-4138-ab35-5efb117d6ed9,0b6ddcca-0b69-441c-9027-947317eea6f1,8,user_comment_version,record_survey
0aab5b49-7cdf-4138-ab35-5efb117d6ed9,0de9a87a-cc5f-42d8-984f-27101f824741,6,user_comment_version,record_survey
0aab5b49-7cdf-4138-ab35-5efb117d6ed9,0e28cae9-fd3a-4a3a-8d50-e8854908fa0a,7,user_comment_version,record_survey
0aab5b49-7cdf-4138-ab35-5efb117d6ed9,1394d7da-d787-4819-91d6-b8d7376972b6,8,user_comment_version,record_survey
0aab5b49-7cdf-4138-ab35-5efb117d6ed9,18edfda0-8fbf-4255-aa7c-fc4978c7824e,7,user_comment_version,record_survey
0aab5b49-7cdf-4138-ab35-5efb117d6ed9,1a8f4821-6314-44fc-bf12-66fe75e094a7,8,user_comment_version,record_survey
0aab5b49-7cdf-4138-ab35-5efb117d6ed9,1cdb2a0e-b456-460c-997c-0fadee3d6165,7,user_comment_version,record_survey
0aab5b49-7cdf-4138-ab35-5efb117d6ed9,1d579e1c-cf10-41fb-9d62-2358f1bfa25a,8,user_comment_version,record_survey
0aab5b49-7cdf-4138-ab35-5efb117d6ed9,1e7ecf22-2e5d-4867-a3c4-2f34d7618549,6,user_comment_version,record_survey
0aab5b49-7cdf-4138-ab35-5efb117d6ed9,206bd9ed-5599-4717-83a2-62266542892d,7,user_comment_version,record_survey
0aab5b49-7cdf-4138-ab35-5efb117d6ed9,2115947c-ac50-4846-ba00-581cee9d0787,8,user_comment_version,record_survey
0aab5b49-7cdf-4138-ab35-5efb117d6ed9,2a071a50-5374-4bdc-91ba-441e12fdf61b,7,user_comment_version,record_survey
0aab5b49-7cdf-4138-ab35-5efb117d6ed9,2a556d9c-240c-4e90-8728-9db764fad499,7,user_comment_version,record_survey
0aab5b49-7cdf-4138-ab35-5efb117d6ed9,2cae4787-235d-402a-a292-e144afa47551,9,user_comment_version,record_survey
0aab5b49-7cdf-4138-ab35-5efb117d6ed9,2dabdf63-ec2f-43c6-99ca-ea793675a091,8,user_comment_version,record_survey
0aab5b49-7cdf-4138-ab35-5efb117d6ed9,34422ee2-d075-4876-bffb-f730fc5edd41,7,user_comment_version,record_survey
0aab5b49-7cdf-4138-ab35-5efb117d6ed9,35861a60-4aa4-446a-ab27-701a236672da,9,user_comment_version,record_survey
0aab5b49-7cdf-4138-ab35-5efb117d6ed9,3606088e-23a7-4231-936f-0ff52a27c5b2,8,user_comment_version,record_survey
0aab5b49-7cdf-4138-ab35-5efb117d6ed9,36b2c75d-f736-4335-bacb-f95d0824a84d,6,user_comment_version,record_survey
0aab5b49-7cdf-4138-ab35-5efb117d6ed9,39278e16-df64-4904-a9ac-d9bb761b067d,8,user_comment_version,record_survey
0aab5b49-7cdf-4138-ab35-5efb117d6ed9,3d5c12ef-bb5b-4bd0-8441-b5a5c7ea95e5,8.5,user_comment_version,record_survey
0aab5b49-7cdf-4138-ab35-5efb117d6ed9,3e140bd0-ee36-40ad-868c-408df08f3eaa,8,user_comment_version,record_survey
0aab5b49-7cdf-4138-ab35-5efb117d6ed9,3fcc2715-fbe9-4ae2-84ab-72691e83758b,7,user_comment_version,record_survey
0aab5b49-7cdf-4138-ab35-5efb117d6ed9,4096079d-5b5f-4fcb-9cf9-a3c5d296d1c7,9,user_comment_version,record_survey
0aab5b49-7cdf-4138-ab35-5efb117d6ed9,40f7243c-75c4-4b03-b2be-442f510177fe,7,user_comment_version,record_survey
0aab5b49-7cdf-4138-ab35-5efb117d6ed9,445ce746-9559-47a3-b159-af8559483c11,8,user_comment_version,record_survey
0aab5b49-7cdf-4138-ab35-5efb117d6ed9,4be2808a-2c43-4416-9643-8871a50fd469,8,user_comment_version,record_survey
0aab5b49-7cdf-4138-ab35-5efb117d6ed9,5a3df846-d50b-412d-8da1-eeef0324964b,8,user_comment_version,record_survey
0aab5b49-7cdf-4138-ab35-5efb117d6ed9,5ae85f01-2f01-4390-853b-24e13b260d17,8,user_comment_version,record_survey
0aab5b49-7cdf-4138-ab35-5efb117d6ed9,6225eaf1-0c57-410a-a09d-a0055f7e073a,8,user_comment_version,record_survey
0aab5b49-7cdf-4138-ab35-5efb117d6ed9,6410ac46-7d76-4bd5-989c-0f74e49f7ab9,8,user_comment_version,record_survey
0aab5b49-7cdf-4138-ab35-5efb117d6ed9,68e650eb-4b91-4ef9-b1b3-918d09b9fc11,8,user_comment_version,record_survey
0aab5b49-7cdf-4138-ab35-5efb117d6ed9,6c0fd3cb-bdab-48cb-aa3a-15e7f1662592,7,user_comment_version,record_survey
0aab5b49-7cdf-4138-ab35-5efb117d6ed9,6f0d5270-ebcf-4949-90cc-d55a42e8fe79,7,user_comment_version,record_survey
0aab5b49-7cdf-4138-ab35-5efb117d6ed9,70ab807b-1fc5-4db5-9b4b-5fb5a5d664f7,8,user_comment_version,record_survey
0aab5b49-7cdf-4138-ab35-5efb117d6ed9,70b7b3ce-8618-426c-baa1-db33750115ce,9,user_comment_version,record_survey
0aab5b49-7cdf-4138-ab35-5efb117d6ed9,70bb0e41-ab6c-4379-916b-96b2ccfce1d8,8,user_comment_version,record_survey
0aab5b49-7cdf-4138-ab35-5efb117d6ed9,72978bf6-a73e-4223-93b3-0f4b9241bcc9,8,user_comment_version,record_survey
0aab5b49-7cdf-4138-ab35-5efb117d6ed9,76ac66d4-66c8-405f-b2a8-daca247834c2,7.5,user_comment_version,record_survey
0aab5b49-7cdf-4138-ab35-5efb117d6ed9,7a8cdf85-e529-49b2-b109-c2a5d5f100ff,8,user_comment_version,record_survey
0aab5b49-7cdf-4138-ab35-5efb117d6ed9,7b6534e7-ca46-4886-800c-e5f592aabf5a,8.5,user_comment_version,record_survey
0aab5b49-7cdf-4138-ab35-5efb117d6ed9,7ed18e77-e4d7-4bae-8052-8c21b30f23e7,9,user_comment_version,record_survey
0aab5b49-7cdf-4138-ab35-5efb117d6ed9,851a8c48-e90f-4dbe-948d-5dc12684dd3c,9,user_comment_version,record_survey
0aab5b49-7cdf-4138-ab35-5efb117d6ed9,88025724-e531-4bfb-9265-932ae9fe6d69,8,user_comment_version,record_survey
0aab5b49-7cdf-4138-ab35-5efb117d6ed9,88ef87d5-d66e-452c-be94-71d7392fbcff,7,user_comment_version,record_survey
0aab5b49-7cdf-4138-ab35-5efb117d6ed9,899bc0e9-b560-4acd-8b68-9d6c6904fdb8,8,user_comment_version,record_survey
0aab5b49-7cdf-4138-ab35-5efb117d6ed9,8a4a0ca5-8cfd-4e56-aad1-70cdfb098b26,8,user_comment_version,record_survey
0aab5b49-7cdf-4138-ab35-5efb117d6ed9,8e54ad2a-863f-440e-aab0-18a6db46d92b,7,user_comment_version,record_survey
0aab5b49-7cdf-4138-ab35-5efb117d6ed9,90570b19-2f06-4764-ad42-a61ef7e542ef,8,user_comment_version,record_survey
0aab5b49-7cdf-4138-ab35-5efb117d6ed9,9350de57-9470-4046-b701-898bded7cd68,6,user_comment_version,record_survey
0aab5b49-7cdf-4138-ab35-5efb117d6ed9,9391d705-1031-4256-846a-71e373cdb3f2,7,user_comment_version,record_survey
0aab5b49-7cdf-4138-ab35-5efb117d6ed9,96444a6b-4d35-41d3-babd-dc7720173f80,8,user_comment_version,record_survey
0aab5b49-7cdf-4138-ab35-5efb117d6ed9,9c13422a-1f5c-48c8-8522-8548caab6795,6,user_comment_version,record_survey
0aab5b49-7cdf-4138-ab35-5efb117d6ed9,9c6d59c2-3f6d-4294-be6a-9ad550163fc9,8,user_comment_version,record_survey
0aab5b49-7cdf-4138-ab35-5efb117d6ed9,a1fc6186-159d-4bca-81bc-ad3593decdb8,7,user_comment_version,record_survey
0aab5b49-7cdf-4138-ab35-5efb117d6ed9,aab8ed17-2cdb-48a9-b6fc-96aa313eb3e1,7,user_comment_version,record_survey
0aab5b49-7cdf-4138-ab35-5efb117d6ed9,aad46bfa-b2ec-4e8a-a8bf-d6dd2491f212,7,user_comment_version,record_survey
0aab5b49-7cdf-4138-ab35-5efb117d6ed9,ab367ad0-2bca-4764-a465-61d0ffb3d63c,7.5,user_comment_version,record_survey
0aab5b49-7cdf-4138-ab35-5efb117d6ed9,ad47d4b9-c399-4520-9ee6-0524c8a12f6d,8.5,user_comment_version,record_survey
0aab5b49-7cdf-4138-ab35-5efb117d6ed9,b172fb89-7f3e-4de5-a00b-37e8b656d307,6,user_comment_version,record_survey
0aab5b49-7cdf-4138-ab35-5efb117d6ed9,b4ab7d9c-0def-442d-ba75-5e8dcabaa201,6,user_comment_version,record_survey
0aab5b49-7cdf-4138-ab35-5efb117d6ed9,c7a63f24-2769-4bd5-bfd0-c0d766aa2de7,7,user_comment_version,record_survey
0aab5b49-7cdf-4138-ab35-5efb117d6ed9,ca636fa7-8f30-4abd-ae8b-248a9c173f88,8,user_comment_version,record_survey
0aab5b49-7cdf-4138-ab35-5efb117d6ed9,ca94cc69-f99d-45f1-a083-7602fbaee6ad,8,user_comment_version,record_survey
0aab5b49-7cdf-4138-ab35-5efb117d6ed9,cb3a3cf6-fd38-4061-911e-a1b739aa02fb,8,user_comment_version,record_survey
0aab5b49-7cdf-4138-ab35-5efb117d6ed9,cd2f2c16-8b8c-40e4-ad35-8108fddbb9ea,8,user_comment_version,record_survey
0aab5b49-7cdf-4138-ab35-5efb117d6ed9,d139a984-cc31-4b6e-966b-bc2ead7adc7a,7,user_comment_version,record_survey
0aab5b49-7cdf-4138-ab35-5efb117d6ed9,d14a68d9-e00b-47df-af82-3f18adc62683,7,user_comment_version,record_survey
0aab5b49-7cdf-4138-ab35-5efb117d6ed9,d184d160-6edf-4688-9098-aead568c722b,8,user_comment_version,record_survey
0aab5b49-7cdf-4138-ab35-5efb117d6ed9,d3f508e0-6a03-421e-a3ff-e1bee38e72fc,8.5,user_comment_version,record_survey
0aab5b49-7cdf-4138-ab35-5efb117d6ed9,d6caf172-60d5-4173-8881-293efb503b5e,8,user_comment_version,record_survey
0aab5b49-7cdf-4138-ab35-5efb117d6ed9,db8fef34-d59e-4c58-b553-ced5fb2190ff,8,user_comment_version,record_survey
0aab5b49-7cdf-4138-ab35-5efb117d6ed9,dd2a421b-4659-41c4-a42e-c154e612cafa,8,user_comment_version,record_survey
0aab5b49-7cdf-4138-ab35-5efb117d6ed9,e0db2d64-5c68-443b-bb0a-61be3b20f9e1,6,user_comment_version,record_survey
0aab5b49-7cdf-4138-ab35-5efb117d6ed9,e1dda7eb-fd1f-4383-86bf-3b5d1ba7940e,7,user_comment_version,record_survey
0aab5b49-7cdf-4138-ab35-5efb117d6ed9,e95fba05-9a07-4fff-b9bb-840a2a8edf04,8,user_comment_version,record_survey
0aab5b49-7cdf-4138-ab35-5efb117d6ed9,e9972675-889e-44c0-b1de-5cc4c00cb557,9,user_comment_version,record_survey
0aab5b49-7cdf-4138-ab35-5efb117d6ed9,f29e28e4-4b3e-4bbf-b79f-62e57b53f15e,8,user_comment_version,record_survey
0aab5b49-7cdf-4138-ab35-5efb117d6ed9,f5831d68-f9eb-4517-81cd-72bc21e884e9,7.5,user_comment_version,record_survey
0aab5b49-7cdf-4138-ab35-5efb117d6ed9,fe09bc9d-ebe4-47e5-9e1a-845907547451,8,user_comment_version,record_survey
0aab5b49-7cdf-4138-ab35-5efb117d6ed9,ff034ccc-13c6-438e-9214-f45faaf448e5,7,user_comment_version,record_survey
0aab5b49-7cdf-4138-ab35-5efb117d6ed9,ffd76dc9-34de-4ad5-9e77-086d5e0369cf,6,user_comment_version,record_survey
0abd4ab8-ff49-4ba3-a5d5-66eb2e0de567,0b6ddcca-0b69-441c-9027-947317eea6f1,8,user_comment_version,record_survey
0abd4ab8-ff49-4ba3-a5d5-66eb2e0de567,0de9a87a-cc5f-42d8-984f-27101f824741,7,user_comment_version,record_survey
0abd4ab8-ff49-4ba3-a5d5-66eb2e0de567,0e28cae9-fd3a-4a3a-8d50-e8854908fa0a,7,user_comment_version,record_survey
0abd4ab8-ff49-4ba3-a5d5-66eb2e0de567,1394d7da-d787-4819-91d6-b8d7376972b6,8,user_comment_version,record_survey
0abd4ab8-ff49-4ba3-a5d5-66eb2e0de567,18edfda0-8fbf-4255-aa7c-fc4978c7824e,7,user_comment_version,record_survey
0abd4ab8-ff49-4ba3-a5d5-66eb2e0de567,1a8f4821-6314-44fc-bf12-66fe75e094a7,8,user_comment_version,record_survey
0abd4ab8-ff49-4ba3-a5d5-66eb2e0de567,1cdb2a0e-b456-460c-997c-0fadee3d6165,9,user_comment_version,record_survey
0abd4ab8-ff49-4ba3-a5d5-66eb2e0de567,1d579e1c-cf10-41fb-9d62-2358f1bfa25a,8,user_comment_version,record_survey
0abd4ab8-ff49-4ba3-a5d5-66eb2e0de567,1e7ecf22-2e5d-4867-a3c4-2f34d7618549,6,user_comment_version,record_survey
0abd4ab8-ff49-4ba3-a5d5-66eb2e0de567,2115947c-ac50-4846-ba00-581cee9d0787,8,user_comment_version,record_survey
0abd4ab8-ff49-4ba3-a5d5-66eb2e0de567,2a071a50-5374-4bdc-91ba-441e12fdf61b,8,user_comment_version,record_survey
0abd4ab8-ff49-4ba3-a5d5-66eb2e0de567,2a556d9c-240c-4e90-8728-9db764fad499,7.5,user_comment_version,record_survey
0abd4ab8-ff49-4ba3-a5d5-66eb2e0de567,2dabdf63-ec2f-43c6-99ca-ea793675a091,7,user_comment_version,record_survey
0abd4ab8-ff49-4ba3-a5d5-66eb2e0de567,34422ee2-d075-4876-bffb-f730fc5edd41,7,user_comment_version,record_survey
0abd4ab8-ff49-4ba3-a5d5-66eb2e0de567,35861a60-4aa4-446a-ab27-701a236672da,9,user_comment_version,record_survey
0abd4ab8-ff49-4ba3-a5d5-66eb2e0de567,3606088e-23a7-4231-936f-0ff52a27c5b2,8,user_comment_version,record_survey
0abd4ab8-ff49-4ba3-a5d5-66eb2e0de567,36b2c75d-f736-4335-bacb-f95d0824a84d,7,user_comment_version,record_survey
0abd4ab8-ff49-4ba3-a5d5-66eb2e0de567,39278e16-df64-4904-a9ac-d9bb761b067d,8.5,user_comment_version,record_survey
0abd4ab8-ff49-4ba3-a5d5-66eb2e0de567,3d5c12ef-bb5b-4bd0-8441-b5a5c7ea95e5,8,user_comment_version,record_survey
0abd4ab8-ff49-4ba3-a5d5-66eb2e0de567,3fcc2715-fbe9-4ae2-84ab-72691e83758b,7,user_comment_version,record_survey
0abd4ab8-ff49-4ba3-a5d5-66eb2e0de567,4096079d-5b5f-4fcb-9cf9-a3c5d296d1c7,8,user_comment_version,record_survey
0abd4ab8-ff49-4ba3-a5d5-66eb2e0de567,40f7243c-75c4-4b03-b2be-442f510177fe,9,user_comment_version,record_survey
0abd4ab8-ff49-4ba3-a5d5-66eb2e0de567,445ce746-9559-47a3-b159-af8559483c11,7,user_comment_version,record_survey
0abd4ab8-ff49-4ba3-a5d5-66eb2e0de567,4be2808a-2c43-4416-9643-8871a50fd469,8,user_comment_version,record_survey
0abd4ab8-ff49-4ba3-a5d5-66eb2e0de567,5ae85f01-2f01-4390-853b-24e13b260d17,6,user_comment_version,record_survey
0abd4ab8-ff49-4ba3-a5d5-66eb2e0de567,6225eaf1-0c57-410a-a09d-a0055f7e073a,8,user_comment_version,record_survey
0abd4ab8-ff49-4ba3-a5d5-66eb2e0de567,68e650eb-4b91-4ef9-b1b3-918d09b9fc11,8,user_comment_version,record_survey
0abd4ab8-ff49-4ba3-a5d5-66eb2e0de567,6f0d5270-ebcf-4949-90cc-d55a42e8fe79,8,user_comment_version,record_survey
0abd4ab8-ff49-4ba3-a5d5-66eb2e0de567,70b7b3ce-8618-426c-baa1-db33750115ce,9,user_comment_version,record_survey
0abd4ab8-ff49-4ba3-a5d5-66eb2e0de567,70bb0e41-ab6c-4379-916b-96b2ccfce1d8,7,user_comment_version,record_survey
0abd4ab8-ff49-4ba3-a5d5-66eb2e0de567,72978bf6-a73e-4223-93b3-0f4b9241bcc9,8.5,user_comment_version,record_survey
0abd4ab8-ff49-4ba3-a5d5-66eb2e0de567,76ac66d4-66c8-405f-b2a8-daca247834c2,9,user_comment_version,record_survey
0abd4ab8-ff49-4ba3-a5d5-66eb2e0de567,7a8cdf85-e529-49b2-b109-c2a5d5f100ff,9,user_comment_version,record_survey
0abd4ab8-ff49-4ba3-a5d5-66eb2e0de567,7b6534e7-ca46-4886-800c-e5f592aabf5a,7,user_comment_version,record_survey
0abd4ab8-ff49-4ba3-a5d5-66eb2e0de567,7ed18e77-e4d7-4bae-8052-8c21b30f23e7,8,user_comment_version,record_survey
0abd4ab8-ff49-4ba3-a5d5-66eb2e0de567,851a8c48-e90f-4dbe-948d-5dc12684dd3c,10,user_comment_version,record_survey
0abd4ab8-ff49-4ba3-a5d5-66eb2e0de567,88025724-e531-4bfb-9265-932ae9fe6d69,9,user_comment_version,record_survey
0abd4ab8-ff49-4ba3-a5d5-66eb2e0de567,90570b19-2f06-4764-ad42-a61ef7e542ef,8,user_comment_version,record_survey
0abd4ab8-ff49-4ba3-a5d5-66eb2e0de567,92f38085-28a3-43aa-8bde-1b4b9ecfdfd6,6,user_comment_version,record_survey
0abd4ab8-ff49-4ba3-a5d5-66eb2e0de567,9350de57-9470-4046-b701-898bded7cd68,6,user_comment_version,record_survey
0abd4ab8-ff49-4ba3-a5d5-66eb2e0de567,9391d705-1031-4256-846a-71e373cdb3f2,7.5,user_comment_version,record_survey
0abd4ab8-ff49-4ba3-a5d5-66eb2e0de567,96444a6b-4d35-41d3-babd-dc7720173f80,6,user_comment_version,record_survey
0abd4ab8-ff49-4ba3-a5d5-66eb2e0de567,a1fc6186-159d-4bca-81bc-ad3593decdb8,7,user_comment_version,record_survey
0abd4ab8-ff49-4ba3-a5d5-66eb2e0de567,aad46bfa-b2ec-4e8a-a8bf-d6dd2491f212,6,user_comment_version,record_survey
0abd4ab8-ff49-4ba3-a5d5-66eb2e0de567,ab367ad0-2bca-4764-a465-61d0ffb3d63c,7.5,user_comment_version,record_survey
0abd4ab8-ff49-4ba3-a5d5-66eb2e0de567,ad47d4b9-c399-4520-9ee6-0524c8a12f6d,8.5,user_comment_version,record_survey
0abd4ab8-ff49-4ba3-a5d5-66eb2e0de567,b172fb89-7f3e-4de5-a00b-37e8b656d307,6,user_comment_version,record_survey
0abd4ab8-ff49-4ba3-a5d5-66eb2e0de567,c7a63f24-2769-4bd5-bfd0-c0d766aa2de7,7,user_comment_version,record_survey
0abd4ab8-ff49-4ba3-a5d5-66eb2e0de567,ca94cc69-f99d-45f1-a083-7602fbaee6ad,7,user_comment_version,record_survey
0abd4ab8-ff49-4ba3-a5d5-66eb2e0de567,cd2f2c16-8b8c-40e4-ad35-8108fddbb9ea,7,user_comment_version,record_survey
0abd4ab8-ff49-4ba3-a5d5-66eb2e0de567,d01cec12-7a37-4589-9076-71419dbad65e,7,user_comment_version,record_survey
0abd4ab8-ff49-4ba3-a5d5-66eb2e0de567,d139a984-cc31-4b6e-966b-bc2ead7adc7a,7,user_comment_version,record_survey
0abd4ab8-ff49-4ba3-a5d5-66eb2e0de567,d3f508e0-6a03-421e-a3ff-e1bee38e72fc,8,user_comment_version,record_survey
0abd4ab8-ff49-4ba3-a5d5-66eb2e0de567,d6caf172-60d5-4173-8881-293efb503b5e,9,user_comment_version,record_survey
0abd4ab8-ff49-4ba3-a5d5-66eb2e0de567,db8fef34-d59e-4c58-b553-ced5fb2190ff,8,user_comment_version,record_survey
0abd4ab8-ff49-4ba3-a5d5-66eb2e0de567,dd2a421b-4659-41c4-a42e-c154e612cafa,7.5,user_comment_version,record_survey
0abd4ab8-ff49-4ba3-a5d5-66eb2e0de567,e0db2d64-5c68-443b-bb0a-61be3b20f9e1,6,user_comment_version,record_survey
0abd4ab8-ff49-4ba3-a5d5-66eb2e0de567,e95fba05-9a07-4fff-b9bb-840a2a8edf04,7,user_comment_version,record_survey
0abd4ab8-ff49-4ba3-a5d5-66eb2e0de567,e9972675-889e-44c0-b1de-5cc4c00cb557,7,user_comment_version,record_survey
0abd4ab8-ff49-4ba3-a5d5-66eb2e0de567,f29e28e4-4b3e-4bbf-b79f-62e57b53f15e,7,user_comment_version,record_survey
0abd4ab8-ff49-4ba3-a5d5-66eb2e0de567,f64ec57e-390d-4b76-8a0d-f723e80c4086,7,user_comment_version,record_survey
0abd4ab8-ff49-4ba3-a5d5-66eb2e0de567,fdb36c2b-5708-4ce6-9114-a8fefa871790,4,user_comment_version,record_survey
0abd4ab8-ff49-4ba3-a5d5-66eb2e0de567,fe09bc9d-ebe4-47e5-9e1a-845907547451,8,user_comment_version,record_survey
0abd4ab8-ff49-4ba3-a5d5-66eb2e0de567,ff034ccc-13c6-438e-9214-f45faaf448e5,9,user_comment_version,record_survey
0d5d1a0c-425c-4261-9692-94c78728688b,033b06fa-a3b3-46c8-bd3a-613848ac7be1,8,user_comment_version,record_survey
0d5d1a0c-425c-4261-9692-94c78728688b,0b6ddcca-0b69-441c-9027-947317eea6f1,7,user_comment_version,record_survey
0d5d1a0c-425c-4261-9692-94c78728688b,0de9a87a-cc5f-42d8-984f-27101f824741,5,user_comment_version,record_survey
0d5d1a0c-425c-4261-9692-94c78728688b,0e28cae9-fd3a-4a3a-8d50-e8854908fa0a,7,user_comment_version,record_survey
0d5d1a0c-425c-4261-9692-94c78728688b,1394d7da-d787-4819-91d6-b8d7376972b6,8,user_comment_version,record_survey
0d5d1a0c-425c-4261-9692-94c78728688b,18edfda0-8fbf-4255-aa7c-fc4978c7824e,7,user_comment_version,record_survey
0d5d1a0c-425c-4261-9692-94c78728688b,1a8f4821-6314-44fc-bf12-66fe75e094a7,8,user_comment_version,record_survey
0d5d1a0c-425c-4261-9692-94c78728688b,1cdb2a0e-b456-460c-997c-0fadee3d6165,8,user_comment_version,record_survey
0d5d1a0c-425c-4261-9692-94c78728688b,1d579e1c-cf10-41fb-9d62-2358f1bfa25a,9,user_comment_version,record_survey
0d5d1a0c-425c-4261-9692-94c78728688b,1e7ecf22-2e5d-4867-a3c4-2f34d7618549,8,user_comment_version,record_survey
0d5d1a0c-425c-4261-9692-94c78728688b,206bd9ed-5599-4717-83a2-62266542892d,7,user_comment_version,record_survey
0d5d1a0c-425c-4261-9692-94c78728688b,2115947c-ac50-4846-ba00-581cee9d0787,8,user_comment_version,record_survey
0d5d1a0c-425c-4261-9692-94c78728688b,2a071a50-5374-4bdc-91ba-441e12fdf61b,7,user_comment_version,record_survey
0d5d1a0c-425c-4261-9692-94c78728688b,2a556d9c-240c-4e90-8728-9db764fad499,7,user_comment_version,record_survey
0d5d1a0c-425c-4261-9692-94c78728688b,2cae4787-235d-402a-a292-e144afa47551,8,user_comment_version,record_survey
0d5d1a0c-425c-4261-9692-94c78728688b,2dabdf63-ec2f-43c6-99ca-ea793675a091,7,user_comment_version,record_survey
0d5d1a0c-425c-4261-9692-94c78728688b,34422ee2-d075-4876-bffb-f730fc5edd41,8,user_comment_version,record_survey
0d5d1a0c-425c-4261-9692-94c78728688b,35861a60-4aa4-446a-ab27-701a236672da,6,user_comment_version,record_survey
0d5d1a0c-425c-4261-9692-94c78728688b,3606088e-23a7-4231-936f-0ff52a27c5b2,8,user_comment_version,record_survey
0d5d1a0c-425c-4261-9692-94c78728688b,36b2c75d-f736-4335-bacb-f95d0824a84d,10,user_comment_version,record_survey
0d5d1a0c-425c-4261-9692-94c78728688b,39278e16-df64-4904-a9ac-d9bb761b067d,9.5,user_comment_version,record_survey
0d5d1a0c-425c-4261-9692-94c78728688b,3d5c12ef-bb5b-4bd0-8441-b5a5c7ea95e5,7.5,user_comment_version,record_survey
0d5d1a0c-425c-4261-9692-94c78728688b,3e140bd0-ee36-40ad-868c-408df08f3eaa,8,user_comment_version,record_survey
0d5d1a0c-425c-4261-9692-94c78728688b,3fcc2715-fbe9-4ae2-84ab-72691e83758b,8,user_comment_version,record_survey
0d5d1a0c-425c-4261-9692-94c78728688b,4096079d-5b5f-4fcb-9cf9-a3c5d296d1c7,7,user_comment_version,record_survey
0d5d1a0c-425c-4261-9692-94c78728688b,40f7243c-75c4-4b03-b2be-442f510177fe,8,user_comment_version,record_survey
0d5d1a0c-425c-4261-9692-94c78728688b,445ce746-9559-47a3-b159-af8559483c11,8,user_comment_version,record_survey
0d5d1a0c-425c-4261-9692-94c78728688b,4be2808a-2c43-4416-9643-8871a50fd469,9,user_comment_version,record_survey
0d5d1a0c-425c-4261-9692-94c78728688b,5a3df846-d50b-412d-8da1-eeef0324964b,8,user_comment_version,record_survey
0d5d1a0c-425c-4261-9692-94c78728688b,5ae85f01-2f01-4390-853b-24e13b260d17,7,user_comment_version,record_survey
0d5d1a0c-425c-4261-9692-94c78728688b,6225eaf1-0c57-410a-a09d-a0055f7e073a,8.5,user_comment_version,record_survey
0d5d1a0c-425c-4261-9692-94c78728688b,6410ac46-7d76-4bd5-989c-0f74e49f7ab9,9,user_comment_version,record_survey
0d5d1a0c-425c-4261-9692-94c78728688b,68e650eb-4b91-4ef9-b1b3-918d09b9fc11,7,user_comment_version,record_survey
0d5d1a0c-425c-4261-9692-94c78728688b,6c0fd3cb-bdab-48cb-aa3a-15e7f1662592,8,user_comment_version,record_survey
0d5d1a0c-425c-4261-9692-94c78728688b,6f0d5270-ebcf-4949-90cc-d55a42e8fe79,6,user_comment_version,record_survey
0d5d1a0c-425c-4261-9692-94c78728688b,70ab807b-1fc5-4db5-9b4b-5fb5a5d664f7,8,user_comment_version,record_survey
0d5d1a0c-425c-4261-9692-94c78728688b,70b7b3ce-8618-426c-baa1-db33750115ce,8,user_comment_version,record_survey
0d5d1a0c-425c-4261-9692-94c78728688b,70bb0e41-ab6c-4379-916b-96b2ccfce1d8,8,user_comment_version,record_survey
0d5d1a0c-425c-4261-9692-94c78728688b,72978bf6-a73e-4223-93b3-0f4b9241bcc9,8.5,user_comment_version,record_survey
0d5d1a0c-425c-4261-9692-94c78728688b,76ac66d4-66c8-405f-b2a8-daca247834c2,8,user_comment_version,record_survey
0d5d1a0c-425c-4261-9692-94c78728688b,7a8cdf85-e529-49b2-b109-c2a5d5f100ff,8,user_comment_version,record_survey
0d5d1a0c-425c-4261-9692-94c78728688b,7b6534e7-ca46-4886-800c-e5f592aabf5a,9,user_comment_version,record_survey
0d5d1a0c-425c-4261-9692-94c78728688b,7ed18e77-e4d7-4bae-8052-8c21b30f23e7,9,user_comment_version,record_survey
0d5d1a0c-425c-4261-9692-94c78728688b,851a8c48-e90f-4dbe-948d-5dc12684dd3c,9,user_comment_version,record_survey
0d5d1a0c-425c-4261-9692-94c78728688b,88025724-e531-4bfb-9265-932ae9fe6d69,8,user_comment_version,record_survey
0d5d1a0c-425c-4261-9692-94c78728688b,88ef87d5-d66e-452c-be94-71d7392fbcff,7,user_comment_version,record_survey
0d5d1a0c-425c-4261-9692-94c78728688b,899bc0e9-b560-4acd-8b68-9d6c6904fdb8,10,user_comment_version,record_survey
0d5d1a0c-425c-4261-9692-94c78728688b,8a4a0ca5-8cfd-4e56-aad1-70cdfb098b26,9,user_comment_version,record_survey
0d5d1a0c-425c-4261-9692-94c78728688b,8e54ad2a-863f-440e-aab0-18a6db46d92b,7,user_comment_version,record_survey
0d5d1a0c-425c-4261-9692-94c78728688b,90570b19-2f06-4764-ad42-a61ef7e542ef,8,user_comment_version,record_survey
0d5d1a0c-425c-4261-9692-94c78728688b,9350de57-9470-4046-b701-898bded7cd68,7,user_comment_version,record_survey
0d5d1a0c-425c-4261-9692-94c78728688b,9391d705-1031-4256-846a-71e373cdb3f2,9,user_comment_version,record_survey
0d5d1a0c-425c-4261-9692-94c78728688b,96444a6b-4d35-41d3-babd-dc7720173f80,7,user_comment_version,record_survey
0d5d1a0c-425c-4261-9692-94c78728688b,9c13422a-1f5c-48c8-8522-8548caab6795,7,user_comment_version,record_survey
0d5d1a0c-425c-4261-9692-94c78728688b,9c6d59c2-3f6d-4294-be6a-9ad550163fc9,8,user_comment_version,record_survey
0d5d1a0c-425c-4261-9692-94c78728688b,a1fc6186-159d-4bca-81bc-ad3593decdb8,7,user_comment_version,record_survey
0d5d1a0c-425c-4261-9692-94c78728688b,aab8ed17-2cdb-48a9-b6fc-96aa313eb3e1,7,user_comment_version,record_survey
0d5d1a0c-425c-4261-9692-94c78728688b,aad46bfa-b2ec-4e8a-a8bf-d6dd2491f212,7,user_comment_version,record_survey
0d5d1a0c-425c-4261-9692-94c78728688b,ab367ad0-2bca-4764-a465-61d0ffb3d63c,7,user_comment_version,record_survey
0d5d1a0c-425c-4261-9692-94c78728688b,ad47d4b9-c399-4520-9ee6-0524c8a12f6d,9,user_comment_version,record_survey
0d5d1a0c-425c-4261-9692-94c78728688b,b172fb89-7f3e-4de5-a00b-37e8b656d307,6,user_comment_version,record_survey
0d5d1a0c-425c-4261-9692-94c78728688b,b4ab7d9c-0def-442d-ba75-5e8dcabaa201,7,user_comment_version,record_survey
0d5d1a0c-425c-4261-9692-94c78728688b,c7a63f24-2769-4bd5-bfd0-c0d766aa2de7,7,user_comment_version,record_survey
0d5d1a0c-425c-4261-9692-94c78728688b,ca636fa7-8f30-4abd-ae8b-248a9c173f88,8,user_comment_version,record_survey
0d5d1a0c-425c-4261-9692-94c78728688b,ca94cc69-f99d-45f1-a083-7602fbaee6ad,9,user_comment_version,record_survey
0d5d1a0c-425c-4261-9692-94c78728688b,cb3a3cf6-fd38-4061-911e-a1b739aa02fb,7,user_comment_version,record_survey
0d5d1a0c-425c-4261-9692-94c78728688b,cd2f2c16-8b8c-40e4-ad35-8108fddbb9ea,8,user_comment_version,record_survey
0d5d1a0c-425c-4261-9692-94c78728688b,d139a984-cc31-4b6e-966b-bc2ead7adc7a,7,user_comment_version,record_survey
0d5d1a0c-425c-4261-9692-94c78728688b,d14a68d9-e00b-47df-af82-3f18adc62683,7,user_comment_version,record_survey
0d5d1a0c-425c-4261-9692-94c78728688b,d184d160-6edf-4688-9098-aead568c722b,8,user_comment_version,record_survey
0d5d1a0c-425c-4261-9692-94c78728688b,d3f508e0-6a03-421e-a3ff-e1bee38e72fc,7.5,user_comment_version,record_survey
0d5d1a0c-425c-4261-9692-94c78728688b,d6caf172-60d5-4173-8881-293efb503b5e,8,user_comment_version,record_survey
0d5d1a0c-425c-4261-9692-94c78728688b,db8fef34-d59e-4c58-b553-ced5fb2190ff,8,user_comment_version,record_survey
0d5d1a0c-425c-4261-9692-94c78728688b,dd2a421b-4659-41c4-a42e-c154e612cafa,8.5,user_comment_version,record_survey
0d5d1a0c-425c-4261-9692-94c78728688b,e0db2d64-5c68-443b-bb0a-61be3b20f9e1,8,user_comment_version,record_survey
0d5d1a0c-425c-4261-9692-94c78728688b,e1dda7eb-fd1f-4383-86bf-3b5d1ba7940e,7,user_comment_version,record_survey
0d5d1a0c-425c-4261-9692-94c78728688b,e95fba05-9a07-4fff-b9bb-840a2a8edf04,8,user_comment_version,record_survey
0d5d1a0c-425c-4261-9692-94c78728688b,e9972675-889e-44c0-b1de-5cc4c00cb557,8,user_comment_version,record_survey
0d5d1a0c-425c-4261-9692-94c78728688b,f29e28e4-4b3e-4bbf-b79f-62e57b53f15e,8.5,user_comment_version,record_survey
0d5d1a0c-425c-4261-9692-94c78728688b,f5831d68-f9eb-4517-81cd-72bc21e884e9,7.5,user_comment_version,record_survey
0d5d1a0c-425c-4261-9692-94c78728688b,fe09bc9d-ebe4-47e5-9e1a-845907547451,9,user_comment_version,record_survey
0d5d1a0c-425c-4261-9692-94c78728688b,ff034ccc-13c6-438e-9214-f45faaf448e5,7,user_comment_version,record_survey
0d5d1a0c-425c-4261-9692-94c78728688b,ffd76dc9-34de-4ad5-9e77-086d5e0369cf,7,user_comment_version,record_survey
0f632710-abec-4f10-9738-4352de47a4b6,033b06fa-a3b3-46c8-bd3a-613848ac7be1,8,user_comment_version,record_survey
0f632710-abec-4f10-9738-4352de47a4b6,0b6ddcca-0b69-441c-9027-947317eea6f1,8,user_comment_version,record_survey
0f632710-abec-4f10-9738-4352de47a4b6,0de9a87a-cc5f-42d8-984f-27101f824741,7,user_comment_version,record_survey
0f632710-abec-4f10-9738-4352de47a4b6,0e28cae9-fd3a-4a3a-8d50-e8854908fa0a,8,user_comment_version,record_survey
0f632710-abec-4f10-9738-4352de47a4b6,1394d7da-d787-4819-91d6-b8d7376972b6,8.5,user_comment_version,record_survey
0f632710-abec-4f10-9738-4352de47a4b6,18edfda0-8fbf-4255-aa7c-fc4978c7824e,6,user_comment_version,record_survey
0f632710-abec-4f10-9738-4352de47a4b6,1a8f4821-6314-44fc-bf12-66fe75e094a7,8,user_comment_version,record_survey
0f632710-abec-4f10-9738-4352de47a4b6,1cdb2a0e-b456-460c-997c-0fadee3d6165,7,user_comment_version,record_survey
0f632710-abec-4f10-9738-4352de47a4b6,1d579e1c-cf10-41fb-9d62-2358f1bfa25a,8,user_comment_version,record_survey
0f632710-abec-4f10-9738-4352de47a4b6,1e7ecf22-2e5d-4867-a3c4-2f34d7618549,8,user_comment_version,record_survey
0f632710-abec-4f10-9738-4352de47a4b6,206bd9ed-5599-4717-83a2-62266542892d,6,user_comment_version,record_survey
0f632710-abec-4f10-9738-4352de47a4b6,2115947c-ac50-4846-ba00-581cee9d0787,8,user_comment_version,record_survey
0f632710-abec-4f10-9738-4352de47a4b6,2a071a50-5374-4bdc-91ba-441e12fdf61b,7.5,user_comment_version,record_survey
0f632710-abec-4f10-9738-4352de47a4b6,2a556d9c-240c-4e90-8728-9db764fad499,9,user_comment_version,record_survey
0f632710-abec-4f10-9738-4352de47a4b6,2cae4787-235d-402a-a292-e144afa47551,8,user_comment_version,record_survey
0f632710-abec-4f10-9738-4352de47a4b6,2dabdf63-ec2f-43c6-99ca-ea793675a091,7,user_comment_version,record_survey
0f632710-abec-4f10-9738-4352de47a4b6,34422ee2-d075-4876-bffb-f730fc5edd41,7,user_comment_version,record_survey
0f632710-abec-4f10-9738-4352de47a4b6,35861a60-4aa4-446a-ab27-701a236672da,6,user_comment_version,record_survey
0f632710-abec-4f10-9738-4352de47a4b6,3606088e-23a7-4231-936f-0ff52a27c5b2,8,user_comment_version,record_survey
0f632710-abec-4f10-9738-4352de47a4b6,36b2c75d-f736-4335-bacb-f95d0824a84d,6,user_comment_version,record_survey
0f632710-abec-4f10-9738-4352de47a4b6,39278e16-df64-4904-a9ac-d9bb761b067d,9.5,user_comment_version,record_survey
0f632710-abec-4f10-9738-4352de47a4b6,3d5c12ef-bb5b-4bd0-8441-b5a5c7ea95e5,8,user_comment_version,record_survey
0f632710-abec-4f10-9738-4352de47a4b6,3e140bd0-ee36-40ad-868c-408df08f3eaa,7,user_comment_version,record_survey
0f632710-abec-4f10-9738-4352de47a4b6,3fcc2715-fbe9-4ae2-84ab-72691e83758b,7,user_comment_version,record_survey
0f632710-abec-4f10-9738-4352de47a4b6,4096079d-5b5f-4fcb-9cf9-a3c5d296d1c7,7,user_comment_version,record_survey
0f632710-abec-4f10-9738-4352de47a4b6,40f7243c-75c4-4b03-b2be-442f510177fe,8,user_comment_version,record_survey
0f632710-abec-4f10-9738-4352de47a4b6,445ce746-9559-47a3-b159-af8559483c11,8,user_comment_version,record_survey
0f632710-abec-4f10-9738-4352de47a4b6,4be2808a-2c43-4416-9643-8871a50fd469,7,user_comment_version,record_survey
0f632710-abec-4f10-9738-4352de47a4b6,5a3df846-d50b-412d-8da1-eeef0324964b,8,user_comment_version,record_survey
0f632710-abec-4f10-9738-4352de47a4b6,5ae85f01-2f01-4390-853b-24e13b260d17,8,user_comment_version,record_survey
0f632710-abec-4f10-9738-4352de47a4b6,6225eaf1-0c57-410a-a09d-a0055f7e073a,8.5,user_comment_version,record_survey
0f632710-abec-4f10-9738-4352de47a4b6,6410ac46-7d76-4bd5-989c-0f74e49f7ab9,8,user_comment_version,record_survey
0f632710-abec-4f10-9738-4352de47a4b6,68e650eb-4b91-4ef9-b1b3-918d09b9fc11,7,user_comment_version,record_survey
0f632710-abec-4f10-9738-4352de47a4b6,6c0fd3cb-bdab-48cb-aa3a-15e7f1662592,7,user_comment_version,record_survey
0f632710-abec-4f10-9738-4352de47a4b6,6f0d5270-ebcf-4949-90cc-d55a42e8fe79,7,user_comment_version,record_survey
0f632710-abec-4f10-9738-4352de47a4b6,70ab807b-1fc5-4db5-9b4b-5fb5a5d664f7,7,user_comment_version,record_survey
0f632710-abec-4f10-9738-4352de47a4b6,70b7b3ce-8618-426c-baa1-db33750115ce,8,user_comment_version,record_survey
0f632710-abec-4f10-9738-4352de47a4b6,70bb0e41-ab6c-4379-916b-96b2ccfce1d8,7,user_comment_version,record_survey
0f632710-abec-4f10-9738-4352de47a4b6,72978bf6-a73e-4223-93b3-0f4b9241bcc9,8.5,user_comment_version,record_survey
0f632710-abec-4f10-9738-4352de47a4b6,76ac66d4-66c8-405f-b2a8-daca247834c2,7.5,user_comment_version,record_survey
0f632710-abec-4f10-9738-4352de47a4b6,7a8cdf85-e529-49b2-b109-c2a5d5f100ff,9,user_comment_version,record_survey
0f632710-abec-4f10-9738-4352de47a4b6,7b6534e7-ca46-4886-800c-e5f592aabf5a,8.5,user_comment_version,record_survey
0f632710-abec-4f10-9738-4352de47a4b6,7ed18e77-e4d7-4bae-8052-8c21b30f23e7,8,user_comment_version,record_survey
0f632710-abec-4f10-9738-4352de47a4b6,851a8c48-e90f-4dbe-948d-5dc12684dd3c,9,user_comment_version,record_survey
0f632710-abec-4f10-9738-4352de47a4b6,88025724-e531-4bfb-9265-932ae9fe6d69,8.5,user_comment_version,record_survey
0f632710-abec-4f10-9738-4352de47a4b6,88ef87d5-d66e-452c-be94-71d7392fbcff,7,user_comment_version,record_survey
0f632710-abec-4f10-9738-4352de47a4b6,899bc0e9-b560-4acd-8b68-9d6c6904fdb8,7,user_comment_version,record_survey
0f632710-abec-4f10-9738-4352de47a4b6,8a4a0ca5-8cfd-4e56-aad1-70cdfb098b26,8,user_comment_version,record_survey
0f632710-abec-4f10-9738-4352de47a4b6,8e54ad2a-863f-440e-aab0-18a6db46d92b,9,user_comment_version,record_survey
0f632710-abec-4f10-9738-4352de47a4b6,90570b19-2f06-4764-ad42-a61ef7e542ef,8.5,user_comment_version,record_survey
0f632710-abec-4f10-9738-4352de47a4b6,9350de57-9470-4046-b701-898bded7cd68,6,user_comment_version,record_survey
0f632710-abec-4f10-9738-4352de47a4b6,9391d705-1031-4256-846a-71e373cdb3f2,9,user_comment_version,record_survey
0f632710-abec-4f10-9738-4352de47a4b6,96444a6b-4d35-41d3-babd-dc7720173f80,7,user_comment_version,record_survey
0f632710-abec-4f10-9738-4352de47a4b6,9c13422a-1f5c-48c8-8522-8548caab6795,6,user_comment_version,record_survey
0f632710-abec-4f10-9738-4352de47a4b6,9c6d59c2-3f6d-4294-be6a-9ad550163fc9,7,user_comment_version,record_survey
0f632710-abec-4f10-9738-4352de47a4b6,a1fc6186-159d-4bca-81bc-ad3593decdb8,7,user_comment_version,record_survey
0f632710-abec-4f10-9738-4352de47a4b6,aab8ed17-2cdb-48a9-b6fc-96aa313eb3e1,7,user_comment_version,record_survey
0f632710-abec-4f10-9738-4352de47a4b6,aad46bfa-b2ec-4e8a-a8bf-d6dd2491f212,7,user_comment_version,record_survey
0f632710-abec-4f10-9738-4352de47a4b6,ab367ad0-2bca-4764-a465-61d0ffb3d63c,7.5,user_comment_version,record_survey
0f632710-abec-4f10-9738-4352de47a4b6,ad47d4b9-c399-4520-9ee6-0524c8a12f6d,8,user_comment_version,record_survey
0f632710-abec-4f10-9738-4352de47a4b6,b172fb89-7f3e-4de5-a00b-37e8b656d307,7,user_comment_version,record_survey
0f632710-abec-4f10-9738-4352de47a4b6,b4ab7d9c-0def-442d-ba75-5e8dcabaa201,6,user_comment_version,record_survey
0f632710-abec-4f10-9738-4352de47a4b6,c7a63f24-2769-4bd5-bfd0-c0d766aa2de7,9,user_comment_version,record_survey
0f632710-abec-4f10-9738-4352de47a4b6,ca636fa7-8f30-4abd-ae8b-248a9c173f88,8,user_comment_version,record_survey
0f632710-abec-4f10-9738-4352de47a4b6,ca94cc69-f99d-45f1-a083-7602fbaee6ad,7,user_comment_version,record_survey
0f632710-abec-4f10-9738-4352de47a4b6,cb3a3cf6-fd38-4061-911e-a1b739aa02fb,7,user_comment_version,record_survey
0f632710-abec-4f10-9738-4352de47a4b6,cd2f2c16-8b8c-40e4-ad35-8108fddbb9ea,7,user_comment_version,record_survey
0f632710-abec-4f10-9738-4352de47a4b6,d139a984-cc31-4b6e-966b-bc2ead7adc7a,7,user_comment_version,record_survey
0f632710-abec-4f10-9738-4352de47a4b6,d14a68d9-e00b-47df-af82-3f18adc62683,8,user_comment_version,record_survey
0f632710-abec-4f10-9738-4352de47a4b6,d184d160-6edf-4688-9098-aead568c722b,9,user_comment_version,record_survey
0f632710-abec-4f10-9738-4352de47a4b6,d3f508e0-6a03-421e-a3ff-e1bee38e72fc,8.5,user_comment_version,record_survey
0f632710-abec-4f10-9738-4352de47a4b6,d6caf172-60d5-4173-8881-293efb503b5e,8,user_comment_version,record_survey
0f632710-abec-4f10-9738-4352de47a4b6,db8fef34-d59e-4c58-b553-ced5fb2190ff,8,user_comment_version,record_survey
0f632710-abec-4f10-9738-4352de47a4b6,dd2a421b-4659-41c4-a42e-c154e612cafa,8,user_comment_version,record_survey
0f632710-abec-4f10-9738-4352de47a4b6,e0db2d64-5c68-443b-bb0a-61be3b20f9e1,7,user_comment_version,record_survey
0f632710-abec-4f10-9738-4352de47a4b6,e1dda7eb-fd1f-4383-86bf-3b5d1ba7940e,6,user_comment_version,record_survey
0f632710-abec-4f10-9738-4352de47a4b6,e95fba05-9a07-4fff-b9bb-840a2a8edf04,8,user_comment_version,record_survey
0f632710-abec-4f10-9738-4352de47a4b6,e9972675-889e-44c0-b1de-5cc4c00cb557,9,user_comment_version,record_survey
0f632710-abec-4f10-9738-4352de47a4b6,f29e28e4-4b3e-4bbf-b79f-62e57b53f15e,8,user_comment_version,record_survey
0f632710-abec-4f10-9738-4352de47a4b6,f5831d68-f9eb-4517-81cd-72bc21e884e9,7,user_comment_version,record_survey
0f632710-abec-4f10-9738-4352de47a4b6,fe09bc9d-ebe4-47e5-9e1a-845907547451,8.5,user_comment_version,record_survey
0f632710-abec-4f10-9738-4352de47a4b6,ff034ccc-13c6-438e-9214-f45faaf448e5,8,user_comment_version,record_survey
0f632710-abec-4f10-9738-4352de47a4b6,ffd76dc9-34de-4ad5-9e77-086d5e0369cf,7,user_comment_version,record_survey
16dcc021-7691-4ce1-837f-e78e3606d135,0b6ddcca-0b69-441c-9027-947317eea6f1,7,user_comment_version,record_survey
16dcc021-7691-4ce1-837f-e78e3606d135,16d6aff6-2197-4409-97e2-6320131736f0,8,user_comment_version,record_survey
16dcc021-7691-4ce1-837f-e78e3606d135,1cdb2a0e-b456-460c-997c-0fadee3d6165,8,user_comment_version,record_survey
16dcc021-7691-4ce1-837f-e78e3606d135,1d579e1c-cf10-41fb-9d62-2358f1bfa25a,7,user_comment_version,record_survey
16dcc021-7691-4ce1-837f-e78e3606d135,1e7ecf22-2e5d-4867-a3c4-2f34d7618549,7,user_comment_version,record_survey
16dcc021-7691-4ce1-837f-e78e3606d135,2a071a50-5374-4bdc-91ba-441e12fdf61b,8.5,user_comment_version,record_survey
16dcc021-7691-4ce1-837f-e78e3606d135,2a556d9c-240c-4e90-8728-9db764fad499,7,user_comment_version,record_survey
16dcc021-7691-4ce1-837f-e78e3606d135,31125a01-8c64-45f3-92e5-70c889f66b90,8,user_comment_version,record_survey
16dcc021-7691-4ce1-837f-e78e3606d135,3464c058-e99a-47f4-b0f7-99f85817eb3c,6,user_comment_version,record_survey
16dcc021-7691-4ce1-837f-e78e3606d135,39278e16-df64-4904-a9ac-d9bb761b067d,8.5,user_comment_version,record_survey
16dcc021-7691-4ce1-837f-e78e3606d135,3d5c12ef-bb5b-4bd0-8441-b5a5c7ea95e5,7,user_comment_version,record_survey
16dcc021-7691-4ce1-837f-e78e3606d135,4096079d-5b5f-4fcb-9cf9-a3c5d296d1c7,8,user_comment_version,record_survey
16dcc021-7691-4ce1-837f-e78e3606d135,445ce746-9559-47a3-b159-af8559483c11,8,user_comment_version,record_survey
16dcc021-7691-4ce1-837f-e78e3606d135,44b0c411-d3ba-4402-84a7-6a3d8591d352,8,user_comment_version,record_survey
16dcc021-7691-4ce1-837f-e78e3606d135,4be2808a-2c43-4416-9643-8871a50fd469,8,user_comment_version,record_survey
16dcc021-7691-4ce1-837f-e78e3606d135,5ae85f01-2f01-4390-853b-24e13b260d17,7,user_comment_version,record_survey
16dcc021-7691-4ce1-837f-e78e3606d135,6c0fd3cb-bdab-48cb-aa3a-15e7f1662592,7,user_comment_version,record_survey
16dcc021-7691-4ce1-837f-e78e3606d135,7b6534e7-ca46-4886-800c-e5f592aabf5a,8,user_comment_version,record_survey
16dcc021-7691-4ce1-837f-e78e3606d135,7f8c7782-d50e-4864-8ac5-febc7abef14c,8.5,user_comment_version,record_survey
16dcc021-7691-4ce1-837f-e78e3606d135,827be525-a4f4-4d6a-a426-226458bf8c27,9,user_comment_version,record_survey
16dcc021-7691-4ce1-837f-e78e3606d135,851a8c48-e90f-4dbe-948d-5dc12684dd3c,7,user_comment_version,record_survey
16dcc021-7691-4ce1-837f-e78e3606d135,899bc0e9-b560-4acd-8b68-9d6c6904fdb8,9,user_comment_version,record_survey
16dcc021-7691-4ce1-837f-e78e3606d135,90570b19-2f06-4764-ad42-a61ef7e542ef,8.3,user_comment_version,record_survey
16dcc021-7691-4ce1-837f-e78e3606d135,92f38085-28a3-43aa-8bde-1b4b9ecfdfd6,8,user_comment_version,record_survey
16dcc021-7691-4ce1-837f-e78e3606d135,9391d705-1031-4256-846a-71e373cdb3f2,8,user_comment_version,record_survey
16dcc021-7691-4ce1-837f-e78e3606d135,ad47d4b9-c399-4520-9ee6-0524c8a12f6d,8,user_comment_version,record_survey
16dcc021-7691-4ce1-837f-e78e3606d135,b172fb89-7f3e-4de5-a00b-37e8b656d307,7,user_comment_version,record_survey
16dcc021-7691-4ce1-837f-e78e3606d135,ba144548-adef-4b40-8881-b6c499d57dd2,9,user_comment_version,record_survey
16dcc021-7691-4ce1-837f-e78e3606d135,bd6cfcba-edf0-4b05-8017-66598fced454,7,user_comment_version,record_survey
16dcc021-7691-4ce1-837f-e78e3606d135,cb3a3cf6-fd38-4061-911e-a1b739aa02fb,7,user_comment_version,record_survey
16dcc021-7691-4ce1-837f-e78e3606d135,d139a984-cc31-4b6e-966b-bc2ead7adc7a,9,user_comment_version,record_survey
16dcc021-7691-4ce1-837f-e78e3606d135,d184d160-6edf-4688-9098-aead568c722b,8,user_comment_version,record_survey
16dcc021-7691-4ce1-837f-e78e3606d135,d2af8312-0d05-486c-b0a5-eb78ed9413ed,8,user_comment_version,record_survey
16dcc021-7691-4ce1-837f-e78e3606d135,f29e28e4-4b3e-4bbf-b79f-62e57b53f15e,8,user_comment_version,record_survey
16dcc021-7691-4ce1-837f-e78e3606d135,f5831d68-f9eb-4517-81cd-72bc21e884e9,8,user_comment_version,record_survey
16dcc021-7691-4ce1-837f-e78e3606d135,f64ec57e-390d-4b76-8a0d-f723e80c4086,8,user_comment_version,record_survey
16dcc021-7691-4ce1-837f-e78e3606d135,f92f8ca8-765d-4c14-9c9d-5afd7b994c3c,7,user_comment_version,record_survey
16dcc021-7691-4ce1-837f-e78e3606d135,ff034ccc-13c6-438e-9214-f45faaf448e5,8,user_comment_version,record_survey
1afd94fb-5a53-4c00-8910-e0712b3e4e27,033b06fa-a3b3-46c8-bd3a-613848ac7be1,7,user_comment_version,record_survey
1afd94fb-5a53-4c00-8910-e0712b3e4e27,0b6ddcca-0b69-441c-9027-947317eea6f1,7,user_comment_version,record_survey
1afd94fb-5a53-4c00-8910-e0712b3e4e27,0de9a87a-cc5f-42d8-984f-27101f824741,8,user_comment_version,record_survey
1afd94fb-5a53-4c00-8910-e0712b3e4e27,0e28cae9-fd3a-4a3a-8d50-e8854908fa0a,8,user_comment_version,record_survey
1afd94fb-5a53-4c00-8910-e0712b3e4e27,1394d7da-d787-4819-91d6-b8d7376972b6,8.5,user_comment_version,record_survey
1afd94fb-5a53-4c00-8910-e0712b3e4e27,18edfda0-8fbf-4255-aa7c-fc4978c7824e,7,user_comment_version,record_survey
1afd94fb-5a53-4c00-8910-e0712b3e4e27,1a8f4821-6314-44fc-bf12-66fe75e094a7,7,user_comment_version,record_survey
1afd94fb-5a53-4c00-8910-e0712b3e4e27,1cdb2a0e-b456-460c-997c-0fadee3d6165,8,user_comment_version,record_survey
1afd94fb-5a53-4c00-8910-e0712b3e4e27,1d579e1c-cf10-41fb-9d62-2358f1bfa25a,9,user_comment_version,record_survey
1afd94fb-5a53-4c00-8910-e0712b3e4e27,1e7ecf22-2e5d-4867-a3c4-2f34d7618549,8,user_comment_version,record_survey
1afd94fb-5a53-4c00-8910-e0712b3e4e27,206bd9ed-5599-4717-83a2-62266542892d,8,user_comment_version,record_survey
1afd94fb-5a53-4c00-8910-e0712b3e4e27,2115947c-ac50-4846-ba00-581cee9d0787,8,user_comment_version,record_survey
1afd94fb-5a53-4c00-8910-e0712b3e4e27,2a071a50-5374-4bdc-91ba-441e12fdf61b,7.5,user_comment_version,record_survey
1afd94fb-5a53-4c00-8910-e0712b3e4e27,2a556d9c-240c-4e90-8728-9db764fad499,8,user_comment_version,record_survey
1afd94fb-5a53-4c00-8910-e0712b3e4e27,2cae4787-235d-402a-a292-e144afa47551,9,user_comment_version,record_survey
1afd94fb-5a53-4c00-8910-e0712b3e4e27,2dabdf63-ec2f-43c6-99ca-ea793675a091,7,user_comment_version,record_survey
1afd94fb-5a53-4c00-8910-e0712b3e4e27,34422ee2-d075-4876-bffb-f730fc5edd41,8,user_comment_version,record_survey
1afd94fb-5a53-4c00-8910-e0712b3e4e27,35861a60-4aa4-446a-ab27-701a236672da,6,user_comment_version,record_survey
1afd94fb-5a53-4c00-8910-e0712b3e4e27,3606088e-23a7-4231-936f-0ff52a27c5b2,8,user_comment_version,record_survey
1afd94fb-5a53-4c00-8910-e0712b3e4e27,36b2c75d-f736-4335-bacb-f95d0824a84d,6,user_comment_version,record_survey
1afd94fb-5a53-4c00-8910-e0712b3e4e27,39278e16-df64-4904-a9ac-d9bb761b067d,9.5,user_comment_version,record_survey
1afd94fb-5a53-4c00-8910-e0712b3e4e27,3d5c12ef-bb5b-4bd0-8441-b5a5c7ea95e5,7,user_comment_version,record_survey
1afd94fb-5a53-4c00-8910-e0712b3e4e27,3e140bd0-ee36-40ad-868c-408df08f3eaa,7,user_comment_version,record_survey
1afd94fb-5a53-4c00-8910-e0712b3e4e27,3fcc2715-fbe9-4ae2-84ab-72691e83758b,8,user_comment_version,record_survey
1afd94fb-5a53-4c00-8910-e0712b3e4e27,4096079d-5b5f-4fcb-9cf9-a3c5d296d1c7,7,user_comment_version,record_survey
1afd94fb-5a53-4c00-8910-e0712b3e4e27,40f7243c-75c4-4b03-b2be-442f510177fe,7,user_comment_version,record_survey
1afd94fb-5a53-4c00-8910-e0712b3e4e27,445ce746-9559-47a3-b159-af8559483c11,8,user_comment_version,record_survey
1afd94fb-5a53-4c00-8910-e0712b3e4e27,4be2808a-2c43-4416-9643-8871a50fd469,8,user_comment_version,record_survey
1afd94fb-5a53-4c00-8910-e0712b3e4e27,5a3df846-d50b-412d-8da1-eeef0324964b,7,user_comment_version,record_survey
1afd94fb-5a53-4c00-8910-e0712b3e4e27,5ae85f01-2f01-4390-853b-24e13b260d17,7,user_comment_version,record_survey
1afd94fb-5a53-4c00-8910-e0712b3e4e27,6225eaf1-0c57-410a-a09d-a0055f7e073a,8,user_comment_version,record_survey
1afd94fb-5a53-4c00-8910-e0712b3e4e27,6410ac46-7d76-4bd5-989c-0f74e49f7ab9,8,user_comment_version,record_survey
1afd94fb-5a53-4c00-8910-e0712b3e4e27,68e650eb-4b91-4ef9-b1b3-918d09b9fc11,7,user_comment_version,record_survey
1afd94fb-5a53-4c00-8910-e0712b3e4e27,6c0fd3cb-bdab-48cb-aa3a-15e7f1662592,7,user_comment_version,record_survey
1afd94fb-5a53-4c00-8910-e0712b3e4e27,6f0d5270-ebcf-4949-90cc-d55a42e8fe79,7,user_comment_version,record_survey
1afd94fb-5a53-4c00-8910-e0712b3e4e27,70ab807b-1fc5-4db5-9b4b-5fb5a5d664f7,8,user_comment_version,record_survey
1afd94fb-5a53-4c00-8910-e0712b3e4e27,70b7b3ce-8618-426c-baa1-db33750115ce,9,user_comment_version,record_survey
1afd94fb-5a53-4c00-8910-e0712b3e4e27,70bb0e41-ab6c-4379-916b-96b2ccfce1d8,7.5,user_comment_version,record_survey
1afd94fb-5a53-4c00-8910-e0712b3e4e27,72978bf6-a73e-4223-93b3-0f4b9241bcc9,8.5,user_comment_version,record_survey
1afd94fb-5a53-4c00-8910-e0712b3e4e27,76ac66d4-66c8-405f-b2a8-daca247834c2,8,user_comment_version,record_survey
1afd94fb-5a53-4c00-8910-e0712b3e4e27,7a8cdf85-e529-49b2-b109-c2a5d5f100ff,9,user_comment_version,record_survey
1afd94fb-5a53-4c00-8910-e0712b3e4e27,7b6534e7-ca46-4886-800c-e5f592aabf5a,8.5,user_comment_version,record_survey
1afd94fb-5a53-4c00-8910-e0712b3e4e27,7ed18e77-e4d7-4bae-8052-8c21b30f23e7,9,user_comment_version,record_survey
1afd94fb-5a53-4c00-8910-e0712b3e4e27,851a8c48-e90f-4dbe-948d-5dc12684dd3c,9,user_comment_version,record_survey
1afd94fb-5a53-4c00-8910-e0712b3e4e27,88025724-e531-4bfb-9265-932ae9fe6d69,9,user_comment_version,record_survey
1afd94fb-5a53-4c00-8910-e0712b3e4e27,88ef87d5-d66e-452c-be94-71d7392fbcff,7,user_comment_version,record_survey
1afd94fb-5a53-4c00-8910-e0712b3e4e27,899bc0e9-b560-4acd-8b68-9d6c6904fdb8,8,user_comment_version,record_survey
1afd94fb-5a53-4c00-8910-e0712b3e4e27,8a4a0ca5-8cfd-4e56-aad1-70cdfb098b26,9,user_comment_version,record_survey
1afd94fb-5a53-4c00-8910-e0712b3e4e27,8e54ad2a-863f-440e-aab0-18a6db46d92b,9,user_comment_version,record_survey
1afd94fb-5a53-4c00-8910-e0712b3e4e27,90570b19-2f06-4764-ad42-a61ef7e542ef,8,user_comment_version,record_survey
1afd94fb-5a53-4c00-8910-e0712b3e4e27,9350de57-9470-4046-b701-898bded7cd68,8,user_comment_version,record_survey
1afd94fb-5a53-4c00-8910-e0712b3e4e27,9391d705-1031-4256-846a-71e373cdb3f2,7,user_comment_version,record_survey
1afd94fb-5a53-4c00-8910-e0712b3e4e27,96444a6b-4d35-41d3-babd-dc7720173f80,7,user_comment_version,record_survey
1afd94fb-5a53-4c00-8910-e0712b3e4e27,9c13422a-1f5c-48c8-8522-8548caab6795,7,user_comment_version,record_survey
1afd94fb-5a53-4c00-8910-e0712b3e4e27,9c6d59c2-3f6d-4294-be6a-9ad550163fc9,7,user_comment_version,record_survey
1afd94fb-5a53-4c00-8910-e0712b3e4e27,a1fc6186-159d-4bca-81bc-ad3593decdb8,6,user_comment_version,record_survey
1afd94fb-5a53-4c00-8910-e0712b3e4e27,aab8ed17-2cdb-48a9-b6fc-96aa313eb3e1,8,user_comment_version,record_survey
1afd94fb-5a53-4c00-8910-e0712b3e4e27,aad46bfa-b2ec-4e8a-a8bf-d6dd2491f212,7,user_comment_version,record_survey
1afd94fb-5a53-4c00-8910-e0712b3e4e27,ab367ad0-2bca-4764-a465-61d0ffb3d63c,7,user_comment_version,record_survey
1afd94fb-5a53-4c00-8910-e0712b3e4e27,ad47d4b9-c399-4520-9ee6-0524c8a12f6d,7.8,user_comment_version,record_survey
1afd94fb-5a53-4c00-8910-e0712b3e4e27,b172fb89-7f3e-4de5-a00b-37e8b656d307,6,user_comment_version,record_survey
1afd94fb-5a53-4c00-8910-e0712b3e4e27,b4ab7d9c-0def-442d-ba75-5e8dcabaa201,7,user_comment_version,record_survey
1afd94fb-5a53-4c00-8910-e0712b3e4e27,c7a63f24-2769-4bd5-bfd0-c0d766aa2de7,6,user_comment_version,record_survey
1afd94fb-5a53-4c00-8910-e0712b3e4e27,ca636fa7-8f30-4abd-ae8b-248a9c173f88,8,user_comment_version,record_survey
1afd94fb-5a53-4c00-8910-e0712b3e4e27,ca94cc69-f99d-45f1-a083-7602fbaee6ad,9,user_comment_version,record_survey
1afd94fb-5a53-4c00-8910-e0712b3e4e27,cb3a3cf6-fd38-4061-911e-a1b739aa02fb,8,user_comment_version,record_survey
1afd94fb-5a53-4c00-8910-e0712b3e4e27,cd2f2c16-8b8c-40e4-ad35-8108fddbb9ea,7,user_comment_version,record_survey
1afd94fb-5a53-4c00-8910-e0712b3e4e27,d139a984-cc31-4b6e-966b-bc2ead7adc7a,9,user_comment_version,record_survey
1afd94fb-5a53-4c00-8910-e0712b3e4e27,d14a68d9-e00b-47df-af82-3f18adc62683,7,user_comment_version,record_survey
1afd94fb-5a53-4c00-8910-e0712b3e4e27,d184d160-6edf-4688-9098-aead568c722b,8,user_comment_version,record_survey
1afd94fb-5a53-4c00-8910-e0712b3e4e27,d3f508e0-6a03-421e-a3ff-e1bee38e72fc,8.5,user_comment_version,record_survey
1afd94fb-5a53-4c00-8910-e0712b3e4e27,d6caf172-60d5-4173-8881-293efb503b5e,9,user_comment_version,record_survey
1afd94fb-5a53-4c00-8910-e0712b3e4e27,db8fef34-d59e-4c58-b553-ced5fb2190ff,8,user_comment_version,record_survey
1afd94fb-5a53-4c00-8910-e0712b3e4e27,dd2a421b-4659-41c4-a42e-c154e612cafa,8.5,user_comment_version,record_survey
1afd94fb-5a53-4c00-8910-e0712b3e4e27,e0db2d64-5c68-443b-bb0a-61be3b20f9e1,7,user_comment_version,record_survey
1afd94fb-5a53-4c00-8910-e0712b3e4e27,e1dda7eb-fd1f-4383-86bf-3b5d1ba7940e,6,user_comment_version,record_survey
1afd94fb-5a53-4c00-8910-e0712b3e4e27,e95fba05-9a07-4fff-b9bb-840a2a8edf04,8,user_comment_version,record_survey
1afd94fb-5a53-4c00-8910-e0712b3e4e27,e9972675-889e-44c0-b1de-5cc4c00cb557,7,user_comment_version,record_survey
1afd94fb-5a53-4c00-8910-e0712b3e4e27,f29e28e4-4b3e-4bbf-b79f-62e57b53f15e,8.5,user_comment_version,record_survey
1afd94fb-5a53-4c00-8910-e0712b3e4e27,f5831d68-f9eb-4517-81cd-72bc21e884e9,6.5,user_comment_version,record_survey
1afd94fb-5a53-4c00-8910-e0712b3e4e27,fe09bc9d-ebe4-47e5-9e1a-845907547451,9,user_comment_version,record_survey
1afd94fb-5a53-4c00-8910-e0712b3e4e27,ff034ccc-13c6-438e-9214-f45faaf448e5,9,user_comment_version,record_survey
1afd94fb-5a53-4c00-8910-e0712b3e4e27,ffd76dc9-34de-4ad5-9e77-086d5e0369cf,6,user_comment_version,record_survey
1cf1a6b6-e4fa-4731-b3ae-a1d44fc0b33a,033b06fa-a3b3-46c8-bd3a-613848ac7be1,9,user_comment_version,record_survey
1cf1a6b6-e4fa-4731-b3ae-a1d44fc0b33a,0b6ddcca-0b69-441c-9027-947317eea6f1,9,user_comment_version,record_survey
1cf1a6b6-e4fa-4731-b3ae-a1d44fc0b33a,0de9a87a-cc5f-42d8-984f-27101f824741,6,user_comment_version,record_survey
1cf1a6b6-e4fa-4731-b3ae-a1d44fc0b33a,0e28cae9-fd3a-4a3a-8d50-e8854908fa0a,7,user_comment_version,record_survey
1cf1a6b6-e4fa-4731-b3ae-a1d44fc0b33a,1394d7da-d787-4819-91d6-b8d7376972b6,8,user_comment_version,record_survey
1cf1a6b6-e4fa-4731-b3ae-a1d44fc0b33a,18edfda0-8fbf-4255-aa7c-fc4978c7824e,6,user_comment_version,record_survey
1cf1a6b6-e4fa-4731-b3ae-a1d44fc0b33a,1a8f4821-6314-44fc-bf12-66fe75e094a7,7,user_comment_version,record_survey
1cf1a6b6-e4fa-4731-b3ae-a1d44fc0b33a,1cdb2a0e-b456-460c-997c-0fadee3d6165,8,user_comment_version,record_survey
1cf1a6b6-e4fa-4731-b3ae-a1d44fc0b33a,1d579e1c-cf10-41fb-9d62-2358f1bfa25a,7,user_comment_version,record_survey
1cf1a6b6-e4fa-4731-b3ae-a1d44fc0b33a,1e7ecf22-2e5d-4867-a3c4-2f34d7618549,7,user_comment_version,record_survey
1cf1a6b6-e4fa-4731-b3ae-a1d44fc0b33a,206bd9ed-5599-4717-83a2-62266542892d,7,user_comment_version,record_survey
1cf1a6b6-e4fa-4731-b3ae-a1d44fc0b33a,2115947c-ac50-4846-ba00-581cee9d0787,8,user_comment_version,record_survey
1cf1a6b6-e4fa-4731-b3ae-a1d44fc0b33a,2a071a50-5374-4bdc-91ba-441e12fdf61b,7.5,user_comment_version,record_survey
1cf1a6b6-e4fa-4731-b3ae-a1d44fc0b33a,2a556d9c-240c-4e90-8728-9db764fad499,7,user_comment_version,record_survey
1cf1a6b6-e4fa-4731-b3ae-a1d44fc0b33a,2cae4787-235d-402a-a292-e144afa47551,9,user_comment_version,record_survey
1cf1a6b6-e4fa-4731-b3ae-a1d44fc0b33a,2dabdf63-ec2f-43c6-99ca-ea793675a091,6,user_comment_version,record_survey
1cf1a6b6-e4fa-4731-b3ae-a1d44fc0b33a,34422ee2-d075-4876-bffb-f730fc5edd41,7,user_comment_version,record_survey
1cf1a6b6-e4fa-4731-b3ae-a1d44fc0b33a,35861a60-4aa4-446a-ab27-701a236672da,6,user_comment_version,record_survey
1cf1a6b6-e4fa-4731-b3ae-a1d44fc0b33a,3606088e-23a7-4231-936f-0ff52a27c5b2,8,user_comment_version,record_survey
1cf1a6b6-e4fa-4731-b3ae-a1d44fc0b33a,36b2c75d-f736-4335-bacb-f95d0824a84d,7,user_comment_version,record_survey
1cf1a6b6-e4fa-4731-b3ae-a1d44fc0b33a,39278e16-df64-4904-a9ac-d9bb761b067d,9,user_comment_version,record_survey
1cf1a6b6-e4fa-4731-b3ae-a1d44fc0b33a,3d5c12ef-bb5b-4bd0-8441-b5a5c7ea95e5,8,user_comment_version,record_survey
1cf1a6b6-e4fa-4731-b3ae-a1d44fc0b33a,3e140bd0-ee36-40ad-868c-408df08f3eaa,8,user_comment_version,record_survey
1cf1a6b6-e4fa-4731-b3ae-a1d44fc0b33a,3fcc2715-fbe9-4ae2-84ab-72691e83758b,8,user_comment_version,record_survey
1cf1a6b6-e4fa-4731-b3ae-a1d44fc0b33a,4096079d-5b5f-4fcb-9cf9-a3c5d296d1c7,8,user_comment_version,record_survey
1cf1a6b6-e4fa-4731-b3ae-a1d44fc0b33a,40f7243c-75c4-4b03-b2be-442f510177fe,7,user_comment_version,record_survey
1cf1a6b6-e4fa-4731-b3ae-a1d44fc0b33a,445ce746-9559-47a3-b159-af8559483c11,8,user_comment_version,record_survey
1cf1a6b6-e4fa-4731-b3ae-a1d44fc0b33a,4be2808a-2c43-4416-9643-8871a50fd469,7,user_comment_version,record_survey
1cf1a6b6-e4fa-4731-b3ae-a1d44fc0b33a,5a3df846-d50b-412d-8da1-eeef0324964b,8,user_comment_version,record_survey
1cf1a6b6-e4fa-4731-b3ae-a1d44fc0b33a,5ae85f01-2f01-4390-853b-24e13b260d17,7,user_comment_version,record_survey
1cf1a6b6-e4fa-4731-b3ae-a1d44fc0b33a,6225eaf1-0c57-410a-a09d-a0055f7e073a,8,user_comment_version,record_survey
1cf1a6b6-e4fa-4731-b3ae-a1d44fc0b33a,6410ac46-7d76-4bd5-989c-0f74e49f7ab9,8,user_comment_version,record_survey
1cf1a6b6-e4fa-4731-b3ae-a1d44fc0b33a,68e650eb-4b91-4ef9-b1b3-918d09b9fc11,7,user_comment_version,record_survey
1cf1a6b6-e4fa-4731-b3ae-a1d44fc0b33a,699fcbc2-3358-44e7-b718-47493a0e55ec,8,user_comment_version,record_survey
1cf1a6b6-e4fa-4731-b3ae-a1d44fc0b33a,6c0fd3cb-bdab-48cb-aa3a-15e7f1662592,8,user_comment_version,record_survey
1cf1a6b6-e4fa-4731-b3ae-a1d44fc0b33a,6f0d5270-ebcf-4949-90cc-d55a42e8fe79,8,user_comment_version,record_survey
1cf1a6b6-e4fa-4731-b3ae-a1d44fc0b33a,70ab807b-1fc5-4db5-9b4b-5fb5a5d664f7,8,user_comment_version,record_survey
1cf1a6b6-e4fa-4731-b3ae-a1d44fc0b33a,70b7b3ce-8618-426c-baa1-db33750115ce,9,user_comment_version,record_survey
1cf1a6b6-e4fa-4731-b3ae-a1d44fc0b33a,70bb0e41-ab6c-4379-916b-96b2ccfce1d8,7,user_comment_version,record_survey
1cf1a6b6-e4fa-4731-b3ae-a1d44fc0b33a,72978bf6-a73e-4223-93b3-0f4b9241bcc9,8,user_comment_version,record_survey
1cf1a6b6-e4fa-4731-b3ae-a1d44fc0b33a,76ac66d4-66c8-405f-b2a8-daca247834c2,9,user_comment_version,record_survey
1cf1a6b6-e4fa-4731-b3ae-a1d44fc0b33a,7a8cdf85-e529-49b2-b109-c2a5d5f100ff,9,user_comment_version,record_survey
1cf1a6b6-e4fa-4731-b3ae-a1d44fc0b33a,7b6534e7-ca46-4886-800c-e5f592aabf5a,8,user_comment_version,record_survey
1cf1a6b6-e4fa-4731-b3ae-a1d44fc0b33a,7ed18e77-e4d7-4bae-8052-8c21b30f23e7,8,user_comment_version,record_survey
1cf1a6b6-e4fa-4731-b3ae-a1d44fc0b33a,851a8c48-e90f-4dbe-948d-5dc12684dd3c,10,user_comment_version,record_survey
1cf1a6b6-e4fa-4731-b3ae-a1d44fc0b33a,88025724-e531-4bfb-9265-932ae9fe6d69,7,user_comment_version,record_survey
1cf1a6b6-e4fa-4731-b3ae-a1d44fc0b33a,88ef87d5-d66e-452c-be94-71d7392fbcff,7,user_comment_version,record_survey
1cf1a6b6-e4fa-4731-b3ae-a1d44fc0b33a,899bc0e9-b560-4acd-8b68-9d6c6904fdb8,9,user_comment_version,record_survey
1cf1a6b6-e4fa-4731-b3ae-a1d44fc0b33a,8a4a0ca5-8cfd-4e56-aad1-70cdfb098b26,8,user_comment_version,record_survey
1cf1a6b6-e4fa-4731-b3ae-a1d44fc0b33a,8e54ad2a-863f-440e-aab0-18a6db46d92b,9,user_comment_version,record_survey
1cf1a6b6-e4fa-4731-b3ae-a1d44fc0b33a,90570b19-2f06-4764-ad42-a61ef7e542ef,8.5,user_comment_version,record_survey
1cf1a6b6-e4fa-4731-b3ae-a1d44fc0b33a,9350de57-9470-4046-b701-898bded7cd68,8,user_comment_version,record_survey
1cf1a6b6-e4fa-4731-b3ae-a1d44fc0b33a,9391d705-1031-4256-846a-71e373cdb3f2,7,user_comment_version,record_survey
1cf1a6b6-e4fa-4731-b3ae-a1d44fc0b33a,96444a6b-4d35-41d3-babd-dc7720173f80,8,user_comment_version,record_survey
1cf1a6b6-e4fa-4731-b3ae-a1d44fc0b33a,9c13422a-1f5c-48c8-8522-8548caab6795,7,user_comment_version,record_survey
1cf1a6b6-e4fa-4731-b3ae-a1d44fc0b33a,9c6d59c2-3f6d-4294-be6a-9ad550163fc9,7,user_comment_version,record_survey
1cf1a6b6-e4fa-4731-b3ae-a1d44fc0b33a,a1fc6186-159d-4bca-81bc-ad3593decdb8,6,user_comment_version,record_survey
1cf1a6b6-e4fa-4731-b3ae-a1d44fc0b33a,aab8ed17-2cdb-48a9-b6fc-96aa313eb3e1,9,user_comment_version,record_survey
1cf1a6b6-e4fa-4731-b3ae-a1d44fc0b33a,aad46bfa-b2ec-4e8a-a8bf-d6dd2491f212,8,user_comment_version,record_survey
1cf1a6b6-e4fa-4731-b3ae-a1d44fc0b33a,ab367ad0-2bca-4764-a465-61d0ffb3d63c,7,user_comment_version,record_survey
1cf1a6b6-e4fa-4731-b3ae-a1d44fc0b33a,ad47d4b9-c399-4520-9ee6-0524c8a12f6d,8.3,user_comment_version,record_survey
1cf1a6b6-e4fa-4731-b3ae-a1d44fc0b33a,b172fb89-7f3e-4de5-a00b-37e8b656d307,8,user_comment_version,record_survey
1cf1a6b6-e4fa-4731-b3ae-a1d44fc0b33a,b4ab7d9c-0def-442d-ba75-5e8dcabaa201,8,user_comment_version,record_survey
1cf1a6b6-e4fa-4731-b3ae-a1d44fc0b33a,c7a63f24-2769-4bd5-bfd0-c0d766aa2de7,7,user_comment_version,record_survey
1cf1a6b6-e4fa-4731-b3ae-a1d44fc0b33a,ca636fa7-8f30-4abd-ae8b-248a9c173f88,8,user_comment_version,record_survey
1cf1a6b6-e4fa-4731-b3ae-a1d44fc0b33a,ca94cc69-f99d-45f1-a083-7602fbaee6ad,9,user_comment_version,record_survey
1cf1a6b6-e4fa-4731-b3ae-a1d44fc0b33a,cb3a3cf6-fd38-4061-911e-a1b739aa02fb,7,user_comment_version,record_survey
1cf1a6b6-e4fa-4731-b3ae-a1d44fc0b33a,cd2f2c16-8b8c-40e4-ad35-8108fddbb9ea,8,user_comment_version,record_survey
1cf1a6b6-e4fa-4731-b3ae-a1d44fc0b33a,d139a984-cc31-4b6e-966b-bc2ead7adc7a,9,user_comment_version,record_survey
1cf1a6b6-e4fa-4731-b3ae-a1d44fc0b33a,d14a68d9-e00b-47df-af82-3f18adc62683,8,user_comment_version,record_survey
1cf1a6b6-e4fa-4731-b3ae-a1d44fc0b33a,d184d160-6edf-4688-9098-aead568c722b,8,user_comment_version,record_survey
1cf1a6b6-e4fa-4731-b3ae-a1d44fc0b33a,d3f508e0-6a03-421e-a3ff-e1bee38e72fc,8,user_comment_version,record_survey
1cf1a6b6-e4fa-4731-b3ae-a1d44fc0b33a,d6caf172-60d5-4173-8881-293efb503b5e,8,user_comment_version,record_survey
1cf1a6b6-e4fa-4731-b3ae-a1d44fc0b33a,db8fef34-d59e-4c58-b553-ced5fb2190ff,8,user_comment_version,record_survey
1cf1a6b6-e4fa-4731-b3ae-a1d44fc0b33a,dd2a421b-4659-41c4-a42e-c154e612cafa,9,user_comment_version,record_survey
1cf1a6b6-e4fa-4731-b3ae-a1d44fc0b33a,e0db2d64-5c68-443b-bb0a-61be3b20f9e1,7,user_comment_version,record_survey
1cf1a6b6-e4fa-4731-b3ae-a1d44fc0b33a,e1dda7eb-fd1f-4383-86bf-3b5d1ba7940e,7,user_comment_version,record_survey
1cf1a6b6-e4fa-4731-b3ae-a1d44fc0b33a,e95fba05-9a07-4fff-b9bb-840a2a8edf04,7,user_comment_version,record_survey
1cf1a6b6-e4fa-4731-b3ae-a1d44fc0b33a,e9972675-889e-44c0-b1de-5cc4c00cb557,8,user_comment_version,record_survey
1cf1a6b6-e4fa-4731-b3ae-a1d44fc0b33a,f29e28e4-4b3e-4bbf-b79f-62e57b53f15e,9,user_comment_version,record_survey
1cf1a6b6-e4fa-4731-b3ae-a1d44fc0b33a,f5831d68-f9eb-4517-81cd-72bc21e884e9,7,user_comment_version,record_survey
1cf1a6b6-e4fa-4731-b3ae-a1d44fc0b33a,fdb36c2b-5708-4ce6-9114-a8fefa871790,8,user_comment_version,record_survey
1cf1a6b6-e4fa-4731-b3ae-a1d44fc0b33a,fe09bc9d-ebe4-47e5-9e1a-845907547451,9,user_comment_version,record_survey
1cf1a6b6-e4fa-4731-b3ae-a1d44fc0b33a,ff034ccc-13c6-438e-9214-f45faaf448e5,9,user_comment_version,record_survey
1cf1a6b6-e4fa-4731-b3ae-a1d44fc0b33a,ffd76dc9-34de-4ad5-9e77-086d5e0369cf,6,user_comment_version,record_survey
1d5e8426-eee8-4c47-b74a-227673710b9b,033b06fa-a3b3-46c8-bd3a-613848ac7be1,7,user_comment_version,record_survey
1d5e8426-eee8-4c47-b74a-227673710b9b,0de9a87a-cc5f-42d8-984f-27101f824741,8,user_comment_version,record_survey
1d5e8426-eee8-4c47-b74a-227673710b9b,0e28cae9-fd3a-4a3a-8d50-e8854908fa0a,8,user_comment_version,record_survey
1d5e8426-eee8-4c47-b74a-227673710b9b,1394d7da-d787-4819-91d6-b8d7376972b6,8,user_comment_version,record_survey
1d5e8426-eee8-4c47-b74a-227673710b9b,16d6aff6-2197-4409-97e2-6320131736f0,8,user_comment_version,record_survey
1d5e8426-eee8-4c47-b74a-227673710b9b,1a8f4821-6314-44fc-bf12-66fe75e094a7,8,user_comment_version,record_survey
1d5e8426-eee8-4c47-b74a-227673710b9b,1cdb2a0e-b456-460c-997c-0fadee3d6165,8.25,user_comment_version,record_survey
1d5e8426-eee8-4c47-b74a-227673710b9b,1d579e1c-cf10-41fb-9d62-2358f1bfa25a,8,user_comment_version,record_survey
1d5e8426-eee8-4c47-b74a-227673710b9b,1e7ecf22-2e5d-4867-a3c4-2f34d7618549,7,user_comment_version,record_survey
1d5e8426-eee8-4c47-b74a-227673710b9b,2115947c-ac50-4846-ba00-581cee9d0787,8,user_comment_version,record_survey
1d5e8426-eee8-4c47-b74a-227673710b9b,2a071a50-5374-4bdc-91ba-441e12fdf61b,8.3,user_comment_version,record_survey
1d5e8426-eee8-4c47-b74a-227673710b9b,2a556d9c-240c-4e90-8728-9db764fad499,7,user_comment_version,record_survey
1d5e8426-eee8-4c47-b74a-227673710b9b,30b48b1a-edbc-44bd-ad97-90aa2b7b6363,8,user_comment_version,record_survey
1d5e8426-eee8-4c47-b74a-227673710b9b,31125a01-8c64-45f3-92e5-70c889f66b90,8,user_comment_version,record_survey
1d5e8426-eee8-4c47-b74a-227673710b9b,34422ee2-d075-4876-bffb-f730fc5edd41,8,user_comment_version,record_survey
1d5e8426-eee8-4c47-b74a-227673710b9b,35861a60-4aa4-446a-ab27-701a236672da,7,user_comment_version,record_survey
1d5e8426-eee8-4c47-b74a-227673710b9b,3d5c12ef-bb5b-4bd0-8441-b5a5c7ea95e5,8,user_comment_version,record_survey
1d5e8426-eee8-4c47-b74a-227673710b9b,3fcc2715-fbe9-4ae2-84ab-72691e83758b,9,user_comment_version,record_survey
1d5e8426-eee8-4c47-b74a-227673710b9b,4096079d-5b5f-4fcb-9cf9-a3c5d296d1c7,8,user_comment_version,record_survey
1d5e8426-eee8-4c47-b74a-227673710b9b,40f7243c-75c4-4b03-b2be-442f510177fe,8,user_comment_version,record_survey
1d5e8426-eee8-4c47-b74a-227673710b9b,445ce746-9559-47a3-b159-af8559483c11,8,user_comment_version,record_survey
1d5e8426-eee8-4c47-b74a-227673710b9b,44b0c411-d3ba-4402-84a7-6a3d8591d352,8,user_comment_version,record_survey
1d5e8426-eee8-4c47-b74a-227673710b9b,4be2808a-2c43-4416-9643-8871a50fd469,7,user_comment_version,record_survey
1d5e8426-eee8-4c47-b74a-227673710b9b,5504c544-9b1a-4792-8b6a-c43e043ac227,8,user_comment_version,record_survey
1d5e8426-eee8-4c47-b74a-227673710b9b,5a3df846-d50b-412d-8da1-eeef0324964b,9,user_comment_version,record_survey
1d5e8426-eee8-4c47-b74a-227673710b9b,5ae85f01-2f01-4390-853b-24e13b260d17,8,user_comment_version,record_survey
1d5e8426-eee8-4c47-b74a-227673710b9b,68a2d75c-2765-4ba8-b18b-a6c0f2d9c618,8.5,user_comment_version,record_survey
1d5e8426-eee8-4c47-b74a-227673710b9b,68e650eb-4b91-4ef9-b1b3-918d09b9fc11,7,user_comment_version,record_survey
1d5e8426-eee8-4c47-b74a-227673710b9b,6c0fd3cb-bdab-48cb-aa3a-15e7f1662592,8,user_comment_version,record_survey
1d5e8426-eee8-4c47-b74a-227673710b9b,6f0d5270-ebcf-4949-90cc-d55a42e8fe79,8,user_comment_version,record_survey
1d5e8426-eee8-4c47-b74a-227673710b9b,70b7b3ce-8618-426c-baa1-db33750115ce,9,user_comment_version,record_survey
1d5e8426-eee8-4c47-b74a-227673710b9b,70bb0e41-ab6c-4379-916b-96b2ccfce1d8,8,user_comment_version,record_survey
1d5e8426-eee8-4c47-b74a-227673710b9b,72978bf6-a73e-4223-93b3-0f4b9241bcc9,7,user_comment_version,record_survey
1d5e8426-eee8-4c47-b74a-227673710b9b,7a8cdf85-e529-49b2-b109-c2a5d5f100ff,9,user_comment_version,record_survey
1d5e8426-eee8-4c47-b74a-227673710b9b,7b6534e7-ca46-4886-800c-e5f592aabf5a,9,user_comment_version,record_survey
1d5e8426-eee8-4c47-b74a-227673710b9b,7ed18e77-e4d7-4bae-8052-8c21b30f23e7,8,user_comment_version,record_survey
1d5e8426-eee8-4c47-b74a-227673710b9b,7f8c7782-d50e-4864-8ac5-febc7abef14c,8,user_comment_version,record_survey
1d5e8426-eee8-4c47-b74a-227673710b9b,851a8c48-e90f-4dbe-948d-5dc12684dd3c,8,user_comment_version,record_survey
1d5e8426-eee8-4c47-b74a-227673710b9b,88ef87d5-d66e-452c-be94-71d7392fbcff,7,user_comment_version,record_survey
1d5e8426-eee8-4c47-b74a-227673710b9b,899bc0e9-b560-4acd-8b68-9d6c6904fdb8,9,user_comment_version,record_survey
1d5e8426-eee8-4c47-b74a-227673710b9b,8a4a0ca5-8cfd-4e56-aad1-70cdfb098b26,8,user_comment_version,record_survey
1d5e8426-eee8-4c47-b74a-227673710b9b,8e37faa9-8f8b-4581-9531-5b1de66d8ae3,8.5,user_comment_version,record_survey
1d5e8426-eee8-4c47-b74a-227673710b9b,8e54ad2a-863f-440e-aab0-18a6db46d92b,9,user_comment_version,record_survey
1d5e8426-eee8-4c47-b74a-227673710b9b,90570b19-2f06-4764-ad42-a61ef7e542ef,8.3,user_comment_version,record_survey
1d5e8426-eee8-4c47-b74a-227673710b9b,92f38085-28a3-43aa-8bde-1b4b9ecfdfd6,7,user_comment_version,record_survey
1d5e8426-eee8-4c47-b74a-227673710b9b,9350de57-9470-4046-b701-898bded7cd68,8,user_comment_version,record_survey
1d5e8426-eee8-4c47-b74a-227673710b9b,9391d705-1031-4256-846a-71e373cdb3f2,9,user_comment_version,record_survey
1d5e8426-eee8-4c47-b74a-227673710b9b,9b7926a1-a6d2-43e4-a29b-29576509ed3f,8,user_comment_version,record_survey
1d5e8426-eee8-4c47-b74a-227673710b9b,9d22edc0-7f6e-4b7a-8d9d-c62b49f8b6ba,8,user_comment_version,record_survey
1d5e8426-eee8-4c47-b74a-227673710b9b,aab8ed17-2cdb-48a9-b6fc-96aa313eb3e1,8,user_comment_version,record_survey
1d5e8426-eee8-4c47-b74a-227673710b9b,ab367ad0-2bca-4764-a465-61d0ffb3d63c,7,user_comment_version,record_survey
1d5e8426-eee8-4c47-b74a-227673710b9b,ad47d4b9-c399-4520-9ee6-0524c8a12f6d,8.3,user_comment_version,record_survey
1d5e8426-eee8-4c47-b74a-227673710b9b,b172fb89-7f3e-4de5-a00b-37e8b656d307,6,user_comment_version,record_survey
1d5e8426-eee8-4c47-b74a-227673710b9b,b4ab7d9c-0def-442d-ba75-5e8dcabaa201,9,user_comment_version,record_survey
1d5e8426-eee8-4c47-b74a-227673710b9b,ba144548-adef-4b40-8881-b6c499d57dd2,8.5,user_comment_version,record_survey
1d5e8426-eee8-4c47-b74a-227673710b9b,bd6cfcba-edf0-4b05-8017-66598fced454,7,user_comment_version,record_survey
1d5e8426-eee8-4c47-b74a-227673710b9b,bf7a0684-b71f-4bae-a176-76e300692b44,8,user_comment_version,record_survey
1d5e8426-eee8-4c47-b74a-227673710b9b,c425d1ed-0790-4a08-9475-4e52378d9349,10,user_comment_version,record_survey
1d5e8426-eee8-4c47-b74a-227673710b9b,ca636fa7-8f30-4abd-ae8b-248a9c173f88,8,user_comment_version,record_survey
1d5e8426-eee8-4c47-b74a-227673710b9b,cae334cd-8a41-43a0-a95f-d62a47e6fb71,9,user_comment_version,record_survey
1d5e8426-eee8-4c47-b74a-227673710b9b,cb3a3cf6-fd38-4061-911e-a1b739aa02fb,9,user_comment_version,record_survey
1d5e8426-eee8-4c47-b74a-227673710b9b,cfd1a89c-79d4-4317-a8ef-452daf3da77f,8,user_comment_version,record_survey
1d5e8426-eee8-4c47-b74a-227673710b9b,d139a984-cc31-4b6e-966b-bc2ead7adc7a,8,user_comment_version,record_survey
1d5e8426-eee8-4c47-b74a-227673710b9b,d2af8312-0d05-486c-b0a5-eb78ed9413ed,8,user_comment_version,record_survey
1d5e8426-eee8-4c47-b74a-227673710b9b,d3f508e0-6a03-421e-a3ff-e1bee38e72fc,8,user_comment_version,record_survey
1d5e8426-eee8-4c47-b74a-227673710b9b,d850a2bd-d0e4-43ac-a771-2af66690dcd7,7,user_comment_version,record_survey
1d5e8426-eee8-4c47-b74a-227673710b9b,dd2a421b-4659-41c4-a42e-c154e612cafa,8,user_comment_version,record_survey
1d5e8426-eee8-4c47-b74a-227673710b9b,e1dda7eb-fd1f-4383-86bf-3b5d1ba7940e,7,user_comment_version,record_survey
1d5e8426-eee8-4c47-b74a-227673710b9b,e62773ca-d8ed-4b53-9712-2616b1f58eff,8.5,user_comment_version,record_survey
1d5e8426-eee8-4c47-b74a-227673710b9b,e95fba05-9a07-4fff-b9bb-840a2a8edf04,8,user_comment_version,record_survey
1d5e8426-eee8-4c47-b74a-227673710b9b,e9972675-889e-44c0-b1de-5cc4c00cb557,8,user_comment_version,record_survey
1d5e8426-eee8-4c47-b74a-227673710b9b,ea8c12ce-acd6-4556-8bb2-1d76aab6c7e9,8,user_comment_version,record_survey
1d5e8426-eee8-4c47-b74a-227673710b9b,f29e28e4-4b3e-4bbf-b79f-62e57b53f15e,10,user_comment_version,record_survey
1d5e8426-eee8-4c47-b74a-227673710b9b,f5831d68-f9eb-4517-81cd-72bc21e884e9,9,user_comment_version,record_survey
1d5e8426-eee8-4c47-b74a-227673710b9b,f64ec57e-390d-4b76-8a0d-f723e80c4086,7,user_comment_version,record_survey
1d5e8426-eee8-4c47-b74a-227673710b9b,f8fcc80a-cc18-4f35-b43a-dc1088bd25ab,8,user_comment_version,record_survey
1d5e8426-eee8-4c47-b74a-227673710b9b,f92f8ca8-765d-4c14-9c9d-5afd7b994c3c,8,user_comment_version,record_survey
1d5e8426-eee8-4c47-b74a-227673710b9b,fdb36c2b-5708-4ce6-9114-a8fefa871790,8,user_comment_version,record_survey
1d5e8426-eee8-4c47-b74a-227673710b9b,fe09bc9d-ebe4-47e5-9e1a-845907547451,8.5,user_comment_version,record_survey
1d5e8426-eee8-4c47-b74a-227673710b9b,ff034ccc-13c6-438e-9214-f45faaf448e5,8,user_comment_version,record_survey
1d5e8426-eee8-4c47-b74a-227673710b9b,ff598cdb-fb96-45db-92b4-11a8b3dc364d,8,user_comment_version,record_survey
1d5e8426-eee8-4c47-b74a-227673710b9b,ffd76dc9-34de-4ad5-9e77-086d5e0369cf,9,user_comment_version,record_survey
220d4442-c12d-41fa-aa29-8d3ed6c6d8a8,033b06fa-a3b3-46c8-bd3a-613848ac7be1,8,user_comment_version,record_survey
220d4442-c12d-41fa-aa29-8d3ed6c6d8a8,0b6ddcca-0b69-441c-9027-947317eea6f1,8,user_comment_version,record_survey
220d4442-c12d-41fa-aa29-8d3ed6c6d8a8,0de9a87a-cc5f-42d8-984f-27101f824741,7,user_comment_version,record_survey
220d4442-c12d-41fa-aa29-8d3ed6c6d8a8,0e28cae9-fd3a-4a3a-8d50-e8854908fa0a,8,user_comment_version,record_survey
220d4442-c12d-41fa-aa29-8d3ed6c6d8a8,1394d7da-d787-4819-91d6-b8d7376972b6,8,user_comment_version,record_survey
220d4442-c12d-41fa-aa29-8d3ed6c6d8a8,18edfda0-8fbf-4255-aa7c-fc4978c7824e,7,user_comment_version,record_survey
220d4442-c12d-41fa-aa29-8d3ed6c6d8a8,1a8f4821-6314-44fc-bf12-66fe75e094a7,8,user_comment_version,record_survey
220d4442-c12d-41fa-aa29-8d3ed6c6d8a8,1cdb2a0e-b456-460c-997c-0fadee3d6165,7,user_comment_version,record_survey
220d4442-c12d-41fa-aa29-8d3ed6c6d8a8,1d579e1c-cf10-41fb-9d62-2358f1bfa25a,8,user_comment_version,record_survey
220d4442-c12d-41fa-aa29-8d3ed6c6d8a8,1e7ecf22-2e5d-4867-a3c4-2f34d7618549,8,user_comment_version,record_survey
220d4442-c12d-41fa-aa29-8d3ed6c6d8a8,206bd9ed-5599-4717-83a2-62266542892d,8,user_comment_version,record_survey
220d4442-c12d-41fa-aa29-8d3ed6c6d8a8,2115947c-ac50-4846-ba00-581cee9d0787,8,user_comment_version,record_survey
220d4442-c12d-41fa-aa29-8d3ed6c6d8a8,2a071a50-5374-4bdc-91ba-441e12fdf61b,7,user_comment_version,record_survey
220d4442-c12d-41fa-aa29-8d3ed6c6d8a8,2a556d9c-240c-4e90-8728-9db764fad499,7,user_comment_version,record_survey
220d4442-c12d-41fa-aa29-8d3ed6c6d8a8,2cae4787-235d-402a-a292-e144afa47551,9,user_comment_version,record_survey
220d4442-c12d-41fa-aa29-8d3ed6c6d8a8,2dabdf63-ec2f-43c6-99ca-ea793675a091,6,user_comment_version,record_survey
220d4442-c12d-41fa-aa29-8d3ed6c6d8a8,34422ee2-d075-4876-bffb-f730fc5edd41,7,user_comment_version,record_survey
220d4442-c12d-41fa-aa29-8d3ed6c6d8a8,35861a60-4aa4-446a-ab27-701a236672da,7,user_comment_version,record_survey
220d4442-c12d-41fa-aa29-8d3ed6c6d8a8,3606088e-23a7-4231-936f-0ff52a27c5b2,8,user_comment_version,record_survey
220d4442-c12d-41fa-aa29-8d3ed6c6d8a8,36b2c75d-f736-4335-bacb-f95d0824a84d,6,user_comment_version,record_survey
220d4442-c12d-41fa-aa29-8d3ed6c6d8a8,39278e16-df64-4904-a9ac-d9bb761b067d,9,user_comment_version,record_survey
220d4442-c12d-41fa-aa29-8d3ed6c6d8a8,3d5c12ef-bb5b-4bd0-8441-b5a5c7ea95e5,8,user_comment_version,record_survey
220d4442-c12d-41fa-aa29-8d3ed6c6d8a8,3e140bd0-ee36-40ad-868c-408df08f3eaa,9,user_comment_version,record_survey
220d4442-c12d-41fa-aa29-8d3ed6c6d8a8,3fcc2715-fbe9-4ae2-84ab-72691e83758b,8,user_comment_version,record_survey
220d4442-c12d-41fa-aa29-8d3ed6c6d8a8,4096079d-5b5f-4fcb-9cf9-a3c5d296d1c7,9,user_comment_version,record_survey
220d4442-c12d-41fa-aa29-8d3ed6c6d8a8,40f7243c-75c4-4b03-b2be-442f510177fe,8,user_comment_version,record_survey
220d4442-c12d-41fa-aa29-8d3ed6c6d8a8,445ce746-9559-47a3-b159-af8559483c11,7,user_comment_version,record_survey
220d4442-c12d-41fa-aa29-8d3ed6c6d8a8,4be2808a-2c43-4416-9643-8871a50fd469,7,user_comment_version,record_survey
220d4442-c12d-41fa-aa29-8d3ed6c6d8a8,5a3df846-d50b-412d-8da1-eeef0324964b,9,user_comment_version,record_survey
220d4442-c12d-41fa-aa29-8d3ed6c6d8a8,5ae85f01-2f01-4390-853b-24e13b260d17,8,user_comment_version,record_survey
220d4442-c12d-41fa-aa29-8d3ed6c6d8a8,6225eaf1-0c57-410a-a09d-a0055f7e073a,8,user_comment_version,record_survey
220d4442-c12d-41fa-aa29-8d3ed6c6d8a8,6410ac46-7d76-4bd5-989c-0f74e49f7ab9,8,user_comment_version,record_survey
220d4442-c12d-41fa-aa29-8d3ed6c6d8a8,68e650eb-4b91-4ef9-b1b3-918d09b9fc11,6,user_comment_version,record_survey
220d4442-c12d-41fa-aa29-8d3ed6c6d8a8,6c0fd3cb-bdab-48cb-aa3a-15e7f1662592,7,user_comment_version,record_survey
220d4442-c12d-41fa-aa29-8d3ed6c6d8a8,6f0d5270-ebcf-4949-90cc-d55a42e8fe79,8,user_comment_version,record_survey
220d4442-c12d-41fa-aa29-8d3ed6c6d8a8,70ab807b-1fc5-4db5-9b4b-5fb5a5d664f7,7,user_comment_version,record_survey
220d4442-c12d-41fa-aa29-8d3ed6c6d8a8,70b7b3ce-8618-426c-baa1-db33750115ce,8,user_comment_version,record_survey
220d4442-c12d-41fa-aa29-8d3ed6c6d8a8,70bb0e41-ab6c-4379-916b-96b2ccfce1d8,8,user_comment_version,record_survey
220d4442-c12d-41fa-aa29-8d3ed6c6d8a8,72978bf6-a73e-4223-93b3-0f4b9241bcc9,9,user_comment_version,record_survey
220d4442-c12d-41fa-aa29-8d3ed6c6d8a8,76ac66d4-66c8-405f-b2a8-daca247834c2,8,user_comment_version,record_survey
220d4442-c12d-41fa-aa29-8d3ed6c6d8a8,7a8cdf85-e529-49b2-b109-c2a5d5f100ff,9,user_comment_version,record_survey
220d4442-c12d-41fa-aa29-8d3ed6c6d8a8,7b6534e7-ca46-4886-800c-e5f592aabf5a,8,user_comment_version,record_survey
220d4442-c12d-41fa-aa29-8d3ed6c6d8a8,7ed18e77-e4d7-4bae-8052-8c21b30f23e7,8,user_comment_version,record_survey
220d4442-c12d-41fa-aa29-8d3ed6c6d8a8,851a8c48-e90f-4dbe-948d-5dc12684dd3c,9,user_comment_version,record_survey
220d4442-c12d-41fa-aa29-8d3ed6c6d8a8,88025724-e531-4bfb-9265-932ae9fe6d69,8,user_comment_version,record_survey
220d4442-c12d-41fa-aa29-8d3ed6c6d8a8,88ef87d5-d66e-452c-be94-71d7392fbcff,7,user_comment_version,record_survey
220d4442-c12d-41fa-aa29-8d3ed6c6d8a8,899bc0e9-b560-4acd-8b68-9d6c6904fdb8,10,user_comment_version,record_survey
220d4442-c12d-41fa-aa29-8d3ed6c6d8a8,8a4a0ca5-8cfd-4e56-aad1-70cdfb098b26,9,user_comment_version,record_survey
220d4442-c12d-41fa-aa29-8d3ed6c6d8a8,8e54ad2a-863f-440e-aab0-18a6db46d92b,8,user_comment_version,record_survey
220d4442-c12d-41fa-aa29-8d3ed6c6d8a8,90570b19-2f06-4764-ad42-a61ef7e542ef,8,user_comment_version,record_survey
220d4442-c12d-41fa-aa29-8d3ed6c6d8a8,9350de57-9470-4046-b701-898bded7cd68,7,user_comment_version,record_survey
220d4442-c12d-41fa-aa29-8d3ed6c6d8a8,9391d705-1031-4256-846a-71e373cdb3f2,7.5,user_comment_version,record_survey
220d4442-c12d-41fa-aa29-8d3ed6c6d8a8,96444a6b-4d35-41d3-babd-dc7720173f80,7,user_comment_version,record_survey
220d4442-c12d-41fa-aa29-8d3ed6c6d8a8,9c13422a-1f5c-48c8-8522-8548caab6795,7,user_comment_version,record_survey
220d4442-c12d-41fa-aa29-8d3ed6c6d8a8,9c6d59c2-3f6d-4294-be6a-9ad550163fc9,8,user_comment_version,record_survey
220d4442-c12d-41fa-aa29-8d3ed6c6d8a8,a1fc6186-159d-4bca-81bc-ad3593decdb8,7,user_comment_version,record_survey
220d4442-c12d-41fa-aa29-8d3ed6c6d8a8,aab8ed17-2cdb-48a9-b6fc-96aa313eb3e1,9,user_comment_version,record_survey
220d4442-c12d-41fa-aa29-8d3ed6c6d8a8,aad46bfa-b2ec-4e8a-a8bf-d6dd2491f212,8,user_comment_version,record_survey
220d4442-c12d-41fa-aa29-8d3ed6c6d8a8,ab367ad0-2bca-4764-a465-61d0ffb3d63c,7.5,user_comment_version,record_survey
220d4442-c12d-41fa-aa29-8d3ed6c6d8a8,ad47d4b9-c399-4520-9ee6-0524c8a12f6d,8.5,user_comment_version,record_survey
220d4442-c12d-41fa-aa29-8d3ed6c6d8a8,b172fb89-7f3e-4de5-a00b-37e8b656d307,5,user_comment_version,record_survey
220d4442-c12d-41fa-aa29-8d3ed6c6d8a8,b4ab7d9c-0def-442d-ba75-5e8dcabaa201,8,user_comment_version,record_survey
220d4442-c12d-41fa-aa29-8d3ed6c6d8a8,c7a63f24-2769-4bd5-bfd0-c0d766aa2de7,7,user_comment_version,record_survey
220d4442-c12d-41fa-aa29-8d3ed6c6d8a8,ca636fa7-8f30-4abd-ae8b-248a9c173f88,7,user_comment_version,record_survey
220d4442-c12d-41fa-aa29-8d3ed6c6d8a8,ca94cc69-f99d-45f1-a083-7602fbaee6ad,8,user_comment_version,record_survey
220d4442-c12d-41fa-aa29-8d3ed6c6d8a8,cb3a3cf6-fd38-4061-911e-a1b739aa02fb,8,user_comment_version,record_survey
220d4442-c12d-41fa-aa29-8d3ed6c6d8a8,cd2f2c16-8b8c-40e4-ad35-8108fddbb9ea,7,user_comment_version,record_survey
220d4442-c12d-41fa-aa29-8d3ed6c6d8a8,d139a984-cc31-4b6e-966b-bc2ead7adc7a,9,user_comment_version,record_survey
220d4442-c12d-41fa-aa29-8d3ed6c6d8a8,d14a68d9-e00b-47df-af82-3f18adc62683,9,user_comment_version,record_survey
220d4442-c12d-41fa-aa29-8d3ed6c6d8a8,d184d160-6edf-4688-9098-aead568c722b,9,user_comment_version,record_survey
220d4442-c12d-41fa-aa29-8d3ed6c6d8a8,d3f508e0-6a03-421e-a3ff-e1bee38e72fc,8,user_comment_version,record_survey
220d4442-c12d-41fa-aa29-8d3ed6c6d8a8,d6caf172-60d5-4173-8881-293efb503b5e,9,user_comment_version,record_survey
220d4442-c12d-41fa-aa29-8d3ed6c6d8a8,db8fef34-d59e-4c58-b553-ced5fb2190ff,8,user_comment_version,record_survey
220d4442-c12d-41fa-aa29-8d3ed6c6d8a8,dd2a421b-4659-41c4-a42e-c154e612cafa,8,user_comment_version,record_survey
220d4442-c12d-41fa-aa29-8d3ed6c6d8a8,e0db2d64-5c68-443b-bb0a-61be3b20f9e1,6,user_comment_version,record_survey
220d4442-c12d-41fa-aa29-8d3ed6c6d8a8,e1dda7eb-fd1f-4383-86bf-3b5d1ba7940e,6.5,user_comment_version,record_survey
220d4442-c12d-41fa-aa29-8d3ed6c6d8a8,e95fba05-9a07-4fff-b9bb-840a2a8edf04,8,user_comment_version,record_survey
220d4442-c12d-41fa-aa29-8d3ed6c6d8a8,e9972675-889e-44c0-b1de-5cc4c00cb557,8,user_comment_version,record_survey
220d4442-c12d-41fa-aa29-8d3ed6c6d8a8,f29e28e4-4b3e-4bbf-b79f-62e57b53f15e,8,user_comment_version,record_survey
220d4442-c12d-41fa-aa29-8d3ed6c6d8a8,f5831d68-f9eb-4517-81cd-72bc21e884e9,6.5,user_comment_version,record_survey
220d4442-c12d-41fa-aa29-8d3ed6c6d8a8,fe09bc9d-ebe4-47e5-9e1a-845907547451,8,user_comment_version,record_survey
220d4442-c12d-41fa-aa29-8d3ed6c6d8a8,ff034ccc-13c6-438e-9214-f45faaf448e5,7,user_comment_version,record_survey
220d4442-c12d-41fa-aa29-8d3ed6c6d8a8,ffd76dc9-34de-4ad5-9e77-086d5e0369cf,7,user_comment_version,record_survey
24960fe4-29bd-4d02-b8a9-6e962d65544d,0b6ddcca-0b69-441c-9027-947317eea6f1,8,user_comment_version,record_survey
24960fe4-29bd-4d02-b8a9-6e962d65544d,0de9a87a-cc5f-42d8-984f-27101f824741,8,user_comment_version,record_survey
24960fe4-29bd-4d02-b8a9-6e962d65544d,0e28cae9-fd3a-4a3a-8d50-e8854908fa0a,7,user_comment_version,record_survey
24960fe4-29bd-4d02-b8a9-6e962d65544d,1394d7da-d787-4819-91d6-b8d7376972b6,7.5,user_comment_version,record_survey
24960fe4-29bd-4d02-b8a9-6e962d65544d,18edfda0-8fbf-4255-aa7c-fc4978c7824e,7,user_comment_version,record_survey
24960fe4-29bd-4d02-b8a9-6e962d65544d,1a8f4821-6314-44fc-bf12-66fe75e094a7,7,user_comment_version,record_survey
24960fe4-29bd-4d02-b8a9-6e962d65544d,1cdb2a0e-b456-460c-997c-0fadee3d6165,8,user_comment_version,record_survey
24960fe4-29bd-4d02-b8a9-6e962d65544d,1d579e1c-cf10-41fb-9d62-2358f1bfa25a,8,user_comment_version,record_survey
24960fe4-29bd-4d02-b8a9-6e962d65544d,1e7ecf22-2e5d-4867-a3c4-2f34d7618549,5,user_comment_version,record_survey
24960fe4-29bd-4d02-b8a9-6e962d65544d,2115947c-ac50-4846-ba00-581cee9d0787,8,user_comment_version,record_survey
24960fe4-29bd-4d02-b8a9-6e962d65544d,2a071a50-5374-4bdc-91ba-441e12fdf61b,7,user_comment_version,record_survey
24960fe4-29bd-4d02-b8a9-6e962d65544d,2a556d9c-240c-4e90-8728-9db764fad499,7,user_comment_version,record_survey
24960fe4-29bd-4d02-b8a9-6e962d65544d,2dabdf63-ec2f-43c6-99ca-ea793675a091,8,user_comment_version,record_survey
24960fe4-29bd-4d02-b8a9-6e962d65544d,34422ee2-d075-4876-bffb-f730fc5edd41,7,user_comment_version,record_survey
24960fe4-29bd-4d02-b8a9-6e962d65544d,35861a60-4aa4-446a-ab27-701a236672da,8,user_comment_version,record_survey
24960fe4-29bd-4d02-b8a9-6e962d65544d,3606088e-23a7-4231-936f-0ff52a27c5b2,8,user_comment_version,record_survey
24960fe4-29bd-4d02-b8a9-6e962d65544d,36b2c75d-f736-4335-bacb-f95d0824a84d,7,user_comment_version,record_survey
24960fe4-29bd-4d02-b8a9-6e962d65544d,39278e16-df64-4904-a9ac-d9bb761b067d,9,user_comment_version,record_survey
24960fe4-29bd-4d02-b8a9-6e962d65544d,3d5c12ef-bb5b-4bd0-8441-b5a5c7ea95e5,8,user_comment_version,record_survey
24960fe4-29bd-4d02-b8a9-6e962d65544d,3fcc2715-fbe9-4ae2-84ab-72691e83758b,7,user_comment_version,record_survey
24960fe4-29bd-4d02-b8a9-6e962d65544d,4096079d-5b5f-4fcb-9cf9-a3c5d296d1c7,8,user_comment_version,record_survey
24960fe4-29bd-4d02-b8a9-6e962d65544d,40f7243c-75c4-4b03-b2be-442f510177fe,8,user_comment_version,record_survey
24960fe4-29bd-4d02-b8a9-6e962d65544d,445ce746-9559-47a3-b159-af8559483c11,7,user_comment_version,record_survey
24960fe4-29bd-4d02-b8a9-6e962d65544d,4be2808a-2c43-4416-9643-8871a50fd469,7,user_comment_version,record_survey
24960fe4-29bd-4d02-b8a9-6e962d65544d,5ae85f01-2f01-4390-853b-24e13b260d17,6,user_comment_version,record_survey
24960fe4-29bd-4d02-b8a9-6e962d65544d,6225eaf1-0c57-410a-a09d-a0055f7e073a,8,user_comment_version,record_survey
24960fe4-29bd-4d02-b8a9-6e962d65544d,68e650eb-4b91-4ef9-b1b3-918d09b9fc11,7,user_comment_version,record_survey
24960fe4-29bd-4d02-b8a9-6e962d65544d,6f0d5270-ebcf-4949-90cc-d55a42e8fe79,8,user_comment_version,record_survey
24960fe4-29bd-4d02-b8a9-6e962d65544d,70b7b3ce-8618-426c-baa1-db33750115ce,9,user_comment_version,record_survey
24960fe4-29bd-4d02-b8a9-6e962d65544d,70bb0e41-ab6c-4379-916b-96b2ccfce1d8,7,user_comment_version,record_survey
24960fe4-29bd-4d02-b8a9-6e962d65544d,72978bf6-a73e-4223-93b3-0f4b9241bcc9,8.5,user_comment_version,record_survey
24960fe4-29bd-4d02-b8a9-6e962d65544d,76ac66d4-66c8-405f-b2a8-daca247834c2,9,user_comment_version,record_survey
24960fe4-29bd-4d02-b8a9-6e962d65544d,7a8cdf85-e529-49b2-b109-c2a5d5f100ff,8,user_comment_version,record_survey
24960fe4-29bd-4d02-b8a9-6e962d65544d,7b6534e7-ca46-4886-800c-e5f592aabf5a,9,user_comment_version,record_survey
24960fe4-29bd-4d02-b8a9-6e962d65544d,7ed18e77-e4d7-4bae-8052-8c21b30f23e7,9,user_comment_version,record_survey
24960fe4-29bd-4d02-b8a9-6e962d65544d,851a8c48-e90f-4dbe-948d-5dc12684dd3c,9,user_comment_version,record_survey
24960fe4-29bd-4d02-b8a9-6e962d65544d,88025724-e531-4bfb-9265-932ae9fe6d69,9,user_comment_version,record_survey
24960fe4-29bd-4d02-b8a9-6e962d65544d,90570b19-2f06-4764-ad42-a61ef7e542ef,8,user_comment_version,record_survey
24960fe4-29bd-4d02-b8a9-6e962d65544d,92f38085-28a3-43aa-8bde-1b4b9ecfdfd6,6,user_comment_version,record_survey
24960fe4-29bd-4d02-b8a9-6e962d65544d,9350de57-9470-4046-b701-898bded7cd68,7,user_comment_version,record_survey
24960fe4-29bd-4d02-b8a9-6e962d65544d,9391d705-1031-4256-846a-71e373cdb3f2,8,user_comment_version,record_survey
24960fe4-29bd-4d02-b8a9-6e962d65544d,96444a6b-4d35-41d3-babd-dc7720173f80,7,user_comment_version,record_survey
24960fe4-29bd-4d02-b8a9-6e962d65544d,a1fc6186-159d-4bca-81bc-ad3593decdb8,6,user_comment_version,record_survey
24960fe4-29bd-4d02-b8a9-6e962d65544d,aad46bfa-b2ec-4e8a-a8bf-d6dd2491f212,7,user_comment_version,record_survey
24960fe4-29bd-4d02-b8a9-6e962d65544d,ab367ad0-2bca-4764-a465-61d0ffb3d63c,7.5,user_comment_version,record_survey
24960fe4-29bd-4d02-b8a9-6e962d65544d,ad47d4b9-c399-4520-9ee6-0524c8a12f6d,8.3,user_comment_version,record_survey
24960fe4-29bd-4d02-b8a9-6e962d65544d,b172fb89-7f3e-4de5-a00b-37e8b656d307,7.5,user_comment_version,record_survey
24960fe4-29bd-4d02-b8a9-6e962d65544d,c7a63f24-2769-4bd5-bfd0-c0d766aa2de7,8,user_comment_version,record_survey
24960fe4-29bd-4d02-b8a9-6e962d65544d,ca94cc69-f99d-45f1-a083-7602fbaee6ad,7,user_comment_version,record_survey
24960fe4-29bd-4d02-b8a9-6e962d65544d,cd2f2c16-8b8c-40e4-ad35-8108fddbb9ea,8,user_comment_version,record_survey
24960fe4-29bd-4d02-b8a9-6e962d65544d,d01cec12-7a37-4589-9076-71419dbad65e,7,user_comment_version,record_survey
24960fe4-29bd-4d02-b8a9-6e962d65544d,d139a984-cc31-4b6e-966b-bc2ead7adc7a,7,user_comment_version,record_survey
24960fe4-29bd-4d02-b8a9-6e962d65544d,d3f508e0-6a03-421e-a3ff-e1bee38e72fc,8,user_comment_version,record_survey
24960fe4-29bd-4d02-b8a9-6e962d65544d,d6caf172-60d5-4173-8881-293efb503b5e,9,user_comment_version,record_survey
24960fe4-29bd-4d02-b8a9-6e962d65544d,db8fef34-d59e-4c58-b553-ced5fb2190ff,9,user_comment_version,record_survey
24960fe4-29bd-4d02-b8a9-6e962d65544d,dd2a421b-4659-41c4-a42e-c154e612cafa,7,user_comment_version,record_survey
24960fe4-29bd-4d02-b8a9-6e962d65544d,e0db2d64-5c68-443b-bb0a-61be3b20f9e1,7,user_comment_version,record_survey
24960fe4-29bd-4d02-b8a9-6e962d65544d,e95fba05-9a07-4fff-b9bb-840a2a8edf04,9,user_comment_version,record_survey
24960fe4-29bd-4d02-b8a9-6e962d65544d,e9972675-889e-44c0-b1de-5cc4c00cb557,8,user_comment_version,record_survey
24960fe4-29bd-4d02-b8a9-6e962d65544d,f29e28e4-4b3e-4bbf-b79f-62e57b53f15e,8,user_comment_version,record_survey
24960fe4-29bd-4d02-b8a9-6e962d65544d,f64ec57e-390d-4b76-8a0d-f723e80c4086,7,user_comment_version,record_survey
24960fe4-29bd-4d02-b8a9-6e962d65544d,fdb36c2b-5708-4ce6-9114-a8fefa871790,4,user_comment_version,record_survey
24960fe4-29bd-4d02-b8a9-6e962d65544d,fe09bc9d-ebe4-47e5-9e1a-845907547451,8.5,user_comment_version,record_survey
24960fe4-29bd-4d02-b8a9-6e962d65544d,ff034ccc-13c6-438e-9214-f45faaf448e5,7,user_comment_version,record_survey
27dc819d-6639-4d61-b255-320b5c3152cb,36b2c75d-f736-4335-bacb-f95d0824a84d,8,user_comment_version,record_survey
27dc819d-6639-4d61-b255-320b5c3152cb,445ce746-9559-47a3-b159-af8559483c11,8,user_comment_version,record_survey
27dc819d-6639-4d61-b255-320b5c3152cb,525a8899-3f3e-4931-bdb1-fa1676d524cb,7,user_comment_version,record_survey
27dc819d-6639-4d61-b255-320b5c3152cb,5504c544-9b1a-4792-8b6a-c43e043ac227,8,user_comment_version,record_survey
27dc819d-6639-4d61-b255-320b5c3152cb,7ce38c95-dfa2-43df-a72f-dba6baf561f0,8,user_comment_version,record_survey
27dc819d-6639-4d61-b255-320b5c3152cb,983c68ec-076b-4cd7-a894-4a5db3271cf9,7,user_comment_version,record_survey
27dc819d-6639-4d61-b255-320b5c3152cb,b3a9a903-967a-4d89-9fc0-deb7f31c32d4,7,user_comment_version,record_survey
27dc819d-6639-4d61-b255-320b5c3152cb,db8fef34-d59e-4c58-b553-ced5fb2190ff,8,user_comment_version,record_survey
27dc819d-6639-4d61-b255-320b5c3152cb,e9972675-889e-44c0-b1de-5cc4c00cb557,5,user_comment_version,record_survey
27dc819d-6639-4d61-b255-320b5c3152cb,f29e28e4-4b3e-4bbf-b79f-62e57b53f15e,7,user_comment_version,record_survey
286578f5-af11-47a2-b9b5-ab45c9359895,0ea3e3b2-d85a-46df-90a6-140ca2726f88,8,user_comment_version,record_survey
286578f5-af11-47a2-b9b5-ab45c9359895,2db78daf-5768-4117-ae38-302ec639cebe,7,user_comment_version,record_survey
286578f5-af11-47a2-b9b5-ab45c9359895,3606088e-23a7-4231-936f-0ff52a27c5b2,9,user_comment_version,record_survey
286578f5-af11-47a2-b9b5-ab45c9359895,47badbd6-6edd-4b84-b8d7-47034b9f55e7,8,user_comment_version,record_survey
286578f5-af11-47a2-b9b5-ab45c9359895,699fcbc2-3358-44e7-b718-47493a0e55ec,8,user_comment_version,record_survey
286578f5-af11-47a2-b9b5-ab45c9359895,77e1d965-f43a-4bd1-b615-6a162d7fdfd5,8,user_comment_version,record_survey
286578f5-af11-47a2-b9b5-ab45c9359895,8e54ad2a-863f-440e-aab0-18a6db46d92b,9,user_comment_version,record_survey
286578f5-af11-47a2-b9b5-ab45c9359895,d4344511-f312-44d8-af9f-71b4128d6791,8.5,user_comment_version,record_survey
286578f5-af11-47a2-b9b5-ab45c9359895,ec0388a4-a698-4a6e-8760-d5601c52eb13,8,user_comment_version,record_survey
29745d0e-2f51-4c0b-958e-844e400a678a,0b6ddcca-0b69-441c-9027-947317eea6f1,8,user_comment_version,record_survey
29745d0e-2f51-4c0b-958e-844e400a678a,0de9a87a-cc5f-42d8-984f-27101f824741,7,user_comment_version,record_survey
29745d0e-2f51-4c0b-958e-844e400a678a,0e28cae9-fd3a-4a3a-8d50-e8854908fa0a,8,user_comment_version,record_survey
29745d0e-2f51-4c0b-958e-844e400a678a,1394d7da-d787-4819-91d6-b8d7376972b6,8,user_comment_version,record_survey
29745d0e-2f51-4c0b-958e-844e400a678a,18edfda0-8fbf-4255-aa7c-fc4978c7824e,7,user_comment_version,record_survey
29745d0e-2f51-4c0b-958e-844e400a678a,1a8f4821-6314-44fc-bf12-66fe75e094a7,7,user_comment_version,record_survey
29745d0e-2f51-4c0b-958e-844e400a678a,1cdb2a0e-b456-460c-997c-0fadee3d6165,7,user_comment_version,record_survey
29745d0e-2f51-4c0b-958e-844e400a678a,1d579e1c-cf10-41fb-9d62-2358f1bfa25a,8,user_comment_version,record_survey
29745d0e-2f51-4c0b-958e-844e400a678a,1e7ecf22-2e5d-4867-a3c4-2f34d7618549,7,user_comment_version,record_survey
29745d0e-2f51-4c0b-958e-844e400a678a,2115947c-ac50-4846-ba00-581cee9d0787,8,user_comment_version,record_survey
29745d0e-2f51-4c0b-958e-844e400a678a,2a071a50-5374-4bdc-91ba-441e12fdf61b,7.5,user_comment_version,record_survey
29745d0e-2f51-4c0b-958e-844e400a678a,2a556d9c-240c-4e90-8728-9db764fad499,7,user_comment_version,record_survey
29745d0e-2f51-4c0b-958e-844e400a678a,2dabdf63-ec2f-43c6-99ca-ea793675a091,9,user_comment_version,record_survey
29745d0e-2f51-4c0b-958e-844e400a678a,34422ee2-d075-4876-bffb-f730fc5edd41,7,user_comment_version,record_survey
29745d0e-2f51-4c0b-958e-844e400a678a,35861a60-4aa4-446a-ab27-701a236672da,8,user_comment_version,record_survey
29745d0e-2f51-4c0b-958e-844e400a678a,3606088e-23a7-4231-936f-0ff52a27c5b2,8,user_comment_version,record_survey
29745d0e-2f51-4c0b-958e-844e400a678a,36b2c75d-f736-4335-bacb-f95d0824a84d,6,user_comment_version,record_survey
29745d0e-2f51-4c0b-958e-844e400a678a,39278e16-df64-4904-a9ac-d9bb761b067d,8.5,user_comment_version,record_survey
29745d0e-2f51-4c0b-958e-844e400a678a,3d5c12ef-bb5b-4bd0-8441-b5a5c7ea95e5,8,user_comment_version,record_survey
29745d0e-2f51-4c0b-958e-844e400a678a,3fcc2715-fbe9-4ae2-84ab-72691e83758b,7,user_comment_version,record_survey
29745d0e-2f51-4c0b-958e-844e400a678a,4096079d-5b5f-4fcb-9cf9-a3c5d296d1c7,8,user_comment_version,record_survey
29745d0e-2f51-4c0b-958e-844e400a678a,40f7243c-75c4-4b03-b2be-442f510177fe,9,user_comment_version,record_survey
29745d0e-2f51-4c0b-958e-844e400a678a,445ce746-9559-47a3-b159-af8559483c11,7,user_comment_version,record_survey
29745d0e-2f51-4c0b-958e-844e400a678a,4be2808a-2c43-4416-9643-8871a50fd469,7,user_comment_version,record_survey
29745d0e-2f51-4c0b-958e-844e400a678a,5ae85f01-2f01-4390-853b-24e13b260d17,7,user_comment_version,record_survey
29745d0e-2f51-4c0b-958e-844e400a678a,6225eaf1-0c57-410a-a09d-a0055f7e073a,9,user_comment_version,record_survey
29745d0e-2f51-4c0b-958e-844e400a678a,68e650eb-4b91-4ef9-b1b3-918d09b9fc11,7.5,user_comment_version,record_survey
29745d0e-2f51-4c0b-958e-844e400a678a,6f0d5270-ebcf-4949-90cc-d55a42e8fe79,8,user_comment_version,record_survey
29745d0e-2f51-4c0b-958e-844e400a678a,70b7b3ce-8618-426c-baa1-db33750115ce,8,user_comment_version,record_survey
29745d0e-2f51-4c0b-958e-844e400a678a,70bb0e41-ab6c-4379-916b-96b2ccfce1d8,7,user_comment_version,record_survey
29745d0e-2f51-4c0b-958e-844e400a678a,72978bf6-a73e-4223-93b3-0f4b9241bcc9,8.5,user_comment_version,record_survey
29745d0e-2f51-4c0b-958e-844e400a678a,76ac66d4-66c8-405f-b2a8-daca247834c2,8,user_comment_version,record_survey
29745d0e-2f51-4c0b-958e-844e400a678a,7a8cdf85-e529-49b2-b109-c2a5d5f100ff,8,user_comment_version,record_survey
29745d0e-2f51-4c0b-958e-844e400a678a,7b6534e7-ca46-4886-800c-e5f592aabf5a,7,user_comment_version,record_survey
29745d0e-2f51-4c0b-958e-844e400a678a,7ed18e77-e4d7-4bae-8052-8c21b30f23e7,8,user_comment_version,record_survey
29745d0e-2f51-4c0b-958e-844e400a678a,851a8c48-e90f-4dbe-948d-5dc12684dd3c,8,user_comment_version,record_survey
29745d0e-2f51-4c0b-958e-844e400a678a,88025724-e531-4bfb-9265-932ae9fe6d69,8,user_comment_version,record_survey
29745d0e-2f51-4c0b-958e-844e400a678a,90570b19-2f06-4764-ad42-a61ef7e542ef,8,user_comment_version,record_survey
29745d0e-2f51-4c0b-958e-844e400a678a,92f38085-28a3-43aa-8bde-1b4b9ecfdfd6,7,user_comment_version,record_survey
29745d0e-2f51-4c0b-958e-844e400a678a,9350de57-9470-4046-b701-898bded7cd68,7,user_comment_version,record_survey
29745d0e-2f51-4c0b-958e-844e400a678a,9391d705-1031-4256-846a-71e373cdb3f2,9,user_comment_version,record_survey
29745d0e-2f51-4c0b-958e-844e400a678a,96444a6b-4d35-41d3-babd-dc7720173f80,8,user_comment_version,record_survey
29745d0e-2f51-4c0b-958e-844e400a678a,a1fc6186-159d-4bca-81bc-ad3593decdb8,6,user_comment_version,record_survey
29745d0e-2f51-4c0b-958e-844e400a678a,aad46bfa-b2ec-4e8a-a8bf-d6dd2491f212,7,user_comment_version,record_survey
29745d0e-2f51-4c0b-958e-844e400a678a,ab367ad0-2bca-4764-a465-61d0ffb3d63c,8,user_comment_version,record_survey
29745d0e-2f51-4c0b-958e-844e400a678a,ad47d4b9-c399-4520-9ee6-0524c8a12f6d,8.3,user_comment_version,record_survey
29745d0e-2f51-4c0b-958e-844e400a678a,b172fb89-7f3e-4de5-a00b-37e8b656d307,6,user_comment_version,record_survey
29745d0e-2f51-4c0b-958e-844e400a678a,c7a63f24-2769-4bd5-bfd0-c0d766aa2de7,8,user_comment_version,record_survey
29745d0e-2f51-4c0b-958e-844e400a678a,ca94cc69-f99d-45f1-a083-7602fbaee6ad,8,user_comment_version,record_survey
29745d0e-2f51-4c0b-958e-844e400a678a,cd2f2c16-8b8c-40e4-ad35-8108fddbb9ea,8,user_comment_version,record_survey
29745d0e-2f51-4c0b-958e-844e400a678a,d01cec12-7a37-4589-9076-71419dbad65e,7,user_comment_version,record_survey
29745d0e-2f51-4c0b-958e-844e400a678a,d139a984-cc31-4b6e-966b-bc2ead7adc7a,9,user_comment_version,record_survey
29745d0e-2f51-4c0b-958e-844e400a678a,d3f508e0-6a03-421e-a3ff-e1bee38e72fc,8.5,user_comment_version,record_survey
29745d0e-2f51-4c0b-958e-844e400a678a,d6caf172-60d5-4173-8881-293efb503b5e,9,user_comment_version,record_survey
29745d0e-2f51-4c0b-958e-844e400a678a,db8fef34-d59e-4c58-b553-ced5fb2190ff,8,user_comment_version,record_survey
29745d0e-2f51-4c0b-958e-844e400a678a,dd2a421b-4659-41c4-a42e-c154e612cafa,8,user_comment_version,record_survey
29745d0e-2f51-4c0b-958e-844e400a678a,e0db2d64-5c68-443b-bb0a-61be3b20f9e1,7,user_comment_version,record_survey
29745d0e-2f51-4c0b-958e-844e400a678a,e95fba05-9a07-4fff-b9bb-840a2a8edf04,7,user_comment_version,record_survey
29745d0e-2f51-4c0b-958e-844e400a678a,e9972675-889e-44c0-b1de-5cc4c00cb557,8,user_comment_version,record_survey
29745d0e-2f51-4c0b-958e-844e400a678a,f29e28e4-4b3e-4bbf-b79f-62e57b53f15e,8,user_comment_version,record_survey
