Id,ChannelId,ProjectId,CompanyId,CreatedByUserId,UpdatedByUserId,CreatedTimeUtc,UpdatedTimeUtc,IsDeleted,DeletedTimeUtc,DeletedByUserId,_source_id,_source_connection,_batch_id,_loaded_at
0033e86e-4683-45ae-aec5-f18185046fec,3d488259-242d-41b8-8a0d-79aac0b8bdff,fb606cb5-26e8-43c4-8d13-a07f07bba568,448025a0-0ff7-4ed0-a917-399a73decef2,ae2d43e0-0d04-4d22-a9e5-93c660d4584c,,2026-03-30 21:52:18.301011-07,,f,,,channel_project,channel_relationship,,
003edb8a-caee-4e14-8fd1-46a538664be2,8129ecca-d19c-497a-a6b2-afcf829ae386,fb606cb5-26e8-43c4-8d13-a07f07bba568,448025a0-0ff7-4ed0-a917-399a73decef2,a6be2744-06ca-4a9f-8075-7c5f78e6c6aa,,2026-05-28 02:33:43.990225-07,,f,,,channel_project,channel_relationship,,
0048f0d6-01e3-4de7-ba13-a9d3d55c419f,76aa3b14-412a-40da-a0aa-57031169250a,701fd0d3-ff09-423e-a42b-af88f38ddf89,448025a0-0ff7-4ed0-a917-399a73decef2,4a546116-6945-4f4c-9bcb-8f2b95f28753,,2026-05-04 19:14:37.000214-07,,f,,,channel_project,channel_relationship,,
004a4748-c91f-453d-97c0-04a9a487a5cf,8b3e6aee-40a7-4b6b-8b24-8fd60ca6eed5,fb606cb5-26e8-43c4-8d13-a07f07bba568,448025a0-0ff7-4ed0-a917-399a73decef2,43de9c8f-6685-44a4-8e13-be229a75ee6f,,2025-08-05 21:06:13.176659-07,,f,,,channel_project,channel_relationship,,
004d5e1b-8426-40ef-ad44-f7ab6603cb8b,9afab8ca-5358-4764-8396-c398f9ac6a9f,701fd0d3-ff09-423e-a42b-af88f38ddf89,448025a0-0ff7-4ed0-a917-399a73decef2,97ee41e4-8f90-4991-8d67-df26d970bf62,,2025-10-05 21:53:09.184978-07,,f,,,channel_project,channel_relationship,,
0051e892-805c-4075-94cc-a79f6741973b,29ab2330-0c01-48d7-94f6-8a2dfc561884,fb606cb5-26e8-43c4-8d13-a07f07bba568,448025a0-0ff7-4ed0-a917-399a73decef2,3a9ff8c5-8923-4d19-a09e-2c8d79cc7c6f,,2026-03-18 00:35:50.775515-07,,t,2026-06-30 01:09:32.162071-07,ae786cf3-a6b6-4a7d-9ea0-ead631615e0c,channel_project,channel_relationship,,
00572f84-e093-4cd6-a16d-017c13a99f42,e077319f-eaf8-4bf7-bbe2-e68e945af9c8,af13f5cc-6b51-4949-ad6c-1786c27eaa3d,448025a0-0ff7-4ed0-a917-399a73decef2,6a34ddae-be72-471a-ad45-7e226c3a141f,,2026-06-05 02:07:31.665677-07,,t,2026-06-05 02:37:29.180236-07,6a34ddae-be72-471a-ad45-7e226c3a141f,channel_project,channel_relationship,,
0068ccc9-bced-4780-90a8-bf3680da3997,5a53dcad-3550-4e2e-8401-a24e814c58f2,71e59864-5ed2-4311-bc5b-7a7597294c44,36310203-8005-41dc-b51e-a8dc52960496,6828c3df-aa9a-4ebe-8418-df13e38bb018,,2026-06-28 14:39:59.305619-07,,f,,,channel_project,channel_relationship,,
00766d6b-0462-4482-97ce-edf635644d7c,15a07c16-67a2-43f1-a7ec-db46d3ec7949,fb606cb5-26e8-43c4-8d13-a07f07bba568,448025a0-0ff7-4ed0-a917-399a73decef2,6a34ddae-be72-471a-ad45-7e226c3a141f,,2026-07-27 21:47:34.446372-07,,f,,,channel_project,channel_relationship,,
00848c89-5e60-4d3b-862a-9a8b95f81bef,dd721281-3340-49ab-abf7-9445e6b8d585,fb606cb5-26e8-43c4-8d13-a07f07bba568,448025a0-0ff7-4ed0-a917-399a73decef2,ae786cf3-a6b6-4a7d-9ea0-ead631615e0c,,2026-01-25 17:56:08.122724-08,,t,2026-03-16 21:30:42.070536-07,3a9ff8c5-8923-4d19-a09e-2c8d79cc7c6f,channel_project,channel_relationship,,
00a2c777-663e-4b58-a0c0-1b58234d86f0,e3cfde81-3e20-4229-8124-fdc945c1f9c6,ee7bf8f4-7edd-4ff1-a9c0-ce4de3cc5845,448025a0-0ff7-4ed0-a917-399a73decef2,ae786cf3-a6b6-4a7d-9ea0-ead631615e0c,,2026-05-31 19:02:21.670998-07,,t,2026-05-31 19:05:05.907083-07,ae786cf3-a6b6-4a7d-9ea0-ead631615e0c,channel_project,channel_relationship,,
00a71db2-b6ca-4b98-b8bf-c8915e888ef8,db8809bc-fda7-46f6-bbaa-3b3226aaefad,40885a7b-f9f9-4541-abc8-6fdcda2ba048,448025a0-0ff7-4ed0-a917-399a73decef2,a61e2437-628b-43e7-a32c-f948290dbba9,,2026-05-20 20:05:22.447259-07,,f,,,channel_project,channel_relationship,,
00ac0ee0-89f3-4dea-aca7-d395a8dae435,2f4adfc3-71d9-45d5-907b-8d2f231b221a,af13f5cc-6b51-4949-ad6c-1786c27eaa3d,448025a0-0ff7-4ed0-a917-399a73decef2,a61e2437-628b-43e7-a32c-f948290dbba9,,2026-06-26 05:46:27.865956-07,,t,2026-08-14 21:24:34.179494-07,4e3eac7c-e6d8-4e10-b8b5-b66bcc744495,channel_project,channel_relationship,,
00c949f7-4bf0-41a8-98ce-04cd86219493,ca36c8bc-e7cc-4dfb-99b6-35ffb9196e75,66e51205-1c1d-4bea-bd55-8d980641676f,448025a0-0ff7-4ed0-a917-399a73decef2,d54d395f-d027-40fb-a19c-723d01f6a380,,2026-03-26 01:18:03.285653-07,,f,,,channel_project,channel_relationship,,
010ddb3c-b7a6-4dda-8842-951fc916c923,b19b6cdb-156f-4272-acea-3eacdb268b20,40885a7b-f9f9-4541-abc8-6fdcda2ba048,448025a0-0ff7-4ed0-a917-399a73decef2,97ee41e4-8f90-4991-8d67-df26d970bf62,,2025-07-22 20:59:57.61114-07,,f,,,channel_project,channel_relationship,,
0127f908-1e1e-4037-8591-b356951e96d9,45aebf72-9e43-4977-94ea-73e1cc209478,71e59864-5ed2-4311-bc5b-7a7597294c44,36310203-8005-41dc-b51e-a8dc52960496,1fe20089-cd12-4a7c-bb42-9d338cab198b,,2026-05-10 20:08:54.330169-07,,f,,,channel_project,channel_relationship,,
013822e6-c094-4164-9180-6749de06112c,569ed29f-1418-4db7-a5e3-7016ed4f6fd7,fb606cb5-26e8-43c4-8d13-a07f07bba568,448025a0-0ff7-4ed0-a917-399a73decef2,6a34ddae-be72-471a-ad45-7e226c3a141f,,2026-08-02 21:44:36.192631-07,,f,,,channel_project,channel_relationship,,
0142457b-04cd-4345-a45d-7528066f745a,bcf9cc7d-f2ce-43cb-a68d-c26270314ebd,71e59864-5ed2-4311-bc5b-7a7597294c44,36310203-8005-41dc-b51e-a8dc52960496,6828c3df-aa9a-4ebe-8418-df13e38bb018,,2026-07-03 03:12:32.306122-07,,f,,,channel_project,channel_relationship,,
0148725b-3e36-4804-b828-434c9f45947c,8d4c71a2-1441-49d2-b14d-a35b21620ac2,fb606cb5-26e8-43c4-8d13-a07f07bba568,448025a0-0ff7-4ed0-a917-399a73decef2,358dceb1-c1b0-46b9-a24f-c1b6a7fdb2dd,,2025-05-29 22:03:37.306447-07,,f,,,channel_project,channel_relationship,,
0162d49a-9fa8-4527-9042-1fafbce0283c,43e0e93a-e7cf-4569-a854-f97885b9155b,af13f5cc-6b51-4949-ad6c-1786c27eaa3d,448025a0-0ff7-4ed0-a917-399a73decef2,6a34ddae-be72-471a-ad45-7e226c3a141f,,2026-07-13 02:05:58.051472-07,,f,,,channel_project,channel_relationship,,
0174783f-7b19-4278-bcb7-98ee4d89c2cf,de8a5311-d633-4e46-b023-68f791cc44df,d2b565de-9d4d-4e29-9810-29ce00bfd2bd,36310203-8005-41dc-b51e-a8dc52960496,5ee9a2ec-3ce4-43df-a5d7-934ceabd411f,,2026-05-20 20:14:10.698232-07,,t,2026-06-03 00:48:42.157831-07,a49192c4-8bb3-4976-a588-82de978a882e,channel_project,channel_relationship,,
017eec29-812f-4c04-8985-b7e56d28b860,feb6927d-ee9b-40fc-8897-54a2bef67493,fb606cb5-26e8-43c4-8d13-a07f07bba568,448025a0-0ff7-4ed0-a917-399a73decef2,358dceb1-c1b0-46b9-a24f-c1b6a7fdb2dd,,2025-05-03 19:52:33.018476-07,,t,2026-03-16 21:19:24.546949-07,3a9ff8c5-8923-4d19-a09e-2c8d79cc7c6f,channel_project,channel_relationship,,
018310fe-4ab5-4778-a637-3fa4d0be6897,2c6ca4e1-fec7-4758-a9ba-c1ca1456ba04,71e59864-5ed2-4311-bc5b-7a7597294c44,36310203-8005-41dc-b51e-a8dc52960496,1fe20089-cd12-4a7c-bb42-9d338cab198b,,2026-05-10 19:53:42.227921-07,,f,,,channel_project,channel_relationship,,
019d8447-5d1b-4797-885b-13c12892d54f,e5040bb5-f0bc-4244-b7b0-a28959c47d70,af13f5cc-6b51-4949-ad6c-1786c27eaa3d,448025a0-0ff7-4ed0-a917-399a73decef2,a61e2437-628b-43e7-a32c-f948290dbba9,,2026-07-13 21:35:09.472901-07,,t,2026-07-16 20:42:50.235506-07,a61e2437-628b-43e7-a32c-f948290dbba9,channel_project,channel_relationship,,
019e3b8d-5321-4425-a7f5-1e5988538703,01e64498-882d-465d-a98e-114f5086b4f8,4bd3177f-50fa-43f0-bff0-62590a365558,36310203-8005-41dc-b51e-a8dc52960496,1fe20089-cd12-4a7c-bb42-9d338cab198b,,2026-02-12 17:32:36.952847-08,,t,2026-03-18 19:22:36.74725-07,1fe20089-cd12-4a7c-bb42-9d338cab198b,channel_project,channel_relationship,,
01ba86d9-a503-4f19-aeee-181157eb1a28,6a71815d-5c2d-41d2-baed-450d30f3de16,701fd0d3-ff09-423e-a42b-af88f38ddf89,448025a0-0ff7-4ed0-a917-399a73decef2,3a9ff8c5-8923-4d19-a09e-2c8d79cc7c6f,,2026-03-17 20:19:36.374311-07,,f,,,channel_project,channel_relationship,,
01bc6abf-5425-45b2-bda4-dd2aee415b25,36ed1742-370f-49f9-b4ed-20508728664f,4bd3177f-50fa-43f0-bff0-62590a365558,36310203-8005-41dc-b51e-a8dc52960496,6828c3df-aa9a-4ebe-8418-df13e38bb018,,2026-06-20 17:30:20.832799-07,,t,2026-07-28 04:14:42.283009-07,6828c3df-aa9a-4ebe-8418-df13e38bb018,channel_project,channel_relationship,,
01f8c9c5-9322-46b6-916f-4d26741e3eff,9aaad6bf-b221-420c-a39d-24f64a3e2494,af13f5cc-6b51-4949-ad6c-1786c27eaa3d,448025a0-0ff7-4ed0-a917-399a73decef2,ae786cf3-a6b6-4a7d-9ea0-ead631615e0c,,2026-03-23 19:22:19.488256-07,,f,,,channel_project,channel_relationship,,
0203f01c-7f64-48fb-8361-5d46da7eba88,c19dc960-5ace-4d39-9b99-016bdd024f3d,a76d214b-b2d3-43f8-85d5-96d6a453c9a2,448025a0-0ff7-4ed0-a917-399a73decef2,43de9c8f-6685-44a4-8e13-be229a75ee6f,,2026-08-12 20:15:10.340121-07,,f,,,channel_project,channel_relationship,,
0213595d-3f84-483b-99ee-d04b884bde9e,c5f2617f-a2da-4644-a5b5-17a49a6cafed,fb606cb5-26e8-43c4-8d13-a07f07bba568,448025a0-0ff7-4ed0-a917-399a73decef2,358dceb1-c1b0-46b9-a24f-c1b6a7fdb2dd,,2026-02-11 23:25:07.951909-08,,t,2026-03-10 21:14:55.295665-07,358dceb1-c1b0-46b9-a24f-c1b6a7fdb2dd,channel_project,channel_relationship,,
0214a4d8-0185-4f0c-83fa-4542ae049c36,00fbf5a3-1358-47e9-b549-668f9f65b9e7,85aa4dc6-4ea2-457d-9821-a71fd9d16888,448025a0-0ff7-4ed0-a917-399a73decef2,ae786cf3-a6b6-4a7d-9ea0-ead631615e0c,,2026-01-07 18:53:38.558928-08,,f,,,channel_project,channel_relationship,,
02436f82-c202-4a24-9b83-747329b4da64,32e857c9-8512-4f6a-b811-8d72368fb1c1,4bd3177f-50fa-43f0-bff0-62590a365558,36310203-8005-41dc-b51e-a8dc52960496,5ee9a2ec-3ce4-43df-a5d7-934ceabd411f,,2026-05-25 21:03:45.773463-07,,t,2026-06-03 01:03:53.949793-07,a49192c4-8bb3-4976-a588-82de978a882e,channel_project,channel_relationship,,
02476c2e-09d7-4e68-8159-0ad9fda78f91,d8df1fe2-060e-43cc-9ed4-8a41ab2d5561,fb606cb5-26e8-43c4-8d13-a07f07bba568,448025a0-0ff7-4ed0-a917-399a73decef2,358dceb1-c1b0-46b9-a24f-c1b6a7fdb2dd,,2025-05-29 22:04:18.113526-07,,f,,,channel_project,channel_relationship,,
02615803-4412-46d2-935e-61bc9e1bb81f,7a1c5b75-435c-4070-8af1-af1450dd9c14,ee7bf8f4-7edd-4ff1-a9c0-ce4de3cc5845,448025a0-0ff7-4ed0-a917-399a73decef2,ae786cf3-a6b6-4a7d-9ea0-ead631615e0c,,2026-05-29 02:29:15.906182-07,,t,2026-06-21 22:00:26.923505-07,ae786cf3-a6b6-4a7d-9ea0-ead631615e0c,channel_project,channel_relationship,,
026175f1-5e44-4474-a804-34ad3ab7a2d7,de94e43c-aaf4-43a0-8aa7-e5e366fc4934,fb606cb5-26e8-43c4-8d13-a07f07bba568,448025a0-0ff7-4ed0-a917-399a73decef2,358dceb1-c1b0-46b9-a24f-c1b6a7fdb2dd,,2026-02-11 23:25:07.951909-08,,t,2026-03-10 21:15:45.987629-07,358dceb1-c1b0-46b9-a24f-c1b6a7fdb2dd,channel_project,channel_relationship,,
02904f60-7fb4-44b1-8650-d366ee510db6,7f65daf7-a4b7-4c1d-9b27-95a3e2321af0,fb606cb5-26e8-43c4-8d13-a07f07bba568,448025a0-0ff7-4ed0-a917-399a73decef2,3a9ff8c5-8923-4d19-a09e-2c8d79cc7c6f,,2026-03-17 19:25:03.705508-07,,f,,,channel_project,channel_relationship,,
029c178e-d150-485c-a3d6-4d4ff01d2ebf,dcbf46d2-e535-4247-9b86-f705b7ba7b0c,40885a7b-f9f9-4541-abc8-6fdcda2ba048,448025a0-0ff7-4ed0-a917-399a73decef2,c47f3399-05a0-4073-8685-89972808f783,,2026-05-12 02:00:30.341211-07,,f,,,channel_project,channel_relationship,,
029fed8a-a308-4a04-9e98-c7db805e8c11,2c1c7a61-c2bd-4f62-8eb7-c2fbc7efb6b7,fb606cb5-26e8-43c4-8d13-a07f07bba568,448025a0-0ff7-4ed0-a917-399a73decef2,3a9ff8c5-8923-4d19-a09e-2c8d79cc7c6f,,2026-03-17 20:13:22.66617-07,,f,,,channel_project,channel_relationship,,
02c05f89-55ac-4db0-8aed-ab56d79db22d,de469778-ddf8-43fb-8e93-febb599f13cf,af13f5cc-6b51-4949-ad6c-1786c27eaa3d,448025a0-0ff7-4ed0-a917-399a73decef2,a61e2437-628b-43e7-a32c-f948290dbba9,,2025-11-23 20:08:36.151085-08,,f,,,channel_project,channel_relationship,,
02f4e517-ddde-42fa-b82c-2d31552d30d1,2d87e00b-c05e-4247-baf3-c252cdf7cef2,d2b565de-9d4d-4e29-9810-29ce00bfd2bd,36310203-8005-41dc-b51e-a8dc52960496,6828c3df-aa9a-4ebe-8418-df13e38bb018,,2026-05-30 23:58:51.537175-07,,f,,,channel_project,channel_relationship,,
02fba997-b06a-4d39-8287-27e4632eb6df,e3cbc771-2a47-4708-8947-d885c6bbf12d,af13f5cc-6b51-4949-ad6c-1786c27eaa3d,448025a0-0ff7-4ed0-a917-399a73decef2,6a34ddae-be72-471a-ad45-7e226c3a141f,,2025-11-19 04:59:48.254942-08,,t,2026-06-15 00:21:00.448759-07,6a34ddae-be72-471a-ad45-7e226c3a141f,channel_project,channel_relationship,,
030e9ee5-f1ab-4447-bf9c-a758743a87c0,13ccb71d-1e19-479e-b444-a5fa856d26e6,77790929-1ec7-4186-b7ce-fe7dbf0b8fef,448025a0-0ff7-4ed0-a917-399a73decef2,358dceb1-c1b0-46b9-a24f-c1b6a7fdb2dd,,2025-05-01 17:00:00-07,,f,,,channel_project,channel_relationship,,
0310f589-a183-47f5-9b74-987224290a49,902bf70a-d0fb-4416-991e-db1cb3808e16,af13f5cc-6b51-4949-ad6c-1786c27eaa3d,448025a0-0ff7-4ed0-a917-399a73decef2,6a34ddae-be72-471a-ad45-7e226c3a141f,,2026-07-13 02:05:47.862085-07,,f,,,channel_project,channel_relationship,,
03136ff9-9928-42e5-ad6d-cb23713924d2,da1d3e17-e34d-4ec4-b4f0-3a6e315178de,fb606cb5-26e8-43c4-8d13-a07f07bba568,448025a0-0ff7-4ed0-a917-399a73decef2,97ee41e4-8f90-4991-8d67-df26d970bf62,,2025-08-27 02:21:09.831587-07,,f,,,channel_project,channel_relationship,,
031f5078-e165-4564-9dbe-ea2014aa8dfd,5c8cc325-906d-45b7-8555-89e73295cd6e,fb606cb5-26e8-43c4-8d13-a07f07bba568,448025a0-0ff7-4ed0-a917-399a73decef2,ae786cf3-a6b6-4a7d-9ea0-ead631615e0c,,2026-03-09 23:50:23.200603-07,,t,2026-03-17 00:31:17.280546-07,3a9ff8c5-8923-4d19-a09e-2c8d79cc7c6f,channel_project,channel_relationship,,
03207f06-a02d-4311-846d-db981c1e9785,72cb9166-0b9b-47d4-a550-703250bd2035,ee7bf8f4-7edd-4ff1-a9c0-ce4de3cc5845,448025a0-0ff7-4ed0-a917-399a73decef2,3a9ff8c5-8923-4d19-a09e-2c8d79cc7c6f,,2026-03-17 19:15:02.727425-07,,f,,,channel_project,channel_relationship,,
032d84cd-edad-4e84-a17f-26071e5c9824,e1a8b8bb-5013-427b-8d6d-f01f9c48787a,701fd0d3-ff09-423e-a42b-af88f38ddf89,448025a0-0ff7-4ed0-a917-399a73decef2,43de9c8f-6685-44a4-8e13-be229a75ee6f,,2025-10-20 02:03:51.136223-07,,t,2026-03-16 20:45:59.379646-07,3a9ff8c5-8923-4d19-a09e-2c8d79cc7c6f,channel_project,channel_relationship,,
033bce2d-1ebe-46d9-8a9f-1761c87237c0,f5b2618b-a4a1-45a0-ab6a-ebc7d99c1593,701fd0d3-ff09-423e-a42b-af88f38ddf89,448025a0-0ff7-4ed0-a917-399a73decef2,63223140-0dc1-4205-af3c-00d575dd5b25,,2026-01-28 17:46:00.506161-08,,t,2026-05-04 19:13:17.448536-07,4a546116-6945-4f4c-9bcb-8f2b95f28753,channel_project,channel_relationship,,
03641c90-43cf-46db-be53-3de3141e6af4,5d212180-8829-470d-914f-ece06547070c,af13f5cc-6b51-4949-ad6c-1786c27eaa3d,448025a0-0ff7-4ed0-a917-399a73decef2,a61e2437-628b-43e7-a32c-f948290dbba9,,2026-06-26 05:47:52.075599-07,,f,,,channel_project,channel_relationship,,
036720dd-ddff-451a-94c1-75c6e9249857,230d2973-8f10-4a9c-ad8a-d38793de3925,fb606cb5-26e8-43c4-8d13-a07f07bba568,448025a0-0ff7-4ed0-a917-399a73decef2,358dceb1-c1b0-46b9-a24f-c1b6a7fdb2dd,,2025-05-29 22:04:18.113528-07,,t,2025-05-29 23:53:36.448396-07,358dceb1-c1b0-46b9-a24f-c1b6a7fdb2dd,channel_project,channel_relationship,,
037fefbf-3a96-4a38-a355-b62e0f1895fb,6bdc0984-83df-42ee-9ce0-ea058708db0f,ea95ae55-0599-4c55-8d67-e5b7c2952f48,36310203-8005-41dc-b51e-a8dc52960496,6828c3df-aa9a-4ebe-8418-df13e38bb018,,2026-02-24 00:12:32.235106-08,,t,2026-03-23 20:09:46.525586-07,6828c3df-aa9a-4ebe-8418-df13e38bb018,channel_project,channel_relationship,,
03931798-132d-4f8e-9e79-52645848cd13,fdd0a8a2-abf7-4e5e-8837-05cd0a89bafe,fb606cb5-26e8-43c4-8d13-a07f07bba568,448025a0-0ff7-4ed0-a917-399a73decef2,97ee41e4-8f90-4991-8d67-df26d970bf62,,2025-11-11 02:06:39.604977-08,,t,2026-01-20 23:42:38.439926-08,a61e2437-628b-43e7-a32c-f948290dbba9,channel_project,channel_relationship,,
03cb7e45-c688-47be-b752-c4263af4f820,282555fc-264f-4b90-b954-a1419920f7b2,a76d214b-b2d3-43f8-85d5-96d6a453c9a2,448025a0-0ff7-4ed0-a917-399a73decef2,97ee41e4-8f90-4991-8d67-df26d970bf62,,2026-07-16 20:57:18.605592-07,,f,,,channel_project,channel_relationship,,
03dc5189-26ac-4220-b6d4-3abd1dcd4fd4,c4b978df-9107-4eb9-a678-e621c83f0e48,8a60f56f-59b6-42d0-9a8e-2c504599f70c,448025a0-0ff7-4ed0-a917-399a73decef2,358dceb1-c1b0-46b9-a24f-c1b6a7fdb2dd,,2025-05-03 19:39:23.651014-07,,t,2026-03-16 23:41:21.915461-07,3a9ff8c5-8923-4d19-a09e-2c8d79cc7c6f,channel_project,channel_relationship,,
03e93517-6b01-4780-b7f0-253fa316fb08,eacebba6-9285-4f1e-82ec-e91c47a23571,af13f5cc-6b51-4949-ad6c-1786c27eaa3d,448025a0-0ff7-4ed0-a917-399a73decef2,4dc6b2f5-e2e4-455a-84d4-1c42d09896dc,,2025-12-11 19:54:09.60458-08,,t,2025-12-11 19:58:15.946256-08,4dc6b2f5-e2e4-455a-84d4-1c42d09896dc,channel_project,channel_relationship,,
03ebabc5-5ef3-4c63-aab1-9d6a3088f38d,14723c36-e26f-4076-a96e-c82a9ec4d559,3b914ab9-28ec-4a45-aef7-eff6d0ed8a34,448025a0-0ff7-4ed0-a917-399a73decef2,ae786cf3-a6b6-4a7d-9ea0-ead631615e0c,,2026-01-25 17:37:34.73013-08,,f,,,channel_project,channel_relationship,,
04015017-038a-49a5-9deb-2ed10b693263,e5dbde93-96f4-4a75-8c42-931b0ee5ecef,d2b565de-9d4d-4e29-9810-29ce00bfd2bd,36310203-8005-41dc-b51e-a8dc52960496,5ee9a2ec-3ce4-43df-a5d7-934ceabd411f,,2026-05-15 21:35:58.419879-07,,t,2026-06-03 00:48:42.157852-07,a49192c4-8bb3-4976-a588-82de978a882e,channel_project,channel_relationship,,
041d3eae-6be6-41c5-8836-f870d47a2760,ea298d44-5948-44a9-841d-af676a35eb0d,71e59864-5ed2-4311-bc5b-7a7597294c44,36310203-8005-41dc-b51e-a8dc52960496,6828c3df-aa9a-4ebe-8418-df13e38bb018,,2026-04-28 02:56:51.429972-07,,f,,,channel_project,channel_relationship,,
042dddbc-5183-42cf-bcb8-14d5eac44114,93ab8008-587a-4a00-a78b-1ea011796b10,ee7bf8f4-7edd-4ff1-a9c0-ce4de3cc5845,448025a0-0ff7-4ed0-a917-399a73decef2,3a9ff8c5-8923-4d19-a09e-2c8d79cc7c6f,,2026-03-17 21:42:37.889498-07,,f,,,channel_project,channel_relationship,,
0434627e-0464-44c6-8203-40a041d8e3e4,8aeac26a-abbe-474f-9add-830ee199ed43,fb606cb5-26e8-43c4-8d13-a07f07bba568,448025a0-0ff7-4ed0-a917-399a73decef2,a61e2437-628b-43e7-a32c-f948290dbba9,,2026-01-28 02:21:33.075668-08,,t,2026-03-05 02:04:28.183732-08,c8c27c21-caf6-4f51-a641-9d97a19b7876,channel_project,channel_relationship,,
0435d7a7-c628-4a6b-9902-5f16500a96dd,d9e614d8-245d-47c3-9ac7-4c58ee6d1029,af13f5cc-6b51-4949-ad6c-1786c27eaa3d,448025a0-0ff7-4ed0-a917-399a73decef2,a61e2437-628b-43e7-a32c-f948290dbba9,,2026-06-26 05:45:00.761247-07,,t,2026-07-16 20:55:43.933982-07,97ee41e4-8f90-4991-8d67-df26d970bf62,channel_project,channel_relationship,,
045e6816-bfc6-4558-a6b7-e23b109d3183,cb150a80-196a-49c1-9564-a9de70cb499f,af13f5cc-6b51-4949-ad6c-1786c27eaa3d,448025a0-0ff7-4ed0-a917-399a73decef2,ae786cf3-a6b6-4a7d-9ea0-ead631615e0c,,2026-05-05 21:40:04.981012-07,,f,,,channel_project,channel_relationship,,
045eba62-6fdd-4557-974c-5a4fb031e44c,616a6681-6ba0-4fbc-9d25-7dee0e70dd67,f33c4071-31e7-4c96-8a1e-5d9f38d45c9f,448025a0-0ff7-4ed0-a917-399a73decef2,43de9c8f-6685-44a4-8e13-be229a75ee6f,,2026-01-07 02:57:18.363261-08,,f,,,channel_project,channel_relationship,,
047cf41d-c4d5-410a-8f2b-13cb14f61233,80467b42-380b-4b38-a3d9-b9ed58bdc415,4bd3177f-50fa-43f0-bff0-62590a365558,36310203-8005-41dc-b51e-a8dc52960496,5ee9a2ec-3ce4-43df-a5d7-934ceabd411f,,2025-12-31 01:36:40.664095-08,,t,2026-06-03 01:03:53.949924-07,a49192c4-8bb3-4976-a588-82de978a882e,channel_project,channel_relationship,,
0482c187-ca5f-43ae-97e1-0c11f4abb93d,ebbe6860-8cae-4ff1-afac-ab70df566f32,40885a7b-f9f9-4541-abc8-6fdcda2ba048,448025a0-0ff7-4ed0-a917-399a73decef2,c47f3399-05a0-4073-8685-89972808f783,,2026-05-27 02:56:56.04548-07,,t,2026-05-27 19:34:12.807566-07,c47f3399-05a0-4073-8685-89972808f783,channel_project,channel_relationship,,
048a974c-5030-4161-a12b-cbac56649456,a35b752f-7d1e-4ea5-9056-14eb53f49006,fb606cb5-26e8-43c4-8d13-a07f07bba568,448025a0-0ff7-4ed0-a917-399a73decef2,6a34ddae-be72-471a-ad45-7e226c3a141f,,2025-11-20 01:59:55.130779-08,,f,,,channel_project,channel_relationship,,
048db5f8-8588-4334-8958-0bad76df822c,6691324e-6318-4eb8-baea-f376549c8f60,701fd0d3-ff09-423e-a42b-af88f38ddf89,448025a0-0ff7-4ed0-a917-399a73decef2,a61e2437-628b-43e7-a32c-f948290dbba9,,2026-05-13 21:55:44.1095-07,,f,,,channel_project,channel_relationship,,
04d9e473-722d-44c9-b3a1-7ae98e6026dc,704a25cb-54a8-4895-b857-a2a9ca8f9090,71e59864-5ed2-4311-bc5b-7a7597294c44,36310203-8005-41dc-b51e-a8dc52960496,1fe20089-cd12-4a7c-bb42-9d338cab198b,,2026-05-10 20:06:53.20775-07,,f,,,channel_project,channel_relationship,,
04db27a0-24a2-49e5-a8df-3e0a20fd33c3,942dfd8b-6f6b-421b-9542-3bff86c9f684,dfe91dab-e0a9-4464-a55e-546c5106b969,448025a0-0ff7-4ed0-a917-399a73decef2,358dceb1-c1b0-46b9-a24f-c1b6a7fdb2dd,,2026-04-22 20:25:36.573311-07,,f,,,channel_project,channel_relationship,,
04e1f435-1a49-4380-a146-32d1adf6658e,ca664182-142c-4c96-925c-d0e2caa2eae7,692dd103-d0c0-48e9-8000-3caa07bc5036,448025a0-0ff7-4ed0-a917-399a73decef2,a61e2437-628b-43e7-a32c-f948290dbba9,,2025-07-25 03:41:24.969074-07,,f,,,channel_project,channel_relationship,,
04e29ba7-7bc1-466b-9132-3315a9e80d66,6804eda4-438c-4a9d-8074-261ed0e11217,a76d214b-b2d3-43f8-85d5-96d6a453c9a2,448025a0-0ff7-4ed0-a917-399a73decef2,43de9c8f-6685-44a4-8e13-be229a75ee6f,,2026-08-12 20:20:50.834588-07,,f,,,channel_project,channel_relationship,,
04ef2c98-7b1a-4ddc-8e30-16dd42851a05,f0277065-1e81-4f77-b8b9-21725692b4b4,fb606cb5-26e8-43c4-8d13-a07f07bba568,448025a0-0ff7-4ed0-a917-399a73decef2,3d2d1ae6-edc4-4500-a857-c4325d3ac338,,2026-06-02 23:42:51.633622-07,,f,,,channel_project,channel_relationship,,
04fb7f0d-2d63-4f3c-b9e6-0d68dbc99e2a,cbd8f420-076a-4223-a72c-3f0ffb543008,701fd0d3-ff09-423e-a42b-af88f38ddf89,448025a0-0ff7-4ed0-a917-399a73decef2,63223140-0dc1-4205-af3c-00d575dd5b25,,2026-01-28 17:45:07.600664-08,,t,2026-05-04 19:17:19.183284-07,560be9a5-cb6b-4718-871b-714a6ab2e485,channel_project,channel_relationship,,
050caca5-7846-4ad7-917a-c7dbd69c78aa,8b618887-b2af-4613-9f29-a9d61c362fec,af13f5cc-6b51-4949-ad6c-1786c27eaa3d,448025a0-0ff7-4ed0-a917-399a73decef2,3a9ff8c5-8923-4d19-a09e-2c8d79cc7c6f,,2026-03-17 18:57:57.619167-07,,f,,,channel_project,channel_relationship,,
050cf5ff-4cd7-448c-a7ae-db94e87a974c,fa2d090f-99ed-4048-bc02-56e323844e79,cf87bfa4-1f15-4733-b861-49f1f08bef4c,448025a0-0ff7-4ed0-a917-399a73decef2,43de9c8f-6685-44a4-8e13-be229a75ee6f,,2026-01-06 22:43:29.420235-08,,t,2026-03-11 19:36:19.208419-07,4cc9d7bf-fc7a-4381-a611-35b43914459f,channel_project,channel_relationship,,
05101f97-054e-4c14-a292-34f487a43153,899c27d8-4a6d-44b6-b231-e9b7813c0da9,af13f5cc-6b51-4949-ad6c-1786c27eaa3d,448025a0-0ff7-4ed0-a917-399a73decef2,a61e2437-628b-43e7-a32c-f948290dbba9,,2026-01-05 03:23:32.888097-08,,t,2026-02-05 20:13:10.848971-08,4e3eac7c-e6d8-4e10-b8b5-b66bcc744495,channel_project,channel_relationship,,
0511d1a4-ee52-479a-abbb-740c6312b548,b30fb7a5-2320-4e24-9841-088c0b8f7447,af13f5cc-6b51-4949-ad6c-1786c27eaa3d,448025a0-0ff7-4ed0-a917-399a73decef2,3a9ff8c5-8923-4d19-a09e-2c8d79cc7c6f,,2026-03-17 19:01:16.976461-07,,f,,,channel_project,channel_relationship,,
0512cc59-ec0d-465c-b682-261fa7fbfcb5,bd408cb0-2cde-4b1a-b556-8da94c325e1c,8a60f56f-59b6-42d0-9a8e-2c504599f70c,448025a0-0ff7-4ed0-a917-399a73decef2,3a9ff8c5-8923-4d19-a09e-2c8d79cc7c6f,,2026-03-17 21:52:03.158684-07,,f,,,channel_project,channel_relationship,,
05257b7b-8c1c-4dde-8073-c2aff6ad3a06,01c333e7-37bc-4030-a381-d8a5c9c25f1d,fb606cb5-26e8-43c4-8d13-a07f07bba568,448025a0-0ff7-4ed0-a917-399a73decef2,43de9c8f-6685-44a4-8e13-be229a75ee6f,,2026-08-10 02:32:05.241511-07,,f,,,channel_project,channel_relationship,,
053a3abb-dd30-4e11-a247-7908c94a7439,decd779d-dda6-4b9c-9be2-aea09a79166c,d2b565de-9d4d-4e29-9810-29ce00bfd2bd,36310203-8005-41dc-b51e-a8dc52960496,5ee9a2ec-3ce4-43df-a5d7-934ceabd411f,,2026-05-15 23:56:17.727675-07,,t,2026-06-02 23:48:23.964546-07,a49192c4-8bb3-4976-a588-82de978a882e,channel_project,channel_relationship,,
053f6e98-998a-4d05-aff9-f98b867c55ca,cf39e9d8-14d8-4c91-8c9a-99be48735041,fb606cb5-26e8-43c4-8d13-a07f07bba568,448025a0-0ff7-4ed0-a917-399a73decef2,3a9ae4fb-3826-45b9-bf5e-3f8f36656d8e,,2026-08-17 00:36:44.910021-07,,f,,,channel_project,channel_relationship,,
05588a22-7cca-4771-96a1-deb987d42529,2e394317-75c6-47e3-a072-cca726f194d7,85aa4dc6-4ea2-457d-9821-a71fd9d16888,448025a0-0ff7-4ed0-a917-399a73decef2,358dceb1-c1b0-46b9-a24f-c1b6a7fdb2dd,,2025-05-01 17:00:00-07,,f,,,channel_project,channel_relationship,,
056686e9-a8ca-4642-bcb9-62471db02708,3ff1d87b-c9fd-4b7a-aace-61381153d3ef,af13f5cc-6b51-4949-ad6c-1786c27eaa3d,448025a0-0ff7-4ed0-a917-399a73decef2,ae786cf3-a6b6-4a7d-9ea0-ead631615e0c,,2026-01-21 20:41:13.267806-08,,f,,,channel_project,channel_relationship,,
056722a4-fa4e-447b-8d5a-e0bba9a8cd2e,9d092655-78d8-4307-9403-fbf54b66c0cb,d2b565de-9d4d-4e29-9810-29ce00bfd2bd,36310203-8005-41dc-b51e-a8dc52960496,6828c3df-aa9a-4ebe-8418-df13e38bb018,,2026-08-20 16:04:25.552019-07,,f,,,channel_project,channel_relationship,,
05721320-9e66-4784-bc48-79eca19b3748,28a3f760-71ad-4fd8-92e7-a94cf3c0d980,fb606cb5-26e8-43c4-8d13-a07f07bba568,448025a0-0ff7-4ed0-a917-399a73decef2,3a9ff8c5-8923-4d19-a09e-2c8d79cc7c6f,,2026-03-17 20:14:46.366317-07,,f,,,channel_project,channel_relationship,,
0599c189-003e-4bde-a4d7-da0d68efb726,d28f3ad2-5fc5-4f10-ba20-f60e6fef4eeb,40885a7b-f9f9-4541-abc8-6fdcda2ba048,448025a0-0ff7-4ed0-a917-399a73decef2,cc88a7d2-7019-4cfc-a840-acf317361f99,,2025-08-21 19:36:34.579408-07,,f,,,channel_project,channel_relationship,,
05a4ba71-50f0-4ef9-9dbc-fc183ce34465,c20d7d58-79d5-48d9-8312-e135ddfb4586,af13f5cc-6b51-4949-ad6c-1786c27eaa3d,448025a0-0ff7-4ed0-a917-399a73decef2,71f9c328-dc24-4c16-a63b-37b588910cd7,,2026-03-15 19:56:19.378128-07,,t,2026-03-16 21:05:13.684143-07,3a9ff8c5-8923-4d19-a09e-2c8d79cc7c6f,channel_project,channel_relationship,,
05b65e77-1f42-4cf5-b640-e3dbe7b3262b,d070ebf0-e376-4cbb-92b9-79606b2fde66,ee7bf8f4-7edd-4ff1-a9c0-ce4de3cc5845,448025a0-0ff7-4ed0-a917-399a73decef2,97ee41e4-8f90-4991-8d67-df26d970bf62,,2025-10-14 18:53:35.167127-07,,f,,,channel_project,channel_relationship,,
05c58b07-4164-40c1-98c7-f7629154828d,b1bd49fb-1c90-4d6b-9a47-0def464a8d77,71e59864-5ed2-4311-bc5b-7a7597294c44,36310203-8005-41dc-b51e-a8dc52960496,6828c3df-aa9a-4ebe-8418-df13e38bb018,,2026-07-07 14:53:14.049108-07,,f,,,channel_project,channel_relationship,,
05d91467-8420-44a7-9111-81808be36d1a,0b86d2c2-e68b-4e4a-8858-b5a63260e49d,fb606cb5-26e8-43c4-8d13-a07f07bba568,448025a0-0ff7-4ed0-a917-399a73decef2,3a9ff8c5-8923-4d19-a09e-2c8d79cc7c6f,,2026-03-17 19:03:52.643905-07,,f,,,channel_project,channel_relationship,,
05e0476c-38b4-46b8-a963-819099491b70,73670add-5585-47ce-97c1-a08bdeb7f956,85aa4dc6-4ea2-457d-9821-a71fd9d16888,448025a0-0ff7-4ed0-a917-399a73decef2,358dceb1-c1b0-46b9-a24f-c1b6a7fdb2dd,,2025-05-01 17:00:00-07,,t,2025-09-12 01:27:49.357959-07,c47f3399-05a0-4073-8685-89972808f783,channel_project,channel_relationship,,
05f14fb6-c338-423e-ab31-fdce82ac3213,b80f9c59-a182-4f07-b405-5f13c080f90b,d2b565de-9d4d-4e29-9810-29ce00bfd2bd,36310203-8005-41dc-b51e-a8dc52960496,6828c3df-aa9a-4ebe-8418-df13e38bb018,,2026-07-20 00:59:26.292202-07,,t,2026-08-11 04:15:03.765394-07,6828c3df-aa9a-4ebe-8418-df13e38bb018,channel_project,channel_relationship,,
05f82dc2-c987-4c06-b7d4-a61001d7b8e0,7acdfa65-a699-4f0c-8a4a-cdbcdfcc9e77,fb606cb5-26e8-43c4-8d13-a07f07bba568,448025a0-0ff7-4ed0-a917-399a73decef2,43de9c8f-6685-44a4-8e13-be229a75ee6f,,2025-10-09 00:12:01.399206-07,,f,,,channel_project,channel_relationship,,
06222485-7dd8-4aa5-b520-9b332db0c959,3084841c-a70b-40d9-9edb-7aa498a50dc1,8a60f56f-59b6-42d0-9a8e-2c504599f70c,448025a0-0ff7-4ed0-a917-399a73decef2,358dceb1-c1b0-46b9-a24f-c1b6a7fdb2dd,,2025-05-01 17:00:00-07,,t,2026-03-16 23:46:48.872652-07,3a9ff8c5-8923-4d19-a09e-2c8d79cc7c6f,channel_project,channel_relationship,,
062d6dc3-614c-4168-8fac-87dedd5f43f2,9f6fccd7-c7d9-4f90-90e2-9807cec03077,701fd0d3-ff09-423e-a42b-af88f38ddf89,448025a0-0ff7-4ed0-a917-399a73decef2,d61953ef-77bd-4a19-893d-c33116e5df41,,2025-09-22 19:39:32.059731-07,,f,,,channel_project,channel_relationship,,
06335883-ef04-49b8-a560-4ed7e344ca54,626b70f3-6403-497b-b4eb-3e9a5aa209c3,af13f5cc-6b51-4949-ad6c-1786c27eaa3d,448025a0-0ff7-4ed0-a917-399a73decef2,14ca0409-81d1-4c52-b1a2-3e2cf95e206a,,2026-04-10 19:39:15.025265-07,,f,,,channel_project,channel_relationship,,
064e5acd-d826-4861-8162-5792ea1e9aa8,bf5f9808-a005-4996-a0e5-997a27a86d20,85aa4dc6-4ea2-457d-9821-a71fd9d16888,448025a0-0ff7-4ed0-a917-399a73decef2,358dceb1-c1b0-46b9-a24f-c1b6a7fdb2dd,,2025-05-03 20:00:35.36683-07,,t,2026-07-18 01:04:17.898702-07,f555e82d-0044-42ca-ac2a-f05340bad471,channel_project,channel_relationship,,
066148b3-4249-433a-ba8e-6232bf728343,463f4959-d501-4902-9d34-e76fc473dd98,ee7bf8f4-7edd-4ff1-a9c0-ce4de3cc5845,448025a0-0ff7-4ed0-a917-399a73decef2,ae786cf3-a6b6-4a7d-9ea0-ead631615e0c,,2026-04-11 02:22:23.171095-07,,f,,,channel_project,channel_relationship,,
06643e41-d3df-414c-a4a2-041edf45ef78,db8809bc-fda7-46f6-bbaa-3b3226aaefad,fb606cb5-26e8-43c4-8d13-a07f07bba568,448025a0-0ff7-4ed0-a917-399a73decef2,358dceb1-c1b0-46b9-a24f-c1b6a7fdb2dd,,2025-05-01 17:00:00-07,,t,2026-05-13 21:51:16.238289-07,a61e2437-628b-43e7-a32c-f948290dbba9,channel_project,channel_relationship,,
0667983b-f7ef-44de-bbc8-86a9af238496,decd779d-dda6-4b9c-9be2-aea09a79166c,71e59864-5ed2-4311-bc5b-7a7597294c44,36310203-8005-41dc-b51e-a8dc52960496,6828c3df-aa9a-4ebe-8418-df13e38bb018,,2026-07-03 03:13:17.065187-07,,f,,,channel_project,channel_relationship,,
066821d6-b0cb-4215-bfc3-3d0cbf283422,3409a1dd-954c-4f31-91bc-279dac281962,701fd0d3-ff09-423e-a42b-af88f38ddf89,448025a0-0ff7-4ed0-a917-399a73decef2,6a34ddae-be72-471a-ad45-7e226c3a141f,,2026-04-01 00:05:39.521544-07,,t,2026-05-04 19:15:20.901892-07,560be9a5-cb6b-4718-871b-714a6ab2e485,channel_project,channel_relationship,,
066b7af2-3300-4f71-aff4-255d6e5c29e5,55391b9e-171d-4039-bb6e-0505898314e4,fb606cb5-26e8-43c4-8d13-a07f07bba568,448025a0-0ff7-4ed0-a917-399a73decef2,358dceb1-c1b0-46b9-a24f-c1b6a7fdb2dd,,2025-05-01 17:00:00-07,,f,,,channel_project,channel_relationship,,
066f87bb-3893-43a3-8d4e-baf8dc832665,2f3eeb59-87ac-4793-8525-9fe57eb83fb2,af13f5cc-6b51-4949-ad6c-1786c27eaa3d,448025a0-0ff7-4ed0-a917-399a73decef2,3a9ff8c5-8923-4d19-a09e-2c8d79cc7c6f,,2026-03-17 19:01:29.17611-07,,f,,,channel_project,channel_relationship,,
0670b5e2-6968-4898-9b94-015be584850f,3067c1d2-52e0-4db5-91a6-41fea5dcab72,40885a7b-f9f9-4541-abc8-6fdcda2ba048,448025a0-0ff7-4ed0-a917-399a73decef2,358dceb1-c1b0-46b9-a24f-c1b6a7fdb2dd,,2025-05-01 17:00:00-07,,f,,,channel_project,channel_relationship,,
0684bbad-2b61-4b3b-90cd-79e37c3d0cb0,39b0357d-e3e6-4d89-86e6-f34c4eee7fd9,701fd0d3-ff09-423e-a42b-af88f38ddf89,448025a0-0ff7-4ed0-a917-399a73decef2,7186d5ec-9304-482d-bf0f-011c974e4e34,,2026-03-12 01:28:28.576819-07,,f,,,channel_project,channel_relationship,,
068aef71-3f3b-49ab-becd-454750ead828,01e64498-882d-465d-a98e-114f5086b4f8,71e59864-5ed2-4311-bc5b-7a7597294c44,36310203-8005-41dc-b51e-a8dc52960496,1fe20089-cd12-4a7c-bb42-9d338cab198b,,2026-03-18 19:22:36.74711-07,,t,2026-05-04 02:19:21.036898-07,a49192c4-8bb3-4976-a588-82de978a882e,channel_project,channel_relationship,,
068e6d34-4cc3-4aa1-88a7-82efb466e2dd,2f9f88c7-3483-4707-b1ff-8c8e8ae65cb8,fb606cb5-26e8-43c4-8d13-a07f07bba568,501e409b-2168-4f0c-8d46-b0f17c71796d,6a34ddae-be72-471a-ad45-7e226c3a141f,,2025-11-20 02:19:13.594469-08,,f,,,channel_project,channel_relationship,,
068f7fcf-8da0-4b99-9d7a-72da3c62c0c7,523d0d7d-f876-42f3-8dd9-3ad904f158b9,fb606cb5-26e8-43c4-8d13-a07f07bba568,448025a0-0ff7-4ed0-a917-399a73decef2,44639b30-b280-4f35-8c63-dcd1af4cc820,,2026-07-13 02:19:58.492425-07,,t,2026-07-13 02:28:48.98276-07,44639b30-b280-4f35-8c63-dcd1af4cc820,channel_project,channel_relationship,,
0697e22c-f205-49df-b7dc-b143ab44685e,3a327103-566e-418c-82e5-ee0a3734b261,af13f5cc-6b51-4949-ad6c-1786c27eaa3d,448025a0-0ff7-4ed0-a917-399a73decef2,ae786cf3-a6b6-4a7d-9ea0-ead631615e0c,,2026-06-28 18:49:30.307907-07,,f,,,channel_project,channel_relationship,,
06a645ca-552d-4a5c-b31b-7b7c19462378,7ea9a95a-24a1-4c65-98a6-4a0c36693363,fb606cb5-26e8-43c4-8d13-a07f07bba568,448025a0-0ff7-4ed0-a917-399a73decef2,97ee41e4-8f90-4991-8d67-df26d970bf62,,2025-07-28 00:42:43.369065-07,,f,,,channel_project,channel_relationship,,
06c8b68c-e572-464a-b783-568d93d6146b,4f08e49c-0753-4dbc-bbd4-8e5b7925adf9,e9e20be5-6d61-4588-80e2-f43380426cd5,448025a0-0ff7-4ed0-a917-399a73decef2,a61e2437-628b-43e7-a32c-f948290dbba9,,2026-01-27 19:55:54.494802-08,,t,2026-06-04 23:39:41.193703-07,ed86db9a-4911-4264-bef0-4fdde9c14e85,channel_project,channel_relationship,,
06cd8a05-df8f-44c9-8a66-056bc9cd6f26,97250829-e027-48a2-9fd3-4f88d37c5c46,fb606cb5-26e8-43c4-8d13-a07f07bba568,448025a0-0ff7-4ed0-a917-399a73decef2,ae786cf3-a6b6-4a7d-9ea0-ead631615e0c,,2026-01-07 18:49:05.017285-08,,t,2026-03-17 01:19:18.375529-07,d54d395f-d027-40fb-a19c-723d01f6a380,channel_project,channel_relationship,,
06d01ca1-effe-488e-a33d-338c48b23628,adbb6b85-2b6e-4d31-aa4f-4ccce6140e27,929da576-bb11-4d42-ba66-b7cc0ddb4adc,36310203-8005-41dc-b51e-a8dc52960496,6828c3df-aa9a-4ebe-8418-df13e38bb018,,2026-07-23 19:09:44.442992-07,,t,2026-08-15 16:09:45.87927-07,6828c3df-aa9a-4ebe-8418-df13e38bb018,channel_project,channel_relationship,,
06f980de-879d-48f0-9724-b47f6d69c4cf,feb6927d-ee9b-40fc-8897-54a2bef67493,85aa4dc6-4ea2-457d-9821-a71fd9d16888,448025a0-0ff7-4ed0-a917-399a73decef2,358dceb1-c1b0-46b9-a24f-c1b6a7fdb2dd,,2025-05-01 17:00:00-07,,t,2025-05-03 19:52:33.018604-07,358dceb1-c1b0-46b9-a24f-c1b6a7fdb2dd,channel_project,channel_relationship,,
074d68d7-4c3d-46b2-868b-d8bd5af05fbe,de54afeb-f7c4-433e-aac8-9d96c1d82590,fb606cb5-26e8-43c4-8d13-a07f07bba568,448025a0-0ff7-4ed0-a917-399a73decef2,e2b5d056-b0c9-4d57-948c-ad7f170f0a4d,,2026-07-21 22:30:39.882346-07,,f,,,channel_project,channel_relationship,,
074ff48a-b8f7-4ddc-953e-68cd7e542f72,12f428f1-f6d8-42df-8323-f23fb6a1b763,fb606cb5-26e8-43c4-8d13-a07f07bba568,448025a0-0ff7-4ed0-a917-399a73decef2,ae786cf3-a6b6-4a7d-9ea0-ead631615e0c,,2026-03-19 03:24:25.400075-07,,f,,,channel_project,channel_relationship,,
075c6140-1ce8-4e7b-b0f2-405995f43363,397352fa-2e66-45ef-9031-c618638b6b54,ee7bf8f4-7edd-4ff1-a9c0-ce4de3cc5845,448025a0-0ff7-4ed0-a917-399a73decef2,43de9c8f-6685-44a4-8e13-be229a75ee6f,,2026-08-12 20:32:35.08685-07,,f,,,channel_project,channel_relationship,,
075e6349-2b82-463a-bf29-85d076f82b9f,e887f8d7-5c20-4196-bf6a-5bcfdf585aa1,ee7bf8f4-7edd-4ff1-a9c0-ce4de3cc5845,448025a0-0ff7-4ed0-a917-399a73decef2,43de9c8f-6685-44a4-8e13-be229a75ee6f,,2025-10-03 18:52:22.025653-07,,t,2025-10-04 02:02:27.084167-07,43de9c8f-6685-44a4-8e13-be229a75ee6f,channel_project,channel_relationship,,
076de349-708d-49f5-81e6-316a5c962e57,8cd1e2dc-b5c0-4b94-8f55-ddd0cec266c2,a5398bf5-1459-4ce4-b2ce-b7be5afb29e0,448025a0-0ff7-4ed0-a917-399a73decef2,6a34ddae-be72-471a-ad45-7e226c3a141f,,2026-06-07 18:38:09.595825-07,,t,2026-06-30 00:36:19.339604-07,6a34ddae-be72-471a-ad45-7e226c3a141f,channel_project,channel_relationship,,
077d0f47-0b41-4e8e-8e52-095ec83fc9e9,0bb8e0fc-9b1d-4a9c-85bd-e3c46a84c07b,4efc1c79-f044-4ae8-989f-e08f290b0735,448025a0-0ff7-4ed0-a917-399a73decef2,6a34ddae-be72-471a-ad45-7e226c3a141f,,2026-05-05 20:58:41.885885-07,,t,2026-08-02 21:36:14.551701-07,6a34ddae-be72-471a-ad45-7e226c3a141f,channel_project,channel_relationship,,
0781434c-71b2-41d4-9c58-7e10b3a0ad56,c1481422-9fc2-4ca9-893a-f620dffde308,fb606cb5-26e8-43c4-8d13-a07f07bba568,448025a0-0ff7-4ed0-a917-399a73decef2,43de9c8f-6685-44a4-8e13-be229a75ee6f,,2025-11-27 17:40:53.092041-08,,f,,,channel_project,channel_relationship,,
07907bd2-e63a-4f87-8aea-6233ae16df0d,f7a310b1-3199-4716-800b-a01b0e490687,ea95ae55-0599-4c55-8d67-e5b7c2952f48,36310203-8005-41dc-b51e-a8dc52960496,6828c3df-aa9a-4ebe-8418-df13e38bb018,,2026-04-03 01:08:06.345363-07,,t,2026-04-20 01:48:22.221349-07,6828c3df-aa9a-4ebe-8418-df13e38bb018,channel_project,channel_relationship,,
0790bfdd-f00d-415b-9f27-f377d40d298f,7ffdacef-5d02-4aa8-b3d3-84c85d823164,fb606cb5-26e8-43c4-8d13-a07f07bba568,448025a0-0ff7-4ed0-a917-399a73decef2,358dceb1-c1b0-46b9-a24f-c1b6a7fdb2dd,,2025-05-01 17:00:00-07,,t,2026-03-16 20:45:59.379674-07,3a9ff8c5-8923-4d19-a09e-2c8d79cc7c6f,channel_project,channel_relationship,,
07a1bef3-696b-4e3b-90e9-b8b1355e3071,5b75a22a-21b1-419c-97aa-a3df32336d33,4bd3177f-50fa-43f0-bff0-62590a365558,36310203-8005-41dc-b51e-a8dc52960496,6828c3df-aa9a-4ebe-8418-df13e38bb018,,2026-04-03 02:37:51.442977-07,,f,,,channel_project,channel_relationship,,
07a5a997-4fb3-4dc3-aef8-8b6ec061a040,8e0ff6df-dc16-4730-b106-726643526522,dd4bf39a-03d9-4c7b-be58-8d0eb4f00acf,448025a0-0ff7-4ed0-a917-399a73decef2,43de9c8f-6685-44a4-8e13-be229a75ee6f,,2026-03-05 19:49:17.271314-08,,f,,,channel_project,channel_relationship,,
07d62011-be54-4a8b-985a-a8dd137a197e,10c2abba-e53d-40ba-b826-757b98f403a5,ea95ae55-0599-4c55-8d67-e5b7c2952f48,36310203-8005-41dc-b51e-a8dc52960496,6828c3df-aa9a-4ebe-8418-df13e38bb018,,2026-02-24 02:51:32.641883-08,,t,2026-07-06 14:50:32.939804-07,6828c3df-aa9a-4ebe-8418-df13e38bb018,channel_project,channel_relationship,,
0807c0c0-1cf7-4d8e-985d-cac13aeec82b,3b7a99ae-a50f-4564-accf-071d884c4ccc,fb606cb5-26e8-43c4-8d13-a07f07bba568,448025a0-0ff7-4ed0-a917-399a73decef2,358dceb1-c1b0-46b9-a24f-c1b6a7fdb2dd,,2026-02-11 23:24:34.510744-08,,t,2026-03-10 21:17:56.54168-07,358dceb1-c1b0-46b9-a24f-c1b6a7fdb2dd,channel_project,channel_relationship,,
082001ac-53ca-46e4-8861-1e3084852a40,70fecccb-9bd1-42fd-a111-7d28d4b47eef,fb606cb5-26e8-43c4-8d13-a07f07bba568,448025a0-0ff7-4ed0-a917-399a73decef2,43de9c8f-6685-44a4-8e13-be229a75ee6f,,2025-11-27 17:41:57.299971-08,,t,2026-03-17 01:45:04.877648-07,3a9ff8c5-8923-4d19-a09e-2c8d79cc7c6f,channel_project,channel_relationship,,
0824ca1e-9915-4e8d-bcd0-5b16d4b92090,3904e731-3851-4375-bf2e-af31b9f28f64,af13f5cc-6b51-4949-ad6c-1786c27eaa3d,448025a0-0ff7-4ed0-a917-399a73decef2,1d579e1c-cf10-41fb-9d62-2358f1bfa25a,,2025-09-07 19:32:19.852718-07,,f,,,channel_project,channel_relationship,,
0829bd5f-d844-425d-b1f7-509feeffc538,59c14372-d439-4ca7-b4f8-bdf9f5a6e575,fb606cb5-26e8-43c4-8d13-a07f07bba568,448025a0-0ff7-4ed0-a917-399a73decef2,6a34ddae-be72-471a-ad45-7e226c3a141f,,2026-07-27 21:33:14.70738-07,,t,2026-08-15 01:49:21.999885-07,6a34ddae-be72-471a-ad45-7e226c3a141f,channel_project,channel_relationship,,
083594ff-c8f9-4d96-bb8e-3c6ab672e405,6504198e-7291-4f6f-a96f-e49d2b3741f1,fb606cb5-26e8-43c4-8d13-a07f07bba568,448025a0-0ff7-4ed0-a917-399a73decef2,3a9ff8c5-8923-4d19-a09e-2c8d79cc7c6f,,2026-03-17 19:25:28.767706-07,,f,,,channel_project,channel_relationship,,
084b6f25-0689-4c1d-bd4e-d01f1c6e0877,a7b12eea-4870-4ff6-95c6-ca9aac78227c,88af4d15-2e5d-40c8-88a8-974ba5a7d50e,448025a0-0ff7-4ed0-a917-399a73decef2,1dbe5f9f-895c-46e7-ab0d-6eee0c51058f,,2025-09-26 19:59:03.046389-07,,f,,,channel_project,channel_relationship,,
08587a1b-aa74-45da-948d-e8607be602eb,a8f0c610-ab26-4c59-9bb8-0b80d62c07a1,fb606cb5-26e8-43c4-8d13-a07f07bba568,448025a0-0ff7-4ed0-a917-399a73decef2,ae786cf3-a6b6-4a7d-9ea0-ead631615e0c,,2026-05-12 02:02:34.246432-07,,f,,,channel_project,channel_relationship,,
086daa84-44d0-4b6f-86d0-93f1b7ed35b3,6da7c3a4-6c6f-4533-8458-bdf257992583,d2b565de-9d4d-4e29-9810-29ce00bfd2bd,36310203-8005-41dc-b51e-a8dc52960496,6828c3df-aa9a-4ebe-8418-df13e38bb018,,2026-07-02 03:27:11.830692-07,,t,2026-08-02 03:56:15.307819-07,6828c3df-aa9a-4ebe-8418-df13e38bb018,channel_project,channel_relationship,,
0873b5b1-2cbc-4139-969c-11adcb10d600,a87ece48-ea5f-4f47-b1c6-a3e3bf475e7c,71e59864-5ed2-4311-bc5b-7a7597294c44,36310203-8005-41dc-b51e-a8dc52960496,1fe20089-cd12-4a7c-bb42-9d338cab198b,,2026-05-10 20:08:32.006225-07,,f,,,channel_project,channel_relationship,,
0887c825-66cf-4dcc-9ff9-f2cbe6a4aa64,93ab8008-587a-4a00-a78b-1ea011796b10,ee7bf8f4-7edd-4ff1-a9c0-ce4de3cc5845,448025a0-0ff7-4ed0-a917-399a73decef2,358dceb1-c1b0-46b9-a24f-c1b6a7fdb2dd,,2025-05-01 17:00:00-07,,t,2026-03-16 21:19:24.546958-07,3a9ff8c5-8923-4d19-a09e-2c8d79cc7c6f,channel_project,channel_relationship,,
0889d4c0-96db-4906-9673-3ececbc90f0c,0ed3a09b-1097-47ff-b157-62e1d3f4a252,d2b565de-9d4d-4e29-9810-29ce00bfd2bd,36310203-8005-41dc-b51e-a8dc52960496,1fe20089-cd12-4a7c-bb42-9d338cab198b,,2026-05-10 19:55:46.544056-07,,t,2026-08-06 01:38:19.392544-07,1fe20089-cd12-4a7c-bb42-9d338cab198b,channel_project,channel_relationship,,
08a60ba4-7e1b-4a43-b3d9-de776a32a076,30da7d95-a314-490e-9c52-0a2377cd67a2,4bd3177f-50fa-43f0-bff0-62590a365558,36310203-8005-41dc-b51e-a8dc52960496,5ee9a2ec-3ce4-43df-a5d7-934ceabd411f,,2026-03-22 20:16:04.487013-07,,t,2026-06-03 01:03:53.949856-07,a49192c4-8bb3-4976-a588-82de978a882e,channel_project,channel_relationship,,
08aff407-0365-4082-a9fb-da0a4839631a,f9597694-9e25-4ef6-92bc-39356f863828,af13f5cc-6b51-4949-ad6c-1786c27eaa3d,448025a0-0ff7-4ed0-a917-399a73decef2,f555e82d-0044-42ca-ac2a-f05340bad471,,2026-06-26 00:18:21.242664-07,,f,,,channel_project,channel_relationship,,
08bf0e0f-1543-4b00-b5b0-abc000b1fa32,2f4adfc3-71d9-45d5-907b-8d2f231b221a,a76d214b-b2d3-43f8-85d5-96d6a453c9a2,448025a0-0ff7-4ed0-a917-399a73decef2,4e3eac7c-e6d8-4e10-b8b5-b66bcc744495,,2026-08-14 21:24:34.179143-07,,f,,,channel_project,channel_relationship,,
08c94aa9-da9e-46e9-a853-c8a854b85a3d,dbb124dd-0efd-44c7-9a85-a851995fc7fa,85aa4dc6-4ea2-457d-9821-a71fd9d16888,448025a0-0ff7-4ed0-a917-399a73decef2,ae786cf3-a6b6-4a7d-9ea0-ead631615e0c,,2026-04-24 07:19:46.588209-07,,f,,,channel_project,channel_relationship,,
08d099fc-02e0-45d5-acf4-c6a49ef6f278,e94f7ac7-0d70-4294-bd28-332b07a728a6,40885a7b-f9f9-4541-abc8-6fdcda2ba048,448025a0-0ff7-4ed0-a917-399a73decef2,a61e2437-628b-43e7-a32c-f948290dbba9,,2026-03-02 20:02:44.487503-08,,t,2026-05-11 02:42:17.31056-07,6a60fcc1-ce96-4398-a432-d397b95d22b6,channel_project,channel_relationship,,
08d38888-2b0b-4367-8ed8-ec7ad1cb5852,dc84afcd-f479-4829-b439-b4ff6ba39c1a,88af4d15-2e5d-40c8-88a8-974ba5a7d50e,448025a0-0ff7-4ed0-a917-399a73decef2,43de9c8f-6685-44a4-8e13-be229a75ee6f,,2025-09-10 00:55:20.748202-07,,f,,,channel_project,channel_relationship,,
08e1b535-7c29-4b36-8d29-c078af8dce9c,0b86d2c2-e68b-4e4a-8858-b5a63260e49d,fb606cb5-26e8-43c4-8d13-a07f07bba568,448025a0-0ff7-4ed0-a917-399a73decef2,358dceb1-c1b0-46b9-a24f-c1b6a7fdb2dd,,2025-05-01 17:00:00-07,,t,2026-03-16 21:05:13.684315-07,3a9ff8c5-8923-4d19-a09e-2c8d79cc7c6f,channel_project,channel_relationship,,
08ee5eb8-5e54-4975-a794-877631ddeff6,ef47c2d6-b0b2-4834-894a-cd5f9b1a7f85,85aa4dc6-4ea2-457d-9821-a71fd9d16888,448025a0-0ff7-4ed0-a917-399a73decef2,43de9c8f-6685-44a4-8e13-be229a75ee6f,,2025-07-31 00:12:10.818028-07,,t,2026-03-16 21:05:13.684297-07,3a9ff8c5-8923-4d19-a09e-2c8d79cc7c6f,channel_project,channel_relationship,,
08f619db-2417-424e-8c3a-492c3f6029cd,1b06ba1c-d880-47a0-ac45-e5572112376f,fb606cb5-26e8-43c4-8d13-a07f07bba568,448025a0-0ff7-4ed0-a917-399a73decef2,43de9c8f-6685-44a4-8e13-be229a75ee6f,,2025-12-05 01:01:07.932397-08,,f,,,channel_project,channel_relationship,,
0902a515-4df3-42a9-81c9-72daeaec0363,b0e8a391-b4b3-4db3-9ec9-bd84abe7131c,d2b565de-9d4d-4e29-9810-29ce00bfd2bd,36310203-8005-41dc-b51e-a8dc52960496,6828c3df-aa9a-4ebe-8418-df13e38bb018,,2026-07-02 03:30:30.365831-07,,f,,,channel_project,channel_relationship,,
091b8090-fdc9-417b-b945-1e630a6f79b1,0d1c1d68-1a4c-4017-9ddd-b31a010c2d8f,701fd0d3-ff09-423e-a42b-af88f38ddf89,448025a0-0ff7-4ed0-a917-399a73decef2,6a34ddae-be72-471a-ad45-7e226c3a141f,,2026-05-05 20:57:39.796194-07,,f,,,channel_project,channel_relationship,,
091ec6ce-f586-4ff3-bbd7-7dd359e3d1fb,2ddd6e41-3c85-4065-8e2f-909754e0e9db,fb606cb5-26e8-43c4-8d13-a07f07bba568,448025a0-0ff7-4ed0-a917-399a73decef2,6a34ddae-be72-471a-ad45-7e226c3a141f,,2025-11-20 02:18:58.44725-08,,f,,,channel_project,channel_relationship,,
0928053e-5962-422a-a2d7-235a9a46ea1c,e30e3a8f-a4e3-4d31-ba7c-10f28dcf8832,40885a7b-f9f9-4541-abc8-6fdcda2ba048,448025a0-0ff7-4ed0-a917-399a73decef2,97ee41e4-8f90-4991-8d67-df26d970bf62,,2025-07-22 21:22:12.077604-07,,f,,,channel_project,channel_relationship,,
0932be10-9869-480e-9ca9-33784db3c5a3,63615770-cb62-4f92-98db-e91968a440bb,fb606cb5-26e8-43c4-8d13-a07f07bba568,448025a0-0ff7-4ed0-a917-399a73decef2,358dceb1-c1b0-46b9-a24f-c1b6a7fdb2dd,,2025-05-01 17:00:00-07,,t,2026-03-16 21:19:24.546955-07,3a9ff8c5-8923-4d19-a09e-2c8d79cc7c6f,channel_project,channel_relationship,,
09331eda-8470-4b9c-87ee-eaa086b9ef63,0b54d8c9-f11b-4c9c-b81c-2f9e489ab871,d2b565de-9d4d-4e29-9810-29ce00bfd2bd,36310203-8005-41dc-b51e-a8dc52960496,1fe20089-cd12-4a7c-bb42-9d338cab198b,,2026-05-10 19:48:39.249799-07,,f,,,channel_project,channel_relationship,,
09548a51-daca-445d-a77b-cb911d4eb03b,0667e2f2-1158-4414-beeb-13e958c2b90a,d2b565de-9d4d-4e29-9810-29ce00bfd2bd,36310203-8005-41dc-b51e-a8dc52960496,6828c3df-aa9a-4ebe-8418-df13e38bb018,,2026-02-24 00:01:36.503918-08,,t,2026-04-20 20:30:18.18455-07,6828c3df-aa9a-4ebe-8418-df13e38bb018,channel_project,channel_relationship,,
0958a867-3ac7-4cb5-b349-8e659b529904,bd8cbd7d-b344-4207-b886-1ecbccdac156,e7ef3e57-57d3-4283-9469-caff77d87719,448025a0-0ff7-4ed0-a917-399a73decef2,6a34ddae-be72-471a-ad45-7e226c3a141f,,2025-12-29 00:40:58.677263-08,,f,,,channel_project,channel_relationship,,
0966ef9a-19d2-4997-af4c-30135b2e188c,704a25cb-54a8-4895-b857-a2a9ca8f9090,d2b565de-9d4d-4e29-9810-29ce00bfd2bd,36310203-8005-41dc-b51e-a8dc52960496,1fe20089-cd12-4a7c-bb42-9d338cab198b,,2026-05-10 20:01:47.491029-07,,t,2026-05-10 20:06:53.208063-07,1fe20089-cd12-4a7c-bb42-9d338cab198b,channel_project,channel_relationship,,
0972dfcd-ee91-4f6a-a236-f94eb16d6a6c,64aa26a4-df4d-4ab0-bfba-4de6a32b03e1,fb606cb5-26e8-43c4-8d13-a07f07bba568,448025a0-0ff7-4ed0-a917-399a73decef2,3a9ff8c5-8923-4d19-a09e-2c8d79cc7c6f,,2025-07-17 19:04:06.912141-07,,f,,,channel_project,channel_relationship,,
09846ad7-cd37-46ad-8cbb-59165943a3fe,43e0e93a-e7cf-4569-a854-f97885b9155b,a76d214b-b2d3-43f8-85d5-96d6a453c9a2,448025a0-0ff7-4ed0-a917-399a73decef2,6a34ddae-be72-471a-ad45-7e226c3a141f,,2026-06-30 00:34:40.303871-07,,t,2026-07-13 02:05:58.051629-07,6a34ddae-be72-471a-ad45-7e226c3a141f,channel_project,channel_relationship,,
0996e53f-121b-4a2c-8e0c-2a8a87f9cf6c,66f5cf1e-6c28-4564-8e73-b09292004297,ee7bf8f4-7edd-4ff1-a9c0-ce4de3cc5845,448025a0-0ff7-4ed0-a917-399a73decef2,43de9c8f-6685-44a4-8e13-be229a75ee6f,,2025-10-15 03:27:27.450536-07,,t,2025-10-15 18:41:49.643781-07,3a9ff8c5-8923-4d19-a09e-2c8d79cc7c6f,channel_project,channel_relationship,,
09a12af0-d440-4ab7-a932-f0e6b176df61,ed9af347-1249-4f1f-91f6-6fa0b7ca6a30,af13f5cc-6b51-4949-ad6c-1786c27eaa3d,448025a0-0ff7-4ed0-a917-399a73decef2,358dceb1-c1b0-46b9-a24f-c1b6a7fdb2dd,,2025-05-01 17:00:00-07,,t,2026-04-14 20:13:13.33282-07,a61e2437-628b-43e7-a32c-f948290dbba9,channel_project,channel_relationship,,
09fb8bc3-3d86-4646-ba10-acf3f82d1d9d,f6fa7032-34d8-4618-93bc-022d6457059f,40885a7b-f9f9-4541-abc8-6fdcda2ba048,448025a0-0ff7-4ed0-a917-399a73decef2,c47f3399-05a0-4073-8685-89972808f783,,2026-05-29 02:49:15.919955-07,,f,,,channel_project,channel_relationship,,
0a1088a7-113b-4b1f-b586-568cf8bf8e03,c3f1227e-d418-48af-99b8-d25c691ad557,af13f5cc-6b51-4949-ad6c-1786c27eaa3d,448025a0-0ff7-4ed0-a917-399a73decef2,358dceb1-c1b0-46b9-a24f-c1b6a7fdb2dd,,2025-05-01 17:00:00-07,,f,,,channel_project,channel_relationship,,
0a162c66-eafe-45bc-9b4b-feb403058a2e,3215b0f6-9cd3-49b0-9ee3-79e353889756,ee7bf8f4-7edd-4ff1-a9c0-ce4de3cc5845,448025a0-0ff7-4ed0-a917-399a73decef2,43de9c8f-6685-44a4-8e13-be229a75ee6f,,2026-01-27 00:25:29.692771-08,,f,,,channel_project,channel_relationship,,
0a183017-805f-4183-8867-c455ef6866d4,e5a984fb-9511-483f-9ca8-2624f19dffac,701fd0d3-ff09-423e-a42b-af88f38ddf89,448025a0-0ff7-4ed0-a917-399a73decef2,358dceb1-c1b0-46b9-a24f-c1b6a7fdb2dd,,2025-05-29 22:05:19.883229-07,,t,2026-03-16 20:45:59.379663-07,3a9ff8c5-8923-4d19-a09e-2c8d79cc7c6f,channel_project,channel_relationship,,
0a1e1754-330d-4a73-b798-803521f340b7,54ae0c81-c23d-40da-a3e5-98ab4e5b6185,af13f5cc-6b51-4949-ad6c-1786c27eaa3d,448025a0-0ff7-4ed0-a917-399a73decef2,43de9c8f-6685-44a4-8e13-be229a75ee6f,,2025-12-22 18:52:34.615085-08,,f,,,channel_project,channel_relationship,,
0a273d71-3af1-4b25-af60-819b560f7134,735f381e-ec02-44f7-ba58-5e5847c86f05,40885a7b-f9f9-4541-abc8-6fdcda2ba048,448025a0-0ff7-4ed0-a917-399a73decef2,b22aeee3-7b08-4e9a-8114-086a9f2a18bf,,2025-11-24 00:28:07.9849-08,,f,,,channel_project,channel_relationship,,
0a279044-5388-40d8-a719-e92c646a9d59,14dcfe0e-18cd-403e-be16-151ea9feb83b,d2b565de-9d4d-4e29-9810-29ce00bfd2bd,36310203-8005-41dc-b51e-a8dc52960496,6828c3df-aa9a-4ebe-8418-df13e38bb018,,2026-02-22 19:52:00.011713-08,,f,,,channel_project,channel_relationship,,
0a579dfe-2e5e-4b51-8000-a4ca80b7091c,7cf5dc24-2966-4aad-86e3-04979820cde1,fb606cb5-26e8-43c4-8d13-a07f07bba568,448025a0-0ff7-4ed0-a917-399a73decef2,f555e82d-0044-42ca-ac2a-f05340bad471,,2026-07-05 22:10:07.927277-07,,f,,,channel_project,channel_relationship,,
0a6720f7-20af-4fe2-86ec-7050381a3c1f,28a3f760-71ad-4fd8-92e7-a94cf3c0d980,fb606cb5-26e8-43c4-8d13-a07f07bba568,448025a0-0ff7-4ed0-a917-399a73decef2,43de9c8f-6685-44a4-8e13-be229a75ee6f,,2026-01-09 17:44:12.460786-08,,t,2026-03-16 23:34:07.916339-07,3a9ff8c5-8923-4d19-a09e-2c8d79cc7c6f,channel_project,channel_relationship,,
0a7728ba-e8d0-44de-9db6-1100212050e4,510537f9-e373-44ac-b6fb-19af9454f3a8,692dd103-d0c0-48e9-8000-3caa07bc5036,448025a0-0ff7-4ed0-a917-399a73decef2,43de9c8f-6685-44a4-8e13-be229a75ee6f,,2026-08-13 23:56:05.654752-07,,f,,,channel_project,channel_relationship,,
0aa7eaaa-4750-4522-b75a-cca9fec4528c,6ee00761-30a2-4c5b-b517-bf5b0348619d,4844cf36-b364-4f24-9f4c-ff1ef6db849e,448025a0-0ff7-4ed0-a917-399a73decef2,6a34ddae-be72-471a-ad45-7e226c3a141f,,2026-06-07 18:31:25.357012-07,,t,2026-06-30 00:35:18.080671-07,6a34ddae-be72-471a-ad45-7e226c3a141f,channel_project,channel_relationship,,
0ab9bc17-1828-4c43-bff3-0945445b7193,1e819bc0-245c-4837-b786-1458bdfc0476,8af275a2-22c4-45c1-9113-8b95c3f16063,448025a0-0ff7-4ed0-a917-399a73decef2,c47f3399-05a0-4073-8685-89972808f783,,2026-07-21 21:01:35.775363-07,,f,,,channel_project,channel_relationship,,
0ac5e33d-4f21-46c8-89ea-a637c74bea24,9661172d-ac47-49f8-bee7-370ebed44de0,ee7bf8f4-7edd-4ff1-a9c0-ce4de3cc5845,448025a0-0ff7-4ed0-a917-399a73decef2,358dceb1-c1b0-46b9-a24f-c1b6a7fdb2dd,,2025-05-01 17:00:00-07,,t,2026-03-17 00:04:46.521004-07,3a9ff8c5-8923-4d19-a09e-2c8d79cc7c6f,channel_project,channel_relationship,,
0ac8a1e7-b5c2-4c72-a22a-26aa46c95022,5099937f-624c-4bca-b7e0-93e5ec4f8782,d2b565de-9d4d-4e29-9810-29ce00bfd2bd,36310203-8005-41dc-b51e-a8dc52960496,5ee9a2ec-3ce4-43df-a5d7-934ceabd411f,,2026-05-25 19:19:49.521561-07,,t,2026-06-03 00:48:42.157808-07,a49192c4-8bb3-4976-a588-82de978a882e,channel_project,channel_relationship,,
0ad1c36b-f4b0-4877-8cc0-6c2e2170b97f,62729ba4-c5bf-42fa-9505-d43dbfe80ee1,af13f5cc-6b51-4949-ad6c-1786c27eaa3d,448025a0-0ff7-4ed0-a917-399a73decef2,ae786cf3-a6b6-4a7d-9ea0-ead631615e0c,,2026-01-20 02:28:06.358851-08,,t,2026-03-16 21:19:24.546891-07,3a9ff8c5-8923-4d19-a09e-2c8d79cc7c6f,channel_project,channel_relationship,,
0ad3eaaf-15e2-46e8-975c-89faa8551f04,0e840065-e2a3-4c72-ad7c-ca93a7183845,ee7bf8f4-7edd-4ff1-a9c0-ce4de3cc5845,448025a0-0ff7-4ed0-a917-399a73decef2,358dceb1-c1b0-46b9-a24f-c1b6a7fdb2dd,,2025-05-01 17:00:00-07,,t,2026-03-16 21:19:24.546969-07,3a9ff8c5-8923-4d19-a09e-2c8d79cc7c6f,channel_project,channel_relationship,,
0aeaac72-3c1b-44a9-8f79-6c7057fbfef2,fe2b8a77-9a87-400a-aa64-e07e86030f76,af13f5cc-6b51-4949-ad6c-1786c27eaa3d,501e409b-2168-4f0c-8d46-b0f17c71796d,358dceb1-c1b0-46b9-a24f-c1b6a7fdb2dd,,2025-04-30 17:00:00-07,,t,2025-11-19 02:49:37.094116-08,6a34ddae-be72-471a-ad45-7e226c3a141f,channel_project,channel_relationship,,
0afb4eaf-f8fb-425c-ab5c-64176472d7c8,195c1f1c-8ab8-45a3-99a3-ad3fd360a168,929da576-bb11-4d42-ba66-b7cc0ddb4adc,36310203-8005-41dc-b51e-a8dc52960496,6828c3df-aa9a-4ebe-8418-df13e38bb018,,2026-07-10 23:55:01.754145-07,,f,,,channel_project,channel_relationship,,
0b0de4ba-5f9a-43fe-930b-70fb4d4d0a98,83796c64-ca3e-4168-8a8b-4e0358a4a000,fb606cb5-26e8-43c4-8d13-a07f07bba568,448025a0-0ff7-4ed0-a917-399a73decef2,f555e82d-0044-42ca-ac2a-f05340bad471,,2026-07-09 23:59:33.491592-07,,f,,,channel_project,channel_relationship,,
0b10c894-5a52-4942-88aa-2fa54476eb06,63097190-e839-41f0-980f-89ab413fdc85,4bd3177f-50fa-43f0-bff0-62590a365558,36310203-8005-41dc-b51e-a8dc52960496,5ee9a2ec-3ce4-43df-a5d7-934ceabd411f,,2026-05-15 21:37:08.558388-07,,t,2026-06-03 01:03:53.949799-07,a49192c4-8bb3-4976-a588-82de978a882e,channel_project,channel_relationship,,
0b111e09-fe59-4b8e-bad5-8a27419d639f,33331df9-2b29-4991-9e17-e8f97a2b13ff,701fd0d3-ff09-423e-a42b-af88f38ddf89,448025a0-0ff7-4ed0-a917-399a73decef2,358dceb1-c1b0-46b9-a24f-c1b6a7fdb2dd,,2025-05-01 17:00:00-07,,f,,,channel_project,channel_relationship,,
0b23626c-eb1f-499e-844f-ee69681b43ab,0194f05c-d5cc-449d-a2ea-c4b5259635b5,ea95ae55-0599-4c55-8d67-e5b7c2952f48,36310203-8005-41dc-b51e-a8dc52960496,1fe20089-cd12-4a7c-bb42-9d338cab198b,,2026-05-29 01:13:00.778892-07,,t,2026-07-06 14:50:18.173192-07,6828c3df-aa9a-4ebe-8418-df13e38bb018,channel_project,channel_relationship,,
0b32876f-431c-41ef-a15c-ad831fc25cd6,a827305a-fbc1-4441-b26c-9ec0a094b524,fb606cb5-26e8-43c4-8d13-a07f07bba568,448025a0-0ff7-4ed0-a917-399a73decef2,6a34ddae-be72-471a-ad45-7e226c3a141f,,2025-11-20 01:49:43.58155-08,,f,,,channel_project,channel_relationship,,
0b32f3c3-f8fa-451c-87aa-3d06ec6ac4b5,24e60303-8524-403d-b485-bcdd7fd129f4,ee7bf8f4-7edd-4ff1-a9c0-ce4de3cc5845,448025a0-0ff7-4ed0-a917-399a73decef2,358dceb1-c1b0-46b9-a24f-c1b6a7fdb2dd,,2025-05-01 17:00:00-07,,f,,,channel_project,channel_relationship,,
0b33943f-5cf6-484b-9552-5a87ed48c94c,fefe9909-f117-4ef3-9355-4e7e3ff1e189,ea95ae55-0599-4c55-8d67-e5b7c2952f48,36310203-8005-41dc-b51e-a8dc52960496,1fe20089-cd12-4a7c-bb42-9d338cab198b,,2025-12-25 00:20:01.080217-08,,t,2026-03-18 19:26:14.506573-07,1fe20089-cd12-4a7c-bb42-9d338cab198b,channel_project,channel_relationship,,
0b35d9ef-f424-42d2-95eb-08e23d86ff4b,1fbb4d6a-c06f-4339-9c32-7d0f62577d23,ee7bf8f4-7edd-4ff1-a9c0-ce4de3cc5845,448025a0-0ff7-4ed0-a917-399a73decef2,43de9c8f-6685-44a4-8e13-be229a75ee6f,,2025-11-23 18:51:22.390802-08,,t,2026-03-16 23:56:25.492884-07,3a9ff8c5-8923-4d19-a09e-2c8d79cc7c6f,channel_project,channel_relationship,,
0b5ad6f9-0f77-489f-96bd-87b8df921ee3,0f8a2e38-a134-4d71-bb00-ba593c53865a,929da576-bb11-4d42-ba66-b7cc0ddb4adc,36310203-8005-41dc-b51e-a8dc52960496,6828c3df-aa9a-4ebe-8418-df13e38bb018,,2026-04-24 18:17:14.19104-07,,f,,,channel_project,channel_relationship,,
0b6ca57b-a7c5-461a-b80c-11a27c8babfe,5126644b-7682-4346-848f-cbbed278e535,af13f5cc-6b51-4949-ad6c-1786c27eaa3d,448025a0-0ff7-4ed0-a917-399a73decef2,ae786cf3-a6b6-4a7d-9ea0-ead631615e0c,,2026-02-28 20:50:49.503396-08,,t,2026-03-17 00:56:41.731143-07,3a9ff8c5-8923-4d19-a09e-2c8d79cc7c6f,channel_project,channel_relationship,,
0b71d3ff-2d79-448e-91a4-c87655349b08,7a6e9cd9-1592-48ba-bc50-480c162e97bd,ee7bf8f4-7edd-4ff1-a9c0-ce4de3cc5845,448025a0-0ff7-4ed0-a917-399a73decef2,ae786cf3-a6b6-4a7d-9ea0-ead631615e0c,,2026-04-11 02:24:18.012361-07,,f,,,channel_project,channel_relationship,,
0b7b5856-ee85-43ab-a6e5-96d26428cf70,329196e5-74d9-42d0-b324-31b42e663baf,701fd0d3-ff09-423e-a42b-af88f38ddf89,448025a0-0ff7-4ed0-a917-399a73decef2,63223140-0dc1-4205-af3c-00d575dd5b25,,2026-01-28 17:44:51.445303-08,,f,,,channel_project,channel_relationship,,
0b7f5bfc-20a2-459d-90da-29946fa8bcdd,9684e277-5607-41a6-a8f0-a33711dc79b5,767724ec-7181-4a56-8366-aa141632fe8e,448025a0-0ff7-4ed0-a917-399a73decef2,358dceb1-c1b0-46b9-a24f-c1b6a7fdb2dd,,2025-06-04 02:03:11.959992-07,,f,,,channel_project,channel_relationship,,
0b887f98-c659-44b4-8c7e-571046c47dff,e63ad53b-68a3-4bdc-b248-6a7a4d6c9155,40885a7b-f9f9-4541-abc8-6fdcda2ba048,448025a0-0ff7-4ed0-a917-399a73decef2,a61e2437-628b-43e7-a32c-f948290dbba9,,2026-01-27 19:57:46.734985-08,,t,2026-06-04 03:40:27.340118-07,ed86db9a-4911-4264-bef0-4fdde9c14e85,channel_project,channel_relationship,,
0b983aef-d586-4776-8638-549c79ba5e01,448072df-4a1b-4d7c-b09f-8497d1515d93,71e59864-5ed2-4311-bc5b-7a7597294c44,36310203-8005-41dc-b51e-a8dc52960496,6828c3df-aa9a-4ebe-8418-df13e38bb018,,2026-07-28 04:13:40.562917-07,,f,,,channel_project,channel_relationship,,
0bddf53b-00cd-4ca3-b5a8-d2287d0ff22e,4fdd04b7-64c0-4093-ab34-7e1fb11054af,d2b565de-9d4d-4e29-9810-29ce00bfd2bd,36310203-8005-41dc-b51e-a8dc52960496,6828c3df-aa9a-4ebe-8418-df13e38bb018,,2026-06-20 17:51:59.474003-07,,t,2026-08-13 19:25:47.305928-07,6828c3df-aa9a-4ebe-8418-df13e38bb018,channel_project,channel_relationship,,
0c066273-500d-459d-a217-72abdf5379f6,af053937-ab44-4d5e-95d3-e9a2fca36bae,a76d214b-b2d3-43f8-85d5-96d6a453c9a2,448025a0-0ff7-4ed0-a917-399a73decef2,43de9c8f-6685-44a4-8e13-be229a75ee6f,,2025-10-09 00:40:36.722602-07,,t,2025-10-12 19:33:29.734506-07,43de9c8f-6685-44a4-8e13-be229a75ee6f,channel_project,channel_relationship,,
0c2398f3-39ff-47b7-8b50-77028918a5b6,27e99f04-b6ba-4d5e-b3e5-a54ad5d93314,701fd0d3-ff09-423e-a42b-af88f38ddf89,448025a0-0ff7-4ed0-a917-399a73decef2,43de9c8f-6685-44a4-8e13-be229a75ee6f,,2026-02-10 19:03:55.211173-08,,t,2026-02-10 22:47:39.995437-08,7186d5ec-9304-482d-bf0f-011c974e4e34,channel_project,channel_relationship,,
0c3a84df-8ee6-4775-8bc9-383aab5343c7,0c427347-8b86-4dcb-bc49-346ff86c681a,fb606cb5-26e8-43c4-8d13-a07f07bba568,448025a0-0ff7-4ed0-a917-399a73decef2,3a9ff8c5-8923-4d19-a09e-2c8d79cc7c6f,,2026-03-17 20:04:44.781483-07,,f,,,channel_project,channel_relationship,,
0c4094b2-bf86-4037-8b15-a02a6544bfb6,cc021996-ca0d-46e8-b827-a688c3a3e1a2,af13f5cc-6b51-4949-ad6c-1786c27eaa3d,448025a0-0ff7-4ed0-a917-399a73decef2,a61e2437-628b-43e7-a32c-f948290dbba9,,2026-02-04 18:25:29.950085-08,,t,2026-07-30 03:10:55.771943-07,c47f3399-05a0-4073-8685-89972808f783,channel_project,channel_relationship,,
0c40f6c2-7966-4d87-99fa-b312f1d7e6bf,61e91806-2d6d-4f8a-b632-e8f6940f4f25,d2b565de-9d4d-4e29-9810-29ce00bfd2bd,36310203-8005-41dc-b51e-a8dc52960496,5ee9a2ec-3ce4-43df-a5d7-934ceabd411f,,2026-05-05 23:38:13.160308-07,,t,2026-06-02 23:48:23.964566-07,a49192c4-8bb3-4976-a588-82de978a882e,channel_project,channel_relationship,,
0c492741-1efc-4d5d-8382-f7f735d9babf,60ef1061-edc1-459c-b659-363012011697,af13f5cc-6b51-4949-ad6c-1786c27eaa3d,448025a0-0ff7-4ed0-a917-399a73decef2,43de9c8f-6685-44a4-8e13-be229a75ee6f,,2026-01-09 23:24:07.1688-08,,f,,,channel_project,channel_relationship,,
0c586a06-efe9-4555-aaef-667e19fc73a7,b0054c89-24c1-4d22-adef-c47ba77c9812,fb606cb5-26e8-43c4-8d13-a07f07bba568,448025a0-0ff7-4ed0-a917-399a73decef2,43de9c8f-6685-44a4-8e13-be229a75ee6f,,2026-01-07 02:50:02.053015-08,,f,,,channel_project,channel_relationship,,
0c6a6cc0-b193-4ae0-96f1-eb4657f6b19b,68e781e9-c808-4fdc-a70e-e1996dae7bb7,ea95ae55-0599-4c55-8d67-e5b7c2952f48,36310203-8005-41dc-b51e-a8dc52960496,6828c3df-aa9a-4ebe-8418-df13e38bb018,,2026-08-20 14:54:22.645167-07,,f,,,channel_project,channel_relationship,,
0c731c5d-8075-4bee-8a75-31e4a9039adb,73bed96c-e93a-4ef0-b3ec-2b1166f3864f,4bd3177f-50fa-43f0-bff0-62590a365558,36310203-8005-41dc-b51e-a8dc52960496,5ee9a2ec-3ce4-43df-a5d7-934ceabd411f,,2025-12-31 01:16:22.468165-08,,t,2026-06-03 01:03:53.949908-07,a49192c4-8bb3-4976-a588-82de978a882e,channel_project,channel_relationship,,
0c8b43d3-8a60-42c4-afb1-e96f0c37af36,1b235ed6-c69a-464f-ae4a-0a23b05ec631,af13f5cc-6b51-4949-ad6c-1786c27eaa3d,448025a0-0ff7-4ed0-a917-399a73decef2,358dceb1-c1b0-46b9-a24f-c1b6a7fdb2dd,,2025-05-01 17:00:00-07,,f,,,channel_project,channel_relationship,,
0cb820f5-353b-4ae1-9c3f-fad512d82258,af7bae43-677e-4d55-b405-f20c0418720f,71e59864-5ed2-4311-bc5b-7a7597294c44,36310203-8005-41dc-b51e-a8dc52960496,6828c3df-aa9a-4ebe-8418-df13e38bb018,,2026-07-06 20:43:20.179631-07,,f,,,channel_project,channel_relationship,,
0ccaa4b6-95a6-4a5c-91ac-91a819fd9ed3,098060c4-fe60-4eb7-9943-fed2a79c1fd8,91369e50-e5ac-41e1-abd2-1a1465e39ccd,448025a0-0ff7-4ed0-a917-399a73decef2,43de9c8f-6685-44a4-8e13-be229a75ee6f,,2026-01-09 20:07:46.123338-08,,t,2026-03-17 01:41:08.204025-07,3a9ff8c5-8923-4d19-a09e-2c8d79cc7c6f,channel_project,channel_relationship,,
0cd3ca4c-8bac-4bce-b291-b3d8b85b2898,908c5911-7d8b-4efc-aee1-d85411e66f58,ea95ae55-0599-4c55-8d67-e5b7c2952f48,36310203-8005-41dc-b51e-a8dc52960496,6828c3df-aa9a-4ebe-8418-df13e38bb018,,2026-03-30 04:42:05.088617-07,,f,,,channel_project,channel_relationship,,
0cedf173-f119-430d-9130-bf90def0f800,ef034dde-223d-4d8d-ba7d-dd77d61ae980,fb606cb5-26e8-43c4-8d13-a07f07bba568,448025a0-0ff7-4ed0-a917-399a73decef2,97ee41e4-8f90-4991-8d67-df26d970bf62,,2025-09-17 20:51:31.793117-07,,t,2026-05-18 20:10:42.929558-07,c47f3399-05a0-4073-8685-89972808f783,channel_project,channel_relationship,,
0d003d25-dc3a-4939-bf73-e7f4b5dafe15,538d2383-fc48-4978-955c-486537abfcf1,fb606cb5-26e8-43c4-8d13-a07f07bba568,448025a0-0ff7-4ed0-a917-399a73decef2,43de9c8f-6685-44a4-8e13-be229a75ee6f,,2025-11-10 00:11:24.537744-08,,f,,,channel_project,channel_relationship,,
0d1f3881-c0a2-4003-a238-58a581c2fb2e,0ce7ded7-86e5-4433-a880-9020464ea632,af13f5cc-6b51-4949-ad6c-1786c27eaa3d,448025a0-0ff7-4ed0-a917-399a73decef2,358dceb1-c1b0-46b9-a24f-c1b6a7fdb2dd,,2025-05-01 17:00:00-07,,f,,,channel_project,channel_relationship,,
0d21e542-ffcf-4d85-b33e-5a24b41eafc2,caac881f-3862-4ed0-9b52-565f9bfc4fa6,af13f5cc-6b51-4949-ad6c-1786c27eaa3d,448025a0-0ff7-4ed0-a917-399a73decef2,43de9c8f-6685-44a4-8e13-be229a75ee6f,,2025-11-21 02:21:20.837306-08,,t,2025-11-24 19:53:48.220517-08,ae786cf3-a6b6-4a7d-9ea0-ead631615e0c,channel_project,channel_relationship,,
0d239ecb-0b1a-4998-ad7f-57e1a459efe4,a0039620-b6fe-4412-939f-9c40fc718d3d,40885a7b-f9f9-4541-abc8-6fdcda2ba048,448025a0-0ff7-4ed0-a917-399a73decef2,c47f3399-05a0-4073-8685-89972808f783,,2026-05-31 19:07:01.214776-07,,f,,,channel_project,channel_relationship,,
0d38c00b-472c-46e9-9abc-480a39943a9d,606abad1-6f59-4d94-b034-3d4122d9afa1,fb606cb5-26e8-43c4-8d13-a07f07bba568,448025a0-0ff7-4ed0-a917-399a73decef2,3a9ff8c5-8923-4d19-a09e-2c8d79cc7c6f,,2026-03-17 19:23:43.976935-07,,f,,,channel_project,channel_relationship,,
0d474133-cd07-4710-a222-8601a55c154f,f555868d-0068-438d-a95d-c6c448e6c1aa,4bd3177f-50fa-43f0-bff0-62590a365558,36310203-8005-41dc-b51e-a8dc52960496,5ee9a2ec-3ce4-43df-a5d7-934ceabd411f,,2026-05-06 00:18:45.89484-07,,t,2026-06-03 01:03:53.949821-07,a49192c4-8bb3-4976-a588-82de978a882e,channel_project,channel_relationship,,
0d53e83c-acb2-4855-b733-b2a301361812,b533f6a7-27ae-4e83-ac14-0f2849e2d91d,fb606cb5-26e8-43c4-8d13-a07f07bba568,448025a0-0ff7-4ed0-a917-399a73decef2,e2b5d056-b0c9-4d57-948c-ad7f170f0a4d,,2025-08-27 19:49:46.462633-07,,t,2025-08-28 02:20:58.354708-07,e2b5d056-b0c9-4d57-948c-ad7f170f0a4d,channel_project,channel_relationship,,
0d81f5db-fa3e-46e0-a235-d817389e582e,0038e193-9bc4-44cc-829f-08c9bee9d284,fb606cb5-26e8-43c4-8d13-a07f07bba568,448025a0-0ff7-4ed0-a917-399a73decef2,a61e2437-628b-43e7-a32c-f948290dbba9,,2026-06-04 20:34:31.083798-07,,f,,,channel_project,channel_relationship,,
0d8d2293-389e-4004-acf7-77a17d010a79,9a10a754-8f5f-4e41-8885-5176dd190d55,a76d214b-b2d3-43f8-85d5-96d6a453c9a2,448025a0-0ff7-4ed0-a917-399a73decef2,97ee41e4-8f90-4991-8d67-df26d970bf62,,2025-08-19 02:44:25.934844-07,,f,,,channel_project,channel_relationship,,
0d9c21dc-baf6-4bd7-9856-9f1084f3dc21,923661fc-4c13-480b-881e-1660ba1fd2d3,71e59864-5ed2-4311-bc5b-7a7597294c44,36310203-8005-41dc-b51e-a8dc52960496,6828c3df-aa9a-4ebe-8418-df13e38bb018,,2026-08-11 00:05:56.46562-07,,f,,,channel_project,channel_relationship,,
0dcf4bcc-f641-47e2-a4b4-3db5a73edfd9,f3c008ba-21ad-436a-b6d5-2851a728a3d0,87126131-51a3-46a3-b4ac-2ec2cce25711,448025a0-0ff7-4ed0-a917-399a73decef2,6a34ddae-be72-471a-ad45-7e226c3a141f,,2025-11-12 00:06:54.543833-08,,t,2025-11-12 00:07:38.929474-08,6a34ddae-be72-471a-ad45-7e226c3a141f,channel_project,channel_relationship,,
0dd6a0c1-e272-4573-9d1d-c275290431a9,c6f97750-2e14-4bb0-8d48-6d7b75af9afb,fb606cb5-26e8-43c4-8d13-a07f07bba568,448025a0-0ff7-4ed0-a917-399a73decef2,358dceb1-c1b0-46b9-a24f-c1b6a7fdb2dd,,2025-05-03 20:01:15.440864-07,,t,2025-12-09 23:30:12.587646-08,d54d395f-d027-40fb-a19c-723d01f6a380,channel_project,channel_relationship,,
0dddfa0c-8c3d-4d57-aa66-8c7c0a7ac155,98896b89-c448-47ec-8f28-f67b2d0fe28d,d2b565de-9d4d-4e29-9810-29ce00bfd2bd,36310203-8005-41dc-b51e-a8dc52960496,5ee9a2ec-3ce4-43df-a5d7-934ceabd411f,,2025-12-31 01:12:53.541755-08,,t,2026-06-03 00:48:42.158017-07,a49192c4-8bb3-4976-a588-82de978a882e,channel_project,channel_relationship,,
0de7cf66-e89f-49dc-9a7a-fc12bfa6576a,c224eb14-f7c1-45ab-ada0-ab9da772b952,ee7bf8f4-7edd-4ff1-a9c0-ce4de3cc5845,448025a0-0ff7-4ed0-a917-399a73decef2,3a9ff8c5-8923-4d19-a09e-2c8d79cc7c6f,,2026-03-17 19:06:03.866986-07,,f,,,channel_project,channel_relationship,,
0e1b2bf5-8b1b-43ef-952f-0ad39849063a,4d81dfdb-6d4d-442d-8959-fea69b49a625,85aa4dc6-4ea2-457d-9821-a71fd9d16888,448025a0-0ff7-4ed0-a917-399a73decef2,358dceb1-c1b0-46b9-a24f-c1b6a7fdb2dd,,2025-05-03 20:00:06.106931-07,,f,,,channel_project,channel_relationship,,
0e42baad-000b-4fec-83fe-cc79599704b9,20e71c84-14d1-4f65-b78f-431fc2ca9628,fb606cb5-26e8-43c4-8d13-a07f07bba568,448025a0-0ff7-4ed0-a917-399a73decef2,3a9ff8c5-8923-4d19-a09e-2c8d79cc7c6f,,2026-03-17 19:23:57.327313-07,,f,,,channel_project,channel_relationship,,
0e59af13-4213-49e2-99e1-d5019ecbd854,7e5f32d1-8717-46b9-bcdf-4fb766e2c009,a76d214b-b2d3-43f8-85d5-96d6a453c9a2,448025a0-0ff7-4ed0-a917-399a73decef2,43de9c8f-6685-44a4-8e13-be229a75ee6f,,2026-07-28 20:32:24.836114-07,,f,,,channel_project,channel_relationship,,
0e5a8f94-1de4-4bb9-ae4a-6bd1790371a3,1276d175-71de-4dc8-9c3e-1d514bb2f137,ee7bf8f4-7edd-4ff1-a9c0-ce4de3cc5845,448025a0-0ff7-4ed0-a917-399a73decef2,aab8ed17-2cdb-48a9-b6fc-96aa313eb3e1,,2026-08-18 01:09:00.886905-07,,f,,,channel_project,channel_relationship,,
0e5f2ff5-f9ad-4a21-b583-f07ff33ddee4,1bf7c166-5c86-4182-910c-a33806e3aad1,4bd3177f-50fa-43f0-bff0-62590a365558,36310203-8005-41dc-b51e-a8dc52960496,5ee9a2ec-3ce4-43df-a5d7-934ceabd411f,,2026-03-22 20:31:40.685505-07,,t,2026-06-03 01:03:53.949852-07,a49192c4-8bb3-4976-a588-82de978a882e,channel_project,channel_relationship,,
0e6a5c2e-5fbd-4877-a247-6f1481de0d7f,6b3de285-ae68-41b3-8d05-c13bb988f6f6,ee7bf8f4-7edd-4ff1-a9c0-ce4de3cc5845,448025a0-0ff7-4ed0-a917-399a73decef2,3a9ff8c5-8923-4d19-a09e-2c8d79cc7c6f,,2026-03-17 19:14:50.176273-07,,f,,,channel_project,channel_relationship,,
0e6a8427-78d6-440b-acf0-4da2d840afb2,4a1f64c6-c8de-4dcb-b596-d241d500f3c4,fb606cb5-26e8-43c4-8d13-a07f07bba568,448025a0-0ff7-4ed0-a917-399a73decef2,3d2d1ae6-edc4-4500-a857-c4325d3ac338,,2026-06-02 01:22:23.299447-07,,f,,,channel_project,channel_relationship,,
0e837177-d838-41a8-bd24-6e4863b8d26f,1d7ac0b2-5d9a-4c5e-a96b-7e71e198d063,d2b565de-9d4d-4e29-9810-29ce00bfd2bd,36310203-8005-41dc-b51e-a8dc52960496,1fe20089-cd12-4a7c-bb42-9d338cab198b,,2026-05-10 20:01:16.72102-07,,t,2026-05-10 20:06:22.846879-07,1fe20089-cd12-4a7c-bb42-9d338cab198b,channel_project,channel_relationship,,
0e8dc9bc-005d-4ae7-9aba-488b674e46c3,c1cf494c-a76c-42a6-9ac0-f5eed20229df,ee7bf8f4-7edd-4ff1-a9c0-ce4de3cc5845,448025a0-0ff7-4ed0-a917-399a73decef2,4e3eac7c-e6d8-4e10-b8b5-b66bcc744495,,2026-05-29 04:42:46.395335-07,,f,,,channel_project,channel_relationship,,
0e96cb06-3530-411e-870b-5789596a5770,58997a02-ac9c-4445-b6ba-33a5dbb2ed8f,40885a7b-f9f9-4541-abc8-6fdcda2ba048,448025a0-0ff7-4ed0-a917-399a73decef2,a61e2437-628b-43e7-a32c-f948290dbba9,,2026-03-02 19:52:32.610102-08,,f,,,channel_project,channel_relationship,,
0eba3071-5223-476e-9b0e-3c9fd989d056,dd2081a8-1d8c-465c-b538-02af5ca66a22,af13f5cc-6b51-4949-ad6c-1786c27eaa3d,448025a0-0ff7-4ed0-a917-399a73decef2,ae786cf3-a6b6-4a7d-9ea0-ead631615e0c,,2026-02-28 20:12:41.551603-08,,f,,,channel_project,channel_relationship,,
0ec65289-575f-454f-8049-3aea930ffcdf,1ecc7d81-4330-41e8-8fad-c58bcdbd956a,88af4d15-2e5d-40c8-88a8-974ba5a7d50e,448025a0-0ff7-4ed0-a917-399a73decef2,43de9c8f-6685-44a4-8e13-be229a75ee6f,,2025-11-05 20:16:17.855869-08,,f,,,channel_project,channel_relationship,,
0ef59366-351e-4425-bc8b-051cecd1fbf0,2faa4cc9-d612-4064-bcb1-66d22cd33e26,af13f5cc-6b51-4949-ad6c-1786c27eaa3d,448025a0-0ff7-4ed0-a917-399a73decef2,a61e2437-628b-43e7-a32c-f948290dbba9,,2026-06-29 13:59:53.75428-07,,f,,,channel_project,channel_relationship,,
0f04901f-cbcd-4db0-b0e5-0e9375e15dd9,04cee13a-69b0-41f1-b39c-889f9bd82938,fb606cb5-26e8-43c4-8d13-a07f07bba568,448025a0-0ff7-4ed0-a917-399a73decef2,ae786cf3-a6b6-4a7d-9ea0-ead631615e0c,,2026-03-23 02:24:17.469005-07,,t,2026-04-12 18:25:49.305105-07,92f38085-28a3-43aa-8bde-1b4b9ecfdfd6,channel_project,channel_relationship,,
0f2900a4-79a1-4580-ab01-9c90bb1e1177,be9d7ffd-9cff-4018-88d2-bb6c52ff3762,8a60f56f-59b6-42d0-9a8e-2c504599f70c,448025a0-0ff7-4ed0-a917-399a73decef2,43de9c8f-6685-44a4-8e13-be229a75ee6f,,2026-01-07 02:49:37.422149-08,,f,,,channel_project,channel_relationship,,
0f2a4212-2ae3-469c-ba20-db4e0889a016,7997e50f-543f-4d31-9832-fb911a3c0a12,d2b565de-9d4d-4e29-9810-29ce00bfd2bd,36310203-8005-41dc-b51e-a8dc52960496,6828c3df-aa9a-4ebe-8418-df13e38bb018,,2026-02-24 00:10:43.047186-08,,f,,,channel_project,channel_relationship,,
0f3262cb-9e92-4789-a132-3fe70e6f763e,916c1154-13ad-4332-844f-6d1803720296,71e59864-5ed2-4311-bc5b-7a7597294c44,36310203-8005-41dc-b51e-a8dc52960496,6828c3df-aa9a-4ebe-8418-df13e38bb018,,2026-05-10 20:11:39.705411-07,,f,,,channel_project,channel_relationship,,
0f45ee88-644b-410a-90c0-ac206a874d27,ca75eb64-046b-467e-902b-4676a351a492,55edf029-dc12-4ea0-b1d9-7fcdf77518b7,448025a0-0ff7-4ed0-a917-399a73decef2,c47f3399-05a0-4073-8685-89972808f783,,2026-07-30 00:04:32.6565-07,,f,,,channel_project,channel_relationship,,
0f4962ef-2e4b-47f7-b617-5eb72d3e1ba8,8a1d2b72-7140-4f4d-8c5e-410440b736c2,ee7bf8f4-7edd-4ff1-a9c0-ce4de3cc5845,448025a0-0ff7-4ed0-a917-399a73decef2,ae786cf3-a6b6-4a7d-9ea0-ead631615e0c,,2026-04-11 02:59:37.59779-07,,f,,,channel_project,channel_relationship,,
0f49b336-c219-448a-b9ab-6ee8b0bd34f1,41dcbd3e-ecd5-4dba-b9d9-628d755772d0,85aa4dc6-4ea2-457d-9821-a71fd9d16888,448025a0-0ff7-4ed0-a917-399a73decef2,358dceb1-c1b0-46b9-a24f-c1b6a7fdb2dd,,2025-05-01 17:00:00-07,,t,2025-05-03 19:35:17.583594-07,358dceb1-c1b0-46b9-a24f-c1b6a7fdb2dd,channel_project,channel_relationship,,
116626c7-8e41-49f1-9418-3dd2b1d8a24a,43369bf0-a711-4b70-a777-4da839327826,af13f5cc-6b51-4949-ad6c-1786c27eaa3d,448025a0-0ff7-4ed0-a917-399a73decef2,43de9c8f-6685-44a4-8e13-be229a75ee6f,,2026-01-09 22:51:42.91162-08,,f,,,channel_project,channel_relationship,,
0f5f5736-0d00-4681-aa4f-1815ee730ab4,84fc2e66-ad76-4b1f-8784-2baa032b37a4,d2b565de-9d4d-4e29-9810-29ce00bfd2bd,36310203-8005-41dc-b51e-a8dc52960496,5ee9a2ec-3ce4-43df-a5d7-934ceabd411f,,2026-03-04 19:15:34.686867-08,,t,2026-06-02 23:48:23.964593-07,a49192c4-8bb3-4976-a588-82de978a882e,channel_project,channel_relationship,,
0f7190a9-b626-498f-b768-049f6c02abab,647caf15-328f-4b17-ad0d-c9c2a0a040f5,4bd3177f-50fa-43f0-bff0-62590a365558,36310203-8005-41dc-b51e-a8dc52960496,5ee9a2ec-3ce4-43df-a5d7-934ceabd411f,,2025-12-31 01:16:13.545728-08,,t,2026-06-03 01:03:53.949907-07,a49192c4-8bb3-4976-a588-82de978a882e,channel_project,channel_relationship,,
0f797256-ba42-47df-802d-9c63dc3668a7,34e81cbf-f9a8-494f-abba-6aed0ffd8438,701fd0d3-ff09-423e-a42b-af88f38ddf89,448025a0-0ff7-4ed0-a917-399a73decef2,560be9a5-cb6b-4718-871b-714a6ab2e485,,2026-05-04 19:17:49.752316-07,,t,2026-06-04 03:22:56.097297-07,ed86db9a-4911-4264-bef0-4fdde9c14e85,channel_project,channel_relationship,,
0fb1161c-5a50-4d5b-9b7a-a03ec4afdd82,dfa6d32a-5a5f-42d0-86d3-d76e599d3fdb,40885a7b-f9f9-4541-abc8-6fdcda2ba048,448025a0-0ff7-4ed0-a917-399a73decef2,358dceb1-c1b0-46b9-a24f-c1b6a7fdb2dd,,2025-05-01 17:00:00-07,,f,,,channel_project,channel_relationship,,
0fe5420a-c148-4abd-8205-cff8c06327c5,f5b86b1b-66da-4728-8668-3755b30db70c,fb606cb5-26e8-43c4-8d13-a07f07bba568,448025a0-0ff7-4ed0-a917-399a73decef2,97ee41e4-8f90-4991-8d67-df26d970bf62,,2025-09-17 20:51:15.193901-07,,f,,,channel_project,channel_relationship,,
0fec9b34-06be-420f-bd42-e0ee201819ae,d9bd186c-5834-4cf3-a46c-66a8e84de262,ee7bf8f4-7edd-4ff1-a9c0-ce4de3cc5845,448025a0-0ff7-4ed0-a917-399a73decef2,c47f3399-05a0-4073-8685-89972808f783,,2026-07-08 00:32:12.896131-07,,f,,,channel_project,channel_relationship,,
1021329b-c706-4ad7-b44b-0bd6a62b46f9,f946e83f-c9f8-41fe-b367-d1d5ee567f28,af13f5cc-6b51-4949-ad6c-1786c27eaa3d,448025a0-0ff7-4ed0-a917-399a73decef2,a61e2437-628b-43e7-a32c-f948290dbba9,,2026-03-10 18:55:30.25696-07,,t,2026-03-12 19:14:47.849795-07,a61e2437-628b-43e7-a32c-f948290dbba9,channel_project,channel_relationship,,
10315d18-8694-49e2-b9d6-741244d29aa6,59113c8d-b24b-43e2-96f3-1eb18e9020bc,fb606cb5-26e8-43c4-8d13-a07f07bba568,448025a0-0ff7-4ed0-a917-399a73decef2,358dceb1-c1b0-46b9-a24f-c1b6a7fdb2dd,,2025-05-01 17:00:00-07,,f,,,channel_project,channel_relationship,,
103a8ecb-3a40-47d3-a991-dfdc7b22bebd,bc498fa6-b64d-498c-bbfc-aa4086b4c49e,d2b565de-9d4d-4e29-9810-29ce00bfd2bd,36310203-8005-41dc-b51e-a8dc52960496,6828c3df-aa9a-4ebe-8418-df13e38bb018,,2026-06-30 20:42:13.951577-07,,f,,,channel_project,channel_relationship,,
1055fa98-542e-4f8d-a639-42a933ead4c0,d8ac9f30-806e-4319-9996-63f832ea8f48,af13f5cc-6b51-4949-ad6c-1786c27eaa3d,448025a0-0ff7-4ed0-a917-399a73decef2,6a34ddae-be72-471a-ad45-7e226c3a141f,,2026-06-05 02:07:31.665677-07,,t,2026-06-05 02:37:15.867422-07,6a34ddae-be72-471a-ad45-7e226c3a141f,channel_project,channel_relationship,,
105e67bf-2613-41f4-aed1-0fac7a74bd1a,77af68a9-6a85-4e16-9391-3d66d512136c,fb606cb5-26e8-43c4-8d13-a07f07bba568,501e409b-2168-4f0c-8d46-b0f17c71796d,358dceb1-c1b0-46b9-a24f-c1b6a7fdb2dd,,2025-04-30 17:00:00-07,,t,2025-11-19 02:45:23.151181-08,6a34ddae-be72-471a-ad45-7e226c3a141f,channel_project,channel_relationship,,
10646bb7-b9bb-4833-9334-a738c4a1db6f,eac43b69-01f2-4d50-9914-321fbca94829,71e59864-5ed2-4311-bc5b-7a7597294c44,36310203-8005-41dc-b51e-a8dc52960496,6828c3df-aa9a-4ebe-8418-df13e38bb018,,2026-07-18 21:13:54.934281-07,,f,,,channel_project,channel_relationship,,
1068806f-7110-4518-ac31-dfd75a1b7e5c,ef9fa52c-3659-4bef-b088-2c0307aaee55,85aa4dc6-4ea2-457d-9821-a71fd9d16888,448025a0-0ff7-4ed0-a917-399a73decef2,a61e2437-628b-43e7-a32c-f948290dbba9,,2026-04-02 19:24:41.852769-07,,f,,,channel_project,channel_relationship,,
10782644-4953-481d-818f-2c25e74c7e41,863b810f-40b0-42e6-99b5-f95bc6b2c31b,88af4d15-2e5d-40c8-88a8-974ba5a7d50e,448025a0-0ff7-4ed0-a917-399a73decef2,1dbe5f9f-895c-46e7-ab0d-6eee0c51058f,,2025-09-26 20:01:34.885966-07,,t,2026-06-02 20:50:10.935074-07,1dbe5f9f-895c-46e7-ab0d-6eee0c51058f,channel_project,channel_relationship,,
10836265-1577-48a2-acd1-f08b91174cd4,a25680cb-72a5-4827-b999-9951047fc46c,1127bd1a-7171-4a35-bd2a-f849596d030d,448025a0-0ff7-4ed0-a917-399a73decef2,6a34ddae-be72-471a-ad45-7e226c3a141f,,2025-11-19 03:31:48.71623-08,,f,,,channel_project,channel_relationship,,
109b3b71-3d80-40d3-96a8-3e687acf1d98,434dcae4-d024-44f5-bd00-a998e414b8fe,a76d214b-b2d3-43f8-85d5-96d6a453c9a2,448025a0-0ff7-4ed0-a917-399a73decef2,4e3eac7c-e6d8-4e10-b8b5-b66bcc744495,,2026-07-28 23:53:19.723886-07,,f,,,channel_project,channel_relationship,,
10bcab39-ef52-427a-9009-a7481daa1885,be8d1480-76d6-42e2-b4a5-b826b1472825,fb606cb5-26e8-43c4-8d13-a07f07bba568,448025a0-0ff7-4ed0-a917-399a73decef2,3a9ff8c5-8923-4d19-a09e-2c8d79cc7c6f,,2026-03-17 21:51:04.892477-07,,f,,,channel_project,channel_relationship,,
10cc5c6f-4bf7-4717-82da-d5d7058501ee,d1287253-bba5-4cc5-bf8f-66c15f6c4fa2,8af275a2-22c4-45c1-9113-8b95c3f16063,448025a0-0ff7-4ed0-a917-399a73decef2,c47f3399-05a0-4073-8685-89972808f783,,2026-07-21 19:43:13.870173-07,,f,,,channel_project,channel_relationship,,
10ccf625-bbf8-4598-b678-472efa9f9dc1,a68bdf05-a29e-44b9-b4ff-92d0886b7413,fb606cb5-26e8-43c4-8d13-a07f07bba568,448025a0-0ff7-4ed0-a917-399a73decef2,6a34ddae-be72-471a-ad45-7e226c3a141f,,2026-08-10 01:09:27.064333-07,,f,,,channel_project,channel_relationship,,
10d013ac-e96e-4677-9345-e9a5b81e215c,1bba5ca2-e830-4843-a7e6-4ea48c9f2719,d2b565de-9d4d-4e29-9810-29ce00bfd2bd,36310203-8005-41dc-b51e-a8dc52960496,6828c3df-aa9a-4ebe-8418-df13e38bb018,,2026-06-20 17:55:52.863511-07,,f,,,channel_project,channel_relationship,,
10d6617a-6ab4-4a51-8bc6-1cd4c4dd7e83,241df488-ca94-4946-ba39-071af807c7d0,767724ec-7181-4a56-8366-aa141632fe8e,448025a0-0ff7-4ed0-a917-399a73decef2,ae786cf3-a6b6-4a7d-9ea0-ead631615e0c,,2026-04-28 01:32:30.370415-07,,f,,,channel_project,channel_relationship,,
110b8507-4f34-4c0a-a241-7b32d5ac074d,00029cab-87e6-4eb2-8cf9-987ed1b9c229,ee7bf8f4-7edd-4ff1-a9c0-ce4de3cc5845,448025a0-0ff7-4ed0-a917-399a73decef2,a61e2437-628b-43e7-a32c-f948290dbba9,,2026-05-20 20:07:19.373817-07,,f,,,channel_project,channel_relationship,,
11164d75-f8a9-4052-8971-e839fa85cdb1,84c73ab3-ee18-4139-83af-72d8c90c2035,ee7bf8f4-7edd-4ff1-a9c0-ce4de3cc5845,448025a0-0ff7-4ed0-a917-399a73decef2,43de9c8f-6685-44a4-8e13-be229a75ee6f,,2026-01-07 02:48:25.641187-08,,f,,,channel_project,channel_relationship,,
11273616-0678-4d91-a81c-18f963e6c136,98e292ad-5dd3-41fb-a0f9-f7742ff41683,91e0ae4d-0921-4243-8905-6278b90d7126,448025a0-0ff7-4ed0-a917-399a73decef2,6a34ddae-be72-471a-ad45-7e226c3a141f,,2025-11-20 02:12:29.56954-08,,f,,,channel_project,channel_relationship,,
1146047d-2db0-47aa-965f-7c420798cb0b,e8b0416c-8622-4521-8617-99294e040517,fb606cb5-26e8-43c4-8d13-a07f07bba568,448025a0-0ff7-4ed0-a917-399a73decef2,0a180fe5-e1cd-44c6-9da8-b8c85bc4b573,,2026-06-29 03:22:59.017824-07,,f,,,channel_project,channel_relationship,,
1155e279-1c1d-43dd-ab33-86356a8a4783,4eaece47-7bfe-491e-bd37-7c00048cbe1e,fb606cb5-26e8-43c4-8d13-a07f07bba568,448025a0-0ff7-4ed0-a917-399a73decef2,ae786cf3-a6b6-4a7d-9ea0-ead631615e0c,,2026-03-19 03:33:23.363149-07,,f,,,channel_project,channel_relationship,,
1164a337-ad05-4a0a-adea-e4e5564d68a3,ddb671d1-14f4-49c1-b787-918bb0214424,d2b565de-9d4d-4e29-9810-29ce00bfd2bd,36310203-8005-41dc-b51e-a8dc52960496,5ee9a2ec-3ce4-43df-a5d7-934ceabd411f,,2025-12-31 01:16:40.412755-08,,t,2026-06-02 23:48:23.964665-07,a49192c4-8bb3-4976-a588-82de978a882e,channel_project,channel_relationship,,
116f5334-2393-4df0-be5e-fc9b5ad0864f,d238b5a1-a9e2-447b-b91a-0625ea4257e9,fb606cb5-26e8-43c4-8d13-a07f07bba568,448025a0-0ff7-4ed0-a917-399a73decef2,c47f3399-05a0-4073-8685-89972808f783,,2026-04-23 18:57:43.276774-07,,f,,,channel_project,channel_relationship,,
1180f3bd-3447-449f-9005-15653a69cda0,556e23f5-7872-48b1-bb68-a9a1e831e216,fb606cb5-26e8-43c4-8d13-a07f07bba568,448025a0-0ff7-4ed0-a917-399a73decef2,ae786cf3-a6b6-4a7d-9ea0-ead631615e0c,,2026-03-08 19:49:44.914338-07,,f,,,channel_project,channel_relationship,,
1195336b-e203-4c99-98f5-2fc3030e98ef,0ee365ce-3aee-46a2-b021-1c210b958a53,af13f5cc-6b51-4949-ad6c-1786c27eaa3d,448025a0-0ff7-4ed0-a917-399a73decef2,6a34ddae-be72-471a-ad45-7e226c3a141f,,2026-07-13 21:19:23.018653-07,,f,,,channel_project,channel_relationship,,
1195e5e5-7460-4dfe-8d30-4c901e28f532,5a0e59cb-75a2-4bef-b19d-6fa72488edd7,dfe91dab-e0a9-4464-a55e-546c5106b969,448025a0-0ff7-4ed0-a917-399a73decef2,358dceb1-c1b0-46b9-a24f-c1b6a7fdb2dd,,2026-04-22 20:06:45.142433-07,,f,,,channel_project,channel_relationship,,
11978cd9-3571-49b6-b5d0-ad248492f574,cfcb6189-5e12-4ac3-9468-c314ff024a62,9081c278-756b-44a5-a89b-192353123ba4,448025a0-0ff7-4ed0-a917-399a73decef2,6a34ddae-be72-471a-ad45-7e226c3a141f,,2025-11-20 01:44:51.954476-08,,f,,,channel_project,channel_relationship,,
11aec948-b24f-46be-90cc-315aaa26b125,282555fc-264f-4b90-b954-a1419920f7b2,af13f5cc-6b51-4949-ad6c-1786c27eaa3d,448025a0-0ff7-4ed0-a917-399a73decef2,6011e2db-5799-4094-8ed7-ae9feaae94f0,,2026-05-04 00:01:37.866644-07,,t,2026-05-04 21:42:32.109185-07,ed86db9a-4911-4264-bef0-4fdde9c14e85,channel_project,channel_relationship,,
11b17455-e9c6-43d5-8c23-13ca6ca143f6,f4befb8d-4658-41c0-ad38-9216d4f8b5f0,fb606cb5-26e8-43c4-8d13-a07f07bba568,448025a0-0ff7-4ed0-a917-399a73decef2,ae2d43e0-0d04-4d22-a9e5-93c660d4584c,,2026-03-30 21:53:31.408564-07,,f,,,channel_project,channel_relationship,,
11b25e7e-3853-442b-9aab-73d9c09e3920,65493a7c-3081-4146-895c-bfa348a38934,d2b565de-9d4d-4e29-9810-29ce00bfd2bd,36310203-8005-41dc-b51e-a8dc52960496,6828c3df-aa9a-4ebe-8418-df13e38bb018,,2026-02-22 19:17:02.828087-08,,f,,,channel_project,channel_relationship,,
11c43aba-6e7c-4df4-9d12-26b61710045e,000b46f0-ef71-49e3-9368-7e53da2ac2c1,fb606cb5-26e8-43c4-8d13-a07f07bba568,448025a0-0ff7-4ed0-a917-399a73decef2,83ff63af-8f08-4707-9532-7bee4e4e1eff,,2025-08-24 20:21:33.25878-07,,f,,,channel_project,channel_relationship,,
11dd14c4-457f-40fd-bb17-2befb1280757,42f764d3-50db-462e-9dd1-f27422d42a9b,af13f5cc-6b51-4949-ad6c-1786c27eaa3d,448025a0-0ff7-4ed0-a917-399a73decef2,97ee41e4-8f90-4991-8d67-df26d970bf62,,2025-11-07 23:25:05.575357-08,,f,,,channel_project,channel_relationship,,
11e3f06c-6681-429b-858e-3cfb388877b8,afd01913-6087-46f9-98ae-cebb10fe69e1,40885a7b-f9f9-4541-abc8-6fdcda2ba048,448025a0-0ff7-4ed0-a917-399a73decef2,c47f3399-05a0-4073-8685-89972808f783,,2026-07-08 20:49:02.757984-07,,f,,,channel_project,channel_relationship,,
11efb0b2-d5cc-429d-8a4c-a1f11331be36,d61b2c42-6666-4f57-83c5-5204b5959e6e,53cead4e-eeb5-4df5-8e31-e9fe3f796418,448025a0-0ff7-4ed0-a917-399a73decef2,f555e82d-0044-42ca-ac2a-f05340bad471,,2026-07-18 01:00:23.114004-07,,f,,,channel_project,channel_relationship,,
11f554ef-2fb2-4704-9307-90344a84baf5,f2d33364-b15a-4c95-9343-ae4640f8eae1,fb606cb5-26e8-43c4-8d13-a07f07bba568,448025a0-0ff7-4ed0-a917-399a73decef2,a61e2437-628b-43e7-a32c-f948290dbba9,,2026-07-02 04:04:16.906093-07,,f,,,channel_project,channel_relationship,,
11f74d67-e76c-4050-8100-2102465d49c7,c9929a0e-e9f0-480c-a61b-3516ebdae724,fb606cb5-26e8-43c4-8d13-a07f07bba568,448025a0-0ff7-4ed0-a917-399a73decef2,3a9ff8c5-8923-4d19-a09e-2c8d79cc7c6f,,2026-03-17 02:57:46.588345-07,,f,,,channel_project,channel_relationship,,
120c7142-a133-4958-890b-69682503ca04,116d6d5a-3945-4d05-ad68-74bf647bf78c,d2b565de-9d4d-4e29-9810-29ce00bfd2bd,36310203-8005-41dc-b51e-a8dc52960496,6828c3df-aa9a-4ebe-8418-df13e38bb018,,2026-02-22 20:21:19.852693-08,,f,,,channel_project,channel_relationship,,
122a0de4-76ca-42a8-b602-3d6b650906c2,b5aaebc6-5f36-49fc-b448-be3544408aff,d2b565de-9d4d-4e29-9810-29ce00bfd2bd,36310203-8005-41dc-b51e-a8dc52960496,6828c3df-aa9a-4ebe-8418-df13e38bb018,,2026-02-24 00:49:10.460308-08,,t,2026-03-23 20:10:31.544085-07,6828c3df-aa9a-4ebe-8418-df13e38bb018,channel_project,channel_relationship,,
12327621-829d-4c30-8536-fa5075252ae9,ed6b9be3-57f3-43fa-a4eb-faf070a719ed,88af4d15-2e5d-40c8-88a8-974ba5a7d50e,448025a0-0ff7-4ed0-a917-399a73decef2,43de9c8f-6685-44a4-8e13-be229a75ee6f,,2025-10-01 02:28:54.474895-07,,f,,,channel_project,channel_relationship,,
12548998-fdcf-4459-9a4f-333c924cdc45,98e07397-4eb9-4880-ba39-00d60b01522c,f60c4dfa-af9e-467c-9c3a-be103edb02bb,448025a0-0ff7-4ed0-a917-399a73decef2,3a9ff8c5-8923-4d19-a09e-2c8d79cc7c6f,,2025-10-05 21:46:05.627636-07,,t,2026-03-16 21:05:13.68427-07,3a9ff8c5-8923-4d19-a09e-2c8d79cc7c6f,channel_project,channel_relationship,,
12775173-2d0a-477b-bc51-2a0de2962fd2,d0a40470-eace-4aa2-97d9-ee282a74ea9f,fb606cb5-26e8-43c4-8d13-a07f07bba568,448025a0-0ff7-4ed0-a917-399a73decef2,a61e2437-628b-43e7-a32c-f948290dbba9,,2026-06-09 21:06:49.732441-07,,f,,,channel_project,channel_relationship,,
12816e11-c939-448f-a573-5717c7aa990a,60055c9a-a4a1-4fb2-8321-033f8f8cfab1,929da576-bb11-4d42-ba66-b7cc0ddb4adc,36310203-8005-41dc-b51e-a8dc52960496,6828c3df-aa9a-4ebe-8418-df13e38bb018,,2026-05-21 00:22:08.385442-07,,f,,,channel_project,channel_relationship,,
128e4109-fd26-426b-963b-276b2b5d09db,7e5edc90-052c-46ae-b85e-07cc276d7f42,ea95ae55-0599-4c55-8d67-e5b7c2952f48,36310203-8005-41dc-b51e-a8dc52960496,6828c3df-aa9a-4ebe-8418-df13e38bb018,,2026-07-06 15:31:24.426443-07,,f,,,channel_project,channel_relationship,,
12b0712b-5eed-4133-9f4b-711cf35f1736,512677a1-d9a6-422d-af2c-117f42ab62f1,85aa4dc6-4ea2-457d-9821-a71fd9d16888,448025a0-0ff7-4ed0-a917-399a73decef2,358dceb1-c1b0-46b9-a24f-c1b6a7fdb2dd,,2025-05-01 17:00:00-07,,f,,,channel_project,channel_relationship,,
12b81cd1-0618-434f-8001-0b72dd30f1b2,1156a8e6-40b2-47ea-a93f-98de616cfd7f,88af4d15-2e5d-40c8-88a8-974ba5a7d50e,448025a0-0ff7-4ed0-a917-399a73decef2,61107552-d70a-4a86-a956-d0b0b07e3ae8,,2025-09-26 19:58:36.550514-07,,f,,,channel_project,channel_relationship,,
12c41d09-9a5f-4e75-af98-e573e13aa82b,d2b844d2-3818-4710-a970-401b1ac61f7f,d2b565de-9d4d-4e29-9810-29ce00bfd2bd,36310203-8005-41dc-b51e-a8dc52960496,6828c3df-aa9a-4ebe-8418-df13e38bb018,,2026-01-18 23:57:16.118157-08,,f,,,channel_project,channel_relationship,,
12deec88-00d8-4001-95e0-7677290de10b,f2a2169e-4bbb-4876-89e0-e1d5a47af12d,fb606cb5-26e8-43c4-8d13-a07f07bba568,448025a0-0ff7-4ed0-a917-399a73decef2,6a34ddae-be72-471a-ad45-7e226c3a141f,,2026-07-16 02:11:29.582085-07,,f,,,channel_project,channel_relationship,,
12f9fbbc-21e1-4440-84f4-e4cb747a654c,7edc39bf-76ae-402a-9f09-910b3d8ddea9,af13f5cc-6b51-4949-ad6c-1786c27eaa3d,448025a0-0ff7-4ed0-a917-399a73decef2,6a34ddae-be72-471a-ad45-7e226c3a141f,,2026-06-05 02:07:31.665677-07,,t,2026-06-05 02:38:05.42067-07,6a34ddae-be72-471a-ad45-7e226c3a141f,channel_project,channel_relationship,,
1324c973-794f-4b02-96f5-8ed7eaad64ca,b4d360e4-562e-4761-a257-142aa0049553,4bd3177f-50fa-43f0-bff0-62590a365558,36310203-8005-41dc-b51e-a8dc52960496,5ee9a2ec-3ce4-43df-a5d7-934ceabd411f,,2026-05-25 18:54:24.324206-07,,t,2026-06-03 01:03:53.949791-07,a49192c4-8bb3-4976-a588-82de978a882e,channel_project,channel_relationship,,
134e8baa-780c-434a-a138-3473b984372a,fbae41ad-cb2a-4ecf-9b2d-5264e605093b,fb606cb5-26e8-43c4-8d13-a07f07bba568,448025a0-0ff7-4ed0-a917-399a73decef2,97ee41e4-8f90-4991-8d67-df26d970bf62,,2025-11-02 23:28:09.778019-08,,f,,,channel_project,channel_relationship,,
13674554-da58-4ab0-a18d-a54bce374612,f1e1eb4f-4eb6-4703-9dc0-ab4d38303373,71e59864-5ed2-4311-bc5b-7a7597294c44,36310203-8005-41dc-b51e-a8dc52960496,1fe20089-cd12-4a7c-bb42-9d338cab198b,,2026-03-18 19:23:17.407623-07,,t,2026-05-04 02:19:21.036909-07,a49192c4-8bb3-4976-a588-82de978a882e,channel_project,channel_relationship,,
13718d49-e159-4ab6-a496-c8255aa4f222,ff1f9049-2654-49c2-ba85-b56148afaef1,88af4d15-2e5d-40c8-88a8-974ba5a7d50e,448025a0-0ff7-4ed0-a917-399a73decef2,43de9c8f-6685-44a4-8e13-be229a75ee6f,,2025-10-01 02:28:31.050739-07,,f,,,channel_project,channel_relationship,,
1392df5d-ab18-45f2-aad7-af00f60a655f,5f5e2f46-f9c1-4069-a1f8-e5c4837a382b,d2b565de-9d4d-4e29-9810-29ce00bfd2bd,36310203-8005-41dc-b51e-a8dc52960496,6828c3df-aa9a-4ebe-8418-df13e38bb018,,2026-07-23 03:19:38.022161-07,,f,,,channel_project,channel_relationship,,
1393706f-418d-4e0f-87be-9b5d87c806e7,743e0bda-1179-4170-ab13-1120545d0899,40885a7b-f9f9-4541-abc8-6fdcda2ba048,448025a0-0ff7-4ed0-a917-399a73decef2,358dceb1-c1b0-46b9-a24f-c1b6a7fdb2dd,,2025-05-01 17:00:00-07,,f,,,channel_project,channel_relationship,,
13e45ab0-8039-4bc3-ab66-84c5210f0e64,1361e0b2-83d0-49aa-8427-892279d5ac1d,ee7bf8f4-7edd-4ff1-a9c0-ce4de3cc5845,448025a0-0ff7-4ed0-a917-399a73decef2,43de9c8f-6685-44a4-8e13-be229a75ee6f,,2025-12-27 00:16:24.283606-08,,t,2026-03-16 21:30:58.841194-07,3a9ff8c5-8923-4d19-a09e-2c8d79cc7c6f,channel_project,channel_relationship,,
13e46f2d-8c47-446d-ad88-738eb19fa982,b243cae3-ee4e-42f8-b003-a5fe0085ffef,d2b565de-9d4d-4e29-9810-29ce00bfd2bd,36310203-8005-41dc-b51e-a8dc52960496,6828c3df-aa9a-4ebe-8418-df13e38bb018,,2026-04-03 01:14:26.782958-07,,f,,,channel_project,channel_relationship,,
1405898c-3fce-4644-966a-6073518ac744,931edf24-873c-4289-924e-2b92c0180d9c,71e59864-5ed2-4311-bc5b-7a7597294c44,36310203-8005-41dc-b51e-a8dc52960496,6828c3df-aa9a-4ebe-8418-df13e38bb018,,2026-07-03 03:25:06.566002-07,,f,,,channel_project,channel_relationship,,
142433e0-be23-4dee-8c1d-0e9d389c05cc,7af75eaf-ed94-4193-8eb7-4aca934e68ed,a76d214b-b2d3-43f8-85d5-96d6a453c9a2,448025a0-0ff7-4ed0-a917-399a73decef2,6a34ddae-be72-471a-ad45-7e226c3a141f,,2026-06-07 18:42:25.827601-07,,t,2026-07-13 02:07:49.298764-07,6a34ddae-be72-471a-ad45-7e226c3a141f,channel_project,channel_relationship,,
1429d9c4-1e99-46d2-86d5-d7d25758f940,f601dbeb-2cae-4c86-9924-ce54abb0c3fb,ee7bf8f4-7edd-4ff1-a9c0-ce4de3cc5845,448025a0-0ff7-4ed0-a917-399a73decef2,358dceb1-c1b0-46b9-a24f-c1b6a7fdb2dd,,2025-05-18 21:49:19.651185-07,,f,,,channel_project,channel_relationship,,
142ab85a-b9de-44f3-8374-17254797c547,e1149056-6c53-46f8-8ad7-0f22f9284b75,701fd0d3-ff09-423e-a42b-af88f38ddf89,448025a0-0ff7-4ed0-a917-399a73decef2,6a34ddae-be72-471a-ad45-7e226c3a141f,,2026-05-06 20:15:27.468012-07,,t,2026-05-19 03:33:50.761891-07,6a34ddae-be72-471a-ad45-7e226c3a141f,channel_project,channel_relationship,,
142cb259-0241-4ade-b1b6-9aeb675a7f19,75aa679a-bb07-4871-a5cb-5d1962791a66,d2b565de-9d4d-4e29-9810-29ce00bfd2bd,36310203-8005-41dc-b51e-a8dc52960496,6828c3df-aa9a-4ebe-8418-df13e38bb018,,2026-06-01 14:34:39.759461-07,,t,2026-08-18 21:03:16.974598-07,6828c3df-aa9a-4ebe-8418-df13e38bb018,channel_project,channel_relationship,,
1442a1fe-43d2-4503-9418-d615a12d3a54,1fc9c3be-4047-4d28-b477-fb7b0ad538f9,fb606cb5-26e8-43c4-8d13-a07f07bba568,448025a0-0ff7-4ed0-a917-399a73decef2,358dceb1-c1b0-46b9-a24f-c1b6a7fdb2dd,,2025-04-30 17:00:00-07,,t,2025-11-19 02:46:03.180227-08,6a34ddae-be72-471a-ad45-7e226c3a141f,channel_project,channel_relationship,,
144c6233-b5b4-44a2-bc9e-b08b18c527f2,af5d0871-3e23-486c-a1c3-257acda78395,d2b565de-9d4d-4e29-9810-29ce00bfd2bd,36310203-8005-41dc-b51e-a8dc52960496,1fe20089-cd12-4a7c-bb42-9d338cab198b,,2026-05-10 20:02:00.91656-07,,f,,,channel_project,channel_relationship,,
1454ea0a-cf5c-4dcc-8bd7-42aa7515fb72,e70fbef0-049d-4080-95b1-2b3302b9a615,767724ec-7181-4a56-8366-aa141632fe8e,448025a0-0ff7-4ed0-a917-399a73decef2,358dceb1-c1b0-46b9-a24f-c1b6a7fdb2dd,,2025-05-01 17:00:00-07,,f,,,channel_project,channel_relationship,,
1470e74b-7e3a-41db-9cad-997212e6af8f,8a6098a8-14b2-4a5c-86cd-c0a93c5c0d02,d2b565de-9d4d-4e29-9810-29ce00bfd2bd,36310203-8005-41dc-b51e-a8dc52960496,6828c3df-aa9a-4ebe-8418-df13e38bb018,,2026-04-14 00:39:30.530136-07,,f,,,channel_project,channel_relationship,,
1471393a-7f64-4841-9784-542223418e97,b605ebbe-d651-4c39-924a-c963fe07d671,af13f5cc-6b51-4949-ad6c-1786c27eaa3d,448025a0-0ff7-4ed0-a917-399a73decef2,27f44d18-9d8f-4943-a744-e1efb0a0728a,,2026-07-01 00:50:38.592405-07,,f,,,channel_project,channel_relationship,,
14836f09-910f-456d-bbf9-9999540e4db6,5ead84c7-fa55-4255-8f88-3fde8065f515,fb606cb5-26e8-43c4-8d13-a07f07bba568,448025a0-0ff7-4ed0-a917-399a73decef2,6a34ddae-be72-471a-ad45-7e226c3a141f,,2025-11-19 05:28:24.373974-08,,f,,,channel_project,channel_relationship,,
14b139af-0dbb-4c9f-be24-787b2a08d757,bcb1ee5e-2cb5-4863-9e39-0a6ee01c3b7c,701fd0d3-ff09-423e-a42b-af88f38ddf89,448025a0-0ff7-4ed0-a917-399a73decef2,6a34ddae-be72-471a-ad45-7e226c3a141f,,2026-04-21 23:48:33.966144-07,,t,2026-06-15 01:58:43.69743-07,6a34ddae-be72-471a-ad45-7e226c3a141f,channel_project,channel_relationship,,
14c0d544-b00b-4904-8592-79f62c17409e,091b350d-ceb6-45b1-a458-bc9a0caf121a,767724ec-7181-4a56-8366-aa141632fe8e,448025a0-0ff7-4ed0-a917-399a73decef2,5a3df846-d50b-412d-8da1-eeef0324964b,,2026-04-23 00:47:32.749292-07,,f,,,channel_project,channel_relationship,,
14c6ba6d-2ea0-42b5-a8e5-c5b1a5de115c,6608bc3e-1210-462b-a69a-22d7952c454f,af13f5cc-6b51-4949-ad6c-1786c27eaa3d,448025a0-0ff7-4ed0-a917-399a73decef2,358dceb1-c1b0-46b9-a24f-c1b6a7fdb2dd,,2025-04-30 17:00:00-07,,t,2025-06-16 19:48:16.090179-07,229dc6f0-0c2f-42cc-8d32-7c3397e96194,channel_project,channel_relationship,,
14c9506b-b638-4d24-b9de-dab9c21d031a,20d9982b-2835-4812-99ba-e08dfeac276b,4bd3177f-50fa-43f0-bff0-62590a365558,36310203-8005-41dc-b51e-a8dc52960496,5ee9a2ec-3ce4-43df-a5d7-934ceabd411f,,2026-05-06 00:14:39.057526-07,,t,2026-06-03 01:03:53.949829-07,a49192c4-8bb3-4976-a588-82de978a882e,channel_project,channel_relationship,,
14f93486-daaa-4ce4-8058-900d404bf8b7,0194f05c-d5cc-449d-a2ea-c4b5259635b5,ea95ae55-0599-4c55-8d67-e5b7c2952f48,36310203-8005-41dc-b51e-a8dc52960496,1fe20089-cd12-4a7c-bb42-9d338cab198b,,2026-04-25 00:13:50.470432-07,,t,2026-05-04 02:19:21.036821-07,a49192c4-8bb3-4976-a588-82de978a882e,channel_project,channel_relationship,,
15094a72-206a-454a-9d9a-6c96d17ab1ee,6c2484c3-3973-42a2-995f-667b23f050da,fb606cb5-26e8-43c4-8d13-a07f07bba568,448025a0-0ff7-4ed0-a917-399a73decef2,43de9c8f-6685-44a4-8e13-be229a75ee6f,,2025-10-13 01:03:57.693522-07,,f,,,channel_project,channel_relationship,,
1515b86c-23a6-4567-b6cc-bd13fa7ce121,0107174b-7a29-4872-a60f-5287df929527,a76d214b-b2d3-43f8-85d5-96d6a453c9a2,448025a0-0ff7-4ed0-a917-399a73decef2,358dceb1-c1b0-46b9-a24f-c1b6a7fdb2dd,,2025-07-01 01:32:41.232299-07,,f,,,channel_project,channel_relationship,,
15416e91-3cf7-43ea-a921-407d14e39ef5,bf8b1892-9ada-478a-a6db-425c612fd8e6,ee7bf8f4-7edd-4ff1-a9c0-ce4de3cc5845,448025a0-0ff7-4ed0-a917-399a73decef2,358dceb1-c1b0-46b9-a24f-c1b6a7fdb2dd,,2025-04-30 17:00:00-07,,t,2025-11-19 04:53:38.831549-08,6a34ddae-be72-471a-ad45-7e226c3a141f,channel_project,channel_relationship,,
1548e695-4e09-4c2f-b905-c3e5afd13ffc,7a1e2ff9-98f4-49ab-a714-5c4fbcdaf1ea,af13f5cc-6b51-4949-ad6c-1786c27eaa3d,448025a0-0ff7-4ed0-a917-399a73decef2,358dceb1-c1b0-46b9-a24f-c1b6a7fdb2dd,,2025-05-01 17:00:00-07,,f,,,channel_project,channel_relationship,,
15823bc1-9471-4986-a308-191515612502,a6e5a03e-c01c-43ae-b013-b39a37a06f4e,fb606cb5-26e8-43c4-8d13-a07f07bba568,448025a0-0ff7-4ed0-a917-399a73decef2,337a7ea7-f2ce-407d-9a14-19bdbdb2dc79,,2025-08-20 21:16:40.858075-07,,f,,,channel_project,channel_relationship,,
15d4cd37-d4eb-4557-ac7a-e6b0e912eb24,e268cc05-0829-4ab4-978a-3d035100c255,fb606cb5-26e8-43c4-8d13-a07f07bba568,448025a0-0ff7-4ed0-a917-399a73decef2,a61e2437-628b-43e7-a32c-f948290dbba9,,2026-04-25 02:18:30.995617-07,,t,2026-05-08 19:52:40.478002-07,4e3eac7c-e6d8-4e10-b8b5-b66bcc744495,channel_project,channel_relationship,,
15dd85cc-5d56-4134-a996-e5997bdc10dd,079e19fe-bd64-4d66-ad0d-42d49fc3cc3d,995e34e4-ed3f-449a-84b5-da60e9f4fc83,448025a0-0ff7-4ed0-a917-399a73decef2,6a34ddae-be72-471a-ad45-7e226c3a141f,,2025-11-19 03:44:37.304807-08,,t,2025-12-23 02:18:59.20947-08,efc27d3d-8e56-44d0-b03e-adeb207eef21,channel_project,channel_relationship,,
15e2a277-a0e7-4dc3-ae66-9769ce1201d1,10c89ce5-07d4-4866-ac7a-e0e62b2d3732,a76d214b-b2d3-43f8-85d5-96d6a453c9a2,448025a0-0ff7-4ed0-a917-399a73decef2,43de9c8f-6685-44a4-8e13-be229a75ee6f,,2026-08-13 23:44:16.235544-07,,f,,,channel_project,channel_relationship,,
15e4674b-d440-4e39-904e-78d7d05b7b83,1a2dc7a3-31bf-4f5e-a53f-9bb6fb34d956,701fd0d3-ff09-423e-a42b-af88f38ddf89,448025a0-0ff7-4ed0-a917-399a73decef2,97ee41e4-8f90-4991-8d67-df26d970bf62,,2025-10-01 00:54:55.908242-07,,t,2025-11-26 18:54:01.315024-08,84dc0038-dd1e-4a75-982c-56edde2b695e,channel_project,channel_relationship,,
15ebb757-e1c6-48dc-8fa9-ac584cce15e9,df280296-c64d-44ca-a107-1eff974f000e,d2b565de-9d4d-4e29-9810-29ce00bfd2bd,36310203-8005-41dc-b51e-a8dc52960496,5ee9a2ec-3ce4-43df-a5d7-934ceabd411f,,2025-12-31 01:18:56.897353-08,,t,2026-06-03 00:48:42.158055-07,a49192c4-8bb3-4976-a588-82de978a882e,channel_project,channel_relationship,,
15fff0fd-7184-4b31-996c-aea39a85a58d,a951c4be-2e87-4573-af04-520b31dc3702,ee7bf8f4-7edd-4ff1-a9c0-ce4de3cc5845,448025a0-0ff7-4ed0-a917-399a73decef2,a61e2437-628b-43e7-a32c-f948290dbba9,,2026-04-23 01:30:55.131982-07,,t,2026-05-24 19:14:04.560486-07,4e3eac7c-e6d8-4e10-b8b5-b66bcc744495,channel_project,channel_relationship,,
16208b5c-58a1-442e-bc6f-aba265c77db1,ec125a28-8597-424b-8961-f919ae365cf1,85aa4dc6-4ea2-457d-9821-a71fd9d16888,448025a0-0ff7-4ed0-a917-399a73decef2,43de9c8f-6685-44a4-8e13-be229a75ee6f,,2026-08-09 20:24:08.68248-07,,f,,,channel_project,channel_relationship,,
1620e8d8-51b2-418e-a9c3-3936037bb623,d7741294-dda5-43b4-b90e-577c2c2041a2,4bd3177f-50fa-43f0-bff0-62590a365558,36310203-8005-41dc-b51e-a8dc52960496,6828c3df-aa9a-4ebe-8418-df13e38bb018,,2026-07-15 02:42:46.612328-07,,f,,,channel_project,channel_relationship,,
1621dd41-e0cb-4ae7-a0e3-d5e6be3011ab,cb0d09b5-a981-4b2c-9132-3b98f9a210dc,af13f5cc-6b51-4949-ad6c-1786c27eaa3d,448025a0-0ff7-4ed0-a917-399a73decef2,a61e2437-628b-43e7-a32c-f948290dbba9,,2026-01-13 18:12:10.359722-08,,f,,,channel_project,channel_relationship,,
162651ab-bef6-42bc-ad88-1ee2e170b7be,3fba5440-b70c-4298-a486-a0956c2d1d59,d2b565de-9d4d-4e29-9810-29ce00bfd2bd,36310203-8005-41dc-b51e-a8dc52960496,6828c3df-aa9a-4ebe-8418-df13e38bb018,,2026-07-02 03:19:16.690115-07,,f,,,channel_project,channel_relationship,,
162bcc85-3d2f-454e-ab84-eedb5593f0f1,87589e10-ab72-49cb-8043-f489f753e9b4,fb606cb5-26e8-43c4-8d13-a07f07bba568,448025a0-0ff7-4ed0-a917-399a73decef2,ae786cf3-a6b6-4a7d-9ea0-ead631615e0c,,2026-05-31 18:53:48.420532-07,,f,,,channel_project,channel_relationship,,
1633fd73-d459-49ef-a65c-bc7c448ab2e5,f277abfb-1b74-475a-81aa-d58a1cbc194c,e7ef3e57-57d3-4283-9469-caff77d87719,448025a0-0ff7-4ed0-a917-399a73decef2,6a34ddae-be72-471a-ad45-7e226c3a141f,,2025-12-12 00:24:59.491048-08,,f,,,channel_project,channel_relationship,,
163ad60b-159f-4a0e-a04d-509ed6e70cd8,5b0d5219-9568-4c87-9798-de1f864d785d,fb606cb5-26e8-43c4-8d13-a07f07bba568,448025a0-0ff7-4ed0-a917-399a73decef2,358dceb1-c1b0-46b9-a24f-c1b6a7fdb2dd,,2025-05-31 00:05:00.52065-07,,f,,,channel_project,channel_relationship,,
16500eb6-9954-44c5-bb8f-13bd64abecde,ede8c355-32a6-43cf-b61f-a508885b1006,701fd0d3-ff09-423e-a42b-af88f38ddf89,448025a0-0ff7-4ed0-a917-399a73decef2,4a546116-6945-4f4c-9bcb-8f2b95f28753,,2026-05-04 19:14:05.563437-07,,f,,,channel_project,channel_relationship,,
1665bd7d-39b8-4dab-8712-ec8c5013299e,f7f384df-6f3a-45ae-874d-a02e679572d6,fb606cb5-26e8-43c4-8d13-a07f07bba568,448025a0-0ff7-4ed0-a917-399a73decef2,6a34ddae-be72-471a-ad45-7e226c3a141f,,2025-11-19 05:28:24.373975-08,,f,,,channel_project,channel_relationship,,
16737863-ab46-42a4-aa7d-facab8cc76e8,1d3fc51d-3143-468b-a9e7-2c31d101a8e0,fb606cb5-26e8-43c4-8d13-a07f07bba568,448025a0-0ff7-4ed0-a917-399a73decef2,86e0f3f2-3c06-4902-bfea-2360bfe41b9a,,2026-01-12 01:24:01.512219-08,,t,2026-01-12 01:25:27.035761-08,86e0f3f2-3c06-4902-bfea-2360bfe41b9a,channel_project,channel_relationship,,
1683d442-bcc8-4577-834a-6290fde2b538,1fdedc58-1b23-483c-884c-af7e52e38579,4bd3177f-50fa-43f0-bff0-62590a365558,36310203-8005-41dc-b51e-a8dc52960496,5ee9a2ec-3ce4-43df-a5d7-934ceabd411f,,2025-12-31 01:37:05.652935-08,,t,2026-06-03 01:03:53.949925-07,a49192c4-8bb3-4976-a588-82de978a882e,channel_project,channel_relationship,,
169ecc6c-0cf7-4661-9d0c-3c77936559ea,e9cac3b7-09cb-445e-9461-62153ccdef90,85aa4dc6-4ea2-457d-9821-a71fd9d16888,448025a0-0ff7-4ed0-a917-399a73decef2,97ee41e4-8f90-4991-8d67-df26d970bf62,,2025-11-06 00:32:03.046851-08,,f,,,channel_project,channel_relationship,,
16b3aa8f-bb54-4348-a64c-2f31ba361bea,bef16c8f-3036-4d6d-8746-6d882cb4ea92,af13f5cc-6b51-4949-ad6c-1786c27eaa3d,448025a0-0ff7-4ed0-a917-399a73decef2,6a34ddae-be72-471a-ad45-7e226c3a141f,,2026-08-14 01:34:33.6684-07,,f,,,channel_project,channel_relationship,,
16c92dec-fb9f-472b-ad6c-5c26d5537942,30c9d404-ce66-433a-98d1-c4a33eb606a6,fb606cb5-26e8-43c4-8d13-a07f07bba568,448025a0-0ff7-4ed0-a917-399a73decef2,43de9c8f-6685-44a4-8e13-be229a75ee6f,,2026-07-31 01:27:54.804038-07,,f,,,channel_project,channel_relationship,,
16de4435-3efe-47d0-913c-148a45e65ceb,d7656c90-8ef9-483d-bef0-2a42ab78d8bb,929da576-bb11-4d42-ba66-b7cc0ddb4adc,36310203-8005-41dc-b51e-a8dc52960496,6828c3df-aa9a-4ebe-8418-df13e38bb018,,2026-06-01 22:13:29.424315-07,,f,,,channel_project,channel_relationship,,
1703b966-f44e-4003-be41-f5ba205c4cfd,ed9af347-1249-4f1f-91f6-6fa0b7ca6a30,40885a7b-f9f9-4541-abc8-6fdcda2ba048,448025a0-0ff7-4ed0-a917-399a73decef2,a61e2437-628b-43e7-a32c-f948290dbba9,,2026-04-14 20:13:13.332508-07,,t,2026-04-21 00:16:39.235244-07,c47f3399-05a0-4073-8685-89972808f783,channel_project,channel_relationship,,
1706486d-6f16-41c0-bb23-cfa7121e2692,3494d76c-268e-433a-96ca-054c9f795153,929da576-bb11-4d42-ba66-b7cc0ddb4adc,36310203-8005-41dc-b51e-a8dc52960496,6828c3df-aa9a-4ebe-8418-df13e38bb018,,2026-05-06 05:33:30.246119-07,,t,2026-07-03 03:17:20.55146-07,6828c3df-aa9a-4ebe-8418-df13e38bb018,channel_project,channel_relationship,,
1712f65b-474b-4e32-843d-5b06edb5905f,f7890099-a4b0-452b-9870-f7d4a9666493,af13f5cc-6b51-4949-ad6c-1786c27eaa3d,448025a0-0ff7-4ed0-a917-399a73decef2,6a34ddae-be72-471a-ad45-7e226c3a141f,,2025-11-19 04:41:45.636148-08,,t,2025-11-19 04:42:28.702653-08,6a34ddae-be72-471a-ad45-7e226c3a141f,channel_project,channel_relationship,,
173a2c10-0bd0-43c7-af7c-62e384cac15b,a5682e07-3db7-4df9-b693-9104ff08eabe,af13f5cc-6b51-4949-ad6c-1786c27eaa3d,448025a0-0ff7-4ed0-a917-399a73decef2,a61e2437-628b-43e7-a32c-f948290dbba9,,2026-01-12 02:28:53.162952-08,,t,2026-07-20 18:39:29.244112-07,97ee41e4-8f90-4991-8d67-df26d970bf62,channel_project,channel_relationship,,
1743fa0f-e08b-477e-a63a-c28b42d94b27,89e01782-45fc-4b07-a6fd-3c9a2f28b6ed,d2b565de-9d4d-4e29-9810-29ce00bfd2bd,36310203-8005-41dc-b51e-a8dc52960496,6828c3df-aa9a-4ebe-8418-df13e38bb018,,2026-02-13 00:16:27.661251-08,,t,2026-06-04 02:04:20.538143-07,6828c3df-aa9a-4ebe-8418-df13e38bb018,channel_project,channel_relationship,,
1751c712-8624-4089-b468-ef127ecc61f7,8d4bf6d3-6b9c-488a-8348-7023229109b3,767724ec-7181-4a56-8366-aa141632fe8e,448025a0-0ff7-4ed0-a917-399a73decef2,ae786cf3-a6b6-4a7d-9ea0-ead631615e0c,,2026-03-30 18:43:16.064046-07,,f,,,channel_project,channel_relationship,,
17524c3f-e593-4d1a-889a-63ed340afe22,9f63b95d-c87e-4c22-a587-378592fe88db,d2b565de-9d4d-4e29-9810-29ce00bfd2bd,36310203-8005-41dc-b51e-a8dc52960496,6828c3df-aa9a-4ebe-8418-df13e38bb018,,2026-07-22 18:24:12.932377-07,,f,,,channel_project,channel_relationship,,
176b7080-04e3-4e0e-b2c6-608fd7e3805c,7612fa0f-9c0c-4cea-9196-e2733d612562,fb606cb5-26e8-43c4-8d13-a07f07bba568,448025a0-0ff7-4ed0-a917-399a73decef2,3a9ff8c5-8923-4d19-a09e-2c8d79cc7c6f,,2026-03-17 19:17:33.782055-07,,f,,,channel_project,channel_relationship,,
17711e70-ad6f-4aa5-b47f-f35998f5ccb8,6f367d1c-b630-40bd-a694-c16570adbe1d,fb606cb5-26e8-43c4-8d13-a07f07bba568,448025a0-0ff7-4ed0-a917-399a73decef2,ae786cf3-a6b6-4a7d-9ea0-ead631615e0c,,2026-03-08 19:49:04.851811-07,,f,,,channel_project,channel_relationship,,
177fb75e-de64-404c-9723-5b3e328a00c1,6cde47b8-3615-4420-9fdb-68bbfa5cdc64,79ddbca5-aae8-4dbf-a1b0-0c1fe8fa7cd6,448025a0-0ff7-4ed0-a917-399a73decef2,43de9c8f-6685-44a4-8e13-be229a75ee6f,,2025-09-24 02:09:37.116883-07,,t,2026-03-17 00:50:17.618444-07,3a9ff8c5-8923-4d19-a09e-2c8d79cc7c6f,channel_project,channel_relationship,,
179eb278-b595-49a2-8bd7-1f37f62058db,1838cd35-1ef9-4b6b-90ef-8653214d3732,ee7bf8f4-7edd-4ff1-a9c0-ce4de3cc5845,448025a0-0ff7-4ed0-a917-399a73decef2,358dceb1-c1b0-46b9-a24f-c1b6a7fdb2dd,,2025-05-01 17:00:00-07,,f,,,channel_project,channel_relationship,,
17b44870-c7e1-4e3d-a0b8-ffec7b474c7a,0b2fc010-6be4-4f46-a2d0-29725c460498,fb606cb5-26e8-43c4-8d13-a07f07bba568,448025a0-0ff7-4ed0-a917-399a73decef2,358dceb1-c1b0-46b9-a24f-c1b6a7fdb2dd,,2026-02-11 23:25:07.95191-08,,t,2026-03-10 21:14:35.561801-07,358dceb1-c1b0-46b9-a24f-c1b6a7fdb2dd,channel_project,channel_relationship,,
17e06612-ac40-40e8-954d-16e16601ab55,ede8c355-32a6-43cf-b61f-a508885b1006,701fd0d3-ff09-423e-a42b-af88f38ddf89,448025a0-0ff7-4ed0-a917-399a73decef2,6a34ddae-be72-471a-ad45-7e226c3a141f,,2026-01-18 20:26:43.129695-08,,t,2026-05-04 19:14:05.563555-07,4a546116-6945-4f4c-9bcb-8f2b95f28753,channel_project,channel_relationship,,
1810b3fa-6ecd-44a7-bc56-cab0cbc8c3d4,b80f9c59-a182-4f07-b405-5f13c080f90b,71e59864-5ed2-4311-bc5b-7a7597294c44,36310203-8005-41dc-b51e-a8dc52960496,6828c3df-aa9a-4ebe-8418-df13e38bb018,,2026-07-20 00:49:58.051764-07,,t,2026-07-20 00:59:26.292338-07,6828c3df-aa9a-4ebe-8418-df13e38bb018,channel_project,channel_relationship,,
1813e071-fbfa-439d-8b80-f0eeed2e5887,42ba0326-74b8-4246-b4cd-2f6918949e7e,71e59864-5ed2-4311-bc5b-7a7597294c44,36310203-8005-41dc-b51e-a8dc52960496,1fe20089-cd12-4a7c-bb42-9d338cab198b,,2026-03-18 19:25:49.975489-07,,t,2026-05-04 00:03:04.619153-07,a49192c4-8bb3-4976-a588-82de978a882e,channel_project,channel_relationship,,
18237842-afdc-4ab1-acbc-711e2bf6394e,3bf99663-dde6-414c-a1d8-0ae1cab66192,af13f5cc-6b51-4949-ad6c-1786c27eaa3d,448025a0-0ff7-4ed0-a917-399a73decef2,6a34ddae-be72-471a-ad45-7e226c3a141f,,2026-07-13 02:03:38.487499-07,,f,,,channel_project,channel_relationship,,
182800aa-40a9-47cf-acd6-8a33748758a2,e1149056-6c53-46f8-8ad7-0f22f9284b75,701fd0d3-ff09-423e-a42b-af88f38ddf89,448025a0-0ff7-4ed0-a917-399a73decef2,6a34ddae-be72-471a-ad45-7e226c3a141f,,2026-06-01 18:15:57.96949-07,,f,,,channel_project,channel_relationship,,
182c9656-26e8-4860-b163-ffbc2a7ddb45,2746e6f1-14e3-4a4b-91c3-19b7f449c2af,40885a7b-f9f9-4541-abc8-6fdcda2ba048,448025a0-0ff7-4ed0-a917-399a73decef2,358dceb1-c1b0-46b9-a24f-c1b6a7fdb2dd,,2025-05-01 17:00:00-07,,f,,,channel_project,channel_relationship,,
1836aa5a-52b5-4765-b5b0-d5c9545576f5,a7c06e27-3ca5-4563-9091-efee13e6d2de,fb606cb5-26e8-43c4-8d13-a07f07bba568,448025a0-0ff7-4ed0-a917-399a73decef2,358dceb1-c1b0-46b9-a24f-c1b6a7fdb2dd,,2025-05-01 17:00:00-07,,f,,,channel_project,channel_relationship,,
18464412-2bdc-4e12-8c37-f33404de219d,b35391c3-3c31-4b24-9cf3-4a63b2015d2d,e7ef3e57-57d3-4283-9469-caff77d87719,448025a0-0ff7-4ed0-a917-399a73decef2,6a34ddae-be72-471a-ad45-7e226c3a141f,,2025-11-19 03:50:28.296784-08,,f,,,channel_project,channel_relationship,,
185fee18-ba27-4e4a-a064-25ed451d543d,2ba607c0-3931-4232-8cff-7b946615c650,fb606cb5-26e8-43c4-8d13-a07f07bba568,448025a0-0ff7-4ed0-a917-399a73decef2,358dceb1-c1b0-46b9-a24f-c1b6a7fdb2dd,,2025-05-01 17:00:00-07,,t,2025-09-12 18:56:16.569067-07,8a29ffeb-1fda-4656-ad0d-f4ace45dc6b8,channel_project,channel_relationship,,
187582d0-3142-4eaf-877c-8289cb397819,8f00fea5-ad0c-43fd-8063-e63347b6487c,ee7bf8f4-7edd-4ff1-a9c0-ce4de3cc5845,448025a0-0ff7-4ed0-a917-399a73decef2,ae786cf3-a6b6-4a7d-9ea0-ead631615e0c,,2026-04-14 04:03:59.775182-07,,f,,,channel_project,channel_relationship,,
18758ba6-b65a-45d3-9c8e-987fe289a3d6,dc4363f3-47bf-417d-bf6c-87ec7b129a23,a76d214b-b2d3-43f8-85d5-96d6a453c9a2,448025a0-0ff7-4ed0-a917-399a73decef2,97ee41e4-8f90-4991-8d67-df26d970bf62,,2026-07-16 20:59:15.799869-07,,f,,,channel_project,channel_relationship,,
18880a26-7403-42e0-af0f-7f0221aec282,15dcd60b-d7e8-486d-93ff-051d33d2dbbd,40885a7b-f9f9-4541-abc8-6fdcda2ba048,448025a0-0ff7-4ed0-a917-399a73decef2,a61e2437-628b-43e7-a32c-f948290dbba9,,2026-03-02 20:11:52.538487-08,,f,,,channel_project,channel_relationship,,
188c6366-c3ad-4d40-9128-ba524a4a24d7,dbb47bf0-77d4-43a3-abee-a528933789a8,fb606cb5-26e8-43c4-8d13-a07f07bba568,448025a0-0ff7-4ed0-a917-399a73decef2,358dceb1-c1b0-46b9-a24f-c1b6a7fdb2dd,,2025-05-31 00:05:00.52064-07,,f,,,channel_project,channel_relationship,,
189b2148-6bd9-49a7-99f9-807d7391aa69,edb631d2-070b-474b-a156-972ee1aaf24b,71e59864-5ed2-4311-bc5b-7a7597294c44,36310203-8005-41dc-b51e-a8dc52960496,6828c3df-aa9a-4ebe-8418-df13e38bb018,,2026-07-28 04:15:05.590759-07,,f,,,channel_project,channel_relationship,,
18a75ff2-41de-4dcc-9d47-4fdc463cc7e9,6e8ee28b-0e9b-42aa-89fa-108d2d4e40ea,af13f5cc-6b51-4949-ad6c-1786c27eaa3d,448025a0-0ff7-4ed0-a917-399a73decef2,d01cec12-7a37-4589-9076-71419dbad65e,,2026-05-04 00:00:58.400011-07,,t,2026-05-04 21:42:32.109187-07,ed86db9a-4911-4264-bef0-4fdde9c14e85,channel_project,channel_relationship,,
18b20d3a-54ae-4c5d-aad2-7010ecf45389,decd779d-dda6-4b9c-9be2-aea09a79166c,d2b565de-9d4d-4e29-9810-29ce00bfd2bd,36310203-8005-41dc-b51e-a8dc52960496,6828c3df-aa9a-4ebe-8418-df13e38bb018,,2026-06-21 14:52:42.593298-07,,t,2026-07-03 03:13:17.065412-07,6828c3df-aa9a-4ebe-8418-df13e38bb018,channel_project,channel_relationship,,
18b33b0b-05ae-4c08-9cd5-c08bf6ed996b,9c45e29e-7b84-4d6c-8602-61f0f6f3a7ba,4bd3177f-50fa-43f0-bff0-62590a365558,36310203-8005-41dc-b51e-a8dc52960496,1fe20089-cd12-4a7c-bb42-9d338cab198b,,2026-02-12 17:31:55.017987-08,,t,2026-03-18 19:22:22.166306-07,1fe20089-cd12-4a7c-bb42-9d338cab198b,channel_project,channel_relationship,,
18c105f1-ded9-4bca-8562-da6f4c7f9363,6f7079a5-0c7b-4347-a1ad-874b63a6a97d,767724ec-7181-4a56-8366-aa141632fe8e,448025a0-0ff7-4ed0-a917-399a73decef2,ae786cf3-a6b6-4a7d-9ea0-ead631615e0c,,2026-06-12 00:20:33.524546-07,,f,,,channel_project,channel_relationship,,
18d7c33f-fd29-4469-a4ce-022923468d30,25d0b156-42e6-4836-a869-11ed3f6f782e,af13f5cc-6b51-4949-ad6c-1786c27eaa3d,448025a0-0ff7-4ed0-a917-399a73decef2,44da54a5-bacb-44c6-b0d3-6bed5a1ae25f,,2026-07-23 22:14:57.353059-07,,f,,,channel_project,channel_relationship,,
19172aca-77b3-49d7-944c-f7681ad3f852,da9bf2a0-77f6-4aac-9273-4d62436d42de,88af4d15-2e5d-40c8-88a8-974ba5a7d50e,448025a0-0ff7-4ed0-a917-399a73decef2,97ee41e4-8f90-4991-8d67-df26d970bf62,,2025-09-26 20:14:04.035223-07,,t,2025-12-25 18:16:54.005798-08,84dc0038-dd1e-4a75-982c-56edde2b695e,channel_project,channel_relationship,,
191fbe67-da63-4ef2-8cda-4284f2504c5c,8e0ff6df-dc16-4730-b106-726643526522,dd4bf39a-03d9-4c7b-be58-8d0eb4f00acf,448025a0-0ff7-4ed0-a917-399a73decef2,358dceb1-c1b0-46b9-a24f-c1b6a7fdb2dd,,2025-04-30 17:00:00-07,,t,2026-03-05 19:30:24.752516-08,d54d395f-d027-40fb-a19c-723d01f6a380,channel_project,channel_relationship,,
19263efb-7368-45c8-b07d-0ff111035441,49069616-8224-4d20-8b81-7fa35224f16c,71e59864-5ed2-4311-bc5b-7a7597294c44,36310203-8005-41dc-b51e-a8dc52960496,1fe20089-cd12-4a7c-bb42-9d338cab198b,,2026-03-18 19:21:18.483657-07,,t,2026-05-04 00:03:04.619137-07,a49192c4-8bb3-4976-a588-82de978a882e,channel_project,channel_relationship,,
1930ed04-ea5b-475a-8faf-ea3e97da7fe3,dadaa73f-a486-4fad-8c7f-3d348ef2e9e6,fb606cb5-26e8-43c4-8d13-a07f07bba568,448025a0-0ff7-4ed0-a917-399a73decef2,358dceb1-c1b0-46b9-a24f-c1b6a7fdb2dd,,2025-05-01 17:00:00-07,,t,2026-03-16 23:40:57.910929-07,3a9ff8c5-8923-4d19-a09e-2c8d79cc7c6f,channel_project,channel_relationship,,
19676b60-e522-4c18-b500-933f5f11a8d6,f20ebac1-9b03-4adc-9601-e0b98dad0908,fb606cb5-26e8-43c4-8d13-a07f07bba568,448025a0-0ff7-4ed0-a917-399a73decef2,97ee41e4-8f90-4991-8d67-df26d970bf62,,2025-07-22 21:20:30.977933-07,,t,2025-08-19 21:24:10.129736-07,8a29ffeb-1fda-4656-ad0d-f4ace45dc6b8,channel_project,channel_relationship,,
19775aa8-e25a-45af-b9a9-beb97d8374bc,84850f2c-ebd0-49ec-8091-13f20c58c153,da03d469-91bd-4465-815d-a1b05c66cef0,448025a0-0ff7-4ed0-a917-399a73decef2,97ee41e4-8f90-4991-8d67-df26d970bf62,,2025-07-22 20:58:04.454661-07,,t,2025-08-21 03:53:17.401591-07,c47f3399-05a0-4073-8685-89972808f783,channel_project,channel_relationship,,
1990e31c-5138-4e03-b318-f7406c93cc19,632c90dc-4c93-4367-964c-7efd5900a87d,fb606cb5-26e8-43c4-8d13-a07f07bba568,448025a0-0ff7-4ed0-a917-399a73decef2,13d11747-06d8-499f-a3fa-c6ea22bfa6dc,,2025-12-23 02:06:21.552659-08,,t,2026-05-04 03:16:12.510241-07,c47f3399-05a0-4073-8685-89972808f783,channel_project,channel_relationship,,
19a0f1da-cce5-44e0-86ae-091739436e0e,2e177576-799e-40e6-8fcb-71bafe6af49b,a76d214b-b2d3-43f8-85d5-96d6a453c9a2,448025a0-0ff7-4ed0-a917-399a73decef2,43de9c8f-6685-44a4-8e13-be229a75ee6f,,2026-08-11 06:35:22.154106-07,,f,,,channel_project,channel_relationship,,
19a70245-97ec-48de-a6df-031ecf1f086e,43182986-f9c0-449a-a904-0b5c673a7246,767724ec-7181-4a56-8366-aa141632fe8e,448025a0-0ff7-4ed0-a917-399a73decef2,43de9c8f-6685-44a4-8e13-be229a75ee6f,,2026-08-13 23:49:23.031698-07,,f,,,channel_project,channel_relationship,,
19c1c567-9674-4201-8e52-90f7c86f220a,8e47fee0-78fb-4625-a7f1-1a587f5e1fe9,af13f5cc-6b51-4949-ad6c-1786c27eaa3d,448025a0-0ff7-4ed0-a917-399a73decef2,a61e2437-628b-43e7-a32c-f948290dbba9,,2026-03-17 01:47:53.526021-07,,f,,,channel_project,channel_relationship,,
19c28928-38c5-4899-bb45-f28ed38d49ab,fa75e5bc-754a-4241-9a17-7a3791f37926,fb606cb5-26e8-43c4-8d13-a07f07bba568,448025a0-0ff7-4ed0-a917-399a73decef2,ae786cf3-a6b6-4a7d-9ea0-ead631615e0c,,2026-05-12 02:04:08.994552-07,,f,,,channel_project,channel_relationship,,
19c4f74c-727d-48d5-8a37-295883270d2b,566bf6fe-9529-4bb8-9492-7f8c1cc30723,88af4d15-2e5d-40c8-88a8-974ba5a7d50e,448025a0-0ff7-4ed0-a917-399a73decef2,43de9c8f-6685-44a4-8e13-be229a75ee6f,,2025-12-23 00:36:32.79351-08,,f,,,channel_project,channel_relationship,,
19c9d0cf-92f2-4d63-acef-a4a635e0b7c0,d3b23a44-5873-4cea-a07d-68f5368c58a7,fb606cb5-26e8-43c4-8d13-a07f07bba568,448025a0-0ff7-4ed0-a917-399a73decef2,ae2d43e0-0d04-4d22-a9e5-93c660d4584c,,2026-06-30 01:27:32.871567-07,,f,,,channel_project,channel_relationship,,
19caa59e-857b-46b5-9eab-820a886d192f,4d9960ed-b635-4e9d-9391-23c42e341495,fb606cb5-26e8-43c4-8d13-a07f07bba568,448025a0-0ff7-4ed0-a917-399a73decef2,3a9ff8c5-8923-4d19-a09e-2c8d79cc7c6f,,2025-07-29 19:03:07.794065-07,,t,2026-03-17 01:51:58.576864-07,3a9ff8c5-8923-4d19-a09e-2c8d79cc7c6f,channel_project,channel_relationship,,
19dec3bc-b75f-41ee-94dc-23c5a4fcd668,b343ccdb-1832-4810-932c-6de52f6bbcaf,af13f5cc-6b51-4949-ad6c-1786c27eaa3d,448025a0-0ff7-4ed0-a917-399a73decef2,6a34ddae-be72-471a-ad45-7e226c3a141f,,2026-07-29 19:43:35.05173-07,,f,,,channel_project,channel_relationship,,
19e26852-b02f-45ee-9924-ca6087b40196,42ac69da-846a-48b7-8d6d-515724d51102,fb606cb5-26e8-43c4-8d13-a07f07bba568,448025a0-0ff7-4ed0-a917-399a73decef2,43de9c8f-6685-44a4-8e13-be229a75ee6f,,2025-10-29 19:46:05.351348-07,,f,,,channel_project,channel_relationship,,
19f13ae2-24d8-438f-af1c-9a70338b52c7,84fb8611-1533-4cfa-baf7-cec0c777a209,701fd0d3-ff09-423e-a42b-af88f38ddf89,448025a0-0ff7-4ed0-a917-399a73decef2,d0ccceec-c04f-4aea-b5dd-09745ddaa964,,2026-05-04 19:16:22.71832-07,,f,,,channel_project,channel_relationship,,
1a063ad6-5d1f-4063-9913-5d9d6152a584,cba49a9d-c503-4a94-b02c-7ad97a5133a3,bf72d436-a958-4a82-9b20-4822e133b617,448025a0-0ff7-4ed0-a917-399a73decef2,86e0f3f2-3c06-4902-bfea-2360bfe41b9a,,2025-08-13 23:04:29.461301-07,,t,2025-08-13 23:05:38.586253-07,86e0f3f2-3c06-4902-bfea-2360bfe41b9a,channel_project,channel_relationship,,
1a3ad5e7-21f6-4985-b9ff-eb985c5f9777,3eaba3b0-9580-481c-b582-bfa75e248943,d0e3eeae-20a9-4302-a3ed-8ca0ee468548,448025a0-0ff7-4ed0-a917-399a73decef2,6a34ddae-be72-471a-ad45-7e226c3a141f,,2025-11-19 03:55:18.046838-08,,f,,,channel_project,channel_relationship,,
1a77eac2-50d5-437a-8f48-476c65c47e40,10be1569-880b-49b7-87ad-fd5b6cc9e3df,71e59864-5ed2-4311-bc5b-7a7597294c44,36310203-8005-41dc-b51e-a8dc52960496,6828c3df-aa9a-4ebe-8418-df13e38bb018,,2026-04-14 04:00:29.655914-07,,f,,,channel_project,channel_relationship,,
1a85b770-687c-41b8-baae-472a4cddf029,73c0ec3f-4988-4d47-97d1-78d869d75f45,fb606cb5-26e8-43c4-8d13-a07f07bba568,448025a0-0ff7-4ed0-a917-399a73decef2,a61e2437-628b-43e7-a32c-f948290dbba9,,2026-04-24 03:55:01.013587-07,,f,,,channel_project,channel_relationship,,
1a977d57-70d8-4e75-bafe-1350a09fecbe,1d03ecc3-996b-4e20-9ed9-851cc8a0d28b,4bd3177f-50fa-43f0-bff0-62590a365558,36310203-8005-41dc-b51e-a8dc52960496,5ee9a2ec-3ce4-43df-a5d7-934ceabd411f,,2026-05-13 23:37:55.682985-07,,t,2026-06-03 01:03:53.949813-07,a49192c4-8bb3-4976-a588-82de978a882e,channel_project,channel_relationship,,
1aac9a72-745b-46a2-9b6c-1e0d6adade7a,3ece70c1-1f6b-4207-abfb-45dfdc570e71,d2b565de-9d4d-4e29-9810-29ce00bfd2bd,36310203-8005-41dc-b51e-a8dc52960496,6828c3df-aa9a-4ebe-8418-df13e38bb018,,2026-08-20 15:12:19.256871-07,,f,,,channel_project,channel_relationship,,
1ab5fc63-d406-4494-ac69-5ffe41bd6262,c254e4a6-40b8-4f69-946b-df7d606fce68,71e59864-5ed2-4311-bc5b-7a7597294c44,36310203-8005-41dc-b51e-a8dc52960496,6828c3df-aa9a-4ebe-8418-df13e38bb018,,2026-08-18 16:05:37.198551-07,,f,,,channel_project,channel_relationship,,
1ad15a96-9e26-4819-b12a-fcdf30abe123,5838394b-f805-4efe-b32a-e136587793a9,4bd3177f-50fa-43f0-bff0-62590a365558,36310203-8005-41dc-b51e-a8dc52960496,6828c3df-aa9a-4ebe-8418-df13e38bb018,,2026-01-16 02:20:30.102163-08,,f,,,channel_project,channel_relationship,,
1ad29b83-13b5-4f03-b2c9-6f0194f7794f,46e7015b-3bb3-4f89-a5f3-f58839d3ca52,fb606cb5-26e8-43c4-8d13-a07f07bba568,448025a0-0ff7-4ed0-a917-399a73decef2,43de9c8f-6685-44a4-8e13-be229a75ee6f,,2025-08-21 21:06:45.169293-07,,t,2026-03-16 21:44:29.426581-07,3a9ff8c5-8923-4d19-a09e-2c8d79cc7c6f,channel_project,channel_relationship,,
1af7cf3e-bf3e-400a-906e-3cde3934181d,1361e0b2-83d0-49aa-8427-892279d5ac1d,ee7bf8f4-7edd-4ff1-a9c0-ce4de3cc5845,448025a0-0ff7-4ed0-a917-399a73decef2,3a9ff8c5-8923-4d19-a09e-2c8d79cc7c6f,,2026-03-17 20:17:29.739663-07,,f,,,channel_project,channel_relationship,,
1b01355c-93d5-426f-99b8-282eecf6ce9e,d8ac9f30-806e-4319-9996-63f832ea8f48,af13f5cc-6b51-4949-ad6c-1786c27eaa3d,448025a0-0ff7-4ed0-a917-399a73decef2,6a34ddae-be72-471a-ad45-7e226c3a141f,,2026-07-13 02:07:25.784775-07,,f,,,channel_project,channel_relationship,,
1b1f8f8d-d4ab-4a8b-ba6d-893b95514c72,eee97771-c2ef-426b-8c92-fde92d29fa00,fb606cb5-26e8-43c4-8d13-a07f07bba568,448025a0-0ff7-4ed0-a917-399a73decef2,358dceb1-c1b0-46b9-a24f-c1b6a7fdb2dd,,2025-05-01 17:00:00-07,,f,,,channel_project,channel_relationship,,
1b5178a7-6521-4cbc-bcc6-296f106a95ee,131d3598-d3e5-4cca-8ce6-786d4e17a832,d0e3eeae-20a9-4302-a3ed-8ca0ee468548,448025a0-0ff7-4ed0-a917-399a73decef2,6a34ddae-be72-471a-ad45-7e226c3a141f,,2025-11-19 03:55:18.046841-08,,t,2026-01-05 03:00:18.628018-08,6a34ddae-be72-471a-ad45-7e226c3a141f,channel_project,channel_relationship,,
1b544709-86c6-4a7b-818c-4ac3080d8215,ff1f90eb-5328-44d6-8938-2f2d646d5ab1,d2b565de-9d4d-4e29-9810-29ce00bfd2bd,36310203-8005-41dc-b51e-a8dc52960496,6828c3df-aa9a-4ebe-8418-df13e38bb018,,2026-02-13 00:21:33.89403-08,,t,2026-03-22 20:54:13.615325-07,43f06182-5eb3-4c65-a524-f723cf7ebfe9,channel_project,channel_relationship,,
1b5577f1-2b10-415d-a2da-3b8655ad4f0f,5deee3c3-3888-46e0-899e-9cb092a60f26,85aa4dc6-4ea2-457d-9821-a71fd9d16888,448025a0-0ff7-4ed0-a917-399a73decef2,358dceb1-c1b0-46b9-a24f-c1b6a7fdb2dd,,2025-05-01 17:00:00-07,,t,2025-10-01 21:00:42.030256-07,97ee41e4-8f90-4991-8d67-df26d970bf62,channel_project,channel_relationship,,
1b6fca8e-54b6-4a3a-87b8-957ec5a88b3e,e107d378-fcfc-40ee-813b-d71e870724ba,71e59864-5ed2-4311-bc5b-7a7597294c44,36310203-8005-41dc-b51e-a8dc52960496,6828c3df-aa9a-4ebe-8418-df13e38bb018,,2026-07-01 09:53:30.555724-07,,f,,,channel_project,channel_relationship,,
1b992361-97c4-4558-ab84-d64df5701daf,892af875-6e12-4018-baae-3073dcd3fc0a,fb606cb5-26e8-43c4-8d13-a07f07bba568,448025a0-0ff7-4ed0-a917-399a73decef2,358dceb1-c1b0-46b9-a24f-c1b6a7fdb2dd,,2025-05-01 17:00:00-07,,f,,,channel_project,channel_relationship,,
1ba8c0e3-7f5b-4fba-9539-9f19bd252ffa,626b70f3-6403-497b-b4eb-3e9a5aa209c3,85aa4dc6-4ea2-457d-9821-a71fd9d16888,448025a0-0ff7-4ed0-a917-399a73decef2,43de9c8f-6685-44a4-8e13-be229a75ee6f,,2025-08-19 18:56:32.92423-07,,t,2026-03-16 21:05:13.684293-07,3a9ff8c5-8923-4d19-a09e-2c8d79cc7c6f,channel_project,channel_relationship,,
1bb236ae-b7ae-42bf-8455-c89a9b2f607a,94bd47ec-8f3e-43a0-9286-6d5c01a967bd,fb606cb5-26e8-43c4-8d13-a07f07bba568,448025a0-0ff7-4ed0-a917-399a73decef2,a61e2437-628b-43e7-a32c-f948290dbba9,,2026-08-04 02:44:58.153882-07,,t,2026-08-12 18:53:09.704547-07,97ee41e4-8f90-4991-8d67-df26d970bf62,channel_project,channel_relationship,,
1bb42ac8-f442-4d12-baa6-514d8ab4684b,8ec26275-d4e7-46d0-be6e-32c69e803411,4bd3177f-50fa-43f0-bff0-62590a365558,36310203-8005-41dc-b51e-a8dc52960496,5ee9a2ec-3ce4-43df-a5d7-934ceabd411f,,2026-05-13 23:38:27.680042-07,,t,2026-06-03 01:03:53.949804-07,a49192c4-8bb3-4976-a588-82de978a882e,channel_project,channel_relationship,,
1bb99efb-e718-42aa-a7e1-d01a874d429a,4091b3b1-89bb-45d1-a94e-306b5943b4f6,af13f5cc-6b51-4949-ad6c-1786c27eaa3d,448025a0-0ff7-4ed0-a917-399a73decef2,6a34ddae-be72-471a-ad45-7e226c3a141f,,2026-08-04 03:57:46.538191-07,,f,,,channel_project,channel_relationship,,
1bc27154-d114-4dce-a99e-ea66a28f7e2b,0979a60f-3f20-402d-946d-c3079fa85987,fb606cb5-26e8-43c4-8d13-a07f07bba568,448025a0-0ff7-4ed0-a917-399a73decef2,43de9c8f-6685-44a4-8e13-be229a75ee6f,,2026-08-15 00:14:24.152303-07,,f,,,channel_project,channel_relationship,,
1bcee6c5-33dc-4f70-869d-ea6d1d315d18,867e9621-d7a7-4a56-871e-33f2167387b3,4bd3177f-50fa-43f0-bff0-62590a365558,36310203-8005-41dc-b51e-a8dc52960496,5ee9a2ec-3ce4-43df-a5d7-934ceabd411f,,2025-12-31 01:35:49.690417-08,,t,2026-06-03 01:03:53.949919-07,a49192c4-8bb3-4976-a588-82de978a882e,channel_project,channel_relationship,,
1be5fe2d-c883-4a24-a3ac-5cdbd1cbbab1,f50eea60-4a84-46ed-a544-ed3d7bfed8a4,fb606cb5-26e8-43c4-8d13-a07f07bba568,448025a0-0ff7-4ed0-a917-399a73decef2,6a34ddae-be72-471a-ad45-7e226c3a141f,,2025-11-20 01:36:25.334246-08,,f,,,channel_project,channel_relationship,,
1c1d1d83-1b08-471a-8827-db71d4d04b80,52aab1f4-d1a7-466d-9906-5da177c63151,71e59864-5ed2-4311-bc5b-7a7597294c44,36310203-8005-41dc-b51e-a8dc52960496,6828c3df-aa9a-4ebe-8418-df13e38bb018,,2026-07-06 14:51:56.232753-07,,t,2026-08-02 21:19:03.7331-07,6828c3df-aa9a-4ebe-8418-df13e38bb018,channel_project,channel_relationship,,
1c78bd9e-d730-4635-a40b-50e090bbb009,30ae2a68-56dc-4274-aed9-e181136c4a4f,fb606cb5-26e8-43c4-8d13-a07f07bba568,448025a0-0ff7-4ed0-a917-399a73decef2,43de9c8f-6685-44a4-8e13-be229a75ee6f,,2025-09-25 18:58:51.981312-07,,t,2025-10-22 21:17:07.670246-07,68e650eb-4b91-4ef9-b1b3-918d09b9fc11,channel_project,channel_relationship,,
1c7cfd30-d760-4eea-9d10-7a25f9f8c249,41bc8d22-9d16-4f34-9bfa-c54d778bde65,af13f5cc-6b51-4949-ad6c-1786c27eaa3d,448025a0-0ff7-4ed0-a917-399a73decef2,6a34ddae-be72-471a-ad45-7e226c3a141f,,2025-11-20 02:19:57.259579-08,,f,,,channel_project,channel_relationship,,
1c8adba0-c78f-427b-a846-5dff143f4a98,dc11ac25-8a3a-433c-baf9-800c1358bcc8,85aa4dc6-4ea2-457d-9821-a71fd9d16888,448025a0-0ff7-4ed0-a917-399a73decef2,358dceb1-c1b0-46b9-a24f-c1b6a7fdb2dd,,2025-05-01 17:00:00-07,,t,2026-05-26 01:20:49.297192-07,a61e2437-628b-43e7-a32c-f948290dbba9,channel_project,channel_relationship,,
1cab74be-ef7a-4d7a-ba70-6146fd741cb4,44ff15f4-4127-4310-b473-95eddd651ec6,fb606cb5-26e8-43c4-8d13-a07f07bba568,448025a0-0ff7-4ed0-a917-399a73decef2,43de9c8f-6685-44a4-8e13-be229a75ee6f,,2025-08-05 21:06:38.519233-07,,f,,,channel_project,channel_relationship,,
1cb8e1cd-ced1-47ed-99f7-abe392c55fda,cca56b84-6fa2-4322-9b87-b11c4236a1d0,85aa4dc6-4ea2-457d-9821-a71fd9d16888,448025a0-0ff7-4ed0-a917-399a73decef2,ae786cf3-a6b6-4a7d-9ea0-ead631615e0c,,2026-06-09 03:08:42.246321-07,,f,,,channel_project,channel_relationship,,
1cc20621-317b-40d6-a611-e038b53beef1,7c0a013a-4ab7-44a7-8f05-3e7ef64378a4,701fd0d3-ff09-423e-a42b-af88f38ddf89,448025a0-0ff7-4ed0-a917-399a73decef2,6a34ddae-be72-471a-ad45-7e226c3a141f,,2026-04-01 00:05:03.344991-07,,t,2026-05-04 19:18:48.632266-07,5938543b-a59a-40f7-b443-88fa3e8e1c08,channel_project,channel_relationship,,
1cd40604-4dec-42a5-b8b2-eec68a407d05,70fecccb-9bd1-42fd-a111-7d28d4b47eef,fb606cb5-26e8-43c4-8d13-a07f07bba568,448025a0-0ff7-4ed0-a917-399a73decef2,3a9ff8c5-8923-4d19-a09e-2c8d79cc7c6f,,2026-03-17 19:23:32.536576-07,,f,,,channel_project,channel_relationship,,
1cdfcbe4-9d5c-489d-82d6-d2d5a576156f,109ebbea-3192-4fc5-a53e-5ed3e06d9db7,692dd103-d0c0-48e9-8000-3caa07bc5036,448025a0-0ff7-4ed0-a917-399a73decef2,43de9c8f-6685-44a4-8e13-be229a75ee6f,,2026-07-29 19:17:13.644047-07,,t,2026-07-31 03:29:33.398428-07,43de9c8f-6685-44a4-8e13-be229a75ee6f,channel_project,channel_relationship,,
1ce1280c-5553-47a9-9f07-0eaa7acd1de7,14f9d42f-c1ce-4de7-9ce0-ecc6925130be,d2b565de-9d4d-4e29-9810-29ce00bfd2bd,36310203-8005-41dc-b51e-a8dc52960496,6828c3df-aa9a-4ebe-8418-df13e38bb018,,2026-02-22 20:41:20.480157-08,,f,,,channel_project,channel_relationship,,
1ce8cc39-30ce-4551-83ed-3f6a8f83f26b,e08f3c2d-0236-4fd0-8b86-d978d047ef93,ee7bf8f4-7edd-4ff1-a9c0-ce4de3cc5845,448025a0-0ff7-4ed0-a917-399a73decef2,358dceb1-c1b0-46b9-a24f-c1b6a7fdb2dd,,2025-05-01 17:00:00-07,,t,2026-03-16 23:59:41.944698-07,3a9ff8c5-8923-4d19-a09e-2c8d79cc7c6f,channel_project,channel_relationship,,
1cf4557f-c3eb-4470-ae45-1d5352ebd2d4,f6c5df45-02f4-4bf1-9d83-e79ba2ddec64,fb606cb5-26e8-43c4-8d13-a07f07bba568,448025a0-0ff7-4ed0-a917-399a73decef2,358dceb1-c1b0-46b9-a24f-c1b6a7fdb2dd,,2025-05-01 17:00:00-07,,f,,,channel_project,channel_relationship,,
1d0f5ffc-86a5-4874-b845-7a09c8167675,ca885403-b90c-4eed-9e3a-5c03990466f0,af13f5cc-6b51-4949-ad6c-1786c27eaa3d,448025a0-0ff7-4ed0-a917-399a73decef2,6a34ddae-be72-471a-ad45-7e226c3a141f,,2026-01-11 23:42:42.463847-08,,f,,,channel_project,channel_relationship,,
1d2817b0-4ade-4bfd-b52a-ead1749954ea,a0736c7f-7b98-479f-a0b9-28dadd239ba6,af13f5cc-6b51-4949-ad6c-1786c27eaa3d,448025a0-0ff7-4ed0-a917-399a73decef2,7ac6e624-a5ec-4b22-82fc-b50012a0c438,,2025-12-12 23:36:43.399095-08,,t,2025-12-16 17:42:44.475052-08,7ac6e624-a5ec-4b22-82fc-b50012a0c438,channel_project,channel_relationship,,
1d29dcd9-c393-4302-acfe-06c2df6a0151,dc285480-0db8-44f9-8ed8-948928deaa08,af13f5cc-6b51-4949-ad6c-1786c27eaa3d,448025a0-0ff7-4ed0-a917-399a73decef2,43de9c8f-6685-44a4-8e13-be229a75ee6f,,2026-01-27 00:29:52.087953-08,,f,,,channel_project,channel_relationship,,
1d3fc41f-b1e3-4638-ac4b-aa8eaf0ececb,12991135-646f-4f27-b7ad-9aaa5e5e76de,af13f5cc-6b51-4949-ad6c-1786c27eaa3d,448025a0-0ff7-4ed0-a917-399a73decef2,6a34ddae-be72-471a-ad45-7e226c3a141f,,2026-01-11 23:43:42.712756-08,,f,,,channel_project,channel_relationship,,
1d436345-59b8-46bc-8def-1396775c15f2,68582ebb-84df-4df8-8894-743f0ac7a7e4,4bd3177f-50fa-43f0-bff0-62590a365558,36310203-8005-41dc-b51e-a8dc52960496,6828c3df-aa9a-4ebe-8418-df13e38bb018,,2026-08-20 16:09:16.459159-07,,f,,,channel_project,channel_relationship,,
1d49c5bb-7906-4c3b-bd60-ca16496dfa85,385b9709-76ce-4f06-8518-706a2ab86528,af13f5cc-6b51-4949-ad6c-1786c27eaa3d,448025a0-0ff7-4ed0-a917-399a73decef2,6a34ddae-be72-471a-ad45-7e226c3a141f,,2026-07-29 19:44:04.279261-07,,f,,,channel_project,channel_relationship,,
1d53d38e-6a04-4438-b1fc-4404ddf40bd1,a840ef4e-3f0a-4305-a86d-9f35ca427669,fb606cb5-26e8-43c4-8d13-a07f07bba568,448025a0-0ff7-4ed0-a917-399a73decef2,a61e2437-628b-43e7-a32c-f948290dbba9,,2026-06-07 19:21:20.880155-07,,f,,,channel_project,channel_relationship,,
1d63e0db-c323-419b-90d5-d4b9e11d9a62,393771ea-0029-42eb-885c-86d70448d446,d2b565de-9d4d-4e29-9810-29ce00bfd2bd,36310203-8005-41dc-b51e-a8dc52960496,6828c3df-aa9a-4ebe-8418-df13e38bb018,,2026-08-20 15:00:56.265437-07,,f,,,channel_project,channel_relationship,,
1d81d827-67f1-4126-b846-88b421c55edd,cfc48296-8f00-4267-a998-84525171a973,55edf029-dc12-4ea0-b1d9-7fcdf77518b7,448025a0-0ff7-4ed0-a917-399a73decef2,c47f3399-05a0-4073-8685-89972808f783,,2026-07-09 00:06:36.714374-07,,f,,,channel_project,channel_relationship,,
1d85ddba-c672-4850-87b0-aaf2a1414aaf,b01c2b81-5e32-4830-b458-92dffa2db9e8,af13f5cc-6b51-4949-ad6c-1786c27eaa3d,448025a0-0ff7-4ed0-a917-399a73decef2,358dceb1-c1b0-46b9-a24f-c1b6a7fdb2dd,,2025-05-01 17:00:00-07,,f,,,channel_project,channel_relationship,,
1d94b1d1-7db3-4fc3-a24c-bbb8c38a553b,64358b4c-362d-45ea-8981-57992ad6eac0,fb606cb5-26e8-43c4-8d13-a07f07bba568,448025a0-0ff7-4ed0-a917-399a73decef2,97ee41e4-8f90-4991-8d67-df26d970bf62,,2025-10-25 02:31:21.123656-07,,f,,,channel_project,channel_relationship,,
1dad2976-8256-42fe-b41c-ec0a08140c2e,feea4c7a-9403-4aeb-aeec-a6ce3b90bafe,fb606cb5-26e8-43c4-8d13-a07f07bba568,448025a0-0ff7-4ed0-a917-399a73decef2,ae786cf3-a6b6-4a7d-9ea0-ead631615e0c,,2026-05-29 02:36:02.493064-07,,f,,,channel_project,channel_relationship,,
1dca2b78-d9ab-48e7-8a07-e9c89934b7bb,17f47353-a071-401a-95eb-9095945c3b0d,af13f5cc-6b51-4949-ad6c-1786c27eaa3d,448025a0-0ff7-4ed0-a917-399a73decef2,43de9c8f-6685-44a4-8e13-be229a75ee6f,,2025-09-29 00:48:51.88915-07,,f,,,channel_project,channel_relationship,,
1dfeec7c-5519-4bce-8dfe-7e98326bb5b2,faade8c8-e8c9-4f3b-bede-b2fa6d60a3dd,d2b565de-9d4d-4e29-9810-29ce00bfd2bd,36310203-8005-41dc-b51e-a8dc52960496,6828c3df-aa9a-4ebe-8418-df13e38bb018,,2026-06-21 14:35:36.21879-07,,t,2026-07-03 03:12:54.526215-07,6828c3df-aa9a-4ebe-8418-df13e38bb018,channel_project,channel_relationship,,
1e515c43-618a-4389-ac91-8d3b4f6972f9,e3cbc771-2a47-4708-8947-d885c6bbf12d,af13f5cc-6b51-4949-ad6c-1786c27eaa3d,448025a0-0ff7-4ed0-a917-399a73decef2,358dceb1-c1b0-46b9-a24f-c1b6a7fdb2dd,,2025-04-30 17:00:00-07,,t,2025-11-19 02:47:44.507968-08,6a34ddae-be72-471a-ad45-7e226c3a141f,channel_project,channel_relationship,,
1e583737-4bb6-40c1-9dc6-beaf2cc3c51b,21e2c327-c0c9-4316-b538-a1f1e4463a98,af13f5cc-6b51-4949-ad6c-1786c27eaa3d,448025a0-0ff7-4ed0-a917-399a73decef2,6a34ddae-be72-471a-ad45-7e226c3a141f,,2026-07-13 02:08:10.827577-07,,f,,,channel_project,channel_relationship,,
1e588314-0096-4d0c-b656-46f14dc1a84b,ca3ced33-1e65-4b70-92c3-7c9b4708ca2c,ee7bf8f4-7edd-4ff1-a9c0-ce4de3cc5845,448025a0-0ff7-4ed0-a917-399a73decef2,ae786cf3-a6b6-4a7d-9ea0-ead631615e0c,,2026-01-07 18:43:24.641834-08,,f,,,channel_project,channel_relationship,,
1e681706-d275-4c1f-be54-cb90f8929e90,6ea31d1c-98fe-4066-b76c-0ef9b99ba4ed,dfe91dab-e0a9-4464-a55e-546c5106b969,448025a0-0ff7-4ed0-a917-399a73decef2,358dceb1-c1b0-46b9-a24f-c1b6a7fdb2dd,,2026-04-22 20:17:09.421258-07,,f,,,channel_project,channel_relationship,,
1e77755f-090d-4050-a7e6-0b3f1a4eefd0,b122866c-9fc9-4aaf-b17b-13b1abb4b302,fb606cb5-26e8-43c4-8d13-a07f07bba568,448025a0-0ff7-4ed0-a917-399a73decef2,358dceb1-c1b0-46b9-a24f-c1b6a7fdb2dd,,2025-05-29 22:04:18.113527-07,,t,2025-05-29 23:53:21.710849-07,358dceb1-c1b0-46b9-a24f-c1b6a7fdb2dd,channel_project,channel_relationship,,
1e8b3f29-ea12-4d08-8afd-dbf205b50d39,0f977483-60a7-4337-bbc5-8ccd87428fc1,85aa4dc6-4ea2-457d-9821-a71fd9d16888,448025a0-0ff7-4ed0-a917-399a73decef2,358dceb1-c1b0-46b9-a24f-c1b6a7fdb2dd,,2025-05-01 17:00:00-07,,t,2025-09-12 01:30:00.849563-07,c47f3399-05a0-4073-8685-89972808f783,channel_project,channel_relationship,,
1e8ce960-771a-450f-a0a6-7ee704751339,a4f94ac5-86a2-4e13-af6a-59942e6579e4,d2b565de-9d4d-4e29-9810-29ce00bfd2bd,36310203-8005-41dc-b51e-a8dc52960496,6828c3df-aa9a-4ebe-8418-df13e38bb018,,2026-08-20 15:10:45.845445-07,,f,,,channel_project,channel_relationship,,
1e8eea08-0d7b-4622-8486-ec485e71eeaa,20c6ca1d-5549-4106-ae5a-c5559c89782f,fb606cb5-26e8-43c4-8d13-a07f07bba568,448025a0-0ff7-4ed0-a917-399a73decef2,358dceb1-c1b0-46b9-a24f-c1b6a7fdb2dd,,2025-05-31 00:05:00.520652-07,,f,,,channel_project,channel_relationship,,
1e973c0a-b4e6-4c54-907e-7a5786d855dc,c20e2f4e-b50b-4686-af6b-5a5345af3175,af13f5cc-6b51-4949-ad6c-1786c27eaa3d,448025a0-0ff7-4ed0-a917-399a73decef2,358dceb1-c1b0-46b9-a24f-c1b6a7fdb2dd,,2025-05-01 17:00:00-07,,f,,,channel_project,channel_relationship,,
1e9e1b3e-7c5f-4c1d-b2d8-a3d47cabacc3,ebbe6860-8cae-4ff1-afac-ab70df566f32,40885a7b-f9f9-4541-abc8-6fdcda2ba048,448025a0-0ff7-4ed0-a917-399a73decef2,445ce746-9559-47a3-b159-af8559483c11,,2026-06-11 01:23:38.130707-07,,f,,,channel_project,channel_relationship,,
1eb5593a-f3ab-4276-bac2-107bbe735340,22d1c66a-80ab-4878-9b02-476ae5b30878,fb606cb5-26e8-43c4-8d13-a07f07bba568,448025a0-0ff7-4ed0-a917-399a73decef2,ae2d43e0-0d04-4d22-a9e5-93c660d4584c,,2026-07-20 18:18:35.78024-07,,f,,,channel_project,channel_relationship,,
1eb99dbc-0407-4dac-a001-e5a8538e5b13,b389a997-03d1-44e4-83fb-43ff6ad085aa,929da576-bb11-4d42-ba66-b7cc0ddb4adc,36310203-8005-41dc-b51e-a8dc52960496,6828c3df-aa9a-4ebe-8418-df13e38bb018,,2026-04-20 19:45:12.052638-07,,f,,,channel_project,channel_relationship,,
1ec02f41-e37a-4882-a891-8e94cd7e4bd1,a63aacd1-437f-4dc3-bf5e-8135be195957,876f23d2-c2e8-4543-9098-804fa472eb3e,448025a0-0ff7-4ed0-a917-399a73decef2,a61e2437-628b-43e7-a32c-f948290dbba9,,2026-07-20 21:54:33.152182-07,,f,,,channel_project,channel_relationship,,
1ec4682e-d935-4d72-abf1-624e294ae8ae,5661790c-1488-49d8-99d3-5c526dc473e6,701fd0d3-ff09-423e-a42b-af88f38ddf89,448025a0-0ff7-4ed0-a917-399a73decef2,358dceb1-c1b0-46b9-a24f-c1b6a7fdb2dd,,2025-04-30 17:00:00-07,,f,,,channel_project,channel_relationship,,
1ee10a66-eaed-4bdd-9e14-f807940b9bef,fad1e7bc-99f8-4821-beff-abd4694d5006,ee7bf8f4-7edd-4ff1-a9c0-ce4de3cc5845,448025a0-0ff7-4ed0-a917-399a73decef2,43de9c8f-6685-44a4-8e13-be229a75ee6f,,2026-01-06 22:43:15.781278-08,,f,,,channel_project,channel_relationship,,
1ee2d073-255b-4fbd-9255-d3356a546629,b1bd49fb-1c90-4d6b-9a47-0def464a8d77,4bd3177f-50fa-43f0-bff0-62590a365558,36310203-8005-41dc-b51e-a8dc52960496,6828c3df-aa9a-4ebe-8418-df13e38bb018,,2026-06-20 17:31:41.15597-07,,t,2026-07-07 14:53:14.049498-07,6828c3df-aa9a-4ebe-8418-df13e38bb018,channel_project,channel_relationship,,
1f00fd06-0f11-4037-8bbd-2496086cab53,d855b025-1f4f-4a66-abac-c26926c4db02,fb606cb5-26e8-43c4-8d13-a07f07bba568,448025a0-0ff7-4ed0-a917-399a73decef2,43de9c8f-6685-44a4-8e13-be229a75ee6f,,2025-10-09 00:16:06.707826-07,,f,,,channel_project,channel_relationship,,
1f20a7aa-7f4d-4348-b17d-ddbfc6011d1d,cac0e929-8c50-49ef-8f96-e9f76d81b74f,701fd0d3-ff09-423e-a42b-af88f38ddf89,448025a0-0ff7-4ed0-a917-399a73decef2,401057d2-0dfc-4445-9d9e-ccc7abf9d334,,2025-08-24 20:26:36.502501-07,,f,,,channel_project,channel_relationship,,
1f617de0-a749-41ad-a97b-6bd37e0023ae,0ee39d45-0828-43fd-b54a-2c76b0387aeb,af13f5cc-6b51-4949-ad6c-1786c27eaa3d,448025a0-0ff7-4ed0-a917-399a73decef2,97ee41e4-8f90-4991-8d67-df26d970bf62,,2025-10-21 21:24:21.932732-07,,f,,,channel_project,channel_relationship,,
1f720c6b-1031-4595-909c-7701e514c73e,b155f066-d9d8-4162-9c8e-cb9c8fb99fc4,af13f5cc-6b51-4949-ad6c-1786c27eaa3d,448025a0-0ff7-4ed0-a917-399a73decef2,43de9c8f-6685-44a4-8e13-be229a75ee6f,,2025-12-05 01:10:18.718598-08,,f,,,channel_project,channel_relationship,,
1f7cac82-8723-4d23-ac1a-71f2a74d97ce,e5040bb5-f0bc-4244-b7b0-a28959c47d70,a76d214b-b2d3-43f8-85d5-96d6a453c9a2,448025a0-0ff7-4ed0-a917-399a73decef2,a61e2437-628b-43e7-a32c-f948290dbba9,,2026-07-16 20:42:50.235105-07,,t,2026-07-31 20:09:58.923566-07,4e3eac7c-e6d8-4e10-b8b5-b66bcc744495,channel_project,channel_relationship,,
1f8ebd1f-5b7c-4c2a-821f-798525bc6312,4859ccde-c22e-4a58-8f8f-a72295fcbe4d,d0e3eeae-20a9-4302-a3ed-8ca0ee468548,448025a0-0ff7-4ed0-a917-399a73decef2,6a34ddae-be72-471a-ad45-7e226c3a141f,,2025-11-19 03:55:18.046841-08,,t,2026-01-05 03:00:06.235096-08,6a34ddae-be72-471a-ad45-7e226c3a141f,channel_project,channel_relationship,,
1fb38e15-202e-44d9-8608-a8d99e3562cd,655e9039-0402-4bfb-8267-c92f0aa17a61,d2b565de-9d4d-4e29-9810-29ce00bfd2bd,36310203-8005-41dc-b51e-a8dc52960496,6828c3df-aa9a-4ebe-8418-df13e38bb018,,2026-02-23 22:47:38.806836-08,,t,2026-07-06 20:58:58.026583-07,6828c3df-aa9a-4ebe-8418-df13e38bb018,channel_project,channel_relationship,,
1fbeceb0-6ce6-4f0e-89c6-1926153e050c,96afd353-8e06-4edc-97f0-4ecd75abdaaa,ee7bf8f4-7edd-4ff1-a9c0-ce4de3cc5845,448025a0-0ff7-4ed0-a917-399a73decef2,a61e2437-628b-43e7-a32c-f948290dbba9,,2025-12-29 19:31:55.315001-08,,f,,,channel_project,channel_relationship,,
1fc81be9-fe91-45c4-9bb9-37eee3b76956,893be089-d416-4fe4-89a1-aa24fc6ddf51,ee7bf8f4-7edd-4ff1-a9c0-ce4de3cc5845,448025a0-0ff7-4ed0-a917-399a73decef2,3a9ff8c5-8923-4d19-a09e-2c8d79cc7c6f,,2026-03-17 19:06:33.503068-07,,f,,,channel_project,channel_relationship,,
1fcb3ced-4cc8-4eb6-a0bd-1f1b98e262f6,7e414cf2-16f1-4f69-a8bf-46ca1adf3d03,d2b565de-9d4d-4e29-9810-29ce00bfd2bd,36310203-8005-41dc-b51e-a8dc52960496,6828c3df-aa9a-4ebe-8418-df13e38bb018,,2026-04-14 00:37:20.604964-07,,t,2026-06-04 02:10:29.614721-07,6828c3df-aa9a-4ebe-8418-df13e38bb018,channel_project,channel_relationship,,
1fd297d7-1058-43ef-b1c3-84d71c73544c,aa6908d1-4b4a-4472-8767-934000773385,fb606cb5-26e8-43c4-8d13-a07f07bba568,448025a0-0ff7-4ed0-a917-399a73decef2,358dceb1-c1b0-46b9-a24f-c1b6a7fdb2dd,,2025-05-01 17:00:00-07,,f,,,channel_project,channel_relationship,,
2006958d-869a-4761-a93a-17cd153d6661,da8c7488-a8ed-4bc6-b870-205381e38aea,87126131-51a3-46a3-b4ac-2ec2cce25711,448025a0-0ff7-4ed0-a917-399a73decef2,6a34ddae-be72-471a-ad45-7e226c3a141f,,2026-01-14 20:29:24.852639-08,,f,,,channel_project,channel_relationship,,
200e187d-c010-411f-82a3-160172cf20a8,dac048ce-d188-4d4f-8b94-8f2b88a042ae,55edf029-dc12-4ea0-b1d9-7fcdf77518b7,448025a0-0ff7-4ed0-a917-399a73decef2,c47f3399-05a0-4073-8685-89972808f783,,2026-07-09 00:06:46.799497-07,,f,,,channel_project,channel_relationship,,
20198786-5ff7-43f0-ab93-157dfd071e68,c4f53d1a-43cf-4c22-9e89-2e1bcceb228e,d2b565de-9d4d-4e29-9810-29ce00bfd2bd,36310203-8005-41dc-b51e-a8dc52960496,6828c3df-aa9a-4ebe-8418-df13e38bb018,,2026-08-20 16:00:54.294993-07,,f,,,channel_project,channel_relationship,,
2020c5ff-42d4-4d20-8482-743931f5e4ef,e23dd043-1c17-4037-b396-8335809278d8,af13f5cc-6b51-4949-ad6c-1786c27eaa3d,448025a0-0ff7-4ed0-a917-399a73decef2,358dceb1-c1b0-46b9-a24f-c1b6a7fdb2dd,,2025-04-30 17:00:00-07,,t,2025-11-19 02:51:04.572436-08,6a34ddae-be72-471a-ad45-7e226c3a141f,channel_project,channel_relationship,,
20a6de5c-8e9e-48b7-8750-aa6231485ebf,bf2d504d-43f5-4b33-b327-e02f4c2dc7fe,701fd0d3-ff09-423e-a42b-af88f38ddf89,448025a0-0ff7-4ed0-a917-399a73decef2,3a9ff8c5-8923-4d19-a09e-2c8d79cc7c6f,,2026-03-17 19:56:39.284191-07,,t,2026-03-17 20:22:17.481332-07,954feab8-e0a0-4ccf-93d3-de82a44955d6,channel_project,channel_relationship,,
20ac47eb-30c4-43b0-8111-0394422d8890,069690c0-ad62-4e15-ad92-c220acf7ee5a,fb606cb5-26e8-43c4-8d13-a07f07bba568,448025a0-0ff7-4ed0-a917-399a73decef2,ae786cf3-a6b6-4a7d-9ea0-ead631615e0c,,2026-03-18 03:05:42.344861-07,,f,,,channel_project,channel_relationship,,
20b20cbe-3c64-4c62-86f3-7caac6d930b4,cc469843-3f60-401b-86cc-7f01b5139291,d2b565de-9d4d-4e29-9810-29ce00bfd2bd,36310203-8005-41dc-b51e-a8dc52960496,6828c3df-aa9a-4ebe-8418-df13e38bb018,,2026-07-22 21:14:09.96013-07,,f,,,channel_project,channel_relationship,,
20e68bbb-acbe-4063-acf0-99857ff154fe,abb33c7b-f071-4f6a-900b-efd47aeb8ee3,af13f5cc-6b51-4949-ad6c-1786c27eaa3d,448025a0-0ff7-4ed0-a917-399a73decef2,358dceb1-c1b0-46b9-a24f-c1b6a7fdb2dd,,2025-05-01 17:00:00-07,,f,,,channel_project,channel_relationship,,
20f1243b-64ee-4c5c-998b-b8ae5f3afed5,1feff4c1-ea41-4b5b-a24b-be121c37cbdf,701fd0d3-ff09-423e-a42b-af88f38ddf89,448025a0-0ff7-4ed0-a917-399a73decef2,6a34ddae-be72-471a-ad45-7e226c3a141f,,2026-05-07 18:50:23.939805-07,,t,2026-06-01 18:11:32.649499-07,6a34ddae-be72-471a-ad45-7e226c3a141f,channel_project,channel_relationship,,
2100f564-6427-4be4-a339-0467a81abe36,650ca254-dd3d-4b16-8fac-49eb82fa351b,d2b565de-9d4d-4e29-9810-29ce00bfd2bd,36310203-8005-41dc-b51e-a8dc52960496,6828c3df-aa9a-4ebe-8418-df13e38bb018,,2026-02-13 00:01:17.716135-08,,f,,,channel_project,channel_relationship,,
2108c300-9e62-4199-b10c-8087a479b5cb,e2a01b04-c452-4a68-91d4-c851e7a0dc05,d2b565de-9d4d-4e29-9810-29ce00bfd2bd,36310203-8005-41dc-b51e-a8dc52960496,6828c3df-aa9a-4ebe-8418-df13e38bb018,,2026-01-15 01:33:07.221252-08,,f,,,channel_project,channel_relationship,,
210d9e96-94c1-4014-a66b-5fe71803a91f,86af50d8-fd7b-456d-842d-af0497a5552d,40885a7b-f9f9-4541-abc8-6fdcda2ba048,448025a0-0ff7-4ed0-a917-399a73decef2,358dceb1-c1b0-46b9-a24f-c1b6a7fdb2dd,,2025-05-01 17:00:00-07,,f,,,channel_project,channel_relationship,,
211a5dcc-45bd-41d0-b00a-36bc92e15a42,0da4a979-2cee-4e16-a5ee-509f05dff552,ee7bf8f4-7edd-4ff1-a9c0-ce4de3cc5845,448025a0-0ff7-4ed0-a917-399a73decef2,13d11747-06d8-499f-a3fa-c6ea22bfa6dc,,2026-04-16 21:20:52.057808-07,,f,,,channel_project,channel_relationship,,
2121d200-1ffb-4ea4-9ba9-62fc4f3f9c9f,cc26066e-ba87-4f50-9104-a0640a2e7152,ee7bf8f4-7edd-4ff1-a9c0-ce4de3cc5845,448025a0-0ff7-4ed0-a917-399a73decef2,43de9c8f-6685-44a4-8e13-be229a75ee6f,,2025-08-22 21:17:17.263021-07,,t,2026-03-16 21:31:29.569116-07,3a9ff8c5-8923-4d19-a09e-2c8d79cc7c6f,channel_project,channel_relationship,,
21299c7d-96f3-4def-8d34-d34827e43838,91cd0a6f-f193-4789-b898-9817a0b6e590,929da576-bb11-4d42-ba66-b7cc0ddb4adc,36310203-8005-41dc-b51e-a8dc52960496,6828c3df-aa9a-4ebe-8418-df13e38bb018,,2026-04-20 20:10:02.5384-07,,t,2026-05-26 01:33:48.849169-07,6828c3df-aa9a-4ebe-8418-df13e38bb018,channel_project,channel_relationship,,
214b81ce-d667-4385-80ed-3b5561e2346c,83440154-4de4-45af-9f3c-0a720162d37e,d2b565de-9d4d-4e29-9810-29ce00bfd2bd,36310203-8005-41dc-b51e-a8dc52960496,6828c3df-aa9a-4ebe-8418-df13e38bb018,,2026-04-03 00:52:07.897831-07,,t,2026-05-26 01:33:07.928118-07,6828c3df-aa9a-4ebe-8418-df13e38bb018,channel_project,channel_relationship,,
2170ddbf-a155-4d47-a74a-93f44ffed425,eaabbde3-d8e8-4390-83f7-62f068ebc2b6,701fd0d3-ff09-423e-a42b-af88f38ddf89,448025a0-0ff7-4ed0-a917-399a73decef2,523b56b4-5d7a-4ef7-83ed-e92961bdb7e9,,2026-05-04 19:16:34.582865-07,,f,,,channel_project,channel_relationship,,
21dc0b1d-1212-43e0-94ff-29a6ee6c2e33,7ffdacef-5d02-4aa8-b3d3-84c85d823164,fb606cb5-26e8-43c4-8d13-a07f07bba568,448025a0-0ff7-4ed0-a917-399a73decef2,3a9ff8c5-8923-4d19-a09e-2c8d79cc7c6f,,2026-03-18 00:13:30.166165-07,,t,2026-05-11 00:01:25.357629-07,ae786cf3-a6b6-4a7d-9ea0-ead631615e0c,channel_project,channel_relationship,,
21dca22b-2661-45ca-97f9-554a8e6889ed,bbbf1741-29f0-4d41-a0e0-eab70135b3e5,dd4bf39a-03d9-4c7b-be58-8d0eb4f00acf,448025a0-0ff7-4ed0-a917-399a73decef2,43de9c8f-6685-44a4-8e13-be229a75ee6f,,2026-03-05 19:48:41.057294-08,,f,,,channel_project,channel_relationship,,
21e8292e-ecf5-4ffd-878e-a0fc27e74830,38ee3d5b-c373-4889-9141-bbea0b322e6c,af13f5cc-6b51-4949-ad6c-1786c27eaa3d,501e409b-2168-4f0c-8d46-b0f17c71796d,358dceb1-c1b0-46b9-a24f-c1b6a7fdb2dd,,2025-04-30 17:00:00-07,,t,2025-11-19 02:51:49.555917-08,6a34ddae-be72-471a-ad45-7e226c3a141f,channel_project,channel_relationship,,
21e87e7b-fbc3-4e85-ac3a-c62b2c05892e,c7293e92-9862-4316-8227-b164e3aa24c8,fb606cb5-26e8-43c4-8d13-a07f07bba568,448025a0-0ff7-4ed0-a917-399a73decef2,43de9c8f-6685-44a4-8e13-be229a75ee6f,,2026-08-15 00:29:44.52001-07,,f,,,channel_project,channel_relationship,,
21f7b207-5a2a-4d93-9f6a-35a622150736,280fc294-497d-4e8d-a413-94eff0fe0a10,d2b565de-9d4d-4e29-9810-29ce00bfd2bd,36310203-8005-41dc-b51e-a8dc52960496,5ee9a2ec-3ce4-43df-a5d7-934ceabd411f,,2026-05-13 23:35:56.725134-07,,t,2026-06-02 23:48:23.96456-07,a49192c4-8bb3-4976-a588-82de978a882e,channel_project,channel_relationship,,
220a79aa-3ef9-431d-b234-422bf3596f81,396221b9-cdc5-45b2-a79f-2d6de550fda9,fb606cb5-26e8-43c4-8d13-a07f07bba568,448025a0-0ff7-4ed0-a917-399a73decef2,3a9ff8c5-8923-4d19-a09e-2c8d79cc7c6f,,2026-03-17 21:39:54.835261-07,,f,,,channel_project,channel_relationship,,
22103225-86fa-4749-81ec-db3e912df366,f72d7978-55d6-4f64-822d-75d127560b0d,701fd0d3-ff09-423e-a42b-af88f38ddf89,448025a0-0ff7-4ed0-a917-399a73decef2,6a34ddae-be72-471a-ad45-7e226c3a141f,,2026-04-01 00:07:33.893451-07,,f,,,channel_project,channel_relationship,,
221172e0-e3fa-4c76-aaf9-8d5d0ecb9eca,5e8bddb1-e8fb-4a35-bbc1-019d542537e5,ee7bf8f4-7edd-4ff1-a9c0-ce4de3cc5845,448025a0-0ff7-4ed0-a917-399a73decef2,358dceb1-c1b0-46b9-a24f-c1b6a7fdb2dd,,2025-05-01 17:00:00-07,,t,2025-08-20 20:37:37.403653-07,97667a27-3ff1-45d8-8612-f3bef52610b6,channel_project,channel_relationship,,
221437f0-036e-4efb-9cb9-92634d690a95,06481104-889f-4d55-a824-81c001db2fc0,fb606cb5-26e8-43c4-8d13-a07f07bba568,448025a0-0ff7-4ed0-a917-399a73decef2,6a34ddae-be72-471a-ad45-7e226c3a141f,,2026-07-27 21:34:33.862511-07,,f,,,channel_project,channel_relationship,,
2232ffc7-d4c0-458d-9e82-2e63bd6fab1b,0ad03dff-e4e1-44e5-a928-683d1d04540e,ee7bf8f4-7edd-4ff1-a9c0-ce4de3cc5845,448025a0-0ff7-4ed0-a917-399a73decef2,3a9ff8c5-8923-4d19-a09e-2c8d79cc7c6f,,2026-03-17 20:20:07.060684-07,,t,2026-03-23 02:58:53.143058-07,92f38085-28a3-43aa-8bde-1b4b9ecfdfd6,channel_project,channel_relationship,,
22631403-9647-4e05-ab70-e1973c88bd2d,69fafd52-f52b-43dc-a380-ae9528fbf2f9,fb606cb5-26e8-43c4-8d13-a07f07bba568,448025a0-0ff7-4ed0-a917-399a73decef2,358dceb1-c1b0-46b9-a24f-c1b6a7fdb2dd,,2025-05-01 17:00:00-07,,f,,,channel_project,channel_relationship,,
2276befe-6dc6-4a18-a18e-e48d0029c654,99bd7617-7898-4f76-a82f-5853536a3abd,af13f5cc-6b51-4949-ad6c-1786c27eaa3d,448025a0-0ff7-4ed0-a917-399a73decef2,6a34ddae-be72-471a-ad45-7e226c3a141f,,2026-07-13 21:20:29.778324-07,,f,,,channel_project,channel_relationship,,
22ac10c2-66ea-4fe9-878f-0af7dd51c91e,18241b7b-65cc-4311-8c70-234afd508abe,af13f5cc-6b51-4949-ad6c-1786c27eaa3d,448025a0-0ff7-4ed0-a917-399a73decef2,4e3eac7c-e6d8-4e10-b8b5-b66bcc744495,,2025-11-14 00:47:47.578285-08,,f,,,channel_project,channel_relationship,,
22c9e134-7bb7-4b3e-984d-b6435d5c29e3,45c3791e-044c-43b5-bdea-1485aa92e300,d2b565de-9d4d-4e29-9810-29ce00bfd2bd,36310203-8005-41dc-b51e-a8dc52960496,1fe20089-cd12-4a7c-bb42-9d338cab198b,,2025-12-28 23:36:38.678622-08,,t,2026-04-17 03:14:24.629914-07,1fe20089-cd12-4a7c-bb42-9d338cab198b,channel_project,channel_relationship,,
230064de-5514-490e-b9d1-7d5647ede8ef,2803e0db-bcb5-4351-9428-61b2beb5902f,fb606cb5-26e8-43c4-8d13-a07f07bba568,448025a0-0ff7-4ed0-a917-399a73decef2,a61e2437-628b-43e7-a32c-f948290dbba9,,2026-03-11 01:51:45.795457-07,,f,,,channel_project,channel_relationship,,
2302b2e6-03c4-486e-a754-a509afee8650,d9b6647d-a7d5-448c-b7a6-d287ec3fa20e,ee7bf8f4-7edd-4ff1-a9c0-ce4de3cc5845,448025a0-0ff7-4ed0-a917-399a73decef2,43de9c8f-6685-44a4-8e13-be229a75ee6f,,2025-08-14 00:38:53.99034-07,,f,,,channel_project,channel_relationship,,
230e96c8-d923-4437-9642-d1afbd327aa6,427ade60-da3f-45b6-b87b-8bf819171c89,ea95ae55-0599-4c55-8d67-e5b7c2952f48,36310203-8005-41dc-b51e-a8dc52960496,6828c3df-aa9a-4ebe-8418-df13e38bb018,,2026-03-30 04:41:30.913715-07,,t,2026-04-08 21:33:49.942424-07,6828c3df-aa9a-4ebe-8418-df13e38bb018,channel_project,channel_relationship,,
230ea7aa-519c-41d2-8269-d6652e6114f2,096ae324-3208-4953-a112-ccc7f37a6576,40885a7b-f9f9-4541-abc8-6fdcda2ba048,448025a0-0ff7-4ed0-a917-399a73decef2,86e0f3f2-3c06-4902-bfea-2360bfe41b9a,,2025-07-22 02:55:57.695701-07,,f,,,channel_project,channel_relationship,,
232fd73f-e775-4a70-af4a-80ff566d4da3,8e1e6462-5f32-453b-b065-677c6b507a85,71e59864-5ed2-4311-bc5b-7a7597294c44,36310203-8005-41dc-b51e-a8dc52960496,6828c3df-aa9a-4ebe-8418-df13e38bb018,,2026-06-04 02:03:34.117104-07,,f,,,channel_project,channel_relationship,,
233e8f66-f5e1-400e-919d-ab04a1a47ba8,4c0cbfd7-86ea-4793-af3c-b80645310be9,fb606cb5-26e8-43c4-8d13-a07f07bba568,448025a0-0ff7-4ed0-a917-399a73decef2,358dceb1-c1b0-46b9-a24f-c1b6a7fdb2dd,,2025-05-29 23:55:00.034824-07,,t,2026-03-16 21:19:24.546948-07,3a9ff8c5-8923-4d19-a09e-2c8d79cc7c6f,channel_project,channel_relationship,,
234b1f1c-8b45-432b-b87b-c50c665449b9,465a0110-2492-4012-bcb9-bc12d76f2475,af13f5cc-6b51-4949-ad6c-1786c27eaa3d,448025a0-0ff7-4ed0-a917-399a73decef2,20d65b3a-6926-4239-9e1b-7208bacd7ddf,,2026-06-22 01:55:56.839632-07,,f,,,channel_project,channel_relationship,,
235c2ef9-1cdb-45c5-a094-774d5efb0d59,36ed1742-370f-49f9-b4ed-20508728664f,71e59864-5ed2-4311-bc5b-7a7597294c44,36310203-8005-41dc-b51e-a8dc52960496,6828c3df-aa9a-4ebe-8418-df13e38bb018,,2026-07-28 04:14:42.282868-07,,f,,,channel_project,channel_relationship,,
235f8c24-f7ca-472a-8350-bf4621c215fe,b8ebc97a-6c0c-448e-a64d-f06174b5556c,d2b565de-9d4d-4e29-9810-29ce00bfd2bd,36310203-8005-41dc-b51e-a8dc52960496,1fe20089-cd12-4a7c-bb42-9d338cab198b,,2026-08-06 03:30:19.647426-07,,f,,,channel_project,channel_relationship,,
236acebb-d93b-4997-8b69-afbf5d7936e6,ce03dbed-3082-4b57-ace1-a0405f3bda1f,ca724c7b-3328-45a5-9019-9eb6697be859,448025a0-0ff7-4ed0-a917-399a73decef2,358dceb1-c1b0-46b9-a24f-c1b6a7fdb2dd,,2025-04-30 17:00:00-07,,t,2026-03-05 19:28:38.658921-08,d54d395f-d027-40fb-a19c-723d01f6a380,channel_project,channel_relationship,,
2377fced-68ec-400a-b07d-3f07ef252477,29ab2330-0c01-48d7-94f6-8a2dfc561884,fb606cb5-26e8-43c4-8d13-a07f07bba568,448025a0-0ff7-4ed0-a917-399a73decef2,43de9c8f-6685-44a4-8e13-be229a75ee6f,,2025-11-10 23:10:32.547949-08,,t,2026-03-17 01:41:20.534607-07,3a9ff8c5-8923-4d19-a09e-2c8d79cc7c6f,channel_project,channel_relationship,,
23793bce-f9f8-4b8b-9ac3-17ef44bc7fc6,0da4a979-2cee-4e16-a5ee-509f05dff552,701fd0d3-ff09-423e-a42b-af88f38ddf89,448025a0-0ff7-4ed0-a917-399a73decef2,358dceb1-c1b0-46b9-a24f-c1b6a7fdb2dd,,2025-05-01 17:00:00-07,,t,2026-04-02 03:17:11.822113-07,31125a01-8c64-45f3-92e5-70c889f66b90,channel_project,channel_relationship,,
23a254c5-c576-4d8b-9d69-ce4fecfa2b42,9cb34cb0-73fd-4f64-b7fd-3b68c4e7975e,40885a7b-f9f9-4541-abc8-6fdcda2ba048,448025a0-0ff7-4ed0-a917-399a73decef2,97ee41e4-8f90-4991-8d67-df26d970bf62,,2025-09-27 00:49:54.325451-07,,t,2026-05-26 18:49:41.754183-07,6a60fcc1-ce96-4398-a432-d397b95d22b6,channel_project,channel_relationship,,
23b0d113-6f02-4cc7-bf5d-8ec93d6c5912,a34b91f8-a3f6-4339-9874-c0f1d54c051c,a76d214b-b2d3-43f8-85d5-96d6a453c9a2,448025a0-0ff7-4ed0-a917-399a73decef2,358dceb1-c1b0-46b9-a24f-c1b6a7fdb2dd,,2025-06-17 19:26:57.226976-07,,t,2025-10-05 19:01:30.108938-07,6011e2db-5799-4094-8ed7-ae9feaae94f0,channel_project,channel_relationship,,
23c7c976-0b7b-4586-a90e-d9286ab93c28,e30b1e36-49eb-4518-9f41-05fdde043cd6,ee7bf8f4-7edd-4ff1-a9c0-ce4de3cc5845,448025a0-0ff7-4ed0-a917-399a73decef2,43de9c8f-6685-44a4-8e13-be229a75ee6f,,2025-09-24 02:30:26.328004-07,,t,2026-03-16 23:57:09.150624-07,3a9ff8c5-8923-4d19-a09e-2c8d79cc7c6f,channel_project,channel_relationship,,
23cc12ee-24fd-417d-8b57-dfcb8fa25715,39fc54bf-87ad-4402-b26d-86ffea9a04a6,d2b565de-9d4d-4e29-9810-29ce00bfd2bd,36310203-8005-41dc-b51e-a8dc52960496,6828c3df-aa9a-4ebe-8418-df13e38bb018,,2026-07-20 19:13:53.791158-07,,f,,,channel_project,channel_relationship,,
23d1d1a1-5ac8-4393-96b8-c5032368e11c,fffa4e6b-0c63-404b-b823-d277b8335f5f,d2b565de-9d4d-4e29-9810-29ce00bfd2bd,36310203-8005-41dc-b51e-a8dc52960496,5ee9a2ec-3ce4-43df-a5d7-934ceabd411f,,2026-02-12 02:22:39.28639-08,,t,2026-06-03 00:48:42.157922-07,a49192c4-8bb3-4976-a588-82de978a882e,channel_project,channel_relationship,,
24230110-9af9-44d6-ab6f-aad520fdc904,e48d61a2-0662-430f-a514-cf267c726a1a,fb606cb5-26e8-43c4-8d13-a07f07bba568,448025a0-0ff7-4ed0-a917-399a73decef2,a61e2437-628b-43e7-a32c-f948290dbba9,,2026-01-13 19:21:03.697334-08,,t,2026-08-12 18:56:27.288652-07,97ee41e4-8f90-4991-8d67-df26d970bf62,channel_project,channel_relationship,,
2445ef15-bc2c-4e11-98b3-04591d7106de,d265b5fb-e605-4db0-88e4-39e6d38a97b9,ee7bf8f4-7edd-4ff1-a9c0-ce4de3cc5845,448025a0-0ff7-4ed0-a917-399a73decef2,ae786cf3-a6b6-4a7d-9ea0-ead631615e0c,,2026-01-20 02:26:50.800572-08,,t,2026-03-16 21:19:24.546901-07,3a9ff8c5-8923-4d19-a09e-2c8d79cc7c6f,channel_project,channel_relationship,,
24482d6c-2a76-487e-9bc0-7df817fa9803,4f7972d1-583a-49f1-ad91-669c07903a60,fb606cb5-26e8-43c4-8d13-a07f07bba568,448025a0-0ff7-4ed0-a917-399a73decef2,c47f3399-05a0-4073-8685-89972808f783,,2025-08-21 21:35:07.400594-07,,f,,,channel_project,channel_relationship,,
2449d494-1f81-428c-9f2d-f118b2e33888,41bd9a49-983f-46e2-91cc-310ba7e181a5,fb606cb5-26e8-43c4-8d13-a07f07bba568,448025a0-0ff7-4ed0-a917-399a73decef2,97ee41e4-8f90-4991-8d67-df26d970bf62,,2026-08-14 18:42:53.173765-07,,f,,,channel_project,channel_relationship,,
244bdd50-f55e-4bb8-8687-49aabbebe164,9cf3ef62-5e2b-4911-a0a2-c818ee04aabb,fb606cb5-26e8-43c4-8d13-a07f07bba568,448025a0-0ff7-4ed0-a917-399a73decef2,a61e2437-628b-43e7-a32c-f948290dbba9,,2025-11-20 02:30:10.292234-08,,t,2026-04-08 21:39:45.753976-07,a61e2437-628b-43e7-a32c-f948290dbba9,channel_project,channel_relationship,,
244e9bae-2a95-4554-8043-717d531556bf,fb4139d9-6c13-45f7-a616-4df126269110,fb606cb5-26e8-43c4-8d13-a07f07bba568,448025a0-0ff7-4ed0-a917-399a73decef2,358dceb1-c1b0-46b9-a24f-c1b6a7fdb2dd,,2025-05-01 17:00:00-07,,f,,,channel_project,channel_relationship,,
245f839d-6612-485d-bd17-aa084eb74303,80550ae8-511c-4d8b-a8b6-30348b72eccb,fb606cb5-26e8-43c4-8d13-a07f07bba568,448025a0-0ff7-4ed0-a917-399a73decef2,a61e2437-628b-43e7-a32c-f948290dbba9,,2026-03-04 17:48:59.25824-08,,f,,,channel_project,channel_relationship,,
247a75e9-2ce5-4621-af71-76a81eceaf40,276fb331-4de6-46e2-a8e9-3720fb0fe588,40885a7b-f9f9-4541-abc8-6fdcda2ba048,448025a0-0ff7-4ed0-a917-399a73decef2,840a485c-fe90-4433-a687-445a361c5545,,2026-03-05 22:41:47.591759-08,,f,,,channel_project,channel_relationship,,
247bd846-2906-42b2-bbb1-a560085d1fc0,5d228ba1-e222-4d3f-9d8b-9f05312dd301,fb606cb5-26e8-43c4-8d13-a07f07bba568,448025a0-0ff7-4ed0-a917-399a73decef2,43de9c8f-6685-44a4-8e13-be229a75ee6f,,2025-10-09 20:47:15.710072-07,,f,,,channel_project,channel_relationship,,
2491de15-d9d5-4f32-b7f7-6deca6b3c342,c3b8304e-d82d-420e-88a8-f8204c5f4893,767724ec-7181-4a56-8366-aa141632fe8e,448025a0-0ff7-4ed0-a917-399a73decef2,ae786cf3-a6b6-4a7d-9ea0-ead631615e0c,,2026-04-28 01:35:00.318609-07,,f,,,channel_project,channel_relationship,,
24a0a214-d152-4fb1-9d00-5a03e3923b4e,feb6927d-ee9b-40fc-8897-54a2bef67493,fb606cb5-26e8-43c4-8d13-a07f07bba568,448025a0-0ff7-4ed0-a917-399a73decef2,3a9ff8c5-8923-4d19-a09e-2c8d79cc7c6f,,2026-03-17 21:29:03.809193-07,,f,,,channel_project,channel_relationship,,
24b4b0e4-08ca-4708-ac9b-f36a2d9d4164,38ee3d5b-c373-4889-9141-bbea0b322e6c,af13f5cc-6b51-4949-ad6c-1786c27eaa3d,448025a0-0ff7-4ed0-a917-399a73decef2,3a9ff8c5-8923-4d19-a09e-2c8d79cc7c6f,,2025-10-05 21:40:23.46791-07,,t,2025-10-05 21:54:23.746636-07,d54d395f-d027-40fb-a19c-723d01f6a380,channel_project,channel_relationship,,
24d3ba6a-a91c-44b7-b5b4-c0b3e7bc80e3,77b1b022-3453-41fe-b20a-75ffac80d734,929da576-bb11-4d42-ba66-b7cc0ddb4adc,36310203-8005-41dc-b51e-a8dc52960496,6828c3df-aa9a-4ebe-8418-df13e38bb018,,2026-06-01 14:42:44.027392-07,,f,,,channel_project,channel_relationship,,
24e38597-e770-4b80-9234-eeccd6b46117,8a7b5b76-4f35-477a-aaf8-2ad2a3ebd811,fb606cb5-26e8-43c4-8d13-a07f07bba568,448025a0-0ff7-4ed0-a917-399a73decef2,ae786cf3-a6b6-4a7d-9ea0-ead631615e0c,,2026-03-06 21:48:53.466445-08,,t,2026-03-16 23:43:09.612634-07,3a9ff8c5-8923-4d19-a09e-2c8d79cc7c6f,channel_project,channel_relationship,,
24e7fe46-10d5-460a-b6b7-d1ad9848baf2,748eaece-8967-4b01-9659-f1cecf4ef4ae,dfe91dab-e0a9-4464-a55e-546c5106b969,448025a0-0ff7-4ed0-a917-399a73decef2,358dceb1-c1b0-46b9-a24f-c1b6a7fdb2dd,,2026-04-22 20:27:09.076886-07,,f,,,channel_project,channel_relationship,,
24e961a7-3de1-4a7b-88a0-50f01899b2ed,088dff2a-a956-4b66-ad2b-69cd23eeefe4,fb606cb5-26e8-43c4-8d13-a07f07bba568,448025a0-0ff7-4ed0-a917-399a73decef2,6a34ddae-be72-471a-ad45-7e226c3a141f,,2025-11-20 02:17:56.628093-08,,f,,,channel_project,channel_relationship,,
24f0f68f-e5f7-4bce-8c05-e3a339826829,42ba0326-74b8-4246-b4cd-2f6918949e7e,d2b565de-9d4d-4e29-9810-29ce00bfd2bd,36310203-8005-41dc-b51e-a8dc52960496,1fe20089-cd12-4a7c-bb42-9d338cab198b,,2026-05-10 20:01:37.453364-07,,t,2026-05-10 20:06:42.462652-07,1fe20089-cd12-4a7c-bb42-9d338cab198b,channel_project,channel_relationship,,
24f60e2d-e780-4c00-a326-b27ba4a193df,bc19852c-6df3-4d8c-8047-dc9e34689348,a76d214b-b2d3-43f8-85d5-96d6a453c9a2,448025a0-0ff7-4ed0-a917-399a73decef2,6a34ddae-be72-471a-ad45-7e226c3a141f,,2026-07-05 19:52:52.919784-07,,t,2026-07-13 02:04:15.817464-07,6a34ddae-be72-471a-ad45-7e226c3a141f,channel_project,channel_relationship,,
250817ba-0e13-4511-9f21-465133fe077c,253b69c2-9452-41b9-86d8-3c87ecb8787b,71e59864-5ed2-4311-bc5b-7a7597294c44,36310203-8005-41dc-b51e-a8dc52960496,6828c3df-aa9a-4ebe-8418-df13e38bb018,,2026-08-18 15:37:49.195274-07,,f,,,channel_project,channel_relationship,,
2515f387-4f1f-441c-b7e7-f48701c299cc,b4137849-47d4-4016-9364-1dec6f7ceac6,a76d214b-b2d3-43f8-85d5-96d6a453c9a2,448025a0-0ff7-4ed0-a917-399a73decef2,6a34ddae-be72-471a-ad45-7e226c3a141f,,2026-06-30 00:36:09.935178-07,,t,2026-07-13 02:08:31.957936-07,6a34ddae-be72-471a-ad45-7e226c3a141f,channel_project,channel_relationship,,
254e3478-c95b-4f94-9290-519f1a52dedb,431ba473-463b-4f9e-a584-9752c4ce0fa3,d2b565de-9d4d-4e29-9810-29ce00bfd2bd,36310203-8005-41dc-b51e-a8dc52960496,1fe20089-cd12-4a7c-bb42-9d338cab198b,,2026-08-06 03:32:06.184211-07,,f,,,channel_project,channel_relationship,,
2792ab1b-917c-4db5-93c5-42ae247d3d3c,02b437f5-582e-4921-85c4-59d9ac3581ec,fb606cb5-26e8-43c4-8d13-a07f07bba568,448025a0-0ff7-4ed0-a917-399a73decef2,43de9c8f-6685-44a4-8e13-be229a75ee6f,,2025-10-13 01:02:46.846096-07,,f,,,channel_project,channel_relationship,,
258b6ba8-6ccc-40e5-a0c7-77dce8d0bb9e,14a8d93e-dacd-4447-b05b-03bba2dbed1d,af13f5cc-6b51-4949-ad6c-1786c27eaa3d,501e409b-2168-4f0c-8d46-b0f17c71796d,358dceb1-c1b0-46b9-a24f-c1b6a7fdb2dd,,2025-04-30 17:00:00-07,,t,2025-11-19 02:51:41.623155-08,6a34ddae-be72-471a-ad45-7e226c3a141f,channel_project,channel_relationship,,
258c1f71-87d5-4047-9c93-bac9260cc032,63492824-cd65-4843-9c73-59520ed62bb7,fb606cb5-26e8-43c4-8d13-a07f07bba568,448025a0-0ff7-4ed0-a917-399a73decef2,97ee41e4-8f90-4991-8d67-df26d970bf62,,2025-11-13 00:57:23.909258-08,,t,2026-03-25 20:09:27.990635-07,a61e2437-628b-43e7-a32c-f948290dbba9,channel_project,channel_relationship,,
25a2e63e-1951-4724-9edf-6730d71330b1,a87ece48-ea5f-4f47-b1c6-a3e3bf475e7c,4bd3177f-50fa-43f0-bff0-62590a365558,36310203-8005-41dc-b51e-a8dc52960496,1fe20089-cd12-4a7c-bb42-9d338cab198b,,2025-12-28 23:39:23.575269-08,,t,2026-04-17 03:14:50.575006-07,1fe20089-cd12-4a7c-bb42-9d338cab198b,channel_project,channel_relationship,,
25a53c78-6c96-4b5e-9b64-3c3e15db73b9,42bfedc8-c3a8-4367-a696-9769db2bb286,fb606cb5-26e8-43c4-8d13-a07f07bba568,448025a0-0ff7-4ed0-a917-399a73decef2,358dceb1-c1b0-46b9-a24f-c1b6a7fdb2dd,,2025-05-01 17:00:00-07,,f,,,channel_project,channel_relationship,,
25b2a87c-47f2-4ba3-9e70-e1ebea671bd6,fd5ebc2e-139a-45a2-b696-04fe59bb31e7,fb606cb5-26e8-43c4-8d13-a07f07bba568,448025a0-0ff7-4ed0-a917-399a73decef2,ae786cf3-a6b6-4a7d-9ea0-ead631615e0c,,2026-05-31 19:10:00.038259-07,,f,,,channel_project,channel_relationship,,
25bdec63-a27f-465b-99f3-a2193668b0d9,f228fef1-429a-47fa-b7c6-54668792ab86,701fd0d3-ff09-423e-a42b-af88f38ddf89,448025a0-0ff7-4ed0-a917-399a73decef2,358dceb1-c1b0-46b9-a24f-c1b6a7fdb2dd,,2025-04-30 17:00:00-07,,f,,,channel_project,channel_relationship,,
25e1c6a8-d0b8-4f40-97f7-bade25dc16a7,ffce9e81-5c7c-49e5-8886-b34e5e44ccf4,fb606cb5-26e8-43c4-8d13-a07f07bba568,448025a0-0ff7-4ed0-a917-399a73decef2,2ee2a29e-c928-44d7-8dc8-53ea009350fb,,2025-12-07 18:47:37.546491-08,,f,,,channel_project,channel_relationship,,
25e512bd-3ee1-41dc-bcdd-87d18289e344,6da7c3a4-6c6f-4533-8458-bdf257992583,ea95ae55-0599-4c55-8d67-e5b7c2952f48,36310203-8005-41dc-b51e-a8dc52960496,6828c3df-aa9a-4ebe-8418-df13e38bb018,,2026-02-24 02:56:22.033944-08,,t,2026-07-02 03:27:11.831158-07,6828c3df-aa9a-4ebe-8418-df13e38bb018,channel_project,channel_relationship,,
25eeb347-d7c7-445b-aa0d-3cecb177f6a7,7a325dec-e150-4281-973e-dfadf26a89b8,71e59864-5ed2-4311-bc5b-7a7597294c44,36310203-8005-41dc-b51e-a8dc52960496,6828c3df-aa9a-4ebe-8418-df13e38bb018,,2026-03-18 20:12:25.982725-07,,f,,,channel_project,channel_relationship,,
2607f027-249f-4ced-9fb5-cbe30744b072,0ad2f767-318c-47b9-8d62-a0d80330ee55,a76d214b-b2d3-43f8-85d5-96d6a453c9a2,448025a0-0ff7-4ed0-a917-399a73decef2,43de9c8f-6685-44a4-8e13-be229a75ee6f,,2026-08-12 20:20:15.700093-07,,f,,,channel_project,channel_relationship,,
2611b4f0-5a2a-4be5-9588-f53e3ca1c4c4,1ffa36b8-8a82-4d9c-9f32-b3df6d17c352,876f23d2-c2e8-4543-9098-804fa472eb3e,448025a0-0ff7-4ed0-a917-399a73decef2,43de9c8f-6685-44a4-8e13-be229a75ee6f,,2026-08-11 06:46:29.86633-07,,f,,,channel_project,channel_relationship,,
261e5737-2ba4-4134-ae6d-88067fdb6838,f5544464-2996-4cc8-a734-d4eae09f6214,fb606cb5-26e8-43c4-8d13-a07f07bba568,448025a0-0ff7-4ed0-a917-399a73decef2,358dceb1-c1b0-46b9-a24f-c1b6a7fdb2dd,,2025-05-01 17:00:00-07,,f,,,channel_project,channel_relationship,,
2644fd5a-a81a-430a-aadc-632de44eb7ea,2b3c9978-78af-44e5-a96f-002053a23ffe,af13f5cc-6b51-4949-ad6c-1786c27eaa3d,448025a0-0ff7-4ed0-a917-399a73decef2,ae786cf3-a6b6-4a7d-9ea0-ead631615e0c,,2026-04-01 23:47:28.519145-07,,f,,,channel_project,channel_relationship,,
264b0ff8-0710-45c2-b903-44bac9d60b90,40f7e7e4-c3cd-4e95-aad2-26583769be37,88af4d15-2e5d-40c8-88a8-974ba5a7d50e,448025a0-0ff7-4ed0-a917-399a73decef2,43de9c8f-6685-44a4-8e13-be229a75ee6f,,2025-09-22 00:33:59.973853-07,,f,,,channel_project,channel_relationship,,
2652f89f-bfc6-4f7b-85a2-2c93b3c93e6e,67329915-c9dd-44f9-ac1b-bce78c24e836,4bd3177f-50fa-43f0-bff0-62590a365558,36310203-8005-41dc-b51e-a8dc52960496,5ee9a2ec-3ce4-43df-a5d7-934ceabd411f,,2026-01-14 19:05:45.820203-08,,t,2026-06-03 01:03:53.949885-07,a49192c4-8bb3-4976-a588-82de978a882e,channel_project,channel_relationship,,
265fea9e-4423-4113-a716-f39b06840e57,0b54d8c9-f11b-4c9c-b81c-2f9e489ab871,d2b565de-9d4d-4e29-9810-29ce00bfd2bd,36310203-8005-41dc-b51e-a8dc52960496,1fe20089-cd12-4a7c-bb42-9d338cab198b,,2026-04-25 00:13:37.841737-07,,t,2026-05-04 00:03:04.619114-07,a49192c4-8bb3-4976-a588-82de978a882e,channel_project,channel_relationship,,
2660eada-a8c1-492f-b535-893755455998,7b9d438d-081c-4ba7-9d98-83d1265847de,d2b565de-9d4d-4e29-9810-29ce00bfd2bd,36310203-8005-41dc-b51e-a8dc52960496,1fe20089-cd12-4a7c-bb42-9d338cab198b,,2026-08-06 03:31:36.898824-07,,f,,,channel_project,channel_relationship,,
2674fa7e-1926-4683-a668-70e6f3764e70,5bee2333-0aef-4a3f-a637-47fbdbabb19c,fb606cb5-26e8-43c4-8d13-a07f07bba568,448025a0-0ff7-4ed0-a917-399a73decef2,a61e2437-628b-43e7-a32c-f948290dbba9,,2026-06-26 05:41:34.496543-07,,f,,,channel_project,channel_relationship,,
2698ce13-5907-4202-9f5d-fb0f551bfb56,ad694eb2-b42a-41ea-a86a-fd27345ff1bc,a76d214b-b2d3-43f8-85d5-96d6a453c9a2,448025a0-0ff7-4ed0-a917-399a73decef2,43de9c8f-6685-44a4-8e13-be229a75ee6f,,2025-10-12 18:56:19.439476-07,,f,,,channel_project,channel_relationship,,
26a1f816-7c5e-4e86-a57b-12e2876652d2,f7707abb-f6ef-40d1-a0a1-7398e0b2a8eb,a76d214b-b2d3-43f8-85d5-96d6a453c9a2,448025a0-0ff7-4ed0-a917-399a73decef2,4e3eac7c-e6d8-4e10-b8b5-b66bcc744495,,2026-07-31 20:21:55.345629-07,,f,,,channel_project,channel_relationship,,
26b82168-b131-44ac-a6dd-03122f6eb830,03425742-c696-47ad-98d9-15db0b9d5e4b,77790929-1ec7-4186-b7ce-fe7dbf0b8fef,448025a0-0ff7-4ed0-a917-399a73decef2,358dceb1-c1b0-46b9-a24f-c1b6a7fdb2dd,,2025-05-01 17:00:00-07,,f,,,channel_project,channel_relationship,,
26dadd1c-bbcb-4fae-b554-f4c5b89ae45a,cb5d3820-f3a4-453d-a1bf-d9a2437f75f6,d2b565de-9d4d-4e29-9810-29ce00bfd2bd,36310203-8005-41dc-b51e-a8dc52960496,5ee9a2ec-3ce4-43df-a5d7-934ceabd411f,,2026-05-05 23:35:17.167676-07,,t,2026-06-03 00:48:42.15788-07,a49192c4-8bb3-4976-a588-82de978a882e,channel_project,channel_relationship,,
26dd1732-1726-4719-96db-9b370ef89a94,058cba3c-9c33-4b86-87b8-e8bccb4d10fe,d0e3eeae-20a9-4302-a3ed-8ca0ee468548,448025a0-0ff7-4ed0-a917-399a73decef2,6a34ddae-be72-471a-ad45-7e226c3a141f,,2025-11-19 03:55:18.046841-08,,f,,,channel_project,channel_relationship,,
26dd47b0-4fe1-4d57-a347-50d1e39a8197,dbfb5037-a0df-4203-8d61-b57112d58247,d2b565de-9d4d-4e29-9810-29ce00bfd2bd,36310203-8005-41dc-b51e-a8dc52960496,6828c3df-aa9a-4ebe-8418-df13e38bb018,,2026-08-20 15:47:26.507735-07,,f,,,channel_project,channel_relationship,,
26e765db-3508-48d9-817a-cb7519f5e983,d8c0b89f-03dc-4d85-87e2-b042e1d14d27,ca724c7b-3328-45a5-9019-9eb6697be859,448025a0-0ff7-4ed0-a917-399a73decef2,43de9c8f-6685-44a4-8e13-be229a75ee6f,,2026-03-05 19:43:10.748508-08,,f,,,channel_project,channel_relationship,,
271b671c-5cd1-4b6f-a6f4-0512c8b12c10,bed92905-5d79-455f-91b1-0f0e4b492429,40885a7b-f9f9-4541-abc8-6fdcda2ba048,448025a0-0ff7-4ed0-a917-399a73decef2,c47f3399-05a0-4073-8685-89972808f783,,2026-05-27 03:06:09.940767-07,,f,,,channel_project,channel_relationship,,
2778305e-f895-430d-8adf-aff3ce62f03f,91cd0a6f-f193-4789-b898-9817a0b6e590,71e59864-5ed2-4311-bc5b-7a7597294c44,36310203-8005-41dc-b51e-a8dc52960496,6828c3df-aa9a-4ebe-8418-df13e38bb018,,2026-05-26 01:33:48.849064-07,,f,,,channel_project,channel_relationship,,
277b46f3-3b60-4f2c-8c1b-030c6460c4e2,8b29f090-5983-4283-9558-f715cbdd1788,40885a7b-f9f9-4541-abc8-6fdcda2ba048,448025a0-0ff7-4ed0-a917-399a73decef2,97ee41e4-8f90-4991-8d67-df26d970bf62,,2025-07-22 20:50:58.056873-07,,f,,,channel_project,channel_relationship,,
27a423c7-04a6-4b8f-84c1-3c1272762e0f,df2bea45-ae9a-41c5-a459-4b8a34259eb9,701fd0d3-ff09-423e-a42b-af88f38ddf89,448025a0-0ff7-4ed0-a917-399a73decef2,6a34ddae-be72-471a-ad45-7e226c3a141f,,2026-04-01 00:06:10.105769-07,,f,,,channel_project,channel_relationship,,
27a8b9a0-f26e-4f8f-b487-347efd34b6b4,4e0985bd-b9df-4d5c-819a-62462b1495cd,ee7bf8f4-7edd-4ff1-a9c0-ce4de3cc5845,448025a0-0ff7-4ed0-a917-399a73decef2,358dceb1-c1b0-46b9-a24f-c1b6a7fdb2dd,,2025-05-01 17:00:00-07,,t,2025-05-03 19:37:02.923439-07,358dceb1-c1b0-46b9-a24f-c1b6a7fdb2dd,channel_project,channel_relationship,,
27b8fdb0-9ffc-4190-9bbb-2fb587523183,98201cff-c4af-47f7-be9e-7cffb3d4c031,5f9511c2-c4b7-4858-ba74-4ea72bd8d4b5,448025a0-0ff7-4ed0-a917-399a73decef2,43de9c8f-6685-44a4-8e13-be229a75ee6f,,2026-07-31 20:12:47.583867-07,,f,,,channel_project,channel_relationship,,
27b97e9f-eece-46a7-b1f1-ef5fa581cc49,42982e41-2240-4c80-81cb-388488979862,d2b565de-9d4d-4e29-9810-29ce00bfd2bd,36310203-8005-41dc-b51e-a8dc52960496,5ee9a2ec-3ce4-43df-a5d7-934ceabd411f,,2026-03-30 02:36:18.277478-07,,t,2026-06-03 00:48:42.157889-07,a49192c4-8bb3-4976-a588-82de978a882e,channel_project,channel_relationship,,
27c60cac-7e80-4bab-acb2-160c2e5759b1,1e55f667-0670-40bc-8aee-27188dc5b384,40885a7b-f9f9-4541-abc8-6fdcda2ba048,448025a0-0ff7-4ed0-a917-399a73decef2,c47f3399-05a0-4073-8685-89972808f783,,2025-10-06 00:55:06.449803-07,,f,,,channel_project,channel_relationship,,
27d7d283-4469-4b23-a419-35aac5edd6ee,c63d3765-0c22-4038-b5b0-67eb845372f6,af13f5cc-6b51-4949-ad6c-1786c27eaa3d,448025a0-0ff7-4ed0-a917-399a73decef2,a61e2437-628b-43e7-a32c-f948290dbba9,,2026-01-12 02:20:07.490362-08,,t,2026-07-20 18:39:39.567306-07,97ee41e4-8f90-4991-8d67-df26d970bf62,channel_project,channel_relationship,,
27dd9627-c27a-49bf-b746-2391d9bd72a9,760a6bb4-cf9f-4f84-bc59-9ebc11c6fba4,701fd0d3-ff09-423e-a42b-af88f38ddf89,448025a0-0ff7-4ed0-a917-399a73decef2,6a34ddae-be72-471a-ad45-7e226c3a141f,,2026-04-01 00:05:26.732046-07,,f,,,channel_project,channel_relationship,,
27e86411-59aa-4413-a33f-5c2a516c8e31,a85ce4db-0194-44fc-b2aa-9fe50b119502,701fd0d3-ff09-423e-a42b-af88f38ddf89,448025a0-0ff7-4ed0-a917-399a73decef2,6a34ddae-be72-471a-ad45-7e226c3a141f,,2026-04-01 00:06:23.9866-07,,f,,,channel_project,channel_relationship,,
2800054c-a062-4336-a234-35f155e3392a,10459dab-59dc-450f-8e32-99c15d1f13fa,8a60f56f-59b6-42d0-9a8e-2c504599f70c,448025a0-0ff7-4ed0-a917-399a73decef2,ae786cf3-a6b6-4a7d-9ea0-ead631615e0c,,2026-04-16 00:04:33.570205-07,,f,,,channel_project,channel_relationship,,
281f234c-d65a-46f4-89ef-fd76a3a336b9,d93ace03-af83-430b-a175-b0b3333e0f34,701fd0d3-ff09-423e-a42b-af88f38ddf89,448025a0-0ff7-4ed0-a917-399a73decef2,7ac6e624-a5ec-4b22-82fc-b50012a0c438,,2025-12-12 18:52:58.768583-08,,t,2026-04-09 02:10:11.947762-07,7ac6e624-a5ec-4b22-82fc-b50012a0c438,channel_project,channel_relationship,,
28284e38-6416-4b2a-90c5-d79c92211ed2,29d50c3d-b66e-406c-b0e1-157450028f81,fb606cb5-26e8-43c4-8d13-a07f07bba568,448025a0-0ff7-4ed0-a917-399a73decef2,43de9c8f-6685-44a4-8e13-be229a75ee6f,,2025-10-09 21:54:58.905664-07,,t,2026-03-16 21:19:24.546908-07,3a9ff8c5-8923-4d19-a09e-2c8d79cc7c6f,channel_project,channel_relationship,,
282fd91f-cedc-4d0c-9941-d07ffbc1071d,42223f67-0ceb-4161-a6a9-51491ccb510a,d2b565de-9d4d-4e29-9810-29ce00bfd2bd,36310203-8005-41dc-b51e-a8dc52960496,6828c3df-aa9a-4ebe-8418-df13e38bb018,,2026-07-08 01:23:11.038963-07,,f,,,channel_project,channel_relationship,,
283bd8d6-0183-4016-aa6f-a65512a7491d,66658199-b12e-461e-b7c3-9b931c2144cd,a76d214b-b2d3-43f8-85d5-96d6a453c9a2,448025a0-0ff7-4ed0-a917-399a73decef2,6a34ddae-be72-471a-ad45-7e226c3a141f,,2026-07-05 19:52:52.919791-07,,t,2026-07-13 02:03:55.784003-07,6a34ddae-be72-471a-ad45-7e226c3a141f,channel_project,channel_relationship,,
2842b590-350d-4659-829a-2970b60706fb,0f6c0a3c-6b38-4f70-8a38-05c5732b3ec4,fb606cb5-26e8-43c4-8d13-a07f07bba568,448025a0-0ff7-4ed0-a917-399a73decef2,ae786cf3-a6b6-4a7d-9ea0-ead631615e0c,,2026-01-19 23:44:20.413306-08,,t,2026-03-16 19:52:44.983664-07,43d55f3b-f8a7-41ad-b1ef-f01f456857bd,channel_project,channel_relationship,,
28703d32-25d8-4cce-bc43-577853183050,52aab1f4-d1a7-466d-9906-5da177c63151,ea95ae55-0599-4c55-8d67-e5b7c2952f48,36310203-8005-41dc-b51e-a8dc52960496,1fe20089-cd12-4a7c-bb42-9d338cab198b,,2026-05-10 20:08:43.64-07,,t,2026-06-04 23:46:59.973012-07,a49192c4-8bb3-4976-a588-82de978a882e,channel_project,channel_relationship,,
2873839b-c234-46a0-84d9-5258a6da1a6a,6fb97023-fd6a-4bdc-81ad-cf6358970451,fb606cb5-26e8-43c4-8d13-a07f07bba568,448025a0-0ff7-4ed0-a917-399a73decef2,ae786cf3-a6b6-4a7d-9ea0-ead631615e0c,,2026-06-07 19:14:19.585006-07,,f,,,channel_project,channel_relationship,,
2879bfdb-6569-4632-9a02-95a54e1dae09,e2b3810a-d94e-4efc-8851-a9c3b5b22ee5,701fd0d3-ff09-423e-a42b-af88f38ddf89,448025a0-0ff7-4ed0-a917-399a73decef2,63223140-0dc1-4205-af3c-00d575dd5b25,,2026-01-27 18:35:35.53068-08,,f,,,channel_project,channel_relationship,,
28864c2e-6647-4124-a6d0-b5c0c920507e,4d5958c6-ac11-4953-a36c-6c2e581c87a6,fb606cb5-26e8-43c4-8d13-a07f07bba568,448025a0-0ff7-4ed0-a917-399a73decef2,6a34ddae-be72-471a-ad45-7e226c3a141f,,2025-11-19 03:38:05.304074-08,,f,,,channel_project,channel_relationship,,
28a38b5b-623e-4357-b348-70736ad04742,a82a7ae0-158d-43c8-8e54-0b32e60c2e4a,ea95ae55-0599-4c55-8d67-e5b7c2952f48,36310203-8005-41dc-b51e-a8dc52960496,1fe20089-cd12-4a7c-bb42-9d338cab198b,,2026-04-25 00:14:17.660117-07,,t,2026-05-04 02:19:21.036831-07,a49192c4-8bb3-4976-a588-82de978a882e,channel_project,channel_relationship,,
28a43412-9988-4886-a984-08b6e457ad90,1e53ffac-abee-4a61-a333-eb92c20f5dce,ea95ae55-0599-4c55-8d67-e5b7c2952f48,36310203-8005-41dc-b51e-a8dc52960496,6828c3df-aa9a-4ebe-8418-df13e38bb018,,2026-07-06 15:20:21.892475-07,,f,,,channel_project,channel_relationship,,
28b26db5-aab0-43b3-855a-56f2ca0e8ee6,b14cfc79-a561-47fa-b43f-b79067f8a838,fb606cb5-26e8-43c4-8d13-a07f07bba568,448025a0-0ff7-4ed0-a917-399a73decef2,358dceb1-c1b0-46b9-a24f-c1b6a7fdb2dd,,2025-05-01 17:00:00-07,,t,2026-03-16 21:19:24.546965-07,3a9ff8c5-8923-4d19-a09e-2c8d79cc7c6f,channel_project,channel_relationship,,
28bde211-916b-4563-a229-09e62067e576,9c43010b-f415-4a54-81df-451198cde730,a76d214b-b2d3-43f8-85d5-96d6a453c9a2,448025a0-0ff7-4ed0-a917-399a73decef2,6a34ddae-be72-471a-ad45-7e226c3a141f,,2026-06-07 18:42:05.024647-07,,t,2026-07-13 02:08:50.322476-07,6a34ddae-be72-471a-ad45-7e226c3a141f,channel_project,channel_relationship,,
28ea3a0d-9755-4cba-9a23-86db4f1804b9,804a0d0b-d915-473e-9944-05acdf46f63f,fb606cb5-26e8-43c4-8d13-a07f07bba568,448025a0-0ff7-4ed0-a917-399a73decef2,43de9c8f-6685-44a4-8e13-be229a75ee6f,,2025-10-09 00:10:36.694327-07,,f,,,channel_project,channel_relationship,,
28f45893-3056-4aee-b353-35833d2ceee8,90f17993-857f-4a41-9d19-3d36df3603c6,fb606cb5-26e8-43c4-8d13-a07f07bba568,448025a0-0ff7-4ed0-a917-399a73decef2,358dceb1-c1b0-46b9-a24f-c1b6a7fdb2dd,,2026-02-11 23:24:34.510743-08,,t,2026-03-10 21:20:19.445603-07,358dceb1-c1b0-46b9-a24f-c1b6a7fdb2dd,channel_project,channel_relationship,,
29063a7d-ca04-4316-aee8-0faa76839aa7,3ed4df12-bd5f-4dc1-8103-a433d224f9e3,a76d214b-b2d3-43f8-85d5-96d6a453c9a2,448025a0-0ff7-4ed0-a917-399a73decef2,6a34ddae-be72-471a-ad45-7e226c3a141f,,2026-07-05 19:52:13.393941-07,,t,2026-07-13 02:04:56.908975-07,6a34ddae-be72-471a-ad45-7e226c3a141f,channel_project,channel_relationship,,
2938f5b5-ae57-4280-9b9b-5815d6893400,2b52d840-0002-4a29-9043-63760f5d7987,4efc1c79-f044-4ae8-989f-e08f290b0735,448025a0-0ff7-4ed0-a917-399a73decef2,6a34ddae-be72-471a-ad45-7e226c3a141f,,2026-06-11 21:10:29.504373-07,,t,2026-08-02 21:44:48.799924-07,6a34ddae-be72-471a-ad45-7e226c3a141f,channel_project,channel_relationship,,
2940441f-fa85-4b26-aa04-cbfab528089a,f8837110-90a3-4e29-9539-9aed3bfd111b,88af4d15-2e5d-40c8-88a8-974ba5a7d50e,448025a0-0ff7-4ed0-a917-399a73decef2,97ee41e4-8f90-4991-8d67-df26d970bf62,,2025-10-20 00:41:25.355547-07,,f,,,channel_project,channel_relationship,,
2974cd99-b5c8-4e7e-b1ff-e1e9c2d72023,958da30e-83a9-47e5-8b52-b72d281fd35b,af13f5cc-6b51-4949-ad6c-1786c27eaa3d,448025a0-0ff7-4ed0-a917-399a73decef2,3a9ff8c5-8923-4d19-a09e-2c8d79cc7c6f,,2026-03-18 00:13:16.315922-07,,f,,,channel_project,channel_relationship,,
297a814e-a6a0-4f51-8e99-d57e2969fd1d,76f752f6-67bc-45ab-b9c7-ae1073ca1c16,88af4d15-2e5d-40c8-88a8-974ba5a7d50e,448025a0-0ff7-4ed0-a917-399a73decef2,97ee41e4-8f90-4991-8d67-df26d970bf62,,2025-10-02 20:44:52.608818-07,,t,2026-02-10 02:20:50.120791-08,c47f3399-05a0-4073-8685-89972808f783,channel_project,channel_relationship,,
297c8fbd-821d-41c6-9b35-642cb3851738,15b66439-f047-44c7-a04c-95b2de820863,ee7bf8f4-7edd-4ff1-a9c0-ce4de3cc5845,448025a0-0ff7-4ed0-a917-399a73decef2,358dceb1-c1b0-46b9-a24f-c1b6a7fdb2dd,,2025-05-01 17:00:00-07,,f,,,channel_project,channel_relationship,,
2997d38c-630f-4056-a1c9-eb239c9220c9,4eaa85a3-4aff-4830-8628-34433a6332a4,fb606cb5-26e8-43c4-8d13-a07f07bba568,448025a0-0ff7-4ed0-a917-399a73decef2,a61e2437-628b-43e7-a32c-f948290dbba9,,2026-07-09 00:47:59.892714-07,,f,,,channel_project,channel_relationship,,
29aa1d3e-550c-49c3-9537-66c1a78f068a,54e2aad3-3d1f-4233-ad8a-2f9fb45397d7,40885a7b-f9f9-4541-abc8-6fdcda2ba048,448025a0-0ff7-4ed0-a917-399a73decef2,c47f3399-05a0-4073-8685-89972808f783,,2026-06-25 03:25:57.15066-07,,f,,,channel_project,channel_relationship,,
29ab7b9e-f82f-4167-9735-b02170a7df6f,b7c2ab45-2d9b-46e5-921c-1ea205ca76e4,fb606cb5-26e8-43c4-8d13-a07f07bba568,501e409b-2168-4f0c-8d46-b0f17c71796d,6a34ddae-be72-471a-ad45-7e226c3a141f,,2025-11-20 02:23:02.279147-08,,f,,,channel_project,channel_relationship,,
29ae7cef-fee2-43eb-b893-220b1ad10644,d0e703c9-c972-4e72-ab5b-5e85d12e7ddb,fb606cb5-26e8-43c4-8d13-a07f07bba568,448025a0-0ff7-4ed0-a917-399a73decef2,c47f3399-05a0-4073-8685-89972808f783,,2025-08-27 19:55:59.320505-07,,f,,,channel_project,channel_relationship,,
29cb446e-62c8-4518-9756-2bcf73942054,a52689f2-d315-4dbc-9a3d-9a48301144d5,4bd3177f-50fa-43f0-bff0-62590a365558,36310203-8005-41dc-b51e-a8dc52960496,5ee9a2ec-3ce4-43df-a5d7-934ceabd411f,,2026-01-14 18:59:57.945762-08,,t,2026-06-03 01:03:53.949896-07,a49192c4-8bb3-4976-a588-82de978a882e,channel_project,channel_relationship,,
29d47988-7820-496e-8e68-3ba439e31c51,c20d7d58-79d5-48d9-8312-e135ddfb4586,af13f5cc-6b51-4949-ad6c-1786c27eaa3d,448025a0-0ff7-4ed0-a917-399a73decef2,3a9ff8c5-8923-4d19-a09e-2c8d79cc7c6f,,2026-03-17 18:57:01.382796-07,,f,,,channel_project,channel_relationship,,
29d51e89-2a05-4579-b793-607bc9a25582,d69152ce-aa88-4986-8363-f8e93a3aa276,71e59864-5ed2-4311-bc5b-7a7597294c44,36310203-8005-41dc-b51e-a8dc52960496,6828c3df-aa9a-4ebe-8418-df13e38bb018,,2026-08-04 05:23:19.437226-07,,f,,,channel_project,channel_relationship,,
29e69859-12b3-49de-8099-d8e8dfa85114,37deb870-161d-4bbd-9261-706f0a6b1516,fb606cb5-26e8-43c4-8d13-a07f07bba568,448025a0-0ff7-4ed0-a917-399a73decef2,ae786cf3-a6b6-4a7d-9ea0-ead631615e0c,,2026-04-29 04:06:28.940227-07,,f,,,channel_project,channel_relationship,,
29f37f76-fd1b-43da-90c5-9c02dd7be115,a44581ff-9f48-4825-a3f1-a28632b88ee9,71e59864-5ed2-4311-bc5b-7a7597294c44,36310203-8005-41dc-b51e-a8dc52960496,6828c3df-aa9a-4ebe-8418-df13e38bb018,,2026-03-23 19:55:18.266278-07,,f,,,channel_project,channel_relationship,,
2a18ca81-d917-4800-a97d-fba88a3bd0b9,94dd9df5-5f2b-44ae-ae9d-41ff6d98901b,ee7bf8f4-7edd-4ff1-a9c0-ce4de3cc5845,448025a0-0ff7-4ed0-a917-399a73decef2,358dceb1-c1b0-46b9-a24f-c1b6a7fdb2dd,,2025-05-01 17:00:00-07,,t,2026-03-13 01:23:35.860905-07,d54d395f-d027-40fb-a19c-723d01f6a380,channel_project,channel_relationship,,
2a1bea73-c22a-40af-80c3-a263c2fd6645,ce63890e-4584-4541-a419-19a6f6d6a42b,ee7bf8f4-7edd-4ff1-a9c0-ce4de3cc5845,448025a0-0ff7-4ed0-a917-399a73decef2,c47f3399-05a0-4073-8685-89972808f783,,2026-05-28 20:11:03.793076-07,,f,,,channel_project,channel_relationship,,
2a2b51a1-27ab-4317-b52f-1ec6d65fd823,ef034dde-223d-4d8d-ba7d-dd77d61ae980,40885a7b-f9f9-4541-abc8-6fdcda2ba048,448025a0-0ff7-4ed0-a917-399a73decef2,c47f3399-05a0-4073-8685-89972808f783,,2026-05-18 20:10:42.928705-07,,t,2026-07-05 21:26:51.264721-07,c47f3399-05a0-4073-8685-89972808f783,channel_project,channel_relationship,,
2a33b299-a469-4a36-a618-bfd1e3a95277,f937b620-ad83-47ad-bd7a-493807d2c885,4bd3177f-50fa-43f0-bff0-62590a365558,36310203-8005-41dc-b51e-a8dc52960496,1fe20089-cd12-4a7c-bb42-9d338cab198b,,2025-12-28 23:37:44.570323-08,,t,2026-03-18 19:24:43.483442-07,1fe20089-cd12-4a7c-bb42-9d338cab198b,channel_project,channel_relationship,,
2a369a2c-e3c4-4083-9cd0-3e1037fca3c4,ebd5e7aa-334c-4d10-84b0-68b13041a092,40885a7b-f9f9-4541-abc8-6fdcda2ba048,448025a0-0ff7-4ed0-a917-399a73decef2,a61e2437-628b-43e7-a32c-f948290dbba9,,2026-04-07 18:49:29.88026-07,,f,,,channel_project,channel_relationship,,
2a43d37a-c788-4299-b571-cc538563f9fa,1b2ca167-2bc1-4aa7-bb75-ff534945806a,85aa4dc6-4ea2-457d-9821-a71fd9d16888,448025a0-0ff7-4ed0-a917-399a73decef2,43de9c8f-6685-44a4-8e13-be229a75ee6f,,2025-09-23 23:59:30.536025-07,,t,2026-03-16 21:05:13.684283-07,3a9ff8c5-8923-4d19-a09e-2c8d79cc7c6f,channel_project,channel_relationship,,
2a741a4b-464b-4495-9337-5a3dc906cdf6,1e1880be-15b1-472a-80c8-f9eeb987f61a,88af4d15-2e5d-40c8-88a8-974ba5a7d50e,448025a0-0ff7-4ed0-a917-399a73decef2,3a9ff8c5-8923-4d19-a09e-2c8d79cc7c6f,,2026-03-17 19:19:10.524556-07,,f,,,channel_project,channel_relationship,,
2ad47978-1750-445e-9fc8-e4a67db700d7,08f84d87-3e4b-40bc-83b2-e2f6cc7cbf06,71e59864-5ed2-4311-bc5b-7a7597294c44,36310203-8005-41dc-b51e-a8dc52960496,6828c3df-aa9a-4ebe-8418-df13e38bb018,,2026-08-13 19:43:27.955921-07,,f,,,channel_project,channel_relationship,,
2ae7f271-07f6-445d-b73e-6b5d864dff2a,6e8ee28b-0e9b-42aa-89fa-108d2d4e40ea,af13f5cc-6b51-4949-ad6c-1786c27eaa3d,448025a0-0ff7-4ed0-a917-399a73decef2,a61e2437-628b-43e7-a32c-f948290dbba9,,2026-05-05 18:52:50.480293-07,,f,,,channel_project,channel_relationship,,
2b05b6d2-f0b2-4312-8e8e-c97333593524,b7ef791b-73c4-4791-bee8-e8ee18763e54,af13f5cc-6b51-4949-ad6c-1786c27eaa3d,448025a0-0ff7-4ed0-a917-399a73decef2,a61e2437-628b-43e7-a32c-f948290dbba9,,2026-01-13 19:08:34.161329-08,,f,,,channel_project,channel_relationship,,
2b07b1e8-3977-48f2-a574-2d410e6e6106,5b3b9015-ef5e-4f53-8652-2eae6d5874c7,af13f5cc-6b51-4949-ad6c-1786c27eaa3d,448025a0-0ff7-4ed0-a917-399a73decef2,43de9c8f-6685-44a4-8e13-be229a75ee6f,,2025-11-20 19:14:27.421732-08,,t,2025-11-24 19:48:13.948605-08,43de9c8f-6685-44a4-8e13-be229a75ee6f,channel_project,channel_relationship,,
2b23697b-1d25-4ea3-b2a7-fdc80de53887,9b0047e9-dcba-410d-9bc7-128dab010f9e,ee7bf8f4-7edd-4ff1-a9c0-ce4de3cc5845,448025a0-0ff7-4ed0-a917-399a73decef2,43de9c8f-6685-44a4-8e13-be229a75ee6f,,2025-11-27 17:41:35.308171-08,,f,,,channel_project,channel_relationship,,
2b243587-7930-419c-99b2-9b13fa70ba56,e2a0318f-4951-4f23-93d7-d111bb4cd2e9,ee7bf8f4-7edd-4ff1-a9c0-ce4de3cc5845,448025a0-0ff7-4ed0-a917-399a73decef2,43de9c8f-6685-44a4-8e13-be229a75ee6f,,2026-08-15 00:40:17.840008-07,,f,,,channel_project,channel_relationship,,
2b478c0b-dd2c-45af-8796-b5280b7f4cbc,988558f8-ab30-4768-aed0-ddcc6cb6b630,af13f5cc-6b51-4949-ad6c-1786c27eaa3d,448025a0-0ff7-4ed0-a917-399a73decef2,358dceb1-c1b0-46b9-a24f-c1b6a7fdb2dd,,2025-05-01 17:00:00-07,,f,,,channel_project,channel_relationship,,
2b4a4f5a-33ad-4e55-adfe-557a1b14bc35,469a8420-dbe1-46a6-bceb-57d00882f8c2,2487a628-7330-4db1-9edd-d50d8f2bb023,448025a0-0ff7-4ed0-a917-399a73decef2,6a34ddae-be72-471a-ad45-7e226c3a141f,,2025-11-19 03:53:30.413321-08,,f,,,channel_project,channel_relationship,,
2b4d141d-94bf-4b55-b8e6-47b55770e7a3,dc27250f-27f6-44bb-8a8e-5ff65ca1a00b,40885a7b-f9f9-4541-abc8-6fdcda2ba048,448025a0-0ff7-4ed0-a917-399a73decef2,97ee41e4-8f90-4991-8d67-df26d970bf62,,2025-07-22 21:06:07.087013-07,,f,,,channel_project,channel_relationship,,
2b5a3d56-5f30-478b-aa25-62d47c9d47c2,f47e71d3-2942-4cb7-b0a2-a982f57b1350,9081c278-756b-44a5-a89b-192353123ba4,448025a0-0ff7-4ed0-a917-399a73decef2,6a34ddae-be72-471a-ad45-7e226c3a141f,,2025-11-20 01:37:23.709981-08,,f,,,channel_project,channel_relationship,,
2b5ff5d5-8d85-4b35-866a-18306aecf7a4,cc34bd80-e33f-48cf-9f2e-ca6d34ab4254,fb606cb5-26e8-43c4-8d13-a07f07bba568,448025a0-0ff7-4ed0-a917-399a73decef2,a61e2437-628b-43e7-a32c-f948290dbba9,,2026-03-09 19:46:38.458229-07,,f,,,channel_project,channel_relationship,,
2b614787-a8e7-4f70-a477-d628d4633eea,18e8b626-ac7b-4d22-934c-379002ed1f83,71e59864-5ed2-4311-bc5b-7a7597294c44,36310203-8005-41dc-b51e-a8dc52960496,1fe20089-cd12-4a7c-bb42-9d338cab198b,,2026-03-18 19:24:56.496834-07,,t,2026-05-04 02:19:21.036922-07,a49192c4-8bb3-4976-a588-82de978a882e,channel_project,channel_relationship,,
2b626f9d-be0f-41a1-a6fb-929cb863aa92,b9fda1ab-b208-441e-bf89-f8504a395b70,fb606cb5-26e8-43c4-8d13-a07f07bba568,448025a0-0ff7-4ed0-a917-399a73decef2,ae2d43e0-0d04-4d22-a9e5-93c660d4584c,,2026-05-06 21:40:21.336551-07,,f,,,channel_project,channel_relationship,,
2b8b3d2b-966b-4f6c-98fd-4cd34beebc24,50b0a781-a21a-43f7-a44f-0ed69331fc3e,af13f5cc-6b51-4949-ad6c-1786c27eaa3d,448025a0-0ff7-4ed0-a917-399a73decef2,d01cec12-7a37-4589-9076-71419dbad65e,,2025-10-05 19:00:04.871448-07,,f,,,channel_project,channel_relationship,,
2b920fed-b476-49fb-9da5-e2fc2093ea64,2d9b5e2a-cd5c-4487-a26e-d5b9bb384665,fb606cb5-26e8-43c4-8d13-a07f07bba568,448025a0-0ff7-4ed0-a917-399a73decef2,358dceb1-c1b0-46b9-a24f-c1b6a7fdb2dd,,2025-05-01 17:00:00-07,,f,,,channel_project,channel_relationship,,
2bc1a95c-24f8-4957-9641-ce138ee6e4a7,8e503a6a-0d18-4dba-9495-e283ed70c38a,fb606cb5-26e8-43c4-8d13-a07f07bba568,448025a0-0ff7-4ed0-a917-399a73decef2,358dceb1-c1b0-46b9-a24f-c1b6a7fdb2dd,,2025-04-30 17:00:00-07,,t,2025-11-19 02:44:28.702444-08,6a34ddae-be72-471a-ad45-7e226c3a141f,channel_project,channel_relationship,,
2c1a3277-fab8-403e-83e8-1117a52623f9,72909052-b165-4343-aa46-b59a950c95ec,da03d469-91bd-4465-815d-a1b05c66cef0,448025a0-0ff7-4ed0-a917-399a73decef2,97ee41e4-8f90-4991-8d67-df26d970bf62,,2025-07-22 20:58:39.96355-07,,t,2025-08-13 00:25:29.041672-07,97ee41e4-8f90-4991-8d67-df26d970bf62,channel_project,channel_relationship,,
2c224f5d-9ff5-4918-b030-0c12b824166e,c63d3765-0c22-4038-b5b0-67eb845372f6,a76d214b-b2d3-43f8-85d5-96d6a453c9a2,448025a0-0ff7-4ed0-a917-399a73decef2,97ee41e4-8f90-4991-8d67-df26d970bf62,,2026-07-20 18:39:39.567119-07,,f,,,channel_project,channel_relationship,,
2c24b880-b919-42f2-83b7-09922ab34636,5da8110a-0d1d-43e5-aa5f-4425366145bc,ee7bf8f4-7edd-4ff1-a9c0-ce4de3cc5845,448025a0-0ff7-4ed0-a917-399a73decef2,8a29ffeb-1fda-4656-ad0d-f4ace45dc6b8,,2025-08-19 21:27:46.301685-07,,t,2025-10-16 18:35:55.501966-07,8a29ffeb-1fda-4656-ad0d-f4ace45dc6b8,channel_project,channel_relationship,,
2c308283-7b54-4cf9-a2a7-573e0752e834,d2f462f5-1963-4a40-abf4-00b4fda67b07,af13f5cc-6b51-4949-ad6c-1786c27eaa3d,448025a0-0ff7-4ed0-a917-399a73decef2,6a34ddae-be72-471a-ad45-7e226c3a141f,,2026-07-13 02:02:11.550319-07,,f,,,channel_project,channel_relationship,,
2c3f3081-8313-4d28-8271-55eed1989560,e18d42b2-8ebd-45fa-b494-b0c66948941c,ee7bf8f4-7edd-4ff1-a9c0-ce4de3cc5845,448025a0-0ff7-4ed0-a917-399a73decef2,358dceb1-c1b0-46b9-a24f-c1b6a7fdb2dd,,2025-05-01 17:00:00-07,,f,,,channel_project,channel_relationship,,
2c41014b-4aaa-4c19-a3e8-210737397171,9abe3cf8-8608-4a39-a267-78e19fcf18cf,fb606cb5-26e8-43c4-8d13-a07f07bba568,448025a0-0ff7-4ed0-a917-399a73decef2,a61e2437-628b-43e7-a32c-f948290dbba9,,2026-05-28 20:49:54.022559-07,,t,2026-05-28 21:43:07.177064-07,a61e2437-628b-43e7-a32c-f948290dbba9,channel_project,channel_relationship,,
2c4c5bcb-9c3c-40fd-ac13-de813b697f3f,27e99f04-b6ba-4d5e-b3e5-a54ad5d93314,701fd0d3-ff09-423e-a42b-af88f38ddf89,448025a0-0ff7-4ed0-a917-399a73decef2,7186d5ec-9304-482d-bf0f-011c974e4e34,,2026-02-10 22:49:41.934744-08,,f,,,channel_project,channel_relationship,,
2c5f9650-496e-4aee-ab94-217ebdfa1882,b15d5572-d0e7-4d2f-be45-fc263bb79cbb,d2b565de-9d4d-4e29-9810-29ce00bfd2bd,36310203-8005-41dc-b51e-a8dc52960496,5ee9a2ec-3ce4-43df-a5d7-934ceabd411f,,2025-12-31 01:15:48.34628-08,,t,2026-06-03 00:48:42.158035-07,a49192c4-8bb3-4976-a588-82de978a882e,channel_project,channel_relationship,,
2c6914a7-b5b1-44a2-a978-4ef342eb5678,ed44140b-5cc4-4d47-8ad1-afdb356aa44b,fb606cb5-26e8-43c4-8d13-a07f07bba568,448025a0-0ff7-4ed0-a917-399a73decef2,3a9ff8c5-8923-4d19-a09e-2c8d79cc7c6f,,2026-03-17 21:53:53.718564-07,,f,,,channel_project,channel_relationship,,
2c780de5-2d36-4ff7-91e5-f2fa73c65c47,123174e9-61e0-4ac9-9f4d-57c72b326236,fb606cb5-26e8-43c4-8d13-a07f07bba568,448025a0-0ff7-4ed0-a917-399a73decef2,ae786cf3-a6b6-4a7d-9ea0-ead631615e0c,,2026-04-05 18:53:14.759074-07,,f,,,channel_project,channel_relationship,,
2c7a41af-6037-4928-86a5-434dabd51e3c,628e9a1b-faea-43fd-ab81-7e7f30e7ad88,77790929-1ec7-4186-b7ce-fe7dbf0b8fef,448025a0-0ff7-4ed0-a917-399a73decef2,358dceb1-c1b0-46b9-a24f-c1b6a7fdb2dd,,2025-05-01 17:00:00-07,,f,,,channel_project,channel_relationship,,
2c7a77e9-c018-4cb6-8488-652a5067686f,e6666e9b-6543-43a8-95bf-64c5d1c7b926,fb606cb5-26e8-43c4-8d13-a07f07bba568,448025a0-0ff7-4ed0-a917-399a73decef2,358dceb1-c1b0-46b9-a24f-c1b6a7fdb2dd,,2026-02-11 23:24:34.510742-08,,t,2026-03-10 21:21:08.388361-07,358dceb1-c1b0-46b9-a24f-c1b6a7fdb2dd,channel_project,channel_relationship,,
2c7dbf6a-57c7-4495-9771-4a6e35e2c40a,30f1fcf1-5e07-47be-83df-8cda81c770e7,d2b565de-9d4d-4e29-9810-29ce00bfd2bd,36310203-8005-41dc-b51e-a8dc52960496,6828c3df-aa9a-4ebe-8418-df13e38bb018,,2026-02-13 00:17:45.833403-08,,t,2026-03-31 21:28:27.109986-07,6828c3df-aa9a-4ebe-8418-df13e38bb018,channel_project,channel_relationship,,
2c8c6f80-af88-4b64-8bfb-8dc8afd6465d,25d0b156-42e6-4836-a869-11ed3f6f782e,ee7bf8f4-7edd-4ff1-a9c0-ce4de3cc5845,448025a0-0ff7-4ed0-a917-399a73decef2,ae786cf3-a6b6-4a7d-9ea0-ead631615e0c,,2026-06-02 03:49:58.17341-07,,t,2026-07-12 20:53:29.430035-07,44da54a5-bacb-44c6-b0d3-6bed5a1ae25f,channel_project,channel_relationship,,
2c9864ef-eccf-4b3e-8786-117d32ad5a8a,4871394e-73c9-4b82-ba0e-c1cdfa94a728,af13f5cc-6b51-4949-ad6c-1786c27eaa3d,448025a0-0ff7-4ed0-a917-399a73decef2,a61e2437-628b-43e7-a32c-f948290dbba9,,2026-05-20 20:17:13.590796-07,,f,,,channel_project,channel_relationship,,
2cbf2666-cd04-4d57-b01f-33ae9fdae548,241e4aa5-cce2-4d04-a40c-3f2685b32bcd,fb606cb5-26e8-43c4-8d13-a07f07bba568,448025a0-0ff7-4ed0-a917-399a73decef2,43de9c8f-6685-44a4-8e13-be229a75ee6f,,2026-01-09 17:45:04.048621-08,,f,,,channel_project,channel_relationship,,
2cde680f-cdf1-40b2-9570-56ebbc06fea2,22690395-279f-4d8d-b1d5-2219e7e7c23b,d2b565de-9d4d-4e29-9810-29ce00bfd2bd,36310203-8005-41dc-b51e-a8dc52960496,6828c3df-aa9a-4ebe-8418-df13e38bb018,,2026-07-02 20:32:34.16969-07,,f,,,channel_project,channel_relationship,,
2ce1a6cd-2965-49b1-969d-9c2f360a7cd4,0699503f-a50d-4de9-b502-1ca18add90b9,71e59864-5ed2-4311-bc5b-7a7597294c44,36310203-8005-41dc-b51e-a8dc52960496,6828c3df-aa9a-4ebe-8418-df13e38bb018,,2026-03-18 20:08:25.21441-07,,f,,,channel_project,channel_relationship,,
2cf5ea65-0840-4452-9f2a-96a64966e319,5ba20409-8e7b-41b9-b313-97b887200eaf,af13f5cc-6b51-4949-ad6c-1786c27eaa3d,448025a0-0ff7-4ed0-a917-399a73decef2,6a34ddae-be72-471a-ad45-7e226c3a141f,,2026-01-11 23:43:31.489075-08,,f,,,channel_project,channel_relationship,,
2cf6627a-5f73-408f-bbf3-612ae1f0ad68,96fdf1dd-c29d-48c0-9942-b89777d4f662,ee7bf8f4-7edd-4ff1-a9c0-ce4de3cc5845,448025a0-0ff7-4ed0-a917-399a73decef2,358dceb1-c1b0-46b9-a24f-c1b6a7fdb2dd,,2025-05-01 17:00:00-07,,t,2026-03-16 21:05:13.684307-07,3a9ff8c5-8923-4d19-a09e-2c8d79cc7c6f,channel_project,channel_relationship,,
2cfc0dda-4c49-469c-a14e-1710b858de3a,08d27d79-b1aa-4d8e-8160-f1de878e8c5b,af13f5cc-6b51-4949-ad6c-1786c27eaa3d,448025a0-0ff7-4ed0-a917-399a73decef2,358dceb1-c1b0-46b9-a24f-c1b6a7fdb2dd,,2025-05-01 17:00:00-07,,f,,,channel_project,channel_relationship,,
2d00a572-8a12-4ff1-a018-7cf0be811492,85d9d4e3-27de-48fe-99f8-8b35ef88e919,88af4d15-2e5d-40c8-88a8-974ba5a7d50e,448025a0-0ff7-4ed0-a917-399a73decef2,43de9c8f-6685-44a4-8e13-be229a75ee6f,,2025-10-13 00:11:11.640107-07,,f,,,channel_project,channel_relationship,,
2d063e6e-7298-4a91-8580-7d9cabccfc0e,83ae359b-30f3-4610-8bd0-6d61f254ed1b,af13f5cc-6b51-4949-ad6c-1786c27eaa3d,448025a0-0ff7-4ed0-a917-399a73decef2,6a34ddae-be72-471a-ad45-7e226c3a141f,,2026-07-13 02:05:17.330303-07,,f,,,channel_project,channel_relationship,,
2d0dab4a-152c-47b8-bf93-7a6574d80a9e,5126644b-7682-4346-848f-cbbed278e535,53cead4e-eeb5-4df5-8e31-e9fe3f796418,448025a0-0ff7-4ed0-a917-399a73decef2,43de9c8f-6685-44a4-8e13-be229a75ee6f,,2026-08-05 01:59:01.614571-07,,f,,,channel_project,channel_relationship,,
2d185acc-acba-410c-abc9-79b9667a1a5e,2bf75d49-8d2f-4b04-8d7e-e709b51c27e1,40885a7b-f9f9-4541-abc8-6fdcda2ba048,448025a0-0ff7-4ed0-a917-399a73decef2,a61e2437-628b-43e7-a32c-f948290dbba9,,2025-11-19 22:53:05.97594-08,,f,,,channel_project,channel_relationship,,
2d37ba99-5094-4f5c-b81c-fcd5b4a05e7b,3fc46843-6f25-419f-bf83-32323a83f87a,40885a7b-f9f9-4541-abc8-6fdcda2ba048,448025a0-0ff7-4ed0-a917-399a73decef2,cfdc0e36-0957-4a33-949c-9ba85abc8e1e,,2026-08-13 20:42:39.179984-07,,f,,,channel_project,channel_relationship,,
2d41362b-611c-42d6-8710-f93ffd8855a0,83de2678-544a-40da-8483-3a8a7e8d7420,d2b565de-9d4d-4e29-9810-29ce00bfd2bd,36310203-8005-41dc-b51e-a8dc52960496,5ee9a2ec-3ce4-43df-a5d7-934ceabd411f,,2026-03-22 20:42:36.49419-07,,t,2026-06-02 23:48:23.964577-07,a49192c4-8bb3-4976-a588-82de978a882e,channel_project,channel_relationship,,
2d7f695c-029f-437a-ae0f-dc1ac21fe920,091b350d-ceb6-45b1-a458-bc9a0caf121a,fb606cb5-26e8-43c4-8d13-a07f07bba568,448025a0-0ff7-4ed0-a917-399a73decef2,3a9ff8c5-8923-4d19-a09e-2c8d79cc7c6f,,2026-03-17 20:02:37.771748-07,,t,2026-04-23 00:47:32.749933-07,5a3df846-d50b-412d-8da1-eeef0324964b,channel_project,channel_relationship,,
2da19f5e-e2b9-4ec5-9e83-067d592da5f7,1e529fc7-f01b-4f47-a6c3-211981f4ed87,ea95ae55-0599-4c55-8d67-e5b7c2952f48,36310203-8005-41dc-b51e-a8dc52960496,6828c3df-aa9a-4ebe-8418-df13e38bb018,,2026-02-12 23:50:13.131524-08,,t,2026-06-26 21:30:23.598291-07,6828c3df-aa9a-4ebe-8418-df13e38bb018,channel_project,channel_relationship,,
2db68a9e-7f55-4ed6-b018-cd48058ff24c,9dd7e0b6-f0af-445a-8e8d-ab458ede76b5,40885a7b-f9f9-4541-abc8-6fdcda2ba048,448025a0-0ff7-4ed0-a917-399a73decef2,05ca09d8-a09a-4f57-97f4-cd44909d60c2,,2025-11-23 17:53:43.52507-08,,f,,,channel_project,channel_relationship,,
2db861d7-87fb-4d24-a8ab-77e863a92e32,7d4851ca-bb3d-49ce-b8a3-61a470e59d55,71e59864-5ed2-4311-bc5b-7a7597294c44,36310203-8005-41dc-b51e-a8dc52960496,6828c3df-aa9a-4ebe-8418-df13e38bb018,,2026-07-03 03:18:59.781456-07,,f,,,channel_project,channel_relationship,,
2db9c192-322d-4e50-b723-e5dd14974254,045dd2ad-4c65-4905-b8bc-2fe59c3669a8,d2b565de-9d4d-4e29-9810-29ce00bfd2bd,36310203-8005-41dc-b51e-a8dc52960496,6828c3df-aa9a-4ebe-8418-df13e38bb018,,2026-07-20 19:18:57.12406-07,,f,,,channel_project,channel_relationship,,
2dbdc4f6-ff63-4e75-8822-ace3ef5c531e,54dea99a-f80d-4ec3-bf24-b75f859eb645,af13f5cc-6b51-4949-ad6c-1786c27eaa3d,448025a0-0ff7-4ed0-a917-399a73decef2,ae786cf3-a6b6-4a7d-9ea0-ead631615e0c,,2026-04-18 07:52:40.018941-07,,f,,,channel_project,channel_relationship,,
2dc65bc1-26d9-4300-bfc8-929946e034a1,8ec26275-d4e7-46d0-be6e-32c69e803411,4bd3177f-50fa-43f0-bff0-62590a365558,36310203-8005-41dc-b51e-a8dc52960496,6828c3df-aa9a-4ebe-8418-df13e38bb018,,2026-06-08 20:54:45.979299-07,,t,2026-07-20 20:44:12.429885-07,6828c3df-aa9a-4ebe-8418-df13e38bb018,channel_project,channel_relationship,,
2dd08fb6-3fa9-4a94-9bb6-10ad2ee25643,dc3e64ce-2cc0-4aba-b742-ec4e00f81ea6,701fd0d3-ff09-423e-a42b-af88f38ddf89,448025a0-0ff7-4ed0-a917-399a73decef2,86e0f3f2-3c06-4902-bfea-2360bfe41b9a,,2025-08-21 02:20:26.679068-07,,t,2026-03-16 20:45:59.379661-07,3a9ff8c5-8923-4d19-a09e-2c8d79cc7c6f,channel_project,channel_relationship,,
2ddcef43-2f30-4c16-baf4-4fbe6aa9b6c4,b3dfad43-5f95-4623-a6c0-640a36b40fff,af13f5cc-6b51-4949-ad6c-1786c27eaa3d,448025a0-0ff7-4ed0-a917-399a73decef2,43de9c8f-6685-44a4-8e13-be229a75ee6f,,2026-01-09 23:25:12.906801-08,,f,,,channel_project,channel_relationship,,
2df052b3-af46-4ce3-b1c4-4c1013abbd25,1441b37d-2b84-44fe-a1e9-b06cbd56b0a4,55edf029-dc12-4ea0-b1d9-7fcdf77518b7,448025a0-0ff7-4ed0-a917-399a73decef2,c47f3399-05a0-4073-8685-89972808f783,,2026-07-30 00:04:19.149568-07,,f,,,channel_project,channel_relationship,,
2df059b2-39c6-48b8-8d05-0fc3e37544c3,d2015961-fcea-48f1-aebb-5c8ed8b541e4,d2b565de-9d4d-4e29-9810-29ce00bfd2bd,36310203-8005-41dc-b51e-a8dc52960496,5ee9a2ec-3ce4-43df-a5d7-934ceabd411f,,2026-05-13 23:35:07.116846-07,,t,2026-06-03 00:48:42.157861-07,a49192c4-8bb3-4976-a588-82de978a882e,channel_project,channel_relationship,,
2dfbf43e-4c61-4670-8177-337c4cc14238,d1748c10-e0be-4192-8eac-5f1e09985d12,ee7bf8f4-7edd-4ff1-a9c0-ce4de3cc5845,448025a0-0ff7-4ed0-a917-399a73decef2,43de9c8f-6685-44a4-8e13-be229a75ee6f,,2025-09-24 21:44:44.349688-07,,t,2026-03-17 00:04:00.898208-07,3a9ff8c5-8923-4d19-a09e-2c8d79cc7c6f,channel_project,channel_relationship,,
2e03aee5-2f79-4332-9e2b-d5710a4ca5ab,1fc930a4-2ae6-4fba-b718-006b39c8b49b,ee7bf8f4-7edd-4ff1-a9c0-ce4de3cc5845,448025a0-0ff7-4ed0-a917-399a73decef2,a61e2437-628b-43e7-a32c-f948290dbba9,,2026-04-23 01:53:34.023159-07,,f,,,channel_project,channel_relationship,,
2e0776b9-4603-48e2-8eb2-1745fbff5c63,2f9f88c7-3483-4707-b1ff-8c8e8ae65cb8,fb606cb5-26e8-43c4-8d13-a07f07bba568,501e409b-2168-4f0c-8d46-b0f17c71796d,358dceb1-c1b0-46b9-a24f-c1b6a7fdb2dd,,2025-04-30 17:00:00-07,,t,2025-11-19 02:43:49.640062-08,6a34ddae-be72-471a-ad45-7e226c3a141f,channel_project,channel_relationship,,
2e122973-07f9-43d6-a7a5-dd591e2766d3,154582af-7a23-40b1-a135-66066fa2b6a6,929da576-bb11-4d42-ba66-b7cc0ddb4adc,36310203-8005-41dc-b51e-a8dc52960496,6828c3df-aa9a-4ebe-8418-df13e38bb018,,2026-08-20 14:43:05.204549-07,,f,,,channel_project,channel_relationship,,
2e37866c-4526-4b33-b509-1b3399e40319,7991a4e1-1477-443e-9e1f-8e150f687d58,767724ec-7181-4a56-8366-aa141632fe8e,448025a0-0ff7-4ed0-a917-399a73decef2,ae786cf3-a6b6-4a7d-9ea0-ead631615e0c,,2026-04-28 01:40:43.01461-07,,f,,,channel_project,channel_relationship,,
2e3b2334-4e0d-4825-bf75-96ad52426030,0831ccd0-2c1b-479c-a9bd-431c9ac3502c,ca724c7b-3328-45a5-9019-9eb6697be859,448025a0-0ff7-4ed0-a917-399a73decef2,358dceb1-c1b0-46b9-a24f-c1b6a7fdb2dd,,2025-04-30 17:00:00-07,,t,2026-03-05 19:28:38.658926-08,d54d395f-d027-40fb-a19c-723d01f6a380,channel_project,channel_relationship,,
2e46223d-e6e5-4fd4-9a9c-a137c9db57af,b78e98ab-75c1-4270-8563-1d28f413c896,701fd0d3-ff09-423e-a42b-af88f38ddf89,448025a0-0ff7-4ed0-a917-399a73decef2,63223140-0dc1-4205-af3c-00d575dd5b25,,2026-01-28 17:44:32.757047-08,,f,,,channel_project,channel_relationship,,
2e4ee835-bdb7-4982-9cd7-8d657a7f3001,f5f7deb0-a901-4e00-94d7-c6aa3201db0f,40885a7b-f9f9-4541-abc8-6fdcda2ba048,448025a0-0ff7-4ed0-a917-399a73decef2,358dceb1-c1b0-46b9-a24f-c1b6a7fdb2dd,,2025-05-01 22:53:23.066372-07,,t,2025-05-02 20:33:52.202144-07,358dceb1-c1b0-46b9-a24f-c1b6a7fdb2dd,channel_project,channel_relationship,,
2e759dde-d8ba-476f-b46e-3213966b0cd4,725d9bae-6e97-4190-96d8-b7f022d9b8fc,f717d485-9b65-4884-a4da-2fe10b9ad24c,36310203-8005-41dc-b51e-a8dc52960496,6828c3df-aa9a-4ebe-8418-df13e38bb018,,2026-02-24 02:39:23.663377-08,,t,2026-03-18 20:15:53.529187-07,6828c3df-aa9a-4ebe-8418-df13e38bb018,channel_project,channel_relationship,,
2e7a4416-4e13-43f6-86b7-04b8fd5ef305,b9f468cd-e62e-4217-ad50-41fd62e92368,995e34e4-ed3f-449a-84b5-da60e9f4fc83,448025a0-0ff7-4ed0-a917-399a73decef2,6a34ddae-be72-471a-ad45-7e226c3a141f,,2025-11-19 04:15:52.596995-08,,f,,,channel_project,channel_relationship,,
2e7ce916-1970-4c6d-b216-f7f192e7fe84,0a208e0d-678c-4973-83e7-a0178f45a7d2,d2b565de-9d4d-4e29-9810-29ce00bfd2bd,36310203-8005-41dc-b51e-a8dc52960496,5ee9a2ec-3ce4-43df-a5d7-934ceabd411f,,2025-12-31 01:34:58.999756-08,,t,2026-05-19 20:09:29.989253-07,a49192c4-8bb3-4976-a588-82de978a882e,channel_project,channel_relationship,,
2e8b04b7-6f8c-453e-b30e-6f499adf4733,869acb17-58a5-43a0-9b21-189ab58b1474,a76d214b-b2d3-43f8-85d5-96d6a453c9a2,448025a0-0ff7-4ed0-a917-399a73decef2,3a9ff8c5-8923-4d19-a09e-2c8d79cc7c6f,,2026-03-17 18:59:07.229358-07,,f,,,channel_project,channel_relationship,,
2e90fd1d-16b2-4dc8-9778-e2df7b5e23a3,95007470-338c-4086-a65f-c2ea53a41d9a,53cead4e-eeb5-4df5-8e31-e9fe3f796418,448025a0-0ff7-4ed0-a917-399a73decef2,f555e82d-0044-42ca-ac2a-f05340bad471,,2026-07-14 00:41:06.772614-07,,t,2026-07-21 00:25:31.693307-07,f555e82d-0044-42ca-ac2a-f05340bad471,channel_project,channel_relationship,,
2eaa8b86-36ed-4eb9-bf3e-e583e56e9f43,7837eef7-0bf7-4fdc-9d95-a23d4ab9a382,fb606cb5-26e8-43c4-8d13-a07f07bba568,448025a0-0ff7-4ed0-a917-399a73decef2,ae786cf3-a6b6-4a7d-9ea0-ead631615e0c,,2026-01-13 21:00:48.815816-08,,t,2026-03-17 00:49:47.271832-07,3a9ff8c5-8923-4d19-a09e-2c8d79cc7c6f,channel_project,channel_relationship,,
2ead1cf3-a345-4bfc-8355-f84dc37c542d,9803f200-0e78-477c-b841-46babdce2be1,dfe91dab-e0a9-4464-a55e-546c5106b969,448025a0-0ff7-4ed0-a917-399a73decef2,358dceb1-c1b0-46b9-a24f-c1b6a7fdb2dd,,2026-04-22 20:09:30.683994-07,,f,,,channel_project,channel_relationship,,
2ef4047c-d226-43cd-9c67-74150a64ee45,8cd1e2dc-b5c0-4b94-8f55-ddd0cec266c2,a76d214b-b2d3-43f8-85d5-96d6a453c9a2,448025a0-0ff7-4ed0-a917-399a73decef2,6a34ddae-be72-471a-ad45-7e226c3a141f,,2026-06-30 00:36:19.339496-07,,t,2026-07-13 02:08:59.612959-07,6a34ddae-be72-471a-ad45-7e226c3a141f,channel_project,channel_relationship,,
2efbe6fb-5d3d-48e2-a5fb-bfc5de01cb78,6967e553-cc56-4854-9530-e88eb3d21205,55edf029-dc12-4ea0-b1d9-7fcdf77518b7,448025a0-0ff7-4ed0-a917-399a73decef2,445ce746-9559-47a3-b159-af8559483c11,,2026-08-14 21:41:02.723505-07,,f,,,channel_project,channel_relationship,,
2efdac28-7c24-434b-9999-fe985cef9bb9,80e8794e-cd54-461f-b4aa-964a7318000c,fb606cb5-26e8-43c4-8d13-a07f07bba568,448025a0-0ff7-4ed0-a917-399a73decef2,43de9c8f-6685-44a4-8e13-be229a75ee6f,,2025-10-09 00:29:19.161395-07,,f,,,channel_project,channel_relationship,,
2f0179f4-e484-487f-adc6-0bc1ce0a1cc5,7fb1602d-4832-4ba8-88fb-a7ceec8d1614,d2b565de-9d4d-4e29-9810-29ce00bfd2bd,36310203-8005-41dc-b51e-a8dc52960496,6828c3df-aa9a-4ebe-8418-df13e38bb018,,2026-06-14 14:36:04.525929-07,,t,2026-08-10 16:39:43.919793-07,6828c3df-aa9a-4ebe-8418-df13e38bb018,channel_project,channel_relationship,,
2f01b7a6-9553-4c7d-ade1-35220b898809,2130b2a9-6f1a-4d7d-b286-c30fd4b864ad,4bd3177f-50fa-43f0-bff0-62590a365558,36310203-8005-41dc-b51e-a8dc52960496,6828c3df-aa9a-4ebe-8418-df13e38bb018,,2026-03-18 20:19:28.417274-07,,f,,,channel_project,channel_relationship,,
2f094034-0cdb-4b9b-a8d1-6b841d5c6984,8ad450c4-e8a6-4dda-b55c-ec426915130c,fb606cb5-26e8-43c4-8d13-a07f07bba568,448025a0-0ff7-4ed0-a917-399a73decef2,97ee41e4-8f90-4991-8d67-df26d970bf62,,2026-08-13 20:37:35.437212-07,,f,,,channel_project,channel_relationship,,
2f15a883-8497-4ef1-bcd2-3b5d9fb23a93,091b350d-ceb6-45b1-a458-bc9a0caf121a,fb606cb5-26e8-43c4-8d13-a07f07bba568,448025a0-0ff7-4ed0-a917-399a73decef2,ae786cf3-a6b6-4a7d-9ea0-ead631615e0c,,2026-01-28 01:43:23.931214-08,,t,2026-03-16 23:47:43.45867-07,3a9ff8c5-8923-4d19-a09e-2c8d79cc7c6f,channel_project,channel_relationship,,
2f1bd682-66e4-4e0a-9eca-f051842bbdb8,fa1e9bf1-dd4e-4c82-bc80-ffdf2811ba68,85aa4dc6-4ea2-457d-9821-a71fd9d16888,448025a0-0ff7-4ed0-a917-399a73decef2,358dceb1-c1b0-46b9-a24f-c1b6a7fdb2dd,,2025-05-01 17:00:00-07,,f,,,channel_project,channel_relationship,,
2f26e248-ac86-484f-a781-a35de54b060a,da1f1954-ab84-44d0-81f5-6038698680d1,fb606cb5-26e8-43c4-8d13-a07f07bba568,501e409b-2168-4f0c-8d46-b0f17c71796d,6a34ddae-be72-471a-ad45-7e226c3a141f,,2025-11-20 02:22:55.271051-08,,f,,,channel_project,channel_relationship,,
2f29a36e-1646-488b-8715-ef27919b80d9,022065d0-876d-4849-8214-cc65d6e036b1,4bd3177f-50fa-43f0-bff0-62590a365558,36310203-8005-41dc-b51e-a8dc52960496,5ee9a2ec-3ce4-43df-a5d7-934ceabd411f,,2026-03-22 20:16:52.147605-07,,t,2026-06-03 01:03:53.949855-07,a49192c4-8bb3-4976-a588-82de978a882e,channel_project,channel_relationship,,
2f345d02-9677-4757-8bc1-d20d5392b38c,e5aad8d7-24dc-417d-b9a8-facd2c00b343,fb606cb5-26e8-43c4-8d13-a07f07bba568,448025a0-0ff7-4ed0-a917-399a73decef2,6a34ddae-be72-471a-ad45-7e226c3a141f,,2025-11-20 01:39:39.64744-08,,f,,,channel_project,channel_relationship,,
2f3955ec-4248-4971-bdbb-a3d58f4b5b9e,96fdf1dd-c29d-48c0-9942-b89777d4f662,ee7bf8f4-7edd-4ff1-a9c0-ce4de3cc5845,448025a0-0ff7-4ed0-a917-399a73decef2,3a9ff8c5-8923-4d19-a09e-2c8d79cc7c6f,,2026-03-17 19:03:12.789352-07,,t,2026-05-22 01:05:16.505392-07,ae786cf3-a6b6-4a7d-9ea0-ead631615e0c,channel_project,channel_relationship,,
2f46e8b8-fe85-4770-bf7c-adb922d6754a,e7e418f0-f6c0-4da1-8a3d-6c1b5e2df4cd,ee7bf8f4-7edd-4ff1-a9c0-ce4de3cc5845,448025a0-0ff7-4ed0-a917-399a73decef2,e0503e63-7855-4639-b368-642ce5bbcdde,,2025-08-23 00:32:22.416519-07,,f,,,channel_project,channel_relationship,,
2f99aa47-dd2b-4788-a77d-44ba22cea997,eac43b69-01f2-4d50-9914-321fbca94829,d2b565de-9d4d-4e29-9810-29ce00bfd2bd,36310203-8005-41dc-b51e-a8dc52960496,6828c3df-aa9a-4ebe-8418-df13e38bb018,,2026-06-01 14:40:44.849028-07,,t,2026-07-18 21:13:54.935256-07,6828c3df-aa9a-4ebe-8418-df13e38bb018,channel_project,channel_relationship,,
2fda00d4-5f4d-4ddb-bb92-0f6f5f302cb8,5f78fcd2-e54c-483d-bdf4-ee74287c4dac,fb606cb5-26e8-43c4-8d13-a07f07bba568,448025a0-0ff7-4ed0-a917-399a73decef2,43de9c8f-6685-44a4-8e13-be229a75ee6f,,2025-09-26 03:40:06.28527-07,,f,,,channel_project,channel_relationship,,
2fdfc9af-7c5e-47eb-a269-28ecf77c34cf,ca4f2f6f-ff9a-4f87-8a27-1d82631f2090,85aa4dc6-4ea2-457d-9821-a71fd9d16888,448025a0-0ff7-4ed0-a917-399a73decef2,358dceb1-c1b0-46b9-a24f-c1b6a7fdb2dd,,2025-05-01 17:00:00-07,,t,2025-05-03 20:57:53.581252-07,358dceb1-c1b0-46b9-a24f-c1b6a7fdb2dd,channel_project,channel_relationship,,
30033bd1-55ff-4058-a48a-f1185aa4a7df,49069616-8224-4d20-8b81-7fa35224f16c,d2b565de-9d4d-4e29-9810-29ce00bfd2bd,36310203-8005-41dc-b51e-a8dc52960496,1fe20089-cd12-4a7c-bb42-9d338cab198b,,2026-02-12 17:29:47.811184-08,,t,2026-03-18 19:21:18.484981-07,1fe20089-cd12-4a7c-bb42-9d338cab198b,channel_project,channel_relationship,,
3004193b-53d9-4cef-a693-96887001332f,df30d295-5b70-4a35-b893-c7b5ecb0cd4b,ee7bf8f4-7edd-4ff1-a9c0-ce4de3cc5845,448025a0-0ff7-4ed0-a917-399a73decef2,4e3eac7c-e6d8-4e10-b8b5-b66bcc744495,,2026-08-14 21:21:36.950202-07,,f,,,channel_project,channel_relationship,,
300d86c1-f18a-45c5-8ddf-c84c2e7ccbbd,01e64498-882d-465d-a98e-114f5086b4f8,71e59864-5ed2-4311-bc5b-7a7597294c44,36310203-8005-41dc-b51e-a8dc52960496,1fe20089-cd12-4a7c-bb42-9d338cab198b,,2026-05-10 19:54:51.608484-07,,f,,,channel_project,channel_relationship,,
3030cb23-ae18-4734-8481-b3a11a2661a8,d0305152-29ce-4359-bb25-4db99c14bd58,fb606cb5-26e8-43c4-8d13-a07f07bba568,448025a0-0ff7-4ed0-a917-399a73decef2,43de9c8f-6685-44a4-8e13-be229a75ee6f,,2025-08-19 18:55:14.581752-07,,f,,,channel_project,channel_relationship,,
303c5688-12d8-4c0d-8430-251d755e448b,7bae857f-939b-423b-a4be-b201cfc79bf3,701fd0d3-ff09-423e-a42b-af88f38ddf89,448025a0-0ff7-4ed0-a917-399a73decef2,0a180fe5-e1cd-44c6-9da8-b8c85bc4b573,,2026-07-31 19:45:31.333122-07,,f,,,channel_project,channel_relationship,,
303eecfb-7b18-4c9c-b16e-5b3ce8f4383d,9ebe1168-5c62-475a-9d8d-77ca2238d6a4,ee7bf8f4-7edd-4ff1-a9c0-ce4de3cc5845,448025a0-0ff7-4ed0-a917-399a73decef2,43de9c8f-6685-44a4-8e13-be229a75ee6f,,2025-08-05 21:35:08.862599-07,,t,2026-03-17 00:04:16.84787-07,3a9ff8c5-8923-4d19-a09e-2c8d79cc7c6f,channel_project,channel_relationship,,
30756e73-af7b-42f4-a143-d0eb9552849b,12f9ca54-6c30-40a6-907e-4076ac08e27c,af13f5cc-6b51-4949-ad6c-1786c27eaa3d,448025a0-0ff7-4ed0-a917-399a73decef2,43de9c8f-6685-44a4-8e13-be229a75ee6f,,2025-10-09 22:05:59.681922-07,,f,,,channel_project,channel_relationship,,
307e6586-5e6f-4e13-a29c-0f032a9a207a,6f5f256c-0c8d-49ae-a780-0b885009bf5b,fb606cb5-26e8-43c4-8d13-a07f07bba568,448025a0-0ff7-4ed0-a917-399a73decef2,43de9c8f-6685-44a4-8e13-be229a75ee6f,,2026-03-11 03:24:18.223764-07,,f,,,channel_project,channel_relationship,,
309c411d-0b01-4d54-9fdf-47c0d6cf4d65,1d7ac0b2-5d9a-4c5e-a96b-7e71e198d063,71e59864-5ed2-4311-bc5b-7a7597294c44,36310203-8005-41dc-b51e-a8dc52960496,1fe20089-cd12-4a7c-bb42-9d338cab198b,,2026-03-18 19:25:38.602078-07,,t,2026-05-04 00:03:04.619148-07,a49192c4-8bb3-4976-a588-82de978a882e,channel_project,channel_relationship,,
30b41832-f100-40d6-90ca-ed4fd5c267d9,01a6fa83-ca5c-441a-801a-b1542ec0e238,ee7bf8f4-7edd-4ff1-a9c0-ce4de3cc5845,448025a0-0ff7-4ed0-a917-399a73decef2,3a9ff8c5-8923-4d19-a09e-2c8d79cc7c6f,,2025-11-06 19:26:19.799145-08,,f,,,channel_project,channel_relationship,,
30c92f10-073b-4e9e-af67-d791f6356c7e,da1aa618-86a0-4baa-bafb-04c340ea59b9,d2b565de-9d4d-4e29-9810-29ce00bfd2bd,36310203-8005-41dc-b51e-a8dc52960496,6828c3df-aa9a-4ebe-8418-df13e38bb018,,2026-02-22 19:30:40.054915-08,,f,,,channel_project,channel_relationship,,
30db690d-4507-4b3c-8d1c-0aeb33988ca1,eb5de26a-f479-4026-a3a0-7eb7eb900d9f,701fd0d3-ff09-423e-a42b-af88f38ddf89,448025a0-0ff7-4ed0-a917-399a73decef2,358dceb1-c1b0-46b9-a24f-c1b6a7fdb2dd,,2025-06-03 19:27:26.780551-07,,f,,,channel_project,channel_relationship,,
30e19ef6-3421-49c4-b208-563832deb4f8,aca8408b-1133-410b-a7e8-4dac8ae29da4,40885a7b-f9f9-4541-abc8-6fdcda2ba048,448025a0-0ff7-4ed0-a917-399a73decef2,c47f3399-05a0-4073-8685-89972808f783,,2026-06-25 03:20:33.815762-07,,f,,,channel_project,channel_relationship,,
30f186ab-b593-4417-85ff-b6bb331e8fdf,df26fde4-2bd8-40ed-b34f-5c21046ce09d,71e59864-5ed2-4311-bc5b-7a7597294c44,36310203-8005-41dc-b51e-a8dc52960496,6828c3df-aa9a-4ebe-8418-df13e38bb018,,2026-08-07 20:40:54.978218-07,,f,,,channel_project,channel_relationship,,
30fab018-535f-4053-a3dc-8bc0252c1004,f71a3584-01e5-4f8c-ab6b-6cc8f7f5e1f3,ee7bf8f4-7edd-4ff1-a9c0-ce4de3cc5845,448025a0-0ff7-4ed0-a917-399a73decef2,358dceb1-c1b0-46b9-a24f-c1b6a7fdb2dd,,2025-05-01 17:00:00-07,,t,2025-10-15 23:47:22.313835-07,d54d395f-d027-40fb-a19c-723d01f6a380,channel_project,channel_relationship,,
3102ddd2-d4cb-474c-ac43-cf1a392cb63f,da651cf7-495e-4014-81b6-f26edff4b306,ee7bf8f4-7edd-4ff1-a9c0-ce4de3cc5845,448025a0-0ff7-4ed0-a917-399a73decef2,3a9ff8c5-8923-4d19-a09e-2c8d79cc7c6f,,2026-03-17 19:16:11.67198-07,,f,,,channel_project,channel_relationship,,
310c95df-593d-49be-b63c-05d1b43fb967,be8d1480-76d6-42e2-b4a5-b826b1472825,fb606cb5-26e8-43c4-8d13-a07f07bba568,448025a0-0ff7-4ed0-a917-399a73decef2,358dceb1-c1b0-46b9-a24f-c1b6a7fdb2dd,,2025-05-01 17:00:00-07,,t,2026-03-16 21:19:24.54696-07,3a9ff8c5-8923-4d19-a09e-2c8d79cc7c6f,channel_project,channel_relationship,,
3119289f-c3d6-490e-828f-65422c10636d,a4f94ac5-86a2-4e13-af6a-59942e6579e4,ea95ae55-0599-4c55-8d67-e5b7c2952f48,36310203-8005-41dc-b51e-a8dc52960496,6828c3df-aa9a-4ebe-8418-df13e38bb018,,2026-08-20 15:10:32.747584-07,,t,2026-08-20 15:10:45.84552-07,6828c3df-aa9a-4ebe-8418-df13e38bb018,channel_project,channel_relationship,,
31233c7f-fe6c-4b19-a732-e962d95e649b,58181888-fe9e-42b9-80fa-8b4c752a1760,701fd0d3-ff09-423e-a42b-af88f38ddf89,448025a0-0ff7-4ed0-a917-399a73decef2,358dceb1-c1b0-46b9-a24f-c1b6a7fdb2dd,,2025-05-29 22:05:19.883214-07,,f,,,channel_project,channel_relationship,,
313af3a9-2d7b-4017-bfc3-d43ac987cf07,a7f858e5-b7f3-4c66-a9e8-855690c36641,fb606cb5-26e8-43c4-8d13-a07f07bba568,448025a0-0ff7-4ed0-a917-399a73decef2,a61e2437-628b-43e7-a32c-f948290dbba9,,2026-03-11 01:54:30.922288-07,,f,,,channel_project,channel_relationship,,
31477644-8ed4-4936-a8c4-d405245114f6,96fdf1dd-c29d-48c0-9942-b89777d4f662,85aa4dc6-4ea2-457d-9821-a71fd9d16888,448025a0-0ff7-4ed0-a917-399a73decef2,ae786cf3-a6b6-4a7d-9ea0-ead631615e0c,,2026-05-22 01:05:16.505066-07,,f,,,channel_project,channel_relationship,,
31b16a99-7c31-4a92-b378-7b5d67b58309,84cbe147-0c4c-417a-ae70-484613f6d271,fb606cb5-26e8-43c4-8d13-a07f07bba568,448025a0-0ff7-4ed0-a917-399a73decef2,4b105657-000e-405b-a574-4be3b793c73f,,2026-05-21 21:39:26.479869-07,,f,,,channel_project,channel_relationship,,
31c247aa-9617-4b47-a33c-7158d5be666c,e365e47a-91bb-4dd4-803c-ac1d88478b8c,8a60f56f-59b6-42d0-9a8e-2c504599f70c,448025a0-0ff7-4ed0-a917-399a73decef2,86e0f3f2-3c06-4902-bfea-2360bfe41b9a,,2025-08-24 22:05:38.764239-07,,f,,,channel_project,channel_relationship,,
31cddebe-e658-42d8-b89f-c74076d1e5d6,3f52491a-aa47-47b4-ade0-7fe11e844a80,af13f5cc-6b51-4949-ad6c-1786c27eaa3d,448025a0-0ff7-4ed0-a917-399a73decef2,358dceb1-c1b0-46b9-a24f-c1b6a7fdb2dd,,2025-05-01 17:00:00-07,,t,2025-05-03 21:07:32.086252-07,358dceb1-c1b0-46b9-a24f-c1b6a7fdb2dd,channel_project,channel_relationship,,
31e97fb4-6c11-4b2f-bdde-5f3f6ba0aeae,53a2a493-a040-405f-98b9-d523c97371af,f33c4071-31e7-4c96-8a1e-5d9f38d45c9f,448025a0-0ff7-4ed0-a917-399a73decef2,358dceb1-c1b0-46b9-a24f-c1b6a7fdb2dd,,2025-05-30 00:00:51.230381-07,,t,2025-07-23 00:11:37.904254-07,3a9ff8c5-8923-4d19-a09e-2c8d79cc7c6f,channel_project,channel_relationship,,
32184d4a-57b2-4c06-b870-ffbedd30359b,e8779d48-f219-4648-af82-639e47f2f6ad,af13f5cc-6b51-4949-ad6c-1786c27eaa3d,448025a0-0ff7-4ed0-a917-399a73decef2,ae786cf3-a6b6-4a7d-9ea0-ead631615e0c,,2026-03-26 03:03:20.854687-07,,f,,,channel_project,channel_relationship,,
3221a9c1-13d6-42c3-8d31-7dfbe8d8e4e5,521599ee-bc13-429f-94e3-3820f5d36fcb,fb606cb5-26e8-43c4-8d13-a07f07bba568,448025a0-0ff7-4ed0-a917-399a73decef2,43de9c8f-6685-44a4-8e13-be229a75ee6f,,2026-08-15 02:20:08.698274-07,,f,,,channel_project,channel_relationship,,
3236c2d9-3897-4945-8a81-f56ba4e00ca7,9196d339-9c18-416c-960c-1eff070d9374,4bd3177f-50fa-43f0-bff0-62590a365558,36310203-8005-41dc-b51e-a8dc52960496,5ee9a2ec-3ce4-43df-a5d7-934ceabd411f,,2026-05-06 00:13:37.210051-07,,t,2026-06-03 01:03:53.949824-07,a49192c4-8bb3-4976-a588-82de978a882e,channel_project,channel_relationship,,
32465210-ff62-4e27-93f0-2da9ddf81617,12dc1bb2-dc6c-4ffb-951d-f181ef1fc7de,f4a85277-3239-4739-8a73-688df9d26e4e,448025a0-0ff7-4ed0-a917-399a73decef2,86e0f3f2-3c06-4902-bfea-2360bfe41b9a,,2025-08-18 19:38:22.41809-07,,t,2025-08-18 21:33:19.258225-07,d54d395f-d027-40fb-a19c-723d01f6a380,channel_project,channel_relationship,,
326c2bd4-d6ca-4830-a04a-1eec09ce3097,b7fffa20-e68c-47c3-8b33-d94037f693a8,af13f5cc-6b51-4949-ad6c-1786c27eaa3d,448025a0-0ff7-4ed0-a917-399a73decef2,358dceb1-c1b0-46b9-a24f-c1b6a7fdb2dd,,2025-05-01 17:00:00-07,,f,,,channel_project,channel_relationship,,
327a3369-92f6-47ad-896b-49f18459dd74,0f5cbb6c-70b6-41dd-8199-fe46de22660d,88af4d15-2e5d-40c8-88a8-974ba5a7d50e,448025a0-0ff7-4ed0-a917-399a73decef2,97ee41e4-8f90-4991-8d67-df26d970bf62,,2025-11-07 23:25:32.795892-08,,f,,,channel_project,channel_relationship,,
3285dfb6-6f4b-49fc-bc80-83d9ce309ff3,1d9f948a-a382-4ea6-a17c-c71a54f86056,77790929-1ec7-4186-b7ce-fe7dbf0b8fef,448025a0-0ff7-4ed0-a917-399a73decef2,358dceb1-c1b0-46b9-a24f-c1b6a7fdb2dd,,2025-05-01 17:00:00-07,,f,,,channel_project,channel_relationship,,
328c2757-67d6-436f-b287-2487f72905b5,24407cff-0dc3-4b5e-a585-ce96f2520ffc,9081c278-756b-44a5-a89b-192353123ba4,448025a0-0ff7-4ed0-a917-399a73decef2,6a34ddae-be72-471a-ad45-7e226c3a141f,,2025-11-19 03:26:58.907987-08,,t,2026-01-11 23:44:28.573741-08,6a34ddae-be72-471a-ad45-7e226c3a141f,channel_project,channel_relationship,,
328fc6fc-585a-48a0-aad7-d0d48e48447b,98805753-4177-4e19-8faf-5079b972e303,fb606cb5-26e8-43c4-8d13-a07f07bba568,448025a0-0ff7-4ed0-a917-399a73decef2,358dceb1-c1b0-46b9-a24f-c1b6a7fdb2dd,,2026-02-11 23:25:07.951909-08,,t,2026-03-10 21:15:11.317591-07,358dceb1-c1b0-46b9-a24f-c1b6a7fdb2dd,channel_project,channel_relationship,,
32912222-2fcc-4d0b-86c2-34a0ef0d3ea2,bfdac8e8-9990-49b7-bb04-b649deedfc67,701fd0d3-ff09-423e-a42b-af88f38ddf89,448025a0-0ff7-4ed0-a917-399a73decef2,31125a01-8c64-45f3-92e5-70c889f66b90,,2025-09-22 19:33:34.649683-07,,f,,,channel_project,channel_relationship,,
329f812b-0293-4a0c-b5e1-6f96bbc8cf11,be45e5a7-b503-4280-9499-785987dd9548,88af4d15-2e5d-40c8-88a8-974ba5a7d50e,448025a0-0ff7-4ed0-a917-399a73decef2,97ee41e4-8f90-4991-8d67-df26d970bf62,,2025-09-11 19:29:19.938597-07,,f,,,channel_project,channel_relationship,,
32bafb4c-f8a1-42a4-8699-ab0927b31830,f87f14c6-a3b6-49f5-adf0-8fa0c7075f3b,fb606cb5-26e8-43c4-8d13-a07f07bba568,448025a0-0ff7-4ed0-a917-399a73decef2,358dceb1-c1b0-46b9-a24f-c1b6a7fdb2dd,,2025-05-01 17:00:00-07,,f,,,channel_project,channel_relationship,,
32bd9d74-b734-4bea-8412-0ec295c02742,a106e064-a8f4-4ac8-8dda-2c392efc3f43,fb606cb5-26e8-43c4-8d13-a07f07bba568,448025a0-0ff7-4ed0-a917-399a73decef2,358dceb1-c1b0-46b9-a24f-c1b6a7fdb2dd,,2025-05-01 17:00:00-07,,f,,,channel_project,channel_relationship,,
32c6bdf6-3d96-4520-805f-cd9d5233fa75,f2e36fb1-cde1-4cf3-ab6e-d8bad8539441,929da576-bb11-4d42-ba66-b7cc0ddb4adc,36310203-8005-41dc-b51e-a8dc52960496,6828c3df-aa9a-4ebe-8418-df13e38bb018,,2026-06-30 20:25:01.696247-07,,f,,,channel_project,channel_relationship,,
32d8fb15-30fd-4a38-9422-eb5e92a421b9,02e16f56-356b-49fe-a444-efb187ac6ac3,af13f5cc-6b51-4949-ad6c-1786c27eaa3d,448025a0-0ff7-4ed0-a917-399a73decef2,358dceb1-c1b0-46b9-a24f-c1b6a7fdb2dd,,2025-04-30 17:00:00-07,,t,2025-11-19 02:47:12.959961-08,6a34ddae-be72-471a-ad45-7e226c3a141f,channel_project,channel_relationship,,
32f71989-d147-4dba-bc3f-d6ee5d0cffe4,61e91806-2d6d-4f8a-b632-e8f6940f4f25,d2b565de-9d4d-4e29-9810-29ce00bfd2bd,36310203-8005-41dc-b51e-a8dc52960496,6828c3df-aa9a-4ebe-8418-df13e38bb018,,2026-07-06 14:22:15.127947-07,,t,2026-07-19 21:20:14.248258-07,6828c3df-aa9a-4ebe-8418-df13e38bb018,channel_project,channel_relationship,,
33049aaf-a090-4f18-b1b3-3be4f1ed1a27,aabd400d-9e41-40c1-bcf6-80b92f12360f,fb606cb5-26e8-43c4-8d13-a07f07bba568,448025a0-0ff7-4ed0-a917-399a73decef2,358dceb1-c1b0-46b9-a24f-c1b6a7fdb2dd,,2025-05-01 17:00:00-07,,f,,,channel_project,channel_relationship,,
33089d9b-db40-4333-a024-5f3808119040,d7d88480-14e9-4da1-8757-c0f8407778f9,fb606cb5-26e8-43c4-8d13-a07f07bba568,448025a0-0ff7-4ed0-a917-399a73decef2,43de9c8f-6685-44a4-8e13-be229a75ee6f,,2025-07-23 21:46:23.006432-07,,f,,,channel_project,channel_relationship,,
330b4a99-57e7-448c-a877-9802b95e8566,fed8c947-5054-4985-968a-48904e2fa86b,d2b565de-9d4d-4e29-9810-29ce00bfd2bd,36310203-8005-41dc-b51e-a8dc52960496,6828c3df-aa9a-4ebe-8418-df13e38bb018,,2026-01-16 01:40:50.429901-08,,t,2026-03-19 01:11:59.7973-07,6828c3df-aa9a-4ebe-8418-df13e38bb018,channel_project,channel_relationship,,
3325f3c3-2bd1-4dc4-a9f1-fcaaf983f3c9,906a4665-a0ff-4b3f-94a9-e5c002d5f2c3,8a60f56f-59b6-42d0-9a8e-2c504599f70c,448025a0-0ff7-4ed0-a917-399a73decef2,358dceb1-c1b0-46b9-a24f-c1b6a7fdb2dd,,2025-05-01 17:00:00-07,,f,,,channel_project,channel_relationship,,
3356e6b9-7e0d-409c-af56-357b0db9f781,f276d5ea-d859-418e-b383-68d1afcfb21b,4bd3177f-50fa-43f0-bff0-62590a365558,36310203-8005-41dc-b51e-a8dc52960496,1fe20089-cd12-4a7c-bb42-9d338cab198b,,2026-05-10 20:08:02.5162-07,,f,,,channel_project,channel_relationship,,
335a784e-92d9-414e-9e86-59930b2dd99c,6e5278bf-5984-4479-ae30-856bb7cadb24,d2b565de-9d4d-4e29-9810-29ce00bfd2bd,36310203-8005-41dc-b51e-a8dc52960496,5ee9a2ec-3ce4-43df-a5d7-934ceabd411f,,2026-03-22 20:00:38.793286-07,,t,2026-06-02 23:48:23.964585-07,a49192c4-8bb3-4976-a588-82de978a882e,channel_project,channel_relationship,,
335e4074-3622-4180-b037-0597e91b4d31,eeb36d48-76b8-47d4-95f8-28cdadd5473e,fb606cb5-26e8-43c4-8d13-a07f07bba568,448025a0-0ff7-4ed0-a917-399a73decef2,a61e2437-628b-43e7-a32c-f948290dbba9,,2026-07-17 03:47:03.510779-07,,f,,,channel_project,channel_relationship,,
33e71164-61f5-4815-93a8-95391ec7c9eb,8645db92-ba04-4742-9c9e-44c4f1b97264,d2b565de-9d4d-4e29-9810-29ce00bfd2bd,36310203-8005-41dc-b51e-a8dc52960496,6828c3df-aa9a-4ebe-8418-df13e38bb018,,2026-06-21 15:04:31.110869-07,,t,2026-06-23 07:10:44.87322-07,6828c3df-aa9a-4ebe-8418-df13e38bb018,channel_project,channel_relationship,,
340a0909-4cf1-43cd-b41b-bfdef26b075a,5aeb8314-c93a-440b-b239-dc989ef9bf57,929da576-bb11-4d42-ba66-b7cc0ddb4adc,36310203-8005-41dc-b51e-a8dc52960496,6828c3df-aa9a-4ebe-8418-df13e38bb018,,2026-06-01 14:42:15.992015-07,,f,,,channel_project,channel_relationship,,
341fddfc-4308-45b5-9865-342ca6465f0c,a75f9fb4-51c6-4d79-87bc-2c6e99c6c76d,a76d214b-b2d3-43f8-85d5-96d6a453c9a2,448025a0-0ff7-4ed0-a917-399a73decef2,6a34ddae-be72-471a-ad45-7e226c3a141f,,2026-07-05 19:52:13.393937-07,,t,2026-07-13 02:05:06.882826-07,6a34ddae-be72-471a-ad45-7e226c3a141f,channel_project,channel_relationship,,
342e5891-a3fc-406d-9d5a-6827f44ab496,90d5c293-abc7-4fe4-b08e-ac793a146952,af13f5cc-6b51-4949-ad6c-1786c27eaa3d,448025a0-0ff7-4ed0-a917-399a73decef2,6a34ddae-be72-471a-ad45-7e226c3a141f,,2026-08-04 03:55:28.140709-07,,f,,,channel_project,channel_relationship,,
3477f48a-c085-4c4c-99c1-eaff9e97c1a9,ff4f4600-6b53-4604-8573-0e100063f7be,a76d214b-b2d3-43f8-85d5-96d6a453c9a2,448025a0-0ff7-4ed0-a917-399a73decef2,43de9c8f-6685-44a4-8e13-be229a75ee6f,,2026-08-11 06:32:59.359923-07,,f,,,channel_project,channel_relationship,,
3482201d-df0c-45c2-9b0f-90f7d968316d,4895578f-530b-4ce4-8574-84e5400ea0a9,71e59864-5ed2-4311-bc5b-7a7597294c44,36310203-8005-41dc-b51e-a8dc52960496,6828c3df-aa9a-4ebe-8418-df13e38bb018,,2026-03-18 20:07:52.325833-07,,f,,,channel_project,channel_relationship,,
34a8105e-7686-4651-899f-8446d6b7f9dd,610352df-6b5e-4764-9e00-2fb5b6e740d6,55edf029-dc12-4ea0-b1d9-7fcdf77518b7,448025a0-0ff7-4ed0-a917-399a73decef2,2f9ed860-8327-46c4-93cf-88e1fbc25104,,2026-08-14 21:10:33.718664-07,,f,,,channel_project,channel_relationship,,
34aa1bf0-0230-43cc-8390-5401fc4b22b7,f5f7deb0-a901-4e00-94d7-c6aa3201db0f,40885a7b-f9f9-4541-abc8-6fdcda2ba048,448025a0-0ff7-4ed0-a917-399a73decef2,358dceb1-c1b0-46b9-a24f-c1b6a7fdb2dd,,2025-05-01 17:00:00-07,,f,,,channel_project,channel_relationship,,
34c6529f-53d7-4aa3-83ec-f8711bc4d924,15862851-0eaf-440b-99bf-621b42b41d64,4bd3177f-50fa-43f0-bff0-62590a365558,36310203-8005-41dc-b51e-a8dc52960496,6828c3df-aa9a-4ebe-8418-df13e38bb018,,2026-07-06 15:38:30.017119-07,,f,,,channel_project,channel_relationship,,
34eb701b-1c6a-4a55-9a8b-8374979071fb,e687bb66-76e5-492b-9a0f-b258a174a41d,40885a7b-f9f9-4541-abc8-6fdcda2ba048,448025a0-0ff7-4ed0-a917-399a73decef2,c47f3399-05a0-4073-8685-89972808f783,,2026-04-06 03:24:18.570583-07,,t,2026-04-21 22:06:28.873316-07,a61e2437-628b-43e7-a32c-f948290dbba9,channel_project,channel_relationship,,
35022240-ced1-4c76-b6ca-afe6cd862418,5ddf443b-3971-4f32-af6c-ad0154c3329f,40885a7b-f9f9-4541-abc8-6fdcda2ba048,448025a0-0ff7-4ed0-a917-399a73decef2,c47f3399-05a0-4073-8685-89972808f783,,2026-04-07 19:30:29.975421-07,,t,2026-04-21 23:54:16.352043-07,a61e2437-628b-43e7-a32c-f948290dbba9,channel_project,channel_relationship,,
350549e4-9514-4537-90b6-d1cedf95eec4,dfb2bbfb-351c-4d34-a911-f15dfc9a0e1b,fb606cb5-26e8-43c4-8d13-a07f07bba568,448025a0-0ff7-4ed0-a917-399a73decef2,26808728-7cce-4db7-8cf1-d3141c919d86,,2025-09-11 21:00:49.267334-07,,t,2026-07-01 01:05:04.93561-07,26808728-7cce-4db7-8cf1-d3141c919d86,channel_project,channel_relationship,,
351395d2-66b7-4291-99fb-85414d0f69ca,06a9d0f5-741b-494c-a9dd-f3e339557f9c,91369e50-e5ac-41e1-abd2-1a1465e39ccd,448025a0-0ff7-4ed0-a917-399a73decef2,ae786cf3-a6b6-4a7d-9ea0-ead631615e0c,,2026-05-10 18:53:55.677679-07,,t,2026-05-28 18:42:36.710822-07,ae786cf3-a6b6-4a7d-9ea0-ead631615e0c,channel_project,channel_relationship,,
3521e910-f8e6-4f24-a894-c32dc31da335,22ce858c-6ad6-44d9-801b-5319ab2131ca,a76d214b-b2d3-43f8-85d5-96d6a453c9a2,448025a0-0ff7-4ed0-a917-399a73decef2,6a34ddae-be72-471a-ad45-7e226c3a141f,,2026-07-05 19:56:10.525898-07,,t,2026-07-13 02:03:13.323501-07,6a34ddae-be72-471a-ad45-7e226c3a141f,channel_project,channel_relationship,,
3522373f-6522-488e-af77-9983628b1724,e3f81b8e-7f4e-4f39-baba-aaf9c2d8baf2,fb606cb5-26e8-43c4-8d13-a07f07bba568,448025a0-0ff7-4ed0-a917-399a73decef2,6260788f-e70a-4232-9591-1eaf5e8b8784,,2026-07-21 03:54:15.78065-07,,f,,,channel_project,channel_relationship,,
35358130-8020-4037-964e-e88468135c51,b4137849-47d4-4016-9364-1dec6f7ceac6,4844cf36-b364-4f24-9f4c-ff1ef6db849e,448025a0-0ff7-4ed0-a917-399a73decef2,6a34ddae-be72-471a-ad45-7e226c3a141f,,2026-06-07 18:32:16.849106-07,,t,2026-06-30 00:36:09.93614-07,6a34ddae-be72-471a-ad45-7e226c3a141f,channel_project,channel_relationship,,
35593758-b319-4169-a068-524c8c9594ab,a9993709-50ba-4ebf-8d58-28cc482cd3df,40885a7b-f9f9-4541-abc8-6fdcda2ba048,448025a0-0ff7-4ed0-a917-399a73decef2,358dceb1-c1b0-46b9-a24f-c1b6a7fdb2dd,,2025-05-01 17:00:00-07,,f,,,channel_project,channel_relationship,,
3569704d-2ced-403c-a41c-609649802835,f475b91f-4997-46e8-9c30-f89c24d0a3bf,fb606cb5-26e8-43c4-8d13-a07f07bba568,448025a0-0ff7-4ed0-a917-399a73decef2,358dceb1-c1b0-46b9-a24f-c1b6a7fdb2dd,,2025-05-01 17:00:00-07,,t,2026-03-16 21:44:58.583961-07,3a9ff8c5-8923-4d19-a09e-2c8d79cc7c6f,channel_project,channel_relationship,,
3597dcf7-857c-4ee6-8851-dd5fd57ad8cb,65eacdad-4822-4014-bde4-538be581396c,fb606cb5-26e8-43c4-8d13-a07f07bba568,448025a0-0ff7-4ed0-a917-399a73decef2,f555e82d-0044-42ca-ac2a-f05340bad471,,2026-06-30 03:43:40.43942-07,,f,,,channel_project,channel_relationship,,
359a05e8-4b45-4aea-992d-fdacb04272e7,ff3cee2b-dea9-4e7d-8a31-c03c4e932b41,ee7bf8f4-7edd-4ff1-a9c0-ce4de3cc5845,448025a0-0ff7-4ed0-a917-399a73decef2,358dceb1-c1b0-46b9-a24f-c1b6a7fdb2dd,,2025-05-01 17:00:00-07,,t,2026-03-17 00:02:02.07771-07,3a9ff8c5-8923-4d19-a09e-2c8d79cc7c6f,channel_project,channel_relationship,,
35a77ae9-9279-4c0c-bf88-6f77679e59f5,82a7ae96-60c0-4038-99ec-c4b41927f434,a76d214b-b2d3-43f8-85d5-96d6a453c9a2,448025a0-0ff7-4ed0-a917-399a73decef2,4e3eac7c-e6d8-4e10-b8b5-b66bcc744495,,2026-07-28 22:03:03.458489-07,,f,,,channel_project,channel_relationship,,
35ca2001-3169-4138-b967-0cfc7c78af04,48f2bf09-202d-40e5-aef8-c68b511e341e,88af4d15-2e5d-40c8-88a8-974ba5a7d50e,448025a0-0ff7-4ed0-a917-399a73decef2,43de9c8f-6685-44a4-8e13-be229a75ee6f,,2025-09-24 02:26:53.615029-07,,t,2026-01-22 20:31:49.284429-08,d54d395f-d027-40fb-a19c-723d01f6a380,channel_project,channel_relationship,,
35db6b99-64a8-4d5f-8b9f-fa24dc13767c,b1a2f13f-e9e8-4c06-9ee8-ff53e51d4a4c,ee7bf8f4-7edd-4ff1-a9c0-ce4de3cc5845,448025a0-0ff7-4ed0-a917-399a73decef2,97ee41e4-8f90-4991-8d67-df26d970bf62,,2025-10-01 01:02:44.990443-07,,f,,,channel_project,channel_relationship,,
35e8df96-14f1-4ce9-85a0-d08ff28002f2,29683d01-0243-4e4d-9f42-52c876a1ae4b,af13f5cc-6b51-4949-ad6c-1786c27eaa3d,448025a0-0ff7-4ed0-a917-399a73decef2,229dc6f0-0c2f-42cc-8d32-7c3397e96194,,2025-06-16 19:51:14.037057-07,,t,2025-11-19 02:54:24.738306-08,6a34ddae-be72-471a-ad45-7e226c3a141f,channel_project,channel_relationship,,
35fe7a77-138c-438e-b437-ad5631a7e3b4,7ed5f6c0-bcda-4a25-857f-2d9c2a3f6b0a,fb606cb5-26e8-43c4-8d13-a07f07bba568,448025a0-0ff7-4ed0-a917-399a73decef2,6a34ddae-be72-471a-ad45-7e226c3a141f,,2025-11-20 02:15:09.921354-08,,f,,,channel_project,channel_relationship,,
360dda74-3887-452c-b1b6-f31b43de137c,3a327103-566e-418c-82e5-ee0a3734b261,fb606cb5-26e8-43c4-8d13-a07f07bba568,448025a0-0ff7-4ed0-a917-399a73decef2,ae786cf3-a6b6-4a7d-9ea0-ead631615e0c,,2026-06-25 20:43:08.344684-07,,t,2026-06-28 18:49:30.308278-07,ae786cf3-a6b6-4a7d-9ea0-ead631615e0c,channel_project,channel_relationship,,
36102646-5bd9-4677-a0bd-6ea99cb76615,c45eda03-152c-4d37-8b84-291945ff0c7a,af13f5cc-6b51-4949-ad6c-1786c27eaa3d,448025a0-0ff7-4ed0-a917-399a73decef2,43de9c8f-6685-44a4-8e13-be229a75ee6f,,2025-10-13 20:19:03.017519-07,,t,2026-03-16 21:19:24.546907-07,3a9ff8c5-8923-4d19-a09e-2c8d79cc7c6f,channel_project,channel_relationship,,
36363a92-8411-4668-ae72-c2d464f4bc8c,0621883f-70a2-472b-bfb1-8f28f5d780d0,d2b565de-9d4d-4e29-9810-29ce00bfd2bd,36310203-8005-41dc-b51e-a8dc52960496,6828c3df-aa9a-4ebe-8418-df13e38bb018,,2026-04-14 00:38:04.805115-07,,f,,,channel_project,channel_relationship,,
3636a1b2-bf59-448b-bafc-f49377ea79ef,8c06a442-5fad-4c74-ae02-c4e492346f84,fb606cb5-26e8-43c4-8d13-a07f07bba568,448025a0-0ff7-4ed0-a917-399a73decef2,1b21dc70-c6bc-448a-8935-0d35ce0ecdbd,,2026-03-05 02:07:07.216064-08,,f,,,channel_project,channel_relationship,,
363c6228-ea45-4743-9d5d-37c12ac34408,b73c69cd-dd3a-44a7-9d70-466bc0ee787e,ee7bf8f4-7edd-4ff1-a9c0-ce4de3cc5845,448025a0-0ff7-4ed0-a917-399a73decef2,358dceb1-c1b0-46b9-a24f-c1b6a7fdb2dd,,2025-07-01 02:52:18.859848-07,,f,,,channel_project,channel_relationship,,
3667c4d4-1b21-4139-af8d-c1af935b5446,7d2aec12-1a18-4731-b8c8-eb08ce5836e6,40885a7b-f9f9-4541-abc8-6fdcda2ba048,448025a0-0ff7-4ed0-a917-399a73decef2,358dceb1-c1b0-46b9-a24f-c1b6a7fdb2dd,,2025-05-01 17:00:00-07,,f,,,channel_project,channel_relationship,,
367cb513-6f41-4faa-8bc7-8804d9b2445d,21e2c327-c0c9-4316-b538-a1f1e4463a98,1ed4a75e-60ed-4f58-909f-0b7c763c081d,448025a0-0ff7-4ed0-a917-399a73decef2,6a34ddae-be72-471a-ad45-7e226c3a141f,,2026-06-05 02:07:31.665676-07,,t,2026-06-05 02:38:21.274028-07,6a34ddae-be72-471a-ad45-7e226c3a141f,channel_project,channel_relationship,,
36908534-0512-40e4-a52b-d6f400a61d39,4bdcd511-7e97-45c6-924c-12a4c6e4eab4,71e59864-5ed2-4311-bc5b-7a7597294c44,36310203-8005-41dc-b51e-a8dc52960496,6828c3df-aa9a-4ebe-8418-df13e38bb018,,2026-07-28 04:15:36.952297-07,,f,,,channel_project,channel_relationship,,
369e6dac-0e62-4821-bd5d-c4398592843a,cc77219e-46cb-40c2-af66-c4f9cdac1150,ee7bf8f4-7edd-4ff1-a9c0-ce4de3cc5845,448025a0-0ff7-4ed0-a917-399a73decef2,f87efae2-ed5b-43bf-b7ee-3d1f480fe8b5,,2026-07-27 20:31:47.96608-07,,f,,,channel_project,channel_relationship,,
36ad0f48-4934-425e-bcef-455564ffefd3,bb7c463e-dbfe-439f-bd86-2832d802a263,a76d214b-b2d3-43f8-85d5-96d6a453c9a2,448025a0-0ff7-4ed0-a917-399a73decef2,f555e82d-0044-42ca-ac2a-f05340bad471,,2026-07-18 00:12:45.481203-07,,f,,,channel_project,channel_relationship,,
36af9ab5-2efe-4c55-b2bc-362cf00155ad,25d0b156-42e6-4836-a869-11ed3f6f782e,fb606cb5-26e8-43c4-8d13-a07f07bba568,448025a0-0ff7-4ed0-a917-399a73decef2,44da54a5-bacb-44c6-b0d3-6bed5a1ae25f,,2026-07-12 20:53:29.429356-07,,t,2026-07-23 22:14:57.35819-07,44da54a5-bacb-44c6-b0d3-6bed5a1ae25f,channel_project,channel_relationship,,
36c3ce5f-466a-4b61-9be7-8ea6733cb984,4f7972d1-583a-49f1-ad91-669c07903a60,40885a7b-f9f9-4541-abc8-6fdcda2ba048,448025a0-0ff7-4ed0-a917-399a73decef2,97ee41e4-8f90-4991-8d67-df26d970bf62,,2025-07-22 20:52:30.291349-07,,t,2025-08-21 21:35:07.400837-07,c47f3399-05a0-4073-8685-89972808f783,channel_project,channel_relationship,,
36d31694-5366-41c5-b497-f9a65a091189,d4e0b00c-f59d-4a22-a2aa-07e3ebd0d433,dd4bf39a-03d9-4c7b-be58-8d0eb4f00acf,448025a0-0ff7-4ed0-a917-399a73decef2,358dceb1-c1b0-46b9-a24f-c1b6a7fdb2dd,,2025-04-30 17:00:00-07,,t,2026-03-05 19:30:24.752508-08,d54d395f-d027-40fb-a19c-723d01f6a380,channel_project,channel_relationship,,
36d949c1-9e07-49d9-ba8b-468007be78fb,ddf26ec9-f2f8-4f83-bbb1-0d2cff436789,71e59864-5ed2-4311-bc5b-7a7597294c44,36310203-8005-41dc-b51e-a8dc52960496,1fe20089-cd12-4a7c-bb42-9d338cab198b,,2026-03-18 19:21:41.520276-07,,t,2026-05-04 00:03:04.619139-07,a49192c4-8bb3-4976-a588-82de978a882e,channel_project,channel_relationship,,
36f6f5da-7803-4766-bbb8-8f49a242e379,dcbf46d2-e535-4247-9b86-f705b7ba7b0c,40885a7b-f9f9-4541-abc8-6fdcda2ba048,448025a0-0ff7-4ed0-a917-399a73decef2,c47f3399-05a0-4073-8685-89972808f783,,2026-03-26 21:33:12.894946-07,,t,2026-03-26 21:51:10.012106-07,c47f3399-05a0-4073-8685-89972808f783,channel_project,channel_relationship,,
36ffb591-fa8a-45e9-9e99-4544f1b155b5,2aa8c2ac-c061-4abe-a428-3159e0ac8c9b,4bd3177f-50fa-43f0-bff0-62590a365558,36310203-8005-41dc-b51e-a8dc52960496,6828c3df-aa9a-4ebe-8418-df13e38bb018,,2026-06-08 18:44:22.816291-07,,t,2026-07-28 04:18:11.251053-07,6828c3df-aa9a-4ebe-8418-df13e38bb018,channel_project,channel_relationship,,
370b9d3a-de83-4bd8-afbb-6539a283d213,f1f7a5c2-1bac-43d5-92e8-b081a1463191,d2b565de-9d4d-4e29-9810-29ce00bfd2bd,36310203-8005-41dc-b51e-a8dc52960496,6828c3df-aa9a-4ebe-8418-df13e38bb018,,2026-08-20 15:56:29.490403-07,,f,,,channel_project,channel_relationship,,
37324eb3-a1c5-4238-88b7-ecec6f0aa859,fbf42349-3629-4437-aa2f-e05c1a5d45c3,af13f5cc-6b51-4949-ad6c-1786c27eaa3d,448025a0-0ff7-4ed0-a917-399a73decef2,5938543b-a59a-40f7-b443-88fa3e8e1c08,,2026-05-04 01:52:42.438228-07,,t,2026-06-15 00:19:29.699058-07,6a34ddae-be72-471a-ad45-7e226c3a141f,channel_project,channel_relationship,,
3737466e-f2f9-4626-a75b-e112943a9e2f,d15ba36f-6cef-405a-b3dc-e4b6fbc4dc3f,af13f5cc-6b51-4949-ad6c-1786c27eaa3d,448025a0-0ff7-4ed0-a917-399a73decef2,43de9c8f-6685-44a4-8e13-be229a75ee6f,,2026-01-09 23:24:34.178187-08,,t,2026-05-19 19:30:40.691091-07,ae786cf3-a6b6-4a7d-9ea0-ead631615e0c,channel_project,channel_relationship,,
3737cd1a-c1e9-4224-be5d-1a4c6a46b817,dbdd3be1-f6bd-4c2a-988a-e4a85a9fe021,fb606cb5-26e8-43c4-8d13-a07f07bba568,448025a0-0ff7-4ed0-a917-399a73decef2,43de9c8f-6685-44a4-8e13-be229a75ee6f,,2026-01-27 00:22:38.120232-08,,t,2026-03-17 01:49:26.50851-07,3a9ff8c5-8923-4d19-a09e-2c8d79cc7c6f,channel_project,channel_relationship,,
373a8424-05b1-45cd-af5f-124dfc7fc841,37ba70f7-8441-4232-9f30-64ecc765833d,d2b565de-9d4d-4e29-9810-29ce00bfd2bd,36310203-8005-41dc-b51e-a8dc52960496,6828c3df-aa9a-4ebe-8418-df13e38bb018,,2026-05-06 05:43:44.243591-07,,f,,,channel_project,channel_relationship,,
3780af38-2b57-4d53-ba0c-2b81d2cc612a,22ce858c-6ad6-44d9-801b-5319ab2131ca,af13f5cc-6b51-4949-ad6c-1786c27eaa3d,448025a0-0ff7-4ed0-a917-399a73decef2,6a34ddae-be72-471a-ad45-7e226c3a141f,,2026-07-13 02:03:13.323359-07,,f,,,channel_project,channel_relationship,,
3792d6bf-c7bd-4be0-bbe7-50dc043f2eb7,5c291e96-eb6e-4cee-bbd1-7e09546a352a,8a60f56f-59b6-42d0-9a8e-2c504599f70c,448025a0-0ff7-4ed0-a917-399a73decef2,ae786cf3-a6b6-4a7d-9ea0-ead631615e0c,,2026-04-12 19:22:29.588425-07,,f,,,channel_project,channel_relationship,,
3795f66c-4753-459f-b1ee-0a4137e6e9a7,2434b163-1e8e-4887-9fdc-1c7a4ede784a,fb606cb5-26e8-43c4-8d13-a07f07bba568,448025a0-0ff7-4ed0-a917-399a73decef2,f555e82d-0044-42ca-ac2a-f05340bad471,,2026-07-15 20:14:04.622319-07,,f,,,channel_project,channel_relationship,,
37a1efd3-f067-439f-bee3-23d2a0b83798,9af7cf68-33a0-4d0a-9577-cba1a3ad1f22,fb606cb5-26e8-43c4-8d13-a07f07bba568,448025a0-0ff7-4ed0-a917-399a73decef2,358dceb1-c1b0-46b9-a24f-c1b6a7fdb2dd,,2025-05-01 17:00:00-07,,t,2025-08-27 19:06:19.462687-07,6a60fcc1-ce96-4398-a432-d397b95d22b6,channel_project,channel_relationship,,
37a2d26a-c809-4627-ace4-450ed919c3e0,3574c07e-3e90-4730-8acb-a982effd9bd8,767724ec-7181-4a56-8366-aa141632fe8e,448025a0-0ff7-4ed0-a917-399a73decef2,43de9c8f-6685-44a4-8e13-be229a75ee6f,,2025-12-24 18:21:12.858743-08,,f,,,channel_project,channel_relationship,,
37ba8327-8a30-44ff-bd30-a9e497379d30,66f5cf1e-6c28-4564-8e73-b09292004297,ee7bf8f4-7edd-4ff1-a9c0-ce4de3cc5845,448025a0-0ff7-4ed0-a917-399a73decef2,3a9ff8c5-8923-4d19-a09e-2c8d79cc7c6f,,2025-10-15 18:42:12.121059-07,,f,,,channel_project,channel_relationship,,
37bb4a74-e602-474c-b6d2-e8a1527ba801,5458db0b-ec93-4483-b003-e87eff5d000f,40885a7b-f9f9-4541-abc8-6fdcda2ba048,448025a0-0ff7-4ed0-a917-399a73decef2,7bc3c5a2-ab79-4604-abcb-608e9fd48212,,2026-04-07 00:35:47.188451-07,,f,,,channel_project,channel_relationship,,
37c86b18-67c8-43ac-a82a-6a3ea5035769,43dd0d68-7049-4a57-9de9-29621b09e2b9,fb606cb5-26e8-43c4-8d13-a07f07bba568,448025a0-0ff7-4ed0-a917-399a73decef2,0f72ee2e-0b4c-45cb-bf67-c1fd8317dbe3,,2026-05-21 02:03:17.660065-07,,f,,,channel_project,channel_relationship,,
37cff0e2-7623-49a6-9140-02f04898cbb7,a82a7ae0-158d-43c8-8e54-0b32e60c2e4a,ea95ae55-0599-4c55-8d67-e5b7c2952f48,36310203-8005-41dc-b51e-a8dc52960496,1fe20089-cd12-4a7c-bb42-9d338cab198b,,2026-05-10 20:00:02.748612-07,,f,,,channel_project,channel_relationship,,
37d74d3c-7bdc-4c77-897c-0b1faf597bdb,15113792-d6e2-444e-a4c3-8a6fc61b2a99,d2b565de-9d4d-4e29-9810-29ce00bfd2bd,36310203-8005-41dc-b51e-a8dc52960496,1fe20089-cd12-4a7c-bb42-9d338cab198b,,2026-05-12 20:49:44.480819-07,,f,,,channel_project,channel_relationship,,
37d8c152-1e4d-4975-97a8-132fd24c9376,50b205ff-5b27-4f5a-9ff2-416e69baa0e7,fb606cb5-26e8-43c4-8d13-a07f07bba568,448025a0-0ff7-4ed0-a917-399a73decef2,6a34ddae-be72-471a-ad45-7e226c3a141f,,2025-11-20 01:34:28.172288-08,,f,,,channel_project,channel_relationship,,
37ea3241-4a24-4978-a8b9-6e422059aaf7,a6bb0755-8f1b-42ba-b328-0df271601e1a,fb606cb5-26e8-43c4-8d13-a07f07bba568,448025a0-0ff7-4ed0-a917-399a73decef2,358dceb1-c1b0-46b9-a24f-c1b6a7fdb2dd,,2025-05-01 17:00:00-07,,f,,,channel_project,channel_relationship,,
37ec3bc2-ff53-431d-b862-ac36e1ed9719,e020a6f7-07ac-4535-9e73-7f1114a88944,fb606cb5-26e8-43c4-8d13-a07f07bba568,448025a0-0ff7-4ed0-a917-399a73decef2,43de9c8f-6685-44a4-8e13-be229a75ee6f,,2025-09-23 23:57:43.126728-07,,t,2025-10-02 03:02:39.272264-07,3b0c7207-c878-4162-b222-118f60470206,channel_project,channel_relationship,,
38005bfb-739f-4e61-8c68-1c0dcde285b9,5ddf443b-3971-4f32-af6c-ad0154c3329f,fb606cb5-26e8-43c4-8d13-a07f07bba568,448025a0-0ff7-4ed0-a917-399a73decef2,a61e2437-628b-43e7-a32c-f948290dbba9,,2026-04-21 23:54:16.351733-07,,t,2026-08-12 18:56:03.523008-07,97ee41e4-8f90-4991-8d67-df26d970bf62,channel_project,channel_relationship,,
3808cece-945d-40aa-893c-f6ab87a63058,998b12de-504a-402c-82d2-a8ae35916f39,88af4d15-2e5d-40c8-88a8-974ba5a7d50e,448025a0-0ff7-4ed0-a917-399a73decef2,43de9c8f-6685-44a4-8e13-be229a75ee6f,,2025-09-24 02:26:46.351363-07,,f,,,channel_project,channel_relationship,,
3829ec3c-f155-47c3-8107-02ca3b3cb8e8,574b99de-adf8-4a8f-ae7c-7c73de78c08b,af13f5cc-6b51-4949-ad6c-1786c27eaa3d,448025a0-0ff7-4ed0-a917-399a73decef2,6a34ddae-be72-471a-ad45-7e226c3a141f,,2026-07-13 02:02:24.38365-07,,f,,,channel_project,channel_relationship,,
382b3500-5410-4117-9a7b-f4719e1ddb95,ab083bce-3112-4d87-996a-48fd29e2fc93,fb606cb5-26e8-43c4-8d13-a07f07bba568,448025a0-0ff7-4ed0-a917-399a73decef2,6a34ddae-be72-471a-ad45-7e226c3a141f,,2025-11-20 02:24:03.318594-08,,f,,,channel_project,channel_relationship,,
38492e41-174d-4b89-86f6-0e1206c33554,62729ba4-c5bf-42fa-9505-d43dbfe80ee1,af13f5cc-6b51-4949-ad6c-1786c27eaa3d,448025a0-0ff7-4ed0-a917-399a73decef2,3a9ff8c5-8923-4d19-a09e-2c8d79cc7c6f,,2026-03-17 20:03:43.868902-07,,t,2026-03-22 21:51:32.535237-07,92f38085-28a3-43aa-8bde-1b4b9ecfdfd6,channel_project,channel_relationship,,
38527481-07f9-4f5e-97d4-4d767df709bb,5104bfa1-63d4-4889-b5b4-5ce379200098,af13f5cc-6b51-4949-ad6c-1786c27eaa3d,448025a0-0ff7-4ed0-a917-399a73decef2,f555e82d-0044-42ca-ac2a-f05340bad471,,2026-07-14 02:09:35.681345-07,,f,,,channel_project,channel_relationship,,
38578c78-882d-4451-a731-fce7753db39e,52880b38-ce77-4be0-9853-afac7e3b730a,d2b565de-9d4d-4e29-9810-29ce00bfd2bd,36310203-8005-41dc-b51e-a8dc52960496,5ee9a2ec-3ce4-43df-a5d7-934ceabd411f,,2026-05-21 20:28:50.731652-07,,t,2026-06-02 23:48:23.964533-07,a49192c4-8bb3-4976-a588-82de978a882e,channel_project,channel_relationship,,
385f7dac-f80a-4bc4-a8fa-0ecf6ca027ab,bcf9cc7d-f2ce-43cb-a68d-c26270314ebd,d2b565de-9d4d-4e29-9810-29ce00bfd2bd,36310203-8005-41dc-b51e-a8dc52960496,6828c3df-aa9a-4ebe-8418-df13e38bb018,,2026-06-21 14:43:56.885335-07,,t,2026-07-03 03:12:32.306359-07,6828c3df-aa9a-4ebe-8418-df13e38bb018,channel_project,channel_relationship,,
386bb413-cb17-4f6f-b70d-c3bf864ee36d,25a7da39-bf45-4550-92fe-d8859ca373ba,71e59864-5ed2-4311-bc5b-7a7597294c44,36310203-8005-41dc-b51e-a8dc52960496,1fe20089-cd12-4a7c-bb42-9d338cab198b,,2026-08-06 01:36:18.481007-07,,f,,,channel_project,channel_relationship,,
38a8afe5-c80f-4c92-a659-678fb77d98f7,b812cf3d-f3fd-4fc6-ac15-3830ac0ad248,d2b565de-9d4d-4e29-9810-29ce00bfd2bd,36310203-8005-41dc-b51e-a8dc52960496,6828c3df-aa9a-4ebe-8418-df13e38bb018,,2026-06-12 15:48:59.940923-07,,t,2026-07-01 09:53:11.251907-07,6828c3df-aa9a-4ebe-8418-df13e38bb018,channel_project,channel_relationship,,
38ab606e-29ab-44b3-8c64-6d57aa118e9d,da1c0434-91e9-4727-a4bb-f1cb8640d12f,d2b565de-9d4d-4e29-9810-29ce00bfd2bd,36310203-8005-41dc-b51e-a8dc52960496,6828c3df-aa9a-4ebe-8418-df13e38bb018,,2026-02-23 23:25:46.328634-08,,f,,,channel_project,channel_relationship,,
38c1ec4d-ccb7-4372-90d1-7c7485036f9b,500c3ed3-813b-4be2-8c17-7fb5ea207f90,fb606cb5-26e8-43c4-8d13-a07f07bba568,448025a0-0ff7-4ed0-a917-399a73decef2,6a34ddae-be72-471a-ad45-7e226c3a141f,,2025-11-19 05:22:53.480782-08,,f,,,channel_project,channel_relationship,,
38cbbce8-1bb9-406f-8979-66390159854a,a7bb89b0-e365-4a10-a262-dd8ff0df31eb,ee7bf8f4-7edd-4ff1-a9c0-ce4de3cc5845,448025a0-0ff7-4ed0-a917-399a73decef2,43de9c8f-6685-44a4-8e13-be229a75ee6f,,2026-02-10 19:11:57.242429-08,,t,2026-02-10 19:13:17.553799-08,43de9c8f-6685-44a4-8e13-be229a75ee6f,channel_project,channel_relationship,,
38f295ca-bc87-49e9-9548-d31828340c80,dbab7174-ef17-468a-ac94-7e4cb6da6250,fb606cb5-26e8-43c4-8d13-a07f07bba568,448025a0-0ff7-4ed0-a917-399a73decef2,6a34ddae-be72-471a-ad45-7e226c3a141f,,2026-08-04 03:56:40.582368-07,,f,,,channel_project,channel_relationship,,
38f2a6f0-b3c4-4917-a1c6-45ac2899d0d4,27ad76f6-ea6e-4496-8d14-2f4fe9bc43ad,ee7bf8f4-7edd-4ff1-a9c0-ce4de3cc5845,448025a0-0ff7-4ed0-a917-399a73decef2,358dceb1-c1b0-46b9-a24f-c1b6a7fdb2dd,,2025-05-01 17:00:00-07,,f,,,channel_project,channel_relationship,,
38f92809-39d1-420a-8e7b-d08aab4947d5,29a81992-cd2d-454a-ac5c-4f97a0b08a35,ee7bf8f4-7edd-4ff1-a9c0-ce4de3cc5845,448025a0-0ff7-4ed0-a917-399a73decef2,3a9ff8c5-8923-4d19-a09e-2c8d79cc7c6f,,2026-03-17 19:05:51.965549-07,,f,,,channel_project,channel_relationship,,
390cf890-2a42-4a31-a632-c0b6efd8dcc2,e5202974-9a7c-4887-a62a-c657c8778517,af13f5cc-6b51-4949-ad6c-1786c27eaa3d,448025a0-0ff7-4ed0-a917-399a73decef2,d4706992-57ae-4efc-8100-86611363276a,,2025-12-11 20:31:39.253718-08,,f,,,channel_project,channel_relationship,,
391486fe-1fc1-4e78-8e28-c56d12e31b89,b7c2ab45-2d9b-46e5-921c-1ea205ca76e4,fb606cb5-26e8-43c4-8d13-a07f07bba568,501e409b-2168-4f0c-8d46-b0f17c71796d,358dceb1-c1b0-46b9-a24f-c1b6a7fdb2dd,,2025-04-30 17:00:00-07,,t,2025-11-19 02:44:46.007558-08,6a34ddae-be72-471a-ad45-7e226c3a141f,channel_project,channel_relationship,,
3951b14d-a623-4f42-ad27-67770a945faf,f09a4a1d-0d7b-4a78-b6dc-c8f60a352b8b,fb606cb5-26e8-43c4-8d13-a07f07bba568,448025a0-0ff7-4ed0-a917-399a73decef2,a61e2437-628b-43e7-a32c-f948290dbba9,,2026-01-15 04:47:53.386627-08,,f,,,channel_project,channel_relationship,,
39657bb8-d678-4c95-8125-08c368c908b0,dd8f05bc-10e8-4771-8a3c-8c3ddc546f14,4bd3177f-50fa-43f0-bff0-62590a365558,36310203-8005-41dc-b51e-a8dc52960496,6828c3df-aa9a-4ebe-8418-df13e38bb018,,2026-08-20 14:41:33.257768-07,,f,,,channel_project,channel_relationship,,
396edaa0-4afc-4e06-8947-714ca697fa6f,3409a1dd-954c-4f31-91bc-279dac281962,af13f5cc-6b51-4949-ad6c-1786c27eaa3d,448025a0-0ff7-4ed0-a917-399a73decef2,6a34ddae-be72-471a-ad45-7e226c3a141f,,2026-07-13 19:35:05.199327-07,,f,,,channel_project,channel_relationship,,
396fbf95-0fc9-4f8c-a483-1ba9d065f469,35918e3e-275f-4e11-9451-385574309f2e,fb606cb5-26e8-43c4-8d13-a07f07bba568,448025a0-0ff7-4ed0-a917-399a73decef2,43de9c8f-6685-44a4-8e13-be229a75ee6f,,2025-08-05 21:20:03.673556-07,,f,,,channel_project,channel_relationship,,
3981a735-b712-4947-820f-cd7c131b6510,10ea4559-1e07-43f3-8f93-dfbcfbcfb449,fb606cb5-26e8-43c4-8d13-a07f07bba568,448025a0-0ff7-4ed0-a917-399a73decef2,358dceb1-c1b0-46b9-a24f-c1b6a7fdb2dd,,2026-01-20 00:11:21.552701-08,,t,2026-01-20 00:26:36.703461-08,358dceb1-c1b0-46b9-a24f-c1b6a7fdb2dd,channel_project,channel_relationship,,
3990e747-f8f3-4744-8d16-a97f73a3e311,ab32226b-0471-422f-8ac6-4cf1680379be,af13f5cc-6b51-4949-ad6c-1786c27eaa3d,448025a0-0ff7-4ed0-a917-399a73decef2,4e3eac7c-e6d8-4e10-b8b5-b66bcc744495,,2025-11-14 00:48:23.069088-08,,f,,,channel_project,channel_relationship,,
3998ecae-9d2b-49f9-9f62-b9a1eb26b0f7,1e2499ec-4d2d-4306-9a91-0090b147e90c,8a60f56f-59b6-42d0-9a8e-2c504599f70c,448025a0-0ff7-4ed0-a917-399a73decef2,43de9c8f-6685-44a4-8e13-be229a75ee6f,,2026-08-12 20:15:47.094461-07,,f,,,channel_project,channel_relationship,,
39c36827-ee2d-4dda-be78-f8b29a46a574,dc8e5bbd-6ee4-4285-8455-e21270baa32c,af13f5cc-6b51-4949-ad6c-1786c27eaa3d,448025a0-0ff7-4ed0-a917-399a73decef2,43de9c8f-6685-44a4-8e13-be229a75ee6f,,2026-08-09 20:38:27.849901-07,,f,,,channel_project,channel_relationship,,
39d96176-c299-4ec6-bd38-e0d6a49b0eb7,3a342154-865d-44fa-b7c1-505605e2add3,692dd103-d0c0-48e9-8000-3caa07bc5036,448025a0-0ff7-4ed0-a917-399a73decef2,84dc0038-dd1e-4a75-982c-56edde2b695e,,2025-08-25 18:33:23.835152-07,,t,2025-08-26 19:35:33.088586-07,2dabdf63-ec2f-43c6-99ca-ea793675a091,channel_project,channel_relationship,,
39dda954-8579-4d73-a908-b8d7a1327256,b882a738-5e45-442b-81eb-103917213658,a327a5ea-4bc4-4521-826d-81ac20133683,448025a0-0ff7-4ed0-a917-399a73decef2,a61e2437-628b-43e7-a32c-f948290dbba9,,2026-07-02 03:56:38.163854-07,,t,2026-07-08 04:49:54.708688-07,a61e2437-628b-43e7-a32c-f948290dbba9,channel_project,channel_relationship,,
39e3ff55-17b3-4d03-8b96-56588b7ed8c3,7345ffbd-876a-4b33-9889-5ea2d9f1dbcd,fb606cb5-26e8-43c4-8d13-a07f07bba568,448025a0-0ff7-4ed0-a917-399a73decef2,ae786cf3-a6b6-4a7d-9ea0-ead631615e0c,,2026-03-04 22:49:31.635842-08,,t,2026-04-20 19:19:00.815665-07,ae786cf3-a6b6-4a7d-9ea0-ead631615e0c,channel_project,channel_relationship,,
3a1be5f1-3a67-49bc-8bad-ecea3348a9f3,cfc48296-8f00-4267-a998-84525171a973,40885a7b-f9f9-4541-abc8-6fdcda2ba048,448025a0-0ff7-4ed0-a917-399a73decef2,c47f3399-05a0-4073-8685-89972808f783,,2026-07-08 20:53:57.886586-07,,t,2026-07-09 00:06:36.715303-07,c47f3399-05a0-4073-8685-89972808f783,channel_project,channel_relationship,,
3a35be16-ed0e-4796-a2a6-2cc2cad35b83,2375ea7b-971b-4999-9787-b820c84cbf25,ee7bf8f4-7edd-4ff1-a9c0-ce4de3cc5845,448025a0-0ff7-4ed0-a917-399a73decef2,43de9c8f-6685-44a4-8e13-be229a75ee6f,,2026-08-15 00:39:07.568737-07,,f,,,channel_project,channel_relationship,,
3a4f2ec2-051c-4f45-bd69-7848b416a559,035b3fef-0674-4101-91a0-b2651e65c6a5,701fd0d3-ff09-423e-a42b-af88f38ddf89,448025a0-0ff7-4ed0-a917-399a73decef2,6a34ddae-be72-471a-ad45-7e226c3a141f,,2026-04-01 00:07:42.262494-07,,f,,,channel_project,channel_relationship,,
3a5f30cb-942b-43f4-bd31-90fc9d9054b1,2fdc3c13-8581-4317-a829-350cf851ebf7,fb606cb5-26e8-43c4-8d13-a07f07bba568,448025a0-0ff7-4ed0-a917-399a73decef2,6a34ddae-be72-471a-ad45-7e226c3a141f,,2025-11-20 02:19:35.946045-08,,f,,,channel_project,channel_relationship,,
3a641ca6-3557-4926-9efe-bca8d030377c,719312c5-9880-4554-850b-070b2a91ff70,fb606cb5-26e8-43c4-8d13-a07f07bba568,448025a0-0ff7-4ed0-a917-399a73decef2,a61e2437-628b-43e7-a32c-f948290dbba9,,2026-06-26 05:32:45.092692-07,,f,,,channel_project,channel_relationship,,
3a674037-0393-4ef4-9904-1402dc9bb3b8,fd3dfdb4-9202-4eba-b84f-45a026be101f,d2b565de-9d4d-4e29-9810-29ce00bfd2bd,36310203-8005-41dc-b51e-a8dc52960496,6828c3df-aa9a-4ebe-8418-df13e38bb018,,2026-07-06 14:19:18.989941-07,,f,,,channel_project,channel_relationship,,
3a7f620e-d3fc-48d4-b872-e03ba7a5ade5,4e1c9436-d01c-4d3e-abca-90f29b3578e3,d2b565de-9d4d-4e29-9810-29ce00bfd2bd,36310203-8005-41dc-b51e-a8dc52960496,6828c3df-aa9a-4ebe-8418-df13e38bb018,,2026-07-02 03:29:35.329883-07,,t,2026-08-07 18:22:43.918311-07,6828c3df-aa9a-4ebe-8418-df13e38bb018,channel_project,channel_relationship,,
3a871054-ca44-4493-b424-73873fb4c2c9,7b467cf5-094f-4356-bfc5-81ca434bbd97,fb606cb5-26e8-43c4-8d13-a07f07bba568,448025a0-0ff7-4ed0-a917-399a73decef2,6a34ddae-be72-471a-ad45-7e226c3a141f,,2026-08-04 03:54:24.40466-07,,f,,,channel_project,channel_relationship,,
3a8c0ee6-13cc-4113-b30a-4b9c24658e6b,e268cc05-0829-4ab4-978a-3d035100c255,af13f5cc-6b51-4949-ad6c-1786c27eaa3d,448025a0-0ff7-4ed0-a917-399a73decef2,a61e2437-628b-43e7-a32c-f948290dbba9,,2026-05-19 00:01:52.932727-07,,f,,,channel_project,channel_relationship,,
3a8df7a9-0964-42e3-a4fe-b950a8a3821d,1bdb9585-a81a-426c-88f3-61c36bdf366a,fb606cb5-26e8-43c4-8d13-a07f07bba568,448025a0-0ff7-4ed0-a917-399a73decef2,3a9ff8c5-8923-4d19-a09e-2c8d79cc7c6f,,2025-07-22 21:35:06.604688-07,,f,,,channel_project,channel_relationship,,
3a935ad8-ba3d-4198-91de-be86b672b26b,c5cc86ae-7d1f-4a16-bae4-b973e45a16c9,dd4bf39a-03d9-4c7b-be58-8d0eb4f00acf,448025a0-0ff7-4ed0-a917-399a73decef2,358dceb1-c1b0-46b9-a24f-c1b6a7fdb2dd,,2025-04-30 17:00:00-07,,t,2026-03-05 19:30:24.752521-08,d54d395f-d027-40fb-a19c-723d01f6a380,channel_project,channel_relationship,,
3ad52db8-d3f1-47b6-9093-598b0c33f6e0,50c93aef-a40d-4f5f-9d19-cb40dbf57b91,fb606cb5-26e8-43c4-8d13-a07f07bba568,448025a0-0ff7-4ed0-a917-399a73decef2,6a34ddae-be72-471a-ad45-7e226c3a141f,,2026-08-14 01:29:05.864025-07,,f,,,channel_project,channel_relationship,,
3aecbee0-96f0-47c6-a31d-71f0950d9283,8ceae7b2-2ede-4d50-b56f-247cc8ef718b,85aa4dc6-4ea2-457d-9821-a71fd9d16888,448025a0-0ff7-4ed0-a917-399a73decef2,f555e82d-0044-42ca-ac2a-f05340bad471,,2026-07-08 17:35:47.528125-07,,t,2026-08-10 19:02:14.125782-07,71f9c328-dc24-4c16-a63b-37b588910cd7,channel_project,channel_relationship,,
3afd1ffc-0560-49ba-b38f-a4b54d640693,9b6eb4b8-95d9-4664-be4e-fa66cf056f13,fb606cb5-26e8-43c4-8d13-a07f07bba568,448025a0-0ff7-4ed0-a917-399a73decef2,a61e2437-628b-43e7-a32c-f948290dbba9,,2026-03-01 17:57:27.279762-08,,f,,,channel_project,channel_relationship,,
3b0752ec-bb05-4148-9382-7d787079d1c9,5c7cda9c-25f2-4d63-b343-37f2fc9c6d1f,ee7bf8f4-7edd-4ff1-a9c0-ce4de3cc5845,448025a0-0ff7-4ed0-a917-399a73decef2,3a9ff8c5-8923-4d19-a09e-2c8d79cc7c6f,,2026-03-17 19:15:45.684866-07,,f,,,channel_project,channel_relationship,,
3b157e5a-4097-42c8-a978-f4e14c9c5d2e,2aa8c2ac-c061-4abe-a428-3159e0ac8c9b,71e59864-5ed2-4311-bc5b-7a7597294c44,36310203-8005-41dc-b51e-a8dc52960496,6828c3df-aa9a-4ebe-8418-df13e38bb018,,2026-07-28 04:18:11.250815-07,,f,,,channel_project,channel_relationship,,
3b16d573-6ddf-41ea-a35e-dd85ac40991b,cc7415d6-69cf-49d6-a8bc-09f106e4141c,fb606cb5-26e8-43c4-8d13-a07f07bba568,448025a0-0ff7-4ed0-a917-399a73decef2,a61e2437-628b-43e7-a32c-f948290dbba9,,2026-07-20 21:36:16.830301-07,,f,,,channel_project,channel_relationship,,
3b20f71a-dab0-46be-9515-26b7c7a67c6b,926724da-014a-4cd1-a20f-97ac633436e7,fb606cb5-26e8-43c4-8d13-a07f07bba568,448025a0-0ff7-4ed0-a917-399a73decef2,a61e2437-628b-43e7-a32c-f948290dbba9,,2026-04-16 00:35:21.426145-07,,f,,,channel_project,channel_relationship,,
3b238add-ed74-48a3-afe6-022b5da6e772,f4a04b85-028c-4e7c-845e-39e125e17e84,a76d214b-b2d3-43f8-85d5-96d6a453c9a2,448025a0-0ff7-4ed0-a917-399a73decef2,f555e82d-0044-42ca-ac2a-f05340bad471,,2026-07-16 21:39:06.950407-07,,f,,,channel_project,channel_relationship,,
3b57bd80-fc51-48e8-a067-e13378fe9c74,4f69215b-114c-45d2-a6eb-dda285740d63,fb606cb5-26e8-43c4-8d13-a07f07bba568,448025a0-0ff7-4ed0-a917-399a73decef2,0a180fe5-e1cd-44c6-9da8-b8c85bc4b573,,2026-07-31 19:49:29.468944-07,,f,,,channel_project,channel_relationship,,
3b5e4a10-10bd-4aeb-b543-ccd4638634f5,11acb61c-c125-4d40-8913-39633c3fb1cc,71e59864-5ed2-4311-bc5b-7a7597294c44,36310203-8005-41dc-b51e-a8dc52960496,6828c3df-aa9a-4ebe-8418-df13e38bb018,,2026-07-28 04:16:02.641889-07,,f,,,channel_project,channel_relationship,,
3b5f0836-b5bc-4dfa-9e80-52d1b181f990,5edfa2bb-3e29-47b4-ab7b-dc685d695d6d,fb606cb5-26e8-43c4-8d13-a07f07bba568,448025a0-0ff7-4ed0-a917-399a73decef2,43de9c8f-6685-44a4-8e13-be229a75ee6f,,2026-01-09 19:53:01.601759-08,,f,,,channel_project,channel_relationship,,
3b611e1c-b940-467a-9c5c-08c19d570d82,bbeab06b-6ee1-458b-9dfe-ce233cdc2137,64186c95-1a3c-4e1d-89d5-eec2438cc9e0,448025a0-0ff7-4ed0-a917-399a73decef2,6a34ddae-be72-471a-ad45-7e226c3a141f,,2026-06-07 18:33:27.819695-07,,t,2026-07-14 02:38:01.871001-07,6a34ddae-be72-471a-ad45-7e226c3a141f,channel_project,channel_relationship,,
3b79efa5-2817-414f-adff-64fbd107d3f9,0e66f808-8255-4604-aaf0-9a7a4964d2cd,fb606cb5-26e8-43c4-8d13-a07f07bba568,448025a0-0ff7-4ed0-a917-399a73decef2,3a9ff8c5-8923-4d19-a09e-2c8d79cc7c6f,,2025-07-29 02:49:31.519331-07,,f,,,channel_project,channel_relationship,,
3b7faa26-7eef-400d-b7f2-5b79902c17c8,b446250d-5c45-4680-b7d5-acdfe207272d,d2b565de-9d4d-4e29-9810-29ce00bfd2bd,36310203-8005-41dc-b51e-a8dc52960496,6828c3df-aa9a-4ebe-8418-df13e38bb018,,2026-04-17 21:24:02.887821-07,,t,2026-06-04 02:03:00.378366-07,6828c3df-aa9a-4ebe-8418-df13e38bb018,channel_project,channel_relationship,,
3b9d3933-9f6b-4910-920f-00fc333f30e9,4e53f649-d803-423c-8bc4-dc663f8369b4,af13f5cc-6b51-4949-ad6c-1786c27eaa3d,448025a0-0ff7-4ed0-a917-399a73decef2,6a34ddae-be72-471a-ad45-7e226c3a141f,,2026-08-14 01:31:20.54952-07,,f,,,channel_project,channel_relationship,,
3b9fd5a9-587b-4907-80e8-fddfddad92c9,f276d5ea-d859-418e-b383-68d1afcfb21b,4bd3177f-50fa-43f0-bff0-62590a365558,36310203-8005-41dc-b51e-a8dc52960496,1fe20089-cd12-4a7c-bb42-9d338cab198b,,2025-12-28 23:38:58.925654-08,,t,2026-05-04 02:19:21.036943-07,a49192c4-8bb3-4976-a588-82de978a882e,channel_project,channel_relationship,,
3bed9005-8b35-4d79-99e3-ba39bdcd587f,e1149056-6c53-46f8-8ad7-0f22f9284b75,701fd0d3-ff09-423e-a42b-af88f38ddf89,448025a0-0ff7-4ed0-a917-399a73decef2,6a34ddae-be72-471a-ad45-7e226c3a141f,,2026-05-19 03:37:12.574779-07,,t,2026-06-01 18:15:32.976329-07,6a34ddae-be72-471a-ad45-7e226c3a141f,channel_project,channel_relationship,,
3c132611-b1d6-405a-a09c-1f83899e7746,a1b5899b-fc44-441a-8a34-c14ca872b524,d2b565de-9d4d-4e29-9810-29ce00bfd2bd,36310203-8005-41dc-b51e-a8dc52960496,1fe20089-cd12-4a7c-bb42-9d338cab198b,,2025-12-28 23:36:15.898891-08,,t,2026-04-24 23:56:51.937346-07,1fe20089-cd12-4a7c-bb42-9d338cab198b,channel_project,channel_relationship,,
3c30db2e-287a-4be1-9766-b0535cdefa67,51f88aff-336e-4067-96e9-2d37093b148f,8af275a2-22c4-45c1-9113-8b95c3f16063,448025a0-0ff7-4ed0-a917-399a73decef2,c47f3399-05a0-4073-8685-89972808f783,,2026-08-17 03:22:59.188574-07,,f,,,channel_project,channel_relationship,,
3c44897e-268d-4a7e-9599-4e0dc499b254,24613508-1f1e-432f-88e2-a211d9b148c1,fb606cb5-26e8-43c4-8d13-a07f07bba568,448025a0-0ff7-4ed0-a917-399a73decef2,358dceb1-c1b0-46b9-a24f-c1b6a7fdb2dd,,2025-05-29 22:03:37.306447-07,,t,2025-07-16 01:16:55.824427-07,3a9ff8c5-8923-4d19-a09e-2c8d79cc7c6f,channel_project,channel_relationship,,
3c48b740-9179-4ab8-96d4-d03b5c2941d9,2b52d840-0002-4a29-9043-63760f5d7987,fb606cb5-26e8-43c4-8d13-a07f07bba568,448025a0-0ff7-4ed0-a917-399a73decef2,6a34ddae-be72-471a-ad45-7e226c3a141f,,2025-11-19 04:57:51.590444-08,,t,2026-06-11 21:10:29.504934-07,6a34ddae-be72-471a-ad45-7e226c3a141f,channel_project,channel_relationship,,
3c4bd6b3-6095-43e9-b3bf-a40c178bd3f1,648dc4f6-7a12-4419-b26e-2402f78741b0,ee7bf8f4-7edd-4ff1-a9c0-ce4de3cc5845,448025a0-0ff7-4ed0-a917-399a73decef2,43de9c8f-6685-44a4-8e13-be229a75ee6f,,2025-11-20 18:17:40.69317-08,,f,,,channel_project,channel_relationship,,
3c7abd11-90a5-401f-b682-d90363d280d1,f2edebbf-a27b-476c-8d40-441544d430fe,fb606cb5-26e8-43c4-8d13-a07f07bba568,448025a0-0ff7-4ed0-a917-399a73decef2,43de9c8f-6685-44a4-8e13-be229a75ee6f,,2025-10-09 20:44:49.049401-07,,f,,,channel_project,channel_relationship,,
3c7b5335-2103-403b-8af5-dcb551c0a5ad,83546f70-3b79-4803-a00d-d4d620662403,8a60f56f-59b6-42d0-9a8e-2c504599f70c,448025a0-0ff7-4ed0-a917-399a73decef2,3a9ff8c5-8923-4d19-a09e-2c8d79cc7c6f,,2026-03-17 21:38:36.2305-07,,f,,,channel_project,channel_relationship,,
3c8463a1-89c6-4677-b914-a6e6033e77d5,490497dc-5a22-4f3e-aabd-15f555818c32,85aa4dc6-4ea2-457d-9821-a71fd9d16888,448025a0-0ff7-4ed0-a917-399a73decef2,358dceb1-c1b0-46b9-a24f-c1b6a7fdb2dd,,2025-05-01 17:00:00-07,,f,,,channel_project,channel_relationship,,
3c89bc77-cd7b-467e-a49c-5951d48f1af3,f92107f0-eb1a-4e4f-a87a-a78ab53ce449,fb606cb5-26e8-43c4-8d13-a07f07bba568,448025a0-0ff7-4ed0-a917-399a73decef2,6a34ddae-be72-471a-ad45-7e226c3a141f,,2026-08-14 01:28:38.392953-07,,f,,,channel_project,channel_relationship,,
3c9e6fca-59c1-417a-8f0f-78dc30e49acc,407d9234-fa54-4039-b409-9e7b926f479a,a76d214b-b2d3-43f8-85d5-96d6a453c9a2,448025a0-0ff7-4ed0-a917-399a73decef2,6a34ddae-be72-471a-ad45-7e226c3a141f,,2026-06-07 18:38:47.531071-07,,t,2026-07-13 02:05:38.343132-07,6a34ddae-be72-471a-ad45-7e226c3a141f,channel_project,channel_relationship,,
3cb43782-c1d2-4450-8754-b262d3659feb,17f48f51-7f38-41b0-a897-21f240726378,cf87bfa4-1f15-4733-b861-49f1f08bef4c,448025a0-0ff7-4ed0-a917-399a73decef2,43de9c8f-6685-44a4-8e13-be229a75ee6f,,2026-01-06 22:47:37.616881-08,,f,,,channel_project,channel_relationship,,
3cb8184f-962c-4214-a72b-792aeb6f993f,738aec28-8d63-4cfe-8114-caf384de90c4,fb606cb5-26e8-43c4-8d13-a07f07bba568,448025a0-0ff7-4ed0-a917-399a73decef2,92f38085-28a3-43aa-8bde-1b4b9ecfdfd6,,2026-04-12 18:24:44.26225-07,,f,,,channel_project,channel_relationship,,
3cd56b19-c619-4e38-9104-150847039eca,c56857ed-f6dc-4a41-96e5-6b1eb4b2de37,d2b565de-9d4d-4e29-9810-29ce00bfd2bd,36310203-8005-41dc-b51e-a8dc52960496,6828c3df-aa9a-4ebe-8418-df13e38bb018,,2026-06-01 14:31:46.306023-07,,t,2026-07-19 20:59:45.050279-07,6828c3df-aa9a-4ebe-8418-df13e38bb018,channel_project,channel_relationship,,
3ce3814d-2b7e-4f36-aa6e-4872d3e432dc,45c3791e-044c-43b5-bdea-1485aa92e300,71e59864-5ed2-4311-bc5b-7a7597294c44,36310203-8005-41dc-b51e-a8dc52960496,1fe20089-cd12-4a7c-bb42-9d338cab198b,,2026-05-10 20:09:20.980452-07,,f,,,channel_project,channel_relationship,,
3cf3a73f-83ef-4585-8ef1-f9c75f6b1056,0c225e14-36a6-41c2-813f-3a4b924716b8,fb606cb5-26e8-43c4-8d13-a07f07bba568,448025a0-0ff7-4ed0-a917-399a73decef2,43de9c8f-6685-44a4-8e13-be229a75ee6f,,2025-12-17 02:33:36.849272-08,,f,,,channel_project,channel_relationship,,
3cff4331-983f-4457-9a66-4023c540763a,f90efe4e-4b5e-486c-9a25-c8a76e85f137,af13f5cc-6b51-4949-ad6c-1786c27eaa3d,448025a0-0ff7-4ed0-a917-399a73decef2,358dceb1-c1b0-46b9-a24f-c1b6a7fdb2dd,,2025-05-01 17:00:00-07,,f,,,channel_project,channel_relationship,,
3d055da0-b4fa-49f1-8a8a-5088604c66e5,3a49ea98-f816-4955-91cc-83484a8c144f,af13f5cc-6b51-4949-ad6c-1786c27eaa3d,448025a0-0ff7-4ed0-a917-399a73decef2,6a34ddae-be72-471a-ad45-7e226c3a141f,,2026-07-27 21:39:02.882795-07,,f,,,channel_project,channel_relationship,,
3d0b9210-aa9e-4a24-bcbe-6e5543ec5f0c,27591cb2-54c4-41eb-8344-0a84ddca8ab2,ee7bf8f4-7edd-4ff1-a9c0-ce4de3cc5845,448025a0-0ff7-4ed0-a917-399a73decef2,ae786cf3-a6b6-4a7d-9ea0-ead631615e0c,,2026-04-14 04:04:20.091241-07,,f,,,channel_project,channel_relationship,,
3d16672c-8d87-4296-817f-b0dec0b7ea8f,6614ddca-f3aa-4976-8770-ed2c6bdba586,d2b565de-9d4d-4e29-9810-29ce00bfd2bd,36310203-8005-41dc-b51e-a8dc52960496,6828c3df-aa9a-4ebe-8418-df13e38bb018,,2026-06-10 18:57:49.90327-07,,f,,,channel_project,channel_relationship,,
3d1eba8c-5652-4cba-8b33-9c7a3d070908,13aefdf3-b2e4-46b7-b20c-da203309c054,af13f5cc-6b51-4949-ad6c-1786c27eaa3d,448025a0-0ff7-4ed0-a917-399a73decef2,ed126c01-206e-4679-96c9-9352abeffddb,,2026-07-28 22:03:13.750588-07,,f,,,channel_project,channel_relationship,,
3d1fdd6d-0c9a-46a6-be52-e6ee7ae33eab,42ba0326-74b8-4246-b4cd-2f6918949e7e,d2b565de-9d4d-4e29-9810-29ce00bfd2bd,36310203-8005-41dc-b51e-a8dc52960496,1fe20089-cd12-4a7c-bb42-9d338cab198b,,2025-12-28 23:34:59.052153-08,,t,2026-03-18 19:25:49.975884-07,1fe20089-cd12-4a7c-bb42-9d338cab198b,channel_project,channel_relationship,,
3d2a4bfc-33d1-4a46-9c3d-785045273cf9,3c3278db-8cb2-4440-a38b-c59c4603fbd6,d2b565de-9d4d-4e29-9810-29ce00bfd2bd,36310203-8005-41dc-b51e-a8dc52960496,1fe20089-cd12-4a7c-bb42-9d338cab198b,,2025-12-28 23:34:21.378023-08,,t,2026-05-04 00:03:04.619146-07,a49192c4-8bb3-4976-a588-82de978a882e,channel_project,channel_relationship,,
3d31a32b-486b-4484-bbb2-dfbdc8227d64,aae5d2c5-0469-4a86-861e-ea63fb3f0d46,d2b565de-9d4d-4e29-9810-29ce00bfd2bd,36310203-8005-41dc-b51e-a8dc52960496,5ee9a2ec-3ce4-43df-a5d7-934ceabd411f,,2025-12-31 01:13:01.248776-08,,t,2026-06-03 00:48:42.158026-07,a49192c4-8bb3-4976-a588-82de978a882e,channel_project,channel_relationship,,
3d38a5d6-f389-45f3-9aee-26f696160fe4,b25cebdc-850b-48dc-9392-5e68b367b677,40885a7b-f9f9-4541-abc8-6fdcda2ba048,448025a0-0ff7-4ed0-a917-399a73decef2,a61e2437-628b-43e7-a32c-f948290dbba9,,2026-03-02 20:34:00.846642-08,,t,2026-03-12 19:52:29.244566-07,c47f3399-05a0-4073-8685-89972808f783,channel_project,channel_relationship,,
3d3acc74-b501-4cd0-acbb-d507454af668,a0b41289-f770-4c2e-8425-0dbd909ba0f1,701fd0d3-ff09-423e-a42b-af88f38ddf89,448025a0-0ff7-4ed0-a917-399a73decef2,6a34ddae-be72-471a-ad45-7e226c3a141f,,2025-11-19 17:38:26.176807-08,,f,,,channel_project,channel_relationship,,
3d3ad757-c28d-4d0e-8c5b-ac7972c057eb,0667e2f2-1158-4414-beeb-13e958c2b90a,d2b565de-9d4d-4e29-9810-29ce00bfd2bd,36310203-8005-41dc-b51e-a8dc52960496,6828c3df-aa9a-4ebe-8418-df13e38bb018,,2026-05-25 15:19:32.795132-07,,t,2026-06-04 02:05:55.069628-07,6828c3df-aa9a-4ebe-8418-df13e38bb018,channel_project,channel_relationship,,
3d49b0fc-7ee9-47a1-868a-df429607f3f7,25a633fc-580f-4d18-b6d5-7756f6b76df4,a76d214b-b2d3-43f8-85d5-96d6a453c9a2,448025a0-0ff7-4ed0-a917-399a73decef2,f555e82d-0044-42ca-ac2a-f05340bad471,,2026-07-19 21:25:10.172853-07,,t,2026-07-27 02:01:29.832927-07,92f38085-28a3-43aa-8bde-1b4b9ecfdfd6,channel_project,channel_relationship,,
3d4d8bf7-5a63-40ac-ae92-b4049ccf1292,d88b35dd-296b-4c43-bcbb-bb80708035d5,4bd3177f-50fa-43f0-bff0-62590a365558,36310203-8005-41dc-b51e-a8dc52960496,5ee9a2ec-3ce4-43df-a5d7-934ceabd411f,,2026-02-12 02:19:47.463935-08,,t,2026-05-18 19:28:12.682253-07,5ee9a2ec-3ce4-43df-a5d7-934ceabd411f,channel_project,channel_relationship,,
3d638eeb-2b08-4a37-9f14-57c15be878e5,da1f1954-ab84-44d0-81f5-6038698680d1,fb606cb5-26e8-43c4-8d13-a07f07bba568,448025a0-0ff7-4ed0-a917-399a73decef2,43de9c8f-6685-44a4-8e13-be229a75ee6f,,2026-01-06 22:46:08.169411-08,,f,,,channel_project,channel_relationship,,
3d66f799-d9fd-4d19-9340-f30c6b9152ea,a14d7360-ae99-4246-b901-76798d743139,40885a7b-f9f9-4541-abc8-6fdcda2ba048,448025a0-0ff7-4ed0-a917-399a73decef2,c47f3399-05a0-4073-8685-89972808f783,,2026-05-04 03:01:04.334888-07,,f,,,channel_project,channel_relationship,,
3d7a838d-01aa-49c6-8a5f-f73e458edb5d,dac048ce-d188-4d4f-8b94-8f2b88a042ae,40885a7b-f9f9-4541-abc8-6fdcda2ba048,448025a0-0ff7-4ed0-a917-399a73decef2,c47f3399-05a0-4073-8685-89972808f783,,2026-07-08 20:51:16.495569-07,,t,2026-07-09 00:06:46.799686-07,c47f3399-05a0-4073-8685-89972808f783,channel_project,channel_relationship,,
3d89e2d0-279c-436d-9f0d-6c21b041b1a2,a44581ff-9f48-4825-a3f1-a28632b88ee9,d2b565de-9d4d-4e29-9810-29ce00bfd2bd,36310203-8005-41dc-b51e-a8dc52960496,6828c3df-aa9a-4ebe-8418-df13e38bb018,,2026-02-24 00:23:51.995649-08,,t,2026-03-23 19:55:18.266527-07,6828c3df-aa9a-4ebe-8418-df13e38bb018,channel_project,channel_relationship,,
3d901070-34c4-46fb-825d-59445167eb60,0173e7f2-7642-4ba5-bbbd-0008398605d5,767724ec-7181-4a56-8366-aa141632fe8e,448025a0-0ff7-4ed0-a917-399a73decef2,3a9ff8c5-8923-4d19-a09e-2c8d79cc7c6f,,2026-03-17 20:20:36.155652-07,,f,,,channel_project,channel_relationship,,
3d9a949b-f310-4ae0-a4c2-0295300b1e31,5929d84a-7076-4c8a-9793-0bf8703b63f0,fb606cb5-26e8-43c4-8d13-a07f07bba568,448025a0-0ff7-4ed0-a917-399a73decef2,6a34ddae-be72-471a-ad45-7e226c3a141f,,2026-08-02 21:43:39.208959-07,,f,,,channel_project,channel_relationship,,
3db106e8-ddc0-4df0-aa38-e8fdd2e7a046,82765a10-75aa-48a7-8105-1de60aaee953,fb606cb5-26e8-43c4-8d13-a07f07bba568,448025a0-0ff7-4ed0-a917-399a73decef2,358dceb1-c1b0-46b9-a24f-c1b6a7fdb2dd,,2025-05-29 22:03:37.306449-07,,f,,,channel_project,channel_relationship,,
3db2651e-4a46-4722-ac6b-a3631d08d0c1,e3cbc771-2a47-4708-8947-d885c6bbf12d,af13f5cc-6b51-4949-ad6c-1786c27eaa3d,448025a0-0ff7-4ed0-a917-399a73decef2,6a34ddae-be72-471a-ad45-7e226c3a141f,,2026-07-13 02:09:46.093264-07,,f,,,channel_project,channel_relationship,,
3dbf745e-62bb-4757-9a5a-0a9a61700806,5afca686-6f45-4c28-839f-90eeec3f0fd9,fb606cb5-26e8-43c4-8d13-a07f07bba568,448025a0-0ff7-4ed0-a917-399a73decef2,c0763473-fe67-4996-bc70-844b2ca08039,,2026-03-12 02:45:23.555059-07,,f,,,channel_project,channel_relationship,,
3dcd85ce-7c57-4308-9f89-d0f1c8a06e8e,8fa3b959-965d-46cd-acf3-6fb4e8cb6848,af13f5cc-6b51-4949-ad6c-1786c27eaa3d,448025a0-0ff7-4ed0-a917-399a73decef2,6a34ddae-be72-471a-ad45-7e226c3a141f,,2026-07-13 02:05:29.053218-07,,f,,,channel_project,channel_relationship,,
3deed656-4e54-4ed1-8574-0c64e3414e0a,6f13e7ad-d4de-43ad-ae00-c52050b80771,fb606cb5-26e8-43c4-8d13-a07f07bba568,448025a0-0ff7-4ed0-a917-399a73decef2,e2b5d056-b0c9-4d57-948c-ad7f170f0a4d,,2025-08-28 02:22:14.3716-07,,f,,,channel_project,channel_relationship,,
3e0333f0-ec0f-46ba-a800-7eb7130e3a7c,6504198e-7291-4f6f-a96f-e49d2b3741f1,fb606cb5-26e8-43c4-8d13-a07f07bba568,448025a0-0ff7-4ed0-a917-399a73decef2,358dceb1-c1b0-46b9-a24f-c1b6a7fdb2dd,,2025-05-01 17:00:00-07,,t,2026-03-17 01:52:40.444837-07,3a9ff8c5-8923-4d19-a09e-2c8d79cc7c6f,channel_project,channel_relationship,,
3e1f1640-e5a6-4ee3-9abb-103397e3b542,682e2caa-3e22-40c9-ab08-0b7cca180cd0,d2b565de-9d4d-4e29-9810-29ce00bfd2bd,36310203-8005-41dc-b51e-a8dc52960496,6828c3df-aa9a-4ebe-8418-df13e38bb018,,2026-08-20 15:02:30.641419-07,,f,,,channel_project,channel_relationship,,
3e2f7da6-7949-4e44-8331-8c9a830d4db7,cd9f7c06-2b3c-4ebe-b1cb-fdcce71e8e9d,fb606cb5-26e8-43c4-8d13-a07f07bba568,448025a0-0ff7-4ed0-a917-399a73decef2,ae786cf3-a6b6-4a7d-9ea0-ead631615e0c,,2026-01-07 19:07:26.535151-08,,f,,,channel_project,channel_relationship,,
3e3494bb-4b24-494a-acd7-e1d98b9bac02,bb6dc5fe-6cb5-4538-8b5c-151496234970,fb606cb5-26e8-43c4-8d13-a07f07bba568,448025a0-0ff7-4ed0-a917-399a73decef2,358dceb1-c1b0-46b9-a24f-c1b6a7fdb2dd,,2025-05-29 22:04:18.113525-07,,t,2025-12-07 18:01:49.499963-08,8a0ee7e0-1ec4-440b-8f0a-4950c2b3caec,channel_project,channel_relationship,,
3e3d1a5c-e3ba-4a19-9470-e525d48e71d6,ca73cf23-b9a7-46dc-8464-6cad877b8f78,701fd0d3-ff09-423e-a42b-af88f38ddf89,448025a0-0ff7-4ed0-a917-399a73decef2,6a34ddae-be72-471a-ad45-7e226c3a141f,,2026-01-18 20:33:43.710113-08,,f,,,channel_project,channel_relationship,,
3e3ee08d-182d-4e68-a62a-495341686dc7,f2518c4c-2db1-41e9-8bd2-40fab25664ad,fb606cb5-26e8-43c4-8d13-a07f07bba568,448025a0-0ff7-4ed0-a917-399a73decef2,6a34ddae-be72-471a-ad45-7e226c3a141f,,2026-07-27 21:36:27.55836-07,,f,,,channel_project,channel_relationship,,
3e519b31-92ee-49a6-9d99-62b7b70179cb,47b4c65a-e723-4dbc-835f-926b9def7958,af13f5cc-6b51-4949-ad6c-1786c27eaa3d,448025a0-0ff7-4ed0-a917-399a73decef2,358dceb1-c1b0-46b9-a24f-c1b6a7fdb2dd,,2025-04-30 17:00:00-07,,t,2025-11-19 02:54:12.178206-08,6a34ddae-be72-471a-ad45-7e226c3a141f,channel_project,channel_relationship,,
3e6b1a75-3c2f-41e8-a4b2-50447751e424,e16017b0-4376-4ac1-b6b4-8588d4b19b29,692dd103-d0c0-48e9-8000-3caa07bc5036,448025a0-0ff7-4ed0-a917-399a73decef2,43de9c8f-6685-44a4-8e13-be229a75ee6f,,2026-08-11 06:48:09.616989-07,,f,,,channel_project,channel_relationship,,
3e894b99-d702-4159-a4a7-0e6be307825c,647e3970-7360-49dc-b3f9-dec679094dad,af13f5cc-6b51-4949-ad6c-1786c27eaa3d,448025a0-0ff7-4ed0-a917-399a73decef2,c4b28be5-e3a3-400b-a946-c94bf1ecfec3,,2026-03-30 20:07:02.978969-07,,f,,,channel_project,channel_relationship,,
3e9610cd-3f15-4456-baa3-0798186f0df8,a418fda6-f51c-4d57-bfd4-28408db76e51,77790929-1ec7-4186-b7ce-fe7dbf0b8fef,448025a0-0ff7-4ed0-a917-399a73decef2,358dceb1-c1b0-46b9-a24f-c1b6a7fdb2dd,,2025-05-01 17:00:00-07,,f,,,channel_project,channel_relationship,,
3f02d25c-92fa-43b6-8cd2-293e47851c77,59944ef4-683d-47bc-a0a2-95e0dc2f790e,af13f5cc-6b51-4949-ad6c-1786c27eaa3d,448025a0-0ff7-4ed0-a917-399a73decef2,6a34ddae-be72-471a-ad45-7e226c3a141f,,2026-07-13 02:06:09.436797-07,,f,,,channel_project,channel_relationship,,
3f036806-4ca1-4f52-879f-1a8b4ece1c30,d2ef1fbe-bee9-4874-8189-71adda9f45bd,ee7bf8f4-7edd-4ff1-a9c0-ce4de3cc5845,448025a0-0ff7-4ed0-a917-399a73decef2,a61e2437-628b-43e7-a32c-f948290dbba9,,2026-08-02 18:48:21.745681-07,,f,,,channel_project,channel_relationship,,
3f1b89ac-597b-4dc9-96b0-00614f7abe6c,7e895827-d338-41a5-a1ff-e2d772449b87,ca724c7b-3328-45a5-9019-9eb6697be859,501e409b-2168-4f0c-8d46-b0f17c71796d,358dceb1-c1b0-46b9-a24f-c1b6a7fdb2dd,,2025-04-30 17:00:00-07,,f,,,channel_project,channel_relationship,,
3f1e33c2-2551-4de5-95b2-0bff80ed3db2,099a951c-d72a-4f2d-94d8-f82301db6b46,71e59864-5ed2-4311-bc5b-7a7597294c44,36310203-8005-41dc-b51e-a8dc52960496,6828c3df-aa9a-4ebe-8418-df13e38bb018,,2026-07-03 03:14:20.688777-07,,f,,,channel_project,channel_relationship,,
3f29dcdc-daf8-446c-91fb-7a45e4a733e4,2a229213-6dc6-45a4-8b3b-98f7f98b15d6,da03d469-91bd-4465-815d-a1b05c66cef0,448025a0-0ff7-4ed0-a917-399a73decef2,97ee41e4-8f90-4991-8d67-df26d970bf62,,2026-08-18 01:17:54.641405-07,,f,,,channel_project,channel_relationship,,
3f2bfdf6-987b-47d0-9a3e-c7fd77e2e29e,47317057-130b-46d7-8e46-94a3e4370d52,a76d214b-b2d3-43f8-85d5-96d6a453c9a2,448025a0-0ff7-4ed0-a917-399a73decef2,f555e82d-0044-42ca-ac2a-f05340bad471,,2026-07-20 03:03:09.192678-07,,f,,,channel_project,channel_relationship,,
3f2eb5ff-bc80-4c37-a4d0-8b1e1edecc72,ec1f2c68-eb30-4fa3-90c6-030b827a4fc1,701fd0d3-ff09-423e-a42b-af88f38ddf89,448025a0-0ff7-4ed0-a917-399a73decef2,7ac6e624-a5ec-4b22-82fc-b50012a0c438,,2025-09-15 01:27:40.967734-07,,t,2026-04-23 20:04:55.612275-07,7ac6e624-a5ec-4b22-82fc-b50012a0c438,channel_project,channel_relationship,,
3f38534f-9eec-4e13-b1a8-ff8802af80c1,a6a0f506-37fb-435e-afc5-a554e10241a5,ee7bf8f4-7edd-4ff1-a9c0-ce4de3cc5845,448025a0-0ff7-4ed0-a917-399a73decef2,a61e2437-628b-43e7-a32c-f948290dbba9,,2026-06-25 02:52:34.464097-07,,f,,,channel_project,channel_relationship,,
3f83398e-d0e6-46e5-b1e8-73356119c092,646da709-89e9-4c7b-97fb-2ea4cede39d0,fb606cb5-26e8-43c4-8d13-a07f07bba568,448025a0-0ff7-4ed0-a917-399a73decef2,43de9c8f-6685-44a4-8e13-be229a75ee6f,,2026-08-11 06:37:21.132542-07,,f,,,channel_project,channel_relationship,,
3f850965-b2c4-4b81-9e63-e7d201a8349a,3224a78a-aaf1-4088-b5eb-5202fb57bfe6,fb606cb5-26e8-43c4-8d13-a07f07bba568,501e409b-2168-4f0c-8d46-b0f17c71796d,6a34ddae-be72-471a-ad45-7e226c3a141f,,2025-11-20 02:19:43.028522-08,,f,,,channel_project,channel_relationship,,
3f966afa-88cd-4289-b8e2-659e4fb31c59,1dd65912-e49d-4db4-b65e-de5717266fef,fb606cb5-26e8-43c4-8d13-a07f07bba568,448025a0-0ff7-4ed0-a917-399a73decef2,a61e2437-628b-43e7-a32c-f948290dbba9,,2026-06-26 05:38:22.844346-07,,f,,,channel_project,channel_relationship,,
3f9ff99a-f224-420d-abb2-1d72550e4bd6,bb5168ec-dc48-4ec9-b916-226b3e3511fc,fb606cb5-26e8-43c4-8d13-a07f07bba568,448025a0-0ff7-4ed0-a917-399a73decef2,c47f3399-05a0-4073-8685-89972808f783,,2026-06-04 20:49:35.527952-07,,f,,,channel_project,channel_relationship,,
3fa430e2-7047-4350-805d-c4a9cf2a1463,0b9514d0-df14-4cb2-96f7-66a88144edf3,85aa4dc6-4ea2-457d-9821-a71fd9d16888,448025a0-0ff7-4ed0-a917-399a73decef2,358dceb1-c1b0-46b9-a24f-c1b6a7fdb2dd,,2025-05-01 17:00:00-07,,f,,,channel_project,channel_relationship,,
3fad1e3c-fb5d-4ab2-aa84-abc54eb68e6c,70370a06-873b-48cf-8376-8957f7efda6c,ee7bf8f4-7edd-4ff1-a9c0-ce4de3cc5845,448025a0-0ff7-4ed0-a917-399a73decef2,358dceb1-c1b0-46b9-a24f-c1b6a7fdb2dd,,2025-04-30 17:00:00-07,,t,2025-11-19 04:51:09.609576-08,6a34ddae-be72-471a-ad45-7e226c3a141f,channel_project,channel_relationship,,
3fb150e0-3156-4df5-addc-aa79eb96a372,b80f9c59-a182-4f07-b405-5f13c080f90b,71e59864-5ed2-4311-bc5b-7a7597294c44,36310203-8005-41dc-b51e-a8dc52960496,6828c3df-aa9a-4ebe-8418-df13e38bb018,,2026-08-11 04:15:03.76527-07,,f,,,channel_project,channel_relationship,,
3fb5f49a-3ff4-4f53-805b-efbaa51e2f76,eda384f7-8818-4601-a9f3-b1089b33914c,fb606cb5-26e8-43c4-8d13-a07f07bba568,448025a0-0ff7-4ed0-a917-399a73decef2,6a34ddae-be72-471a-ad45-7e226c3a141f,,2025-11-20 01:39:12.86281-08,,f,,,channel_project,channel_relationship,,
3fc00eea-d8cc-47d6-bd14-d92618237adc,1e47fe16-ffd5-49dc-8f40-7a46e64f1379,a76d214b-b2d3-43f8-85d5-96d6a453c9a2,448025a0-0ff7-4ed0-a917-399a73decef2,43de9c8f-6685-44a4-8e13-be229a75ee6f,,2026-07-31 01:42:29.471338-07,,f,,,channel_project,channel_relationship,,
3fcd4ad6-dad9-4c5a-90fe-49587df6cbde,3fed5540-cde1-4688-8e76-827e9dbf1389,af13f5cc-6b51-4949-ad6c-1786c27eaa3d,448025a0-0ff7-4ed0-a917-399a73decef2,6a34ddae-be72-471a-ad45-7e226c3a141f,,2026-07-13 02:02:33.928479-07,,f,,,channel_project,channel_relationship,,
3fe43fcd-920d-4c3d-b956-15b0bd293c38,5bf457dc-f534-415a-ad56-d8de612f0a34,fb606cb5-26e8-43c4-8d13-a07f07bba568,448025a0-0ff7-4ed0-a917-399a73decef2,ae786cf3-a6b6-4a7d-9ea0-ead631615e0c,,2026-04-03 03:24:40.508517-07,,f,,,channel_project,channel_relationship,,
3ff4dd59-553d-49ae-a6fb-05e701597bf1,da673421-f13f-4266-bf19-2d3a3e35c20e,4bd3177f-50fa-43f0-bff0-62590a365558,36310203-8005-41dc-b51e-a8dc52960496,5ee9a2ec-3ce4-43df-a5d7-934ceabd411f,,2026-05-13 23:39:33.79429-07,,t,2026-06-03 01:03:53.949819-07,a49192c4-8bb3-4976-a588-82de978a882e,channel_project,channel_relationship,,
40073d18-7fe9-4e50-9d59-05339a7455cd,b5367c7e-ec73-4eb9-af49-b605c07a4b15,af13f5cc-6b51-4949-ad6c-1786c27eaa3d,448025a0-0ff7-4ed0-a917-399a73decef2,43de9c8f-6685-44a4-8e13-be229a75ee6f,,2025-12-05 01:11:12.922344-08,,f,,,channel_project,channel_relationship,,
400fa3a8-d330-470b-bfd1-5d8b44561211,e60dd188-76e1-4fdd-817d-01f388b3a971,fb606cb5-26e8-43c4-8d13-a07f07bba568,448025a0-0ff7-4ed0-a917-399a73decef2,ae2d43e0-0d04-4d22-a9e5-93c660d4584c,,2026-06-30 01:27:14.978768-07,,f,,,channel_project,channel_relationship,,
401e28f0-9e94-4810-bdfa-83718ce94c12,84c73ab3-ee18-4139-83af-72d8c90c2035,701fd0d3-ff09-423e-a42b-af88f38ddf89,448025a0-0ff7-4ed0-a917-399a73decef2,3a9ff8c5-8923-4d19-a09e-2c8d79cc7c6f,,2025-10-07 19:59:46.857479-07,,t,2025-10-07 23:48:33.525066-07,d54d395f-d027-40fb-a19c-723d01f6a380,channel_project,channel_relationship,,
4020ba05-d295-418f-9c18-7f2779d8edd2,6f67fb62-f31c-4e2e-97dc-a3608060d41b,d2b565de-9d4d-4e29-9810-29ce00bfd2bd,36310203-8005-41dc-b51e-a8dc52960496,6828c3df-aa9a-4ebe-8418-df13e38bb018,,2026-07-22 18:22:22.515655-07,,f,,,channel_project,channel_relationship,,
405ede11-c26e-4a12-bc16-49486159188b,d6303f35-25a9-435e-9946-87a0a5dc12b1,dd4bf39a-03d9-4c7b-be58-8d0eb4f00acf,448025a0-0ff7-4ed0-a917-399a73decef2,43de9c8f-6685-44a4-8e13-be229a75ee6f,,2026-03-05 19:47:33.356671-08,,f,,,channel_project,channel_relationship,,
406e6cb6-f6e1-4a4a-b68f-8c5b1b0820e3,888e101a-dfcb-4e9c-93fa-f4d5cd215c95,4bd3177f-50fa-43f0-bff0-62590a365558,36310203-8005-41dc-b51e-a8dc52960496,5ee9a2ec-3ce4-43df-a5d7-934ceabd411f,,2026-05-15 21:21:41.159736-07,,t,2026-06-03 01:03:53.9498-07,a49192c4-8bb3-4976-a588-82de978a882e,channel_project,channel_relationship,,
40718b73-176a-4783-8c86-513cb09f867e,1ce66734-9183-462e-81ab-f83ea6a25750,d2b565de-9d4d-4e29-9810-29ce00bfd2bd,36310203-8005-41dc-b51e-a8dc52960496,6828c3df-aa9a-4ebe-8418-df13e38bb018,,2026-06-20 17:50:43.02314-07,,f,,,channel_project,channel_relationship,,
408eea67-6806-4f58-acda-4256b2c07fcf,941c5886-a7a1-4cf2-aacb-afdbb4401a2d,fb606cb5-26e8-43c4-8d13-a07f07bba568,448025a0-0ff7-4ed0-a917-399a73decef2,43de9c8f-6685-44a4-8e13-be229a75ee6f,,2025-10-12 18:38:37.792946-07,,f,,,channel_project,channel_relationship,,
40b076ec-aa75-456d-bb67-78c9ea1cfdd1,ae02f380-8369-4963-a896-3d51f3b311c1,71e59864-5ed2-4311-bc5b-7a7597294c44,36310203-8005-41dc-b51e-a8dc52960496,1fe20089-cd12-4a7c-bb42-9d338cab198b,,2026-05-10 19:55:58.981197-07,,f,,,channel_project,channel_relationship,,
40bb0c81-395b-4ae6-b183-aa0260e03bc4,59c14372-d439-4ca7-b4f8-bdf9f5a6e575,fb606cb5-26e8-43c4-8d13-a07f07bba568,448025a0-0ff7-4ed0-a917-399a73decef2,6a34ddae-be72-471a-ad45-7e226c3a141f,,2026-08-15 01:49:32.725947-07,,f,,,channel_project,channel_relationship,,
40e6bc43-4f88-40ca-9e95-1af13f7619e7,a0535e23-a0fd-4f41-8463-877af686126b,4bd3177f-50fa-43f0-bff0-62590a365558,36310203-8005-41dc-b51e-a8dc52960496,5ee9a2ec-3ce4-43df-a5d7-934ceabd411f,,2026-03-22 20:17:44.752193-07,,t,2026-06-03 01:03:53.949853-07,a49192c4-8bb3-4976-a588-82de978a882e,channel_project,channel_relationship,,
40e6d122-4e8e-4854-a352-ae596fb381b7,ccf0bde0-1de9-4a65-9cca-56dc44c05f9b,fb606cb5-26e8-43c4-8d13-a07f07bba568,448025a0-0ff7-4ed0-a917-399a73decef2,a61e2437-628b-43e7-a32c-f948290dbba9,,2026-08-01 02:04:06.585148-07,,f,,,channel_project,channel_relationship,,
40fae58d-1b46-4fe1-b6ab-b39e8174482d,3c63451e-b380-4696-9e12-42b21b224e7f,af13f5cc-6b51-4949-ad6c-1786c27eaa3d,448025a0-0ff7-4ed0-a917-399a73decef2,6a34ddae-be72-471a-ad45-7e226c3a141f,,2025-11-19 03:11:49.397531-08,,f,,,channel_project,channel_relationship,,
4101d08d-9ce8-4ffe-8d15-3a17e05e48be,efb9f3f6-17fd-4b19-baf9-d617851b3c1a,ee7bf8f4-7edd-4ff1-a9c0-ce4de3cc5845,448025a0-0ff7-4ed0-a917-399a73decef2,358dceb1-c1b0-46b9-a24f-c1b6a7fdb2dd,,2025-05-01 17:00:00-07,,f,,,channel_project,channel_relationship,,
41047ddf-85d2-4c24-8dd3-84792c18f64b,cd0857d3-594c-4e0b-af00-95a3373c36f1,fb606cb5-26e8-43c4-8d13-a07f07bba568,448025a0-0ff7-4ed0-a917-399a73decef2,ae2d43e0-0d04-4d22-a9e5-93c660d4584c,,2026-05-06 21:40:41.628394-07,,f,,,channel_project,channel_relationship,,
410cbf72-9535-464e-a516-0515ea19f9a8,bafc5f50-c535-4589-aa33-9eb0b476da33,40885a7b-f9f9-4541-abc8-6fdcda2ba048,448025a0-0ff7-4ed0-a917-399a73decef2,a61e2437-628b-43e7-a32c-f948290dbba9,,2026-01-15 05:33:59.899797-08,,f,,,channel_project,channel_relationship,,
411876ce-ed82-438a-8fce-10762c2153c7,0c6acde0-1de0-4f36-8584-2b02bd47c9b8,d2b565de-9d4d-4e29-9810-29ce00bfd2bd,36310203-8005-41dc-b51e-a8dc52960496,5ee9a2ec-3ce4-43df-a5d7-934ceabd411f,,2026-05-13 23:43:42.593182-07,,t,2026-06-02 23:48:23.96454-07,a49192c4-8bb3-4976-a588-82de978a882e,channel_project,channel_relationship,,
413499b5-7ca8-48a4-842c-506ef1a68c5e,13aefdf3-b2e4-46b7-b20c-da203309c054,a76d214b-b2d3-43f8-85d5-96d6a453c9a2,448025a0-0ff7-4ed0-a917-399a73decef2,4e3eac7c-e6d8-4e10-b8b5-b66bcc744495,,2026-07-28 22:02:45.620295-07,,t,2026-07-28 22:03:13.750719-07,ed126c01-206e-4679-96c9-9352abeffddb,channel_project,channel_relationship,,
414070d4-8de1-49b5-8036-39e942a16732,147d0cda-cb36-4e30-9ae0-381c1a412f62,ee7bf8f4-7edd-4ff1-a9c0-ce4de3cc5845,448025a0-0ff7-4ed0-a917-399a73decef2,358dceb1-c1b0-46b9-a24f-c1b6a7fdb2dd,,2025-05-01 17:00:00-07,,t,2025-10-29 18:48:29.829021-07,76ac66d4-66c8-405f-b2a8-daca247834c2,channel_project,channel_relationship,,
4141af49-1071-461e-b178-267c6d086497,4e0985bd-b9df-4d5c-819a-62462b1495cd,701fd0d3-ff09-423e-a42b-af88f38ddf89,448025a0-0ff7-4ed0-a917-399a73decef2,3a9ff8c5-8923-4d19-a09e-2c8d79cc7c6f,,2026-03-17 19:24:11.937784-07,,f,,,channel_project,channel_relationship,,
414dcddc-d7e7-4204-9abd-81915a392e80,179e36a4-963b-4c95-9516-4670a17c1f27,fb606cb5-26e8-43c4-8d13-a07f07bba568,448025a0-0ff7-4ed0-a917-399a73decef2,a61e2437-628b-43e7-a32c-f948290dbba9,,2026-06-04 20:36:00.938378-07,,f,,,channel_project,channel_relationship,,
415e8c7a-4ca7-4ceb-a366-e33dce3e214c,84a06cf9-3c74-4538-9093-3490c999fbab,71e59864-5ed2-4311-bc5b-7a7597294c44,36310203-8005-41dc-b51e-a8dc52960496,6828c3df-aa9a-4ebe-8418-df13e38bb018,,2026-07-28 04:18:46.121754-07,,f,,,channel_project,channel_relationship,,
416dbfb8-246f-477f-91fc-b7d144b18472,3f52491a-aa47-47b4-ade0-7fe11e844a80,767724ec-7181-4a56-8366-aa141632fe8e,448025a0-0ff7-4ed0-a917-399a73decef2,358dceb1-c1b0-46b9-a24f-c1b6a7fdb2dd,,2025-05-03 21:07:32.086127-07,,f,,,channel_project,channel_relationship,,
4171d58f-706c-4b29-9505-2c070ded18eb,fbbf53ce-1247-4ee1-a96e-a2554a0ac717,767724ec-7181-4a56-8366-aa141632fe8e,448025a0-0ff7-4ed0-a917-399a73decef2,43de9c8f-6685-44a4-8e13-be229a75ee6f,,2026-07-31 02:05:51.980953-07,,f,,,channel_project,channel_relationship,,
417bd11f-4438-4975-a653-bbefbe2fb11f,9c7d0ab1-3ce9-453f-ad03-53ddb8c123e8,701fd0d3-ff09-423e-a42b-af88f38ddf89,448025a0-0ff7-4ed0-a917-399a73decef2,6a34ddae-be72-471a-ad45-7e226c3a141f,,2026-01-18 20:32:24.945943-08,,f,,,channel_project,channel_relationship,,
4183efd2-0ace-4d62-832b-480e9cbacdac,e77d9660-bba9-488b-bd8e-77e64977d627,d2b565de-9d4d-4e29-9810-29ce00bfd2bd,36310203-8005-41dc-b51e-a8dc52960496,5ee9a2ec-3ce4-43df-a5d7-934ceabd411f,,2026-02-12 02:27:52.644224-08,,t,2026-06-03 00:48:42.158029-07,a49192c4-8bb3-4976-a588-82de978a882e,channel_project,channel_relationship,,
4195ac0a-4429-44c3-ab3d-805bfc6a7db8,9b7346a1-f096-429d-9b3e-dc30ac1cb2f9,d2b565de-9d4d-4e29-9810-29ce00bfd2bd,36310203-8005-41dc-b51e-a8dc52960496,5ee9a2ec-3ce4-43df-a5d7-934ceabd411f,,2026-03-22 20:33:44.533057-07,,t,2026-06-03 00:48:42.157911-07,a49192c4-8bb3-4976-a588-82de978a882e,channel_project,channel_relationship,,
41979992-33f0-4da6-8ff9-4a2c31f02884,59b2cb68-e30d-4ae6-9242-b6c04fbf3a96,fb606cb5-26e8-43c4-8d13-a07f07bba568,448025a0-0ff7-4ed0-a917-399a73decef2,6a34ddae-be72-471a-ad45-7e226c3a141f,,2025-11-19 03:38:05.304075-08,,f,,,channel_project,channel_relationship,,
419c2473-db45-4bca-a73a-57b0e50cfcc6,89bc38e3-2efc-408e-8dde-35834cde4486,fb606cb5-26e8-43c4-8d13-a07f07bba568,448025a0-0ff7-4ed0-a917-399a73decef2,3a9ff8c5-8923-4d19-a09e-2c8d79cc7c6f,,2026-03-17 03:01:31.921226-07,,f,,,channel_project,channel_relationship,,
41a22324-f44e-452b-8fbc-ae3a1d51a4fe,81dedb76-6516-43dd-99c9-cdc0d85cbf9c,40885a7b-f9f9-4541-abc8-6fdcda2ba048,448025a0-0ff7-4ed0-a917-399a73decef2,c47f3399-05a0-4073-8685-89972808f783,,2026-05-27 20:06:03.6068-07,,f,,,channel_project,channel_relationship,,
41f155eb-e526-48d7-bec5-5d6b1273efbd,60887ab3-838e-47d9-a1d3-0877b49a9009,40885a7b-f9f9-4541-abc8-6fdcda2ba048,448025a0-0ff7-4ed0-a917-399a73decef2,c47f3399-05a0-4073-8685-89972808f783,,2026-06-25 03:23:17.956686-07,,f,,,channel_project,channel_relationship,,
42041fe1-ecca-4148-b5b7-92bef5913d19,43bf3c8b-89b1-4138-8ae9-f564bb06596c,40885a7b-f9f9-4541-abc8-6fdcda2ba048,448025a0-0ff7-4ed0-a917-399a73decef2,358dceb1-c1b0-46b9-a24f-c1b6a7fdb2dd,,2025-05-01 22:52:40.869293-07,,t,2025-05-02 20:34:04.869334-07,358dceb1-c1b0-46b9-a24f-c1b6a7fdb2dd,channel_project,channel_relationship,,
42322403-f075-49cd-9a78-5633d27ee308,9ad8931b-f298-421a-bc1b-a79579c68051,af13f5cc-6b51-4949-ad6c-1786c27eaa3d,448025a0-0ff7-4ed0-a917-399a73decef2,6a34ddae-be72-471a-ad45-7e226c3a141f,,2026-07-27 21:35:09.598905-07,,f,,,channel_project,channel_relationship,,
423249c0-42c9-44fb-ab38-941b82300f68,e3b2d925-6f6e-4206-9d4f-9698a0de54c1,a76d214b-b2d3-43f8-85d5-96d6a453c9a2,448025a0-0ff7-4ed0-a917-399a73decef2,43de9c8f-6685-44a4-8e13-be229a75ee6f,,2026-08-12 20:22:29.321516-07,,f,,,channel_project,channel_relationship,,
423487e9-0fe2-4bba-b653-ec7ec58b2ccf,c36ef4fd-87cb-44e8-aaf8-5ffa2fee4a21,fb606cb5-26e8-43c4-8d13-a07f07bba568,448025a0-0ff7-4ed0-a917-399a73decef2,358dceb1-c1b0-46b9-a24f-c1b6a7fdb2dd,,2026-02-11 23:24:34.510744-08,,t,2026-03-10 21:18:12.252944-07,358dceb1-c1b0-46b9-a24f-c1b6a7fdb2dd,channel_project,channel_relationship,,
4235880f-e908-4f30-a050-71350f5d36dc,a18b7723-8b37-4dfd-92c3-b54b933f7707,71e59864-5ed2-4311-bc5b-7a7597294c44,36310203-8005-41dc-b51e-a8dc52960496,6828c3df-aa9a-4ebe-8418-df13e38bb018,,2026-08-19 21:12:13.811619-07,,f,,,channel_project,channel_relationship,,
42526d28-0ff8-45b9-89fe-f183d9260bb1,476f2911-b5a7-4c9a-bbda-837ed2cc6124,701fd0d3-ff09-423e-a42b-af88f38ddf89,448025a0-0ff7-4ed0-a917-399a73decef2,6a34ddae-be72-471a-ad45-7e226c3a141f,,2025-11-19 17:41:39.778194-08,,f,,,channel_project,channel_relationship,,
428ec7ae-1454-4ea0-8c76-6cfe0f583f25,93cd87dd-ceb0-47e9-87de-c9996c90e452,ee7bf8f4-7edd-4ff1-a9c0-ce4de3cc5845,448025a0-0ff7-4ed0-a917-399a73decef2,a61e2437-628b-43e7-a32c-f948290dbba9,,2026-01-13 00:41:14.439625-08,,f,,,channel_project,channel_relationship,,
42b89838-003c-47ed-a77f-d9e43c1413f5,d52b0585-7a8e-45cb-bbc8-bd8f9f1dff27,fb606cb5-26e8-43c4-8d13-a07f07bba568,448025a0-0ff7-4ed0-a917-399a73decef2,97ee41e4-8f90-4991-8d67-df26d970bf62,,2025-09-21 20:09:21.96103-07,,f,,,channel_project,channel_relationship,,
42bda75e-03df-4db7-845e-e2c416115188,ed44140b-5cc4-4d47-8ad1-afdb356aa44b,fb606cb5-26e8-43c4-8d13-a07f07bba568,448025a0-0ff7-4ed0-a917-399a73decef2,358dceb1-c1b0-46b9-a24f-c1b6a7fdb2dd,,2025-05-01 17:00:00-07,,t,2026-03-16 21:45:46.480011-07,3a9ff8c5-8923-4d19-a09e-2c8d79cc7c6f,channel_project,channel_relationship,,
42e9a125-2670-42e1-aec4-67a94beaf0db,24bfd63c-22b3-46fb-8953-b588ac45562f,fb606cb5-26e8-43c4-8d13-a07f07bba568,501e409b-2168-4f0c-8d46-b0f17c71796d,6a34ddae-be72-471a-ad45-7e226c3a141f,,2025-11-20 02:18:23.757544-08,,f,,,channel_project,channel_relationship,,
42ee62ba-ea97-4d91-a1a3-fbd32113b39c,4ef6738e-96bc-4bac-b63b-cad07823c3db,af13f5cc-6b51-4949-ad6c-1786c27eaa3d,448025a0-0ff7-4ed0-a917-399a73decef2,f555e82d-0044-42ca-ac2a-f05340bad471,,2026-07-20 03:18:08.954482-07,,f,,,channel_project,channel_relationship,,
42f9d509-adf6-457e-932b-1e95bad14a91,9721ce31-da73-4475-85f9-5888d35fb732,fb606cb5-26e8-43c4-8d13-a07f07bba568,448025a0-0ff7-4ed0-a917-399a73decef2,55d3e774-3821-4151-9873-f63a66f1b056,,2026-06-15 19:18:47.64036-07,,f,,,channel_project,channel_relationship,,
430c50d1-6b8a-4daf-89c3-69eb874ffe82,f0f269d1-3b02-4f28-a54d-21d1fdd12905,fb606cb5-26e8-43c4-8d13-a07f07bba568,448025a0-0ff7-4ed0-a917-399a73decef2,6a34ddae-be72-471a-ad45-7e226c3a141f,,2026-08-15 02:57:49.406944-07,,f,,,channel_project,channel_relationship,,
4319053f-11c1-4ef9-82aa-c834eaf79581,68f2db71-f350-4b15-bf32-b3dec3a90db6,fb606cb5-26e8-43c4-8d13-a07f07bba568,448025a0-0ff7-4ed0-a917-399a73decef2,ae786cf3-a6b6-4a7d-9ea0-ead631615e0c,,2026-02-28 20:23:34.869994-08,,t,2026-03-17 00:23:45.047316-07,3a9ff8c5-8923-4d19-a09e-2c8d79cc7c6f,channel_project,channel_relationship,,
432b69f1-0a1c-4996-92b6-311e15a48556,4622975e-706c-4bd1-80b0-0a4a4cbefebd,fb606cb5-26e8-43c4-8d13-a07f07bba568,448025a0-0ff7-4ed0-a917-399a73decef2,92f38085-28a3-43aa-8bde-1b4b9ecfdfd6,,2026-04-12 18:24:58.979315-07,,f,,,channel_project,channel_relationship,,
4339f67e-cdc1-4037-b1cf-037388c96bb7,f09e02e5-da6b-4109-a3bb-93badf7c8afe,ee7bf8f4-7edd-4ff1-a9c0-ce4de3cc5845,448025a0-0ff7-4ed0-a917-399a73decef2,43de9c8f-6685-44a4-8e13-be229a75ee6f,,2025-10-12 18:35:22.905697-07,,f,,,channel_project,channel_relationship,,
433bf505-a67e-48c0-95d5-234740c8138a,109ebbea-3192-4fc5-a53e-5ed3e06d9db7,876f23d2-c2e8-4543-9098-804fa472eb3e,448025a0-0ff7-4ed0-a917-399a73decef2,43de9c8f-6685-44a4-8e13-be229a75ee6f,,2026-07-31 03:29:33.39775-07,,f,,,channel_project,channel_relationship,,
43449364-a9ba-4ab0-acce-ef3390a59b65,3ee41b7a-96b5-4ab9-901b-3e0866188b6d,fb606cb5-26e8-43c4-8d13-a07f07bba568,448025a0-0ff7-4ed0-a917-399a73decef2,3a9ff8c5-8923-4d19-a09e-2c8d79cc7c6f,,2026-03-18 00:13:41.384726-07,,f,,,channel_project,channel_relationship,,
434b4d8b-69ed-40cc-b4cc-e25dc8a4ca7d,425e5059-38c8-46c2-84bb-a823b3779401,fb606cb5-26e8-43c4-8d13-a07f07bba568,448025a0-0ff7-4ed0-a917-399a73decef2,a61e2437-628b-43e7-a32c-f948290dbba9,,2025-12-25 18:42:56.974417-08,,t,2026-03-31 20:33:08.062008-07,a61e2437-628b-43e7-a32c-f948290dbba9,channel_project,channel_relationship,,
434bff73-07c7-43eb-8a2e-f57204611fe8,79c468bc-a703-48b7-8d71-1f189d4ed57a,929da576-bb11-4d42-ba66-b7cc0ddb4adc,36310203-8005-41dc-b51e-a8dc52960496,6828c3df-aa9a-4ebe-8418-df13e38bb018,,2026-07-23 19:10:49.402032-07,,f,,,channel_project,channel_relationship,,
4350301c-a702-4adb-9223-84fbfed01b83,202653fe-56e2-4458-a0e3-7b3de9ef677e,af13f5cc-6b51-4949-ad6c-1786c27eaa3d,448025a0-0ff7-4ed0-a917-399a73decef2,6a34ddae-be72-471a-ad45-7e226c3a141f,,2026-07-17 02:19:53.308085-07,,f,,,channel_project,channel_relationship,,
4355c999-e080-4982-be32-6f8a1fb938d0,1115d9ca-af0e-45f8-b409-d43da5c3e27e,af13f5cc-6b51-4949-ad6c-1786c27eaa3d,448025a0-0ff7-4ed0-a917-399a73decef2,6a34ddae-be72-471a-ad45-7e226c3a141f,,2026-08-04 03:57:21.667917-07,,f,,,channel_project,channel_relationship,,
436e4adb-3d6e-45b7-89fe-56ba68b484e2,edb631d2-070b-474b-a156-972ee1aaf24b,4bd3177f-50fa-43f0-bff0-62590a365558,36310203-8005-41dc-b51e-a8dc52960496,6828c3df-aa9a-4ebe-8418-df13e38bb018,,2026-06-15 00:48:16.120476-07,,t,2026-07-28 04:15:05.591324-07,6828c3df-aa9a-4ebe-8418-df13e38bb018,channel_project,channel_relationship,,
43731bcf-e12e-4136-8aa1-a852cdf01a05,34e81cbf-f9a8-494f-abba-6aed0ffd8438,701fd0d3-ff09-423e-a42b-af88f38ddf89,448025a0-0ff7-4ed0-a917-399a73decef2,63223140-0dc1-4205-af3c-00d575dd5b25,,2026-01-21 20:41:10.281665-08,,t,2026-05-04 19:17:49.75252-07,560be9a5-cb6b-4718-871b-714a6ab2e485,channel_project,channel_relationship,,
43811b68-4bf1-473b-9491-2323c4a53910,a7e61925-e4b9-4639-84f7-a7bc0496a8fa,ee7bf8f4-7edd-4ff1-a9c0-ce4de3cc5845,448025a0-0ff7-4ed0-a917-399a73decef2,ae786cf3-a6b6-4a7d-9ea0-ead631615e0c,,2026-04-29 04:09:35.419457-07,,f,,,channel_project,channel_relationship,,
43c5b3e0-cd53-48d6-a0c8-e3fe3a8525be,c824ab0a-f297-4542-b0a9-7e1716d68340,da03d469-91bd-4465-815d-a1b05c66cef0,448025a0-0ff7-4ed0-a917-399a73decef2,1b21dc70-c6bc-448a-8935-0d35ce0ecdbd,,2026-01-14 20:46:44.045702-08,,t,2026-05-25 19:08:48.984477-07,1b21dc70-c6bc-448a-8935-0d35ce0ecdbd,channel_project,channel_relationship,,
43cfd5c4-0901-412d-a23c-94ba65314535,88280ede-3ee7-4469-85e5-cc941080b802,fb606cb5-26e8-43c4-8d13-a07f07bba568,448025a0-0ff7-4ed0-a917-399a73decef2,6a34ddae-be72-471a-ad45-7e226c3a141f,,2025-11-19 05:28:24.373977-08,,f,,,channel_project,channel_relationship,,
43d171a5-9469-4e34-8d11-0b6ab1ce95e1,3ea9c8b8-ac3e-4502-80a6-28155415a284,f717d485-9b65-4884-a4da-2fe10b9ad24c,36310203-8005-41dc-b51e-a8dc52960496,6828c3df-aa9a-4ebe-8418-df13e38bb018,,2026-03-30 04:38:09.622076-07,,t,2026-06-04 02:02:27.734803-07,6828c3df-aa9a-4ebe-8418-df13e38bb018,channel_project,channel_relationship,,
43d7ccec-3680-4afd-8c6b-704989796ee5,f5f3274e-3bc7-4730-a522-cf6fb7d8cdec,fb606cb5-26e8-43c4-8d13-a07f07bba568,448025a0-0ff7-4ed0-a917-399a73decef2,a61e2437-628b-43e7-a32c-f948290dbba9,,2026-07-20 21:37:06.265634-07,,f,,,channel_project,channel_relationship,,
43deedcc-b3f5-4168-aff4-e65707ddbec0,e96d31cf-d7dc-4453-bc81-5c010aff7b52,fb606cb5-26e8-43c4-8d13-a07f07bba568,448025a0-0ff7-4ed0-a917-399a73decef2,ae786cf3-a6b6-4a7d-9ea0-ead631615e0c,,2026-06-25 20:53:35.851181-07,,f,,,channel_project,channel_relationship,,
43e98ee9-e5d0-450a-9ecb-d109412c242a,2130b2a9-6f1a-4d7d-b286-c30fd4b864ad,4bd3177f-50fa-43f0-bff0-62590a365558,36310203-8005-41dc-b51e-a8dc52960496,6828c3df-aa9a-4ebe-8418-df13e38bb018,,2026-02-24 02:27:48.307016-08,,t,2026-03-18 20:18:52.610534-07,6828c3df-aa9a-4ebe-8418-df13e38bb018,channel_project,channel_relationship,,
43faf1f4-3bc6-4dbc-9671-bccdd03b10a5,098060c4-fe60-4eb7-9943-fed2a79c1fd8,85aa4dc6-4ea2-457d-9821-a71fd9d16888,448025a0-0ff7-4ed0-a917-399a73decef2,3a9ff8c5-8923-4d19-a09e-2c8d79cc7c6f,,2026-03-18 00:36:03.101907-07,,t,2026-04-12 07:27:23.031248-07,8eefc4bf-3fda-4bc0-9a87-367394527a6a,channel_project,channel_relationship,,
44010988-523b-4507-aad4-808ca609e4f6,c1af14fe-0326-4a36-a739-ad03b723e511,4efc1c79-f044-4ae8-989f-e08f290b0735,448025a0-0ff7-4ed0-a917-399a73decef2,63223140-0dc1-4205-af3c-00d575dd5b25,,2026-05-04 20:17:48.796218-07,,t,2026-08-02 21:44:01.653491-07,6a34ddae-be72-471a-ad45-7e226c3a141f,channel_project,channel_relationship,,
441b44cc-9cd4-4a1c-a052-d3f0435c253f,5773e370-dc22-4686-acdf-1510f0da30bd,40885a7b-f9f9-4541-abc8-6fdcda2ba048,448025a0-0ff7-4ed0-a917-399a73decef2,97ee41e4-8f90-4991-8d67-df26d970bf62,,2025-10-21 20:35:17.761846-07,,t,2026-03-12 02:11:25.780156-07,6a60fcc1-ce96-4398-a432-d397b95d22b6,channel_project,channel_relationship,,
442d7576-b462-4b59-8c47-7b718105d302,7363e6b4-35bc-4651-b4f3-294302cc6a5c,d2b565de-9d4d-4e29-9810-29ce00bfd2bd,36310203-8005-41dc-b51e-a8dc52960496,5ee9a2ec-3ce4-43df-a5d7-934ceabd411f,,2026-03-22 20:34:48.842476-07,,t,2026-06-03 00:48:42.157908-07,a49192c4-8bb3-4976-a588-82de978a882e,channel_project,channel_relationship,,
443fb1e7-db5a-41c6-b716-40b002e8d85b,5eda20f0-6dce-4c1d-950d-3be6d53212a8,d2b565de-9d4d-4e29-9810-29ce00bfd2bd,36310203-8005-41dc-b51e-a8dc52960496,5ee9a2ec-3ce4-43df-a5d7-934ceabd411f,,2026-03-22 20:43:12.872276-07,,t,2026-06-03 00:48:42.157897-07,a49192c4-8bb3-4976-a588-82de978a882e,channel_project,channel_relationship,,
4444c807-0f71-4a18-a4a9-f52f88821dbb,95de0a55-3858-41db-be21-15f79eaf92e0,fb606cb5-26e8-43c4-8d13-a07f07bba568,448025a0-0ff7-4ed0-a917-399a73decef2,358dceb1-c1b0-46b9-a24f-c1b6a7fdb2dd,,2026-02-11 23:24:34.510744-08,,t,2026-03-10 21:18:30.683342-07,358dceb1-c1b0-46b9-a24f-c1b6a7fdb2dd,channel_project,channel_relationship,,
