Id,ResourceFileInfoId,LockAfterDownload,IsAutoDistributed,DistributedState,AutoPendingRedistributionIn,DepartmentData,UserData,GroupData,ProjectData,ChannelData,IsOrConditionDistribution,ChannelGroupData,CreatedByUserId,UpdatedByUserId,DeletedByUserId,CreatedDate,UpdatedDate,_source_id,_source_connection,_batch_id,_loaded_at
386c7b87-f60f-4806-8f6b-c1e2c6989b4e,f4b6f38b-99a5-47e0-9f79-ab1ff1490405,t,f,1,7,"","","","","04cee13a-69b0-41f1-b39c-889f9bd82938,17f48f51-7f38-41b0-a897-21f240726378,189d5957-a376-4804-9ac9-d3ac913f29b2,22c49afc-02e4-47e8-a4ab-9f0c0546ea68,3084841c-a70b-40d9-9edb-7aa498a50dc1,36298fa0-1ce7-4bae-8c41-db0a98d0341a,396221b9-cdc5-45b2-a79f-2d6de550fda9,3ee41b7a-96b5-4ab9-901b-3e0866188b6d,404f9125-d4c4-4da9-ad88-f829bb17ba62,489f9411-5f7e-4301-814a-60567e4e3e30,59113c8d-b24b-43e2-96f3-1eb18e9020bc,5c1b1d8f-d4a9-4a22-934a-43831e85d1e4,66cd6c10-7895-4502-937a-583c0d9ab692,6fccedd4-9c2a-4b13-a908-32363d8ab09d,7f65daf7-a4b7-4c1d-9b27-95a3e2321af0,7ffdacef-5d02-4aa8-b3d3-84c85d823164,82ce273c-9538-45d9-bc55-81d4406d2896,83546f70-3b79-4803-a00d-d4d620662403,84a48d11-c91a-4704-984d-487c05e520f8,8664aefc-082d-45bf-997c-d7924cdc450f,8b53e647-7506-4329-8541-838a25dc90b3,980be853-40ae-403e-9dfb-e5a0644a55da,988558f8-ab30-4768-aed0-ddcc6cb6b630,a45aa42c-5285-4ac5-8fe7-a51fbd5e1447,aa6908d1-4b4a-4472-8767-934000773385,b5793a82-9df0-404c-b478-a81c03ae4e6c,bd408cb0-2cde-4b1a-b556-8da94c325e1c,c0cc4ed9-8760-4184-b93c-e698dfb46246,c6f97750-2e14-4bb0-8d48-6d7b75af9afb,cbc183a5-8bbf-4ef0-988c-7b542efb0f71,d369fc61-1571-40e8-961b-70044ea493c5,de206049-f16b-4735-bac3-6af89517d5f6,e07abf1a-e63a-4a79-8ed5-11dbd5b7268c,e08f3c2d-0236-4fd0-8b86-d978d047ef93,e5a984fb-9511-483f-9ca8-2624f19dffac,ed0b4e25-e812-41ba-b50b-6963218c597f,ed44140b-5cc4-4d47-8ad1-afdb356aa44b,f335762b-0da1-428e-87a0-bec2dfa6b557,f475b91f-4997-46e8-9c30-f89c24d0a3bf,f601dbeb-2cae-4c86-9924-ce54abb0c3fb,fa2d090f-99ed-4048-bc02-56e323844e79,fad1e7bc-99f8-4821-beff-abd4694d5006,fd42dc28-9ff0-4379-8e65-fbca6f35de60,feb6927d-ee9b-40fc-8897-54a2bef67493",f,,3a9ff8c5-8923-4d19-a09e-2c8d79cc7c6f,3a9ff8c5-8923-4d19-a09e-2c8d79cc7c6f,,2025-07-30 03:07:46.729454,2025-07-30 03:07:46.729454,distribution_media_history,hg_stock,distribution_media_history_20260822_080123,2026-08-22 08:01:40.05814
386c7f11-03a5-4d81-8dc3-dbfb3bd3dae5,0e38bdb6-096d-4295-af95-e242c63a86c1,t,t,1,7,"","",0cffc79b-1bd0-4f1d-a3a6-5d681ef29479,"","",f,,a487b65e-6fc8-47db-8c5a-6c364a9e9d96,a487b65e-6fc8-47db-8c5a-6c364a9e9d96,,2025-05-20 02:12:43.690434,2025-05-20 02:12:43.690434,distribution_media_history,hg_stock,distribution_media_history_20260822_080123,2026-08-22 08:01:40.05814
386c80e2-8ec9-4fed-b508-25265919f3d9,5406a405-09cc-45c8-b68d-56a52343666b,f,f,1,7,"","","48a1af96-5a7d-40d9-8ebe-4e3655f14e4b,7a389018-94d3-443d-9646-ed7b63117169,854cae12-c88d-4bb4-85cf-4ed044d8e963,be3902b4-f926-4850-ba31-f18b178b9d39,f30dad8c-85eb-43c2-a375-5d3fe9ff31ce","","",f,,,,,2025-05-05 08:37:15.095297,2025-05-05 08:37:15.095297,distribution_media_history,hg_stock,distribution_media_history_20260822_080123,2026-08-22 08:01:40.05814
386c83ff-ede1-4423-a1ca-5b4e9ba55fa7,676edf3c-e08b-486c-80e2-758fd1dc78a9,f,f,1,-1,ae0b1e4f-25ee-477b-9b8f-d8e66f1c1b95,"","",87126131-51a3-46a3-b4ac-2ec2cce25711,"",f,"",229dc6f0-0c2f-42cc-8d32-7c3397e96194,229dc6f0-0c2f-42cc-8d32-7c3397e96194,,2026-04-20 11:03:07.549856,2026-04-20 11:03:07.549856,distribution_media_history,hg_stock,distribution_media_history_20260822_080123,2026-08-22 08:01:40.05814
386c8529-85d0-4477-9360-11d8ac062234,4018a526-477e-41f7-958c-a8eb1127e77d,f,f,1,7,"","",bdd9d4f3-6a59-4a34-8087-8b6c644ced64,"","",f,"",229dc6f0-0c2f-42cc-8d32-7c3397e96194,229dc6f0-0c2f-42cc-8d32-7c3397e96194,,2026-01-27 09:21:30.72092,2026-01-27 09:21:30.72092,distribution_media_history,hg_stock,distribution_media_history_20260822_080123,2026-08-22 08:01:40.05814
386c94e0-4262-4fb3-9ace-0a104e1c6bb1,d25caec1-9fed-4a54-995a-a438d81d1327,t,f,1,7,"","","","","04cee13a-69b0-41f1-b39c-889f9bd82938,17f48f51-7f38-41b0-a897-21f240726378,189d5957-a376-4804-9ac9-d3ac913f29b2,22c49afc-02e4-47e8-a4ab-9f0c0546ea68,3084841c-a70b-40d9-9edb-7aa498a50dc1,36298fa0-1ce7-4bae-8c41-db0a98d0341a,396221b9-cdc5-45b2-a79f-2d6de550fda9,3ee41b7a-96b5-4ab9-901b-3e0866188b6d,404f9125-d4c4-4da9-ad88-f829bb17ba62,489f9411-5f7e-4301-814a-60567e4e3e30,59113c8d-b24b-43e2-96f3-1eb18e9020bc,66cd6c10-7895-4502-937a-583c0d9ab692,6fccedd4-9c2a-4b13-a908-32363d8ab09d,7f65daf7-a4b7-4c1d-9b27-95a3e2321af0,7ffdacef-5d02-4aa8-b3d3-84c85d823164,82ce273c-9538-45d9-bc55-81d4406d2896,83546f70-3b79-4803-a00d-d4d620662403,84a48d11-c91a-4704-984d-487c05e520f8,8664aefc-082d-45bf-997c-d7924cdc450f,8b53e647-7506-4329-8541-838a25dc90b3,980be853-40ae-403e-9dfb-e5a0644a55da,988558f8-ab30-4768-aed0-ddcc6cb6b630,a45aa42c-5285-4ac5-8fe7-a51fbd5e1447,aa6908d1-4b4a-4472-8767-934000773385,afe4ba65-c5e3-4bbb-9e23-6ccb370dc871,b5793a82-9df0-404c-b478-a81c03ae4e6c,bd408cb0-2cde-4b1a-b556-8da94c325e1c,c0cc4ed9-8760-4184-b93c-e698dfb46246,c6f97750-2e14-4bb0-8d48-6d7b75af9afb,cbc183a5-8bbf-4ef0-988c-7b542efb0f71,d369fc61-1571-40e8-961b-70044ea493c5,de206049-f16b-4735-bac3-6af89517d5f6,e07abf1a-e63a-4a79-8ed5-11dbd5b7268c,e08f3c2d-0236-4fd0-8b86-d978d047ef93,ed0b4e25-e812-41ba-b50b-6963218c597f,ed44140b-5cc4-4d47-8ad1-afdb356aa44b,eee97771-c2ef-426b-8c92-fde92d29fa00,f335762b-0da1-428e-87a0-bec2dfa6b557,f475b91f-4997-46e8-9c30-f89c24d0a3bf,f601dbeb-2cae-4c86-9924-ce54abb0c3fb,fa2d090f-99ed-4048-bc02-56e323844e79,fad1e7bc-99f8-4821-beff-abd4694d5006,feb6927d-ee9b-40fc-8897-54a2bef67493",f,,3a9ff8c5-8923-4d19-a09e-2c8d79cc7c6f,3a9ff8c5-8923-4d19-a09e-2c8d79cc7c6f,,2025-06-25 05:01:48.951513,2025-06-25 05:01:48.951513,distribution_media_history,hg_stock,distribution_media_history_20260822_080123,2026-08-22 08:01:40.05814
386cacd2-9811-48df-aac7-ce49ae32c0b2,851711e0-4f69-488f-8397-e8aef2badfff,f,f,1,-1,"","","","","",f,79c5a82d-e1d1-49ea-8593-08cc72f52e86,c4b28be5-e3a3-400b-a946-c94bf1ecfec3,c4b28be5-e3a3-400b-a946-c94bf1ecfec3,,2026-04-21 10:19:07.184218,2026-04-21 10:19:07.184218,distribution_media_history,hg_stock,distribution_media_history_20260822_080123,2026-08-22 08:01:40.05814
386cb5b6-4ba2-4e44-ae11-6c3eebc86cbd,f281f1b9-2955-4adf-802d-3afadd30f99b,f,t,1,7,"","","52cea1c3-a193-411f-adb4-a6fbffe220eb,548662b0-283c-448f-8305-77f91332155d","","",f,,82ecacdd-f072-4c87-a0b9-7e3d2ac58012,82ecacdd-f072-4c87-a0b9-7e3d2ac58012,,2025-06-11 04:47:28.375853,2025-06-11 04:47:28.375853,distribution_media_history,hg_stock,distribution_media_history_20260822_080123,2026-08-22 08:01:40.05814
386cbc40-c9c3-446d-a198-84bf2341cd81,dddd75bb-7e8d-4ad5-9845-d91e8f921633,f,f,1,7,"","","48a1af96-5a7d-40d9-8ebe-4e3655f14e4b,64362801-3c17-4e99-b10a-bc7a8dc10c14,854cae12-c88d-4bb4-85cf-4ed044d8e963,be3902b4-f926-4850-ba31-f18b178b9d39,f30dad8c-85eb-43c2-a375-5d3fe9ff31ce,f5a4dab5-df91-4776-9a1f-1c2e1ed7ce8b","","",f,,5d7a9893-6e21-4a12-bf1b-8594646e7b4d,5d7a9893-6e21-4a12-bf1b-8594646e7b4d,,2025-05-05 08:40:11.01764,2025-05-05 08:40:11.01764,distribution_media_history,hg_stock,distribution_media_history_20260822_080123,2026-08-22 08:01:40.05814
386cc664-2c21-4982-b6b7-7fb6e9919aa8,f9468340-74d7-4583-bbe8-ac9d5b113847,f,f,1,-1,"05c03a23-1a79-4eea-94ca-f8b2050d8011,807f25e9-597c-4f74-819f-2dad99c830eb,87f2e419-9626-4127-b486-22ebd796ecf4,953df40d-e9ff-42e4-9ae3-6c1a8b149921,9952ff5a-7006-4d39-a1b3-2b80a741e143,ccedb16f-6ddd-4555-99a8-40962aebdab9,df0289df-7bb3-43f0-b481-4dba85185c7b","","",af13f5cc-6b51-4949-ad6c-1786c27eaa3d,"",t,"",ed8e0c83-aaec-49eb-8379-90f06bb587ed,ed8e0c83-aaec-49eb-8379-90f06bb587ed,,2026-05-28 04:35:44.418444,2026-05-28 04:35:44.418444,distribution_media_history,hg_stock,distribution_media_history_20260822_080123,2026-08-22 08:01:40.05814
386da93c-81fe-4e92-9c68-8ab56d6e6a7b,a4490b0d-81ee-427e-8de3-648f9e7315ab,t,f,1,7,"","","0749da15-f004-4cad-8a3f-26ebdf77e84c,211db165-a4e5-46fa-ae35-b3ce4970f396","","",f,,2099dd54-4dec-48bc-a683-6ecbc6dc2bfc,2099dd54-4dec-48bc-a683-6ecbc6dc2bfc,,2025-05-05 08:39:16.079373,2025-05-05 08:39:16.079373,distribution_media_history,hg_stock,distribution_media_history_20260822_080123,2026-08-22 08:01:40.05814
386dae22-d1b6-4586-a174-f2d666d45a77,c04e250b-8fe4-45d4-b1bb-c1495f247ae6,f,f,1,7,"","",bdd9d4f3-6a59-4a34-8087-8b6c644ced64,"","",f,"",229dc6f0-0c2f-42cc-8d32-7c3397e96194,229dc6f0-0c2f-42cc-8d32-7c3397e96194,,2026-01-27 09:21:30.716515,2026-01-27 09:21:30.716515,distribution_media_history,hg_stock,distribution_media_history_20260822_080123,2026-08-22 08:01:40.05814
386cc789-236d-4d22-a114-7315fec31437,567b3c10-e436-4de3-bfd3-06a4f87bd198,t,f,1,7,"","","15b9cfe7-85ee-4d5c-910a-8dd18e3c08a8,211db165-a4e5-46fa-ae35-b3ce4970f396,270551e0-15db-4b4a-8bed-b0a9a3a44dff,469f562c-a07c-4e5e-9294-ca2b7f3e96c5,4b130012-bca4-48d9-b677-a3bbac756669,5026b271-3ca4-475e-b42b-ecaef67294c8,52cea1c3-a193-411f-adb4-a6fbffe220eb,629885eb-65c4-4921-a300-3c618c8961e3,7657821d-0928-4099-92a1-2146097c66b0,7ad7d9b9-4600-4db5-a3a8-e7c243499008,ba826125-ec02-4f09-b0d4-9e4aeeb11c0a,db869e71-ba93-441b-a264-32c62f017853,df42ed2a-f2da-49a1-a4ea-36e358b59bee,fcdd5322-049e-4b50-aecf-593d36d18b8f","","",f,,ad19f5eb-cbc2-4e61-afdc-5cc04a87f99a,ad19f5eb-cbc2-4e61-afdc-5cc04a87f99a,,2025-05-05 08:37:21.02267,2025-05-05 08:37:21.02267,distribution_media_history,hg_stock,distribution_media_history_20260822_080123,2026-08-22 08:01:40.05814
386cd2f1-1b01-4b25-9d6b-0968417dfcf2,b66d12d5-9cb2-4c60-9b9a-9510eedfc76f,f,f,1,45,"","",bdd9d4f3-6a59-4a34-8087-8b6c644ced64,"","",f,"",229dc6f0-0c2f-42cc-8d32-7c3397e96194,229dc6f0-0c2f-42cc-8d32-7c3397e96194,,2026-01-27 09:22:41.986121,2026-01-27 09:22:41.986121,distribution_media_history,hg_stock,distribution_media_history_20260822_080123,2026-08-22 08:01:40.05814
386cd575-f7bc-4cc3-ab7b-c6f676370b16,fcc29e8d-19f7-43b1-a0dd-f7c2ee5d3762,t,f,1,7,"","","211db165-a4e5-46fa-ae35-b3ce4970f396,4b130012-bca4-48d9-b677-a3bbac756669,52cea1c3-a193-411f-adb4-a6fbffe220eb,db869e71-ba93-441b-a264-32c62f017853","","",f,,,,,2025-05-05 08:40:39.204228,2025-05-05 08:40:39.204228,distribution_media_history,hg_stock,distribution_media_history_20260822_080123,2026-08-22 08:01:40.05814
386cd7e3-08cd-4548-81a5-b22d5be1dc45,e629b805-f3a5-4c65-960f-d779debc7f87,f,t,1,7,"","","","","",f,7a712f78-fe5c-43ce-bfcd-89019a2b1e6a,3a9ff8c5-8923-4d19-a09e-2c8d79cc7c6f,3a9ff8c5-8923-4d19-a09e-2c8d79cc7c6f,,2025-08-13 03:01:20.837554,2025-08-13 03:01:20.837554,distribution_media_history,hg_stock,distribution_media_history_20260822_080123,2026-08-22 08:01:40.05814
386cdff1-42d1-41d4-b816-151e9043b4f4,321b0ed9-d430-4775-b6d4-eb753257199f,f,t,0,7,"",8a29ffeb-1fda-4656-ad0d-f4ace45dc6b8,"","","",f,,ed8e0c83-aaec-49eb-8379-90f06bb587ed,ed8e0c83-aaec-49eb-8379-90f06bb587ed,,2025-06-20 03:18:18.387301,2025-06-20 03:18:18.387301,distribution_media_history,hg_stock,distribution_media_history_20260822_080123,2026-08-22 08:01:40.05814
386d003f-f0ec-469e-8d5e-9a30fd11aab8,56153732-a923-43f1-8bec-134f6e5da215,t,t,1,7,"","","","","04cee13a-69b0-41f1-b39c-889f9bd82938,17f48f51-7f38-41b0-a897-21f240726378,189d5957-a376-4804-9ac9-d3ac913f29b2,22c49afc-02e4-47e8-a4ab-9f0c0546ea68,3084841c-a70b-40d9-9edb-7aa498a50dc1,36298fa0-1ce7-4bae-8c41-db0a98d0341a,396221b9-cdc5-45b2-a79f-2d6de550fda9,3ee41b7a-96b5-4ab9-901b-3e0866188b6d,404f9125-d4c4-4da9-ad88-f829bb17ba62,489f9411-5f7e-4301-814a-60567e4e3e30,59113c8d-b24b-43e2-96f3-1eb18e9020bc,5c1b1d8f-d4a9-4a22-934a-43831e85d1e4,66cd6c10-7895-4502-937a-583c0d9ab692,7f65daf7-a4b7-4c1d-9b27-95a3e2321af0,7ffdacef-5d02-4aa8-b3d3-84c85d823164,83546f70-3b79-4803-a00d-d4d620662403,84a48d11-c91a-4704-984d-487c05e520f8,8664aefc-082d-45bf-997c-d7924cdc450f,8b53e647-7506-4329-8541-838a25dc90b3,988558f8-ab30-4768-aed0-ddcc6cb6b630,9f332297-3b6b-4a98-bcd8-bc8da41105dd,a45aa42c-5285-4ac5-8fe7-a51fbd5e1447,aa6908d1-4b4a-4472-8767-934000773385,b5793a82-9df0-404c-b478-a81c03ae4e6c,b5a513f2-8d65-4512-90c0-7fa3c7311a61,b7f0a1f8-0078-4361-a39c-609cbc0fa09c,bd408cb0-2cde-4b1a-b556-8da94c325e1c,c0cc4ed9-8760-4184-b93c-e698dfb46246,c4b978df-9107-4eb9-a678-e621c83f0e48,c6f97750-2e14-4bb0-8d48-6d7b75af9afb,d369fc61-1571-40e8-961b-70044ea493c5,de206049-f16b-4735-bac3-6af89517d5f6,e08f3c2d-0236-4fd0-8b86-d978d047ef93,ed0b4e25-e812-41ba-b50b-6963218c597f,ed44140b-5cc4-4d47-8ad1-afdb356aa44b,f335762b-0da1-428e-87a0-bec2dfa6b557,f475b91f-4997-46e8-9c30-f89c24d0a3bf,f601dbeb-2cae-4c86-9924-ce54abb0c3fb,fad1e7bc-99f8-4821-beff-abd4694d5006,feb6927d-ee9b-40fc-8897-54a2bef67493",f,"",3a9ff8c5-8923-4d19-a09e-2c8d79cc7c6f,3a9ff8c5-8923-4d19-a09e-2c8d79cc7c6f,,2025-08-09 08:10:33.865624,2025-08-09 08:10:33.865624,distribution_media_history,hg_stock,distribution_media_history_20260822_080123,2026-08-22 08:01:40.05814
386d1c0d-5e79-43cf-88a5-a365e422190a,e21a94ba-bd38-4b0d-959d-8991c228a54f,f,f,1,-1,ae0b1e4f-25ee-477b-9b8f-d8e66f1c1b95,"","",87126131-51a3-46a3-b4ac-2ec2cce25711,"",f,"",229dc6f0-0c2f-42cc-8d32-7c3397e96194,229dc6f0-0c2f-42cc-8d32-7c3397e96194,,2026-04-20 11:03:37.834502,2026-04-20 11:03:37.834502,distribution_media_history,hg_stock,distribution_media_history_20260822_080123,2026-08-22 08:01:40.05814
386d1e0d-339b-42be-aef5-afcb493e0ab1,6a667f22-00dd-49e0-8464-effa038eb3a4,f,f,1,14,"","","","",8c06a442-5fad-4c74-ae02-c4e492346f84,f,"",eaf9fce7-98a9-419c-b6b7-8992b11f47e5,eaf9fce7-98a9-419c-b6b7-8992b11f47e5,,2026-04-15 07:01:47.870966,2026-04-15 07:01:47.870966,distribution_media_history,hg_stock,distribution_media_history_20260822_080123,2026-08-22 08:01:40.05814
386d35ae-029e-4d52-a60a-8d26966ba850,368778f6-6261-486d-8a18-ed2666223089,t,f,1,-1,"","","","","",f,40426437-1700-4d15-9c77-20ae094b2d3c,9a1fc915-e747-4aa4-a786-19c67cd5ea2e,9a1fc915-e747-4aa4-a786-19c67cd5ea2e,,2026-02-12 07:44:15.348139,2026-02-12 07:44:15.348139,distribution_media_history,hg_stock,distribution_media_history_20260822_080123,2026-08-22 08:01:40.05814
386d4053-70d7-4742-a1fa-e9d5c9dd43da,42811867-03fa-4be3-bb30-018c43dfa24e,f,t,1,7,"",d01cec12-7a37-4589-9076-71419dbad65e,"","","",f,,dc9096c5-0e59-45cb-b38e-79015bbc0c90,dc9096c5-0e59-45cb-b38e-79015bbc0c90,,2025-05-12 09:15:18.458593,2025-05-12 09:15:18.458593,distribution_media_history,hg_stock,distribution_media_history_20260822_080123,2026-08-22 08:01:40.05814
386d441d-1571-4696-b239-6f409048fb5a,a6e5e65b-aeba-444d-8ddd-10655725f541,f,f,1,7,"","","48a1af96-5a7d-40d9-8ebe-4e3655f14e4b,7a389018-94d3-443d-9646-ed7b63117169,854cae12-c88d-4bb4-85cf-4ed044d8e963,be3902b4-f926-4850-ba31-f18b178b9d39,f30dad8c-85eb-43c2-a375-5d3fe9ff31ce,f5a4dab5-df91-4776-9a1f-1c2e1ed7ce8b","","",f,,,,,2025-05-05 08:39:16.080882,2025-05-05 08:39:16.080882,distribution_media_history,hg_stock,distribution_media_history_20260822_080123,2026-08-22 08:01:40.05814
386d5920-7c77-4d06-af32-90fddd167caa,576f7dd5-9807-400e-a20c-881167ed0b98,f,f,1,45,"","",bdd9d4f3-6a59-4a34-8087-8b6c644ced64,"","",f,"",229dc6f0-0c2f-42cc-8d32-7c3397e96194,229dc6f0-0c2f-42cc-8d32-7c3397e96194,,2025-11-07 03:32:33.010656,2025-11-07 03:32:33.010656,distribution_media_history,hg_stock,distribution_media_history_20260822_080123,2026-08-22 08:01:40.05814
386d69b6-b37d-4296-a745-0f4d75d98001,91eebff9-0f37-479e-aebf-7c3f2b2b22c8,f,f,1,7,"","",bdd9d4f3-6a59-4a34-8087-8b6c644ced64,"","",f,"",229dc6f0-0c2f-42cc-8d32-7c3397e96194,229dc6f0-0c2f-42cc-8d32-7c3397e96194,,2026-01-27 09:21:30.71819,2026-01-27 09:21:30.71819,distribution_media_history,hg_stock,distribution_media_history_20260822_080123,2026-08-22 08:01:40.05814
386d6f1a-b631-49bd-9f40-98d79b1d98ec,d156ba5a-8afb-4f60-81f8-53b3a7c4ac44,f,t,1,7,"",d7963566-500a-402e-8180-762ffa9f348c,"","","",f,,3a67bc3d-1077-4be0-9f5a-846a08f8c71b,3a67bc3d-1077-4be0-9f5a-846a08f8c71b,,2025-05-12 08:59:40.836891,2025-05-12 08:59:40.836891,distribution_media_history,hg_stock,distribution_media_history_20260822_080123,2026-08-22 08:01:40.05814
386d75e9-2785-4ddd-9872-118bb1d8d81f,04114e5e-014b-4025-a042-4b08b6dac6cc,f,t,1,7,"","dc9096c5-0e59-45cb-b38e-79015bbc0c90,d7963566-500a-402e-8180-762ffa9f348c,d4706992-57ae-4efc-8100-86611363276a","","","",f,,dc9096c5-0e59-45cb-b38e-79015bbc0c90,dc9096c5-0e59-45cb-b38e-79015bbc0c90,,2025-05-19 06:56:29.817357,2025-05-19 06:56:29.817357,distribution_media_history,hg_stock,distribution_media_history_20260822_080123,2026-08-22 08:01:40.05814
386d91f2-e5b3-484f-908b-a5895b8f5b00,47e92cd6-bef9-43f6-8cd5-5fe352bd1d9b,f,t,1,7,"",aab8ed17-2cdb-48a9-b6fc-96aa313eb3e1,"","","",f,,4cf4d8d0-959b-4d27-882a-ef1ce5b92241,4cf4d8d0-959b-4d27-882a-ef1ce5b92241,,2025-06-03 07:56:33.284345,2025-06-03 07:56:33.284345,distribution_media_history,hg_stock,distribution_media_history_20260822_080123,2026-08-22 08:01:40.05814
386db9f8-d3d4-47f8-a3a8-c6fbdf40f9f5,27563187-be1f-44a5-ad48-063dd1f90dcb,f,t,1,7,"","","","",33331df9-2b29-4991-9e17-e8f97a2b13ff,f,,97ee41e4-8f90-4991-8d67-df26d970bf62,97ee41e4-8f90-4991-8d67-df26d970bf62,,2025-07-07 03:09:32.727038,2025-07-07 03:09:32.727038,distribution_media_history,hg_stock,distribution_media_history_20260822_080123,2026-08-22 08:01:40.05814
386dc39d-9603-48f5-9cac-690921f27632,c7c7392d-d169-4c0a-85d6-dc452d791136,f,f,1,-1,"","","","","",f,b4598ab5-2a3d-424b-83e4-4c6e09ab287c,229dc6f0-0c2f-42cc-8d32-7c3397e96194,229dc6f0-0c2f-42cc-8d32-7c3397e96194,,2026-06-10 06:37:07.929538,2026-06-10 06:37:07.929538,distribution_media_history,hg_stock,distribution_media_history_20260822_080123,2026-08-22 08:01:40.05814
386dc72c-7ba7-4281-a11c-0cd794659da0,cf18021d-a90a-4973-831e-2975a5ddd3f9,t,f,1,7,"","","","","189d5957-a376-4804-9ac9-d3ac913f29b2,3084841c-a70b-40d9-9edb-7aa498a50dc1,489f9411-5f7e-4301-814a-60567e4e3e30,59113c8d-b24b-43e2-96f3-1eb18e9020bc,84a48d11-c91a-4704-984d-487c05e520f8,aa6908d1-4b4a-4472-8767-934000773385,bd408cb0-2cde-4b1a-b556-8da94c325e1c,e08f3c2d-0236-4fd0-8b86-d978d047ef93,ed0b4e25-e812-41ba-b50b-6963218c597f,ed44140b-5cc4-4d47-8ad1-afdb356aa44b,fad1e7bc-99f8-4821-beff-abd4694d5006",f,,3a9ff8c5-8923-4d19-a09e-2c8d79cc7c6f,3a9ff8c5-8923-4d19-a09e-2c8d79cc7c6f,,2025-06-26 01:37:55.098504,2025-06-26 01:37:55.098504,distribution_media_history,hg_stock,distribution_media_history_20260822_080123,2026-08-22 08:01:40.05814
386dd077-0391-40d0-b357-348dc1d05074,446e7896-c85c-40b3-b2ec-f7d936117374,t,f,1,7,"","","","","04cee13a-69b0-41f1-b39c-889f9bd82938,17f48f51-7f38-41b0-a897-21f240726378,189d5957-a376-4804-9ac9-d3ac913f29b2,22c49afc-02e4-47e8-a4ab-9f0c0546ea68,3084841c-a70b-40d9-9edb-7aa498a50dc1,36298fa0-1ce7-4bae-8c41-db0a98d0341a,396221b9-cdc5-45b2-a79f-2d6de550fda9,3ee41b7a-96b5-4ab9-901b-3e0866188b6d,404f9125-d4c4-4da9-ad88-f829bb17ba62,489f9411-5f7e-4301-814a-60567e4e3e30,59113c8d-b24b-43e2-96f3-1eb18e9020bc,5c1b1d8f-d4a9-4a22-934a-43831e85d1e4,66cd6c10-7895-4502-937a-583c0d9ab692,7f65daf7-a4b7-4c1d-9b27-95a3e2321af0,7ffdacef-5d02-4aa8-b3d3-84c85d823164,83546f70-3b79-4803-a00d-d4d620662403,84a48d11-c91a-4704-984d-487c05e520f8,8664aefc-082d-45bf-997c-d7924cdc450f,8b53e647-7506-4329-8541-838a25dc90b3,988558f8-ab30-4768-aed0-ddcc6cb6b630,9f332297-3b6b-4a98-bcd8-bc8da41105dd,a45aa42c-5285-4ac5-8fe7-a51fbd5e1447,aa6908d1-4b4a-4472-8767-934000773385,b5793a82-9df0-404c-b478-a81c03ae4e6c,b5a513f2-8d65-4512-90c0-7fa3c7311a61,b7f0a1f8-0078-4361-a39c-609cbc0fa09c,bd408cb0-2cde-4b1a-b556-8da94c325e1c,c0cc4ed9-8760-4184-b93c-e698dfb46246,c4b978df-9107-4eb9-a678-e621c83f0e48,c6f97750-2e14-4bb0-8d48-6d7b75af9afb,d369fc61-1571-40e8-961b-70044ea493c5,de206049-f16b-4735-bac3-6af89517d5f6,e08f3c2d-0236-4fd0-8b86-d978d047ef93,ed0b4e25-e812-41ba-b50b-6963218c597f,ed44140b-5cc4-4d47-8ad1-afdb356aa44b,f335762b-0da1-428e-87a0-bec2dfa6b557,f475b91f-4997-46e8-9c30-f89c24d0a3bf,f601dbeb-2cae-4c86-9924-ce54abb0c3fb,fad1e7bc-99f8-4821-beff-abd4694d5006,feb6927d-ee9b-40fc-8897-54a2bef67493",f,"",3a9ff8c5-8923-4d19-a09e-2c8d79cc7c6f,3a9ff8c5-8923-4d19-a09e-2c8d79cc7c6f,,2025-08-09 08:10:33.866353,2025-08-09 08:10:33.866353,distribution_media_history,hg_stock,distribution_media_history_20260822_080123,2026-08-22 08:01:40.05814
386dd5be-09b3-469d-9240-8e3aec0b9963,2f4c7370-4227-4925-96da-0c7687fed636,f,f,1,7,"","","","","",f,"",3a9ff8c5-8923-4d19-a09e-2c8d79cc7c6f,3a9ff8c5-8923-4d19-a09e-2c8d79cc7c6f,,2026-03-04 02:23:14.189571,2026-03-04 02:23:14.189571,distribution_media_history,hg_stock,distribution_media_history_20260822_080123,2026-08-22 08:01:40.05814
386df368-7ca6-492c-bc85-cdfcbf46c62e,70912d11-6102-42d5-8acd-12d159c8a504,t,f,1,7,"","","","","04cee13a-69b0-41f1-b39c-889f9bd82938,17f48f51-7f38-41b0-a897-21f240726378,189d5957-a376-4804-9ac9-d3ac913f29b2,22c49afc-02e4-47e8-a4ab-9f0c0546ea68,3084841c-a70b-40d9-9edb-7aa498a50dc1,36298fa0-1ce7-4bae-8c41-db0a98d0341a,396221b9-cdc5-45b2-a79f-2d6de550fda9,3ee41b7a-96b5-4ab9-901b-3e0866188b6d,404f9125-d4c4-4da9-ad88-f829bb17ba62,489f9411-5f7e-4301-814a-60567e4e3e30,59113c8d-b24b-43e2-96f3-1eb18e9020bc,5c1b1d8f-d4a9-4a22-934a-43831e85d1e4,66cd6c10-7895-4502-937a-583c0d9ab692,6fccedd4-9c2a-4b13-a908-32363d8ab09d,7f65daf7-a4b7-4c1d-9b27-95a3e2321af0,7ffdacef-5d02-4aa8-b3d3-84c85d823164,82ce273c-9538-45d9-bc55-81d4406d2896,83546f70-3b79-4803-a00d-d4d620662403,84a48d11-c91a-4704-984d-487c05e520f8,8664aefc-082d-45bf-997c-d7924cdc450f,8b53e647-7506-4329-8541-838a25dc90b3,93ab8008-587a-4a00-a78b-1ea011796b10,96fdf1dd-c29d-48c0-9942-b89777d4f662,980be853-40ae-403e-9dfb-e5a0644a55da,988558f8-ab30-4768-aed0-ddcc6cb6b630,a45aa42c-5285-4ac5-8fe7-a51fbd5e1447,aa6908d1-4b4a-4472-8767-934000773385,afe4ba65-c5e3-4bbb-9e23-6ccb370dc871,b5793a82-9df0-404c-b478-a81c03ae4e6c,bd408cb0-2cde-4b1a-b556-8da94c325e1c,c0cc4ed9-8760-4184-b93c-e698dfb46246,c6f97750-2e14-4bb0-8d48-6d7b75af9afb,cbc183a5-8bbf-4ef0-988c-7b542efb0f71,d369fc61-1571-40e8-961b-70044ea493c5,de206049-f16b-4735-bac3-6af89517d5f6,e07abf1a-e63a-4a79-8ed5-11dbd5b7268c,e08f3c2d-0236-4fd0-8b86-d978d047ef93,e5a984fb-9511-483f-9ca8-2624f19dffac,ed0b4e25-e812-41ba-b50b-6963218c597f,ed44140b-5cc4-4d47-8ad1-afdb356aa44b,eee97771-c2ef-426b-8c92-fde92d29fa00,f335762b-0da1-428e-87a0-bec2dfa6b557,f475b91f-4997-46e8-9c30-f89c24d0a3bf,f601dbeb-2cae-4c86-9924-ce54abb0c3fb,fa2d090f-99ed-4048-bc02-56e323844e79,fad1e7bc-99f8-4821-beff-abd4694d5006,fd42dc28-9ff0-4379-8e65-fbca6f35de60,feb6927d-ee9b-40fc-8897-54a2bef67493",f,,3a9ff8c5-8923-4d19-a09e-2c8d79cc7c6f,3a9ff8c5-8923-4d19-a09e-2c8d79cc7c6f,,2025-07-23 08:20:06.047653,2025-07-23 08:20:06.047653,distribution_media_history,hg_stock,distribution_media_history_20260822_080123,2026-08-22 08:01:40.05814
386dfbc3-a402-4cc7-8359-2790e1c8ed63,844c3c68-54a9-4c7c-aa29-c9b904d2f5a5,f,f,1,7,"","","","","",f,cde6f5fe-09e7-4547-a69b-055517eb12ff,3a9ff8c5-8923-4d19-a09e-2c8d79cc7c6f,3a9ff8c5-8923-4d19-a09e-2c8d79cc7c6f,,2025-08-08 09:57:31.354874,2025-08-08 09:57:31.354874,distribution_media_history,hg_stock,distribution_media_history_20260822_080123,2026-08-22 08:01:40.05814
386dfe92-6381-4f6b-8cd0-d30b382cbbd1,b7aabba9-672a-4286-8297-31d59322f28b,t,f,1,7,"","","15b9cfe7-85ee-4d5c-910a-8dd18e3c08a8,211db165-a4e5-46fa-ae35-b3ce4970f396,270551e0-15db-4b4a-8bed-b0a9a3a44dff,469f562c-a07c-4e5e-9294-ca2b7f3e96c5,4b130012-bca4-48d9-b677-a3bbac756669,5026b271-3ca4-475e-b42b-ecaef67294c8,52cea1c3-a193-411f-adb4-a6fbffe220eb,629885eb-65c4-4921-a300-3c618c8961e3,7657821d-0928-4099-92a1-2146097c66b0,7ad7d9b9-4600-4db5-a3a8-e7c243499008,ba826125-ec02-4f09-b0d4-9e4aeeb11c0a,db869e71-ba93-441b-a264-32c62f017853,df42ed2a-f2da-49a1-a4ea-36e358b59bee,fcdd5322-049e-4b50-aecf-593d36d18b8f","","",f,,,,,2025-05-05 08:39:29.188315,2025-05-05 08:39:29.188315,distribution_media_history,hg_stock,distribution_media_history_20260822_080123,2026-08-22 08:01:40.05814
386dffb5-f92c-45ef-9831-333a39074944,cd03bc03-7d9a-44cd-9bcc-5c1ccee07b86,f,f,1,90,"","","","","",f,de337a89-766b-4121-bf74-03703fbc9236,358dceb1-c1b0-46b9-a24f-c1b6a7fdb2dd,358dceb1-c1b0-46b9-a24f-c1b6a7fdb2dd,,2026-03-18 14:48:25.360275,2026-03-18 14:48:25.360275,distribution_media_history,hg_stock,distribution_media_history_20260822_080123,2026-08-22 08:01:40.05814
386e156e-4dee-4845-847b-12b81621018f,a12c70d6-6347-4d4f-827a-11d620989c7a,t,f,1,7,"","","","","04cee13a-69b0-41f1-b39c-889f9bd82938,17f48f51-7f38-41b0-a897-21f240726378,189d5957-a376-4804-9ac9-d3ac913f29b2,22c49afc-02e4-47e8-a4ab-9f0c0546ea68,3084841c-a70b-40d9-9edb-7aa498a50dc1,36298fa0-1ce7-4bae-8c41-db0a98d0341a,396221b9-cdc5-45b2-a79f-2d6de550fda9,3ee41b7a-96b5-4ab9-901b-3e0866188b6d,404f9125-d4c4-4da9-ad88-f829bb17ba62,489f9411-5f7e-4301-814a-60567e4e3e30,59113c8d-b24b-43e2-96f3-1eb18e9020bc,5c1b1d8f-d4a9-4a22-934a-43831e85d1e4,66cd6c10-7895-4502-937a-583c0d9ab692,6fccedd4-9c2a-4b13-a908-32363d8ab09d,7f65daf7-a4b7-4c1d-9b27-95a3e2321af0,7ffdacef-5d02-4aa8-b3d3-84c85d823164,82ce273c-9538-45d9-bc55-81d4406d2896,83546f70-3b79-4803-a00d-d4d620662403,84a48d11-c91a-4704-984d-487c05e520f8,8664aefc-082d-45bf-997c-d7924cdc450f,8b53e647-7506-4329-8541-838a25dc90b3,980be853-40ae-403e-9dfb-e5a0644a55da,988558f8-ab30-4768-aed0-ddcc6cb6b630,a45aa42c-5285-4ac5-8fe7-a51fbd5e1447,aa6908d1-4b4a-4472-8767-934000773385,b5793a82-9df0-404c-b478-a81c03ae4e6c,bd408cb0-2cde-4b1a-b556-8da94c325e1c,c0cc4ed9-8760-4184-b93c-e698dfb46246,c6f97750-2e14-4bb0-8d48-6d7b75af9afb,cbc183a5-8bbf-4ef0-988c-7b542efb0f71,d369fc61-1571-40e8-961b-70044ea493c5,de206049-f16b-4735-bac3-6af89517d5f6,e07abf1a-e63a-4a79-8ed5-11dbd5b7268c,e08f3c2d-0236-4fd0-8b86-d978d047ef93,e5a984fb-9511-483f-9ca8-2624f19dffac,ed0b4e25-e812-41ba-b50b-6963218c597f,ed44140b-5cc4-4d47-8ad1-afdb356aa44b,f335762b-0da1-428e-87a0-bec2dfa6b557,f475b91f-4997-46e8-9c30-f89c24d0a3bf,f601dbeb-2cae-4c86-9924-ce54abb0c3fb,fa2d090f-99ed-4048-bc02-56e323844e79,fad1e7bc-99f8-4821-beff-abd4694d5006,fd42dc28-9ff0-4379-8e65-fbca6f35de60,feb6927d-ee9b-40fc-8897-54a2bef67493",f,,3a9ff8c5-8923-4d19-a09e-2c8d79cc7c6f,3a9ff8c5-8923-4d19-a09e-2c8d79cc7c6f,,2025-07-30 03:07:46.733123,2025-07-30 03:07:46.733123,distribution_media_history,hg_stock,distribution_media_history_20260822_080123,2026-08-22 08:01:40.05814
386e18b4-dd9a-4249-afc7-bab862973086,4142cf14-ab1f-491c-aa39-43109a217e66,t,t,1,7,"","","","","04cee13a-69b0-41f1-b39c-889f9bd82938,17f48f51-7f38-41b0-a897-21f240726378,189d5957-a376-4804-9ac9-d3ac913f29b2,22c49afc-02e4-47e8-a4ab-9f0c0546ea68,3084841c-a70b-40d9-9edb-7aa498a50dc1,36298fa0-1ce7-4bae-8c41-db0a98d0341a,396221b9-cdc5-45b2-a79f-2d6de550fda9,3ee41b7a-96b5-4ab9-901b-3e0866188b6d,404f9125-d4c4-4da9-ad88-f829bb17ba62,489f9411-5f7e-4301-814a-60567e4e3e30,59113c8d-b24b-43e2-96f3-1eb18e9020bc,5c1b1d8f-d4a9-4a22-934a-43831e85d1e4,66cd6c10-7895-4502-937a-583c0d9ab692,6fccedd4-9c2a-4b13-a908-32363d8ab09d,7f65daf7-a4b7-4c1d-9b27-95a3e2321af0,7ffdacef-5d02-4aa8-b3d3-84c85d823164,82ce273c-9538-45d9-bc55-81d4406d2896,83546f70-3b79-4803-a00d-d4d620662403,84a48d11-c91a-4704-984d-487c05e520f8,8664aefc-082d-45bf-997c-d7924cdc450f,8b53e647-7506-4329-8541-838a25dc90b3,93ab8008-587a-4a00-a78b-1ea011796b10,96fdf1dd-c29d-48c0-9942-b89777d4f662,980be853-40ae-403e-9dfb-e5a0644a55da,988558f8-ab30-4768-aed0-ddcc6cb6b630,a45aa42c-5285-4ac5-8fe7-a51fbd5e1447,aa6908d1-4b4a-4472-8767-934000773385,afe4ba65-c5e3-4bbb-9e23-6ccb370dc871,b5793a82-9df0-404c-b478-a81c03ae4e6c,bd408cb0-2cde-4b1a-b556-8da94c325e1c,c0cc4ed9-8760-4184-b93c-e698dfb46246,c6f97750-2e14-4bb0-8d48-6d7b75af9afb,cbc183a5-8bbf-4ef0-988c-7b542efb0f71,d369fc61-1571-40e8-961b-70044ea493c5,de206049-f16b-4735-bac3-6af89517d5f6,e07abf1a-e63a-4a79-8ed5-11dbd5b7268c,e08f3c2d-0236-4fd0-8b86-d978d047ef93,e5a984fb-9511-483f-9ca8-2624f19dffac,ed0b4e25-e812-41ba-b50b-6963218c597f,ed44140b-5cc4-4d47-8ad1-afdb356aa44b,eee97771-c2ef-426b-8c92-fde92d29fa00,f335762b-0da1-428e-87a0-bec2dfa6b557,f475b91f-4997-46e8-9c30-f89c24d0a3bf,f601dbeb-2cae-4c86-9924-ce54abb0c3fb,fa2d090f-99ed-4048-bc02-56e323844e79,fad1e7bc-99f8-4821-beff-abd4694d5006,fd42dc28-9ff0-4379-8e65-fbca6f35de60,feb6927d-ee9b-40fc-8897-54a2bef67493",f,,3a9ff8c5-8923-4d19-a09e-2c8d79cc7c6f,3a9ff8c5-8923-4d19-a09e-2c8d79cc7c6f,,2025-07-23 08:20:06.049797,2025-07-23 08:20:06.049797,distribution_media_history,hg_stock,distribution_media_history_20260822_080123,2026-08-22 08:01:40.05814
386e2249-91bb-4bb2-a72b-23f770764354,21a9db4a-e39f-4803-859c-26b8a36ba02f,t,f,1,7,"","",8ff764e4-1c14-41ce-9fb2-37f9b60c915c,"","",f,,3a9ff8c5-8923-4d19-a09e-2c8d79cc7c6f,3a9ff8c5-8923-4d19-a09e-2c8d79cc7c6f,,2025-06-28 02:57:49.672303,2025-06-28 02:57:49.672303,distribution_media_history,hg_stock,distribution_media_history_20260822_080123,2026-08-22 08:01:40.05814
386e32ae-893e-4c38-8a6d-3f2c5dd88f55,038fe09d-5510-46d7-a9e3-d61c672dbe32,t,f,1,7,"","","15b9cfe7-85ee-4d5c-910a-8dd18e3c08a8,211db165-a4e5-46fa-ae35-b3ce4970f396,270551e0-15db-4b4a-8bed-b0a9a3a44dff,4b130012-bca4-48d9-b677-a3bbac756669,5026b271-3ca4-475e-b42b-ecaef67294c8,52cea1c3-a193-411f-adb4-a6fbffe220eb,629885eb-65c4-4921-a300-3c618c8961e3,7657821d-0928-4099-92a1-2146097c66b0,7ad7d9b9-4600-4db5-a3a8-e7c243499008,ba826125-ec02-4f09-b0d4-9e4aeeb11c0a,db869e71-ba93-441b-a264-32c62f017853,df42ed2a-f2da-49a1-a4ea-36e358b59bee,fcdd5322-049e-4b50-aecf-593d36d18b8f","","",f,,,,,2025-05-05 08:35:40.267925,2025-05-05 08:35:40.267925,distribution_media_history,hg_stock,distribution_media_history_20260822_080123,2026-08-22 08:01:40.05814
386ec19c-9399-42f0-8e8f-c3bbf2f2306a,5563ca50-39e7-4f11-84d7-96e875969bac,f,f,1,7,"","",48a1af96-5a7d-40d9-8ebe-4e3655f14e4b,"","",f,,,,,2025-05-05 08:37:21.022216,2025-05-05 08:37:21.022216,distribution_media_history,hg_stock,distribution_media_history_20260822_080123,2026-08-22 08:01:40.05814
386e4553-81b5-4786-8d5c-17c5ba715574,26be6619-7b12-4f48-807f-3ff8d8e6463e,t,f,1,30,"","","","","",f,1cdbc000-1c24-485c-8e71-fb91a4d5fcb6,3a9ff8c5-8923-4d19-a09e-2c8d79cc7c6f,3a9ff8c5-8923-4d19-a09e-2c8d79cc7c6f,,2025-10-28 03:11:12.175491,2025-10-28 03:11:12.175491,distribution_media_history,hg_stock,distribution_media_history_20260822_080123,2026-08-22 08:01:40.05814
386e46a3-33f5-4a2d-bc96-cb0b7229b670,43638206-b579-4653-afbe-4454fb3ad3e1,f,t,1,7,"","",17bd284a-ef80-41f5-927b-99aff424ed67,"","",f,,ed8e0c83-aaec-49eb-8379-90f06bb587ed,ed8e0c83-aaec-49eb-8379-90f06bb587ed,,2025-05-07 01:52:13.815945,2025-05-07 01:52:13.815945,distribution_media_history,hg_stock,distribution_media_history_20260822_080123,2026-08-22 08:01:40.05814
386e4811-eb34-4021-9414-81e4fe264472,5246ba5c-b5a3-4865-8727-b25dd65b95d2,t,t,0,7,"","",0cffc79b-1bd0-4f1d-a3a6-5d681ef29479,"","",f,,a487b65e-6fc8-47db-8c5a-6c364a9e9d96,a487b65e-6fc8-47db-8c5a-6c364a9e9d96,,2025-06-20 03:52:55.920872,2025-06-20 03:52:55.920872,distribution_media_history,hg_stock,distribution_media_history_20260822_080123,2026-08-22 08:01:40.05814
386e4960-2dbe-4a73-bc2b-e5e8f9a7d0df,a021ba2a-2466-4f9c-9cfe-854af4f5c3a6,t,f,1,7,"","","","","04cee13a-69b0-41f1-b39c-889f9bd82938,17f48f51-7f38-41b0-a897-21f240726378,189d5957-a376-4804-9ac9-d3ac913f29b2,22c49afc-02e4-47e8-a4ab-9f0c0546ea68,3084841c-a70b-40d9-9edb-7aa498a50dc1,36298fa0-1ce7-4bae-8c41-db0a98d0341a,396221b9-cdc5-45b2-a79f-2d6de550fda9,3ee41b7a-96b5-4ab9-901b-3e0866188b6d,404f9125-d4c4-4da9-ad88-f829bb17ba62,489f9411-5f7e-4301-814a-60567e4e3e30,59113c8d-b24b-43e2-96f3-1eb18e9020bc,5c1b1d8f-d4a9-4a22-934a-43831e85d1e4,66cd6c10-7895-4502-937a-583c0d9ab692,6fccedd4-9c2a-4b13-a908-32363d8ab09d,7f65daf7-a4b7-4c1d-9b27-95a3e2321af0,7ffdacef-5d02-4aa8-b3d3-84c85d823164,82ce273c-9538-45d9-bc55-81d4406d2896,83546f70-3b79-4803-a00d-d4d620662403,84a48d11-c91a-4704-984d-487c05e520f8,8664aefc-082d-45bf-997c-d7924cdc450f,8b53e647-7506-4329-8541-838a25dc90b3,93ab8008-587a-4a00-a78b-1ea011796b10,96fdf1dd-c29d-48c0-9942-b89777d4f662,980be853-40ae-403e-9dfb-e5a0644a55da,988558f8-ab30-4768-aed0-ddcc6cb6b630,a45aa42c-5285-4ac5-8fe7-a51fbd5e1447,aa6908d1-4b4a-4472-8767-934000773385,afe4ba65-c5e3-4bbb-9e23-6ccb370dc871,b5793a82-9df0-404c-b478-a81c03ae4e6c,bd408cb0-2cde-4b1a-b556-8da94c325e1c,c0cc4ed9-8760-4184-b93c-e698dfb46246,c6f97750-2e14-4bb0-8d48-6d7b75af9afb,cbc183a5-8bbf-4ef0-988c-7b542efb0f71,d369fc61-1571-40e8-961b-70044ea493c5,de206049-f16b-4735-bac3-6af89517d5f6,e07abf1a-e63a-4a79-8ed5-11dbd5b7268c,e08f3c2d-0236-4fd0-8b86-d978d047ef93,e5a984fb-9511-483f-9ca8-2624f19dffac,ed0b4e25-e812-41ba-b50b-6963218c597f,ed44140b-5cc4-4d47-8ad1-afdb356aa44b,eee97771-c2ef-426b-8c92-fde92d29fa00,f335762b-0da1-428e-87a0-bec2dfa6b557,f475b91f-4997-46e8-9c30-f89c24d0a3bf,f601dbeb-2cae-4c86-9924-ce54abb0c3fb,fa2d090f-99ed-4048-bc02-56e323844e79,fad1e7bc-99f8-4821-beff-abd4694d5006,fd42dc28-9ff0-4379-8e65-fbca6f35de60,feb6927d-ee9b-40fc-8897-54a2bef67493",f,,3a9ff8c5-8923-4d19-a09e-2c8d79cc7c6f,3a9ff8c5-8923-4d19-a09e-2c8d79cc7c6f,,2025-07-23 08:02:20.183853,2025-07-23 08:02:20.183853,distribution_media_history,hg_stock,distribution_media_history_20260822_080123,2026-08-22 08:01:40.05814
386e5181-6b2c-4865-b4e0-a4fec0439eed,098a8af0-d639-47be-952a-a6eba4476046,f,f,1,45,"","","6c979bdd-4fe0-4002-ab36-7fd6af2fca80,afc66234-6b63-44f3-a1a5-1d938845d982","","",f,"",229dc6f0-0c2f-42cc-8d32-7c3397e96194,229dc6f0-0c2f-42cc-8d32-7c3397e96194,,2025-12-11 10:02:00.232228,2025-12-11 10:02:00.232228,distribution_media_history,hg_stock,distribution_media_history_20260822_080123,2026-08-22 08:01:40.05814
386e65a8-d754-4b22-bf9a-f5a91f1819d5,4295aed5-3d3f-47d6-9e2c-ad6b373c7ee9,f,f,1,7,"","","48a1af96-5a7d-40d9-8ebe-4e3655f14e4b,7a389018-94d3-443d-9646-ed7b63117169,854cae12-c88d-4bb4-85cf-4ed044d8e963,f30dad8c-85eb-43c2-a375-5d3fe9ff31ce,f5a4dab5-df91-4776-9a1f-1c2e1ed7ce8b","","",f,,,,,2025-05-05 08:37:03.357616,2025-05-05 08:37:03.357616,distribution_media_history,hg_stock,distribution_media_history_20260822_080123,2026-08-22 08:01:40.05814
386e6869-8ea7-4ab6-a0fb-321a8076d37b,52d578a0-8432-4006-83cc-4f48369be09c,f,t,1,7,"","","","","",f,eb196234-2684-494b-b1ce-5fb10d70cfc9,3a9ff8c5-8923-4d19-a09e-2c8d79cc7c6f,3a9ff8c5-8923-4d19-a09e-2c8d79cc7c6f,,2025-09-04 02:45:53.595386,2025-09-04 02:45:53.595386,distribution_media_history,hg_stock,distribution_media_history_20260822_080123,2026-08-22 08:01:40.05814
386e7999-5bb2-4f71-8f2a-e286b99185cf,f62f8460-126d-4288-9628-2dea8d3cae7d,f,f,1,7,"","","","","0e9ac747-2549-4974-bf10-36762e2bf4b0,29f35b62-0270-4b91-94a5-bae512d85a45,4c0cbfd7-86ea-4793-af3c-b80645310be9,60a9a846-b417-49d7-9427-c8ec1c7a3da8,6e15b7fa-501b-4eb6-bf2d-dd180ec21f95,76b573f0-c076-4f30-bb45-10afd9f320d6,815769f5-d711-4504-9d5e-83c3005e9cba,82765a10-75aa-48a7-8105-1de60aaee953,9e3bf329-f6e8-4ee4-8532-41b9887c99fc,a0df7f95-fdf7-4afa-92ce-ac5e96e6b263,b4e5cf70-0101-434d-9205-f2653b64a710,bb6dc5fe-6cb5-4538-8b5c-151496234970,d8df1fe2-060e-43cc-9ed4-8a41ab2d5561,e04fae25-e4c3-4f4d-9d5c-d19bd7d0ecf5,e86c043e-7cef-418e-b148-8b1e89211f30,edf228c1-66f9-4f81-8a21-cfb7c893e9c4",f,,3a9ff8c5-8923-4d19-a09e-2c8d79cc7c6f,3a9ff8c5-8923-4d19-a09e-2c8d79cc7c6f,,2025-07-29 08:43:03.530685,2025-07-29 08:43:03.530685,distribution_media_history,hg_stock,distribution_media_history_20260822_080123,2026-08-22 08:01:40.05814
386e830e-f2ba-4cce-aab9-44d932080019,8b364aa4-7020-4233-85f3-86100c87ebd7,f,f,1,14,"","05ca09d8-a09a-4f57-97f4-cd44909d60c2,0fca0392-730d-4d3e-8f69-7bdd29124d1c,2332c3df-4e73-4fef-8937-582b2af3f71a,23ee2e9e-0b7f-4d66-a359-286dbe391f0c,2cdf599f-5c56-4d01-a980-ea9d3221fa24,33598a6f-ee6d-4e9d-978d-77a170731d49,48cd3c28-eaec-4e2d-ab2e-1e4c7bcf87c1,63e0d2c4-8d94-4654-82d0-caae7ee3c524,648c76cb-4cf8-40f6-b144-6cfdabe88701,840a485c-fe90-4433-a687-445a361c5545,97667a27-3ff1-45d8-8612-f3bef52610b6,b22aeee3-7b08-4e9a-8114-086a9f2a18bf,b9d5d11a-3483-4217-a175-abf5da99619b,cc88a7d2-7019-4cfc-a840-acf317361f99,cfdc0e36-0957-4a33-949c-9ba85abc8e1e,d96bea47-a199-4419-95fb-ec1606827b45","","","",f,"",c47f3399-05a0-4073-8685-89972808f783,c47f3399-05a0-4073-8685-89972808f783,,2026-04-08 09:07:00.876806,2026-04-08 09:07:00.876806,distribution_media_history,hg_stock,distribution_media_history_20260822_080123,2026-08-22 08:01:40.05814
386e86fa-8fcf-4a86-a816-27c40b4516b1,e6c6e844-6628-4c96-93be-11cc967bc531,f,f,1,7,"","","48a1af96-5a7d-40d9-8ebe-4e3655f14e4b,7a389018-94d3-443d-9646-ed7b63117169,854cae12-c88d-4bb4-85cf-4ed044d8e963,f30dad8c-85eb-43c2-a375-5d3fe9ff31ce,f5a4dab5-df91-4776-9a1f-1c2e1ed7ce8b","","",f,,,,,2025-05-05 08:40:25.729725,2025-05-05 08:40:25.729725,distribution_media_history,hg_stock,distribution_media_history_20260822_080123,2026-08-22 08:01:40.05814
386e9513-81f6-4cfa-80cd-ab7b76cb8f75,c8e8ab84-f92f-4b58-aa8e-5eca0ba49879,f,f,1,7,"","","48a1af96-5a7d-40d9-8ebe-4e3655f14e4b,7a389018-94d3-443d-9646-ed7b63117169,854cae12-c88d-4bb4-85cf-4ed044d8e963,f30dad8c-85eb-43c2-a375-5d3fe9ff31ce,f5a4dab5-df91-4776-9a1f-1c2e1ed7ce8b","","",f,,,,,2025-05-05 08:39:42.979079,2025-05-05 08:39:42.979079,distribution_media_history,hg_stock,distribution_media_history_20260822_080123,2026-08-22 08:01:40.05814
386ea9b7-5e10-43fb-9ba7-8e351a5a924b,1c41f52c-1fff-42bc-a631-b7535815f230,f,f,1,45,"","",bdd9d4f3-6a59-4a34-8087-8b6c644ced64,"","",f,"",229dc6f0-0c2f-42cc-8d32-7c3397e96194,229dc6f0-0c2f-42cc-8d32-7c3397e96194,,2025-11-07 03:32:33.012194,2025-11-07 03:32:33.012194,distribution_media_history,hg_stock,distribution_media_history_20260822_080123,2026-08-22 08:01:40.05814
3870f59e-201e-4aca-9636-90c99aa2c9ba,db8401e9-02a2-41bb-9814-2cb9fc1a24db,t,f,1,7,"","","0749da15-f004-4cad-8a3f-26ebdf77e84c,0cffc79b-1bd0-4f1d-a3a6-5d681ef29479,211db165-a4e5-46fa-ae35-b3ce4970f396","","",f,,a487b65e-6fc8-47db-8c5a-6c364a9e9d96,a487b65e-6fc8-47db-8c5a-6c364a9e9d96,,2025-05-05 08:40:11.017063,2025-05-05 08:40:11.017063,distribution_media_history,hg_stock,distribution_media_history_20260822_080123,2026-08-22 08:01:40.05814
3870fb2e-3d9c-40ca-b15d-6f3188fb0111,d1497988-bfd9-4073-924f-cdf7cb2249c9,f,f,1,45,"","",bdd9d4f3-6a59-4a34-8087-8b6c644ced64,"","",f,"",229dc6f0-0c2f-42cc-8d32-7c3397e96194,229dc6f0-0c2f-42cc-8d32-7c3397e96194,,2026-01-27 09:22:41.985311,2026-01-27 09:22:41.985311,distribution_media_history,hg_stock,distribution_media_history_20260822_080123,2026-08-22 08:01:40.05814
38710c06-3eb6-4f41-9f27-ef453aea6379,a48d69f3-d585-4542-bae2-aa88b6fa94b1,f,f,1,-1,ae0b1e4f-25ee-477b-9b8f-d8e66f1c1b95,"","",87126131-51a3-46a3-b4ac-2ec2cce25711,"",f,"",229dc6f0-0c2f-42cc-8d32-7c3397e96194,229dc6f0-0c2f-42cc-8d32-7c3397e96194,,2026-04-20 11:03:31.701248,2026-04-20 11:03:31.701248,distribution_media_history,hg_stock,distribution_media_history_20260822_080123,2026-08-22 08:01:40.05814
38fb3277-f30e-4fbd-9cbb-0f1c05e16235,43e28ca4-a367-47ba-b5bc-216ea43b09aa,f,f,1,7,"","",48a1af96-5a7d-40d9-8ebe-4e3655f14e4b,"","",f,,,,,2025-05-05 08:37:03.358171,2025-05-05 08:37:03.358171,distribution_media_history,hg_stock,distribution_media_history_20260822_080123,2026-08-22 08:01:40.05814
386ebc9f-927b-4582-affa-23fe81e87f26,d1e5c3c9-6a43-417e-8139-0b450354008e,t,f,1,7,"","","","","04cee13a-69b0-41f1-b39c-889f9bd82938,17f48f51-7f38-41b0-a897-21f240726378,189d5957-a376-4804-9ac9-d3ac913f29b2,22c49afc-02e4-47e8-a4ab-9f0c0546ea68,3084841c-a70b-40d9-9edb-7aa498a50dc1,36298fa0-1ce7-4bae-8c41-db0a98d0341a,396221b9-cdc5-45b2-a79f-2d6de550fda9,3ee41b7a-96b5-4ab9-901b-3e0866188b6d,404f9125-d4c4-4da9-ad88-f829bb17ba62,489f9411-5f7e-4301-814a-60567e4e3e30,59113c8d-b24b-43e2-96f3-1eb18e9020bc,5c1b1d8f-d4a9-4a22-934a-43831e85d1e4,66cd6c10-7895-4502-937a-583c0d9ab692,6fccedd4-9c2a-4b13-a908-32363d8ab09d,7f65daf7-a4b7-4c1d-9b27-95a3e2321af0,7ffdacef-5d02-4aa8-b3d3-84c85d823164,82ce273c-9538-45d9-bc55-81d4406d2896,83546f70-3b79-4803-a00d-d4d620662403,84a48d11-c91a-4704-984d-487c05e520f8,8664aefc-082d-45bf-997c-d7924cdc450f,8b53e647-7506-4329-8541-838a25dc90b3,980be853-40ae-403e-9dfb-e5a0644a55da,988558f8-ab30-4768-aed0-ddcc6cb6b630,a45aa42c-5285-4ac5-8fe7-a51fbd5e1447,aa6908d1-4b4a-4472-8767-934000773385,b5793a82-9df0-404c-b478-a81c03ae4e6c,bd408cb0-2cde-4b1a-b556-8da94c325e1c,c0cc4ed9-8760-4184-b93c-e698dfb46246,c6f97750-2e14-4bb0-8d48-6d7b75af9afb,cbc183a5-8bbf-4ef0-988c-7b542efb0f71,d369fc61-1571-40e8-961b-70044ea493c5,de206049-f16b-4735-bac3-6af89517d5f6,e07abf1a-e63a-4a79-8ed5-11dbd5b7268c,e08f3c2d-0236-4fd0-8b86-d978d047ef93,e5a984fb-9511-483f-9ca8-2624f19dffac,ed0b4e25-e812-41ba-b50b-6963218c597f,ed44140b-5cc4-4d47-8ad1-afdb356aa44b,f335762b-0da1-428e-87a0-bec2dfa6b557,f475b91f-4997-46e8-9c30-f89c24d0a3bf,f601dbeb-2cae-4c86-9924-ce54abb0c3fb,fa2d090f-99ed-4048-bc02-56e323844e79,fad1e7bc-99f8-4821-beff-abd4694d5006,fd42dc28-9ff0-4379-8e65-fbca6f35de60,feb6927d-ee9b-40fc-8897-54a2bef67493",f,,3a9ff8c5-8923-4d19-a09e-2c8d79cc7c6f,3a9ff8c5-8923-4d19-a09e-2c8d79cc7c6f,,2025-07-30 03:07:46.730996,2025-07-30 03:07:46.730996,distribution_media_history,hg_stock,distribution_media_history_20260822_080123,2026-08-22 08:01:40.05814
386eef37-49fc-4c69-a020-f595035a164f,7abca821-6468-45e4-bd59-de38f8aac6bc,f,f,1,0,"","","","","",f,1190b645-1f41-44cb-8680-5726382adcc2,358dceb1-c1b0-46b9-a24f-c1b6a7fdb2dd,358dceb1-c1b0-46b9-a24f-c1b6a7fdb2dd,,2026-03-03 10:45:37.683371,2026-03-03 10:45:37.683371,distribution_media_history,hg_stock,distribution_media_history_20260822_080123,2026-08-22 08:01:40.05814
386ef736-9dd7-42e1-abf4-43516ecf176c,f8ef81b0-c53c-4ab6-8792-e16822dde03a,f,f,1,90,"","","","","",f,de337a89-766b-4121-bf74-03703fbc9236,358dceb1-c1b0-46b9-a24f-c1b6a7fdb2dd,358dceb1-c1b0-46b9-a24f-c1b6a7fdb2dd,,2026-03-18 14:48:35.650891,2026-03-18 14:48:35.650891,distribution_media_history,hg_stock,distribution_media_history_20260822_080123,2026-08-22 08:01:40.05814
386ef8c3-fe84-443a-9c04-8295a595270d,94c3d7bb-0650-42ae-a5dd-5a4738bdafb4,f,f,1,14,"","05ca09d8-a09a-4f57-97f4-cd44909d60c2,0fca0392-730d-4d3e-8f69-7bdd29124d1c,2332c3df-4e73-4fef-8937-582b2af3f71a,23ee2e9e-0b7f-4d66-a359-286dbe391f0c,2cdf599f-5c56-4d01-a980-ea9d3221fa24,33598a6f-ee6d-4e9d-978d-77a170731d49,48cd3c28-eaec-4e2d-ab2e-1e4c7bcf87c1,63e0d2c4-8d94-4654-82d0-caae7ee3c524,648c76cb-4cf8-40f6-b144-6cfdabe88701,840a485c-fe90-4433-a687-445a361c5545,97667a27-3ff1-45d8-8612-f3bef52610b6,b22aeee3-7b08-4e9a-8114-086a9f2a18bf,b9d5d11a-3483-4217-a175-abf5da99619b,cc88a7d2-7019-4cfc-a840-acf317361f99,cfdc0e36-0957-4a33-949c-9ba85abc8e1e,d96bea47-a199-4419-95fb-ec1606827b45","","","",f,"",c47f3399-05a0-4073-8685-89972808f783,c47f3399-05a0-4073-8685-89972808f783,,2026-04-08 09:07:00.876774,2026-04-08 09:07:00.876774,distribution_media_history,hg_stock,distribution_media_history_20260822_080123,2026-08-22 08:01:40.05814
386f048a-cb6a-43a6-9a48-9cc607303e3a,b1b5bf3a-5bfb-4362-a63d-e0ae1c0108e9,f,f,1,7,"","","","","",f,9797f5e1-e1e7-4ae3-9390-03ec1c7f8cf8,3a9ff8c5-8923-4d19-a09e-2c8d79cc7c6f,3a9ff8c5-8923-4d19-a09e-2c8d79cc7c6f,,2025-08-07 08:46:38.353035,2025-08-07 08:46:38.353035,distribution_media_history,hg_stock,distribution_media_history_20260822_080123,2026-08-22 08:01:40.05814
386f07ab-5776-42d1-bccc-7eadd3884fca,d61e1bc9-8b89-4e95-9887-18874f39c59b,t,f,1,7,"","","0b5fd67b-6dbc-468f-9fd9-871c24314e4c,0dca4ce1-f595-42fa-bde9-988b7de6051c,211db165-a4e5-46fa-ae35-b3ce4970f396,4b130012-bca4-48d9-b677-a3bbac756669,52cea1c3-a193-411f-adb4-a6fbffe220eb,7657821d-0928-4099-92a1-2146097c66b0,db869e71-ba93-441b-a264-32c62f017853","","",f,,fa09031f-ada5-4d73-b9fe-e743249f5c82,fa09031f-ada5-4d73-b9fe-e743249f5c82,,2025-05-05 08:39:56.632398,2025-05-05 08:39:56.632398,distribution_media_history,hg_stock,distribution_media_history_20260822_080123,2026-08-22 08:01:40.05814
386f0d11-17d2-4b8d-aa8d-8a6aa176c297,d8061923-f8e4-4703-8124-d10362b5d0c9,t,f,1,7,"","","025355b0-25e4-4224-a2e8-0166b96d97c2,52cea1c3-a193-411f-adb4-a6fbffe220eb","","",f,"",25e2a43a-9a51-4a2c-8785-5a554e78d972,25e2a43a-9a51-4a2c-8785-5a554e78d972,,2025-10-14 06:54:20.38278,2025-10-14 06:54:20.38278,distribution_media_history,hg_stock,distribution_media_history_20260822_080123,2026-08-22 08:01:40.05814
386f1d9b-c715-4c17-899c-d20ee1d9450f,5001448d-ec99-42a8-ba73-883dd896524a,f,f,1,7,"","",5f501d5d-1c7f-424f-8464-63000c1a820e,"","",f,,,,,2025-05-05 08:37:15.093692,2025-05-05 08:37:15.093692,distribution_media_history,hg_stock,distribution_media_history_20260822_080123,2026-08-22 08:01:40.05814
386f21e7-e5bb-4adb-85f3-a6114677f944,dad5f7f5-b070-40a0-ba1b-4717e5a21f96,t,f,1,7,"","","15b9cfe7-85ee-4d5c-910a-8dd18e3c08a8,211db165-a4e5-46fa-ae35-b3ce4970f396,270551e0-15db-4b4a-8bed-b0a9a3a44dff,4b130012-bca4-48d9-b677-a3bbac756669,5026b271-3ca4-475e-b42b-ecaef67294c8,52cea1c3-a193-411f-adb4-a6fbffe220eb,629885eb-65c4-4921-a300-3c618c8961e3,7657821d-0928-4099-92a1-2146097c66b0,7ad7d9b9-4600-4db5-a3a8-e7c243499008,db869e71-ba93-441b-a264-32c62f017853,df42ed2a-f2da-49a1-a4ea-36e358b59bee,fcdd5322-049e-4b50-aecf-593d36d18b8f","","",f,,ecea4636-c7f9-453a-9ad4-0ed81277cf00,ecea4636-c7f9-453a-9ad4-0ed81277cf00,,2025-05-05 08:40:11.016906,2025-05-05 08:40:11.016906,distribution_media_history,hg_stock,distribution_media_history_20260822_080123,2026-08-22 08:01:40.05814
386f3d86-98b0-4519-947a-c87dfecf2618,2df910a8-3c8b-4db9-a4ba-aa8291156690,t,f,1,7,"","","","","",f,1cdbc000-1c24-485c-8e71-fb91a4d5fcb6,3a9ff8c5-8923-4d19-a09e-2c8d79cc7c6f,3a9ff8c5-8923-4d19-a09e-2c8d79cc7c6f,,2025-09-09 07:15:41.630528,2025-09-09 07:15:41.630528,distribution_media_history,hg_stock,distribution_media_history_20260822_080123,2026-08-22 08:01:40.05814
386f4351-f6e2-44a8-a6c9-8408ccff111e,b15cb336-e712-4872-b487-cc2eb78774d3,f,f,1,0,"","","","","",f,1190b645-1f41-44cb-8680-5726382adcc2,358dceb1-c1b0-46b9-a24f-c1b6a7fdb2dd,358dceb1-c1b0-46b9-a24f-c1b6a7fdb2dd,,2026-03-03 10:45:09.566527,2026-03-03 10:45:09.566527,distribution_media_history,hg_stock,distribution_media_history_20260822_080123,2026-08-22 08:01:40.05814
386f4746-3c1d-44ba-b503-f8e1474241d8,34b3d45a-897a-4e75-80e6-2e2df366b3fa,f,f,0,7,"","","",af13f5cc-6b51-4949-ad6c-1786c27eaa3d,"",f,,ed8e0c83-aaec-49eb-8379-90f06bb587ed,ed8e0c83-aaec-49eb-8379-90f06bb587ed,,2025-06-17 02:48:05.622101,2025-06-17 02:48:05.622101,distribution_media_history,hg_stock,distribution_media_history_20260822_080123,2026-08-22 08:01:40.05814
386f5612-3d53-4d22-a3e4-ae6a1ef7f4a9,f72500db-9f87-49d9-9bcc-02066b5ca42b,t,f,1,7,"","","","","",f,1cdbc000-1c24-485c-8e71-fb91a4d5fcb6,3a9ff8c5-8923-4d19-a09e-2c8d79cc7c6f,3a9ff8c5-8923-4d19-a09e-2c8d79cc7c6f,,2025-10-13 07:56:19.390455,2025-10-13 07:56:19.390455,distribution_media_history,hg_stock,distribution_media_history_20260822_080123,2026-08-22 08:01:40.05814
38710e1d-f1b9-49ff-af26-243ea6ed3b1a,3707f596-1b5f-4508-b6ec-2db01f453ac6,t,f,1,7,"","","","","",f,1cdbc000-1c24-485c-8e71-fb91a4d5fcb6,3a9ff8c5-8923-4d19-a09e-2c8d79cc7c6f,3a9ff8c5-8923-4d19-a09e-2c8d79cc7c6f,,2025-12-27 08:23:54.224589,2025-12-27 08:23:54.224589,distribution_media_history,hg_stock,distribution_media_history_20260822_080123,2026-08-22 08:01:40.05814
38712dc9-a182-4e41-b0bc-2a7e8a49a661,bdff0b2f-7f38-4fb8-b9b4-0e908ae347e2,f,f,1,90,"","","",87126131-51a3-46a3-b4ac-2ec2cce25711,"",f,"",229dc6f0-0c2f-42cc-8d32-7c3397e96194,229dc6f0-0c2f-42cc-8d32-7c3397e96194,,2026-04-20 04:53:41.386251,2026-04-20 04:53:41.386251,distribution_media_history,hg_stock,distribution_media_history_20260822_080123,2026-08-22 08:01:40.05814
386f5bb8-501c-48fa-be0f-c952dc30b6cd,6c4b9bea-33e1-400e-8a0e-f00a7435e6ba,t,f,1,7,"","","","","04cee13a-69b0-41f1-b39c-889f9bd82938,17f48f51-7f38-41b0-a897-21f240726378,189d5957-a376-4804-9ac9-d3ac913f29b2,22c49afc-02e4-47e8-a4ab-9f0c0546ea68,3084841c-a70b-40d9-9edb-7aa498a50dc1,36298fa0-1ce7-4bae-8c41-db0a98d0341a,396221b9-cdc5-45b2-a79f-2d6de550fda9,3ee41b7a-96b5-4ab9-901b-3e0866188b6d,404f9125-d4c4-4da9-ad88-f829bb17ba62,489f9411-5f7e-4301-814a-60567e4e3e30,59113c8d-b24b-43e2-96f3-1eb18e9020bc,5c1b1d8f-d4a9-4a22-934a-43831e85d1e4,66cd6c10-7895-4502-937a-583c0d9ab692,7f65daf7-a4b7-4c1d-9b27-95a3e2321af0,7ffdacef-5d02-4aa8-b3d3-84c85d823164,82ce273c-9538-45d9-bc55-81d4406d2896,83546f70-3b79-4803-a00d-d4d620662403,84a48d11-c91a-4704-984d-487c05e520f8,8664aefc-082d-45bf-997c-d7924cdc450f,8b53e647-7506-4329-8541-838a25dc90b3,988558f8-ab30-4768-aed0-ddcc6cb6b630,9f332297-3b6b-4a98-bcd8-bc8da41105dd,a45aa42c-5285-4ac5-8fe7-a51fbd5e1447,aa6908d1-4b4a-4472-8767-934000773385,b5793a82-9df0-404c-b478-a81c03ae4e6c,b5a513f2-8d65-4512-90c0-7fa3c7311a61,b7f0a1f8-0078-4361-a39c-609cbc0fa09c,bd408cb0-2cde-4b1a-b556-8da94c325e1c,c0cc4ed9-8760-4184-b93c-e698dfb46246,c4b978df-9107-4eb9-a678-e621c83f0e48,c6f97750-2e14-4bb0-8d48-6d7b75af9afb,d369fc61-1571-40e8-961b-70044ea493c5,de206049-f16b-4735-bac3-6af89517d5f6,e08f3c2d-0236-4fd0-8b86-d978d047ef93,ed0b4e25-e812-41ba-b50b-6963218c597f,ed44140b-5cc4-4d47-8ad1-afdb356aa44b,f335762b-0da1-428e-87a0-bec2dfa6b557,f475b91f-4997-46e8-9c30-f89c24d0a3bf,f601dbeb-2cae-4c86-9924-ce54abb0c3fb,fad1e7bc-99f8-4821-beff-abd4694d5006,feb6927d-ee9b-40fc-8897-54a2bef67493",f,,3a9ff8c5-8923-4d19-a09e-2c8d79cc7c6f,3a9ff8c5-8923-4d19-a09e-2c8d79cc7c6f,,2025-07-30 09:47:10.547208,2025-07-30 09:47:10.547208,distribution_media_history,hg_stock,distribution_media_history_20260822_080123,2026-08-22 08:01:40.05814
386f730c-2269-4eb9-85f0-0600d313aeb2,df1f5f0a-a086-4b60-9013-5d09a88c7ead,f,f,1,0,"","","","","",f,1190b645-1f41-44cb-8680-5726382adcc2,358dceb1-c1b0-46b9-a24f-c1b6a7fdb2dd,358dceb1-c1b0-46b9-a24f-c1b6a7fdb2dd,,2026-03-03 10:45:40.761232,2026-03-03 10:45:40.761232,distribution_media_history,hg_stock,distribution_media_history_20260822_080123,2026-08-22 08:01:40.05814
386f760a-2c0b-46ae-9ef9-2654cb5a2099,fa1a9f16-e643-4f1e-b62b-09bbd56d580b,f,t,1,7,"","",4ad0b245-7423-41a4-b93d-2b237bbb40a9,"","",f,"",229dc6f0-0c2f-42cc-8d32-7c3397e96194,229dc6f0-0c2f-42cc-8d32-7c3397e96194,,2025-11-03 09:57:46.027605,2025-11-03 09:57:46.027605,distribution_media_history,hg_stock,distribution_media_history_20260822_080123,2026-08-22 08:01:40.05814
386f8412-c3f4-49b9-9faa-240378ed4ae7,43573bb3-62eb-4dca-b869-f59d54c300b5,t,f,1,30,"","","","","",f,1cdbc000-1c24-485c-8e71-fb91a4d5fcb6,3a9ff8c5-8923-4d19-a09e-2c8d79cc7c6f,3a9ff8c5-8923-4d19-a09e-2c8d79cc7c6f,,2025-12-27 08:23:54.224259,2025-12-27 08:23:54.224259,distribution_media_history,hg_stock,distribution_media_history_20260822_080123,2026-08-22 08:01:40.05814
386f8d1b-355e-49ac-832e-7afe4935fd9c,f68def5b-8f64-4453-b8ad-bdc527cf7400,f,t,1,7,"","","","","",f,eb196234-2684-494b-b1ce-5fb10d70cfc9,3a9ff8c5-8923-4d19-a09e-2c8d79cc7c6f,3a9ff8c5-8923-4d19-a09e-2c8d79cc7c6f,,2025-09-04 02:45:53.595298,2025-09-04 02:45:53.595298,distribution_media_history,hg_stock,distribution_media_history_20260822_080123,2026-08-22 08:01:40.05814
386f9208-2499-4f91-9522-d796847b88f3,41c9ad56-d72d-4848-8f52-49295ae5d009,t,f,1,7,"","","15b9cfe7-85ee-4d5c-910a-8dd18e3c08a8,211db165-a4e5-46fa-ae35-b3ce4970f396,270551e0-15db-4b4a-8bed-b0a9a3a44dff,469f562c-a07c-4e5e-9294-ca2b7f3e96c5,4b130012-bca4-48d9-b677-a3bbac756669,5026b271-3ca4-475e-b42b-ecaef67294c8,52cea1c3-a193-411f-adb4-a6fbffe220eb,629885eb-65c4-4921-a300-3c618c8961e3,7657821d-0928-4099-92a1-2146097c66b0,7ad7d9b9-4600-4db5-a3a8-e7c243499008,ba826125-ec02-4f09-b0d4-9e4aeeb11c0a,db869e71-ba93-441b-a264-32c62f017853,df42ed2a-f2da-49a1-a4ea-36e358b59bee,fcdd5322-049e-4b50-aecf-593d36d18b8f","","",f,,,,,2025-05-05 08:37:03.357235,2025-05-05 08:37:03.357235,distribution_media_history,hg_stock,distribution_media_history_20260822_080123,2026-08-22 08:01:40.05814
386fa9ea-0064-43d5-8fab-e41a0a769157,de5c2770-13b0-4d82-aa5f-faa49b5c135e,t,f,1,7,"","","0b5fd67b-6dbc-468f-9fd9-871c24314e4c,0dca4ce1-f595-42fa-bde9-988b7de6051c,211db165-a4e5-46fa-ae35-b3ce4970f396,4b130012-bca4-48d9-b677-a3bbac756669,52cea1c3-a193-411f-adb4-a6fbffe220eb,7657821d-0928-4099-92a1-2146097c66b0,db869e71-ba93-441b-a264-32c62f017853","","",f,,,,,2025-05-05 08:40:11.01778,2025-05-05 08:40:11.01778,distribution_media_history,hg_stock,distribution_media_history_20260822_080123,2026-08-22 08:01:40.05814
386fb368-a0bf-462a-bfd2-3e4ca179e41e,b8a9ad7c-e37f-4c6b-b6d5-9f49dae1a5a0,f,f,1,90,"","","","","",t,"1190b645-1f41-44cb-8680-5726382adcc2,810a971a-8ddc-4ef0-9f85-d8eba152507c",358dceb1-c1b0-46b9-a24f-c1b6a7fdb2dd,358dceb1-c1b0-46b9-a24f-c1b6a7fdb2dd,,2026-03-11 04:34:49.991317,2026-03-11 04:34:49.991317,distribution_media_history,hg_stock,distribution_media_history_20260822_080123,2026-08-22 08:01:40.05814
386fc1c3-6877-48d4-b5d5-e6b94cea02a8,bc05b65d-dbff-4862-8a75-fcbc672cd1ca,f,t,1,7,"","",6c979bdd-4fe0-4002-ab36-7fd6af2fca80,"","",f,"",229dc6f0-0c2f-42cc-8d32-7c3397e96194,229dc6f0-0c2f-42cc-8d32-7c3397e96194,,2025-10-16 03:57:09.983771,2025-10-16 03:57:09.983771,distribution_media_history,hg_stock,distribution_media_history_20260822_080123,2026-08-22 08:01:40.05814
386fd6f5-1b55-48fd-9545-dd4287ab227d,6b1f9ad7-f7ba-447b-896f-326659599768,f,f,1,0,"","","","","",f,1190b645-1f41-44cb-8680-5726382adcc2,358dceb1-c1b0-46b9-a24f-c1b6a7fdb2dd,358dceb1-c1b0-46b9-a24f-c1b6a7fdb2dd,,2026-03-03 10:44:33.969698,2026-03-03 10:44:33.969698,distribution_media_history,hg_stock,distribution_media_history_20260822_080123,2026-08-22 08:01:40.05814
386fe087-290f-4509-860a-f1c16a7e00a9,47e02d72-2958-4b0a-94c4-73038391d19f,t,f,1,7,"","","15b9cfe7-85ee-4d5c-910a-8dd18e3c08a8,211db165-a4e5-46fa-ae35-b3ce4970f396,270551e0-15db-4b4a-8bed-b0a9a3a44dff,4b130012-bca4-48d9-b677-a3bbac756669,5026b271-3ca4-475e-b42b-ecaef67294c8,52cea1c3-a193-411f-adb4-a6fbffe220eb,629885eb-65c4-4921-a300-3c618c8961e3,7657821d-0928-4099-92a1-2146097c66b0,7ad7d9b9-4600-4db5-a3a8-e7c243499008,ba826125-ec02-4f09-b0d4-9e4aeeb11c0a,db869e71-ba93-441b-a264-32c62f017853,df42ed2a-f2da-49a1-a4ea-36e358b59bee,e43c6415-4c89-451e-8bee-004c8f6ed620,fcdd5322-049e-4b50-aecf-593d36d18b8f","","",f,,,,,2025-05-05 08:37:09.091569,2025-05-05 08:37:09.091569,distribution_media_history,hg_stock,distribution_media_history_20260822_080123,2026-08-22 08:01:40.05814
386fee34-c780-4025-bcb9-b1a37ae5fb91,d2a2bb01-92f2-4aff-b1d5-6c13a0185e0d,f,f,1,-1,"953df40d-e9ff-42e4-9ae3-6c1a8b149921,df0289df-7bb3-43f0-b481-4dba85185c7b","","",af13f5cc-6b51-4949-ad6c-1786c27eaa3d,"",f,"",ed8e0c83-aaec-49eb-8379-90f06bb587ed,ed8e0c83-aaec-49eb-8379-90f06bb587ed,,2026-05-21 08:45:47.675051,2026-05-21 08:45:47.675051,distribution_media_history,hg_stock,distribution_media_history_20260822_080123,2026-08-22 08:01:40.05814
386ff026-48c5-4ace-8e42-abb403eedff2,9684f3e2-41d3-4b2e-a377-2070dd40d848,f,f,1,90,"","","",87126131-51a3-46a3-b4ac-2ec2cce25711,"",f,"",229dc6f0-0c2f-42cc-8d32-7c3397e96194,229dc6f0-0c2f-42cc-8d32-7c3397e96194,,2026-04-20 04:53:19.92552,2026-04-20 04:53:19.92552,distribution_media_history,hg_stock,distribution_media_history_20260822_080123,2026-08-22 08:01:40.05814
387130e8-078d-40bc-9138-68459a35beed,c1137864-7f44-41b7-a806-139bafa97c9e,f,f,1,0,"","","","","",f,1190b645-1f41-44cb-8680-5726382adcc2,358dceb1-c1b0-46b9-a24f-c1b6a7fdb2dd,358dceb1-c1b0-46b9-a24f-c1b6a7fdb2dd,,2026-03-03 08:34:39.404971,2026-03-03 08:34:39.404971,distribution_media_history,hg_stock,distribution_media_history_20260822_080123,2026-08-22 08:01:40.05814
38713da1-8ebe-40bc-975f-59a01b31ba44,70d32983-f851-4c4d-a0ae-3a33db4709d6,t,f,1,7,"","","0b5fd67b-6dbc-468f-9fd9-871c24314e4c,0dca4ce1-f595-42fa-bde9-988b7de6051c,211db165-a4e5-46fa-ae35-b3ce4970f396,4b130012-bca4-48d9-b677-a3bbac756669,52cea1c3-a193-411f-adb4-a6fbffe220eb,7657821d-0928-4099-92a1-2146097c66b0,db869e71-ba93-441b-a264-32c62f017853","","",f,,,,,2025-05-05 08:38:09.065652,2025-05-05 08:38:09.065652,distribution_media_history,hg_stock,distribution_media_history_20260822_080123,2026-08-22 08:01:40.05814
3870030b-a802-4382-b540-d04aa2aacd99,c46e016a-5364-4611-812c-b715dd675c39,t,f,1,7,"","","","","04cee13a-69b0-41f1-b39c-889f9bd82938,17f48f51-7f38-41b0-a897-21f240726378,189d5957-a376-4804-9ac9-d3ac913f29b2,22c49afc-02e4-47e8-a4ab-9f0c0546ea68,3084841c-a70b-40d9-9edb-7aa498a50dc1,36298fa0-1ce7-4bae-8c41-db0a98d0341a,396221b9-cdc5-45b2-a79f-2d6de550fda9,3ee41b7a-96b5-4ab9-901b-3e0866188b6d,404f9125-d4c4-4da9-ad88-f829bb17ba62,489f9411-5f7e-4301-814a-60567e4e3e30,59113c8d-b24b-43e2-96f3-1eb18e9020bc,66cd6c10-7895-4502-937a-583c0d9ab692,6fccedd4-9c2a-4b13-a908-32363d8ab09d,7f65daf7-a4b7-4c1d-9b27-95a3e2321af0,7ffdacef-5d02-4aa8-b3d3-84c85d823164,82ce273c-9538-45d9-bc55-81d4406d2896,83546f70-3b79-4803-a00d-d4d620662403,84a48d11-c91a-4704-984d-487c05e520f8,8664aefc-082d-45bf-997c-d7924cdc450f,8b53e647-7506-4329-8541-838a25dc90b3,980be853-40ae-403e-9dfb-e5a0644a55da,988558f8-ab30-4768-aed0-ddcc6cb6b630,a45aa42c-5285-4ac5-8fe7-a51fbd5e1447,aa6908d1-4b4a-4472-8767-934000773385,afe4ba65-c5e3-4bbb-9e23-6ccb370dc871,b5793a82-9df0-404c-b478-a81c03ae4e6c,bd408cb0-2cde-4b1a-b556-8da94c325e1c,c0cc4ed9-8760-4184-b93c-e698dfb46246,c6f97750-2e14-4bb0-8d48-6d7b75af9afb,cbc183a5-8bbf-4ef0-988c-7b542efb0f71,d369fc61-1571-40e8-961b-70044ea493c5,de206049-f16b-4735-bac3-6af89517d5f6,e07abf1a-e63a-4a79-8ed5-11dbd5b7268c,e08f3c2d-0236-4fd0-8b86-d978d047ef93,ed0b4e25-e812-41ba-b50b-6963218c597f,ed44140b-5cc4-4d47-8ad1-afdb356aa44b,eee97771-c2ef-426b-8c92-fde92d29fa00,f335762b-0da1-428e-87a0-bec2dfa6b557,f475b91f-4997-46e8-9c30-f89c24d0a3bf,f601dbeb-2cae-4c86-9924-ce54abb0c3fb,fa2d090f-99ed-4048-bc02-56e323844e79,fad1e7bc-99f8-4821-beff-abd4694d5006,feb6927d-ee9b-40fc-8897-54a2bef67493",f,,3a9ff8c5-8923-4d19-a09e-2c8d79cc7c6f,3a9ff8c5-8923-4d19-a09e-2c8d79cc7c6f,,2025-06-25 05:01:48.951959,2025-06-25 05:01:48.951959,distribution_media_history,hg_stock,distribution_media_history_20260822_080123,2026-08-22 08:01:40.05814
387003ee-b23f-4167-8876-1f8de177d0f7,73bcd43a-8aa6-4673-9728-6a024420c5a0,f,t,1,7,"","","","",2746e6f1-14e3-4a4b-91c3-19b7f449c2af,f,,3a67bc3d-1077-4be0-9f5a-846a08f8c71b,3a67bc3d-1077-4be0-9f5a-846a08f8c71b,,2025-07-25 10:24:41.466818,2025-07-25 10:24:41.466818,distribution_media_history,hg_stock,distribution_media_history_20260822_080123,2026-08-22 08:01:40.05814
387006e5-565e-4a48-b5ac-69c01b046098,7dac0eff-c9e3-4759-a91b-c48e231d0772,f,f,1,45,"","",c03e9b82-9ee8-4653-bb62-7611833ab735,af13f5cc-6b51-4949-ad6c-1786c27eaa3d,"",f,"",ed8e0c83-aaec-49eb-8379-90f06bb587ed,ed8e0c83-aaec-49eb-8379-90f06bb587ed,,2025-12-23 01:48:33.592756,2025-12-23 01:48:33.592756,distribution_media_history,hg_stock,distribution_media_history_20260822_080123,2026-08-22 08:01:40.05814
38700e66-f0d5-40e7-9894-9e9fe1532796,15491795-10f3-4135-acbc-d45747d7f940,t,f,1,7,"","","211db165-a4e5-46fa-ae35-b3ce4970f396,4b130012-bca4-48d9-b677-a3bbac756669,52cea1c3-a193-411f-adb4-a6fbffe220eb,db869e71-ba93-441b-a264-32c62f017853","","",f,,cd2f2c16-8b8c-40e4-ad35-8108fddbb9ea,cd2f2c16-8b8c-40e4-ad35-8108fddbb9ea,,2025-05-05 08:36:18.76866,2025-05-05 08:36:18.76866,distribution_media_history,hg_stock,distribution_media_history_20260822_080123,2026-08-22 08:01:40.05814
3870133c-8c32-4ac7-9bf5-6f3ce0df9b11,ee16f75b-f10d-429c-a0f6-550a77489411,t,t,1,7,"","","","","04cee13a-69b0-41f1-b39c-889f9bd82938,17f48f51-7f38-41b0-a897-21f240726378,189d5957-a376-4804-9ac9-d3ac913f29b2,22c49afc-02e4-47e8-a4ab-9f0c0546ea68,3084841c-a70b-40d9-9edb-7aa498a50dc1,36298fa0-1ce7-4bae-8c41-db0a98d0341a,396221b9-cdc5-45b2-a79f-2d6de550fda9,3ee41b7a-96b5-4ab9-901b-3e0866188b6d,404f9125-d4c4-4da9-ad88-f829bb17ba62,489f9411-5f7e-4301-814a-60567e4e3e30,59113c8d-b24b-43e2-96f3-1eb18e9020bc,66cd6c10-7895-4502-937a-583c0d9ab692,6fccedd4-9c2a-4b13-a908-32363d8ab09d,7f65daf7-a4b7-4c1d-9b27-95a3e2321af0,7ffdacef-5d02-4aa8-b3d3-84c85d823164,82ce273c-9538-45d9-bc55-81d4406d2896,83546f70-3b79-4803-a00d-d4d620662403,84a48d11-c91a-4704-984d-487c05e520f8,8664aefc-082d-45bf-997c-d7924cdc450f,8b53e647-7506-4329-8541-838a25dc90b3,980be853-40ae-403e-9dfb-e5a0644a55da,988558f8-ab30-4768-aed0-ddcc6cb6b630,a45aa42c-5285-4ac5-8fe7-a51fbd5e1447,aa6908d1-4b4a-4472-8767-934000773385,afe4ba65-c5e3-4bbb-9e23-6ccb370dc871,b5793a82-9df0-404c-b478-a81c03ae4e6c,bd408cb0-2cde-4b1a-b556-8da94c325e1c,c0cc4ed9-8760-4184-b93c-e698dfb46246,c6f97750-2e14-4bb0-8d48-6d7b75af9afb,cbc183a5-8bbf-4ef0-988c-7b542efb0f71,d369fc61-1571-40e8-961b-70044ea493c5,de206049-f16b-4735-bac3-6af89517d5f6,e07abf1a-e63a-4a79-8ed5-11dbd5b7268c,e08f3c2d-0236-4fd0-8b86-d978d047ef93,ed0b4e25-e812-41ba-b50b-6963218c597f,ed44140b-5cc4-4d47-8ad1-afdb356aa44b,eee97771-c2ef-426b-8c92-fde92d29fa00,f335762b-0da1-428e-87a0-bec2dfa6b557,f475b91f-4997-46e8-9c30-f89c24d0a3bf,f601dbeb-2cae-4c86-9924-ce54abb0c3fb,fa2d090f-99ed-4048-bc02-56e323844e79,fad1e7bc-99f8-4821-beff-abd4694d5006,feb6927d-ee9b-40fc-8897-54a2bef67493",f,,3a9ff8c5-8923-4d19-a09e-2c8d79cc7c6f,3a9ff8c5-8923-4d19-a09e-2c8d79cc7c6f,,2025-06-25 05:01:48.950654,2025-06-25 05:01:48.950654,distribution_media_history,hg_stock,distribution_media_history_20260822_080123,2026-08-22 08:01:40.05814
38701e44-3af3-4da4-8127-9ced9ef5567f,96c267a5-9439-4567-9d69-0940800be4e8,f,f,1,45,"","",bdd9d4f3-6a59-4a34-8087-8b6c644ced64,"","",f,"",229dc6f0-0c2f-42cc-8d32-7c3397e96194,229dc6f0-0c2f-42cc-8d32-7c3397e96194,,2026-01-27 09:22:41.987189,2026-01-27 09:22:41.987189,distribution_media_history,hg_stock,distribution_media_history_20260822_080123,2026-08-22 08:01:40.05814
38702560-b693-45ae-adc2-2b283e878ed1,42b496bd-7793-42d2-b607-64a869689673,f,f,1,0,"","","","","",f,1190b645-1f41-44cb-8680-5726382adcc2,358dceb1-c1b0-46b9-a24f-c1b6a7fdb2dd,358dceb1-c1b0-46b9-a24f-c1b6a7fdb2dd,,2026-03-03 10:44:51.085271,2026-03-03 10:44:51.085271,distribution_media_history,hg_stock,distribution_media_history_20260822_080123,2026-08-22 08:01:40.05814
38702a6c-068f-42f6-96db-fefa00d333f6,a8ed8a5a-2118-45b2-9dbe-44e86e7f77cc,t,f,1,7,"","",0749da15-f004-4cad-8a3f-26ebdf77e84c,"","",f,"",21102c25-cc07-4c1e-b881-66119155e1bd,21102c25-cc07-4c1e-b881-66119155e1bd,,2025-10-16 03:34:35.52411,2025-10-16 03:34:35.52411,distribution_media_history,hg_stock,distribution_media_history_20260822_080123,2026-08-22 08:01:40.05814
38702c5f-e999-4bd6-8503-57cdd2d91384,3254d60b-ea6e-41fd-a438-3cb2e700587a,t,t,1,7,"","","","","",f,1cdbc000-1c24-485c-8e71-fb91a4d5fcb6,3a9ff8c5-8923-4d19-a09e-2c8d79cc7c6f,3a9ff8c5-8923-4d19-a09e-2c8d79cc7c6f,,2025-09-09 07:15:41.630432,2025-09-09 07:15:41.630432,distribution_media_history,hg_stock,distribution_media_history_20260822_080123,2026-08-22 08:01:40.05814
38704a73-97f1-4ce0-a6b5-3ec27c5c4205,1b7b9f5d-49fd-44a1-b167-e64dd7856b34,f,f,1,14,"","","","",8b29f090-5983-4283-9558-f715cbdd1788,f,"",dc9096c5-0e59-45cb-b38e-79015bbc0c90,dc9096c5-0e59-45cb-b38e-79015bbc0c90,,2026-01-20 10:40:04.983698,2026-01-20 10:40:04.983698,distribution_media_history,hg_stock,distribution_media_history_20260822_080123,2026-08-22 08:01:40.05814
38714625-0599-4e36-a9d1-de9f83852646,05431dbb-f374-4774-845b-166903f5ce5f,f,f,1,14,"","","","",4efd73e0-67fa-4115-a5ff-123905684fcf,f,"",3a67bc3d-1077-4be0-9f5a-846a08f8c71b,3a67bc3d-1077-4be0-9f5a-846a08f8c71b,,2026-01-15 02:57:48.639356,2026-01-15 02:57:48.639356,distribution_media_history,hg_stock,distribution_media_history_20260822_080123,2026-08-22 08:01:40.05814
38716b5b-fb4a-48b6-b93a-ee9a5a17253f,b900207d-56d7-45de-ba5e-61dbd9b155b7,f,f,1,0,"","","","","",f,1190b645-1f41-44cb-8680-5726382adcc2,358dceb1-c1b0-46b9-a24f-c1b6a7fdb2dd,358dceb1-c1b0-46b9-a24f-c1b6a7fdb2dd,,2026-03-03 08:34:55.936684,2026-03-03 08:34:55.936684,distribution_media_history,hg_stock,distribution_media_history_20260822_080123,2026-08-22 08:01:40.05814
387178d7-07aa-4fa6-b1cf-d3c9d511c829,1e835d73-b12c-47e0-8468-7d1bd37a4764,t,f,1,7,"","","","","",f,1cdbc000-1c24-485c-8e71-fb91a4d5fcb6,3a9ff8c5-8923-4d19-a09e-2c8d79cc7c6f,3a9ff8c5-8923-4d19-a09e-2c8d79cc7c6f,,2025-10-13 07:56:19.398451,2025-10-13 07:56:19.398451,distribution_media_history,hg_stock,distribution_media_history_20260822_080123,2026-08-22 08:01:40.05814
38704add-b0e8-47ee-83f5-abfc719eebc0,2a9fdb08-3dbe-40d3-aa92-2fdf38929b98,t,f,1,7,"","","","","04cee13a-69b0-41f1-b39c-889f9bd82938,17f48f51-7f38-41b0-a897-21f240726378,189d5957-a376-4804-9ac9-d3ac913f29b2,22c49afc-02e4-47e8-a4ab-9f0c0546ea68,3084841c-a70b-40d9-9edb-7aa498a50dc1,36298fa0-1ce7-4bae-8c41-db0a98d0341a,396221b9-cdc5-45b2-a79f-2d6de550fda9,3ee41b7a-96b5-4ab9-901b-3e0866188b6d,404f9125-d4c4-4da9-ad88-f829bb17ba62,489f9411-5f7e-4301-814a-60567e4e3e30,59113c8d-b24b-43e2-96f3-1eb18e9020bc,5c1b1d8f-d4a9-4a22-934a-43831e85d1e4,66cd6c10-7895-4502-937a-583c0d9ab692,7f65daf7-a4b7-4c1d-9b27-95a3e2321af0,7ffdacef-5d02-4aa8-b3d3-84c85d823164,82ce273c-9538-45d9-bc55-81d4406d2896,83546f70-3b79-4803-a00d-d4d620662403,84a48d11-c91a-4704-984d-487c05e520f8,8664aefc-082d-45bf-997c-d7924cdc450f,8b53e647-7506-4329-8541-838a25dc90b3,988558f8-ab30-4768-aed0-ddcc6cb6b630,9f332297-3b6b-4a98-bcd8-bc8da41105dd,a45aa42c-5285-4ac5-8fe7-a51fbd5e1447,aa6908d1-4b4a-4472-8767-934000773385,b5793a82-9df0-404c-b478-a81c03ae4e6c,b5a513f2-8d65-4512-90c0-7fa3c7311a61,b7f0a1f8-0078-4361-a39c-609cbc0fa09c,bd408cb0-2cde-4b1a-b556-8da94c325e1c,c0cc4ed9-8760-4184-b93c-e698dfb46246,c4b978df-9107-4eb9-a678-e621c83f0e48,c6f97750-2e14-4bb0-8d48-6d7b75af9afb,d369fc61-1571-40e8-961b-70044ea493c5,de206049-f16b-4735-bac3-6af89517d5f6,e08f3c2d-0236-4fd0-8b86-d978d047ef93,ed0b4e25-e812-41ba-b50b-6963218c597f,ed44140b-5cc4-4d47-8ad1-afdb356aa44b,f335762b-0da1-428e-87a0-bec2dfa6b557,f475b91f-4997-46e8-9c30-f89c24d0a3bf,f601dbeb-2cae-4c86-9924-ce54abb0c3fb,fad1e7bc-99f8-4821-beff-abd4694d5006,feb6927d-ee9b-40fc-8897-54a2bef67493",f,,3a9ff8c5-8923-4d19-a09e-2c8d79cc7c6f,3a9ff8c5-8923-4d19-a09e-2c8d79cc7c6f,,2025-07-30 09:47:10.550155,2025-07-30 09:47:10.550155,distribution_media_history,hg_stock,distribution_media_history_20260822_080123,2026-08-22 08:01:40.05814
38704d20-b627-4e21-8931-fdd7898f96a2,5557ad27-02e8-401a-82ed-3920e2a24985,f,f,1,7,"","5938543b-a59a-40f7-b443-88fa3e8e1c08,bbb010aa-f95e-4f78-981e-fcf16bc0efda,dd41b60b-e690-4c86-9e3e-d6f3700910e2","","","",f,"",6a34ddae-be72-471a-ad45-7e226c3a141f,6a34ddae-be72-471a-ad45-7e226c3a141f,,2025-10-14 03:30:08.593164,2025-10-14 03:30:08.593164,distribution_media_history,hg_stock,distribution_media_history_20260822_080123,2026-08-22 08:01:40.05814
38705112-edf6-40f2-9196-06b49c544049,7a3ee5c4-2d5c-4ca6-8af4-b710a1006942,f,f,1,90,"","","",87126131-51a3-46a3-b4ac-2ec2cce25711,"",f,"",229dc6f0-0c2f-42cc-8d32-7c3397e96194,229dc6f0-0c2f-42cc-8d32-7c3397e96194,,2026-04-20 04:55:04.520761,2026-04-20 04:55:04.520761,distribution_media_history,hg_stock,distribution_media_history_20260822_080123,2026-08-22 08:01:40.05814
38706af4-bfdd-42b0-b6a8-17d6858743b2,d07de556-8e80-4f0f-b735-0a72ea258204,f,f,1,-1,"","","","","5ddf443b-3971-4f32-af6c-ad0154c3329f,69de0e36-a4db-4e8d-b458-99b0a4703307,6d8f5731-8ed9-4a2f-8b6b-708b1a050f64,e687bb66-76e5-492b-9a0f-b258a174a41d,fe2163e6-0ee6-4e83-8442-29ae84eb6eb2",f,"",c47f3399-05a0-4073-8685-89972808f783,c47f3399-05a0-4073-8685-89972808f783,,2026-04-16 09:33:01.179469,2026-04-16 09:33:01.179469,distribution_media_history,hg_stock,distribution_media_history_20260822_080123,2026-08-22 08:01:40.05814
38707636-2087-42d4-9401-1c1dc4b5cd91,1d143f2e-d50c-4544-9bc2-0484a269f164,t,f,1,30,"","","","","",f,1cdbc000-1c24-485c-8e71-fb91a4d5fcb6,3a9ff8c5-8923-4d19-a09e-2c8d79cc7c6f,3a9ff8c5-8923-4d19-a09e-2c8d79cc7c6f,,2025-10-28 03:11:12.175742,2025-10-28 03:11:12.175742,distribution_media_history,hg_stock,distribution_media_history_20260822_080123,2026-08-22 08:01:40.05814
38707bb4-cb1b-483d-bb13-92a8cba11761,a8cdd2dc-9b7a-4927-b06e-407fd6f1b0c1,f,f,1,7,"","",23fab090-e892-486d-8a78-16f6a1031d35,"","",f,,,,,2025-05-05 08:39:16.081893,2025-05-05 08:39:16.081893,distribution_media_history,hg_stock,distribution_media_history_20260822_080123,2026-08-22 08:01:40.05814
38708a13-0e0f-4795-add5-e8f369769259,80499373-6c0c-46e4-81ac-743666df64f0,f,f,1,7,"",fceea347-7b7d-4bfa-98d4-9f96f62b5486,"","","",f,"",229dc6f0-0c2f-42cc-8d32-7c3397e96194,229dc6f0-0c2f-42cc-8d32-7c3397e96194,,2025-09-04 10:07:16.303877,2025-09-04 10:07:16.303877,distribution_media_history,hg_stock,distribution_media_history_20260822_080123,2026-08-22 08:01:40.05814
38708dfd-d25c-4160-845d-d75635a56275,5e92bc3b-88d4-4ae2-8346-46afcd41ecb7,f,f,1,7,"","5938543b-a59a-40f7-b443-88fa3e8e1c08,bbb010aa-f95e-4f78-981e-fcf16bc0efda,dd41b60b-e690-4c86-9e3e-d6f3700910e2","","","",f,"",6a34ddae-be72-471a-ad45-7e226c3a141f,6a34ddae-be72-471a-ad45-7e226c3a141f,,2025-10-14 03:30:08.593093,2025-10-14 03:30:08.593093,distribution_media_history,hg_stock,distribution_media_history_20260822_080123,2026-08-22 08:01:40.05814
3870950a-c43c-4623-8cfc-8f5d5077388a,9c4f97db-0e94-48ca-a5f7-1f7908ea83e9,f,f,1,90,"","","","","",f,de337a89-766b-4121-bf74-03703fbc9236,358dceb1-c1b0-46b9-a24f-c1b6a7fdb2dd,358dceb1-c1b0-46b9-a24f-c1b6a7fdb2dd,,2026-03-18 14:47:18.03113,2026-03-18 14:47:18.03113,distribution_media_history,hg_stock,distribution_media_history_20260822_080123,2026-08-22 08:01:40.05814
3870c4bd-bd4c-4982-818f-6596846ecbd6,807351f5-d13e-426b-900c-f8b9ec793133,f,f,1,-1,"","","","","",f,97ca94e7-68ae-4468-80ad-c879ca5143cd,3a9ff8c5-8923-4d19-a09e-2c8d79cc7c6f,3a9ff8c5-8923-4d19-a09e-2c8d79cc7c6f,,2026-02-23 02:24:07.988359,2026-02-23 02:24:07.988359,distribution_media_history,hg_stock,distribution_media_history_20260822_080123,2026-08-22 08:01:40.05814
3870c4e4-8af5-4f59-81c5-9285a68231b4,23fbee5b-3e37-4082-9016-3bea6e915eba,t,f,1,-1,"","","","","",f,40426437-1700-4d15-9c77-20ae094b2d3c,9a1fc915-e747-4aa4-a786-19c67cd5ea2e,9a1fc915-e747-4aa4-a786-19c67cd5ea2e,,2026-02-12 07:44:15.348351,2026-02-12 07:44:15.348351,distribution_media_history,hg_stock,distribution_media_history_20260822_080123,2026-08-22 08:01:40.05814
3870d468-9ddc-4f77-900c-b10d6bfed8f4,f4b5c7b4-2173-4a37-b483-2cd5f1d465ce,f,f,1,7,"","",d0a6c7ae-3a77-4b4c-bc33-bed245694277,"","",f,,86feaaae-e8b4-481c-b0f9-bb9749f4682d,86feaaae-e8b4-481c-b0f9-bb9749f4682d,,2025-05-05 08:40:39.201185,2025-05-05 08:40:39.201185,distribution_media_history,hg_stock,distribution_media_history_20260822_080123,2026-08-22 08:01:40.05814
3870de11-65a7-474a-8cbf-3730dd326697,9d6cb3cd-a436-418c-8561-2fb025e2e129,f,t,1,7,"","d7963566-500a-402e-8180-762ffa9f348c,6709e76d-751e-4e25-bdca-b8235202ea32,dc9096c5-0e59-45cb-b38e-79015bbc0c90","","","",f,,dc9096c5-0e59-45cb-b38e-79015bbc0c90,dc9096c5-0e59-45cb-b38e-79015bbc0c90,,2025-05-20 11:27:22.928024,2025-05-20 11:27:22.928024,distribution_media_history,hg_stock,distribution_media_history_20260822_080123,2026-08-22 08:01:40.05814
3870dfcb-9b20-47a7-afb7-ff656630f157,ecd916e0-305b-4661-8ee0-60d127cc0ee9,t,f,1,7,"","","15b9cfe7-85ee-4d5c-910a-8dd18e3c08a8,211db165-a4e5-46fa-ae35-b3ce4970f396,270551e0-15db-4b4a-8bed-b0a9a3a44dff,469f562c-a07c-4e5e-9294-ca2b7f3e96c5,4b130012-bca4-48d9-b677-a3bbac756669,5026b271-3ca4-475e-b42b-ecaef67294c8,52cea1c3-a193-411f-adb4-a6fbffe220eb,629885eb-65c4-4921-a300-3c618c8961e3,7657821d-0928-4099-92a1-2146097c66b0,7ad7d9b9-4600-4db5-a3a8-e7c243499008,ba826125-ec02-4f09-b0d4-9e4aeeb11c0a,db869e71-ba93-441b-a264-32c62f017853,df42ed2a-f2da-49a1-a4ea-36e358b59bee,fcdd5322-049e-4b50-aecf-593d36d18b8f","","",f,,,,,2025-05-05 08:40:25.732358,2025-05-05 08:40:25.732358,distribution_media_history,hg_stock,distribution_media_history_20260822_080123,2026-08-22 08:01:40.05814
3870ef93-9b8f-4b58-97e5-5caf68586bb9,887842ea-0fa8-4938-bc8e-1df266752c3a,f,f,1,14,"","","52cea1c3-a193-411f-adb4-a6fbffe220eb,7b56a13f-aff1-4987-89fa-3df97114f8a6","","",f,"",0ce1484d-1a53-4311-a0ac-440c2519b187,0ce1484d-1a53-4311-a0ac-440c2519b187,,2026-01-14 10:24:11.601407,2026-01-14 10:24:11.601407,distribution_media_history,hg_stock,distribution_media_history_20260822_080123,2026-08-22 08:01:40.05814
3870f59d-ab9e-4f65-b984-48e7bd0b6554,8baacbe5-4233-45b6-86e8-4108f68f2748,f,f,1,30,"","","","","",f,1190b645-1f41-44cb-8680-5726382adcc2,358dceb1-c1b0-46b9-a24f-c1b6a7fdb2dd,358dceb1-c1b0-46b9-a24f-c1b6a7fdb2dd,,2026-01-20 08:57:01.502886,2026-01-20 08:57:01.502886,distribution_media_history,hg_stock,distribution_media_history_20260822_080123,2026-08-22 08:01:40.05814
3871a0e8-66ff-4fbf-a9e7-f5484bc67935,fdb9d784-7954-44a3-912b-b0c0140c7806,f,t,1,7,"","","","",db6b31ce-1c0c-4728-abcd-c3f6d68467c4,f,,5d7a9893-6e21-4a12-bf1b-8594646e7b4d,5d7a9893-6e21-4a12-bf1b-8594646e7b4d,,2025-08-01 01:36:15.53556,2025-08-01 01:36:15.53556,distribution_media_history,hg_stock,distribution_media_history_20260822_080123,2026-08-22 08:01:40.05814
3871a3e0-008c-4fac-9332-fc8ec0faac2f,1b48ba2e-a6c1-4c6a-b988-a6241636a74b,t,f,1,-1,"","","","","",f,cc84a821-10b5-43c8-a7ec-2205c10dd989,9a1fc915-e747-4aa4-a786-19c67cd5ea2e,9a1fc915-e747-4aa4-a786-19c67cd5ea2e,,2026-02-12 07:59:07.406637,2026-02-12 07:59:07.406637,distribution_media_history,hg_stock,distribution_media_history_20260822_080123,2026-08-22 08:01:40.05814
3871a446-dfa5-437e-a583-3881adbbf9eb,0852fea0-4430-4b23-b489-b1a89341ec9d,f,f,1,7,"","","48a1af96-5a7d-40d9-8ebe-4e3655f14e4b,f5a4dab5-df91-4776-9a1f-1c2e1ed7ce8b","","",f,,,,,2025-05-05 08:35:56.506219,2025-05-05 08:35:56.506219,distribution_media_history,hg_stock,distribution_media_history_20260822_080123,2026-08-22 08:01:40.05814
3871a57e-21a3-4207-9b2c-f698448f4ffd,5279aa4f-edbd-40b4-9e84-0815b43c15c9,t,f,1,7,"","","0b5fd67b-6dbc-468f-9fd9-871c24314e4c,0dca4ce1-f595-42fa-bde9-988b7de6051c,211db165-a4e5-46fa-ae35-b3ce4970f396,4b130012-bca4-48d9-b677-a3bbac756669,52cea1c3-a193-411f-adb4-a6fbffe220eb,7657821d-0928-4099-92a1-2146097c66b0,db869e71-ba93-441b-a264-32c62f017853","","",f,,fcad2f27-15fe-4ba3-bf35-ddf73b35dd59,fcad2f27-15fe-4ba3-bf35-ddf73b35dd59,,2025-05-05 08:37:15.094696,2025-05-05 08:37:15.094696,distribution_media_history,hg_stock,distribution_media_history_20260822_080123,2026-08-22 08:01:40.05814
3871b399-e221-4da1-a620-dcb1c4eb8f59,394cb081-d18e-4ca2-b06b-7d3609d97784,t,f,1,7,"","","","","04cee13a-69b0-41f1-b39c-889f9bd82938,17f48f51-7f38-41b0-a897-21f240726378,189d5957-a376-4804-9ac9-d3ac913f29b2,22c49afc-02e4-47e8-a4ab-9f0c0546ea68,3084841c-a70b-40d9-9edb-7aa498a50dc1,36298fa0-1ce7-4bae-8c41-db0a98d0341a,396221b9-cdc5-45b2-a79f-2d6de550fda9,3ee41b7a-96b5-4ab9-901b-3e0866188b6d,404f9125-d4c4-4da9-ad88-f829bb17ba62,489f9411-5f7e-4301-814a-60567e4e3e30,59113c8d-b24b-43e2-96f3-1eb18e9020bc,66cd6c10-7895-4502-937a-583c0d9ab692,6fccedd4-9c2a-4b13-a908-32363d8ab09d,7f65daf7-a4b7-4c1d-9b27-95a3e2321af0,7ffdacef-5d02-4aa8-b3d3-84c85d823164,82ce273c-9538-45d9-bc55-81d4406d2896,83546f70-3b79-4803-a00d-d4d620662403,84a48d11-c91a-4704-984d-487c05e520f8,8664aefc-082d-45bf-997c-d7924cdc450f,8b53e647-7506-4329-8541-838a25dc90b3,93ab8008-587a-4a00-a78b-1ea011796b10,96fdf1dd-c29d-48c0-9942-b89777d4f662,980be853-40ae-403e-9dfb-e5a0644a55da,988558f8-ab30-4768-aed0-ddcc6cb6b630,a45aa42c-5285-4ac5-8fe7-a51fbd5e1447,aa6908d1-4b4a-4472-8767-934000773385,afe4ba65-c5e3-4bbb-9e23-6ccb370dc871,b5793a82-9df0-404c-b478-a81c03ae4e6c,bd408cb0-2cde-4b1a-b556-8da94c325e1c,c0cc4ed9-8760-4184-b93c-e698dfb46246,c6f97750-2e14-4bb0-8d48-6d7b75af9afb,cbc183a5-8bbf-4ef0-988c-7b542efb0f71,d369fc61-1571-40e8-961b-70044ea493c5,de206049-f16b-4735-bac3-6af89517d5f6,e07abf1a-e63a-4a79-8ed5-11dbd5b7268c,e08f3c2d-0236-4fd0-8b86-d978d047ef93,e5a984fb-9511-483f-9ca8-2624f19dffac,ed0b4e25-e812-41ba-b50b-6963218c597f,ed44140b-5cc4-4d47-8ad1-afdb356aa44b,eee97771-c2ef-426b-8c92-fde92d29fa00,f335762b-0da1-428e-87a0-bec2dfa6b557,f475b91f-4997-46e8-9c30-f89c24d0a3bf,f601dbeb-2cae-4c86-9924-ce54abb0c3fb,fa2d090f-99ed-4048-bc02-56e323844e79,fad1e7bc-99f8-4821-beff-abd4694d5006,fd42dc28-9ff0-4379-8e65-fbca6f35de60,feb6927d-ee9b-40fc-8897-54a2bef67493",f,,3a9ff8c5-8923-4d19-a09e-2c8d79cc7c6f,3a9ff8c5-8923-4d19-a09e-2c8d79cc7c6f,,2025-07-18 07:55:08.188603,2025-07-18 07:55:08.188603,distribution_media_history,hg_stock,distribution_media_history_20260822_080123,2026-08-22 08:01:40.05814
3871bb9a-b541-43fc-bd0b-e220e735f9a5,c3d2885d-56fc-4868-b962-e7b1b100ec04,f,f,1,7,"","","0749da15-f004-4cad-8a3f-26ebdf77e84c,211db165-a4e5-46fa-ae35-b3ce4970f396,de0102b9-50f9-41fa-992a-06ae9eb82724","","",f,,ed8e0c83-aaec-49eb-8379-90f06bb587ed,ed8e0c83-aaec-49eb-8379-90f06bb587ed,,2025-05-05 08:39:42.977134,2025-05-05 08:39:42.977134,distribution_media_history,hg_stock,distribution_media_history_20260822_080123,2026-08-22 08:01:40.05814
3871c6eb-fe72-4ca8-926b-34126c8b98ac,13cb5afa-bab7-4183-a332-42886ae2547a,f,t,1,7,"","","","","1439b9c9-9e05-4638-84cd-440a76ee307e,1c719b73-3719-479c-9425-15de6d8d72eb,20069b5d-4767-4020-b72e-3905372aab97,24613508-1f1e-432f-88e2-a211d9b148c1,7697003b-34c8-4a2a-8f16-b59364358705,7e5e863d-7996-40a3-adcb-60e3c66d24d5,88c1c9de-5330-4231-9639-23aa00b227b4",f,,3a9ff8c5-8923-4d19-a09e-2c8d79cc7c6f,3a9ff8c5-8923-4d19-a09e-2c8d79cc7c6f,,2025-08-06 09:00:12.882434,2025-08-06 09:00:12.882434,distribution_media_history,hg_stock,distribution_media_history_20260822_080123,2026-08-22 08:01:40.05814
3871c74e-a841-4048-ba6a-13c9163252ba,8fbe05ba-c73d-458e-90dd-8176da37cf25,f,f,1,45,"","",bdd9d4f3-6a59-4a34-8087-8b6c644ced64,"","",f,"",229dc6f0-0c2f-42cc-8d32-7c3397e96194,229dc6f0-0c2f-42cc-8d32-7c3397e96194,,2025-11-07 03:32:33.009138,2025-11-07 03:32:33.009138,distribution_media_history,hg_stock,distribution_media_history_20260822_080123,2026-08-22 08:01:40.05814
3871d936-ee86-458d-9b5d-5bde020aa9a8,7f91a265-3a30-4572-8e45-2f697a27f376,t,f,1,7,"","","","","04cee13a-69b0-41f1-b39c-889f9bd82938,17f48f51-7f38-41b0-a897-21f240726378,189d5957-a376-4804-9ac9-d3ac913f29b2,22c49afc-02e4-47e8-a4ab-9f0c0546ea68,3084841c-a70b-40d9-9edb-7aa498a50dc1,36298fa0-1ce7-4bae-8c41-db0a98d0341a,396221b9-cdc5-45b2-a79f-2d6de550fda9,3ee41b7a-96b5-4ab9-901b-3e0866188b6d,404f9125-d4c4-4da9-ad88-f829bb17ba62,489f9411-5f7e-4301-814a-60567e4e3e30,59113c8d-b24b-43e2-96f3-1eb18e9020bc,5c1b1d8f-d4a9-4a22-934a-43831e85d1e4,66cd6c10-7895-4502-937a-583c0d9ab692,6fccedd4-9c2a-4b13-a908-32363d8ab09d,7f65daf7-a4b7-4c1d-9b27-95a3e2321af0,7ffdacef-5d02-4aa8-b3d3-84c85d823164,82ce273c-9538-45d9-bc55-81d4406d2896,83546f70-3b79-4803-a00d-d4d620662403,84a48d11-c91a-4704-984d-487c05e520f8,8664aefc-082d-45bf-997c-d7924cdc450f,8b53e647-7506-4329-8541-838a25dc90b3,980be853-40ae-403e-9dfb-e5a0644a55da,988558f8-ab30-4768-aed0-ddcc6cb6b630,a45aa42c-5285-4ac5-8fe7-a51fbd5e1447,aa6908d1-4b4a-4472-8767-934000773385,b5793a82-9df0-404c-b478-a81c03ae4e6c,bd408cb0-2cde-4b1a-b556-8da94c325e1c,c0cc4ed9-8760-4184-b93c-e698dfb46246,c6f97750-2e14-4bb0-8d48-6d7b75af9afb,cbc183a5-8bbf-4ef0-988c-7b542efb0f71,d369fc61-1571-40e8-961b-70044ea493c5,de206049-f16b-4735-bac3-6af89517d5f6,e07abf1a-e63a-4a79-8ed5-11dbd5b7268c,e08f3c2d-0236-4fd0-8b86-d978d047ef93,e5a984fb-9511-483f-9ca8-2624f19dffac,ed0b4e25-e812-41ba-b50b-6963218c597f,ed44140b-5cc4-4d47-8ad1-afdb356aa44b,f335762b-0da1-428e-87a0-bec2dfa6b557,f475b91f-4997-46e8-9c30-f89c24d0a3bf,f601dbeb-2cae-4c86-9924-ce54abb0c3fb,fa2d090f-99ed-4048-bc02-56e323844e79,fad1e7bc-99f8-4821-beff-abd4694d5006,fd42dc28-9ff0-4379-8e65-fbca6f35de60,feb6927d-ee9b-40fc-8897-54a2bef67493",f,,3a9ff8c5-8923-4d19-a09e-2c8d79cc7c6f,3a9ff8c5-8923-4d19-a09e-2c8d79cc7c6f,,2025-07-30 03:07:46.73452,2025-07-30 03:07:46.73452,distribution_media_history,hg_stock,distribution_media_history_20260822_080123,2026-08-22 08:01:40.05814
3871e65c-99fb-4320-ac91-857823effdb7,e77d76de-0a61-4139-862e-67d136a148f1,f,f,1,7,"","","211db165-a4e5-46fa-ae35-b3ce4970f396,4b130012-bca4-48d9-b677-a3bbac756669,52cea1c3-a193-411f-adb4-a6fbffe220eb,7657821d-0928-4099-92a1-2146097c66b0,bc1799a3-603f-4412-909a-1f0d9907f17c,db869e71-ba93-441b-a264-32c62f017853","","",f,,40543163-4918-4efe-b067-e93603a45ebf,40543163-4918-4efe-b067-e93603a45ebf,,2025-05-05 08:40:25.730121,2025-05-05 08:40:25.730121,distribution_media_history,hg_stock,distribution_media_history_20260822_080123,2026-08-22 08:01:40.05814
3871f2aa-1394-40ff-9dea-d72489fac1df,8c3bf637-0cd4-455d-b0d2-347eeada42be,f,t,1,7,"","","","",49e1848d-584f-4cfd-9d91-3708bc10b099,f,"",5d7a9893-6e21-4a12-bf1b-8594646e7b4d,5d7a9893-6e21-4a12-bf1b-8594646e7b4d,,2025-08-07 02:20:51.805465,2025-08-07 02:20:51.805465,distribution_media_history,hg_stock,distribution_media_history_20260822_080123,2026-08-22 08:01:40.05814
3871ff6c-20e7-4afb-97bc-271f9ce57c91,5cbb11cc-207f-4a16-820f-24cf91af2877,f,t,1,7,"","","","","1aecba0c-d09a-4993-a95b-e2938f7b0b8b,213a851a-3021-433c-8231-d30845c859ab,41d5ac5b-32a5-4167-b173-1bf87165338c,a5282cd2-f240-41e4-af0b-aec96186470d,9684e277-5607-41a6-a8f0-a33711dc79b5,6bdcc683-42be-484f-8862-b643c9162033,1efc9197-1d1d-44bb-a769-cb7317b8dd0e,06806c7c-2153-45a9-a3c4-7b56d0d14348",f,,3a9ff8c5-8923-4d19-a09e-2c8d79cc7c6f,3a9ff8c5-8923-4d19-a09e-2c8d79cc7c6f,,2025-06-04 09:11:28.113115,2025-06-04 09:11:28.113115,distribution_media_history,hg_stock,distribution_media_history_20260822_080123,2026-08-22 08:01:40.05814
38720a38-a9ad-41d3-83cd-1c247c7e688f,6a1df9cf-f4db-49a2-ae10-301fb689fa47,f,f,1,45,"","",bdd9d4f3-6a59-4a34-8087-8b6c644ced64,"","",f,"",229dc6f0-0c2f-42cc-8d32-7c3397e96194,229dc6f0-0c2f-42cc-8d32-7c3397e96194,,2025-11-07 03:32:33.010144,2025-11-07 03:32:33.010144,distribution_media_history,hg_stock,distribution_media_history_20260822_080123,2026-08-22 08:01:40.05814
38721476-c738-46e0-9ed5-497d2c0d2bde,db8816d5-40e9-4612-b212-29e6be794686,f,f,1,-1,"",522cc0c7-0990-4e26-b535-392767a7c142,"","","",f,"",522cc0c7-0990-4e26-b535-392767a7c142,522cc0c7-0990-4e26-b535-392767a7c142,,2026-04-29 02:08:07.383217,2026-04-29 02:08:07.383217,distribution_media_history,hg_stock,distribution_media_history_20260822_080123,2026-08-22 08:01:40.05814
3872209a-3fec-4c38-aa6d-42f72827cf0a,7e7e54f3-34e2-4cea-b415-6e6dc4ff3de2,f,f,1,14,"","","","","0f765cb9-0d18-4f74-8660-46b3abfb3dec,1f8fc573-9e67-4351-93a6-85af17adacb8,5bb33678-ccd3-4b18-a4a8-443ed417872a,d3458193-dbca-4771-a807-0fbc74b02607,dc4363f3-47bf-417d-bf6c-87ec7b129a23",f,"",dc9096c5-0e59-45cb-b38e-79015bbc0c90,dc9096c5-0e59-45cb-b38e-79015bbc0c90,,2026-03-27 07:08:29.948201,2026-03-27 07:08:29.948201,distribution_media_history,hg_stock,distribution_media_history_20260822_080123,2026-08-22 08:01:40.05814
38722170-e9fe-4512-8811-4620d37cec70,f7a090d8-9216-4804-807d-bacd4bc3115f,t,t,1,7,"","","","","04cee13a-69b0-41f1-b39c-889f9bd82938,17f48f51-7f38-41b0-a897-21f240726378,189d5957-a376-4804-9ac9-d3ac913f29b2,22c49afc-02e4-47e8-a4ab-9f0c0546ea68,3084841c-a70b-40d9-9edb-7aa498a50dc1,36298fa0-1ce7-4bae-8c41-db0a98d0341a,396221b9-cdc5-45b2-a79f-2d6de550fda9,3ee41b7a-96b5-4ab9-901b-3e0866188b6d,404f9125-d4c4-4da9-ad88-f829bb17ba62,489f9411-5f7e-4301-814a-60567e4e3e30,59113c8d-b24b-43e2-96f3-1eb18e9020bc,66cd6c10-7895-4502-937a-583c0d9ab692,6fccedd4-9c2a-4b13-a908-32363d8ab09d,7f65daf7-a4b7-4c1d-9b27-95a3e2321af0,7ffdacef-5d02-4aa8-b3d3-84c85d823164,82ce273c-9538-45d9-bc55-81d4406d2896,83546f70-3b79-4803-a00d-d4d620662403,84a48d11-c91a-4704-984d-487c05e520f8,8664aefc-082d-45bf-997c-d7924cdc450f,8b53e647-7506-4329-8541-838a25dc90b3,96fdf1dd-c29d-48c0-9942-b89777d4f662,980be853-40ae-403e-9dfb-e5a0644a55da,988558f8-ab30-4768-aed0-ddcc6cb6b630,a45aa42c-5285-4ac5-8fe7-a51fbd5e1447,aa6908d1-4b4a-4472-8767-934000773385,afe4ba65-c5e3-4bbb-9e23-6ccb370dc871,b5793a82-9df0-404c-b478-a81c03ae4e6c,bd408cb0-2cde-4b1a-b556-8da94c325e1c,c0cc4ed9-8760-4184-b93c-e698dfb46246,c6f97750-2e14-4bb0-8d48-6d7b75af9afb,cbc183a5-8bbf-4ef0-988c-7b542efb0f71,d369fc61-1571-40e8-961b-70044ea493c5,de206049-f16b-4735-bac3-6af89517d5f6,e07abf1a-e63a-4a79-8ed5-11dbd5b7268c,e08f3c2d-0236-4fd0-8b86-d978d047ef93,e5a984fb-9511-483f-9ca8-2624f19dffac,ed0b4e25-e812-41ba-b50b-6963218c597f,ed44140b-5cc4-4d47-8ad1-afdb356aa44b,eee97771-c2ef-426b-8c92-fde92d29fa00,f335762b-0da1-428e-87a0-bec2dfa6b557,f475b91f-4997-46e8-9c30-f89c24d0a3bf,f601dbeb-2cae-4c86-9924-ce54abb0c3fb,fa2d090f-99ed-4048-bc02-56e323844e79,fad1e7bc-99f8-4821-beff-abd4694d5006,fd42dc28-9ff0-4379-8e65-fbca6f35de60,feb6927d-ee9b-40fc-8897-54a2bef67493",f,,3a9ff8c5-8923-4d19-a09e-2c8d79cc7c6f,3a9ff8c5-8923-4d19-a09e-2c8d79cc7c6f,,2025-07-14 08:43:26.230201,2025-07-14 08:43:26.230201,distribution_media_history,hg_stock,distribution_media_history_20260822_080123,2026-08-22 08:01:40.05814
387225f3-0520-4c6e-9658-0723d64ad779,57974e49-8b83-497e-9999-c4a2104c13de,t,f,1,7,"","","15b9cfe7-85ee-4d5c-910a-8dd18e3c08a8,211db165-a4e5-46fa-ae35-b3ce4970f396,270551e0-15db-4b4a-8bed-b0a9a3a44dff,4b130012-bca4-48d9-b677-a3bbac756669,5026b271-3ca4-475e-b42b-ecaef67294c8,52cea1c3-a193-411f-adb4-a6fbffe220eb,629885eb-65c4-4921-a300-3c618c8961e3,7657821d-0928-4099-92a1-2146097c66b0,7ad7d9b9-4600-4db5-a3a8-e7c243499008,ba826125-ec02-4f09-b0d4-9e4aeeb11c0a,db869e71-ba93-441b-a264-32c62f017853,df42ed2a-f2da-49a1-a4ea-36e358b59bee,fcdd5322-049e-4b50-aecf-593d36d18b8f","","",f,,401057d2-0dfc-4445-9d9e-ccc7abf9d334,401057d2-0dfc-4445-9d9e-ccc7abf9d334,,2025-05-05 08:37:21.023228,2025-05-05 08:37:21.023228,distribution_media_history,hg_stock,distribution_media_history_20260822_080123,2026-08-22 08:01:40.05814
387239fd-bdba-4074-a0d9-265db5036b6f,a4f92f42-deb7-4251-917c-9bbb20f34a43,f,f,1,90,"","","",87126131-51a3-46a3-b4ac-2ec2cce25711,"",f,"",229dc6f0-0c2f-42cc-8d32-7c3397e96194,229dc6f0-0c2f-42cc-8d32-7c3397e96194,,2026-04-20 04:55:21.856641,2026-04-20 04:55:21.856641,distribution_media_history,hg_stock,distribution_media_history_20260822_080123,2026-08-22 08:01:40.05814
38724130-0067-4b07-a91e-832a76c64c29,d1c71925-f967-45c7-9875-50bd11304d4e,f,f,1,7,"","",f4085195-1fd3-47d5-92a0-49f1430385f8,"","",f,,0200161a-5f5d-40f7-94d8-e0584d9d2831,0200161a-5f5d-40f7-94d8-e0584d9d2831,,2025-05-05 08:39:56.630367,2025-05-05 08:39:56.630367,distribution_media_history,hg_stock,distribution_media_history_20260822_080123,2026-08-22 08:01:40.05814
38724bec-ec5a-45d7-a011-5c515ff87c57,9464bbe1-9941-4084-a9e3-b9a33ff251d3,f,f,1,-1,"2041f929-23a3-46e5-a83b-4f2315ee8970,4b0353f5-de37-4217-b0bc-c7cb98613fe8,9503c334-612a-42e3-a6ee-34e19fb88b3e","","",40885a7b-f9f9-4541-abc8-6fdcda2ba048,"",f,"",a61e2437-628b-43e7-a32c-f948290dbba9,a61e2437-628b-43e7-a32c-f948290dbba9,,2026-05-29 06:29:52.571711,2026-05-29 06:29:52.571711,distribution_media_history,hg_stock,distribution_media_history_20260822_080123,2026-08-22 08:01:40.05814
38724f42-2937-49c3-ac46-2bf44df9be84,01d4c455-3708-4e7b-974d-76cee8e58f8d,f,f,1,7,"","",17bd284a-ef80-41f5-927b-99aff424ed67,"","",f,,5d7a9893-6e21-4a12-bf1b-8594646e7b4d,5d7a9893-6e21-4a12-bf1b-8594646e7b4d,,2025-05-05 08:35:40.267276,2025-05-05 08:35:40.267276,distribution_media_history,hg_stock,distribution_media_history_20260822_080123,2026-08-22 08:01:40.05814
387252de-d95f-4113-b009-3c64235a8c61,bb3b1c80-1d13-42de-ae12-00496698e9b4,f,t,1,7,"","",31f64d34-2fe4-4f86-bbc3-79906c9d5cc3,"","",f,,97ee41e4-8f90-4991-8d67-df26d970bf62,97ee41e4-8f90-4991-8d67-df26d970bf62,,2025-06-11 04:36:26.857533,2025-06-11 04:36:26.857533,distribution_media_history,hg_stock,distribution_media_history_20260822_080123,2026-08-22 08:01:40.05814
387253da-638b-4846-b529-b5944e790d39,5a484fe5-0bea-4c0a-8c71-c55b219ccf13,t,f,1,7,"","","","","",f,1cdbc000-1c24-485c-8e71-fb91a4d5fcb6,a487b65e-6fc8-47db-8c5a-6c364a9e9d96,a487b65e-6fc8-47db-8c5a-6c364a9e9d96,,2025-11-04 07:44:33.157982,2025-11-04 07:44:33.157982,distribution_media_history,hg_stock,distribution_media_history_20260822_080123,2026-08-22 08:01:40.05814
3872635e-9cfb-430d-af9c-f38fae5b43e5,a39da240-4ade-4d9c-bc03-4a435b888c1b,t,t,1,7,"","","","","",f,1cdbc000-1c24-485c-8e71-fb91a4d5fcb6,3a9ff8c5-8923-4d19-a09e-2c8d79cc7c6f,3a9ff8c5-8923-4d19-a09e-2c8d79cc7c6f,,2025-09-09 07:15:41.627555,2025-09-09 07:15:41.627555,distribution_media_history,hg_stock,distribution_media_history_20260822_080123,2026-08-22 08:01:40.05814
3872642a-67c1-4c20-8fb8-1d105427d5b3,5e51bd53-fb8b-4689-af01-687627e4b412,t,t,1,7,"","","52cea1c3-a193-411f-adb4-a6fbffe220eb,e2d5d683-013e-4197-8061-a8b45c971b8a","","",f,"",94ed467c-ceec-437f-aed7-3317cd4fe1ae,94ed467c-ceec-437f-aed7-3317cd4fe1ae,,2025-10-15 03:34:35.645248,2025-10-15 03:34:35.645248,distribution_media_history,hg_stock,distribution_media_history_20260822_080123,2026-08-22 08:01:40.05814
387270da-ee29-4326-94d1-3c0144d568d3,f8a64281-39b1-477a-87e9-0427f7987936,f,f,1,45,"","",bdd9d4f3-6a59-4a34-8087-8b6c644ced64,"","",f,"",229dc6f0-0c2f-42cc-8d32-7c3397e96194,229dc6f0-0c2f-42cc-8d32-7c3397e96194,,2025-11-07 02:29:39.273505,2025-11-07 02:29:39.273505,distribution_media_history,hg_stock,distribution_media_history_20260822_080123,2026-08-22 08:01:40.05814
3872728c-e2bb-44f8-8003-d9975126247b,027baf47-e8f6-4435-9f21-79d907f8eea2,f,f,1,7,"","5938543b-a59a-40f7-b443-88fa3e8e1c08,bbb010aa-f95e-4f78-981e-fcf16bc0efda,dd41b60b-e690-4c86-9e3e-d6f3700910e2","","","",f,"",6a34ddae-be72-471a-ad45-7e226c3a141f,6a34ddae-be72-471a-ad45-7e226c3a141f,,2025-10-14 03:30:08.593916,2025-10-14 03:30:08.593916,distribution_media_history,hg_stock,distribution_media_history_20260822_080123,2026-08-22 08:01:40.05814
387282ba-bcb6-4a9f-8eec-472e420fa585,661575c9-5baf-42c6-9edf-8be002a864e6,t,f,1,7,"","13d11747-06d8-499f-a3fa-c6ea22bfa6dc,2332c3df-4e73-4fef-8937-582b2af3f71a,37e4e022-7de7-4916-97e7-b094138f1196,4dc6b2f5-e2e4-455a-84d4-1c42d09896dc,6709e76d-751e-4e25-bdca-b8235202ea32,84dc0038-dd1e-4a75-982c-56edde2b695e,97667a27-3ff1-45d8-8612-f3bef52610b6,a1fc6186-159d-4bca-81bc-ad3593decdb8,bd6cfcba-edf0-4b05-8017-66598fced454,d01cec12-7a37-4589-9076-71419dbad65e,d4706992-57ae-4efc-8100-86611363276a,d96bea47-a199-4419-95fb-ec1606827b45","","","",f,"",c47f3399-05a0-4073-8685-89972808f783,c47f3399-05a0-4073-8685-89972808f783,,2026-01-08 07:08:42.118668,2026-01-08 07:08:42.118668,distribution_media_history,hg_stock,distribution_media_history_20260822_080123,2026-08-22 08:01:40.05814
3872858f-6ee0-4577-bf90-90fc3cb2108b,9421ad29-b304-44e6-9f3e-3fa66776588b,t,f,1,7,"","","211db165-a4e5-46fa-ae35-b3ce4970f396,4b130012-bca4-48d9-b677-a3bbac756669,52cea1c3-a193-411f-adb4-a6fbffe220eb,db869e71-ba93-441b-a264-32c62f017853","","",f,,,,,2025-05-05 08:38:38.503652,2025-05-05 08:38:38.503652,distribution_media_history,hg_stock,distribution_media_history_20260822_080123,2026-08-22 08:01:40.05814
3872970f-3dc9-4bf5-9fcb-e0968e42893d,e48dc05e-0221-4bae-b3e4-1185d6028f3f,f,f,1,45,"","",bdd9d4f3-6a59-4a34-8087-8b6c644ced64,"","",f,"",229dc6f0-0c2f-42cc-8d32-7c3397e96194,229dc6f0-0c2f-42cc-8d32-7c3397e96194,,2026-01-27 09:22:41.984742,2026-01-27 09:22:41.984742,distribution_media_history,hg_stock,distribution_media_history_20260822_080123,2026-08-22 08:01:40.05814
38729d79-386b-443b-993d-7cef91c4fe63,aeb39e17-b381-491f-9e6d-83bf9f1ee27d,t,t,1,7,"","",0cffc79b-1bd0-4f1d-a3a6-5d681ef29479,"","",f,,115829f6-e312-4bd8-b758-d6deced8dc94,115829f6-e312-4bd8-b758-d6deced8dc94,,2025-07-01 07:18:12.189965,2025-07-01 07:18:12.189965,distribution_media_history,hg_stock,distribution_media_history_20260822_080123,2026-08-22 08:01:40.05814
3872adc1-3141-483b-a924-2f7c4278ad4a,ee81657a-baf4-4263-9fd9-6fd5de2ef607,t,f,1,7,"","","15b9cfe7-85ee-4d5c-910a-8dd18e3c08a8,211db165-a4e5-46fa-ae35-b3ce4970f396,270551e0-15db-4b4a-8bed-b0a9a3a44dff,4b130012-bca4-48d9-b677-a3bbac756669,5026b271-3ca4-475e-b42b-ecaef67294c8,52cea1c3-a193-411f-adb4-a6fbffe220eb,629885eb-65c4-4921-a300-3c618c8961e3,7657821d-0928-4099-92a1-2146097c66b0,7ad7d9b9-4600-4db5-a3a8-e7c243499008,ba826125-ec02-4f09-b0d4-9e4aeeb11c0a,db869e71-ba93-441b-a264-32c62f017853,df42ed2a-f2da-49a1-a4ea-36e358b59bee,fcdd5322-049e-4b50-aecf-593d36d18b8f","","",f,,201b64c5-e316-4e3d-8ab6-aa0c8071276e,201b64c5-e316-4e3d-8ab6-aa0c8071276e,,2025-05-05 08:40:25.733043,2025-05-05 08:40:25.733043,distribution_media_history,hg_stock,distribution_media_history_20260822_080123,2026-08-22 08:01:40.05814
3872ce21-4b82-4a89-ad36-5e7888ce7da6,1e6aef53-740d-4745-9bf7-893f818ab452,f,f,1,90,"","","","","",f,1190b645-1f41-44cb-8680-5726382adcc2,358dceb1-c1b0-46b9-a24f-c1b6a7fdb2dd,358dceb1-c1b0-46b9-a24f-c1b6a7fdb2dd,,2026-03-04 05:06:18.806728,2026-03-04 05:06:18.806728,distribution_media_history,hg_stock,distribution_media_history_20260822_080123,2026-08-22 08:01:40.05814
3872d9ae-669c-4218-8512-69d621a6c46a,945b225f-cfdc-45da-9b68-5f1713cb91dd,f,t,1,7,57e188b3-2199-408a-ae7c-495d836a96b2,"","","","",f,,1c47f05d-35de-4746-ad54-3967d4ef4e42,1c47f05d-35de-4746-ad54-3967d4ef4e42,,2025-05-24 03:08:29.095546,2025-05-24 03:08:29.095546,distribution_media_history,hg_stock,distribution_media_history_20260822_080123,2026-08-22 08:01:40.05814
3872d9c2-a067-4f82-8115-4d8aab7071bd,1d237ab2-648d-4101-996a-d9c167d36bb7,f,f,1,7,"","","0749da15-f004-4cad-8a3f-26ebdf77e84c,211db165-a4e5-46fa-ae35-b3ce4970f396,de0102b9-50f9-41fa-992a-06ae9eb82724","","",f,,43de9c8f-6685-44a4-8e13-be229a75ee6f,43de9c8f-6685-44a4-8e13-be229a75ee6f,,2025-05-05 08:36:25.28619,2025-05-05 08:36:25.28619,distribution_media_history,hg_stock,distribution_media_history_20260822_080123,2026-08-22 08:01:40.05814
3872dec7-13ad-47f7-a15f-4555ea2be598,8a2f4bbc-e153-4712-8465-0fa8b32e72cb,f,f,1,-1,ae0b1e4f-25ee-477b-9b8f-d8e66f1c1b95,"","",87126131-51a3-46a3-b4ac-2ec2cce25711,"",f,"",229dc6f0-0c2f-42cc-8d32-7c3397e96194,229dc6f0-0c2f-42cc-8d32-7c3397e96194,,2026-04-20 11:03:01.135585,2026-04-20 11:03:01.135585,distribution_media_history,hg_stock,distribution_media_history_20260822_080123,2026-08-22 08:01:40.05814
3872e13a-86bf-4a85-af55-b6367d89e6ec,4bbaf4c8-67cd-40e4-8731-b0d63799f699,f,f,1,7,"","",23fab090-e892-486d-8a78-16f6a1031d35,af13f5cc-6b51-4949-ad6c-1786c27eaa3d,"",f,,ed8e0c83-aaec-49eb-8379-90f06bb587ed,ed8e0c83-aaec-49eb-8379-90f06bb587ed,,2025-07-11 02:51:12.417931,2025-07-11 02:51:12.417931,distribution_media_history,hg_stock,distribution_media_history_20260822_080123,2026-08-22 08:01:40.05814
3872e40c-d0ff-4618-9825-fe06794b07bc,43e53dbe-0063-4458-9ede-c358a80d2196,f,f,1,7,"","",bdd9d4f3-6a59-4a34-8087-8b6c644ced64,"","",f,"",229dc6f0-0c2f-42cc-8d32-7c3397e96194,229dc6f0-0c2f-42cc-8d32-7c3397e96194,,2025-10-30 03:07:14.536386,2025-10-30 03:07:14.536386,distribution_media_history,hg_stock,distribution_media_history_20260822_080123,2026-08-22 08:01:40.05814
3872e421-1c0d-43e6-8723-b9711a86cc72,62cb8477-cdb5-41cc-96fd-0ef6f1aa0471,t,t,1,7,"","","","","04cee13a-69b0-41f1-b39c-889f9bd82938,17f48f51-7f38-41b0-a897-21f240726378,189d5957-a376-4804-9ac9-d3ac913f29b2,22c49afc-02e4-47e8-a4ab-9f0c0546ea68,3084841c-a70b-40d9-9edb-7aa498a50dc1,36298fa0-1ce7-4bae-8c41-db0a98d0341a,396221b9-cdc5-45b2-a79f-2d6de550fda9,3ee41b7a-96b5-4ab9-901b-3e0866188b6d,404f9125-d4c4-4da9-ad88-f829bb17ba62,489f9411-5f7e-4301-814a-60567e4e3e30,59113c8d-b24b-43e2-96f3-1eb18e9020bc,5c1b1d8f-d4a9-4a22-934a-43831e85d1e4,66cd6c10-7895-4502-937a-583c0d9ab692,6fccedd4-9c2a-4b13-a908-32363d8ab09d,7f65daf7-a4b7-4c1d-9b27-95a3e2321af0,7ffdacef-5d02-4aa8-b3d3-84c85d823164,82ce273c-9538-45d9-bc55-81d4406d2896,83546f70-3b79-4803-a00d-d4d620662403,84a48d11-c91a-4704-984d-487c05e520f8,8664aefc-082d-45bf-997c-d7924cdc450f,8b53e647-7506-4329-8541-838a25dc90b3,93ab8008-587a-4a00-a78b-1ea011796b10,96fdf1dd-c29d-48c0-9942-b89777d4f662,980be853-40ae-403e-9dfb-e5a0644a55da,988558f8-ab30-4768-aed0-ddcc6cb6b630,a45aa42c-5285-4ac5-8fe7-a51fbd5e1447,aa6908d1-4b4a-4472-8767-934000773385,afe4ba65-c5e3-4bbb-9e23-6ccb370dc871,b5793a82-9df0-404c-b478-a81c03ae4e6c,bd408cb0-2cde-4b1a-b556-8da94c325e1c,c0cc4ed9-8760-4184-b93c-e698dfb46246,c6f97750-2e14-4bb0-8d48-6d7b75af9afb,cbc183a5-8bbf-4ef0-988c-7b542efb0f71,d369fc61-1571-40e8-961b-70044ea493c5,de206049-f16b-4735-bac3-6af89517d5f6,e07abf1a-e63a-4a79-8ed5-11dbd5b7268c,e08f3c2d-0236-4fd0-8b86-d978d047ef93,e5a984fb-9511-483f-9ca8-2624f19dffac,ed0b4e25-e812-41ba-b50b-6963218c597f,ed44140b-5cc4-4d47-8ad1-afdb356aa44b,eee97771-c2ef-426b-8c92-fde92d29fa00,f335762b-0da1-428e-87a0-bec2dfa6b557,f475b91f-4997-46e8-9c30-f89c24d0a3bf,f601dbeb-2cae-4c86-9924-ce54abb0c3fb,fa2d090f-99ed-4048-bc02-56e323844e79,fad1e7bc-99f8-4821-beff-abd4694d5006,fd42dc28-9ff0-4379-8e65-fbca6f35de60,feb6927d-ee9b-40fc-8897-54a2bef67493",f,,3a9ff8c5-8923-4d19-a09e-2c8d79cc7c6f,3a9ff8c5-8923-4d19-a09e-2c8d79cc7c6f,,2025-07-23 08:20:06.048291,2025-07-23 08:20:06.048291,distribution_media_history,hg_stock,distribution_media_history_20260822_080123,2026-08-22 08:01:40.05814
3872ea4c-c19c-4523-8d92-37449b3f8450,90f03f11-b5fd-4118-ab87-8e76a674e655,t,f,1,7,"","","","","04cee13a-69b0-41f1-b39c-889f9bd82938,17f48f51-7f38-41b0-a897-21f240726378,189d5957-a376-4804-9ac9-d3ac913f29b2,22c49afc-02e4-47e8-a4ab-9f0c0546ea68,3084841c-a70b-40d9-9edb-7aa498a50dc1,36298fa0-1ce7-4bae-8c41-db0a98d0341a,396221b9-cdc5-45b2-a79f-2d6de550fda9,3ee41b7a-96b5-4ab9-901b-3e0866188b6d,404f9125-d4c4-4da9-ad88-f829bb17ba62,489f9411-5f7e-4301-814a-60567e4e3e30,59113c8d-b24b-43e2-96f3-1eb18e9020bc,66cd6c10-7895-4502-937a-583c0d9ab692,6fccedd4-9c2a-4b13-a908-32363d8ab09d,7f65daf7-a4b7-4c1d-9b27-95a3e2321af0,7ffdacef-5d02-4aa8-b3d3-84c85d823164,82ce273c-9538-45d9-bc55-81d4406d2896,83546f70-3b79-4803-a00d-d4d620662403,84a48d11-c91a-4704-984d-487c05e520f8,8664aefc-082d-45bf-997c-d7924cdc450f,8b53e647-7506-4329-8541-838a25dc90b3,93ab8008-587a-4a00-a78b-1ea011796b10,96fdf1dd-c29d-48c0-9942-b89777d4f662,980be853-40ae-403e-9dfb-e5a0644a55da,988558f8-ab30-4768-aed0-ddcc6cb6b630,a45aa42c-5285-4ac5-8fe7-a51fbd5e1447,aa6908d1-4b4a-4472-8767-934000773385,afe4ba65-c5e3-4bbb-9e23-6ccb370dc871,b5793a82-9df0-404c-b478-a81c03ae4e6c,bd408cb0-2cde-4b1a-b556-8da94c325e1c,c0cc4ed9-8760-4184-b93c-e698dfb46246,c6f97750-2e14-4bb0-8d48-6d7b75af9afb,cbc183a5-8bbf-4ef0-988c-7b542efb0f71,d369fc61-1571-40e8-961b-70044ea493c5,de206049-f16b-4735-bac3-6af89517d5f6,e07abf1a-e63a-4a79-8ed5-11dbd5b7268c,e08f3c2d-0236-4fd0-8b86-d978d047ef93,e5a984fb-9511-483f-9ca8-2624f19dffac,ed0b4e25-e812-41ba-b50b-6963218c597f,ed44140b-5cc4-4d47-8ad1-afdb356aa44b,eee97771-c2ef-426b-8c92-fde92d29fa00,f335762b-0da1-428e-87a0-bec2dfa6b557,f475b91f-4997-46e8-9c30-f89c24d0a3bf,f601dbeb-2cae-4c86-9924-ce54abb0c3fb,fa2d090f-99ed-4048-bc02-56e323844e79,fad1e7bc-99f8-4821-beff-abd4694d5006,fd42dc28-9ff0-4379-8e65-fbca6f35de60,feb6927d-ee9b-40fc-8897-54a2bef67493",f,,3a9ff8c5-8923-4d19-a09e-2c8d79cc7c6f,3a9ff8c5-8923-4d19-a09e-2c8d79cc7c6f,,2025-07-18 07:55:08.18485,2025-07-18 07:55:08.18485,distribution_media_history,hg_stock,distribution_media_history_20260822_080123,2026-08-22 08:01:40.05814
3872f00b-2851-4fa9-a80e-24666a86de51,3e2e2a06-d51a-4fc2-a786-1ec67fad5d60,t,f,1,7,"","","15b9cfe7-85ee-4d5c-910a-8dd18e3c08a8,211db165-a4e5-46fa-ae35-b3ce4970f396,270551e0-15db-4b4a-8bed-b0a9a3a44dff,469f562c-a07c-4e5e-9294-ca2b7f3e96c5,4b130012-bca4-48d9-b677-a3bbac756669,5026b271-3ca4-475e-b42b-ecaef67294c8,52cea1c3-a193-411f-adb4-a6fbffe220eb,629885eb-65c4-4921-a300-3c618c8961e3,7657821d-0928-4099-92a1-2146097c66b0,7ad7d9b9-4600-4db5-a3a8-e7c243499008,ba826125-ec02-4f09-b0d4-9e4aeeb11c0a,db869e71-ba93-441b-a264-32c62f017853,df42ed2a-f2da-49a1-a4ea-36e358b59bee,fcdd5322-049e-4b50-aecf-593d36d18b8f","","",f,,,,,2025-05-05 08:36:56.497428,2025-05-05 08:36:56.497428,distribution_media_history,hg_stock,distribution_media_history_20260822_080123,2026-08-22 08:01:40.05814
3872f32c-bc5e-4393-85e4-60840401c38c,74e97fa3-4c71-4f4e-9b95-74c8ec4ece53,f,f,1,90,"","","","","",t,"1190b645-1f41-44cb-8680-5726382adcc2,810a971a-8ddc-4ef0-9f85-d8eba152507c",358dceb1-c1b0-46b9-a24f-c1b6a7fdb2dd,358dceb1-c1b0-46b9-a24f-c1b6a7fdb2dd,,2026-03-11 04:33:08.279612,2026-03-11 04:33:08.279612,distribution_media_history,hg_stock,distribution_media_history_20260822_080123,2026-08-22 08:01:40.05814
3872fe38-509d-4f5d-98f3-5eea5fc77fb8,687263eb-8e6b-4b27-999c-f22ad814d92b,f,f,1,0,"","","","","",f,1190b645-1f41-44cb-8680-5726382adcc2,358dceb1-c1b0-46b9-a24f-c1b6a7fdb2dd,358dceb1-c1b0-46b9-a24f-c1b6a7fdb2dd,,2026-03-03 10:44:40.857035,2026-03-03 10:44:40.857035,distribution_media_history,hg_stock,distribution_media_history_20260822_080123,2026-08-22 08:01:40.05814
38730754-8ba4-47e1-a60b-77f63c288659,46af229f-49cf-4df3-8a9a-597e1f49dd3a,t,f,1,30,"","","","","",f,1cdbc000-1c24-485c-8e71-fb91a4d5fcb6,3a9ff8c5-8923-4d19-a09e-2c8d79cc7c6f,3a9ff8c5-8923-4d19-a09e-2c8d79cc7c6f,,2025-10-28 03:11:12.174613,2025-10-28 03:11:12.174613,distribution_media_history,hg_stock,distribution_media_history_20260822_080123,2026-08-22 08:01:40.05814
3873125f-9605-4f93-b288-288764c1e148,cb650d35-8ac3-4e8d-ab66-6af789c25d78,f,t,1,7,"","","8ff764e4-1c14-41ce-9fb2-37f9b60c915c,52cea1c3-a193-411f-adb4-a6fbffe220eb","","",f,,03ccc178-788e-4216-b4b1-01035622fb6d,03ccc178-788e-4216-b4b1-01035622fb6d,,2025-06-13 09:37:49.447092,2025-06-13 09:37:49.447092,distribution_media_history,hg_stock,distribution_media_history_20260822_080123,2026-08-22 08:01:40.05814
387318ec-cbba-43e9-9f3f-89f4f20d56bf,27232a94-0209-4da6-84e9-75d0f2fc7ee5,f,t,1,7,"","","","","",f,,de0ae554-65a0-4600-8a7c-c3119a2ae7bb,de0ae554-65a0-4600-8a7c-c3119a2ae7bb,,2025-07-23 01:42:51.469813,2025-07-23 01:42:51.469813,distribution_media_history,hg_stock,distribution_media_history_20260822_080123,2026-08-22 08:01:40.05814
38731d38-00d7-4143-bc8a-a49a0304c5e3,dd3c9a26-a7d0-49a9-97f5-23b16f453c83,f,t,1,7,"","",f7518a4f-31cf-4274-9dec-a7d57ef00a5e,"","",f,,3a9ff8c5-8923-4d19-a09e-2c8d79cc7c6f,3a9ff8c5-8923-4d19-a09e-2c8d79cc7c6f,,2025-05-08 02:54:48.841544,2025-05-08 02:54:48.841544,distribution_media_history,hg_stock,distribution_media_history_20260822_080123,2026-08-22 08:01:40.05814
38733027-7933-402f-b192-7270fe31079e,111ec65d-c4d9-4751-bed7-0bcaaa3c46e1,f,f,1,90,"","","","","",f,de337a89-766b-4121-bf74-03703fbc9236,358dceb1-c1b0-46b9-a24f-c1b6a7fdb2dd,358dceb1-c1b0-46b9-a24f-c1b6a7fdb2dd,,2026-03-18 14:46:54.656935,2026-03-18 14:46:54.656935,distribution_media_history,hg_stock,distribution_media_history_20260822_080123,2026-08-22 08:01:40.05814
38734267-5be5-46cf-b104-f49eab71fd01,4a75fafd-950c-416e-bfce-7d4a44a070f4,t,t,1,30,"","","","","",f,1cdbc000-1c24-485c-8e71-fb91a4d5fcb6,3a9ff8c5-8923-4d19-a09e-2c8d79cc7c6f,3a9ff8c5-8923-4d19-a09e-2c8d79cc7c6f,,2025-12-27 08:23:54.22409,2025-12-27 08:23:54.22409,distribution_media_history,hg_stock,distribution_media_history_20260822_080123,2026-08-22 08:01:40.05814
387343ea-923d-4066-b9d0-3f7a2fa12217,fe8e6339-1673-4216-831d-626fc8e9715d,f,f,1,45,"","",bdd9d4f3-6a59-4a34-8087-8b6c644ced64,"","",f,"",229dc6f0-0c2f-42cc-8d32-7c3397e96194,229dc6f0-0c2f-42cc-8d32-7c3397e96194,,2025-11-07 02:29:39.273298,2025-11-07 02:29:39.273298,distribution_media_history,hg_stock,distribution_media_history_20260822_080123,2026-08-22 08:01:40.05814
38734a86-0348-420e-bdae-19c059d781d0,a9a02827-2153-4b1d-9796-2a1546370098,t,f,1,30,"","","","","",f,1cdbc000-1c24-485c-8e71-fb91a4d5fcb6,3a9ff8c5-8923-4d19-a09e-2c8d79cc7c6f,3a9ff8c5-8923-4d19-a09e-2c8d79cc7c6f,,2025-10-28 03:11:12.171663,2025-10-28 03:11:12.171663,distribution_media_history,hg_stock,distribution_media_history_20260822_080123,2026-08-22 08:01:40.05814
38734bf0-a92a-4cab-a454-c3f9f50ababb,23f90f78-db3f-4ac1-ad93-07a81bb9a875,t,t,1,7,"","",0749da15-f004-4cad-8a3f-26ebdf77e84c,"","",f,,4c05f915-db94-4d44-985d-94702dd0161b,4c05f915-db94-4d44-985d-94702dd0161b,,2025-06-27 02:56:53.598551,2025-06-27 02:56:53.598551,distribution_media_history,hg_stock,distribution_media_history_20260822_080123,2026-08-22 08:01:40.05814
38735a1d-1324-46c5-93d5-10ee1d131d19,12a94163-d2e9-42d2-88c6-58686f2213b1,f,f,1,-1,ae0b1e4f-25ee-477b-9b8f-d8e66f1c1b95,"","",87126131-51a3-46a3-b4ac-2ec2cce25711,"",f,"",229dc6f0-0c2f-42cc-8d32-7c3397e96194,229dc6f0-0c2f-42cc-8d32-7c3397e96194,,2026-04-20 11:02:41.986145,2026-04-20 11:02:41.986145,distribution_media_history,hg_stock,distribution_media_history_20260822_080123,2026-08-22 08:01:40.05814
38737cfc-8d63-449e-88c3-6a4659ccb88a,c25ff4ec-510a-40b4-9136-73d6a2b518e6,f,f,1,45,"","",bdd9d4f3-6a59-4a34-8087-8b6c644ced64,"","",f,"",229dc6f0-0c2f-42cc-8d32-7c3397e96194,229dc6f0-0c2f-42cc-8d32-7c3397e96194,,2026-01-27 09:22:41.985753,2026-01-27 09:22:41.985753,distribution_media_history,hg_stock,distribution_media_history_20260822_080123,2026-08-22 08:01:40.05814
38738214-a107-427e-9a30-e7b6c419cc6f,519fdee3-e46a-4e9c-a659-5d5ca9cec0f3,f,f,1,0,"","","","","",f,1190b645-1f41-44cb-8680-5726382adcc2,358dceb1-c1b0-46b9-a24f-c1b6a7fdb2dd,358dceb1-c1b0-46b9-a24f-c1b6a7fdb2dd,,2026-03-03 10:45:09.566641,2026-03-03 10:45:09.566641,distribution_media_history,hg_stock,distribution_media_history_20260822_080123,2026-08-22 08:01:40.05814
38739c8b-2059-431d-afdc-efb4e69622d2,0f4771c7-f635-4b50-9882-d558469a23a6,f,f,1,-1,"","","","","",t,45367ab4-4904-4e20-89bc-090f31a21ff6,c4b28be5-e3a3-400b-a946-c94bf1ecfec3,c4b28be5-e3a3-400b-a946-c94bf1ecfec3,,2026-04-21 10:23:17.905311,2026-04-21 10:23:17.905311,distribution_media_history,hg_stock,distribution_media_history_20260822_080123,2026-08-22 08:01:40.05814
3873b043-3985-449f-8f47-91061b9e2585,3330f6f9-6001-4791-8316-93a773d9d6c8,f,f,1,7,"","",23fab090-e892-486d-8a78-16f6a1031d35,af13f5cc-6b51-4949-ad6c-1786c27eaa3d,"",f,,ed8e0c83-aaec-49eb-8379-90f06bb587ed,ed8e0c83-aaec-49eb-8379-90f06bb587ed,,2025-07-11 02:51:12.418066,2025-07-11 02:51:12.418066,distribution_media_history,hg_stock,distribution_media_history_20260822_080123,2026-08-22 08:01:40.05814
3873b22c-c563-4a17-96c2-ff650c86fc84,cc5549e1-9b4c-40c8-a0db-445efdc214dd,f,f,1,90,"","","","","",f,de337a89-766b-4121-bf74-03703fbc9236,358dceb1-c1b0-46b9-a24f-c1b6a7fdb2dd,358dceb1-c1b0-46b9-a24f-c1b6a7fdb2dd,,2026-03-18 14:49:08.06501,2026-03-18 14:49:08.06501,distribution_media_history,hg_stock,distribution_media_history_20260822_080123,2026-08-22 08:01:40.05814
3873badf-325f-45a4-9c75-920f04310089,ad308a08-291d-47ef-8b63-d57df5f102ee,t,t,1,7,"","","","","04cee13a-69b0-41f1-b39c-889f9bd82938,17f48f51-7f38-41b0-a897-21f240726378,189d5957-a376-4804-9ac9-d3ac913f29b2,22c49afc-02e4-47e8-a4ab-9f0c0546ea68,3084841c-a70b-40d9-9edb-7aa498a50dc1,36298fa0-1ce7-4bae-8c41-db0a98d0341a,396221b9-cdc5-45b2-a79f-2d6de550fda9,3ee41b7a-96b5-4ab9-901b-3e0866188b6d,404f9125-d4c4-4da9-ad88-f829bb17ba62,489f9411-5f7e-4301-814a-60567e4e3e30,59113c8d-b24b-43e2-96f3-1eb18e9020bc,66cd6c10-7895-4502-937a-583c0d9ab692,6fccedd4-9c2a-4b13-a908-32363d8ab09d,7f65daf7-a4b7-4c1d-9b27-95a3e2321af0,7ffdacef-5d02-4aa8-b3d3-84c85d823164,82ce273c-9538-45d9-bc55-81d4406d2896,83546f70-3b79-4803-a00d-d4d620662403,84a48d11-c91a-4704-984d-487c05e520f8,8664aefc-082d-45bf-997c-d7924cdc450f,8b53e647-7506-4329-8541-838a25dc90b3,93ab8008-587a-4a00-a78b-1ea011796b10,96fdf1dd-c29d-48c0-9942-b89777d4f662,980be853-40ae-403e-9dfb-e5a0644a55da,988558f8-ab30-4768-aed0-ddcc6cb6b630,a45aa42c-5285-4ac5-8fe7-a51fbd5e1447,aa6908d1-4b4a-4472-8767-934000773385,afe4ba65-c5e3-4bbb-9e23-6ccb370dc871,b5793a82-9df0-404c-b478-a81c03ae4e6c,bd408cb0-2cde-4b1a-b556-8da94c325e1c,c0cc4ed9-8760-4184-b93c-e698dfb46246,c6f97750-2e14-4bb0-8d48-6d7b75af9afb,cbc183a5-8bbf-4ef0-988c-7b542efb0f71,d369fc61-1571-40e8-961b-70044ea493c5,de206049-f16b-4735-bac3-6af89517d5f6,e07abf1a-e63a-4a79-8ed5-11dbd5b7268c,e08f3c2d-0236-4fd0-8b86-d978d047ef93,e5a984fb-9511-483f-9ca8-2624f19dffac,ed0b4e25-e812-41ba-b50b-6963218c597f,ed44140b-5cc4-4d47-8ad1-afdb356aa44b,eee97771-c2ef-426b-8c92-fde92d29fa00,f335762b-0da1-428e-87a0-bec2dfa6b557,f475b91f-4997-46e8-9c30-f89c24d0a3bf,f601dbeb-2cae-4c86-9924-ce54abb0c3fb,fa2d090f-99ed-4048-bc02-56e323844e79,fad1e7bc-99f8-4821-beff-abd4694d5006,fd42dc28-9ff0-4379-8e65-fbca6f35de60,feb6927d-ee9b-40fc-8897-54a2bef67493",f,,3a9ff8c5-8923-4d19-a09e-2c8d79cc7c6f,3a9ff8c5-8923-4d19-a09e-2c8d79cc7c6f,,2025-07-18 07:55:08.183587,2025-07-18 07:55:08.183587,distribution_media_history,hg_stock,distribution_media_history_20260822_080123,2026-08-22 08:01:40.05814
3873c21a-470f-49cd-981f-7b0ce2558078,7bcbb4ad-48ed-4a2b-83b8-32248be76a22,f,f,1,90,"","","","","",t,"1190b645-1f41-44cb-8680-5726382adcc2,de337a89-766b-4121-bf74-03703fbc9236",358dceb1-c1b0-46b9-a24f-c1b6a7fdb2dd,358dceb1-c1b0-46b9-a24f-c1b6a7fdb2dd,,2026-03-18 15:05:23.053679,2026-03-18 15:05:23.053679,distribution_media_history,hg_stock,distribution_media_history_20260822_080123,2026-08-22 08:01:40.05814
3873c27d-58ae-42b2-b0c2-9af5c70994e7,eaa7288a-68fe-476f-947e-a35bf5f56b49,f,t,1,7,"","","","","1439b9c9-9e05-4638-84cd-440a76ee307e,1c719b73-3719-479c-9425-15de6d8d72eb,24613508-1f1e-432f-88e2-a211d9b148c1,7697003b-34c8-4a2a-8f16-b59364358705,7e5e863d-7996-40a3-adcb-60e3c66d24d5,88c1c9de-5330-4231-9639-23aa00b227b4",f,,3a9ff8c5-8923-4d19-a09e-2c8d79cc7c6f,3a9ff8c5-8923-4d19-a09e-2c8d79cc7c6f,,2025-08-06 08:50:50.866166,2025-08-06 08:50:50.866166,distribution_media_history,hg_stock,distribution_media_history_20260822_080123,2026-08-22 08:01:40.05814
3873d033-ba93-4a1e-aac1-dacd94b7dbea,0b9f3322-80ce-48e5-99f2-46a915afed9c,f,f,1,7,"","","211db165-a4e5-46fa-ae35-b3ce4970f396,4b130012-bca4-48d9-b677-a3bbac756669,52cea1c3-a193-411f-adb4-a6fbffe220eb,7657821d-0928-4099-92a1-2146097c66b0,bc1799a3-603f-4412-909a-1f0d9907f17c,db869e71-ba93-441b-a264-32c62f017853","","",f,,809da474-a679-4f76-87f8-bb8ddfb8b815,809da474-a679-4f76-87f8-bb8ddfb8b815,,2025-05-05 08:35:56.507893,2025-05-05 08:35:56.507893,distribution_media_history,hg_stock,distribution_media_history_20260822_080123,2026-08-22 08:01:40.05814
3873eaa8-7f2d-45aa-bfc6-af4ab73da901,62c0c56a-b930-4484-b024-5335ac97a9f4,t,f,1,7,"","","15b9cfe7-85ee-4d5c-910a-8dd18e3c08a8,211db165-a4e5-46fa-ae35-b3ce4970f396,270551e0-15db-4b4a-8bed-b0a9a3a44dff,4b130012-bca4-48d9-b677-a3bbac756669,5026b271-3ca4-475e-b42b-ecaef67294c8,52cea1c3-a193-411f-adb4-a6fbffe220eb,629885eb-65c4-4921-a300-3c618c8961e3,7657821d-0928-4099-92a1-2146097c66b0,7ad7d9b9-4600-4db5-a3a8-e7c243499008,ba826125-ec02-4f09-b0d4-9e4aeeb11c0a,db869e71-ba93-441b-a264-32c62f017853,df42ed2a-f2da-49a1-a4ea-36e358b59bee,e43c6415-4c89-451e-8bee-004c8f6ed620,fcdd5322-049e-4b50-aecf-593d36d18b8f","","",f,,715bce6e-7d3f-4451-a1cc-b7183fc53be7,715bce6e-7d3f-4451-a1cc-b7183fc53be7,,2025-05-05 08:37:53.115685,2025-05-05 08:37:53.115685,distribution_media_history,hg_stock,distribution_media_history_20260822_080123,2026-08-22 08:01:40.05814
3873f94c-5e48-4e5d-8d34-cfc93f93564f,ff333a41-846c-4660-80ae-ebc6174e291c,t,f,1,7,"","","0749da15-f004-4cad-8a3f-26ebdf77e84c,0cffc79b-1bd0-4f1d-a3a6-5d681ef29479,211db165-a4e5-46fa-ae35-b3ce4970f396","","",f,,,,,2025-05-05 08:40:57.832165,2025-05-05 08:40:57.832165,distribution_media_history,hg_stock,distribution_media_history_20260822_080123,2026-08-22 08:01:40.05814
387408cd-272a-471e-98b9-c873a10d1d6b,72005229-38c2-4b3c-9c13-892ca210ba92,f,f,1,14,"","","","",8eb26b30-f388-4e3e-ab8b-4df499d23f16,f,"",4cf4d8d0-959b-4d27-882a-ef1ce5b92241,4cf4d8d0-959b-4d27-882a-ef1ce5b92241,,2026-01-22 10:20:53.028947,2026-01-22 10:20:53.028947,distribution_media_history,hg_stock,distribution_media_history_20260822_080123,2026-08-22 08:01:40.05814
387417a9-2416-49a2-adc3-62c65ec18187,1b65017b-b4d4-4cab-b5e8-14efe673a17b,f,f,1,7,"","","48a1af96-5a7d-40d9-8ebe-4e3655f14e4b,7a389018-94d3-443d-9646-ed7b63117169,854cae12-c88d-4bb4-85cf-4ed044d8e963,f30dad8c-85eb-43c2-a375-5d3fe9ff31ce,f5a4dab5-df91-4776-9a1f-1c2e1ed7ce8b","","",f,,,,,2025-05-05 08:36:25.285434,2025-05-05 08:36:25.285434,distribution_media_history,hg_stock,distribution_media_history_20260822_080123,2026-08-22 08:01:40.05814
387427cb-9a7c-4f52-a120-e1fe45e599b9,9e4782f2-a03f-459d-990d-a79f7efa66a3,t,f,1,7,"","","025355b0-25e4-4224-a2e8-0166b96d97c2,52cea1c3-a193-411f-adb4-a6fbffe220eb","",98e07397-4eb9-4880-ba39-00d60b01522c,f,"",9a1fc915-e747-4aa4-a786-19c67cd5ea2e,9a1fc915-e747-4aa4-a786-19c67cd5ea2e,,2025-10-14 07:58:40.070361,2025-10-14 07:58:40.070361,distribution_media_history,hg_stock,distribution_media_history_20260822_080123,2026-08-22 08:01:40.05814
38742a35-eb3e-4e7d-8be2-7103bf445896,778afb89-51e1-45f1-9042-4bd8cac50e82,f,f,1,90,"","","","","",t,"1190b645-1f41-44cb-8680-5726382adcc2,810a971a-8ddc-4ef0-9f85-d8eba152507c",358dceb1-c1b0-46b9-a24f-c1b6a7fdb2dd,358dceb1-c1b0-46b9-a24f-c1b6a7fdb2dd,,2026-03-11 04:34:40.394803,2026-03-11 04:34:40.394803,distribution_media_history,hg_stock,distribution_media_history_20260822_080123,2026-08-22 08:01:40.05814
387447a1-f95f-48e1-81bc-97635f838146,4265547a-3a8f-49ba-9675-4691ea090da0,f,f,1,7,"","",bdd9d4f3-6a59-4a34-8087-8b6c644ced64,"","",f,"",229dc6f0-0c2f-42cc-8d32-7c3397e96194,229dc6f0-0c2f-42cc-8d32-7c3397e96194,,2026-01-27 09:21:30.720834,2026-01-27 09:21:30.720834,distribution_media_history,hg_stock,distribution_media_history_20260822_080123,2026-08-22 08:01:40.05814
38744943-8c47-4b5c-bff4-2df8b501b6c8,b2e9df5c-d029-4823-a340-84d3299715fc,f,f,1,30,"","","","","",f,1190b645-1f41-44cb-8680-5726382adcc2,358dceb1-c1b0-46b9-a24f-c1b6a7fdb2dd,358dceb1-c1b0-46b9-a24f-c1b6a7fdb2dd,,2026-01-20 08:57:01.501617,2026-01-20 08:57:01.501617,distribution_media_history,hg_stock,distribution_media_history_20260822_080123,2026-08-22 08:01:40.05814
38744bac-12b6-48a4-bae8-62ab0e0d8351,1e80538d-2af5-4938-8458-3efda9c43515,f,f,1,14,"","","","",63492824-cd65-4843-9c73-59520ed62bb7,f,"",eaf9fce7-98a9-419c-b6b7-8992b11f47e5,eaf9fce7-98a9-419c-b6b7-8992b11f47e5,,2026-03-04 08:12:02.341008,2026-03-04 08:12:02.341008,distribution_media_history,hg_stock,distribution_media_history_20260822_080123,2026-08-22 08:01:40.05814
38746053-e555-401f-981b-730fcfab8e41,27118618-ca1a-44ec-ad9e-27c7cf853559,f,t,1,7,"","","","","",f,,de0ae554-65a0-4600-8a7c-c3119a2ae7bb,de0ae554-65a0-4600-8a7c-c3119a2ae7bb,,2025-08-02 09:20:17.05071,2025-08-02 09:20:17.05071,distribution_media_history,hg_stock,distribution_media_history_20260822_080123,2026-08-22 08:01:40.05814
38747058-df16-4058-b862-ae216812c8ae,d22cf211-009a-4f2b-a7a1-2b3868cfc89a,t,t,1,7,"","","","","04cee13a-69b0-41f1-b39c-889f9bd82938,17f48f51-7f38-41b0-a897-21f240726378,189d5957-a376-4804-9ac9-d3ac913f29b2,22c49afc-02e4-47e8-a4ab-9f0c0546ea68,3084841c-a70b-40d9-9edb-7aa498a50dc1,36298fa0-1ce7-4bae-8c41-db0a98d0341a,396221b9-cdc5-45b2-a79f-2d6de550fda9,3ee41b7a-96b5-4ab9-901b-3e0866188b6d,404f9125-d4c4-4da9-ad88-f829bb17ba62,489f9411-5f7e-4301-814a-60567e4e3e30,59113c8d-b24b-43e2-96f3-1eb18e9020bc,66cd6c10-7895-4502-937a-583c0d9ab692,6fccedd4-9c2a-4b13-a908-32363d8ab09d,7f65daf7-a4b7-4c1d-9b27-95a3e2321af0,7ffdacef-5d02-4aa8-b3d3-84c85d823164,82ce273c-9538-45d9-bc55-81d4406d2896,83546f70-3b79-4803-a00d-d4d620662403,84a48d11-c91a-4704-984d-487c05e520f8,8664aefc-082d-45bf-997c-d7924cdc450f,8b53e647-7506-4329-8541-838a25dc90b3,980be853-40ae-403e-9dfb-e5a0644a55da,988558f8-ab30-4768-aed0-ddcc6cb6b630,a45aa42c-5285-4ac5-8fe7-a51fbd5e1447,aa6908d1-4b4a-4472-8767-934000773385,afe4ba65-c5e3-4bbb-9e23-6ccb370dc871,b5793a82-9df0-404c-b478-a81c03ae4e6c,bd408cb0-2cde-4b1a-b556-8da94c325e1c,c0cc4ed9-8760-4184-b93c-e698dfb46246,c6f97750-2e14-4bb0-8d48-6d7b75af9afb,cbc183a5-8bbf-4ef0-988c-7b542efb0f71,d369fc61-1571-40e8-961b-70044ea493c5,de206049-f16b-4735-bac3-6af89517d5f6,e07abf1a-e63a-4a79-8ed5-11dbd5b7268c,e08f3c2d-0236-4fd0-8b86-d978d047ef93,e5a984fb-9511-483f-9ca8-2624f19dffac,ed0b4e25-e812-41ba-b50b-6963218c597f,ed44140b-5cc4-4d47-8ad1-afdb356aa44b,eee97771-c2ef-426b-8c92-fde92d29fa00,f335762b-0da1-428e-87a0-bec2dfa6b557,f475b91f-4997-46e8-9c30-f89c24d0a3bf,f601dbeb-2cae-4c86-9924-ce54abb0c3fb,fa2d090f-99ed-4048-bc02-56e323844e79,fad1e7bc-99f8-4821-beff-abd4694d5006,fd42dc28-9ff0-4379-8e65-fbca6f35de60,feb6927d-ee9b-40fc-8897-54a2bef67493",f,,3a9ff8c5-8923-4d19-a09e-2c8d79cc7c6f,3a9ff8c5-8923-4d19-a09e-2c8d79cc7c6f,,2025-06-26 01:54:23.022487,2025-06-26 01:54:23.022487,distribution_media_history,hg_stock,distribution_media_history_20260822_080123,2026-08-22 08:01:40.05814
38748628-aed4-4f65-9f82-c6fc71542182,618e26d5-2921-4e3f-baa5-67a982b50406,f,f,1,-1,"","","","","",f,3a520802-ca70-4007-b92f-18ba5488f54b,3a9ff8c5-8923-4d19-a09e-2c8d79cc7c6f,3a9ff8c5-8923-4d19-a09e-2c8d79cc7c6f,,2026-02-11 07:48:01.491014,2026-02-11 07:48:01.491014,distribution_media_history,hg_stock,distribution_media_history_20260822_080123,2026-08-22 08:01:40.05814
38748caa-a847-4259-af9c-96398173fdef,ad138633-e03d-4756-ba50-2f5505760c13,f,t,1,7,"","","",759f10e0-afb6-42bc-b485-79095b281b83,"",f,,229dc6f0-0c2f-42cc-8d32-7c3397e96194,229dc6f0-0c2f-42cc-8d32-7c3397e96194,,2025-06-03 08:22:50.65805,2025-06-03 08:22:50.65805,distribution_media_history,hg_stock,distribution_media_history_20260822_080123,2026-08-22 08:01:40.05814
38749a5d-7ea5-40f0-801c-c1b09e6a05e3,b609459a-9d76-4a46-94ef-97e0944682f2,f,f,1,7,"","","","","",f,eaf751be-7681-4b63-96b2-35d9e1364214,3a9ff8c5-8923-4d19-a09e-2c8d79cc7c6f,3a9ff8c5-8923-4d19-a09e-2c8d79cc7c6f,,2026-01-31 09:27:47.933133,2026-01-31 09:27:47.933133,distribution_media_history,hg_stock,distribution_media_history_20260822_080123,2026-08-22 08:01:40.05814
3874a2a2-3af1-4819-8344-fb83d4710303,77841912-4783-426d-8615-f5cd1bbb7d5e,t,t,1,7,"","","","","04cee13a-69b0-41f1-b39c-889f9bd82938,17f48f51-7f38-41b0-a897-21f240726378,189d5957-a376-4804-9ac9-d3ac913f29b2,22c49afc-02e4-47e8-a4ab-9f0c0546ea68,3084841c-a70b-40d9-9edb-7aa498a50dc1,36298fa0-1ce7-4bae-8c41-db0a98d0341a,396221b9-cdc5-45b2-a79f-2d6de550fda9,3ee41b7a-96b5-4ab9-901b-3e0866188b6d,404f9125-d4c4-4da9-ad88-f829bb17ba62,489f9411-5f7e-4301-814a-60567e4e3e30,59113c8d-b24b-43e2-96f3-1eb18e9020bc,5c1b1d8f-d4a9-4a22-934a-43831e85d1e4,66cd6c10-7895-4502-937a-583c0d9ab692,7f65daf7-a4b7-4c1d-9b27-95a3e2321af0,7ffdacef-5d02-4aa8-b3d3-84c85d823164,83546f70-3b79-4803-a00d-d4d620662403,84a48d11-c91a-4704-984d-487c05e520f8,8664aefc-082d-45bf-997c-d7924cdc450f,8b53e647-7506-4329-8541-838a25dc90b3,988558f8-ab30-4768-aed0-ddcc6cb6b630,9f332297-3b6b-4a98-bcd8-bc8da41105dd,a45aa42c-5285-4ac5-8fe7-a51fbd5e1447,aa6908d1-4b4a-4472-8767-934000773385,b5793a82-9df0-404c-b478-a81c03ae4e6c,b5a513f2-8d65-4512-90c0-7fa3c7311a61,b7f0a1f8-0078-4361-a39c-609cbc0fa09c,bd408cb0-2cde-4b1a-b556-8da94c325e1c,c0cc4ed9-8760-4184-b93c-e698dfb46246,c4b978df-9107-4eb9-a678-e621c83f0e48,c6f97750-2e14-4bb0-8d48-6d7b75af9afb,d369fc61-1571-40e8-961b-70044ea493c5,de206049-f16b-4735-bac3-6af89517d5f6,e08f3c2d-0236-4fd0-8b86-d978d047ef93,ed0b4e25-e812-41ba-b50b-6963218c597f,ed44140b-5cc4-4d47-8ad1-afdb356aa44b,f335762b-0da1-428e-87a0-bec2dfa6b557,f475b91f-4997-46e8-9c30-f89c24d0a3bf,f601dbeb-2cae-4c86-9924-ce54abb0c3fb,fad1e7bc-99f8-4821-beff-abd4694d5006,feb6927d-ee9b-40fc-8897-54a2bef67493",f,"",3a9ff8c5-8923-4d19-a09e-2c8d79cc7c6f,3a9ff8c5-8923-4d19-a09e-2c8d79cc7c6f,,2025-08-09 08:10:33.864048,2025-08-09 08:10:33.864048,distribution_media_history,hg_stock,distribution_media_history_20260822_080123,2026-08-22 08:01:40.05814
3874ae2c-c13d-4afd-9aae-6c2b8dcf80c8,44535d8e-d2fd-48e8-93e5-b6976446dcaf,f,f,1,7,"","",bdd9d4f3-6a59-4a34-8087-8b6c644ced64,"","",f,"",229dc6f0-0c2f-42cc-8d32-7c3397e96194,229dc6f0-0c2f-42cc-8d32-7c3397e96194,,2026-01-27 09:21:30.720778,2026-01-27 09:21:30.720778,distribution_media_history,hg_stock,distribution_media_history_20260822_080123,2026-08-22 08:01:40.05814
3874b65a-2d39-41c3-9880-255efa90dd42,f635cedd-4a46-43df-88d4-822116cafe49,f,f,1,7,"","","","",135d3088-99fc-444c-9b9a-21a2e9bb5a59,f,"",3a67bc3d-1077-4be0-9f5a-846a08f8c71b,3a67bc3d-1077-4be0-9f5a-846a08f8c71b,,2025-10-15 10:26:20.875535,2025-10-15 10:26:20.875535,distribution_media_history,hg_stock,distribution_media_history_20260822_080123,2026-08-22 08:01:40.05814
3874bec7-8bd8-4bb0-956b-d6a3fa404083,afbfe7a7-2a22-4bc7-8572-64849bcbf0bd,f,f,1,7,"","","48a1af96-5a7d-40d9-8ebe-4e3655f14e4b,7a389018-94d3-443d-9646-ed7b63117169,854cae12-c88d-4bb4-85cf-4ed044d8e963,f30dad8c-85eb-43c2-a375-5d3fe9ff31ce,f5a4dab5-df91-4776-9a1f-1c2e1ed7ce8b","","",f,,,,,2025-05-05 08:39:16.084463,2025-05-05 08:39:16.084463,distribution_media_history,hg_stock,distribution_media_history_20260822_080123,2026-08-22 08:01:40.05814
3874bed5-5b94-46a6-ab8b-6e944eddfd0a,793b7bfe-0aff-4338-9006-41e1630f38fd,f,t,1,7,"","","","","",f,"",de0ae554-65a0-4600-8a7c-c3119a2ae7bb,de0ae554-65a0-4600-8a7c-c3119a2ae7bb,,2025-08-18 04:52:11.877243,2025-08-18 04:52:11.877243,distribution_media_history,hg_stock,distribution_media_history_20260822_080123,2026-08-22 08:01:40.05814
3874d1a5-b23c-419d-ada1-e39307c411cb,662e14c0-7cea-4408-8693-815ebcf43339,f,f,1,90,"","","","","",t,"1190b645-1f41-44cb-8680-5726382adcc2,810a971a-8ddc-4ef0-9f85-d8eba152507c",358dceb1-c1b0-46b9-a24f-c1b6a7fdb2dd,358dceb1-c1b0-46b9-a24f-c1b6a7fdb2dd,,2026-03-11 04:33:08.279627,2026-03-11 04:33:08.279627,distribution_media_history,hg_stock,distribution_media_history_20260822_080123,2026-08-22 08:01:40.05814
3876dfc6-bc1e-4da3-be45-3c0247990309,c3fb1415-7798-4b36-b76f-76849be05d5b,f,t,1,7,"","","","",119d26d5-73a7-4e55-9117-8432c5c73088,f,"",5d7a9893-6e21-4a12-bf1b-8594646e7b4d,5d7a9893-6e21-4a12-bf1b-8594646e7b4d,,2025-08-12 03:20:59.340872,2025-08-12 03:20:59.340872,distribution_media_history,hg_stock,distribution_media_history_20260822_080123,2026-08-22 08:01:40.05814
3875409d-81a2-4285-b76b-804404cfe38b,5f96550d-4dce-42d6-9410-1434c9922a63,f,f,1,7,"","","0749da15-f004-4cad-8a3f-26ebdf77e84c,211db165-a4e5-46fa-ae35-b3ce4970f396,de0102b9-50f9-41fa-992a-06ae9eb82724","","",f,,8eefc4bf-3fda-4bc0-9a87-367394527a6a,8eefc4bf-3fda-4bc0-9a87-367394527a6a,,2025-05-05 08:37:27.485508,2025-05-05 08:37:27.485508,distribution_media_history,hg_stock,distribution_media_history_20260822_080123,2026-08-22 08:01:40.05814
3874d228-5b3c-4c5b-aad2-f82d32e6821e,4f333d08-0267-457b-afac-a7e74731dd68,t,f,0,7,"","","","","189d5957-a376-4804-9ac9-d3ac913f29b2,ed44140b-5cc4-4d47-8ad1-afdb356aa44b,3ee41b7a-96b5-4ab9-901b-3e0866188b6d,feb6927d-ee9b-40fc-8897-54a2bef67493,04cee13a-69b0-41f1-b39c-889f9bd82938,396221b9-cdc5-45b2-a79f-2d6de550fda9,7ffdacef-5d02-4aa8-b3d3-84c85d823164,f475b91f-4997-46e8-9c30-f89c24d0a3bf,988558f8-ab30-4768-aed0-ddcc6cb6b630,36298fa0-1ce7-4bae-8c41-db0a98d0341a,b5793a82-9df0-404c-b478-a81c03ae4e6c,f335762b-0da1-428e-87a0-bec2dfa6b557,eee97771-c2ef-426b-8c92-fde92d29fa00,7f65daf7-a4b7-4c1d-9b27-95a3e2321af0,59113c8d-b24b-43e2-96f3-1eb18e9020bc,ed0b4e25-e812-41ba-b50b-6963218c597f,84a48d11-c91a-4704-984d-487c05e520f8,aa6908d1-4b4a-4472-8767-934000773385,489f9411-5f7e-4301-814a-60567e4e3e30,3084841c-a70b-40d9-9edb-7aa498a50dc1,bd408cb0-2cde-4b1a-b556-8da94c325e1c,82ce273c-9538-45d9-bc55-81d4406d2896,de206049-f16b-4735-bac3-6af89517d5f6,404f9125-d4c4-4da9-ad88-f829bb17ba62,a45aa42c-5285-4ac5-8fe7-a51fbd5e1447,8664aefc-082d-45bf-997c-d7924cdc450f,afe4ba65-c5e3-4bbb-9e23-6ccb370dc871,83546f70-3b79-4803-a00d-d4d620662403,66cd6c10-7895-4502-937a-583c0d9ab692,980be853-40ae-403e-9dfb-e5a0644a55da,8b53e647-7506-4329-8541-838a25dc90b3,22c49afc-02e4-47e8-a4ab-9f0c0546ea68,17f48f51-7f38-41b0-a897-21f240726378,d369fc61-1571-40e8-961b-70044ea493c5,6fccedd4-9c2a-4b13-a908-32363d8ab09d,fa2d090f-99ed-4048-bc02-56e323844e79,c6f97750-2e14-4bb0-8d48-6d7b75af9afb,cbc183a5-8bbf-4ef0-988c-7b542efb0f71,e07abf1a-e63a-4a79-8ed5-11dbd5b7268c,f601dbeb-2cae-4c86-9924-ce54abb0c3fb,e08f3c2d-0236-4fd0-8b86-d978d047ef93,c0cc4ed9-8760-4184-b93c-e698dfb46246",f,,3a9ff8c5-8923-4d19-a09e-2c8d79cc7c6f,3a9ff8c5-8923-4d19-a09e-2c8d79cc7c6f,,2025-06-17 04:56:53.61565,2025-06-17 04:56:53.61565,distribution_media_history,hg_stock,distribution_media_history_20260822_080123,2026-08-22 08:01:40.05814
3874df67-13d6-4ce4-9dd3-b6003fb5b667,898ce199-45ab-4df3-99ff-0eb8d387b724,f,f,1,7,"","","48a1af96-5a7d-40d9-8ebe-4e3655f14e4b,64362801-3c17-4e99-b10a-bc7a8dc10c14,854cae12-c88d-4bb4-85cf-4ed044d8e963,be3902b4-f926-4850-ba31-f18b178b9d39,f30dad8c-85eb-43c2-a375-5d3fe9ff31ce,f5a4dab5-df91-4776-9a1f-1c2e1ed7ce8b","","",f,,,,,2025-05-05 08:38:38.498649,2025-05-05 08:38:38.498649,distribution_media_history,hg_stock,distribution_media_history_20260822_080123,2026-08-22 08:01:40.05814
3874e544-edbc-4e6b-a850-ec9cce793408,bf0b482c-ce71-487c-95ff-c53cef2004da,f,f,1,90,"","","","","",t,"1190b645-1f41-44cb-8680-5726382adcc2,810a971a-8ddc-4ef0-9f85-d8eba152507c",358dceb1-c1b0-46b9-a24f-c1b6a7fdb2dd,358dceb1-c1b0-46b9-a24f-c1b6a7fdb2dd,,2026-03-11 04:34:37.328274,2026-03-11 04:34:37.328274,distribution_media_history,hg_stock,distribution_media_history_20260822_080123,2026-08-22 08:01:40.05814
3874ebad-e911-43a0-a8d3-0b72381d2b4d,b7cc629a-6815-4e48-ac14-15ce4647d541,t,f,1,7,"","","","","04cee13a-69b0-41f1-b39c-889f9bd82938,17f48f51-7f38-41b0-a897-21f240726378,189d5957-a376-4804-9ac9-d3ac913f29b2,22c49afc-02e4-47e8-a4ab-9f0c0546ea68,3084841c-a70b-40d9-9edb-7aa498a50dc1,36298fa0-1ce7-4bae-8c41-db0a98d0341a,396221b9-cdc5-45b2-a79f-2d6de550fda9,3ee41b7a-96b5-4ab9-901b-3e0866188b6d,404f9125-d4c4-4da9-ad88-f829bb17ba62,489f9411-5f7e-4301-814a-60567e4e3e30,59113c8d-b24b-43e2-96f3-1eb18e9020bc,66cd6c10-7895-4502-937a-583c0d9ab692,6fccedd4-9c2a-4b13-a908-32363d8ab09d,7f65daf7-a4b7-4c1d-9b27-95a3e2321af0,7ffdacef-5d02-4aa8-b3d3-84c85d823164,82ce273c-9538-45d9-bc55-81d4406d2896,83546f70-3b79-4803-a00d-d4d620662403,84a48d11-c91a-4704-984d-487c05e520f8,8664aefc-082d-45bf-997c-d7924cdc450f,8b53e647-7506-4329-8541-838a25dc90b3,980be853-40ae-403e-9dfb-e5a0644a55da,988558f8-ab30-4768-aed0-ddcc6cb6b630,a45aa42c-5285-4ac5-8fe7-a51fbd5e1447,aa6908d1-4b4a-4472-8767-934000773385,afe4ba65-c5e3-4bbb-9e23-6ccb370dc871,b5793a82-9df0-404c-b478-a81c03ae4e6c,bd408cb0-2cde-4b1a-b556-8da94c325e1c,c0cc4ed9-8760-4184-b93c-e698dfb46246,c6f97750-2e14-4bb0-8d48-6d7b75af9afb,cbc183a5-8bbf-4ef0-988c-7b542efb0f71,d369fc61-1571-40e8-961b-70044ea493c5,de206049-f16b-4735-bac3-6af89517d5f6,e07abf1a-e63a-4a79-8ed5-11dbd5b7268c,e08f3c2d-0236-4fd0-8b86-d978d047ef93,e5a984fb-9511-483f-9ca8-2624f19dffac,ed0b4e25-e812-41ba-b50b-6963218c597f,ed44140b-5cc4-4d47-8ad1-afdb356aa44b,eee97771-c2ef-426b-8c92-fde92d29fa00,f335762b-0da1-428e-87a0-bec2dfa6b557,f475b91f-4997-46e8-9c30-f89c24d0a3bf,f601dbeb-2cae-4c86-9924-ce54abb0c3fb,fa2d090f-99ed-4048-bc02-56e323844e79,fad1e7bc-99f8-4821-beff-abd4694d5006,fd42dc28-9ff0-4379-8e65-fbca6f35de60,feb6927d-ee9b-40fc-8897-54a2bef67493",f,,3a9ff8c5-8923-4d19-a09e-2c8d79cc7c6f,3a9ff8c5-8923-4d19-a09e-2c8d79cc7c6f,,2025-06-28 07:48:00.24956,2025-06-28 07:48:00.24956,distribution_media_history,hg_stock,distribution_media_history_20260822_080123,2026-08-22 08:01:40.05814
3874eeaa-ac0c-437b-bb8d-a1ae89e26614,97d0ac02-f8e9-49cb-9f03-4fffce697ceb,f,f,1,45,"","",bdd9d4f3-6a59-4a34-8087-8b6c644ced64,"","",f,"",229dc6f0-0c2f-42cc-8d32-7c3397e96194,229dc6f0-0c2f-42cc-8d32-7c3397e96194,,2026-01-27 09:22:41.987149,2026-01-27 09:22:41.987149,distribution_media_history,hg_stock,distribution_media_history_20260822_080123,2026-08-22 08:01:40.05814
3874f37f-1c1d-475b-a309-08c01188287d,2bd0cce5-0a3b-4013-9822-751f4023af1b,f,f,1,0,"","","","","",f,1190b645-1f41-44cb-8680-5726382adcc2,358dceb1-c1b0-46b9-a24f-c1b6a7fdb2dd,358dceb1-c1b0-46b9-a24f-c1b6a7fdb2dd,,2026-03-03 08:34:23.849835,2026-03-03 08:34:23.849835,distribution_media_history,hg_stock,distribution_media_history_20260822_080123,2026-08-22 08:01:40.05814
3874f73f-2450-4adb-b5f2-c3491bf2a740,a30994f8-2a7e-4832-872e-3d1d4760bf83,f,t,1,7,"","dc9096c5-0e59-45cb-b38e-79015bbc0c90,d7963566-500a-402e-8180-762ffa9f348c,d4706992-57ae-4efc-8100-86611363276a","","","",f,,dc9096c5-0e59-45cb-b38e-79015bbc0c90,dc9096c5-0e59-45cb-b38e-79015bbc0c90,,2025-05-19 06:56:29.817306,2025-05-19 06:56:29.817306,distribution_media_history,hg_stock,distribution_media_history_20260822_080123,2026-08-22 08:01:40.05814
3876110f-f54b-4c6c-9447-5e112d7abb3f,e2d82d42-40e4-450f-b389-75b389b9d845,f,f,1,7,"","","0749da15-f004-4cad-8a3f-26ebdf77e84c,211db165-a4e5-46fa-ae35-b3ce4970f396,de0102b9-50f9-41fa-992a-06ae9eb82724","","",f,,3a9ff8c5-8923-4d19-a09e-2c8d79cc7c6f,3a9ff8c5-8923-4d19-a09e-2c8d79cc7c6f,,2025-05-05 08:40:11.019549,2025-05-05 08:40:11.019549,distribution_media_history,hg_stock,distribution_media_history_20260822_080123,2026-08-22 08:01:40.05814
38761225-9c50-4ad8-a197-1298f90c407c,71385588-b230-4d7a-8017-2b610c36e173,f,f,1,0,"","","","","",f,1190b645-1f41-44cb-8680-5726382adcc2,358dceb1-c1b0-46b9-a24f-c1b6a7fdb2dd,358dceb1-c1b0-46b9-a24f-c1b6a7fdb2dd,,2026-03-03 08:33:02.916793,2026-03-03 08:33:02.916793,distribution_media_history,hg_stock,distribution_media_history_20260822_080123,2026-08-22 08:01:40.05814
38761816-e0ab-41e2-87cc-ea9be4cd6062,e4db748e-7f71-494b-83ba-4da1bf72186d,f,f,1,90,"","","","","",t,"1190b645-1f41-44cb-8680-5726382adcc2,810a971a-8ddc-4ef0-9f85-d8eba152507c",358dceb1-c1b0-46b9-a24f-c1b6a7fdb2dd,358dceb1-c1b0-46b9-a24f-c1b6a7fdb2dd,,2026-03-11 04:34:40.394713,2026-03-11 04:34:40.394713,distribution_media_history,hg_stock,distribution_media_history_20260822_080123,2026-08-22 08:01:40.05814
387701c5-a466-4d8b-90a7-40a84445c0fa,8051268f-a15a-43d9-8826-0488ab31dc01,f,f,1,7,"","",a395020b-3177-474a-a0f3-d730ce48674f,"","",f,"",229dc6f0-0c2f-42cc-8d32-7c3397e96194,229dc6f0-0c2f-42cc-8d32-7c3397e96194,,2025-11-10 08:07:36.855179,2025-11-10 08:07:36.855179,distribution_media_history,hg_stock,distribution_media_history_20260822_080123,2026-08-22 08:01:40.05814
38febdb2-5135-43a9-b68a-8aa32f87fa12,e3dada36-5a3f-42ea-aa29-f5bce7e9efc3,f,f,1,7,"","",48a1af96-5a7d-40d9-8ebe-4e3655f14e4b,"","",f,,,,,2025-05-05 08:40:25.728252,2025-05-05 08:40:25.728252,distribution_media_history,hg_stock,distribution_media_history_20260822_080123,2026-08-22 08:01:40.05814
3874f964-8ba9-4304-b9f7-f58dfcb4bef5,569b52ca-39d5-4d87-abdb-3f213fbed14c,t,f,1,7,"","","","","04cee13a-69b0-41f1-b39c-889f9bd82938,17f48f51-7f38-41b0-a897-21f240726378,189d5957-a376-4804-9ac9-d3ac913f29b2,22c49afc-02e4-47e8-a4ab-9f0c0546ea68,3084841c-a70b-40d9-9edb-7aa498a50dc1,36298fa0-1ce7-4bae-8c41-db0a98d0341a,396221b9-cdc5-45b2-a79f-2d6de550fda9,3ee41b7a-96b5-4ab9-901b-3e0866188b6d,404f9125-d4c4-4da9-ad88-f829bb17ba62,489f9411-5f7e-4301-814a-60567e4e3e30,59113c8d-b24b-43e2-96f3-1eb18e9020bc,66cd6c10-7895-4502-937a-583c0d9ab692,6fccedd4-9c2a-4b13-a908-32363d8ab09d,7f65daf7-a4b7-4c1d-9b27-95a3e2321af0,7ffdacef-5d02-4aa8-b3d3-84c85d823164,82ce273c-9538-45d9-bc55-81d4406d2896,83546f70-3b79-4803-a00d-d4d620662403,84a48d11-c91a-4704-984d-487c05e520f8,8664aefc-082d-45bf-997c-d7924cdc450f,8b53e647-7506-4329-8541-838a25dc90b3,980be853-40ae-403e-9dfb-e5a0644a55da,988558f8-ab30-4768-aed0-ddcc6cb6b630,a45aa42c-5285-4ac5-8fe7-a51fbd5e1447,aa6908d1-4b4a-4472-8767-934000773385,afe4ba65-c5e3-4bbb-9e23-6ccb370dc871,b5793a82-9df0-404c-b478-a81c03ae4e6c,bd408cb0-2cde-4b1a-b556-8da94c325e1c,c0cc4ed9-8760-4184-b93c-e698dfb46246,c6f97750-2e14-4bb0-8d48-6d7b75af9afb,cbc183a5-8bbf-4ef0-988c-7b542efb0f71,d369fc61-1571-40e8-961b-70044ea493c5,de206049-f16b-4735-bac3-6af89517d5f6,e07abf1a-e63a-4a79-8ed5-11dbd5b7268c,e08f3c2d-0236-4fd0-8b86-d978d047ef93,e5a984fb-9511-483f-9ca8-2624f19dffac,ed0b4e25-e812-41ba-b50b-6963218c597f,ed44140b-5cc4-4d47-8ad1-afdb356aa44b,eee97771-c2ef-426b-8c92-fde92d29fa00,f335762b-0da1-428e-87a0-bec2dfa6b557,f475b91f-4997-46e8-9c30-f89c24d0a3bf,f601dbeb-2cae-4c86-9924-ce54abb0c3fb,fa2d090f-99ed-4048-bc02-56e323844e79,fad1e7bc-99f8-4821-beff-abd4694d5006,fd42dc28-9ff0-4379-8e65-fbca6f35de60,feb6927d-ee9b-40fc-8897-54a2bef67493",f,,3a9ff8c5-8923-4d19-a09e-2c8d79cc7c6f,3a9ff8c5-8923-4d19-a09e-2c8d79cc7c6f,,2025-06-26 01:54:23.027192,2025-06-26 01:54:23.027192,distribution_media_history,hg_stock,distribution_media_history_20260822_080123,2026-08-22 08:01:40.05814
3874f9cb-92d3-4d6f-b6e1-ebe0c63562f3,77ac110c-74cf-4f68-8c0e-abc01fb34fb6,f,t,1,30,"","","","","",f,1190b645-1f41-44cb-8680-5726382adcc2,358dceb1-c1b0-46b9-a24f-c1b6a7fdb2dd,358dceb1-c1b0-46b9-a24f-c1b6a7fdb2dd,,2026-01-20 08:57:01.503621,2026-01-20 08:57:01.503621,distribution_media_history,hg_stock,distribution_media_history_20260822_080123,2026-08-22 08:01:40.05814
3875199f-e378-4110-bde8-afbee0210705,74e4178c-7246-4390-b865-675660e330ef,f,f,1,14,"","","","",7619809a-ea3b-4a3b-ad6f-d84bdffb9786,f,"",4cf4d8d0-959b-4d27-882a-ef1ce5b92241,4cf4d8d0-959b-4d27-882a-ef1ce5b92241,,2026-03-17 09:53:21.742597,2026-03-17 09:53:21.742597,distribution_media_history,hg_stock,distribution_media_history_20260822_080123,2026-08-22 08:01:40.05814
387531d9-1c3d-4513-84e5-6849ac0863af,3c796e1b-bd60-495e-a1ae-15c23e89373d,f,f,1,-1,"953df40d-e9ff-42e4-9ae3-6c1a8b149921,df0289df-7bb3-43f0-b481-4dba85185c7b","","","","",f,"",ed8e0c83-aaec-49eb-8379-90f06bb587ed,ed8e0c83-aaec-49eb-8379-90f06bb587ed,,2026-05-21 02:59:48.913526,2026-05-21 02:59:48.913526,distribution_media_history,hg_stock,distribution_media_history_20260822_080123,2026-08-22 08:01:40.05814
387551d4-ce0d-461b-95af-cb05fcddc395,f8870134-b26b-4d5a-ad99-cdd7f893b8b6,t,f,1,7,"","","0749da15-f004-4cad-8a3f-26ebdf77e84c,0cffc79b-1bd0-4f1d-a3a6-5d681ef29479,211db165-a4e5-46fa-ae35-b3ce4970f396","","",f,,,,,2025-05-05 08:40:39.202637,2025-05-05 08:40:39.202637,distribution_media_history,hg_stock,distribution_media_history_20260822_080123,2026-08-22 08:01:40.05814
387552dd-c8ad-437c-8b3f-f5a552485a4e,cfb86060-da2d-40ca-b507-a7f832677061,f,f,1,7,"","","025355b0-25e4-4224-a2e8-0166b96d97c2,52cea1c3-a193-411f-adb4-a6fbffe220eb","","",f,"",9a1fc915-e747-4aa4-a786-19c67cd5ea2e,9a1fc915-e747-4aa4-a786-19c67cd5ea2e,,2025-11-17 05:15:25.574043,2025-11-17 05:15:25.574043,distribution_media_history,hg_stock,distribution_media_history_20260822_080123,2026-08-22 08:01:40.05814
3875545d-cbb9-4e15-9179-7f785eda2755,eab400f9-94ea-4f06-a319-f09861ddd5fc,f,f,1,7,"","","0749da15-f004-4cad-8a3f-26ebdf77e84c,de0102b9-50f9-41fa-992a-06ae9eb82724","","",f,,13cc64dd-4abe-4d73-be27-4aa3a65f821f,13cc64dd-4abe-4d73-be27-4aa3a65f821f,,2025-05-05 08:40:25.731528,2025-05-05 08:40:25.731528,distribution_media_history,hg_stock,distribution_media_history_20260822_080123,2026-08-22 08:01:40.05814
387555cc-feb0-4d6c-b97e-d2813c602bc8,7bdf576d-3457-4359-82b6-0766f891736f,t,f,1,7,"","","15b9cfe7-85ee-4d5c-910a-8dd18e3c08a8,211db165-a4e5-46fa-ae35-b3ce4970f396,270551e0-15db-4b4a-8bed-b0a9a3a44dff,4b130012-bca4-48d9-b677-a3bbac756669,5026b271-3ca4-475e-b42b-ecaef67294c8,52cea1c3-a193-411f-adb4-a6fbffe220eb,629885eb-65c4-4921-a300-3c618c8961e3,7657821d-0928-4099-92a1-2146097c66b0,7ad7d9b9-4600-4db5-a3a8-e7c243499008,ba826125-ec02-4f09-b0d4-9e4aeeb11c0a,db869e71-ba93-441b-a264-32c62f017853,df42ed2a-f2da-49a1-a4ea-36e358b59bee,fcdd5322-049e-4b50-aecf-593d36d18b8f","","",f,,3add1f79-3973-4d8c-a405-f23b1d7d7dfa,3add1f79-3973-4d8c-a405-f23b1d7d7dfa,,2025-05-05 08:38:23.41359,2025-05-05 08:38:23.41359,distribution_media_history,hg_stock,distribution_media_history_20260822_080123,2026-08-22 08:01:40.05814
3875713c-568b-4ea7-8929-38177108f798,42011fe9-10dd-4861-bb88-43083108625b,t,t,1,7,"","",0cffc79b-1bd0-4f1d-a3a6-5d681ef29479,"","",f,,a487b65e-6fc8-47db-8c5a-6c364a9e9d96,a487b65e-6fc8-47db-8c5a-6c364a9e9d96,,2025-05-08 02:15:26.340172,2025-05-08 02:15:26.340172,distribution_media_history,hg_stock,distribution_media_history_20260822_080123,2026-08-22 08:01:40.05814
387576cd-67b8-48b0-bc6a-e41a8e0e1214,ecf99f5f-beb4-4cc7-9af6-21f19b944049,t,f,1,7,"","","0b5fd67b-6dbc-468f-9fd9-871c24314e4c,0dca4ce1-f595-42fa-bde9-988b7de6051c,211db165-a4e5-46fa-ae35-b3ce4970f396,4b130012-bca4-48d9-b677-a3bbac756669,52cea1c3-a193-411f-adb4-a6fbffe220eb,7657821d-0928-4099-92a1-2146097c66b0,db869e71-ba93-441b-a264-32c62f017853","","",f,,,,,2025-05-05 08:40:25.732413,2025-05-05 08:40:25.732413,distribution_media_history,hg_stock,distribution_media_history_20260822_080123,2026-08-22 08:01:40.05814
38757c99-634c-4e6b-9e5f-548f16d7db6d,ebe8e3dd-7fe0-40a4-8465-c60829271c9f,f,f,1,7,"","",bdd9d4f3-6a59-4a34-8087-8b6c644ced64,"","",f,"",229dc6f0-0c2f-42cc-8d32-7c3397e96194,229dc6f0-0c2f-42cc-8d32-7c3397e96194,,2025-10-30 03:07:14.531674,2025-10-30 03:07:14.531674,distribution_media_history,hg_stock,distribution_media_history_20260822_080123,2026-08-22 08:01:40.05814
3875b2e4-f593-4bce-bab5-2f27f05b1433,f26096d4-513e-4660-b6c0-14af3eb5ac7a,f,f,1,0,"","","","","",f,1190b645-1f41-44cb-8680-5726382adcc2,358dceb1-c1b0-46b9-a24f-c1b6a7fdb2dd,358dceb1-c1b0-46b9-a24f-c1b6a7fdb2dd,,2026-03-03 08:33:25.118599,2026-03-03 08:33:25.118599,distribution_media_history,hg_stock,distribution_media_history_20260822_080123,2026-08-22 08:01:40.05814
3875b83a-4b8c-481a-9c96-88d909545783,87a571fa-6359-4198-ad2a-8861b3f85153,f,f,1,-1,"","","","","",f,3a1660ce-0be5-4eb3-9204-25e8ec3d7c85,ae786cf3-a6b6-4a7d-9ea0-ead631615e0c,ae786cf3-a6b6-4a7d-9ea0-ead631615e0c,,2026-06-06 08:19:19.525292,2026-06-06 08:19:19.525292,distribution_media_history,hg_stock,distribution_media_history_20260822_080123,2026-08-22 08:01:40.05814
3875dcce-a90e-4681-be19-fb2260afcd76,0abec896-3fce-4c6e-8267-4ae48aac83e8,f,t,1,7,"","",31f64d34-2fe4-4f86-bbc3-79906c9d5cc3,"","",f,,97ee41e4-8f90-4991-8d67-df26d970bf62,97ee41e4-8f90-4991-8d67-df26d970bf62,,2025-06-11 04:36:26.857193,2025-06-11 04:36:26.857193,distribution_media_history,hg_stock,distribution_media_history_20260822_080123,2026-08-22 08:01:40.05814
3875fe36-efa5-4248-95fb-200f85a344ce,566208f1-1e35-4479-8c52-1100811eac20,f,f,1,7,"","","48a1af96-5a7d-40d9-8ebe-4e3655f14e4b,7a389018-94d3-443d-9646-ed7b63117169,854cae12-c88d-4bb4-85cf-4ed044d8e963,f30dad8c-85eb-43c2-a375-5d3fe9ff31ce,f5a4dab5-df91-4776-9a1f-1c2e1ed7ce8b","","",f,,,,,2025-05-05 08:37:21.022633,2025-05-05 08:37:21.022633,distribution_media_history,hg_stock,distribution_media_history_20260822_080123,2026-08-22 08:01:40.05814
38766d5b-0f41-4e55-9116-a4f2d1e7e5c1,3d894198-444a-4b5e-a4a8-d53c299b6bea,f,f,1,30,"","","","",3fa0d5a0-1f60-4f8c-aa35-ef891e24dd17,f,"",3a67bc3d-1077-4be0-9f5a-846a08f8c71b,3a67bc3d-1077-4be0-9f5a-846a08f8c71b,,2026-05-19 06:57:24.315853,2026-05-19 06:57:24.315853,distribution_media_history,hg_stock,distribution_media_history_20260822_080123,2026-08-22 08:01:40.05814
38761d9c-682e-4f56-95b8-a1ce9352a657,e275df60-543d-4845-bbc2-4f8d31685622,t,f,1,7,"","","15b9cfe7-85ee-4d5c-910a-8dd18e3c08a8,211db165-a4e5-46fa-ae35-b3ce4970f396,270551e0-15db-4b4a-8bed-b0a9a3a44dff,4b130012-bca4-48d9-b677-a3bbac756669,5026b271-3ca4-475e-b42b-ecaef67294c8,52cea1c3-a193-411f-adb4-a6fbffe220eb,629885eb-65c4-4921-a300-3c618c8961e3,7657821d-0928-4099-92a1-2146097c66b0,7ad7d9b9-4600-4db5-a3a8-e7c243499008,ba826125-ec02-4f09-b0d4-9e4aeeb11c0a,db869e71-ba93-441b-a264-32c62f017853,df42ed2a-f2da-49a1-a4ea-36e358b59bee,fcdd5322-049e-4b50-aecf-593d36d18b8f","","",f,,201b64c5-e316-4e3d-8ab6-aa0c8071276e,201b64c5-e316-4e3d-8ab6-aa0c8071276e,,2025-05-05 08:40:11.019399,2025-05-05 08:40:11.019399,distribution_media_history,hg_stock,distribution_media_history_20260822_080123,2026-08-22 08:01:40.05814
387620c6-e681-4d85-b9d5-6e28ec68cba8,5fbc37d5-4072-4d57-8767-89db24cfe047,t,f,1,7,"","","","","04cee13a-69b0-41f1-b39c-889f9bd82938,17f48f51-7f38-41b0-a897-21f240726378,189d5957-a376-4804-9ac9-d3ac913f29b2,22c49afc-02e4-47e8-a4ab-9f0c0546ea68,3084841c-a70b-40d9-9edb-7aa498a50dc1,36298fa0-1ce7-4bae-8c41-db0a98d0341a,396221b9-cdc5-45b2-a79f-2d6de550fda9,3ee41b7a-96b5-4ab9-901b-3e0866188b6d,404f9125-d4c4-4da9-ad88-f829bb17ba62,489f9411-5f7e-4301-814a-60567e4e3e30,59113c8d-b24b-43e2-96f3-1eb18e9020bc,66cd6c10-7895-4502-937a-583c0d9ab692,6fccedd4-9c2a-4b13-a908-32363d8ab09d,7f65daf7-a4b7-4c1d-9b27-95a3e2321af0,7ffdacef-5d02-4aa8-b3d3-84c85d823164,82ce273c-9538-45d9-bc55-81d4406d2896,83546f70-3b79-4803-a00d-d4d620662403,84a48d11-c91a-4704-984d-487c05e520f8,8664aefc-082d-45bf-997c-d7924cdc450f,8b53e647-7506-4329-8541-838a25dc90b3,980be853-40ae-403e-9dfb-e5a0644a55da,988558f8-ab30-4768-aed0-ddcc6cb6b630,a45aa42c-5285-4ac5-8fe7-a51fbd5e1447,aa6908d1-4b4a-4472-8767-934000773385,afe4ba65-c5e3-4bbb-9e23-6ccb370dc871,b5793a82-9df0-404c-b478-a81c03ae4e6c,bd408cb0-2cde-4b1a-b556-8da94c325e1c,c0cc4ed9-8760-4184-b93c-e698dfb46246,c6f97750-2e14-4bb0-8d48-6d7b75af9afb,cbc183a5-8bbf-4ef0-988c-7b542efb0f71,d369fc61-1571-40e8-961b-70044ea493c5,de206049-f16b-4735-bac3-6af89517d5f6,e07abf1a-e63a-4a79-8ed5-11dbd5b7268c,e08f3c2d-0236-4fd0-8b86-d978d047ef93,e5a984fb-9511-483f-9ca8-2624f19dffac,ed0b4e25-e812-41ba-b50b-6963218c597f,ed44140b-5cc4-4d47-8ad1-afdb356aa44b,eee97771-c2ef-426b-8c92-fde92d29fa00,f335762b-0da1-428e-87a0-bec2dfa6b557,f475b91f-4997-46e8-9c30-f89c24d0a3bf,f601dbeb-2cae-4c86-9924-ce54abb0c3fb,fa2d090f-99ed-4048-bc02-56e323844e79,fad1e7bc-99f8-4821-beff-abd4694d5006,fd42dc28-9ff0-4379-8e65-fbca6f35de60,feb6927d-ee9b-40fc-8897-54a2bef67493",f,,3a9ff8c5-8923-4d19-a09e-2c8d79cc7c6f,3a9ff8c5-8923-4d19-a09e-2c8d79cc7c6f,,2025-06-25 07:00:05.37305,2025-06-25 07:00:05.37305,distribution_media_history,hg_stock,distribution_media_history_20260822_080123,2026-08-22 08:01:40.05814
38763181-e598-4a33-bf72-c450cd5910ac,c98f5979-b341-4fc9-a732-2e6797272562,f,f,1,7,"","",23fab090-e892-486d-8a78-16f6a1031d35,af13f5cc-6b51-4949-ad6c-1786c27eaa3d,"",f,,ed8e0c83-aaec-49eb-8379-90f06bb587ed,ed8e0c83-aaec-49eb-8379-90f06bb587ed,,2025-07-11 02:51:12.417085,2025-07-11 02:51:12.417085,distribution_media_history,hg_stock,distribution_media_history_20260822_080123,2026-08-22 08:01:40.05814
38763970-d691-46eb-9f0d-29ab5573d205,10190c58-c7e9-4445-841a-3054a926226e,f,f,1,7,"","","48a1af96-5a7d-40d9-8ebe-4e3655f14e4b,64362801-3c17-4e99-b10a-bc7a8dc10c14,854cae12-c88d-4bb4-85cf-4ed044d8e963,be3902b4-f926-4850-ba31-f18b178b9d39,f30dad8c-85eb-43c2-a375-5d3fe9ff31ce,f5a4dab5-df91-4776-9a1f-1c2e1ed7ce8b","","",f,,,,,2025-05-05 08:36:08.450616,2025-05-05 08:36:08.450616,distribution_media_history,hg_stock,distribution_media_history_20260822_080123,2026-08-22 08:01:40.05814
38763df6-3925-4916-8403-8bf7ebfe9956,b644a0ca-107f-4f6e-863a-28ee11395125,t,f,1,7,"","","15b9cfe7-85ee-4d5c-910a-8dd18e3c08a8,211db165-a4e5-46fa-ae35-b3ce4970f396,270551e0-15db-4b4a-8bed-b0a9a3a44dff,4b130012-bca4-48d9-b677-a3bbac756669,5026b271-3ca4-475e-b42b-ecaef67294c8,52cea1c3-a193-411f-adb4-a6fbffe220eb,629885eb-65c4-4921-a300-3c618c8961e3,7657821d-0928-4099-92a1-2146097c66b0,7ad7d9b9-4600-4db5-a3a8-e7c243499008,ba826125-ec02-4f09-b0d4-9e4aeeb11c0a,db869e71-ba93-441b-a264-32c62f017853,df42ed2a-f2da-49a1-a4ea-36e358b59bee,fcdd5322-049e-4b50-aecf-593d36d18b8f","","",f,,aba5fb94-b929-4f86-b15e-e6dcf4f35c85,aba5fb94-b929-4f86-b15e-e6dcf4f35c85,,2025-05-05 08:39:29.187741,2025-05-05 08:39:29.187741,distribution_media_history,hg_stock,distribution_media_history_20260822_080123,2026-08-22 08:01:40.05814
387648fe-7f60-456b-b171-a676400faf53,2f55ff36-fdf7-4f9d-a227-6cab8673e5bd,t,f,1,7,"","","52cea1c3-a193-411f-adb4-a6fbffe220eb,e2d5d683-013e-4197-8061-a8b45c971b8a","","",f,"",94ed467c-ceec-437f-aed7-3317cd4fe1ae,94ed467c-ceec-437f-aed7-3317cd4fe1ae,,2025-10-15 03:34:35.645279,2025-10-15 03:34:35.645279,distribution_media_history,hg_stock,distribution_media_history_20260822_080123,2026-08-22 08:01:40.05814
38764d9a-4c3a-4b92-b638-8c6c25708c3f,947762d7-8287-4711-9434-09780009c0b8,f,t,1,7,"",6011e2db-5799-4094-8ed7-ae9feaae94f0,"","","",f,,3a67bc3d-1077-4be0-9f5a-846a08f8c71b,3a67bc3d-1077-4be0-9f5a-846a08f8c71b,,2025-05-12 09:33:26.656915,2025-05-12 09:33:26.656915,distribution_media_history,hg_stock,distribution_media_history_20260822_080123,2026-08-22 08:01:40.05814
38764db3-6d81-4966-ac6d-2062173a75c0,812d7b15-bee9-4a61-b2da-ea3c0e301057,f,f,1,45,"","",6c979bdd-4fe0-4002-ab36-7fd6af2fca80,"","",f,"",229dc6f0-0c2f-42cc-8d32-7c3397e96194,229dc6f0-0c2f-42cc-8d32-7c3397e96194,,2025-12-15 07:17:42.684815,2025-12-15 07:17:42.684815,distribution_media_history,hg_stock,distribution_media_history_20260822_080123,2026-08-22 08:01:40.05814
387658c1-4319-4ccf-861e-00f443779c91,e201d18a-9a60-40c0-9b30-538ad9ee4d76,f,f,1,7,"","0fca0392-730d-4d3e-8f69-7bdd29124d1c,1394d7da-d787-4819-91d6-b8d7376972b6,1b21dc70-c6bc-448a-8935-0d35ce0ecdbd,2332c3df-4e73-4fef-8937-582b2af3f71a,23ee2e9e-0b7f-4d66-a359-286dbe391f0c,2cdf599f-5c56-4d01-a980-ea9d3221fa24,33598a6f-ee6d-4e9d-978d-77a170731d49,34422ee2-d075-4876-bffb-f730fc5edd41,3b1c99eb-747d-49d8-9768-20af25056f3a,445ce746-9559-47a3-b159-af8559483c11,48cd3c28-eaec-4e2d-ab2e-1e4c7bcf87c1,6011e2db-5799-4094-8ed7-ae9feaae94f0,60f3b5f3-a5b5-435a-bb73-d40b554c7608,63e0d2c4-8d94-4654-82d0-caae7ee3c524,648c76cb-4cf8-40f6-b144-6cfdabe88701,6709e76d-751e-4e25-bdca-b8235202ea32,76b129fc-0ec3-48fe-bf4c-c33fe693e7d1,7ce38c95-dfa2-43df-a72f-dba6baf561f0,840a485c-fe90-4433-a687-445a361c5545,97667a27-3ff1-45d8-8612-f3bef52610b6,a1fc6186-159d-4bca-81bc-ad3593decdb8,a2a2ead6-91fa-4e4f-bc7b-267e2683ec0c,aab8ed17-2cdb-48a9-b6fc-96aa313eb3e1,aeed5635-c7e2-44b7-a4f6-596166e94410,b9d5d11a-3483-4217-a175-abf5da99619b,bd6cfcba-edf0-4b05-8017-66598fced454,cc88a7d2-7019-4cfc-a840-acf317361f99,d01cec12-7a37-4589-9076-71419dbad65e,d4706992-57ae-4efc-8100-86611363276a,d96bea47-a199-4419-95fb-ec1606827b45,ea8c12ce-acd6-4556-8bb2-1d76aab6c7e9,eee43762-6f28-42d4-8d2b-552453aca81b","","","",f,,a61e2437-628b-43e7-a32c-f948290dbba9,a61e2437-628b-43e7-a32c-f948290dbba9,,2025-07-28 03:07:50.827439,2025-07-28 03:07:50.827439,distribution_media_history,hg_stock,distribution_media_history_20260822_080123,2026-08-22 08:01:40.05814
38765a4c-b3c3-46b4-a094-7ab7a33ff948,594a7ae3-a584-4cb6-a53d-c6779da8610d,t,t,1,7,"","","0749da15-f004-4cad-8a3f-26ebdf77e84c,0cffc79b-1bd0-4f1d-a3a6-5d681ef29479","","",f,,115829f6-e312-4bd8-b758-d6deced8dc94,115829f6-e312-4bd8-b758-d6deced8dc94,,2025-07-04 07:18:34.220929,2025-07-04 07:18:34.220929,distribution_media_history,hg_stock,distribution_media_history_20260822_080123,2026-08-22 08:01:40.05814
38765a4e-c21a-41fd-b5a2-e2d0f80eaad2,9ea6a8eb-a5f3-4954-9216-e6ab246ad69d,t,t,1,7,"","",52cea1c3-a193-411f-adb4-a6fbffe220eb,"",24e60303-8524-403d-b485-bcdd7fd129f4,t,,438f6c82-e4b7-418d-b230-be5375d96463,438f6c82-e4b7-418d-b230-be5375d96463,,2025-07-17 01:48:33.442471,2025-07-17 01:48:33.442471,distribution_media_history,hg_stock,distribution_media_history_20260822_080123,2026-08-22 08:01:40.05814
3a0708fe-bbc6-4dc9-8846-d8fa97fee9d9,25ff03e1-a13f-43fd-afae-9778d1482fd8,f,f,1,7,"","",48a1af96-5a7d-40d9-8ebe-4e3655f14e4b,"","",f,,,,,2025-05-05 08:36:31.245487,2025-05-05 08:36:31.245487,distribution_media_history,hg_stock,distribution_media_history_20260822_080123,2026-08-22 08:01:40.05814
3876739e-4bfe-4821-8c5e-66c3a1fab694,40a449a5-dd1e-4c8a-88cb-84449551f5b4,f,t,1,7,"","","","","3d6826f7-2626-4a37-aeaa-48f96a9b0b91,43bf3c8b-89b1-4138-8ae9-f564bb06596c,c0fe700c-34ee-4739-abf9-5a0a78b4c291,490497dc-5a22-4f3e-aabd-15f555818c32,73670add-5585-47ce-97c1-a08bdeb7f956,a9993709-50ba-4ebf-8d58-28cc482cd3df,dc4363f3-47bf-417d-bf6c-87ec7b129a23,9a58ee71-326b-4905-990a-f59c329facbb,5deee3c3-3888-46e0-899e-9cb092a60f26,b706c9f6-115c-4ffd-bcdd-9a7c18f4fb57,4761ea79-5165-4fa7-a980-b09454c0fb14,19e015cb-ccd1-49e3-aad5-8605feb595f2,9af7cf68-33a0-4d0a-9577-cba1a3ad1f22,135d3088-99fc-444c-9b9a-21a2e9bb5a59,0b0ddaa4-3592-40d8-9e46-8986bb004c15,635fefea-3f23-4852-88e5-2b8787d39773,c26c67b9-c472-487d-ba06-5a9ea82d6183,f4dd4428-bf65-4513-b8be-601d0d1d43d6,a3df88a3-5af1-48cd-9570-ccf048b9071c,ec59ef1c-d0d8-4934-8a42-7775c710491c,5a8b441b-a204-43ba-9493-377cef94f449,e2233413-cda5-4ef5-b8df-670690f74b06,0b9514d0-df14-4cb2-96f7-66a88144edf3,db6b31ce-1c0c-4728-abcd-c3f6d68467c4,7619809a-ea3b-4a3b-ad6f-d84bdffb9786,dd0d89e0-28ec-4fce-a39a-afadc639b807,49e1848d-584f-4cfd-9d91-3708bc10b099,d0e703c9-c972-4e72-ab5b-5e85d12e7ddb,59a4bdd5-072f-4682-9ce8-c2f126fb1594",f,,a61e2437-628b-43e7-a32c-f948290dbba9,a61e2437-628b-43e7-a32c-f948290dbba9,,2025-06-03 10:45:27.316375,2025-06-03 10:45:27.316375,distribution_media_history,hg_stock,distribution_media_history_20260822_080123,2026-08-22 08:01:40.05814
387680ba-b083-4e22-804b-3618fd4b8923,1cdc09df-a9cd-4969-adf8-6ce1aec0762e,t,t,1,7,"","","","","04cee13a-69b0-41f1-b39c-889f9bd82938,17f48f51-7f38-41b0-a897-21f240726378,189d5957-a376-4804-9ac9-d3ac913f29b2,22c49afc-02e4-47e8-a4ab-9f0c0546ea68,3084841c-a70b-40d9-9edb-7aa498a50dc1,36298fa0-1ce7-4bae-8c41-db0a98d0341a,396221b9-cdc5-45b2-a79f-2d6de550fda9,3ee41b7a-96b5-4ab9-901b-3e0866188b6d,404f9125-d4c4-4da9-ad88-f829bb17ba62,489f9411-5f7e-4301-814a-60567e4e3e30,59113c8d-b24b-43e2-96f3-1eb18e9020bc,5c1b1d8f-d4a9-4a22-934a-43831e85d1e4,66cd6c10-7895-4502-937a-583c0d9ab692,6fccedd4-9c2a-4b13-a908-32363d8ab09d,7f65daf7-a4b7-4c1d-9b27-95a3e2321af0,7ffdacef-5d02-4aa8-b3d3-84c85d823164,82ce273c-9538-45d9-bc55-81d4406d2896,83546f70-3b79-4803-a00d-d4d620662403,84a48d11-c91a-4704-984d-487c05e520f8,8664aefc-082d-45bf-997c-d7924cdc450f,8b53e647-7506-4329-8541-838a25dc90b3,93ab8008-587a-4a00-a78b-1ea011796b10,96fdf1dd-c29d-48c0-9942-b89777d4f662,980be853-40ae-403e-9dfb-e5a0644a55da,988558f8-ab30-4768-aed0-ddcc6cb6b630,a45aa42c-5285-4ac5-8fe7-a51fbd5e1447,aa6908d1-4b4a-4472-8767-934000773385,afe4ba65-c5e3-4bbb-9e23-6ccb370dc871,b5793a82-9df0-404c-b478-a81c03ae4e6c,bd408cb0-2cde-4b1a-b556-8da94c325e1c,c0cc4ed9-8760-4184-b93c-e698dfb46246,c6f97750-2e14-4bb0-8d48-6d7b75af9afb,cbc183a5-8bbf-4ef0-988c-7b542efb0f71,d369fc61-1571-40e8-961b-70044ea493c5,de206049-f16b-4735-bac3-6af89517d5f6,e07abf1a-e63a-4a79-8ed5-11dbd5b7268c,e08f3c2d-0236-4fd0-8b86-d978d047ef93,e5a984fb-9511-483f-9ca8-2624f19dffac,ed0b4e25-e812-41ba-b50b-6963218c597f,ed44140b-5cc4-4d47-8ad1-afdb356aa44b,eee97771-c2ef-426b-8c92-fde92d29fa00,f335762b-0da1-428e-87a0-bec2dfa6b557,f475b91f-4997-46e8-9c30-f89c24d0a3bf,f601dbeb-2cae-4c86-9924-ce54abb0c3fb,fa2d090f-99ed-4048-bc02-56e323844e79,fad1e7bc-99f8-4821-beff-abd4694d5006,fd42dc28-9ff0-4379-8e65-fbca6f35de60,feb6927d-ee9b-40fc-8897-54a2bef67493",f,,3a9ff8c5-8923-4d19-a09e-2c8d79cc7c6f,3a9ff8c5-8923-4d19-a09e-2c8d79cc7c6f,,2025-07-23 08:20:06.051409,2025-07-23 08:20:06.051409,distribution_media_history,hg_stock,distribution_media_history_20260822_080123,2026-08-22 08:01:40.05814
38768f46-0cb9-4867-b141-2fe88baa8ed5,b6a36da8-385d-4155-b6a5-051b440c3837,f,t,1,7,"","",de8dffd8-4f8e-4226-b4a3-64fd21a3de1c,"","",f,"",229dc6f0-0c2f-42cc-8d32-7c3397e96194,229dc6f0-0c2f-42cc-8d32-7c3397e96194,,2025-11-10 03:04:13.058232,2025-11-10 03:04:13.058232,distribution_media_history,hg_stock,distribution_media_history_20260822_080123,2026-08-22 08:01:40.05814
387693f6-e6e3-4829-90bf-a7481c75eebb,a14b0e16-194b-493a-b166-b8b9cf607089,f,f,1,7,"","","48a1af96-5a7d-40d9-8ebe-4e3655f14e4b,7a389018-94d3-443d-9646-ed7b63117169,854cae12-c88d-4bb4-85cf-4ed044d8e963,be3902b4-f926-4850-ba31-f18b178b9d39,f30dad8c-85eb-43c2-a375-5d3fe9ff31ce","","",f,,,,,2025-05-05 08:39:01.533845,2025-05-05 08:39:01.533845,distribution_media_history,hg_stock,distribution_media_history_20260822_080123,2026-08-22 08:01:40.05814
3876a28c-3d4a-4bbb-9657-a8631ed15735,5719448a-792a-4def-a3fa-988c11730de5,t,f,1,7,"","","15b9cfe7-85ee-4d5c-910a-8dd18e3c08a8,211db165-a4e5-46fa-ae35-b3ce4970f396,270551e0-15db-4b4a-8bed-b0a9a3a44dff,4b130012-bca4-48d9-b677-a3bbac756669,5026b271-3ca4-475e-b42b-ecaef67294c8,52cea1c3-a193-411f-adb4-a6fbffe220eb,629885eb-65c4-4921-a300-3c618c8961e3,7657821d-0928-4099-92a1-2146097c66b0,7ad7d9b9-4600-4db5-a3a8-e7c243499008,ba826125-ec02-4f09-b0d4-9e4aeeb11c0a,db869e71-ba93-441b-a264-32c62f017853,df42ed2a-f2da-49a1-a4ea-36e358b59bee,fcdd5322-049e-4b50-aecf-593d36d18b8f","","",f,,,,,2025-05-05 08:37:21.023007,2025-05-05 08:37:21.023007,distribution_media_history,hg_stock,distribution_media_history_20260822_080123,2026-08-22 08:01:40.05814
3876a7f9-68be-4291-bd3d-25500bae07ee,aac23fa1-2147-45eb-b6c1-c3aec1a658c1,f,f,1,7,"","","","","",f,cde6f5fe-09e7-4547-a69b-055517eb12ff,3a9ff8c5-8923-4d19-a09e-2c8d79cc7c6f,3a9ff8c5-8923-4d19-a09e-2c8d79cc7c6f,,2025-08-08 09:57:31.354786,2025-08-08 09:57:31.354786,distribution_media_history,hg_stock,distribution_media_history_20260822_080123,2026-08-22 08:01:40.05814
387aa366-6b0c-482f-b1c7-a35f0272a5d9,9e3d8a47-c075-4c38-aef1-8bab0e7444e8,f,f,1,90,"","","","","",t,"1190b645-1f41-44cb-8680-5726382adcc2,de337a89-766b-4121-bf74-03703fbc9236",358dceb1-c1b0-46b9-a24f-c1b6a7fdb2dd,358dceb1-c1b0-46b9-a24f-c1b6a7fdb2dd,,2026-03-18 15:06:59.933818,2026-03-18 15:06:59.933818,distribution_media_history,hg_stock,distribution_media_history_20260822_080123,2026-08-22 08:01:40.05814
3876b03f-0a1a-4fa3-b3df-c149d71b2491,16eb316a-4cc8-4e0c-8576-a326d1119f65,t,t,1,7,"","","","","04cee13a-69b0-41f1-b39c-889f9bd82938,17f48f51-7f38-41b0-a897-21f240726378,189d5957-a376-4804-9ac9-d3ac913f29b2,22c49afc-02e4-47e8-a4ab-9f0c0546ea68,3084841c-a70b-40d9-9edb-7aa498a50dc1,36298fa0-1ce7-4bae-8c41-db0a98d0341a,396221b9-cdc5-45b2-a79f-2d6de550fda9,3ee41b7a-96b5-4ab9-901b-3e0866188b6d,404f9125-d4c4-4da9-ad88-f829bb17ba62,489f9411-5f7e-4301-814a-60567e4e3e30,59113c8d-b24b-43e2-96f3-1eb18e9020bc,5c1b1d8f-d4a9-4a22-934a-43831e85d1e4,66cd6c10-7895-4502-937a-583c0d9ab692,7f65daf7-a4b7-4c1d-9b27-95a3e2321af0,7ffdacef-5d02-4aa8-b3d3-84c85d823164,82ce273c-9538-45d9-bc55-81d4406d2896,83546f70-3b79-4803-a00d-d4d620662403,84a48d11-c91a-4704-984d-487c05e520f8,8664aefc-082d-45bf-997c-d7924cdc450f,8b53e647-7506-4329-8541-838a25dc90b3,988558f8-ab30-4768-aed0-ddcc6cb6b630,9f332297-3b6b-4a98-bcd8-bc8da41105dd,a45aa42c-5285-4ac5-8fe7-a51fbd5e1447,aa6908d1-4b4a-4472-8767-934000773385,b5793a82-9df0-404c-b478-a81c03ae4e6c,b5a513f2-8d65-4512-90c0-7fa3c7311a61,b7f0a1f8-0078-4361-a39c-609cbc0fa09c,bd408cb0-2cde-4b1a-b556-8da94c325e1c,c0cc4ed9-8760-4184-b93c-e698dfb46246,c4b978df-9107-4eb9-a678-e621c83f0e48,c6f97750-2e14-4bb0-8d48-6d7b75af9afb,d369fc61-1571-40e8-961b-70044ea493c5,de206049-f16b-4735-bac3-6af89517d5f6,e08f3c2d-0236-4fd0-8b86-d978d047ef93,ed0b4e25-e812-41ba-b50b-6963218c597f,ed44140b-5cc4-4d47-8ad1-afdb356aa44b,f335762b-0da1-428e-87a0-bec2dfa6b557,f475b91f-4997-46e8-9c30-f89c24d0a3bf,f601dbeb-2cae-4c86-9924-ce54abb0c3fb,fad1e7bc-99f8-4821-beff-abd4694d5006,feb6927d-ee9b-40fc-8897-54a2bef67493",f,,3a9ff8c5-8923-4d19-a09e-2c8d79cc7c6f,3a9ff8c5-8923-4d19-a09e-2c8d79cc7c6f,,2025-07-30 09:47:10.551063,2025-07-30 09:47:10.551063,distribution_media_history,hg_stock,distribution_media_history_20260822_080123,2026-08-22 08:01:40.05814
3876ca45-0078-4201-a53f-3a0beead03eb,ccd85118-7fd1-4545-a0c2-5572213b503f,t,f,1,7,"","","","","04cee13a-69b0-41f1-b39c-889f9bd82938,17f48f51-7f38-41b0-a897-21f240726378,189d5957-a376-4804-9ac9-d3ac913f29b2,22c49afc-02e4-47e8-a4ab-9f0c0546ea68,3084841c-a70b-40d9-9edb-7aa498a50dc1,36298fa0-1ce7-4bae-8c41-db0a98d0341a,396221b9-cdc5-45b2-a79f-2d6de550fda9,3ee41b7a-96b5-4ab9-901b-3e0866188b6d,404f9125-d4c4-4da9-ad88-f829bb17ba62,489f9411-5f7e-4301-814a-60567e4e3e30,59113c8d-b24b-43e2-96f3-1eb18e9020bc,5c1b1d8f-d4a9-4a22-934a-43831e85d1e4,66cd6c10-7895-4502-937a-583c0d9ab692,6fccedd4-9c2a-4b13-a908-32363d8ab09d,7f65daf7-a4b7-4c1d-9b27-95a3e2321af0,7ffdacef-5d02-4aa8-b3d3-84c85d823164,82ce273c-9538-45d9-bc55-81d4406d2896,83546f70-3b79-4803-a00d-d4d620662403,84a48d11-c91a-4704-984d-487c05e520f8,8664aefc-082d-45bf-997c-d7924cdc450f,8b53e647-7506-4329-8541-838a25dc90b3,980be853-40ae-403e-9dfb-e5a0644a55da,988558f8-ab30-4768-aed0-ddcc6cb6b630,a45aa42c-5285-4ac5-8fe7-a51fbd5e1447,aa6908d1-4b4a-4472-8767-934000773385,b5793a82-9df0-404c-b478-a81c03ae4e6c,bd408cb0-2cde-4b1a-b556-8da94c325e1c,c0cc4ed9-8760-4184-b93c-e698dfb46246,c6f97750-2e14-4bb0-8d48-6d7b75af9afb,cbc183a5-8bbf-4ef0-988c-7b542efb0f71,d369fc61-1571-40e8-961b-70044ea493c5,de206049-f16b-4735-bac3-6af89517d5f6,e07abf1a-e63a-4a79-8ed5-11dbd5b7268c,e08f3c2d-0236-4fd0-8b86-d978d047ef93,e5a984fb-9511-483f-9ca8-2624f19dffac,ed0b4e25-e812-41ba-b50b-6963218c597f,ed44140b-5cc4-4d47-8ad1-afdb356aa44b,f335762b-0da1-428e-87a0-bec2dfa6b557,f475b91f-4997-46e8-9c30-f89c24d0a3bf,f601dbeb-2cae-4c86-9924-ce54abb0c3fb,fa2d090f-99ed-4048-bc02-56e323844e79,fad1e7bc-99f8-4821-beff-abd4694d5006,fd42dc28-9ff0-4379-8e65-fbca6f35de60,feb6927d-ee9b-40fc-8897-54a2bef67493",f,,3a9ff8c5-8923-4d19-a09e-2c8d79cc7c6f,3a9ff8c5-8923-4d19-a09e-2c8d79cc7c6f,,2025-07-30 02:48:14.703844,2025-07-30 02:48:14.703844,distribution_media_history,hg_stock,distribution_media_history_20260822_080123,2026-08-22 08:01:40.05814
3876d622-8762-45f1-b500-a5f78ce4e7cb,5ea0d005-1aeb-4e82-ab58-c5e47e9b6499,f,f,1,-1,"","","","","",f,eaf751be-7681-4b63-96b2-35d9e1364214,3a9ff8c5-8923-4d19-a09e-2c8d79cc7c6f,3a9ff8c5-8923-4d19-a09e-2c8d79cc7c6f,,2026-03-04 02:33:21.582429,2026-03-04 02:33:21.582429,distribution_media_history,hg_stock,distribution_media_history_20260822_080123,2026-08-22 08:01:40.05814
38771b4f-961a-4d87-8156-ac0e77f3eb77,b122a8b9-545c-423f-935a-21f58250dff1,f,t,1,7,"","71f9c328-dc24-4c16-a63b-37b588910cd7,bdf18b05-f382-4e80-b3ec-6a9bc6a2a7dd","","","",f,,ed8e0c83-aaec-49eb-8379-90f06bb587ed,ed8e0c83-aaec-49eb-8379-90f06bb587ed,,2025-05-07 01:42:29.787955,2025-05-07 01:42:29.787955,distribution_media_history,hg_stock,distribution_media_history_20260822_080123,2026-08-22 08:01:40.05814
38772e7b-f595-4582-a1ce-c475e4adb00c,db1cfef1-2800-48fa-b018-0fa2d1fe6526,f,f,1,45,"","",bdd9d4f3-6a59-4a34-8087-8b6c644ced64,"","",f,"",229dc6f0-0c2f-42cc-8d32-7c3397e96194,229dc6f0-0c2f-42cc-8d32-7c3397e96194,,2025-11-07 03:32:33.007057,2025-11-07 03:32:33.007057,distribution_media_history,hg_stock,distribution_media_history_20260822_080123,2026-08-22 08:01:40.05814
387730e4-f463-4017-a5ff-2c8a8a899f7f,a052ef40-aa55-4b5f-91ad-ec101b5d4292,t,f,1,30,"","","","","",f,1cdbc000-1c24-485c-8e71-fb91a4d5fcb6,3a9ff8c5-8923-4d19-a09e-2c8d79cc7c6f,3a9ff8c5-8923-4d19-a09e-2c8d79cc7c6f,,2025-12-27 08:23:54.221841,2025-12-27 08:23:54.221841,distribution_media_history,hg_stock,distribution_media_history_20260822_080123,2026-08-22 08:01:40.05814
387732ac-14f8-4b14-ac8c-d56d646a1370,e4603ba6-58f6-4d0f-8de4-ff79267eb170,f,f,1,7,"","",d0a6c7ae-3a77-4b4c-bc33-bed245694277,"","",f,,0fa05608-d975-4d11-830b-9c1caff00dcb,0fa05608-d975-4d11-830b-9c1caff00dcb,,2025-05-05 08:40:25.728479,2025-05-05 08:40:25.728479,distribution_media_history,hg_stock,distribution_media_history_20260822_080123,2026-08-22 08:01:40.05814
3877333e-9265-4c78-beba-ff52432ca271,cc580603-3fdc-4027-8220-c860cea5ae56,t,t,1,7,"","","","","04cee13a-69b0-41f1-b39c-889f9bd82938,17f48f51-7f38-41b0-a897-21f240726378,189d5957-a376-4804-9ac9-d3ac913f29b2,22c49afc-02e4-47e8-a4ab-9f0c0546ea68,3084841c-a70b-40d9-9edb-7aa498a50dc1,36298fa0-1ce7-4bae-8c41-db0a98d0341a,396221b9-cdc5-45b2-a79f-2d6de550fda9,3ee41b7a-96b5-4ab9-901b-3e0866188b6d,404f9125-d4c4-4da9-ad88-f829bb17ba62,489f9411-5f7e-4301-814a-60567e4e3e30,59113c8d-b24b-43e2-96f3-1eb18e9020bc,5c1b1d8f-d4a9-4a22-934a-43831e85d1e4,66cd6c10-7895-4502-937a-583c0d9ab692,7f65daf7-a4b7-4c1d-9b27-95a3e2321af0,7ffdacef-5d02-4aa8-b3d3-84c85d823164,82ce273c-9538-45d9-bc55-81d4406d2896,83546f70-3b79-4803-a00d-d4d620662403,84a48d11-c91a-4704-984d-487c05e520f8,8664aefc-082d-45bf-997c-d7924cdc450f,8b53e647-7506-4329-8541-838a25dc90b3,988558f8-ab30-4768-aed0-ddcc6cb6b630,9f332297-3b6b-4a98-bcd8-bc8da41105dd,a45aa42c-5285-4ac5-8fe7-a51fbd5e1447,aa6908d1-4b4a-4472-8767-934000773385,b5793a82-9df0-404c-b478-a81c03ae4e6c,b5a513f2-8d65-4512-90c0-7fa3c7311a61,b7f0a1f8-0078-4361-a39c-609cbc0fa09c,bd408cb0-2cde-4b1a-b556-8da94c325e1c,c0cc4ed9-8760-4184-b93c-e698dfb46246,c4b978df-9107-4eb9-a678-e621c83f0e48,c6f97750-2e14-4bb0-8d48-6d7b75af9afb,d369fc61-1571-40e8-961b-70044ea493c5,de206049-f16b-4735-bac3-6af89517d5f6,e08f3c2d-0236-4fd0-8b86-d978d047ef93,ed0b4e25-e812-41ba-b50b-6963218c597f,ed44140b-5cc4-4d47-8ad1-afdb356aa44b,f335762b-0da1-428e-87a0-bec2dfa6b557,f475b91f-4997-46e8-9c30-f89c24d0a3bf,f601dbeb-2cae-4c86-9924-ce54abb0c3fb,fad1e7bc-99f8-4821-beff-abd4694d5006,feb6927d-ee9b-40fc-8897-54a2bef67493",f,,3a9ff8c5-8923-4d19-a09e-2c8d79cc7c6f,3a9ff8c5-8923-4d19-a09e-2c8d79cc7c6f,,2025-07-30 09:47:10.542792,2025-07-30 09:47:10.542792,distribution_media_history,hg_stock,distribution_media_history_20260822_080123,2026-08-22 08:01:40.05814
3877b104-2103-4e7c-8881-d03f6475cec1,f593c5d2-b711-46b8-b774-c2010e88de74,t,f,1,7,"","","15b9cfe7-85ee-4d5c-910a-8dd18e3c08a8,211db165-a4e5-46fa-ae35-b3ce4970f396,270551e0-15db-4b4a-8bed-b0a9a3a44dff,469f562c-a07c-4e5e-9294-ca2b7f3e96c5,4b130012-bca4-48d9-b677-a3bbac756669,5026b271-3ca4-475e-b42b-ecaef67294c8,52cea1c3-a193-411f-adb4-a6fbffe220eb,629885eb-65c4-4921-a300-3c618c8961e3,7657821d-0928-4099-92a1-2146097c66b0,7ad7d9b9-4600-4db5-a3a8-e7c243499008,ba826125-ec02-4f09-b0d4-9e4aeeb11c0a,db869e71-ba93-441b-a264-32c62f017853,df42ed2a-f2da-49a1-a4ea-36e358b59bee,fcdd5322-049e-4b50-aecf-593d36d18b8f","","",f,,,,,2025-05-05 08:40:39.201492,2025-05-05 08:40:39.201492,distribution_media_history,hg_stock,distribution_media_history_20260822_080123,2026-08-22 08:01:40.05814
3877b95c-3d6f-47b8-abe3-ae52fd703028,fded7969-01b2-470f-83f9-a9660e7a72ee,f,f,1,7,"","","025355b0-25e4-4224-a2e8-0166b96d97c2,52cea1c3-a193-411f-adb4-a6fbffe220eb","","",t,"",438f6c82-e4b7-418d-b230-be5375d96463,438f6c82-e4b7-418d-b230-be5375d96463,,2025-10-01 05:30:12.100407,2025-10-01 05:30:12.100407,distribution_media_history,hg_stock,distribution_media_history_20260822_080123,2026-08-22 08:01:40.05814
3877522a-994e-4354-b0d2-0d4504d4a9b1,604df80e-ab77-413c-b99f-b9e4acb6c454,t,f,1,7,"","","","","04cee13a-69b0-41f1-b39c-889f9bd82938,17f48f51-7f38-41b0-a897-21f240726378,189d5957-a376-4804-9ac9-d3ac913f29b2,22c49afc-02e4-47e8-a4ab-9f0c0546ea68,3084841c-a70b-40d9-9edb-7aa498a50dc1,36298fa0-1ce7-4bae-8c41-db0a98d0341a,396221b9-cdc5-45b2-a79f-2d6de550fda9,3ee41b7a-96b5-4ab9-901b-3e0866188b6d,404f9125-d4c4-4da9-ad88-f829bb17ba62,489f9411-5f7e-4301-814a-60567e4e3e30,59113c8d-b24b-43e2-96f3-1eb18e9020bc,66cd6c10-7895-4502-937a-583c0d9ab692,6fccedd4-9c2a-4b13-a908-32363d8ab09d,7f65daf7-a4b7-4c1d-9b27-95a3e2321af0,7ffdacef-5d02-4aa8-b3d3-84c85d823164,82ce273c-9538-45d9-bc55-81d4406d2896,83546f70-3b79-4803-a00d-d4d620662403,84a48d11-c91a-4704-984d-487c05e520f8,8664aefc-082d-45bf-997c-d7924cdc450f,8b53e647-7506-4329-8541-838a25dc90b3,980be853-40ae-403e-9dfb-e5a0644a55da,988558f8-ab30-4768-aed0-ddcc6cb6b630,a45aa42c-5285-4ac5-8fe7-a51fbd5e1447,aa6908d1-4b4a-4472-8767-934000773385,afe4ba65-c5e3-4bbb-9e23-6ccb370dc871,b5793a82-9df0-404c-b478-a81c03ae4e6c,bd408cb0-2cde-4b1a-b556-8da94c325e1c,c0cc4ed9-8760-4184-b93c-e698dfb46246,c6f97750-2e14-4bb0-8d48-6d7b75af9afb,cbc183a5-8bbf-4ef0-988c-7b542efb0f71,d369fc61-1571-40e8-961b-70044ea493c5,de206049-f16b-4735-bac3-6af89517d5f6,e07abf1a-e63a-4a79-8ed5-11dbd5b7268c,e08f3c2d-0236-4fd0-8b86-d978d047ef93,ed0b4e25-e812-41ba-b50b-6963218c597f,ed44140b-5cc4-4d47-8ad1-afdb356aa44b,eee97771-c2ef-426b-8c92-fde92d29fa00,f335762b-0da1-428e-87a0-bec2dfa6b557,f475b91f-4997-46e8-9c30-f89c24d0a3bf,f601dbeb-2cae-4c86-9924-ce54abb0c3fb,fa2d090f-99ed-4048-bc02-56e323844e79,fad1e7bc-99f8-4821-beff-abd4694d5006,feb6927d-ee9b-40fc-8897-54a2bef67493",f,,3a9ff8c5-8923-4d19-a09e-2c8d79cc7c6f,3a9ff8c5-8923-4d19-a09e-2c8d79cc7c6f,,2025-06-25 05:01:48.955196,2025-06-25 05:01:48.955196,distribution_media_history,hg_stock,distribution_media_history_20260822_080123,2026-08-22 08:01:40.05814
38775a48-9926-4a44-b9e5-56f2a615ef1a,e86c1a55-0a18-4cf7-90f5-51798e890089,f,f,1,30,"","","","","",f,1190b645-1f41-44cb-8680-5726382adcc2,358dceb1-c1b0-46b9-a24f-c1b6a7fdb2dd,358dceb1-c1b0-46b9-a24f-c1b6a7fdb2dd,,2026-01-20 08:57:01.499797,2026-01-20 08:57:01.499797,distribution_media_history,hg_stock,distribution_media_history_20260822_080123,2026-08-22 08:01:40.05814
38775c72-04e9-4498-b232-92756645293e,906cf4f6-4585-4139-9fd3-a5e687f58c82,f,f,1,7,"","","48a1af96-5a7d-40d9-8ebe-4e3655f14e4b,64362801-3c17-4e99-b10a-bc7a8dc10c14","","",f,,,,,2025-05-05 08:38:38.502075,2025-05-05 08:38:38.502075,distribution_media_history,hg_stock,distribution_media_history_20260822_080123,2026-08-22 08:01:40.05814
38777cad-f8d3-43a0-b9fe-45c0dde3500d,6dd5a5ff-a62d-43d1-af2f-819e5904097f,t,f,1,7,"","","0b5fd67b-6dbc-468f-9fd9-871c24314e4c,0dca4ce1-f595-42fa-bde9-988b7de6051c,211db165-a4e5-46fa-ae35-b3ce4970f396,4b130012-bca4-48d9-b677-a3bbac756669,52cea1c3-a193-411f-adb4-a6fbffe220eb,7657821d-0928-4099-92a1-2146097c66b0,db869e71-ba93-441b-a264-32c62f017853","","",f,,fcad2f27-15fe-4ba3-bf35-ddf73b35dd59,fcad2f27-15fe-4ba3-bf35-ddf73b35dd59,,2025-05-05 08:37:53.121344,2025-05-05 08:37:53.121344,distribution_media_history,hg_stock,distribution_media_history_20260822_080123,2026-08-22 08:01:40.05814
3877d85c-2183-4031-91e7-513cbf52903d,f81ee153-5abe-41f1-aef8-0dbffb5db6b6,f,f,1,45,"","",ef0e70d4-93be-4dbc-a8f4-a2c0ab59b014,"","",f,"",229dc6f0-0c2f-42cc-8d32-7c3397e96194,229dc6f0-0c2f-42cc-8d32-7c3397e96194,,2025-11-24 10:23:44.802217,2025-11-24 10:23:44.802217,distribution_media_history,hg_stock,distribution_media_history_20260822_080123,2026-08-22 08:01:40.05814
387782f3-80a4-4d58-8eb0-6d0c1c79e2a4,3f9a3be4-a03e-4227-ae1f-1ce62ccb7fc3,t,f,1,7,"","","15b9cfe7-85ee-4d5c-910a-8dd18e3c08a8,211db165-a4e5-46fa-ae35-b3ce4970f396,270551e0-15db-4b4a-8bed-b0a9a3a44dff,4b130012-bca4-48d9-b677-a3bbac756669,5026b271-3ca4-475e-b42b-ecaef67294c8,52cea1c3-a193-411f-adb4-a6fbffe220eb,629885eb-65c4-4921-a300-3c618c8961e3,7657821d-0928-4099-92a1-2146097c66b0,7ad7d9b9-4600-4db5-a3a8-e7c243499008,ba826125-ec02-4f09-b0d4-9e4aeeb11c0a,db869e71-ba93-441b-a264-32c62f017853,df42ed2a-f2da-49a1-a4ea-36e358b59bee,fcdd5322-049e-4b50-aecf-593d36d18b8f","","",f,,,,,2025-05-05 08:36:56.498175,2025-05-05 08:36:56.498175,distribution_media_history,hg_stock,distribution_media_history_20260822_080123,2026-08-22 08:01:40.05814
38778381-84df-4b53-9d56-ba1386a727e7,70317fe2-0e6d-49b5-b365-eed5534ef33b,t,f,1,7,"","","","","04cee13a-69b0-41f1-b39c-889f9bd82938,17f48f51-7f38-41b0-a897-21f240726378,189d5957-a376-4804-9ac9-d3ac913f29b2,22c49afc-02e4-47e8-a4ab-9f0c0546ea68,3084841c-a70b-40d9-9edb-7aa498a50dc1,36298fa0-1ce7-4bae-8c41-db0a98d0341a,396221b9-cdc5-45b2-a79f-2d6de550fda9,3ee41b7a-96b5-4ab9-901b-3e0866188b6d,404f9125-d4c4-4da9-ad88-f829bb17ba62,489f9411-5f7e-4301-814a-60567e4e3e30,59113c8d-b24b-43e2-96f3-1eb18e9020bc,66cd6c10-7895-4502-937a-583c0d9ab692,6fccedd4-9c2a-4b13-a908-32363d8ab09d,7f65daf7-a4b7-4c1d-9b27-95a3e2321af0,7ffdacef-5d02-4aa8-b3d3-84c85d823164,82ce273c-9538-45d9-bc55-81d4406d2896,83546f70-3b79-4803-a00d-d4d620662403,84a48d11-c91a-4704-984d-487c05e520f8,8664aefc-082d-45bf-997c-d7924cdc450f,8b53e647-7506-4329-8541-838a25dc90b3,980be853-40ae-403e-9dfb-e5a0644a55da,988558f8-ab30-4768-aed0-ddcc6cb6b630,a45aa42c-5285-4ac5-8fe7-a51fbd5e1447,aa6908d1-4b4a-4472-8767-934000773385,afe4ba65-c5e3-4bbb-9e23-6ccb370dc871,b5793a82-9df0-404c-b478-a81c03ae4e6c,bd408cb0-2cde-4b1a-b556-8da94c325e1c,c0cc4ed9-8760-4184-b93c-e698dfb46246,c6f97750-2e14-4bb0-8d48-6d7b75af9afb,cbc183a5-8bbf-4ef0-988c-7b542efb0f71,d369fc61-1571-40e8-961b-70044ea493c5,de206049-f16b-4735-bac3-6af89517d5f6,e07abf1a-e63a-4a79-8ed5-11dbd5b7268c,e08f3c2d-0236-4fd0-8b86-d978d047ef93,e5a984fb-9511-483f-9ca8-2624f19dffac,ed0b4e25-e812-41ba-b50b-6963218c597f,ed44140b-5cc4-4d47-8ad1-afdb356aa44b,eee97771-c2ef-426b-8c92-fde92d29fa00,f335762b-0da1-428e-87a0-bec2dfa6b557,f475b91f-4997-46e8-9c30-f89c24d0a3bf,f601dbeb-2cae-4c86-9924-ce54abb0c3fb,fa2d090f-99ed-4048-bc02-56e323844e79,fad1e7bc-99f8-4821-beff-abd4694d5006,fd42dc28-9ff0-4379-8e65-fbca6f35de60,feb6927d-ee9b-40fc-8897-54a2bef67493",f,,3a9ff8c5-8923-4d19-a09e-2c8d79cc7c6f,3a9ff8c5-8923-4d19-a09e-2c8d79cc7c6f,,2025-06-25 07:00:05.372512,2025-06-25 07:00:05.372512,distribution_media_history,hg_stock,distribution_media_history_20260822_080123,2026-08-22 08:01:40.05814
387784d5-d14b-4d9f-9d51-763169db908e,7de716c9-2e93-4b35-97fb-cdf8453e48fb,f,f,0,7,"","","",af13f5cc-6b51-4949-ad6c-1786c27eaa3d,"",f,,ed8e0c83-aaec-49eb-8379-90f06bb587ed,ed8e0c83-aaec-49eb-8379-90f06bb587ed,,2025-06-17 09:09:58.826092,2025-06-17 09:09:58.826092,distribution_media_history,hg_stock,distribution_media_history_20260822_080123,2026-08-22 08:01:40.05814
3877a5cb-8a9a-457f-8509-4991545ae369,a297cf0f-46f0-4a99-b86d-320cd71f707f,f,t,1,7,"","","","","004bf2b9-4e3e-450c-9e9e-a98dec085ee3,096ae324-3208-4953-a112-ccc7f37a6576,0bf5100e-e996-4374-929a-6275549f233c,15a40513-8153-47fe-96b6-1dc42c39d058,20c6ca1d-5549-4106-ae5a-c5559c89782f,2a121c2c-b968-4e25-9889-eb2c78ed57b8,2ef56f98-731a-4553-9361-9deb62fe2cf9,407bc70e-3bdf-41df-91ca-eede3ab180fa,4f7972d1-583a-49f1-ad91-669c07903a60,53be8688-75e1-4e9f-9f60-740ec304ebfd,5b0d5219-9568-4c87-9798-de1f864d785d,5df9e264-241e-48b1-bfea-d35d181c45f3,6095cad8-aaab-4cb1-930d-337be4332d18,6383438a-4e28-4d6f-8077-687a587a16df,692216ae-3a8c-4edd-8f92-da5d114657a0,7b2a4477-592c-4882-8b6c-0474e4cde144,881cdd99-9d63-48dd-8a82-85bf82329b1a,8b19d439-4c93-4795-8b5d-e4a7d4194005,8b29f090-5983-4283-9558-f715cbdd1788,91465849-df40-484e-b3da-82b46c914a85,924f702f-e7ee-44e0-a58e-b02f13dce3d7,94abd8c7-87d0-4c2a-8a30-95b374bf06d5,af7d57d6-b088-4d4a-be38-990304582184,b19b6cdb-156f-4272-acea-3eacdb268b20,c2bfe9ec-ff29-4864-8bd7-8a968c289ca1,c3f79638-317a-43d7-bcb9-5c4357626495,c4faffbd-1dcd-47dd-a8eb-6094cb990a46,c9521f66-ce34-4f08-a9ce-88cb93959b5c,ccf0bde0-1de9-4a65-9cca-56dc44c05f9b,d255ab87-88a7-4f84-928e-4255c7923e24,d28f3ad2-5fc5-4f10-ba20-f60e6fef4eeb,d594ab95-96d0-4236-9402-6734f8454d2a,da4aefa8-d1ae-4211-9e13-6e9ac637bebb,dc27250f-27f6-44bb-8a8e-5ff65ca1a00b,e0e62185-3ac9-4e04-8ab6-7e86b21c4d24,e30e3a8f-a4e3-4d31-ba7c-10f28dcf8832,e76fb823-9fdd-4ca7-b6a8-e9dae39ee335,e77d0ebf-cac4-4313-bf15-4a98e62ea1f5,e7955a46-20b0-440d-a32f-c6975e63c767,ee328fa5-9ea8-408b-9953-2f44ff31e1af,f20ebac1-9b03-4adc-9601-e0b98dad0908,f70c593b-19b8-45ce-86f2-65325b86ebcc",f,,a61e2437-628b-43e7-a32c-f948290dbba9,a61e2437-628b-43e7-a32c-f948290dbba9,,2025-07-25 04:28:09.346801,2025-07-25 04:28:09.346801,distribution_media_history,hg_stock,distribution_media_history_20260822_080123,2026-08-22 08:01:40.05814
3877ac75-eb36-4d3d-8505-50366c5a2257,bd7a7cd9-675a-4f80-95b7-7ba915228fb5,f,f,1,14,"","05ca09d8-a09a-4f57-97f4-cd44909d60c2,0fca0392-730d-4d3e-8f69-7bdd29124d1c,2332c3df-4e73-4fef-8937-582b2af3f71a,23ee2e9e-0b7f-4d66-a359-286dbe391f0c,2cdf599f-5c56-4d01-a980-ea9d3221fa24,33598a6f-ee6d-4e9d-978d-77a170731d49,48cd3c28-eaec-4e2d-ab2e-1e4c7bcf87c1,63e0d2c4-8d94-4654-82d0-caae7ee3c524,648c76cb-4cf8-40f6-b144-6cfdabe88701,840a485c-fe90-4433-a687-445a361c5545,97667a27-3ff1-45d8-8612-f3bef52610b6,b22aeee3-7b08-4e9a-8114-086a9f2a18bf,b9d5d11a-3483-4217-a175-abf5da99619b,cc88a7d2-7019-4cfc-a840-acf317361f99,cfdc0e36-0957-4a33-949c-9ba85abc8e1e,d96bea47-a199-4419-95fb-ec1606827b45","","","",f,"",c47f3399-05a0-4073-8685-89972808f783,c47f3399-05a0-4073-8685-89972808f783,,2026-04-08 09:07:00.876629,2026-04-08 09:07:00.876629,distribution_media_history,hg_stock,distribution_media_history_20260822_080123,2026-08-22 08:01:40.05814
3877c416-8c5c-41a7-a30c-05111486aa46,f1b40485-c74e-438f-b8cd-d29b19e8cef0,t,f,1,7,"","","","","04cee13a-69b0-41f1-b39c-889f9bd82938,17f48f51-7f38-41b0-a897-21f240726378,189d5957-a376-4804-9ac9-d3ac913f29b2,22c49afc-02e4-47e8-a4ab-9f0c0546ea68,3084841c-a70b-40d9-9edb-7aa498a50dc1,36298fa0-1ce7-4bae-8c41-db0a98d0341a,396221b9-cdc5-45b2-a79f-2d6de550fda9,3ee41b7a-96b5-4ab9-901b-3e0866188b6d,404f9125-d4c4-4da9-ad88-f829bb17ba62,489f9411-5f7e-4301-814a-60567e4e3e30,59113c8d-b24b-43e2-96f3-1eb18e9020bc,5c1b1d8f-d4a9-4a22-934a-43831e85d1e4,66cd6c10-7895-4502-937a-583c0d9ab692,7f65daf7-a4b7-4c1d-9b27-95a3e2321af0,7ffdacef-5d02-4aa8-b3d3-84c85d823164,83546f70-3b79-4803-a00d-d4d620662403,84a48d11-c91a-4704-984d-487c05e520f8,8664aefc-082d-45bf-997c-d7924cdc450f,8b53e647-7506-4329-8541-838a25dc90b3,988558f8-ab30-4768-aed0-ddcc6cb6b630,9f332297-3b6b-4a98-bcd8-bc8da41105dd,a45aa42c-5285-4ac5-8fe7-a51fbd5e1447,aa6908d1-4b4a-4472-8767-934000773385,b5793a82-9df0-404c-b478-a81c03ae4e6c,b5a513f2-8d65-4512-90c0-7fa3c7311a61,b7f0a1f8-0078-4361-a39c-609cbc0fa09c,bd408cb0-2cde-4b1a-b556-8da94c325e1c,c0cc4ed9-8760-4184-b93c-e698dfb46246,c4b978df-9107-4eb9-a678-e621c83f0e48,c6f97750-2e14-4bb0-8d48-6d7b75af9afb,d369fc61-1571-40e8-961b-70044ea493c5,de206049-f16b-4735-bac3-6af89517d5f6,e08f3c2d-0236-4fd0-8b86-d978d047ef93,ed0b4e25-e812-41ba-b50b-6963218c597f,ed44140b-5cc4-4d47-8ad1-afdb356aa44b,f335762b-0da1-428e-87a0-bec2dfa6b557,f475b91f-4997-46e8-9c30-f89c24d0a3bf,f601dbeb-2cae-4c86-9924-ce54abb0c3fb,fad1e7bc-99f8-4821-beff-abd4694d5006,feb6927d-ee9b-40fc-8897-54a2bef67493",f,"",3a9ff8c5-8923-4d19-a09e-2c8d79cc7c6f,3a9ff8c5-8923-4d19-a09e-2c8d79cc7c6f,,2025-08-09 08:10:33.858853,2025-08-09 08:10:33.858853,distribution_media_history,hg_stock,distribution_media_history_20260822_080123,2026-08-22 08:01:40.05814
3877cc50-60a0-4bb6-a0d1-b14466ae98b7,ae601b28-6d20-492f-8f2b-433224554840,f,t,1,7,"",6011e2db-5799-4094-8ed7-ae9feaae94f0,"","","",f,,3a67bc3d-1077-4be0-9f5a-846a08f8c71b,3a67bc3d-1077-4be0-9f5a-846a08f8c71b,,2025-05-12 08:55:44.255221,2025-05-12 08:55:44.255221,distribution_media_history,hg_stock,distribution_media_history_20260822_080123,2026-08-22 08:01:40.05814
3877dfd3-4b33-478a-876d-31249fbe8d43,ba319900-efc0-42a9-9960-f41850a0862f,t,f,1,7,"","","52cea1c3-a193-411f-adb4-a6fbffe220eb,7b56a13f-aff1-4987-89fa-3df97114f8a6","","",f,"",94ed467c-ceec-437f-aed7-3317cd4fe1ae,94ed467c-ceec-437f-aed7-3317cd4fe1ae,,2025-10-15 03:22:47.305025,2025-10-15 03:22:47.305025,distribution_media_history,hg_stock,distribution_media_history_20260822_080123,2026-08-22 08:01:40.05814
3877e3e2-5b55-4d5b-b59a-9074209723fd,751a55a4-c368-423d-af8e-29b6c879ab91,f,t,1,-1,"","","","","",f,eb196234-2684-494b-b1ce-5fb10d70cfc9,3a9ff8c5-8923-4d19-a09e-2c8d79cc7c6f,3a9ff8c5-8923-4d19-a09e-2c8d79cc7c6f,,2026-02-11 01:53:48.111011,2026-02-11 01:53:48.111011,distribution_media_history,hg_stock,distribution_media_history_20260822_080123,2026-08-22 08:01:40.05814
3877e53d-41c2-413e-9333-0103992b7f4c,86787688-4961-49ed-81d8-84f814d59ca7,t,f,1,14,"","","025355b0-25e4-4224-a2e8-0166b96d97c2,52cea1c3-a193-411f-adb4-a6fbffe220eb","","",f,"",25e2a43a-9a51-4a2c-8785-5a554e78d972,25e2a43a-9a51-4a2c-8785-5a554e78d972,,2025-11-13 11:54:23.730282,2025-11-13 11:54:23.730282,distribution_media_history,hg_stock,distribution_media_history_20260822_080123,2026-08-22 08:01:40.05814
3877ec4c-b62a-4357-8489-277aa2255730,4d750818-444c-46e3-bb34-7402e893361a,f,t,1,7,"","","","","",f,370ba103-14d6-48cb-8818-cb762691aa09,8eb76110-0ef5-4141-9aac-afd43ababc02,8eb76110-0ef5-4141-9aac-afd43ababc02,,2025-11-28 03:38:15.530395,2025-11-28 03:38:15.530395,distribution_media_history,hg_stock,distribution_media_history_20260822_080123,2026-08-22 08:01:40.05814
38780441-7e10-4e95-b7cd-6a3f2bd8236c,df609580-8a17-4023-9606-134a24a62f6c,f,t,1,7,"","",f7518a4f-31cf-4274-9dec-a7d57ef00a5e,"","",f,,3a9ff8c5-8923-4d19-a09e-2c8d79cc7c6f,3a9ff8c5-8923-4d19-a09e-2c8d79cc7c6f,,2025-06-03 03:13:17.46588,2025-06-03 03:13:17.46588,distribution_media_history,hg_stock,distribution_media_history_20260822_080123,2026-08-22 08:01:40.05814
3878067a-edcd-4a18-ae08-0fc7acd7e55c,de671bcf-89ad-4a66-accc-fd28bfab6874,f,t,1,7,"",1b21dc70-c6bc-448a-8935-0d35ce0ecdbd,"","","",f,,97ee41e4-8f90-4991-8d67-df26d970bf62,97ee41e4-8f90-4991-8d67-df26d970bf62,,2025-05-08 04:38:43.59313,2025-05-08 04:38:43.59313,distribution_media_history,hg_stock,distribution_media_history_20260822_080123,2026-08-22 08:01:40.05814
387806ca-0b01-47d6-ac7d-dd5d372d509e,52fbd4e6-1c5e-4fde-8b34-c59aa295f159,f,f,1,45,"","",bdd9d4f3-6a59-4a34-8087-8b6c644ced64,"","",f,"",229dc6f0-0c2f-42cc-8d32-7c3397e96194,229dc6f0-0c2f-42cc-8d32-7c3397e96194,,2025-11-07 02:29:39.279184,2025-11-07 02:29:39.279184,distribution_media_history,hg_stock,distribution_media_history_20260822_080123,2026-08-22 08:01:40.05814
387806dd-c1ed-4652-9bf4-279a0a571e24,028d591e-7b36-4bd3-9ee6-ad0aacd4264f,f,f,1,7,"","","","","",f,bb281f30-a98b-4ee3-b04b-317ae9af5dff,3a9ff8c5-8923-4d19-a09e-2c8d79cc7c6f,3a9ff8c5-8923-4d19-a09e-2c8d79cc7c6f,,2025-12-05 03:52:53.882658,2025-12-05 03:52:53.882658,distribution_media_history,hg_stock,distribution_media_history_20260822_080123,2026-08-22 08:01:40.05814
38781f55-0a6a-4d47-9dc5-480842d45fc3,f601eb1d-e6b9-4be6-9e42-e69b537ddac7,t,f,1,7,"","","","","04cee13a-69b0-41f1-b39c-889f9bd82938,17f48f51-7f38-41b0-a897-21f240726378,189d5957-a376-4804-9ac9-d3ac913f29b2,22c49afc-02e4-47e8-a4ab-9f0c0546ea68,3084841c-a70b-40d9-9edb-7aa498a50dc1,36298fa0-1ce7-4bae-8c41-db0a98d0341a,396221b9-cdc5-45b2-a79f-2d6de550fda9,3ee41b7a-96b5-4ab9-901b-3e0866188b6d,404f9125-d4c4-4da9-ad88-f829bb17ba62,489f9411-5f7e-4301-814a-60567e4e3e30,59113c8d-b24b-43e2-96f3-1eb18e9020bc,5c1b1d8f-d4a9-4a22-934a-43831e85d1e4,66cd6c10-7895-4502-937a-583c0d9ab692,6fccedd4-9c2a-4b13-a908-32363d8ab09d,7f65daf7-a4b7-4c1d-9b27-95a3e2321af0,7ffdacef-5d02-4aa8-b3d3-84c85d823164,82ce273c-9538-45d9-bc55-81d4406d2896,83546f70-3b79-4803-a00d-d4d620662403,84a48d11-c91a-4704-984d-487c05e520f8,8664aefc-082d-45bf-997c-d7924cdc450f,8b53e647-7506-4329-8541-838a25dc90b3,93ab8008-587a-4a00-a78b-1ea011796b10,96fdf1dd-c29d-48c0-9942-b89777d4f662,980be853-40ae-403e-9dfb-e5a0644a55da,988558f8-ab30-4768-aed0-ddcc6cb6b630,a45aa42c-5285-4ac5-8fe7-a51fbd5e1447,aa6908d1-4b4a-4472-8767-934000773385,afe4ba65-c5e3-4bbb-9e23-6ccb370dc871,b5793a82-9df0-404c-b478-a81c03ae4e6c,bd408cb0-2cde-4b1a-b556-8da94c325e1c,c0cc4ed9-8760-4184-b93c-e698dfb46246,c6f97750-2e14-4bb0-8d48-6d7b75af9afb,cbc183a5-8bbf-4ef0-988c-7b542efb0f71,d369fc61-1571-40e8-961b-70044ea493c5,de206049-f16b-4735-bac3-6af89517d5f6,e07abf1a-e63a-4a79-8ed5-11dbd5b7268c,e08f3c2d-0236-4fd0-8b86-d978d047ef93,e5a984fb-9511-483f-9ca8-2624f19dffac,ed0b4e25-e812-41ba-b50b-6963218c597f,ed44140b-5cc4-4d47-8ad1-afdb356aa44b,eee97771-c2ef-426b-8c92-fde92d29fa00,f335762b-0da1-428e-87a0-bec2dfa6b557,f475b91f-4997-46e8-9c30-f89c24d0a3bf,f601dbeb-2cae-4c86-9924-ce54abb0c3fb,fa2d090f-99ed-4048-bc02-56e323844e79,fad1e7bc-99f8-4821-beff-abd4694d5006,fd42dc28-9ff0-4379-8e65-fbca6f35de60,feb6927d-ee9b-40fc-8897-54a2bef67493",f,,3a9ff8c5-8923-4d19-a09e-2c8d79cc7c6f,3a9ff8c5-8923-4d19-a09e-2c8d79cc7c6f,,2025-07-23 08:20:06.041702,2025-07-23 08:20:06.041702,distribution_media_history,hg_stock,distribution_media_history_20260822_080123,2026-08-22 08:01:40.05814
387835f0-ec4c-4116-9397-cd058c28768d,2d1421b3-dd99-4e34-99ac-2f572988f60a,f,t,1,7,"","","","","8d4c71a2-1441-49d2-b14d-a35b21620ac2,e86c043e-7cef-418e-b148-8b1e89211f30,e04fae25-e4c3-4f4d-9d5c-d19bd7d0ecf5,60a9a846-b417-49d7-9427-c8ec1c7a3da8,82765a10-75aa-48a7-8105-1de60aaee953,000b46f0-ef71-49e3-9368-7e53da2ac2c1,9e3bf329-f6e8-4ee4-8532-41b9887c99fc,0e9ac747-2549-4974-bf10-36762e2bf4b0,d8df1fe2-060e-43cc-9ed4-8a41ab2d5561,4c0cbfd7-86ea-4793-af3c-b80645310be9",f,,3a9ff8c5-8923-4d19-a09e-2c8d79cc7c6f,3a9ff8c5-8923-4d19-a09e-2c8d79cc7c6f,,2025-05-30 06:57:16.989143,2025-05-30 06:57:16.989143,distribution_media_history,hg_stock,distribution_media_history_20260822_080123,2026-08-22 08:01:40.05814
38798122-3970-4153-a6bc-f25d0ab9333d,6f35889e-cc30-4d39-bb96-19a99c3263e8,t,f,1,7,"","","","","",f,1cdbc000-1c24-485c-8e71-fb91a4d5fcb6,3a9ff8c5-8923-4d19-a09e-2c8d79cc7c6f,3a9ff8c5-8923-4d19-a09e-2c8d79cc7c6f,,2025-10-13 07:56:19.395397,2025-10-13 07:56:19.395397,distribution_media_history,hg_stock,distribution_media_history_20260822_080123,2026-08-22 08:01:40.05814
38798557-7e36-4c06-9140-54e64848a8fe,e9cc7bcc-1650-48d8-9159-e7edc5edf278,f,f,1,7,"","","48a1af96-5a7d-40d9-8ebe-4e3655f14e4b,64362801-3c17-4e99-b10a-bc7a8dc10c14,854cae12-c88d-4bb4-85cf-4ed044d8e963,be3902b4-f926-4850-ba31-f18b178b9d39,f30dad8c-85eb-43c2-a375-5d3fe9ff31ce,f5a4dab5-df91-4776-9a1f-1c2e1ed7ce8b","","",f,,,,,2025-05-05 08:40:25.731154,2025-05-05 08:40:25.731154,distribution_media_history,hg_stock,distribution_media_history_20260822_080123,2026-08-22 08:01:40.05814
387aafef-6c9d-41e2-a533-b04ee48f5e04,bb2afc37-19ab-4057-bd87-dd8274be7949,f,f,1,7,"","","","","",f,596f7ca8-2d99-4c28-b94f-2372866a3dae,ae786cf3-a6b6-4a7d-9ea0-ead631615e0c,ae786cf3-a6b6-4a7d-9ea0-ead631615e0c,,2025-12-25 05:00:04.006489,2025-12-25 05:00:04.006489,distribution_media_history,hg_stock,distribution_media_history_20260822_080123,2026-08-22 08:01:40.05814
387ab17a-edaa-4015-89ca-cef28489d350,28e0e1f5-ce39-4cba-ab92-efc933d21298,f,f,1,7,"","","0749da15-f004-4cad-8a3f-26ebdf77e84c,211db165-a4e5-46fa-ae35-b3ce4970f396,de0102b9-50f9-41fa-992a-06ae9eb82724","","",f,,ed8e0c83-aaec-49eb-8379-90f06bb587ed,ed8e0c83-aaec-49eb-8379-90f06bb587ed,,2025-05-05 08:36:37.736686,2025-05-05 08:36:37.736686,distribution_media_history,hg_stock,distribution_media_history_20260822_080123,2026-08-22 08:01:40.05814
38783633-ae5d-463b-8e8c-7efb0967d0c2,f57a664b-d198-4e28-a91f-d38ca8395148,t,f,1,7,"","","","","04cee13a-69b0-41f1-b39c-889f9bd82938,17f48f51-7f38-41b0-a897-21f240726378,189d5957-a376-4804-9ac9-d3ac913f29b2,22c49afc-02e4-47e8-a4ab-9f0c0546ea68,3084841c-a70b-40d9-9edb-7aa498a50dc1,36298fa0-1ce7-4bae-8c41-db0a98d0341a,396221b9-cdc5-45b2-a79f-2d6de550fda9,3ee41b7a-96b5-4ab9-901b-3e0866188b6d,404f9125-d4c4-4da9-ad88-f829bb17ba62,489f9411-5f7e-4301-814a-60567e4e3e30,59113c8d-b24b-43e2-96f3-1eb18e9020bc,66cd6c10-7895-4502-937a-583c0d9ab692,6fccedd4-9c2a-4b13-a908-32363d8ab09d,7f65daf7-a4b7-4c1d-9b27-95a3e2321af0,7ffdacef-5d02-4aa8-b3d3-84c85d823164,82ce273c-9538-45d9-bc55-81d4406d2896,83546f70-3b79-4803-a00d-d4d620662403,84a48d11-c91a-4704-984d-487c05e520f8,8664aefc-082d-45bf-997c-d7924cdc450f,8b53e647-7506-4329-8541-838a25dc90b3,93ab8008-587a-4a00-a78b-1ea011796b10,96fdf1dd-c29d-48c0-9942-b89777d4f662,980be853-40ae-403e-9dfb-e5a0644a55da,988558f8-ab30-4768-aed0-ddcc6cb6b630,a45aa42c-5285-4ac5-8fe7-a51fbd5e1447,aa6908d1-4b4a-4472-8767-934000773385,afe4ba65-c5e3-4bbb-9e23-6ccb370dc871,b5793a82-9df0-404c-b478-a81c03ae4e6c,bd408cb0-2cde-4b1a-b556-8da94c325e1c,c0cc4ed9-8760-4184-b93c-e698dfb46246,c6f97750-2e14-4bb0-8d48-6d7b75af9afb,cbc183a5-8bbf-4ef0-988c-7b542efb0f71,d369fc61-1571-40e8-961b-70044ea493c5,de206049-f16b-4735-bac3-6af89517d5f6,e07abf1a-e63a-4a79-8ed5-11dbd5b7268c,e08f3c2d-0236-4fd0-8b86-d978d047ef93,e5a984fb-9511-483f-9ca8-2624f19dffac,ed0b4e25-e812-41ba-b50b-6963218c597f,ed44140b-5cc4-4d47-8ad1-afdb356aa44b,eee97771-c2ef-426b-8c92-fde92d29fa00,f335762b-0da1-428e-87a0-bec2dfa6b557,f475b91f-4997-46e8-9c30-f89c24d0a3bf,f601dbeb-2cae-4c86-9924-ce54abb0c3fb,fa2d090f-99ed-4048-bc02-56e323844e79,fad1e7bc-99f8-4821-beff-abd4694d5006,fd42dc28-9ff0-4379-8e65-fbca6f35de60,feb6927d-ee9b-40fc-8897-54a2bef67493",f,,3a9ff8c5-8923-4d19-a09e-2c8d79cc7c6f,3a9ff8c5-8923-4d19-a09e-2c8d79cc7c6f,,2025-07-18 07:55:08.180256,2025-07-18 07:55:08.180256,distribution_media_history,hg_stock,distribution_media_history_20260822_080123,2026-08-22 08:01:40.05814
38783bf5-f5b6-4573-93ac-aa98eb0fc1ff,c0604656-0baa-440b-a41e-93df9838beae,f,f,1,7,"","",48a1af96-5a7d-40d9-8ebe-4e3655f14e4b,"","",f,,,,,2025-05-05 08:39:42.975753,2025-05-05 08:39:42.975753,distribution_media_history,hg_stock,distribution_media_history_20260822_080123,2026-08-22 08:01:40.05814
38783cb3-bd10-415f-89b5-830167c1fa00,96d42c2f-e282-4fe5-a0b3-40f75c3769ab,t,f,1,-1,"","","","","",f,40426437-1700-4d15-9c77-20ae094b2d3c,9a1fc915-e747-4aa4-a786-19c67cd5ea2e,9a1fc915-e747-4aa4-a786-19c67cd5ea2e,,2026-02-12 07:44:15.346952,2026-02-12 07:44:15.346952,distribution_media_history,hg_stock,distribution_media_history_20260822_080123,2026-08-22 08:01:40.05814
387851d9-489d-415c-9c6e-108f8be88ba1,c1eea5e2-965d-4797-be4f-dc4a3681f242,f,f,1,7,"","",79c21f64-bccf-409c-a2f4-68a86433c78c,"","",f,"",229dc6f0-0c2f-42cc-8d32-7c3397e96194,229dc6f0-0c2f-42cc-8d32-7c3397e96194,,2025-10-30 02:55:46.45102,2025-10-30 02:55:46.45102,distribution_media_history,hg_stock,distribution_media_history_20260822_080123,2026-08-22 08:01:40.05814
38785351-e1b4-428e-8829-9710d9c50c81,be0d3433-7903-4108-954a-ed61b44aea78,f,f,1,-1,ae0b1e4f-25ee-477b-9b8f-d8e66f1c1b95,"","",87126131-51a3-46a3-b4ac-2ec2cce25711,"",f,"",229dc6f0-0c2f-42cc-8d32-7c3397e96194,229dc6f0-0c2f-42cc-8d32-7c3397e96194,,2026-04-20 11:02:46.948028,2026-04-20 11:02:46.948028,distribution_media_history,hg_stock,distribution_media_history_20260822_080123,2026-08-22 08:01:40.05814
38785375-2297-4d6a-8842-52958da3d654,a60e675b-c3f4-4559-8175-f28900071932,t,f,1,7,"","","15b9cfe7-85ee-4d5c-910a-8dd18e3c08a8,211db165-a4e5-46fa-ae35-b3ce4970f396,270551e0-15db-4b4a-8bed-b0a9a3a44dff,469f562c-a07c-4e5e-9294-ca2b7f3e96c5,4b130012-bca4-48d9-b677-a3bbac756669,5026b271-3ca4-475e-b42b-ecaef67294c8,52cea1c3-a193-411f-adb4-a6fbffe220eb,629885eb-65c4-4921-a300-3c618c8961e3,7657821d-0928-4099-92a1-2146097c66b0,7ad7d9b9-4600-4db5-a3a8-e7c243499008,ba826125-ec02-4f09-b0d4-9e4aeeb11c0a,db869e71-ba93-441b-a264-32c62f017853,df42ed2a-f2da-49a1-a4ea-36e358b59bee,fcdd5322-049e-4b50-aecf-593d36d18b8f","","",f,,,,,2025-05-05 08:39:16.080085,2025-05-05 08:39:16.080085,distribution_media_history,hg_stock,distribution_media_history_20260822_080123,2026-08-22 08:01:40.05814
38785839-f124-446c-a5af-39df314e7f31,ca44fd79-09eb-4a94-902e-7eccf62dda82,t,t,1,7,"","","","","04cee13a-69b0-41f1-b39c-889f9bd82938,17f48f51-7f38-41b0-a897-21f240726378,189d5957-a376-4804-9ac9-d3ac913f29b2,22c49afc-02e4-47e8-a4ab-9f0c0546ea68,3084841c-a70b-40d9-9edb-7aa498a50dc1,36298fa0-1ce7-4bae-8c41-db0a98d0341a,396221b9-cdc5-45b2-a79f-2d6de550fda9,3ee41b7a-96b5-4ab9-901b-3e0866188b6d,404f9125-d4c4-4da9-ad88-f829bb17ba62,489f9411-5f7e-4301-814a-60567e4e3e30,59113c8d-b24b-43e2-96f3-1eb18e9020bc,66cd6c10-7895-4502-937a-583c0d9ab692,6fccedd4-9c2a-4b13-a908-32363d8ab09d,7f65daf7-a4b7-4c1d-9b27-95a3e2321af0,7ffdacef-5d02-4aa8-b3d3-84c85d823164,82ce273c-9538-45d9-bc55-81d4406d2896,83546f70-3b79-4803-a00d-d4d620662403,84a48d11-c91a-4704-984d-487c05e520f8,8664aefc-082d-45bf-997c-d7924cdc450f,8b53e647-7506-4329-8541-838a25dc90b3,980be853-40ae-403e-9dfb-e5a0644a55da,988558f8-ab30-4768-aed0-ddcc6cb6b630,a45aa42c-5285-4ac5-8fe7-a51fbd5e1447,aa6908d1-4b4a-4472-8767-934000773385,afe4ba65-c5e3-4bbb-9e23-6ccb370dc871,b5793a82-9df0-404c-b478-a81c03ae4e6c,bd408cb0-2cde-4b1a-b556-8da94c325e1c,c0cc4ed9-8760-4184-b93c-e698dfb46246,c6f97750-2e14-4bb0-8d48-6d7b75af9afb,cbc183a5-8bbf-4ef0-988c-7b542efb0f71,d369fc61-1571-40e8-961b-70044ea493c5,de206049-f16b-4735-bac3-6af89517d5f6,e07abf1a-e63a-4a79-8ed5-11dbd5b7268c,e08f3c2d-0236-4fd0-8b86-d978d047ef93,e5a984fb-9511-483f-9ca8-2624f19dffac,ed0b4e25-e812-41ba-b50b-6963218c597f,ed44140b-5cc4-4d47-8ad1-afdb356aa44b,eee97771-c2ef-426b-8c92-fde92d29fa00,f335762b-0da1-428e-87a0-bec2dfa6b557,f475b91f-4997-46e8-9c30-f89c24d0a3bf,f601dbeb-2cae-4c86-9924-ce54abb0c3fb,fa2d090f-99ed-4048-bc02-56e323844e79,fad1e7bc-99f8-4821-beff-abd4694d5006,fd42dc28-9ff0-4379-8e65-fbca6f35de60,feb6927d-ee9b-40fc-8897-54a2bef67493",f,,3a9ff8c5-8923-4d19-a09e-2c8d79cc7c6f,3a9ff8c5-8923-4d19-a09e-2c8d79cc7c6f,,2025-06-25 07:00:05.369347,2025-06-25 07:00:05.369347,distribution_media_history,hg_stock,distribution_media_history_20260822_080123,2026-08-22 08:01:40.05814
387872c2-246d-4bd1-a6b0-d09510f9d70c,6653dc67-d42c-43ee-8fc8-8196bd3b6b68,f,t,1,7,"",6011e2db-5799-4094-8ed7-ae9feaae94f0,"","","",f,,08ff8bf8-5bbe-4975-a42e-12774c1d1c18,08ff8bf8-5bbe-4975-a42e-12774c1d1c18,,2025-05-13 02:48:01.479353,2025-05-13 02:48:01.479353,distribution_media_history,hg_stock,distribution_media_history_20260822_080123,2026-08-22 08:01:40.05814
387873a1-120f-4668-ba5f-8475e21cd823,4c4ba9fe-24b7-4662-929c-dbb0faf300fc,t,f,1,7,"","","15b9cfe7-85ee-4d5c-910a-8dd18e3c08a8,211db165-a4e5-46fa-ae35-b3ce4970f396,270551e0-15db-4b4a-8bed-b0a9a3a44dff,4b130012-bca4-48d9-b677-a3bbac756669,5026b271-3ca4-475e-b42b-ecaef67294c8,52cea1c3-a193-411f-adb4-a6fbffe220eb,629885eb-65c4-4921-a300-3c618c8961e3,7657821d-0928-4099-92a1-2146097c66b0,7ad7d9b9-4600-4db5-a3a8-e7c243499008,ba826125-ec02-4f09-b0d4-9e4aeeb11c0a,db869e71-ba93-441b-a264-32c62f017853,df42ed2a-f2da-49a1-a4ea-36e358b59bee,fcdd5322-049e-4b50-aecf-593d36d18b8f","","",f,,,,,2025-05-05 08:37:09.093312,2025-05-05 08:37:09.093312,distribution_media_history,hg_stock,distribution_media_history_20260822_080123,2026-08-22 08:01:40.05814
38787a93-b21b-4dd3-901a-100b8ed566b3,79dd7e6c-bf7b-44b8-9d61-81ac1178bd3d,f,f,1,7,"",fceea347-7b7d-4bfa-98d4-9f96f62b5486,"","","",f,"",229dc6f0-0c2f-42cc-8d32-7c3397e96194,229dc6f0-0c2f-42cc-8d32-7c3397e96194,,2025-09-04 10:05:17.39468,2025-09-04 10:05:17.39468,distribution_media_history,hg_stock,distribution_media_history_20260822_080123,2026-08-22 08:01:40.05814
3878916e-6083-4060-bf24-9e6da339bd77,ca3dee2f-fd89-47c2-af34-302b72ce49f6,t,f,1,7,"","","0749da15-f004-4cad-8a3f-26ebdf77e84c,0cffc79b-1bd0-4f1d-a3a6-5d681ef29479,211db165-a4e5-46fa-ae35-b3ce4970f396","","",f,,2099dd54-4dec-48bc-a683-6ecbc6dc2bfc,2099dd54-4dec-48bc-a683-6ecbc6dc2bfc,,2025-05-05 08:39:56.627164,2025-05-05 08:39:56.627164,distribution_media_history,hg_stock,distribution_media_history_20260822_080123,2026-08-22 08:01:40.05814
3878c0bb-2828-4976-b334-79ad6c9a9fd5,c4393b5f-dfb0-4588-a6c1-ba2545dfed34,f,f,1,7,"","","211db165-a4e5-46fa-ae35-b3ce4970f396,4b130012-bca4-48d9-b677-a3bbac756669,52cea1c3-a193-411f-adb4-a6fbffe220eb,7657821d-0928-4099-92a1-2146097c66b0,bc1799a3-603f-4412-909a-1f0d9907f17c,db869e71-ba93-441b-a264-32c62f017853","","",f,,f839e202-7f6c-4889-8f2e-160d525c0697,f839e202-7f6c-4889-8f2e-160d525c0697,,2025-05-05 08:39:42.977291,2025-05-05 08:39:42.977291,distribution_media_history,hg_stock,distribution_media_history_20260822_080123,2026-08-22 08:01:40.05814
387a045d-3a97-4d42-afb3-1a77c8d19aba,911bd0b3-f296-4f87-9d56-91fded54366e,f,f,1,7,"","","61d7024e-0871-4135-8881-277248f62cb7,735e8d00-b729-438f-9683-5f468db6a0b6","","",f,,0200161a-5f5d-40f7-94d8-e0584d9d2831,0200161a-5f5d-40f7-94d8-e0584d9d2831,,2025-05-05 08:38:38.502404,2025-05-05 08:38:38.502404,distribution_media_history,hg_stock,distribution_media_history_20260822_080123,2026-08-22 08:01:40.05814
387bd511-8c34-4aca-9aee-36cc247a724f,7ec41879-a804-4eda-bdb4-b6d2456d6a8a,t,f,1,7,"","","","","",f,1cdbc000-1c24-485c-8e71-fb91a4d5fcb6,3a9ff8c5-8923-4d19-a09e-2c8d79cc7c6f,3a9ff8c5-8923-4d19-a09e-2c8d79cc7c6f,,2025-10-13 07:56:19.394788,2025-10-13 07:56:19.394788,distribution_media_history,hg_stock,distribution_media_history_20260822_080123,2026-08-22 08:01:40.05814
3878c350-1cbf-48c0-ba94-8070fe4ea436,3badd6ea-3c84-46ed-b5c0-2a70750744a3,t,f,1,7,"","","","","04cee13a-69b0-41f1-b39c-889f9bd82938,17f48f51-7f38-41b0-a897-21f240726378,189d5957-a376-4804-9ac9-d3ac913f29b2,22c49afc-02e4-47e8-a4ab-9f0c0546ea68,3084841c-a70b-40d9-9edb-7aa498a50dc1,36298fa0-1ce7-4bae-8c41-db0a98d0341a,396221b9-cdc5-45b2-a79f-2d6de550fda9,3ee41b7a-96b5-4ab9-901b-3e0866188b6d,404f9125-d4c4-4da9-ad88-f829bb17ba62,489f9411-5f7e-4301-814a-60567e4e3e30,59113c8d-b24b-43e2-96f3-1eb18e9020bc,66cd6c10-7895-4502-937a-583c0d9ab692,6fccedd4-9c2a-4b13-a908-32363d8ab09d,7f65daf7-a4b7-4c1d-9b27-95a3e2321af0,7ffdacef-5d02-4aa8-b3d3-84c85d823164,82ce273c-9538-45d9-bc55-81d4406d2896,83546f70-3b79-4803-a00d-d4d620662403,84a48d11-c91a-4704-984d-487c05e520f8,8664aefc-082d-45bf-997c-d7924cdc450f,8b53e647-7506-4329-8541-838a25dc90b3,96fdf1dd-c29d-48c0-9942-b89777d4f662,980be853-40ae-403e-9dfb-e5a0644a55da,988558f8-ab30-4768-aed0-ddcc6cb6b630,a45aa42c-5285-4ac5-8fe7-a51fbd5e1447,aa6908d1-4b4a-4472-8767-934000773385,afe4ba65-c5e3-4bbb-9e23-6ccb370dc871,b5793a82-9df0-404c-b478-a81c03ae4e6c,bd408cb0-2cde-4b1a-b556-8da94c325e1c,c0cc4ed9-8760-4184-b93c-e698dfb46246,c6f97750-2e14-4bb0-8d48-6d7b75af9afb,cbc183a5-8bbf-4ef0-988c-7b542efb0f71,d369fc61-1571-40e8-961b-70044ea493c5,de206049-f16b-4735-bac3-6af89517d5f6,e07abf1a-e63a-4a79-8ed5-11dbd5b7268c,e08f3c2d-0236-4fd0-8b86-d978d047ef93,e5a984fb-9511-483f-9ca8-2624f19dffac,ed0b4e25-e812-41ba-b50b-6963218c597f,ed44140b-5cc4-4d47-8ad1-afdb356aa44b,eee97771-c2ef-426b-8c92-fde92d29fa00,f335762b-0da1-428e-87a0-bec2dfa6b557,f475b91f-4997-46e8-9c30-f89c24d0a3bf,f601dbeb-2cae-4c86-9924-ce54abb0c3fb,fa2d090f-99ed-4048-bc02-56e323844e79,fad1e7bc-99f8-4821-beff-abd4694d5006,fd42dc28-9ff0-4379-8e65-fbca6f35de60,feb6927d-ee9b-40fc-8897-54a2bef67493",f,,3a9ff8c5-8923-4d19-a09e-2c8d79cc7c6f,3a9ff8c5-8923-4d19-a09e-2c8d79cc7c6f,,2025-07-14 08:43:26.240345,2025-07-14 08:43:26.240345,distribution_media_history,hg_stock,distribution_media_history_20260822_080123,2026-08-22 08:01:40.05814
3878c476-e6bd-4e6f-beb7-ebca633113e0,bd3d0421-b6c2-4917-8a2c-0f66199b4abf,t,t,1,7,"","","","","",f,1cdbc000-1c24-485c-8e71-fb91a4d5fcb6,3a9ff8c5-8923-4d19-a09e-2c8d79cc7c6f,3a9ff8c5-8923-4d19-a09e-2c8d79cc7c6f,,2025-09-09 07:15:41.626941,2025-09-09 07:15:41.626941,distribution_media_history,hg_stock,distribution_media_history_20260822_080123,2026-08-22 08:01:40.05814
3878d61e-ba01-42a7-bcde-84f7076932ce,3a40aecd-c22b-486a-a1d9-e3d0e1550950,t,f,1,-1,"","","","","",f,40426437-1700-4d15-9c77-20ae094b2d3c,9a1fc915-e747-4aa4-a786-19c67cd5ea2e,9a1fc915-e747-4aa4-a786-19c67cd5ea2e,,2026-02-12 07:44:15.348108,2026-02-12 07:44:15.348108,distribution_media_history,hg_stock,distribution_media_history_20260822_080123,2026-08-22 08:01:40.05814
3878f210-81e3-4fee-b8b5-b046f70f2634,add94c98-b113-4a99-8e0c-92baeb30b41f,t,f,1,7,"","","","","",f,1cdbc000-1c24-485c-8e71-fb91a4d5fcb6,3a9ff8c5-8923-4d19-a09e-2c8d79cc7c6f,3a9ff8c5-8923-4d19-a09e-2c8d79cc7c6f,,2025-10-13 07:56:19.393176,2025-10-13 07:56:19.393176,distribution_media_history,hg_stock,distribution_media_history_20260822_080123,2026-08-22 08:01:40.05814
3879001d-d14f-4e87-9e1d-196c1f6b9533,10f6f03d-561e-4427-839c-e240e2beb234,f,t,1,7,"","","735e8d00-b729-438f-9683-5f468db6a0b6,17bd284a-ef80-41f5-927b-99aff424ed67","","",f,,0200161a-5f5d-40f7-94d8-e0584d9d2831,0200161a-5f5d-40f7-94d8-e0584d9d2831,,2025-05-13 09:58:14.562239,2025-05-13 09:58:14.562239,distribution_media_history,hg_stock,distribution_media_history_20260822_080123,2026-08-22 08:01:40.05814
38790437-8c59-491d-97c7-1caef888a192,d1f5f72b-32ae-4f62-a22d-bf6d36784cdb,f,f,1,7,"","","","",0b9514d0-df14-4cb2-96f7-66a88144edf3,f,,0200161a-5f5d-40f7-94d8-e0584d9d2831,0200161a-5f5d-40f7-94d8-e0584d9d2831,,2025-07-03 07:30:23.914288,2025-07-03 07:30:23.914288,distribution_media_history,hg_stock,distribution_media_history_20260822_080123,2026-08-22 08:01:40.05814
38790fb0-7304-4ecd-991f-0f3303d669e2,7093e0f0-1772-47c6-a4ae-f24042a3baad,f,f,1,14,"","","52cea1c3-a193-411f-adb4-a6fbffe220eb,8ff764e4-1c14-41ce-9fb2-37f9b60c915c","","",f,"",9a1fc915-e747-4aa4-a786-19c67cd5ea2e,9a1fc915-e747-4aa4-a786-19c67cd5ea2e,,2026-01-08 09:43:44.853808,2026-01-08 09:43:44.853808,distribution_media_history,hg_stock,distribution_media_history_20260822_080123,2026-08-22 08:01:40.05814
3879347f-639d-4bec-9a58-cef93bdc9827,93062b14-c376-425b-ab7d-b32905a9c8cd,f,f,1,7,"","","17bd284a-ef80-41f5-927b-99aff424ed67,211db165-a4e5-46fa-ae35-b3ce4970f396,4b130012-bca4-48d9-b677-a3bbac756669,52cea1c3-a193-411f-adb4-a6fbffe220eb,7657821d-0928-4099-92a1-2146097c66b0,db869e71-ba93-441b-a264-32c62f017853","","",f,,0200161a-5f5d-40f7-94d8-e0584d9d2831,0200161a-5f5d-40f7-94d8-e0584d9d2831,,2025-05-05 08:38:38.503173,2025-05-05 08:38:38.503173,distribution_media_history,hg_stock,distribution_media_history_20260822_080123,2026-08-22 08:01:40.05814
38793c18-8010-4c8f-a3bc-db97023b14af,41d7b2e2-f36d-49a1-96e5-ace07232d902,f,f,1,14,"","05ca09d8-a09a-4f57-97f4-cd44909d60c2,0fca0392-730d-4d3e-8f69-7bdd29124d1c,2332c3df-4e73-4fef-8937-582b2af3f71a,23ee2e9e-0b7f-4d66-a359-286dbe391f0c,2cdf599f-5c56-4d01-a980-ea9d3221fa24,33598a6f-ee6d-4e9d-978d-77a170731d49,48cd3c28-eaec-4e2d-ab2e-1e4c7bcf87c1,63e0d2c4-8d94-4654-82d0-caae7ee3c524,648c76cb-4cf8-40f6-b144-6cfdabe88701,840a485c-fe90-4433-a687-445a361c5545,97667a27-3ff1-45d8-8612-f3bef52610b6,b22aeee3-7b08-4e9a-8114-086a9f2a18bf,b9d5d11a-3483-4217-a175-abf5da99619b,cc88a7d2-7019-4cfc-a840-acf317361f99,cfdc0e36-0957-4a33-949c-9ba85abc8e1e,d96bea47-a199-4419-95fb-ec1606827b45","","","",f,"",c47f3399-05a0-4073-8685-89972808f783,c47f3399-05a0-4073-8685-89972808f783,,2026-04-08 09:06:50.621543,2026-04-08 09:06:50.621543,distribution_media_history,hg_stock,distribution_media_history_20260822_080123,2026-08-22 08:01:40.05814
38794ffe-80e4-4005-b1bd-90d5f7287856,deea3b44-ee10-4445-a19a-93bde6133fae,f,f,1,90,"","","","","",t,"1190b645-1f41-44cb-8680-5726382adcc2,de337a89-766b-4121-bf74-03703fbc9236",358dceb1-c1b0-46b9-a24f-c1b6a7fdb2dd,358dceb1-c1b0-46b9-a24f-c1b6a7fdb2dd,,2026-03-18 15:06:37.769185,2026-03-18 15:06:37.769185,distribution_media_history,hg_stock,distribution_media_history_20260822_080123,2026-08-22 08:01:40.05814
38796767-2a01-4936-92c6-b459bad18cdf,b6e8f845-1f08-47bd-9291-9047c5540ca4,f,f,1,45,"","",79c21f64-bccf-409c-a2f4-68a86433c78c,"","",f,"",229dc6f0-0c2f-42cc-8d32-7c3397e96194,229dc6f0-0c2f-42cc-8d32-7c3397e96194,,2025-11-07 02:31:08.039686,2025-11-07 02:31:08.039686,distribution_media_history,hg_stock,distribution_media_history_20260822_080123,2026-08-22 08:01:40.05814
387972ab-5906-4848-a25b-9e6930a71461,966875ec-3928-44bf-9e82-f764ddadc6ce,t,t,1,7,"","","","","04cee13a-69b0-41f1-b39c-889f9bd82938,17f48f51-7f38-41b0-a897-21f240726378,189d5957-a376-4804-9ac9-d3ac913f29b2,22c49afc-02e4-47e8-a4ab-9f0c0546ea68,3084841c-a70b-40d9-9edb-7aa498a50dc1,36298fa0-1ce7-4bae-8c41-db0a98d0341a,396221b9-cdc5-45b2-a79f-2d6de550fda9,3ee41b7a-96b5-4ab9-901b-3e0866188b6d,404f9125-d4c4-4da9-ad88-f829bb17ba62,489f9411-5f7e-4301-814a-60567e4e3e30,59113c8d-b24b-43e2-96f3-1eb18e9020bc,66cd6c10-7895-4502-937a-583c0d9ab692,6fccedd4-9c2a-4b13-a908-32363d8ab09d,7f65daf7-a4b7-4c1d-9b27-95a3e2321af0,7ffdacef-5d02-4aa8-b3d3-84c85d823164,82ce273c-9538-45d9-bc55-81d4406d2896,83546f70-3b79-4803-a00d-d4d620662403,84a48d11-c91a-4704-984d-487c05e520f8,8664aefc-082d-45bf-997c-d7924cdc450f,8b53e647-7506-4329-8541-838a25dc90b3,93ab8008-587a-4a00-a78b-1ea011796b10,96fdf1dd-c29d-48c0-9942-b89777d4f662,980be853-40ae-403e-9dfb-e5a0644a55da,988558f8-ab30-4768-aed0-ddcc6cb6b630,a45aa42c-5285-4ac5-8fe7-a51fbd5e1447,aa6908d1-4b4a-4472-8767-934000773385,afe4ba65-c5e3-4bbb-9e23-6ccb370dc871,b5793a82-9df0-404c-b478-a81c03ae4e6c,bd408cb0-2cde-4b1a-b556-8da94c325e1c,c0cc4ed9-8760-4184-b93c-e698dfb46246,c6f97750-2e14-4bb0-8d48-6d7b75af9afb,cbc183a5-8bbf-4ef0-988c-7b542efb0f71,d369fc61-1571-40e8-961b-70044ea493c5,de206049-f16b-4735-bac3-6af89517d5f6,e07abf1a-e63a-4a79-8ed5-11dbd5b7268c,e08f3c2d-0236-4fd0-8b86-d978d047ef93,e5a984fb-9511-483f-9ca8-2624f19dffac,ed0b4e25-e812-41ba-b50b-6963218c597f,ed44140b-5cc4-4d47-8ad1-afdb356aa44b,eee97771-c2ef-426b-8c92-fde92d29fa00,f335762b-0da1-428e-87a0-bec2dfa6b557,f475b91f-4997-46e8-9c30-f89c24d0a3bf,f601dbeb-2cae-4c86-9924-ce54abb0c3fb,fa2d090f-99ed-4048-bc02-56e323844e79,fad1e7bc-99f8-4821-beff-abd4694d5006,fd42dc28-9ff0-4379-8e65-fbca6f35de60,feb6927d-ee9b-40fc-8897-54a2bef67493",f,,3a9ff8c5-8923-4d19-a09e-2c8d79cc7c6f,3a9ff8c5-8923-4d19-a09e-2c8d79cc7c6f,,2025-07-18 07:55:08.1846,2025-07-18 07:55:08.1846,distribution_media_history,hg_stock,distribution_media_history_20260822_080123,2026-08-22 08:01:40.05814
38797404-732f-4a30-a673-51029fbb9b06,69ab0c44-c6af-4ee1-9ac2-0a5518d24b25,f,t,1,7,"","6011e2db-5799-4094-8ed7-ae9feaae94f0,d7963566-500a-402e-8180-762ffa9f348c,4e3eac7c-e6d8-4e10-b8b5-b66bcc744495","","","",f,,08ff8bf8-5bbe-4975-a42e-12774c1d1c18,08ff8bf8-5bbe-4975-a42e-12774c1d1c18,,2025-05-26 04:25:44.732016,2025-05-26 04:25:44.732016,distribution_media_history,hg_stock,distribution_media_history_20260822_080123,2026-08-22 08:01:40.05814
38798040-3a5e-44da-8ccf-36267cc79855,ef87116b-2dba-4e35-ae3c-3412540fdf9c,f,f,1,7,"","",bdd9d4f3-6a59-4a34-8087-8b6c644ced64,"","",f,"",229dc6f0-0c2f-42cc-8d32-7c3397e96194,229dc6f0-0c2f-42cc-8d32-7c3397e96194,,2026-01-27 09:21:30.714763,2026-01-27 09:21:30.714763,distribution_media_history,hg_stock,distribution_media_history_20260822_080123,2026-08-22 08:01:40.05814
38799676-eece-4cf0-abf3-542e8473c0c0,e538b6b0-3e89-40e7-9f01-c54f7ba4a867,t,f,1,7,"","","","","04cee13a-69b0-41f1-b39c-889f9bd82938,17f48f51-7f38-41b0-a897-21f240726378,189d5957-a376-4804-9ac9-d3ac913f29b2,22c49afc-02e4-47e8-a4ab-9f0c0546ea68,3084841c-a70b-40d9-9edb-7aa498a50dc1,36298fa0-1ce7-4bae-8c41-db0a98d0341a,396221b9-cdc5-45b2-a79f-2d6de550fda9,3ee41b7a-96b5-4ab9-901b-3e0866188b6d,404f9125-d4c4-4da9-ad88-f829bb17ba62,489f9411-5f7e-4301-814a-60567e4e3e30,59113c8d-b24b-43e2-96f3-1eb18e9020bc,66cd6c10-7895-4502-937a-583c0d9ab692,6fccedd4-9c2a-4b13-a908-32363d8ab09d,7f65daf7-a4b7-4c1d-9b27-95a3e2321af0,7ffdacef-5d02-4aa8-b3d3-84c85d823164,82ce273c-9538-45d9-bc55-81d4406d2896,83546f70-3b79-4803-a00d-d4d620662403,84a48d11-c91a-4704-984d-487c05e520f8,8664aefc-082d-45bf-997c-d7924cdc450f,8b53e647-7506-4329-8541-838a25dc90b3,93ab8008-587a-4a00-a78b-1ea011796b10,96fdf1dd-c29d-48c0-9942-b89777d4f662,980be853-40ae-403e-9dfb-e5a0644a55da,988558f8-ab30-4768-aed0-ddcc6cb6b630,a45aa42c-5285-4ac5-8fe7-a51fbd5e1447,aa6908d1-4b4a-4472-8767-934000773385,afe4ba65-c5e3-4bbb-9e23-6ccb370dc871,b5793a82-9df0-404c-b478-a81c03ae4e6c,bd408cb0-2cde-4b1a-b556-8da94c325e1c,c0cc4ed9-8760-4184-b93c-e698dfb46246,c6f97750-2e14-4bb0-8d48-6d7b75af9afb,cbc183a5-8bbf-4ef0-988c-7b542efb0f71,d369fc61-1571-40e8-961b-70044ea493c5,de206049-f16b-4735-bac3-6af89517d5f6,e07abf1a-e63a-4a79-8ed5-11dbd5b7268c,e08f3c2d-0236-4fd0-8b86-d978d047ef93,e5a984fb-9511-483f-9ca8-2624f19dffac,ed0b4e25-e812-41ba-b50b-6963218c597f,ed44140b-5cc4-4d47-8ad1-afdb356aa44b,eee97771-c2ef-426b-8c92-fde92d29fa00,f335762b-0da1-428e-87a0-bec2dfa6b557,f475b91f-4997-46e8-9c30-f89c24d0a3bf,f601dbeb-2cae-4c86-9924-ce54abb0c3fb,fa2d090f-99ed-4048-bc02-56e323844e79,fad1e7bc-99f8-4821-beff-abd4694d5006,fd42dc28-9ff0-4379-8e65-fbca6f35de60,feb6927d-ee9b-40fc-8897-54a2bef67493",f,,3a9ff8c5-8923-4d19-a09e-2c8d79cc7c6f,3a9ff8c5-8923-4d19-a09e-2c8d79cc7c6f,,2025-07-18 07:55:08.181008,2025-07-18 07:55:08.181008,distribution_media_history,hg_stock,distribution_media_history_20260822_080123,2026-08-22 08:01:40.05814
3879996a-c761-43e4-8cd9-f368b3a3466d,2f1b59d0-05d8-4118-abd8-8f35d2988a2f,t,t,1,7,"","",0749da15-f004-4cad-8a3f-26ebdf77e84c,"","",f,,115829f6-e312-4bd8-b758-d6deced8dc94,115829f6-e312-4bd8-b758-d6deced8dc94,,2025-05-19 02:43:00.604289,2025-05-19 02:43:00.604289,distribution_media_history,hg_stock,distribution_media_history_20260822_080123,2026-08-22 08:01:40.05814
3879a103-8943-4cb3-808c-727956dd5197,55682a28-571e-46be-898d-f5a5b6f8c53d,f,f,1,7,"","","48a1af96-5a7d-40d9-8ebe-4e3655f14e4b,7a389018-94d3-443d-9646-ed7b63117169,854cae12-c88d-4bb4-85cf-4ed044d8e963,f30dad8c-85eb-43c2-a375-5d3fe9ff31ce,f5a4dab5-df91-4776-9a1f-1c2e1ed7ce8b","","",f,,,,,2025-05-05 08:37:21.022226,2025-05-05 08:37:21.022226,distribution_media_history,hg_stock,distribution_media_history_20260822_080123,2026-08-22 08:01:40.05814
3879a561-add0-42e8-a560-000eba0c3e20,58ed01d9-46fb-4480-8f79-621b8c7a40b0,f,f,1,7,"","","","",43a14596-f567-435f-bc91-b8422f830974,f,"",a61e2437-628b-43e7-a32c-f948290dbba9,a61e2437-628b-43e7-a32c-f948290dbba9,,2025-09-16 09:54:20.758907,2025-09-16 09:54:20.758907,distribution_media_history,hg_stock,distribution_media_history_20260822_080123,2026-08-22 08:01:40.05814
3879a766-955d-4925-9eb9-b51ef793fc07,e606521e-c1e0-44a9-b483-70c977c9a3f4,t,f,1,7,"","","15b9cfe7-85ee-4d5c-910a-8dd18e3c08a8,211db165-a4e5-46fa-ae35-b3ce4970f396,270551e0-15db-4b4a-8bed-b0a9a3a44dff,4b130012-bca4-48d9-b677-a3bbac756669,5026b271-3ca4-475e-b42b-ecaef67294c8,52cea1c3-a193-411f-adb4-a6fbffe220eb,629885eb-65c4-4921-a300-3c618c8961e3,7657821d-0928-4099-92a1-2146097c66b0,7ad7d9b9-4600-4db5-a3a8-e7c243499008,ba826125-ec02-4f09-b0d4-9e4aeeb11c0a,db869e71-ba93-441b-a264-32c62f017853,df42ed2a-f2da-49a1-a4ea-36e358b59bee,e43c6415-4c89-451e-8bee-004c8f6ed620,fcdd5322-049e-4b50-aecf-593d36d18b8f","","",f,,,,,2025-05-05 08:40:25.729356,2025-05-05 08:40:25.729356,distribution_media_history,hg_stock,distribution_media_history_20260822_080123,2026-08-22 08:01:40.05814
3879b1d0-de40-4512-975f-9fe5f1d05e4d,c77248b6-a973-480f-909f-10062d0d738b,f,f,1,7,"","","48a1af96-5a7d-40d9-8ebe-4e3655f14e4b,7a389018-94d3-443d-9646-ed7b63117169,854cae12-c88d-4bb4-85cf-4ed044d8e963,f30dad8c-85eb-43c2-a375-5d3fe9ff31ce,f5a4dab5-df91-4776-9a1f-1c2e1ed7ce8b","","",f,,,,,2025-05-05 08:39:42.978544,2025-05-05 08:39:42.978544,distribution_media_history,hg_stock,distribution_media_history_20260822_080123,2026-08-22 08:01:40.05814
3879c089-6e06-44b9-a6e8-6a77f46369d0,06395559-12c4-4b85-9fa7-323ab9ec2485,t,f,1,7,"","","","","",f,1cdbc000-1c24-485c-8e71-fb91a4d5fcb6,3a9ff8c5-8923-4d19-a09e-2c8d79cc7c6f,3a9ff8c5-8923-4d19-a09e-2c8d79cc7c6f,,2025-09-09 07:15:41.631538,2025-09-09 07:15:41.631538,distribution_media_history,hg_stock,distribution_media_history_20260822_080123,2026-08-22 08:01:40.05814
3879d788-68ee-4bce-9b46-77c114a442fc,6507794b-37b6-4ad8-a63c-3ba818ae83da,t,f,1,7,"","","","","04cee13a-69b0-41f1-b39c-889f9bd82938,17f48f51-7f38-41b0-a897-21f240726378,189d5957-a376-4804-9ac9-d3ac913f29b2,22c49afc-02e4-47e8-a4ab-9f0c0546ea68,3084841c-a70b-40d9-9edb-7aa498a50dc1,36298fa0-1ce7-4bae-8c41-db0a98d0341a,396221b9-cdc5-45b2-a79f-2d6de550fda9,3ee41b7a-96b5-4ab9-901b-3e0866188b6d,404f9125-d4c4-4da9-ad88-f829bb17ba62,489f9411-5f7e-4301-814a-60567e4e3e30,59113c8d-b24b-43e2-96f3-1eb18e9020bc,66cd6c10-7895-4502-937a-583c0d9ab692,6fccedd4-9c2a-4b13-a908-32363d8ab09d,7f65daf7-a4b7-4c1d-9b27-95a3e2321af0,7ffdacef-5d02-4aa8-b3d3-84c85d823164,82ce273c-9538-45d9-bc55-81d4406d2896,83546f70-3b79-4803-a00d-d4d620662403,84a48d11-c91a-4704-984d-487c05e520f8,8664aefc-082d-45bf-997c-d7924cdc450f,8b53e647-7506-4329-8541-838a25dc90b3,980be853-40ae-403e-9dfb-e5a0644a55da,988558f8-ab30-4768-aed0-ddcc6cb6b630,a45aa42c-5285-4ac5-8fe7-a51fbd5e1447,aa6908d1-4b4a-4472-8767-934000773385,afe4ba65-c5e3-4bbb-9e23-6ccb370dc871,b5793a82-9df0-404c-b478-a81c03ae4e6c,bd408cb0-2cde-4b1a-b556-8da94c325e1c,c0cc4ed9-8760-4184-b93c-e698dfb46246,c6f97750-2e14-4bb0-8d48-6d7b75af9afb,cbc183a5-8bbf-4ef0-988c-7b542efb0f71,d369fc61-1571-40e8-961b-70044ea493c5,de206049-f16b-4735-bac3-6af89517d5f6,e07abf1a-e63a-4a79-8ed5-11dbd5b7268c,e08f3c2d-0236-4fd0-8b86-d978d047ef93,e5a984fb-9511-483f-9ca8-2624f19dffac,ed0b4e25-e812-41ba-b50b-6963218c597f,ed44140b-5cc4-4d47-8ad1-afdb356aa44b,eee97771-c2ef-426b-8c92-fde92d29fa00,f335762b-0da1-428e-87a0-bec2dfa6b557,f475b91f-4997-46e8-9c30-f89c24d0a3bf,f601dbeb-2cae-4c86-9924-ce54abb0c3fb,fa2d090f-99ed-4048-bc02-56e323844e79,fad1e7bc-99f8-4821-beff-abd4694d5006,fd42dc28-9ff0-4379-8e65-fbca6f35de60,feb6927d-ee9b-40fc-8897-54a2bef67493",f,,3a9ff8c5-8923-4d19-a09e-2c8d79cc7c6f,3a9ff8c5-8923-4d19-a09e-2c8d79cc7c6f,,2025-06-28 07:48:00.256773,2025-06-28 07:48:00.256773,distribution_media_history,hg_stock,distribution_media_history_20260822_080123,2026-08-22 08:01:40.05814
3879dd8e-0199-430a-858a-1b2699c0bf4b,1b3775e4-67c4-4bf1-a103-8b335f757625,f,f,1,90,"","","","","",t,"1190b645-1f41-44cb-8680-5726382adcc2,de337a89-766b-4121-bf74-03703fbc9236",358dceb1-c1b0-46b9-a24f-c1b6a7fdb2dd,358dceb1-c1b0-46b9-a24f-c1b6a7fdb2dd,,2026-03-18 15:06:16.143708,2026-03-18 15:06:16.143708,distribution_media_history,hg_stock,distribution_media_history_20260822_080123,2026-08-22 08:01:40.05814
3879e5a5-24c7-41e3-a729-19906158df54,73ea77e3-3f79-4a3b-88c8-030ee3394b6c,f,f,1,7,"","","48a1af96-5a7d-40d9-8ebe-4e3655f14e4b,7a389018-94d3-443d-9646-ed7b63117169,854cae12-c88d-4bb4-85cf-4ed044d8e963,f30dad8c-85eb-43c2-a375-5d3fe9ff31ce,f5a4dab5-df91-4776-9a1f-1c2e1ed7ce8b","","",f,,,,,2025-05-05 08:38:09.066964,2025-05-05 08:38:09.066964,distribution_media_history,hg_stock,distribution_media_history_20260822_080123,2026-08-22 08:01:40.05814
3879e8cb-5d43-4ead-a8d5-0349c6cdee89,cd2c74b1-279c-4fd7-8176-bf6d96b64d46,f,f,1,7,"","","0749da15-f004-4cad-8a3f-26ebdf77e84c,de0102b9-50f9-41fa-992a-06ae9eb82724","","",f,,13cc64dd-4abe-4d73-be27-4aa3a65f821f,13cc64dd-4abe-4d73-be27-4aa3a65f821f,,2025-05-05 08:39:56.628381,2025-05-05 08:39:56.628381,distribution_media_history,hg_stock,distribution_media_history_20260822_080123,2026-08-22 08:01:40.05814
3879eb8f-06bb-4294-8669-b0a5ce0151c1,7d65cbcc-b5b0-4d79-8ae3-79f921595a87,f,f,1,14,"","","","",0d256c34-2fee-425c-a42f-2414e4200928,f,"",4cf4d8d0-959b-4d27-882a-ef1ce5b92241,4cf4d8d0-959b-4d27-882a-ef1ce5b92241,,2026-04-10 06:42:47.525464,2026-04-10 06:42:47.525464,distribution_media_history,hg_stock,distribution_media_history_20260822_080123,2026-08-22 08:01:40.05814
3879fa53-d7e2-4d60-9e16-eb1f2a11b450,923b1001-74b4-43b4-8fbb-283e85698a9e,t,f,1,30,"","","","","",f,1cdbc000-1c24-485c-8e71-fb91a4d5fcb6,3a9ff8c5-8923-4d19-a09e-2c8d79cc7c6f,3a9ff8c5-8923-4d19-a09e-2c8d79cc7c6f,,2025-10-28 03:11:09.615503,2025-10-28 03:11:09.615503,distribution_media_history,hg_stock,distribution_media_history_20260822_080123,2026-08-22 08:01:40.05814
3879fc92-84c3-43fa-ba84-27a68474af90,93fd559e-2801-4186-a90b-5ae43afaf6ce,f,f,1,-1,"05c03a23-1a79-4eea-94ca-f8b2050d8011,807f25e9-597c-4f74-819f-2dad99c830eb,87f2e419-9626-4127-b486-22ebd796ecf4,953df40d-e9ff-42e4-9ae3-6c1a8b149921,9952ff5a-7006-4d39-a1b3-2b80a741e143,ccedb16f-6ddd-4555-99a8-40962aebdab9,df0289df-7bb3-43f0-b481-4dba85185c7b","","",af13f5cc-6b51-4949-ad6c-1786c27eaa3d,"",f,"",ed8e0c83-aaec-49eb-8379-90f06bb587ed,ed8e0c83-aaec-49eb-8379-90f06bb587ed,,2026-05-28 08:34:15.818926,2026-05-28 08:34:15.818926,distribution_media_history,hg_stock,distribution_media_history_20260822_080123,2026-08-22 08:01:40.05814
387be0ba-b7c3-474d-9a6f-0a45e50d9268,2218176c-4739-4a60-a71d-efb7f0fc3f13,f,f,1,-1,"","","","","",f,f7288e49-c1a2-4f68-adf3-c6f3af34b2f8,a61e2437-628b-43e7-a32c-f948290dbba9,a61e2437-628b-43e7-a32c-f948290dbba9,,2026-05-06 03:51:25.525013,2026-05-06 03:51:25.525013,distribution_media_history,hg_stock,distribution_media_history_20260822_080123,2026-08-22 08:01:40.05814
387a05f9-9bb2-422b-aa6c-95c1eac7c634,391c4c39-8e48-44f2-8e32-52ec876191d4,t,f,1,7,"","","","","04cee13a-69b0-41f1-b39c-889f9bd82938,17f48f51-7f38-41b0-a897-21f240726378,189d5957-a376-4804-9ac9-d3ac913f29b2,22c49afc-02e4-47e8-a4ab-9f0c0546ea68,3084841c-a70b-40d9-9edb-7aa498a50dc1,36298fa0-1ce7-4bae-8c41-db0a98d0341a,396221b9-cdc5-45b2-a79f-2d6de550fda9,3ee41b7a-96b5-4ab9-901b-3e0866188b6d,404f9125-d4c4-4da9-ad88-f829bb17ba62,489f9411-5f7e-4301-814a-60567e4e3e30,59113c8d-b24b-43e2-96f3-1eb18e9020bc,5c1b1d8f-d4a9-4a22-934a-43831e85d1e4,66cd6c10-7895-4502-937a-583c0d9ab692,7f65daf7-a4b7-4c1d-9b27-95a3e2321af0,7ffdacef-5d02-4aa8-b3d3-84c85d823164,82ce273c-9538-45d9-bc55-81d4406d2896,83546f70-3b79-4803-a00d-d4d620662403,84a48d11-c91a-4704-984d-487c05e520f8,8664aefc-082d-45bf-997c-d7924cdc450f,8b53e647-7506-4329-8541-838a25dc90b3,988558f8-ab30-4768-aed0-ddcc6cb6b630,9f332297-3b6b-4a98-bcd8-bc8da41105dd,a45aa42c-5285-4ac5-8fe7-a51fbd5e1447,aa6908d1-4b4a-4472-8767-934000773385,b5793a82-9df0-404c-b478-a81c03ae4e6c,b5a513f2-8d65-4512-90c0-7fa3c7311a61,b7f0a1f8-0078-4361-a39c-609cbc0fa09c,bd408cb0-2cde-4b1a-b556-8da94c325e1c,c0cc4ed9-8760-4184-b93c-e698dfb46246,c4b978df-9107-4eb9-a678-e621c83f0e48,c6f97750-2e14-4bb0-8d48-6d7b75af9afb,d369fc61-1571-40e8-961b-70044ea493c5,de206049-f16b-4735-bac3-6af89517d5f6,e08f3c2d-0236-4fd0-8b86-d978d047ef93,ed0b4e25-e812-41ba-b50b-6963218c597f,ed44140b-5cc4-4d47-8ad1-afdb356aa44b,f335762b-0da1-428e-87a0-bec2dfa6b557,f475b91f-4997-46e8-9c30-f89c24d0a3bf,f601dbeb-2cae-4c86-9924-ce54abb0c3fb,fad1e7bc-99f8-4821-beff-abd4694d5006,feb6927d-ee9b-40fc-8897-54a2bef67493",f,,3a9ff8c5-8923-4d19-a09e-2c8d79cc7c6f,3a9ff8c5-8923-4d19-a09e-2c8d79cc7c6f,,2025-07-30 09:47:10.549511,2025-07-30 09:47:10.549511,distribution_media_history,hg_stock,distribution_media_history_20260822_080123,2026-08-22 08:01:40.05814
387a0e39-3799-4448-abce-2cd8edb894e6,345973a1-828f-4269-93fc-98f1f3d18c32,f,f,1,7,"","","48a1af96-5a7d-40d9-8ebe-4e3655f14e4b,64362801-3c17-4e99-b10a-bc7a8dc10c14,854cae12-c88d-4bb4-85cf-4ed044d8e963,be3902b4-f926-4850-ba31-f18b178b9d39,f30dad8c-85eb-43c2-a375-5d3fe9ff31ce,f5a4dab5-df91-4776-9a1f-1c2e1ed7ce8b","","",f,,,,,2025-05-05 08:36:44.01555,2025-05-05 08:36:44.01555,distribution_media_history,hg_stock,distribution_media_history_20260822_080123,2026-08-22 08:01:40.05814
387a1d6f-a00f-4f95-b024-8b3fd76f04a0,7286b967-0ce5-410f-acb8-b10fa946952a,f,f,1,45,"","",bdd9d4f3-6a59-4a34-8087-8b6c644ced64,"","",f,"",229dc6f0-0c2f-42cc-8d32-7c3397e96194,229dc6f0-0c2f-42cc-8d32-7c3397e96194,,2025-11-07 03:32:33.009917,2025-11-07 03:32:33.009917,distribution_media_history,hg_stock,distribution_media_history_20260822_080123,2026-08-22 08:01:40.05814
387a4434-684a-41c3-bcd9-0388e30a3df4,da4e4035-622d-45ab-b48b-07252d161ca1,f,f,1,90,"","","","","",t,"1190b645-1f41-44cb-8680-5726382adcc2,810a971a-8ddc-4ef0-9f85-d8eba152507c",358dceb1-c1b0-46b9-a24f-c1b6a7fdb2dd,358dceb1-c1b0-46b9-a24f-c1b6a7fdb2dd,,2026-03-11 04:32:11.530879,2026-03-11 04:32:11.530879,distribution_media_history,hg_stock,distribution_media_history_20260822_080123,2026-08-22 08:01:40.05814
387a68e4-8c9e-4f45-9451-8e6bf6eb1b8d,6a14f21d-51a6-43ba-9a76-a2a3cce02b38,t,t,1,7,"","","","","04cee13a-69b0-41f1-b39c-889f9bd82938,17f48f51-7f38-41b0-a897-21f240726378,189d5957-a376-4804-9ac9-d3ac913f29b2,22c49afc-02e4-47e8-a4ab-9f0c0546ea68,3084841c-a70b-40d9-9edb-7aa498a50dc1,36298fa0-1ce7-4bae-8c41-db0a98d0341a,396221b9-cdc5-45b2-a79f-2d6de550fda9,3ee41b7a-96b5-4ab9-901b-3e0866188b6d,404f9125-d4c4-4da9-ad88-f829bb17ba62,489f9411-5f7e-4301-814a-60567e4e3e30,59113c8d-b24b-43e2-96f3-1eb18e9020bc,66cd6c10-7895-4502-937a-583c0d9ab692,6fccedd4-9c2a-4b13-a908-32363d8ab09d,7f65daf7-a4b7-4c1d-9b27-95a3e2321af0,7ffdacef-5d02-4aa8-b3d3-84c85d823164,82ce273c-9538-45d9-bc55-81d4406d2896,83546f70-3b79-4803-a00d-d4d620662403,84a48d11-c91a-4704-984d-487c05e520f8,8664aefc-082d-45bf-997c-d7924cdc450f,8b53e647-7506-4329-8541-838a25dc90b3,980be853-40ae-403e-9dfb-e5a0644a55da,988558f8-ab30-4768-aed0-ddcc6cb6b630,a45aa42c-5285-4ac5-8fe7-a51fbd5e1447,aa6908d1-4b4a-4472-8767-934000773385,afe4ba65-c5e3-4bbb-9e23-6ccb370dc871,b5793a82-9df0-404c-b478-a81c03ae4e6c,bd408cb0-2cde-4b1a-b556-8da94c325e1c,c0cc4ed9-8760-4184-b93c-e698dfb46246,c6f97750-2e14-4bb0-8d48-6d7b75af9afb,cbc183a5-8bbf-4ef0-988c-7b542efb0f71,d369fc61-1571-40e8-961b-70044ea493c5,de206049-f16b-4735-bac3-6af89517d5f6,e07abf1a-e63a-4a79-8ed5-11dbd5b7268c,e08f3c2d-0236-4fd0-8b86-d978d047ef93,e5a984fb-9511-483f-9ca8-2624f19dffac,ed0b4e25-e812-41ba-b50b-6963218c597f,ed44140b-5cc4-4d47-8ad1-afdb356aa44b,eee97771-c2ef-426b-8c92-fde92d29fa00,f335762b-0da1-428e-87a0-bec2dfa6b557,f475b91f-4997-46e8-9c30-f89c24d0a3bf,f601dbeb-2cae-4c86-9924-ce54abb0c3fb,fa2d090f-99ed-4048-bc02-56e323844e79,fad1e7bc-99f8-4821-beff-abd4694d5006,fd42dc28-9ff0-4379-8e65-fbca6f35de60,feb6927d-ee9b-40fc-8897-54a2bef67493",f,,3a9ff8c5-8923-4d19-a09e-2c8d79cc7c6f,3a9ff8c5-8923-4d19-a09e-2c8d79cc7c6f,,2025-06-26 01:54:23.026481,2025-06-26 01:54:23.026481,distribution_media_history,hg_stock,distribution_media_history_20260822_080123,2026-08-22 08:01:40.05814
387a74c2-d6c8-4d08-9252-70ed2a26cbf8,b362f9f2-d7af-4b30-86c6-4ea9ee368fb3,t,t,1,7,"","","","","0b0ddaa4-3592-40d8-9e46-8986bb004c15,0b9514d0-df14-4cb2-96f7-66a88144edf3,0f765cb9-0d18-4f74-8660-46b3abfb3dec,135d3088-99fc-444c-9b9a-21a2e9bb5a59,19e015cb-ccd1-49e3-aad5-8605feb595f2,1b235ed6-c69a-464f-ae4a-0a23b05ec631,3d6826f7-2626-4a37-aeaa-48f96a9b0b91,43bf3c8b-89b1-4138-8ae9-f564bb06596c,4761ea79-5165-4fa7-a980-b09454c0fb14,490497dc-5a22-4f3e-aabd-15f555818c32,49e1848d-584f-4cfd-9d91-3708bc10b099,4efd73e0-67fa-4115-a5ff-123905684fcf,5a8b441b-a204-43ba-9493-377cef94f449,5d673e15-d21b-4a74-98aa-195b698a2fdd,5deee3c3-3888-46e0-899e-9cb092a60f26,635fefea-3f23-4852-88e5-2b8787d39773,73670add-5585-47ce-97c1-a08bdeb7f956,7619809a-ea3b-4a3b-ad6f-d84bdffb9786,9a58ee71-326b-4905-990a-f59c329facbb,9af7cf68-33a0-4d0a-9577-cba1a3ad1f22,a3df88a3-5af1-48cd-9570-ccf048b9071c,a9993709-50ba-4ebf-8d58-28cc482cd3df,b706c9f6-115c-4ffd-bcdd-9a7c18f4fb57,b7839bea-a6e2-4014-bdd7-d5552de23eac,c0fe700c-34ee-4739-abf9-5a0a78b4c291,c26c67b9-c472-487d-ba06-5a9ea82d6183,cba4399c-df4c-40b7-ac8c-9c4a802bac2a,d0e703c9-c972-4e72-ab5b-5e85d12e7ddb,db6b31ce-1c0c-4728-abcd-c3f6d68467c4,dc4363f3-47bf-417d-bf6c-87ec7b129a23,dd0d89e0-28ec-4fce-a39a-afadc639b807,e2233413-cda5-4ef5-b8df-670690f74b06,ec59ef1c-d0d8-4934-8a42-7775c710491c,f4dd4428-bf65-4513-b8be-601d0d1d43d6,f90efe4e-4b5e-486c-9a25-c8a76e85f137",f,,a61e2437-628b-43e7-a32c-f948290dbba9,a61e2437-628b-43e7-a32c-f948290dbba9,,2025-08-01 07:45:49.800604,2025-08-01 07:45:49.800604,distribution_media_history,hg_stock,distribution_media_history_20260822_080123,2026-08-22 08:01:40.05814
387a7ece-d98a-4b30-a9b1-913857234015,1e0e8f64-1efd-4b09-ad94-726914080ac0,f,f,1,30,"","","","","",f,1190b645-1f41-44cb-8680-5726382adcc2,358dceb1-c1b0-46b9-a24f-c1b6a7fdb2dd,358dceb1-c1b0-46b9-a24f-c1b6a7fdb2dd,,2026-01-20 08:57:01.506701,2026-01-20 08:57:01.506701,distribution_media_history,hg_stock,distribution_media_history_20260822_080123,2026-08-22 08:01:40.05814
387a88f0-f105-4ec5-ab39-ee4f9a96bd9c,96475b3b-132d-4247-bdd3-54749da0cc38,f,f,1,90,"","","","","",f,de337a89-766b-4121-bf74-03703fbc9236,358dceb1-c1b0-46b9-a24f-c1b6a7fdb2dd,358dceb1-c1b0-46b9-a24f-c1b6a7fdb2dd,,2026-03-18 14:46:15.780398,2026-03-18 14:46:15.780398,distribution_media_history,hg_stock,distribution_media_history_20260822_080123,2026-08-22 08:01:40.05814
387a9b46-5dba-405d-a85b-a9196cdfc360,0aa2bb2e-ebad-4751-a4d3-9600bf63df35,f,f,1,7,"","","48a1af96-5a7d-40d9-8ebe-4e3655f14e4b,7a389018-94d3-443d-9646-ed7b63117169,854cae12-c88d-4bb4-85cf-4ed044d8e963,f30dad8c-85eb-43c2-a375-5d3fe9ff31ce,f5a4dab5-df91-4776-9a1f-1c2e1ed7ce8b","","",f,,,,,2025-05-05 08:35:56.507454,2025-05-05 08:35:56.507454,distribution_media_history,hg_stock,distribution_media_history_20260822_080123,2026-08-22 08:01:40.05814
387a9f2f-e760-4e09-a40d-49dcc858f4fd,b2df9ad6-5907-44c4-b203-cf8a954df3b8,t,f,1,7,"","","15b9cfe7-85ee-4d5c-910a-8dd18e3c08a8,211db165-a4e5-46fa-ae35-b3ce4970f396,270551e0-15db-4b4a-8bed-b0a9a3a44dff,4b130012-bca4-48d9-b677-a3bbac756669,5026b271-3ca4-475e-b42b-ecaef67294c8,52cea1c3-a193-411f-adb4-a6fbffe220eb,629885eb-65c4-4921-a300-3c618c8961e3,7657821d-0928-4099-92a1-2146097c66b0,7ad7d9b9-4600-4db5-a3a8-e7c243499008,ba826125-ec02-4f09-b0d4-9e4aeeb11c0a,db869e71-ba93-441b-a264-32c62f017853,df42ed2a-f2da-49a1-a4ea-36e358b59bee,fcdd5322-049e-4b50-aecf-593d36d18b8f","","",f,,39278e16-df64-4904-a9ac-d9bb761b067d,39278e16-df64-4904-a9ac-d9bb761b067d,,2025-05-05 08:39:29.186506,2025-05-05 08:39:29.186506,distribution_media_history,hg_stock,distribution_media_history_20260822_080123,2026-08-22 08:01:40.05814
387aa046-8db2-43d0-971d-f0603657fe63,e8daca1a-60c3-4649-b71b-dee62fe06305,f,f,1,90,"","","","","",t,"1190b645-1f41-44cb-8680-5726382adcc2,810a971a-8ddc-4ef0-9f85-d8eba152507c",358dceb1-c1b0-46b9-a24f-c1b6a7fdb2dd,358dceb1-c1b0-46b9-a24f-c1b6a7fdb2dd,,2026-03-11 04:34:03.11882,2026-03-11 04:34:03.11882,distribution_media_history,hg_stock,distribution_media_history_20260822_080123,2026-08-22 08:01:40.05814
387ac49f-e4c9-42e1-85b1-d33031811d5c,8ffab660-7b0a-42c2-b330-f508ab707c0d,t,f,1,7,"","","","","04cee13a-69b0-41f1-b39c-889f9bd82938,17f48f51-7f38-41b0-a897-21f240726378,189d5957-a376-4804-9ac9-d3ac913f29b2,22c49afc-02e4-47e8-a4ab-9f0c0546ea68,3084841c-a70b-40d9-9edb-7aa498a50dc1,36298fa0-1ce7-4bae-8c41-db0a98d0341a,396221b9-cdc5-45b2-a79f-2d6de550fda9,3ee41b7a-96b5-4ab9-901b-3e0866188b6d,404f9125-d4c4-4da9-ad88-f829bb17ba62,489f9411-5f7e-4301-814a-60567e4e3e30,59113c8d-b24b-43e2-96f3-1eb18e9020bc,66cd6c10-7895-4502-937a-583c0d9ab692,6fccedd4-9c2a-4b13-a908-32363d8ab09d,7f65daf7-a4b7-4c1d-9b27-95a3e2321af0,7ffdacef-5d02-4aa8-b3d3-84c85d823164,82ce273c-9538-45d9-bc55-81d4406d2896,83546f70-3b79-4803-a00d-d4d620662403,84a48d11-c91a-4704-984d-487c05e520f8,8664aefc-082d-45bf-997c-d7924cdc450f,8b53e647-7506-4329-8541-838a25dc90b3,93ab8008-587a-4a00-a78b-1ea011796b10,96fdf1dd-c29d-48c0-9942-b89777d4f662,980be853-40ae-403e-9dfb-e5a0644a55da,988558f8-ab30-4768-aed0-ddcc6cb6b630,a45aa42c-5285-4ac5-8fe7-a51fbd5e1447,aa6908d1-4b4a-4472-8767-934000773385,afe4ba65-c5e3-4bbb-9e23-6ccb370dc871,b5793a82-9df0-404c-b478-a81c03ae4e6c,bd408cb0-2cde-4b1a-b556-8da94c325e1c,c0cc4ed9-8760-4184-b93c-e698dfb46246,c6f97750-2e14-4bb0-8d48-6d7b75af9afb,cbc183a5-8bbf-4ef0-988c-7b542efb0f71,d369fc61-1571-40e8-961b-70044ea493c5,de206049-f16b-4735-bac3-6af89517d5f6,e07abf1a-e63a-4a79-8ed5-11dbd5b7268c,e08f3c2d-0236-4fd0-8b86-d978d047ef93,e5a984fb-9511-483f-9ca8-2624f19dffac,ed0b4e25-e812-41ba-b50b-6963218c597f,ed44140b-5cc4-4d47-8ad1-afdb356aa44b,eee97771-c2ef-426b-8c92-fde92d29fa00,f335762b-0da1-428e-87a0-bec2dfa6b557,f475b91f-4997-46e8-9c30-f89c24d0a3bf,f601dbeb-2cae-4c86-9924-ce54abb0c3fb,fa2d090f-99ed-4048-bc02-56e323844e79,fad1e7bc-99f8-4821-beff-abd4694d5006,fd42dc28-9ff0-4379-8e65-fbca6f35de60,feb6927d-ee9b-40fc-8897-54a2bef67493",f,,3a9ff8c5-8923-4d19-a09e-2c8d79cc7c6f,3a9ff8c5-8923-4d19-a09e-2c8d79cc7c6f,,2025-07-18 07:55:08.18491,2025-07-18 07:55:08.18491,distribution_media_history,hg_stock,distribution_media_history_20260822_080123,2026-08-22 08:01:40.05814
387ac811-dd10-402f-9d60-cbf6a7503ac9,e0e4503b-1e51-4954-88c3-6ba2b9d6cf3d,f,f,1,7,"","",a395020b-3177-474a-a0f3-d730ce48674f,"","",f,"",229dc6f0-0c2f-42cc-8d32-7c3397e96194,229dc6f0-0c2f-42cc-8d32-7c3397e96194,,2025-11-10 08:07:36.854964,2025-11-10 08:07:36.854964,distribution_media_history,hg_stock,distribution_media_history_20260822_080123,2026-08-22 08:01:40.05814
387ad3dd-62bd-48ad-a747-3daa66724ccb,f99858f2-9779-4fb1-9324-9eca8f6707b4,t,f,1,7,"","","","","04cee13a-69b0-41f1-b39c-889f9bd82938,17f48f51-7f38-41b0-a897-21f240726378,189d5957-a376-4804-9ac9-d3ac913f29b2,22c49afc-02e4-47e8-a4ab-9f0c0546ea68,3084841c-a70b-40d9-9edb-7aa498a50dc1,36298fa0-1ce7-4bae-8c41-db0a98d0341a,396221b9-cdc5-45b2-a79f-2d6de550fda9,3ee41b7a-96b5-4ab9-901b-3e0866188b6d,404f9125-d4c4-4da9-ad88-f829bb17ba62,489f9411-5f7e-4301-814a-60567e4e3e30,59113c8d-b24b-43e2-96f3-1eb18e9020bc,5c1b1d8f-d4a9-4a22-934a-43831e85d1e4,66cd6c10-7895-4502-937a-583c0d9ab692,6fccedd4-9c2a-4b13-a908-32363d8ab09d,7f65daf7-a4b7-4c1d-9b27-95a3e2321af0,7ffdacef-5d02-4aa8-b3d3-84c85d823164,82ce273c-9538-45d9-bc55-81d4406d2896,83546f70-3b79-4803-a00d-d4d620662403,84a48d11-c91a-4704-984d-487c05e520f8,8664aefc-082d-45bf-997c-d7924cdc450f,8b53e647-7506-4329-8541-838a25dc90b3,93ab8008-587a-4a00-a78b-1ea011796b10,96fdf1dd-c29d-48c0-9942-b89777d4f662,980be853-40ae-403e-9dfb-e5a0644a55da,988558f8-ab30-4768-aed0-ddcc6cb6b630,a45aa42c-5285-4ac5-8fe7-a51fbd5e1447,aa6908d1-4b4a-4472-8767-934000773385,afe4ba65-c5e3-4bbb-9e23-6ccb370dc871,b5793a82-9df0-404c-b478-a81c03ae4e6c,bd408cb0-2cde-4b1a-b556-8da94c325e1c,c0cc4ed9-8760-4184-b93c-e698dfb46246,c6f97750-2e14-4bb0-8d48-6d7b75af9afb,cbc183a5-8bbf-4ef0-988c-7b542efb0f71,d369fc61-1571-40e8-961b-70044ea493c5,de206049-f16b-4735-bac3-6af89517d5f6,e07abf1a-e63a-4a79-8ed5-11dbd5b7268c,e08f3c2d-0236-4fd0-8b86-d978d047ef93,e5a984fb-9511-483f-9ca8-2624f19dffac,ed0b4e25-e812-41ba-b50b-6963218c597f,ed44140b-5cc4-4d47-8ad1-afdb356aa44b,eee97771-c2ef-426b-8c92-fde92d29fa00,f335762b-0da1-428e-87a0-bec2dfa6b557,f475b91f-4997-46e8-9c30-f89c24d0a3bf,f601dbeb-2cae-4c86-9924-ce54abb0c3fb,fa2d090f-99ed-4048-bc02-56e323844e79,fad1e7bc-99f8-4821-beff-abd4694d5006,fd42dc28-9ff0-4379-8e65-fbca6f35de60,feb6927d-ee9b-40fc-8897-54a2bef67493",f,,3a9ff8c5-8923-4d19-a09e-2c8d79cc7c6f,3a9ff8c5-8923-4d19-a09e-2c8d79cc7c6f,,2025-07-23 08:20:06.041533,2025-07-23 08:20:06.041533,distribution_media_history,hg_stock,distribution_media_history_20260822_080123,2026-08-22 08:01:40.05814
387ad58b-6fba-458c-943b-7d889c574185,bbfd564b-4ac3-4960-b69c-5597e721e02c,t,f,1,7,"","","15b9cfe7-85ee-4d5c-910a-8dd18e3c08a8,211db165-a4e5-46fa-ae35-b3ce4970f396,270551e0-15db-4b4a-8bed-b0a9a3a44dff,4b130012-bca4-48d9-b677-a3bbac756669,5026b271-3ca4-475e-b42b-ecaef67294c8,52cea1c3-a193-411f-adb4-a6fbffe220eb,629885eb-65c4-4921-a300-3c618c8961e3,7657821d-0928-4099-92a1-2146097c66b0,7ad7d9b9-4600-4db5-a3a8-e7c243499008,ba826125-ec02-4f09-b0d4-9e4aeeb11c0a,db869e71-ba93-441b-a264-32c62f017853,df42ed2a-f2da-49a1-a4ea-36e358b59bee,fcdd5322-049e-4b50-aecf-593d36d18b8f","","",f,,0f6daea2-999c-4fdf-83f5-8814ec33ce49,0f6daea2-999c-4fdf-83f5-8814ec33ce49,,2025-05-05 08:39:29.189898,2025-05-05 08:39:29.189898,distribution_media_history,hg_stock,distribution_media_history_20260822_080123,2026-08-22 08:01:40.05814
387b983c-50ba-4d89-883f-5e39ddaab679,7bd6ad72-ca57-4610-a4da-4fd6a6c68d27,f,f,1,45,"","",bdd9d4f3-6a59-4a34-8087-8b6c644ced64,"","",f,"",229dc6f0-0c2f-42cc-8d32-7c3397e96194,229dc6f0-0c2f-42cc-8d32-7c3397e96194,,2025-11-07 03:32:33.009676,2025-11-07 03:32:33.009676,distribution_media_history,hg_stock,distribution_media_history_20260822_080123,2026-08-22 08:01:40.05814
387adf9d-c846-4efd-990b-4bd1c20387e2,afd3881d-f85e-4465-a188-d08d72116eed,t,f,1,7,"","","15b9cfe7-85ee-4d5c-910a-8dd18e3c08a8,211db165-a4e5-46fa-ae35-b3ce4970f396,270551e0-15db-4b4a-8bed-b0a9a3a44dff,469f562c-a07c-4e5e-9294-ca2b7f3e96c5,4b130012-bca4-48d9-b677-a3bbac756669,5026b271-3ca4-475e-b42b-ecaef67294c8,52cea1c3-a193-411f-adb4-a6fbffe220eb,629885eb-65c4-4921-a300-3c618c8961e3,7657821d-0928-4099-92a1-2146097c66b0,7ad7d9b9-4600-4db5-a3a8-e7c243499008,ba826125-ec02-4f09-b0d4-9e4aeeb11c0a,db869e71-ba93-441b-a264-32c62f017853,df42ed2a-f2da-49a1-a4ea-36e358b59bee,fcdd5322-049e-4b50-aecf-593d36d18b8f","","",f,,,,,2025-05-05 08:39:29.185384,2025-05-05 08:39:29.185384,distribution_media_history,hg_stock,distribution_media_history_20260822_080123,2026-08-22 08:01:40.05814
387ae84e-4dde-46bb-a300-c79ace21b4b8,2491c319-e10d-407a-86d7-b535558f1113,f,f,1,90,"","","",87126131-51a3-46a3-b4ac-2ec2cce25711,"",f,"",229dc6f0-0c2f-42cc-8d32-7c3397e96194,229dc6f0-0c2f-42cc-8d32-7c3397e96194,,2026-04-20 04:55:25.370019,2026-04-20 04:55:25.370019,distribution_media_history,hg_stock,distribution_media_history_20260822_080123,2026-08-22 08:01:40.05814
387ae99f-cdc3-4972-aae8-2ba6217690c0,843e87b4-b8f9-4ce8-8abe-bb16dd23b86d,f,f,1,30,"","","","","",f,1190b645-1f41-44cb-8680-5726382adcc2,358dceb1-c1b0-46b9-a24f-c1b6a7fdb2dd,358dceb1-c1b0-46b9-a24f-c1b6a7fdb2dd,,2026-01-20 08:57:01.503147,2026-01-20 08:57:01.503147,distribution_media_history,hg_stock,distribution_media_history_20260822_080123,2026-08-22 08:01:40.05814
387af260-1994-454d-b280-f24e15c00a46,5cb81e12-6b49-47a5-b74e-1a4be0cf9e65,f,f,1,0,"","","","","",f,1190b645-1f41-44cb-8680-5726382adcc2,358dceb1-c1b0-46b9-a24f-c1b6a7fdb2dd,358dceb1-c1b0-46b9-a24f-c1b6a7fdb2dd,,2026-03-03 08:34:03.067119,2026-03-03 08:34:03.067119,distribution_media_history,hg_stock,distribution_media_history_20260822_080123,2026-08-22 08:01:40.05814
387be169-d758-45b3-9f26-35f2830a0354,9e04709e-00c0-4d05-b1f7-7e59802662bc,t,f,1,7,"","","15b9cfe7-85ee-4d5c-910a-8dd18e3c08a8,211db165-a4e5-46fa-ae35-b3ce4970f396,270551e0-15db-4b4a-8bed-b0a9a3a44dff,4b130012-bca4-48d9-b677-a3bbac756669,5026b271-3ca4-475e-b42b-ecaef67294c8,52cea1c3-a193-411f-adb4-a6fbffe220eb,629885eb-65c4-4921-a300-3c618c8961e3,7657821d-0928-4099-92a1-2146097c66b0,7ad7d9b9-4600-4db5-a3a8-e7c243499008,ba826125-ec02-4f09-b0d4-9e4aeeb11c0a,db869e71-ba93-441b-a264-32c62f017853,df42ed2a-f2da-49a1-a4ea-36e358b59bee,fcdd5322-049e-4b50-aecf-593d36d18b8f","","",f,,81822c2b-f027-46a0-bb46-a140cba49a5c,81822c2b-f027-46a0-bb46-a140cba49a5c,,2025-05-05 08:39:01.532325,2025-05-05 08:39:01.532325,distribution_media_history,hg_stock,distribution_media_history_20260822_080123,2026-08-22 08:01:40.05814
387be9a3-3007-4990-83db-e07869977fd4,55a8977e-8b53-445d-9ff9-b57640cd689c,f,t,1,7,"","","","",c7d6dfca-f11a-46e5-a9cb-c4d100b12eec,f,,5d7a9893-6e21-4a12-bf1b-8594646e7b4d,5d7a9893-6e21-4a12-bf1b-8594646e7b4d,,2025-05-09 01:59:14.610028,2025-05-09 01:59:14.610028,distribution_media_history,hg_stock,distribution_media_history_20260822_080123,2026-08-22 08:01:40.05814
387c09c2-aa53-4a58-a4b5-13cf241ea86e,ecfdb62c-c6bc-417d-adac-d88f94b9d3bd,f,f,1,-1,ae0b1e4f-25ee-477b-9b8f-d8e66f1c1b95,"","",87126131-51a3-46a3-b4ac-2ec2cce25711,"",f,"",229dc6f0-0c2f-42cc-8d32-7c3397e96194,229dc6f0-0c2f-42cc-8d32-7c3397e96194,,2026-04-20 11:03:23.212092,2026-04-20 11:03:23.212092,distribution_media_history,hg_stock,distribution_media_history_20260822_080123,2026-08-22 08:01:40.05814
387c10b1-a7da-41a7-a9af-6b85090aca02,f1a2dd3b-53f9-43fb-842e-cd12a1621123,f,f,1,7,"","","48a1af96-5a7d-40d9-8ebe-4e3655f14e4b,7a389018-94d3-443d-9646-ed7b63117169,854cae12-c88d-4bb4-85cf-4ed044d8e963,be3902b4-f926-4850-ba31-f18b178b9d39,f30dad8c-85eb-43c2-a375-5d3fe9ff31ce,f5a4dab5-df91-4776-9a1f-1c2e1ed7ce8b","","",f,,,,,2025-05-05 08:40:39.200029,2025-05-05 08:40:39.200029,distribution_media_history,hg_stock,distribution_media_history_20260822_080123,2026-08-22 08:01:40.05814
387af48d-7454-4624-89e0-fe1b8495d333,f4f2d8b6-5c64-48a6-b691-104a6218cc2f,t,f,1,7,"","","","","04cee13a-69b0-41f1-b39c-889f9bd82938,17f48f51-7f38-41b0-a897-21f240726378,189d5957-a376-4804-9ac9-d3ac913f29b2,22c49afc-02e4-47e8-a4ab-9f0c0546ea68,3084841c-a70b-40d9-9edb-7aa498a50dc1,36298fa0-1ce7-4bae-8c41-db0a98d0341a,396221b9-cdc5-45b2-a79f-2d6de550fda9,3ee41b7a-96b5-4ab9-901b-3e0866188b6d,404f9125-d4c4-4da9-ad88-f829bb17ba62,489f9411-5f7e-4301-814a-60567e4e3e30,59113c8d-b24b-43e2-96f3-1eb18e9020bc,66cd6c10-7895-4502-937a-583c0d9ab692,6fccedd4-9c2a-4b13-a908-32363d8ab09d,7f65daf7-a4b7-4c1d-9b27-95a3e2321af0,7ffdacef-5d02-4aa8-b3d3-84c85d823164,82ce273c-9538-45d9-bc55-81d4406d2896,83546f70-3b79-4803-a00d-d4d620662403,84a48d11-c91a-4704-984d-487c05e520f8,8664aefc-082d-45bf-997c-d7924cdc450f,8b53e647-7506-4329-8541-838a25dc90b3,93ab8008-587a-4a00-a78b-1ea011796b10,96fdf1dd-c29d-48c0-9942-b89777d4f662,980be853-40ae-403e-9dfb-e5a0644a55da,988558f8-ab30-4768-aed0-ddcc6cb6b630,a45aa42c-5285-4ac5-8fe7-a51fbd5e1447,aa6908d1-4b4a-4472-8767-934000773385,afe4ba65-c5e3-4bbb-9e23-6ccb370dc871,b5793a82-9df0-404c-b478-a81c03ae4e6c,bd408cb0-2cde-4b1a-b556-8da94c325e1c,c0cc4ed9-8760-4184-b93c-e698dfb46246,c6f97750-2e14-4bb0-8d48-6d7b75af9afb,cbc183a5-8bbf-4ef0-988c-7b542efb0f71,d369fc61-1571-40e8-961b-70044ea493c5,de206049-f16b-4735-bac3-6af89517d5f6,e07abf1a-e63a-4a79-8ed5-11dbd5b7268c,e08f3c2d-0236-4fd0-8b86-d978d047ef93,e5a984fb-9511-483f-9ca8-2624f19dffac,ed0b4e25-e812-41ba-b50b-6963218c597f,ed44140b-5cc4-4d47-8ad1-afdb356aa44b,eee97771-c2ef-426b-8c92-fde92d29fa00,f335762b-0da1-428e-87a0-bec2dfa6b557,f475b91f-4997-46e8-9c30-f89c24d0a3bf,f601dbeb-2cae-4c86-9924-ce54abb0c3fb,fa2d090f-99ed-4048-bc02-56e323844e79,fad1e7bc-99f8-4821-beff-abd4694d5006,fd42dc28-9ff0-4379-8e65-fbca6f35de60,feb6927d-ee9b-40fc-8897-54a2bef67493",f,,3a9ff8c5-8923-4d19-a09e-2c8d79cc7c6f,3a9ff8c5-8923-4d19-a09e-2c8d79cc7c6f,,2025-07-18 07:55:08.180277,2025-07-18 07:55:08.180277,distribution_media_history,hg_stock,distribution_media_history_20260822_080123,2026-08-22 08:01:40.05814
387af89b-1032-4fc2-b4cd-e1b4e4ca2aa5,ac15c982-88a9-4661-bf5b-ff433f5821f2,f,f,1,90,"","","","","",f,1190b645-1f41-44cb-8680-5726382adcc2,358dceb1-c1b0-46b9-a24f-c1b6a7fdb2dd,358dceb1-c1b0-46b9-a24f-c1b6a7fdb2dd,,2026-03-04 05:08:14.537726,2026-03-04 05:08:14.537726,distribution_media_history,hg_stock,distribution_media_history_20260822_080123,2026-08-22 08:01:40.05814
387b04b5-201a-42b0-9220-e2752ebc1d17,0bc7af25-1b26-4a49-ae70-2f9f4113630a,f,f,1,7,"","","48a1af96-5a7d-40d9-8ebe-4e3655f14e4b,7a389018-94d3-443d-9646-ed7b63117169,854cae12-c88d-4bb4-85cf-4ed044d8e963,f30dad8c-85eb-43c2-a375-5d3fe9ff31ce,f5a4dab5-df91-4776-9a1f-1c2e1ed7ce8b","","",f,,,,,2025-05-05 08:35:56.507997,2025-05-05 08:35:56.507997,distribution_media_history,hg_stock,distribution_media_history_20260822_080123,2026-08-22 08:01:40.05814
387b0a3f-ac1a-4917-80f3-6f52235ae426,eeb05cdf-1175-4ea4-a34f-abd359cdb1de,f,f,1,0,"","","","","",f,1190b645-1f41-44cb-8680-5726382adcc2,358dceb1-c1b0-46b9-a24f-c1b6a7fdb2dd,358dceb1-c1b0-46b9-a24f-c1b6a7fdb2dd,,2026-03-03 10:46:25.616951,2026-03-03 10:46:25.616951,distribution_media_history,hg_stock,distribution_media_history_20260822_080123,2026-08-22 08:01:40.05814
387b0e2f-066c-4e66-8fe5-6a4a1745b2f8,9dd03e85-252b-4fbf-be45-25f577254164,f,f,1,90,"","","","","",f,1190b645-1f41-44cb-8680-5726382adcc2,358dceb1-c1b0-46b9-a24f-c1b6a7fdb2dd,358dceb1-c1b0-46b9-a24f-c1b6a7fdb2dd,,2026-03-04 05:07:39.58807,2026-03-04 05:07:39.58807,distribution_media_history,hg_stock,distribution_media_history_20260822_080123,2026-08-22 08:01:40.05814
387b2420-a873-4478-931d-4118ff3df578,581e8deb-1faa-4dc5-a145-df911df36d0a,t,t,1,7,"","","","","04cee13a-69b0-41f1-b39c-889f9bd82938,17f48f51-7f38-41b0-a897-21f240726378,189d5957-a376-4804-9ac9-d3ac913f29b2,22c49afc-02e4-47e8-a4ab-9f0c0546ea68,3084841c-a70b-40d9-9edb-7aa498a50dc1,36298fa0-1ce7-4bae-8c41-db0a98d0341a,396221b9-cdc5-45b2-a79f-2d6de550fda9,3ee41b7a-96b5-4ab9-901b-3e0866188b6d,404f9125-d4c4-4da9-ad88-f829bb17ba62,489f9411-5f7e-4301-814a-60567e4e3e30,59113c8d-b24b-43e2-96f3-1eb18e9020bc,66cd6c10-7895-4502-937a-583c0d9ab692,6fccedd4-9c2a-4b13-a908-32363d8ab09d,7f65daf7-a4b7-4c1d-9b27-95a3e2321af0,7ffdacef-5d02-4aa8-b3d3-84c85d823164,82ce273c-9538-45d9-bc55-81d4406d2896,83546f70-3b79-4803-a00d-d4d620662403,84a48d11-c91a-4704-984d-487c05e520f8,8664aefc-082d-45bf-997c-d7924cdc450f,8b53e647-7506-4329-8541-838a25dc90b3,980be853-40ae-403e-9dfb-e5a0644a55da,988558f8-ab30-4768-aed0-ddcc6cb6b630,a45aa42c-5285-4ac5-8fe7-a51fbd5e1447,aa6908d1-4b4a-4472-8767-934000773385,afe4ba65-c5e3-4bbb-9e23-6ccb370dc871,b5793a82-9df0-404c-b478-a81c03ae4e6c,bd408cb0-2cde-4b1a-b556-8da94c325e1c,c0cc4ed9-8760-4184-b93c-e698dfb46246,c6f97750-2e14-4bb0-8d48-6d7b75af9afb,cbc183a5-8bbf-4ef0-988c-7b542efb0f71,d369fc61-1571-40e8-961b-70044ea493c5,de206049-f16b-4735-bac3-6af89517d5f6,e07abf1a-e63a-4a79-8ed5-11dbd5b7268c,e08f3c2d-0236-4fd0-8b86-d978d047ef93,e5a984fb-9511-483f-9ca8-2624f19dffac,ed0b4e25-e812-41ba-b50b-6963218c597f,ed44140b-5cc4-4d47-8ad1-afdb356aa44b,eee97771-c2ef-426b-8c92-fde92d29fa00,f335762b-0da1-428e-87a0-bec2dfa6b557,f475b91f-4997-46e8-9c30-f89c24d0a3bf,f601dbeb-2cae-4c86-9924-ce54abb0c3fb,fa2d090f-99ed-4048-bc02-56e323844e79,fad1e7bc-99f8-4821-beff-abd4694d5006,fd42dc28-9ff0-4379-8e65-fbca6f35de60,feb6927d-ee9b-40fc-8897-54a2bef67493",f,,3a9ff8c5-8923-4d19-a09e-2c8d79cc7c6f,3a9ff8c5-8923-4d19-a09e-2c8d79cc7c6f,,2025-06-28 07:48:00.258031,2025-06-28 07:48:00.258031,distribution_media_history,hg_stock,distribution_media_history_20260822_080123,2026-08-22 08:01:40.05814
387d0c62-43e8-487d-bbc2-c61ea9b32455,37c33957-8181-4f1f-a799-515309f2a0e9,f,f,1,90,"","","","","",t,"1190b645-1f41-44cb-8680-5726382adcc2,810a971a-8ddc-4ef0-9f85-d8eba152507c",358dceb1-c1b0-46b9-a24f-c1b6a7fdb2dd,358dceb1-c1b0-46b9-a24f-c1b6a7fdb2dd,,2026-03-11 04:33:04.978441,2026-03-11 04:33:04.978441,distribution_media_history,hg_stock,distribution_media_history_20260822_080123,2026-08-22 08:01:40.05814
387b2572-66a0-49c4-9778-8602ec4e4845,49704814-3919-4e52-a1ef-df71798d0326,f,f,1,7,"","","","","0e66f808-8255-4604-aaf0-9a7a4964d2cd,0e9ac747-2549-4974-bf10-36762e2bf4b0,29f35b62-0270-4b91-94a5-bae512d85a45,4c0cbfd7-86ea-4793-af3c-b80645310be9,60a9a846-b417-49d7-9427-c8ec1c7a3da8,6e15b7fa-501b-4eb6-bf2d-dd180ec21f95,76b573f0-c076-4f30-bb45-10afd9f320d6,76b93f53-1224-46c0-a52d-5c203c94d023,815769f5-d711-4504-9d5e-83c3005e9cba,82765a10-75aa-48a7-8105-1de60aaee953,9e3bf329-f6e8-4ee4-8532-41b9887c99fc,a0df7f95-fdf7-4afa-92ce-ac5e96e6b263,b4e5cf70-0101-434d-9205-f2653b64a710,bb6dc5fe-6cb5-4538-8b5c-151496234970,d8df1fe2-060e-43cc-9ed4-8a41ab2d5561,e04fae25-e4c3-4f4d-9d5c-d19bd7d0ecf5,e86c043e-7cef-418e-b148-8b1e89211f30,edf228c1-66f9-4f81-8a21-cfb7c893e9c4",f,,3a9ff8c5-8923-4d19-a09e-2c8d79cc7c6f,3a9ff8c5-8923-4d19-a09e-2c8d79cc7c6f,,2025-07-30 02:08:15.014469,2025-07-30 02:08:15.014469,distribution_media_history,hg_stock,distribution_media_history_20260822_080123,2026-08-22 08:01:40.05814
387b31e8-5e49-4582-bfa2-e7eba25818f4,5392b76d-3f99-4b0b-b97f-4a02014fa950,f,f,1,7,"","","48a1af96-5a7d-40d9-8ebe-4e3655f14e4b,7a389018-94d3-443d-9646-ed7b63117169,854cae12-c88d-4bb4-85cf-4ed044d8e963,be3902b4-f926-4850-ba31-f18b178b9d39","","",f,,,,,2025-05-05 08:37:15.095142,2025-05-05 08:37:15.095142,distribution_media_history,hg_stock,distribution_media_history_20260822_080123,2026-08-22 08:01:40.05814
387b3a15-dbff-4fab-bf92-ba30d771f2a0,570c3d01-edca-45b6-a227-e3f700643c4e,f,f,1,45,"","",bdd9d4f3-6a59-4a34-8087-8b6c644ced64,"","",f,"",229dc6f0-0c2f-42cc-8d32-7c3397e96194,229dc6f0-0c2f-42cc-8d32-7c3397e96194,,2025-11-07 02:29:39.278901,2025-11-07 02:29:39.278901,distribution_media_history,hg_stock,distribution_media_history_20260822_080123,2026-08-22 08:01:40.05814
387beeeb-785b-4a94-bf33-5552ba64b103,3bb14ff8-45c4-41a0-9e35-070277dc84ed,f,f,1,7,"","","","","0b0ddaa4-3592-40d8-9e46-8986bb004c15,0b9514d0-df14-4cb2-96f7-66a88144edf3,0f765cb9-0d18-4f74-8660-46b3abfb3dec,135d3088-99fc-444c-9b9a-21a2e9bb5a59,19e015cb-ccd1-49e3-aad5-8605feb595f2,1b235ed6-c69a-464f-ae4a-0a23b05ec631,3d6826f7-2626-4a37-aeaa-48f96a9b0b91,43bf3c8b-89b1-4138-8ae9-f564bb06596c,4761ea79-5165-4fa7-a980-b09454c0fb14,490497dc-5a22-4f3e-aabd-15f555818c32,49e1848d-584f-4cfd-9d91-3708bc10b099,4efd73e0-67fa-4115-a5ff-123905684fcf,5a8b441b-a204-43ba-9493-377cef94f449,5d673e15-d21b-4a74-98aa-195b698a2fdd,5deee3c3-3888-46e0-899e-9cb092a60f26,635fefea-3f23-4852-88e5-2b8787d39773,73670add-5585-47ce-97c1-a08bdeb7f956,7619809a-ea3b-4a3b-ad6f-d84bdffb9786,9a58ee71-326b-4905-990a-f59c329facbb,9af7cf68-33a0-4d0a-9577-cba1a3ad1f22,a3df88a3-5af1-48cd-9570-ccf048b9071c,a9993709-50ba-4ebf-8d58-28cc482cd3df,b706c9f6-115c-4ffd-bcdd-9a7c18f4fb57,b7839bea-a6e2-4014-bdd7-d5552de23eac,c0fe700c-34ee-4739-abf9-5a0a78b4c291,c26c67b9-c472-487d-ba06-5a9ea82d6183,cba4399c-df4c-40b7-ac8c-9c4a802bac2a,d0e703c9-c972-4e72-ab5b-5e85d12e7ddb,db6b31ce-1c0c-4728-abcd-c3f6d68467c4,dc4363f3-47bf-417d-bf6c-87ec7b129a23,dd0d89e0-28ec-4fce-a39a-afadc639b807,e2233413-cda5-4ef5-b8df-670690f74b06,ec59ef1c-d0d8-4934-8a42-7775c710491c,f4dd4428-bf65-4513-b8be-601d0d1d43d6,f90efe4e-4b5e-486c-9a25-c8a76e85f137",f,,a61e2437-628b-43e7-a32c-f948290dbba9,a61e2437-628b-43e7-a32c-f948290dbba9,,2025-08-01 07:21:20.774429,2025-08-01 07:21:20.774429,distribution_media_history,hg_stock,distribution_media_history_20260822_080123,2026-08-22 08:01:40.05814
387b4cb7-70ef-4d54-a32c-20628b8176ec,2f765dd8-2c20-465d-a7b6-f819a1880048,t,t,1,7,"","","","","04cee13a-69b0-41f1-b39c-889f9bd82938,17f48f51-7f38-41b0-a897-21f240726378,189d5957-a376-4804-9ac9-d3ac913f29b2,22c49afc-02e4-47e8-a4ab-9f0c0546ea68,3084841c-a70b-40d9-9edb-7aa498a50dc1,36298fa0-1ce7-4bae-8c41-db0a98d0341a,396221b9-cdc5-45b2-a79f-2d6de550fda9,3ee41b7a-96b5-4ab9-901b-3e0866188b6d,404f9125-d4c4-4da9-ad88-f829bb17ba62,489f9411-5f7e-4301-814a-60567e4e3e30,59113c8d-b24b-43e2-96f3-1eb18e9020bc,66cd6c10-7895-4502-937a-583c0d9ab692,6fccedd4-9c2a-4b13-a908-32363d8ab09d,7f65daf7-a4b7-4c1d-9b27-95a3e2321af0,7ffdacef-5d02-4aa8-b3d3-84c85d823164,82ce273c-9538-45d9-bc55-81d4406d2896,83546f70-3b79-4803-a00d-d4d620662403,84a48d11-c91a-4704-984d-487c05e520f8,8664aefc-082d-45bf-997c-d7924cdc450f,8b53e647-7506-4329-8541-838a25dc90b3,980be853-40ae-403e-9dfb-e5a0644a55da,988558f8-ab30-4768-aed0-ddcc6cb6b630,a45aa42c-5285-4ac5-8fe7-a51fbd5e1447,aa6908d1-4b4a-4472-8767-934000773385,afe4ba65-c5e3-4bbb-9e23-6ccb370dc871,b5793a82-9df0-404c-b478-a81c03ae4e6c,bd408cb0-2cde-4b1a-b556-8da94c325e1c,c0cc4ed9-8760-4184-b93c-e698dfb46246,c6f97750-2e14-4bb0-8d48-6d7b75af9afb,cbc183a5-8bbf-4ef0-988c-7b542efb0f71,d369fc61-1571-40e8-961b-70044ea493c5,de206049-f16b-4735-bac3-6af89517d5f6,e07abf1a-e63a-4a79-8ed5-11dbd5b7268c,e08f3c2d-0236-4fd0-8b86-d978d047ef93,e5a984fb-9511-483f-9ca8-2624f19dffac,ed0b4e25-e812-41ba-b50b-6963218c597f,ed44140b-5cc4-4d47-8ad1-afdb356aa44b,eee97771-c2ef-426b-8c92-fde92d29fa00,f335762b-0da1-428e-87a0-bec2dfa6b557,f475b91f-4997-46e8-9c30-f89c24d0a3bf,f601dbeb-2cae-4c86-9924-ce54abb0c3fb,fa2d090f-99ed-4048-bc02-56e323844e79,fad1e7bc-99f8-4821-beff-abd4694d5006,fd42dc28-9ff0-4379-8e65-fbca6f35de60,feb6927d-ee9b-40fc-8897-54a2bef67493",f,,3a9ff8c5-8923-4d19-a09e-2c8d79cc7c6f,3a9ff8c5-8923-4d19-a09e-2c8d79cc7c6f,,2025-06-28 07:48:00.261864,2025-06-28 07:48:00.261864,distribution_media_history,hg_stock,distribution_media_history_20260822_080123,2026-08-22 08:01:40.05814
387b5617-716a-47d8-864a-fe8dea21b4bd,5578bc08-0b20-4308-a8df-81981b2eb442,t,f,1,30,"","","","","",f,1cdbc000-1c24-485c-8e71-fb91a4d5fcb6,3a9ff8c5-8923-4d19-a09e-2c8d79cc7c6f,3a9ff8c5-8923-4d19-a09e-2c8d79cc7c6f,,2025-10-28 03:11:12.174232,2025-10-28 03:11:12.174232,distribution_media_history,hg_stock,distribution_media_history_20260822_080123,2026-08-22 08:01:40.05814
387b56cb-e101-4fee-a89f-0e8d97ba4abc,3dacf6d4-7f3b-49db-8d1d-84f8fa986f59,f,f,1,90,"","","","","",t,"1190b645-1f41-44cb-8680-5726382adcc2,de337a89-766b-4121-bf74-03703fbc9236",358dceb1-c1b0-46b9-a24f-c1b6a7fdb2dd,358dceb1-c1b0-46b9-a24f-c1b6a7fdb2dd,,2026-03-18 15:06:02.873542,2026-03-18 15:06:02.873542,distribution_media_history,hg_stock,distribution_media_history_20260822_080123,2026-08-22 08:01:40.05814
387b5754-2452-4106-b784-810c9525a35e,9757eb52-2c99-4133-a927-d0a4b7ecfaa2,f,f,1,7,"","4e3eac7c-e6d8-4e10-b8b5-b66bcc744495,97ee41e4-8f90-4991-8d67-df26d970bf62,d7963566-500a-402e-8180-762ffa9f348c","","","",f,"",97ee41e4-8f90-4991-8d67-df26d970bf62,97ee41e4-8f90-4991-8d67-df26d970bf62,,2025-08-19 02:58:20.462281,2025-08-19 02:58:20.462281,distribution_media_history,hg_stock,distribution_media_history_20260822_080123,2026-08-22 08:01:40.05814
387b5f93-2b74-439c-ac7f-7e6f6517d405,16b7a656-313c-446a-941b-d4428c9d81fc,f,f,1,7,"","","48a1af96-5a7d-40d9-8ebe-4e3655f14e4b,64362801-3c17-4e99-b10a-bc7a8dc10c14,854cae12-c88d-4bb4-85cf-4ed044d8e963,be3902b4-f926-4850-ba31-f18b178b9d39,f30dad8c-85eb-43c2-a375-5d3fe9ff31ce,f5a4dab5-df91-4776-9a1f-1c2e1ed7ce8b","","",f,,,,,2025-05-05 08:36:18.769285,2025-05-05 08:36:18.769285,distribution_media_history,hg_stock,distribution_media_history_20260822_080123,2026-08-22 08:01:40.05814
387b6a94-a36f-40c6-9c54-a5e9e1cb86f5,8e5e7c03-7fe7-4f06-b2e7-64bbb4b997d5,f,f,1,30,"","","","",5d673e15-d21b-4a74-98aa-195b698a2fdd,f,"",3a67bc3d-1077-4be0-9f5a-846a08f8c71b,3a67bc3d-1077-4be0-9f5a-846a08f8c71b,,2025-11-21 10:33:02.470354,2025-11-21 10:33:02.470354,distribution_media_history,hg_stock,distribution_media_history_20260822_080123,2026-08-22 08:01:40.05814
387b777b-0fc0-4e3a-8905-8dae256735c5,b71e5366-010f-4c9a-837b-ef29b61d2e0c,f,f,1,45,"","","",af13f5cc-6b51-4949-ad6c-1786c27eaa3d,"",f,"",ed8e0c83-aaec-49eb-8379-90f06bb587ed,ed8e0c83-aaec-49eb-8379-90f06bb587ed,,2025-11-12 06:48:44.272553,2025-11-12 06:48:44.272553,distribution_media_history,hg_stock,distribution_media_history_20260822_080123,2026-08-22 08:01:40.05814
387b977c-34be-43c2-b014-e171bfabde03,fcb47c8b-9400-41ff-a1a6-baf05a31225d,t,t,1,7,"","","0749da15-f004-4cad-8a3f-26ebdf77e84c,0cffc79b-1bd0-4f1d-a3a6-5d681ef29479","","",f,,a487b65e-6fc8-47db-8c5a-6c364a9e9d96,a487b65e-6fc8-47db-8c5a-6c364a9e9d96,,2025-06-27 02:32:10.065244,2025-06-27 02:32:10.065244,distribution_media_history,hg_stock,distribution_media_history_20260822_080123,2026-08-22 08:01:40.05814
387ba805-47fe-44a1-8a82-81890f49aef5,2e6fa1e2-406f-4f32-9b31-81c6c7420bf9,t,f,1,7,"","","","","04cee13a-69b0-41f1-b39c-889f9bd82938,17f48f51-7f38-41b0-a897-21f240726378,189d5957-a376-4804-9ac9-d3ac913f29b2,22c49afc-02e4-47e8-a4ab-9f0c0546ea68,3084841c-a70b-40d9-9edb-7aa498a50dc1,36298fa0-1ce7-4bae-8c41-db0a98d0341a,396221b9-cdc5-45b2-a79f-2d6de550fda9,3ee41b7a-96b5-4ab9-901b-3e0866188b6d,404f9125-d4c4-4da9-ad88-f829bb17ba62,489f9411-5f7e-4301-814a-60567e4e3e30,59113c8d-b24b-43e2-96f3-1eb18e9020bc,66cd6c10-7895-4502-937a-583c0d9ab692,6fccedd4-9c2a-4b13-a908-32363d8ab09d,7f65daf7-a4b7-4c1d-9b27-95a3e2321af0,7ffdacef-5d02-4aa8-b3d3-84c85d823164,82ce273c-9538-45d9-bc55-81d4406d2896,83546f70-3b79-4803-a00d-d4d620662403,84a48d11-c91a-4704-984d-487c05e520f8,8664aefc-082d-45bf-997c-d7924cdc450f,8b53e647-7506-4329-8541-838a25dc90b3,980be853-40ae-403e-9dfb-e5a0644a55da,988558f8-ab30-4768-aed0-ddcc6cb6b630,a45aa42c-5285-4ac5-8fe7-a51fbd5e1447,aa6908d1-4b4a-4472-8767-934000773385,afe4ba65-c5e3-4bbb-9e23-6ccb370dc871,b5793a82-9df0-404c-b478-a81c03ae4e6c,bd408cb0-2cde-4b1a-b556-8da94c325e1c,c0cc4ed9-8760-4184-b93c-e698dfb46246,c6f97750-2e14-4bb0-8d48-6d7b75af9afb,cbc183a5-8bbf-4ef0-988c-7b542efb0f71,d369fc61-1571-40e8-961b-70044ea493c5,de206049-f16b-4735-bac3-6af89517d5f6,e07abf1a-e63a-4a79-8ed5-11dbd5b7268c,e08f3c2d-0236-4fd0-8b86-d978d047ef93,e5a984fb-9511-483f-9ca8-2624f19dffac,ed0b4e25-e812-41ba-b50b-6963218c597f,ed44140b-5cc4-4d47-8ad1-afdb356aa44b,eee97771-c2ef-426b-8c92-fde92d29fa00,f335762b-0da1-428e-87a0-bec2dfa6b557,f475b91f-4997-46e8-9c30-f89c24d0a3bf,f601dbeb-2cae-4c86-9924-ce54abb0c3fb,fa2d090f-99ed-4048-bc02-56e323844e79,fad1e7bc-99f8-4821-beff-abd4694d5006,fd42dc28-9ff0-4379-8e65-fbca6f35de60,feb6927d-ee9b-40fc-8897-54a2bef67493",f,,3a9ff8c5-8923-4d19-a09e-2c8d79cc7c6f,3a9ff8c5-8923-4d19-a09e-2c8d79cc7c6f,,2025-06-28 07:48:00.261936,2025-06-28 07:48:00.261936,distribution_media_history,hg_stock,distribution_media_history_20260822_080123,2026-08-22 08:01:40.05814
387ba95a-6cf6-49a7-9339-5cfe5360e041,4b13a3e1-6f6a-40d5-93c3-c1f7b12ffc04,t,f,1,7,"","","","","04cee13a-69b0-41f1-b39c-889f9bd82938,17f48f51-7f38-41b0-a897-21f240726378,189d5957-a376-4804-9ac9-d3ac913f29b2,22c49afc-02e4-47e8-a4ab-9f0c0546ea68,3084841c-a70b-40d9-9edb-7aa498a50dc1,36298fa0-1ce7-4bae-8c41-db0a98d0341a,396221b9-cdc5-45b2-a79f-2d6de550fda9,3ee41b7a-96b5-4ab9-901b-3e0866188b6d,404f9125-d4c4-4da9-ad88-f829bb17ba62,489f9411-5f7e-4301-814a-60567e4e3e30,59113c8d-b24b-43e2-96f3-1eb18e9020bc,5c1b1d8f-d4a9-4a22-934a-43831e85d1e4,66cd6c10-7895-4502-937a-583c0d9ab692,7f65daf7-a4b7-4c1d-9b27-95a3e2321af0,7ffdacef-5d02-4aa8-b3d3-84c85d823164,83546f70-3b79-4803-a00d-d4d620662403,84a48d11-c91a-4704-984d-487c05e520f8,8664aefc-082d-45bf-997c-d7924cdc450f,8b53e647-7506-4329-8541-838a25dc90b3,988558f8-ab30-4768-aed0-ddcc6cb6b630,9f332297-3b6b-4a98-bcd8-bc8da41105dd,a45aa42c-5285-4ac5-8fe7-a51fbd5e1447,aa6908d1-4b4a-4472-8767-934000773385,b5793a82-9df0-404c-b478-a81c03ae4e6c,b5a513f2-8d65-4512-90c0-7fa3c7311a61,b7f0a1f8-0078-4361-a39c-609cbc0fa09c,bd408cb0-2cde-4b1a-b556-8da94c325e1c,c0cc4ed9-8760-4184-b93c-e698dfb46246,c4b978df-9107-4eb9-a678-e621c83f0e48,c6f97750-2e14-4bb0-8d48-6d7b75af9afb,d369fc61-1571-40e8-961b-70044ea493c5,de206049-f16b-4735-bac3-6af89517d5f6,e08f3c2d-0236-4fd0-8b86-d978d047ef93,ed0b4e25-e812-41ba-b50b-6963218c597f,ed44140b-5cc4-4d47-8ad1-afdb356aa44b,f335762b-0da1-428e-87a0-bec2dfa6b557,f475b91f-4997-46e8-9c30-f89c24d0a3bf,f601dbeb-2cae-4c86-9924-ce54abb0c3fb,fad1e7bc-99f8-4821-beff-abd4694d5006,feb6927d-ee9b-40fc-8897-54a2bef67493",f,"",3a9ff8c5-8923-4d19-a09e-2c8d79cc7c6f,3a9ff8c5-8923-4d19-a09e-2c8d79cc7c6f,,2025-08-09 08:10:33.866075,2025-08-09 08:10:33.866075,distribution_media_history,hg_stock,distribution_media_history_20260822_080123,2026-08-22 08:01:40.05814
387bbc4c-9779-4b30-8723-7f0ffe06ad4e,a38fd9ec-68b5-4c2e-92db-02b93d6a03b4,f,t,1,7,"",b20ebc71-f593-4f81-8bda-6fe6c2f816d5,"","","",f,,64b8fbbd-2c97-4ce9-b137-2e55cfd7e771,64b8fbbd-2c97-4ce9-b137-2e55cfd7e771,,2025-05-16 02:42:51.909339,2025-05-16 02:42:51.909339,distribution_media_history,hg_stock,distribution_media_history_20260822_080123,2026-08-22 08:01:40.05814
387c1302-a38a-4cbc-b476-a0dc8d7685d9,5b891845-abb5-445c-b280-71777548326a,t,f,1,7,"","","15b9cfe7-85ee-4d5c-910a-8dd18e3c08a8,211db165-a4e5-46fa-ae35-b3ce4970f396,270551e0-15db-4b4a-8bed-b0a9a3a44dff,4b130012-bca4-48d9-b677-a3bbac756669,5026b271-3ca4-475e-b42b-ecaef67294c8,52cea1c3-a193-411f-adb4-a6fbffe220eb,629885eb-65c4-4921-a300-3c618c8961e3,7657821d-0928-4099-92a1-2146097c66b0,7ad7d9b9-4600-4db5-a3a8-e7c243499008,ba826125-ec02-4f09-b0d4-9e4aeeb11c0a,db869e71-ba93-441b-a264-32c62f017853,df42ed2a-f2da-49a1-a4ea-36e358b59bee,fcdd5322-049e-4b50-aecf-593d36d18b8f","","",f,,6c0fd3cb-bdab-48cb-aa3a-15e7f1662592,6c0fd3cb-bdab-48cb-aa3a-15e7f1662592,,2025-05-05 08:37:27.484431,2025-05-05 08:37:27.484431,distribution_media_history,hg_stock,distribution_media_history_20260822_080123,2026-08-22 08:01:40.05814
387c222e-47c3-4a1d-a28b-c84b168751ec,2a35538a-34c6-41e2-9790-325ad68e21f5,t,t,1,7,"","","","","04cee13a-69b0-41f1-b39c-889f9bd82938,17f48f51-7f38-41b0-a897-21f240726378,189d5957-a376-4804-9ac9-d3ac913f29b2,22c49afc-02e4-47e8-a4ab-9f0c0546ea68,3084841c-a70b-40d9-9edb-7aa498a50dc1,36298fa0-1ce7-4bae-8c41-db0a98d0341a,396221b9-cdc5-45b2-a79f-2d6de550fda9,3ee41b7a-96b5-4ab9-901b-3e0866188b6d,404f9125-d4c4-4da9-ad88-f829bb17ba62,489f9411-5f7e-4301-814a-60567e4e3e30,59113c8d-b24b-43e2-96f3-1eb18e9020bc,5c1b1d8f-d4a9-4a22-934a-43831e85d1e4,66cd6c10-7895-4502-937a-583c0d9ab692,7f65daf7-a4b7-4c1d-9b27-95a3e2321af0,7ffdacef-5d02-4aa8-b3d3-84c85d823164,83546f70-3b79-4803-a00d-d4d620662403,84a48d11-c91a-4704-984d-487c05e520f8,8664aefc-082d-45bf-997c-d7924cdc450f,8b53e647-7506-4329-8541-838a25dc90b3,988558f8-ab30-4768-aed0-ddcc6cb6b630,9f332297-3b6b-4a98-bcd8-bc8da41105dd,a45aa42c-5285-4ac5-8fe7-a51fbd5e1447,aa6908d1-4b4a-4472-8767-934000773385,b5793a82-9df0-404c-b478-a81c03ae4e6c,b5a513f2-8d65-4512-90c0-7fa3c7311a61,b7f0a1f8-0078-4361-a39c-609cbc0fa09c,bd408cb0-2cde-4b1a-b556-8da94c325e1c,c0cc4ed9-8760-4184-b93c-e698dfb46246,c4b978df-9107-4eb9-a678-e621c83f0e48,c6f97750-2e14-4bb0-8d48-6d7b75af9afb,d369fc61-1571-40e8-961b-70044ea493c5,de206049-f16b-4735-bac3-6af89517d5f6,e08f3c2d-0236-4fd0-8b86-d978d047ef93,ed0b4e25-e812-41ba-b50b-6963218c597f,ed44140b-5cc4-4d47-8ad1-afdb356aa44b,f335762b-0da1-428e-87a0-bec2dfa6b557,f475b91f-4997-46e8-9c30-f89c24d0a3bf,f601dbeb-2cae-4c86-9924-ce54abb0c3fb,fad1e7bc-99f8-4821-beff-abd4694d5006,feb6927d-ee9b-40fc-8897-54a2bef67493",f,"",3a9ff8c5-8923-4d19-a09e-2c8d79cc7c6f,3a9ff8c5-8923-4d19-a09e-2c8d79cc7c6f,,2025-08-09 08:20:33.536053,2025-08-09 08:20:33.536053,distribution_media_history,hg_stock,distribution_media_history_20260822_080123,2026-08-22 08:01:40.05814
387c350b-37ef-4bf2-8448-b3de01c53018,7249b69b-75da-4fe4-bc4c-78fe11075ddf,f,f,1,-1,ae0b1e4f-25ee-477b-9b8f-d8e66f1c1b95,"","",87126131-51a3-46a3-b4ac-2ec2cce25711,"",f,"",229dc6f0-0c2f-42cc-8d32-7c3397e96194,229dc6f0-0c2f-42cc-8d32-7c3397e96194,,2026-04-20 11:02:44.582325,2026-04-20 11:02:44.582325,distribution_media_history,hg_stock,distribution_media_history_20260822_080123,2026-08-22 08:01:40.05814
387c3841-5e69-4eb2-b77e-1f4be3fbe92f,7c9040b9-cd28-4195-96ce-8d0ffeb7e114,f,f,1,7,"","",23fab090-e892-486d-8a78-16f6a1031d35,af13f5cc-6b51-4949-ad6c-1786c27eaa3d,"",f,,ed8e0c83-aaec-49eb-8379-90f06bb587ed,ed8e0c83-aaec-49eb-8379-90f06bb587ed,,2025-07-11 02:51:12.417626,2025-07-11 02:51:12.417626,distribution_media_history,hg_stock,distribution_media_history_20260822_080123,2026-08-22 08:01:40.05814
387c3f58-8ab9-4ae8-b227-69c9ecee10ad,1d73adc8-81ac-4aa2-9371-1c9a0b584af3,t,f,1,7,"","","0b5fd67b-6dbc-468f-9fd9-871c24314e4c,0dca4ce1-f595-42fa-bde9-988b7de6051c,211db165-a4e5-46fa-ae35-b3ce4970f396,4b130012-bca4-48d9-b677-a3bbac756669,52cea1c3-a193-411f-adb4-a6fbffe220eb,7657821d-0928-4099-92a1-2146097c66b0,db869e71-ba93-441b-a264-32c62f017853","","",f,,f839e202-7f6c-4889-8f2e-160d525c0697,f839e202-7f6c-4889-8f2e-160d525c0697,,2025-05-05 08:36:25.286319,2025-05-05 08:36:25.286319,distribution_media_history,hg_stock,distribution_media_history_20260822_080123,2026-08-22 08:01:40.05814
387c4132-9182-4335-9f73-b0501d4e7cc1,e47a4337-e550-46c3-8cc2-52d160b0947c,t,f,1,7,"","","15b9cfe7-85ee-4d5c-910a-8dd18e3c08a8,211db165-a4e5-46fa-ae35-b3ce4970f396,270551e0-15db-4b4a-8bed-b0a9a3a44dff,469f562c-a07c-4e5e-9294-ca2b7f3e96c5,4b130012-bca4-48d9-b677-a3bbac756669,5026b271-3ca4-475e-b42b-ecaef67294c8,52cea1c3-a193-411f-adb4-a6fbffe220eb,629885eb-65c4-4921-a300-3c618c8961e3,7657821d-0928-4099-92a1-2146097c66b0,7ad7d9b9-4600-4db5-a3a8-e7c243499008,ba826125-ec02-4f09-b0d4-9e4aeeb11c0a,db869e71-ba93-441b-a264-32c62f017853,df42ed2a-f2da-49a1-a4ea-36e358b59bee,fcdd5322-049e-4b50-aecf-593d36d18b8f","","",f,,8da457cd-5421-4013-b14c-5a49e3cef766,8da457cd-5421-4013-b14c-5a49e3cef766,,2025-05-05 08:40:25.728521,2025-05-05 08:40:25.728521,distribution_media_history,hg_stock,distribution_media_history_20260822_080123,2026-08-22 08:01:40.05814
387c47d9-bd70-4872-b06d-d7a2755c4d93,6cbdd625-0879-465e-8bdc-6401ad67d382,f,f,1,90,"","","",87126131-51a3-46a3-b4ac-2ec2cce25711,"",f,"",229dc6f0-0c2f-42cc-8d32-7c3397e96194,229dc6f0-0c2f-42cc-8d32-7c3397e96194,,2026-04-20 04:55:43.158427,2026-04-20 04:55:43.158427,distribution_media_history,hg_stock,distribution_media_history_20260822_080123,2026-08-22 08:01:40.05814
387c505d-c3ab-418d-9eec-1fb59f3cd3ad,f03c7b6f-a078-4802-8b48-9974a85563f3,t,f,1,7,"","","","","",f,1cdbc000-1c24-485c-8e71-fb91a4d5fcb6,3a9ff8c5-8923-4d19-a09e-2c8d79cc7c6f,3a9ff8c5-8923-4d19-a09e-2c8d79cc7c6f,,2025-10-13 07:56:19.390702,2025-10-13 07:56:19.390702,distribution_media_history,hg_stock,distribution_media_history_20260822_080123,2026-08-22 08:01:40.05814
387c5dea-4e21-411d-90c3-e7efaff63236,cfbb7cab-f3ca-41d3-9047-16653c2d58f3,f,f,1,45,"","",bdd9d4f3-6a59-4a34-8087-8b6c644ced64,"","",f,"",229dc6f0-0c2f-42cc-8d32-7c3397e96194,229dc6f0-0c2f-42cc-8d32-7c3397e96194,,2026-01-27 09:22:41.985357,2026-01-27 09:22:41.985357,distribution_media_history,hg_stock,distribution_media_history_20260822_080123,2026-08-22 08:01:40.05814
387c6733-f011-4762-bf51-1475a17f89e0,5e27dde8-90dd-4549-b84b-93b81ead1639,t,t,0,7,"","","","","189d5957-a376-4804-9ac9-d3ac913f29b2,ed44140b-5cc4-4d47-8ad1-afdb356aa44b,3ee41b7a-96b5-4ab9-901b-3e0866188b6d,feb6927d-ee9b-40fc-8897-54a2bef67493,04cee13a-69b0-41f1-b39c-889f9bd82938,396221b9-cdc5-45b2-a79f-2d6de550fda9,7ffdacef-5d02-4aa8-b3d3-84c85d823164,f475b91f-4997-46e8-9c30-f89c24d0a3bf,988558f8-ab30-4768-aed0-ddcc6cb6b630,36298fa0-1ce7-4bae-8c41-db0a98d0341a,b5793a82-9df0-404c-b478-a81c03ae4e6c,f335762b-0da1-428e-87a0-bec2dfa6b557,eee97771-c2ef-426b-8c92-fde92d29fa00,7f65daf7-a4b7-4c1d-9b27-95a3e2321af0,59113c8d-b24b-43e2-96f3-1eb18e9020bc,ed0b4e25-e812-41ba-b50b-6963218c597f,84a48d11-c91a-4704-984d-487c05e520f8,aa6908d1-4b4a-4472-8767-934000773385,489f9411-5f7e-4301-814a-60567e4e3e30,3084841c-a70b-40d9-9edb-7aa498a50dc1,bd408cb0-2cde-4b1a-b556-8da94c325e1c,82ce273c-9538-45d9-bc55-81d4406d2896,de206049-f16b-4735-bac3-6af89517d5f6,404f9125-d4c4-4da9-ad88-f829bb17ba62,a45aa42c-5285-4ac5-8fe7-a51fbd5e1447,8664aefc-082d-45bf-997c-d7924cdc450f,afe4ba65-c5e3-4bbb-9e23-6ccb370dc871,83546f70-3b79-4803-a00d-d4d620662403,66cd6c10-7895-4502-937a-583c0d9ab692,980be853-40ae-403e-9dfb-e5a0644a55da,8b53e647-7506-4329-8541-838a25dc90b3,22c49afc-02e4-47e8-a4ab-9f0c0546ea68,17f48f51-7f38-41b0-a897-21f240726378,d369fc61-1571-40e8-961b-70044ea493c5,6fccedd4-9c2a-4b13-a908-32363d8ab09d,fa2d090f-99ed-4048-bc02-56e323844e79,c6f97750-2e14-4bb0-8d48-6d7b75af9afb,cbc183a5-8bbf-4ef0-988c-7b542efb0f71,e07abf1a-e63a-4a79-8ed5-11dbd5b7268c,f601dbeb-2cae-4c86-9924-ce54abb0c3fb,e08f3c2d-0236-4fd0-8b86-d978d047ef93,c0cc4ed9-8760-4184-b93c-e698dfb46246",f,,3a9ff8c5-8923-4d19-a09e-2c8d79cc7c6f,3a9ff8c5-8923-4d19-a09e-2c8d79cc7c6f,,2025-06-17 04:38:01.825286,2025-06-17 04:38:01.825286,distribution_media_history,hg_stock,distribution_media_history_20260822_080123,2026-08-22 08:01:40.05814
387c6d86-8f36-4389-9c70-5d7e94ad7112,aff25c77-b525-476e-89bc-f4601e30c9b0,f,f,1,14,"","","","",67ffba82-cd28-4e59-a788-241de21e90c2,f,"",4cf4d8d0-959b-4d27-882a-ef1ce5b92241,4cf4d8d0-959b-4d27-882a-ef1ce5b92241,,2026-02-05 03:50:19.939246,2026-02-05 03:50:19.939246,distribution_media_history,hg_stock,distribution_media_history_20260822_080123,2026-08-22 08:01:40.05814
387d7b16-0f60-4ee6-93b9-3e754b100cf2,7efde8ea-317b-4221-83c5-f7610ccc9f8e,f,f,1,45,"","",bdd9d4f3-6a59-4a34-8087-8b6c644ced64,"","",f,"",229dc6f0-0c2f-42cc-8d32-7c3397e96194,229dc6f0-0c2f-42cc-8d32-7c3397e96194,,2025-11-07 03:32:33.009584,2025-11-07 03:32:33.009584,distribution_media_history,hg_stock,distribution_media_history_20260822_080123,2026-08-22 08:01:40.05814
387d8961-692e-4fc5-9ac0-683b3ad51044,27b262e0-f648-4083-baf9-4697b94c8201,f,f,1,7,"","","48a1af96-5a7d-40d9-8ebe-4e3655f14e4b,7a389018-94d3-443d-9646-ed7b63117169,854cae12-c88d-4bb4-85cf-4ed044d8e963,f30dad8c-85eb-43c2-a375-5d3fe9ff31ce,f5a4dab5-df91-4776-9a1f-1c2e1ed7ce8b","","",f,,,,,2025-05-05 08:36:37.7362,2025-05-05 08:36:37.7362,distribution_media_history,hg_stock,distribution_media_history_20260822_080123,2026-08-22 08:01:40.05814
387e3f9b-2051-41dd-9135-b0564e6ce8bf,7320ebab-bb8c-4b13-89b2-0ba12226b790,f,f,1,7,"","","48a1af96-5a7d-40d9-8ebe-4e3655f14e4b,7a389018-94d3-443d-9646-ed7b63117169,854cae12-c88d-4bb4-85cf-4ed044d8e963,be3902b4-f926-4850-ba31-f18b178b9d39,f30dad8c-85eb-43c2-a375-5d3fe9ff31ce,f5a4dab5-df91-4776-9a1f-1c2e1ed7ce8b","","",f,,,,,2025-05-05 08:38:09.066693,2025-05-05 08:38:09.066693,distribution_media_history,hg_stock,distribution_media_history_20260822_080123,2026-08-22 08:01:40.05814
387c6e3b-fda9-413f-a9a4-6b4557a03fce,7a55af78-2525-408d-8d25-dfbfb34545ce,t,f,1,7,"","","","","04cee13a-69b0-41f1-b39c-889f9bd82938,17f48f51-7f38-41b0-a897-21f240726378,189d5957-a376-4804-9ac9-d3ac913f29b2,22c49afc-02e4-47e8-a4ab-9f0c0546ea68,3084841c-a70b-40d9-9edb-7aa498a50dc1,36298fa0-1ce7-4bae-8c41-db0a98d0341a,396221b9-cdc5-45b2-a79f-2d6de550fda9,3ee41b7a-96b5-4ab9-901b-3e0866188b6d,404f9125-d4c4-4da9-ad88-f829bb17ba62,489f9411-5f7e-4301-814a-60567e4e3e30,59113c8d-b24b-43e2-96f3-1eb18e9020bc,5c1b1d8f-d4a9-4a22-934a-43831e85d1e4,66cd6c10-7895-4502-937a-583c0d9ab692,6fccedd4-9c2a-4b13-a908-32363d8ab09d,7f65daf7-a4b7-4c1d-9b27-95a3e2321af0,7ffdacef-5d02-4aa8-b3d3-84c85d823164,82ce273c-9538-45d9-bc55-81d4406d2896,83546f70-3b79-4803-a00d-d4d620662403,84a48d11-c91a-4704-984d-487c05e520f8,8664aefc-082d-45bf-997c-d7924cdc450f,8b53e647-7506-4329-8541-838a25dc90b3,980be853-40ae-403e-9dfb-e5a0644a55da,988558f8-ab30-4768-aed0-ddcc6cb6b630,a45aa42c-5285-4ac5-8fe7-a51fbd5e1447,aa6908d1-4b4a-4472-8767-934000773385,b5793a82-9df0-404c-b478-a81c03ae4e6c,bd408cb0-2cde-4b1a-b556-8da94c325e1c,c0cc4ed9-8760-4184-b93c-e698dfb46246,c6f97750-2e14-4bb0-8d48-6d7b75af9afb,cbc183a5-8bbf-4ef0-988c-7b542efb0f71,d369fc61-1571-40e8-961b-70044ea493c5,de206049-f16b-4735-bac3-6af89517d5f6,e07abf1a-e63a-4a79-8ed5-11dbd5b7268c,e08f3c2d-0236-4fd0-8b86-d978d047ef93,e5a984fb-9511-483f-9ca8-2624f19dffac,ed0b4e25-e812-41ba-b50b-6963218c597f,ed44140b-5cc4-4d47-8ad1-afdb356aa44b,f335762b-0da1-428e-87a0-bec2dfa6b557,f475b91f-4997-46e8-9c30-f89c24d0a3bf,f601dbeb-2cae-4c86-9924-ce54abb0c3fb,fa2d090f-99ed-4048-bc02-56e323844e79,fad1e7bc-99f8-4821-beff-abd4694d5006,fd42dc28-9ff0-4379-8e65-fbca6f35de60,feb6927d-ee9b-40fc-8897-54a2bef67493",f,,3a9ff8c5-8923-4d19-a09e-2c8d79cc7c6f,3a9ff8c5-8923-4d19-a09e-2c8d79cc7c6f,,2025-07-30 02:48:14.70414,2025-07-30 02:48:14.70414,distribution_media_history,hg_stock,distribution_media_history_20260822_080123,2026-08-22 08:01:40.05814
387cedeb-4592-406c-a69a-d54efdfc80ce,7cbc5589-59a7-4190-b016-02749561dabe,t,f,1,7,"","","15b9cfe7-85ee-4d5c-910a-8dd18e3c08a8,211db165-a4e5-46fa-ae35-b3ce4970f396,270551e0-15db-4b4a-8bed-b0a9a3a44dff,469f562c-a07c-4e5e-9294-ca2b7f3e96c5,4b130012-bca4-48d9-b677-a3bbac756669,5026b271-3ca4-475e-b42b-ecaef67294c8,52cea1c3-a193-411f-adb4-a6fbffe220eb,629885eb-65c4-4921-a300-3c618c8961e3,7657821d-0928-4099-92a1-2146097c66b0,7ad7d9b9-4600-4db5-a3a8-e7c243499008,ba826125-ec02-4f09-b0d4-9e4aeeb11c0a,db869e71-ba93-441b-a264-32c62f017853,df42ed2a-f2da-49a1-a4ea-36e358b59bee,fcdd5322-049e-4b50-aecf-593d36d18b8f","","",f,,,,,2025-05-05 08:38:23.414055,2025-05-05 08:38:23.414055,distribution_media_history,hg_stock,distribution_media_history_20260822_080123,2026-08-22 08:01:40.05814
387c6f8f-7737-4f98-8582-c98a14ad30b5,360a3102-0f7f-4871-92da-93a05eff34f8,t,t,1,7,"","","","","04cee13a-69b0-41f1-b39c-889f9bd82938,17f48f51-7f38-41b0-a897-21f240726378,189d5957-a376-4804-9ac9-d3ac913f29b2,22c49afc-02e4-47e8-a4ab-9f0c0546ea68,3084841c-a70b-40d9-9edb-7aa498a50dc1,36298fa0-1ce7-4bae-8c41-db0a98d0341a,396221b9-cdc5-45b2-a79f-2d6de550fda9,3ee41b7a-96b5-4ab9-901b-3e0866188b6d,404f9125-d4c4-4da9-ad88-f829bb17ba62,489f9411-5f7e-4301-814a-60567e4e3e30,59113c8d-b24b-43e2-96f3-1eb18e9020bc,5c1b1d8f-d4a9-4a22-934a-43831e85d1e4,66cd6c10-7895-4502-937a-583c0d9ab692,6fccedd4-9c2a-4b13-a908-32363d8ab09d,7f65daf7-a4b7-4c1d-9b27-95a3e2321af0,7ffdacef-5d02-4aa8-b3d3-84c85d823164,82ce273c-9538-45d9-bc55-81d4406d2896,83546f70-3b79-4803-a00d-d4d620662403,84a48d11-c91a-4704-984d-487c05e520f8,8664aefc-082d-45bf-997c-d7924cdc450f,8b53e647-7506-4329-8541-838a25dc90b3,980be853-40ae-403e-9dfb-e5a0644a55da,988558f8-ab30-4768-aed0-ddcc6cb6b630,a45aa42c-5285-4ac5-8fe7-a51fbd5e1447,aa6908d1-4b4a-4472-8767-934000773385,b5793a82-9df0-404c-b478-a81c03ae4e6c,bd408cb0-2cde-4b1a-b556-8da94c325e1c,c0cc4ed9-8760-4184-b93c-e698dfb46246,c6f97750-2e14-4bb0-8d48-6d7b75af9afb,cbc183a5-8bbf-4ef0-988c-7b542efb0f71,d369fc61-1571-40e8-961b-70044ea493c5,de206049-f16b-4735-bac3-6af89517d5f6,e07abf1a-e63a-4a79-8ed5-11dbd5b7268c,e08f3c2d-0236-4fd0-8b86-d978d047ef93,e5a984fb-9511-483f-9ca8-2624f19dffac,ed0b4e25-e812-41ba-b50b-6963218c597f,ed44140b-5cc4-4d47-8ad1-afdb356aa44b,f335762b-0da1-428e-87a0-bec2dfa6b557,f475b91f-4997-46e8-9c30-f89c24d0a3bf,f601dbeb-2cae-4c86-9924-ce54abb0c3fb,fa2d090f-99ed-4048-bc02-56e323844e79,fad1e7bc-99f8-4821-beff-abd4694d5006,fd42dc28-9ff0-4379-8e65-fbca6f35de60,feb6927d-ee9b-40fc-8897-54a2bef67493",f,,3a9ff8c5-8923-4d19-a09e-2c8d79cc7c6f,3a9ff8c5-8923-4d19-a09e-2c8d79cc7c6f,,2025-07-30 03:07:46.73776,2025-07-30 03:07:46.73776,distribution_media_history,hg_stock,distribution_media_history_20260822_080123,2026-08-22 08:01:40.05814
387c7231-2a85-40e9-8dba-d488df263037,e3bc316b-15bb-4d6a-9f6a-843548bfa62b,f,f,1,7,"","","48a1af96-5a7d-40d9-8ebe-4e3655f14e4b,64362801-3c17-4e99-b10a-bc7a8dc10c14,854cae12-c88d-4bb4-85cf-4ed044d8e963,be3902b4-f926-4850-ba31-f18b178b9d39,f30dad8c-85eb-43c2-a375-5d3fe9ff31ce,f5a4dab5-df91-4776-9a1f-1c2e1ed7ce8b","","",f,,,,,2025-05-05 08:40:25.728199,2025-05-05 08:40:25.728199,distribution_media_history,hg_stock,distribution_media_history_20260822_080123,2026-08-22 08:01:40.05814
387c79e2-bdda-4dad-a6b3-4f03a6e0dd74,46319683-6dd8-4708-a922-97e7eb362cf8,t,f,1,7,"","","52cea1c3-a193-411f-adb4-a6fbffe220eb,548662b0-283c-448f-8305-77f91332155d,8ff764e4-1c14-41ce-9fb2-37f9b60c915c,e2d5d683-013e-4197-8061-a8b45c971b8a","","",f,"",2cd54fed-a013-4bb0-900c-4358fa064a6a,2cd54fed-a013-4bb0-900c-4358fa064a6a,,2025-09-26 03:14:17.145758,2025-09-26 03:14:17.145758,distribution_media_history,hg_stock,distribution_media_history_20260822_080123,2026-08-22 08:01:40.05814
387c7ce7-d9a0-412c-933e-b37fffe87596,b748b709-d491-45f4-b231-100f6d06b1b6,f,f,1,90,"","","",87126131-51a3-46a3-b4ac-2ec2cce25711,"",f,"",229dc6f0-0c2f-42cc-8d32-7c3397e96194,229dc6f0-0c2f-42cc-8d32-7c3397e96194,,2026-04-20 04:55:32.631962,2026-04-20 04:55:32.631962,distribution_media_history,hg_stock,distribution_media_history_20260822_080123,2026-08-22 08:01:40.05814
387c91e3-7126-4e80-8cd1-4db7f5940962,1837b2a4-c472-491c-bf59-ff9fdb61117e,f,t,1,7,"","","","","000b46f0-ef71-49e3-9368-7e53da2ac2c1,00fbf5a3-1358-47e9-b549-668f9f65b9e7,01e0ff9e-981d-4eda-8d57-ca3e810e6cbd,0303f4fa-87aa-4cd7-bf79-a6637d0bfb7b,04cee13a-69b0-41f1-b39c-889f9bd82938,082a82c4-3d7b-48ed-98a5-49f4ecf4634f,08d27d79-b1aa-4d8e-8160-f1de878e8c5b,0b86d2c2-e68b-4e4a-8858-b5a63260e49d,0d0f4ce3-24e0-45d1-90e4-61507d269916,0e840065-e2a3-4c72-ad7c-ca93a7183845,a0df7f95-fdf7-4afa-92ce-ac5e96e6b263",f,,3a9ff8c5-8923-4d19-a09e-2c8d79cc7c6f,3a9ff8c5-8923-4d19-a09e-2c8d79cc7c6f,,2025-05-31 03:43:46.45781,2025-05-31 03:43:46.45781,distribution_media_history,hg_stock,distribution_media_history_20260822_080123,2026-08-22 08:01:40.05814
387ca93f-8830-45d8-9e51-1a9a2ad7e07b,456705e5-028d-405c-8f72-479576f51aca,f,f,1,7,"","",48a1af96-5a7d-40d9-8ebe-4e3655f14e4b,"","",f,,,,,2025-05-05 08:37:03.358814,2025-05-05 08:37:03.358814,distribution_media_history,hg_stock,distribution_media_history_20260822_080123,2026-08-22 08:01:40.05814
387cb063-bcf0-4e64-9d3b-a577900b7000,7212f508-3e01-499c-b645-5cc623c03715,f,f,1,0,"","","","","",f,1190b645-1f41-44cb-8680-5726382adcc2,358dceb1-c1b0-46b9-a24f-c1b6a7fdb2dd,358dceb1-c1b0-46b9-a24f-c1b6a7fdb2dd,,2026-03-03 08:33:46.305623,2026-03-03 08:33:46.305623,distribution_media_history,hg_stock,distribution_media_history_20260822_080123,2026-08-22 08:01:40.05814
387cb13d-a98e-4b30-bfcb-468b20463fad,5cdf46dd-b616-4369-ba75-b6ebd9bdef7b,t,f,1,7,"","","","","",f,1cdbc000-1c24-485c-8e71-fb91a4d5fcb6,3a9ff8c5-8923-4d19-a09e-2c8d79cc7c6f,3a9ff8c5-8923-4d19-a09e-2c8d79cc7c6f,,2025-10-13 07:56:19.395999,2025-10-13 07:56:19.395999,distribution_media_history,hg_stock,distribution_media_history_20260822_080123,2026-08-22 08:01:40.05814
387ccc46-73a7-4307-8dcc-02c4b7c42f31,c9298e0a-05a0-49d3-8e73-4992a9419ec0,f,f,1,90,"","","","","",f,de337a89-766b-4121-bf74-03703fbc9236,358dceb1-c1b0-46b9-a24f-c1b6a7fdb2dd,358dceb1-c1b0-46b9-a24f-c1b6a7fdb2dd,,2026-03-18 14:47:37.715719,2026-03-18 14:47:37.715719,distribution_media_history,hg_stock,distribution_media_history_20260822_080123,2026-08-22 08:01:40.05814
387ccf45-7333-4bc9-82e0-e025d86f8dc0,bce51dc9-1b11-4200-a199-41662d9eab18,f,t,1,7,"","d7963566-500a-402e-8180-762ffa9f348c,d01cec12-7a37-4589-9076-71419dbad65e","","","",f,,dc9096c5-0e59-45cb-b38e-79015bbc0c90,dc9096c5-0e59-45cb-b38e-79015bbc0c90,,2025-05-19 06:52:50.675898,2025-05-19 06:52:50.675898,distribution_media_history,hg_stock,distribution_media_history_20260822_080123,2026-08-22 08:01:40.05814
387cd1b3-ec46-40fa-8b72-60276af6254c,6136af78-8dab-47af-ad18-b667c7f6a271,f,f,1,45,"","",bdd9d4f3-6a59-4a34-8087-8b6c644ced64,"","",f,"",229dc6f0-0c2f-42cc-8d32-7c3397e96194,229dc6f0-0c2f-42cc-8d32-7c3397e96194,,2026-01-27 09:22:41.989199,2026-01-27 09:22:41.989199,distribution_media_history,hg_stock,distribution_media_history_20260822_080123,2026-08-22 08:01:40.05814
387ce535-1b30-4301-86af-8b7f8515ac97,8d14ff94-341b-4399-b7b1-4b18fd2f5967,f,f,1,7,"","","17bd284a-ef80-41f5-927b-99aff424ed67,211db165-a4e5-46fa-ae35-b3ce4970f396,4b130012-bca4-48d9-b677-a3bbac756669,52cea1c3-a193-411f-adb4-a6fbffe220eb,7657821d-0928-4099-92a1-2146097c66b0,82110198-8e9f-454b-9ba6-0e4ffe646b31,db869e71-ba93-441b-a264-32c62f017853,f697238d-fb55-4b69-a2c9-7c23014ba7da","","",f,,5d7a9893-6e21-4a12-bf1b-8594646e7b4d,5d7a9893-6e21-4a12-bf1b-8594646e7b4d,,2025-05-05 08:38:38.50055,2025-05-05 08:38:38.50055,distribution_media_history,hg_stock,distribution_media_history_20260822_080123,2026-08-22 08:01:40.05814
387ce688-1243-42ea-bac4-51d1252b3612,431b08a6-a152-4671-b980-a8601659a796,t,f,1,-1,"","","","","",f,40426437-1700-4d15-9c77-20ae094b2d3c,9a1fc915-e747-4aa4-a786-19c67cd5ea2e,9a1fc915-e747-4aa4-a786-19c67cd5ea2e,,2026-02-12 07:44:15.348031,2026-02-12 07:44:15.348031,distribution_media_history,hg_stock,distribution_media_history_20260822_080123,2026-08-22 08:01:40.05814
387e2a0e-0ec9-4570-879d-571fbf2ee11d,9b1d498a-2c68-47be-a8a0-e2c7cbaee1eb,f,f,1,7,"","","48a1af96-5a7d-40d9-8ebe-4e3655f14e4b,7a389018-94d3-443d-9646-ed7b63117169,854cae12-c88d-4bb4-85cf-4ed044d8e963,f30dad8c-85eb-43c2-a375-5d3fe9ff31ce,f5a4dab5-df91-4776-9a1f-1c2e1ed7ce8b","","",f,,,,,2025-05-05 08:39:01.531231,2025-05-05 08:39:01.531231,distribution_media_history,hg_stock,distribution_media_history_20260822_080123,2026-08-22 08:01:40.05814
387ceaa0-e4e8-4ccf-803c-e679acb9ed6c,bdecc093-638a-4415-9950-6dd5230f2082,t,f,1,7,"","","","","04cee13a-69b0-41f1-b39c-889f9bd82938,17f48f51-7f38-41b0-a897-21f240726378,189d5957-a376-4804-9ac9-d3ac913f29b2,22c49afc-02e4-47e8-a4ab-9f0c0546ea68,3084841c-a70b-40d9-9edb-7aa498a50dc1,36298fa0-1ce7-4bae-8c41-db0a98d0341a,396221b9-cdc5-45b2-a79f-2d6de550fda9,3ee41b7a-96b5-4ab9-901b-3e0866188b6d,404f9125-d4c4-4da9-ad88-f829bb17ba62,489f9411-5f7e-4301-814a-60567e4e3e30,59113c8d-b24b-43e2-96f3-1eb18e9020bc,66cd6c10-7895-4502-937a-583c0d9ab692,6fccedd4-9c2a-4b13-a908-32363d8ab09d,7f65daf7-a4b7-4c1d-9b27-95a3e2321af0,7ffdacef-5d02-4aa8-b3d3-84c85d823164,82ce273c-9538-45d9-bc55-81d4406d2896,83546f70-3b79-4803-a00d-d4d620662403,84a48d11-c91a-4704-984d-487c05e520f8,8664aefc-082d-45bf-997c-d7924cdc450f,8b53e647-7506-4329-8541-838a25dc90b3,93ab8008-587a-4a00-a78b-1ea011796b10,96fdf1dd-c29d-48c0-9942-b89777d4f662,980be853-40ae-403e-9dfb-e5a0644a55da,988558f8-ab30-4768-aed0-ddcc6cb6b630,a45aa42c-5285-4ac5-8fe7-a51fbd5e1447,aa6908d1-4b4a-4472-8767-934000773385,afe4ba65-c5e3-4bbb-9e23-6ccb370dc871,b5793a82-9df0-404c-b478-a81c03ae4e6c,bd408cb0-2cde-4b1a-b556-8da94c325e1c,c0cc4ed9-8760-4184-b93c-e698dfb46246,c6f97750-2e14-4bb0-8d48-6d7b75af9afb,cbc183a5-8bbf-4ef0-988c-7b542efb0f71,d369fc61-1571-40e8-961b-70044ea493c5,de206049-f16b-4735-bac3-6af89517d5f6,e07abf1a-e63a-4a79-8ed5-11dbd5b7268c,e08f3c2d-0236-4fd0-8b86-d978d047ef93,e5a984fb-9511-483f-9ca8-2624f19dffac,ed0b4e25-e812-41ba-b50b-6963218c597f,ed44140b-5cc4-4d47-8ad1-afdb356aa44b,eee97771-c2ef-426b-8c92-fde92d29fa00,f335762b-0da1-428e-87a0-bec2dfa6b557,f475b91f-4997-46e8-9c30-f89c24d0a3bf,f601dbeb-2cae-4c86-9924-ce54abb0c3fb,fa2d090f-99ed-4048-bc02-56e323844e79,fad1e7bc-99f8-4821-beff-abd4694d5006,fd42dc28-9ff0-4379-8e65-fbca6f35de60,feb6927d-ee9b-40fc-8897-54a2bef67493",f,,3a9ff8c5-8923-4d19-a09e-2c8d79cc7c6f,3a9ff8c5-8923-4d19-a09e-2c8d79cc7c6f,,2025-07-18 07:55:08.182837,2025-07-18 07:55:08.182837,distribution_media_history,hg_stock,distribution_media_history_20260822_080123,2026-08-22 08:01:40.05814
387d2cf8-8690-4c70-aa79-4ccf0b92660d,8af3c347-a70c-401b-ac69-e60ef7356b40,t,f,1,7,"","","","","",f,"",3a9ff8c5-8923-4d19-a09e-2c8d79cc7c6f,3a9ff8c5-8923-4d19-a09e-2c8d79cc7c6f,,2026-01-07 04:19:59.117923,2026-01-07 04:19:59.117923,distribution_media_history,hg_stock,distribution_media_history_20260822_080123,2026-08-22 08:01:40.05814
387d42c7-987b-4ab6-a315-b0d6643581c3,8cd976a2-8551-4982-a9a2-885e62c91bde,t,f,1,7,"","","","","0b0ddaa4-3592-40d8-9e46-8986bb004c15,0b9514d0-df14-4cb2-96f7-66a88144edf3,0f765cb9-0d18-4f74-8660-46b3abfb3dec,135d3088-99fc-444c-9b9a-21a2e9bb5a59,19e015cb-ccd1-49e3-aad5-8605feb595f2,1b235ed6-c69a-464f-ae4a-0a23b05ec631,3d6826f7-2626-4a37-aeaa-48f96a9b0b91,43bf3c8b-89b1-4138-8ae9-f564bb06596c,4761ea79-5165-4fa7-a980-b09454c0fb14,490497dc-5a22-4f3e-aabd-15f555818c32,49e1848d-584f-4cfd-9d91-3708bc10b099,4efd73e0-67fa-4115-a5ff-123905684fcf,5a8b441b-a204-43ba-9493-377cef94f449,5d673e15-d21b-4a74-98aa-195b698a2fdd,5deee3c3-3888-46e0-899e-9cb092a60f26,635fefea-3f23-4852-88e5-2b8787d39773,73670add-5585-47ce-97c1-a08bdeb7f956,7619809a-ea3b-4a3b-ad6f-d84bdffb9786,9a58ee71-326b-4905-990a-f59c329facbb,9af7cf68-33a0-4d0a-9577-cba1a3ad1f22,a3df88a3-5af1-48cd-9570-ccf048b9071c,a9993709-50ba-4ebf-8d58-28cc482cd3df,b706c9f6-115c-4ffd-bcdd-9a7c18f4fb57,b7839bea-a6e2-4014-bdd7-d5552de23eac,c0fe700c-34ee-4739-abf9-5a0a78b4c291,c26c67b9-c472-487d-ba06-5a9ea82d6183,cba4399c-df4c-40b7-ac8c-9c4a802bac2a,d0e703c9-c972-4e72-ab5b-5e85d12e7ddb,db6b31ce-1c0c-4728-abcd-c3f6d68467c4,dc4363f3-47bf-417d-bf6c-87ec7b129a23,dd0d89e0-28ec-4fce-a39a-afadc639b807,e2233413-cda5-4ef5-b8df-670690f74b06,ec59ef1c-d0d8-4934-8a42-7775c710491c,f4dd4428-bf65-4513-b8be-601d0d1d43d6,f90efe4e-4b5e-486c-9a25-c8a76e85f137",f,,a61e2437-628b-43e7-a32c-f948290dbba9,a61e2437-628b-43e7-a32c-f948290dbba9,,2025-08-01 07:46:51.208388,2025-08-01 07:46:51.208388,distribution_media_history,hg_stock,distribution_media_history_20260822_080123,2026-08-22 08:01:40.05814
387d537c-c0fc-4b91-8dc8-2d550e28c588,b400ab70-394d-4b2f-a735-4d7cb57f7970,t,f,1,30,"","","","","",f,1cdbc000-1c24-485c-8e71-fb91a4d5fcb6,3a9ff8c5-8923-4d19-a09e-2c8d79cc7c6f,3a9ff8c5-8923-4d19-a09e-2c8d79cc7c6f,,2025-10-28 03:11:12.171385,2025-10-28 03:11:12.171385,distribution_media_history,hg_stock,distribution_media_history_20260822_080123,2026-08-22 08:01:40.05814
387d625c-342e-4cfc-99bf-8cacba5afb26,73e539c6-a28e-400d-bf9f-0248feee1128,f,f,1,7,"","","48a1af96-5a7d-40d9-8ebe-4e3655f14e4b,7a389018-94d3-443d-9646-ed7b63117169,854cae12-c88d-4bb4-85cf-4ed044d8e963,f30dad8c-85eb-43c2-a375-5d3fe9ff31ce,f5a4dab5-df91-4776-9a1f-1c2e1ed7ce8b","","",f,,,,,2025-05-05 08:38:09.066958,2025-05-05 08:38:09.066958,distribution_media_history,hg_stock,distribution_media_history_20260822_080123,2026-08-22 08:01:40.05814
387d6e13-9b66-4c5a-96ec-3744d476a926,654e3837-99ee-4b62-bd18-e76acf811b1b,t,t,1,7,"","","","","04cee13a-69b0-41f1-b39c-889f9bd82938,17f48f51-7f38-41b0-a897-21f240726378,189d5957-a376-4804-9ac9-d3ac913f29b2,22c49afc-02e4-47e8-a4ab-9f0c0546ea68,3084841c-a70b-40d9-9edb-7aa498a50dc1,36298fa0-1ce7-4bae-8c41-db0a98d0341a,396221b9-cdc5-45b2-a79f-2d6de550fda9,3ee41b7a-96b5-4ab9-901b-3e0866188b6d,404f9125-d4c4-4da9-ad88-f829bb17ba62,489f9411-5f7e-4301-814a-60567e4e3e30,59113c8d-b24b-43e2-96f3-1eb18e9020bc,66cd6c10-7895-4502-937a-583c0d9ab692,6fccedd4-9c2a-4b13-a908-32363d8ab09d,7f65daf7-a4b7-4c1d-9b27-95a3e2321af0,7ffdacef-5d02-4aa8-b3d3-84c85d823164,82ce273c-9538-45d9-bc55-81d4406d2896,83546f70-3b79-4803-a00d-d4d620662403,84a48d11-c91a-4704-984d-487c05e520f8,8664aefc-082d-45bf-997c-d7924cdc450f,8b53e647-7506-4329-8541-838a25dc90b3,93ab8008-587a-4a00-a78b-1ea011796b10,96fdf1dd-c29d-48c0-9942-b89777d4f662,980be853-40ae-403e-9dfb-e5a0644a55da,988558f8-ab30-4768-aed0-ddcc6cb6b630,a45aa42c-5285-4ac5-8fe7-a51fbd5e1447,aa6908d1-4b4a-4472-8767-934000773385,afe4ba65-c5e3-4bbb-9e23-6ccb370dc871,b5793a82-9df0-404c-b478-a81c03ae4e6c,bd408cb0-2cde-4b1a-b556-8da94c325e1c,c0cc4ed9-8760-4184-b93c-e698dfb46246,c6f97750-2e14-4bb0-8d48-6d7b75af9afb,cbc183a5-8bbf-4ef0-988c-7b542efb0f71,d369fc61-1571-40e8-961b-70044ea493c5,de206049-f16b-4735-bac3-6af89517d5f6,e07abf1a-e63a-4a79-8ed5-11dbd5b7268c,e08f3c2d-0236-4fd0-8b86-d978d047ef93,e5a984fb-9511-483f-9ca8-2624f19dffac,ed0b4e25-e812-41ba-b50b-6963218c597f,ed44140b-5cc4-4d47-8ad1-afdb356aa44b,eee97771-c2ef-426b-8c92-fde92d29fa00,f335762b-0da1-428e-87a0-bec2dfa6b557,f475b91f-4997-46e8-9c30-f89c24d0a3bf,f601dbeb-2cae-4c86-9924-ce54abb0c3fb,fa2d090f-99ed-4048-bc02-56e323844e79,fad1e7bc-99f8-4821-beff-abd4694d5006,fd42dc28-9ff0-4379-8e65-fbca6f35de60,feb6927d-ee9b-40fc-8897-54a2bef67493",f,,3a9ff8c5-8923-4d19-a09e-2c8d79cc7c6f,3a9ff8c5-8923-4d19-a09e-2c8d79cc7c6f,,2025-07-18 07:55:08.186772,2025-07-18 07:55:08.186772,distribution_media_history,hg_stock,distribution_media_history_20260822_080123,2026-08-22 08:01:40.05814
387d7176-0337-42d4-add5-e0417d21297f,04c7aafc-5fc7-4271-9f73-f7a6e744bd8c,f,f,1,90,"","","","","",f,1190b645-1f41-44cb-8680-5726382adcc2,358dceb1-c1b0-46b9-a24f-c1b6a7fdb2dd,358dceb1-c1b0-46b9-a24f-c1b6a7fdb2dd,,2026-03-04 05:06:37.470657,2026-03-04 05:06:37.470657,distribution_media_history,hg_stock,distribution_media_history_20260822_080123,2026-08-22 08:01:40.05814
387d718a-22ac-459a-a679-c98437478ed9,2cb7bc7c-4096-4fbc-9bce-fb7c5e016691,f,f,1,30,"","","","","",f,1190b645-1f41-44cb-8680-5726382adcc2,358dceb1-c1b0-46b9-a24f-c1b6a7fdb2dd,358dceb1-c1b0-46b9-a24f-c1b6a7fdb2dd,,2026-01-20 08:57:01.506192,2026-01-20 08:57:01.506192,distribution_media_history,hg_stock,distribution_media_history_20260822_080123,2026-08-22 08:01:40.05814
387d79e4-0dc8-4b61-b3f7-e28963c72f43,f7905a7b-4d35-4c7e-9c4f-78352f524376,f,t,1,7,"",d7963566-500a-402e-8180-762ffa9f348c,"","","",f,,97ee41e4-8f90-4991-8d67-df26d970bf62,97ee41e4-8f90-4991-8d67-df26d970bf62,,2025-05-12 03:47:30.172839,2025-05-12 03:47:30.172839,distribution_media_history,hg_stock,distribution_media_history_20260822_080123,2026-08-22 08:01:40.05814
387d8961-c8d8-49da-ae47-ef691f267ef6,55000f1b-278b-45ba-a415-333002c4f52c,t,t,1,7,"","","","","04cee13a-69b0-41f1-b39c-889f9bd82938,17f48f51-7f38-41b0-a897-21f240726378,189d5957-a376-4804-9ac9-d3ac913f29b2,22c49afc-02e4-47e8-a4ab-9f0c0546ea68,3084841c-a70b-40d9-9edb-7aa498a50dc1,36298fa0-1ce7-4bae-8c41-db0a98d0341a,396221b9-cdc5-45b2-a79f-2d6de550fda9,3ee41b7a-96b5-4ab9-901b-3e0866188b6d,404f9125-d4c4-4da9-ad88-f829bb17ba62,489f9411-5f7e-4301-814a-60567e4e3e30,59113c8d-b24b-43e2-96f3-1eb18e9020bc,5c1b1d8f-d4a9-4a22-934a-43831e85d1e4,66cd6c10-7895-4502-937a-583c0d9ab692,6fccedd4-9c2a-4b13-a908-32363d8ab09d,7f65daf7-a4b7-4c1d-9b27-95a3e2321af0,7ffdacef-5d02-4aa8-b3d3-84c85d823164,82ce273c-9538-45d9-bc55-81d4406d2896,83546f70-3b79-4803-a00d-d4d620662403,84a48d11-c91a-4704-984d-487c05e520f8,8664aefc-082d-45bf-997c-d7924cdc450f,8b53e647-7506-4329-8541-838a25dc90b3,93ab8008-587a-4a00-a78b-1ea011796b10,96fdf1dd-c29d-48c0-9942-b89777d4f662,980be853-40ae-403e-9dfb-e5a0644a55da,988558f8-ab30-4768-aed0-ddcc6cb6b630,a45aa42c-5285-4ac5-8fe7-a51fbd5e1447,aa6908d1-4b4a-4472-8767-934000773385,afe4ba65-c5e3-4bbb-9e23-6ccb370dc871,b5793a82-9df0-404c-b478-a81c03ae4e6c,bd408cb0-2cde-4b1a-b556-8da94c325e1c,c0cc4ed9-8760-4184-b93c-e698dfb46246,c6f97750-2e14-4bb0-8d48-6d7b75af9afb,cbc183a5-8bbf-4ef0-988c-7b542efb0f71,d369fc61-1571-40e8-961b-70044ea493c5,de206049-f16b-4735-bac3-6af89517d5f6,e07abf1a-e63a-4a79-8ed5-11dbd5b7268c,e08f3c2d-0236-4fd0-8b86-d978d047ef93,e5a984fb-9511-483f-9ca8-2624f19dffac,ed0b4e25-e812-41ba-b50b-6963218c597f,ed44140b-5cc4-4d47-8ad1-afdb356aa44b,eee97771-c2ef-426b-8c92-fde92d29fa00,f335762b-0da1-428e-87a0-bec2dfa6b557,f475b91f-4997-46e8-9c30-f89c24d0a3bf,f601dbeb-2cae-4c86-9924-ce54abb0c3fb,fa2d090f-99ed-4048-bc02-56e323844e79,fad1e7bc-99f8-4821-beff-abd4694d5006,fd42dc28-9ff0-4379-8e65-fbca6f35de60,feb6927d-ee9b-40fc-8897-54a2bef67493",f,,3a9ff8c5-8923-4d19-a09e-2c8d79cc7c6f,3a9ff8c5-8923-4d19-a09e-2c8d79cc7c6f,,2025-07-23 08:20:06.048879,2025-07-23 08:20:06.048879,distribution_media_history,hg_stock,distribution_media_history_20260822_080123,2026-08-22 08:01:40.05814
387d92c0-a44a-4cb7-a13d-a91c0fe497b6,08273fc5-954f-46ce-aecd-9891314d2a36,f,f,1,7,"","","","","",f,9797f5e1-e1e7-4ae3-9390-03ec1c7f8cf8,3a9ff8c5-8923-4d19-a09e-2c8d79cc7c6f,3a9ff8c5-8923-4d19-a09e-2c8d79cc7c6f,,2025-08-07 08:40:22.451143,2025-08-07 08:40:22.451143,distribution_media_history,hg_stock,distribution_media_history_20260822_080123,2026-08-22 08:01:40.05814
387d93f4-e8b8-48a6-84c2-b194d4e08388,3dbad40b-696b-41a2-a10c-a3540deb5a14,t,f,1,30,"","","","","",f,1cdbc000-1c24-485c-8e71-fb91a4d5fcb6,3a9ff8c5-8923-4d19-a09e-2c8d79cc7c6f,3a9ff8c5-8923-4d19-a09e-2c8d79cc7c6f,,2025-10-28 03:11:12.17486,2025-10-28 03:11:12.17486,distribution_media_history,hg_stock,distribution_media_history_20260822_080123,2026-08-22 08:01:40.05814
387d9964-3e23-4954-b8a2-079befa55df5,55b1929c-0431-4ebb-a3a8-f92bd40de5c6,t,f,1,7,"","","15b9cfe7-85ee-4d5c-910a-8dd18e3c08a8,211db165-a4e5-46fa-ae35-b3ce4970f396,270551e0-15db-4b4a-8bed-b0a9a3a44dff,469f562c-a07c-4e5e-9294-ca2b7f3e96c5,4b130012-bca4-48d9-b677-a3bbac756669,5026b271-3ca4-475e-b42b-ecaef67294c8,52cea1c3-a193-411f-adb4-a6fbffe220eb,629885eb-65c4-4921-a300-3c618c8961e3,7657821d-0928-4099-92a1-2146097c66b0,7ad7d9b9-4600-4db5-a3a8-e7c243499008,ba826125-ec02-4f09-b0d4-9e4aeeb11c0a,db869e71-ba93-441b-a264-32c62f017853,df42ed2a-f2da-49a1-a4ea-36e358b59bee,fcdd5322-049e-4b50-aecf-593d36d18b8f","","",f,,,,,2025-05-05 08:37:21.022334,2025-05-05 08:37:21.022334,distribution_media_history,hg_stock,distribution_media_history_20260822_080123,2026-08-22 08:01:40.05814
387d9cbb-a4dc-4a68-be41-366d31b68f90,86382c96-ad79-4dcf-bb76-b02b4bd24432,f,f,1,90,"","","","","",f,1190b645-1f41-44cb-8680-5726382adcc2,358dceb1-c1b0-46b9-a24f-c1b6a7fdb2dd,358dceb1-c1b0-46b9-a24f-c1b6a7fdb2dd,,2026-03-04 05:07:14.498297,2026-03-04 05:07:14.498297,distribution_media_history,hg_stock,distribution_media_history_20260822_080123,2026-08-22 08:01:40.05814
387d9dba-5d05-4f4b-88f1-336c7a595efa,e0d4f392-169c-477d-afaa-b5fdf40d575c,f,f,1,7,"","","48a1af96-5a7d-40d9-8ebe-4e3655f14e4b,7a389018-94d3-443d-9646-ed7b63117169,854cae12-c88d-4bb4-85cf-4ed044d8e963,f30dad8c-85eb-43c2-a375-5d3fe9ff31ce,f5a4dab5-df91-4776-9a1f-1c2e1ed7ce8b","","",f,,,,,2025-05-05 08:40:11.018718,2025-05-05 08:40:11.018718,distribution_media_history,hg_stock,distribution_media_history_20260822_080123,2026-08-22 08:01:40.05814
387db2b2-81bd-45f3-9503-581cf66e6280,e85d4c1e-cacc-46df-82e3-ebb3093abe50,f,f,1,7,"","",bdd9d4f3-6a59-4a34-8087-8b6c644ced64,"","",f,"",229dc6f0-0c2f-42cc-8d32-7c3397e96194,229dc6f0-0c2f-42cc-8d32-7c3397e96194,,2025-10-30 03:07:14.531823,2025-10-30 03:07:14.531823,distribution_media_history,hg_stock,distribution_media_history_20260822_080123,2026-08-22 08:01:40.05814
387dd48c-652a-4590-a6d7-2a21a7f1af2d,a1ac5884-44f4-4ea1-8605-68ad1a356c31,f,f,1,7,"","",afc66234-6b63-44f3-a1a5-1d938845d982,"","",f,"",229dc6f0-0c2f-42cc-8d32-7c3397e96194,229dc6f0-0c2f-42cc-8d32-7c3397e96194,,2025-11-05 02:26:28.824761,2025-11-05 02:26:28.824761,distribution_media_history,hg_stock,distribution_media_history_20260822_080123,2026-08-22 08:01:40.05814
387de3ba-4954-4614-a95d-b478bad294b0,e3b45d19-e342-4ba3-8629-0227f638a8c4,f,f,1,7,"","","","",b7839bea-a6e2-4014-bdd7-d5552de23eac,f,"",66f558f4-66ce-4379-8572-67cde7aad6d7,66f558f4-66ce-4379-8572-67cde7aad6d7,,2026-02-04 07:31:47.074919,2026-02-04 07:31:47.074919,distribution_media_history,hg_stock,distribution_media_history_20260822_080123,2026-08-22 08:01:40.05814
387ded85-08be-4d7c-ae58-f501359c8f69,c0606281-f8c0-49cb-9e46-072c1aa33b40,f,f,1,45,"","",bdd9d4f3-6a59-4a34-8087-8b6c644ced64,"","",f,"",229dc6f0-0c2f-42cc-8d32-7c3397e96194,229dc6f0-0c2f-42cc-8d32-7c3397e96194,,2025-11-07 02:29:39.275178,2025-11-07 02:29:39.275178,distribution_media_history,hg_stock,distribution_media_history_20260822_080123,2026-08-22 08:01:40.05814
3a097faa-1d6d-4b45-a1a9-7901b09c28bf,6362a202-c642-4632-af1d-dfb5165d6286,f,f,1,7,"","",48a1af96-5a7d-40d9-8ebe-4e3655f14e4b,"","",f,,,,,2025-05-05 08:37:53.116267,2025-05-05 08:37:53.116267,distribution_media_history,hg_stock,distribution_media_history_20260822_080123,2026-08-22 08:01:40.05814
387df3fb-f711-4b48-8d73-3a13f04e9be3,62fc2f5d-dcc0-4e3e-83d2-e8c8cedfc04a,f,f,1,45,"","",bdd9d4f3-6a59-4a34-8087-8b6c644ced64,"","",f,"",229dc6f0-0c2f-42cc-8d32-7c3397e96194,229dc6f0-0c2f-42cc-8d32-7c3397e96194,,2026-01-27 09:22:41.989139,2026-01-27 09:22:41.989139,distribution_media_history,hg_stock,distribution_media_history_20260822_080123,2026-08-22 08:01:40.05814
387df6f7-ecf9-4762-bdeb-1f797e7cb652,4920f4bf-44d2-4ead-8fce-a6e1ff7ea0c8,t,f,1,7,"","",e2d5d683-013e-4197-8061-a8b45c971b8a,"","",f,"",25e2a43a-9a51-4a2c-8785-5a554e78d972,25e2a43a-9a51-4a2c-8785-5a554e78d972,,2025-10-14 07:09:02.402209,2025-10-14 07:09:02.402209,distribution_media_history,hg_stock,distribution_media_history_20260822_080123,2026-08-22 08:01:40.05814
387e142f-f588-4194-b24b-85085b779247,71c94703-b67c-4e12-a653-d5324a6677cc,t,f,1,7,"","","15b9cfe7-85ee-4d5c-910a-8dd18e3c08a8,211db165-a4e5-46fa-ae35-b3ce4970f396,270551e0-15db-4b4a-8bed-b0a9a3a44dff,4b130012-bca4-48d9-b677-a3bbac756669,5026b271-3ca4-475e-b42b-ecaef67294c8,52cea1c3-a193-411f-adb4-a6fbffe220eb,629885eb-65c4-4921-a300-3c618c8961e3,7657821d-0928-4099-92a1-2146097c66b0,7ad7d9b9-4600-4db5-a3a8-e7c243499008,ba826125-ec02-4f09-b0d4-9e4aeeb11c0a,db869e71-ba93-441b-a264-32c62f017853,df42ed2a-f2da-49a1-a4ea-36e358b59bee,fcdd5322-049e-4b50-aecf-593d36d18b8f","","",f,,92f38085-28a3-43aa-8bde-1b4b9ecfdfd6,92f38085-28a3-43aa-8bde-1b4b9ecfdfd6,,2025-05-05 08:38:09.06616,2025-05-05 08:38:09.06616,distribution_media_history,hg_stock,distribution_media_history_20260822_080123,2026-08-22 08:01:40.05814
387e1683-72cf-4033-b716-6cb8f3e7c879,c9e19b9e-1b48-42da-a1f6-5a37944bdc35,t,t,1,7,"","","","","04cee13a-69b0-41f1-b39c-889f9bd82938,17f48f51-7f38-41b0-a897-21f240726378,189d5957-a376-4804-9ac9-d3ac913f29b2,22c49afc-02e4-47e8-a4ab-9f0c0546ea68,3084841c-a70b-40d9-9edb-7aa498a50dc1,36298fa0-1ce7-4bae-8c41-db0a98d0341a,396221b9-cdc5-45b2-a79f-2d6de550fda9,3ee41b7a-96b5-4ab9-901b-3e0866188b6d,404f9125-d4c4-4da9-ad88-f829bb17ba62,489f9411-5f7e-4301-814a-60567e4e3e30,59113c8d-b24b-43e2-96f3-1eb18e9020bc,5c1b1d8f-d4a9-4a22-934a-43831e85d1e4,66cd6c10-7895-4502-937a-583c0d9ab692,6fccedd4-9c2a-4b13-a908-32363d8ab09d,7f65daf7-a4b7-4c1d-9b27-95a3e2321af0,7ffdacef-5d02-4aa8-b3d3-84c85d823164,82ce273c-9538-45d9-bc55-81d4406d2896,83546f70-3b79-4803-a00d-d4d620662403,84a48d11-c91a-4704-984d-487c05e520f8,8664aefc-082d-45bf-997c-d7924cdc450f,8b53e647-7506-4329-8541-838a25dc90b3,980be853-40ae-403e-9dfb-e5a0644a55da,988558f8-ab30-4768-aed0-ddcc6cb6b630,a45aa42c-5285-4ac5-8fe7-a51fbd5e1447,aa6908d1-4b4a-4472-8767-934000773385,b5793a82-9df0-404c-b478-a81c03ae4e6c,bd408cb0-2cde-4b1a-b556-8da94c325e1c,c0cc4ed9-8760-4184-b93c-e698dfb46246,c6f97750-2e14-4bb0-8d48-6d7b75af9afb,cbc183a5-8bbf-4ef0-988c-7b542efb0f71,d369fc61-1571-40e8-961b-70044ea493c5,de206049-f16b-4735-bac3-6af89517d5f6,e07abf1a-e63a-4a79-8ed5-11dbd5b7268c,e08f3c2d-0236-4fd0-8b86-d978d047ef93,e5a984fb-9511-483f-9ca8-2624f19dffac,ed0b4e25-e812-41ba-b50b-6963218c597f,ed44140b-5cc4-4d47-8ad1-afdb356aa44b,f335762b-0da1-428e-87a0-bec2dfa6b557,f475b91f-4997-46e8-9c30-f89c24d0a3bf,f601dbeb-2cae-4c86-9924-ce54abb0c3fb,fa2d090f-99ed-4048-bc02-56e323844e79,fad1e7bc-99f8-4821-beff-abd4694d5006,fd42dc28-9ff0-4379-8e65-fbca6f35de60,feb6927d-ee9b-40fc-8897-54a2bef67493",f,,3a9ff8c5-8923-4d19-a09e-2c8d79cc7c6f,3a9ff8c5-8923-4d19-a09e-2c8d79cc7c6f,,2025-07-30 03:07:46.731314,2025-07-30 03:07:46.731314,distribution_media_history,hg_stock,distribution_media_history_20260822_080123,2026-08-22 08:01:40.05814
387e534d-78f4-4d4d-a12d-28b002dbc772,8759d7c1-47b8-46cb-8d04-e78c65ac6757,f,t,1,7,"",aeed5635-c7e2-44b7-a4f6-596166e94410,"","","",f,,64b8fbbd-2c97-4ce9-b137-2e55cfd7e771,64b8fbbd-2c97-4ce9-b137-2e55cfd7e771,,2025-05-20 04:33:37.915591,2025-05-20 04:33:37.915591,distribution_media_history,hg_stock,distribution_media_history_20260822_080123,2026-08-22 08:01:40.05814
387e5ba7-ce2a-46e5-a750-6059fcfd03cf,0e800a3d-4d2b-4d97-88ff-4dfd73aa8998,f,f,1,90,"","","",87126131-51a3-46a3-b4ac-2ec2cce25711,"",f,"",229dc6f0-0c2f-42cc-8d32-7c3397e96194,229dc6f0-0c2f-42cc-8d32-7c3397e96194,,2026-04-20 04:54:35.15214,2026-04-20 04:54:35.15214,distribution_media_history,hg_stock,distribution_media_history_20260822_080123,2026-08-22 08:01:40.05814
387e6288-4448-4a11-89d2-9ca0ef2a3018,bf1f5c94-a144-45ae-af49-b57ac841be22,f,t,1,7,"","","","","3d6826f7-2626-4a37-aeaa-48f96a9b0b91,43bf3c8b-89b1-4138-8ae9-f564bb06596c,c0fe700c-34ee-4739-abf9-5a0a78b4c291,490497dc-5a22-4f3e-aabd-15f555818c32,73670add-5585-47ce-97c1-a08bdeb7f956,a9993709-50ba-4ebf-8d58-28cc482cd3df,dc4363f3-47bf-417d-bf6c-87ec7b129a23,9a58ee71-326b-4905-990a-f59c329facbb,5deee3c3-3888-46e0-899e-9cb092a60f26,b706c9f6-115c-4ffd-bcdd-9a7c18f4fb57,4761ea79-5165-4fa7-a980-b09454c0fb14,19e015cb-ccd1-49e3-aad5-8605feb595f2,9af7cf68-33a0-4d0a-9577-cba1a3ad1f22,135d3088-99fc-444c-9b9a-21a2e9bb5a59,0b0ddaa4-3592-40d8-9e46-8986bb004c15,635fefea-3f23-4852-88e5-2b8787d39773,c26c67b9-c472-487d-ba06-5a9ea82d6183,f4dd4428-bf65-4513-b8be-601d0d1d43d6,a3df88a3-5af1-48cd-9570-ccf048b9071c,ec59ef1c-d0d8-4934-8a42-7775c710491c,5a8b441b-a204-43ba-9493-377cef94f449,e2233413-cda5-4ef5-b8df-670690f74b06,0b9514d0-df14-4cb2-96f7-66a88144edf3,db6b31ce-1c0c-4728-abcd-c3f6d68467c4,7619809a-ea3b-4a3b-ad6f-d84bdffb9786,dd0d89e0-28ec-4fce-a39a-afadc639b807,49e1848d-584f-4cfd-9d91-3708bc10b099,d0e703c9-c972-4e72-ab5b-5e85d12e7ddb,59a4bdd5-072f-4682-9ce8-c2f126fb1594",f,,a61e2437-628b-43e7-a32c-f948290dbba9,a61e2437-628b-43e7-a32c-f948290dbba9,,2025-06-03 10:45:27.315702,2025-06-03 10:45:27.315702,distribution_media_history,hg_stock,distribution_media_history_20260822_080123,2026-08-22 08:01:40.05814
387e6460-27db-4921-b6d9-1d270559e33f,2b0053c2-cf41-44fc-a588-45f76726c36c,t,f,1,7,"","","15b9cfe7-85ee-4d5c-910a-8dd18e3c08a8,211db165-a4e5-46fa-ae35-b3ce4970f396,270551e0-15db-4b4a-8bed-b0a9a3a44dff,4b130012-bca4-48d9-b677-a3bbac756669,5026b271-3ca4-475e-b42b-ecaef67294c8,52cea1c3-a193-411f-adb4-a6fbffe220eb,629885eb-65c4-4921-a300-3c618c8961e3,7657821d-0928-4099-92a1-2146097c66b0,7ad7d9b9-4600-4db5-a3a8-e7c243499008,ba826125-ec02-4f09-b0d4-9e4aeeb11c0a,db869e71-ba93-441b-a264-32c62f017853,df42ed2a-f2da-49a1-a4ea-36e358b59bee,fcdd5322-049e-4b50-aecf-593d36d18b8f","","",f,,9c13422a-1f5c-48c8-8522-8548caab6795,9c13422a-1f5c-48c8-8522-8548caab6795,,2025-05-05 08:36:37.737612,2025-05-05 08:36:37.737612,distribution_media_history,hg_stock,distribution_media_history_20260822_080123,2026-08-22 08:01:40.05814
387e6695-f391-4fb7-9ab6-3ad78974f277,9873a320-aef2-43a6-89d6-e9c9df5fb3e0,t,f,1,7,"","","","","04cee13a-69b0-41f1-b39c-889f9bd82938,17f48f51-7f38-41b0-a897-21f240726378,189d5957-a376-4804-9ac9-d3ac913f29b2,22c49afc-02e4-47e8-a4ab-9f0c0546ea68,3084841c-a70b-40d9-9edb-7aa498a50dc1,36298fa0-1ce7-4bae-8c41-db0a98d0341a,396221b9-cdc5-45b2-a79f-2d6de550fda9,3ee41b7a-96b5-4ab9-901b-3e0866188b6d,404f9125-d4c4-4da9-ad88-f829bb17ba62,489f9411-5f7e-4301-814a-60567e4e3e30,59113c8d-b24b-43e2-96f3-1eb18e9020bc,66cd6c10-7895-4502-937a-583c0d9ab692,6fccedd4-9c2a-4b13-a908-32363d8ab09d,7f65daf7-a4b7-4c1d-9b27-95a3e2321af0,7ffdacef-5d02-4aa8-b3d3-84c85d823164,82ce273c-9538-45d9-bc55-81d4406d2896,83546f70-3b79-4803-a00d-d4d620662403,84a48d11-c91a-4704-984d-487c05e520f8,8664aefc-082d-45bf-997c-d7924cdc450f,8b53e647-7506-4329-8541-838a25dc90b3,93ab8008-587a-4a00-a78b-1ea011796b10,96fdf1dd-c29d-48c0-9942-b89777d4f662,980be853-40ae-403e-9dfb-e5a0644a55da,988558f8-ab30-4768-aed0-ddcc6cb6b630,a45aa42c-5285-4ac5-8fe7-a51fbd5e1447,aa6908d1-4b4a-4472-8767-934000773385,afe4ba65-c5e3-4bbb-9e23-6ccb370dc871,b5793a82-9df0-404c-b478-a81c03ae4e6c,bd408cb0-2cde-4b1a-b556-8da94c325e1c,c0cc4ed9-8760-4184-b93c-e698dfb46246,c6f97750-2e14-4bb0-8d48-6d7b75af9afb,cbc183a5-8bbf-4ef0-988c-7b542efb0f71,d369fc61-1571-40e8-961b-70044ea493c5,de206049-f16b-4735-bac3-6af89517d5f6,e07abf1a-e63a-4a79-8ed5-11dbd5b7268c,e08f3c2d-0236-4fd0-8b86-d978d047ef93,e5a984fb-9511-483f-9ca8-2624f19dffac,ed0b4e25-e812-41ba-b50b-6963218c597f,ed44140b-5cc4-4d47-8ad1-afdb356aa44b,eee97771-c2ef-426b-8c92-fde92d29fa00,f335762b-0da1-428e-87a0-bec2dfa6b557,f475b91f-4997-46e8-9c30-f89c24d0a3bf,f601dbeb-2cae-4c86-9924-ce54abb0c3fb,fa2d090f-99ed-4048-bc02-56e323844e79,fad1e7bc-99f8-4821-beff-abd4694d5006,fd42dc28-9ff0-4379-8e65-fbca6f35de60,feb6927d-ee9b-40fc-8897-54a2bef67493",f,,3a9ff8c5-8923-4d19-a09e-2c8d79cc7c6f,3a9ff8c5-8923-4d19-a09e-2c8d79cc7c6f,,2025-07-18 07:55:08.184518,2025-07-18 07:55:08.184518,distribution_media_history,hg_stock,distribution_media_history_20260822_080123,2026-08-22 08:01:40.05814
387e69d1-3b03-4c0e-91a1-db84b6b1cdaf,07eb0cc3-290a-4b7d-8361-ecb077b61d23,f,f,1,-1,"","","52cea1c3-a193-411f-adb4-a6fbffe220eb,548662b0-283c-448f-8305-77f91332155d","","",f,"",94ed467c-ceec-437f-aed7-3317cd4fe1ae,94ed467c-ceec-437f-aed7-3317cd4fe1ae,,2026-02-04 08:38:59.321797,2026-02-04 08:38:59.321797,distribution_media_history,hg_stock,distribution_media_history_20260822_080123,2026-08-22 08:01:40.05814
387ea07b-809f-48d3-b1e3-7103be9d1fe3,c84868e9-2a72-402f-9fa1-5e16ee813e10,f,t,1,7,"","","","","1e55f667-0670-40bc-8aee-27188dc5b384,27b2b34e-8707-4bb8-b0c6-2e75910beb09,2a952976-8a78-46c9-93c7-7d197d448b03,2ba607c0-3931-4232-8cff-7b946615c650,33331df9-2b29-4991-9e17-e8f97a2b13ff,378165af-c287-4215-b87c-5c5cf9aeff3b,4ac68eaa-1cde-4204-ad59-4ebdef0cdd20,6e01ca53-57ee-493e-9e77-0fdd4f7f0df3,751ce087-1ac0-4754-98e4-03bc44f7debb,a6bb0755-8f1b-42ba-b328-0df271601e1a,a82b59cb-0d98-4389-9d78-4f2233f34fbf,c0fe700c-34ee-4739-abf9-5a0a78b4c291,df9df296-f929-4c76-962a-4e4b28e72dc6,e0e4a2b7-34ed-4410-9b3c-eb6223af8bc8,ea612f5c-28e4-49ab-86aa-533208aa12d0",f,,97ee41e4-8f90-4991-8d67-df26d970bf62,97ee41e4-8f90-4991-8d67-df26d970bf62,,2025-07-11 02:36:15.675083,2025-07-11 02:36:15.675083,distribution_media_history,hg_stock,distribution_media_history_20260822_080123,2026-08-22 08:01:40.05814
387e728b-98a2-4e89-8662-b7af3305c044,91eff8cd-35cb-457e-9ad3-a9a50034b0b6,t,t,1,7,"","","","","04cee13a-69b0-41f1-b39c-889f9bd82938,17f48f51-7f38-41b0-a897-21f240726378,189d5957-a376-4804-9ac9-d3ac913f29b2,22c49afc-02e4-47e8-a4ab-9f0c0546ea68,3084841c-a70b-40d9-9edb-7aa498a50dc1,36298fa0-1ce7-4bae-8c41-db0a98d0341a,396221b9-cdc5-45b2-a79f-2d6de550fda9,3ee41b7a-96b5-4ab9-901b-3e0866188b6d,404f9125-d4c4-4da9-ad88-f829bb17ba62,489f9411-5f7e-4301-814a-60567e4e3e30,59113c8d-b24b-43e2-96f3-1eb18e9020bc,66cd6c10-7895-4502-937a-583c0d9ab692,6fccedd4-9c2a-4b13-a908-32363d8ab09d,7f65daf7-a4b7-4c1d-9b27-95a3e2321af0,7ffdacef-5d02-4aa8-b3d3-84c85d823164,82ce273c-9538-45d9-bc55-81d4406d2896,83546f70-3b79-4803-a00d-d4d620662403,84a48d11-c91a-4704-984d-487c05e520f8,8664aefc-082d-45bf-997c-d7924cdc450f,8b53e647-7506-4329-8541-838a25dc90b3,980be853-40ae-403e-9dfb-e5a0644a55da,988558f8-ab30-4768-aed0-ddcc6cb6b630,a45aa42c-5285-4ac5-8fe7-a51fbd5e1447,aa6908d1-4b4a-4472-8767-934000773385,afe4ba65-c5e3-4bbb-9e23-6ccb370dc871,b5793a82-9df0-404c-b478-a81c03ae4e6c,bd408cb0-2cde-4b1a-b556-8da94c325e1c,c0cc4ed9-8760-4184-b93c-e698dfb46246,c6f97750-2e14-4bb0-8d48-6d7b75af9afb,cbc183a5-8bbf-4ef0-988c-7b542efb0f71,d369fc61-1571-40e8-961b-70044ea493c5,de206049-f16b-4735-bac3-6af89517d5f6,e07abf1a-e63a-4a79-8ed5-11dbd5b7268c,e08f3c2d-0236-4fd0-8b86-d978d047ef93,e5a984fb-9511-483f-9ca8-2624f19dffac,ed0b4e25-e812-41ba-b50b-6963218c597f,ed44140b-5cc4-4d47-8ad1-afdb356aa44b,eee97771-c2ef-426b-8c92-fde92d29fa00,f335762b-0da1-428e-87a0-bec2dfa6b557,f475b91f-4997-46e8-9c30-f89c24d0a3bf,f601dbeb-2cae-4c86-9924-ce54abb0c3fb,fa2d090f-99ed-4048-bc02-56e323844e79,fad1e7bc-99f8-4821-beff-abd4694d5006,fd42dc28-9ff0-4379-8e65-fbca6f35de60,feb6927d-ee9b-40fc-8897-54a2bef67493",f,,3a9ff8c5-8923-4d19-a09e-2c8d79cc7c6f,3a9ff8c5-8923-4d19-a09e-2c8d79cc7c6f,,2025-06-25 07:00:05.371344,2025-06-25 07:00:05.371344,distribution_media_history,hg_stock,distribution_media_history_20260822_080123,2026-08-22 08:01:40.05814
387e7293-15ca-40a2-8666-25656395f1c5,55118e2c-1048-4747-b046-3d092e783116,t,f,1,7,"","","15b9cfe7-85ee-4d5c-910a-8dd18e3c08a8,211db165-a4e5-46fa-ae35-b3ce4970f396,270551e0-15db-4b4a-8bed-b0a9a3a44dff,4b130012-bca4-48d9-b677-a3bbac756669,5026b271-3ca4-475e-b42b-ecaef67294c8,52cea1c3-a193-411f-adb4-a6fbffe220eb,629885eb-65c4-4921-a300-3c618c8961e3,7657821d-0928-4099-92a1-2146097c66b0,7ad7d9b9-4600-4db5-a3a8-e7c243499008,ba826125-ec02-4f09-b0d4-9e4aeeb11c0a,db869e71-ba93-441b-a264-32c62f017853,df42ed2a-f2da-49a1-a4ea-36e358b59bee,fcdd5322-049e-4b50-aecf-593d36d18b8f","","",f,,,,,2025-05-05 08:37:21.022082,2025-05-05 08:37:21.022082,distribution_media_history,hg_stock,distribution_media_history_20260822_080123,2026-08-22 08:01:40.05814
387efebd-4261-499f-945b-fa6e0fd0cf3d,708e68c8-12fc-43e8-883d-c9de62872d97,f,t,1,7,"","","52cea1c3-a193-411f-adb4-a6fbffe220eb,7b56a13f-aff1-4987-89fa-3df97114f8a6","","",t,,438f6c82-e4b7-418d-b230-be5375d96463,438f6c82-e4b7-418d-b230-be5375d96463,,2025-07-15 10:36:59.747342,2025-07-15 10:36:59.747342,distribution_media_history,hg_stock,distribution_media_history_20260822_080123,2026-08-22 08:01:40.05814
387f911d-35f0-4eb0-8b50-fc46cd11b853,3580cd9b-b467-45ce-9192-5053d07a3411,f,f,1,90,"","","",87126131-51a3-46a3-b4ac-2ec2cce25711,"",f,"",229dc6f0-0c2f-42cc-8d32-7c3397e96194,229dc6f0-0c2f-42cc-8d32-7c3397e96194,,2026-04-20 04:55:36.155289,2026-04-20 04:55:36.155289,distribution_media_history,hg_stock,distribution_media_history_20260822_080123,2026-08-22 08:01:40.05814
38828c4a-e889-49fa-8eac-061467d43ac6,164b2331-1b0e-4d3b-8ca0-ad4362ca5a01,t,f,1,7,"","","","","",f,1cdbc000-1c24-485c-8e71-fb91a4d5fcb6,3a9ff8c5-8923-4d19-a09e-2c8d79cc7c6f,3a9ff8c5-8923-4d19-a09e-2c8d79cc7c6f,,2025-09-09 06:58:37.481055,2025-09-09 06:58:37.481055,distribution_media_history,hg_stock,distribution_media_history_20260822_080123,2026-08-22 08:01:40.05814
38829114-6cdb-41b6-b90c-564a29f1505d,44026184-bf2d-44e4-aded-77cf1750de51,f,f,1,7,"","","0749da15-f004-4cad-8a3f-26ebdf77e84c,de0102b9-50f9-41fa-992a-06ae9eb82724","","",f,,13cc64dd-4abe-4d73-be27-4aa3a65f821f,13cc64dd-4abe-4d73-be27-4aa3a65f821f,,2025-05-05 08:37:03.358222,2025-05-05 08:37:03.358222,distribution_media_history,hg_stock,distribution_media_history_20260822_080123,2026-08-22 08:01:40.05814
387e7f1e-9c21-4eb4-89e4-d9443c21e4d3,06051df9-28ba-4ce8-a60b-b335afc09f22,t,f,1,7,"","","","","04cee13a-69b0-41f1-b39c-889f9bd82938,17f48f51-7f38-41b0-a897-21f240726378,189d5957-a376-4804-9ac9-d3ac913f29b2,22c49afc-02e4-47e8-a4ab-9f0c0546ea68,3084841c-a70b-40d9-9edb-7aa498a50dc1,36298fa0-1ce7-4bae-8c41-db0a98d0341a,396221b9-cdc5-45b2-a79f-2d6de550fda9,3ee41b7a-96b5-4ab9-901b-3e0866188b6d,404f9125-d4c4-4da9-ad88-f829bb17ba62,489f9411-5f7e-4301-814a-60567e4e3e30,59113c8d-b24b-43e2-96f3-1eb18e9020bc,66cd6c10-7895-4502-937a-583c0d9ab692,6fccedd4-9c2a-4b13-a908-32363d8ab09d,7f65daf7-a4b7-4c1d-9b27-95a3e2321af0,7ffdacef-5d02-4aa8-b3d3-84c85d823164,82ce273c-9538-45d9-bc55-81d4406d2896,83546f70-3b79-4803-a00d-d4d620662403,84a48d11-c91a-4704-984d-487c05e520f8,8664aefc-082d-45bf-997c-d7924cdc450f,8b53e647-7506-4329-8541-838a25dc90b3,980be853-40ae-403e-9dfb-e5a0644a55da,988558f8-ab30-4768-aed0-ddcc6cb6b630,a45aa42c-5285-4ac5-8fe7-a51fbd5e1447,aa6908d1-4b4a-4472-8767-934000773385,afe4ba65-c5e3-4bbb-9e23-6ccb370dc871,b5793a82-9df0-404c-b478-a81c03ae4e6c,bd408cb0-2cde-4b1a-b556-8da94c325e1c,c0cc4ed9-8760-4184-b93c-e698dfb46246,c6f97750-2e14-4bb0-8d48-6d7b75af9afb,cbc183a5-8bbf-4ef0-988c-7b542efb0f71,d369fc61-1571-40e8-961b-70044ea493c5,de206049-f16b-4735-bac3-6af89517d5f6,e07abf1a-e63a-4a79-8ed5-11dbd5b7268c,e08f3c2d-0236-4fd0-8b86-d978d047ef93,e5a984fb-9511-483f-9ca8-2624f19dffac,ed0b4e25-e812-41ba-b50b-6963218c597f,ed44140b-5cc4-4d47-8ad1-afdb356aa44b,eee97771-c2ef-426b-8c92-fde92d29fa00,f335762b-0da1-428e-87a0-bec2dfa6b557,f475b91f-4997-46e8-9c30-f89c24d0a3bf,f601dbeb-2cae-4c86-9924-ce54abb0c3fb,fa2d090f-99ed-4048-bc02-56e323844e79,fad1e7bc-99f8-4821-beff-abd4694d5006,fd42dc28-9ff0-4379-8e65-fbca6f35de60,feb6927d-ee9b-40fc-8897-54a2bef67493",f,,3a9ff8c5-8923-4d19-a09e-2c8d79cc7c6f,3a9ff8c5-8923-4d19-a09e-2c8d79cc7c6f,,2025-06-25 07:00:05.37598,2025-06-25 07:00:05.37598,distribution_media_history,hg_stock,distribution_media_history_20260822_080123,2026-08-22 08:01:40.05814
387e8404-150e-43b4-a608-ae19fb594fbc,2ea775f7-7b7e-43a3-a643-ccbe73057530,f,f,1,7,"","","0749da15-f004-4cad-8a3f-26ebdf77e84c,de0102b9-50f9-41fa-992a-06ae9eb82724","","",f,,4cfc280e-dca8-4727-b662-132e9003185e,4cfc280e-dca8-4727-b662-132e9003185e,,2025-05-05 08:36:44.013227,2025-05-05 08:36:44.013227,distribution_media_history,hg_stock,distribution_media_history_20260822_080123,2026-08-22 08:01:40.05814
387e86c4-e749-442f-9cb8-2e318a27eeaa,55752fe6-8aea-4419-864d-04cd91aa1cab,f,f,1,7,"","","211db165-a4e5-46fa-ae35-b3ce4970f396,4b130012-bca4-48d9-b677-a3bbac756669,52cea1c3-a193-411f-adb4-a6fbffe220eb,7657821d-0928-4099-92a1-2146097c66b0,bc1799a3-603f-4412-909a-1f0d9907f17c,db869e71-ba93-441b-a264-32c62f017853","","",f,,40543163-4918-4efe-b067-e93603a45ebf,40543163-4918-4efe-b067-e93603a45ebf,,2025-05-05 08:37:21.022246,2025-05-05 08:37:21.022246,distribution_media_history,hg_stock,distribution_media_history_20260822_080123,2026-08-22 08:01:40.05814
387e9fdc-edd1-4ff8-972f-e9296fc2c306,60d22bac-7e7b-40dc-9e3f-f965b3d5495c,f,f,1,30,"","","","",fbae41ad-cb2a-4ecf-9b2d-5264e605093b,f,"",3a67bc3d-1077-4be0-9f5a-846a08f8c71b,3a67bc3d-1077-4be0-9f5a-846a08f8c71b,,2026-04-06 06:54:10.910242,2026-04-06 06:54:10.910242,distribution_media_history,hg_stock,distribution_media_history_20260822_080123,2026-08-22 08:01:40.05814
387ea688-9c71-4215-a527-cea3871ddf87,647fb486-addc-4b09-842b-3fe2779db7a3,f,f,1,7,"","",bdd9d4f3-6a59-4a34-8087-8b6c644ced64,"","",f,"",229dc6f0-0c2f-42cc-8d32-7c3397e96194,229dc6f0-0c2f-42cc-8d32-7c3397e96194,,2025-10-30 03:07:14.535491,2025-10-30 03:07:14.535491,distribution_media_history,hg_stock,distribution_media_history_20260822_080123,2026-08-22 08:01:40.05814
3a2f3247-8697-4e7d-a238-50a393208f9b,ac81ea8d-bca7-483e-8a9d-ec52d447fdec,f,f,1,7,"","",48a1af96-5a7d-40d9-8ebe-4e3655f14e4b,"","",f,,,,,2025-05-05 08:39:16.083225,2025-05-05 08:39:16.083225,distribution_media_history,hg_stock,distribution_media_history_20260822_080123,2026-08-22 08:01:40.05814
387eaa7a-268c-47dd-af31-d87118b3d5d3,89a3071d-d21f-4960-b97b-8cc72d8e6f66,t,f,1,7,"","","15b9cfe7-85ee-4d5c-910a-8dd18e3c08a8,211db165-a4e5-46fa-ae35-b3ce4970f396,270551e0-15db-4b4a-8bed-b0a9a3a44dff,4b130012-bca4-48d9-b677-a3bbac756669,5026b271-3ca4-475e-b42b-ecaef67294c8,52cea1c3-a193-411f-adb4-a6fbffe220eb,629885eb-65c4-4921-a300-3c618c8961e3,7657821d-0928-4099-92a1-2146097c66b0,7ad7d9b9-4600-4db5-a3a8-e7c243499008,ba826125-ec02-4f09-b0d4-9e4aeeb11c0a,db869e71-ba93-441b-a264-32c62f017853,df42ed2a-f2da-49a1-a4ea-36e358b59bee,fcdd5322-049e-4b50-aecf-593d36d18b8f","","",f,,,,,2025-05-05 08:38:38.498767,2025-05-05 08:38:38.498767,distribution_media_history,hg_stock,distribution_media_history_20260822_080123,2026-08-22 08:01:40.05814
387eafef-22bc-45fb-be8d-dbcafb62d2a8,5e7d6c18-b3d4-4aec-94bc-0e070bfd0e78,f,t,1,7,"","","","","0107174b-7a29-4872-a60f-5287df929527,3a51aea0-b46d-4fb9-90bd-8bc44554f16b,402dd7a9-0ce5-402f-b311-6364adfe6f4a,53a2a493-a040-405f-98b9-d523c97371af,57246353-e3d7-40f8-af95-84e98b96fd94,9ea46bad-c07c-4496-b3ef-eac459fbf36b,a2ba2a4a-ec4c-4c59-bd79-bc53627722ff",f,,3a9ff8c5-8923-4d19-a09e-2c8d79cc7c6f,3a9ff8c5-8923-4d19-a09e-2c8d79cc7c6f,,2025-07-12 09:33:33.192074,2025-07-12 09:33:33.192074,distribution_media_history,hg_stock,distribution_media_history_20260822_080123,2026-08-22 08:01:40.05814
387eb18e-c1a3-4045-867d-67ac28c1c371,0129776e-d907-4812-9ee0-130137e7aef1,f,t,1,7,"","","","","1439b9c9-9e05-4638-84cd-440a76ee307e,1c719b73-3719-479c-9425-15de6d8d72eb,24613508-1f1e-432f-88e2-a211d9b148c1,7697003b-34c8-4a2a-8f16-b59364358705,7e5e863d-7996-40a3-adcb-60e3c66d24d5,88c1c9de-5330-4231-9639-23aa00b227b4",f,,3a9ff8c5-8923-4d19-a09e-2c8d79cc7c6f,3a9ff8c5-8923-4d19-a09e-2c8d79cc7c6f,,2025-08-06 08:50:50.866338,2025-08-06 08:50:50.866338,distribution_media_history,hg_stock,distribution_media_history_20260822_080123,2026-08-22 08:01:40.05814
387ec7c3-0bff-4b04-877b-36917a239e7d,7b7ab74b-77ae-4b49-ba54-2018b07752a2,f,f,1,7,"",5938543b-a59a-40f7-b443-88fa3e8e1c08,"","","",f,"",6a34ddae-be72-471a-ad45-7e226c3a141f,6a34ddae-be72-471a-ad45-7e226c3a141f,,2025-09-04 04:08:53.993507,2025-09-04 04:08:53.993507,distribution_media_history,hg_stock,distribution_media_history_20260822_080123,2026-08-22 08:01:40.05814
387edc63-f254-4e6d-8430-e525cd9b47ab,627a9ddc-6407-43d7-b554-ff3e766a308c,f,f,1,14,"","","","",a3f1cf72-a60c-43e1-8982-43f7965ab7e4,f,"",86feaaae-e8b4-481c-b0f9-bb9749f4682d,86feaaae-e8b4-481c-b0f9-bb9749f4682d,,2026-03-14 03:49:11.67838,2026-03-14 03:49:11.67838,distribution_media_history,hg_stock,distribution_media_history_20260822_080123,2026-08-22 08:01:40.05814
387ee044-47aa-4059-b42c-b6741d2dfe7c,e992b0f5-37a6-43bf-9db8-6ba3bdfb3557,f,t,1,30,"","","","","",f,eaf751be-7681-4b63-96b2-35d9e1364214,3a9ff8c5-8923-4d19-a09e-2c8d79cc7c6f,3a9ff8c5-8923-4d19-a09e-2c8d79cc7c6f,,2025-10-31 10:32:58.796055,2025-10-31 10:32:58.796055,distribution_media_history,hg_stock,distribution_media_history_20260822_080123,2026-08-22 08:01:40.05814
387ee77a-5a87-4e22-89c0-1144e8498335,19991225-7a80-4d61-ba82-63e24d895ac9,t,f,1,7,"","","15b9cfe7-85ee-4d5c-910a-8dd18e3c08a8,211db165-a4e5-46fa-ae35-b3ce4970f396,270551e0-15db-4b4a-8bed-b0a9a3a44dff,4b130012-bca4-48d9-b677-a3bbac756669,5026b271-3ca4-475e-b42b-ecaef67294c8,52cea1c3-a193-411f-adb4-a6fbffe220eb,629885eb-65c4-4921-a300-3c618c8961e3,7657821d-0928-4099-92a1-2146097c66b0,7ad7d9b9-4600-4db5-a3a8-e7c243499008,ba826125-ec02-4f09-b0d4-9e4aeeb11c0a,db869e71-ba93-441b-a264-32c62f017853,df42ed2a-f2da-49a1-a4ea-36e358b59bee,e43c6415-4c89-451e-8bee-004c8f6ed620,fcdd5322-049e-4b50-aecf-593d36d18b8f","","",f,,809da474-a679-4f76-87f8-bb8ddfb8b815,809da474-a679-4f76-87f8-bb8ddfb8b815,,2025-05-05 08:36:18.770439,2025-05-05 08:36:18.770439,distribution_media_history,hg_stock,distribution_media_history_20260822_080123,2026-08-22 08:01:40.05814
387eef90-8a1a-45e8-8fb1-e010b8ada935,c437fa35-982b-43b8-9397-e2c50843ef49,f,f,1,7,"","","48a1af96-5a7d-40d9-8ebe-4e3655f14e4b,7a389018-94d3-443d-9646-ed7b63117169,854cae12-c88d-4bb4-85cf-4ed044d8e963,f30dad8c-85eb-43c2-a375-5d3fe9ff31ce,f5a4dab5-df91-4776-9a1f-1c2e1ed7ce8b","","",f,,,,,2025-05-05 08:39:42.977288,2025-05-05 08:39:42.977288,distribution_media_history,hg_stock,distribution_media_history_20260822_080123,2026-08-22 08:01:40.05814
387ef15a-5f2d-4d0e-be20-9444caed6931,65f26db6-d7ec-4bbc-a75e-0280221363c8,f,f,1,30,"","","","",5afca686-6f45-4c28-839f-90eeec3f0fd9,f,"",3a67bc3d-1077-4be0-9f5a-846a08f8c71b,3a67bc3d-1077-4be0-9f5a-846a08f8c71b,,2026-04-07 08:59:48.080009,2026-04-07 08:59:48.080009,distribution_media_history,hg_stock,distribution_media_history_20260822_080123,2026-08-22 08:01:40.05814
387efbad-df4f-4518-a6e2-91d908aa01c4,f42ebb64-235e-47bf-a769-a808a07b1f3b,f,f,1,7,"","","48a1af96-5a7d-40d9-8ebe-4e3655f14e4b,7a389018-94d3-443d-9646-ed7b63117169,854cae12-c88d-4bb4-85cf-4ed044d8e963,be3902b4-f926-4850-ba31-f18b178b9d39","","",f,,,,,2025-05-05 08:40:39.200993,2025-05-05 08:40:39.200993,distribution_media_history,hg_stock,distribution_media_history_20260822_080123,2026-08-22 08:01:40.05814
387f8d4e-5bba-44cb-81ab-7c6c8cc0f1f9,be26472c-3c46-4bc5-83ad-06aa6e1dd9b9,f,f,1,0,"","","","","",f,1190b645-1f41-44cb-8680-5726382adcc2,358dceb1-c1b0-46b9-a24f-c1b6a7fdb2dd,358dceb1-c1b0-46b9-a24f-c1b6a7fdb2dd,,2026-03-03 10:48:01.925344,2026-03-03 10:48:01.925344,distribution_media_history,hg_stock,distribution_media_history_20260822_080123,2026-08-22 08:01:40.05814
387f0fe6-3d35-4a3f-be02-cb952971167a,41977ec0-1d0a-4b69-ad34-91c2cb1266e2,t,f,1,7,"","","","","04cee13a-69b0-41f1-b39c-889f9bd82938,17f48f51-7f38-41b0-a897-21f240726378,189d5957-a376-4804-9ac9-d3ac913f29b2,22c49afc-02e4-47e8-a4ab-9f0c0546ea68,3084841c-a70b-40d9-9edb-7aa498a50dc1,36298fa0-1ce7-4bae-8c41-db0a98d0341a,396221b9-cdc5-45b2-a79f-2d6de550fda9,3ee41b7a-96b5-4ab9-901b-3e0866188b6d,404f9125-d4c4-4da9-ad88-f829bb17ba62,489f9411-5f7e-4301-814a-60567e4e3e30,59113c8d-b24b-43e2-96f3-1eb18e9020bc,5c1b1d8f-d4a9-4a22-934a-43831e85d1e4,66cd6c10-7895-4502-937a-583c0d9ab692,7f65daf7-a4b7-4c1d-9b27-95a3e2321af0,7ffdacef-5d02-4aa8-b3d3-84c85d823164,83546f70-3b79-4803-a00d-d4d620662403,84a48d11-c91a-4704-984d-487c05e520f8,8664aefc-082d-45bf-997c-d7924cdc450f,8b53e647-7506-4329-8541-838a25dc90b3,988558f8-ab30-4768-aed0-ddcc6cb6b630,9f332297-3b6b-4a98-bcd8-bc8da41105dd,a45aa42c-5285-4ac5-8fe7-a51fbd5e1447,aa6908d1-4b4a-4472-8767-934000773385,b5793a82-9df0-404c-b478-a81c03ae4e6c,b5a513f2-8d65-4512-90c0-7fa3c7311a61,b7f0a1f8-0078-4361-a39c-609cbc0fa09c,bd408cb0-2cde-4b1a-b556-8da94c325e1c,c0cc4ed9-8760-4184-b93c-e698dfb46246,c4b978df-9107-4eb9-a678-e621c83f0e48,c6f97750-2e14-4bb0-8d48-6d7b75af9afb,d369fc61-1571-40e8-961b-70044ea493c5,de206049-f16b-4735-bac3-6af89517d5f6,e08f3c2d-0236-4fd0-8b86-d978d047ef93,ed0b4e25-e812-41ba-b50b-6963218c597f,ed44140b-5cc4-4d47-8ad1-afdb356aa44b,f335762b-0da1-428e-87a0-bec2dfa6b557,f475b91f-4997-46e8-9c30-f89c24d0a3bf,f601dbeb-2cae-4c86-9924-ce54abb0c3fb,fad1e7bc-99f8-4821-beff-abd4694d5006,feb6927d-ee9b-40fc-8897-54a2bef67493",f,"",3a9ff8c5-8923-4d19-a09e-2c8d79cc7c6f,3a9ff8c5-8923-4d19-a09e-2c8d79cc7c6f,,2025-08-09 08:10:33.866485,2025-08-09 08:10:33.866485,distribution_media_history,hg_stock,distribution_media_history_20260822_080123,2026-08-22 08:01:40.05814
387f93cc-94db-481f-9b83-c563a4b42fe9,8c312f74-d4ca-48f8-a578-c919a28dab7e,f,f,0,7,"","","","","0e9ac747-2549-4974-bf10-36762e2bf4b0,d8df1fe2-060e-43cc-9ed4-8a41ab2d5561,60a9a846-b417-49d7-9427-c8ec1c7a3da8,e86c043e-7cef-418e-b148-8b1e89211f30,9e3bf329-f6e8-4ee4-8532-41b9887c99fc,e04fae25-e4c3-4f4d-9d5c-d19bd7d0ecf5,82765a10-75aa-48a7-8105-1de60aaee953,edf228c1-66f9-4f81-8a21-cfb7c893e9c4,4c0cbfd7-86ea-4793-af3c-b80645310be9,bb6dc5fe-6cb5-4538-8b5c-151496234970,b4e5cf70-0101-434d-9205-f2653b64a710,a0df7f95-fdf7-4afa-92ce-ac5e96e6b263,815769f5-d711-4504-9d5e-83c3005e9cba,76b573f0-c076-4f30-bb45-10afd9f320d6",f,,3a9ff8c5-8923-4d19-a09e-2c8d79cc7c6f,3a9ff8c5-8923-4d19-a09e-2c8d79cc7c6f,,2025-06-17 09:13:53.334663,2025-06-17 09:13:53.334663,distribution_media_history,hg_stock,distribution_media_history_20260822_080123,2026-08-22 08:01:40.05814
387f102a-292d-4b15-9d0a-fa02cf22043b,701cfd8e-bb87-47da-8f66-af110617713b,t,f,1,7,"","","","","04cee13a-69b0-41f1-b39c-889f9bd82938,17f48f51-7f38-41b0-a897-21f240726378,189d5957-a376-4804-9ac9-d3ac913f29b2,22c49afc-02e4-47e8-a4ab-9f0c0546ea68,3084841c-a70b-40d9-9edb-7aa498a50dc1,36298fa0-1ce7-4bae-8c41-db0a98d0341a,396221b9-cdc5-45b2-a79f-2d6de550fda9,3ee41b7a-96b5-4ab9-901b-3e0866188b6d,404f9125-d4c4-4da9-ad88-f829bb17ba62,489f9411-5f7e-4301-814a-60567e4e3e30,59113c8d-b24b-43e2-96f3-1eb18e9020bc,66cd6c10-7895-4502-937a-583c0d9ab692,6fccedd4-9c2a-4b13-a908-32363d8ab09d,7f65daf7-a4b7-4c1d-9b27-95a3e2321af0,7ffdacef-5d02-4aa8-b3d3-84c85d823164,82ce273c-9538-45d9-bc55-81d4406d2896,83546f70-3b79-4803-a00d-d4d620662403,84a48d11-c91a-4704-984d-487c05e520f8,8664aefc-082d-45bf-997c-d7924cdc450f,8b53e647-7506-4329-8541-838a25dc90b3,980be853-40ae-403e-9dfb-e5a0644a55da,988558f8-ab30-4768-aed0-ddcc6cb6b630,a45aa42c-5285-4ac5-8fe7-a51fbd5e1447,aa6908d1-4b4a-4472-8767-934000773385,afe4ba65-c5e3-4bbb-9e23-6ccb370dc871,b5793a82-9df0-404c-b478-a81c03ae4e6c,bd408cb0-2cde-4b1a-b556-8da94c325e1c,c0cc4ed9-8760-4184-b93c-e698dfb46246,c6f97750-2e14-4bb0-8d48-6d7b75af9afb,cbc183a5-8bbf-4ef0-988c-7b542efb0f71,d369fc61-1571-40e8-961b-70044ea493c5,de206049-f16b-4735-bac3-6af89517d5f6,e07abf1a-e63a-4a79-8ed5-11dbd5b7268c,e08f3c2d-0236-4fd0-8b86-d978d047ef93,ed0b4e25-e812-41ba-b50b-6963218c597f,ed44140b-5cc4-4d47-8ad1-afdb356aa44b,eee97771-c2ef-426b-8c92-fde92d29fa00,f335762b-0da1-428e-87a0-bec2dfa6b557,f475b91f-4997-46e8-9c30-f89c24d0a3bf,f601dbeb-2cae-4c86-9924-ce54abb0c3fb,fa2d090f-99ed-4048-bc02-56e323844e79,fad1e7bc-99f8-4821-beff-abd4694d5006,feb6927d-ee9b-40fc-8897-54a2bef67493",f,,3a9ff8c5-8923-4d19-a09e-2c8d79cc7c6f,3a9ff8c5-8923-4d19-a09e-2c8d79cc7c6f,,2025-06-25 05:01:48.95472,2025-06-25 05:01:48.95472,distribution_media_history,hg_stock,distribution_media_history_20260822_080123,2026-08-22 08:01:40.05814
387f14ab-c2f3-449e-a0c9-2cf7f471f43d,b023bd86-21e0-4580-b047-41606d15debb,f,f,0,7,"","","","b9b02cb4-fa1f-41d5-b516-f4c045b86759,f47a633f-653b-49f6-b189-d445d46fd303","",f,,229dc6f0-0c2f-42cc-8d32-7c3397e96194,229dc6f0-0c2f-42cc-8d32-7c3397e96194,,2025-06-17 07:23:12.591162,2025-06-17 07:23:12.591162,distribution_media_history,hg_stock,distribution_media_history_20260822_080123,2026-08-22 08:01:40.05814
387f1e19-f000-400c-933e-f86da355856b,12464638-f7ff-433f-9559-9226908fd988,f,f,1,45,"","",a395020b-3177-474a-a0f3-d730ce48674f,"","",f,"",6a34ddae-be72-471a-ad45-7e226c3a141f,6a34ddae-be72-471a-ad45-7e226c3a141f,,2025-11-17 10:21:42.390093,2025-11-17 10:21:42.390093,distribution_media_history,hg_stock,distribution_media_history_20260822_080123,2026-08-22 08:01:40.05814
387f296e-240c-404f-a432-8c6a92ac1650,d134033c-41bd-471b-87d1-e9770d709207,t,f,1,7,"","","","","",f,1cdbc000-1c24-485c-8e71-fb91a4d5fcb6,3a9ff8c5-8923-4d19-a09e-2c8d79cc7c6f,3a9ff8c5-8923-4d19-a09e-2c8d79cc7c6f,,2025-10-13 07:56:19.391811,2025-10-13 07:56:19.391811,distribution_media_history,hg_stock,distribution_media_history_20260822_080123,2026-08-22 08:01:40.05814
387f309e-1bf5-4169-80e9-1ed72d54d475,146a99bf-5aec-4b4a-8b85-30b5c75e9654,t,f,1,7,"","","15b9cfe7-85ee-4d5c-910a-8dd18e3c08a8,211db165-a4e5-46fa-ae35-b3ce4970f396,270551e0-15db-4b4a-8bed-b0a9a3a44dff,469f562c-a07c-4e5e-9294-ca2b7f3e96c5,4b130012-bca4-48d9-b677-a3bbac756669,5026b271-3ca4-475e-b42b-ecaef67294c8,52cea1c3-a193-411f-adb4-a6fbffe220eb,629885eb-65c4-4921-a300-3c618c8961e3,7657821d-0928-4099-92a1-2146097c66b0,7ad7d9b9-4600-4db5-a3a8-e7c243499008,ba826125-ec02-4f09-b0d4-9e4aeeb11c0a,db869e71-ba93-441b-a264-32c62f017853,df42ed2a-f2da-49a1-a4ea-36e358b59bee,fcdd5322-049e-4b50-aecf-593d36d18b8f","","",f,,,,,2025-05-05 08:36:18.768334,2025-05-05 08:36:18.768334,distribution_media_history,hg_stock,distribution_media_history_20260822_080123,2026-08-22 08:01:40.05814
387f36f5-ca16-4029-ab87-f9e16fc19158,759960de-6a73-4e96-9322-4677cc475730,t,t,1,7,"","","","","",f,1cdbc000-1c24-485c-8e71-fb91a4d5fcb6,3a9ff8c5-8923-4d19-a09e-2c8d79cc7c6f,3a9ff8c5-8923-4d19-a09e-2c8d79cc7c6f,,2025-09-09 07:15:41.628747,2025-09-09 07:15:41.628747,distribution_media_history,hg_stock,distribution_media_history_20260822_080123,2026-08-22 08:01:40.05814
387f4149-3997-4c59-91dd-d5be8ffa684f,7f67e6a9-5cff-4adb-b781-db1bae1f2303,t,f,1,7,"","","15b9cfe7-85ee-4d5c-910a-8dd18e3c08a8,211db165-a4e5-46fa-ae35-b3ce4970f396,270551e0-15db-4b4a-8bed-b0a9a3a44dff,4b130012-bca4-48d9-b677-a3bbac756669,5026b271-3ca4-475e-b42b-ecaef67294c8,52cea1c3-a193-411f-adb4-a6fbffe220eb,629885eb-65c4-4921-a300-3c618c8961e3,7657821d-0928-4099-92a1-2146097c66b0,7ad7d9b9-4600-4db5-a3a8-e7c243499008,ba826125-ec02-4f09-b0d4-9e4aeeb11c0a,db869e71-ba93-441b-a264-32c62f017853,df42ed2a-f2da-49a1-a4ea-36e358b59bee,fcdd5322-049e-4b50-aecf-593d36d18b8f","","",f,,,,,2025-05-05 08:38:23.415307,2025-05-05 08:38:23.415307,distribution_media_history,hg_stock,distribution_media_history_20260822_080123,2026-08-22 08:01:40.05814
387f4d32-bdfd-4b06-a3b9-b43dd52fbabf,6f5a9910-2eca-496f-95fd-2ccda253019a,t,t,1,7,"","","0749da15-f004-4cad-8a3f-26ebdf77e84c,0cffc79b-1bd0-4f1d-a3a6-5d681ef29479","","",f,,a487b65e-6fc8-47db-8c5a-6c364a9e9d96,a487b65e-6fc8-47db-8c5a-6c364a9e9d96,,2025-06-27 02:33:44.997653,2025-06-27 02:33:44.997653,distribution_media_history,hg_stock,distribution_media_history_20260822_080123,2026-08-22 08:01:40.05814
387f4fb4-f2e7-4abc-b4ff-8ce969c56ccd,f4331a5c-18e4-406f-9a91-b66e024ca2cc,f,f,1,7,"","","",fb606cb5-26e8-43c4-8d13-a07f07bba568,"",f,"",5d7a9893-6e21-4a12-bf1b-8594646e7b4d,5d7a9893-6e21-4a12-bf1b-8594646e7b4d,,2025-09-04 02:44:15.381157,2025-09-04 02:44:15.381157,distribution_media_history,hg_stock,distribution_media_history_20260822_080123,2026-08-22 08:01:40.05814
387f514a-616b-48a4-88e0-5582e569bd71,f2bc5021-73df-4825-8510-16beb32e281a,t,f,1,7,"","","15b9cfe7-85ee-4d5c-910a-8dd18e3c08a8,211db165-a4e5-46fa-ae35-b3ce4970f396,270551e0-15db-4b4a-8bed-b0a9a3a44dff,4b130012-bca4-48d9-b677-a3bbac756669,5026b271-3ca4-475e-b42b-ecaef67294c8,52cea1c3-a193-411f-adb4-a6fbffe220eb,629885eb-65c4-4921-a300-3c618c8961e3,7657821d-0928-4099-92a1-2146097c66b0,7ad7d9b9-4600-4db5-a3a8-e7c243499008,ba826125-ec02-4f09-b0d4-9e4aeeb11c0a,db869e71-ba93-441b-a264-32c62f017853,df42ed2a-f2da-49a1-a4ea-36e358b59bee,fcdd5322-049e-4b50-aecf-593d36d18b8f","","",f,,,,,2025-05-05 08:40:39.200433,2025-05-05 08:40:39.200433,distribution_media_history,hg_stock,distribution_media_history_20260822_080123,2026-08-22 08:01:40.05814
387f6995-5de9-4df0-b183-61d5ae232dc9,593ec857-6784-4253-8e49-5f49561e6067,f,f,0,7,"","","","","0e9ac747-2549-4974-bf10-36762e2bf4b0,d8df1fe2-060e-43cc-9ed4-8a41ab2d5561,60a9a846-b417-49d7-9427-c8ec1c7a3da8,e86c043e-7cef-418e-b148-8b1e89211f30,9e3bf329-f6e8-4ee4-8532-41b9887c99fc,e04fae25-e4c3-4f4d-9d5c-d19bd7d0ecf5,82765a10-75aa-48a7-8105-1de60aaee953,edf228c1-66f9-4f81-8a21-cfb7c893e9c4,4c0cbfd7-86ea-4793-af3c-b80645310be9,bb6dc5fe-6cb5-4538-8b5c-151496234970,b4e5cf70-0101-434d-9205-f2653b64a710,a0df7f95-fdf7-4afa-92ce-ac5e96e6b263,815769f5-d711-4504-9d5e-83c3005e9cba",f,,3a9ff8c5-8923-4d19-a09e-2c8d79cc7c6f,3a9ff8c5-8923-4d19-a09e-2c8d79cc7c6f,,2025-06-17 06:57:34.153161,2025-06-17 06:57:34.153161,distribution_media_history,hg_stock,distribution_media_history_20260822_080123,2026-08-22 08:01:40.05814
387f78ba-c2b5-49c3-abdb-2cd3f5a65f4a,193b2d93-e306-4666-b4f5-0710966a4ef3,f,f,1,90,"","","","","",t,"1190b645-1f41-44cb-8680-5726382adcc2,de337a89-766b-4121-bf74-03703fbc9236",358dceb1-c1b0-46b9-a24f-c1b6a7fdb2dd,358dceb1-c1b0-46b9-a24f-c1b6a7fdb2dd,,2026-03-18 15:06:05.961863,2026-03-18 15:06:05.961863,distribution_media_history,hg_stock,distribution_media_history_20260822_080123,2026-08-22 08:01:40.05814
387f97b9-4d5a-4ffe-8d05-523e9a39cad0,6e7ddf29-d154-4a7c-856d-b45b9751d9c0,f,f,1,90,"","","","","",t,"1190b645-1f41-44cb-8680-5726382adcc2,810a971a-8ddc-4ef0-9f85-d8eba152507c",358dceb1-c1b0-46b9-a24f-c1b6a7fdb2dd,358dceb1-c1b0-46b9-a24f-c1b6a7fdb2dd,,2026-03-11 04:34:37.328331,2026-03-11 04:34:37.328331,distribution_media_history,hg_stock,distribution_media_history_20260822_080123,2026-08-22 08:01:40.05814
387fa962-6e7d-4af4-83b1-0f88daeb2c63,6f0170e5-a95e-4d1a-8890-2b1639cb17aa,t,f,1,14,"","","","","",f,1cdbc000-1c24-485c-8e71-fb91a4d5fcb6,3a9ff8c5-8923-4d19-a09e-2c8d79cc7c6f,3a9ff8c5-8923-4d19-a09e-2c8d79cc7c6f,,2025-12-27 08:23:54.223151,2025-12-27 08:23:54.223151,distribution_media_history,hg_stock,distribution_media_history_20260822_080123,2026-08-22 08:01:40.05814
387fadf2-4cf3-4870-81ea-4a883e69a916,ba194a4b-75b5-4aec-9241-6c2bd58f86f9,t,t,1,7,"","",0cffc79b-1bd0-4f1d-a3a6-5d681ef29479,"","",f,,a487b65e-6fc8-47db-8c5a-6c364a9e9d96,a487b65e-6fc8-47db-8c5a-6c364a9e9d96,,2025-05-16 01:53:41.662223,2025-05-16 01:53:41.662223,distribution_media_history,hg_stock,distribution_media_history_20260822_080123,2026-08-22 08:01:40.05814
387fbc4f-b895-445e-a58d-e4c65a34b0d3,8a7f2c6f-c1d7-4a12-ae87-3e5908335fef,f,t,1,7,"","","","","",f,,de0ae554-65a0-4600-8a7c-c3119a2ae7bb,de0ae554-65a0-4600-8a7c-c3119a2ae7bb,,2025-07-18 07:41:25.482978,2025-07-18 07:41:25.482978,distribution_media_history,hg_stock,distribution_media_history_20260822_080123,2026-08-22 08:01:40.05814
387fc882-738f-4ed4-ba1c-45757d43eb72,c750f647-7c6e-488f-8cee-5a25d5fd8851,t,f,1,7,"","","15b9cfe7-85ee-4d5c-910a-8dd18e3c08a8,211db165-a4e5-46fa-ae35-b3ce4970f396,270551e0-15db-4b4a-8bed-b0a9a3a44dff,4b130012-bca4-48d9-b677-a3bbac756669,5026b271-3ca4-475e-b42b-ecaef67294c8,52cea1c3-a193-411f-adb4-a6fbffe220eb,629885eb-65c4-4921-a300-3c618c8961e3,7657821d-0928-4099-92a1-2146097c66b0,7ad7d9b9-4600-4db5-a3a8-e7c243499008,ba826125-ec02-4f09-b0d4-9e4aeeb11c0a,db869e71-ba93-441b-a264-32c62f017853,df42ed2a-f2da-49a1-a4ea-36e358b59bee,fcdd5322-049e-4b50-aecf-593d36d18b8f","","",f,,,,,2025-05-05 08:39:42.978506,2025-05-05 08:39:42.978506,distribution_media_history,hg_stock,distribution_media_history_20260822_080123,2026-08-22 08:01:40.05814
387fc8c6-5438-4646-af84-78518a730de6,d4defc71-1d56-43dc-87fc-0159666a474f,f,f,1,90,"","","","","",t,"1190b645-1f41-44cb-8680-5726382adcc2,810a971a-8ddc-4ef0-9f85-d8eba152507c",358dceb1-c1b0-46b9-a24f-c1b6a7fdb2dd,358dceb1-c1b0-46b9-a24f-c1b6a7fdb2dd,,2026-03-11 04:34:11.183848,2026-03-11 04:34:11.183848,distribution_media_history,hg_stock,distribution_media_history_20260822_080123,2026-08-22 08:01:40.05814
387fd110-2e7e-4b0b-bb9d-58c450100d00,3fe35002-bae5-422b-b2d3-4aee5512f683,f,t,1,7,"","",f7518a4f-31cf-4274-9dec-a7d57ef00a5e,"","",f,,3a9ff8c5-8923-4d19-a09e-2c8d79cc7c6f,3a9ff8c5-8923-4d19-a09e-2c8d79cc7c6f,,2025-06-02 09:07:34.200395,2025-06-02 09:07:34.200395,distribution_media_history,hg_stock,distribution_media_history_20260822_080123,2026-08-22 08:01:40.05814
387fe022-d98b-46f1-920c-fbfb8108abd0,440a23bb-48e2-4e9a-9cb9-88b47c3db50f,t,f,1,7,"","","15b9cfe7-85ee-4d5c-910a-8dd18e3c08a8,211db165-a4e5-46fa-ae35-b3ce4970f396,270551e0-15db-4b4a-8bed-b0a9a3a44dff,4b130012-bca4-48d9-b677-a3bbac756669,5026b271-3ca4-475e-b42b-ecaef67294c8,52cea1c3-a193-411f-adb4-a6fbffe220eb,629885eb-65c4-4921-a300-3c618c8961e3,7657821d-0928-4099-92a1-2146097c66b0,7ad7d9b9-4600-4db5-a3a8-e7c243499008,ba826125-ec02-4f09-b0d4-9e4aeeb11c0a,db869e71-ba93-441b-a264-32c62f017853,df42ed2a-f2da-49a1-a4ea-36e358b59bee,fcdd5322-049e-4b50-aecf-593d36d18b8f","","",f,,72978bf6-a73e-4223-93b3-0f4b9241bcc9,72978bf6-a73e-4223-93b3-0f4b9241bcc9,,2025-05-05 08:37:03.358238,2025-05-05 08:37:03.358238,distribution_media_history,hg_stock,distribution_media_history_20260822_080123,2026-08-22 08:01:40.05814
388004f8-28b3-4a25-af11-fa2dfc144ff2,fea11adb-c258-46b2-b29b-9fab6d82dc13,t,f,1,7,"","","0b5fd67b-6dbc-468f-9fd9-871c24314e4c,0dca4ce1-f595-42fa-bde9-988b7de6051c,211db165-a4e5-46fa-ae35-b3ce4970f396,4b130012-bca4-48d9-b677-a3bbac756669,52cea1c3-a193-411f-adb4-a6fbffe220eb,7657821d-0928-4099-92a1-2146097c66b0,db869e71-ba93-441b-a264-32c62f017853","","",f,,,,,2025-05-05 08:40:57.83192,2025-05-05 08:40:57.83192,distribution_media_history,hg_stock,distribution_media_history_20260822_080123,2026-08-22 08:01:40.05814
3880072e-456f-4a19-8d16-c654b4d2d532,7bd4fbe0-02ac-4155-a87c-53d6f685eaef,f,f,1,7,"","","48a1af96-5a7d-40d9-8ebe-4e3655f14e4b,7a389018-94d3-443d-9646-ed7b63117169,854cae12-c88d-4bb4-85cf-4ed044d8e963,f30dad8c-85eb-43c2-a375-5d3fe9ff31ce,f5a4dab5-df91-4776-9a1f-1c2e1ed7ce8b","","",f,,,,,2025-05-05 08:38:23.413578,2025-05-05 08:38:23.413578,distribution_media_history,hg_stock,distribution_media_history_20260822_080123,2026-08-22 08:01:40.05814
38800e91-bbc7-40ef-9721-a99ad1b75778,6d221ca9-ce16-4b1e-b7c9-7fa6c21643e7,f,f,1,14,"","","","",fdd0a8a2-abf7-4e5e-8837-05cd0a89bafe,f,"",4cf4d8d0-959b-4d27-882a-ef1ce5b92241,4cf4d8d0-959b-4d27-882a-ef1ce5b92241,,2026-01-09 02:59:24.085703,2026-01-09 02:59:24.085703,distribution_media_history,hg_stock,distribution_media_history_20260822_080123,2026-08-22 08:01:40.05814
388017b5-c621-4985-8a79-5c7e62bd5cb1,50eb2cff-8568-443b-b186-dd39b39bbfef,t,t,1,7,"","","52cea1c3-a193-411f-adb4-a6fbffe220eb,8ff764e4-1c14-41ce-9fb2-37f9b60c915c","",626b70f3-6403-497b-b4eb-3e9a5aa209c3,t,"",94ed467c-ceec-437f-aed7-3317cd4fe1ae,94ed467c-ceec-437f-aed7-3317cd4fe1ae,,2025-08-21 09:54:31.55891,2025-08-21 09:54:31.55891,distribution_media_history,hg_stock,distribution_media_history_20260822_080123,2026-08-22 08:01:40.05814
38803483-cf0a-4d38-9e2b-362607e87938,e8ae48fa-d84e-41c8-8e44-2efee0d23522,f,f,1,-1,"",522cc0c7-0990-4e26-b535-392767a7c142,"","","",f,"",522cc0c7-0990-4e26-b535-392767a7c142,522cc0c7-0990-4e26-b535-392767a7c142,,2026-04-08 03:14:04.978611,2026-04-08 03:14:04.978611,distribution_media_history,hg_stock,distribution_media_history_20260822_080123,2026-08-22 08:01:40.05814
3880361a-d163-4c17-b27a-1c961e612f83,333bc3e6-f971-458e-9486-18ce0155c1f2,f,f,1,7,"","",48a1af96-5a7d-40d9-8ebe-4e3655f14e4b,"","",f,,,,,2025-05-05 08:36:44.015106,2025-05-05 08:36:44.015106,distribution_media_history,hg_stock,distribution_media_history_20260822_080123,2026-08-22 08:01:40.05814
38803f64-e387-440e-b99a-593d8b2f94a6,8ab5fd8e-46fa-4a35-b631-58448866c974,t,f,1,7,"","","","","04cee13a-69b0-41f1-b39c-889f9bd82938,17f48f51-7f38-41b0-a897-21f240726378,189d5957-a376-4804-9ac9-d3ac913f29b2,22c49afc-02e4-47e8-a4ab-9f0c0546ea68,3084841c-a70b-40d9-9edb-7aa498a50dc1,36298fa0-1ce7-4bae-8c41-db0a98d0341a,396221b9-cdc5-45b2-a79f-2d6de550fda9,3ee41b7a-96b5-4ab9-901b-3e0866188b6d,404f9125-d4c4-4da9-ad88-f829bb17ba62,489f9411-5f7e-4301-814a-60567e4e3e30,59113c8d-b24b-43e2-96f3-1eb18e9020bc,5c1b1d8f-d4a9-4a22-934a-43831e85d1e4,66cd6c10-7895-4502-937a-583c0d9ab692,7f65daf7-a4b7-4c1d-9b27-95a3e2321af0,7ffdacef-5d02-4aa8-b3d3-84c85d823164,82ce273c-9538-45d9-bc55-81d4406d2896,83546f70-3b79-4803-a00d-d4d620662403,84a48d11-c91a-4704-984d-487c05e520f8,8664aefc-082d-45bf-997c-d7924cdc450f,8b53e647-7506-4329-8541-838a25dc90b3,988558f8-ab30-4768-aed0-ddcc6cb6b630,9f332297-3b6b-4a98-bcd8-bc8da41105dd,a45aa42c-5285-4ac5-8fe7-a51fbd5e1447,aa6908d1-4b4a-4472-8767-934000773385,b5793a82-9df0-404c-b478-a81c03ae4e6c,b5a513f2-8d65-4512-90c0-7fa3c7311a61,b7f0a1f8-0078-4361-a39c-609cbc0fa09c,bd408cb0-2cde-4b1a-b556-8da94c325e1c,c0cc4ed9-8760-4184-b93c-e698dfb46246,c4b978df-9107-4eb9-a678-e621c83f0e48,c6f97750-2e14-4bb0-8d48-6d7b75af9afb,d369fc61-1571-40e8-961b-70044ea493c5,de206049-f16b-4735-bac3-6af89517d5f6,e08f3c2d-0236-4fd0-8b86-d978d047ef93,ed0b4e25-e812-41ba-b50b-6963218c597f,ed44140b-5cc4-4d47-8ad1-afdb356aa44b,f335762b-0da1-428e-87a0-bec2dfa6b557,f475b91f-4997-46e8-9c30-f89c24d0a3bf,f601dbeb-2cae-4c86-9924-ce54abb0c3fb,fad1e7bc-99f8-4821-beff-abd4694d5006,feb6927d-ee9b-40fc-8897-54a2bef67493",f,,3a9ff8c5-8923-4d19-a09e-2c8d79cc7c6f,3a9ff8c5-8923-4d19-a09e-2c8d79cc7c6f,,2025-07-30 09:47:10.545827,2025-07-30 09:47:10.545827,distribution_media_history,hg_stock,distribution_media_history_20260822_080123,2026-08-22 08:01:40.05814
38810470-9b23-48be-8534-270e79019c55,3bd24cd1-0522-4f78-984f-2e6575a6285a,f,t,1,7,"",a1fc6186-159d-4bca-81bc-ad3593decdb8,"","","",f,,4cf4d8d0-959b-4d27-882a-ef1ce5b92241,4cf4d8d0-959b-4d27-882a-ef1ce5b92241,,2025-05-12 09:57:06.175062,2025-05-12 09:57:06.175062,distribution_media_history,hg_stock,distribution_media_history_20260822_080123,2026-08-22 08:01:40.05814
3a7b4d46-260b-46c8-9204-c96edbeda978,2f051d2e-21b3-45cb-b125-f370ee93f262,f,f,1,7,"","",48a1af96-5a7d-40d9-8ebe-4e3655f14e4b,"","",f,,,,,2025-05-05 08:36:44.013365,2025-05-05 08:36:44.013365,distribution_media_history,hg_stock,distribution_media_history_20260822_080123,2026-08-22 08:01:40.05814
38804412-44b8-4a51-afb6-5711b066350b,349776c2-2642-4ce8-9c63-b7d944caed9c,t,f,1,7,"","","15b9cfe7-85ee-4d5c-910a-8dd18e3c08a8,211db165-a4e5-46fa-ae35-b3ce4970f396,270551e0-15db-4b4a-8bed-b0a9a3a44dff,4b130012-bca4-48d9-b677-a3bbac756669,5026b271-3ca4-475e-b42b-ecaef67294c8,52cea1c3-a193-411f-adb4-a6fbffe220eb,629885eb-65c4-4921-a300-3c618c8961e3,7657821d-0928-4099-92a1-2146097c66b0,7ad7d9b9-4600-4db5-a3a8-e7c243499008,ba826125-ec02-4f09-b0d4-9e4aeeb11c0a,db869e71-ba93-441b-a264-32c62f017853,df42ed2a-f2da-49a1-a4ea-36e358b59bee,fcdd5322-049e-4b50-aecf-593d36d18b8f","","",f,,1408b899-f1c6-4409-ab0d-96255932ddc4,1408b899-f1c6-4409-ab0d-96255932ddc4,,2025-05-05 08:36:50.727807,2025-05-05 08:36:50.727807,distribution_media_history,hg_stock,distribution_media_history_20260822_080123,2026-08-22 08:01:40.05814
38821164-0c90-474e-84df-a2e7060dd7b1,ba054dbd-8314-4874-ac13-f6fbf51c0772,f,f,1,90,"","","","","",f,de337a89-766b-4121-bf74-03703fbc9236,358dceb1-c1b0-46b9-a24f-c1b6a7fdb2dd,358dceb1-c1b0-46b9-a24f-c1b6a7fdb2dd,,2026-03-18 14:48:38.924462,2026-03-18 14:48:38.924462,distribution_media_history,hg_stock,distribution_media_history_20260822_080123,2026-08-22 08:01:40.05814
388055b1-dedb-4300-b6da-e3fd444dbbc6,772e00b6-9da0-4855-b67a-e34e56bef79c,t,f,1,7,"","","15b9cfe7-85ee-4d5c-910a-8dd18e3c08a8,211db165-a4e5-46fa-ae35-b3ce4970f396,270551e0-15db-4b4a-8bed-b0a9a3a44dff,469f562c-a07c-4e5e-9294-ca2b7f3e96c5,4b130012-bca4-48d9-b677-a3bbac756669,5026b271-3ca4-475e-b42b-ecaef67294c8,52cea1c3-a193-411f-adb4-a6fbffe220eb,629885eb-65c4-4921-a300-3c618c8961e3,7657821d-0928-4099-92a1-2146097c66b0,7ad7d9b9-4600-4db5-a3a8-e7c243499008,ba826125-ec02-4f09-b0d4-9e4aeeb11c0a,db869e71-ba93-441b-a264-32c62f017853,df42ed2a-f2da-49a1-a4ea-36e358b59bee,fcdd5322-049e-4b50-aecf-593d36d18b8f","","",f,,,,,2025-05-05 08:38:09.068226,2025-05-05 08:38:09.068226,distribution_media_history,hg_stock,distribution_media_history_20260822_080123,2026-08-22 08:01:40.05814
388071c1-8b15-4674-a006-96b9f67b0d06,308b88ec-54f5-41ac-a9f8-dab1c6d910b1,f,f,1,-1,"2041f929-23a3-46e5-a83b-4f2315ee8970,4b0353f5-de37-4217-b0bc-c7cb98613fe8,9503c334-612a-42e3-a6ee-34e19fb88b3e","","",40885a7b-f9f9-4541-abc8-6fdcda2ba048,"",f,"",c47f3399-05a0-4073-8685-89972808f783,c47f3399-05a0-4073-8685-89972808f783,,2026-05-12 08:48:56.74076,2026-05-12 08:48:56.74076,distribution_media_history,hg_stock,distribution_media_history_20260822_080123,2026-08-22 08:01:40.05814
38807c99-4185-4bc3-ba05-edf7267d0081,270b2d48-42d7-4ce9-8064-6e871a1ce673,t,f,1,7,"","","15b9cfe7-85ee-4d5c-910a-8dd18e3c08a8,211db165-a4e5-46fa-ae35-b3ce4970f396,270551e0-15db-4b4a-8bed-b0a9a3a44dff,4b130012-bca4-48d9-b677-a3bbac756669,5026b271-3ca4-475e-b42b-ecaef67294c8,52cea1c3-a193-411f-adb4-a6fbffe220eb,629885eb-65c4-4921-a300-3c618c8961e3,7657821d-0928-4099-92a1-2146097c66b0,7ad7d9b9-4600-4db5-a3a8-e7c243499008,ba826125-ec02-4f09-b0d4-9e4aeeb11c0a,db869e71-ba93-441b-a264-32c62f017853,df42ed2a-f2da-49a1-a4ea-36e358b59bee,fcdd5322-049e-4b50-aecf-593d36d18b8f","","",f,,,,,2025-05-05 08:36:31.245917,2025-05-05 08:36:31.245917,distribution_media_history,hg_stock,distribution_media_history_20260822_080123,2026-08-22 08:01:40.05814
38807ebd-2631-42d9-b393-b13cc2d78f6a,e29be3ef-4b54-48e6-a594-6b4376bbefd4,f,f,1,7,"","","0749da15-f004-4cad-8a3f-26ebdf77e84c,0cffc79b-1bd0-4f1d-a3a6-5d681ef29479,211db165-a4e5-46fa-ae35-b3ce4970f396","","",f,,2099dd54-4dec-48bc-a683-6ecbc6dc2bfc,2099dd54-4dec-48bc-a683-6ecbc6dc2bfc,,2025-05-05 08:40:11.019459,2025-05-05 08:40:11.019459,distribution_media_history,hg_stock,distribution_media_history_20260822_080123,2026-08-22 08:01:40.05814
38808a6e-0fec-4a05-ad31-b62c75852a20,cc376441-8338-4f00-a75e-4047632311a7,f,f,1,7,"","",bdd9d4f3-6a59-4a34-8087-8b6c644ced64,"","",f,"",229dc6f0-0c2f-42cc-8d32-7c3397e96194,229dc6f0-0c2f-42cc-8d32-7c3397e96194,,2026-01-27 09:21:30.716074,2026-01-27 09:21:30.716074,distribution_media_history,hg_stock,distribution_media_history_20260822_080123,2026-08-22 08:01:40.05814
38808e47-2e44-4c7b-a06e-2e1e0ba68a9d,2f9cce25-c1be-4a93-9c7b-c057a35fea58,f,f,1,-1,ae0b1e4f-25ee-477b-9b8f-d8e66f1c1b95,"","",87126131-51a3-46a3-b4ac-2ec2cce25711,"",f,"",229dc6f0-0c2f-42cc-8d32-7c3397e96194,229dc6f0-0c2f-42cc-8d32-7c3397e96194,,2026-04-20 11:03:14.39868,2026-04-20 11:03:14.39868,distribution_media_history,hg_stock,distribution_media_history_20260822_080123,2026-08-22 08:01:40.05814
3880ad69-b61a-4505-b270-09a518b15a05,4f667602-38bd-434b-b1a5-3d2b16a2720f,t,f,1,7,"","","15b9cfe7-85ee-4d5c-910a-8dd18e3c08a8,211db165-a4e5-46fa-ae35-b3ce4970f396,270551e0-15db-4b4a-8bed-b0a9a3a44dff,4b130012-bca4-48d9-b677-a3bbac756669,5026b271-3ca4-475e-b42b-ecaef67294c8,52cea1c3-a193-411f-adb4-a6fbffe220eb,629885eb-65c4-4921-a300-3c618c8961e3,7657821d-0928-4099-92a1-2146097c66b0,7ad7d9b9-4600-4db5-a3a8-e7c243499008,ba826125-ec02-4f09-b0d4-9e4aeeb11c0a,db869e71-ba93-441b-a264-32c62f017853,df42ed2a-f2da-49a1-a4ea-36e358b59bee,fcdd5322-049e-4b50-aecf-593d36d18b8f","","",f,,05fc4158-07a0-484e-9b1b-f6919353d78e,05fc4158-07a0-484e-9b1b-f6919353d78e,,2025-05-05 08:37:15.093438,2025-05-05 08:37:15.093438,distribution_media_history,hg_stock,distribution_media_history_20260822_080123,2026-08-22 08:01:40.05814
3880bb1c-46fb-4c37-bb0d-262d9d2fafab,9ef1ee00-d9f7-4af5-8f5f-d6e4a1e61c53,f,f,1,7,"","","","","",f,5d7eb50d-5698-46d8-a339-e26b869ee0ea,ae786cf3-a6b6-4a7d-9ea0-ead631615e0c,ae786cf3-a6b6-4a7d-9ea0-ead631615e0c,,2026-01-21 08:21:17.263617,2026-01-21 08:21:17.263617,distribution_media_history,hg_stock,distribution_media_history_20260822_080123,2026-08-22 08:01:40.05814
3880c743-80f0-44ea-b6d8-c4e06ec1e434,79be9c97-cead-4660-a50f-46abf7887c3a,t,f,0,7,"","","","","189d5957-a376-4804-9ac9-d3ac913f29b2,ed44140b-5cc4-4d47-8ad1-afdb356aa44b,3ee41b7a-96b5-4ab9-901b-3e0866188b6d,feb6927d-ee9b-40fc-8897-54a2bef67493,04cee13a-69b0-41f1-b39c-889f9bd82938,396221b9-cdc5-45b2-a79f-2d6de550fda9,7ffdacef-5d02-4aa8-b3d3-84c85d823164,f475b91f-4997-46e8-9c30-f89c24d0a3bf,988558f8-ab30-4768-aed0-ddcc6cb6b630,36298fa0-1ce7-4bae-8c41-db0a98d0341a,b5793a82-9df0-404c-b478-a81c03ae4e6c,f335762b-0da1-428e-87a0-bec2dfa6b557,eee97771-c2ef-426b-8c92-fde92d29fa00,7f65daf7-a4b7-4c1d-9b27-95a3e2321af0,59113c8d-b24b-43e2-96f3-1eb18e9020bc,ed0b4e25-e812-41ba-b50b-6963218c597f,84a48d11-c91a-4704-984d-487c05e520f8,aa6908d1-4b4a-4472-8767-934000773385,489f9411-5f7e-4301-814a-60567e4e3e30,3084841c-a70b-40d9-9edb-7aa498a50dc1,bd408cb0-2cde-4b1a-b556-8da94c325e1c,82ce273c-9538-45d9-bc55-81d4406d2896,de206049-f16b-4735-bac3-6af89517d5f6,404f9125-d4c4-4da9-ad88-f829bb17ba62,a45aa42c-5285-4ac5-8fe7-a51fbd5e1447,8664aefc-082d-45bf-997c-d7924cdc450f,afe4ba65-c5e3-4bbb-9e23-6ccb370dc871,83546f70-3b79-4803-a00d-d4d620662403,66cd6c10-7895-4502-937a-583c0d9ab692,980be853-40ae-403e-9dfb-e5a0644a55da,8b53e647-7506-4329-8541-838a25dc90b3,22c49afc-02e4-47e8-a4ab-9f0c0546ea68,17f48f51-7f38-41b0-a897-21f240726378,d369fc61-1571-40e8-961b-70044ea493c5,6fccedd4-9c2a-4b13-a908-32363d8ab09d,fa2d090f-99ed-4048-bc02-56e323844e79,c6f97750-2e14-4bb0-8d48-6d7b75af9afb,cbc183a5-8bbf-4ef0-988c-7b542efb0f71,e07abf1a-e63a-4a79-8ed5-11dbd5b7268c,f601dbeb-2cae-4c86-9924-ce54abb0c3fb,e08f3c2d-0236-4fd0-8b86-d978d047ef93,c0cc4ed9-8760-4184-b93c-e698dfb46246",f,,3a9ff8c5-8923-4d19-a09e-2c8d79cc7c6f,3a9ff8c5-8923-4d19-a09e-2c8d79cc7c6f,,2025-06-17 04:56:53.613634,2025-06-17 04:56:53.613634,distribution_media_history,hg_stock,distribution_media_history_20260822_080123,2026-08-22 08:01:40.05814
3880dce9-f613-4cd3-a651-1dc07c896dfb,dbc24c41-c2e4-4101-a2bb-1b7cc8b9bd4f,t,f,1,7,"","","","","",f,1cdbc000-1c24-485c-8e71-fb91a4d5fcb6,3a9ff8c5-8923-4d19-a09e-2c8d79cc7c6f,3a9ff8c5-8923-4d19-a09e-2c8d79cc7c6f,,2025-12-27 08:23:54.220328,2025-12-27 08:23:54.220328,distribution_media_history,hg_stock,distribution_media_history_20260822_080123,2026-08-22 08:01:40.05814
3881012b-0e28-470b-91ef-8bf8b5cc9e3f,15bab477-cda3-4db5-9cb6-93c3057e98ab,f,f,1,7,"","","0749da15-f004-4cad-8a3f-26ebdf77e84c,0cffc79b-1bd0-4f1d-a3a6-5d681ef29479,211db165-a4e5-46fa-ae35-b3ce4970f396","","",f,,2099dd54-4dec-48bc-a683-6ecbc6dc2bfc,2099dd54-4dec-48bc-a683-6ecbc6dc2bfc,,2025-05-05 08:36:18.76885,2025-05-05 08:36:18.76885,distribution_media_history,hg_stock,distribution_media_history_20260822_080123,2026-08-22 08:01:40.05814
388109fc-0ef1-47f4-ac84-ceb38f476aa3,1147258f-9f30-4584-9c5a-fca7c54c4363,f,f,1,7,"","",d0a6c7ae-3a77-4b4c-bc33-bed245694277,"","",f,,86feaaae-e8b4-481c-b0f9-bb9749f4682d,86feaaae-e8b4-481c-b0f9-bb9749f4682d,,2025-05-05 08:36:08.451125,2025-05-05 08:36:08.451125,distribution_media_history,hg_stock,distribution_media_history_20260822_080123,2026-08-22 08:01:40.05814
38810d3d-6399-457e-8622-89855b8afc6b,7d89a8fd-e9eb-4f75-bc6c-8b540faa8ed5,f,f,1,45,"","","",af13f5cc-6b51-4949-ad6c-1786c27eaa3d,"",f,"",ed8e0c83-aaec-49eb-8379-90f06bb587ed,ed8e0c83-aaec-49eb-8379-90f06bb587ed,,2025-11-12 06:48:44.272345,2025-11-12 06:48:44.272345,distribution_media_history,hg_stock,distribution_media_history_20260822_080123,2026-08-22 08:01:40.05814
388117fe-7daf-4943-8cee-84c7271cacfa,500b32b6-52fd-4e9d-8e66-63ca5ad2ee03,t,f,1,7,"","","15b9cfe7-85ee-4d5c-910a-8dd18e3c08a8,211db165-a4e5-46fa-ae35-b3ce4970f396,270551e0-15db-4b4a-8bed-b0a9a3a44dff,4b130012-bca4-48d9-b677-a3bbac756669,5026b271-3ca4-475e-b42b-ecaef67294c8,52cea1c3-a193-411f-adb4-a6fbffe220eb,629885eb-65c4-4921-a300-3c618c8961e3,7657821d-0928-4099-92a1-2146097c66b0,7ad7d9b9-4600-4db5-a3a8-e7c243499008,ba826125-ec02-4f09-b0d4-9e4aeeb11c0a,db869e71-ba93-441b-a264-32c62f017853,df42ed2a-f2da-49a1-a4ea-36e358b59bee,fcdd5322-049e-4b50-aecf-593d36d18b8f","","",f,,05fc4158-07a0-484e-9b1b-f6919353d78e,05fc4158-07a0-484e-9b1b-f6919353d78e,,2025-05-05 08:37:15.093707,2025-05-05 08:37:15.093707,distribution_media_history,hg_stock,distribution_media_history_20260822_080123,2026-08-22 08:01:40.05814
38813018-3810-4816-9be8-c406dee5546a,59a6014f-daf7-45eb-b409-c9b26bab0c47,f,t,1,7,"","","","",33331df9-2b29-4991-9e17-e8f97a2b13ff,f,,97ee41e4-8f90-4991-8d67-df26d970bf62,97ee41e4-8f90-4991-8d67-df26d970bf62,,2025-07-07 03:09:32.726905,2025-07-07 03:09:32.726905,distribution_media_history,hg_stock,distribution_media_history_20260822_080123,2026-08-22 08:01:40.05814
38813b3e-b6f9-45a5-bc14-6f0c56934ebe,54b70d63-88f0-475f-90ac-1540d15d786f,f,f,1,7,"","",bdd9d4f3-6a59-4a34-8087-8b6c644ced64,"","",f,"",229dc6f0-0c2f-42cc-8d32-7c3397e96194,229dc6f0-0c2f-42cc-8d32-7c3397e96194,,2026-01-27 09:21:30.720269,2026-01-27 09:21:30.720269,distribution_media_history,hg_stock,distribution_media_history_20260822_080123,2026-08-22 08:01:40.05814
388213d9-28d1-40b0-af39-73cfd616863b,06c9b38b-a63c-40b5-8b64-b2a31198df3a,f,f,1,90,"","","","","",f,de337a89-766b-4121-bf74-03703fbc9236,358dceb1-c1b0-46b9-a24f-c1b6a7fdb2dd,358dceb1-c1b0-46b9-a24f-c1b6a7fdb2dd,,2026-03-18 14:46:51.249712,2026-03-18 14:46:51.249712,distribution_media_history,hg_stock,distribution_media_history_20260822_080123,2026-08-22 08:01:40.05814
38813f8c-cf14-4e05-be83-133966dabaa2,1c20dfd9-952d-48c0-b435-daefebd09078,t,t,1,7,"","","","","04cee13a-69b0-41f1-b39c-889f9bd82938,17f48f51-7f38-41b0-a897-21f240726378,189d5957-a376-4804-9ac9-d3ac913f29b2,22c49afc-02e4-47e8-a4ab-9f0c0546ea68,3084841c-a70b-40d9-9edb-7aa498a50dc1,36298fa0-1ce7-4bae-8c41-db0a98d0341a,396221b9-cdc5-45b2-a79f-2d6de550fda9,3ee41b7a-96b5-4ab9-901b-3e0866188b6d,404f9125-d4c4-4da9-ad88-f829bb17ba62,489f9411-5f7e-4301-814a-60567e4e3e30,59113c8d-b24b-43e2-96f3-1eb18e9020bc,66cd6c10-7895-4502-937a-583c0d9ab692,6fccedd4-9c2a-4b13-a908-32363d8ab09d,7f65daf7-a4b7-4c1d-9b27-95a3e2321af0,7ffdacef-5d02-4aa8-b3d3-84c85d823164,82ce273c-9538-45d9-bc55-81d4406d2896,83546f70-3b79-4803-a00d-d4d620662403,84a48d11-c91a-4704-984d-487c05e520f8,8664aefc-082d-45bf-997c-d7924cdc450f,8b53e647-7506-4329-8541-838a25dc90b3,93ab8008-587a-4a00-a78b-1ea011796b10,96fdf1dd-c29d-48c0-9942-b89777d4f662,980be853-40ae-403e-9dfb-e5a0644a55da,988558f8-ab30-4768-aed0-ddcc6cb6b630,a45aa42c-5285-4ac5-8fe7-a51fbd5e1447,aa6908d1-4b4a-4472-8767-934000773385,afe4ba65-c5e3-4bbb-9e23-6ccb370dc871,b5793a82-9df0-404c-b478-a81c03ae4e6c,bd408cb0-2cde-4b1a-b556-8da94c325e1c,c0cc4ed9-8760-4184-b93c-e698dfb46246,c6f97750-2e14-4bb0-8d48-6d7b75af9afb,cbc183a5-8bbf-4ef0-988c-7b542efb0f71,d369fc61-1571-40e8-961b-70044ea493c5,de206049-f16b-4735-bac3-6af89517d5f6,e07abf1a-e63a-4a79-8ed5-11dbd5b7268c,e08f3c2d-0236-4fd0-8b86-d978d047ef93,e5a984fb-9511-483f-9ca8-2624f19dffac,ed0b4e25-e812-41ba-b50b-6963218c597f,ed44140b-5cc4-4d47-8ad1-afdb356aa44b,eee97771-c2ef-426b-8c92-fde92d29fa00,f335762b-0da1-428e-87a0-bec2dfa6b557,f475b91f-4997-46e8-9c30-f89c24d0a3bf,f601dbeb-2cae-4c86-9924-ce54abb0c3fb,fa2d090f-99ed-4048-bc02-56e323844e79,fad1e7bc-99f8-4821-beff-abd4694d5006,fd42dc28-9ff0-4379-8e65-fbca6f35de60,feb6927d-ee9b-40fc-8897-54a2bef67493",f,,3a9ff8c5-8923-4d19-a09e-2c8d79cc7c6f,3a9ff8c5-8923-4d19-a09e-2c8d79cc7c6f,,2025-07-18 07:55:08.189859,2025-07-18 07:55:08.189859,distribution_media_history,hg_stock,distribution_media_history_20260822_080123,2026-08-22 08:01:40.05814
38814801-99e6-4fa8-b623-9d81525c7593,6cdd6246-1a89-4874-a7d7-f3cbe14112e1,f,f,1,7,"","",211db165-a4e5-46fa-ae35-b3ce4970f396,"","",f,,ed8e0c83-aaec-49eb-8379-90f06bb587ed,ed8e0c83-aaec-49eb-8379-90f06bb587ed,,2025-05-05 08:37:53.120926,2025-05-05 08:37:53.120926,distribution_media_history,hg_stock,distribution_media_history_20260822_080123,2026-08-22 08:01:40.05814
388152ec-826f-4d68-a5dc-6e9ffdb050f6,ae7f1f06-c595-4787-8966-61625c27fa78,f,f,1,-1,"","0fca0392-730d-4d3e-8f69-7bdd29124d1c,840a485c-fe90-4433-a687-445a361c5545,cc88a7d2-7019-4cfc-a840-acf317361f99","","","",f,"",c47f3399-05a0-4073-8685-89972808f783,c47f3399-05a0-4073-8685-89972808f783,,2026-04-20 03:50:17.534905,2026-04-20 03:50:17.534905,distribution_media_history,hg_stock,distribution_media_history_20260822_080123,2026-08-22 08:01:40.05814
38815944-6a2f-4ff8-8b38-024b3a6653bc,0e8b8ecd-b0ec-41c5-a6e1-b1f163da5326,f,f,1,-1,"","0fca0392-730d-4d3e-8f69-7bdd29124d1c,840a485c-fe90-4433-a687-445a361c5545,cc88a7d2-7019-4cfc-a840-acf317361f99","","","",f,"",c47f3399-05a0-4073-8685-89972808f783,c47f3399-05a0-4073-8685-89972808f783,,2026-04-20 03:50:17.535006,2026-04-20 03:50:17.535006,distribution_media_history,hg_stock,distribution_media_history_20260822_080123,2026-08-22 08:01:40.05814
38816b3c-0fc1-404e-a4c8-991565e01dbb,a5871418-fdd0-41b7-b323-de90bf440446,t,t,1,7,"","","","","04cee13a-69b0-41f1-b39c-889f9bd82938,17f48f51-7f38-41b0-a897-21f240726378,189d5957-a376-4804-9ac9-d3ac913f29b2,22c49afc-02e4-47e8-a4ab-9f0c0546ea68,3084841c-a70b-40d9-9edb-7aa498a50dc1,36298fa0-1ce7-4bae-8c41-db0a98d0341a,396221b9-cdc5-45b2-a79f-2d6de550fda9,3ee41b7a-96b5-4ab9-901b-3e0866188b6d,404f9125-d4c4-4da9-ad88-f829bb17ba62,489f9411-5f7e-4301-814a-60567e4e3e30,59113c8d-b24b-43e2-96f3-1eb18e9020bc,66cd6c10-7895-4502-937a-583c0d9ab692,6fccedd4-9c2a-4b13-a908-32363d8ab09d,7f65daf7-a4b7-4c1d-9b27-95a3e2321af0,7ffdacef-5d02-4aa8-b3d3-84c85d823164,82ce273c-9538-45d9-bc55-81d4406d2896,83546f70-3b79-4803-a00d-d4d620662403,84a48d11-c91a-4704-984d-487c05e520f8,8664aefc-082d-45bf-997c-d7924cdc450f,8b53e647-7506-4329-8541-838a25dc90b3,96fdf1dd-c29d-48c0-9942-b89777d4f662,980be853-40ae-403e-9dfb-e5a0644a55da,988558f8-ab30-4768-aed0-ddcc6cb6b630,a45aa42c-5285-4ac5-8fe7-a51fbd5e1447,aa6908d1-4b4a-4472-8767-934000773385,afe4ba65-c5e3-4bbb-9e23-6ccb370dc871,b5793a82-9df0-404c-b478-a81c03ae4e6c,bd408cb0-2cde-4b1a-b556-8da94c325e1c,c0cc4ed9-8760-4184-b93c-e698dfb46246,c6f97750-2e14-4bb0-8d48-6d7b75af9afb,cbc183a5-8bbf-4ef0-988c-7b542efb0f71,d369fc61-1571-40e8-961b-70044ea493c5,de206049-f16b-4735-bac3-6af89517d5f6,e07abf1a-e63a-4a79-8ed5-11dbd5b7268c,e08f3c2d-0236-4fd0-8b86-d978d047ef93,e5a984fb-9511-483f-9ca8-2624f19dffac,ed0b4e25-e812-41ba-b50b-6963218c597f,ed44140b-5cc4-4d47-8ad1-afdb356aa44b,eee97771-c2ef-426b-8c92-fde92d29fa00,f335762b-0da1-428e-87a0-bec2dfa6b557,f475b91f-4997-46e8-9c30-f89c24d0a3bf,f601dbeb-2cae-4c86-9924-ce54abb0c3fb,fa2d090f-99ed-4048-bc02-56e323844e79,fad1e7bc-99f8-4821-beff-abd4694d5006,fd42dc28-9ff0-4379-8e65-fbca6f35de60,feb6927d-ee9b-40fc-8897-54a2bef67493",f,,3a9ff8c5-8923-4d19-a09e-2c8d79cc7c6f,3a9ff8c5-8923-4d19-a09e-2c8d79cc7c6f,,2025-07-14 08:43:26.234515,2025-07-14 08:43:26.234515,distribution_media_history,hg_stock,distribution_media_history_20260822_080123,2026-08-22 08:01:40.05814
388175c3-664b-4223-a5e8-5917dadea6f7,2849adf8-1da7-4b8a-ad72-f165651e61c6,f,f,1,7,"","",65002a80-5543-41ff-aecf-8560f3f6c48e,"","",f,,70ab807b-1fc5-4db5-9b4b-5fb5a5d664f7,70ab807b-1fc5-4db5-9b4b-5fb5a5d664f7,,2025-05-05 08:36:37.736455,2025-05-05 08:36:37.736455,distribution_media_history,hg_stock,distribution_media_history_20260822_080123,2026-08-22 08:01:40.05814
38817b43-50c3-4de7-927f-62d40e220099,33644ebd-2322-4550-9114-ace87fab05fe,f,f,1,30,"","","","","",f,4d0a4828-7bd3-428d-b724-cf6c69c62db0,43de9c8f-6685-44a4-8e13-be229a75ee6f,43de9c8f-6685-44a4-8e13-be229a75ee6f,,2025-12-15 03:23:36.356454,2025-12-15 03:23:36.356454,distribution_media_history,hg_stock,distribution_media_history_20260822_080123,2026-08-22 08:01:40.05814
38818caf-534d-4cd7-8874-22e6689a6a73,b4b65ba2-d556-460d-9e12-83c306331486,f,f,1,7,"","","0749da15-f004-4cad-8a3f-26ebdf77e84c,211db165-a4e5-46fa-ae35-b3ce4970f396,de0102b9-50f9-41fa-992a-06ae9eb82724","","",f,,13cc64dd-4abe-4d73-be27-4aa3a65f821f,13cc64dd-4abe-4d73-be27-4aa3a65f821f,,2025-05-05 08:39:29.187195,2025-05-05 08:39:29.187195,distribution_media_history,hg_stock,distribution_media_history_20260822_080123,2026-08-22 08:01:40.05814
388367e8-f357-4ee8-aae0-29f413b1d714,96abf00d-b758-40b4-88d4-ed38a01d2a92,t,f,1,7,"","","15b9cfe7-85ee-4d5c-910a-8dd18e3c08a8,211db165-a4e5-46fa-ae35-b3ce4970f396,270551e0-15db-4b4a-8bed-b0a9a3a44dff,469f562c-a07c-4e5e-9294-ca2b7f3e96c5,4b130012-bca4-48d9-b677-a3bbac756669,5026b271-3ca4-475e-b42b-ecaef67294c8,52cea1c3-a193-411f-adb4-a6fbffe220eb,629885eb-65c4-4921-a300-3c618c8961e3,7657821d-0928-4099-92a1-2146097c66b0,7ad7d9b9-4600-4db5-a3a8-e7c243499008,ba826125-ec02-4f09-b0d4-9e4aeeb11c0a,db869e71-ba93-441b-a264-32c62f017853,df42ed2a-f2da-49a1-a4ea-36e358b59bee,fcdd5322-049e-4b50-aecf-593d36d18b8f","","",f,,3206b8c6-1f1d-456e-97b0-f0d8bebba592,3206b8c6-1f1d-456e-97b0-f0d8bebba592,,2025-05-05 08:39:01.52936,2025-05-05 08:39:01.52936,distribution_media_history,hg_stock,distribution_media_history_20260822_080123,2026-08-22 08:01:40.05814
3881957f-8e7e-4cd6-9f73-cbb641e0da74,2ae1dbf1-19db-4464-a737-7e253b2d13d3,t,f,1,7,"","","","","0b0ddaa4-3592-40d8-9e46-8986bb004c15,0b9514d0-df14-4cb2-96f7-66a88144edf3,0f765cb9-0d18-4f74-8660-46b3abfb3dec,135d3088-99fc-444c-9b9a-21a2e9bb5a59,19e015cb-ccd1-49e3-aad5-8605feb595f2,1b235ed6-c69a-464f-ae4a-0a23b05ec631,3d6826f7-2626-4a37-aeaa-48f96a9b0b91,43bf3c8b-89b1-4138-8ae9-f564bb06596c,4761ea79-5165-4fa7-a980-b09454c0fb14,490497dc-5a22-4f3e-aabd-15f555818c32,49e1848d-584f-4cfd-9d91-3708bc10b099,4efd73e0-67fa-4115-a5ff-123905684fcf,5a8b441b-a204-43ba-9493-377cef94f449,5d673e15-d21b-4a74-98aa-195b698a2fdd,5deee3c3-3888-46e0-899e-9cb092a60f26,635fefea-3f23-4852-88e5-2b8787d39773,73670add-5585-47ce-97c1-a08bdeb7f956,7619809a-ea3b-4a3b-ad6f-d84bdffb9786,9a58ee71-326b-4905-990a-f59c329facbb,9af7cf68-33a0-4d0a-9577-cba1a3ad1f22,a3df88a3-5af1-48cd-9570-ccf048b9071c,a9993709-50ba-4ebf-8d58-28cc482cd3df,b706c9f6-115c-4ffd-bcdd-9a7c18f4fb57,b7839bea-a6e2-4014-bdd7-d5552de23eac,c0fe700c-34ee-4739-abf9-5a0a78b4c291,c26c67b9-c472-487d-ba06-5a9ea82d6183,cba4399c-df4c-40b7-ac8c-9c4a802bac2a,d0e703c9-c972-4e72-ab5b-5e85d12e7ddb,db6b31ce-1c0c-4728-abcd-c3f6d68467c4,dc4363f3-47bf-417d-bf6c-87ec7b129a23,dd0d89e0-28ec-4fce-a39a-afadc639b807,e2233413-cda5-4ef5-b8df-670690f74b06,ec59ef1c-d0d8-4934-8a42-7775c710491c,f4dd4428-bf65-4513-b8be-601d0d1d43d6,f90efe4e-4b5e-486c-9a25-c8a76e85f137",f,,a61e2437-628b-43e7-a32c-f948290dbba9,a61e2437-628b-43e7-a32c-f948290dbba9,,2025-08-01 07:45:49.801488,2025-08-01 07:45:49.801488,distribution_media_history,hg_stock,distribution_media_history_20260822_080123,2026-08-22 08:01:40.05814
38819aaf-e4f3-45d2-be10-cdb435d61028,246d6433-af94-4290-b981-88ede5cdeac7,t,f,1,14,"","","","","",f,1cdbc000-1c24-485c-8e71-fb91a4d5fcb6,4c05f915-db94-4d44-985d-94702dd0161b,4c05f915-db94-4d44-985d-94702dd0161b,,2025-11-11 07:55:40.64373,2025-11-11 07:55:40.64373,distribution_media_history,hg_stock,distribution_media_history_20260822_080123,2026-08-22 08:01:40.05814
3881a286-4d47-4871-a29b-f030e3ba17ed,be8cae4d-bc1f-4111-969e-9097542a1955,f,t,1,7,"",3a583ae9-3c93-4c51-b7f6-eed5c33ba490,"","","",f,"",229dc6f0-0c2f-42cc-8d32-7c3397e96194,229dc6f0-0c2f-42cc-8d32-7c3397e96194,,2025-09-04 10:02:29.000935,2025-09-04 10:02:29.000935,distribution_media_history,hg_stock,distribution_media_history_20260822_080123,2026-08-22 08:01:40.05814
388274a2-ea7c-4212-9bd1-be0ee73bcc71,78063b13-fcc0-4cdb-8f8a-e3877de6dd69,f,f,1,7,"","",d0a6c7ae-3a77-4b4c-bc33-bed245694277,"","",f,,86feaaae-e8b4-481c-b0f9-bb9749f4682d,86feaaae-e8b4-481c-b0f9-bb9749f4682d,,2025-05-05 08:38:09.068527,2025-05-05 08:38:09.068527,distribution_media_history,hg_stock,distribution_media_history_20260822_080123,2026-08-22 08:01:40.05814
3881c48c-36b3-4fd1-a2d3-4f89e07a2782,6a9926c0-e167-4744-bfc2-87a86063c928,t,f,1,7,"","","","","04cee13a-69b0-41f1-b39c-889f9bd82938,17f48f51-7f38-41b0-a897-21f240726378,189d5957-a376-4804-9ac9-d3ac913f29b2,22c49afc-02e4-47e8-a4ab-9f0c0546ea68,3084841c-a70b-40d9-9edb-7aa498a50dc1,36298fa0-1ce7-4bae-8c41-db0a98d0341a,396221b9-cdc5-45b2-a79f-2d6de550fda9,3ee41b7a-96b5-4ab9-901b-3e0866188b6d,404f9125-d4c4-4da9-ad88-f829bb17ba62,489f9411-5f7e-4301-814a-60567e4e3e30,59113c8d-b24b-43e2-96f3-1eb18e9020bc,66cd6c10-7895-4502-937a-583c0d9ab692,6fccedd4-9c2a-4b13-a908-32363d8ab09d,7f65daf7-a4b7-4c1d-9b27-95a3e2321af0,7ffdacef-5d02-4aa8-b3d3-84c85d823164,82ce273c-9538-45d9-bc55-81d4406d2896,83546f70-3b79-4803-a00d-d4d620662403,84a48d11-c91a-4704-984d-487c05e520f8,8664aefc-082d-45bf-997c-d7924cdc450f,8b53e647-7506-4329-8541-838a25dc90b3,93ab8008-587a-4a00-a78b-1ea011796b10,96fdf1dd-c29d-48c0-9942-b89777d4f662,980be853-40ae-403e-9dfb-e5a0644a55da,988558f8-ab30-4768-aed0-ddcc6cb6b630,a45aa42c-5285-4ac5-8fe7-a51fbd5e1447,aa6908d1-4b4a-4472-8767-934000773385,afe4ba65-c5e3-4bbb-9e23-6ccb370dc871,b5793a82-9df0-404c-b478-a81c03ae4e6c,bd408cb0-2cde-4b1a-b556-8da94c325e1c,c0cc4ed9-8760-4184-b93c-e698dfb46246,c6f97750-2e14-4bb0-8d48-6d7b75af9afb,cbc183a5-8bbf-4ef0-988c-7b542efb0f71,d369fc61-1571-40e8-961b-70044ea493c5,de206049-f16b-4735-bac3-6af89517d5f6,e07abf1a-e63a-4a79-8ed5-11dbd5b7268c,e08f3c2d-0236-4fd0-8b86-d978d047ef93,e5a984fb-9511-483f-9ca8-2624f19dffac,ed0b4e25-e812-41ba-b50b-6963218c597f,ed44140b-5cc4-4d47-8ad1-afdb356aa44b,eee97771-c2ef-426b-8c92-fde92d29fa00,f335762b-0da1-428e-87a0-bec2dfa6b557,f475b91f-4997-46e8-9c30-f89c24d0a3bf,f601dbeb-2cae-4c86-9924-ce54abb0c3fb,fa2d090f-99ed-4048-bc02-56e323844e79,fad1e7bc-99f8-4821-beff-abd4694d5006,fd42dc28-9ff0-4379-8e65-fbca6f35de60,feb6927d-ee9b-40fc-8897-54a2bef67493",f,,3a9ff8c5-8923-4d19-a09e-2c8d79cc7c6f,3a9ff8c5-8923-4d19-a09e-2c8d79cc7c6f,,2025-07-18 07:55:08.186552,2025-07-18 07:55:08.186552,distribution_media_history,hg_stock,distribution_media_history_20260822_080123,2026-08-22 08:01:40.05814
3881cbec-f0be-4217-bd40-b7a22455cb6a,cc359f29-f9f5-48bd-9f29-37b18bdeebd7,t,f,0,7,"","","","","189d5957-a376-4804-9ac9-d3ac913f29b2,ed44140b-5cc4-4d47-8ad1-afdb356aa44b,3ee41b7a-96b5-4ab9-901b-3e0866188b6d,feb6927d-ee9b-40fc-8897-54a2bef67493,04cee13a-69b0-41f1-b39c-889f9bd82938,396221b9-cdc5-45b2-a79f-2d6de550fda9,7ffdacef-5d02-4aa8-b3d3-84c85d823164,f475b91f-4997-46e8-9c30-f89c24d0a3bf,988558f8-ab30-4768-aed0-ddcc6cb6b630,36298fa0-1ce7-4bae-8c41-db0a98d0341a,b5793a82-9df0-404c-b478-a81c03ae4e6c,f335762b-0da1-428e-87a0-bec2dfa6b557,eee97771-c2ef-426b-8c92-fde92d29fa00,7f65daf7-a4b7-4c1d-9b27-95a3e2321af0,59113c8d-b24b-43e2-96f3-1eb18e9020bc,ed0b4e25-e812-41ba-b50b-6963218c597f,84a48d11-c91a-4704-984d-487c05e520f8,aa6908d1-4b4a-4472-8767-934000773385,489f9411-5f7e-4301-814a-60567e4e3e30,3084841c-a70b-40d9-9edb-7aa498a50dc1,bd408cb0-2cde-4b1a-b556-8da94c325e1c,82ce273c-9538-45d9-bc55-81d4406d2896,de206049-f16b-4735-bac3-6af89517d5f6,404f9125-d4c4-4da9-ad88-f829bb17ba62,a45aa42c-5285-4ac5-8fe7-a51fbd5e1447,8664aefc-082d-45bf-997c-d7924cdc450f,afe4ba65-c5e3-4bbb-9e23-6ccb370dc871,83546f70-3b79-4803-a00d-d4d620662403,66cd6c10-7895-4502-937a-583c0d9ab692,980be853-40ae-403e-9dfb-e5a0644a55da,8b53e647-7506-4329-8541-838a25dc90b3,22c49afc-02e4-47e8-a4ab-9f0c0546ea68,17f48f51-7f38-41b0-a897-21f240726378,d369fc61-1571-40e8-961b-70044ea493c5,6fccedd4-9c2a-4b13-a908-32363d8ab09d,fa2d090f-99ed-4048-bc02-56e323844e79,c6f97750-2e14-4bb0-8d48-6d7b75af9afb,cbc183a5-8bbf-4ef0-988c-7b542efb0f71,e07abf1a-e63a-4a79-8ed5-11dbd5b7268c,f601dbeb-2cae-4c86-9924-ce54abb0c3fb,e08f3c2d-0236-4fd0-8b86-d978d047ef93,c0cc4ed9-8760-4184-b93c-e698dfb46246",f,,3a9ff8c5-8923-4d19-a09e-2c8d79cc7c6f,3a9ff8c5-8923-4d19-a09e-2c8d79cc7c6f,,2025-06-17 04:56:53.610275,2025-06-17 04:56:53.610275,distribution_media_history,hg_stock,distribution_media_history_20260822_080123,2026-08-22 08:01:40.05814
3881d65f-6f2b-4c1e-a5d2-4dfb64a43753,28cf1b93-1223-49ee-843d-60c33549a9f8,t,f,1,7,"","","15b9cfe7-85ee-4d5c-910a-8dd18e3c08a8,211db165-a4e5-46fa-ae35-b3ce4970f396,270551e0-15db-4b4a-8bed-b0a9a3a44dff,4b130012-bca4-48d9-b677-a3bbac756669,5026b271-3ca4-475e-b42b-ecaef67294c8,52cea1c3-a193-411f-adb4-a6fbffe220eb,629885eb-65c4-4921-a300-3c618c8961e3,7657821d-0928-4099-92a1-2146097c66b0,7ad7d9b9-4600-4db5-a3a8-e7c243499008,ba826125-ec02-4f09-b0d4-9e4aeeb11c0a,db869e71-ba93-441b-a264-32c62f017853,df42ed2a-f2da-49a1-a4ea-36e358b59bee,fcdd5322-049e-4b50-aecf-593d36d18b8f","","",f,,63b089ce-6a0b-487c-a7c9-43993dde34d1,63b089ce-6a0b-487c-a7c9-43993dde34d1,,2025-05-05 08:36:37.736659,2025-05-05 08:36:37.736659,distribution_media_history,hg_stock,distribution_media_history_20260822_080123,2026-08-22 08:01:40.05814
3881dc48-3cc8-4545-a612-de381194fd85,cc417d98-616a-4379-8c02-2174e3950143,f,f,1,7,"","","48a1af96-5a7d-40d9-8ebe-4e3655f14e4b,7a389018-94d3-443d-9646-ed7b63117169,854cae12-c88d-4bb4-85cf-4ed044d8e963,be3902b4-f926-4850-ba31-f18b178b9d39,f30dad8c-85eb-43c2-a375-5d3fe9ff31ce","","",f,,,,,2025-05-05 08:39:56.62802,2025-05-05 08:39:56.62802,distribution_media_history,hg_stock,distribution_media_history_20260822_080123,2026-08-22 08:01:40.05814
3881dfff-532b-48ea-ae20-be69bcad0c3f,d2f34494-10e9-4c20-85ff-dbb84087b16f,f,t,1,7,"","","",6547b7c7-8941-4e52-915d-ec0e2244eba3,"",f,,229dc6f0-0c2f-42cc-8d32-7c3397e96194,229dc6f0-0c2f-42cc-8d32-7c3397e96194,,2025-05-27 03:25:59.539919,2025-05-27 03:25:59.539919,distribution_media_history,hg_stock,distribution_media_history_20260822_080123,2026-08-22 08:01:40.05814
3881ed96-5729-4e06-9999-2232ee580332,93a99145-c30a-4887-bc1d-0484e6ec8f9c,t,f,1,7,"","","15b9cfe7-85ee-4d5c-910a-8dd18e3c08a8,211db165-a4e5-46fa-ae35-b3ce4970f396,270551e0-15db-4b4a-8bed-b0a9a3a44dff,4b130012-bca4-48d9-b677-a3bbac756669,5026b271-3ca4-475e-b42b-ecaef67294c8,52cea1c3-a193-411f-adb4-a6fbffe220eb,629885eb-65c4-4921-a300-3c618c8961e3,7657821d-0928-4099-92a1-2146097c66b0,7ad7d9b9-4600-4db5-a3a8-e7c243499008,ba826125-ec02-4f09-b0d4-9e4aeeb11c0a,db869e71-ba93-441b-a264-32c62f017853,df42ed2a-f2da-49a1-a4ea-36e358b59bee,fcdd5322-049e-4b50-aecf-593d36d18b8f","","",f,,5ae85f01-2f01-4390-853b-24e13b260d17,5ae85f01-2f01-4390-853b-24e13b260d17,,2025-05-05 08:38:38.503461,2025-05-05 08:38:38.503461,distribution_media_history,hg_stock,distribution_media_history_20260822_080123,2026-08-22 08:01:40.05814
388368b6-1767-42b4-9619-c920036b53e0,7b92f623-94d7-4145-9ccd-0b64909f2a97,f,f,1,30,d1d7dd24-7524-4ef5-ab9d-e14db6926186,"","","40885a7b-f9f9-4541-abc8-6fdcda2ba048,a327a5ea-4bc4-4521-826d-81ac20133683,fb606cb5-26e8-43c4-8d13-a07f07bba568","",f,"",c47f3399-05a0-4073-8685-89972808f783,c47f3399-05a0-4073-8685-89972808f783,,2026-01-31 04:13:41.497035,2026-01-31 04:13:41.497035,distribution_media_history,hg_stock,distribution_media_history_20260822_080123,2026-08-22 08:01:40.05814
3884b93a-e6d5-4cf1-b292-f2ab189db225,ce727ba6-660b-40fb-82e5-ca0e72ba8ebd,f,f,1,14,"","","","",135d3088-99fc-444c-9b9a-21a2e9bb5a59,f,"",4cf4d8d0-959b-4d27-882a-ef1ce5b92241,4cf4d8d0-959b-4d27-882a-ef1ce5b92241,,2026-01-27 08:29:30.243872,2026-01-27 08:29:30.243872,distribution_media_history,hg_stock,distribution_media_history_20260822_080123,2026-08-22 08:01:40.05814
3881f229-4c8a-48a7-a360-ddac73acfdb1,7e2a138d-2f9d-41bf-a015-774db6cae68a,t,f,1,7,"","","","","04cee13a-69b0-41f1-b39c-889f9bd82938,17f48f51-7f38-41b0-a897-21f240726378,189d5957-a376-4804-9ac9-d3ac913f29b2,22c49afc-02e4-47e8-a4ab-9f0c0546ea68,3084841c-a70b-40d9-9edb-7aa498a50dc1,36298fa0-1ce7-4bae-8c41-db0a98d0341a,396221b9-cdc5-45b2-a79f-2d6de550fda9,3ee41b7a-96b5-4ab9-901b-3e0866188b6d,404f9125-d4c4-4da9-ad88-f829bb17ba62,489f9411-5f7e-4301-814a-60567e4e3e30,59113c8d-b24b-43e2-96f3-1eb18e9020bc,66cd6c10-7895-4502-937a-583c0d9ab692,6fccedd4-9c2a-4b13-a908-32363d8ab09d,7f65daf7-a4b7-4c1d-9b27-95a3e2321af0,7ffdacef-5d02-4aa8-b3d3-84c85d823164,82ce273c-9538-45d9-bc55-81d4406d2896,83546f70-3b79-4803-a00d-d4d620662403,84a48d11-c91a-4704-984d-487c05e520f8,8664aefc-082d-45bf-997c-d7924cdc450f,8b53e647-7506-4329-8541-838a25dc90b3,980be853-40ae-403e-9dfb-e5a0644a55da,988558f8-ab30-4768-aed0-ddcc6cb6b630,a45aa42c-5285-4ac5-8fe7-a51fbd5e1447,aa6908d1-4b4a-4472-8767-934000773385,afe4ba65-c5e3-4bbb-9e23-6ccb370dc871,b5793a82-9df0-404c-b478-a81c03ae4e6c,bd408cb0-2cde-4b1a-b556-8da94c325e1c,c0cc4ed9-8760-4184-b93c-e698dfb46246,c6f97750-2e14-4bb0-8d48-6d7b75af9afb,cbc183a5-8bbf-4ef0-988c-7b542efb0f71,d369fc61-1571-40e8-961b-70044ea493c5,de206049-f16b-4735-bac3-6af89517d5f6,e07abf1a-e63a-4a79-8ed5-11dbd5b7268c,e08f3c2d-0236-4fd0-8b86-d978d047ef93,e5a984fb-9511-483f-9ca8-2624f19dffac,ed0b4e25-e812-41ba-b50b-6963218c597f,ed44140b-5cc4-4d47-8ad1-afdb356aa44b,eee97771-c2ef-426b-8c92-fde92d29fa00,f335762b-0da1-428e-87a0-bec2dfa6b557,f475b91f-4997-46e8-9c30-f89c24d0a3bf,f601dbeb-2cae-4c86-9924-ce54abb0c3fb,fa2d090f-99ed-4048-bc02-56e323844e79,fad1e7bc-99f8-4821-beff-abd4694d5006,fd42dc28-9ff0-4379-8e65-fbca6f35de60,feb6927d-ee9b-40fc-8897-54a2bef67493",f,,3a9ff8c5-8923-4d19-a09e-2c8d79cc7c6f,3a9ff8c5-8923-4d19-a09e-2c8d79cc7c6f,,2025-06-25 07:00:05.371989,2025-06-25 07:00:05.371989,distribution_media_history,hg_stock,distribution_media_history_20260822_080123,2026-08-22 08:01:40.05814
3881ff03-24e6-4815-980b-b687e49fbf60,b5bd6c15-d57a-4ce0-988d-2aa6f4753cdf,f,f,1,7,"","","","","",f,"",3a9ff8c5-8923-4d19-a09e-2c8d79cc7c6f,3a9ff8c5-8923-4d19-a09e-2c8d79cc7c6f,,2026-03-26 09:34:07.185216,2026-03-26 09:34:07.185216,distribution_media_history,hg_stock,distribution_media_history_20260822_080123,2026-08-22 08:01:40.05814
388202e5-23e9-453c-8713-9cc4f6b615e2,e0437def-d80b-4051-ba37-ce1d78bbc453,f,f,1,45,"","",bdd9d4f3-6a59-4a34-8087-8b6c644ced64,"","",f,"",229dc6f0-0c2f-42cc-8d32-7c3397e96194,229dc6f0-0c2f-42cc-8d32-7c3397e96194,,2025-11-07 02:29:39.274237,2025-11-07 02:29:39.274237,distribution_media_history,hg_stock,distribution_media_history_20260822_080123,2026-08-22 08:01:40.05814
3882a2d0-1afc-4547-8ac0-21ccc513a683,ae9bd6c6-24e2-4abb-bc15-534e5fa724e2,f,t,1,7,"","63223140-0dc1-4205-af3c-00d575dd5b25,783b427c-0649-4204-b7f6-c19df6388dc8,896a0e8f-dd04-4b61-89be-9e619580e1cd,da8f995c-f243-45d1-9b29-509479df816d,9a9b6e41-0abe-4075-8bdf-07ba73905c57","","","",f,,229dc6f0-0c2f-42cc-8d32-7c3397e96194,229dc6f0-0c2f-42cc-8d32-7c3397e96194,,2025-05-08 06:55:38.427348,2025-05-08 06:55:38.427348,distribution_media_history,hg_stock,distribution_media_history_20260822_080123,2026-08-22 08:01:40.05814
3882a3b0-602a-4601-8dbf-d61ce4391e0a,712b505b-4884-4d26-999b-f47e5a27bb5f,f,f,1,7,"","","48a1af96-5a7d-40d9-8ebe-4e3655f14e4b,7a389018-94d3-443d-9646-ed7b63117169,854cae12-c88d-4bb4-85cf-4ed044d8e963,f30dad8c-85eb-43c2-a375-5d3fe9ff31ce,f5a4dab5-df91-4776-9a1f-1c2e1ed7ce8b","","",f,,,,,2025-05-05 08:38:09.065853,2025-05-05 08:38:09.065853,distribution_media_history,hg_stock,distribution_media_history_20260822_080123,2026-08-22 08:01:40.05814
3882aa4a-cae2-4273-b16a-e7e0c53c83e8,308c177f-cac0-4a34-afc0-cdc281f07fd4,f,f,1,45,"","",bdd9d4f3-6a59-4a34-8087-8b6c644ced64,"","",f,"",229dc6f0-0c2f-42cc-8d32-7c3397e96194,229dc6f0-0c2f-42cc-8d32-7c3397e96194,,2025-11-07 02:29:39.280284,2025-11-07 02:29:39.280284,distribution_media_history,hg_stock,distribution_media_history_20260822_080123,2026-08-22 08:01:40.05814
3882b001-4ca9-4d87-b123-b3a1355db3ca,3f8a6b85-3b2e-43c1-a4f9-3293a44994fe,f,f,1,7,"","","48a1af96-5a7d-40d9-8ebe-4e3655f14e4b,64362801-3c17-4e99-b10a-bc7a8dc10c14,854cae12-c88d-4bb4-85cf-4ed044d8e963,be3902b4-f926-4850-ba31-f18b178b9d39,f30dad8c-85eb-43c2-a375-5d3fe9ff31ce,f5a4dab5-df91-4776-9a1f-1c2e1ed7ce8b","","",f,,,,,2025-05-05 08:36:56.498148,2025-05-05 08:36:56.498148,distribution_media_history,hg_stock,distribution_media_history_20260822_080123,2026-08-22 08:01:40.05814
3882b0f7-f542-4b17-937e-d46f0092a4d1,cf3611dc-90e4-42b6-9b08-e03b69ed5bdf,f,f,1,-1,"","","","","",f,2c9b1706-e6ff-41b4-86dc-6576f7f7242f,3a9ff8c5-8923-4d19-a09e-2c8d79cc7c6f,3a9ff8c5-8923-4d19-a09e-2c8d79cc7c6f,,2026-05-11 07:08:09.673012,2026-05-11 07:08:09.673012,distribution_media_history,hg_stock,distribution_media_history_20260822_080123,2026-08-22 08:01:40.05814
3882c1f2-0306-40d9-8004-7ed8481e06cf,1c8bf4d3-1624-4971-b5b4-e47ec24a1ec2,f,f,1,90,"","","","","",t,"1190b645-1f41-44cb-8680-5726382adcc2,de337a89-766b-4121-bf74-03703fbc9236",358dceb1-c1b0-46b9-a24f-c1b6a7fdb2dd,358dceb1-c1b0-46b9-a24f-c1b6a7fdb2dd,,2026-03-18 15:06:53.831189,2026-03-18 15:06:53.831189,distribution_media_history,hg_stock,distribution_media_history_20260822_080123,2026-08-22 08:01:40.05814
3882c34a-67f9-4215-acd2-9c90cee86eaf,9c3d836f-6f29-45dd-840e-45aba141ee68,t,f,1,7,"","","","","",f,1cdbc000-1c24-485c-8e71-fb91a4d5fcb6,3a9ff8c5-8923-4d19-a09e-2c8d79cc7c6f,3a9ff8c5-8923-4d19-a09e-2c8d79cc7c6f,,2025-10-13 07:56:19.393779,2025-10-13 07:56:19.393779,distribution_media_history,hg_stock,distribution_media_history_20260822_080123,2026-08-22 08:01:40.05814
3882c3fc-2f15-4b3f-b427-86dbaa2d5076,88608a3e-27e3-4e0f-ac78-ddfd5abbab55,f,f,1,45,"","",bdd9d4f3-6a59-4a34-8087-8b6c644ced64,"","",f,"",229dc6f0-0c2f-42cc-8d32-7c3397e96194,229dc6f0-0c2f-42cc-8d32-7c3397e96194,,2025-11-07 03:32:33.009327,2025-11-07 03:32:33.009327,distribution_media_history,hg_stock,distribution_media_history_20260822_080123,2026-08-22 08:01:40.05814
3882ca87-9b19-4c4e-938f-70edbc408e8a,45dcaa68-5878-430d-844f-348aad7c97f7,f,f,1,30,"","","","","",f,1190b645-1f41-44cb-8680-5726382adcc2,358dceb1-c1b0-46b9-a24f-c1b6a7fdb2dd,358dceb1-c1b0-46b9-a24f-c1b6a7fdb2dd,,2026-01-20 08:57:01.505336,2026-01-20 08:57:01.505336,distribution_media_history,hg_stock,distribution_media_history_20260822_080123,2026-08-22 08:01:40.05814
3882d2c7-b817-4218-ac27-9f1f87e01096,af4cf0d8-7456-4600-ac40-0fae8c9d0726,t,t,1,7,"","","","","04cee13a-69b0-41f1-b39c-889f9bd82938,17f48f51-7f38-41b0-a897-21f240726378,189d5957-a376-4804-9ac9-d3ac913f29b2,22c49afc-02e4-47e8-a4ab-9f0c0546ea68,3084841c-a70b-40d9-9edb-7aa498a50dc1,36298fa0-1ce7-4bae-8c41-db0a98d0341a,396221b9-cdc5-45b2-a79f-2d6de550fda9,3ee41b7a-96b5-4ab9-901b-3e0866188b6d,404f9125-d4c4-4da9-ad88-f829bb17ba62,489f9411-5f7e-4301-814a-60567e4e3e30,59113c8d-b24b-43e2-96f3-1eb18e9020bc,5c1b1d8f-d4a9-4a22-934a-43831e85d1e4,66cd6c10-7895-4502-937a-583c0d9ab692,6fccedd4-9c2a-4b13-a908-32363d8ab09d,7f65daf7-a4b7-4c1d-9b27-95a3e2321af0,7ffdacef-5d02-4aa8-b3d3-84c85d823164,82ce273c-9538-45d9-bc55-81d4406d2896,83546f70-3b79-4803-a00d-d4d620662403,84a48d11-c91a-4704-984d-487c05e520f8,8664aefc-082d-45bf-997c-d7924cdc450f,8b53e647-7506-4329-8541-838a25dc90b3,93ab8008-587a-4a00-a78b-1ea011796b10,96fdf1dd-c29d-48c0-9942-b89777d4f662,980be853-40ae-403e-9dfb-e5a0644a55da,988558f8-ab30-4768-aed0-ddcc6cb6b630,a45aa42c-5285-4ac5-8fe7-a51fbd5e1447,aa6908d1-4b4a-4472-8767-934000773385,afe4ba65-c5e3-4bbb-9e23-6ccb370dc871,b5793a82-9df0-404c-b478-a81c03ae4e6c,bd408cb0-2cde-4b1a-b556-8da94c325e1c,c0cc4ed9-8760-4184-b93c-e698dfb46246,c6f97750-2e14-4bb0-8d48-6d7b75af9afb,cbc183a5-8bbf-4ef0-988c-7b542efb0f71,d369fc61-1571-40e8-961b-70044ea493c5,de206049-f16b-4735-bac3-6af89517d5f6,e07abf1a-e63a-4a79-8ed5-11dbd5b7268c,e08f3c2d-0236-4fd0-8b86-d978d047ef93,e5a984fb-9511-483f-9ca8-2624f19dffac,ed0b4e25-e812-41ba-b50b-6963218c597f,ed44140b-5cc4-4d47-8ad1-afdb356aa44b,eee97771-c2ef-426b-8c92-fde92d29fa00,f335762b-0da1-428e-87a0-bec2dfa6b557,f475b91f-4997-46e8-9c30-f89c24d0a3bf,f601dbeb-2cae-4c86-9924-ce54abb0c3fb,fa2d090f-99ed-4048-bc02-56e323844e79,fad1e7bc-99f8-4821-beff-abd4694d5006,fd42dc28-9ff0-4379-8e65-fbca6f35de60,feb6927d-ee9b-40fc-8897-54a2bef67493",f,,3a9ff8c5-8923-4d19-a09e-2c8d79cc7c6f,3a9ff8c5-8923-4d19-a09e-2c8d79cc7c6f,,2025-07-23 08:20:06.044885,2025-07-23 08:20:06.044885,distribution_media_history,hg_stock,distribution_media_history_20260822_080123,2026-08-22 08:01:40.05814
3882d428-b422-44b2-b6ab-f72e9e9949d3,8e78fe74-8edd-44b4-87ce-253606f38346,f,f,1,30,"","","","","",f,1190b645-1f41-44cb-8680-5726382adcc2,358dceb1-c1b0-46b9-a24f-c1b6a7fdb2dd,358dceb1-c1b0-46b9-a24f-c1b6a7fdb2dd,,2026-01-20 08:57:01.502801,2026-01-20 08:57:01.502801,distribution_media_history,hg_stock,distribution_media_history_20260822_080123,2026-08-22 08:01:40.05814
3882dbf5-1b42-43ea-94f2-6a3c70790545,44d4b097-1c8f-4837-98ea-31862fdd2cbe,t,f,1,30,"","","","","",f,1cdbc000-1c24-485c-8e71-fb91a4d5fcb6,3a9ff8c5-8923-4d19-a09e-2c8d79cc7c6f,3a9ff8c5-8923-4d19-a09e-2c8d79cc7c6f,,2025-10-28 03:11:12.174663,2025-10-28 03:11:12.174663,distribution_media_history,hg_stock,distribution_media_history_20260822_080123,2026-08-22 08:01:40.05814
3882e304-bc51-4912-98e7-f3cd070b38b7,0e7586f0-d30e-43fc-8609-b8ea8b7c0e22,f,t,1,7,"","","","",5d673e15-d21b-4a74-98aa-195b698a2fdd,f,"",86feaaae-e8b4-481c-b0f9-bb9749f4682d,86feaaae-e8b4-481c-b0f9-bb9749f4682d,,2025-08-25 04:00:11.075324,2025-08-25 04:00:11.075324,distribution_media_history,hg_stock,distribution_media_history_20260822_080123,2026-08-22 08:01:40.05814
3884afda-f19c-44da-8497-5034631489cd,cedf282a-cb60-4388-9507-823e8b0edb72,f,f,1,7,"","","48a1af96-5a7d-40d9-8ebe-4e3655f14e4b,7a389018-94d3-443d-9646-ed7b63117169,854cae12-c88d-4bb4-85cf-4ed044d8e963,f30dad8c-85eb-43c2-a375-5d3fe9ff31ce,f5a4dab5-df91-4776-9a1f-1c2e1ed7ce8b","","",f,,,,,2025-05-05 08:39:56.629094,2025-05-05 08:39:56.629094,distribution_media_history,hg_stock,distribution_media_history_20260822_080123,2026-08-22 08:01:40.05814
3882e375-bf61-42aa-8a5b-bf9fb77e79d0,2afcb06d-e5fe-4f7f-9fc2-6dc7acf3fda6,t,t,1,7,"","","","","04cee13a-69b0-41f1-b39c-889f9bd82938,17f48f51-7f38-41b0-a897-21f240726378,189d5957-a376-4804-9ac9-d3ac913f29b2,22c49afc-02e4-47e8-a4ab-9f0c0546ea68,3084841c-a70b-40d9-9edb-7aa498a50dc1,36298fa0-1ce7-4bae-8c41-db0a98d0341a,396221b9-cdc5-45b2-a79f-2d6de550fda9,3ee41b7a-96b5-4ab9-901b-3e0866188b6d,404f9125-d4c4-4da9-ad88-f829bb17ba62,489f9411-5f7e-4301-814a-60567e4e3e30,59113c8d-b24b-43e2-96f3-1eb18e9020bc,5c1b1d8f-d4a9-4a22-934a-43831e85d1e4,66cd6c10-7895-4502-937a-583c0d9ab692,7f65daf7-a4b7-4c1d-9b27-95a3e2321af0,7ffdacef-5d02-4aa8-b3d3-84c85d823164,82ce273c-9538-45d9-bc55-81d4406d2896,83546f70-3b79-4803-a00d-d4d620662403,84a48d11-c91a-4704-984d-487c05e520f8,8664aefc-082d-45bf-997c-d7924cdc450f,8b53e647-7506-4329-8541-838a25dc90b3,988558f8-ab30-4768-aed0-ddcc6cb6b630,9f332297-3b6b-4a98-bcd8-bc8da41105dd,a45aa42c-5285-4ac5-8fe7-a51fbd5e1447,aa6908d1-4b4a-4472-8767-934000773385,b5793a82-9df0-404c-b478-a81c03ae4e6c,b5a513f2-8d65-4512-90c0-7fa3c7311a61,b7f0a1f8-0078-4361-a39c-609cbc0fa09c,bd408cb0-2cde-4b1a-b556-8da94c325e1c,c0cc4ed9-8760-4184-b93c-e698dfb46246,c4b978df-9107-4eb9-a678-e621c83f0e48,c6f97750-2e14-4bb0-8d48-6d7b75af9afb,d369fc61-1571-40e8-961b-70044ea493c5,de206049-f16b-4735-bac3-6af89517d5f6,e08f3c2d-0236-4fd0-8b86-d978d047ef93,ed0b4e25-e812-41ba-b50b-6963218c597f,ed44140b-5cc4-4d47-8ad1-afdb356aa44b,f335762b-0da1-428e-87a0-bec2dfa6b557,f475b91f-4997-46e8-9c30-f89c24d0a3bf,f601dbeb-2cae-4c86-9924-ce54abb0c3fb,fad1e7bc-99f8-4821-beff-abd4694d5006,feb6927d-ee9b-40fc-8897-54a2bef67493",f,,3a9ff8c5-8923-4d19-a09e-2c8d79cc7c6f,3a9ff8c5-8923-4d19-a09e-2c8d79cc7c6f,,2025-07-30 09:47:10.550134,2025-07-30 09:47:10.550134,distribution_media_history,hg_stock,distribution_media_history_20260822_080123,2026-08-22 08:01:40.05814
38837d18-bbc6-4a23-a44d-c61ec6bde894,02a02abf-0aa0-4f48-9de3-5a892feebda4,f,t,1,7,"","","","","1e55f667-0670-40bc-8aee-27188dc5b384,27b2b34e-8707-4bb8-b0c6-2e75910beb09,2a952976-8a78-46c9-93c7-7d197d448b03,2ba607c0-3931-4232-8cff-7b946615c650,33331df9-2b29-4991-9e17-e8f97a2b13ff,378165af-c287-4215-b87c-5c5cf9aeff3b,4ac68eaa-1cde-4204-ad59-4ebdef0cdd20,6e01ca53-57ee-493e-9e77-0fdd4f7f0df3,751ce087-1ac0-4754-98e4-03bc44f7debb,a6bb0755-8f1b-42ba-b328-0df271601e1a,a82b59cb-0d98-4389-9d78-4f2233f34fbf,c0fe700c-34ee-4739-abf9-5a0a78b4c291,df9df296-f929-4c76-962a-4e4b28e72dc6,e0e4a2b7-34ed-4410-9b3c-eb6223af8bc8,ea612f5c-28e4-49ab-86aa-533208aa12d0",f,,97ee41e4-8f90-4991-8d67-df26d970bf62,97ee41e4-8f90-4991-8d67-df26d970bf62,,2025-07-11 02:36:15.675467,2025-07-11 02:36:15.675467,distribution_media_history,hg_stock,distribution_media_history_20260822_080123,2026-08-22 08:01:40.05814
3882e98e-4804-496e-8827-18c289060350,977cbe30-0b5c-49ad-9c36-b06daeb039c3,t,f,1,7,"","","","","04cee13a-69b0-41f1-b39c-889f9bd82938,17f48f51-7f38-41b0-a897-21f240726378,189d5957-a376-4804-9ac9-d3ac913f29b2,22c49afc-02e4-47e8-a4ab-9f0c0546ea68,3084841c-a70b-40d9-9edb-7aa498a50dc1,36298fa0-1ce7-4bae-8c41-db0a98d0341a,396221b9-cdc5-45b2-a79f-2d6de550fda9,3ee41b7a-96b5-4ab9-901b-3e0866188b6d,404f9125-d4c4-4da9-ad88-f829bb17ba62,489f9411-5f7e-4301-814a-60567e4e3e30,59113c8d-b24b-43e2-96f3-1eb18e9020bc,5c1b1d8f-d4a9-4a22-934a-43831e85d1e4,66cd6c10-7895-4502-937a-583c0d9ab692,7f65daf7-a4b7-4c1d-9b27-95a3e2321af0,7ffdacef-5d02-4aa8-b3d3-84c85d823164,83546f70-3b79-4803-a00d-d4d620662403,84a48d11-c91a-4704-984d-487c05e520f8,8664aefc-082d-45bf-997c-d7924cdc450f,8b53e647-7506-4329-8541-838a25dc90b3,988558f8-ab30-4768-aed0-ddcc6cb6b630,9f332297-3b6b-4a98-bcd8-bc8da41105dd,a45aa42c-5285-4ac5-8fe7-a51fbd5e1447,aa6908d1-4b4a-4472-8767-934000773385,b5793a82-9df0-404c-b478-a81c03ae4e6c,b5a513f2-8d65-4512-90c0-7fa3c7311a61,b7f0a1f8-0078-4361-a39c-609cbc0fa09c,bd408cb0-2cde-4b1a-b556-8da94c325e1c,c0cc4ed9-8760-4184-b93c-e698dfb46246,c4b978df-9107-4eb9-a678-e621c83f0e48,c6f97750-2e14-4bb0-8d48-6d7b75af9afb,d369fc61-1571-40e8-961b-70044ea493c5,de206049-f16b-4735-bac3-6af89517d5f6,e08f3c2d-0236-4fd0-8b86-d978d047ef93,ed0b4e25-e812-41ba-b50b-6963218c597f,ed44140b-5cc4-4d47-8ad1-afdb356aa44b,f335762b-0da1-428e-87a0-bec2dfa6b557,f475b91f-4997-46e8-9c30-f89c24d0a3bf,f601dbeb-2cae-4c86-9924-ce54abb0c3fb,fad1e7bc-99f8-4821-beff-abd4694d5006,feb6927d-ee9b-40fc-8897-54a2bef67493",f,"",3a9ff8c5-8923-4d19-a09e-2c8d79cc7c6f,3a9ff8c5-8923-4d19-a09e-2c8d79cc7c6f,,2025-08-09 08:10:33.862605,2025-08-09 08:10:33.862605,distribution_media_history,hg_stock,distribution_media_history_20260822_080123,2026-08-22 08:01:40.05814
3882ead5-260d-4a50-96a3-214890d75de2,5d0af973-9c16-4352-9c1b-56afdd007a3b,t,t,1,7,"","","","","04cee13a-69b0-41f1-b39c-889f9bd82938,17f48f51-7f38-41b0-a897-21f240726378,189d5957-a376-4804-9ac9-d3ac913f29b2,22c49afc-02e4-47e8-a4ab-9f0c0546ea68,3084841c-a70b-40d9-9edb-7aa498a50dc1,36298fa0-1ce7-4bae-8c41-db0a98d0341a,396221b9-cdc5-45b2-a79f-2d6de550fda9,3ee41b7a-96b5-4ab9-901b-3e0866188b6d,404f9125-d4c4-4da9-ad88-f829bb17ba62,489f9411-5f7e-4301-814a-60567e4e3e30,59113c8d-b24b-43e2-96f3-1eb18e9020bc,5c1b1d8f-d4a9-4a22-934a-43831e85d1e4,66cd6c10-7895-4502-937a-583c0d9ab692,6fccedd4-9c2a-4b13-a908-32363d8ab09d,7f65daf7-a4b7-4c1d-9b27-95a3e2321af0,7ffdacef-5d02-4aa8-b3d3-84c85d823164,82ce273c-9538-45d9-bc55-81d4406d2896,83546f70-3b79-4803-a00d-d4d620662403,84a48d11-c91a-4704-984d-487c05e520f8,8664aefc-082d-45bf-997c-d7924cdc450f,8b53e647-7506-4329-8541-838a25dc90b3,980be853-40ae-403e-9dfb-e5a0644a55da,988558f8-ab30-4768-aed0-ddcc6cb6b630,a45aa42c-5285-4ac5-8fe7-a51fbd5e1447,aa6908d1-4b4a-4472-8767-934000773385,b5793a82-9df0-404c-b478-a81c03ae4e6c,bd408cb0-2cde-4b1a-b556-8da94c325e1c,c0cc4ed9-8760-4184-b93c-e698dfb46246,c6f97750-2e14-4bb0-8d48-6d7b75af9afb,cbc183a5-8bbf-4ef0-988c-7b542efb0f71,d369fc61-1571-40e8-961b-70044ea493c5,de206049-f16b-4735-bac3-6af89517d5f6,e07abf1a-e63a-4a79-8ed5-11dbd5b7268c,e08f3c2d-0236-4fd0-8b86-d978d047ef93,e5a984fb-9511-483f-9ca8-2624f19dffac,ed0b4e25-e812-41ba-b50b-6963218c597f,ed44140b-5cc4-4d47-8ad1-afdb356aa44b,f335762b-0da1-428e-87a0-bec2dfa6b557,f475b91f-4997-46e8-9c30-f89c24d0a3bf,f601dbeb-2cae-4c86-9924-ce54abb0c3fb,fa2d090f-99ed-4048-bc02-56e323844e79,fad1e7bc-99f8-4821-beff-abd4694d5006,fd42dc28-9ff0-4379-8e65-fbca6f35de60,feb6927d-ee9b-40fc-8897-54a2bef67493",f,,3a9ff8c5-8923-4d19-a09e-2c8d79cc7c6f,3a9ff8c5-8923-4d19-a09e-2c8d79cc7c6f,,2025-07-30 03:07:46.736053,2025-07-30 03:07:46.736053,distribution_media_history,hg_stock,distribution_media_history_20260822_080123,2026-08-22 08:01:40.05814
38831866-dfd1-48ef-b548-752ecea3e85f,1c0adfc9-02c7-48df-b4e4-ebfe61c547a5,f,f,1,90,"","","","","",f,1190b645-1f41-44cb-8680-5726382adcc2,358dceb1-c1b0-46b9-a24f-c1b6a7fdb2dd,358dceb1-c1b0-46b9-a24f-c1b6a7fdb2dd,,2026-03-04 05:07:00.342663,2026-03-04 05:07:00.342663,distribution_media_history,hg_stock,distribution_media_history_20260822_080123,2026-08-22 08:01:40.05814
38831bed-96b2-4c14-99e5-bcd9c3f13d6d,f56ffc9b-af19-49f3-a4d7-c47b01d35761,f,f,1,45,"","",bdd9d4f3-6a59-4a34-8087-8b6c644ced64,"","",f,"",229dc6f0-0c2f-42cc-8d32-7c3397e96194,229dc6f0-0c2f-42cc-8d32-7c3397e96194,,2025-11-07 03:32:33.00628,2025-11-07 03:32:33.00628,distribution_media_history,hg_stock,distribution_media_history_20260822_080123,2026-08-22 08:01:40.05814
38832011-ebab-47ec-8f1a-a71e1d8e672c,5843039a-f5fb-4842-b5ad-7b59015ec2e0,f,f,1,7,"","","4b130012-bca4-48d9-b677-a3bbac756669,52cea1c3-a193-411f-adb4-a6fbffe220eb,7b56a13f-aff1-4987-89fa-3df97114f8a6","","",f,"",9a1fc915-e747-4aa4-a786-19c67cd5ea2e,9a1fc915-e747-4aa4-a786-19c67cd5ea2e,,2026-01-12 06:34:28.879527,2026-01-12 06:34:28.879527,distribution_media_history,hg_stock,distribution_media_history_20260822_080123,2026-08-22 08:01:40.05814
388343f7-fc1c-4b31-914a-8af1ff383a12,94148479-cb65-4ecf-bf81-8cdd18bc5a8b,f,f,1,90,"","","","","",t,"1190b645-1f41-44cb-8680-5726382adcc2,de337a89-766b-4121-bf74-03703fbc9236",358dceb1-c1b0-46b9-a24f-c1b6a7fdb2dd,358dceb1-c1b0-46b9-a24f-c1b6a7fdb2dd,,2026-03-18 15:06:37.769212,2026-03-18 15:06:37.769212,distribution_media_history,hg_stock,distribution_media_history_20260822_080123,2026-08-22 08:01:40.05814
38836f0e-ca11-4338-be2f-53fc15f3032f,4d06a888-d6a1-4067-bd74-7762128562d1,t,f,1,7,"","","","","04cee13a-69b0-41f1-b39c-889f9bd82938,17f48f51-7f38-41b0-a897-21f240726378,189d5957-a376-4804-9ac9-d3ac913f29b2,22c49afc-02e4-47e8-a4ab-9f0c0546ea68,3084841c-a70b-40d9-9edb-7aa498a50dc1,36298fa0-1ce7-4bae-8c41-db0a98d0341a,396221b9-cdc5-45b2-a79f-2d6de550fda9,3ee41b7a-96b5-4ab9-901b-3e0866188b6d,404f9125-d4c4-4da9-ad88-f829bb17ba62,489f9411-5f7e-4301-814a-60567e4e3e30,59113c8d-b24b-43e2-96f3-1eb18e9020bc,66cd6c10-7895-4502-937a-583c0d9ab692,6fccedd4-9c2a-4b13-a908-32363d8ab09d,7f65daf7-a4b7-4c1d-9b27-95a3e2321af0,7ffdacef-5d02-4aa8-b3d3-84c85d823164,82ce273c-9538-45d9-bc55-81d4406d2896,83546f70-3b79-4803-a00d-d4d620662403,84a48d11-c91a-4704-984d-487c05e520f8,8664aefc-082d-45bf-997c-d7924cdc450f,8b53e647-7506-4329-8541-838a25dc90b3,980be853-40ae-403e-9dfb-e5a0644a55da,988558f8-ab30-4768-aed0-ddcc6cb6b630,a45aa42c-5285-4ac5-8fe7-a51fbd5e1447,aa6908d1-4b4a-4472-8767-934000773385,afe4ba65-c5e3-4bbb-9e23-6ccb370dc871,b5793a82-9df0-404c-b478-a81c03ae4e6c,bd408cb0-2cde-4b1a-b556-8da94c325e1c,c0cc4ed9-8760-4184-b93c-e698dfb46246,c6f97750-2e14-4bb0-8d48-6d7b75af9afb,cbc183a5-8bbf-4ef0-988c-7b542efb0f71,d369fc61-1571-40e8-961b-70044ea493c5,de206049-f16b-4735-bac3-6af89517d5f6,e07abf1a-e63a-4a79-8ed5-11dbd5b7268c,e08f3c2d-0236-4fd0-8b86-d978d047ef93,e5a984fb-9511-483f-9ca8-2624f19dffac,ed0b4e25-e812-41ba-b50b-6963218c597f,ed44140b-5cc4-4d47-8ad1-afdb356aa44b,eee97771-c2ef-426b-8c92-fde92d29fa00,f335762b-0da1-428e-87a0-bec2dfa6b557,f475b91f-4997-46e8-9c30-f89c24d0a3bf,f601dbeb-2cae-4c86-9924-ce54abb0c3fb,fa2d090f-99ed-4048-bc02-56e323844e79,fad1e7bc-99f8-4821-beff-abd4694d5006,fd42dc28-9ff0-4379-8e65-fbca6f35de60,feb6927d-ee9b-40fc-8897-54a2bef67493",f,,3a9ff8c5-8923-4d19-a09e-2c8d79cc7c6f,3a9ff8c5-8923-4d19-a09e-2c8d79cc7c6f,,2025-06-25 07:00:05.373692,2025-06-25 07:00:05.373692,distribution_media_history,hg_stock,distribution_media_history_20260822_080123,2026-08-22 08:01:40.05814
388381ff-d83c-4a7a-a8d8-0fc2eb8c6f12,e4081ba5-bf11-4dea-9b71-e9229f9bcb42,f,t,1,7,"",1b21dc70-c6bc-448a-8935-0d35ce0ecdbd,"","","",f,,0fa05608-d975-4d11-830b-9c1caff00dcb,0fa05608-d975-4d11-830b-9c1caff00dcb,,2025-05-15 10:46:37.874065,2025-05-15 10:46:37.874065,distribution_media_history,hg_stock,distribution_media_history_20260822_080123,2026-08-22 08:01:40.05814
3883a352-5ffe-4313-b86e-54e32df3b535,cd2e5469-3565-4737-afb2-f744b6990fa4,t,t,1,7,"","",0cffc79b-1bd0-4f1d-a3a6-5d681ef29479,"","",f,,a487b65e-6fc8-47db-8c5a-6c364a9e9d96,a487b65e-6fc8-47db-8c5a-6c364a9e9d96,,2025-05-22 02:17:25.286922,2025-05-22 02:17:25.286922,distribution_media_history,hg_stock,distribution_media_history_20260822_080123,2026-08-22 08:01:40.05814
3883ab17-0602-484c-83ef-31dc52c0f433,5d5d8516-2445-4b5f-a6c4-f099aa8a7418,f,t,1,-1,"","","","","",f,88a1c66c-7cf6-4293-a607-b7000b48f139,3a9ff8c5-8923-4d19-a09e-2c8d79cc7c6f,3a9ff8c5-8923-4d19-a09e-2c8d79cc7c6f,,2026-03-13 02:25:24.730623,2026-03-13 02:25:24.730623,distribution_media_history,hg_stock,distribution_media_history_20260822_080123,2026-08-22 08:01:40.05814
3883b30f-bea5-4bb9-ab7a-02eb94c90736,68f0a6ca-e3f3-4342-b7f9-ea05a1b995b4,f,f,1,7,"","",bdd9d4f3-6a59-4a34-8087-8b6c644ced64,"","",f,"",229dc6f0-0c2f-42cc-8d32-7c3397e96194,229dc6f0-0c2f-42cc-8d32-7c3397e96194,,2025-10-30 03:07:14.535336,2025-10-30 03:07:14.535336,distribution_media_history,hg_stock,distribution_media_history_20260822_080123,2026-08-22 08:01:40.05814
3883bdbf-fce1-41e1-a179-872dd947b76d,571e667e-1bd6-493d-b071-3800d9b91166,f,f,1,45,"","",bdd9d4f3-6a59-4a34-8087-8b6c644ced64,"","",f,"",229dc6f0-0c2f-42cc-8d32-7c3397e96194,229dc6f0-0c2f-42cc-8d32-7c3397e96194,,2025-11-07 03:32:33.010665,2025-11-07 03:32:33.010665,distribution_media_history,hg_stock,distribution_media_history_20260822_080123,2026-08-22 08:01:40.05814
3883c39a-203b-4578-a5f4-e3e6d5baca43,13b926fe-8cd5-4f7f-adc9-7f14580d3c56,t,f,1,14,"","",52cea1c3-a193-411f-adb4-a6fbffe220eb,"",3af05bca-db72-4b8d-9fd8-f6e5f3c7f602,t,"",03ccc178-788e-4216-b4b1-01035622fb6d,03ccc178-788e-4216-b4b1-01035622fb6d,,2026-02-02 10:20:16.258156,2026-02-02 10:20:16.258156,distribution_media_history,hg_stock,distribution_media_history_20260822_080123,2026-08-22 08:01:40.05814
3883ccf6-68a6-4b4f-b69c-7a2cc14fe679,63fca8a1-7f92-4ff8-9e21-30bf05fa0473,f,f,1,-1,"","","","","",t,"45367ab4-4904-4e20-89bc-090f31a21ff6,79c5a82d-e1d1-49ea-8593-08cc72f52e86",c4b28be5-e3a3-400b-a946-c94bf1ecfec3,c4b28be5-e3a3-400b-a946-c94bf1ecfec3,,2026-04-23 06:33:35.061907,2026-04-23 06:33:35.061907,distribution_media_history,hg_stock,distribution_media_history_20260822_080123,2026-08-22 08:01:40.05814
3883df9f-6179-471e-8ce1-a0e34ecd423d,4c965e82-24f4-4823-aea0-52d74b094c28,f,f,1,30,d1d7dd24-7524-4ef5-ab9d-e14db6926186,"","","40885a7b-f9f9-4541-abc8-6fdcda2ba048,a327a5ea-4bc4-4521-826d-81ac20133683,fb606cb5-26e8-43c4-8d13-a07f07bba568","",f,"",c47f3399-05a0-4073-8685-89972808f783,c47f3399-05a0-4073-8685-89972808f783,,2026-01-31 04:09:31.821883,2026-01-31 04:09:31.821883,distribution_media_history,hg_stock,distribution_media_history_20260822_080123,2026-08-22 08:01:40.05814
3884053c-f0d6-468c-bed4-97ceff43d84c,f96cd99b-b280-4db9-b158-00e699eb319f,f,f,1,30,"","","","",4efd73e0-67fa-4115-a5ff-123905684fcf,f,"",3a67bc3d-1077-4be0-9f5a-846a08f8c71b,3a67bc3d-1077-4be0-9f5a-846a08f8c71b,,2026-01-10 02:30:28.631309,2026-01-10 02:30:28.631309,distribution_media_history,hg_stock,distribution_media_history_20260822_080123,2026-08-22 08:01:40.05814
38840554-d4ce-4ba9-a486-2a92eab69233,bf51e9a7-7555-4a7f-b25a-e1eaf102a9b9,t,f,1,7,"","","","","",f,1cdbc000-1c24-485c-8e71-fb91a4d5fcb6,3a9ff8c5-8923-4d19-a09e-2c8d79cc7c6f,3a9ff8c5-8923-4d19-a09e-2c8d79cc7c6f,,2025-09-09 07:15:41.626883,2025-09-09 07:15:41.626883,distribution_media_history,hg_stock,distribution_media_history_20260822_080123,2026-08-22 08:01:40.05814
38840b88-7d26-4e27-87fe-a390029b7568,bcd06487-ce9f-4455-aba7-bcecdf74e1cb,f,f,1,14,"","05ca09d8-a09a-4f57-97f4-cd44909d60c2,0fca0392-730d-4d3e-8f69-7bdd29124d1c,2332c3df-4e73-4fef-8937-582b2af3f71a,23ee2e9e-0b7f-4d66-a359-286dbe391f0c,2cdf599f-5c56-4d01-a980-ea9d3221fa24,33598a6f-ee6d-4e9d-978d-77a170731d49,48cd3c28-eaec-4e2d-ab2e-1e4c7bcf87c1,63e0d2c4-8d94-4654-82d0-caae7ee3c524,648c76cb-4cf8-40f6-b144-6cfdabe88701,840a485c-fe90-4433-a687-445a361c5545,97667a27-3ff1-45d8-8612-f3bef52610b6,b22aeee3-7b08-4e9a-8114-086a9f2a18bf,b9d5d11a-3483-4217-a175-abf5da99619b,cc88a7d2-7019-4cfc-a840-acf317361f99,cfdc0e36-0957-4a33-949c-9ba85abc8e1e,d96bea47-a199-4419-95fb-ec1606827b45","","","",f,"",c47f3399-05a0-4073-8685-89972808f783,c47f3399-05a0-4073-8685-89972808f783,,2026-04-08 09:07:00.876634,2026-04-08 09:07:00.876634,distribution_media_history,hg_stock,distribution_media_history_20260822_080123,2026-08-22 08:01:40.05814
38840c67-4fe8-47b4-90c8-c000ab44f09c,025ab7a2-3755-4931-9435-4c53ef8d0ebf,f,f,1,90,"","","",87126131-51a3-46a3-b4ac-2ec2cce25711,"",f,"",229dc6f0-0c2f-42cc-8d32-7c3397e96194,229dc6f0-0c2f-42cc-8d32-7c3397e96194,,2026-04-20 04:53:02.093976,2026-04-20 04:53:02.093976,distribution_media_history,hg_stock,distribution_media_history_20260822_080123,2026-08-22 08:01:40.05814
38841408-f3dc-420f-aca3-2c39c0fb2155,52f000f9-8776-4075-864b-b83e0562a84b,f,f,1,7,"","","0749da15-f004-4cad-8a3f-26ebdf77e84c,de0102b9-50f9-41fa-992a-06ae9eb82724","","",f,,76244ee5-eaf0-40fa-b2a9-8ae5be30d685,76244ee5-eaf0-40fa-b2a9-8ae5be30d685,,2025-05-05 08:37:15.094886,2025-05-05 08:37:15.094886,distribution_media_history,hg_stock,distribution_media_history_20260822_080123,2026-08-22 08:01:40.05814
38841838-037a-478c-85b9-7a5972e142f3,379abde6-7980-4e19-bc8a-998ce9ab8047,f,f,1,0,"","","","","",f,1190b645-1f41-44cb-8680-5726382adcc2,358dceb1-c1b0-46b9-a24f-c1b6a7fdb2dd,358dceb1-c1b0-46b9-a24f-c1b6a7fdb2dd,,2026-03-03 08:32:40.352529,2026-03-03 08:32:40.352529,distribution_media_history,hg_stock,distribution_media_history_20260822_080123,2026-08-22 08:01:40.05814
388419af-f727-46f4-b242-bf7e611c5168,2f046e21-8649-4093-8730-c09b78b024fe,f,f,1,7,"","","",fb606cb5-26e8-43c4-8d13-a07f07bba568,"",t,1190b645-1f41-44cb-8680-5726382adcc2,8eb76110-0ef5-4141-9aac-afd43ababc02,8eb76110-0ef5-4141-9aac-afd43ababc02,,2026-01-13 10:33:36.042434,2026-01-13 10:33:36.042434,distribution_media_history,hg_stock,distribution_media_history_20260822_080123,2026-08-22 08:01:40.05814
38841e7e-8191-4996-8d21-008439f3d6cf,a15d64e3-4d58-4b39-857e-2b9709baeaba,t,t,1,7,"","","","","0b0ddaa4-3592-40d8-9e46-8986bb004c15,0b9514d0-df14-4cb2-96f7-66a88144edf3,0f765cb9-0d18-4f74-8660-46b3abfb3dec,135d3088-99fc-444c-9b9a-21a2e9bb5a59,19e015cb-ccd1-49e3-aad5-8605feb595f2,1b235ed6-c69a-464f-ae4a-0a23b05ec631,3d6826f7-2626-4a37-aeaa-48f96a9b0b91,43bf3c8b-89b1-4138-8ae9-f564bb06596c,4761ea79-5165-4fa7-a980-b09454c0fb14,490497dc-5a22-4f3e-aabd-15f555818c32,49e1848d-584f-4cfd-9d91-3708bc10b099,4efd73e0-67fa-4115-a5ff-123905684fcf,5a8b441b-a204-43ba-9493-377cef94f449,5d673e15-d21b-4a74-98aa-195b698a2fdd,5deee3c3-3888-46e0-899e-9cb092a60f26,635fefea-3f23-4852-88e5-2b8787d39773,73670add-5585-47ce-97c1-a08bdeb7f956,7619809a-ea3b-4a3b-ad6f-d84bdffb9786,9a58ee71-326b-4905-990a-f59c329facbb,9af7cf68-33a0-4d0a-9577-cba1a3ad1f22,a3df88a3-5af1-48cd-9570-ccf048b9071c,a9993709-50ba-4ebf-8d58-28cc482cd3df,b706c9f6-115c-4ffd-bcdd-9a7c18f4fb57,b7839bea-a6e2-4014-bdd7-d5552de23eac,c0fe700c-34ee-4739-abf9-5a0a78b4c291,c26c67b9-c472-487d-ba06-5a9ea82d6183,cba4399c-df4c-40b7-ac8c-9c4a802bac2a,d0e703c9-c972-4e72-ab5b-5e85d12e7ddb,db6b31ce-1c0c-4728-abcd-c3f6d68467c4,dc4363f3-47bf-417d-bf6c-87ec7b129a23,dd0d89e0-28ec-4fce-a39a-afadc639b807,e2233413-cda5-4ef5-b8df-670690f74b06,ec59ef1c-d0d8-4934-8a42-7775c710491c,f4dd4428-bf65-4513-b8be-601d0d1d43d6,f90efe4e-4b5e-486c-9a25-c8a76e85f137",f,,a61e2437-628b-43e7-a32c-f948290dbba9,a61e2437-628b-43e7-a32c-f948290dbba9,,2025-08-01 07:45:49.80073,2025-08-01 07:45:49.80073,distribution_media_history,hg_stock,distribution_media_history_20260822_080123,2026-08-22 08:01:40.05814
38842449-2445-4d4d-b735-599e65eeb185,a328edbc-cf31-4b8a-bfc4-9397be7ad4b7,t,t,1,7,"","","","","04cee13a-69b0-41f1-b39c-889f9bd82938,17f48f51-7f38-41b0-a897-21f240726378,189d5957-a376-4804-9ac9-d3ac913f29b2,22c49afc-02e4-47e8-a4ab-9f0c0546ea68,3084841c-a70b-40d9-9edb-7aa498a50dc1,36298fa0-1ce7-4bae-8c41-db0a98d0341a,396221b9-cdc5-45b2-a79f-2d6de550fda9,3ee41b7a-96b5-4ab9-901b-3e0866188b6d,404f9125-d4c4-4da9-ad88-f829bb17ba62,489f9411-5f7e-4301-814a-60567e4e3e30,59113c8d-b24b-43e2-96f3-1eb18e9020bc,66cd6c10-7895-4502-937a-583c0d9ab692,6fccedd4-9c2a-4b13-a908-32363d8ab09d,7f65daf7-a4b7-4c1d-9b27-95a3e2321af0,7ffdacef-5d02-4aa8-b3d3-84c85d823164,82ce273c-9538-45d9-bc55-81d4406d2896,83546f70-3b79-4803-a00d-d4d620662403,84a48d11-c91a-4704-984d-487c05e520f8,8664aefc-082d-45bf-997c-d7924cdc450f,8b53e647-7506-4329-8541-838a25dc90b3,980be853-40ae-403e-9dfb-e5a0644a55da,988558f8-ab30-4768-aed0-ddcc6cb6b630,a45aa42c-5285-4ac5-8fe7-a51fbd5e1447,aa6908d1-4b4a-4472-8767-934000773385,afe4ba65-c5e3-4bbb-9e23-6ccb370dc871,b5793a82-9df0-404c-b478-a81c03ae4e6c,bd408cb0-2cde-4b1a-b556-8da94c325e1c,c0cc4ed9-8760-4184-b93c-e698dfb46246,c6f97750-2e14-4bb0-8d48-6d7b75af9afb,cbc183a5-8bbf-4ef0-988c-7b542efb0f71,d369fc61-1571-40e8-961b-70044ea493c5,de206049-f16b-4735-bac3-6af89517d5f6,e07abf1a-e63a-4a79-8ed5-11dbd5b7268c,e08f3c2d-0236-4fd0-8b86-d978d047ef93,ed0b4e25-e812-41ba-b50b-6963218c597f,ed44140b-5cc4-4d47-8ad1-afdb356aa44b,eee97771-c2ef-426b-8c92-fde92d29fa00,f335762b-0da1-428e-87a0-bec2dfa6b557,f475b91f-4997-46e8-9c30-f89c24d0a3bf,f601dbeb-2cae-4c86-9924-ce54abb0c3fb,fa2d090f-99ed-4048-bc02-56e323844e79,fad1e7bc-99f8-4821-beff-abd4694d5006,feb6927d-ee9b-40fc-8897-54a2bef67493",f,,3a9ff8c5-8923-4d19-a09e-2c8d79cc7c6f,3a9ff8c5-8923-4d19-a09e-2c8d79cc7c6f,,2025-06-25 05:01:48.953108,2025-06-25 05:01:48.953108,distribution_media_history,hg_stock,distribution_media_history_20260822_080123,2026-08-22 08:01:40.05814
38842a12-7480-4be5-9223-4eb83d948c00,6891e946-db24-4827-9dd6-680e2ec8bfb4,f,f,1,-1,"","","","","",t,29eb4139-ca88-46c5-a469-8ca26d5548e3,c4b28be5-e3a3-400b-a946-c94bf1ecfec3,c4b28be5-e3a3-400b-a946-c94bf1ecfec3,,2026-06-01 08:50:45.309047,2026-06-01 08:50:45.309047,distribution_media_history,hg_stock,distribution_media_history_20260822_080123,2026-08-22 08:01:40.05814
38843154-624d-448e-936b-b998317befba,c66f8d52-f507-4e86-aad3-986411d49850,t,t,1,7,"","",0cffc79b-1bd0-4f1d-a3a6-5d681ef29479,"","",f,,a487b65e-6fc8-47db-8c5a-6c364a9e9d96,a487b65e-6fc8-47db-8c5a-6c364a9e9d96,,2025-05-08 02:15:26.340238,2025-05-08 02:15:26.340238,distribution_media_history,hg_stock,distribution_media_history_20260822_080123,2026-08-22 08:01:40.05814
38843bc7-16a3-4675-9a3c-bd2c9b0b8cd5,00d0b886-80b1-45b4-904a-1c281dcee2d3,t,t,1,30,"","","","","",f,1cdbc000-1c24-485c-8e71-fb91a4d5fcb6,3a9ff8c5-8923-4d19-a09e-2c8d79cc7c6f,3a9ff8c5-8923-4d19-a09e-2c8d79cc7c6f,,2025-10-28 03:11:12.176548,2025-10-28 03:11:12.176548,distribution_media_history,hg_stock,distribution_media_history_20260822_080123,2026-08-22 08:01:40.05814
38843df5-5f28-40d3-bd11-fc39824812ad,ffb5423d-53a5-45d0-a0f5-cda29720355c,f,t,1,7,"","","","","1e55f667-0670-40bc-8aee-27188dc5b384,1f8fc573-9e67-4351-93a6-85af17adacb8,27b2b34e-8707-4bb8-b0c6-2e75910beb09,2a952976-8a78-46c9-93c7-7d197d448b03,2ba607c0-3931-4232-8cff-7b946615c650,33331df9-2b29-4991-9e17-e8f97a2b13ff,378165af-c287-4215-b87c-5c5cf9aeff3b,4ac68eaa-1cde-4204-ad59-4ebdef0cdd20,50b0a781-a21a-43f7-a44f-0ed69331fc3e,6e01ca53-57ee-493e-9e77-0fdd4f7f0df3,751ce087-1ac0-4754-98e4-03bc44f7debb,9a10a754-8f5f-4e41-8885-5176dd190d55,a34b91f8-a3f6-4339-9874-c0f1d54c051c,a6bb0755-8f1b-42ba-b328-0df271601e1a,a82b59cb-0d98-4389-9d78-4f2233f34fbf,c0fe700c-34ee-4739-abf9-5a0a78b4c291,cfa538b2-cebf-4eef-b98c-95005d4d9eb2,df9df296-f929-4c76-962a-4e4b28e72dc6,e0e4a2b7-34ed-4410-9b3c-eb6223af8bc8,ea612f5c-28e4-49ab-86aa-533208aa12d0",f,"",97ee41e4-8f90-4991-8d67-df26d970bf62,97ee41e4-8f90-4991-8d67-df26d970bf62,,2025-08-21 09:33:15.245128,2025-08-21 09:33:15.245128,distribution_media_history,hg_stock,distribution_media_history_20260822_080123,2026-08-22 08:01:40.05814
38844750-124a-4591-8d18-6572ff574286,300fcaa3-2d9c-45de-a97f-9dc5941fe530,f,f,1,7,"","",bdd9d4f3-6a59-4a34-8087-8b6c644ced64,"","",f,"",229dc6f0-0c2f-42cc-8d32-7c3397e96194,229dc6f0-0c2f-42cc-8d32-7c3397e96194,,2026-01-27 09:21:30.721496,2026-01-27 09:21:30.721496,distribution_media_history,hg_stock,distribution_media_history_20260822_080123,2026-08-22 08:01:40.05814
388451cf-5faa-43e0-b595-809500edcf5f,8ff8d544-1fac-408a-83e4-1b55b6a0c1de,t,f,1,7,"","","15b9cfe7-85ee-4d5c-910a-8dd18e3c08a8,211db165-a4e5-46fa-ae35-b3ce4970f396,270551e0-15db-4b4a-8bed-b0a9a3a44dff,4b130012-bca4-48d9-b677-a3bbac756669,5026b271-3ca4-475e-b42b-ecaef67294c8,52cea1c3-a193-411f-adb4-a6fbffe220eb,629885eb-65c4-4921-a300-3c618c8961e3,7657821d-0928-4099-92a1-2146097c66b0,7ad7d9b9-4600-4db5-a3a8-e7c243499008,ba826125-ec02-4f09-b0d4-9e4aeeb11c0a,db869e71-ba93-441b-a264-32c62f017853,df42ed2a-f2da-49a1-a4ea-36e358b59bee,fcdd5322-049e-4b50-aecf-593d36d18b8f","","",f,,,,,2025-05-05 08:38:38.501861,2025-05-05 08:38:38.501861,distribution_media_history,hg_stock,distribution_media_history_20260822_080123,2026-08-22 08:01:40.05814
388498bc-d815-453c-a77b-90ea4b22bb47,8d5bd26a-1c65-46a7-aa38-af59c50fe6f9,t,t,1,7,"","","","","3d6826f7-2626-4a37-aeaa-48f96a9b0b91,43bf3c8b-89b1-4138-8ae9-f564bb06596c,c0fe700c-34ee-4739-abf9-5a0a78b4c291,490497dc-5a22-4f3e-aabd-15f555818c32,73670add-5585-47ce-97c1-a08bdeb7f956,a9993709-50ba-4ebf-8d58-28cc482cd3df,dc4363f3-47bf-417d-bf6c-87ec7b129a23,9a58ee71-326b-4905-990a-f59c329facbb,5deee3c3-3888-46e0-899e-9cb092a60f26,b706c9f6-115c-4ffd-bcdd-9a7c18f4fb57,4761ea79-5165-4fa7-a980-b09454c0fb14,19e015cb-ccd1-49e3-aad5-8605feb595f2,9af7cf68-33a0-4d0a-9577-cba1a3ad1f22,135d3088-99fc-444c-9b9a-21a2e9bb5a59,0b0ddaa4-3592-40d8-9e46-8986bb004c15,635fefea-3f23-4852-88e5-2b8787d39773,c26c67b9-c472-487d-ba06-5a9ea82d6183,f4dd4428-bf65-4513-b8be-601d0d1d43d6,a3df88a3-5af1-48cd-9570-ccf048b9071c,ec59ef1c-d0d8-4934-8a42-7775c710491c,5a8b441b-a204-43ba-9493-377cef94f449,e2233413-cda5-4ef5-b8df-670690f74b06,0b9514d0-df14-4cb2-96f7-66a88144edf3,db6b31ce-1c0c-4728-abcd-c3f6d68467c4,7619809a-ea3b-4a3b-ad6f-d84bdffb9786,dd0d89e0-28ec-4fce-a39a-afadc639b807,49e1848d-584f-4cfd-9d91-3708bc10b099,d0e703c9-c972-4e72-ab5b-5e85d12e7ddb,59a4bdd5-072f-4682-9ce8-c2f126fb1594",f,,a61e2437-628b-43e7-a32c-f948290dbba9,a61e2437-628b-43e7-a32c-f948290dbba9,,2025-06-10 09:56:44.253464,2025-06-10 09:56:44.253464,distribution_media_history,hg_stock,distribution_media_history_20260822_080123,2026-08-22 08:01:40.05814
38846198-f0ef-4667-8daf-a483c68669c0,bd6b166d-7c99-433e-be9e-0542b5eff020,t,f,1,7,"","","","","04cee13a-69b0-41f1-b39c-889f9bd82938,17f48f51-7f38-41b0-a897-21f240726378,189d5957-a376-4804-9ac9-d3ac913f29b2,22c49afc-02e4-47e8-a4ab-9f0c0546ea68,3084841c-a70b-40d9-9edb-7aa498a50dc1,36298fa0-1ce7-4bae-8c41-db0a98d0341a,396221b9-cdc5-45b2-a79f-2d6de550fda9,3ee41b7a-96b5-4ab9-901b-3e0866188b6d,404f9125-d4c4-4da9-ad88-f829bb17ba62,489f9411-5f7e-4301-814a-60567e4e3e30,59113c8d-b24b-43e2-96f3-1eb18e9020bc,5c1b1d8f-d4a9-4a22-934a-43831e85d1e4,66cd6c10-7895-4502-937a-583c0d9ab692,7f65daf7-a4b7-4c1d-9b27-95a3e2321af0,7ffdacef-5d02-4aa8-b3d3-84c85d823164,83546f70-3b79-4803-a00d-d4d620662403,84a48d11-c91a-4704-984d-487c05e520f8,8664aefc-082d-45bf-997c-d7924cdc450f,8b53e647-7506-4329-8541-838a25dc90b3,988558f8-ab30-4768-aed0-ddcc6cb6b630,9f332297-3b6b-4a98-bcd8-bc8da41105dd,a45aa42c-5285-4ac5-8fe7-a51fbd5e1447,aa6908d1-4b4a-4472-8767-934000773385,b5793a82-9df0-404c-b478-a81c03ae4e6c,b5a513f2-8d65-4512-90c0-7fa3c7311a61,b7f0a1f8-0078-4361-a39c-609cbc0fa09c,bd408cb0-2cde-4b1a-b556-8da94c325e1c,c0cc4ed9-8760-4184-b93c-e698dfb46246,c4b978df-9107-4eb9-a678-e621c83f0e48,c6f97750-2e14-4bb0-8d48-6d7b75af9afb,d369fc61-1571-40e8-961b-70044ea493c5,de206049-f16b-4735-bac3-6af89517d5f6,e08f3c2d-0236-4fd0-8b86-d978d047ef93,ed0b4e25-e812-41ba-b50b-6963218c597f,ed44140b-5cc4-4d47-8ad1-afdb356aa44b,f335762b-0da1-428e-87a0-bec2dfa6b557,f475b91f-4997-46e8-9c30-f89c24d0a3bf,f601dbeb-2cae-4c86-9924-ce54abb0c3fb,fad1e7bc-99f8-4821-beff-abd4694d5006,feb6927d-ee9b-40fc-8897-54a2bef67493",f,"",3a9ff8c5-8923-4d19-a09e-2c8d79cc7c6f,3a9ff8c5-8923-4d19-a09e-2c8d79cc7c6f,,2025-08-09 08:10:33.861015,2025-08-09 08:10:33.861015,distribution_media_history,hg_stock,distribution_media_history_20260822_080123,2026-08-22 08:01:40.05814
38846ed8-695d-4f79-867b-23984936ba18,dc8fc04c-10a1-4ec1-b4a9-6f3c9385e41f,f,t,1,7,"","","","","8d4c71a2-1441-49d2-b14d-a35b21620ac2,e86c043e-7cef-418e-b148-8b1e89211f30,e04fae25-e4c3-4f4d-9d5c-d19bd7d0ecf5,60a9a846-b417-49d7-9427-c8ec1c7a3da8,82765a10-75aa-48a7-8105-1de60aaee953,000b46f0-ef71-49e3-9368-7e53da2ac2c1,9e3bf329-f6e8-4ee4-8532-41b9887c99fc,0e9ac747-2549-4974-bf10-36762e2bf4b0,d8df1fe2-060e-43cc-9ed4-8a41ab2d5561,4c0cbfd7-86ea-4793-af3c-b80645310be9,b4e5cf70-0101-434d-9205-f2653b64a710",f,,3a9ff8c5-8923-4d19-a09e-2c8d79cc7c6f,3a9ff8c5-8923-4d19-a09e-2c8d79cc7c6f,,2025-05-30 09:48:38.430034,2025-05-30 09:48:38.430034,distribution_media_history,hg_stock,distribution_media_history_20260822_080123,2026-08-22 08:01:40.05814
38847d56-ae07-4685-8945-c72e217df828,f6679631-5f45-4b88-b937-3cfd3263fcd2,t,f,1,7,"","","15b9cfe7-85ee-4d5c-910a-8dd18e3c08a8,211db165-a4e5-46fa-ae35-b3ce4970f396,270551e0-15db-4b4a-8bed-b0a9a3a44dff,4b130012-bca4-48d9-b677-a3bbac756669,5026b271-3ca4-475e-b42b-ecaef67294c8,52cea1c3-a193-411f-adb4-a6fbffe220eb,629885eb-65c4-4921-a300-3c618c8961e3,7657821d-0928-4099-92a1-2146097c66b0,7ad7d9b9-4600-4db5-a3a8-e7c243499008,ba826125-ec02-4f09-b0d4-9e4aeeb11c0a,db869e71-ba93-441b-a264-32c62f017853,df42ed2a-f2da-49a1-a4ea-36e358b59bee,fcdd5322-049e-4b50-aecf-593d36d18b8f","","",f,,f79b8896-78e1-41a4-b8a9-377c83f867d3,f79b8896-78e1-41a4-b8a9-377c83f867d3,,2025-05-05 08:40:39.201831,2025-05-05 08:40:39.201831,distribution_media_history,hg_stock,distribution_media_history_20260822_080123,2026-08-22 08:01:40.05814
38848235-c0d7-431a-b36c-0bee73c7ce4d,c6e6c509-6a4c-4b84-85e7-9dc818c95d53,f,f,1,0,"","","","","",f,1190b645-1f41-44cb-8680-5726382adcc2,358dceb1-c1b0-46b9-a24f-c1b6a7fdb2dd,358dceb1-c1b0-46b9-a24f-c1b6a7fdb2dd,,2026-03-03 08:31:28.884587,2026-03-03 08:31:28.884587,distribution_media_history,hg_stock,distribution_media_history_20260822_080123,2026-08-22 08:01:40.05814
38848580-54ed-484c-b6b2-7dfb28d1f8c4,5e8e67c4-cb6e-4a0c-9b35-88362e2ac00c,f,f,1,7,"","",d0a6c7ae-3a77-4b4c-bc33-bed245694277,"","",f,,86feaaae-e8b4-481c-b0f9-bb9749f4682d,86feaaae-e8b4-481c-b0f9-bb9749f4682d,,2025-05-05 08:37:27.485238,2025-05-05 08:37:27.485238,distribution_media_history,hg_stock,distribution_media_history_20260822_080123,2026-08-22 08:01:40.05814
3884862e-0682-4dc7-9b7b-39eef482cacc,acb09590-aad2-4112-96ca-d0ebb4591ad2,f,f,1,7,"","","17bd284a-ef80-41f5-927b-99aff424ed67,211db165-a4e5-46fa-ae35-b3ce4970f396,4b130012-bca4-48d9-b677-a3bbac756669,52cea1c3-a193-411f-adb4-a6fbffe220eb,7657821d-0928-4099-92a1-2146097c66b0,ba826125-ec02-4f09-b0d4-9e4aeeb11c0a,db869e71-ba93-441b-a264-32c62f017853","","",f,,0200161a-5f5d-40f7-94d8-e0584d9d2831,0200161a-5f5d-40f7-94d8-e0584d9d2831,,2025-05-05 08:39:16.083299,2025-05-05 08:39:16.083299,distribution_media_history,hg_stock,distribution_media_history_20260822_080123,2026-08-22 08:01:40.05814
38848fc8-a8bc-49e6-afaa-ef356f7c2354,15245edd-9a7d-4097-b7ad-693658f58e27,f,t,1,7,"",da8f995c-f243-45d1-9b29-509479df816d,"","","",f,"",ffaa2385-0c7a-4d09-9acb-1fa0fbae3175,ffaa2385-0c7a-4d09-9acb-1fa0fbae3175,,2025-09-23 02:38:33.316203,2025-09-23 02:38:33.316203,distribution_media_history,hg_stock,distribution_media_history_20260822_080123,2026-08-22 08:01:40.05814
3884952a-23da-4b81-ad9f-4d319a62a764,c65d6e4d-2589-4b50-9a86-af3b544134cc,f,f,1,30,"","","","",8aeac26a-abbe-474f-9add-830ee199ed43,f,"",3a67bc3d-1077-4be0-9f5a-846a08f8c71b,3a67bc3d-1077-4be0-9f5a-846a08f8c71b,,2026-04-11 06:45:46.628847,2026-04-11 06:45:46.628847,distribution_media_history,hg_stock,distribution_media_history_20260822_080123,2026-08-22 08:01:40.05814
3884f3cd-374e-4256-a299-a73941144f9d,acb6f37e-2ac9-4028-bfa8-77f0c0425169,f,f,1,7,"","","","","",f,cde6f5fe-09e7-4547-a69b-055517eb12ff,3a9ff8c5-8923-4d19-a09e-2c8d79cc7c6f,3a9ff8c5-8923-4d19-a09e-2c8d79cc7c6f,,2025-08-08 09:57:31.35478,2025-08-08 09:57:31.35478,distribution_media_history,hg_stock,distribution_media_history_20260822_080123,2026-08-22 08:01:40.05814
3884f7a4-ee00-4a76-af65-589d4621a6f7,75ff35dc-1249-43a0-b52a-3799d56cffe0,f,f,1,0,"","","","","",f,1190b645-1f41-44cb-8680-5726382adcc2,358dceb1-c1b0-46b9-a24f-c1b6a7fdb2dd,358dceb1-c1b0-46b9-a24f-c1b6a7fdb2dd,,2026-03-03 08:34:23.849805,2026-03-03 08:34:23.849805,distribution_media_history,hg_stock,distribution_media_history_20260822_080123,2026-08-22 08:01:40.05814
38853e35-7645-4f05-8d2f-60de4106ef10,344a979a-ad95-41d1-9394-29828c7df82c,f,f,1,7,"","","48a1af96-5a7d-40d9-8ebe-4e3655f14e4b,64362801-3c17-4e99-b10a-bc7a8dc10c14,854cae12-c88d-4bb4-85cf-4ed044d8e963,be3902b4-f926-4850-ba31-f18b178b9d39,f30dad8c-85eb-43c2-a375-5d3fe9ff31ce,f5a4dab5-df91-4776-9a1f-1c2e1ed7ce8b","","",f,,ed8e0c83-aaec-49eb-8379-90f06bb587ed,ed8e0c83-aaec-49eb-8379-90f06bb587ed,,2025-05-05 08:36:44.01553,2025-05-05 08:36:44.01553,distribution_media_history,hg_stock,distribution_media_history_20260822_080123,2026-08-22 08:01:40.05814
38854dd0-946b-41e4-8197-4c622be667b6,f41d02b4-c34b-4eae-bbc3-51a42d886360,f,f,1,45,"","",bdd9d4f3-6a59-4a34-8087-8b6c644ced64,"","",f,"",229dc6f0-0c2f-42cc-8d32-7c3397e96194,229dc6f0-0c2f-42cc-8d32-7c3397e96194,,2026-01-27 09:22:41.984263,2026-01-27 09:22:41.984263,distribution_media_history,hg_stock,distribution_media_history_20260822_080123,2026-08-22 08:01:40.05814
38849b07-5585-4914-bb75-718e0a371f68,924b9fd8-6dd1-4f2a-8eb5-fc211401b826,f,f,1,90,"","","","","",t,"1190b645-1f41-44cb-8680-5726382adcc2,810a971a-8ddc-4ef0-9f85-d8eba152507c",358dceb1-c1b0-46b9-a24f-c1b6a7fdb2dd,358dceb1-c1b0-46b9-a24f-c1b6a7fdb2dd,,2026-03-11 04:34:07.610148,2026-03-11 04:34:07.610148,distribution_media_history,hg_stock,distribution_media_history_20260822_080123,2026-08-22 08:01:40.05814
3884a293-e3c4-4e02-9627-3a51f4db215f,fd3eb678-5186-4655-8bf8-e6e72f9bf154,t,f,1,7,"","","15b9cfe7-85ee-4d5c-910a-8dd18e3c08a8,211db165-a4e5-46fa-ae35-b3ce4970f396,270551e0-15db-4b4a-8bed-b0a9a3a44dff,4b130012-bca4-48d9-b677-a3bbac756669,5026b271-3ca4-475e-b42b-ecaef67294c8,52cea1c3-a193-411f-adb4-a6fbffe220eb,629885eb-65c4-4921-a300-3c618c8961e3,7657821d-0928-4099-92a1-2146097c66b0,7ad7d9b9-4600-4db5-a3a8-e7c243499008,ba826125-ec02-4f09-b0d4-9e4aeeb11c0a,db869e71-ba93-441b-a264-32c62f017853,df42ed2a-f2da-49a1-a4ea-36e358b59bee,fcdd5322-049e-4b50-aecf-593d36d18b8f","","",f,,aba5fb94-b929-4f86-b15e-e6dcf4f35c85,aba5fb94-b929-4f86-b15e-e6dcf4f35c85,,2025-05-05 08:40:39.204432,2025-05-05 08:40:39.204432,distribution_media_history,hg_stock,distribution_media_history_20260822_080123,2026-08-22 08:01:40.05814
3884bfd5-df4c-45fe-9518-75594f2b2bf5,6e61a592-b480-45cf-9ecf-8d9460918f43,f,f,1,14,"","","","",569ae4ec-720e-42db-9f7d-a1e65b0f800a,f,"",4cf4d8d0-959b-4d27-882a-ef1ce5b92241,4cf4d8d0-959b-4d27-882a-ef1ce5b92241,,2025-12-19 01:43:17.5822,2025-12-19 01:43:17.5822,distribution_media_history,hg_stock,distribution_media_history_20260822_080123,2026-08-22 08:01:40.05814
3884c10a-311f-4d72-845c-27fc064dc6c4,7e1f3a06-a29c-4167-8e82-2f5d3d3d110c,f,t,1,7,"","","","",0f765cb9-0d18-4f74-8660-46b3abfb3dec,f,"",3a67bc3d-1077-4be0-9f5a-846a08f8c71b,3a67bc3d-1077-4be0-9f5a-846a08f8c71b,,2025-09-17 02:05:29.577275,2025-09-17 02:05:29.577275,distribution_media_history,hg_stock,distribution_media_history_20260822_080123,2026-08-22 08:01:40.05814
3884c7c9-16b4-44ba-a24c-51289fd808f7,2fb6c929-9611-4c98-a71a-778c4c248480,t,f,1,7,"","","","","",f,1cdbc000-1c24-485c-8e71-fb91a4d5fcb6,3a9ff8c5-8923-4d19-a09e-2c8d79cc7c6f,3a9ff8c5-8923-4d19-a09e-2c8d79cc7c6f,,2025-12-27 08:23:54.22477,2025-12-27 08:23:54.22477,distribution_media_history,hg_stock,distribution_media_history_20260822_080123,2026-08-22 08:01:40.05814
3884cab9-3e58-4cad-af05-4a9305f62bb2,0b9ded8a-629c-42df-a2d9-37c84e90ef3e,t,f,1,7,"","","","","04cee13a-69b0-41f1-b39c-889f9bd82938,17f48f51-7f38-41b0-a897-21f240726378,189d5957-a376-4804-9ac9-d3ac913f29b2,22c49afc-02e4-47e8-a4ab-9f0c0546ea68,3084841c-a70b-40d9-9edb-7aa498a50dc1,36298fa0-1ce7-4bae-8c41-db0a98d0341a,396221b9-cdc5-45b2-a79f-2d6de550fda9,3ee41b7a-96b5-4ab9-901b-3e0866188b6d,404f9125-d4c4-4da9-ad88-f829bb17ba62,489f9411-5f7e-4301-814a-60567e4e3e30,59113c8d-b24b-43e2-96f3-1eb18e9020bc,66cd6c10-7895-4502-937a-583c0d9ab692,6fccedd4-9c2a-4b13-a908-32363d8ab09d,7f65daf7-a4b7-4c1d-9b27-95a3e2321af0,7ffdacef-5d02-4aa8-b3d3-84c85d823164,82ce273c-9538-45d9-bc55-81d4406d2896,83546f70-3b79-4803-a00d-d4d620662403,84a48d11-c91a-4704-984d-487c05e520f8,8664aefc-082d-45bf-997c-d7924cdc450f,8b53e647-7506-4329-8541-838a25dc90b3,980be853-40ae-403e-9dfb-e5a0644a55da,988558f8-ab30-4768-aed0-ddcc6cb6b630,a45aa42c-5285-4ac5-8fe7-a51fbd5e1447,aa6908d1-4b4a-4472-8767-934000773385,afe4ba65-c5e3-4bbb-9e23-6ccb370dc871,b5793a82-9df0-404c-b478-a81c03ae4e6c,bd408cb0-2cde-4b1a-b556-8da94c325e1c,c0cc4ed9-8760-4184-b93c-e698dfb46246,c6f97750-2e14-4bb0-8d48-6d7b75af9afb,cbc183a5-8bbf-4ef0-988c-7b542efb0f71,d369fc61-1571-40e8-961b-70044ea493c5,de206049-f16b-4735-bac3-6af89517d5f6,e07abf1a-e63a-4a79-8ed5-11dbd5b7268c,e08f3c2d-0236-4fd0-8b86-d978d047ef93,ed0b4e25-e812-41ba-b50b-6963218c597f,ed44140b-5cc4-4d47-8ad1-afdb356aa44b,eee97771-c2ef-426b-8c92-fde92d29fa00,f335762b-0da1-428e-87a0-bec2dfa6b557,f475b91f-4997-46e8-9c30-f89c24d0a3bf,f601dbeb-2cae-4c86-9924-ce54abb0c3fb,fa2d090f-99ed-4048-bc02-56e323844e79,fad1e7bc-99f8-4821-beff-abd4694d5006,feb6927d-ee9b-40fc-8897-54a2bef67493",f,,3a9ff8c5-8923-4d19-a09e-2c8d79cc7c6f,3a9ff8c5-8923-4d19-a09e-2c8d79cc7c6f,,2025-06-25 05:01:48.958133,2025-06-25 05:01:48.958133,distribution_media_history,hg_stock,distribution_media_history_20260822_080123,2026-08-22 08:01:40.05814
3884d2ec-6473-46fd-9137-973ee9145b96,e54fb4ac-0dd9-41c8-970f-6767ddf15397,t,t,1,7,"","","","","04cee13a-69b0-41f1-b39c-889f9bd82938,17f48f51-7f38-41b0-a897-21f240726378,189d5957-a376-4804-9ac9-d3ac913f29b2,22c49afc-02e4-47e8-a4ab-9f0c0546ea68,3084841c-a70b-40d9-9edb-7aa498a50dc1,36298fa0-1ce7-4bae-8c41-db0a98d0341a,396221b9-cdc5-45b2-a79f-2d6de550fda9,3ee41b7a-96b5-4ab9-901b-3e0866188b6d,404f9125-d4c4-4da9-ad88-f829bb17ba62,489f9411-5f7e-4301-814a-60567e4e3e30,59113c8d-b24b-43e2-96f3-1eb18e9020bc,66cd6c10-7895-4502-937a-583c0d9ab692,6fccedd4-9c2a-4b13-a908-32363d8ab09d,7f65daf7-a4b7-4c1d-9b27-95a3e2321af0,7ffdacef-5d02-4aa8-b3d3-84c85d823164,82ce273c-9538-45d9-bc55-81d4406d2896,83546f70-3b79-4803-a00d-d4d620662403,84a48d11-c91a-4704-984d-487c05e520f8,8664aefc-082d-45bf-997c-d7924cdc450f,8b53e647-7506-4329-8541-838a25dc90b3,93ab8008-587a-4a00-a78b-1ea011796b10,96fdf1dd-c29d-48c0-9942-b89777d4f662,980be853-40ae-403e-9dfb-e5a0644a55da,988558f8-ab30-4768-aed0-ddcc6cb6b630,a45aa42c-5285-4ac5-8fe7-a51fbd5e1447,aa6908d1-4b4a-4472-8767-934000773385,afe4ba65-c5e3-4bbb-9e23-6ccb370dc871,b5793a82-9df0-404c-b478-a81c03ae4e6c,bd408cb0-2cde-4b1a-b556-8da94c325e1c,c0cc4ed9-8760-4184-b93c-e698dfb46246,c6f97750-2e14-4bb0-8d48-6d7b75af9afb,cbc183a5-8bbf-4ef0-988c-7b542efb0f71,d369fc61-1571-40e8-961b-70044ea493c5,de206049-f16b-4735-bac3-6af89517d5f6,e07abf1a-e63a-4a79-8ed5-11dbd5b7268c,e08f3c2d-0236-4fd0-8b86-d978d047ef93,e5a984fb-9511-483f-9ca8-2624f19dffac,ed0b4e25-e812-41ba-b50b-6963218c597f,ed44140b-5cc4-4d47-8ad1-afdb356aa44b,eee97771-c2ef-426b-8c92-fde92d29fa00,f335762b-0da1-428e-87a0-bec2dfa6b557,f475b91f-4997-46e8-9c30-f89c24d0a3bf,f601dbeb-2cae-4c86-9924-ce54abb0c3fb,fa2d090f-99ed-4048-bc02-56e323844e79,fad1e7bc-99f8-4821-beff-abd4694d5006,fd42dc28-9ff0-4379-8e65-fbca6f35de60,feb6927d-ee9b-40fc-8897-54a2bef67493",f,,3a9ff8c5-8923-4d19-a09e-2c8d79cc7c6f,3a9ff8c5-8923-4d19-a09e-2c8d79cc7c6f,,2025-07-18 07:55:08.181002,2025-07-18 07:55:08.181002,distribution_media_history,hg_stock,distribution_media_history_20260822_080123,2026-08-22 08:01:40.05814
3884d724-ec75-49e5-9a47-9a70f5265e38,4db56674-5586-4003-b95f-87e2dc1b9836,t,t,1,7,"","","52cea1c3-a193-411f-adb4-a6fbffe220eb,7b56a13f-aff1-4987-89fa-3df97114f8a6","","",f,"",94ed467c-ceec-437f-aed7-3317cd4fe1ae,94ed467c-ceec-437f-aed7-3317cd4fe1ae,,2025-10-15 03:20:05.249701,2025-10-15 03:20:05.249701,distribution_media_history,hg_stock,distribution_media_history_20260822_080123,2026-08-22 08:01:40.05814
3884e0ab-9cb5-4422-b87b-3ac16740c4f6,713cb230-f0d8-4311-807b-05f24f42c545,f,f,1,7,"","","48a1af96-5a7d-40d9-8ebe-4e3655f14e4b,64362801-3c17-4e99-b10a-bc7a8dc10c14,854cae12-c88d-4bb4-85cf-4ed044d8e963,be3902b4-f926-4850-ba31-f18b178b9d39,f30dad8c-85eb-43c2-a375-5d3fe9ff31ce,f5a4dab5-df91-4776-9a1f-1c2e1ed7ce8b","","",f,,,,,2025-05-05 08:38:09.065884,2025-05-05 08:38:09.065884,distribution_media_history,hg_stock,distribution_media_history_20260822_080123,2026-08-22 08:01:40.05814
38851910-777c-484c-954d-115fa15f4347,ed106e45-d54b-4f72-9638-f13ec5977106,t,t,1,7,"","","","","04cee13a-69b0-41f1-b39c-889f9bd82938,17f48f51-7f38-41b0-a897-21f240726378,189d5957-a376-4804-9ac9-d3ac913f29b2,22c49afc-02e4-47e8-a4ab-9f0c0546ea68,3084841c-a70b-40d9-9edb-7aa498a50dc1,36298fa0-1ce7-4bae-8c41-db0a98d0341a,396221b9-cdc5-45b2-a79f-2d6de550fda9,3ee41b7a-96b5-4ab9-901b-3e0866188b6d,404f9125-d4c4-4da9-ad88-f829bb17ba62,489f9411-5f7e-4301-814a-60567e4e3e30,59113c8d-b24b-43e2-96f3-1eb18e9020bc,66cd6c10-7895-4502-937a-583c0d9ab692,6fccedd4-9c2a-4b13-a908-32363d8ab09d,7f65daf7-a4b7-4c1d-9b27-95a3e2321af0,7ffdacef-5d02-4aa8-b3d3-84c85d823164,82ce273c-9538-45d9-bc55-81d4406d2896,83546f70-3b79-4803-a00d-d4d620662403,84a48d11-c91a-4704-984d-487c05e520f8,8664aefc-082d-45bf-997c-d7924cdc450f,8b53e647-7506-4329-8541-838a25dc90b3,93ab8008-587a-4a00-a78b-1ea011796b10,96fdf1dd-c29d-48c0-9942-b89777d4f662,980be853-40ae-403e-9dfb-e5a0644a55da,988558f8-ab30-4768-aed0-ddcc6cb6b630,a45aa42c-5285-4ac5-8fe7-a51fbd5e1447,aa6908d1-4b4a-4472-8767-934000773385,afe4ba65-c5e3-4bbb-9e23-6ccb370dc871,b5793a82-9df0-404c-b478-a81c03ae4e6c,bd408cb0-2cde-4b1a-b556-8da94c325e1c,c0cc4ed9-8760-4184-b93c-e698dfb46246,c6f97750-2e14-4bb0-8d48-6d7b75af9afb,cbc183a5-8bbf-4ef0-988c-7b542efb0f71,d369fc61-1571-40e8-961b-70044ea493c5,de206049-f16b-4735-bac3-6af89517d5f6,e07abf1a-e63a-4a79-8ed5-11dbd5b7268c,e08f3c2d-0236-4fd0-8b86-d978d047ef93,e5a984fb-9511-483f-9ca8-2624f19dffac,ed0b4e25-e812-41ba-b50b-6963218c597f,ed44140b-5cc4-4d47-8ad1-afdb356aa44b,eee97771-c2ef-426b-8c92-fde92d29fa00,f335762b-0da1-428e-87a0-bec2dfa6b557,f475b91f-4997-46e8-9c30-f89c24d0a3bf,f601dbeb-2cae-4c86-9924-ce54abb0c3fb,fa2d090f-99ed-4048-bc02-56e323844e79,fad1e7bc-99f8-4821-beff-abd4694d5006,fd42dc28-9ff0-4379-8e65-fbca6f35de60,feb6927d-ee9b-40fc-8897-54a2bef67493",f,,3a9ff8c5-8923-4d19-a09e-2c8d79cc7c6f,3a9ff8c5-8923-4d19-a09e-2c8d79cc7c6f,,2025-07-18 07:55:08.180657,2025-07-18 07:55:08.180657,distribution_media_history,hg_stock,distribution_media_history_20260822_080123,2026-08-22 08:01:40.05814
38851be3-fb30-4e5d-8cfc-00a44c5ac577,dc068aee-9b9f-4c55-a286-3ca18ec5ce2a,t,f,1,7,"","","211db165-a4e5-46fa-ae35-b3ce4970f396,4b130012-bca4-48d9-b677-a3bbac756669,52cea1c3-a193-411f-adb4-a6fbffe220eb,db869e71-ba93-441b-a264-32c62f017853","","",f,,,,,2025-05-05 08:40:11.017192,2025-05-05 08:40:11.017192,distribution_media_history,hg_stock,distribution_media_history_20260822_080123,2026-08-22 08:01:40.05814
38851c53-a919-41de-b79d-6347b9f6419f,589ff9c6-b06c-40ed-9838-fc48aaf33091,t,f,1,7,"","","15b9cfe7-85ee-4d5c-910a-8dd18e3c08a8,211db165-a4e5-46fa-ae35-b3ce4970f396,270551e0-15db-4b4a-8bed-b0a9a3a44dff,4b130012-bca4-48d9-b677-a3bbac756669,5026b271-3ca4-475e-b42b-ecaef67294c8,52cea1c3-a193-411f-adb4-a6fbffe220eb,629885eb-65c4-4921-a300-3c618c8961e3,7657821d-0928-4099-92a1-2146097c66b0,7ad7d9b9-4600-4db5-a3a8-e7c243499008,ba826125-ec02-4f09-b0d4-9e4aeeb11c0a,db869e71-ba93-441b-a264-32c62f017853,df42ed2a-f2da-49a1-a4ea-36e358b59bee,fcdd5322-049e-4b50-aecf-593d36d18b8f","","",f,,,,,2025-05-05 08:37:21.023673,2025-05-05 08:37:21.023673,distribution_media_history,hg_stock,distribution_media_history_20260822_080123,2026-08-22 08:01:40.05814
388521f3-9311-42c8-a33b-645987778fbf,020164b1-a705-4bb5-9e18-2b4333873789,t,f,1,7,"","13d11747-06d8-499f-a3fa-c6ea22bfa6dc,2332c3df-4e73-4fef-8937-582b2af3f71a,37e4e022-7de7-4916-97e7-b094138f1196,4dc6b2f5-e2e4-455a-84d4-1c42d09896dc,6709e76d-751e-4e25-bdca-b8235202ea32,84dc0038-dd1e-4a75-982c-56edde2b695e,97667a27-3ff1-45d8-8612-f3bef52610b6,a1fc6186-159d-4bca-81bc-ad3593decdb8,bd6cfcba-edf0-4b05-8017-66598fced454,d01cec12-7a37-4589-9076-71419dbad65e,d4706992-57ae-4efc-8100-86611363276a,d96bea47-a199-4419-95fb-ec1606827b45","","","",f,"",c47f3399-05a0-4073-8685-89972808f783,c47f3399-05a0-4073-8685-89972808f783,,2026-01-08 06:44:08.704895,2026-01-08 06:44:08.704895,distribution_media_history,hg_stock,distribution_media_history_20260822_080123,2026-08-22 08:01:40.05814
3885226a-a9b1-4640-b3c2-baf0a714dfc7,de5b0ca7-4445-4fba-8221-64405bf998d8,t,f,1,7,"","","15b9cfe7-85ee-4d5c-910a-8dd18e3c08a8,211db165-a4e5-46fa-ae35-b3ce4970f396,270551e0-15db-4b4a-8bed-b0a9a3a44dff,469f562c-a07c-4e5e-9294-ca2b7f3e96c5,4b130012-bca4-48d9-b677-a3bbac756669,5026b271-3ca4-475e-b42b-ecaef67294c8,52cea1c3-a193-411f-adb4-a6fbffe220eb,629885eb-65c4-4921-a300-3c618c8961e3,7657821d-0928-4099-92a1-2146097c66b0,7ad7d9b9-4600-4db5-a3a8-e7c243499008,ba826125-ec02-4f09-b0d4-9e4aeeb11c0a,db869e71-ba93-441b-a264-32c62f017853,df42ed2a-f2da-49a1-a4ea-36e358b59bee,fcdd5322-049e-4b50-aecf-593d36d18b8f","","",f,,,,,2025-05-05 08:40:11.017779,2025-05-05 08:40:11.017779,distribution_media_history,hg_stock,distribution_media_history_20260822_080123,2026-08-22 08:01:40.05814
388524cd-6222-41e9-be3e-03dd0959abd2,88ca9500-5fa2-4639-90fe-1684d54eccc5,t,f,1,7,"","","0b5fd67b-6dbc-468f-9fd9-871c24314e4c,211db165-a4e5-46fa-ae35-b3ce4970f396,4b130012-bca4-48d9-b677-a3bbac756669,52cea1c3-a193-411f-adb4-a6fbffe220eb,7657821d-0928-4099-92a1-2146097c66b0,db869e71-ba93-441b-a264-32c62f017853","","",f,,25e2a43a-9a51-4a2c-8785-5a554e78d972,25e2a43a-9a51-4a2c-8785-5a554e78d972,,2025-05-05 08:38:38.49808,2025-05-05 08:38:38.49808,distribution_media_history,hg_stock,distribution_media_history_20260822_080123,2026-08-22 08:01:40.05814
38852b71-5339-4aba-beb2-7283c01430d0,badc6fdb-dfaf-4a12-a82d-0bb5928a68d7,f,t,1,7,"",1b21dc70-c6bc-448a-8935-0d35ce0ecdbd,"","","",f,,97ee41e4-8f90-4991-8d67-df26d970bf62,97ee41e4-8f90-4991-8d67-df26d970bf62,,2025-05-08 04:39:06.496587,2025-05-08 04:39:06.496587,distribution_media_history,hg_stock,distribution_media_history_20260822_080123,2026-08-22 08:01:40.05814
38852c72-c79f-4cc4-9cc5-82f648313c1e,48c96fbc-0a1e-4234-a8ae-fa8647d5be84,f,f,1,7,"","",bdd9d4f3-6a59-4a34-8087-8b6c644ced64,"","",f,"",229dc6f0-0c2f-42cc-8d32-7c3397e96194,229dc6f0-0c2f-42cc-8d32-7c3397e96194,,2025-10-30 03:07:14.536223,2025-10-30 03:07:14.536223,distribution_media_history,hg_stock,distribution_media_history_20260822_080123,2026-08-22 08:01:40.05814
38853722-55ac-4354-aeaa-cd6c039e152e,608dfaa5-2d05-4895-a269-7674bc50d267,f,f,1,45,"","",bdd9d4f3-6a59-4a34-8087-8b6c644ced64,"","",f,"",229dc6f0-0c2f-42cc-8d32-7c3397e96194,229dc6f0-0c2f-42cc-8d32-7c3397e96194,,2025-11-07 03:32:33.010414,2025-11-07 03:32:33.010414,distribution_media_history,hg_stock,distribution_media_history_20260822_080123,2026-08-22 08:01:40.05814
388537cc-63f3-4913-a22d-7b6a77f7eeb8,b469959f-1090-4a74-8b23-4200fd282158,f,f,1,90,"","","","","",t,"1190b645-1f41-44cb-8680-5726382adcc2,810a971a-8ddc-4ef0-9f85-d8eba152507c",358dceb1-c1b0-46b9-a24f-c1b6a7fdb2dd,358dceb1-c1b0-46b9-a24f-c1b6a7fdb2dd,,2026-03-11 04:33:14.687235,2026-03-11 04:33:14.687235,distribution_media_history,hg_stock,distribution_media_history_20260822_080123,2026-08-22 08:01:40.05814
38853854-4c17-418a-9b36-aef1c7d45800,7ed5efcb-61c1-4efa-8bdc-1e51489024cf,f,t,1,-1,ae0b1e4f-25ee-477b-9b8f-d8e66f1c1b95,"","","4efc1c79-f044-4ae8-989f-e08f290b0735,fb606cb5-26e8-43c4-8d13-a07f07bba568","",f,"",229dc6f0-0c2f-42cc-8d32-7c3397e96194,229dc6f0-0c2f-42cc-8d32-7c3397e96194,,2026-04-21 03:38:47.009812,2026-04-21 03:38:47.009812,distribution_media_history,hg_stock,distribution_media_history_20260822_080123,2026-08-22 08:01:40.05814
38853a5d-1221-40e6-b178-071eab927e5d,a8ab3060-f359-4a09-b050-a9fb3ba8115b,t,f,0,7,"","","","","189d5957-a376-4804-9ac9-d3ac913f29b2,ed44140b-5cc4-4d47-8ad1-afdb356aa44b,3ee41b7a-96b5-4ab9-901b-3e0866188b6d,feb6927d-ee9b-40fc-8897-54a2bef67493,04cee13a-69b0-41f1-b39c-889f9bd82938,396221b9-cdc5-45b2-a79f-2d6de550fda9,7ffdacef-5d02-4aa8-b3d3-84c85d823164,f475b91f-4997-46e8-9c30-f89c24d0a3bf,988558f8-ab30-4768-aed0-ddcc6cb6b630,36298fa0-1ce7-4bae-8c41-db0a98d0341a,b5793a82-9df0-404c-b478-a81c03ae4e6c,f335762b-0da1-428e-87a0-bec2dfa6b557,eee97771-c2ef-426b-8c92-fde92d29fa00,7f65daf7-a4b7-4c1d-9b27-95a3e2321af0,59113c8d-b24b-43e2-96f3-1eb18e9020bc,ed0b4e25-e812-41ba-b50b-6963218c597f,84a48d11-c91a-4704-984d-487c05e520f8,aa6908d1-4b4a-4472-8767-934000773385,489f9411-5f7e-4301-814a-60567e4e3e30,3084841c-a70b-40d9-9edb-7aa498a50dc1,bd408cb0-2cde-4b1a-b556-8da94c325e1c,82ce273c-9538-45d9-bc55-81d4406d2896,de206049-f16b-4735-bac3-6af89517d5f6,404f9125-d4c4-4da9-ad88-f829bb17ba62,a45aa42c-5285-4ac5-8fe7-a51fbd5e1447,8664aefc-082d-45bf-997c-d7924cdc450f,afe4ba65-c5e3-4bbb-9e23-6ccb370dc871,83546f70-3b79-4803-a00d-d4d620662403,66cd6c10-7895-4502-937a-583c0d9ab692,980be853-40ae-403e-9dfb-e5a0644a55da,8b53e647-7506-4329-8541-838a25dc90b3,22c49afc-02e4-47e8-a4ab-9f0c0546ea68,17f48f51-7f38-41b0-a897-21f240726378,d369fc61-1571-40e8-961b-70044ea493c5,6fccedd4-9c2a-4b13-a908-32363d8ab09d,fa2d090f-99ed-4048-bc02-56e323844e79,c6f97750-2e14-4bb0-8d48-6d7b75af9afb,cbc183a5-8bbf-4ef0-988c-7b542efb0f71,e07abf1a-e63a-4a79-8ed5-11dbd5b7268c,f601dbeb-2cae-4c86-9924-ce54abb0c3fb,e08f3c2d-0236-4fd0-8b86-d978d047ef93,c0cc4ed9-8760-4184-b93c-e698dfb46246",f,,3a9ff8c5-8923-4d19-a09e-2c8d79cc7c6f,3a9ff8c5-8923-4d19-a09e-2c8d79cc7c6f,,2025-06-17 04:56:53.611579,2025-06-17 04:56:53.611579,distribution_media_history,hg_stock,distribution_media_history_20260822_080123,2026-08-22 08:01:40.05814
38853ab8-e8be-4294-8b41-93d844dbe73c,14224a70-ccdb-4b50-a971-6258704507c8,f,f,1,90,"","","","","",t,"1190b645-1f41-44cb-8680-5726382adcc2,de337a89-766b-4121-bf74-03703fbc9236",358dceb1-c1b0-46b9-a24f-c1b6a7fdb2dd,358dceb1-c1b0-46b9-a24f-c1b6a7fdb2dd,,2026-03-18 15:06:34.692713,2026-03-18 15:06:34.692713,distribution_media_history,hg_stock,distribution_media_history_20260822_080123,2026-08-22 08:01:40.05814
388555df-f927-4f26-ad88-6d13bfab244b,5cddaaee-6467-4438-8f4e-7477a82ad1cb,t,t,1,7,"","",0cffc79b-1bd0-4f1d-a3a6-5d681ef29479,"","",f,,115829f6-e312-4bd8-b758-d6deced8dc94,115829f6-e312-4bd8-b758-d6deced8dc94,,2025-06-02 08:07:35.310125,2025-06-02 08:07:35.310125,distribution_media_history,hg_stock,distribution_media_history_20260822_080123,2026-08-22 08:01:40.05814
388558ce-07a6-48f6-aedd-605d129378de,9ecb9a60-bd21-4891-a070-fd020a818453,t,t,1,7,"","","","","04cee13a-69b0-41f1-b39c-889f9bd82938,17f48f51-7f38-41b0-a897-21f240726378,189d5957-a376-4804-9ac9-d3ac913f29b2,22c49afc-02e4-47e8-a4ab-9f0c0546ea68,3084841c-a70b-40d9-9edb-7aa498a50dc1,36298fa0-1ce7-4bae-8c41-db0a98d0341a,396221b9-cdc5-45b2-a79f-2d6de550fda9,3ee41b7a-96b5-4ab9-901b-3e0866188b6d,404f9125-d4c4-4da9-ad88-f829bb17ba62,489f9411-5f7e-4301-814a-60567e4e3e30,59113c8d-b24b-43e2-96f3-1eb18e9020bc,66cd6c10-7895-4502-937a-583c0d9ab692,6fccedd4-9c2a-4b13-a908-32363d8ab09d,7f65daf7-a4b7-4c1d-9b27-95a3e2321af0,7ffdacef-5d02-4aa8-b3d3-84c85d823164,82ce273c-9538-45d9-bc55-81d4406d2896,83546f70-3b79-4803-a00d-d4d620662403,84a48d11-c91a-4704-984d-487c05e520f8,8664aefc-082d-45bf-997c-d7924cdc450f,8b53e647-7506-4329-8541-838a25dc90b3,980be853-40ae-403e-9dfb-e5a0644a55da,988558f8-ab30-4768-aed0-ddcc6cb6b630,a45aa42c-5285-4ac5-8fe7-a51fbd5e1447,aa6908d1-4b4a-4472-8767-934000773385,afe4ba65-c5e3-4bbb-9e23-6ccb370dc871,b5793a82-9df0-404c-b478-a81c03ae4e6c,bd408cb0-2cde-4b1a-b556-8da94c325e1c,c0cc4ed9-8760-4184-b93c-e698dfb46246,c6f97750-2e14-4bb0-8d48-6d7b75af9afb,cbc183a5-8bbf-4ef0-988c-7b542efb0f71,d369fc61-1571-40e8-961b-70044ea493c5,de206049-f16b-4735-bac3-6af89517d5f6,e07abf1a-e63a-4a79-8ed5-11dbd5b7268c,e08f3c2d-0236-4fd0-8b86-d978d047ef93,e5a984fb-9511-483f-9ca8-2624f19dffac,ed0b4e25-e812-41ba-b50b-6963218c597f,ed44140b-5cc4-4d47-8ad1-afdb356aa44b,eee97771-c2ef-426b-8c92-fde92d29fa00,f335762b-0da1-428e-87a0-bec2dfa6b557,f475b91f-4997-46e8-9c30-f89c24d0a3bf,f601dbeb-2cae-4c86-9924-ce54abb0c3fb,fa2d090f-99ed-4048-bc02-56e323844e79,fad1e7bc-99f8-4821-beff-abd4694d5006,fd42dc28-9ff0-4379-8e65-fbca6f35de60,feb6927d-ee9b-40fc-8897-54a2bef67493",f,,3a9ff8c5-8923-4d19-a09e-2c8d79cc7c6f,3a9ff8c5-8923-4d19-a09e-2c8d79cc7c6f,,2025-06-26 01:54:23.024483,2025-06-26 01:54:23.024483,distribution_media_history,hg_stock,distribution_media_history_20260822_080123,2026-08-22 08:01:40.05814
3885596e-fe50-40a3-a6d5-3997145a755e,6110965a-15c6-4d48-8922-cbad8bd35df4,t,f,1,30,"","","","","",f,1cdbc000-1c24-485c-8e71-fb91a4d5fcb6,3a9ff8c5-8923-4d19-a09e-2c8d79cc7c6f,3a9ff8c5-8923-4d19-a09e-2c8d79cc7c6f,,2025-10-28 03:11:12.173907,2025-10-28 03:11:12.173907,distribution_media_history,hg_stock,distribution_media_history_20260822_080123,2026-08-22 08:01:40.05814
388580ab-2f37-40ca-9e1a-51bb23b8c5cf,b2ce36e1-98dc-4fc4-a48a-f6e40c9314cf,f,f,1,7,"","15a388ca-8aa3-4f14-9de2-034f33f60959,1b21dc70-c6bc-448a-8935-0d35ce0ecdbd,a1fc6186-159d-4bca-81bc-ad3593decdb8,ea8c12ce-acd6-4556-8bb2-1d76aab6c7e9","","","",f,,a61e2437-628b-43e7-a32c-f948290dbba9,a61e2437-628b-43e7-a32c-f948290dbba9,,2025-07-17 05:01:52.739198,2025-07-17 05:01:52.739198,distribution_media_history,hg_stock,distribution_media_history_20260822_080123,2026-08-22 08:01:40.05814
38859031-0f3d-4bc3-b06c-559e233fa926,5ac918c4-7fd8-4161-a1b2-b77edc863316,f,f,1,0,"","","","","",f,1190b645-1f41-44cb-8680-5726382adcc2,358dceb1-c1b0-46b9-a24f-c1b6a7fdb2dd,358dceb1-c1b0-46b9-a24f-c1b6a7fdb2dd,,2026-03-03 08:32:54.462161,2026-03-03 08:32:54.462161,distribution_media_history,hg_stock,distribution_media_history_20260822_080123,2026-08-22 08:01:40.05814
3885c583-2e02-4511-b824-b6746adffaa5,2ee65e5b-b9ea-49fe-8d40-444c9ba66812,t,f,1,7,"","","","","",f,1cdbc000-1c24-485c-8e71-fb91a4d5fcb6,3a9ff8c5-8923-4d19-a09e-2c8d79cc7c6f,3a9ff8c5-8923-4d19-a09e-2c8d79cc7c6f,,2025-12-27 08:23:54.224789,2025-12-27 08:23:54.224789,distribution_media_history,hg_stock,distribution_media_history_20260822_080123,2026-08-22 08:01:40.05814
3885d51e-8414-4078-ad0c-75b190615044,12c5894e-3669-4b52-89aa-9ac2d25c60a5,f,f,1,45,"","",bdd9d4f3-6a59-4a34-8087-8b6c644ced64,"","",f,"",229dc6f0-0c2f-42cc-8d32-7c3397e96194,229dc6f0-0c2f-42cc-8d32-7c3397e96194,,2026-01-27 09:22:41.992237,2026-01-27 09:22:41.992237,distribution_media_history,hg_stock,distribution_media_history_20260822_080123,2026-08-22 08:01:40.05814
38859325-4444-4e00-b874-e41e79be7cde,0ef5a7b2-cf20-44a9-8c88-23d8895e3e92,t,f,1,7,"","","","","04cee13a-69b0-41f1-b39c-889f9bd82938,17f48f51-7f38-41b0-a897-21f240726378,189d5957-a376-4804-9ac9-d3ac913f29b2,22c49afc-02e4-47e8-a4ab-9f0c0546ea68,3084841c-a70b-40d9-9edb-7aa498a50dc1,36298fa0-1ce7-4bae-8c41-db0a98d0341a,396221b9-cdc5-45b2-a79f-2d6de550fda9,3ee41b7a-96b5-4ab9-901b-3e0866188b6d,404f9125-d4c4-4da9-ad88-f829bb17ba62,489f9411-5f7e-4301-814a-60567e4e3e30,59113c8d-b24b-43e2-96f3-1eb18e9020bc,66cd6c10-7895-4502-937a-583c0d9ab692,6fccedd4-9c2a-4b13-a908-32363d8ab09d,7f65daf7-a4b7-4c1d-9b27-95a3e2321af0,7ffdacef-5d02-4aa8-b3d3-84c85d823164,82ce273c-9538-45d9-bc55-81d4406d2896,83546f70-3b79-4803-a00d-d4d620662403,84a48d11-c91a-4704-984d-487c05e520f8,8664aefc-082d-45bf-997c-d7924cdc450f,8b53e647-7506-4329-8541-838a25dc90b3,96fdf1dd-c29d-48c0-9942-b89777d4f662,980be853-40ae-403e-9dfb-e5a0644a55da,988558f8-ab30-4768-aed0-ddcc6cb6b630,a45aa42c-5285-4ac5-8fe7-a51fbd5e1447,aa6908d1-4b4a-4472-8767-934000773385,afe4ba65-c5e3-4bbb-9e23-6ccb370dc871,b5793a82-9df0-404c-b478-a81c03ae4e6c,bd408cb0-2cde-4b1a-b556-8da94c325e1c,c0cc4ed9-8760-4184-b93c-e698dfb46246,c6f97750-2e14-4bb0-8d48-6d7b75af9afb,cbc183a5-8bbf-4ef0-988c-7b542efb0f71,d369fc61-1571-40e8-961b-70044ea493c5,de206049-f16b-4735-bac3-6af89517d5f6,e07abf1a-e63a-4a79-8ed5-11dbd5b7268c,e08f3c2d-0236-4fd0-8b86-d978d047ef93,e5a984fb-9511-483f-9ca8-2624f19dffac,ed0b4e25-e812-41ba-b50b-6963218c597f,ed44140b-5cc4-4d47-8ad1-afdb356aa44b,eee97771-c2ef-426b-8c92-fde92d29fa00,f335762b-0da1-428e-87a0-bec2dfa6b557,f475b91f-4997-46e8-9c30-f89c24d0a3bf,f601dbeb-2cae-4c86-9924-ce54abb0c3fb,fa2d090f-99ed-4048-bc02-56e323844e79,fad1e7bc-99f8-4821-beff-abd4694d5006,fd42dc28-9ff0-4379-8e65-fbca6f35de60,feb6927d-ee9b-40fc-8897-54a2bef67493",f,,3a9ff8c5-8923-4d19-a09e-2c8d79cc7c6f,3a9ff8c5-8923-4d19-a09e-2c8d79cc7c6f,,2025-07-14 08:43:26.24283,2025-07-14 08:43:26.24283,distribution_media_history,hg_stock,distribution_media_history_20260822_080123,2026-08-22 08:01:40.05814
388596b0-f8f8-4098-94f3-5a5ff398a21e,32c2d697-e9ca-4286-bca3-f3a0ff479a5d,f,f,1,90,"","","","","",f,1190b645-1f41-44cb-8680-5726382adcc2,358dceb1-c1b0-46b9-a24f-c1b6a7fdb2dd,358dceb1-c1b0-46b9-a24f-c1b6a7fdb2dd,,2026-03-04 05:07:08.83546,2026-03-04 05:07:08.83546,distribution_media_history,hg_stock,distribution_media_history_20260822_080123,2026-08-22 08:01:40.05814
3885b02a-4781-4577-824c-9c9c2c830089,35cceef5-16fc-443c-8dd3-52fcdc2abe52,f,f,1,7,"","","48a1af96-5a7d-40d9-8ebe-4e3655f14e4b,64362801-3c17-4e99-b10a-bc7a8dc10c14,854cae12-c88d-4bb4-85cf-4ed044d8e963,be3902b4-f926-4850-ba31-f18b178b9d39,f30dad8c-85eb-43c2-a375-5d3fe9ff31ce,f5a4dab5-df91-4776-9a1f-1c2e1ed7ce8b","","",f,,,,,2025-05-05 08:36:50.728337,2025-05-05 08:36:50.728337,distribution_media_history,hg_stock,distribution_media_history_20260822_080123,2026-08-22 08:01:40.05814
3885b5d8-c151-4146-8eee-80c1dbfd5830,960c0d89-a9fb-4481-bd14-91b647c3a116,f,f,1,7,"","","48a1af96-5a7d-40d9-8ebe-4e3655f14e4b,f5a4dab5-df91-4776-9a1f-1c2e1ed7ce8b","","",f,,,,,2025-05-05 08:39:01.529137,2025-05-05 08:39:01.529137,distribution_media_history,hg_stock,distribution_media_history_20260822_080123,2026-08-22 08:01:40.05814
3885c0cb-03b9-4eb9-9374-1af9f6d80118,4a15b693-65da-4e54-99ca-8311a38367fa,t,f,1,7,"","","15b9cfe7-85ee-4d5c-910a-8dd18e3c08a8,211db165-a4e5-46fa-ae35-b3ce4970f396,270551e0-15db-4b4a-8bed-b0a9a3a44dff,4b130012-bca4-48d9-b677-a3bbac756669,5026b271-3ca4-475e-b42b-ecaef67294c8,52cea1c3-a193-411f-adb4-a6fbffe220eb,629885eb-65c4-4921-a300-3c618c8961e3,7657821d-0928-4099-92a1-2146097c66b0,7ad7d9b9-4600-4db5-a3a8-e7c243499008,ba826125-ec02-4f09-b0d4-9e4aeeb11c0a,db869e71-ba93-441b-a264-32c62f017853,df42ed2a-f2da-49a1-a4ea-36e358b59bee,fcdd5322-049e-4b50-aecf-593d36d18b8f","","",f,,8a0ee7e0-1ec4-440b-8f0a-4950c2b3caec,8a0ee7e0-1ec4-440b-8f0a-4950c2b3caec,,2025-05-05 08:37:09.09244,2025-05-05 08:37:09.09244,distribution_media_history,hg_stock,distribution_media_history_20260822_080123,2026-08-22 08:01:40.05814
3887babb-f6b8-4b0f-9dfc-f3ed99154f80,52b80a23-a80d-4f60-b01e-d24e4d3e3487,f,f,1,90,"","","","","",t,"1190b645-1f41-44cb-8680-5726382adcc2,810a971a-8ddc-4ef0-9f85-d8eba152507c",358dceb1-c1b0-46b9-a24f-c1b6a7fdb2dd,358dceb1-c1b0-46b9-a24f-c1b6a7fdb2dd,,2026-03-11 04:33:04.978357,2026-03-11 04:33:04.978357,distribution_media_history,hg_stock,distribution_media_history_20260822_080123,2026-08-22 08:01:40.05814
3887bae9-c7db-4df8-bada-3bd281ffa3e8,bb952f76-69bb-4814-a248-b6f929b835f0,f,f,1,90,"","","","","",t,"1190b645-1f41-44cb-8680-5726382adcc2,de337a89-766b-4121-bf74-03703fbc9236",358dceb1-c1b0-46b9-a24f-c1b6a7fdb2dd,358dceb1-c1b0-46b9-a24f-c1b6a7fdb2dd,,2026-03-18 15:05:39.969326,2026-03-18 15:05:39.969326,distribution_media_history,hg_stock,distribution_media_history_20260822_080123,2026-08-22 08:01:40.05814
3887bb5f-b09c-479c-a2d1-b12271a5acd3,b651b339-6a3b-4d3d-b8bd-a0ce04359b4c,f,f,1,7,"","",48a1af96-5a7d-40d9-8ebe-4e3655f14e4b,"","",f,,bfc6aabe-cbcf-4328-ab61-0a23886cc0fe,bfc6aabe-cbcf-4328-ab61-0a23886cc0fe,,2025-05-05 08:39:29.187757,2025-05-05 08:39:29.187757,distribution_media_history,hg_stock,distribution_media_history_20260822_080123,2026-08-22 08:01:40.05814
3887c337-0512-490c-910b-ba550c2f2dfa,3e8e4ff6-4015-4e18-9c24-99337240d854,f,f,1,7,"","","4b130012-bca4-48d9-b677-a3bbac756669,52cea1c3-a193-411f-adb4-a6fbffe220eb,7b56a13f-aff1-4987-89fa-3df97114f8a6","","",f,"",9a1fc915-e747-4aa4-a786-19c67cd5ea2e,9a1fc915-e747-4aa4-a786-19c67cd5ea2e,,2026-01-28 10:25:19.498347,2026-01-28 10:25:19.498347,distribution_media_history,hg_stock,distribution_media_history_20260822_080123,2026-08-22 08:01:40.05814
3887c977-aa57-44f4-b2b9-0c64d7291db5,bdbd41f2-dc55-4b03-b158-5f33977ea971,f,f,1,90,"","","",87126131-51a3-46a3-b4ac-2ec2cce25711,"",f,"",229dc6f0-0c2f-42cc-8d32-7c3397e96194,229dc6f0-0c2f-42cc-8d32-7c3397e96194,,2026-04-20 04:53:41.386258,2026-04-20 04:53:41.386258,distribution_media_history,hg_stock,distribution_media_history_20260822_080123,2026-08-22 08:01:40.05814
3885c43f-f8e3-47ab-a225-d4190b389e6b,dff6b268-cb25-49cb-97df-d6d80aeb1dee,t,t,1,7,"","","","","04cee13a-69b0-41f1-b39c-889f9bd82938,17f48f51-7f38-41b0-a897-21f240726378,189d5957-a376-4804-9ac9-d3ac913f29b2,22c49afc-02e4-47e8-a4ab-9f0c0546ea68,3084841c-a70b-40d9-9edb-7aa498a50dc1,36298fa0-1ce7-4bae-8c41-db0a98d0341a,396221b9-cdc5-45b2-a79f-2d6de550fda9,3ee41b7a-96b5-4ab9-901b-3e0866188b6d,404f9125-d4c4-4da9-ad88-f829bb17ba62,489f9411-5f7e-4301-814a-60567e4e3e30,59113c8d-b24b-43e2-96f3-1eb18e9020bc,66cd6c10-7895-4502-937a-583c0d9ab692,6fccedd4-9c2a-4b13-a908-32363d8ab09d,7f65daf7-a4b7-4c1d-9b27-95a3e2321af0,7ffdacef-5d02-4aa8-b3d3-84c85d823164,82ce273c-9538-45d9-bc55-81d4406d2896,83546f70-3b79-4803-a00d-d4d620662403,84a48d11-c91a-4704-984d-487c05e520f8,8664aefc-082d-45bf-997c-d7924cdc450f,8b53e647-7506-4329-8541-838a25dc90b3,980be853-40ae-403e-9dfb-e5a0644a55da,988558f8-ab30-4768-aed0-ddcc6cb6b630,a45aa42c-5285-4ac5-8fe7-a51fbd5e1447,aa6908d1-4b4a-4472-8767-934000773385,afe4ba65-c5e3-4bbb-9e23-6ccb370dc871,b5793a82-9df0-404c-b478-a81c03ae4e6c,bd408cb0-2cde-4b1a-b556-8da94c325e1c,c0cc4ed9-8760-4184-b93c-e698dfb46246,c6f97750-2e14-4bb0-8d48-6d7b75af9afb,cbc183a5-8bbf-4ef0-988c-7b542efb0f71,d369fc61-1571-40e8-961b-70044ea493c5,de206049-f16b-4735-bac3-6af89517d5f6,e07abf1a-e63a-4a79-8ed5-11dbd5b7268c,e08f3c2d-0236-4fd0-8b86-d978d047ef93,e5a984fb-9511-483f-9ca8-2624f19dffac,ed0b4e25-e812-41ba-b50b-6963218c597f,ed44140b-5cc4-4d47-8ad1-afdb356aa44b,eee97771-c2ef-426b-8c92-fde92d29fa00,f335762b-0da1-428e-87a0-bec2dfa6b557,f475b91f-4997-46e8-9c30-f89c24d0a3bf,f601dbeb-2cae-4c86-9924-ce54abb0c3fb,fa2d090f-99ed-4048-bc02-56e323844e79,fad1e7bc-99f8-4821-beff-abd4694d5006,fd42dc28-9ff0-4379-8e65-fbca6f35de60,feb6927d-ee9b-40fc-8897-54a2bef67493",f,,3a9ff8c5-8923-4d19-a09e-2c8d79cc7c6f,3a9ff8c5-8923-4d19-a09e-2c8d79cc7c6f,,2025-06-26 01:54:23.021933,2025-06-26 01:54:23.021933,distribution_media_history,hg_stock,distribution_media_history_20260822_080123,2026-08-22 08:01:40.05814
3885da8a-3c9f-4e89-8513-1556c3058b3d,15900ad3-260e-4cad-9243-dfaa31b0ab6b,t,f,1,7,"","","","","",f,1cdbc000-1c24-485c-8e71-fb91a4d5fcb6,3a9ff8c5-8923-4d19-a09e-2c8d79cc7c6f,3a9ff8c5-8923-4d19-a09e-2c8d79cc7c6f,,2025-12-27 08:23:54.225437,2025-12-27 08:23:54.225437,distribution_media_history,hg_stock,distribution_media_history_20260822_080123,2026-08-22 08:01:40.05814
3885e466-8cc8-4741-b374-89c9af057a79,604800b5-29f1-4107-8677-0b897b0575d3,f,f,1,7,"","","48a1af96-5a7d-40d9-8ebe-4e3655f14e4b,7a389018-94d3-443d-9646-ed7b63117169,854cae12-c88d-4bb4-85cf-4ed044d8e963,f30dad8c-85eb-43c2-a375-5d3fe9ff31ce,f5a4dab5-df91-4776-9a1f-1c2e1ed7ce8b","","",f,,,,,2025-05-05 08:37:27.485713,2025-05-05 08:37:27.485713,distribution_media_history,hg_stock,distribution_media_history_20260822_080123,2026-08-22 08:01:40.05814
3885f1e8-2dba-4c58-9039-aca480359b3a,75955a59-2a67-482f-b237-b8dd18ccb313,f,f,1,7,"","d4706992-57ae-4efc-8100-86611363276a,d7963566-500a-402e-8180-762ffa9f348c,08ff8bf8-5bbe-4975-a42e-12774c1d1c18,4e3eac7c-e6d8-4e10-b8b5-b66bcc744495","",af13f5cc-6b51-4949-ad6c-1786c27eaa3d,"",f,,08ff8bf8-5bbe-4975-a42e-12774c1d1c18,08ff8bf8-5bbe-4975-a42e-12774c1d1c18,,2025-06-13 08:50:10.408025,2025-06-13 08:50:10.408025,distribution_media_history,hg_stock,distribution_media_history_20260822_080123,2026-08-22 08:01:40.05814
3885f4ca-8e39-4f64-ba1b-b28940ce3fcb,250b4688-377b-4823-b1a5-fa3abacfdb03,t,f,1,-1,"","","","","",f,cc84a821-10b5-43c8-a7ec-2205c10dd989,9a1fc915-e747-4aa4-a786-19c67cd5ea2e,9a1fc915-e747-4aa4-a786-19c67cd5ea2e,,2026-02-12 08:12:26.034584,2026-02-12 08:12:26.034584,distribution_media_history,hg_stock,distribution_media_history_20260822_080123,2026-08-22 08:01:40.05814
38860963-ffc5-4efe-be99-edf505ac09ca,705d2df8-eec7-4433-9a4e-5f92fb3e3824,f,f,1,-1,"","","","","",f,f5746985-942d-4b42-b953-2dcddb6e28fa,c47f3399-05a0-4073-8685-89972808f783,c47f3399-05a0-4073-8685-89972808f783,,2026-04-28 10:32:15.274037,2026-04-28 10:32:15.274037,distribution_media_history,hg_stock,distribution_media_history_20260822_080123,2026-08-22 08:01:40.05814
38860b8c-1069-4f8d-a6a0-a59ae49af7af,dcab4c7a-7885-4e5a-9efc-e192d737cf3b,t,f,1,7,"","","","","04cee13a-69b0-41f1-b39c-889f9bd82938,17f48f51-7f38-41b0-a897-21f240726378,189d5957-a376-4804-9ac9-d3ac913f29b2,22c49afc-02e4-47e8-a4ab-9f0c0546ea68,3084841c-a70b-40d9-9edb-7aa498a50dc1,36298fa0-1ce7-4bae-8c41-db0a98d0341a,396221b9-cdc5-45b2-a79f-2d6de550fda9,3ee41b7a-96b5-4ab9-901b-3e0866188b6d,404f9125-d4c4-4da9-ad88-f829bb17ba62,489f9411-5f7e-4301-814a-60567e4e3e30,59113c8d-b24b-43e2-96f3-1eb18e9020bc,66cd6c10-7895-4502-937a-583c0d9ab692,6fccedd4-9c2a-4b13-a908-32363d8ab09d,7f65daf7-a4b7-4c1d-9b27-95a3e2321af0,7ffdacef-5d02-4aa8-b3d3-84c85d823164,82ce273c-9538-45d9-bc55-81d4406d2896,83546f70-3b79-4803-a00d-d4d620662403,84a48d11-c91a-4704-984d-487c05e520f8,8664aefc-082d-45bf-997c-d7924cdc450f,8b53e647-7506-4329-8541-838a25dc90b3,980be853-40ae-403e-9dfb-e5a0644a55da,988558f8-ab30-4768-aed0-ddcc6cb6b630,a45aa42c-5285-4ac5-8fe7-a51fbd5e1447,aa6908d1-4b4a-4472-8767-934000773385,afe4ba65-c5e3-4bbb-9e23-6ccb370dc871,b5793a82-9df0-404c-b478-a81c03ae4e6c,bd408cb0-2cde-4b1a-b556-8da94c325e1c,c0cc4ed9-8760-4184-b93c-e698dfb46246,c6f97750-2e14-4bb0-8d48-6d7b75af9afb,cbc183a5-8bbf-4ef0-988c-7b542efb0f71,d369fc61-1571-40e8-961b-70044ea493c5,de206049-f16b-4735-bac3-6af89517d5f6,e07abf1a-e63a-4a79-8ed5-11dbd5b7268c,e08f3c2d-0236-4fd0-8b86-d978d047ef93,e5a984fb-9511-483f-9ca8-2624f19dffac,ed0b4e25-e812-41ba-b50b-6963218c597f,ed44140b-5cc4-4d47-8ad1-afdb356aa44b,eee97771-c2ef-426b-8c92-fde92d29fa00,f335762b-0da1-428e-87a0-bec2dfa6b557,f475b91f-4997-46e8-9c30-f89c24d0a3bf,f601dbeb-2cae-4c86-9924-ce54abb0c3fb,fa2d090f-99ed-4048-bc02-56e323844e79,fad1e7bc-99f8-4821-beff-abd4694d5006,fd42dc28-9ff0-4379-8e65-fbca6f35de60,feb6927d-ee9b-40fc-8897-54a2bef67493",f,,3a9ff8c5-8923-4d19-a09e-2c8d79cc7c6f,3a9ff8c5-8923-4d19-a09e-2c8d79cc7c6f,,2025-06-28 07:48:00.244475,2025-06-28 07:48:00.244475,distribution_media_history,hg_stock,distribution_media_history_20260822_080123,2026-08-22 08:01:40.05814
3886365a-1cc2-4792-8aa2-2fa079f733a5,7df4cef9-b2b3-4d4e-874d-1ef87c7637aa,f,f,1,7,"","",bdd9d4f3-6a59-4a34-8087-8b6c644ced64,"","",f,"",229dc6f0-0c2f-42cc-8d32-7c3397e96194,229dc6f0-0c2f-42cc-8d32-7c3397e96194,,2026-01-27 09:21:30.718832,2026-01-27 09:21:30.718832,distribution_media_history,hg_stock,distribution_media_history_20260822_080123,2026-08-22 08:01:40.05814
38866992-ff6d-4814-87f7-c7b453352c5b,ff3d1a24-e46b-4630-abc9-603460ed1686,t,f,1,7,"","","","","",f,1cdbc000-1c24-485c-8e71-fb91a4d5fcb6,3a9ff8c5-8923-4d19-a09e-2c8d79cc7c6f,3a9ff8c5-8923-4d19-a09e-2c8d79cc7c6f,,2025-10-13 07:56:19.390176,2025-10-13 07:56:19.390176,distribution_media_history,hg_stock,distribution_media_history_20260822_080123,2026-08-22 08:01:40.05814
388669ee-39fa-4c3b-85be-c35eaee17678,6a095041-c87e-4f61-80a4-591780761b20,t,f,1,7,"","","15b9cfe7-85ee-4d5c-910a-8dd18e3c08a8,211db165-a4e5-46fa-ae35-b3ce4970f396,270551e0-15db-4b4a-8bed-b0a9a3a44dff,469f562c-a07c-4e5e-9294-ca2b7f3e96c5,4b130012-bca4-48d9-b677-a3bbac756669,5026b271-3ca4-475e-b42b-ecaef67294c8,52cea1c3-a193-411f-adb4-a6fbffe220eb,629885eb-65c4-4921-a300-3c618c8961e3,7657821d-0928-4099-92a1-2146097c66b0,7ad7d9b9-4600-4db5-a3a8-e7c243499008,ba826125-ec02-4f09-b0d4-9e4aeeb11c0a,db869e71-ba93-441b-a264-32c62f017853,df42ed2a-f2da-49a1-a4ea-36e358b59bee,fcdd5322-049e-4b50-aecf-593d36d18b8f","","",f,,81822c2b-f027-46a0-bb46-a140cba49a5c,81822c2b-f027-46a0-bb46-a140cba49a5c,,2025-05-05 08:37:53.119605,2025-05-05 08:37:53.119605,distribution_media_history,hg_stock,distribution_media_history_20260822_080123,2026-08-22 08:01:40.05814
38868994-690c-457c-930f-85ef7744e3fd,1c801dd1-ed4f-46e3-a772-a21145555df8,f,f,1,7,"","",bdd9d4f3-6a59-4a34-8087-8b6c644ced64,"","",f,"",229dc6f0-0c2f-42cc-8d32-7c3397e96194,229dc6f0-0c2f-42cc-8d32-7c3397e96194,,2025-10-30 03:07:14.537487,2025-10-30 03:07:14.537487,distribution_media_history,hg_stock,distribution_media_history_20260822_080123,2026-08-22 08:01:40.05814
3888bc39-513c-411d-9cc4-15db3966ae8b,64ed1493-295c-492b-b0a9-28adf849a6d0,t,t,1,7,"","","","","189d5957-a376-4804-9ac9-d3ac913f29b2,3084841c-a70b-40d9-9edb-7aa498a50dc1,489f9411-5f7e-4301-814a-60567e4e3e30,59113c8d-b24b-43e2-96f3-1eb18e9020bc,84a48d11-c91a-4704-984d-487c05e520f8,aa6908d1-4b4a-4472-8767-934000773385,bd408cb0-2cde-4b1a-b556-8da94c325e1c,e08f3c2d-0236-4fd0-8b86-d978d047ef93,ed0b4e25-e812-41ba-b50b-6963218c597f,ed44140b-5cc4-4d47-8ad1-afdb356aa44b,fad1e7bc-99f8-4821-beff-abd4694d5006",f,,3a9ff8c5-8923-4d19-a09e-2c8d79cc7c6f,3a9ff8c5-8923-4d19-a09e-2c8d79cc7c6f,,2025-06-25 04:49:59.100422,2025-06-25 04:49:59.100422,distribution_media_history,hg_stock,distribution_media_history_20260822_080123,2026-08-22 08:01:40.05814
3888c702-42df-4946-a65b-c9446e007fdc,d3a33b71-c7cd-4408-a3d5-668564e997b3,f,f,1,7,"","","","","",f,3a520802-ca70-4007-b92f-18ba5488f54b,3a9ff8c5-8923-4d19-a09e-2c8d79cc7c6f,3a9ff8c5-8923-4d19-a09e-2c8d79cc7c6f,,2026-02-09 02:19:54.616869,2026-02-09 02:19:54.616869,distribution_media_history,hg_stock,distribution_media_history_20260822_080123,2026-08-22 08:01:40.05814
3888cd1d-5a21-423a-ba98-6de3108488b8,f1522a58-42df-4ed1-bed7-ce1bdb97c1ef,f,f,1,14,"","","","",8b29f090-5983-4283-9558-f715cbdd1788,f,"",dc9096c5-0e59-45cb-b38e-79015bbc0c90,dc9096c5-0e59-45cb-b38e-79015bbc0c90,,2026-01-22 07:45:42.642106,2026-01-22 07:45:42.642106,distribution_media_history,hg_stock,distribution_media_history_20260822_080123,2026-08-22 08:01:40.05814
3888f09d-de73-49c7-a34a-e84d7c4361fa,27563187-be1f-44a5-ad48-063dd1f90dcb,f,t,1,7,"","",31f64d34-2fe4-4f86-bbc3-79906c9d5cc3,"","",f,,97ee41e4-8f90-4991-8d67-df26d970bf62,97ee41e4-8f90-4991-8d67-df26d970bf62,,2025-05-08 04:07:06.288046,2025-05-08 04:07:06.288046,distribution_media_history,hg_stock,distribution_media_history_20260822_080123,2026-08-22 08:01:40.05814
3888f0a9-b213-4e20-92bb-9f631b29a3b9,14705201-fb9c-4aef-92e7-5a1595240c9b,f,f,1,-1,"","","",9081c278-756b-44a5-a89b-192353123ba4,"",f,"",229dc6f0-0c2f-42cc-8d32-7c3397e96194,229dc6f0-0c2f-42cc-8d32-7c3397e96194,,2026-04-20 07:22:37.4914,2026-04-20 07:22:37.4914,distribution_media_history,hg_stock,distribution_media_history_20260822_080123,2026-08-22 08:01:40.05814
3886aa13-8ff6-433d-9426-6c358f5d690a,c461c87e-0df9-4d79-8e7b-a51c25566fec,t,t,1,7,"","","","","04cee13a-69b0-41f1-b39c-889f9bd82938,17f48f51-7f38-41b0-a897-21f240726378,189d5957-a376-4804-9ac9-d3ac913f29b2,22c49afc-02e4-47e8-a4ab-9f0c0546ea68,3084841c-a70b-40d9-9edb-7aa498a50dc1,36298fa0-1ce7-4bae-8c41-db0a98d0341a,396221b9-cdc5-45b2-a79f-2d6de550fda9,3ee41b7a-96b5-4ab9-901b-3e0866188b6d,404f9125-d4c4-4da9-ad88-f829bb17ba62,489f9411-5f7e-4301-814a-60567e4e3e30,59113c8d-b24b-43e2-96f3-1eb18e9020bc,5c1b1d8f-d4a9-4a22-934a-43831e85d1e4,66cd6c10-7895-4502-937a-583c0d9ab692,7f65daf7-a4b7-4c1d-9b27-95a3e2321af0,7ffdacef-5d02-4aa8-b3d3-84c85d823164,83546f70-3b79-4803-a00d-d4d620662403,84a48d11-c91a-4704-984d-487c05e520f8,8664aefc-082d-45bf-997c-d7924cdc450f,8b53e647-7506-4329-8541-838a25dc90b3,988558f8-ab30-4768-aed0-ddcc6cb6b630,9f332297-3b6b-4a98-bcd8-bc8da41105dd,a45aa42c-5285-4ac5-8fe7-a51fbd5e1447,aa6908d1-4b4a-4472-8767-934000773385,b5793a82-9df0-404c-b478-a81c03ae4e6c,b5a513f2-8d65-4512-90c0-7fa3c7311a61,b7f0a1f8-0078-4361-a39c-609cbc0fa09c,bd408cb0-2cde-4b1a-b556-8da94c325e1c,c0cc4ed9-8760-4184-b93c-e698dfb46246,c4b978df-9107-4eb9-a678-e621c83f0e48,c6f97750-2e14-4bb0-8d48-6d7b75af9afb,d369fc61-1571-40e8-961b-70044ea493c5,de206049-f16b-4735-bac3-6af89517d5f6,e08f3c2d-0236-4fd0-8b86-d978d047ef93,ed0b4e25-e812-41ba-b50b-6963218c597f,ed44140b-5cc4-4d47-8ad1-afdb356aa44b,f335762b-0da1-428e-87a0-bec2dfa6b557,f475b91f-4997-46e8-9c30-f89c24d0a3bf,f601dbeb-2cae-4c86-9924-ce54abb0c3fb,fad1e7bc-99f8-4821-beff-abd4694d5006,feb6927d-ee9b-40fc-8897-54a2bef67493",f,"",3a9ff8c5-8923-4d19-a09e-2c8d79cc7c6f,3a9ff8c5-8923-4d19-a09e-2c8d79cc7c6f,,2025-08-09 08:21:01.059019,2025-08-09 08:21:01.059019,distribution_media_history,hg_stock,distribution_media_history_20260822_080123,2026-08-22 08:01:40.05814
3886ae87-3a06-4f72-876d-a0d9a29c3a01,009e73da-d74c-430c-ad0f-44fed1d53dba,t,f,1,7,"","","","","04cee13a-69b0-41f1-b39c-889f9bd82938,17f48f51-7f38-41b0-a897-21f240726378,189d5957-a376-4804-9ac9-d3ac913f29b2,22c49afc-02e4-47e8-a4ab-9f0c0546ea68,3084841c-a70b-40d9-9edb-7aa498a50dc1,36298fa0-1ce7-4bae-8c41-db0a98d0341a,396221b9-cdc5-45b2-a79f-2d6de550fda9,3ee41b7a-96b5-4ab9-901b-3e0866188b6d,404f9125-d4c4-4da9-ad88-f829bb17ba62,489f9411-5f7e-4301-814a-60567e4e3e30,59113c8d-b24b-43e2-96f3-1eb18e9020bc,66cd6c10-7895-4502-937a-583c0d9ab692,6fccedd4-9c2a-4b13-a908-32363d8ab09d,7f65daf7-a4b7-4c1d-9b27-95a3e2321af0,7ffdacef-5d02-4aa8-b3d3-84c85d823164,82ce273c-9538-45d9-bc55-81d4406d2896,83546f70-3b79-4803-a00d-d4d620662403,84a48d11-c91a-4704-984d-487c05e520f8,8664aefc-082d-45bf-997c-d7924cdc450f,8b53e647-7506-4329-8541-838a25dc90b3,96fdf1dd-c29d-48c0-9942-b89777d4f662,980be853-40ae-403e-9dfb-e5a0644a55da,988558f8-ab30-4768-aed0-ddcc6cb6b630,a45aa42c-5285-4ac5-8fe7-a51fbd5e1447,aa6908d1-4b4a-4472-8767-934000773385,afe4ba65-c5e3-4bbb-9e23-6ccb370dc871,b5793a82-9df0-404c-b478-a81c03ae4e6c,bd408cb0-2cde-4b1a-b556-8da94c325e1c,c0cc4ed9-8760-4184-b93c-e698dfb46246,c6f97750-2e14-4bb0-8d48-6d7b75af9afb,cbc183a5-8bbf-4ef0-988c-7b542efb0f71,d369fc61-1571-40e8-961b-70044ea493c5,de206049-f16b-4735-bac3-6af89517d5f6,e07abf1a-e63a-4a79-8ed5-11dbd5b7268c,e08f3c2d-0236-4fd0-8b86-d978d047ef93,e5a984fb-9511-483f-9ca8-2624f19dffac,ed0b4e25-e812-41ba-b50b-6963218c597f,ed44140b-5cc4-4d47-8ad1-afdb356aa44b,eee97771-c2ef-426b-8c92-fde92d29fa00,f335762b-0da1-428e-87a0-bec2dfa6b557,f475b91f-4997-46e8-9c30-f89c24d0a3bf,f601dbeb-2cae-4c86-9924-ce54abb0c3fb,fa2d090f-99ed-4048-bc02-56e323844e79,fad1e7bc-99f8-4821-beff-abd4694d5006,fd42dc28-9ff0-4379-8e65-fbca6f35de60,feb6927d-ee9b-40fc-8897-54a2bef67493",f,,3a9ff8c5-8923-4d19-a09e-2c8d79cc7c6f,3a9ff8c5-8923-4d19-a09e-2c8d79cc7c6f,,2025-07-14 08:43:26.243618,2025-07-14 08:43:26.243618,distribution_media_history,hg_stock,distribution_media_history_20260822_080123,2026-08-22 08:01:40.05814
3886b627-5835-44dd-a9df-977fa39270f1,ce799550-a570-4595-b7bd-dd64aff57909,f,f,1,7,"","",48a1af96-5a7d-40d9-8ebe-4e3655f14e4b,"","",f,,,,,2025-05-05 08:39:56.62894,2025-05-05 08:39:56.62894,distribution_media_history,hg_stock,distribution_media_history_20260822_080123,2026-08-22 08:01:40.05814
3886b9c3-eb43-4544-bad2-b7901fac4c19,818fd59b-9d8c-4337-ba31-afc107adb7e4,f,f,1,7,"","","48a1af96-5a7d-40d9-8ebe-4e3655f14e4b,7a389018-94d3-443d-9646-ed7b63117169,854cae12-c88d-4bb4-85cf-4ed044d8e963,be3902b4-f926-4850-ba31-f18b178b9d39","","",f,,,,,2025-05-05 08:38:23.416253,2025-05-05 08:38:23.416253,distribution_media_history,hg_stock,distribution_media_history_20260822_080123,2026-08-22 08:01:40.05814
3886dee2-1d27-4b2c-a845-354b45e80790,8580449e-c7c9-411d-9972-f30c44639280,t,f,0,7,"","","","","189d5957-a376-4804-9ac9-d3ac913f29b2,ed44140b-5cc4-4d47-8ad1-afdb356aa44b,3ee41b7a-96b5-4ab9-901b-3e0866188b6d,feb6927d-ee9b-40fc-8897-54a2bef67493,04cee13a-69b0-41f1-b39c-889f9bd82938,396221b9-cdc5-45b2-a79f-2d6de550fda9,7ffdacef-5d02-4aa8-b3d3-84c85d823164,f475b91f-4997-46e8-9c30-f89c24d0a3bf,988558f8-ab30-4768-aed0-ddcc6cb6b630,36298fa0-1ce7-4bae-8c41-db0a98d0341a,b5793a82-9df0-404c-b478-a81c03ae4e6c,f335762b-0da1-428e-87a0-bec2dfa6b557,eee97771-c2ef-426b-8c92-fde92d29fa00,7f65daf7-a4b7-4c1d-9b27-95a3e2321af0,59113c8d-b24b-43e2-96f3-1eb18e9020bc,ed0b4e25-e812-41ba-b50b-6963218c597f,84a48d11-c91a-4704-984d-487c05e520f8,aa6908d1-4b4a-4472-8767-934000773385,489f9411-5f7e-4301-814a-60567e4e3e30,3084841c-a70b-40d9-9edb-7aa498a50dc1,bd408cb0-2cde-4b1a-b556-8da94c325e1c,82ce273c-9538-45d9-bc55-81d4406d2896,de206049-f16b-4735-bac3-6af89517d5f6,404f9125-d4c4-4da9-ad88-f829bb17ba62,a45aa42c-5285-4ac5-8fe7-a51fbd5e1447,8664aefc-082d-45bf-997c-d7924cdc450f,afe4ba65-c5e3-4bbb-9e23-6ccb370dc871,83546f70-3b79-4803-a00d-d4d620662403,66cd6c10-7895-4502-937a-583c0d9ab692,980be853-40ae-403e-9dfb-e5a0644a55da,8b53e647-7506-4329-8541-838a25dc90b3,22c49afc-02e4-47e8-a4ab-9f0c0546ea68,17f48f51-7f38-41b0-a897-21f240726378,d369fc61-1571-40e8-961b-70044ea493c5,6fccedd4-9c2a-4b13-a908-32363d8ab09d,fa2d090f-99ed-4048-bc02-56e323844e79,c6f97750-2e14-4bb0-8d48-6d7b75af9afb,cbc183a5-8bbf-4ef0-988c-7b542efb0f71,e07abf1a-e63a-4a79-8ed5-11dbd5b7268c,f601dbeb-2cae-4c86-9924-ce54abb0c3fb,e08f3c2d-0236-4fd0-8b86-d978d047ef93,c0cc4ed9-8760-4184-b93c-e698dfb46246",f,,3a9ff8c5-8923-4d19-a09e-2c8d79cc7c6f,3a9ff8c5-8923-4d19-a09e-2c8d79cc7c6f,,2025-06-17 04:56:53.613234,2025-06-17 04:56:53.613234,distribution_media_history,hg_stock,distribution_media_history_20260822_080123,2026-08-22 08:01:40.05814
3886edcb-c9e3-420f-853d-258c92aef2b5,c8684d14-ec2b-48f9-8b7c-41c515e64f5a,f,f,1,7,"","",17bd284a-ef80-41f5-927b-99aff424ed67,"","",f,,0200161a-5f5d-40f7-94d8-e0584d9d2831,0200161a-5f5d-40f7-94d8-e0584d9d2831,,2025-07-21 02:53:51.303038,2025-07-21 02:53:51.303038,distribution_media_history,hg_stock,distribution_media_history_20260822_080123,2026-08-22 08:01:40.05814
3886fb1e-8b2a-42fc-9086-1688671f60d7,7ae14080-1f6a-445c-9c3f-2f33df402a60,t,f,1,7,"","","15b9cfe7-85ee-4d5c-910a-8dd18e3c08a8,211db165-a4e5-46fa-ae35-b3ce4970f396,270551e0-15db-4b4a-8bed-b0a9a3a44dff,469f562c-a07c-4e5e-9294-ca2b7f3e96c5,4b130012-bca4-48d9-b677-a3bbac756669,5026b271-3ca4-475e-b42b-ecaef67294c8,52cea1c3-a193-411f-adb4-a6fbffe220eb,629885eb-65c4-4921-a300-3c618c8961e3,7657821d-0928-4099-92a1-2146097c66b0,7ad7d9b9-4600-4db5-a3a8-e7c243499008,ba826125-ec02-4f09-b0d4-9e4aeeb11c0a,db869e71-ba93-441b-a264-32c62f017853,df42ed2a-f2da-49a1-a4ea-36e358b59bee,fcdd5322-049e-4b50-aecf-593d36d18b8f","","",f,,,,,2025-05-05 08:38:09.069567,2025-05-05 08:38:09.069567,distribution_media_history,hg_stock,distribution_media_history_20260822_080123,2026-08-22 08:01:40.05814
3888c5f8-db2b-4ae3-a824-6fefd3098154,a0b69226-8160-450e-8236-8d0ed2140c28,f,f,1,7,"","","48a1af96-5a7d-40d9-8ebe-4e3655f14e4b,be3902b4-f926-4850-ba31-f18b178b9d39","","",f,,dfcecffe-e69a-4858-bd15-a3b6b64d9ead,dfcecffe-e69a-4858-bd15-a3b6b64d9ead,,2025-05-05 08:39:01.533614,2025-05-05 08:39:01.533614,distribution_media_history,hg_stock,distribution_media_history_20260822_080123,2026-08-22 08:01:40.05814
3886fc0b-f26e-40c4-86e2-72ee888b5369,6491fde4-92c7-46ed-8f5d-845d7ae065b5,t,f,1,7,"","","","","04cee13a-69b0-41f1-b39c-889f9bd82938,17f48f51-7f38-41b0-a897-21f240726378,189d5957-a376-4804-9ac9-d3ac913f29b2,22c49afc-02e4-47e8-a4ab-9f0c0546ea68,3084841c-a70b-40d9-9edb-7aa498a50dc1,36298fa0-1ce7-4bae-8c41-db0a98d0341a,396221b9-cdc5-45b2-a79f-2d6de550fda9,3ee41b7a-96b5-4ab9-901b-3e0866188b6d,404f9125-d4c4-4da9-ad88-f829bb17ba62,489f9411-5f7e-4301-814a-60567e4e3e30,59113c8d-b24b-43e2-96f3-1eb18e9020bc,5c1b1d8f-d4a9-4a22-934a-43831e85d1e4,66cd6c10-7895-4502-937a-583c0d9ab692,6fccedd4-9c2a-4b13-a908-32363d8ab09d,7f65daf7-a4b7-4c1d-9b27-95a3e2321af0,7ffdacef-5d02-4aa8-b3d3-84c85d823164,82ce273c-9538-45d9-bc55-81d4406d2896,83546f70-3b79-4803-a00d-d4d620662403,84a48d11-c91a-4704-984d-487c05e520f8,8664aefc-082d-45bf-997c-d7924cdc450f,8b53e647-7506-4329-8541-838a25dc90b3,980be853-40ae-403e-9dfb-e5a0644a55da,988558f8-ab30-4768-aed0-ddcc6cb6b630,a45aa42c-5285-4ac5-8fe7-a51fbd5e1447,aa6908d1-4b4a-4472-8767-934000773385,b5793a82-9df0-404c-b478-a81c03ae4e6c,bd408cb0-2cde-4b1a-b556-8da94c325e1c,c0cc4ed9-8760-4184-b93c-e698dfb46246,c6f97750-2e14-4bb0-8d48-6d7b75af9afb,cbc183a5-8bbf-4ef0-988c-7b542efb0f71,d369fc61-1571-40e8-961b-70044ea493c5,de206049-f16b-4735-bac3-6af89517d5f6,e07abf1a-e63a-4a79-8ed5-11dbd5b7268c,e08f3c2d-0236-4fd0-8b86-d978d047ef93,e5a984fb-9511-483f-9ca8-2624f19dffac,ed0b4e25-e812-41ba-b50b-6963218c597f,ed44140b-5cc4-4d47-8ad1-afdb356aa44b,f335762b-0da1-428e-87a0-bec2dfa6b557,f475b91f-4997-46e8-9c30-f89c24d0a3bf,f601dbeb-2cae-4c86-9924-ce54abb0c3fb,fa2d090f-99ed-4048-bc02-56e323844e79,fad1e7bc-99f8-4821-beff-abd4694d5006,fd42dc28-9ff0-4379-8e65-fbca6f35de60,feb6927d-ee9b-40fc-8897-54a2bef67493",f,,3a9ff8c5-8923-4d19-a09e-2c8d79cc7c6f,3a9ff8c5-8923-4d19-a09e-2c8d79cc7c6f,,2025-07-30 03:07:46.735736,2025-07-30 03:07:46.735736,distribution_media_history,hg_stock,distribution_media_history_20260822_080123,2026-08-22 08:01:40.05814
3886ffde-c3eb-49c8-bf75-ddb4c1b43720,83a3cee3-86ee-4c4f-8d68-103bdae3d25e,t,t,1,7,"","","","","04cee13a-69b0-41f1-b39c-889f9bd82938,17f48f51-7f38-41b0-a897-21f240726378,189d5957-a376-4804-9ac9-d3ac913f29b2,22c49afc-02e4-47e8-a4ab-9f0c0546ea68,3084841c-a70b-40d9-9edb-7aa498a50dc1,36298fa0-1ce7-4bae-8c41-db0a98d0341a,396221b9-cdc5-45b2-a79f-2d6de550fda9,3ee41b7a-96b5-4ab9-901b-3e0866188b6d,404f9125-d4c4-4da9-ad88-f829bb17ba62,489f9411-5f7e-4301-814a-60567e4e3e30,59113c8d-b24b-43e2-96f3-1eb18e9020bc,5c1b1d8f-d4a9-4a22-934a-43831e85d1e4,66cd6c10-7895-4502-937a-583c0d9ab692,6fccedd4-9c2a-4b13-a908-32363d8ab09d,7f65daf7-a4b7-4c1d-9b27-95a3e2321af0,7ffdacef-5d02-4aa8-b3d3-84c85d823164,82ce273c-9538-45d9-bc55-81d4406d2896,83546f70-3b79-4803-a00d-d4d620662403,84a48d11-c91a-4704-984d-487c05e520f8,8664aefc-082d-45bf-997c-d7924cdc450f,8b53e647-7506-4329-8541-838a25dc90b3,980be853-40ae-403e-9dfb-e5a0644a55da,988558f8-ab30-4768-aed0-ddcc6cb6b630,a45aa42c-5285-4ac5-8fe7-a51fbd5e1447,aa6908d1-4b4a-4472-8767-934000773385,b5793a82-9df0-404c-b478-a81c03ae4e6c,bd408cb0-2cde-4b1a-b556-8da94c325e1c,c0cc4ed9-8760-4184-b93c-e698dfb46246,c6f97750-2e14-4bb0-8d48-6d7b75af9afb,cbc183a5-8bbf-4ef0-988c-7b542efb0f71,d369fc61-1571-40e8-961b-70044ea493c5,de206049-f16b-4735-bac3-6af89517d5f6,e07abf1a-e63a-4a79-8ed5-11dbd5b7268c,e08f3c2d-0236-4fd0-8b86-d978d047ef93,e5a984fb-9511-483f-9ca8-2624f19dffac,ed0b4e25-e812-41ba-b50b-6963218c597f,ed44140b-5cc4-4d47-8ad1-afdb356aa44b,f335762b-0da1-428e-87a0-bec2dfa6b557,f475b91f-4997-46e8-9c30-f89c24d0a3bf,f601dbeb-2cae-4c86-9924-ce54abb0c3fb,fa2d090f-99ed-4048-bc02-56e323844e79,fad1e7bc-99f8-4821-beff-abd4694d5006,fd42dc28-9ff0-4379-8e65-fbca6f35de60,feb6927d-ee9b-40fc-8897-54a2bef67493",f,,3a9ff8c5-8923-4d19-a09e-2c8d79cc7c6f,3a9ff8c5-8923-4d19-a09e-2c8d79cc7c6f,,2025-07-30 03:07:46.734356,2025-07-30 03:07:46.734356,distribution_media_history,hg_stock,distribution_media_history_20260822_080123,2026-08-22 08:01:40.05814
388709d5-0e4c-451c-86cc-8e4081701d7a,1deb3ead-890e-447f-81a5-7fcec0a9a658,f,f,1,7,"","","","","0e9ac747-2549-4974-bf10-36762e2bf4b0,29f35b62-0270-4b91-94a5-bae512d85a45,4c0cbfd7-86ea-4793-af3c-b80645310be9,60a9a846-b417-49d7-9427-c8ec1c7a3da8,6e15b7fa-501b-4eb6-bf2d-dd180ec21f95,76b573f0-c076-4f30-bb45-10afd9f320d6,815769f5-d711-4504-9d5e-83c3005e9cba,82765a10-75aa-48a7-8105-1de60aaee953,9e3bf329-f6e8-4ee4-8532-41b9887c99fc,a0df7f95-fdf7-4afa-92ce-ac5e96e6b263,b4e5cf70-0101-434d-9205-f2653b64a710,bb6dc5fe-6cb5-4538-8b5c-151496234970,d8df1fe2-060e-43cc-9ed4-8a41ab2d5561,e04fae25-e4c3-4f4d-9d5c-d19bd7d0ecf5,e86c043e-7cef-418e-b148-8b1e89211f30,edf228c1-66f9-4f81-8a21-cfb7c893e9c4",f,,3a9ff8c5-8923-4d19-a09e-2c8d79cc7c6f,3a9ff8c5-8923-4d19-a09e-2c8d79cc7c6f,,2025-07-29 08:43:03.531214,2025-07-29 08:43:03.531214,distribution_media_history,hg_stock,distribution_media_history_20260822_080123,2026-08-22 08:01:40.05814
38870d0d-0d06-43ba-97a7-0d09b108496b,c2bc4d17-1033-4332-8986-f828b8d36e64,f,f,1,7,"","","211db165-a4e5-46fa-ae35-b3ce4970f396,4b130012-bca4-48d9-b677-a3bbac756669,52cea1c3-a193-411f-adb4-a6fbffe220eb,7657821d-0928-4099-92a1-2146097c66b0,bc1799a3-603f-4412-909a-1f0d9907f17c,db869e71-ba93-441b-a264-32c62f017853","","",f,,f29e28e4-4b3e-4bbf-b79f-62e57b53f15e,f29e28e4-4b3e-4bbf-b79f-62e57b53f15e,,2025-05-05 08:39:42.9767,2025-05-05 08:39:42.9767,distribution_media_history,hg_stock,distribution_media_history_20260822_080123,2026-08-22 08:01:40.05814
38870f23-6f06-4e31-9a3e-2b9e755a986f,2eeeeb34-d44f-475e-893e-0a9e4d7d1c0a,t,f,1,7,"","","15b9cfe7-85ee-4d5c-910a-8dd18e3c08a8,211db165-a4e5-46fa-ae35-b3ce4970f396,270551e0-15db-4b4a-8bed-b0a9a3a44dff,4b130012-bca4-48d9-b677-a3bbac756669,5026b271-3ca4-475e-b42b-ecaef67294c8,52cea1c3-a193-411f-adb4-a6fbffe220eb,629885eb-65c4-4921-a300-3c618c8961e3,7657821d-0928-4099-92a1-2146097c66b0,7ad7d9b9-4600-4db5-a3a8-e7c243499008,ba826125-ec02-4f09-b0d4-9e4aeeb11c0a,db869e71-ba93-441b-a264-32c62f017853,df42ed2a-f2da-49a1-a4ea-36e358b59bee,fcdd5322-049e-4b50-aecf-593d36d18b8f","","",f,,,,,2025-05-05 08:36:44.01333,2025-05-05 08:36:44.01333,distribution_media_history,hg_stock,distribution_media_history_20260822_080123,2026-08-22 08:01:40.05814
3887186b-2c5e-4957-b8ef-5576d6890574,2a5143c2-44a8-4a36-a3c4-6e08218d5240,t,t,1,7,"","","","","0b0ddaa4-3592-40d8-9e46-8986bb004c15,0b9514d0-df14-4cb2-96f7-66a88144edf3,0f765cb9-0d18-4f74-8660-46b3abfb3dec,135d3088-99fc-444c-9b9a-21a2e9bb5a59,19e015cb-ccd1-49e3-aad5-8605feb595f2,1b235ed6-c69a-464f-ae4a-0a23b05ec631,3d6826f7-2626-4a37-aeaa-48f96a9b0b91,43bf3c8b-89b1-4138-8ae9-f564bb06596c,4761ea79-5165-4fa7-a980-b09454c0fb14,490497dc-5a22-4f3e-aabd-15f555818c32,49e1848d-584f-4cfd-9d91-3708bc10b099,4efd73e0-67fa-4115-a5ff-123905684fcf,5a8b441b-a204-43ba-9493-377cef94f449,5d673e15-d21b-4a74-98aa-195b698a2fdd,5deee3c3-3888-46e0-899e-9cb092a60f26,635fefea-3f23-4852-88e5-2b8787d39773,73670add-5585-47ce-97c1-a08bdeb7f956,7619809a-ea3b-4a3b-ad6f-d84bdffb9786,9a58ee71-326b-4905-990a-f59c329facbb,9af7cf68-33a0-4d0a-9577-cba1a3ad1f22,a3df88a3-5af1-48cd-9570-ccf048b9071c,a9993709-50ba-4ebf-8d58-28cc482cd3df,b706c9f6-115c-4ffd-bcdd-9a7c18f4fb57,b7839bea-a6e2-4014-bdd7-d5552de23eac,c0fe700c-34ee-4739-abf9-5a0a78b4c291,c26c67b9-c472-487d-ba06-5a9ea82d6183,cba4399c-df4c-40b7-ac8c-9c4a802bac2a,d0e703c9-c972-4e72-ab5b-5e85d12e7ddb,db6b31ce-1c0c-4728-abcd-c3f6d68467c4,dc4363f3-47bf-417d-bf6c-87ec7b129a23,dd0d89e0-28ec-4fce-a39a-afadc639b807,e2233413-cda5-4ef5-b8df-670690f74b06,ec59ef1c-d0d8-4934-8a42-7775c710491c,f4dd4428-bf65-4513-b8be-601d0d1d43d6,f90efe4e-4b5e-486c-9a25-c8a76e85f137",f,,a61e2437-628b-43e7-a32c-f948290dbba9,a61e2437-628b-43e7-a32c-f948290dbba9,,2025-08-01 07:45:49.801493,2025-08-01 07:45:49.801493,distribution_media_history,hg_stock,distribution_media_history_20260822_080123,2026-08-22 08:01:40.05814
38871928-7758-440c-a523-43fe3d020437,c7bac0a7-8591-45ff-a9df-ce82ec1a0aa0,t,f,1,7,"","","","","",f,1cdbc000-1c24-485c-8e71-fb91a4d5fcb6,3a9ff8c5-8923-4d19-a09e-2c8d79cc7c6f,3a9ff8c5-8923-4d19-a09e-2c8d79cc7c6f,,2025-09-09 07:15:41.626622,2025-09-09 07:15:41.626622,distribution_media_history,hg_stock,distribution_media_history_20260822_080123,2026-08-22 08:01:40.05814
388719aa-96ed-4e20-9fa1-f2d8ab5d3b21,0f86fbb1-ea5a-4cb4-92d5-19bdd7321e46,f,t,1,90,"","","","","",t,"1190b645-1f41-44cb-8680-5726382adcc2,de337a89-766b-4121-bf74-03703fbc9236",358dceb1-c1b0-46b9-a24f-c1b6a7fdb2dd,358dceb1-c1b0-46b9-a24f-c1b6a7fdb2dd,,2026-03-18 15:04:47.795958,2026-03-18 15:04:47.795958,distribution_media_history,hg_stock,distribution_media_history_20260822_080123,2026-08-22 08:01:40.05814
3888fffe-be01-494b-acd5-a20b977dfc6b,a2292931-7b69-4ca5-bea9-26cd3020e068,f,f,1,30,"","","","","",f,1190b645-1f41-44cb-8680-5726382adcc2,358dceb1-c1b0-46b9-a24f-c1b6a7fdb2dd,358dceb1-c1b0-46b9-a24f-c1b6a7fdb2dd,,2026-01-20 08:57:01.502173,2026-01-20 08:57:01.502173,distribution_media_history,hg_stock,distribution_media_history_20260822_080123,2026-08-22 08:01:40.05814
388901a8-f2ce-458a-a8fb-b1b30b5506f8,1aa75d3a-a5a6-4b26-9e08-be3f01cbab4b,f,t,1,7,"","","","","",f,,de0ae554-65a0-4600-8a7c-c3119a2ae7bb,de0ae554-65a0-4600-8a7c-c3119a2ae7bb,,2025-08-02 09:22:49.968919,2025-08-02 09:22:49.968919,distribution_media_history,hg_stock,distribution_media_history_20260822_080123,2026-08-22 08:01:40.05814
38871b08-36b5-4297-8eed-47906650200e,8079d1da-e711-4a31-857b-1bb391e21dd7,t,f,1,7,"","","","","04cee13a-69b0-41f1-b39c-889f9bd82938,17f48f51-7f38-41b0-a897-21f240726378,189d5957-a376-4804-9ac9-d3ac913f29b2,22c49afc-02e4-47e8-a4ab-9f0c0546ea68,3084841c-a70b-40d9-9edb-7aa498a50dc1,36298fa0-1ce7-4bae-8c41-db0a98d0341a,396221b9-cdc5-45b2-a79f-2d6de550fda9,3ee41b7a-96b5-4ab9-901b-3e0866188b6d,404f9125-d4c4-4da9-ad88-f829bb17ba62,489f9411-5f7e-4301-814a-60567e4e3e30,59113c8d-b24b-43e2-96f3-1eb18e9020bc,5c1b1d8f-d4a9-4a22-934a-43831e85d1e4,66cd6c10-7895-4502-937a-583c0d9ab692,6fccedd4-9c2a-4b13-a908-32363d8ab09d,7f65daf7-a4b7-4c1d-9b27-95a3e2321af0,7ffdacef-5d02-4aa8-b3d3-84c85d823164,82ce273c-9538-45d9-bc55-81d4406d2896,83546f70-3b79-4803-a00d-d4d620662403,84a48d11-c91a-4704-984d-487c05e520f8,8664aefc-082d-45bf-997c-d7924cdc450f,8b53e647-7506-4329-8541-838a25dc90b3,980be853-40ae-403e-9dfb-e5a0644a55da,988558f8-ab30-4768-aed0-ddcc6cb6b630,a45aa42c-5285-4ac5-8fe7-a51fbd5e1447,aa6908d1-4b4a-4472-8767-934000773385,b5793a82-9df0-404c-b478-a81c03ae4e6c,bd408cb0-2cde-4b1a-b556-8da94c325e1c,c0cc4ed9-8760-4184-b93c-e698dfb46246,c6f97750-2e14-4bb0-8d48-6d7b75af9afb,cbc183a5-8bbf-4ef0-988c-7b542efb0f71,d369fc61-1571-40e8-961b-70044ea493c5,de206049-f16b-4735-bac3-6af89517d5f6,e07abf1a-e63a-4a79-8ed5-11dbd5b7268c,e08f3c2d-0236-4fd0-8b86-d978d047ef93,e5a984fb-9511-483f-9ca8-2624f19dffac,ed0b4e25-e812-41ba-b50b-6963218c597f,ed44140b-5cc4-4d47-8ad1-afdb356aa44b,f335762b-0da1-428e-87a0-bec2dfa6b557,f475b91f-4997-46e8-9c30-f89c24d0a3bf,f601dbeb-2cae-4c86-9924-ce54abb0c3fb,fa2d090f-99ed-4048-bc02-56e323844e79,fad1e7bc-99f8-4821-beff-abd4694d5006,fd42dc28-9ff0-4379-8e65-fbca6f35de60,feb6927d-ee9b-40fc-8897-54a2bef67493",f,,3a9ff8c5-8923-4d19-a09e-2c8d79cc7c6f,3a9ff8c5-8923-4d19-a09e-2c8d79cc7c6f,,2025-07-30 03:07:46.734489,2025-07-30 03:07:46.734489,distribution_media_history,hg_stock,distribution_media_history_20260822_080123,2026-08-22 08:01:40.05814
38871eae-2b1d-445d-968e-f3723e0840fe,8f110370-7895-4271-8826-4891326ea84a,t,t,1,7,"","","","","04cee13a-69b0-41f1-b39c-889f9bd82938,17f48f51-7f38-41b0-a897-21f240726378,189d5957-a376-4804-9ac9-d3ac913f29b2,22c49afc-02e4-47e8-a4ab-9f0c0546ea68,3084841c-a70b-40d9-9edb-7aa498a50dc1,36298fa0-1ce7-4bae-8c41-db0a98d0341a,396221b9-cdc5-45b2-a79f-2d6de550fda9,3ee41b7a-96b5-4ab9-901b-3e0866188b6d,404f9125-d4c4-4da9-ad88-f829bb17ba62,489f9411-5f7e-4301-814a-60567e4e3e30,59113c8d-b24b-43e2-96f3-1eb18e9020bc,66cd6c10-7895-4502-937a-583c0d9ab692,6fccedd4-9c2a-4b13-a908-32363d8ab09d,7f65daf7-a4b7-4c1d-9b27-95a3e2321af0,7ffdacef-5d02-4aa8-b3d3-84c85d823164,82ce273c-9538-45d9-bc55-81d4406d2896,83546f70-3b79-4803-a00d-d4d620662403,84a48d11-c91a-4704-984d-487c05e520f8,8664aefc-082d-45bf-997c-d7924cdc450f,8b53e647-7506-4329-8541-838a25dc90b3,980be853-40ae-403e-9dfb-e5a0644a55da,988558f8-ab30-4768-aed0-ddcc6cb6b630,a45aa42c-5285-4ac5-8fe7-a51fbd5e1447,aa6908d1-4b4a-4472-8767-934000773385,afe4ba65-c5e3-4bbb-9e23-6ccb370dc871,b5793a82-9df0-404c-b478-a81c03ae4e6c,bd408cb0-2cde-4b1a-b556-8da94c325e1c,c0cc4ed9-8760-4184-b93c-e698dfb46246,c6f97750-2e14-4bb0-8d48-6d7b75af9afb,cbc183a5-8bbf-4ef0-988c-7b542efb0f71,d369fc61-1571-40e8-961b-70044ea493c5,de206049-f16b-4735-bac3-6af89517d5f6,e07abf1a-e63a-4a79-8ed5-11dbd5b7268c,e08f3c2d-0236-4fd0-8b86-d978d047ef93,e5a984fb-9511-483f-9ca8-2624f19dffac,ed0b4e25-e812-41ba-b50b-6963218c597f,ed44140b-5cc4-4d47-8ad1-afdb356aa44b,eee97771-c2ef-426b-8c92-fde92d29fa00,f335762b-0da1-428e-87a0-bec2dfa6b557,f475b91f-4997-46e8-9c30-f89c24d0a3bf,f601dbeb-2cae-4c86-9924-ce54abb0c3fb,fa2d090f-99ed-4048-bc02-56e323844e79,fad1e7bc-99f8-4821-beff-abd4694d5006,fd42dc28-9ff0-4379-8e65-fbca6f35de60,feb6927d-ee9b-40fc-8897-54a2bef67493",f,,3a9ff8c5-8923-4d19-a09e-2c8d79cc7c6f,3a9ff8c5-8923-4d19-a09e-2c8d79cc7c6f,,2025-06-28 07:48:00.253486,2025-06-28 07:48:00.253486,distribution_media_history,hg_stock,distribution_media_history_20260822_080123,2026-08-22 08:01:40.05814
388723ca-5d18-4a7f-85d6-1450cbab3719,895d18ec-e713-42bd-9fad-718453208a09,f,t,0,7,"","","52cea1c3-a193-411f-adb4-a6fbffe220eb,8ff764e4-1c14-41ce-9fb2-37f9b60c915c","","",f,,fcad2f27-15fe-4ba3-bf35-ddf73b35dd59,fcad2f27-15fe-4ba3-bf35-ddf73b35dd59,,2025-06-16 07:48:07.720426,2025-06-16 07:48:07.720426,distribution_media_history,hg_stock,distribution_media_history_20260822_080123,2026-08-22 08:01:40.05814
38875d33-7075-49ea-a89e-a3f3e25265a0,cafee22a-701f-4c4d-8cab-4856b6faca6e,t,f,1,7,"","","211db165-a4e5-46fa-ae35-b3ce4970f396,4b130012-bca4-48d9-b677-a3bbac756669,52cea1c3-a193-411f-adb4-a6fbffe220eb,db869e71-ba93-441b-a264-32c62f017853","","",f,,,,,2025-05-05 08:39:56.62749,2025-05-05 08:39:56.62749,distribution_media_history,hg_stock,distribution_media_history_20260822_080123,2026-08-22 08:01:40.05814
38875fa6-8314-4f7f-9a81-e965696534a4,90dc2bf1-d7a0-4444-a153-0c41c3b60633,f,t,1,-1,ae0b1e4f-25ee-477b-9b8f-d8e66f1c1b95,"","","4efc1c79-f044-4ae8-989f-e08f290b0735,fb606cb5-26e8-43c4-8d13-a07f07bba568","",f,"",229dc6f0-0c2f-42cc-8d32-7c3397e96194,229dc6f0-0c2f-42cc-8d32-7c3397e96194,,2026-04-21 03:36:02.646036,2026-04-21 03:36:02.646036,distribution_media_history,hg_stock,distribution_media_history_20260822_080123,2026-08-22 08:01:40.05814
38876819-209b-4bba-9b52-f3c97a4d8fea,bc6b06f2-c336-47e8-8e91-9816c6f42434,f,t,1,7,"","","","",14f62a98-c987-40f4-9f06-12d5e17ef050,f,"",f38d8912-8be7-48e6-90fa-a57739940639,f38d8912-8be7-48e6-90fa-a57739940639,,2025-09-03 08:32:20.445726,2025-09-03 08:32:20.445726,distribution_media_history,hg_stock,distribution_media_history_20260822_080123,2026-08-22 08:01:40.05814
3887f8aa-12bc-4381-b0f6-654273fcc906,1933e8f4-403e-47db-8d2f-be46e5aa9d68,t,t,1,7,"","","","","",f,1cdbc000-1c24-485c-8e71-fb91a4d5fcb6,3a9ff8c5-8923-4d19-a09e-2c8d79cc7c6f,3a9ff8c5-8923-4d19-a09e-2c8d79cc7c6f,,2025-10-13 07:56:19.398686,2025-10-13 07:56:19.398686,distribution_media_history,hg_stock,distribution_media_history_20260822_080123,2026-08-22 08:01:40.05814
388800ed-f829-4235-b193-c7eef2eda519,60b68bbd-0229-4411-ae5c-2ac234bca723,t,f,1,7,"","","","","",f,1cdbc000-1c24-485c-8e71-fb91a4d5fcb6,3a9ff8c5-8923-4d19-a09e-2c8d79cc7c6f,3a9ff8c5-8923-4d19-a09e-2c8d79cc7c6f,,2025-12-27 08:23:54.223509,2025-12-27 08:23:54.223509,distribution_media_history,hg_stock,distribution_media_history_20260822_080123,2026-08-22 08:01:40.05814
3888019b-3b91-4963-a501-8cbeaded2600,dd6488d4-5937-40b6-a09f-60b96aa48ad0,f,f,1,7,"","","48a1af96-5a7d-40d9-8ebe-4e3655f14e4b,64362801-3c17-4e99-b10a-bc7a8dc10c14,854cae12-c88d-4bb4-85cf-4ed044d8e963,be3902b4-f926-4850-ba31-f18b178b9d39,f30dad8c-85eb-43c2-a375-5d3fe9ff31ce,f5a4dab5-df91-4776-9a1f-1c2e1ed7ce8b","","",f,,,,,2025-05-05 08:40:11.017526,2025-05-05 08:40:11.017526,distribution_media_history,hg_stock,distribution_media_history_20260822_080123,2026-08-22 08:01:40.05814
388807de-1e58-44fd-96cb-034f47ff7722,4755d5fc-65aa-4db0-a516-f76ca476b7f8,f,t,1,7,"","","","",eb1ac697-8dfa-49c2-a150-c6f6ab86c722,f,,f3b6b651-8d1f-401a-acfb-4279adfe4e8b,f3b6b651-8d1f-401a-acfb-4279adfe4e8b,,2025-05-20 02:41:20.166917,2025-05-20 02:41:20.166917,distribution_media_history,hg_stock,distribution_media_history_20260822_080123,2026-08-22 08:01:40.05814
38877cad-6c01-4a78-bcb8-de5aacec3233,00c89183-9d52-40fc-9020-06b9bcdc3259,t,t,1,7,"","","","","04cee13a-69b0-41f1-b39c-889f9bd82938,17f48f51-7f38-41b0-a897-21f240726378,189d5957-a376-4804-9ac9-d3ac913f29b2,22c49afc-02e4-47e8-a4ab-9f0c0546ea68,3084841c-a70b-40d9-9edb-7aa498a50dc1,36298fa0-1ce7-4bae-8c41-db0a98d0341a,396221b9-cdc5-45b2-a79f-2d6de550fda9,3ee41b7a-96b5-4ab9-901b-3e0866188b6d,404f9125-d4c4-4da9-ad88-f829bb17ba62,489f9411-5f7e-4301-814a-60567e4e3e30,59113c8d-b24b-43e2-96f3-1eb18e9020bc,66cd6c10-7895-4502-937a-583c0d9ab692,6fccedd4-9c2a-4b13-a908-32363d8ab09d,7f65daf7-a4b7-4c1d-9b27-95a3e2321af0,7ffdacef-5d02-4aa8-b3d3-84c85d823164,82ce273c-9538-45d9-bc55-81d4406d2896,83546f70-3b79-4803-a00d-d4d620662403,84a48d11-c91a-4704-984d-487c05e520f8,8664aefc-082d-45bf-997c-d7924cdc450f,8b53e647-7506-4329-8541-838a25dc90b3,980be853-40ae-403e-9dfb-e5a0644a55da,988558f8-ab30-4768-aed0-ddcc6cb6b630,a45aa42c-5285-4ac5-8fe7-a51fbd5e1447,aa6908d1-4b4a-4472-8767-934000773385,afe4ba65-c5e3-4bbb-9e23-6ccb370dc871,b5793a82-9df0-404c-b478-a81c03ae4e6c,bd408cb0-2cde-4b1a-b556-8da94c325e1c,c0cc4ed9-8760-4184-b93c-e698dfb46246,c6f97750-2e14-4bb0-8d48-6d7b75af9afb,cbc183a5-8bbf-4ef0-988c-7b542efb0f71,d369fc61-1571-40e8-961b-70044ea493c5,de206049-f16b-4735-bac3-6af89517d5f6,e07abf1a-e63a-4a79-8ed5-11dbd5b7268c,e08f3c2d-0236-4fd0-8b86-d978d047ef93,e5a984fb-9511-483f-9ca8-2624f19dffac,ed0b4e25-e812-41ba-b50b-6963218c597f,ed44140b-5cc4-4d47-8ad1-afdb356aa44b,eee97771-c2ef-426b-8c92-fde92d29fa00,f335762b-0da1-428e-87a0-bec2dfa6b557,f475b91f-4997-46e8-9c30-f89c24d0a3bf,f601dbeb-2cae-4c86-9924-ce54abb0c3fb,fa2d090f-99ed-4048-bc02-56e323844e79,fad1e7bc-99f8-4821-beff-abd4694d5006,fd42dc28-9ff0-4379-8e65-fbca6f35de60,feb6927d-ee9b-40fc-8897-54a2bef67493",f,,3a9ff8c5-8923-4d19-a09e-2c8d79cc7c6f,3a9ff8c5-8923-4d19-a09e-2c8d79cc7c6f,,2025-06-25 07:00:05.376136,2025-06-25 07:00:05.376136,distribution_media_history,hg_stock,distribution_media_history_20260822_080123,2026-08-22 08:01:40.05814
38878a10-c6fc-4a2d-a5ba-55badf8d3bcb,6eba8398-49f0-4039-8fc9-daf9c8f002dd,f,f,1,7,"","","","","",f,596f7ca8-2d99-4c28-b94f-2372866a3dae,ae786cf3-a6b6-4a7d-9ea0-ead631615e0c,ae786cf3-a6b6-4a7d-9ea0-ead631615e0c,,2026-02-02 01:56:05.644762,2026-02-02 01:56:05.644762,distribution_media_history,hg_stock,distribution_media_history_20260822_080123,2026-08-22 08:01:40.05814
3887af76-381e-4bcd-9eec-23d4fed2500a,ff009246-8bb0-4993-aebd-6ff3fe0cca9a,f,f,1,45,"","",ef0e70d4-93be-4dbc-a8f4-a2c0ab59b014,"","",f,"",229dc6f0-0c2f-42cc-8d32-7c3397e96194,229dc6f0-0c2f-42cc-8d32-7c3397e96194,,2025-11-20 06:49:28.122851,2025-11-20 06:49:28.122851,distribution_media_history,hg_stock,distribution_media_history_20260822_080123,2026-08-22 08:01:40.05814
3887b076-65df-4fc7-8efd-9b1573e71411,72e79996-f841-4341-90ae-cb6600214740,t,f,1,7,"","","15b9cfe7-85ee-4d5c-910a-8dd18e3c08a8,211db165-a4e5-46fa-ae35-b3ce4970f396,270551e0-15db-4b4a-8bed-b0a9a3a44dff,4b130012-bca4-48d9-b677-a3bbac756669,5026b271-3ca4-475e-b42b-ecaef67294c8,52cea1c3-a193-411f-adb4-a6fbffe220eb,629885eb-65c4-4921-a300-3c618c8961e3,7657821d-0928-4099-92a1-2146097c66b0,7ad7d9b9-4600-4db5-a3a8-e7c243499008,ba826125-ec02-4f09-b0d4-9e4aeeb11c0a,db869e71-ba93-441b-a264-32c62f017853,df42ed2a-f2da-49a1-a4ea-36e358b59bee,e43c6415-4c89-451e-8bee-004c8f6ed620,fcdd5322-049e-4b50-aecf-593d36d18b8f","","",f,,,,,2025-05-05 08:38:09.066606,2025-05-05 08:38:09.066606,distribution_media_history,hg_stock,distribution_media_history_20260822_080123,2026-08-22 08:01:40.05814
3887d333-ca9f-46b9-9a58-42c6aecb0520,8ac74897-4816-4a01-8498-c7e91a9a750f,t,f,1,7,"","","","","04cee13a-69b0-41f1-b39c-889f9bd82938,17f48f51-7f38-41b0-a897-21f240726378,189d5957-a376-4804-9ac9-d3ac913f29b2,22c49afc-02e4-47e8-a4ab-9f0c0546ea68,3084841c-a70b-40d9-9edb-7aa498a50dc1,36298fa0-1ce7-4bae-8c41-db0a98d0341a,396221b9-cdc5-45b2-a79f-2d6de550fda9,3ee41b7a-96b5-4ab9-901b-3e0866188b6d,404f9125-d4c4-4da9-ad88-f829bb17ba62,489f9411-5f7e-4301-814a-60567e4e3e30,59113c8d-b24b-43e2-96f3-1eb18e9020bc,66cd6c10-7895-4502-937a-583c0d9ab692,6fccedd4-9c2a-4b13-a908-32363d8ab09d,7f65daf7-a4b7-4c1d-9b27-95a3e2321af0,7ffdacef-5d02-4aa8-b3d3-84c85d823164,82ce273c-9538-45d9-bc55-81d4406d2896,83546f70-3b79-4803-a00d-d4d620662403,84a48d11-c91a-4704-984d-487c05e520f8,8664aefc-082d-45bf-997c-d7924cdc450f,8b53e647-7506-4329-8541-838a25dc90b3,980be853-40ae-403e-9dfb-e5a0644a55da,988558f8-ab30-4768-aed0-ddcc6cb6b630,a45aa42c-5285-4ac5-8fe7-a51fbd5e1447,aa6908d1-4b4a-4472-8767-934000773385,afe4ba65-c5e3-4bbb-9e23-6ccb370dc871,b5793a82-9df0-404c-b478-a81c03ae4e6c,bd408cb0-2cde-4b1a-b556-8da94c325e1c,c0cc4ed9-8760-4184-b93c-e698dfb46246,c6f97750-2e14-4bb0-8d48-6d7b75af9afb,cbc183a5-8bbf-4ef0-988c-7b542efb0f71,d369fc61-1571-40e8-961b-70044ea493c5,de206049-f16b-4735-bac3-6af89517d5f6,e07abf1a-e63a-4a79-8ed5-11dbd5b7268c,e08f3c2d-0236-4fd0-8b86-d978d047ef93,e5a984fb-9511-483f-9ca8-2624f19dffac,ed0b4e25-e812-41ba-b50b-6963218c597f,ed44140b-5cc4-4d47-8ad1-afdb356aa44b,eee97771-c2ef-426b-8c92-fde92d29fa00,f335762b-0da1-428e-87a0-bec2dfa6b557,f475b91f-4997-46e8-9c30-f89c24d0a3bf,f601dbeb-2cae-4c86-9924-ce54abb0c3fb,fa2d090f-99ed-4048-bc02-56e323844e79,fad1e7bc-99f8-4821-beff-abd4694d5006,fd42dc28-9ff0-4379-8e65-fbca6f35de60,feb6927d-ee9b-40fc-8897-54a2bef67493",f,,3a9ff8c5-8923-4d19-a09e-2c8d79cc7c6f,3a9ff8c5-8923-4d19-a09e-2c8d79cc7c6f,,2025-06-28 07:48:00.253895,2025-06-28 07:48:00.253895,distribution_media_history,hg_stock,distribution_media_history_20260822_080123,2026-08-22 08:01:40.05814
3887d4c8-0aca-47f7-8a3e-af7b353cfb0e,3f1511be-33d6-413e-98cc-6b720e5c983d,f,t,1,7,"","",52cea1c3-a193-411f-adb4-a6fbffe220eb,"","",t,,61453885-6483-44b4-b0c8-589c057c2fbe,,,2025-07-12 07:33:50.34716,2025-09-30 02:40:15.216435,distribution_media_history,hg_stock,distribution_media_history_20260822_080123,2026-08-22 08:01:40.05814
3887d714-5d93-40a4-b4e4-dc8820619b6b,0e7f4457-855a-44b4-a271-5c7a0c8317f4,f,f,1,90,"","","","","",t,"1190b645-1f41-44cb-8680-5726382adcc2,de337a89-766b-4121-bf74-03703fbc9236",358dceb1-c1b0-46b9-a24f-c1b6a7fdb2dd,358dceb1-c1b0-46b9-a24f-c1b6a7fdb2dd,,2026-03-18 15:04:44.532339,2026-03-18 15:04:44.532339,distribution_media_history,hg_stock,distribution_media_history_20260822_080123,2026-08-22 08:01:40.05814
3887d8bc-fd67-4476-875b-a58f5bc3b6b8,0e81134c-9304-4588-8721-a8a989b60747,f,f,1,-1,"",7777d0cd-9934-4f52-b7a9-16b6017d713e,"","","",f,"",5d7a9893-6e21-4a12-bf1b-8594646e7b4d,5d7a9893-6e21-4a12-bf1b-8594646e7b4d,,2026-05-18 04:31:50.01971,2026-05-18 04:31:50.01971,distribution_media_history,hg_stock,distribution_media_history_20260822_080123,2026-08-22 08:01:40.05814
3887e106-88b3-4a18-b3b3-a3b9fcdcd305,370c0edb-6295-403e-b0d3-52a89f2dadf3,t,f,1,7,"","","15b9cfe7-85ee-4d5c-910a-8dd18e3c08a8,211db165-a4e5-46fa-ae35-b3ce4970f396,270551e0-15db-4b4a-8bed-b0a9a3a44dff,4b130012-bca4-48d9-b677-a3bbac756669,5026b271-3ca4-475e-b42b-ecaef67294c8,52cea1c3-a193-411f-adb4-a6fbffe220eb,629885eb-65c4-4921-a300-3c618c8961e3,7657821d-0928-4099-92a1-2146097c66b0,7ad7d9b9-4600-4db5-a3a8-e7c243499008,ba826125-ec02-4f09-b0d4-9e4aeeb11c0a,db869e71-ba93-441b-a264-32c62f017853,df42ed2a-f2da-49a1-a4ea-36e358b59bee,fcdd5322-049e-4b50-aecf-593d36d18b8f","","",f,,,,,2025-05-05 08:36:50.728886,2025-05-05 08:36:50.728886,distribution_media_history,hg_stock,distribution_media_history_20260822_080123,2026-08-22 08:01:40.05814
3887e4fb-5c72-4910-a2f4-c1d6e1e221a4,8c88772e-f126-40ff-8621-7916979c02fc,f,f,1,45,"","",bdd9d4f3-6a59-4a34-8087-8b6c644ced64,"","",f,"",229dc6f0-0c2f-42cc-8d32-7c3397e96194,229dc6f0-0c2f-42cc-8d32-7c3397e96194,,2025-11-07 02:29:39.276874,2025-11-07 02:29:39.276874,distribution_media_history,hg_stock,distribution_media_history_20260822_080123,2026-08-22 08:01:40.05814
3887f145-780c-4105-90ea-c640b36bce34,c81337b7-862c-4b6f-948b-0b0b69b13371,f,f,1,90,"","","","","",t,"1190b645-1f41-44cb-8680-5726382adcc2,810a971a-8ddc-4ef0-9f85-d8eba152507c",358dceb1-c1b0-46b9-a24f-c1b6a7fdb2dd,358dceb1-c1b0-46b9-a24f-c1b6a7fdb2dd,,2026-03-11 04:33:21.115885,2026-03-11 04:33:21.115885,distribution_media_history,hg_stock,distribution_media_history_20260822_080123,2026-08-22 08:01:40.05814
38880d5e-ba2e-4a4e-8c3d-6f426346b65c,18c164b8-a500-4fcc-8649-1360521aef9a,t,f,1,7,"","","","","04cee13a-69b0-41f1-b39c-889f9bd82938,17f48f51-7f38-41b0-a897-21f240726378,189d5957-a376-4804-9ac9-d3ac913f29b2,22c49afc-02e4-47e8-a4ab-9f0c0546ea68,3084841c-a70b-40d9-9edb-7aa498a50dc1,36298fa0-1ce7-4bae-8c41-db0a98d0341a,396221b9-cdc5-45b2-a79f-2d6de550fda9,3ee41b7a-96b5-4ab9-901b-3e0866188b6d,404f9125-d4c4-4da9-ad88-f829bb17ba62,489f9411-5f7e-4301-814a-60567e4e3e30,59113c8d-b24b-43e2-96f3-1eb18e9020bc,5c1b1d8f-d4a9-4a22-934a-43831e85d1e4,66cd6c10-7895-4502-937a-583c0d9ab692,7f65daf7-a4b7-4c1d-9b27-95a3e2321af0,7ffdacef-5d02-4aa8-b3d3-84c85d823164,83546f70-3b79-4803-a00d-d4d620662403,84a48d11-c91a-4704-984d-487c05e520f8,8664aefc-082d-45bf-997c-d7924cdc450f,8b53e647-7506-4329-8541-838a25dc90b3,988558f8-ab30-4768-aed0-ddcc6cb6b630,9f332297-3b6b-4a98-bcd8-bc8da41105dd,a45aa42c-5285-4ac5-8fe7-a51fbd5e1447,aa6908d1-4b4a-4472-8767-934000773385,b5793a82-9df0-404c-b478-a81c03ae4e6c,b5a513f2-8d65-4512-90c0-7fa3c7311a61,b7f0a1f8-0078-4361-a39c-609cbc0fa09c,bd408cb0-2cde-4b1a-b556-8da94c325e1c,c0cc4ed9-8760-4184-b93c-e698dfb46246,c4b978df-9107-4eb9-a678-e621c83f0e48,c6f97750-2e14-4bb0-8d48-6d7b75af9afb,d369fc61-1571-40e8-961b-70044ea493c5,de206049-f16b-4735-bac3-6af89517d5f6,e08f3c2d-0236-4fd0-8b86-d978d047ef93,ed0b4e25-e812-41ba-b50b-6963218c597f,ed44140b-5cc4-4d47-8ad1-afdb356aa44b,f335762b-0da1-428e-87a0-bec2dfa6b557,f475b91f-4997-46e8-9c30-f89c24d0a3bf,f601dbeb-2cae-4c86-9924-ce54abb0c3fb,fad1e7bc-99f8-4821-beff-abd4694d5006,feb6927d-ee9b-40fc-8897-54a2bef67493",f,"",3a9ff8c5-8923-4d19-a09e-2c8d79cc7c6f,3a9ff8c5-8923-4d19-a09e-2c8d79cc7c6f,,2025-08-09 08:10:33.868205,2025-08-09 08:10:33.868205,distribution_media_history,hg_stock,distribution_media_history_20260822_080123,2026-08-22 08:01:40.05814
38890598-c3ea-44e6-a157-50cedd0743fd,561f5b44-c17e-4e6b-a581-3a3c4fe4e142,f,t,1,7,"","","","","",f,,de0ae554-65a0-4600-8a7c-c3119a2ae7bb,de0ae554-65a0-4600-8a7c-c3119a2ae7bb,,2025-07-26 04:05:47.936874,2025-07-26 04:05:47.936874,distribution_media_history,hg_stock,distribution_media_history_20260822_080123,2026-08-22 08:01:40.05814
388907b0-83f4-4c14-ae6d-930d05e63777,00f14b9d-5da1-47d7-86f1-b6732f7d6c09,f,f,1,30,"","","","","5058794a-4d77-440c-819d-e0aaffcf39c3,f90efe4e-4b5e-486c-9a25-c8a76e85f137",f,"",3a67bc3d-1077-4be0-9f5a-846a08f8c71b,3a67bc3d-1077-4be0-9f5a-846a08f8c71b,,2026-01-23 08:24:38.703,2026-01-23 08:24:38.703,distribution_media_history,hg_stock,distribution_media_history_20260822_080123,2026-08-22 08:01:40.05814
38890cf4-233a-4250-a8fc-bcbf88d3d9be,4051f92e-9b30-4f6d-917d-a2924f5a281e,f,f,0,7,"","","",8b10a246-4766-4661-8bfa-8756dcb1e131,"",f,,229dc6f0-0c2f-42cc-8d32-7c3397e96194,229dc6f0-0c2f-42cc-8d32-7c3397e96194,,2025-06-19 02:29:54.090498,2025-06-19 02:29:54.090498,distribution_media_history,hg_stock,distribution_media_history_20260822_080123,2026-08-22 08:01:40.05814
388913f6-2522-4952-adfd-6e656480258b,c937795e-ac69-40a3-b30b-9f3c1ec65000,f,f,1,7,"","",48a1af96-5a7d-40d9-8ebe-4e3655f14e4b,"","",f,,,,,2025-05-05 08:39:42.9792,2025-05-05 08:39:42.9792,distribution_media_history,hg_stock,distribution_media_history_20260822_080123,2026-08-22 08:01:40.05814
388b3d00-e68c-437a-9e7f-794b7c43d739,f47b1b65-5e56-47dc-a3e0-86ea1ed7ef2e,t,t,1,7,"","",0749da15-f004-4cad-8a3f-26ebdf77e84c,"","",f,"",4c05f915-db94-4d44-985d-94702dd0161b,4c05f915-db94-4d44-985d-94702dd0161b,,2025-09-10 06:53:38.514752,2025-09-10 06:53:38.514752,distribution_media_history,hg_stock,distribution_media_history_20260822_080123,2026-08-22 08:01:40.05814
3895deb1-5e7b-4585-8900-66420debd1a4,814c41f6-8c76-4237-aad7-4bd8e01910f7,f,f,1,-1,"",522cc0c7-0990-4e26-b535-392767a7c142,"","","",f,"",522cc0c7-0990-4e26-b535-392767a7c142,522cc0c7-0990-4e26-b535-392767a7c142,,2026-05-23 01:50:45.5349,2026-05-23 01:50:45.5349,distribution_media_history,hg_stock,distribution_media_history_20260822_080123,2026-08-22 08:01:40.05814
38881c31-521b-4b36-bcda-2d2a4f82d679,b6f814c7-3780-4814-b99a-5c6cb85bbf5f,t,f,1,7,"","","","","04cee13a-69b0-41f1-b39c-889f9bd82938,17f48f51-7f38-41b0-a897-21f240726378,189d5957-a376-4804-9ac9-d3ac913f29b2,22c49afc-02e4-47e8-a4ab-9f0c0546ea68,3084841c-a70b-40d9-9edb-7aa498a50dc1,36298fa0-1ce7-4bae-8c41-db0a98d0341a,396221b9-cdc5-45b2-a79f-2d6de550fda9,3ee41b7a-96b5-4ab9-901b-3e0866188b6d,404f9125-d4c4-4da9-ad88-f829bb17ba62,489f9411-5f7e-4301-814a-60567e4e3e30,59113c8d-b24b-43e2-96f3-1eb18e9020bc,66cd6c10-7895-4502-937a-583c0d9ab692,6fccedd4-9c2a-4b13-a908-32363d8ab09d,7f65daf7-a4b7-4c1d-9b27-95a3e2321af0,7ffdacef-5d02-4aa8-b3d3-84c85d823164,82ce273c-9538-45d9-bc55-81d4406d2896,83546f70-3b79-4803-a00d-d4d620662403,84a48d11-c91a-4704-984d-487c05e520f8,8664aefc-082d-45bf-997c-d7924cdc450f,8b53e647-7506-4329-8541-838a25dc90b3,980be853-40ae-403e-9dfb-e5a0644a55da,988558f8-ab30-4768-aed0-ddcc6cb6b630,a45aa42c-5285-4ac5-8fe7-a51fbd5e1447,aa6908d1-4b4a-4472-8767-934000773385,afe4ba65-c5e3-4bbb-9e23-6ccb370dc871,b5793a82-9df0-404c-b478-a81c03ae4e6c,bd408cb0-2cde-4b1a-b556-8da94c325e1c,c0cc4ed9-8760-4184-b93c-e698dfb46246,c6f97750-2e14-4bb0-8d48-6d7b75af9afb,cbc183a5-8bbf-4ef0-988c-7b542efb0f71,d369fc61-1571-40e8-961b-70044ea493c5,de206049-f16b-4735-bac3-6af89517d5f6,e07abf1a-e63a-4a79-8ed5-11dbd5b7268c,e08f3c2d-0236-4fd0-8b86-d978d047ef93,ed0b4e25-e812-41ba-b50b-6963218c597f,ed44140b-5cc4-4d47-8ad1-afdb356aa44b,eee97771-c2ef-426b-8c92-fde92d29fa00,f335762b-0da1-428e-87a0-bec2dfa6b557,f475b91f-4997-46e8-9c30-f89c24d0a3bf,f601dbeb-2cae-4c86-9924-ce54abb0c3fb,fa2d090f-99ed-4048-bc02-56e323844e79,fad1e7bc-99f8-4821-beff-abd4694d5006,feb6927d-ee9b-40fc-8897-54a2bef67493",f,,3a9ff8c5-8923-4d19-a09e-2c8d79cc7c6f,3a9ff8c5-8923-4d19-a09e-2c8d79cc7c6f,,2025-06-25 05:01:48.95244,2025-06-25 05:01:48.95244,distribution_media_history,hg_stock,distribution_media_history_20260822_080123,2026-08-22 08:01:40.05814
38881e72-20f6-4fcd-85b4-0cf755aa41f3,39e715ed-53c6-4164-85b2-e1eeffe3d31d,f,f,0,7,"","","",af13f5cc-6b51-4949-ad6c-1786c27eaa3d,"",f,,ed8e0c83-aaec-49eb-8379-90f06bb587ed,ed8e0c83-aaec-49eb-8379-90f06bb587ed,,2025-06-17 09:09:58.826374,2025-06-17 09:09:58.826374,distribution_media_history,hg_stock,distribution_media_history_20260822_080123,2026-08-22 08:01:40.05814
38882801-a7e4-4bda-88e8-29b1a8512273,fa4ff7bf-f468-4000-aefe-7f979a5648e4,t,f,1,7,"","","","","",f,1cdbc000-1c24-485c-8e71-fb91a4d5fcb6,3a9ff8c5-8923-4d19-a09e-2c8d79cc7c6f,3a9ff8c5-8923-4d19-a09e-2c8d79cc7c6f,,2025-10-13 07:56:19.390335,2025-10-13 07:56:19.390335,distribution_media_history,hg_stock,distribution_media_history_20260822_080123,2026-08-22 08:01:40.05814
38883d0b-db5b-4aa4-9ff4-a003362e2de5,88a726e6-2c81-42a2-9e7e-563a9c8e9028,f,f,1,7,"","","","","",f,"",3a9ff8c5-8923-4d19-a09e-2c8d79cc7c6f,3a9ff8c5-8923-4d19-a09e-2c8d79cc7c6f,,2026-03-04 02:23:14.18974,2026-03-04 02:23:14.18974,distribution_media_history,hg_stock,distribution_media_history_20260822_080123,2026-08-22 08:01:40.05814
388842ce-7015-472d-baa8-ce9d05928cc9,100a1d6f-c396-450e-a137-410cd7cce842,t,f,1,7,"","","211db165-a4e5-46fa-ae35-b3ce4970f396,4b130012-bca4-48d9-b677-a3bbac756669,52cea1c3-a193-411f-adb4-a6fbffe220eb,db869e71-ba93-441b-a264-32c62f017853","","",f,,,,,2025-05-05 08:36:08.450591,2025-05-05 08:36:08.450591,distribution_media_history,hg_stock,distribution_media_history_20260822_080123,2026-08-22 08:01:40.05814
38884cd1-8eb8-477a-a199-0980865ab8a5,7379eb02-4f07-46d1-8325-f2f49780b948,f,f,1,45,"","",bdd9d4f3-6a59-4a34-8087-8b6c644ced64,"","",f,"",229dc6f0-0c2f-42cc-8d32-7c3397e96194,229dc6f0-0c2f-42cc-8d32-7c3397e96194,,2025-11-07 02:29:39.277712,2025-11-07 02:29:39.277712,distribution_media_history,hg_stock,distribution_media_history_20260822_080123,2026-08-22 08:01:40.05814
3888ab4b-0d6e-48b3-97f7-7235753457dc,ab79fa2f-701b-4930-8cd4-3b04faff5669,f,t,1,7,"",6011e2db-5799-4094-8ed7-ae9feaae94f0,"","","",f,,3a67bc3d-1077-4be0-9f5a-846a08f8c71b,3a67bc3d-1077-4be0-9f5a-846a08f8c71b,,2025-05-19 06:40:45.507362,2025-05-19 06:40:45.507362,distribution_media_history,hg_stock,distribution_media_history_20260822_080123,2026-08-22 08:01:40.05814
38884d5d-5dda-4be8-a449-82305607ad20,7b0fa9a0-a5f1-4a72-9403-cc3c3bc57229,t,f,1,7,"","","15b9cfe7-85ee-4d5c-910a-8dd18e3c08a8,211db165-a4e5-46fa-ae35-b3ce4970f396,270551e0-15db-4b4a-8bed-b0a9a3a44dff,4b130012-bca4-48d9-b677-a3bbac756669,5026b271-3ca4-475e-b42b-ecaef67294c8,52cea1c3-a193-411f-adb4-a6fbffe220eb,629885eb-65c4-4921-a300-3c618c8961e3,7657821d-0928-4099-92a1-2146097c66b0,7ad7d9b9-4600-4db5-a3a8-e7c243499008,ba826125-ec02-4f09-b0d4-9e4aeeb11c0a,db869e71-ba93-441b-a264-32c62f017853,df42ed2a-f2da-49a1-a4ea-36e358b59bee,fcdd5322-049e-4b50-aecf-593d36d18b8f","","",f,,,,,2025-05-05 08:38:09.06964,2025-05-05 08:38:09.06964,distribution_media_history,hg_stock,distribution_media_history_20260822_080123,2026-08-22 08:01:40.05814
38884f12-e739-42ea-969a-b17f6b367bba,d558a19d-f33c-4d58-8c7a-d9ba20d7cc91,f,f,1,0,"","","","","",f,1190b645-1f41-44cb-8680-5726382adcc2,358dceb1-c1b0-46b9-a24f-c1b6a7fdb2dd,358dceb1-c1b0-46b9-a24f-c1b6a7fdb2dd,,2026-03-03 08:33:14.885836,2026-03-03 08:33:14.885836,distribution_media_history,hg_stock,distribution_media_history_20260822_080123,2026-08-22 08:01:40.05814
38885a71-0c26-49bb-8002-fb9908b6ee33,4631d238-d8dc-4163-b847-6a3c81f23329,f,f,1,7,"",5938543b-a59a-40f7-b443-88fa3e8e1c08,"","","",f,"",6a34ddae-be72-471a-ad45-7e226c3a141f,6a34ddae-be72-471a-ad45-7e226c3a141f,,2025-09-04 04:08:53.993944,2025-09-04 04:08:53.993944,distribution_media_history,hg_stock,distribution_media_history_20260822_080123,2026-08-22 08:01:40.05814
388868d5-caaa-4a71-b392-24633f3393fc,11289000-47f1-4162-966e-35b54215a5d5,f,f,1,90,"","","","","",t,"1190b645-1f41-44cb-8680-5726382adcc2,de337a89-766b-4121-bf74-03703fbc9236",358dceb1-c1b0-46b9-a24f-c1b6a7fdb2dd,358dceb1-c1b0-46b9-a24f-c1b6a7fdb2dd,,2026-03-18 15:04:28.216207,2026-03-18 15:04:28.216207,distribution_media_history,hg_stock,distribution_media_history_20260822_080123,2026-08-22 08:01:40.05814
38886c62-24e0-438e-a989-1c8c96321260,55076718-a6e8-42c6-8741-57a61d530b42,f,f,1,14,"","","","",15530846-7a22-4640-96e6-eb6945018071,f,"",4cf4d8d0-959b-4d27-882a-ef1ce5b92241,4cf4d8d0-959b-4d27-882a-ef1ce5b92241,,2025-11-22 07:02:25.411598,2025-11-22 07:02:25.411598,distribution_media_history,hg_stock,distribution_media_history_20260822_080123,2026-08-22 08:01:40.05814
38887940-0ad7-4fb9-a178-72a973648cc8,81134a88-0b18-411b-a06f-6d60786a7ec6,f,f,1,7,"","",3807def8-f215-4a47-b8b7-de09edab70f2,"","",f,,f3b6b651-8d1f-401a-acfb-4279adfe4e8b,f3b6b651-8d1f-401a-acfb-4279adfe4e8b,,2025-08-06 03:01:38.719782,2025-08-06 03:01:38.719782,distribution_media_history,hg_stock,distribution_media_history_20260822_080123,2026-08-22 08:01:40.05814
38887ae5-b7e1-4eda-a5dc-4358a20a943f,dbaef8e9-b738-46dd-940a-6d6111afd5a5,t,f,1,7,"","","","","04cee13a-69b0-41f1-b39c-889f9bd82938,17f48f51-7f38-41b0-a897-21f240726378,189d5957-a376-4804-9ac9-d3ac913f29b2,22c49afc-02e4-47e8-a4ab-9f0c0546ea68,3084841c-a70b-40d9-9edb-7aa498a50dc1,36298fa0-1ce7-4bae-8c41-db0a98d0341a,396221b9-cdc5-45b2-a79f-2d6de550fda9,3ee41b7a-96b5-4ab9-901b-3e0866188b6d,404f9125-d4c4-4da9-ad88-f829bb17ba62,489f9411-5f7e-4301-814a-60567e4e3e30,59113c8d-b24b-43e2-96f3-1eb18e9020bc,5c1b1d8f-d4a9-4a22-934a-43831e85d1e4,66cd6c10-7895-4502-937a-583c0d9ab692,7f65daf7-a4b7-4c1d-9b27-95a3e2321af0,7ffdacef-5d02-4aa8-b3d3-84c85d823164,82ce273c-9538-45d9-bc55-81d4406d2896,83546f70-3b79-4803-a00d-d4d620662403,84a48d11-c91a-4704-984d-487c05e520f8,8664aefc-082d-45bf-997c-d7924cdc450f,8b53e647-7506-4329-8541-838a25dc90b3,988558f8-ab30-4768-aed0-ddcc6cb6b630,9f332297-3b6b-4a98-bcd8-bc8da41105dd,a45aa42c-5285-4ac5-8fe7-a51fbd5e1447,aa6908d1-4b4a-4472-8767-934000773385,b5793a82-9df0-404c-b478-a81c03ae4e6c,b5a513f2-8d65-4512-90c0-7fa3c7311a61,b7f0a1f8-0078-4361-a39c-609cbc0fa09c,bd408cb0-2cde-4b1a-b556-8da94c325e1c,c0cc4ed9-8760-4184-b93c-e698dfb46246,c4b978df-9107-4eb9-a678-e621c83f0e48,c6f97750-2e14-4bb0-8d48-6d7b75af9afb,d369fc61-1571-40e8-961b-70044ea493c5,de206049-f16b-4735-bac3-6af89517d5f6,e08f3c2d-0236-4fd0-8b86-d978d047ef93,ed0b4e25-e812-41ba-b50b-6963218c597f,ed44140b-5cc4-4d47-8ad1-afdb356aa44b,f335762b-0da1-428e-87a0-bec2dfa6b557,f475b91f-4997-46e8-9c30-f89c24d0a3bf,f601dbeb-2cae-4c86-9924-ce54abb0c3fb,fad1e7bc-99f8-4821-beff-abd4694d5006,feb6927d-ee9b-40fc-8897-54a2bef67493",f,,3a9ff8c5-8923-4d19-a09e-2c8d79cc7c6f,3a9ff8c5-8923-4d19-a09e-2c8d79cc7c6f,,2025-07-30 09:47:10.542066,2025-07-30 09:47:10.542066,distribution_media_history,hg_stock,distribution_media_history_20260822_080123,2026-08-22 08:01:40.05814
388889a9-b35b-4113-af6a-d47dbf2d56b7,c7b8f435-d60a-41cc-902c-780f82c14718,f,f,1,0,"","","","","",f,1190b645-1f41-44cb-8680-5726382adcc2,358dceb1-c1b0-46b9-a24f-c1b6a7fdb2dd,358dceb1-c1b0-46b9-a24f-c1b6a7fdb2dd,,2026-03-03 08:34:42.966019,2026-03-03 08:34:42.966019,distribution_media_history,hg_stock,distribution_media_history_20260822_080123,2026-08-22 08:01:40.05814
3889b235-652c-46d9-ad7a-19aae61ebaa4,924dab82-4cde-47bf-8413-d4a4ed0c3721,t,f,1,7,"","","15b9cfe7-85ee-4d5c-910a-8dd18e3c08a8,211db165-a4e5-46fa-ae35-b3ce4970f396,270551e0-15db-4b4a-8bed-b0a9a3a44dff,4b130012-bca4-48d9-b677-a3bbac756669,5026b271-3ca4-475e-b42b-ecaef67294c8,52cea1c3-a193-411f-adb4-a6fbffe220eb,629885eb-65c4-4921-a300-3c618c8961e3,7657821d-0928-4099-92a1-2146097c66b0,7ad7d9b9-4600-4db5-a3a8-e7c243499008,ba826125-ec02-4f09-b0d4-9e4aeeb11c0a,db869e71-ba93-441b-a264-32c62f017853,df42ed2a-f2da-49a1-a4ea-36e358b59bee,fcdd5322-049e-4b50-aecf-593d36d18b8f","","",f,,,,,2025-05-05 08:38:38.502877,2025-05-05 08:38:38.502877,distribution_media_history,hg_stock,distribution_media_history_20260822_080123,2026-08-22 08:01:40.05814
389684c4-d0ae-493b-ad55-e332214e02bd,ae84c2de-855f-4799-8644-379008ec165f,f,f,1,14,"","","","",fbae41ad-cb2a-4ecf-9b2d-5264e605093b,f,"",4cf4d8d0-959b-4d27-882a-ef1ce5b92241,4cf4d8d0-959b-4d27-882a-ef1ce5b92241,,2026-01-26 09:15:03.193007,2026-01-26 09:15:03.193007,distribution_media_history,hg_stock,distribution_media_history_20260822_080123,2026-08-22 08:01:40.05814
38888d0a-6b7a-4cde-970a-6440cf0b120f,ddb9a7a6-4a1f-4ac7-bf64-591e54817e34,t,t,1,7,"","","","","04cee13a-69b0-41f1-b39c-889f9bd82938,17f48f51-7f38-41b0-a897-21f240726378,189d5957-a376-4804-9ac9-d3ac913f29b2,22c49afc-02e4-47e8-a4ab-9f0c0546ea68,3084841c-a70b-40d9-9edb-7aa498a50dc1,36298fa0-1ce7-4bae-8c41-db0a98d0341a,396221b9-cdc5-45b2-a79f-2d6de550fda9,3ee41b7a-96b5-4ab9-901b-3e0866188b6d,404f9125-d4c4-4da9-ad88-f829bb17ba62,489f9411-5f7e-4301-814a-60567e4e3e30,59113c8d-b24b-43e2-96f3-1eb18e9020bc,5c1b1d8f-d4a9-4a22-934a-43831e85d1e4,66cd6c10-7895-4502-937a-583c0d9ab692,6fccedd4-9c2a-4b13-a908-32363d8ab09d,7f65daf7-a4b7-4c1d-9b27-95a3e2321af0,7ffdacef-5d02-4aa8-b3d3-84c85d823164,82ce273c-9538-45d9-bc55-81d4406d2896,83546f70-3b79-4803-a00d-d4d620662403,84a48d11-c91a-4704-984d-487c05e520f8,8664aefc-082d-45bf-997c-d7924cdc450f,8b53e647-7506-4329-8541-838a25dc90b3,93ab8008-587a-4a00-a78b-1ea011796b10,96fdf1dd-c29d-48c0-9942-b89777d4f662,980be853-40ae-403e-9dfb-e5a0644a55da,988558f8-ab30-4768-aed0-ddcc6cb6b630,a45aa42c-5285-4ac5-8fe7-a51fbd5e1447,aa6908d1-4b4a-4472-8767-934000773385,afe4ba65-c5e3-4bbb-9e23-6ccb370dc871,b5793a82-9df0-404c-b478-a81c03ae4e6c,bd408cb0-2cde-4b1a-b556-8da94c325e1c,c0cc4ed9-8760-4184-b93c-e698dfb46246,c6f97750-2e14-4bb0-8d48-6d7b75af9afb,cbc183a5-8bbf-4ef0-988c-7b542efb0f71,d369fc61-1571-40e8-961b-70044ea493c5,de206049-f16b-4735-bac3-6af89517d5f6,e07abf1a-e63a-4a79-8ed5-11dbd5b7268c,e08f3c2d-0236-4fd0-8b86-d978d047ef93,e5a984fb-9511-483f-9ca8-2624f19dffac,ed0b4e25-e812-41ba-b50b-6963218c597f,ed44140b-5cc4-4d47-8ad1-afdb356aa44b,eee97771-c2ef-426b-8c92-fde92d29fa00,f335762b-0da1-428e-87a0-bec2dfa6b557,f475b91f-4997-46e8-9c30-f89c24d0a3bf,f601dbeb-2cae-4c86-9924-ce54abb0c3fb,fa2d090f-99ed-4048-bc02-56e323844e79,fad1e7bc-99f8-4821-beff-abd4694d5006,fd42dc28-9ff0-4379-8e65-fbca6f35de60,feb6927d-ee9b-40fc-8897-54a2bef67493",f,,3a9ff8c5-8923-4d19-a09e-2c8d79cc7c6f,3a9ff8c5-8923-4d19-a09e-2c8d79cc7c6f,,2025-07-23 08:20:06.042812,2025-07-23 08:20:06.042812,distribution_media_history,hg_stock,distribution_media_history_20260822_080123,2026-08-22 08:01:40.05814
3888a030-e08f-4bd3-a20a-0cdc5e19b7f3,a84c2bf9-8302-4769-802b-3b2b364d1d3a,f,t,1,7,"","","","","1e55f667-0670-40bc-8aee-27188dc5b384,1f8fc573-9e67-4351-93a6-85af17adacb8,27b2b34e-8707-4bb8-b0c6-2e75910beb09,2a952976-8a78-46c9-93c7-7d197d448b03,2ba607c0-3931-4232-8cff-7b946615c650,33331df9-2b29-4991-9e17-e8f97a2b13ff,378165af-c287-4215-b87c-5c5cf9aeff3b,4ac68eaa-1cde-4204-ad59-4ebdef0cdd20,50b0a781-a21a-43f7-a44f-0ed69331fc3e,6e01ca53-57ee-493e-9e77-0fdd4f7f0df3,751ce087-1ac0-4754-98e4-03bc44f7debb,a34b91f8-a3f6-4339-9874-c0f1d54c051c,a6bb0755-8f1b-42ba-b328-0df271601e1a,a82b59cb-0d98-4389-9d78-4f2233f34fbf,c0fe700c-34ee-4739-abf9-5a0a78b4c291,cfa538b2-cebf-4eef-b98c-95005d4d9eb2,df9df296-f929-4c76-962a-4e4b28e72dc6,e0e4a2b7-34ed-4410-9b3c-eb6223af8bc8,ea612f5c-28e4-49ab-86aa-533208aa12d0",f,,97ee41e4-8f90-4991-8d67-df26d970bf62,97ee41e4-8f90-4991-8d67-df26d970bf62,,2025-07-30 04:40:04.405915,2025-07-30 04:40:04.405915,distribution_media_history,hg_stock,distribution_media_history_20260822_080123,2026-08-22 08:01:40.05814
3888a97b-d99e-4478-a9d5-c2fb2faaeea4,7deb440a-b73d-461c-803d-29ad9f1bbc2f,f,f,1,7,"","",79c21f64-bccf-409c-a2f4-68a86433c78c,"","",f,"",229dc6f0-0c2f-42cc-8d32-7c3397e96194,229dc6f0-0c2f-42cc-8d32-7c3397e96194,,2025-10-30 02:55:46.451169,2025-10-30 02:55:46.451169,distribution_media_history,hg_stock,distribution_media_history_20260822_080123,2026-08-22 08:01:40.05814
3888aa09-0b05-4033-98c7-67f62ef7bb17,b0fda310-7a99-4893-bdbb-8bd5f2bd5f41,t,f,1,7,"","","52cea1c3-a193-411f-adb4-a6fbffe220eb,7b56a13f-aff1-4987-89fa-3df97114f8a6","","",f,"",94ed467c-ceec-437f-aed7-3317cd4fe1ae,94ed467c-ceec-437f-aed7-3317cd4fe1ae,,2025-10-15 03:23:38.286397,2025-10-15 03:23:38.286397,distribution_media_history,hg_stock,distribution_media_history_20260822_080123,2026-08-22 08:01:40.05814
3888ad62-1404-4411-96c9-fb245953e611,b6c3705f-d0e5-4be2-baee-93b9a31b9bcb,f,f,1,7,"","","211db165-a4e5-46fa-ae35-b3ce4970f396,4b130012-bca4-48d9-b677-a3bbac756669,52cea1c3-a193-411f-adb4-a6fbffe220eb,7657821d-0928-4099-92a1-2146097c66b0,bc1799a3-603f-4412-909a-1f0d9907f17c,db869e71-ba93-441b-a264-32c62f017853","","",f,,ca94cc69-f99d-45f1-a083-7602fbaee6ad,ca94cc69-f99d-45f1-a083-7602fbaee6ad,,2025-05-05 08:39:29.187979,2025-05-05 08:39:29.187979,distribution_media_history,hg_stock,distribution_media_history_20260822_080123,2026-08-22 08:01:40.05814
3888ae85-bde3-4d61-972a-3864e398fbfd,cc562d7f-16da-4b7d-8ea9-19c71c2b5e25,t,t,1,7,"","","","","04cee13a-69b0-41f1-b39c-889f9bd82938,17f48f51-7f38-41b0-a897-21f240726378,189d5957-a376-4804-9ac9-d3ac913f29b2,22c49afc-02e4-47e8-a4ab-9f0c0546ea68,3084841c-a70b-40d9-9edb-7aa498a50dc1,36298fa0-1ce7-4bae-8c41-db0a98d0341a,396221b9-cdc5-45b2-a79f-2d6de550fda9,3ee41b7a-96b5-4ab9-901b-3e0866188b6d,404f9125-d4c4-4da9-ad88-f829bb17ba62,489f9411-5f7e-4301-814a-60567e4e3e30,59113c8d-b24b-43e2-96f3-1eb18e9020bc,66cd6c10-7895-4502-937a-583c0d9ab692,6fccedd4-9c2a-4b13-a908-32363d8ab09d,7f65daf7-a4b7-4c1d-9b27-95a3e2321af0,7ffdacef-5d02-4aa8-b3d3-84c85d823164,82ce273c-9538-45d9-bc55-81d4406d2896,83546f70-3b79-4803-a00d-d4d620662403,84a48d11-c91a-4704-984d-487c05e520f8,8664aefc-082d-45bf-997c-d7924cdc450f,8b53e647-7506-4329-8541-838a25dc90b3,93ab8008-587a-4a00-a78b-1ea011796b10,96fdf1dd-c29d-48c0-9942-b89777d4f662,980be853-40ae-403e-9dfb-e5a0644a55da,988558f8-ab30-4768-aed0-ddcc6cb6b630,a45aa42c-5285-4ac5-8fe7-a51fbd5e1447,aa6908d1-4b4a-4472-8767-934000773385,afe4ba65-c5e3-4bbb-9e23-6ccb370dc871,b5793a82-9df0-404c-b478-a81c03ae4e6c,bd408cb0-2cde-4b1a-b556-8da94c325e1c,c0cc4ed9-8760-4184-b93c-e698dfb46246,c6f97750-2e14-4bb0-8d48-6d7b75af9afb,cbc183a5-8bbf-4ef0-988c-7b542efb0f71,d369fc61-1571-40e8-961b-70044ea493c5,de206049-f16b-4735-bac3-6af89517d5f6,e07abf1a-e63a-4a79-8ed5-11dbd5b7268c,e08f3c2d-0236-4fd0-8b86-d978d047ef93,e5a984fb-9511-483f-9ca8-2624f19dffac,ed0b4e25-e812-41ba-b50b-6963218c597f,ed44140b-5cc4-4d47-8ad1-afdb356aa44b,eee97771-c2ef-426b-8c92-fde92d29fa00,f335762b-0da1-428e-87a0-bec2dfa6b557,f475b91f-4997-46e8-9c30-f89c24d0a3bf,f601dbeb-2cae-4c86-9924-ce54abb0c3fb,fa2d090f-99ed-4048-bc02-56e323844e79,fad1e7bc-99f8-4821-beff-abd4694d5006,fd42dc28-9ff0-4379-8e65-fbca6f35de60,feb6927d-ee9b-40fc-8897-54a2bef67493",f,,3a9ff8c5-8923-4d19-a09e-2c8d79cc7c6f,3a9ff8c5-8923-4d19-a09e-2c8d79cc7c6f,,2025-07-18 07:55:08.18217,2025-07-18 07:55:08.18217,distribution_media_history,hg_stock,distribution_media_history_20260822_080123,2026-08-22 08:01:40.05814
3888ba59-10ac-4bd2-afcc-bdd2ef04ea5b,3d3db1d1-1fad-420d-95fc-f80013d5d15f,t,t,1,7,"","","","","04cee13a-69b0-41f1-b39c-889f9bd82938,17f48f51-7f38-41b0-a897-21f240726378,189d5957-a376-4804-9ac9-d3ac913f29b2,22c49afc-02e4-47e8-a4ab-9f0c0546ea68,3084841c-a70b-40d9-9edb-7aa498a50dc1,36298fa0-1ce7-4bae-8c41-db0a98d0341a,396221b9-cdc5-45b2-a79f-2d6de550fda9,3ee41b7a-96b5-4ab9-901b-3e0866188b6d,404f9125-d4c4-4da9-ad88-f829bb17ba62,489f9411-5f7e-4301-814a-60567e4e3e30,59113c8d-b24b-43e2-96f3-1eb18e9020bc,5c1b1d8f-d4a9-4a22-934a-43831e85d1e4,66cd6c10-7895-4502-937a-583c0d9ab692,6fccedd4-9c2a-4b13-a908-32363d8ab09d,7f65daf7-a4b7-4c1d-9b27-95a3e2321af0,7ffdacef-5d02-4aa8-b3d3-84c85d823164,82ce273c-9538-45d9-bc55-81d4406d2896,83546f70-3b79-4803-a00d-d4d620662403,84a48d11-c91a-4704-984d-487c05e520f8,8664aefc-082d-45bf-997c-d7924cdc450f,8b53e647-7506-4329-8541-838a25dc90b3,980be853-40ae-403e-9dfb-e5a0644a55da,988558f8-ab30-4768-aed0-ddcc6cb6b630,a45aa42c-5285-4ac5-8fe7-a51fbd5e1447,aa6908d1-4b4a-4472-8767-934000773385,b5793a82-9df0-404c-b478-a81c03ae4e6c,bd408cb0-2cde-4b1a-b556-8da94c325e1c,c0cc4ed9-8760-4184-b93c-e698dfb46246,c6f97750-2e14-4bb0-8d48-6d7b75af9afb,cbc183a5-8bbf-4ef0-988c-7b542efb0f71,d369fc61-1571-40e8-961b-70044ea493c5,de206049-f16b-4735-bac3-6af89517d5f6,e07abf1a-e63a-4a79-8ed5-11dbd5b7268c,e08f3c2d-0236-4fd0-8b86-d978d047ef93,e5a984fb-9511-483f-9ca8-2624f19dffac,ed0b4e25-e812-41ba-b50b-6963218c597f,ed44140b-5cc4-4d47-8ad1-afdb356aa44b,f335762b-0da1-428e-87a0-bec2dfa6b557,f475b91f-4997-46e8-9c30-f89c24d0a3bf,f601dbeb-2cae-4c86-9924-ce54abb0c3fb,fa2d090f-99ed-4048-bc02-56e323844e79,fad1e7bc-99f8-4821-beff-abd4694d5006,fd42dc28-9ff0-4379-8e65-fbca6f35de60,feb6927d-ee9b-40fc-8897-54a2bef67493",f,,3a9ff8c5-8923-4d19-a09e-2c8d79cc7c6f,3a9ff8c5-8923-4d19-a09e-2c8d79cc7c6f,,2025-07-30 02:47:23.927187,2025-07-30 02:47:23.927187,distribution_media_history,hg_stock,distribution_media_history_20260822_080123,2026-08-22 08:01:40.05814
38891b1e-469e-492b-b01f-56af9e3ff1e1,8f669e99-75da-47ff-951d-47165552846e,t,f,1,7,"","","","","04cee13a-69b0-41f1-b39c-889f9bd82938,17f48f51-7f38-41b0-a897-21f240726378,189d5957-a376-4804-9ac9-d3ac913f29b2,22c49afc-02e4-47e8-a4ab-9f0c0546ea68,3084841c-a70b-40d9-9edb-7aa498a50dc1,36298fa0-1ce7-4bae-8c41-db0a98d0341a,396221b9-cdc5-45b2-a79f-2d6de550fda9,3ee41b7a-96b5-4ab9-901b-3e0866188b6d,404f9125-d4c4-4da9-ad88-f829bb17ba62,489f9411-5f7e-4301-814a-60567e4e3e30,59113c8d-b24b-43e2-96f3-1eb18e9020bc,66cd6c10-7895-4502-937a-583c0d9ab692,6fccedd4-9c2a-4b13-a908-32363d8ab09d,7f65daf7-a4b7-4c1d-9b27-95a3e2321af0,7ffdacef-5d02-4aa8-b3d3-84c85d823164,82ce273c-9538-45d9-bc55-81d4406d2896,83546f70-3b79-4803-a00d-d4d620662403,84a48d11-c91a-4704-984d-487c05e520f8,8664aefc-082d-45bf-997c-d7924cdc450f,8b53e647-7506-4329-8541-838a25dc90b3,93ab8008-587a-4a00-a78b-1ea011796b10,96fdf1dd-c29d-48c0-9942-b89777d4f662,980be853-40ae-403e-9dfb-e5a0644a55da,988558f8-ab30-4768-aed0-ddcc6cb6b630,a45aa42c-5285-4ac5-8fe7-a51fbd5e1447,aa6908d1-4b4a-4472-8767-934000773385,afe4ba65-c5e3-4bbb-9e23-6ccb370dc871,b5793a82-9df0-404c-b478-a81c03ae4e6c,bd408cb0-2cde-4b1a-b556-8da94c325e1c,c0cc4ed9-8760-4184-b93c-e698dfb46246,c6f97750-2e14-4bb0-8d48-6d7b75af9afb,cbc183a5-8bbf-4ef0-988c-7b542efb0f71,d369fc61-1571-40e8-961b-70044ea493c5,de206049-f16b-4735-bac3-6af89517d5f6,e07abf1a-e63a-4a79-8ed5-11dbd5b7268c,e08f3c2d-0236-4fd0-8b86-d978d047ef93,e5a984fb-9511-483f-9ca8-2624f19dffac,ed0b4e25-e812-41ba-b50b-6963218c597f,ed44140b-5cc4-4d47-8ad1-afdb356aa44b,eee97771-c2ef-426b-8c92-fde92d29fa00,f335762b-0da1-428e-87a0-bec2dfa6b557,f475b91f-4997-46e8-9c30-f89c24d0a3bf,f601dbeb-2cae-4c86-9924-ce54abb0c3fb,fa2d090f-99ed-4048-bc02-56e323844e79,fad1e7bc-99f8-4821-beff-abd4694d5006,fd42dc28-9ff0-4379-8e65-fbca6f35de60,feb6927d-ee9b-40fc-8897-54a2bef67493",f,,3a9ff8c5-8923-4d19-a09e-2c8d79cc7c6f,3a9ff8c5-8923-4d19-a09e-2c8d79cc7c6f,,2025-07-18 07:55:08.18494,2025-07-18 07:55:08.18494,distribution_media_history,hg_stock,distribution_media_history_20260822_080123,2026-08-22 08:01:40.05814
3889313c-7509-47df-9481-a9e772ed0356,edeead06-c0ce-4bd8-97cf-6d7c9c045381,f,f,1,7,"","","0749da15-f004-4cad-8a3f-26ebdf77e84c,de0102b9-50f9-41fa-992a-06ae9eb82724","","",f,,8eefc4bf-3fda-4bc0-9a87-367394527a6a,8eefc4bf-3fda-4bc0-9a87-367394527a6a,,2025-05-05 08:40:25.732799,2025-05-05 08:40:25.732799,distribution_media_history,hg_stock,distribution_media_history_20260822_080123,2026-08-22 08:01:40.05814
3889382f-af36-404a-b054-db8ef789735f,f9f465c5-418d-4ec2-b754-55f4f1131d63,f,f,1,7,"","","48a1af96-5a7d-40d9-8ebe-4e3655f14e4b,854cae12-c88d-4bb4-85cf-4ed044d8e963,f30dad8c-85eb-43c2-a375-5d3fe9ff31ce","","",f,,ed8e0c83-aaec-49eb-8379-90f06bb587ed,ed8e0c83-aaec-49eb-8379-90f06bb587ed,,2025-05-05 08:40:39.203195,2025-05-05 08:40:39.203195,distribution_media_history,hg_stock,distribution_media_history_20260822_080123,2026-08-22 08:01:40.05814
38893fcf-a8cd-4518-9c68-607a8e739542,637f8b24-e12a-4b44-9150-018847081531,t,t,1,7,"","",0cffc79b-1bd0-4f1d-a3a6-5d681ef29479,"","",f,,115829f6-e312-4bd8-b758-d6deced8dc94,115829f6-e312-4bd8-b758-d6deced8dc94,,2025-05-19 02:49:24.412313,2025-05-19 02:49:24.412313,distribution_media_history,hg_stock,distribution_media_history_20260822_080123,2026-08-22 08:01:40.05814
388949a7-a3ff-45ab-ad61-476a2e7fe333,e8cad7f0-5066-4f57-a615-7994e2d188fd,t,t,0,7,"","","","","189d5957-a376-4804-9ac9-d3ac913f29b2,ed44140b-5cc4-4d47-8ad1-afdb356aa44b,3ee41b7a-96b5-4ab9-901b-3e0866188b6d,feb6927d-ee9b-40fc-8897-54a2bef67493,04cee13a-69b0-41f1-b39c-889f9bd82938,396221b9-cdc5-45b2-a79f-2d6de550fda9,7ffdacef-5d02-4aa8-b3d3-84c85d823164,f475b91f-4997-46e8-9c30-f89c24d0a3bf,988558f8-ab30-4768-aed0-ddcc6cb6b630,36298fa0-1ce7-4bae-8c41-db0a98d0341a,b5793a82-9df0-404c-b478-a81c03ae4e6c,f335762b-0da1-428e-87a0-bec2dfa6b557,eee97771-c2ef-426b-8c92-fde92d29fa00,7f65daf7-a4b7-4c1d-9b27-95a3e2321af0,59113c8d-b24b-43e2-96f3-1eb18e9020bc,ed0b4e25-e812-41ba-b50b-6963218c597f,84a48d11-c91a-4704-984d-487c05e520f8,aa6908d1-4b4a-4472-8767-934000773385,489f9411-5f7e-4301-814a-60567e4e3e30,3084841c-a70b-40d9-9edb-7aa498a50dc1,bd408cb0-2cde-4b1a-b556-8da94c325e1c,82ce273c-9538-45d9-bc55-81d4406d2896,de206049-f16b-4735-bac3-6af89517d5f6,404f9125-d4c4-4da9-ad88-f829bb17ba62,a45aa42c-5285-4ac5-8fe7-a51fbd5e1447,8664aefc-082d-45bf-997c-d7924cdc450f,afe4ba65-c5e3-4bbb-9e23-6ccb370dc871,83546f70-3b79-4803-a00d-d4d620662403,66cd6c10-7895-4502-937a-583c0d9ab692,980be853-40ae-403e-9dfb-e5a0644a55da,8b53e647-7506-4329-8541-838a25dc90b3,22c49afc-02e4-47e8-a4ab-9f0c0546ea68,17f48f51-7f38-41b0-a897-21f240726378,d369fc61-1571-40e8-961b-70044ea493c5,6fccedd4-9c2a-4b13-a908-32363d8ab09d,fa2d090f-99ed-4048-bc02-56e323844e79,c6f97750-2e14-4bb0-8d48-6d7b75af9afb,cbc183a5-8bbf-4ef0-988c-7b542efb0f71,e07abf1a-e63a-4a79-8ed5-11dbd5b7268c,f601dbeb-2cae-4c86-9924-ce54abb0c3fb,e08f3c2d-0236-4fd0-8b86-d978d047ef93,c0cc4ed9-8760-4184-b93c-e698dfb46246",f,,3a9ff8c5-8923-4d19-a09e-2c8d79cc7c6f,3a9ff8c5-8923-4d19-a09e-2c8d79cc7c6f,,2025-06-17 04:38:53.335346,2025-06-17 04:38:53.335346,distribution_media_history,hg_stock,distribution_media_history_20260822_080123,2026-08-22 08:01:40.05814
38894b47-4e33-4630-9ed4-a3a38b1bef31,6a2d3aa0-4769-475c-8c9c-973cd3cdc8da,f,f,1,90,"","","","","",t,"1190b645-1f41-44cb-8680-5726382adcc2,de337a89-766b-4121-bf74-03703fbc9236",358dceb1-c1b0-46b9-a24f-c1b6a7fdb2dd,358dceb1-c1b0-46b9-a24f-c1b6a7fdb2dd,,2026-03-18 15:04:41.074873,2026-03-18 15:04:41.074873,distribution_media_history,hg_stock,distribution_media_history_20260822_080123,2026-08-22 08:01:40.05814
38897dca-3bfa-4d74-b53d-314b3f537d5b,438519c9-1ef5-43b1-a474-4f4c60b3ef2f,f,f,1,7,"","","","","",f,bb281f30-a98b-4ee3-b04b-317ae9af5dff,3a9ff8c5-8923-4d19-a09e-2c8d79cc7c6f,3a9ff8c5-8923-4d19-a09e-2c8d79cc7c6f,,2025-12-05 03:52:53.882471,2025-12-05 03:52:53.882471,distribution_media_history,hg_stock,distribution_media_history_20260822_080123,2026-08-22 08:01:40.05814
388992ca-f356-4b08-9f45-521a9e864a7b,9bd13c06-1b94-4798-86ec-d1a62d6b48d9,f,f,1,90,"","","","","",f,1190b645-1f41-44cb-8680-5726382adcc2,358dceb1-c1b0-46b9-a24f-c1b6a7fdb2dd,358dceb1-c1b0-46b9-a24f-c1b6a7fdb2dd,,2026-03-04 05:09:29.927128,2026-03-04 05:09:29.927128,distribution_media_history,hg_stock,distribution_media_history_20260822_080123,2026-08-22 08:01:40.05814
38899a00-b13f-4dce-a837-57b29bb6f4a8,bf27887e-d127-45c4-8a9f-d2a6cebe5f1e,f,f,1,7,"","","48a1af96-5a7d-40d9-8ebe-4e3655f14e4b,7a389018-94d3-443d-9646-ed7b63117169,854cae12-c88d-4bb4-85cf-4ed044d8e963,f30dad8c-85eb-43c2-a375-5d3fe9ff31ce,f5a4dab5-df91-4776-9a1f-1c2e1ed7ce8b","","",f,,,,,2025-05-05 08:39:42.975214,2025-05-05 08:39:42.975214,distribution_media_history,hg_stock,distribution_media_history_20260822_080123,2026-08-22 08:01:40.05814
3889a3dd-ea00-474f-b103-a5f218f2fe52,eb3a0401-1e97-4118-adc8-d9d3a29d1190,f,f,1,7,"","","","",93417e00-e1f8-4bde-989b-59cd30dd8a5e,f,"",3a9ff8c5-8923-4d19-a09e-2c8d79cc7c6f,3a9ff8c5-8923-4d19-a09e-2c8d79cc7c6f,,2026-01-08 07:11:10.983927,2026-01-08 07:11:10.983927,distribution_media_history,hg_stock,distribution_media_history_20260822_080123,2026-08-22 08:01:40.05814
3889aacf-2c17-40b5-a0ef-1322e9949fec,fb4aeaba-1e33-485b-97e8-abb6945e8134,t,t,1,7,"","","","","04cee13a-69b0-41f1-b39c-889f9bd82938,17f48f51-7f38-41b0-a897-21f240726378,189d5957-a376-4804-9ac9-d3ac913f29b2,22c49afc-02e4-47e8-a4ab-9f0c0546ea68,3084841c-a70b-40d9-9edb-7aa498a50dc1,36298fa0-1ce7-4bae-8c41-db0a98d0341a,396221b9-cdc5-45b2-a79f-2d6de550fda9,3ee41b7a-96b5-4ab9-901b-3e0866188b6d,404f9125-d4c4-4da9-ad88-f829bb17ba62,489f9411-5f7e-4301-814a-60567e4e3e30,59113c8d-b24b-43e2-96f3-1eb18e9020bc,5c1b1d8f-d4a9-4a22-934a-43831e85d1e4,66cd6c10-7895-4502-937a-583c0d9ab692,6fccedd4-9c2a-4b13-a908-32363d8ab09d,7f65daf7-a4b7-4c1d-9b27-95a3e2321af0,7ffdacef-5d02-4aa8-b3d3-84c85d823164,82ce273c-9538-45d9-bc55-81d4406d2896,83546f70-3b79-4803-a00d-d4d620662403,84a48d11-c91a-4704-984d-487c05e520f8,8664aefc-082d-45bf-997c-d7924cdc450f,8b53e647-7506-4329-8541-838a25dc90b3,93ab8008-587a-4a00-a78b-1ea011796b10,96fdf1dd-c29d-48c0-9942-b89777d4f662,980be853-40ae-403e-9dfb-e5a0644a55da,988558f8-ab30-4768-aed0-ddcc6cb6b630,a45aa42c-5285-4ac5-8fe7-a51fbd5e1447,aa6908d1-4b4a-4472-8767-934000773385,afe4ba65-c5e3-4bbb-9e23-6ccb370dc871,b5793a82-9df0-404c-b478-a81c03ae4e6c,bd408cb0-2cde-4b1a-b556-8da94c325e1c,c0cc4ed9-8760-4184-b93c-e698dfb46246,c6f97750-2e14-4bb0-8d48-6d7b75af9afb,cbc183a5-8bbf-4ef0-988c-7b542efb0f71,d369fc61-1571-40e8-961b-70044ea493c5,de206049-f16b-4735-bac3-6af89517d5f6,e07abf1a-e63a-4a79-8ed5-11dbd5b7268c,e08f3c2d-0236-4fd0-8b86-d978d047ef93,e5a984fb-9511-483f-9ca8-2624f19dffac,ed0b4e25-e812-41ba-b50b-6963218c597f,ed44140b-5cc4-4d47-8ad1-afdb356aa44b,eee97771-c2ef-426b-8c92-fde92d29fa00,f335762b-0da1-428e-87a0-bec2dfa6b557,f475b91f-4997-46e8-9c30-f89c24d0a3bf,f601dbeb-2cae-4c86-9924-ce54abb0c3fb,fa2d090f-99ed-4048-bc02-56e323844e79,fad1e7bc-99f8-4821-beff-abd4694d5006,fd42dc28-9ff0-4379-8e65-fbca6f35de60,feb6927d-ee9b-40fc-8897-54a2bef67493",f,,3a9ff8c5-8923-4d19-a09e-2c8d79cc7c6f,3a9ff8c5-8923-4d19-a09e-2c8d79cc7c6f,,2025-07-23 08:20:06.041462,2025-07-23 08:20:06.041462,distribution_media_history,hg_stock,distribution_media_history_20260822_080123,2026-08-22 08:01:40.05814
3889d224-3254-4d54-a596-c62508e513c9,b683da20-4197-4410-a948-2d0aec332281,t,f,1,7,"","","15b9cfe7-85ee-4d5c-910a-8dd18e3c08a8,211db165-a4e5-46fa-ae35-b3ce4970f396,270551e0-15db-4b4a-8bed-b0a9a3a44dff,4b130012-bca4-48d9-b677-a3bbac756669,5026b271-3ca4-475e-b42b-ecaef67294c8,52cea1c3-a193-411f-adb4-a6fbffe220eb,629885eb-65c4-4921-a300-3c618c8961e3,7657821d-0928-4099-92a1-2146097c66b0,7ad7d9b9-4600-4db5-a3a8-e7c243499008,ba826125-ec02-4f09-b0d4-9e4aeeb11c0a,db869e71-ba93-441b-a264-32c62f017853,df42ed2a-f2da-49a1-a4ea-36e358b59bee,fcdd5322-049e-4b50-aecf-593d36d18b8f","","",f,,809da474-a679-4f76-87f8-bb8ddfb8b815,809da474-a679-4f76-87f8-bb8ddfb8b815,,2025-05-05 08:39:29.187856,2025-05-05 08:39:29.187856,distribution_media_history,hg_stock,distribution_media_history_20260822_080123,2026-08-22 08:01:40.05814
3889deea-721f-42fe-85ba-fc9f3e16685b,275e3ae8-e928-4849-9ec0-f8a614ad08e5,f,f,1,7,"","","025355b0-25e4-4224-a2e8-0166b96d97c2,52cea1c3-a193-411f-adb4-a6fbffe220eb","","",f,"",9a1fc915-e747-4aa4-a786-19c67cd5ea2e,9a1fc915-e747-4aa4-a786-19c67cd5ea2e,,2025-10-13 07:55:12.149898,2025-10-13 07:55:12.149898,distribution_media_history,hg_stock,distribution_media_history_20260822_080123,2026-08-22 08:01:40.05814
3889df80-70fc-4d95-8722-3425ced70025,44a2ded6-dfda-4d7c-aad7-1357dd11974d,t,t,1,30,"","","","","",f,1cdbc000-1c24-485c-8e71-fb91a4d5fcb6,3a9ff8c5-8923-4d19-a09e-2c8d79cc7c6f,3a9ff8c5-8923-4d19-a09e-2c8d79cc7c6f,,2025-12-27 08:23:54.224231,2025-12-27 08:23:54.224231,distribution_media_history,hg_stock,distribution_media_history_20260822_080123,2026-08-22 08:01:40.05814
3889f813-fb5d-4db6-b309-773753d34036,6ef214b7-1bb5-4094-bcac-e4d279bc5511,f,f,1,90,"","","","","",t,"1190b645-1f41-44cb-8680-5726382adcc2,de337a89-766b-4121-bf74-03703fbc9236",358dceb1-c1b0-46b9-a24f-c1b6a7fdb2dd,358dceb1-c1b0-46b9-a24f-c1b6a7fdb2dd,,2026-03-18 15:04:28.216141,2026-03-18 15:04:28.216141,distribution_media_history,hg_stock,distribution_media_history_20260822_080123,2026-08-22 08:01:40.05814
3889fa80-5dc1-4ba5-87b0-6716165727ef,c05d9978-acc5-42a5-90e4-cc70216e1016,f,f,1,7,"","","48a1af96-5a7d-40d9-8ebe-4e3655f14e4b,7a389018-94d3-443d-9646-ed7b63117169,854cae12-c88d-4bb4-85cf-4ed044d8e963,f30dad8c-85eb-43c2-a375-5d3fe9ff31ce,f5a4dab5-df91-4776-9a1f-1c2e1ed7ce8b","","",f,,,,,2025-05-05 08:39:42.975749,2025-05-05 08:39:42.975749,distribution_media_history,hg_stock,distribution_media_history_20260822_080123,2026-08-22 08:01:40.05814
3889fcfc-4aae-4eee-a32c-57ac552b5136,a24b3831-a043-44d1-a3ca-d18cc38cd400,f,f,1,7,"","5938543b-a59a-40f7-b443-88fa3e8e1c08,bbb010aa-f95e-4f78-981e-fcf16bc0efda,dd41b60b-e690-4c86-9e3e-d6f3700910e2","","","",f,"",6a34ddae-be72-471a-ad45-7e226c3a141f,6a34ddae-be72-471a-ad45-7e226c3a141f,,2025-10-14 03:30:08.592581,2025-10-14 03:30:08.592581,distribution_media_history,hg_stock,distribution_media_history_20260822_080123,2026-08-22 08:01:40.05814
3889fd32-095e-402c-b8a2-fa45faea7bfc,9b68b553-2164-4a71-8377-843a0a9fa36b,f,f,1,30,"","","","","",f,1190b645-1f41-44cb-8680-5726382adcc2,358dceb1-c1b0-46b9-a24f-c1b6a7fdb2dd,358dceb1-c1b0-46b9-a24f-c1b6a7fdb2dd,,2026-01-20 08:57:01.502381,2026-01-20 08:57:01.502381,distribution_media_history,hg_stock,distribution_media_history_20260822_080123,2026-08-22 08:01:40.05814
388a08d0-de20-4a7a-bb97-f5a8f0ee9e75,6544b318-4ecc-4c75-b5b9-66b9b86e63d6,f,f,1,45,"","",d5f7848f-7b70-4ee9-b68a-070d7dc9afb9,"","",f,"",229dc6f0-0c2f-42cc-8d32-7c3397e96194,229dc6f0-0c2f-42cc-8d32-7c3397e96194,,2025-12-12 02:58:14.040721,2025-12-12 02:58:14.040721,distribution_media_history,hg_stock,distribution_media_history_20260822_080123,2026-08-22 08:01:40.05814
388a0a96-2f93-4ee0-882a-023820bb5616,e186c7f4-c71d-4c04-8297-fd53014dcaa6,f,f,1,7,"","","15b9cfe7-85ee-4d5c-910a-8dd18e3c08a8,211db165-a4e5-46fa-ae35-b3ce4970f396,270551e0-15db-4b4a-8bed-b0a9a3a44dff,4b130012-bca4-48d9-b677-a3bbac756669,5026b271-3ca4-475e-b42b-ecaef67294c8,52cea1c3-a193-411f-adb4-a6fbffe220eb,629885eb-65c4-4921-a300-3c618c8961e3,7657821d-0928-4099-92a1-2146097c66b0,7ad7d9b9-4600-4db5-a3a8-e7c243499008,ba826125-ec02-4f09-b0d4-9e4aeeb11c0a,db869e71-ba93-441b-a264-32c62f017853,df42ed2a-f2da-49a1-a4ea-36e358b59bee,fcdd5322-049e-4b50-aecf-593d36d18b8f","","",f,,ecea4636-c7f9-453a-9ad4-0ed81277cf00,ecea4636-c7f9-453a-9ad4-0ed81277cf00,,2025-05-05 08:40:11.018974,2025-05-05 08:40:11.018974,distribution_media_history,hg_stock,distribution_media_history_20260822_080123,2026-08-22 08:01:40.05814
388a2317-d363-4640-ae25-f09ba3f3c5de,be2dc76a-5f68-453b-9250-d33b76011f6b,f,f,1,-1,"",33598a6f-ee6d-4e9d-978d-77a170731d49,"","","02a76bae-1e0a-4243-9c5c-9e4ed900c331,8c97a1cc-4e04-4b26-8c5b-8c2902e97b74,dfa6d32a-5a5f-42d0-86d3-d76e599d3fdb",t,"",c47f3399-05a0-4073-8685-89972808f783,c47f3399-05a0-4073-8685-89972808f783,,2026-03-27 07:54:05.282873,2026-03-27 07:54:05.282873,distribution_media_history,hg_stock,distribution_media_history_20260822_080123,2026-08-22 08:01:40.05814
388a2962-791c-4f12-bbde-3b3a3bb702ef,2973bb7c-a2d8-45c6-b3a3-4483ae8cd6bb,f,f,1,7,"","","","","",f,fb87f1a4-891e-4bd5-8a03-e1d8f4fb931c,ae786cf3-a6b6-4a7d-9ea0-ead631615e0c,ae786cf3-a6b6-4a7d-9ea0-ead631615e0c,,2026-01-22 02:36:38.958478,2026-01-22 02:36:38.958478,distribution_media_history,hg_stock,distribution_media_history_20260822_080123,2026-08-22 08:01:40.05814
388a296d-40e5-45c6-a83f-018d54398f97,0c93e7a5-2e91-4212-8c44-609d9d18cbf5,f,f,1,7,"","",48a1af96-5a7d-40d9-8ebe-4e3655f14e4b,"","",f,,,,,2025-05-05 08:35:56.508345,2025-05-05 08:35:56.508345,distribution_media_history,hg_stock,distribution_media_history_20260822_080123,2026-08-22 08:01:40.05814
388a3e76-c67c-49fb-aee4-aa0881ad9823,151d6031-a929-4ef6-bdca-843f88a3ff2a,t,t,1,7,"","","","","04cee13a-69b0-41f1-b39c-889f9bd82938,17f48f51-7f38-41b0-a897-21f240726378,189d5957-a376-4804-9ac9-d3ac913f29b2,22c49afc-02e4-47e8-a4ab-9f0c0546ea68,3084841c-a70b-40d9-9edb-7aa498a50dc1,36298fa0-1ce7-4bae-8c41-db0a98d0341a,396221b9-cdc5-45b2-a79f-2d6de550fda9,3ee41b7a-96b5-4ab9-901b-3e0866188b6d,404f9125-d4c4-4da9-ad88-f829bb17ba62,489f9411-5f7e-4301-814a-60567e4e3e30,59113c8d-b24b-43e2-96f3-1eb18e9020bc,5c1b1d8f-d4a9-4a22-934a-43831e85d1e4,66cd6c10-7895-4502-937a-583c0d9ab692,6fccedd4-9c2a-4b13-a908-32363d8ab09d,7f65daf7-a4b7-4c1d-9b27-95a3e2321af0,7ffdacef-5d02-4aa8-b3d3-84c85d823164,82ce273c-9538-45d9-bc55-81d4406d2896,83546f70-3b79-4803-a00d-d4d620662403,84a48d11-c91a-4704-984d-487c05e520f8,8664aefc-082d-45bf-997c-d7924cdc450f,8b53e647-7506-4329-8541-838a25dc90b3,93ab8008-587a-4a00-a78b-1ea011796b10,96fdf1dd-c29d-48c0-9942-b89777d4f662,980be853-40ae-403e-9dfb-e5a0644a55da,988558f8-ab30-4768-aed0-ddcc6cb6b630,a45aa42c-5285-4ac5-8fe7-a51fbd5e1447,aa6908d1-4b4a-4472-8767-934000773385,afe4ba65-c5e3-4bbb-9e23-6ccb370dc871,b5793a82-9df0-404c-b478-a81c03ae4e6c,bd408cb0-2cde-4b1a-b556-8da94c325e1c,c0cc4ed9-8760-4184-b93c-e698dfb46246,c6f97750-2e14-4bb0-8d48-6d7b75af9afb,cbc183a5-8bbf-4ef0-988c-7b542efb0f71,d369fc61-1571-40e8-961b-70044ea493c5,de206049-f16b-4735-bac3-6af89517d5f6,e07abf1a-e63a-4a79-8ed5-11dbd5b7268c,e08f3c2d-0236-4fd0-8b86-d978d047ef93,e5a984fb-9511-483f-9ca8-2624f19dffac,ed0b4e25-e812-41ba-b50b-6963218c597f,ed44140b-5cc4-4d47-8ad1-afdb356aa44b,eee97771-c2ef-426b-8c92-fde92d29fa00,f335762b-0da1-428e-87a0-bec2dfa6b557,f475b91f-4997-46e8-9c30-f89c24d0a3bf,f601dbeb-2cae-4c86-9924-ce54abb0c3fb,fa2d090f-99ed-4048-bc02-56e323844e79,fad1e7bc-99f8-4821-beff-abd4694d5006,fd42dc28-9ff0-4379-8e65-fbca6f35de60,feb6927d-ee9b-40fc-8897-54a2bef67493",f,,3a9ff8c5-8923-4d19-a09e-2c8d79cc7c6f,3a9ff8c5-8923-4d19-a09e-2c8d79cc7c6f,,2025-07-23 08:20:06.051731,2025-07-23 08:20:06.051731,distribution_media_history,hg_stock,distribution_media_history_20260822_080123,2026-08-22 08:01:40.05814
388a504a-ea5f-4b18-b133-29378f396340,a7e478b8-7521-4892-921f-ad12488817af,t,t,1,7,"","","","","",f,1cdbc000-1c24-485c-8e71-fb91a4d5fcb6,3a9ff8c5-8923-4d19-a09e-2c8d79cc7c6f,3a9ff8c5-8923-4d19-a09e-2c8d79cc7c6f,,2025-09-09 07:15:41.627455,2025-09-09 07:15:41.627455,distribution_media_history,hg_stock,distribution_media_history_20260822_080123,2026-08-22 08:01:40.05814
388a58f8-3f62-4711-a9a3-0fd98cabd953,881cc707-e82e-42da-80e0-a26b58ca4052,f,t,1,7,"","","",759f10e0-afb6-42bc-b485-79095b281b83,"",f,,229dc6f0-0c2f-42cc-8d32-7c3397e96194,229dc6f0-0c2f-42cc-8d32-7c3397e96194,,2025-06-03 08:21:16.816246,2025-06-03 08:21:16.816246,distribution_media_history,hg_stock,distribution_media_history_20260822_080123,2026-08-22 08:01:40.05814
388a6634-5e60-4238-9f90-61bcef8b75c4,eaf9b6a7-0e37-4b8a-8d8b-d87274a6ee66,f,f,1,14,"","","","",fbae41ad-cb2a-4ecf-9b2d-5264e605093b,f,"",4cf4d8d0-959b-4d27-882a-ef1ce5b92241,4cf4d8d0-959b-4d27-882a-ef1ce5b92241,,2026-01-14 05:47:01.643738,2026-01-14 05:47:01.643738,distribution_media_history,hg_stock,distribution_media_history_20260822_080123,2026-08-22 08:01:40.05814
388a7002-faad-4532-98c6-4a4e131d1590,15a99640-050d-4f59-97fc-f81dd24295b6,f,f,0,7,"","","",af13f5cc-6b51-4949-ad6c-1786c27eaa3d,"",f,,ed8e0c83-aaec-49eb-8379-90f06bb587ed,ed8e0c83-aaec-49eb-8379-90f06bb587ed,,2025-06-17 09:09:58.826525,2025-06-17 09:09:58.826525,distribution_media_history,hg_stock,distribution_media_history_20260822_080123,2026-08-22 08:01:40.05814
388b02cc-defa-42d7-9ec8-fe8158d5682d,c185d335-c66c-43b8-bfad-c1a999b9c22e,f,f,1,7,"","","48a1af96-5a7d-40d9-8ebe-4e3655f14e4b,64362801-3c17-4e99-b10a-bc7a8dc10c14,854cae12-c88d-4bb4-85cf-4ed044d8e963,be3902b4-f926-4850-ba31-f18b178b9d39,f30dad8c-85eb-43c2-a375-5d3fe9ff31ce,f5a4dab5-df91-4776-9a1f-1c2e1ed7ce8b","","",f,,86c15142-9744-4a72-9d2a-4d46d6ccb1cd,86c15142-9744-4a72-9d2a-4d46d6ccb1cd,,2025-05-05 08:39:42.976196,2025-05-05 08:39:42.976196,distribution_media_history,hg_stock,distribution_media_history_20260822_080123,2026-08-22 08:01:40.05814
388b2b29-5c4e-44d1-b733-899c529aee1e,3ff58799-2bc0-4734-9568-51834f180e4e,f,f,1,90,"","","","","",f,1190b645-1f41-44cb-8680-5726382adcc2,358dceb1-c1b0-46b9-a24f-c1b6a7fdb2dd,358dceb1-c1b0-46b9-a24f-c1b6a7fdb2dd,,2026-03-04 05:07:14.498394,2026-03-04 05:07:14.498394,distribution_media_history,hg_stock,distribution_media_history_20260822_080123,2026-08-22 08:01:40.05814
388a85c8-2773-4790-9a26-e027f1a37445,28bc89b3-e8bb-463a-a534-323ccb3d6bfc,t,t,0,7,"","","","","189d5957-a376-4804-9ac9-d3ac913f29b2,ed44140b-5cc4-4d47-8ad1-afdb356aa44b,3ee41b7a-96b5-4ab9-901b-3e0866188b6d,feb6927d-ee9b-40fc-8897-54a2bef67493,04cee13a-69b0-41f1-b39c-889f9bd82938,396221b9-cdc5-45b2-a79f-2d6de550fda9,7ffdacef-5d02-4aa8-b3d3-84c85d823164,f475b91f-4997-46e8-9c30-f89c24d0a3bf,988558f8-ab30-4768-aed0-ddcc6cb6b630,36298fa0-1ce7-4bae-8c41-db0a98d0341a,b5793a82-9df0-404c-b478-a81c03ae4e6c,f335762b-0da1-428e-87a0-bec2dfa6b557,eee97771-c2ef-426b-8c92-fde92d29fa00,7f65daf7-a4b7-4c1d-9b27-95a3e2321af0,59113c8d-b24b-43e2-96f3-1eb18e9020bc,ed0b4e25-e812-41ba-b50b-6963218c597f,84a48d11-c91a-4704-984d-487c05e520f8,aa6908d1-4b4a-4472-8767-934000773385,489f9411-5f7e-4301-814a-60567e4e3e30,3084841c-a70b-40d9-9edb-7aa498a50dc1,bd408cb0-2cde-4b1a-b556-8da94c325e1c,82ce273c-9538-45d9-bc55-81d4406d2896,de206049-f16b-4735-bac3-6af89517d5f6,404f9125-d4c4-4da9-ad88-f829bb17ba62,a45aa42c-5285-4ac5-8fe7-a51fbd5e1447,8664aefc-082d-45bf-997c-d7924cdc450f,afe4ba65-c5e3-4bbb-9e23-6ccb370dc871,83546f70-3b79-4803-a00d-d4d620662403,66cd6c10-7895-4502-937a-583c0d9ab692,980be853-40ae-403e-9dfb-e5a0644a55da,8b53e647-7506-4329-8541-838a25dc90b3,22c49afc-02e4-47e8-a4ab-9f0c0546ea68,17f48f51-7f38-41b0-a897-21f240726378,d369fc61-1571-40e8-961b-70044ea493c5,6fccedd4-9c2a-4b13-a908-32363d8ab09d,fa2d090f-99ed-4048-bc02-56e323844e79,c6f97750-2e14-4bb0-8d48-6d7b75af9afb,cbc183a5-8bbf-4ef0-988c-7b542efb0f71,e07abf1a-e63a-4a79-8ed5-11dbd5b7268c,f601dbeb-2cae-4c86-9924-ce54abb0c3fb,e08f3c2d-0236-4fd0-8b86-d978d047ef93,c0cc4ed9-8760-4184-b93c-e698dfb46246",f,,3a9ff8c5-8923-4d19-a09e-2c8d79cc7c6f,3a9ff8c5-8923-4d19-a09e-2c8d79cc7c6f,,2025-06-17 04:56:53.617203,2025-06-17 04:56:53.617203,distribution_media_history,hg_stock,distribution_media_history_20260822_080123,2026-08-22 08:01:40.05814
388a8816-f779-45a6-92a5-4c921337987d,3e32c7c6-aee8-4af9-b710-e79c73c30b80,f,t,1,7,"","","",a9afaf1f-f72b-45e2-8f2a-1ec65c44cc61,"",f,,0200161a-5f5d-40f7-94d8-e0584d9d2831,0200161a-5f5d-40f7-94d8-e0584d9d2831,,2025-05-14 10:03:05.082329,2025-05-14 10:03:05.082329,distribution_media_history,hg_stock,distribution_media_history_20260822_080123,2026-08-22 08:01:40.05814
388a8e6c-63dc-4382-b0e9-f085cfec0f92,80a4ecf8-0fba-4f4e-a99c-3110aac0fc5c,f,f,1,7,"","",bdd9d4f3-6a59-4a34-8087-8b6c644ced64,"","",f,"",229dc6f0-0c2f-42cc-8d32-7c3397e96194,229dc6f0-0c2f-42cc-8d32-7c3397e96194,,2026-01-27 09:21:30.718741,2026-01-27 09:21:30.718741,distribution_media_history,hg_stock,distribution_media_history_20260822_080123,2026-08-22 08:01:40.05814
388a9c86-5ed1-4d36-8549-3b91b2b28ac6,9b35546d-0a3a-4bc3-a8b2-2ba597cd7b4d,f,f,1,90,"","","","","",f,1190b645-1f41-44cb-8680-5726382adcc2,358dceb1-c1b0-46b9-a24f-c1b6a7fdb2dd,358dceb1-c1b0-46b9-a24f-c1b6a7fdb2dd,,2026-03-04 05:08:10.527867,2026-03-04 05:08:10.527867,distribution_media_history,hg_stock,distribution_media_history_20260822_080123,2026-08-22 08:01:40.05814
388acf24-9b50-43e6-8b3f-b30d09b31cbe,0d2f059e-6120-4720-95bf-4d303c888828,t,f,1,7,"","","15b9cfe7-85ee-4d5c-910a-8dd18e3c08a8,211db165-a4e5-46fa-ae35-b3ce4970f396,270551e0-15db-4b4a-8bed-b0a9a3a44dff,4b130012-bca4-48d9-b677-a3bbac756669,5026b271-3ca4-475e-b42b-ecaef67294c8,52cea1c3-a193-411f-adb4-a6fbffe220eb,629885eb-65c4-4921-a300-3c618c8961e3,7657821d-0928-4099-92a1-2146097c66b0,7ad7d9b9-4600-4db5-a3a8-e7c243499008,ba826125-ec02-4f09-b0d4-9e4aeeb11c0a,db869e71-ba93-441b-a264-32c62f017853,df42ed2a-f2da-49a1-a4ea-36e358b59bee,fcdd5322-049e-4b50-aecf-593d36d18b8f","","",f,,f839e202-7f6c-4889-8f2e-160d525c0697,f839e202-7f6c-4889-8f2e-160d525c0697,,2025-05-05 08:36:08.449301,2025-05-05 08:36:08.449301,distribution_media_history,hg_stock,distribution_media_history_20260822_080123,2026-08-22 08:01:40.05814
388ad82f-4a80-487b-bc03-07e2c3b68944,ed6afca4-6001-44ca-9ebf-388f0205cbe4,f,f,1,14,"","","","",07cf68c7-56b3-457e-9862-e78abafa21ee,f,"",4cf4d8d0-959b-4d27-882a-ef1ce5b92241,4cf4d8d0-959b-4d27-882a-ef1ce5b92241,,2026-04-10 04:52:15.925891,2026-04-10 04:52:15.925891,distribution_media_history,hg_stock,distribution_media_history_20260822_080123,2026-08-22 08:01:40.05814
388ad963-ee41-4df6-b282-d1ef0a4b2b55,8a7ceab2-027c-4f90-9726-c2eae7b4dca1,f,f,1,-1,ae0b1e4f-25ee-477b-9b8f-d8e66f1c1b95,"","",87126131-51a3-46a3-b4ac-2ec2cce25711,"",f,"",229dc6f0-0c2f-42cc-8d32-7c3397e96194,229dc6f0-0c2f-42cc-8d32-7c3397e96194,,2026-04-20 11:03:01.135579,2026-04-20 11:03:01.135579,distribution_media_history,hg_stock,distribution_media_history_20260822_080123,2026-08-22 08:01:40.05814
388adf2c-35ed-4068-9bdb-a2bfa0266002,7caf6cbc-4706-471a-a35a-09864f61391d,f,f,1,7,"","","2db6b71e-a498-496f-a1ad-8819b60d2215,3807def8-f215-4a47-b8b7-de09edab70f2,61d7024e-0871-4135-8881-277248f62cb7","","",f,,f3b6b651-8d1f-401a-acfb-4279adfe4e8b,f3b6b651-8d1f-401a-acfb-4279adfe4e8b,,2025-05-05 08:38:23.414024,2025-05-05 08:38:23.414024,distribution_media_history,hg_stock,distribution_media_history_20260822_080123,2026-08-22 08:01:40.05814
388ae57a-620f-4cf3-a58a-76511a9d18cb,d7f22952-2d37-4ee8-9124-6e3b5cabfbd1,t,f,1,7,"","","","","04cee13a-69b0-41f1-b39c-889f9bd82938,17f48f51-7f38-41b0-a897-21f240726378,189d5957-a376-4804-9ac9-d3ac913f29b2,22c49afc-02e4-47e8-a4ab-9f0c0546ea68,3084841c-a70b-40d9-9edb-7aa498a50dc1,36298fa0-1ce7-4bae-8c41-db0a98d0341a,396221b9-cdc5-45b2-a79f-2d6de550fda9,3ee41b7a-96b5-4ab9-901b-3e0866188b6d,404f9125-d4c4-4da9-ad88-f829bb17ba62,489f9411-5f7e-4301-814a-60567e4e3e30,59113c8d-b24b-43e2-96f3-1eb18e9020bc,5c1b1d8f-d4a9-4a22-934a-43831e85d1e4,66cd6c10-7895-4502-937a-583c0d9ab692,6fccedd4-9c2a-4b13-a908-32363d8ab09d,7f65daf7-a4b7-4c1d-9b27-95a3e2321af0,7ffdacef-5d02-4aa8-b3d3-84c85d823164,82ce273c-9538-45d9-bc55-81d4406d2896,83546f70-3b79-4803-a00d-d4d620662403,84a48d11-c91a-4704-984d-487c05e520f8,8664aefc-082d-45bf-997c-d7924cdc450f,8b53e647-7506-4329-8541-838a25dc90b3,93ab8008-587a-4a00-a78b-1ea011796b10,96fdf1dd-c29d-48c0-9942-b89777d4f662,980be853-40ae-403e-9dfb-e5a0644a55da,988558f8-ab30-4768-aed0-ddcc6cb6b630,a45aa42c-5285-4ac5-8fe7-a51fbd5e1447,aa6908d1-4b4a-4472-8767-934000773385,afe4ba65-c5e3-4bbb-9e23-6ccb370dc871,b5793a82-9df0-404c-b478-a81c03ae4e6c,bd408cb0-2cde-4b1a-b556-8da94c325e1c,c0cc4ed9-8760-4184-b93c-e698dfb46246,c6f97750-2e14-4bb0-8d48-6d7b75af9afb,cbc183a5-8bbf-4ef0-988c-7b542efb0f71,d369fc61-1571-40e8-961b-70044ea493c5,de206049-f16b-4735-bac3-6af89517d5f6,e07abf1a-e63a-4a79-8ed5-11dbd5b7268c,e08f3c2d-0236-4fd0-8b86-d978d047ef93,e5a984fb-9511-483f-9ca8-2624f19dffac,ed0b4e25-e812-41ba-b50b-6963218c597f,ed44140b-5cc4-4d47-8ad1-afdb356aa44b,eee97771-c2ef-426b-8c92-fde92d29fa00,f335762b-0da1-428e-87a0-bec2dfa6b557,f475b91f-4997-46e8-9c30-f89c24d0a3bf,f601dbeb-2cae-4c86-9924-ce54abb0c3fb,fa2d090f-99ed-4048-bc02-56e323844e79,fad1e7bc-99f8-4821-beff-abd4694d5006,fd42dc28-9ff0-4379-8e65-fbca6f35de60,feb6927d-ee9b-40fc-8897-54a2bef67493",f,,3a9ff8c5-8923-4d19-a09e-2c8d79cc7c6f,3a9ff8c5-8923-4d19-a09e-2c8d79cc7c6f,,2025-07-23 08:20:06.043043,2025-07-23 08:20:06.043043,distribution_media_history,hg_stock,distribution_media_history_20260822_080123,2026-08-22 08:01:40.05814
388af209-d732-4fba-be7f-6b7899aabdfb,bd8a93f6-2a71-483a-abf1-8e3c9d32b943,t,f,1,7,"","","15b9cfe7-85ee-4d5c-910a-8dd18e3c08a8,211db165-a4e5-46fa-ae35-b3ce4970f396,270551e0-15db-4b4a-8bed-b0a9a3a44dff,4b130012-bca4-48d9-b677-a3bbac756669,5026b271-3ca4-475e-b42b-ecaef67294c8,52cea1c3-a193-411f-adb4-a6fbffe220eb,629885eb-65c4-4921-a300-3c618c8961e3,7657821d-0928-4099-92a1-2146097c66b0,7ad7d9b9-4600-4db5-a3a8-e7c243499008,ba826125-ec02-4f09-b0d4-9e4aeeb11c0a,db869e71-ba93-441b-a264-32c62f017853,df42ed2a-f2da-49a1-a4ea-36e358b59bee,fcdd5322-049e-4b50-aecf-593d36d18b8f","","",f,,ecea4636-c7f9-453a-9ad4-0ed81277cf00,ecea4636-c7f9-453a-9ad4-0ed81277cf00,,2025-05-05 08:39:42.974415,2025-05-05 08:39:42.974415,distribution_media_history,hg_stock,distribution_media_history_20260822_080123,2026-08-22 08:01:40.05814
388af5f2-b2a4-45d3-84d5-38b3fca62fbf,8764f862-9f1b-4fea-911d-25abdfce451a,t,f,1,7,"","","15b9cfe7-85ee-4d5c-910a-8dd18e3c08a8,211db165-a4e5-46fa-ae35-b3ce4970f396,270551e0-15db-4b4a-8bed-b0a9a3a44dff,4b130012-bca4-48d9-b677-a3bbac756669,5026b271-3ca4-475e-b42b-ecaef67294c8,52cea1c3-a193-411f-adb4-a6fbffe220eb,629885eb-65c4-4921-a300-3c618c8961e3,7657821d-0928-4099-92a1-2146097c66b0,7ad7d9b9-4600-4db5-a3a8-e7c243499008,ba826125-ec02-4f09-b0d4-9e4aeeb11c0a,db869e71-ba93-441b-a264-32c62f017853,df42ed2a-f2da-49a1-a4ea-36e358b59bee,e43c6415-4c89-451e-8bee-004c8f6ed620,fcdd5322-049e-4b50-aecf-593d36d18b8f","","",f,,2a556d9c-240c-4e90-8728-9db764fad499,2a556d9c-240c-4e90-8728-9db764fad499,,2025-05-05 08:38:23.418689,2025-05-05 08:38:23.418689,distribution_media_history,hg_stock,distribution_media_history_20260822_080123,2026-08-22 08:01:40.05814
388b0048-8e44-41f5-b741-862a80b8147f,9242d87b-ba55-4e34-9bfb-b2fe3bbebfa1,f,f,1,90,"","","",87126131-51a3-46a3-b4ac-2ec2cce25711,"",f,"",229dc6f0-0c2f-42cc-8d32-7c3397e96194,229dc6f0-0c2f-42cc-8d32-7c3397e96194,,2026-04-20 04:55:21.856672,2026-04-20 04:55:21.856672,distribution_media_history,hg_stock,distribution_media_history_20260822_080123,2026-08-22 08:01:40.05814
388b3432-12c5-4a75-8024-df3ac461640e,1aa18a70-83e7-4d71-9a02-2e3dbb99652a,f,f,1,90,"","","","","",t,"1190b645-1f41-44cb-8680-5726382adcc2,de337a89-766b-4121-bf74-03703fbc9236",358dceb1-c1b0-46b9-a24f-c1b6a7fdb2dd,358dceb1-c1b0-46b9-a24f-c1b6a7fdb2dd,,2026-03-18 15:05:13.547257,2026-03-18 15:05:13.547257,distribution_media_history,hg_stock,distribution_media_history_20260822_080123,2026-08-22 08:01:40.05814
388b3d42-fe87-45b4-8146-76feeb8ee40a,c433cfa3-a539-4ed8-9c4e-ff1db129e1fb,t,t,1,7,"","","","","04cee13a-69b0-41f1-b39c-889f9bd82938,17f48f51-7f38-41b0-a897-21f240726378,189d5957-a376-4804-9ac9-d3ac913f29b2,22c49afc-02e4-47e8-a4ab-9f0c0546ea68,3084841c-a70b-40d9-9edb-7aa498a50dc1,36298fa0-1ce7-4bae-8c41-db0a98d0341a,396221b9-cdc5-45b2-a79f-2d6de550fda9,3ee41b7a-96b5-4ab9-901b-3e0866188b6d,404f9125-d4c4-4da9-ad88-f829bb17ba62,489f9411-5f7e-4301-814a-60567e4e3e30,59113c8d-b24b-43e2-96f3-1eb18e9020bc,66cd6c10-7895-4502-937a-583c0d9ab692,6fccedd4-9c2a-4b13-a908-32363d8ab09d,7f65daf7-a4b7-4c1d-9b27-95a3e2321af0,7ffdacef-5d02-4aa8-b3d3-84c85d823164,82ce273c-9538-45d9-bc55-81d4406d2896,83546f70-3b79-4803-a00d-d4d620662403,84a48d11-c91a-4704-984d-487c05e520f8,8664aefc-082d-45bf-997c-d7924cdc450f,8b53e647-7506-4329-8541-838a25dc90b3,980be853-40ae-403e-9dfb-e5a0644a55da,988558f8-ab30-4768-aed0-ddcc6cb6b630,a45aa42c-5285-4ac5-8fe7-a51fbd5e1447,aa6908d1-4b4a-4472-8767-934000773385,afe4ba65-c5e3-4bbb-9e23-6ccb370dc871,b5793a82-9df0-404c-b478-a81c03ae4e6c,bd408cb0-2cde-4b1a-b556-8da94c325e1c,c0cc4ed9-8760-4184-b93c-e698dfb46246,c6f97750-2e14-4bb0-8d48-6d7b75af9afb,cbc183a5-8bbf-4ef0-988c-7b542efb0f71,d369fc61-1571-40e8-961b-70044ea493c5,de206049-f16b-4735-bac3-6af89517d5f6,e07abf1a-e63a-4a79-8ed5-11dbd5b7268c,e08f3c2d-0236-4fd0-8b86-d978d047ef93,e5a984fb-9511-483f-9ca8-2624f19dffac,ed0b4e25-e812-41ba-b50b-6963218c597f,ed44140b-5cc4-4d47-8ad1-afdb356aa44b,eee97771-c2ef-426b-8c92-fde92d29fa00,f335762b-0da1-428e-87a0-bec2dfa6b557,f475b91f-4997-46e8-9c30-f89c24d0a3bf,f601dbeb-2cae-4c86-9924-ce54abb0c3fb,fa2d090f-99ed-4048-bc02-56e323844e79,fad1e7bc-99f8-4821-beff-abd4694d5006,fd42dc28-9ff0-4379-8e65-fbca6f35de60,feb6927d-ee9b-40fc-8897-54a2bef67493",f,,3a9ff8c5-8923-4d19-a09e-2c8d79cc7c6f,3a9ff8c5-8923-4d19-a09e-2c8d79cc7c6f,,2025-06-25 07:00:05.369561,2025-06-25 07:00:05.369561,distribution_media_history,hg_stock,distribution_media_history_20260822_080123,2026-08-22 08:01:40.05814
388b521e-28d0-44b4-8ebc-4b3aaf1e5acd,05e45d80-f23f-4a27-a871-bc6c1a7465ff,f,f,0,7,"","","","","0e9ac747-2549-4974-bf10-36762e2bf4b0,d8df1fe2-060e-43cc-9ed4-8a41ab2d5561,60a9a846-b417-49d7-9427-c8ec1c7a3da8,e86c043e-7cef-418e-b148-8b1e89211f30,9e3bf329-f6e8-4ee4-8532-41b9887c99fc,e04fae25-e4c3-4f4d-9d5c-d19bd7d0ecf5,82765a10-75aa-48a7-8105-1de60aaee953,edf228c1-66f9-4f81-8a21-cfb7c893e9c4,4c0cbfd7-86ea-4793-af3c-b80645310be9,bb6dc5fe-6cb5-4538-8b5c-151496234970,b4e5cf70-0101-434d-9205-f2653b64a710,a0df7f95-fdf7-4afa-92ce-ac5e96e6b263,815769f5-d711-4504-9d5e-83c3005e9cba,76b573f0-c076-4f30-bb45-10afd9f320d6",f,,3a9ff8c5-8923-4d19-a09e-2c8d79cc7c6f,3a9ff8c5-8923-4d19-a09e-2c8d79cc7c6f,,2025-06-17 09:14:18.736882,2025-06-17 09:14:18.736882,distribution_media_history,hg_stock,distribution_media_history_20260822_080123,2026-08-22 08:01:40.05814
388b59b9-cbe9-4f82-8017-6187a81b3756,99976bb5-2b93-4e7b-9f3e-f4d7c56445a5,f,f,1,45,"","",bdd9d4f3-6a59-4a34-8087-8b6c644ced64,"","",f,"",229dc6f0-0c2f-42cc-8d32-7c3397e96194,229dc6f0-0c2f-42cc-8d32-7c3397e96194,,2025-11-07 02:29:39.276418,2025-11-07 02:29:39.276418,distribution_media_history,hg_stock,distribution_media_history_20260822_080123,2026-08-22 08:01:40.05814
388b5b4a-9018-41ad-b16b-4b1228a00c55,dbef92d2-c965-422c-9208-62ad24d7ab7c,t,f,1,7,"","","","","04cee13a-69b0-41f1-b39c-889f9bd82938,17f48f51-7f38-41b0-a897-21f240726378,189d5957-a376-4804-9ac9-d3ac913f29b2,22c49afc-02e4-47e8-a4ab-9f0c0546ea68,3084841c-a70b-40d9-9edb-7aa498a50dc1,36298fa0-1ce7-4bae-8c41-db0a98d0341a,396221b9-cdc5-45b2-a79f-2d6de550fda9,3ee41b7a-96b5-4ab9-901b-3e0866188b6d,404f9125-d4c4-4da9-ad88-f829bb17ba62,489f9411-5f7e-4301-814a-60567e4e3e30,59113c8d-b24b-43e2-96f3-1eb18e9020bc,66cd6c10-7895-4502-937a-583c0d9ab692,6fccedd4-9c2a-4b13-a908-32363d8ab09d,7f65daf7-a4b7-4c1d-9b27-95a3e2321af0,7ffdacef-5d02-4aa8-b3d3-84c85d823164,82ce273c-9538-45d9-bc55-81d4406d2896,83546f70-3b79-4803-a00d-d4d620662403,84a48d11-c91a-4704-984d-487c05e520f8,8664aefc-082d-45bf-997c-d7924cdc450f,8b53e647-7506-4329-8541-838a25dc90b3,93ab8008-587a-4a00-a78b-1ea011796b10,96fdf1dd-c29d-48c0-9942-b89777d4f662,980be853-40ae-403e-9dfb-e5a0644a55da,988558f8-ab30-4768-aed0-ddcc6cb6b630,a45aa42c-5285-4ac5-8fe7-a51fbd5e1447,aa6908d1-4b4a-4472-8767-934000773385,afe4ba65-c5e3-4bbb-9e23-6ccb370dc871,b5793a82-9df0-404c-b478-a81c03ae4e6c,bd408cb0-2cde-4b1a-b556-8da94c325e1c,c0cc4ed9-8760-4184-b93c-e698dfb46246,c6f97750-2e14-4bb0-8d48-6d7b75af9afb,cbc183a5-8bbf-4ef0-988c-7b542efb0f71,d369fc61-1571-40e8-961b-70044ea493c5,de206049-f16b-4735-bac3-6af89517d5f6,e07abf1a-e63a-4a79-8ed5-11dbd5b7268c,e08f3c2d-0236-4fd0-8b86-d978d047ef93,e5a984fb-9511-483f-9ca8-2624f19dffac,ed0b4e25-e812-41ba-b50b-6963218c597f,ed44140b-5cc4-4d47-8ad1-afdb356aa44b,eee97771-c2ef-426b-8c92-fde92d29fa00,f335762b-0da1-428e-87a0-bec2dfa6b557,f475b91f-4997-46e8-9c30-f89c24d0a3bf,f601dbeb-2cae-4c86-9924-ce54abb0c3fb,fa2d090f-99ed-4048-bc02-56e323844e79,fad1e7bc-99f8-4821-beff-abd4694d5006,fd42dc28-9ff0-4379-8e65-fbca6f35de60,feb6927d-ee9b-40fc-8897-54a2bef67493",f,,3a9ff8c5-8923-4d19-a09e-2c8d79cc7c6f,3a9ff8c5-8923-4d19-a09e-2c8d79cc7c6f,,2025-07-18 07:55:08.18146,2025-07-18 07:55:08.18146,distribution_media_history,hg_stock,distribution_media_history_20260822_080123,2026-08-22 08:01:40.05814
388b5fc2-bb2a-42bc-90d0-f2851b593d69,5b0a6149-e74e-44fe-a771-fef0ad8ec0b4,f,f,1,7,"","","48a1af96-5a7d-40d9-8ebe-4e3655f14e4b,7a389018-94d3-443d-9646-ed7b63117169,854cae12-c88d-4bb4-85cf-4ed044d8e963,f30dad8c-85eb-43c2-a375-5d3fe9ff31ce,f5a4dab5-df91-4776-9a1f-1c2e1ed7ce8b","","",f,,,,,2025-05-05 08:37:21.024723,2025-05-05 08:37:21.024723,distribution_media_history,hg_stock,distribution_media_history_20260822_080123,2026-08-22 08:01:40.05814
388b6108-59b8-43ec-8f2f-c46487187114,710275d1-2aff-4103-9e2e-7d2a6b4ad649,f,t,1,7,"","",17bd284a-ef80-41f5-927b-99aff424ed67,85aa4dc6-4ea2-457d-9821-a71fd9d16888,"",t,,0200161a-5f5d-40f7-94d8-e0584d9d2831,0200161a-5f5d-40f7-94d8-e0584d9d2831,,2025-07-30 03:41:52.539044,2025-07-30 03:41:52.539044,distribution_media_history,hg_stock,distribution_media_history_20260822_080123,2026-08-22 08:01:40.05814
388b641a-4017-4393-8ca4-aba4a5384c0c,a6b318d0-b3ff-4dec-89be-a738479ac43f,f,f,1,7,"","","48a1af96-5a7d-40d9-8ebe-4e3655f14e4b,7a389018-94d3-443d-9646-ed7b63117169,854cae12-c88d-4bb4-85cf-4ed044d8e963,f30dad8c-85eb-43c2-a375-5d3fe9ff31ce,f5a4dab5-df91-4776-9a1f-1c2e1ed7ce8b","","",f,,,,,2025-05-05 08:39:16.080796,2025-05-05 08:39:16.080796,distribution_media_history,hg_stock,distribution_media_history_20260822_080123,2026-08-22 08:01:40.05814
388b680e-9d52-4dbe-a364-952add8baba2,e0e4a862-dd03-470f-88b2-62f2a9489933,f,t,1,7,"","","","",14f62a98-c987-40f4-9f06-12d5e17ef050,f,,f38d8912-8be7-48e6-90fa-a57739940639,f38d8912-8be7-48e6-90fa-a57739940639,,2025-07-07 09:24:54.200218,2025-07-07 09:24:54.200218,distribution_media_history,hg_stock,distribution_media_history_20260822_080123,2026-08-22 08:01:40.05814
388b6c21-c2be-4f4f-939b-fa25e13f11b3,442d0d46-6830-4a06-8c15-49d430b8e5eb,f,f,1,7,"","","48a1af96-5a7d-40d9-8ebe-4e3655f14e4b,7a389018-94d3-443d-9646-ed7b63117169,854cae12-c88d-4bb4-85cf-4ed044d8e963,f30dad8c-85eb-43c2-a375-5d3fe9ff31ce,f5a4dab5-df91-4776-9a1f-1c2e1ed7ce8b","","",f,,,,,2025-05-05 08:37:03.358321,2025-05-05 08:37:03.358321,distribution_media_history,hg_stock,distribution_media_history_20260822_080123,2026-08-22 08:01:40.05814
388b81b0-7f3c-410f-a5b2-c31934736dfa,fc09af7d-d857-480e-a3ef-496683cd5bc4,f,f,1,7,"","","48a1af96-5a7d-40d9-8ebe-4e3655f14e4b,7a389018-94d3-443d-9646-ed7b63117169,854cae12-c88d-4bb4-85cf-4ed044d8e963,f30dad8c-85eb-43c2-a375-5d3fe9ff31ce,f5a4dab5-df91-4776-9a1f-1c2e1ed7ce8b","","",f,,,,,2025-05-05 08:40:39.20396,2025-05-05 08:40:39.20396,distribution_media_history,hg_stock,distribution_media_history_20260822_080123,2026-08-22 08:01:40.05814
388b98b5-c90b-46ae-b318-0d524d24fec2,605b0c2f-a1e3-437f-865b-fc752db06eb0,f,f,1,7,"","","48a1af96-5a7d-40d9-8ebe-4e3655f14e4b,64362801-3c17-4e99-b10a-bc7a8dc10c14,854cae12-c88d-4bb4-85cf-4ed044d8e963,be3902b4-f926-4850-ba31-f18b178b9d39,f30dad8c-85eb-43c2-a375-5d3fe9ff31ce,f5a4dab5-df91-4776-9a1f-1c2e1ed7ce8b","","",f,,,,,2025-05-05 08:37:27.485734,2025-05-05 08:37:27.485734,distribution_media_history,hg_stock,distribution_media_history_20260822_080123,2026-08-22 08:01:40.05814
388c4eed-b737-4858-aa33-9a93037b7144,06d4a5bb-f00a-4600-8df0-d711ac78918b,t,f,1,7,"","","15b9cfe7-85ee-4d5c-910a-8dd18e3c08a8,211db165-a4e5-46fa-ae35-b3ce4970f396,270551e0-15db-4b4a-8bed-b0a9a3a44dff,4b130012-bca4-48d9-b677-a3bbac756669,5026b271-3ca4-475e-b42b-ecaef67294c8,52cea1c3-a193-411f-adb4-a6fbffe220eb,629885eb-65c4-4921-a300-3c618c8961e3,7657821d-0928-4099-92a1-2146097c66b0,7ad7d9b9-4600-4db5-a3a8-e7c243499008,ba826125-ec02-4f09-b0d4-9e4aeeb11c0a,db869e71-ba93-441b-a264-32c62f017853,df42ed2a-f2da-49a1-a4ea-36e358b59bee,fcdd5322-049e-4b50-aecf-593d36d18b8f","","",f,,,,,2025-05-05 08:35:56.505572,2025-05-05 08:35:56.505572,distribution_media_history,hg_stock,distribution_media_history_20260822_080123,2026-08-22 08:01:40.05814
388c5b76-6cf1-47b8-9a6d-83e07e54fd62,7d21108e-451c-4ff0-9ed3-5252ed9a1b9a,f,f,1,30,"","","","",e1bcd02d-dd58-4afb-b6ff-8a72f07f41e9,f,"",3a67bc3d-1077-4be0-9f5a-846a08f8c71b,3a67bc3d-1077-4be0-9f5a-846a08f8c71b,,2025-12-18 04:52:24.743013,2025-12-18 04:52:24.743013,distribution_media_history,hg_stock,distribution_media_history_20260822_080123,2026-08-22 08:01:40.05814
388c3ae0-e52d-4b94-a375-1e79401b12ac,bffe9861-eab7-4cc8-b843-6a3ecc7649f1,f,t,1,7,"","d61953ef-77bd-4a19-893d-c33116e5df41,31125a01-8c64-45f3-92e5-70c889f66b90","","","",f,,86feaaae-e8b4-481c-b0f9-bb9749f4682d,86feaaae-e8b4-481c-b0f9-bb9749f4682d,,2025-06-09 09:14:28.32761,2025-06-09 09:14:28.32761,distribution_media_history,hg_stock,distribution_media_history_20260822_080123,2026-08-22 08:01:40.05814
388ba688-da58-4b71-b22c-8d6b1645bf13,81955400-d9f5-49ae-9e4f-ad52e417369a,f,t,1,-1,"","","","","0412840f-3a0d-4592-ad18-98556b668c5c,1439b9c9-9e05-4638-84cd-440a76ee307e,19595dcb-39b9-40a2-b795-13d2642a9a83,1c719b73-3719-479c-9425-15de6d8d72eb,2771de0a-c267-4762-a2d7-14c3ef319ebf,37394d63-c675-40fe-99f4-4af8bb362ec4,3f0c5882-429c-488e-85e5-fef6a2e26d6b,3fe76f3d-547f-4ff6-a42f-ad775c6e78e0,59962284-42a5-42cd-b877-b7e769c8fe81,5c2f0d9c-ef3c-40c4-9390-810475cc0011,5e8be933-062d-4492-972e-84b9af98bade,5fc11bf0-222c-410b-85b5-be373ea3699f,7697003b-34c8-4a2a-8f16-b59364358705,786f9196-c6b9-492b-94b0-b60667edef2a,7b2a4477-592c-4882-8b6c-0474e4cde144,88c1c9de-5330-4231-9639-23aa00b227b4,996f3962-9afb-4f74-893f-135d5a663655,a7958f3d-cc64-4da4-96c1-80a60d74f395,c3dd2a75-ed41-45f4-8005-90b1f951cb61,c466be8f-b368-4b89-b72f-1e4b0664e02c,c7cf7f6c-e66f-47e1-9fdf-921fddd72683,c8cb3d2f-5136-4788-b794-b8b8f1817c67,d2d314f4-a03f-4b22-8d2a-ad7b84ed3927,d739193b-131e-4d2e-b922-fda9383aa8f4,dcbf46d2-e535-4247-9b86-f705b7ba7b0c,e3f81b8e-7f4e-4f39-baba-aaf9c2d8baf2,f1bfd6b9-b3b3-46eb-ab4b-491ef8e3f6a9,f26fe6b7-3db4-4960-894d-0bfb0c26c771",t,"",5d7a9893-6e21-4a12-bf1b-8594646e7b4d,5d7a9893-6e21-4a12-bf1b-8594646e7b4d,,2026-06-06 06:48:41.178377,2026-06-06 06:48:41.178377,distribution_media_history,hg_stock,distribution_media_history_20260822_080123,2026-08-22 08:01:40.05814
388ba885-f2b3-4749-9ae7-3842292b56c9,0abb1335-7da5-48ce-ad63-b92d868ec07a,t,t,1,7,"","","","","04cee13a-69b0-41f1-b39c-889f9bd82938,17f48f51-7f38-41b0-a897-21f240726378,189d5957-a376-4804-9ac9-d3ac913f29b2,22c49afc-02e4-47e8-a4ab-9f0c0546ea68,3084841c-a70b-40d9-9edb-7aa498a50dc1,36298fa0-1ce7-4bae-8c41-db0a98d0341a,396221b9-cdc5-45b2-a79f-2d6de550fda9,3ee41b7a-96b5-4ab9-901b-3e0866188b6d,404f9125-d4c4-4da9-ad88-f829bb17ba62,489f9411-5f7e-4301-814a-60567e4e3e30,59113c8d-b24b-43e2-96f3-1eb18e9020bc,5c1b1d8f-d4a9-4a22-934a-43831e85d1e4,66cd6c10-7895-4502-937a-583c0d9ab692,7f65daf7-a4b7-4c1d-9b27-95a3e2321af0,7ffdacef-5d02-4aa8-b3d3-84c85d823164,82ce273c-9538-45d9-bc55-81d4406d2896,83546f70-3b79-4803-a00d-d4d620662403,84a48d11-c91a-4704-984d-487c05e520f8,8664aefc-082d-45bf-997c-d7924cdc450f,8b53e647-7506-4329-8541-838a25dc90b3,988558f8-ab30-4768-aed0-ddcc6cb6b630,9f332297-3b6b-4a98-bcd8-bc8da41105dd,a45aa42c-5285-4ac5-8fe7-a51fbd5e1447,aa6908d1-4b4a-4472-8767-934000773385,b5793a82-9df0-404c-b478-a81c03ae4e6c,b5a513f2-8d65-4512-90c0-7fa3c7311a61,b7f0a1f8-0078-4361-a39c-609cbc0fa09c,bd408cb0-2cde-4b1a-b556-8da94c325e1c,c0cc4ed9-8760-4184-b93c-e698dfb46246,c4b978df-9107-4eb9-a678-e621c83f0e48,c6f97750-2e14-4bb0-8d48-6d7b75af9afb,d369fc61-1571-40e8-961b-70044ea493c5,de206049-f16b-4735-bac3-6af89517d5f6,e08f3c2d-0236-4fd0-8b86-d978d047ef93,ed0b4e25-e812-41ba-b50b-6963218c597f,ed44140b-5cc4-4d47-8ad1-afdb356aa44b,f335762b-0da1-428e-87a0-bec2dfa6b557,f475b91f-4997-46e8-9c30-f89c24d0a3bf,f601dbeb-2cae-4c86-9924-ce54abb0c3fb,fad1e7bc-99f8-4821-beff-abd4694d5006,feb6927d-ee9b-40fc-8897-54a2bef67493",f,,3a9ff8c5-8923-4d19-a09e-2c8d79cc7c6f,3a9ff8c5-8923-4d19-a09e-2c8d79cc7c6f,,2025-07-30 09:47:10.551663,2025-07-30 09:47:10.551663,distribution_media_history,hg_stock,distribution_media_history_20260822_080123,2026-08-22 08:01:40.05814
388bce1d-e74f-49ba-9865-783303c93a02,8930c0ca-e856-43aa-8bd4-9a1043ac0686,f,f,1,90,"","","",87126131-51a3-46a3-b4ac-2ec2cce25711,"",f,"",229dc6f0-0c2f-42cc-8d32-7c3397e96194,229dc6f0-0c2f-42cc-8d32-7c3397e96194,,2026-04-20 04:54:12.726252,2026-04-20 04:54:12.726252,distribution_media_history,hg_stock,distribution_media_history_20260822_080123,2026-08-22 08:01:40.05814
388bd2ec-6b4c-4173-a8f0-6c4fa3f893b7,f3b8264f-ba55-4c90-b8fc-bbe8d17a81f2,f,f,1,7,"","","15b9cfe7-85ee-4d5c-910a-8dd18e3c08a8,211db165-a4e5-46fa-ae35-b3ce4970f396,270551e0-15db-4b4a-8bed-b0a9a3a44dff,4b130012-bca4-48d9-b677-a3bbac756669,5026b271-3ca4-475e-b42b-ecaef67294c8,52cea1c3-a193-411f-adb4-a6fbffe220eb,629885eb-65c4-4921-a300-3c618c8961e3,7657821d-0928-4099-92a1-2146097c66b0,7ad7d9b9-4600-4db5-a3a8-e7c243499008,ba826125-ec02-4f09-b0d4-9e4aeeb11c0a,db869e71-ba93-441b-a264-32c62f017853,df42ed2a-f2da-49a1-a4ea-36e358b59bee,fcdd5322-049e-4b50-aecf-593d36d18b8f","","",f,,bb208fcd-5411-4129-892e-310b596f1418,bb208fcd-5411-4129-892e-310b596f1418,,2025-05-05 08:40:39.200787,2025-05-05 08:40:39.200787,distribution_media_history,hg_stock,distribution_media_history_20260822_080123,2026-08-22 08:01:40.05814
388bd696-1850-4940-8c3c-85e0d43e15a3,3fbb4586-2b67-4015-9773-f14838b38027,f,f,1,-1,"","","","","",f,061eb3e3-85c5-454d-8f0d-ccb90095d5df,9a1fc915-e747-4aa4-a786-19c67cd5ea2e,9a1fc915-e747-4aa4-a786-19c67cd5ea2e,,2026-02-12 07:20:12.058323,2026-02-12 07:20:12.058323,distribution_media_history,hg_stock,distribution_media_history_20260822_080123,2026-08-22 08:01:40.05814
388be9a6-2f13-44e7-853e-b195c473777e,3d69a40b-214a-4769-a505-81b201b9f003,f,f,1,14,"","","","",ea851df8-5f06-4412-a2b9-b692b6a11f4d,f,"",4cf4d8d0-959b-4d27-882a-ef1ce5b92241,4cf4d8d0-959b-4d27-882a-ef1ce5b92241,,2026-04-10 03:48:55.645911,2026-04-10 03:48:55.645911,distribution_media_history,hg_stock,distribution_media_history_20260822_080123,2026-08-22 08:01:40.05814
388bea22-7616-4897-97ce-193dbb3ec6b4,f12b9c91-c3ef-4d56-8dc5-a7c4ef0f9999,f,f,1,90,"","","","","",t,"1190b645-1f41-44cb-8680-5726382adcc2,810a971a-8ddc-4ef0-9f85-d8eba152507c",358dceb1-c1b0-46b9-a24f-c1b6a7fdb2dd,358dceb1-c1b0-46b9-a24f-c1b6a7fdb2dd,,2026-03-11 04:32:11.530847,2026-03-11 04:32:11.530847,distribution_media_history,hg_stock,distribution_media_history_20260822_080123,2026-08-22 08:01:40.05814
388c1506-c1d8-4a0e-a0ae-0afa52549ce1,4c930c90-590c-4f5e-8426-7f960e2e937e,t,t,1,7,"","","","","04cee13a-69b0-41f1-b39c-889f9bd82938,17f48f51-7f38-41b0-a897-21f240726378,189d5957-a376-4804-9ac9-d3ac913f29b2,22c49afc-02e4-47e8-a4ab-9f0c0546ea68,3084841c-a70b-40d9-9edb-7aa498a50dc1,36298fa0-1ce7-4bae-8c41-db0a98d0341a,396221b9-cdc5-45b2-a79f-2d6de550fda9,3ee41b7a-96b5-4ab9-901b-3e0866188b6d,404f9125-d4c4-4da9-ad88-f829bb17ba62,489f9411-5f7e-4301-814a-60567e4e3e30,59113c8d-b24b-43e2-96f3-1eb18e9020bc,5c1b1d8f-d4a9-4a22-934a-43831e85d1e4,66cd6c10-7895-4502-937a-583c0d9ab692,6fccedd4-9c2a-4b13-a908-32363d8ab09d,7f65daf7-a4b7-4c1d-9b27-95a3e2321af0,7ffdacef-5d02-4aa8-b3d3-84c85d823164,82ce273c-9538-45d9-bc55-81d4406d2896,83546f70-3b79-4803-a00d-d4d620662403,84a48d11-c91a-4704-984d-487c05e520f8,8664aefc-082d-45bf-997c-d7924cdc450f,8b53e647-7506-4329-8541-838a25dc90b3,980be853-40ae-403e-9dfb-e5a0644a55da,988558f8-ab30-4768-aed0-ddcc6cb6b630,a45aa42c-5285-4ac5-8fe7-a51fbd5e1447,aa6908d1-4b4a-4472-8767-934000773385,b5793a82-9df0-404c-b478-a81c03ae4e6c,bd408cb0-2cde-4b1a-b556-8da94c325e1c,c0cc4ed9-8760-4184-b93c-e698dfb46246,c6f97750-2e14-4bb0-8d48-6d7b75af9afb,cbc183a5-8bbf-4ef0-988c-7b542efb0f71,d369fc61-1571-40e8-961b-70044ea493c5,de206049-f16b-4735-bac3-6af89517d5f6,e07abf1a-e63a-4a79-8ed5-11dbd5b7268c,e08f3c2d-0236-4fd0-8b86-d978d047ef93,e5a984fb-9511-483f-9ca8-2624f19dffac,ed0b4e25-e812-41ba-b50b-6963218c597f,ed44140b-5cc4-4d47-8ad1-afdb356aa44b,f335762b-0da1-428e-87a0-bec2dfa6b557,f475b91f-4997-46e8-9c30-f89c24d0a3bf,f601dbeb-2cae-4c86-9924-ce54abb0c3fb,fa2d090f-99ed-4048-bc02-56e323844e79,fad1e7bc-99f8-4821-beff-abd4694d5006,fd42dc28-9ff0-4379-8e65-fbca6f35de60,feb6927d-ee9b-40fc-8897-54a2bef67493",f,,3a9ff8c5-8923-4d19-a09e-2c8d79cc7c6f,3a9ff8c5-8923-4d19-a09e-2c8d79cc7c6f,,2025-07-30 03:07:46.736773,2025-07-30 03:07:46.736773,distribution_media_history,hg_stock,distribution_media_history_20260822_080123,2026-08-22 08:01:40.05814
388c1e95-5be8-4d9e-87ec-6a8788c350f7,c59415ff-ac30-4876-adc1-f4999a644c9c,f,f,1,90,"","","",87126131-51a3-46a3-b4ac-2ec2cce25711,"",f,"",229dc6f0-0c2f-42cc-8d32-7c3397e96194,229dc6f0-0c2f-42cc-8d32-7c3397e96194,,2026-04-20 04:55:08.3801,2026-04-20 04:55:08.3801,distribution_media_history,hg_stock,distribution_media_history_20260822_080123,2026-08-22 08:01:40.05814
388c2d87-22c6-4593-9747-32aa1062649a,06d057db-3fa5-4dff-8b45-d07af623e5cd,f,f,1,90,"","","","","",t,"1190b645-1f41-44cb-8680-5726382adcc2,de337a89-766b-4121-bf74-03703fbc9236",358dceb1-c1b0-46b9-a24f-c1b6a7fdb2dd,358dceb1-c1b0-46b9-a24f-c1b6a7fdb2dd,,2026-03-18 15:05:00.720531,2026-03-18 15:05:00.720531,distribution_media_history,hg_stock,distribution_media_history_20260822_080123,2026-08-22 08:01:40.05814
388c4d49-e163-41ef-a78b-87aee2687d83,22faad9d-8c89-40dd-bef2-ba7f42b146a7,f,t,1,7,"","","","","0412840f-3a0d-4592-ad18-98556b668c5c,2771de0a-c267-4762-a2d7-14c3ef319ebf,7b2a4477-592c-4882-8b6c-0474e4cde144,f26fe6b7-3db4-4960-894d-0bfb0c26c771",f,,97ee41e4-8f90-4991-8d67-df26d970bf62,97ee41e4-8f90-4991-8d67-df26d970bf62,,2025-06-23 07:31:18.852632,2025-06-23 07:31:18.852632,distribution_media_history,hg_stock,distribution_media_history_20260822_080123,2026-08-22 08:01:40.05814
388c67ed-16f7-4bc5-b14d-2d0a6dd4b0ec,0044e5a8-2262-4949-afae-b2e254702b60,t,f,1,7,"","","","","",f,1cdbc000-1c24-485c-8e71-fb91a4d5fcb6,3a9ff8c5-8923-4d19-a09e-2c8d79cc7c6f,3a9ff8c5-8923-4d19-a09e-2c8d79cc7c6f,,2025-12-27 08:23:54.225967,2025-12-27 08:23:54.225967,distribution_media_history,hg_stock,distribution_media_history_20260822_080123,2026-08-22 08:01:40.05814
388c688d-cc72-47a2-9115-33062b275d98,c7390e48-9362-4685-a8d6-a772749f6f55,t,f,1,7,"","","","","04cee13a-69b0-41f1-b39c-889f9bd82938,17f48f51-7f38-41b0-a897-21f240726378,189d5957-a376-4804-9ac9-d3ac913f29b2,22c49afc-02e4-47e8-a4ab-9f0c0546ea68,3084841c-a70b-40d9-9edb-7aa498a50dc1,36298fa0-1ce7-4bae-8c41-db0a98d0341a,396221b9-cdc5-45b2-a79f-2d6de550fda9,3ee41b7a-96b5-4ab9-901b-3e0866188b6d,404f9125-d4c4-4da9-ad88-f829bb17ba62,489f9411-5f7e-4301-814a-60567e4e3e30,59113c8d-b24b-43e2-96f3-1eb18e9020bc,66cd6c10-7895-4502-937a-583c0d9ab692,6fccedd4-9c2a-4b13-a908-32363d8ab09d,7f65daf7-a4b7-4c1d-9b27-95a3e2321af0,7ffdacef-5d02-4aa8-b3d3-84c85d823164,82ce273c-9538-45d9-bc55-81d4406d2896,83546f70-3b79-4803-a00d-d4d620662403,84a48d11-c91a-4704-984d-487c05e520f8,8664aefc-082d-45bf-997c-d7924cdc450f,8b53e647-7506-4329-8541-838a25dc90b3,980be853-40ae-403e-9dfb-e5a0644a55da,988558f8-ab30-4768-aed0-ddcc6cb6b630,a45aa42c-5285-4ac5-8fe7-a51fbd5e1447,aa6908d1-4b4a-4472-8767-934000773385,afe4ba65-c5e3-4bbb-9e23-6ccb370dc871,b5793a82-9df0-404c-b478-a81c03ae4e6c,bd408cb0-2cde-4b1a-b556-8da94c325e1c,c0cc4ed9-8760-4184-b93c-e698dfb46246,c6f97750-2e14-4bb0-8d48-6d7b75af9afb,cbc183a5-8bbf-4ef0-988c-7b542efb0f71,d369fc61-1571-40e8-961b-70044ea493c5,de206049-f16b-4735-bac3-6af89517d5f6,e07abf1a-e63a-4a79-8ed5-11dbd5b7268c,e08f3c2d-0236-4fd0-8b86-d978d047ef93,ed0b4e25-e812-41ba-b50b-6963218c597f,ed44140b-5cc4-4d47-8ad1-afdb356aa44b,eee97771-c2ef-426b-8c92-fde92d29fa00,f335762b-0da1-428e-87a0-bec2dfa6b557,f475b91f-4997-46e8-9c30-f89c24d0a3bf,f601dbeb-2cae-4c86-9924-ce54abb0c3fb,fa2d090f-99ed-4048-bc02-56e323844e79,fad1e7bc-99f8-4821-beff-abd4694d5006,feb6927d-ee9b-40fc-8897-54a2bef67493",f,,3a9ff8c5-8923-4d19-a09e-2c8d79cc7c6f,3a9ff8c5-8923-4d19-a09e-2c8d79cc7c6f,,2025-06-25 05:01:48.951868,2025-06-25 05:01:48.951868,distribution_media_history,hg_stock,distribution_media_history_20260822_080123,2026-08-22 08:01:40.05814
388c7f5c-b22f-4aa1-8633-523d6e7f2467,2b4b9a48-3c64-4c9b-bb90-f654ffcd00f9,t,t,1,7,"","",0cffc79b-1bd0-4f1d-a3a6-5d681ef29479,"","",f,,115829f6-e312-4bd8-b758-d6deced8dc94,115829f6-e312-4bd8-b758-d6deced8dc94,,2025-06-02 08:31:20.436585,2025-06-02 08:31:20.436585,distribution_media_history,hg_stock,distribution_media_history_20260822_080123,2026-08-22 08:01:40.05814
388c9d3c-8391-4ed6-8d32-b36bb8ab964e,b76f9d2f-6327-4b8a-8a0e-b8965f4114bb,f,f,1,45,"","",bdd9d4f3-6a59-4a34-8087-8b6c644ced64,"","",f,"",229dc6f0-0c2f-42cc-8d32-7c3397e96194,229dc6f0-0c2f-42cc-8d32-7c3397e96194,,2025-11-07 03:32:33.008072,2025-11-07 03:32:33.008072,distribution_media_history,hg_stock,distribution_media_history_20260822_080123,2026-08-22 08:01:40.05814
388cacf5-af71-4e29-b768-44d65ae077bb,6a0c5a58-6893-465b-a3dc-1f23e705b837,t,f,1,7,"","","15b9cfe7-85ee-4d5c-910a-8dd18e3c08a8,211db165-a4e5-46fa-ae35-b3ce4970f396,270551e0-15db-4b4a-8bed-b0a9a3a44dff,469f562c-a07c-4e5e-9294-ca2b7f3e96c5,4b130012-bca4-48d9-b677-a3bbac756669,5026b271-3ca4-475e-b42b-ecaef67294c8,52cea1c3-a193-411f-adb4-a6fbffe220eb,629885eb-65c4-4921-a300-3c618c8961e3,7657821d-0928-4099-92a1-2146097c66b0,7ad7d9b9-4600-4db5-a3a8-e7c243499008,ba826125-ec02-4f09-b0d4-9e4aeeb11c0a,db869e71-ba93-441b-a264-32c62f017853,df42ed2a-f2da-49a1-a4ea-36e358b59bee,fcdd5322-049e-4b50-aecf-593d36d18b8f","","",f,,,,,2025-05-05 08:37:53.11961,2025-05-05 08:37:53.11961,distribution_media_history,hg_stock,distribution_media_history_20260822_080123,2026-08-22 08:01:40.05814
388cad7e-393e-4976-b328-c41fbb9994cc,6b27ce83-2270-439d-8b76-901cd709f13c,f,f,1,7,"","","48a1af96-5a7d-40d9-8ebe-4e3655f14e4b,7a389018-94d3-443d-9646-ed7b63117169,854cae12-c88d-4bb4-85cf-4ed044d8e963,f30dad8c-85eb-43c2-a375-5d3fe9ff31ce,f5a4dab5-df91-4776-9a1f-1c2e1ed7ce8b","","",f,,,,,2025-05-05 08:37:53.120147,2025-05-05 08:37:53.120147,distribution_media_history,hg_stock,distribution_media_history_20260822_080123,2026-08-22 08:01:40.05814
388cb2c1-6901-4049-b498-78870003ec03,f87c7206-d8cc-455e-b269-89d448f88e33,f,t,1,30,"","","","","",f,1190b645-1f41-44cb-8680-5726382adcc2,358dceb1-c1b0-46b9-a24f-c1b6a7fdb2dd,358dceb1-c1b0-46b9-a24f-c1b6a7fdb2dd,,2026-01-20 08:57:01.499228,2026-01-20 08:57:01.499228,distribution_media_history,hg_stock,distribution_media_history_20260822_080123,2026-08-22 08:01:40.05814
388cb5ea-0030-43dc-a228-f658149c9ae6,8ff89429-c359-43bc-bf92-dacf914d4b51,t,t,1,7,"","","","","04cee13a-69b0-41f1-b39c-889f9bd82938,17f48f51-7f38-41b0-a897-21f240726378,189d5957-a376-4804-9ac9-d3ac913f29b2,22c49afc-02e4-47e8-a4ab-9f0c0546ea68,3084841c-a70b-40d9-9edb-7aa498a50dc1,36298fa0-1ce7-4bae-8c41-db0a98d0341a,396221b9-cdc5-45b2-a79f-2d6de550fda9,3ee41b7a-96b5-4ab9-901b-3e0866188b6d,404f9125-d4c4-4da9-ad88-f829bb17ba62,489f9411-5f7e-4301-814a-60567e4e3e30,59113c8d-b24b-43e2-96f3-1eb18e9020bc,5c1b1d8f-d4a9-4a22-934a-43831e85d1e4,66cd6c10-7895-4502-937a-583c0d9ab692,7f65daf7-a4b7-4c1d-9b27-95a3e2321af0,7ffdacef-5d02-4aa8-b3d3-84c85d823164,83546f70-3b79-4803-a00d-d4d620662403,84a48d11-c91a-4704-984d-487c05e520f8,8664aefc-082d-45bf-997c-d7924cdc450f,8b53e647-7506-4329-8541-838a25dc90b3,988558f8-ab30-4768-aed0-ddcc6cb6b630,9f332297-3b6b-4a98-bcd8-bc8da41105dd,a45aa42c-5285-4ac5-8fe7-a51fbd5e1447,aa6908d1-4b4a-4472-8767-934000773385,b5793a82-9df0-404c-b478-a81c03ae4e6c,b5a513f2-8d65-4512-90c0-7fa3c7311a61,b7f0a1f8-0078-4361-a39c-609cbc0fa09c,bd408cb0-2cde-4b1a-b556-8da94c325e1c,c0cc4ed9-8760-4184-b93c-e698dfb46246,c4b978df-9107-4eb9-a678-e621c83f0e48,c6f97750-2e14-4bb0-8d48-6d7b75af9afb,d369fc61-1571-40e8-961b-70044ea493c5,de206049-f16b-4735-bac3-6af89517d5f6,e08f3c2d-0236-4fd0-8b86-d978d047ef93,ed0b4e25-e812-41ba-b50b-6963218c597f,ed44140b-5cc4-4d47-8ad1-afdb356aa44b,f335762b-0da1-428e-87a0-bec2dfa6b557,f475b91f-4997-46e8-9c30-f89c24d0a3bf,f601dbeb-2cae-4c86-9924-ce54abb0c3fb,fad1e7bc-99f8-4821-beff-abd4694d5006,feb6927d-ee9b-40fc-8897-54a2bef67493",f,"",3a9ff8c5-8923-4d19-a09e-2c8d79cc7c6f,3a9ff8c5-8923-4d19-a09e-2c8d79cc7c6f,,2025-08-09 08:10:33.862897,2025-08-09 08:10:33.862897,distribution_media_history,hg_stock,distribution_media_history_20260822_080123,2026-08-22 08:01:40.05814
388cb80d-5cd5-4843-a5c1-c53371936915,23183fa3-5eec-43f0-87a9-ededaf8af5b5,f,t,1,7,"","","","","0b0ddaa4-3592-40d8-9e46-8986bb004c15,16d182a6-e3b7-4466-8446-f2739dec2bf0,3067c1d2-52e0-4db5-91a6-41fea5dcab72,379b468c-ef01-4197-bdea-4a3eaf60e75e,43bf3c8b-89b1-4138-8ae9-f564bb06596c,4761ea79-5165-4fa7-a980-b09454c0fb14,5d673e15-d21b-4a74-98aa-195b698a2fdd,5e8be933-062d-4492-972e-84b9af98bade,8df73140-b85e-441c-8456-d07f4f0534c5,a0e3928d-c585-4784-9b00-57cb9b7a3757,b97a25ad-3ed6-4e6f-91c4-8e603c58206b,c26c67b9-c472-487d-ba06-5a9ea82d6183,c7cf7f6c-e66f-47e1-9fdf-921fddd72683,db8809bc-fda7-46f6-bbaa-3b3226aaefad,ed9af347-1249-4f1f-91f6-6fa0b7ca6a30,f4dd4428-bf65-4513-b8be-601d0d1d43d6",f,,97ee41e4-8f90-4991-8d67-df26d970bf62,97ee41e4-8f90-4991-8d67-df26d970bf62,,2025-07-05 09:58:24.191296,2025-07-05 09:58:24.191296,distribution_media_history,hg_stock,distribution_media_history_20260822_080123,2026-08-22 08:01:40.05814
388cbcc4-6b90-4c26-a189-b0567b14e514,3bd44ab1-ed7e-43b7-817b-182763e4971a,f,f,1,45,"","",de8dffd8-4f8e-4226-b4a3-64fd21a3de1c,"","",f,"",229dc6f0-0c2f-42cc-8d32-7c3397e96194,229dc6f0-0c2f-42cc-8d32-7c3397e96194,,2025-12-10 03:25:05.023445,2025-12-10 03:25:05.023445,distribution_media_history,hg_stock,distribution_media_history_20260822_080123,2026-08-22 08:01:40.05814
388cc4b4-30ed-43c6-b100-f353a5ca2e14,275db491-e261-4224-a831-05f8bafb37af,f,f,1,7,"","",23fab090-e892-486d-8a78-16f6a1031d35,"","",f,,0200161a-5f5d-40f7-94d8-e0584d9d2831,0200161a-5f5d-40f7-94d8-e0584d9d2831,,2025-05-05 08:36:37.736058,2025-05-05 08:36:37.736058,distribution_media_history,hg_stock,distribution_media_history_20260822_080123,2026-08-22 08:01:40.05814
388cda9d-eb87-44d5-8825-6ec6452c4ff4,e59052f5-6dd7-44d8-a912-d38dc2315f60,f,t,1,7,"",fceea347-7b7d-4bfa-98d4-9f96f62b5486,"","","",f,,074fa6ee-e74d-46b2-a8e0-4702edbcef0b,074fa6ee-e74d-46b2-a8e0-4702edbcef0b,,2025-06-04 08:41:03.395937,2025-06-04 08:41:03.395937,distribution_media_history,hg_stock,distribution_media_history_20260822_080123,2026-08-22 08:01:40.05814
388ce36a-b90e-4e75-963f-0452acac6fcd,eb28ab18-5890-4be3-8779-19226448e5b1,f,f,1,14,"","","","",8c06a442-5fad-4c74-ae02-c4e492346f84,f,"",4cf4d8d0-959b-4d27-882a-ef1ce5b92241,4cf4d8d0-959b-4d27-882a-ef1ce5b92241,,2026-05-15 07:51:36.187891,2026-05-15 07:51:36.187891,distribution_media_history,hg_stock,distribution_media_history_20260822_080123,2026-08-22 08:01:40.05814
388ced42-45f2-4c63-b0fc-5bbc9e6c0320,f69f1962-60f2-41df-9544-8452349835cf,f,f,1,7,"",5938543b-a59a-40f7-b443-88fa3e8e1c08,"","","",f,"",6a34ddae-be72-471a-ad45-7e226c3a141f,6a34ddae-be72-471a-ad45-7e226c3a141f,,2025-09-04 04:08:53.99238,2025-09-04 04:08:53.99238,distribution_media_history,hg_stock,distribution_media_history_20260822_080123,2026-08-22 08:01:40.05814
388e9772-b911-4ffa-b2ea-454eeda97af1,3d842ab0-8d88-4099-8d0f-b5b775b220af,t,f,1,7,"","","15b9cfe7-85ee-4d5c-910a-8dd18e3c08a8,211db165-a4e5-46fa-ae35-b3ce4970f396,270551e0-15db-4b4a-8bed-b0a9a3a44dff,4b130012-bca4-48d9-b677-a3bbac756669,5026b271-3ca4-475e-b42b-ecaef67294c8,52cea1c3-a193-411f-adb4-a6fbffe220eb,629885eb-65c4-4921-a300-3c618c8961e3,7657821d-0928-4099-92a1-2146097c66b0,7ad7d9b9-4600-4db5-a3a8-e7c243499008,ba826125-ec02-4f09-b0d4-9e4aeeb11c0a,db869e71-ba93-441b-a264-32c62f017853,df42ed2a-f2da-49a1-a4ea-36e358b59bee,fcdd5322-049e-4b50-aecf-593d36d18b8f","","",f,,72978bf6-a73e-4223-93b3-0f4b9241bcc9,72978bf6-a73e-4223-93b3-0f4b9241bcc9,,2025-05-05 08:36:56.497134,2025-05-05 08:36:56.497134,distribution_media_history,hg_stock,distribution_media_history_20260822_080123,2026-08-22 08:01:40.05814
388cf6ef-8704-4daf-8df8-69b4fae56568,fa911628-53cd-467a-baa0-ec5f1398cc1a,t,f,1,7,"","","","","04cee13a-69b0-41f1-b39c-889f9bd82938,17f48f51-7f38-41b0-a897-21f240726378,189d5957-a376-4804-9ac9-d3ac913f29b2,22c49afc-02e4-47e8-a4ab-9f0c0546ea68,3084841c-a70b-40d9-9edb-7aa498a50dc1,36298fa0-1ce7-4bae-8c41-db0a98d0341a,396221b9-cdc5-45b2-a79f-2d6de550fda9,3ee41b7a-96b5-4ab9-901b-3e0866188b6d,404f9125-d4c4-4da9-ad88-f829bb17ba62,489f9411-5f7e-4301-814a-60567e4e3e30,59113c8d-b24b-43e2-96f3-1eb18e9020bc,5c1b1d8f-d4a9-4a22-934a-43831e85d1e4,66cd6c10-7895-4502-937a-583c0d9ab692,6fccedd4-9c2a-4b13-a908-32363d8ab09d,7f65daf7-a4b7-4c1d-9b27-95a3e2321af0,7ffdacef-5d02-4aa8-b3d3-84c85d823164,82ce273c-9538-45d9-bc55-81d4406d2896,83546f70-3b79-4803-a00d-d4d620662403,84a48d11-c91a-4704-984d-487c05e520f8,8664aefc-082d-45bf-997c-d7924cdc450f,8b53e647-7506-4329-8541-838a25dc90b3,93ab8008-587a-4a00-a78b-1ea011796b10,96fdf1dd-c29d-48c0-9942-b89777d4f662,980be853-40ae-403e-9dfb-e5a0644a55da,988558f8-ab30-4768-aed0-ddcc6cb6b630,a45aa42c-5285-4ac5-8fe7-a51fbd5e1447,aa6908d1-4b4a-4472-8767-934000773385,afe4ba65-c5e3-4bbb-9e23-6ccb370dc871,b5793a82-9df0-404c-b478-a81c03ae4e6c,bd408cb0-2cde-4b1a-b556-8da94c325e1c,c0cc4ed9-8760-4184-b93c-e698dfb46246,c6f97750-2e14-4bb0-8d48-6d7b75af9afb,cbc183a5-8bbf-4ef0-988c-7b542efb0f71,d369fc61-1571-40e8-961b-70044ea493c5,de206049-f16b-4735-bac3-6af89517d5f6,e07abf1a-e63a-4a79-8ed5-11dbd5b7268c,e08f3c2d-0236-4fd0-8b86-d978d047ef93,e5a984fb-9511-483f-9ca8-2624f19dffac,ed0b4e25-e812-41ba-b50b-6963218c597f,ed44140b-5cc4-4d47-8ad1-afdb356aa44b,eee97771-c2ef-426b-8c92-fde92d29fa00,f335762b-0da1-428e-87a0-bec2dfa6b557,f475b91f-4997-46e8-9c30-f89c24d0a3bf,f601dbeb-2cae-4c86-9924-ce54abb0c3fb,fa2d090f-99ed-4048-bc02-56e323844e79,fad1e7bc-99f8-4821-beff-abd4694d5006,fd42dc28-9ff0-4379-8e65-fbca6f35de60,feb6927d-ee9b-40fc-8897-54a2bef67493",f,,3a9ff8c5-8923-4d19-a09e-2c8d79cc7c6f,3a9ff8c5-8923-4d19-a09e-2c8d79cc7c6f,,2025-07-23 08:20:06.041497,2025-07-23 08:20:06.041497,distribution_media_history,hg_stock,distribution_media_history_20260822_080123,2026-08-22 08:01:40.05814
388cf7c3-3e73-41fc-8179-aa77cc261d11,4b9a9ef9-a5ff-409c-9d91-7cb3806c58af,f,t,1,7,"","","","",635fefea-3f23-4852-88e5-2b8787d39773,f,,ed8e0c83-aaec-49eb-8379-90f06bb587ed,ed8e0c83-aaec-49eb-8379-90f06bb587ed,,2025-05-20 04:16:43.772877,2025-05-20 04:16:43.772877,distribution_media_history,hg_stock,distribution_media_history_20260822_080123,2026-08-22 08:01:40.05814
388d0884-f099-479c-90ef-b0049e1ab8da,ad998008-3fed-4a6e-9abc-cf4ddec8c049,f,f,1,7,"","","48a1af96-5a7d-40d9-8ebe-4e3655f14e4b,7a389018-94d3-443d-9646-ed7b63117169,854cae12-c88d-4bb4-85cf-4ed044d8e963,f30dad8c-85eb-43c2-a375-5d3fe9ff31ce,f5a4dab5-df91-4776-9a1f-1c2e1ed7ce8b","","",f,,,,,2025-05-05 08:39:16.08363,2025-05-05 08:39:16.08363,distribution_media_history,hg_stock,distribution_media_history_20260822_080123,2026-08-22 08:01:40.05814
388d0e55-9c8a-4118-a38c-c03326923bb6,3b37bcaf-3ae9-4c8a-8d8b-0e4a985dfd7c,f,f,1,-1,"2041f929-23a3-46e5-a83b-4f2315ee8970,4b0353f5-de37-4217-b0bc-c7cb98613fe8","","",da03d469-91bd-4465-815d-a1b05c66cef0,"",f,"",a61e2437-628b-43e7-a32c-f948290dbba9,a61e2437-628b-43e7-a32c-f948290dbba9,,2026-05-29 06:17:15.375031,2026-05-29 06:17:15.375031,distribution_media_history,hg_stock,distribution_media_history_20260822_080123,2026-08-22 08:01:40.05814
388d1a6a-3717-47c2-bdc9-7eba4726b4c4,ae046f3f-76f6-487c-9e9c-58e5c4f0d6a8,t,f,0,7,"","","","","189d5957-a376-4804-9ac9-d3ac913f29b2,ed44140b-5cc4-4d47-8ad1-afdb356aa44b,3ee41b7a-96b5-4ab9-901b-3e0866188b6d,feb6927d-ee9b-40fc-8897-54a2bef67493,04cee13a-69b0-41f1-b39c-889f9bd82938,396221b9-cdc5-45b2-a79f-2d6de550fda9,7ffdacef-5d02-4aa8-b3d3-84c85d823164,f475b91f-4997-46e8-9c30-f89c24d0a3bf,988558f8-ab30-4768-aed0-ddcc6cb6b630,36298fa0-1ce7-4bae-8c41-db0a98d0341a,b5793a82-9df0-404c-b478-a81c03ae4e6c,f335762b-0da1-428e-87a0-bec2dfa6b557,eee97771-c2ef-426b-8c92-fde92d29fa00,7f65daf7-a4b7-4c1d-9b27-95a3e2321af0,59113c8d-b24b-43e2-96f3-1eb18e9020bc,ed0b4e25-e812-41ba-b50b-6963218c597f,84a48d11-c91a-4704-984d-487c05e520f8,aa6908d1-4b4a-4472-8767-934000773385,489f9411-5f7e-4301-814a-60567e4e3e30,3084841c-a70b-40d9-9edb-7aa498a50dc1,bd408cb0-2cde-4b1a-b556-8da94c325e1c,82ce273c-9538-45d9-bc55-81d4406d2896,de206049-f16b-4735-bac3-6af89517d5f6,404f9125-d4c4-4da9-ad88-f829bb17ba62,a45aa42c-5285-4ac5-8fe7-a51fbd5e1447,8664aefc-082d-45bf-997c-d7924cdc450f,afe4ba65-c5e3-4bbb-9e23-6ccb370dc871,83546f70-3b79-4803-a00d-d4d620662403,66cd6c10-7895-4502-937a-583c0d9ab692,980be853-40ae-403e-9dfb-e5a0644a55da,8b53e647-7506-4329-8541-838a25dc90b3,22c49afc-02e4-47e8-a4ab-9f0c0546ea68,17f48f51-7f38-41b0-a897-21f240726378,d369fc61-1571-40e8-961b-70044ea493c5,6fccedd4-9c2a-4b13-a908-32363d8ab09d,fa2d090f-99ed-4048-bc02-56e323844e79,c6f97750-2e14-4bb0-8d48-6d7b75af9afb,cbc183a5-8bbf-4ef0-988c-7b542efb0f71,e07abf1a-e63a-4a79-8ed5-11dbd5b7268c,f601dbeb-2cae-4c86-9924-ce54abb0c3fb,e08f3c2d-0236-4fd0-8b86-d978d047ef93,c0cc4ed9-8760-4184-b93c-e698dfb46246",f,,3a9ff8c5-8923-4d19-a09e-2c8d79cc7c6f,3a9ff8c5-8923-4d19-a09e-2c8d79cc7c6f,,2025-06-17 04:56:53.61142,2025-06-17 04:56:53.61142,distribution_media_history,hg_stock,distribution_media_history_20260822_080123,2026-08-22 08:01:40.05814
388d1e16-27af-485a-8959-01af3932de86,8578bf40-28c0-4bcc-8a41-6141f5971e70,f,t,1,7,"","","","",396221b9-cdc5-45b2-a79f-2d6de550fda9,f,,5d7a9893-6e21-4a12-bf1b-8594646e7b4d,5d7a9893-6e21-4a12-bf1b-8594646e7b4d,,2025-05-09 06:59:33.026757,2025-05-09 06:59:33.026757,distribution_media_history,hg_stock,distribution_media_history_20260822_080123,2026-08-22 08:01:40.05814
388d2075-cce5-4a32-a817-3d312c77fc84,dbe8c786-3b97-4cd2-884b-0dad55d27c72,t,f,1,7,"","","","","04cee13a-69b0-41f1-b39c-889f9bd82938,17f48f51-7f38-41b0-a897-21f240726378,189d5957-a376-4804-9ac9-d3ac913f29b2,22c49afc-02e4-47e8-a4ab-9f0c0546ea68,3084841c-a70b-40d9-9edb-7aa498a50dc1,36298fa0-1ce7-4bae-8c41-db0a98d0341a,396221b9-cdc5-45b2-a79f-2d6de550fda9,3ee41b7a-96b5-4ab9-901b-3e0866188b6d,404f9125-d4c4-4da9-ad88-f829bb17ba62,489f9411-5f7e-4301-814a-60567e4e3e30,59113c8d-b24b-43e2-96f3-1eb18e9020bc,5c1b1d8f-d4a9-4a22-934a-43831e85d1e4,66cd6c10-7895-4502-937a-583c0d9ab692,6fccedd4-9c2a-4b13-a908-32363d8ab09d,7f65daf7-a4b7-4c1d-9b27-95a3e2321af0,7ffdacef-5d02-4aa8-b3d3-84c85d823164,82ce273c-9538-45d9-bc55-81d4406d2896,83546f70-3b79-4803-a00d-d4d620662403,84a48d11-c91a-4704-984d-487c05e520f8,8664aefc-082d-45bf-997c-d7924cdc450f,8b53e647-7506-4329-8541-838a25dc90b3,980be853-40ae-403e-9dfb-e5a0644a55da,988558f8-ab30-4768-aed0-ddcc6cb6b630,a45aa42c-5285-4ac5-8fe7-a51fbd5e1447,aa6908d1-4b4a-4472-8767-934000773385,b5793a82-9df0-404c-b478-a81c03ae4e6c,bd408cb0-2cde-4b1a-b556-8da94c325e1c,c0cc4ed9-8760-4184-b93c-e698dfb46246,c6f97750-2e14-4bb0-8d48-6d7b75af9afb,cbc183a5-8bbf-4ef0-988c-7b542efb0f71,d369fc61-1571-40e8-961b-70044ea493c5,de206049-f16b-4735-bac3-6af89517d5f6,e07abf1a-e63a-4a79-8ed5-11dbd5b7268c,e08f3c2d-0236-4fd0-8b86-d978d047ef93,e5a984fb-9511-483f-9ca8-2624f19dffac,ed0b4e25-e812-41ba-b50b-6963218c597f,ed44140b-5cc4-4d47-8ad1-afdb356aa44b,f335762b-0da1-428e-87a0-bec2dfa6b557,f475b91f-4997-46e8-9c30-f89c24d0a3bf,f601dbeb-2cae-4c86-9924-ce54abb0c3fb,fa2d090f-99ed-4048-bc02-56e323844e79,fad1e7bc-99f8-4821-beff-abd4694d5006,fd42dc28-9ff0-4379-8e65-fbca6f35de60,feb6927d-ee9b-40fc-8897-54a2bef67493",f,,3a9ff8c5-8923-4d19-a09e-2c8d79cc7c6f,3a9ff8c5-8923-4d19-a09e-2c8d79cc7c6f,,2025-07-30 03:07:46.730546,2025-07-30 03:07:46.730546,distribution_media_history,hg_stock,distribution_media_history_20260822_080123,2026-08-22 08:01:40.05814
388d20d3-bbee-4670-af76-aa73b99bf026,0229d3c0-8e7a-4ef6-bff9-52aca53b4c88,f,f,1,7,"","","0b5fd67b-6dbc-468f-9fd9-871c24314e4c,0dca4ce1-f595-42fa-bde9-988b7de6051c,211db165-a4e5-46fa-ae35-b3ce4970f396,4b130012-bca4-48d9-b677-a3bbac756669,52cea1c3-a193-411f-adb4-a6fbffe220eb,7657821d-0928-4099-92a1-2146097c66b0,db869e71-ba93-441b-a264-32c62f017853","","",f,,f839e202-7f6c-4889-8f2e-160d525c0697,f839e202-7f6c-4889-8f2e-160d525c0697,,2025-05-05 08:35:40.267364,2025-05-05 08:35:40.267364,distribution_media_history,hg_stock,distribution_media_history_20260822_080123,2026-08-22 08:01:40.05814
388d27cf-944a-4685-8150-4265d0ddc0f5,582d7251-ae84-42b8-bdb6-9eb5f8a5377f,f,f,1,-1,"","","","","",f,f7288e49-c1a2-4f68-adf3-c6f3af34b2f8,a61e2437-628b-43e7-a32c-f948290dbba9,a61e2437-628b-43e7-a32c-f948290dbba9,,2026-05-06 03:51:25.524991,2026-05-06 03:51:25.524991,distribution_media_history,hg_stock,distribution_media_history_20260822_080123,2026-08-22 08:01:40.05814
388d2d0e-12a0-4357-a63b-761c734aaffd,86167fa3-0688-4205-8620-80f22166fec9,t,f,1,-1,"","","","","",f,cc84a821-10b5-43c8-a7ec-2205c10dd989,9a1fc915-e747-4aa4-a786-19c67cd5ea2e,9a1fc915-e747-4aa4-a786-19c67cd5ea2e,,2026-02-12 08:10:29.433851,2026-02-12 08:10:29.433851,distribution_media_history,hg_stock,distribution_media_history_20260822_080123,2026-08-22 08:01:40.05814
388d31d7-20d4-43bb-adc9-6a9f6e2d70a0,2d9b6fb2-99e0-4e51-aa78-148963483164,f,f,1,45,"","",bdd9d4f3-6a59-4a34-8087-8b6c644ced64,"","",f,"",229dc6f0-0c2f-42cc-8d32-7c3397e96194,229dc6f0-0c2f-42cc-8d32-7c3397e96194,,2026-01-27 09:22:41.991263,2026-01-27 09:22:41.991263,distribution_media_history,hg_stock,distribution_media_history_20260822_080123,2026-08-22 08:01:40.05814
388d40fd-0b7e-4c55-b265-f17978933713,8a180f23-6157-4202-b1e8-d6d7ebe73a75,t,t,1,7,"","","","","04cee13a-69b0-41f1-b39c-889f9bd82938,17f48f51-7f38-41b0-a897-21f240726378,189d5957-a376-4804-9ac9-d3ac913f29b2,22c49afc-02e4-47e8-a4ab-9f0c0546ea68,3084841c-a70b-40d9-9edb-7aa498a50dc1,36298fa0-1ce7-4bae-8c41-db0a98d0341a,396221b9-cdc5-45b2-a79f-2d6de550fda9,3ee41b7a-96b5-4ab9-901b-3e0866188b6d,404f9125-d4c4-4da9-ad88-f829bb17ba62,489f9411-5f7e-4301-814a-60567e4e3e30,59113c8d-b24b-43e2-96f3-1eb18e9020bc,66cd6c10-7895-4502-937a-583c0d9ab692,6fccedd4-9c2a-4b13-a908-32363d8ab09d,7f65daf7-a4b7-4c1d-9b27-95a3e2321af0,7ffdacef-5d02-4aa8-b3d3-84c85d823164,82ce273c-9538-45d9-bc55-81d4406d2896,83546f70-3b79-4803-a00d-d4d620662403,84a48d11-c91a-4704-984d-487c05e520f8,8664aefc-082d-45bf-997c-d7924cdc450f,8b53e647-7506-4329-8541-838a25dc90b3,980be853-40ae-403e-9dfb-e5a0644a55da,988558f8-ab30-4768-aed0-ddcc6cb6b630,a45aa42c-5285-4ac5-8fe7-a51fbd5e1447,aa6908d1-4b4a-4472-8767-934000773385,afe4ba65-c5e3-4bbb-9e23-6ccb370dc871,b5793a82-9df0-404c-b478-a81c03ae4e6c,bd408cb0-2cde-4b1a-b556-8da94c325e1c,c0cc4ed9-8760-4184-b93c-e698dfb46246,c6f97750-2e14-4bb0-8d48-6d7b75af9afb,cbc183a5-8bbf-4ef0-988c-7b542efb0f71,d369fc61-1571-40e8-961b-70044ea493c5,de206049-f16b-4735-bac3-6af89517d5f6,e07abf1a-e63a-4a79-8ed5-11dbd5b7268c,e08f3c2d-0236-4fd0-8b86-d978d047ef93,e5a984fb-9511-483f-9ca8-2624f19dffac,ed0b4e25-e812-41ba-b50b-6963218c597f,ed44140b-5cc4-4d47-8ad1-afdb356aa44b,eee97771-c2ef-426b-8c92-fde92d29fa00,f335762b-0da1-428e-87a0-bec2dfa6b557,f475b91f-4997-46e8-9c30-f89c24d0a3bf,f601dbeb-2cae-4c86-9924-ce54abb0c3fb,fa2d090f-99ed-4048-bc02-56e323844e79,fad1e7bc-99f8-4821-beff-abd4694d5006,fd42dc28-9ff0-4379-8e65-fbca6f35de60,feb6927d-ee9b-40fc-8897-54a2bef67493",f,,3a9ff8c5-8923-4d19-a09e-2c8d79cc7c6f,3a9ff8c5-8923-4d19-a09e-2c8d79cc7c6f,,2025-06-26 01:54:23.025254,2025-06-26 01:54:23.025254,distribution_media_history,hg_stock,distribution_media_history_20260822_080123,2026-08-22 08:01:40.05814
388d5086-f3f8-4d45-85e1-1ff6b0a12e40,10c07249-0697-44c3-a662-3f45f1b78293,t,f,1,7,"","","15b9cfe7-85ee-4d5c-910a-8dd18e3c08a8,211db165-a4e5-46fa-ae35-b3ce4970f396,270551e0-15db-4b4a-8bed-b0a9a3a44dff,469f562c-a07c-4e5e-9294-ca2b7f3e96c5,4b130012-bca4-48d9-b677-a3bbac756669,5026b271-3ca4-475e-b42b-ecaef67294c8,52cea1c3-a193-411f-adb4-a6fbffe220eb,629885eb-65c4-4921-a300-3c618c8961e3,7657821d-0928-4099-92a1-2146097c66b0,7ad7d9b9-4600-4db5-a3a8-e7c243499008,ba826125-ec02-4f09-b0d4-9e4aeeb11c0a,db869e71-ba93-441b-a264-32c62f017853,df42ed2a-f2da-49a1-a4ea-36e358b59bee,fcdd5322-049e-4b50-aecf-593d36d18b8f","","",f,,,,,2025-05-05 08:36:08.450901,2025-05-05 08:36:08.450901,distribution_media_history,hg_stock,distribution_media_history_20260822_080123,2026-08-22 08:01:40.05814
388d5767-5616-4060-adea-d145f92792b2,ecca3d14-9a98-4dc5-b951-de818a2d8963,f,f,1,0,"","","","","",f,1190b645-1f41-44cb-8680-5726382adcc2,358dceb1-c1b0-46b9-a24f-c1b6a7fdb2dd,358dceb1-c1b0-46b9-a24f-c1b6a7fdb2dd,,2026-03-03 10:47:11.683528,2026-03-03 10:47:11.683528,distribution_media_history,hg_stock,distribution_media_history_20260822_080123,2026-08-22 08:01:40.05814
388d57cb-04f8-4c23-ae48-3a501c1094c0,7cce17c6-3e77-480b-94ce-7882c0851c1b,f,f,1,90,"","","","","",f,de337a89-766b-4121-bf74-03703fbc9236,358dceb1-c1b0-46b9-a24f-c1b6a7fdb2dd,358dceb1-c1b0-46b9-a24f-c1b6a7fdb2dd,,2026-03-18 14:47:28.137448,2026-03-18 14:47:28.137448,distribution_media_history,hg_stock,distribution_media_history_20260822_080123,2026-08-22 08:01:40.05814
388d5bab-9b28-4dbc-ac35-94b38b4af1bd,d5310b9f-805f-443b-9842-3181668ae906,f,t,1,7,"",bdf18b05-f382-4e80-b3ec-6a9bc6a2a7dd,"","","",f,,ed8e0c83-aaec-49eb-8379-90f06bb587ed,ed8e0c83-aaec-49eb-8379-90f06bb587ed,,2025-05-07 01:39:56.852082,2025-05-07 01:39:56.852082,distribution_media_history,hg_stock,distribution_media_history_20260822_080123,2026-08-22 08:01:40.05814
388d6abe-ae17-4419-a381-cb08af637074,da6f2756-7100-4128-a65c-4f087273be51,f,f,1,7,"","","","","",f,f7288e49-c1a2-4f68-adf3-c6f3af34b2f8,a61e2437-628b-43e7-a32c-f948290dbba9,a61e2437-628b-43e7-a32c-f948290dbba9,,2026-02-03 10:06:24.459218,2026-02-03 10:06:24.459218,distribution_media_history,hg_stock,distribution_media_history_20260822_080123,2026-08-22 08:01:40.05814
388d85ef-6d33-4e81-b569-c855667b2abe,61724e9a-3973-4100-b018-5106e70caab4,f,t,1,7,"","d4706992-57ae-4efc-8100-86611363276a,3a67bc3d-1077-4be0-9f5a-846a08f8c71b","","","",f,,3a67bc3d-1077-4be0-9f5a-846a08f8c71b,3a67bc3d-1077-4be0-9f5a-846a08f8c71b,,2025-05-13 02:32:37.491846,2025-05-13 02:32:37.491846,distribution_media_history,hg_stock,distribution_media_history_20260822_080123,2026-08-22 08:01:40.05814
388d8ce7-407e-4d30-8d4a-354d5344039c,87d1079f-9808-4f3e-8a4e-205f684a3629,f,f,1,30,"","","","","",f,1190b645-1f41-44cb-8680-5726382adcc2,358dceb1-c1b0-46b9-a24f-c1b6a7fdb2dd,358dceb1-c1b0-46b9-a24f-c1b6a7fdb2dd,,2026-01-20 08:57:01.503012,2026-01-20 08:57:01.503012,distribution_media_history,hg_stock,distribution_media_history_20260822_080123,2026-08-22 08:01:40.05814
388d9247-cff1-4e54-945c-39dac0e905f8,3a50d584-f87c-4e27-9641-92e094650ef2,t,t,1,7,"","","","","189d5957-a376-4804-9ac9-d3ac913f29b2,3084841c-a70b-40d9-9edb-7aa498a50dc1,489f9411-5f7e-4301-814a-60567e4e3e30,59113c8d-b24b-43e2-96f3-1eb18e9020bc,84a48d11-c91a-4704-984d-487c05e520f8,aa6908d1-4b4a-4472-8767-934000773385,bd408cb0-2cde-4b1a-b556-8da94c325e1c,e08f3c2d-0236-4fd0-8b86-d978d047ef93,ed0b4e25-e812-41ba-b50b-6963218c597f,ed44140b-5cc4-4d47-8ad1-afdb356aa44b,fad1e7bc-99f8-4821-beff-abd4694d5006",f,,3a9ff8c5-8923-4d19-a09e-2c8d79cc7c6f,3a9ff8c5-8923-4d19-a09e-2c8d79cc7c6f,,2025-06-26 01:37:09.785988,2025-06-26 01:37:09.785988,distribution_media_history,hg_stock,distribution_media_history_20260822_080123,2026-08-22 08:01:40.05814
388daae6-ba8a-4bdb-bd98-08ac3e0cdfb9,45a88b69-7cd7-4a37-8480-629a593784c3,f,t,1,7,"","",8ff764e4-1c14-41ce-9fb2-37f9b60c915c,"",e18d42b2-8ebd-45fa-b494-b0c66948941c,t,,0306b6b6-420e-4c6f-85ad-665d3f5875c5,0306b6b6-420e-4c6f-85ad-665d3f5875c5,,2025-06-28 17:00:57.581347,2025-06-28 17:00:57.581347,distribution_media_history,hg_stock,distribution_media_history_20260822_080123,2026-08-22 08:01:40.05814
388daf04-4cd5-4a66-8cee-551b742942dd,a3fd4b0b-6eeb-46b9-89b8-6f54bc0286ed,t,f,1,30,"","","","","",f,1cdbc000-1c24-485c-8e71-fb91a4d5fcb6,3a9ff8c5-8923-4d19-a09e-2c8d79cc7c6f,3a9ff8c5-8923-4d19-a09e-2c8d79cc7c6f,,2025-10-28 03:11:12.171826,2025-10-28 03:11:12.171826,distribution_media_history,hg_stock,distribution_media_history_20260822_080123,2026-08-22 08:01:40.05814
388dc0fe-b7cc-4145-9eb0-9bb8f346ac00,9c292798-364b-41f4-9e3c-13feef894c3c,f,f,1,0,"","","","","",f,1190b645-1f41-44cb-8680-5726382adcc2,358dceb1-c1b0-46b9-a24f-c1b6a7fdb2dd,358dceb1-c1b0-46b9-a24f-c1b6a7fdb2dd,,2026-03-03 08:31:32.662213,2026-03-03 08:31:32.662213,distribution_media_history,hg_stock,distribution_media_history_20260822_080123,2026-08-22 08:01:40.05814
388dc454-6be2-452f-b80b-c66d72b1e5e5,f0e7fa24-22bc-41b1-a347-89817cac2315,t,f,1,7,"","","","","04cee13a-69b0-41f1-b39c-889f9bd82938,17f48f51-7f38-41b0-a897-21f240726378,189d5957-a376-4804-9ac9-d3ac913f29b2,22c49afc-02e4-47e8-a4ab-9f0c0546ea68,3084841c-a70b-40d9-9edb-7aa498a50dc1,36298fa0-1ce7-4bae-8c41-db0a98d0341a,396221b9-cdc5-45b2-a79f-2d6de550fda9,3ee41b7a-96b5-4ab9-901b-3e0866188b6d,404f9125-d4c4-4da9-ad88-f829bb17ba62,489f9411-5f7e-4301-814a-60567e4e3e30,59113c8d-b24b-43e2-96f3-1eb18e9020bc,5c1b1d8f-d4a9-4a22-934a-43831e85d1e4,66cd6c10-7895-4502-937a-583c0d9ab692,6fccedd4-9c2a-4b13-a908-32363d8ab09d,7f65daf7-a4b7-4c1d-9b27-95a3e2321af0,7ffdacef-5d02-4aa8-b3d3-84c85d823164,82ce273c-9538-45d9-bc55-81d4406d2896,83546f70-3b79-4803-a00d-d4d620662403,84a48d11-c91a-4704-984d-487c05e520f8,8664aefc-082d-45bf-997c-d7924cdc450f,8b53e647-7506-4329-8541-838a25dc90b3,980be853-40ae-403e-9dfb-e5a0644a55da,988558f8-ab30-4768-aed0-ddcc6cb6b630,a45aa42c-5285-4ac5-8fe7-a51fbd5e1447,aa6908d1-4b4a-4472-8767-934000773385,b5793a82-9df0-404c-b478-a81c03ae4e6c,bd408cb0-2cde-4b1a-b556-8da94c325e1c,c0cc4ed9-8760-4184-b93c-e698dfb46246,c6f97750-2e14-4bb0-8d48-6d7b75af9afb,cbc183a5-8bbf-4ef0-988c-7b542efb0f71,d369fc61-1571-40e8-961b-70044ea493c5,de206049-f16b-4735-bac3-6af89517d5f6,e07abf1a-e63a-4a79-8ed5-11dbd5b7268c,e08f3c2d-0236-4fd0-8b86-d978d047ef93,e5a984fb-9511-483f-9ca8-2624f19dffac,ed0b4e25-e812-41ba-b50b-6963218c597f,ed44140b-5cc4-4d47-8ad1-afdb356aa44b,f335762b-0da1-428e-87a0-bec2dfa6b557,f475b91f-4997-46e8-9c30-f89c24d0a3bf,f601dbeb-2cae-4c86-9924-ce54abb0c3fb,fa2d090f-99ed-4048-bc02-56e323844e79,fad1e7bc-99f8-4821-beff-abd4694d5006,fd42dc28-9ff0-4379-8e65-fbca6f35de60,feb6927d-ee9b-40fc-8897-54a2bef67493",f,,3a9ff8c5-8923-4d19-a09e-2c8d79cc7c6f,3a9ff8c5-8923-4d19-a09e-2c8d79cc7c6f,,2025-07-30 03:07:46.729611,2025-07-30 03:07:46.729611,distribution_media_history,hg_stock,distribution_media_history_20260822_080123,2026-08-22 08:01:40.05814
388dea79-0fd1-40f0-8bb3-cb36435ee706,eb09b5ee-90f7-4375-9c51-a5883cb6d9f0,f,f,1,90,"","","","","",t,"1190b645-1f41-44cb-8680-5726382adcc2,de337a89-766b-4121-bf74-03703fbc9236",358dceb1-c1b0-46b9-a24f-c1b6a7fdb2dd,358dceb1-c1b0-46b9-a24f-c1b6a7fdb2dd,,2026-03-18 15:05:30.557322,2026-03-18 15:05:30.557322,distribution_media_history,hg_stock,distribution_media_history_20260822_080123,2026-08-22 08:01:40.05814
388ea2cf-ea76-4a32-b7c3-bd2bd470abef,dc2cf86e-f8a9-4dbe-bc93-dccd73d2a708,f,f,1,90,"","","","","",t,"1190b645-1f41-44cb-8680-5726382adcc2,810a971a-8ddc-4ef0-9f85-d8eba152507c",358dceb1-c1b0-46b9-a24f-c1b6a7fdb2dd,358dceb1-c1b0-46b9-a24f-c1b6a7fdb2dd,,2026-03-11 04:34:34.053417,2026-03-11 04:34:34.053417,distribution_media_history,hg_stock,distribution_media_history_20260822_080123,2026-08-22 08:01:40.05814
388df006-3bb0-4b66-8080-4fa8ec45daa2,72af79b9-4bd4-48b9-b19a-ed1a67983338,t,f,1,7,"","","","","04cee13a-69b0-41f1-b39c-889f9bd82938,17f48f51-7f38-41b0-a897-21f240726378,189d5957-a376-4804-9ac9-d3ac913f29b2,22c49afc-02e4-47e8-a4ab-9f0c0546ea68,3084841c-a70b-40d9-9edb-7aa498a50dc1,36298fa0-1ce7-4bae-8c41-db0a98d0341a,396221b9-cdc5-45b2-a79f-2d6de550fda9,3ee41b7a-96b5-4ab9-901b-3e0866188b6d,404f9125-d4c4-4da9-ad88-f829bb17ba62,489f9411-5f7e-4301-814a-60567e4e3e30,59113c8d-b24b-43e2-96f3-1eb18e9020bc,66cd6c10-7895-4502-937a-583c0d9ab692,6fccedd4-9c2a-4b13-a908-32363d8ab09d,7f65daf7-a4b7-4c1d-9b27-95a3e2321af0,7ffdacef-5d02-4aa8-b3d3-84c85d823164,82ce273c-9538-45d9-bc55-81d4406d2896,83546f70-3b79-4803-a00d-d4d620662403,84a48d11-c91a-4704-984d-487c05e520f8,8664aefc-082d-45bf-997c-d7924cdc450f,8b53e647-7506-4329-8541-838a25dc90b3,980be853-40ae-403e-9dfb-e5a0644a55da,988558f8-ab30-4768-aed0-ddcc6cb6b630,a45aa42c-5285-4ac5-8fe7-a51fbd5e1447,aa6908d1-4b4a-4472-8767-934000773385,afe4ba65-c5e3-4bbb-9e23-6ccb370dc871,b5793a82-9df0-404c-b478-a81c03ae4e6c,bd408cb0-2cde-4b1a-b556-8da94c325e1c,c0cc4ed9-8760-4184-b93c-e698dfb46246,c6f97750-2e14-4bb0-8d48-6d7b75af9afb,cbc183a5-8bbf-4ef0-988c-7b542efb0f71,d369fc61-1571-40e8-961b-70044ea493c5,de206049-f16b-4735-bac3-6af89517d5f6,e07abf1a-e63a-4a79-8ed5-11dbd5b7268c,e08f3c2d-0236-4fd0-8b86-d978d047ef93,e5a984fb-9511-483f-9ca8-2624f19dffac,ed0b4e25-e812-41ba-b50b-6963218c597f,ed44140b-5cc4-4d47-8ad1-afdb356aa44b,eee97771-c2ef-426b-8c92-fde92d29fa00,f335762b-0da1-428e-87a0-bec2dfa6b557,f475b91f-4997-46e8-9c30-f89c24d0a3bf,f601dbeb-2cae-4c86-9924-ce54abb0c3fb,fa2d090f-99ed-4048-bc02-56e323844e79,fad1e7bc-99f8-4821-beff-abd4694d5006,fd42dc28-9ff0-4379-8e65-fbca6f35de60,feb6927d-ee9b-40fc-8897-54a2bef67493",f,,3a9ff8c5-8923-4d19-a09e-2c8d79cc7c6f,3a9ff8c5-8923-4d19-a09e-2c8d79cc7c6f,,2025-06-25 07:00:05.372423,2025-06-25 07:00:05.372423,distribution_media_history,hg_stock,distribution_media_history_20260822_080123,2026-08-22 08:01:40.05814
388df2ac-9c10-4172-8367-688f611a331f,52401232-9488-4378-81a9-a2c4843dd8ee,f,f,1,30,"","","","",4efd73e0-67fa-4115-a5ff-123905684fcf,f,"",3a67bc3d-1077-4be0-9f5a-846a08f8c71b,3a67bc3d-1077-4be0-9f5a-846a08f8c71b,,2026-01-16 01:42:18.744831,2026-01-16 01:42:18.744831,distribution_media_history,hg_stock,distribution_media_history_20260822_080123,2026-08-22 08:01:40.05814
388df41c-9bfa-4c45-bc3a-a0973028c613,e5c43834-a932-4f78-bee6-4dc7a3f13282,f,f,1,14,"","","52cea1c3-a193-411f-adb4-a6fbffe220eb,8ff764e4-1c14-41ce-9fb2-37f9b60c915c","",e004a23f-2cd1-413a-8323-3dff50e75569,t,"",02c9db05-0e0d-44ef-99f5-edd1c702bc32,02c9db05-0e0d-44ef-99f5-edd1c702bc32,,2025-11-10 04:06:00.896719,2025-11-10 04:06:00.896719,distribution_media_history,hg_stock,distribution_media_history_20260822_080123,2026-08-22 08:01:40.05814
388dfc8c-3286-455a-8331-b2e81496606d,76d8312c-d070-4f31-8015-acf1adca0254,f,f,1,14,"","","","",87c21407-d6c3-4088-a5a7-221fa0a20f99,f,"",ffaa2385-0c7a-4d09-9acb-1fa0fbae3175,ffaa2385-0c7a-4d09-9acb-1fa0fbae3175,,2026-04-13 02:57:01.694921,2026-04-13 02:57:01.694921,distribution_media_history,hg_stock,distribution_media_history_20260822_080123,2026-08-22 08:01:40.05814
388dfce9-81e7-4a46-810b-8dd0f85169b7,63b1c679-0241-40ff-a549-e048389a900a,f,f,1,7,"","","48a1af96-5a7d-40d9-8ebe-4e3655f14e4b,7a389018-94d3-443d-9646-ed7b63117169,854cae12-c88d-4bb4-85cf-4ed044d8e963,f30dad8c-85eb-43c2-a375-5d3fe9ff31ce,f5a4dab5-df91-4776-9a1f-1c2e1ed7ce8b","","",f,,,,,2025-05-05 08:37:53.116439,2025-05-05 08:37:53.116439,distribution_media_history,hg_stock,distribution_media_history_20260822_080123,2026-08-22 08:01:40.05814
388e116b-f615-48ac-b734-548ff239c5c3,84d66993-0ea5-4dea-8943-4b57b3b750d5,f,f,1,7,"","","48a1af96-5a7d-40d9-8ebe-4e3655f14e4b,64362801-3c17-4e99-b10a-bc7a8dc10c14,854cae12-c88d-4bb4-85cf-4ed044d8e963,be3902b4-f926-4850-ba31-f18b178b9d39,f30dad8c-85eb-43c2-a375-5d3fe9ff31ce,f5a4dab5-df91-4776-9a1f-1c2e1ed7ce8b","","",f,,86c15142-9744-4a72-9d2a-4d46d6ccb1cd,86c15142-9744-4a72-9d2a-4d46d6ccb1cd,,2025-05-05 08:38:23.417616,2025-05-05 08:38:23.417616,distribution_media_history,hg_stock,distribution_media_history_20260822_080123,2026-08-22 08:01:40.05814
388e17cc-f6b4-407d-8263-597116f3040b,065056ae-fbd7-438a-b9c3-7a863b76bc08,f,f,1,45,"","",afc66234-6b63-44f3-a1a5-1d938845d982,"","",f,"",229dc6f0-0c2f-42cc-8d32-7c3397e96194,229dc6f0-0c2f-42cc-8d32-7c3397e96194,,2025-12-15 07:09:20.385699,2025-12-15 07:09:20.385699,distribution_media_history,hg_stock,distribution_media_history_20260822_080123,2026-08-22 08:01:40.05814
388e1a57-639b-4b4e-8389-f35898eb7f3a,7781d297-a259-4f92-b4fe-ca7bd1e16d63,f,f,1,14,"","",52cea1c3-a193-411f-adb4-a6fbffe220eb,"",63215946-fda4-4931-a8a3-122eb8e88a10,t,"",40543163-4918-4efe-b067-e93603a45ebf,40543163-4918-4efe-b067-e93603a45ebf,,2025-12-08 09:19:59.301731,2025-12-08 09:19:59.301731,distribution_media_history,hg_stock,distribution_media_history_20260822_080123,2026-08-22 08:01:40.05814
388e2d37-aad1-4e42-9f5f-c4ffe6ca736b,ea3dac4f-b83b-47cc-b61b-3d64a506970b,t,f,1,14,"","",52cea1c3-a193-411f-adb4-a6fbffe220eb,"",ccd9a224-f75a-4b6a-b6f8-c929a27fba84,t,"",0ce1484d-1a53-4311-a0ac-440c2519b187,0ce1484d-1a53-4311-a0ac-440c2519b187,,2025-11-11 08:48:35.509342,2025-11-11 08:48:35.509342,distribution_media_history,hg_stock,distribution_media_history_20260822_080123,2026-08-22 08:01:40.05814
388e3067-959b-4c65-abc6-164962263fe1,686c2966-ebf4-49c3-857f-caf746a1e0ab,f,f,1,30,"","","","",fbae41ad-cb2a-4ecf-9b2d-5264e605093b,f,"",3a67bc3d-1077-4be0-9f5a-846a08f8c71b,3a67bc3d-1077-4be0-9f5a-846a08f8c71b,,2026-04-06 06:49:58.387073,2026-04-06 06:49:58.387073,distribution_media_history,hg_stock,distribution_media_history_20260822_080123,2026-08-22 08:01:40.05814
388e3202-22a2-4d26-b019-dea551788370,706c1c65-3484-43e4-be7e-5423cc6026c7,t,f,1,7,"","","15b9cfe7-85ee-4d5c-910a-8dd18e3c08a8,211db165-a4e5-46fa-ae35-b3ce4970f396,270551e0-15db-4b4a-8bed-b0a9a3a44dff,4b130012-bca4-48d9-b677-a3bbac756669,5026b271-3ca4-475e-b42b-ecaef67294c8,52cea1c3-a193-411f-adb4-a6fbffe220eb,629885eb-65c4-4921-a300-3c618c8961e3,7657821d-0928-4099-92a1-2146097c66b0,7ad7d9b9-4600-4db5-a3a8-e7c243499008,db869e71-ba93-441b-a264-32c62f017853,df42ed2a-f2da-49a1-a4ea-36e358b59bee,fcdd5322-049e-4b50-aecf-593d36d18b8f","","",f,,ecea4636-c7f9-453a-9ad4-0ed81277cf00,ecea4636-c7f9-453a-9ad4-0ed81277cf00,,2025-05-05 08:38:09.065454,2025-05-05 08:38:09.065454,distribution_media_history,hg_stock,distribution_media_history_20260822_080123,2026-08-22 08:01:40.05814
388e3724-24d4-4006-8586-72069cefab42,c3cf8cdc-9615-402b-af03-bd736d95e8b7,f,f,1,7,"","","48a1af96-5a7d-40d9-8ebe-4e3655f14e4b,64362801-3c17-4e99-b10a-bc7a8dc10c14,854cae12-c88d-4bb4-85cf-4ed044d8e963,be3902b4-f926-4850-ba31-f18b178b9d39,f30dad8c-85eb-43c2-a375-5d3fe9ff31ce,f5a4dab5-df91-4776-9a1f-1c2e1ed7ce8b","","",f,,,,,2025-05-05 08:39:42.97713,2025-05-05 08:39:42.97713,distribution_media_history,hg_stock,distribution_media_history_20260822_080123,2026-08-22 08:01:40.05814
388e497c-545d-4f30-9595-4249115a1f91,2607de01-9b94-478f-a574-e6a2bf8d54e6,f,f,1,7,"","","48a1af96-5a7d-40d9-8ebe-4e3655f14e4b,7a389018-94d3-443d-9646-ed7b63117169,854cae12-c88d-4bb4-85cf-4ed044d8e963,be3902b4-f926-4850-ba31-f18b178b9d39","","",f,,,,,2025-05-05 08:36:31.2455,2025-05-05 08:36:31.2455,distribution_media_history,hg_stock,distribution_media_history_20260822_080123,2026-08-22 08:01:40.05814
388e6278-ba21-40df-89b9-4da0c24ad911,6a6649c4-6a83-4268-84f4-c9758433956b,f,f,1,90,"","","","","",f,de337a89-766b-4121-bf74-03703fbc9236,358dceb1-c1b0-46b9-a24f-c1b6a7fdb2dd,358dceb1-c1b0-46b9-a24f-c1b6a7fdb2dd,,2026-03-18 14:47:11.47928,2026-03-18 14:47:11.47928,distribution_media_history,hg_stock,distribution_media_history_20260822_080123,2026-08-22 08:01:40.05814
388e6500-8a2e-45c5-bb35-ddc11d119e90,afd511ae-cf2d-4821-9f7f-c0f3bb1abd4c,t,t,1,7,"","","","","04cee13a-69b0-41f1-b39c-889f9bd82938,17f48f51-7f38-41b0-a897-21f240726378,189d5957-a376-4804-9ac9-d3ac913f29b2,22c49afc-02e4-47e8-a4ab-9f0c0546ea68,3084841c-a70b-40d9-9edb-7aa498a50dc1,36298fa0-1ce7-4bae-8c41-db0a98d0341a,396221b9-cdc5-45b2-a79f-2d6de550fda9,3ee41b7a-96b5-4ab9-901b-3e0866188b6d,404f9125-d4c4-4da9-ad88-f829bb17ba62,489f9411-5f7e-4301-814a-60567e4e3e30,59113c8d-b24b-43e2-96f3-1eb18e9020bc,5c1b1d8f-d4a9-4a22-934a-43831e85d1e4,66cd6c10-7895-4502-937a-583c0d9ab692,7f65daf7-a4b7-4c1d-9b27-95a3e2321af0,7ffdacef-5d02-4aa8-b3d3-84c85d823164,82ce273c-9538-45d9-bc55-81d4406d2896,83546f70-3b79-4803-a00d-d4d620662403,84a48d11-c91a-4704-984d-487c05e520f8,8664aefc-082d-45bf-997c-d7924cdc450f,8b53e647-7506-4329-8541-838a25dc90b3,988558f8-ab30-4768-aed0-ddcc6cb6b630,9f332297-3b6b-4a98-bcd8-bc8da41105dd,a45aa42c-5285-4ac5-8fe7-a51fbd5e1447,aa6908d1-4b4a-4472-8767-934000773385,b5793a82-9df0-404c-b478-a81c03ae4e6c,b5a513f2-8d65-4512-90c0-7fa3c7311a61,b7f0a1f8-0078-4361-a39c-609cbc0fa09c,bd408cb0-2cde-4b1a-b556-8da94c325e1c,c0cc4ed9-8760-4184-b93c-e698dfb46246,c4b978df-9107-4eb9-a678-e621c83f0e48,c6f97750-2e14-4bb0-8d48-6d7b75af9afb,d369fc61-1571-40e8-961b-70044ea493c5,de206049-f16b-4735-bac3-6af89517d5f6,e08f3c2d-0236-4fd0-8b86-d978d047ef93,ed0b4e25-e812-41ba-b50b-6963218c597f,ed44140b-5cc4-4d47-8ad1-afdb356aa44b,f335762b-0da1-428e-87a0-bec2dfa6b557,f475b91f-4997-46e8-9c30-f89c24d0a3bf,f601dbeb-2cae-4c86-9924-ce54abb0c3fb,fad1e7bc-99f8-4821-beff-abd4694d5006,feb6927d-ee9b-40fc-8897-54a2bef67493",f,,3a9ff8c5-8923-4d19-a09e-2c8d79cc7c6f,3a9ff8c5-8923-4d19-a09e-2c8d79cc7c6f,,2025-07-30 09:25:02.046227,2025-07-30 09:25:02.046227,distribution_media_history,hg_stock,distribution_media_history_20260822_080123,2026-08-22 08:01:40.05814
388e69a2-9792-4d34-9263-cc2cd1f42b7d,be0385d7-c582-4b55-9de7-36b185ce311b,t,t,1,7,"","","","","04cee13a-69b0-41f1-b39c-889f9bd82938,17f48f51-7f38-41b0-a897-21f240726378,189d5957-a376-4804-9ac9-d3ac913f29b2,22c49afc-02e4-47e8-a4ab-9f0c0546ea68,3084841c-a70b-40d9-9edb-7aa498a50dc1,36298fa0-1ce7-4bae-8c41-db0a98d0341a,396221b9-cdc5-45b2-a79f-2d6de550fda9,3ee41b7a-96b5-4ab9-901b-3e0866188b6d,404f9125-d4c4-4da9-ad88-f829bb17ba62,489f9411-5f7e-4301-814a-60567e4e3e30,59113c8d-b24b-43e2-96f3-1eb18e9020bc,66cd6c10-7895-4502-937a-583c0d9ab692,6fccedd4-9c2a-4b13-a908-32363d8ab09d,7f65daf7-a4b7-4c1d-9b27-95a3e2321af0,7ffdacef-5d02-4aa8-b3d3-84c85d823164,82ce273c-9538-45d9-bc55-81d4406d2896,83546f70-3b79-4803-a00d-d4d620662403,84a48d11-c91a-4704-984d-487c05e520f8,8664aefc-082d-45bf-997c-d7924cdc450f,8b53e647-7506-4329-8541-838a25dc90b3,980be853-40ae-403e-9dfb-e5a0644a55da,988558f8-ab30-4768-aed0-ddcc6cb6b630,a45aa42c-5285-4ac5-8fe7-a51fbd5e1447,aa6908d1-4b4a-4472-8767-934000773385,afe4ba65-c5e3-4bbb-9e23-6ccb370dc871,b5793a82-9df0-404c-b478-a81c03ae4e6c,bd408cb0-2cde-4b1a-b556-8da94c325e1c,c0cc4ed9-8760-4184-b93c-e698dfb46246,c6f97750-2e14-4bb0-8d48-6d7b75af9afb,cbc183a5-8bbf-4ef0-988c-7b542efb0f71,d369fc61-1571-40e8-961b-70044ea493c5,de206049-f16b-4735-bac3-6af89517d5f6,e07abf1a-e63a-4a79-8ed5-11dbd5b7268c,e08f3c2d-0236-4fd0-8b86-d978d047ef93,e5a984fb-9511-483f-9ca8-2624f19dffac,ed0b4e25-e812-41ba-b50b-6963218c597f,ed44140b-5cc4-4d47-8ad1-afdb356aa44b,eee97771-c2ef-426b-8c92-fde92d29fa00,f335762b-0da1-428e-87a0-bec2dfa6b557,f475b91f-4997-46e8-9c30-f89c24d0a3bf,f601dbeb-2cae-4c86-9924-ce54abb0c3fb,fa2d090f-99ed-4048-bc02-56e323844e79,fad1e7bc-99f8-4821-beff-abd4694d5006,fd42dc28-9ff0-4379-8e65-fbca6f35de60,feb6927d-ee9b-40fc-8897-54a2bef67493",f,,3a9ff8c5-8923-4d19-a09e-2c8d79cc7c6f,3a9ff8c5-8923-4d19-a09e-2c8d79cc7c6f,,2025-06-28 07:48:00.249147,2025-06-28 07:48:00.249147,distribution_media_history,hg_stock,distribution_media_history_20260822_080123,2026-08-22 08:01:40.05814
388e6a39-cd9f-4013-8f33-b3e7b4c71db2,7e3ae73d-9e63-47ff-b5d5-6497e0010973,f,f,1,14,"","","","",ccf0bde0-1de9-4a65-9cca-56dc44c05f9b,f,"",4cf4d8d0-959b-4d27-882a-ef1ce5b92241,4cf4d8d0-959b-4d27-882a-ef1ce5b92241,,2026-03-31 08:07:32.788792,2026-03-31 08:07:32.788792,distribution_media_history,hg_stock,distribution_media_history_20260822_080123,2026-08-22 08:01:40.05814
388e72d5-b747-4b92-8867-4d86b0741f8e,b96b7d47-091a-4d4f-abcc-a3c94a398b64,t,f,1,7,"","","","","04cee13a-69b0-41f1-b39c-889f9bd82938,17f48f51-7f38-41b0-a897-21f240726378,189d5957-a376-4804-9ac9-d3ac913f29b2,22c49afc-02e4-47e8-a4ab-9f0c0546ea68,3084841c-a70b-40d9-9edb-7aa498a50dc1,36298fa0-1ce7-4bae-8c41-db0a98d0341a,396221b9-cdc5-45b2-a79f-2d6de550fda9,3ee41b7a-96b5-4ab9-901b-3e0866188b6d,404f9125-d4c4-4da9-ad88-f829bb17ba62,489f9411-5f7e-4301-814a-60567e4e3e30,59113c8d-b24b-43e2-96f3-1eb18e9020bc,66cd6c10-7895-4502-937a-583c0d9ab692,6fccedd4-9c2a-4b13-a908-32363d8ab09d,7f65daf7-a4b7-4c1d-9b27-95a3e2321af0,7ffdacef-5d02-4aa8-b3d3-84c85d823164,82ce273c-9538-45d9-bc55-81d4406d2896,83546f70-3b79-4803-a00d-d4d620662403,84a48d11-c91a-4704-984d-487c05e520f8,8664aefc-082d-45bf-997c-d7924cdc450f,8b53e647-7506-4329-8541-838a25dc90b3,93ab8008-587a-4a00-a78b-1ea011796b10,96fdf1dd-c29d-48c0-9942-b89777d4f662,980be853-40ae-403e-9dfb-e5a0644a55da,988558f8-ab30-4768-aed0-ddcc6cb6b630,a45aa42c-5285-4ac5-8fe7-a51fbd5e1447,aa6908d1-4b4a-4472-8767-934000773385,afe4ba65-c5e3-4bbb-9e23-6ccb370dc871,b5793a82-9df0-404c-b478-a81c03ae4e6c,bd408cb0-2cde-4b1a-b556-8da94c325e1c,c0cc4ed9-8760-4184-b93c-e698dfb46246,c6f97750-2e14-4bb0-8d48-6d7b75af9afb,cbc183a5-8bbf-4ef0-988c-7b542efb0f71,d369fc61-1571-40e8-961b-70044ea493c5,de206049-f16b-4735-bac3-6af89517d5f6,e07abf1a-e63a-4a79-8ed5-11dbd5b7268c,e08f3c2d-0236-4fd0-8b86-d978d047ef93,e5a984fb-9511-483f-9ca8-2624f19dffac,ed0b4e25-e812-41ba-b50b-6963218c597f,ed44140b-5cc4-4d47-8ad1-afdb356aa44b,eee97771-c2ef-426b-8c92-fde92d29fa00,f335762b-0da1-428e-87a0-bec2dfa6b557,f475b91f-4997-46e8-9c30-f89c24d0a3bf,f601dbeb-2cae-4c86-9924-ce54abb0c3fb,fa2d090f-99ed-4048-bc02-56e323844e79,fad1e7bc-99f8-4821-beff-abd4694d5006,fd42dc28-9ff0-4379-8e65-fbca6f35de60,feb6927d-ee9b-40fc-8897-54a2bef67493",f,,3a9ff8c5-8923-4d19-a09e-2c8d79cc7c6f,3a9ff8c5-8923-4d19-a09e-2c8d79cc7c6f,,2025-07-18 07:55:08.183046,2025-07-18 07:55:08.183046,distribution_media_history,hg_stock,distribution_media_history_20260822_080123,2026-08-22 08:01:40.05814
388ebf18-a1d8-4889-8ee7-9748b160213b,e706c137-07ea-4599-9db0-df9cbf6c5526,f,f,1,7,"","","15b9cfe7-85ee-4d5c-910a-8dd18e3c08a8,211db165-a4e5-46fa-ae35-b3ce4970f396,270551e0-15db-4b4a-8bed-b0a9a3a44dff,4b130012-bca4-48d9-b677-a3bbac756669,5026b271-3ca4-475e-b42b-ecaef67294c8,52cea1c3-a193-411f-adb4-a6fbffe220eb,629885eb-65c4-4921-a300-3c618c8961e3,7657821d-0928-4099-92a1-2146097c66b0,7ad7d9b9-4600-4db5-a3a8-e7c243499008,ba826125-ec02-4f09-b0d4-9e4aeeb11c0a,db869e71-ba93-441b-a264-32c62f017853,df42ed2a-f2da-49a1-a4ea-36e358b59bee,fcdd5322-049e-4b50-aecf-593d36d18b8f","","",f,,809da474-a679-4f76-87f8-bb8ddfb8b815,809da474-a679-4f76-87f8-bb8ddfb8b815,,2025-05-05 08:40:25.729849,2025-05-05 08:40:25.729849,distribution_media_history,hg_stock,distribution_media_history_20260822_080123,2026-08-22 08:01:40.05814
388e893b-be3d-4f76-8d6a-032bf1373187,4c834fc5-63cc-41ad-802f-8503eeef3006,t,f,1,7,"","","","","04cee13a-69b0-41f1-b39c-889f9bd82938,17f48f51-7f38-41b0-a897-21f240726378,189d5957-a376-4804-9ac9-d3ac913f29b2,22c49afc-02e4-47e8-a4ab-9f0c0546ea68,3084841c-a70b-40d9-9edb-7aa498a50dc1,36298fa0-1ce7-4bae-8c41-db0a98d0341a,396221b9-cdc5-45b2-a79f-2d6de550fda9,3ee41b7a-96b5-4ab9-901b-3e0866188b6d,404f9125-d4c4-4da9-ad88-f829bb17ba62,489f9411-5f7e-4301-814a-60567e4e3e30,59113c8d-b24b-43e2-96f3-1eb18e9020bc,5c1b1d8f-d4a9-4a22-934a-43831e85d1e4,66cd6c10-7895-4502-937a-583c0d9ab692,7f65daf7-a4b7-4c1d-9b27-95a3e2321af0,7ffdacef-5d02-4aa8-b3d3-84c85d823164,83546f70-3b79-4803-a00d-d4d620662403,84a48d11-c91a-4704-984d-487c05e520f8,8664aefc-082d-45bf-997c-d7924cdc450f,8b53e647-7506-4329-8541-838a25dc90b3,988558f8-ab30-4768-aed0-ddcc6cb6b630,9f332297-3b6b-4a98-bcd8-bc8da41105dd,a45aa42c-5285-4ac5-8fe7-a51fbd5e1447,aa6908d1-4b4a-4472-8767-934000773385,b5793a82-9df0-404c-b478-a81c03ae4e6c,b5a513f2-8d65-4512-90c0-7fa3c7311a61,b7f0a1f8-0078-4361-a39c-609cbc0fa09c,bd408cb0-2cde-4b1a-b556-8da94c325e1c,c0cc4ed9-8760-4184-b93c-e698dfb46246,c4b978df-9107-4eb9-a678-e621c83f0e48,c6f97750-2e14-4bb0-8d48-6d7b75af9afb,d369fc61-1571-40e8-961b-70044ea493c5,de206049-f16b-4735-bac3-6af89517d5f6,e08f3c2d-0236-4fd0-8b86-d978d047ef93,ed0b4e25-e812-41ba-b50b-6963218c597f,ed44140b-5cc4-4d47-8ad1-afdb356aa44b,f335762b-0da1-428e-87a0-bec2dfa6b557,f475b91f-4997-46e8-9c30-f89c24d0a3bf,f601dbeb-2cae-4c86-9924-ce54abb0c3fb,fad1e7bc-99f8-4821-beff-abd4694d5006,feb6927d-ee9b-40fc-8897-54a2bef67493",f,"",3a9ff8c5-8923-4d19-a09e-2c8d79cc7c6f,3a9ff8c5-8923-4d19-a09e-2c8d79cc7c6f,,2025-08-09 08:10:33.866019,2025-08-09 08:10:33.866019,distribution_media_history,hg_stock,distribution_media_history_20260822_080123,2026-08-22 08:01:40.05814
388e8cc4-52b5-462d-ac28-c00de9da6628,0469273c-d8cf-47b3-8bd1-bf343ea81b56,f,t,1,7,"","",56c03c6f-4116-4df5-9fc5-77c40781c436,"","",f,,5fc77998-4d4b-4caa-a037-60daccb3b632,5fc77998-4d4b-4caa-a037-60daccb3b632,,2025-06-04 02:25:57.612305,2025-06-04 02:25:57.612305,distribution_media_history,hg_stock,distribution_media_history_20260822_080123,2026-08-22 08:01:40.05814
388e8d40-5896-439b-bc2e-22c611dcdfed,d715baff-5913-4116-b420-61fd2d1714af,t,f,0,7,"","","","","189d5957-a376-4804-9ac9-d3ac913f29b2,ed44140b-5cc4-4d47-8ad1-afdb356aa44b,3ee41b7a-96b5-4ab9-901b-3e0866188b6d,feb6927d-ee9b-40fc-8897-54a2bef67493,04cee13a-69b0-41f1-b39c-889f9bd82938,396221b9-cdc5-45b2-a79f-2d6de550fda9,7ffdacef-5d02-4aa8-b3d3-84c85d823164,f475b91f-4997-46e8-9c30-f89c24d0a3bf,988558f8-ab30-4768-aed0-ddcc6cb6b630,36298fa0-1ce7-4bae-8c41-db0a98d0341a,b5793a82-9df0-404c-b478-a81c03ae4e6c,f335762b-0da1-428e-87a0-bec2dfa6b557,eee97771-c2ef-426b-8c92-fde92d29fa00,7f65daf7-a4b7-4c1d-9b27-95a3e2321af0,59113c8d-b24b-43e2-96f3-1eb18e9020bc,ed0b4e25-e812-41ba-b50b-6963218c597f,84a48d11-c91a-4704-984d-487c05e520f8,aa6908d1-4b4a-4472-8767-934000773385,489f9411-5f7e-4301-814a-60567e4e3e30,3084841c-a70b-40d9-9edb-7aa498a50dc1,bd408cb0-2cde-4b1a-b556-8da94c325e1c,82ce273c-9538-45d9-bc55-81d4406d2896,de206049-f16b-4735-bac3-6af89517d5f6,404f9125-d4c4-4da9-ad88-f829bb17ba62,a45aa42c-5285-4ac5-8fe7-a51fbd5e1447,8664aefc-082d-45bf-997c-d7924cdc450f,afe4ba65-c5e3-4bbb-9e23-6ccb370dc871,83546f70-3b79-4803-a00d-d4d620662403,66cd6c10-7895-4502-937a-583c0d9ab692,980be853-40ae-403e-9dfb-e5a0644a55da,8b53e647-7506-4329-8541-838a25dc90b3,22c49afc-02e4-47e8-a4ab-9f0c0546ea68,17f48f51-7f38-41b0-a897-21f240726378,d369fc61-1571-40e8-961b-70044ea493c5,6fccedd4-9c2a-4b13-a908-32363d8ab09d,fa2d090f-99ed-4048-bc02-56e323844e79,c6f97750-2e14-4bb0-8d48-6d7b75af9afb,cbc183a5-8bbf-4ef0-988c-7b542efb0f71,e07abf1a-e63a-4a79-8ed5-11dbd5b7268c,f601dbeb-2cae-4c86-9924-ce54abb0c3fb,e08f3c2d-0236-4fd0-8b86-d978d047ef93,c0cc4ed9-8760-4184-b93c-e698dfb46246",f,,3a9ff8c5-8923-4d19-a09e-2c8d79cc7c6f,3a9ff8c5-8923-4d19-a09e-2c8d79cc7c6f,,2025-06-17 04:56:53.609398,2025-06-17 04:56:53.609398,distribution_media_history,hg_stock,distribution_media_history_20260822_080123,2026-08-22 08:01:40.05814
388e9433-d5bf-457e-922e-4ed768e1f3a7,0193972f-d28f-4d77-9d69-626c1d1d0266,f,f,1,7,"","","48a1af96-5a7d-40d9-8ebe-4e3655f14e4b,7a389018-94d3-443d-9646-ed7b63117169,854cae12-c88d-4bb4-85cf-4ed044d8e963,f30dad8c-85eb-43c2-a375-5d3fe9ff31ce,f5a4dab5-df91-4776-9a1f-1c2e1ed7ce8b","","",f,,,,,2025-05-05 08:35:40.267195,2025-05-05 08:35:40.267195,distribution_media_history,hg_stock,distribution_media_history_20260822_080123,2026-08-22 08:01:40.05814
388ea373-49da-4627-acca-565b23c994d9,16648f80-84e8-41f8-b55d-9abd52174bcc,t,f,1,7,"","","","","189d5957-a376-4804-9ac9-d3ac913f29b2,3084841c-a70b-40d9-9edb-7aa498a50dc1,489f9411-5f7e-4301-814a-60567e4e3e30,59113c8d-b24b-43e2-96f3-1eb18e9020bc,84a48d11-c91a-4704-984d-487c05e520f8,aa6908d1-4b4a-4472-8767-934000773385,bd408cb0-2cde-4b1a-b556-8da94c325e1c,e08f3c2d-0236-4fd0-8b86-d978d047ef93,ed0b4e25-e812-41ba-b50b-6963218c597f,ed44140b-5cc4-4d47-8ad1-afdb356aa44b,fad1e7bc-99f8-4821-beff-abd4694d5006",f,,3a9ff8c5-8923-4d19-a09e-2c8d79cc7c6f,3a9ff8c5-8923-4d19-a09e-2c8d79cc7c6f,,2025-06-26 01:37:55.099256,2025-06-26 01:37:55.099256,distribution_media_history,hg_stock,distribution_media_history_20260822_080123,2026-08-22 08:01:40.05814
388ea9b0-cbcc-4948-817a-5cb4e5f453f8,15a96858-5e05-4c25-b6c0-12457278a5ac,t,f,1,7,"","","15b9cfe7-85ee-4d5c-910a-8dd18e3c08a8,211db165-a4e5-46fa-ae35-b3ce4970f396,270551e0-15db-4b4a-8bed-b0a9a3a44dff,4b130012-bca4-48d9-b677-a3bbac756669,5026b271-3ca4-475e-b42b-ecaef67294c8,52cea1c3-a193-411f-adb4-a6fbffe220eb,629885eb-65c4-4921-a300-3c618c8961e3,7657821d-0928-4099-92a1-2146097c66b0,7ad7d9b9-4600-4db5-a3a8-e7c243499008,ba826125-ec02-4f09-b0d4-9e4aeeb11c0a,db869e71-ba93-441b-a264-32c62f017853,df42ed2a-f2da-49a1-a4ea-36e358b59bee,fcdd5322-049e-4b50-aecf-593d36d18b8f","","",f,,,,,2025-05-05 08:36:18.768818,2025-05-05 08:36:18.768818,distribution_media_history,hg_stock,distribution_media_history_20260822_080123,2026-08-22 08:01:40.05814
388eacdb-2a63-495f-9faa-5aeb7d32fca9,2202113b-3c4a-4cf8-bafe-920d458a5bd9,f,f,1,45,"","",bdd9d4f3-6a59-4a34-8087-8b6c644ced64,"","",f,"",229dc6f0-0c2f-42cc-8d32-7c3397e96194,229dc6f0-0c2f-42cc-8d32-7c3397e96194,,2025-11-07 03:32:33.012042,2025-11-07 03:32:33.012042,distribution_media_history,hg_stock,distribution_media_history_20260822_080123,2026-08-22 08:01:40.05814
388eb68a-815f-4aec-bec0-5c92942355e1,95d1b917-1928-456f-a8b3-45687409ee3b,t,f,1,7,"","","15b9cfe7-85ee-4d5c-910a-8dd18e3c08a8,211db165-a4e5-46fa-ae35-b3ce4970f396,270551e0-15db-4b4a-8bed-b0a9a3a44dff,4b130012-bca4-48d9-b677-a3bbac756669,5026b271-3ca4-475e-b42b-ecaef67294c8,52cea1c3-a193-411f-adb4-a6fbffe220eb,629885eb-65c4-4921-a300-3c618c8961e3,7657821d-0928-4099-92a1-2146097c66b0,7ad7d9b9-4600-4db5-a3a8-e7c243499008,ba826125-ec02-4f09-b0d4-9e4aeeb11c0a,db869e71-ba93-441b-a264-32c62f017853,df42ed2a-f2da-49a1-a4ea-36e358b59bee,fcdd5322-049e-4b50-aecf-593d36d18b8f","","",f,,,,,2025-05-05 08:39:01.529056,2025-05-05 08:39:01.529056,distribution_media_history,hg_stock,distribution_media_history_20260822_080123,2026-08-22 08:01:40.05814
388ebc14-f3b7-4814-aa82-63d443b43fb4,be4b2ba6-69d1-4e12-aaf1-54fcc7e68651,t,f,1,7,"","","15b9cfe7-85ee-4d5c-910a-8dd18e3c08a8,211db165-a4e5-46fa-ae35-b3ce4970f396,270551e0-15db-4b4a-8bed-b0a9a3a44dff,4b130012-bca4-48d9-b677-a3bbac756669,5026b271-3ca4-475e-b42b-ecaef67294c8,52cea1c3-a193-411f-adb4-a6fbffe220eb,629885eb-65c4-4921-a300-3c618c8961e3,7657821d-0928-4099-92a1-2146097c66b0,7ad7d9b9-4600-4db5-a3a8-e7c243499008,ba826125-ec02-4f09-b0d4-9e4aeeb11c0a,db869e71-ba93-441b-a264-32c62f017853,df42ed2a-f2da-49a1-a4ea-36e358b59bee,fcdd5322-049e-4b50-aecf-593d36d18b8f","","",f,,ecea4636-c7f9-453a-9ad4-0ed81277cf00,ecea4636-c7f9-453a-9ad4-0ed81277cf00,,2025-05-05 08:39:42.974698,2025-05-05 08:39:42.974698,distribution_media_history,hg_stock,distribution_media_history_20260822_080123,2026-08-22 08:01:40.05814
39c35ad7-a2c7-43ca-842c-a39e634cbd85,f7d5c50d-b283-40a0-a116-f602e7c541f1,f,f,1,7,"","","48a1af96-5a7d-40d9-8ebe-4e3655f14e4b,64362801-3c17-4e99-b10a-bc7a8dc10c14","","",f,,,,,2025-05-05 08:40:39.202376,2025-05-05 08:40:39.202376,distribution_media_history,hg_stock,distribution_media_history_20260822_080123,2026-08-22 08:01:40.05814
388ec653-ed0d-4675-befe-36229a5a69d8,77cd1ea0-7473-46e9-b874-153048d36736,f,t,1,7,"",1b21dc70-c6bc-448a-8935-0d35ce0ecdbd,"","","",f,,4cf4d8d0-959b-4d27-882a-ef1ce5b92241,4cf4d8d0-959b-4d27-882a-ef1ce5b92241,,2025-05-12 10:01:34.821306,2025-05-12 10:01:34.821306,distribution_media_history,hg_stock,distribution_media_history_20260822_080123,2026-08-22 08:01:40.05814
388ec807-22cd-4e79-9af4-fb8c0e14aae1,1b7b98df-25c3-4fd2-8996-bd4199384bbd,f,f,1,7,"","5938543b-a59a-40f7-b443-88fa3e8e1c08,bbb010aa-f95e-4f78-981e-fcf16bc0efda,dd41b60b-e690-4c86-9e3e-d6f3700910e2","","","",f,"",6a34ddae-be72-471a-ad45-7e226c3a141f,6a34ddae-be72-471a-ad45-7e226c3a141f,,2025-10-14 03:30:08.593694,2025-10-14 03:30:08.593694,distribution_media_history,hg_stock,distribution_media_history_20260822_080123,2026-08-22 08:01:40.05814
388ec8fa-51a9-4a44-b3f6-dc423d823f51,c9b49db1-8e51-4dd0-8a4f-2867d0c088b4,f,f,1,14,"","","","",fbae41ad-cb2a-4ecf-9b2d-5264e605093b,f,"",4cf4d8d0-959b-4d27-882a-ef1ce5b92241,4cf4d8d0-959b-4d27-882a-ef1ce5b92241,,2026-02-02 09:39:54.815058,2026-02-02 09:39:54.815058,distribution_media_history,hg_stock,distribution_media_history_20260822_080123,2026-08-22 08:01:40.05814
388ed363-1e31-4567-be49-e663aaa3ef65,d16d3c80-2dfd-4685-8248-61693902e11c,f,f,1,7,"","","","","",f,9797f5e1-e1e7-4ae3-9390-03ec1c7f8cf8,3a9ff8c5-8923-4d19-a09e-2c8d79cc7c6f,3a9ff8c5-8923-4d19-a09e-2c8d79cc7c6f,,2025-08-07 08:41:59.0771,2025-08-07 08:41:59.0771,distribution_media_history,hg_stock,distribution_media_history_20260822_080123,2026-08-22 08:01:40.05814
388ed4d0-da6e-49e9-a112-0995e316e49d,574b1e60-7500-48ab-9681-407b713f64fc,t,f,1,7,"","","15b9cfe7-85ee-4d5c-910a-8dd18e3c08a8,211db165-a4e5-46fa-ae35-b3ce4970f396,270551e0-15db-4b4a-8bed-b0a9a3a44dff,4b130012-bca4-48d9-b677-a3bbac756669,5026b271-3ca4-475e-b42b-ecaef67294c8,52cea1c3-a193-411f-adb4-a6fbffe220eb,629885eb-65c4-4921-a300-3c618c8961e3,7657821d-0928-4099-92a1-2146097c66b0,7ad7d9b9-4600-4db5-a3a8-e7c243499008,ba826125-ec02-4f09-b0d4-9e4aeeb11c0a,db869e71-ba93-441b-a264-32c62f017853,df42ed2a-f2da-49a1-a4ea-36e358b59bee,fcdd5322-049e-4b50-aecf-593d36d18b8f","","",f,,6c0fd3cb-bdab-48cb-aa3a-15e7f1662592,6c0fd3cb-bdab-48cb-aa3a-15e7f1662592,,2025-05-05 08:37:21.023095,2025-05-05 08:37:21.023095,distribution_media_history,hg_stock,distribution_media_history_20260822_080123,2026-08-22 08:01:40.05814
388ed977-9325-4ff4-9028-7084f4e7b480,aa0a5c42-be7b-411e-9df6-3fe4b0c70a70,f,f,1,90,"","","","","",t,"1190b645-1f41-44cb-8680-5726382adcc2,810a971a-8ddc-4ef0-9f85-d8eba152507c",358dceb1-c1b0-46b9-a24f-c1b6a7fdb2dd,358dceb1-c1b0-46b9-a24f-c1b6a7fdb2dd,,2026-03-11 04:32:06.754208,2026-03-11 04:32:06.754208,distribution_media_history,hg_stock,distribution_media_history_20260822_080123,2026-08-22 08:01:40.05814
388edc5c-9894-44a4-93ba-6a35ba635269,647ff188-4c22-42c6-9476-5a50802547da,f,f,1,7,"","","","",0303f4fa-87aa-4cd7-bf79-a6637d0bfb7b,f,"",5d7a9893-6e21-4a12-bf1b-8594646e7b4d,5d7a9893-6e21-4a12-bf1b-8594646e7b4d,,2025-08-12 03:21:39.947,2025-08-12 03:21:39.947,distribution_media_history,hg_stock,distribution_media_history_20260822_080123,2026-08-22 08:01:40.05814
388eebd9-9655-45ff-aea2-f2ea5173a568,74ecfb47-bade-4aa9-b272-2423dd1e7792,f,f,1,90,"","","","","",f,de337a89-766b-4121-bf74-03703fbc9236,358dceb1-c1b0-46b9-a24f-c1b6a7fdb2dd,358dceb1-c1b0-46b9-a24f-c1b6a7fdb2dd,,2026-03-18 14:48:35.650962,2026-03-18 14:48:35.650962,distribution_media_history,hg_stock,distribution_media_history_20260822_080123,2026-08-22 08:01:40.05814
388ef4a1-7103-433a-966e-9f9b63248032,e8ec570c-122e-423f-9a85-3e2172c2b366,t,t,1,7,"","",0cffc79b-1bd0-4f1d-a3a6-5d681ef29479,"","",f,,a487b65e-6fc8-47db-8c5a-6c364a9e9d96,a487b65e-6fc8-47db-8c5a-6c364a9e9d96,,2025-05-22 02:22:33.922325,2025-05-22 02:22:33.922325,distribution_media_history,hg_stock,distribution_media_history_20260822_080123,2026-08-22 08:01:40.05814
388fc341-1d32-484e-b06a-a76a7537346e,ead0ad26-bef4-4c1e-8725-a32c123b7af0,t,t,1,7,"","","","","04cee13a-69b0-41f1-b39c-889f9bd82938,17f48f51-7f38-41b0-a897-21f240726378,189d5957-a376-4804-9ac9-d3ac913f29b2,22c49afc-02e4-47e8-a4ab-9f0c0546ea68,3084841c-a70b-40d9-9edb-7aa498a50dc1,36298fa0-1ce7-4bae-8c41-db0a98d0341a,396221b9-cdc5-45b2-a79f-2d6de550fda9,3ee41b7a-96b5-4ab9-901b-3e0866188b6d,404f9125-d4c4-4da9-ad88-f829bb17ba62,489f9411-5f7e-4301-814a-60567e4e3e30,59113c8d-b24b-43e2-96f3-1eb18e9020bc,5c1b1d8f-d4a9-4a22-934a-43831e85d1e4,66cd6c10-7895-4502-937a-583c0d9ab692,7f65daf7-a4b7-4c1d-9b27-95a3e2321af0,7ffdacef-5d02-4aa8-b3d3-84c85d823164,83546f70-3b79-4803-a00d-d4d620662403,84a48d11-c91a-4704-984d-487c05e520f8,8664aefc-082d-45bf-997c-d7924cdc450f,8b53e647-7506-4329-8541-838a25dc90b3,988558f8-ab30-4768-aed0-ddcc6cb6b630,9f332297-3b6b-4a98-bcd8-bc8da41105dd,a45aa42c-5285-4ac5-8fe7-a51fbd5e1447,aa6908d1-4b4a-4472-8767-934000773385,b5793a82-9df0-404c-b478-a81c03ae4e6c,b5a513f2-8d65-4512-90c0-7fa3c7311a61,b7f0a1f8-0078-4361-a39c-609cbc0fa09c,bd408cb0-2cde-4b1a-b556-8da94c325e1c,c0cc4ed9-8760-4184-b93c-e698dfb46246,c4b978df-9107-4eb9-a678-e621c83f0e48,c6f97750-2e14-4bb0-8d48-6d7b75af9afb,d369fc61-1571-40e8-961b-70044ea493c5,de206049-f16b-4735-bac3-6af89517d5f6,e08f3c2d-0236-4fd0-8b86-d978d047ef93,ed0b4e25-e812-41ba-b50b-6963218c597f,ed44140b-5cc4-4d47-8ad1-afdb356aa44b,f335762b-0da1-428e-87a0-bec2dfa6b557,f475b91f-4997-46e8-9c30-f89c24d0a3bf,f601dbeb-2cae-4c86-9924-ce54abb0c3fb,fad1e7bc-99f8-4821-beff-abd4694d5006,feb6927d-ee9b-40fc-8897-54a2bef67493",f,"",3a9ff8c5-8923-4d19-a09e-2c8d79cc7c6f,3a9ff8c5-8923-4d19-a09e-2c8d79cc7c6f,,2025-08-09 08:10:33.859098,2025-08-09 08:10:33.859098,distribution_media_history,hg_stock,distribution_media_history_20260822_080123,2026-08-22 08:01:40.05814
388ef679-19c4-4f7f-adf8-62a4f07bdc19,8300d225-122b-4c40-8632-3cc773483c30,t,t,1,7,"","","","","04cee13a-69b0-41f1-b39c-889f9bd82938,17f48f51-7f38-41b0-a897-21f240726378,189d5957-a376-4804-9ac9-d3ac913f29b2,22c49afc-02e4-47e8-a4ab-9f0c0546ea68,3084841c-a70b-40d9-9edb-7aa498a50dc1,36298fa0-1ce7-4bae-8c41-db0a98d0341a,396221b9-cdc5-45b2-a79f-2d6de550fda9,3ee41b7a-96b5-4ab9-901b-3e0866188b6d,404f9125-d4c4-4da9-ad88-f829bb17ba62,489f9411-5f7e-4301-814a-60567e4e3e30,59113c8d-b24b-43e2-96f3-1eb18e9020bc,5c1b1d8f-d4a9-4a22-934a-43831e85d1e4,66cd6c10-7895-4502-937a-583c0d9ab692,6fccedd4-9c2a-4b13-a908-32363d8ab09d,7f65daf7-a4b7-4c1d-9b27-95a3e2321af0,7ffdacef-5d02-4aa8-b3d3-84c85d823164,82ce273c-9538-45d9-bc55-81d4406d2896,83546f70-3b79-4803-a00d-d4d620662403,84a48d11-c91a-4704-984d-487c05e520f8,8664aefc-082d-45bf-997c-d7924cdc450f,8b53e647-7506-4329-8541-838a25dc90b3,93ab8008-587a-4a00-a78b-1ea011796b10,96fdf1dd-c29d-48c0-9942-b89777d4f662,980be853-40ae-403e-9dfb-e5a0644a55da,988558f8-ab30-4768-aed0-ddcc6cb6b630,a45aa42c-5285-4ac5-8fe7-a51fbd5e1447,aa6908d1-4b4a-4472-8767-934000773385,afe4ba65-c5e3-4bbb-9e23-6ccb370dc871,b5793a82-9df0-404c-b478-a81c03ae4e6c,bd408cb0-2cde-4b1a-b556-8da94c325e1c,c0cc4ed9-8760-4184-b93c-e698dfb46246,c6f97750-2e14-4bb0-8d48-6d7b75af9afb,cbc183a5-8bbf-4ef0-988c-7b542efb0f71,d369fc61-1571-40e8-961b-70044ea493c5,de206049-f16b-4735-bac3-6af89517d5f6,e07abf1a-e63a-4a79-8ed5-11dbd5b7268c,e08f3c2d-0236-4fd0-8b86-d978d047ef93,e5a984fb-9511-483f-9ca8-2624f19dffac,ed0b4e25-e812-41ba-b50b-6963218c597f,ed44140b-5cc4-4d47-8ad1-afdb356aa44b,eee97771-c2ef-426b-8c92-fde92d29fa00,f335762b-0da1-428e-87a0-bec2dfa6b557,f475b91f-4997-46e8-9c30-f89c24d0a3bf,f601dbeb-2cae-4c86-9924-ce54abb0c3fb,fa2d090f-99ed-4048-bc02-56e323844e79,fad1e7bc-99f8-4821-beff-abd4694d5006,fd42dc28-9ff0-4379-8e65-fbca6f35de60,feb6927d-ee9b-40fc-8897-54a2bef67493",f,,3a9ff8c5-8923-4d19-a09e-2c8d79cc7c6f,3a9ff8c5-8923-4d19-a09e-2c8d79cc7c6f,,2025-07-23 08:20:06.04681,2025-07-23 08:20:06.04681,distribution_media_history,hg_stock,distribution_media_history_20260822_080123,2026-08-22 08:01:40.05814
388f0062-3c24-4579-9f78-f0fdb46291c6,95eadf6e-2b59-425a-8b39-18306a7359d3,t,t,1,7,"","","","","04cee13a-69b0-41f1-b39c-889f9bd82938,17f48f51-7f38-41b0-a897-21f240726378,189d5957-a376-4804-9ac9-d3ac913f29b2,22c49afc-02e4-47e8-a4ab-9f0c0546ea68,3084841c-a70b-40d9-9edb-7aa498a50dc1,36298fa0-1ce7-4bae-8c41-db0a98d0341a,396221b9-cdc5-45b2-a79f-2d6de550fda9,3ee41b7a-96b5-4ab9-901b-3e0866188b6d,404f9125-d4c4-4da9-ad88-f829bb17ba62,489f9411-5f7e-4301-814a-60567e4e3e30,59113c8d-b24b-43e2-96f3-1eb18e9020bc,5c1b1d8f-d4a9-4a22-934a-43831e85d1e4,66cd6c10-7895-4502-937a-583c0d9ab692,7f65daf7-a4b7-4c1d-9b27-95a3e2321af0,7ffdacef-5d02-4aa8-b3d3-84c85d823164,82ce273c-9538-45d9-bc55-81d4406d2896,83546f70-3b79-4803-a00d-d4d620662403,84a48d11-c91a-4704-984d-487c05e520f8,8664aefc-082d-45bf-997c-d7924cdc450f,8b53e647-7506-4329-8541-838a25dc90b3,988558f8-ab30-4768-aed0-ddcc6cb6b630,9f332297-3b6b-4a98-bcd8-bc8da41105dd,a45aa42c-5285-4ac5-8fe7-a51fbd5e1447,aa6908d1-4b4a-4472-8767-934000773385,b5793a82-9df0-404c-b478-a81c03ae4e6c,b5a513f2-8d65-4512-90c0-7fa3c7311a61,b7f0a1f8-0078-4361-a39c-609cbc0fa09c,bd408cb0-2cde-4b1a-b556-8da94c325e1c,c0cc4ed9-8760-4184-b93c-e698dfb46246,c4b978df-9107-4eb9-a678-e621c83f0e48,c6f97750-2e14-4bb0-8d48-6d7b75af9afb,d369fc61-1571-40e8-961b-70044ea493c5,de206049-f16b-4735-bac3-6af89517d5f6,e08f3c2d-0236-4fd0-8b86-d978d047ef93,ed0b4e25-e812-41ba-b50b-6963218c597f,ed44140b-5cc4-4d47-8ad1-afdb356aa44b,f335762b-0da1-428e-87a0-bec2dfa6b557,f475b91f-4997-46e8-9c30-f89c24d0a3bf,f601dbeb-2cae-4c86-9924-ce54abb0c3fb,fad1e7bc-99f8-4821-beff-abd4694d5006,feb6927d-ee9b-40fc-8897-54a2bef67493",f,,3a9ff8c5-8923-4d19-a09e-2c8d79cc7c6f,3a9ff8c5-8923-4d19-a09e-2c8d79cc7c6f,,2025-07-30 09:47:10.545323,2025-07-30 09:47:10.545323,distribution_media_history,hg_stock,distribution_media_history_20260822_080123,2026-08-22 08:01:40.05814
388f26ed-2a91-4237-b31b-506f42fd5ac6,f4cd5c12-da12-449a-833b-b52dc518ea05,f,t,0,7,"","","","b9b02cb4-fa1f-41d5-b516-f4c045b86759,f47a633f-653b-49f6-b189-d445d46fd303","",f,,229dc6f0-0c2f-42cc-8d32-7c3397e96194,229dc6f0-0c2f-42cc-8d32-7c3397e96194,,2025-06-16 10:33:27.436063,2025-06-16 10:33:27.436063,distribution_media_history,hg_stock,distribution_media_history_20260822_080123,2026-08-22 08:01:40.05814
388f30fd-27c7-4051-a65c-845a23d2ca63,6cdcace5-1789-4ad1-ac49-4484cf3fe798,f,f,1,14,"","","","",3fa0d5a0-1f60-4f8c-aa35-ef891e24dd17,f,"",86feaaae-e8b4-481c-b0f9-bb9749f4682d,86feaaae-e8b4-481c-b0f9-bb9749f4682d,,2026-04-29 10:04:32.222041,2026-04-29 10:04:32.222041,distribution_media_history,hg_stock,distribution_media_history_20260822_080123,2026-08-22 08:01:40.05814
388f31d5-baf2-43d0-9692-bac9a80d88c5,449b8a00-da7f-404c-a6a9-56b3307be16a,f,f,1,7,"","",bdd9d4f3-6a59-4a34-8087-8b6c644ced64,"","",f,"",229dc6f0-0c2f-42cc-8d32-7c3397e96194,229dc6f0-0c2f-42cc-8d32-7c3397e96194,,2026-01-27 09:21:30.720764,2026-01-27 09:21:30.720764,distribution_media_history,hg_stock,distribution_media_history_20260822_080123,2026-08-22 08:01:40.05814
388f375d-f153-4106-9610-944bf0ea72a4,44b5fae8-cecf-42af-a252-5b499325c115,f,f,1,7,"","","48a1af96-5a7d-40d9-8ebe-4e3655f14e4b,64362801-3c17-4e99-b10a-bc7a8dc10c14,854cae12-c88d-4bb4-85cf-4ed044d8e963,be3902b4-f926-4850-ba31-f18b178b9d39,f30dad8c-85eb-43c2-a375-5d3fe9ff31ce,f5a4dab5-df91-4776-9a1f-1c2e1ed7ce8b","","",f,,,,,2025-05-05 08:37:03.358542,2025-05-05 08:37:03.358542,distribution_media_history,hg_stock,distribution_media_history_20260822_080123,2026-08-22 08:01:40.05814
388f45b2-be77-4851-8445-436d2b5ebddf,38cee5bc-9f96-4f84-8913-5e00ac346e05,t,t,1,7,"","","","","",f,1cdbc000-1c24-485c-8e71-fb91a4d5fcb6,3a9ff8c5-8923-4d19-a09e-2c8d79cc7c6f,3a9ff8c5-8923-4d19-a09e-2c8d79cc7c6f,,2025-10-13 07:56:19.397446,2025-10-13 07:56:19.397446,distribution_media_history,hg_stock,distribution_media_history_20260822_080123,2026-08-22 08:01:40.05814
388f46db-5f1a-43ea-b2db-cfa86d458a5e,6ab67356-41c8-43e3-b372-40068c5f5cbb,f,f,1,7,"","",bdd9d4f3-6a59-4a34-8087-8b6c644ced64,"","",f,"",229dc6f0-0c2f-42cc-8d32-7c3397e96194,229dc6f0-0c2f-42cc-8d32-7c3397e96194,,2026-01-27 09:21:30.719464,2026-01-27 09:21:30.719464,distribution_media_history,hg_stock,distribution_media_history_20260822_080123,2026-08-22 08:01:40.05814
388f4996-d58a-410d-82a3-3ef6af583bb1,75769650-6374-4e9a-af0b-f5ddde3e6f66,f,f,1,7,"","","211db165-a4e5-46fa-ae35-b3ce4970f396,4b130012-bca4-48d9-b677-a3bbac756669,52cea1c3-a193-411f-adb4-a6fbffe220eb,7657821d-0928-4099-92a1-2146097c66b0,bc1799a3-603f-4412-909a-1f0d9907f17c,db869e71-ba93-441b-a264-32c62f017853","","",f,,f839e202-7f6c-4889-8f2e-160d525c0697,f839e202-7f6c-4889-8f2e-160d525c0697,,2025-05-05 08:38:09.067548,2025-05-05 08:38:09.067548,distribution_media_history,hg_stock,distribution_media_history_20260822_080123,2026-08-22 08:01:40.05814
388f4bac-f957-4445-a602-7e1a5d4c303f,77d948e8-c2eb-4949-9329-52b8b227d8d5,f,f,1,0,"","","","","",f,1190b645-1f41-44cb-8680-5726382adcc2,358dceb1-c1b0-46b9-a24f-c1b6a7fdb2dd,358dceb1-c1b0-46b9-a24f-c1b6a7fdb2dd,,2026-03-03 08:31:47.122927,2026-03-03 08:31:47.122927,distribution_media_history,hg_stock,distribution_media_history_20260822_080123,2026-08-22 08:01:40.05814
388f4ef0-a7ad-4b7b-870b-8863b7a77bbf,942187ab-9787-4f94-ab5e-71abd3409c8d,f,f,1,45,"","",bdd9d4f3-6a59-4a34-8087-8b6c644ced64,"","",f,"",229dc6f0-0c2f-42cc-8d32-7c3397e96194,229dc6f0-0c2f-42cc-8d32-7c3397e96194,,2026-01-27 09:22:41.987292,2026-01-27 09:22:41.987292,distribution_media_history,hg_stock,distribution_media_history_20260822_080123,2026-08-22 08:01:40.05814
388f5042-f070-4e6f-b559-93bb962bec62,0abba92a-64a3-4608-ba1f-820370178888,f,f,1,-1,"","","","","",f,b4598ab5-2a3d-424b-83e4-4c6e09ab287c,229dc6f0-0c2f-42cc-8d32-7c3397e96194,229dc6f0-0c2f-42cc-8d32-7c3397e96194,,2026-06-10 07:00:49.890221,2026-06-10 07:00:49.890221,distribution_media_history,hg_stock,distribution_media_history_20260822_080123,2026-08-22 08:01:40.05814
38943eec-9de8-4992-ba17-387f331e508b,7145dea1-eb50-4c5a-bc18-0042edc5550f,t,f,1,7,"","","15b9cfe7-85ee-4d5c-910a-8dd18e3c08a8,211db165-a4e5-46fa-ae35-b3ce4970f396,270551e0-15db-4b4a-8bed-b0a9a3a44dff,4b130012-bca4-48d9-b677-a3bbac756669,5026b271-3ca4-475e-b42b-ecaef67294c8,52cea1c3-a193-411f-adb4-a6fbffe220eb,629885eb-65c4-4921-a300-3c618c8961e3,7657821d-0928-4099-92a1-2146097c66b0,7ad7d9b9-4600-4db5-a3a8-e7c243499008,ba826125-ec02-4f09-b0d4-9e4aeeb11c0a,db869e71-ba93-441b-a264-32c62f017853,df42ed2a-f2da-49a1-a4ea-36e358b59bee,fcdd5322-049e-4b50-aecf-593d36d18b8f","","",f,,0d59c7f1-4824-4887-b537-c43b122e065b,0d59c7f1-4824-4887-b537-c43b122e065b,,2025-05-05 08:38:09.065903,2025-05-05 08:38:09.065903,distribution_media_history,hg_stock,distribution_media_history_20260822_080123,2026-08-22 08:01:40.05814
38944660-8281-4268-b509-cfef73542d83,eb1c07ef-d4b0-4434-9325-5ac88ccdd309,f,t,1,7,45520993-f51a-4995-a455-758e938357c8,"","","","",f,,5d7a9893-6e21-4a12-bf1b-8594646e7b4d,5d7a9893-6e21-4a12-bf1b-8594646e7b4d,,2025-05-29 07:56:34.590241,2025-05-29 07:56:34.590241,distribution_media_history,hg_stock,distribution_media_history_20260822_080123,2026-08-22 08:01:40.05814
38944a96-047b-4806-b4ca-8a8633e6c36a,3c2d216c-d833-408f-ba3a-699389386cd3,f,f,1,7,"","","48a1af96-5a7d-40d9-8ebe-4e3655f14e4b,7a389018-94d3-443d-9646-ed7b63117169,854cae12-c88d-4bb4-85cf-4ed044d8e963,be3902b4-f926-4850-ba31-f18b178b9d39,f30dad8c-85eb-43c2-a375-5d3fe9ff31ce,f5a4dab5-df91-4776-9a1f-1c2e1ed7ce8b","","",f,,,,,2025-05-05 08:36:56.49658,2025-05-05 08:36:56.49658,distribution_media_history,hg_stock,distribution_media_history_20260822_080123,2026-08-22 08:01:40.05814
388f50e7-8295-4496-b8c3-d6b5f7eb7d1f,edeeba96-09c6-46c7-9dc5-4644a672c9cd,t,f,1,7,"","","","","04cee13a-69b0-41f1-b39c-889f9bd82938,17f48f51-7f38-41b0-a897-21f240726378,189d5957-a376-4804-9ac9-d3ac913f29b2,22c49afc-02e4-47e8-a4ab-9f0c0546ea68,3084841c-a70b-40d9-9edb-7aa498a50dc1,36298fa0-1ce7-4bae-8c41-db0a98d0341a,396221b9-cdc5-45b2-a79f-2d6de550fda9,3ee41b7a-96b5-4ab9-901b-3e0866188b6d,404f9125-d4c4-4da9-ad88-f829bb17ba62,489f9411-5f7e-4301-814a-60567e4e3e30,59113c8d-b24b-43e2-96f3-1eb18e9020bc,66cd6c10-7895-4502-937a-583c0d9ab692,6fccedd4-9c2a-4b13-a908-32363d8ab09d,7f65daf7-a4b7-4c1d-9b27-95a3e2321af0,7ffdacef-5d02-4aa8-b3d3-84c85d823164,82ce273c-9538-45d9-bc55-81d4406d2896,83546f70-3b79-4803-a00d-d4d620662403,84a48d11-c91a-4704-984d-487c05e520f8,8664aefc-082d-45bf-997c-d7924cdc450f,8b53e647-7506-4329-8541-838a25dc90b3,93ab8008-587a-4a00-a78b-1ea011796b10,96fdf1dd-c29d-48c0-9942-b89777d4f662,980be853-40ae-403e-9dfb-e5a0644a55da,988558f8-ab30-4768-aed0-ddcc6cb6b630,a45aa42c-5285-4ac5-8fe7-a51fbd5e1447,aa6908d1-4b4a-4472-8767-934000773385,afe4ba65-c5e3-4bbb-9e23-6ccb370dc871,b5793a82-9df0-404c-b478-a81c03ae4e6c,bd408cb0-2cde-4b1a-b556-8da94c325e1c,c0cc4ed9-8760-4184-b93c-e698dfb46246,c6f97750-2e14-4bb0-8d48-6d7b75af9afb,cbc183a5-8bbf-4ef0-988c-7b542efb0f71,d369fc61-1571-40e8-961b-70044ea493c5,de206049-f16b-4735-bac3-6af89517d5f6,e07abf1a-e63a-4a79-8ed5-11dbd5b7268c,e08f3c2d-0236-4fd0-8b86-d978d047ef93,e5a984fb-9511-483f-9ca8-2624f19dffac,ed0b4e25-e812-41ba-b50b-6963218c597f,ed44140b-5cc4-4d47-8ad1-afdb356aa44b,eee97771-c2ef-426b-8c92-fde92d29fa00,f335762b-0da1-428e-87a0-bec2dfa6b557,f475b91f-4997-46e8-9c30-f89c24d0a3bf,f601dbeb-2cae-4c86-9924-ce54abb0c3fb,fa2d090f-99ed-4048-bc02-56e323844e79,fad1e7bc-99f8-4821-beff-abd4694d5006,fd42dc28-9ff0-4379-8e65-fbca6f35de60,feb6927d-ee9b-40fc-8897-54a2bef67493",f,,3a9ff8c5-8923-4d19-a09e-2c8d79cc7c6f,3a9ff8c5-8923-4d19-a09e-2c8d79cc7c6f,,2025-07-18 07:55:08.180624,2025-07-18 07:55:08.180624,distribution_media_history,hg_stock,distribution_media_history_20260822_080123,2026-08-22 08:01:40.05814
388f52ee-a5bf-45fb-a2e6-ab05889ffdd1,cfaa1393-6d08-479e-bab6-cfeb229b24d3,t,f,1,7,"","","15b9cfe7-85ee-4d5c-910a-8dd18e3c08a8,211db165-a4e5-46fa-ae35-b3ce4970f396,270551e0-15db-4b4a-8bed-b0a9a3a44dff,4b130012-bca4-48d9-b677-a3bbac756669,5026b271-3ca4-475e-b42b-ecaef67294c8,52cea1c3-a193-411f-adb4-a6fbffe220eb,629885eb-65c4-4921-a300-3c618c8961e3,7657821d-0928-4099-92a1-2146097c66b0,7ad7d9b9-4600-4db5-a3a8-e7c243499008,db869e71-ba93-441b-a264-32c62f017853,df42ed2a-f2da-49a1-a4ea-36e358b59bee,fcdd5322-049e-4b50-aecf-593d36d18b8f","","",f,,,,,2025-05-05 08:39:56.629412,2025-05-05 08:39:56.629412,distribution_media_history,hg_stock,distribution_media_history_20260822_080123,2026-08-22 08:01:40.05814
388f5641-6743-4e96-9da4-3685a37a3557,bc7efa56-4edb-422e-85f7-ef8694bec3b6,f,f,1,-1,"",522cc0c7-0990-4e26-b535-392767a7c142,"","","",f,"",522cc0c7-0990-4e26-b535-392767a7c142,522cc0c7-0990-4e26-b535-392767a7c142,,2026-03-28 07:52:35.697731,2026-03-28 07:52:35.697731,distribution_media_history,hg_stock,distribution_media_history_20260822_080123,2026-08-22 08:01:40.05814
388f68ca-2a36-458c-862f-62d021645801,14efec6c-7a02-42ac-a574-d9875a7f35ae,t,f,1,7,"","","15b9cfe7-85ee-4d5c-910a-8dd18e3c08a8,211db165-a4e5-46fa-ae35-b3ce4970f396,270551e0-15db-4b4a-8bed-b0a9a3a44dff,4b130012-bca4-48d9-b677-a3bbac756669,5026b271-3ca4-475e-b42b-ecaef67294c8,52cea1c3-a193-411f-adb4-a6fbffe220eb,629885eb-65c4-4921-a300-3c618c8961e3,7657821d-0928-4099-92a1-2146097c66b0,7ad7d9b9-4600-4db5-a3a8-e7c243499008,ba826125-ec02-4f09-b0d4-9e4aeeb11c0a,db869e71-ba93-441b-a264-32c62f017853,df42ed2a-f2da-49a1-a4ea-36e358b59bee,fcdd5322-049e-4b50-aecf-593d36d18b8f","","",f,,eb3fb346-ed18-468d-a17a-e64e9c6641e2,eb3fb346-ed18-468d-a17a-e64e9c6641e2,,2025-05-05 08:36:18.768522,2025-05-05 08:36:18.768522,distribution_media_history,hg_stock,distribution_media_history_20260822_080123,2026-08-22 08:01:40.05814
388f6bd8-9eee-4f05-806b-cad5e1b9dfa7,f64b877a-2fd2-4222-8c14-73107bc055d6,f,f,1,45,"","",afc66234-6b63-44f3-a1a5-1d938845d982,"","",f,"",229dc6f0-0c2f-42cc-8d32-7c3397e96194,229dc6f0-0c2f-42cc-8d32-7c3397e96194,,2025-12-15 06:51:42.283095,2025-12-15 06:51:42.283095,distribution_media_history,hg_stock,distribution_media_history_20260822_080123,2026-08-22 08:01:40.05814
388f72d9-2861-43d5-ac7b-271a92ac3f4a,99f0a1e1-1e8e-4af6-b3c4-693bf56e9fbd,f,f,1,-1,ae0b1e4f-25ee-477b-9b8f-d8e66f1c1b95,"","",87126131-51a3-46a3-b4ac-2ec2cce25711,"",f,"",229dc6f0-0c2f-42cc-8d32-7c3397e96194,229dc6f0-0c2f-42cc-8d32-7c3397e96194,,2026-04-20 11:02:58.017695,2026-04-20 11:02:58.017695,distribution_media_history,hg_stock,distribution_media_history_20260822_080123,2026-08-22 08:01:40.05814
388f745a-94a3-4853-8cdd-7f28dc57918d,4b16054e-fe30-425e-8be8-fce04a917257,t,f,1,-1,"","","","","",f,cc84a821-10b5-43c8-a7ec-2205c10dd989,9a1fc915-e747-4aa4-a786-19c67cd5ea2e,9a1fc915-e747-4aa4-a786-19c67cd5ea2e,,2026-02-12 08:10:29.434676,2026-02-12 08:10:29.434676,distribution_media_history,hg_stock,distribution_media_history_20260822_080123,2026-08-22 08:01:40.05814
388f824f-5619-49f2-8bf3-b2f601ebe03b,cd78626e-0b1d-4ea1-be8a-4b2c36acd8ae,f,f,1,0,"","","","","",f,1190b645-1f41-44cb-8680-5726382adcc2,358dceb1-c1b0-46b9-a24f-c1b6a7fdb2dd,358dceb1-c1b0-46b9-a24f-c1b6a7fdb2dd,,2026-03-03 10:46:25.617016,2026-03-03 10:46:25.617016,distribution_media_history,hg_stock,distribution_media_history_20260822_080123,2026-08-22 08:01:40.05814
388fa647-198b-41dd-b4bb-7fa66226e7ec,8b1f1a83-3448-455c-8acc-229e2d580078,t,f,1,7,"","","15b9cfe7-85ee-4d5c-910a-8dd18e3c08a8,211db165-a4e5-46fa-ae35-b3ce4970f396,270551e0-15db-4b4a-8bed-b0a9a3a44dff,4b130012-bca4-48d9-b677-a3bbac756669,5026b271-3ca4-475e-b42b-ecaef67294c8,52cea1c3-a193-411f-adb4-a6fbffe220eb,629885eb-65c4-4921-a300-3c618c8961e3,7657821d-0928-4099-92a1-2146097c66b0,7ad7d9b9-4600-4db5-a3a8-e7c243499008,ba826125-ec02-4f09-b0d4-9e4aeeb11c0a,db869e71-ba93-441b-a264-32c62f017853,df42ed2a-f2da-49a1-a4ea-36e358b59bee,e43c6415-4c89-451e-8bee-004c8f6ed620,fcdd5322-049e-4b50-aecf-593d36d18b8f","","",f,,,,,2025-05-05 08:38:38.499606,2025-05-05 08:38:38.499606,distribution_media_history,hg_stock,distribution_media_history_20260822_080123,2026-08-22 08:01:40.05814
388fa703-1111-4e0d-ba64-696f9645bbc3,4bdb8905-5fdd-4f98-87b6-7fe8e5342316,f,f,1,-1,ae0b1e4f-25ee-477b-9b8f-d8e66f1c1b95,"","",87126131-51a3-46a3-b4ac-2ec2cce25711,"",f,"",229dc6f0-0c2f-42cc-8d32-7c3397e96194,229dc6f0-0c2f-42cc-8d32-7c3397e96194,,2026-04-20 11:02:40.766889,2026-04-20 11:02:40.766889,distribution_media_history,hg_stock,distribution_media_history_20260822_080123,2026-08-22 08:01:40.05814
388fa716-a010-47c5-9a6f-6e68e4d24c68,b3451b97-6c05-48e3-a63a-0a2271960ba1,f,f,1,7,"","","211db165-a4e5-46fa-ae35-b3ce4970f396,4b130012-bca4-48d9-b677-a3bbac756669,52cea1c3-a193-411f-adb4-a6fbffe220eb,7657821d-0928-4099-92a1-2146097c66b0,bc1799a3-603f-4412-909a-1f0d9907f17c,db869e71-ba93-441b-a264-32c62f017853","","",f,,bf804978-64b2-4d93-8116-6154c0ce6f46,bf804978-64b2-4d93-8116-6154c0ce6f46,,2025-05-05 08:39:29.186643,2025-05-05 08:39:29.186643,distribution_media_history,hg_stock,distribution_media_history_20260822_080123,2026-08-22 08:01:40.05814
388fabde-06eb-420d-80d7-35ff4a925bb3,3e4a75f2-e842-4dc4-bf94-0c3c028a2ee4,t,f,1,7,"","","15b9cfe7-85ee-4d5c-910a-8dd18e3c08a8,211db165-a4e5-46fa-ae35-b3ce4970f396,270551e0-15db-4b4a-8bed-b0a9a3a44dff,4b130012-bca4-48d9-b677-a3bbac756669,5026b271-3ca4-475e-b42b-ecaef67294c8,52cea1c3-a193-411f-adb4-a6fbffe220eb,629885eb-65c4-4921-a300-3c618c8961e3,7657821d-0928-4099-92a1-2146097c66b0,7ad7d9b9-4600-4db5-a3a8-e7c243499008,ba826125-ec02-4f09-b0d4-9e4aeeb11c0a,db869e71-ba93-441b-a264-32c62f017853,df42ed2a-f2da-49a1-a4ea-36e358b59bee,fcdd5322-049e-4b50-aecf-593d36d18b8f","","",f,,,,,2025-05-05 08:36:56.497474,2025-05-05 08:36:56.497474,distribution_media_history,hg_stock,distribution_media_history_20260822_080123,2026-08-22 08:01:40.05814
388fc2b3-52b0-4f28-a9f4-1234b6cce90a,33d78b11-b907-48ee-950b-4b78e03adc24,f,f,1,-1,ae0b1e4f-25ee-477b-9b8f-d8e66f1c1b95,"","",87126131-51a3-46a3-b4ac-2ec2cce25711,"",f,"",229dc6f0-0c2f-42cc-8d32-7c3397e96194,229dc6f0-0c2f-42cc-8d32-7c3397e96194,,2026-04-20 11:03:25.769107,2026-04-20 11:03:25.769107,distribution_media_history,hg_stock,distribution_media_history_20260822_080123,2026-08-22 08:01:40.05814
389456cb-cdd4-440f-a56b-32afb028b4a7,07e4c723-65ff-45a3-9952-23534532d977,f,f,1,7,"","","48a1af96-5a7d-40d9-8ebe-4e3655f14e4b,64362801-3c17-4e99-b10a-bc7a8dc10c14,854cae12-c88d-4bb4-85cf-4ed044d8e963,be3902b4-f926-4850-ba31-f18b178b9d39,f30dad8c-85eb-43c2-a375-5d3fe9ff31ce,f5a4dab5-df91-4776-9a1f-1c2e1ed7ce8b","","",f,,86c15142-9744-4a72-9d2a-4d46d6ccb1cd,86c15142-9744-4a72-9d2a-4d46d6ccb1cd,,2025-05-05 08:35:56.506035,2025-05-05 08:35:56.506035,distribution_media_history,hg_stock,distribution_media_history_20260822_080123,2026-08-22 08:01:40.05814
38948130-8ace-4a5b-b4a6-063cbd8e9914,7816bf12-b367-41e0-8d4d-b0c3efbbd309,f,f,1,7,"","","0749da15-f004-4cad-8a3f-26ebdf77e84c,211db165-a4e5-46fa-ae35-b3ce4970f396,de0102b9-50f9-41fa-992a-06ae9eb82724","","",f,,ed8e0c83-aaec-49eb-8379-90f06bb587ed,ed8e0c83-aaec-49eb-8379-90f06bb587ed,,2025-05-05 08:38:09.068548,2025-05-05 08:38:09.068548,distribution_media_history,hg_stock,distribution_media_history_20260822_080123,2026-08-22 08:01:40.05814
38948e9e-4dbb-497c-82f8-27613847ee6b,f3bb8a9d-6e70-498a-abd0-417475536ba8,f,f,1,7,"","","48a1af96-5a7d-40d9-8ebe-4e3655f14e4b,64362801-3c17-4e99-b10a-bc7a8dc10c14,854cae12-c88d-4bb4-85cf-4ed044d8e963,be3902b4-f926-4850-ba31-f18b178b9d39,f30dad8c-85eb-43c2-a375-5d3fe9ff31ce,f5a4dab5-df91-4776-9a1f-1c2e1ed7ce8b","","",f,,935fda8c-1cff-4074-a1e3-22e3ccc7008a,935fda8c-1cff-4074-a1e3-22e3ccc7008a,,2025-05-05 08:40:39.200793,2025-05-05 08:40:39.200793,distribution_media_history,hg_stock,distribution_media_history_20260822_080123,2026-08-22 08:01:40.05814
388fd7b8-9581-45b6-832e-31c9f0263e57,c3b4b64c-e84c-43a8-a2e0-7d2d519b5532,f,f,1,7,"","","","","0b0ddaa4-3592-40d8-9e46-8986bb004c15,0b9514d0-df14-4cb2-96f7-66a88144edf3,0f765cb9-0d18-4f74-8660-46b3abfb3dec,135d3088-99fc-444c-9b9a-21a2e9bb5a59,19e015cb-ccd1-49e3-aad5-8605feb595f2,1b235ed6-c69a-464f-ae4a-0a23b05ec631,3d6826f7-2626-4a37-aeaa-48f96a9b0b91,43bf3c8b-89b1-4138-8ae9-f564bb06596c,4761ea79-5165-4fa7-a980-b09454c0fb14,490497dc-5a22-4f3e-aabd-15f555818c32,49e1848d-584f-4cfd-9d91-3708bc10b099,4efd73e0-67fa-4115-a5ff-123905684fcf,5a8b441b-a204-43ba-9493-377cef94f449,5d673e15-d21b-4a74-98aa-195b698a2fdd,5deee3c3-3888-46e0-899e-9cb092a60f26,635fefea-3f23-4852-88e5-2b8787d39773,73670add-5585-47ce-97c1-a08bdeb7f956,7619809a-ea3b-4a3b-ad6f-d84bdffb9786,9a58ee71-326b-4905-990a-f59c329facbb,9af7cf68-33a0-4d0a-9577-cba1a3ad1f22,a3df88a3-5af1-48cd-9570-ccf048b9071c,a9993709-50ba-4ebf-8d58-28cc482cd3df,b706c9f6-115c-4ffd-bcdd-9a7c18f4fb57,b7839bea-a6e2-4014-bdd7-d5552de23eac,c0fe700c-34ee-4739-abf9-5a0a78b4c291,c26c67b9-c472-487d-ba06-5a9ea82d6183,cba4399c-df4c-40b7-ac8c-9c4a802bac2a,d0e703c9-c972-4e72-ab5b-5e85d12e7ddb,db6b31ce-1c0c-4728-abcd-c3f6d68467c4,dc4363f3-47bf-417d-bf6c-87ec7b129a23,dd0d89e0-28ec-4fce-a39a-afadc639b807,e2233413-cda5-4ef5-b8df-670690f74b06,ec59ef1c-d0d8-4934-8a42-7775c710491c,f4dd4428-bf65-4513-b8be-601d0d1d43d6,f90efe4e-4b5e-486c-9a25-c8a76e85f137",f,,a61e2437-628b-43e7-a32c-f948290dbba9,a61e2437-628b-43e7-a32c-f948290dbba9,,2025-08-01 07:21:20.773137,2025-08-01 07:21:20.773137,distribution_media_history,hg_stock,distribution_media_history_20260822_080123,2026-08-22 08:01:40.05814
3890a3f1-c4b6-4c34-842b-8cee59a47b21,9644aa1c-dec4-4938-8270-7cf7fbef8298,t,f,1,7,"","","15b9cfe7-85ee-4d5c-910a-8dd18e3c08a8,211db165-a4e5-46fa-ae35-b3ce4970f396,270551e0-15db-4b4a-8bed-b0a9a3a44dff,469f562c-a07c-4e5e-9294-ca2b7f3e96c5,4b130012-bca4-48d9-b677-a3bbac756669,5026b271-3ca4-475e-b42b-ecaef67294c8,52cea1c3-a193-411f-adb4-a6fbffe220eb,629885eb-65c4-4921-a300-3c618c8961e3,7657821d-0928-4099-92a1-2146097c66b0,7ad7d9b9-4600-4db5-a3a8-e7c243499008,ba826125-ec02-4f09-b0d4-9e4aeeb11c0a,db869e71-ba93-441b-a264-32c62f017853,df42ed2a-f2da-49a1-a4ea-36e358b59bee,fcdd5322-049e-4b50-aecf-593d36d18b8f","","",f,,,,,2025-05-05 08:39:01.529217,2025-05-05 08:39:01.529217,distribution_media_history,hg_stock,distribution_media_history_20260822_080123,2026-08-22 08:01:40.05814
3890ba5f-f0dc-4e54-98ed-602703d2bddf,f6efd7ea-e4db-443b-86d1-52a0e32ede26,f,f,1,7,"","",bdd9d4f3-6a59-4a34-8087-8b6c644ced64,"","",f,"",229dc6f0-0c2f-42cc-8d32-7c3397e96194,229dc6f0-0c2f-42cc-8d32-7c3397e96194,,2025-10-30 03:07:14.531331,2025-10-30 03:07:14.531331,distribution_media_history,hg_stock,distribution_media_history_20260822_080123,2026-08-22 08:01:40.05814
3892719f-bc4f-4dc6-a101-0af7ea093a11,72e4f92d-029e-492b-8cfb-774602180d68,f,f,1,7,"","","","","",f,9797f5e1-e1e7-4ae3-9390-03ec1c7f8cf8,3a9ff8c5-8923-4d19-a09e-2c8d79cc7c6f,3a9ff8c5-8923-4d19-a09e-2c8d79cc7c6f,,2025-08-07 08:42:43.28405,2025-08-07 08:42:43.28405,distribution_media_history,hg_stock,distribution_media_history_20260822_080123,2026-08-22 08:01:40.05814
388fe2c3-e208-4029-b261-f1688c54c780,58a71f6c-64cb-413d-88e6-3b5163e8a867,t,t,1,7,"","","","","04cee13a-69b0-41f1-b39c-889f9bd82938,17f48f51-7f38-41b0-a897-21f240726378,189d5957-a376-4804-9ac9-d3ac913f29b2,22c49afc-02e4-47e8-a4ab-9f0c0546ea68,3084841c-a70b-40d9-9edb-7aa498a50dc1,36298fa0-1ce7-4bae-8c41-db0a98d0341a,396221b9-cdc5-45b2-a79f-2d6de550fda9,3ee41b7a-96b5-4ab9-901b-3e0866188b6d,404f9125-d4c4-4da9-ad88-f829bb17ba62,489f9411-5f7e-4301-814a-60567e4e3e30,59113c8d-b24b-43e2-96f3-1eb18e9020bc,5c1b1d8f-d4a9-4a22-934a-43831e85d1e4,66cd6c10-7895-4502-937a-583c0d9ab692,7f65daf7-a4b7-4c1d-9b27-95a3e2321af0,7ffdacef-5d02-4aa8-b3d3-84c85d823164,82ce273c-9538-45d9-bc55-81d4406d2896,83546f70-3b79-4803-a00d-d4d620662403,84a48d11-c91a-4704-984d-487c05e520f8,8664aefc-082d-45bf-997c-d7924cdc450f,8b53e647-7506-4329-8541-838a25dc90b3,988558f8-ab30-4768-aed0-ddcc6cb6b630,9f332297-3b6b-4a98-bcd8-bc8da41105dd,a45aa42c-5285-4ac5-8fe7-a51fbd5e1447,aa6908d1-4b4a-4472-8767-934000773385,b5793a82-9df0-404c-b478-a81c03ae4e6c,b5a513f2-8d65-4512-90c0-7fa3c7311a61,b7f0a1f8-0078-4361-a39c-609cbc0fa09c,bd408cb0-2cde-4b1a-b556-8da94c325e1c,c0cc4ed9-8760-4184-b93c-e698dfb46246,c4b978df-9107-4eb9-a678-e621c83f0e48,c6f97750-2e14-4bb0-8d48-6d7b75af9afb,d369fc61-1571-40e8-961b-70044ea493c5,de206049-f16b-4735-bac3-6af89517d5f6,e08f3c2d-0236-4fd0-8b86-d978d047ef93,ed0b4e25-e812-41ba-b50b-6963218c597f,ed44140b-5cc4-4d47-8ad1-afdb356aa44b,f335762b-0da1-428e-87a0-bec2dfa6b557,f475b91f-4997-46e8-9c30-f89c24d0a3bf,f601dbeb-2cae-4c86-9924-ce54abb0c3fb,fad1e7bc-99f8-4821-beff-abd4694d5006,feb6927d-ee9b-40fc-8897-54a2bef67493",f,,3a9ff8c5-8923-4d19-a09e-2c8d79cc7c6f,3a9ff8c5-8923-4d19-a09e-2c8d79cc7c6f,,2025-07-30 09:22:57.614838,2025-07-30 09:22:57.614838,distribution_media_history,hg_stock,distribution_media_history_20260822_080123,2026-08-22 08:01:40.05814
388fef4d-d7e7-4340-ba81-661930aa697c,7e468608-377d-4a9d-a4ea-675915dc5040,f,f,1,7,"","",bdd9d4f3-6a59-4a34-8087-8b6c644ced64,"","",f,"",229dc6f0-0c2f-42cc-8d32-7c3397e96194,229dc6f0-0c2f-42cc-8d32-7c3397e96194,,2025-10-30 03:07:14.534661,2025-10-30 03:07:14.534661,distribution_media_history,hg_stock,distribution_media_history_20260822_080123,2026-08-22 08:01:40.05814
388ffb03-6e67-4326-9a92-9c4be50463d8,74fa0765-4f33-42e5-879e-c049646bb34c,f,f,0,7,"","","","","0e9ac747-2549-4974-bf10-36762e2bf4b0,d8df1fe2-060e-43cc-9ed4-8a41ab2d5561,60a9a846-b417-49d7-9427-c8ec1c7a3da8,e86c043e-7cef-418e-b148-8b1e89211f30,9e3bf329-f6e8-4ee4-8532-41b9887c99fc,e04fae25-e4c3-4f4d-9d5c-d19bd7d0ecf5,82765a10-75aa-48a7-8105-1de60aaee953,edf228c1-66f9-4f81-8a21-cfb7c893e9c4,4c0cbfd7-86ea-4793-af3c-b80645310be9,bb6dc5fe-6cb5-4538-8b5c-151496234970,b4e5cf70-0101-434d-9205-f2653b64a710,a0df7f95-fdf7-4afa-92ce-ac5e96e6b263,815769f5-d711-4504-9d5e-83c3005e9cba",f,,3a9ff8c5-8923-4d19-a09e-2c8d79cc7c6f,3a9ff8c5-8923-4d19-a09e-2c8d79cc7c6f,,2025-06-17 06:57:34.153075,2025-06-17 06:57:34.153075,distribution_media_history,hg_stock,distribution_media_history_20260822_080123,2026-08-22 08:01:40.05814
38900093-e753-460c-a94e-6f35edd4c3ef,dff56d5d-d190-4e42-903b-f207d772eaf3,f,f,1,7,"","","211db165-a4e5-46fa-ae35-b3ce4970f396,4b130012-bca4-48d9-b677-a3bbac756669,52cea1c3-a193-411f-adb4-a6fbffe220eb,7657821d-0928-4099-92a1-2146097c66b0,bc1799a3-603f-4412-909a-1f0d9907f17c,db869e71-ba93-441b-a264-32c62f017853","","",f,,851a8c48-e90f-4dbe-948d-5dc12684dd3c,851a8c48-e90f-4dbe-948d-5dc12684dd3c,,2025-05-05 08:40:11.018378,2025-05-05 08:40:11.018378,distribution_media_history,hg_stock,distribution_media_history_20260822_080123,2026-08-22 08:01:40.05814
389015ba-99cd-4259-a065-b0f4ecebe87b,ee0c4311-1621-42c4-877e-5d669cab0f4d,t,f,1,7,"","","","","04cee13a-69b0-41f1-b39c-889f9bd82938,17f48f51-7f38-41b0-a897-21f240726378,189d5957-a376-4804-9ac9-d3ac913f29b2,22c49afc-02e4-47e8-a4ab-9f0c0546ea68,3084841c-a70b-40d9-9edb-7aa498a50dc1,36298fa0-1ce7-4bae-8c41-db0a98d0341a,396221b9-cdc5-45b2-a79f-2d6de550fda9,3ee41b7a-96b5-4ab9-901b-3e0866188b6d,404f9125-d4c4-4da9-ad88-f829bb17ba62,489f9411-5f7e-4301-814a-60567e4e3e30,59113c8d-b24b-43e2-96f3-1eb18e9020bc,5c1b1d8f-d4a9-4a22-934a-43831e85d1e4,66cd6c10-7895-4502-937a-583c0d9ab692,7f65daf7-a4b7-4c1d-9b27-95a3e2321af0,7ffdacef-5d02-4aa8-b3d3-84c85d823164,83546f70-3b79-4803-a00d-d4d620662403,84a48d11-c91a-4704-984d-487c05e520f8,8664aefc-082d-45bf-997c-d7924cdc450f,8b53e647-7506-4329-8541-838a25dc90b3,988558f8-ab30-4768-aed0-ddcc6cb6b630,9f332297-3b6b-4a98-bcd8-bc8da41105dd,a45aa42c-5285-4ac5-8fe7-a51fbd5e1447,aa6908d1-4b4a-4472-8767-934000773385,b5793a82-9df0-404c-b478-a81c03ae4e6c,b5a513f2-8d65-4512-90c0-7fa3c7311a61,b7f0a1f8-0078-4361-a39c-609cbc0fa09c,bd408cb0-2cde-4b1a-b556-8da94c325e1c,c0cc4ed9-8760-4184-b93c-e698dfb46246,c4b978df-9107-4eb9-a678-e621c83f0e48,c6f97750-2e14-4bb0-8d48-6d7b75af9afb,d369fc61-1571-40e8-961b-70044ea493c5,de206049-f16b-4735-bac3-6af89517d5f6,e08f3c2d-0236-4fd0-8b86-d978d047ef93,ed0b4e25-e812-41ba-b50b-6963218c597f,ed44140b-5cc4-4d47-8ad1-afdb356aa44b,f335762b-0da1-428e-87a0-bec2dfa6b557,f475b91f-4997-46e8-9c30-f89c24d0a3bf,f601dbeb-2cae-4c86-9924-ce54abb0c3fb,fad1e7bc-99f8-4821-beff-abd4694d5006,feb6927d-ee9b-40fc-8897-54a2bef67493",f,"",3a9ff8c5-8923-4d19-a09e-2c8d79cc7c6f,3a9ff8c5-8923-4d19-a09e-2c8d79cc7c6f,,2025-08-09 08:10:33.858986,2025-08-09 08:10:33.858986,distribution_media_history,hg_stock,distribution_media_history_20260822_080123,2026-08-22 08:01:40.05814
38903063-9f7d-467e-8705-8d01d0596241,ff67c037-23ad-4dbc-a92f-6782a9c4c009,f,f,1,14,"","","","",e694334c-a3db-4e70-a11c-464ea9ee4aed,f,"",4cf4d8d0-959b-4d27-882a-ef1ce5b92241,4cf4d8d0-959b-4d27-882a-ef1ce5b92241,,2026-04-13 09:04:56.069311,2026-04-13 09:04:56.069311,distribution_media_history,hg_stock,distribution_media_history_20260822_080123,2026-08-22 08:01:40.05814
38917f28-ce0f-4670-bc46-a3f353564331,18c89bf6-1bc9-4c7c-9420-11fc7122c419,t,t,1,7,"","","","","0b0ddaa4-3592-40d8-9e46-8986bb004c15,0b9514d0-df14-4cb2-96f7-66a88144edf3,0f765cb9-0d18-4f74-8660-46b3abfb3dec,135d3088-99fc-444c-9b9a-21a2e9bb5a59,19e015cb-ccd1-49e3-aad5-8605feb595f2,1b235ed6-c69a-464f-ae4a-0a23b05ec631,3d6826f7-2626-4a37-aeaa-48f96a9b0b91,43bf3c8b-89b1-4138-8ae9-f564bb06596c,4761ea79-5165-4fa7-a980-b09454c0fb14,490497dc-5a22-4f3e-aabd-15f555818c32,49e1848d-584f-4cfd-9d91-3708bc10b099,4efd73e0-67fa-4115-a5ff-123905684fcf,5a8b441b-a204-43ba-9493-377cef94f449,5d673e15-d21b-4a74-98aa-195b698a2fdd,5deee3c3-3888-46e0-899e-9cb092a60f26,635fefea-3f23-4852-88e5-2b8787d39773,73670add-5585-47ce-97c1-a08bdeb7f956,7619809a-ea3b-4a3b-ad6f-d84bdffb9786,9a58ee71-326b-4905-990a-f59c329facbb,9af7cf68-33a0-4d0a-9577-cba1a3ad1f22,a3df88a3-5af1-48cd-9570-ccf048b9071c,a9993709-50ba-4ebf-8d58-28cc482cd3df,b706c9f6-115c-4ffd-bcdd-9a7c18f4fb57,b7839bea-a6e2-4014-bdd7-d5552de23eac,c0fe700c-34ee-4739-abf9-5a0a78b4c291,c26c67b9-c472-487d-ba06-5a9ea82d6183,cba4399c-df4c-40b7-ac8c-9c4a802bac2a,d0e703c9-c972-4e72-ab5b-5e85d12e7ddb,db6b31ce-1c0c-4728-abcd-c3f6d68467c4,dc4363f3-47bf-417d-bf6c-87ec7b129a23,dd0d89e0-28ec-4fce-a39a-afadc639b807,e2233413-cda5-4ef5-b8df-670690f74b06,ec59ef1c-d0d8-4934-8a42-7775c710491c,f4dd4428-bf65-4513-b8be-601d0d1d43d6,f90efe4e-4b5e-486c-9a25-c8a76e85f137",f,,a61e2437-628b-43e7-a32c-f948290dbba9,a61e2437-628b-43e7-a32c-f948290dbba9,,2025-08-01 07:45:49.801607,2025-08-01 07:45:49.801607,distribution_media_history,hg_stock,distribution_media_history_20260822_080123,2026-08-22 08:01:40.05814
3891ddcd-c343-4153-bb04-338fc789aa4e,aa07f6f2-0650-4f7b-875b-56228bc57543,f,f,1,30,"","","","","",f,eaf751be-7681-4b63-96b2-35d9e1364214,3a9ff8c5-8923-4d19-a09e-2c8d79cc7c6f,3a9ff8c5-8923-4d19-a09e-2c8d79cc7c6f,,2025-12-03 08:01:59.050364,2025-12-03 08:01:59.050364,distribution_media_history,hg_stock,distribution_media_history_20260822_080123,2026-08-22 08:01:40.05814
3891e01b-0024-4812-a36f-b2382cb4a186,f2a04cde-e588-4d91-a881-670f14661542,f,f,1,7,"","",23fab090-e892-486d-8a78-16f6a1031d35,af13f5cc-6b51-4949-ad6c-1786c27eaa3d,"",f,,ed8e0c83-aaec-49eb-8379-90f06bb587ed,ed8e0c83-aaec-49eb-8379-90f06bb587ed,,2025-07-11 02:51:12.416835,2025-07-11 02:51:12.416835,distribution_media_history,hg_stock,distribution_media_history_20260822_080123,2026-08-22 08:01:40.05814
389037f4-0844-43d7-aab0-06cfeb463ac8,64f3d48c-dc79-4c94-bd6a-cd32aa85c676,t,f,1,7,"","","","","04cee13a-69b0-41f1-b39c-889f9bd82938,17f48f51-7f38-41b0-a897-21f240726378,189d5957-a376-4804-9ac9-d3ac913f29b2,22c49afc-02e4-47e8-a4ab-9f0c0546ea68,3084841c-a70b-40d9-9edb-7aa498a50dc1,36298fa0-1ce7-4bae-8c41-db0a98d0341a,396221b9-cdc5-45b2-a79f-2d6de550fda9,3ee41b7a-96b5-4ab9-901b-3e0866188b6d,404f9125-d4c4-4da9-ad88-f829bb17ba62,489f9411-5f7e-4301-814a-60567e4e3e30,59113c8d-b24b-43e2-96f3-1eb18e9020bc,66cd6c10-7895-4502-937a-583c0d9ab692,6fccedd4-9c2a-4b13-a908-32363d8ab09d,7f65daf7-a4b7-4c1d-9b27-95a3e2321af0,7ffdacef-5d02-4aa8-b3d3-84c85d823164,82ce273c-9538-45d9-bc55-81d4406d2896,83546f70-3b79-4803-a00d-d4d620662403,84a48d11-c91a-4704-984d-487c05e520f8,8664aefc-082d-45bf-997c-d7924cdc450f,8b53e647-7506-4329-8541-838a25dc90b3,980be853-40ae-403e-9dfb-e5a0644a55da,988558f8-ab30-4768-aed0-ddcc6cb6b630,a45aa42c-5285-4ac5-8fe7-a51fbd5e1447,aa6908d1-4b4a-4472-8767-934000773385,afe4ba65-c5e3-4bbb-9e23-6ccb370dc871,b5793a82-9df0-404c-b478-a81c03ae4e6c,bd408cb0-2cde-4b1a-b556-8da94c325e1c,c0cc4ed9-8760-4184-b93c-e698dfb46246,c6f97750-2e14-4bb0-8d48-6d7b75af9afb,cbc183a5-8bbf-4ef0-988c-7b542efb0f71,d369fc61-1571-40e8-961b-70044ea493c5,de206049-f16b-4735-bac3-6af89517d5f6,e07abf1a-e63a-4a79-8ed5-11dbd5b7268c,e08f3c2d-0236-4fd0-8b86-d978d047ef93,e5a984fb-9511-483f-9ca8-2624f19dffac,ed0b4e25-e812-41ba-b50b-6963218c597f,ed44140b-5cc4-4d47-8ad1-afdb356aa44b,eee97771-c2ef-426b-8c92-fde92d29fa00,f335762b-0da1-428e-87a0-bec2dfa6b557,f475b91f-4997-46e8-9c30-f89c24d0a3bf,f601dbeb-2cae-4c86-9924-ce54abb0c3fb,fa2d090f-99ed-4048-bc02-56e323844e79,fad1e7bc-99f8-4821-beff-abd4694d5006,fd42dc28-9ff0-4379-8e65-fbca6f35de60,feb6927d-ee9b-40fc-8897-54a2bef67493",f,,3a9ff8c5-8923-4d19-a09e-2c8d79cc7c6f,3a9ff8c5-8923-4d19-a09e-2c8d79cc7c6f,,2025-06-26 01:54:23.026674,2025-06-26 01:54:23.026674,distribution_media_history,hg_stock,distribution_media_history_20260822_080123,2026-08-22 08:01:40.05814
389042ae-5684-46f4-a779-3dd33cd2d4e3,c6185c2d-165f-4c0f-bacf-c4b1f70f9345,f,t,1,7,"","","","","1e55f667-0670-40bc-8aee-27188dc5b384,1f8fc573-9e67-4351-93a6-85af17adacb8,27b2b34e-8707-4bb8-b0c6-2e75910beb09,2a952976-8a78-46c9-93c7-7d197d448b03,2ba607c0-3931-4232-8cff-7b946615c650,33331df9-2b29-4991-9e17-e8f97a2b13ff,378165af-c287-4215-b87c-5c5cf9aeff3b,4ac68eaa-1cde-4204-ad59-4ebdef0cdd20,50b0a781-a21a-43f7-a44f-0ed69331fc3e,6e01ca53-57ee-493e-9e77-0fdd4f7f0df3,751ce087-1ac0-4754-98e4-03bc44f7debb,a34b91f8-a3f6-4339-9874-c0f1d54c051c,a6bb0755-8f1b-42ba-b328-0df271601e1a,a82b59cb-0d98-4389-9d78-4f2233f34fbf,c0fe700c-34ee-4739-abf9-5a0a78b4c291,cfa538b2-cebf-4eef-b98c-95005d4d9eb2,df9df296-f929-4c76-962a-4e4b28e72dc6,e0e4a2b7-34ed-4410-9b3c-eb6223af8bc8,ea612f5c-28e4-49ab-86aa-533208aa12d0",f,,97ee41e4-8f90-4991-8d67-df26d970bf62,97ee41e4-8f90-4991-8d67-df26d970bf62,,2025-07-30 04:40:04.405747,2025-07-30 04:40:04.405747,distribution_media_history,hg_stock,distribution_media_history_20260822_080123,2026-08-22 08:01:40.05814
389050ef-e8b4-4131-abdb-3b2ad9ebf133,3e3e9ece-35aa-40df-b5e1-44a39cac688b,f,f,1,7,"","5938543b-a59a-40f7-b443-88fa3e8e1c08,bbb010aa-f95e-4f78-981e-fcf16bc0efda,dd41b60b-e690-4c86-9e3e-d6f3700910e2","","","",f,"",6a34ddae-be72-471a-ad45-7e226c3a141f,6a34ddae-be72-471a-ad45-7e226c3a141f,,2025-10-14 03:30:08.59335,2025-10-14 03:30:08.59335,distribution_media_history,hg_stock,distribution_media_history_20260822_080123,2026-08-22 08:01:40.05814
38905cf5-945c-429c-9d57-8dc283792ee3,f5bcb82f-a267-41d0-9a04-dd61b4e3c9b0,f,f,1,7,"","",be3902b4-f926-4850-ba31-f18b178b9d39,"","",f,,dfcecffe-e69a-4858-bd15-a3b6b64d9ead,dfcecffe-e69a-4858-bd15-a3b6b64d9ead,,2025-05-05 08:40:39.201549,2025-05-05 08:40:39.201549,distribution_media_history,hg_stock,distribution_media_history_20260822_080123,2026-08-22 08:01:40.05814
389068cd-9d22-4c41-ae8e-7a1a88f6ac1b,59a6014f-daf7-45eb-b409-c9b26bab0c47,f,t,1,7,"","","","","1e55f667-0670-40bc-8aee-27188dc5b384,27b2b34e-8707-4bb8-b0c6-2e75910beb09,2a952976-8a78-46c9-93c7-7d197d448b03,2ba607c0-3931-4232-8cff-7b946615c650,33331df9-2b29-4991-9e17-e8f97a2b13ff,378165af-c287-4215-b87c-5c5cf9aeff3b,4ac68eaa-1cde-4204-ad59-4ebdef0cdd20,6e01ca53-57ee-493e-9e77-0fdd4f7f0df3,751ce087-1ac0-4754-98e4-03bc44f7debb,a6bb0755-8f1b-42ba-b328-0df271601e1a,a82b59cb-0d98-4389-9d78-4f2233f34fbf,c0fe700c-34ee-4739-abf9-5a0a78b4c291,df9df296-f929-4c76-962a-4e4b28e72dc6,e0e4a2b7-34ed-4410-9b3c-eb6223af8bc8,ea612f5c-28e4-49ab-86aa-533208aa12d0",f,,97ee41e4-8f90-4991-8d67-df26d970bf62,97ee41e4-8f90-4991-8d67-df26d970bf62,,2025-07-11 02:36:15.675298,2025-07-11 02:36:15.675298,distribution_media_history,hg_stock,distribution_media_history_20260822_080123,2026-08-22 08:01:40.05814
389089a5-238e-43d4-a83e-c81ae9da28d3,5d8b0a8f-9a86-4a32-b609-1d0201680156,f,f,1,90,"","","",87126131-51a3-46a3-b4ac-2ec2cce25711,"",f,"",229dc6f0-0c2f-42cc-8d32-7c3397e96194,229dc6f0-0c2f-42cc-8d32-7c3397e96194,,2026-04-20 04:53:02.093934,2026-04-20 04:53:02.093934,distribution_media_history,hg_stock,distribution_media_history_20260822_080123,2026-08-22 08:01:40.05814
38908a1e-5931-4df0-a974-61ab348a69a4,04e9089e-b218-41fb-aa62-be5fadbf6b72,f,f,1,7,"","","48a1af96-5a7d-40d9-8ebe-4e3655f14e4b,7a389018-94d3-443d-9646-ed7b63117169,854cae12-c88d-4bb4-85cf-4ed044d8e963,be3902b4-f926-4850-ba31-f18b178b9d39,f30dad8c-85eb-43c2-a375-5d3fe9ff31ce,f5a4dab5-df91-4776-9a1f-1c2e1ed7ce8b","","",f,,,,,2025-05-05 08:35:40.26853,2025-05-05 08:35:40.26853,distribution_media_history,hg_stock,distribution_media_history_20260822_080123,2026-08-22 08:01:40.05814
3890931b-65cf-4713-b423-9487ef38d36c,866836fa-d88c-401f-9647-d35dd0a1cafb,f,f,1,90,"","","","","",f,de337a89-766b-4121-bf74-03703fbc9236,358dceb1-c1b0-46b9-a24f-c1b6a7fdb2dd,358dceb1-c1b0-46b9-a24f-c1b6a7fdb2dd,,2026-03-18 14:47:28.137415,2026-03-18 14:47:28.137415,distribution_media_history,hg_stock,distribution_media_history_20260822_080123,2026-08-22 08:01:40.05814
38909f88-3ae3-4f0a-8785-83c6c7041a8f,ae56d30d-93e8-4d72-b2f8-ad17794a155c,t,t,1,7,"","","","","04cee13a-69b0-41f1-b39c-889f9bd82938,17f48f51-7f38-41b0-a897-21f240726378,189d5957-a376-4804-9ac9-d3ac913f29b2,22c49afc-02e4-47e8-a4ab-9f0c0546ea68,3084841c-a70b-40d9-9edb-7aa498a50dc1,36298fa0-1ce7-4bae-8c41-db0a98d0341a,396221b9-cdc5-45b2-a79f-2d6de550fda9,3ee41b7a-96b5-4ab9-901b-3e0866188b6d,404f9125-d4c4-4da9-ad88-f829bb17ba62,489f9411-5f7e-4301-814a-60567e4e3e30,59113c8d-b24b-43e2-96f3-1eb18e9020bc,66cd6c10-7895-4502-937a-583c0d9ab692,6fccedd4-9c2a-4b13-a908-32363d8ab09d,7f65daf7-a4b7-4c1d-9b27-95a3e2321af0,7ffdacef-5d02-4aa8-b3d3-84c85d823164,82ce273c-9538-45d9-bc55-81d4406d2896,83546f70-3b79-4803-a00d-d4d620662403,84a48d11-c91a-4704-984d-487c05e520f8,8664aefc-082d-45bf-997c-d7924cdc450f,8b53e647-7506-4329-8541-838a25dc90b3,96fdf1dd-c29d-48c0-9942-b89777d4f662,980be853-40ae-403e-9dfb-e5a0644a55da,988558f8-ab30-4768-aed0-ddcc6cb6b630,a45aa42c-5285-4ac5-8fe7-a51fbd5e1447,aa6908d1-4b4a-4472-8767-934000773385,afe4ba65-c5e3-4bbb-9e23-6ccb370dc871,b5793a82-9df0-404c-b478-a81c03ae4e6c,bd408cb0-2cde-4b1a-b556-8da94c325e1c,c0cc4ed9-8760-4184-b93c-e698dfb46246,c6f97750-2e14-4bb0-8d48-6d7b75af9afb,cbc183a5-8bbf-4ef0-988c-7b542efb0f71,d369fc61-1571-40e8-961b-70044ea493c5,de206049-f16b-4735-bac3-6af89517d5f6,e07abf1a-e63a-4a79-8ed5-11dbd5b7268c,e08f3c2d-0236-4fd0-8b86-d978d047ef93,e5a984fb-9511-483f-9ca8-2624f19dffac,ed0b4e25-e812-41ba-b50b-6963218c597f,ed44140b-5cc4-4d47-8ad1-afdb356aa44b,eee97771-c2ef-426b-8c92-fde92d29fa00,f335762b-0da1-428e-87a0-bec2dfa6b557,f475b91f-4997-46e8-9c30-f89c24d0a3bf,f601dbeb-2cae-4c86-9924-ce54abb0c3fb,fa2d090f-99ed-4048-bc02-56e323844e79,fad1e7bc-99f8-4821-beff-abd4694d5006,fd42dc28-9ff0-4379-8e65-fbca6f35de60,feb6927d-ee9b-40fc-8897-54a2bef67493",f,,3a9ff8c5-8923-4d19-a09e-2c8d79cc7c6f,3a9ff8c5-8923-4d19-a09e-2c8d79cc7c6f,,2025-07-14 08:43:26.234034,2025-07-14 08:43:26.234034,distribution_media_history,hg_stock,distribution_media_history_20260822_080123,2026-08-22 08:01:40.05814
3b435a28-b126-48f3-a735-8602191bb230,23080b84-9761-49e1-aba7-cac24f0c79dc,f,f,1,7,"","",17bd284a-ef80-41f5-927b-99aff424ed67,"","",f,,,,,2025-05-05 08:36:31.244229,2025-05-05 08:36:31.244229,distribution_media_history,hg_stock,distribution_media_history_20260822_080123,2026-08-22 08:01:40.05814
3890be9d-63f3-4428-85c5-980e67ae4520,d9d851b0-8ad7-4af0-8679-8f284f5fed29,t,t,1,7,"","","","","04cee13a-69b0-41f1-b39c-889f9bd82938,17f48f51-7f38-41b0-a897-21f240726378,189d5957-a376-4804-9ac9-d3ac913f29b2,22c49afc-02e4-47e8-a4ab-9f0c0546ea68,3084841c-a70b-40d9-9edb-7aa498a50dc1,36298fa0-1ce7-4bae-8c41-db0a98d0341a,396221b9-cdc5-45b2-a79f-2d6de550fda9,3ee41b7a-96b5-4ab9-901b-3e0866188b6d,404f9125-d4c4-4da9-ad88-f829bb17ba62,489f9411-5f7e-4301-814a-60567e4e3e30,59113c8d-b24b-43e2-96f3-1eb18e9020bc,66cd6c10-7895-4502-937a-583c0d9ab692,6fccedd4-9c2a-4b13-a908-32363d8ab09d,7f65daf7-a4b7-4c1d-9b27-95a3e2321af0,7ffdacef-5d02-4aa8-b3d3-84c85d823164,82ce273c-9538-45d9-bc55-81d4406d2896,83546f70-3b79-4803-a00d-d4d620662403,84a48d11-c91a-4704-984d-487c05e520f8,8664aefc-082d-45bf-997c-d7924cdc450f,8b53e647-7506-4329-8541-838a25dc90b3,980be853-40ae-403e-9dfb-e5a0644a55da,988558f8-ab30-4768-aed0-ddcc6cb6b630,a45aa42c-5285-4ac5-8fe7-a51fbd5e1447,aa6908d1-4b4a-4472-8767-934000773385,afe4ba65-c5e3-4bbb-9e23-6ccb370dc871,b5793a82-9df0-404c-b478-a81c03ae4e6c,bd408cb0-2cde-4b1a-b556-8da94c325e1c,c0cc4ed9-8760-4184-b93c-e698dfb46246,c6f97750-2e14-4bb0-8d48-6d7b75af9afb,cbc183a5-8bbf-4ef0-988c-7b542efb0f71,d369fc61-1571-40e8-961b-70044ea493c5,de206049-f16b-4735-bac3-6af89517d5f6,e07abf1a-e63a-4a79-8ed5-11dbd5b7268c,e08f3c2d-0236-4fd0-8b86-d978d047ef93,e5a984fb-9511-483f-9ca8-2624f19dffac,ed0b4e25-e812-41ba-b50b-6963218c597f,ed44140b-5cc4-4d47-8ad1-afdb356aa44b,eee97771-c2ef-426b-8c92-fde92d29fa00,f335762b-0da1-428e-87a0-bec2dfa6b557,f475b91f-4997-46e8-9c30-f89c24d0a3bf,f601dbeb-2cae-4c86-9924-ce54abb0c3fb,fa2d090f-99ed-4048-bc02-56e323844e79,fad1e7bc-99f8-4821-beff-abd4694d5006,fd42dc28-9ff0-4379-8e65-fbca6f35de60,feb6927d-ee9b-40fc-8897-54a2bef67493",f,,3a9ff8c5-8923-4d19-a09e-2c8d79cc7c6f,3a9ff8c5-8923-4d19-a09e-2c8d79cc7c6f,,2025-06-25 07:00:05.368763,2025-06-25 07:00:05.368763,distribution_media_history,hg_stock,distribution_media_history_20260822_080123,2026-08-22 08:01:40.05814
3890c2bc-091c-410c-bac3-6ad54592daec,6936e11e-2895-45be-a16c-2846b56e97f9,t,t,1,7,"","",0cffc79b-1bd0-4f1d-a3a6-5d681ef29479,"","",f,"",a487b65e-6fc8-47db-8c5a-6c364a9e9d96,a487b65e-6fc8-47db-8c5a-6c364a9e9d96,,2025-09-16 07:33:44.621678,2025-09-16 07:33:44.621678,distribution_media_history,hg_stock,distribution_media_history_20260822_080123,2026-08-22 08:01:40.05814
3890e041-987b-4499-b5c9-42b40ede4072,b3d3d8eb-8d61-44cd-88f9-bcaed4f4bc83,f,f,1,0,"","","","","",f,1190b645-1f41-44cb-8680-5726382adcc2,358dceb1-c1b0-46b9-a24f-c1b6a7fdb2dd,358dceb1-c1b0-46b9-a24f-c1b6a7fdb2dd,,2026-03-03 08:31:09.97251,2026-03-03 08:31:09.97251,distribution_media_history,hg_stock,distribution_media_history_20260822_080123,2026-08-22 08:01:40.05814
3890e630-a99a-4090-a762-061d6e482c6c,f5b0fd1c-07ca-47bc-ba0b-5170ffac2443,f,f,1,0,"","","","","",f,1190b645-1f41-44cb-8680-5726382adcc2,358dceb1-c1b0-46b9-a24f-c1b6a7fdb2dd,358dceb1-c1b0-46b9-a24f-c1b6a7fdb2dd,,2026-03-03 10:48:05.211908,2026-03-03 10:48:05.211908,distribution_media_history,hg_stock,distribution_media_history_20260822_080123,2026-08-22 08:01:40.05814
3890fe9f-cded-4c71-8003-4abe9564746a,0379700d-9a2f-421f-90a6-b384ab404b14,f,f,1,7,"","",d0a6c7ae-3a77-4b4c-bc33-bed245694277,"","",f,,86feaaae-e8b4-481c-b0f9-bb9749f4682d,86feaaae-e8b4-481c-b0f9-bb9749f4682d,,2025-05-05 08:35:40.267886,2025-05-05 08:35:40.267886,distribution_media_history,hg_stock,distribution_media_history_20260822_080123,2026-08-22 08:01:40.05814
3891050a-2e15-4f52-bd35-b6c46b26192b,8386f233-51eb-4a9f-b1a4-75cad733d1b0,f,f,1,30,"","","","","",f,1190b645-1f41-44cb-8680-5726382adcc2,358dceb1-c1b0-46b9-a24f-c1b6a7fdb2dd,358dceb1-c1b0-46b9-a24f-c1b6a7fdb2dd,,2026-01-20 08:57:01.503182,2026-01-20 08:57:01.503182,distribution_media_history,hg_stock,distribution_media_history_20260822_080123,2026-08-22 08:01:40.05814
38911cce-a583-485d-95e0-eeecb99a5d32,aa0cb078-6b45-4841-8367-ad96e162fe9b,f,f,1,-1,"","","","","",f,79c5a82d-e1d1-49ea-8593-08cc72f52e86,c4b28be5-e3a3-400b-a946-c94bf1ecfec3,c4b28be5-e3a3-400b-a946-c94bf1ecfec3,,2026-04-21 10:19:07.184195,2026-04-21 10:19:07.184195,distribution_media_history,hg_stock,distribution_media_history_20260822_080123,2026-08-22 08:01:40.05814
38912087-3bd5-4850-afe0-08d0a54ff530,06999ae4-528a-4125-a14e-e62a96f64699,t,t,1,7,"","","","","3d6826f7-2626-4a37-aeaa-48f96a9b0b91,43bf3c8b-89b1-4138-8ae9-f564bb06596c,c0fe700c-34ee-4739-abf9-5a0a78b4c291,490497dc-5a22-4f3e-aabd-15f555818c32,73670add-5585-47ce-97c1-a08bdeb7f956,a9993709-50ba-4ebf-8d58-28cc482cd3df,dc4363f3-47bf-417d-bf6c-87ec7b129a23,9a58ee71-326b-4905-990a-f59c329facbb,5deee3c3-3888-46e0-899e-9cb092a60f26,b706c9f6-115c-4ffd-bcdd-9a7c18f4fb57,4761ea79-5165-4fa7-a980-b09454c0fb14,19e015cb-ccd1-49e3-aad5-8605feb595f2,9af7cf68-33a0-4d0a-9577-cba1a3ad1f22,135d3088-99fc-444c-9b9a-21a2e9bb5a59,0b0ddaa4-3592-40d8-9e46-8986bb004c15,635fefea-3f23-4852-88e5-2b8787d39773,c26c67b9-c472-487d-ba06-5a9ea82d6183,f4dd4428-bf65-4513-b8be-601d0d1d43d6,a3df88a3-5af1-48cd-9570-ccf048b9071c,ec59ef1c-d0d8-4934-8a42-7775c710491c,5a8b441b-a204-43ba-9493-377cef94f449,e2233413-cda5-4ef5-b8df-670690f74b06,0b9514d0-df14-4cb2-96f7-66a88144edf3,db6b31ce-1c0c-4728-abcd-c3f6d68467c4,7619809a-ea3b-4a3b-ad6f-d84bdffb9786,dd0d89e0-28ec-4fce-a39a-afadc639b807,49e1848d-584f-4cfd-9d91-3708bc10b099,d0e703c9-c972-4e72-ab5b-5e85d12e7ddb,59a4bdd5-072f-4682-9ce8-c2f126fb1594",f,,a61e2437-628b-43e7-a32c-f948290dbba9,a61e2437-628b-43e7-a32c-f948290dbba9,,2025-06-10 09:56:44.252881,2025-06-10 09:56:44.252881,distribution_media_history,hg_stock,distribution_media_history_20260822_080123,2026-08-22 08:01:40.05814
38912a1c-e430-42cf-aa78-2f9a1d734be0,b5bfce82-4d2c-4394-90d6-420c8f5e94ea,f,f,1,7,"","","211db165-a4e5-46fa-ae35-b3ce4970f396,4b130012-bca4-48d9-b677-a3bbac756669,52cea1c3-a193-411f-adb4-a6fbffe220eb,7657821d-0928-4099-92a1-2146097c66b0,bc1799a3-603f-4412-909a-1f0d9907f17c,db869e71-ba93-441b-a264-32c62f017853","","",f,,28353e9c-3722-4985-8df3-cde9e25d4fb7,28353e9c-3722-4985-8df3-cde9e25d4fb7,,2025-05-05 08:39:29.187561,2025-05-05 08:39:29.187561,distribution_media_history,hg_stock,distribution_media_history_20260822_080123,2026-08-22 08:01:40.05814
38912e2b-ffff-42e8-a0c2-18b7524c9612,8683ad38-c591-4145-ac66-48f83c6fe6d3,f,f,1,7,"","","48a1af96-5a7d-40d9-8ebe-4e3655f14e4b,7a389018-94d3-443d-9646-ed7b63117169,854cae12-c88d-4bb4-85cf-4ed044d8e963,be3902b4-f926-4850-ba31-f18b178b9d39","","",f,,,,,2025-05-05 08:38:23.418326,2025-05-05 08:38:23.418326,distribution_media_history,hg_stock,distribution_media_history_20260822_080123,2026-08-22 08:01:40.05814
3891e0d2-b8e6-4f43-86c2-4fa67043675b,61d84fb3-fa59-46c6-b6b3-cda874e0c82d,t,f,1,7,"","","10dca449-7beb-4901-a741-e919a6d93c1f,211db165-a4e5-46fa-ae35-b3ce4970f396,4b130012-bca4-48d9-b677-a3bbac756669,52cea1c3-a193-411f-adb4-a6fbffe220eb,7657821d-0928-4099-92a1-2146097c66b0,db869e71-ba93-441b-a264-32c62f017853","","",f,,c41ba303-9feb-435e-b7ff-03b053378986,c41ba303-9feb-435e-b7ff-03b053378986,,2025-05-05 08:37:53.11475,2025-05-05 08:37:53.11475,distribution_media_history,hg_stock,distribution_media_history_20260822_080123,2026-08-22 08:01:40.05814
3891ee2a-a198-46db-a78c-a607d0b53297,3ef436a0-2dbc-420a-add2-b2a23617bad7,t,f,1,7,"","","15b9cfe7-85ee-4d5c-910a-8dd18e3c08a8,211db165-a4e5-46fa-ae35-b3ce4970f396,270551e0-15db-4b4a-8bed-b0a9a3a44dff,4b130012-bca4-48d9-b677-a3bbac756669,5026b271-3ca4-475e-b42b-ecaef67294c8,52cea1c3-a193-411f-adb4-a6fbffe220eb,629885eb-65c4-4921-a300-3c618c8961e3,7657821d-0928-4099-92a1-2146097c66b0,7ad7d9b9-4600-4db5-a3a8-e7c243499008,ba826125-ec02-4f09-b0d4-9e4aeeb11c0a,db869e71-ba93-441b-a264-32c62f017853,df42ed2a-f2da-49a1-a4ea-36e358b59bee,fcdd5322-049e-4b50-aecf-593d36d18b8f","","",f,,,,,2025-05-05 08:36:56.497741,2025-05-05 08:36:56.497741,distribution_media_history,hg_stock,distribution_media_history_20260822_080123,2026-08-22 08:01:40.05814
3891ee83-4efd-4400-ad5c-68330bf9eb69,80e50ef1-619b-40ba-959c-773739e3e3a9,t,f,1,-1,"","","","","",f,40426437-1700-4d15-9c77-20ae094b2d3c,9a1fc915-e747-4aa4-a786-19c67cd5ea2e,9a1fc915-e747-4aa4-a786-19c67cd5ea2e,,2026-02-12 07:44:15.347218,2026-02-12 07:44:15.347218,distribution_media_history,hg_stock,distribution_media_history_20260822_080123,2026-08-22 08:01:40.05814
389130b0-95bd-433a-acec-f38bd71a9efe,3341eba4-3abc-45a4-af81-e5309d56c015,t,t,1,7,"","","","","04cee13a-69b0-41f1-b39c-889f9bd82938,17f48f51-7f38-41b0-a897-21f240726378,189d5957-a376-4804-9ac9-d3ac913f29b2,22c49afc-02e4-47e8-a4ab-9f0c0546ea68,3084841c-a70b-40d9-9edb-7aa498a50dc1,36298fa0-1ce7-4bae-8c41-db0a98d0341a,396221b9-cdc5-45b2-a79f-2d6de550fda9,3ee41b7a-96b5-4ab9-901b-3e0866188b6d,404f9125-d4c4-4da9-ad88-f829bb17ba62,489f9411-5f7e-4301-814a-60567e4e3e30,59113c8d-b24b-43e2-96f3-1eb18e9020bc,5c1b1d8f-d4a9-4a22-934a-43831e85d1e4,66cd6c10-7895-4502-937a-583c0d9ab692,7f65daf7-a4b7-4c1d-9b27-95a3e2321af0,7ffdacef-5d02-4aa8-b3d3-84c85d823164,83546f70-3b79-4803-a00d-d4d620662403,84a48d11-c91a-4704-984d-487c05e520f8,8664aefc-082d-45bf-997c-d7924cdc450f,8b53e647-7506-4329-8541-838a25dc90b3,988558f8-ab30-4768-aed0-ddcc6cb6b630,9f332297-3b6b-4a98-bcd8-bc8da41105dd,a45aa42c-5285-4ac5-8fe7-a51fbd5e1447,aa6908d1-4b4a-4472-8767-934000773385,b5793a82-9df0-404c-b478-a81c03ae4e6c,b5a513f2-8d65-4512-90c0-7fa3c7311a61,b7f0a1f8-0078-4361-a39c-609cbc0fa09c,bd408cb0-2cde-4b1a-b556-8da94c325e1c,c0cc4ed9-8760-4184-b93c-e698dfb46246,c4b978df-9107-4eb9-a678-e621c83f0e48,c6f97750-2e14-4bb0-8d48-6d7b75af9afb,d369fc61-1571-40e8-961b-70044ea493c5,de206049-f16b-4735-bac3-6af89517d5f6,e08f3c2d-0236-4fd0-8b86-d978d047ef93,ed0b4e25-e812-41ba-b50b-6963218c597f,ed44140b-5cc4-4d47-8ad1-afdb356aa44b,f335762b-0da1-428e-87a0-bec2dfa6b557,f475b91f-4997-46e8-9c30-f89c24d0a3bf,f601dbeb-2cae-4c86-9924-ce54abb0c3fb,fad1e7bc-99f8-4821-beff-abd4694d5006,feb6927d-ee9b-40fc-8897-54a2bef67493",f,"",3a9ff8c5-8923-4d19-a09e-2c8d79cc7c6f,3a9ff8c5-8923-4d19-a09e-2c8d79cc7c6f,,2025-08-09 07:55:12.186753,2025-08-09 07:55:12.186753,distribution_media_history,hg_stock,distribution_media_history_20260822_080123,2026-08-22 08:01:40.05814
3893593c-76c6-4ec2-92fc-65f5cf8a0703,6b244c03-2ef4-4964-9dcc-271d468de6a3,t,f,1,7,"","","","","",f,1cdbc000-1c24-485c-8e71-fb91a4d5fcb6,3a9ff8c5-8923-4d19-a09e-2c8d79cc7c6f,3a9ff8c5-8923-4d19-a09e-2c8d79cc7c6f,,2025-10-13 07:56:19.395536,2025-10-13 07:56:19.395536,distribution_media_history,hg_stock,distribution_media_history_20260822_080123,2026-08-22 08:01:40.05814
38935c1f-6651-4e49-a5be-3b5312311921,1b5b9603-4333-4de5-846f-480483d030ca,f,t,1,7,"",ea8c12ce-acd6-4556-8bb2-1d76aab6c7e9,"","","",f,,4cf4d8d0-959b-4d27-882a-ef1ce5b92241,4cf4d8d0-959b-4d27-882a-ef1ce5b92241,,2025-05-22 09:43:01.48139,2025-05-22 09:43:01.48139,distribution_media_history,hg_stock,distribution_media_history_20260822_080123,2026-08-22 08:01:40.05814
38935ee1-73c9-4240-8b35-e1fc802c359d,ac7b39d9-e938-4b6d-bbb0-f7cfbb642322,f,f,1,45,"","",bdd9d4f3-6a59-4a34-8087-8b6c644ced64,"","",f,"",229dc6f0-0c2f-42cc-8d32-7c3397e96194,229dc6f0-0c2f-42cc-8d32-7c3397e96194,,2025-11-07 02:29:39.275903,2025-11-07 02:29:39.275903,distribution_media_history,hg_stock,distribution_media_history_20260822_080123,2026-08-22 08:01:40.05814
38913c9a-5950-4131-98ee-1e86db2d3627,9aa221fc-aa53-4215-a32b-6fa8dcd881e6,t,t,1,7,"","","","","04cee13a-69b0-41f1-b39c-889f9bd82938,17f48f51-7f38-41b0-a897-21f240726378,189d5957-a376-4804-9ac9-d3ac913f29b2,22c49afc-02e4-47e8-a4ab-9f0c0546ea68,3084841c-a70b-40d9-9edb-7aa498a50dc1,36298fa0-1ce7-4bae-8c41-db0a98d0341a,396221b9-cdc5-45b2-a79f-2d6de550fda9,3ee41b7a-96b5-4ab9-901b-3e0866188b6d,404f9125-d4c4-4da9-ad88-f829bb17ba62,489f9411-5f7e-4301-814a-60567e4e3e30,59113c8d-b24b-43e2-96f3-1eb18e9020bc,66cd6c10-7895-4502-937a-583c0d9ab692,6fccedd4-9c2a-4b13-a908-32363d8ab09d,7f65daf7-a4b7-4c1d-9b27-95a3e2321af0,7ffdacef-5d02-4aa8-b3d3-84c85d823164,82ce273c-9538-45d9-bc55-81d4406d2896,83546f70-3b79-4803-a00d-d4d620662403,84a48d11-c91a-4704-984d-487c05e520f8,8664aefc-082d-45bf-997c-d7924cdc450f,8b53e647-7506-4329-8541-838a25dc90b3,93ab8008-587a-4a00-a78b-1ea011796b10,96fdf1dd-c29d-48c0-9942-b89777d4f662,980be853-40ae-403e-9dfb-e5a0644a55da,988558f8-ab30-4768-aed0-ddcc6cb6b630,a45aa42c-5285-4ac5-8fe7-a51fbd5e1447,aa6908d1-4b4a-4472-8767-934000773385,afe4ba65-c5e3-4bbb-9e23-6ccb370dc871,b5793a82-9df0-404c-b478-a81c03ae4e6c,bd408cb0-2cde-4b1a-b556-8da94c325e1c,c0cc4ed9-8760-4184-b93c-e698dfb46246,c6f97750-2e14-4bb0-8d48-6d7b75af9afb,cbc183a5-8bbf-4ef0-988c-7b542efb0f71,d369fc61-1571-40e8-961b-70044ea493c5,de206049-f16b-4735-bac3-6af89517d5f6,e07abf1a-e63a-4a79-8ed5-11dbd5b7268c,e08f3c2d-0236-4fd0-8b86-d978d047ef93,e5a984fb-9511-483f-9ca8-2624f19dffac,ed0b4e25-e812-41ba-b50b-6963218c597f,ed44140b-5cc4-4d47-8ad1-afdb356aa44b,eee97771-c2ef-426b-8c92-fde92d29fa00,f335762b-0da1-428e-87a0-bec2dfa6b557,f475b91f-4997-46e8-9c30-f89c24d0a3bf,f601dbeb-2cae-4c86-9924-ce54abb0c3fb,fa2d090f-99ed-4048-bc02-56e323844e79,fad1e7bc-99f8-4821-beff-abd4694d5006,fd42dc28-9ff0-4379-8e65-fbca6f35de60,feb6927d-ee9b-40fc-8897-54a2bef67493",f,,3a9ff8c5-8923-4d19-a09e-2c8d79cc7c6f,3a9ff8c5-8923-4d19-a09e-2c8d79cc7c6f,,2025-07-18 07:55:08.184427,2025-07-18 07:55:08.184427,distribution_media_history,hg_stock,distribution_media_history_20260822_080123,2026-08-22 08:01:40.05814
3891486e-2b41-4065-bd3a-f5762b343d16,2eb7093e-28e2-4021-9561-660310bc6a52,f,f,1,7,45520993-f51a-4995-a455-758e938357c8,"","","","",f,,0200161a-5f5d-40f7-94d8-e0584d9d2831,0200161a-5f5d-40f7-94d8-e0584d9d2831,,2025-07-30 03:53:40.218215,2025-07-30 03:53:40.218215,distribution_media_history,hg_stock,distribution_media_history_20260822_080123,2026-08-22 08:01:40.05814
389148bd-e2e1-4e27-934d-98c54a81de42,293ce974-cc6d-497c-9526-077df898536a,f,f,1,7,"","","48a1af96-5a7d-40d9-8ebe-4e3655f14e4b,7a389018-94d3-443d-9646-ed7b63117169,854cae12-c88d-4bb4-85cf-4ed044d8e963,be3902b4-f926-4850-ba31-f18b178b9d39,f30dad8c-85eb-43c2-a375-5d3fe9ff31ce,f5a4dab5-df91-4776-9a1f-1c2e1ed7ce8b","","",f,,dd41b60b-e690-4c86-9e3e-d6f3700910e2,dd41b60b-e690-4c86-9e3e-d6f3700910e2,,2025-05-05 08:36:37.736864,2025-05-05 08:36:37.736864,distribution_media_history,hg_stock,distribution_media_history_20260822_080123,2026-08-22 08:01:40.05814
38914cfc-9ae7-4a9f-a4c2-0bcf7cc7583f,f02830cd-6835-4973-af92-41011fdb66ed,t,f,1,7,"","","15b9cfe7-85ee-4d5c-910a-8dd18e3c08a8,211db165-a4e5-46fa-ae35-b3ce4970f396,270551e0-15db-4b4a-8bed-b0a9a3a44dff,4b130012-bca4-48d9-b677-a3bbac756669,5026b271-3ca4-475e-b42b-ecaef67294c8,52cea1c3-a193-411f-adb4-a6fbffe220eb,629885eb-65c4-4921-a300-3c618c8961e3,7657821d-0928-4099-92a1-2146097c66b0,7ad7d9b9-4600-4db5-a3a8-e7c243499008,ba826125-ec02-4f09-b0d4-9e4aeeb11c0a,db869e71-ba93-441b-a264-32c62f017853,df42ed2a-f2da-49a1-a4ea-36e358b59bee,fcdd5322-049e-4b50-aecf-593d36d18b8f","","",f,,,,,2025-05-05 08:40:25.733687,2025-05-05 08:40:25.733687,distribution_media_history,hg_stock,distribution_media_history_20260822_080123,2026-08-22 08:01:40.05814
3891544e-0d4a-4818-b478-c8c0a379e327,8b77b87f-9eef-432c-bc4d-12392d71a6fe,f,t,1,7,"","","","d0f15796-9c82-4177-9ed7-36d41b4ef5df,6547b7c7-8941-4e52-915d-ec0e2244eba3","",f,,229dc6f0-0c2f-42cc-8d32-7c3397e96194,229dc6f0-0c2f-42cc-8d32-7c3397e96194,,2025-05-23 07:34:04.993112,2025-05-23 07:34:04.993112,distribution_media_history,hg_stock,distribution_media_history_20260822_080123,2026-08-22 08:01:40.05814
38915502-1277-4023-874c-5537df5757b4,150686b6-e80e-4c99-b31d-5e0647cb97a1,f,t,1,7,"","","","","0f765cb9-0d18-4f74-8660-46b3abfb3dec,1f8fc573-9e67-4351-93a6-85af17adacb8,5bb33678-ccd3-4b18-a4a8-443ed417872a,d3458193-dbca-4771-a807-0fbc74b02607,dc4363f3-47bf-417d-bf6c-87ec7b129a23",t,"",08ff8bf8-5bbe-4975-a42e-12774c1d1c18,08ff8bf8-5bbe-4975-a42e-12774c1d1c18,,2025-08-28 05:50:16.939899,2025-08-28 05:50:16.939899,distribution_media_history,hg_stock,distribution_media_history_20260822_080123,2026-08-22 08:01:40.05814
38916598-97e5-4016-b63d-7f9117efb3b4,962bea51-7760-42ad-a266-779517779ff9,t,f,1,7,"","","15b9cfe7-85ee-4d5c-910a-8dd18e3c08a8,211db165-a4e5-46fa-ae35-b3ce4970f396,270551e0-15db-4b4a-8bed-b0a9a3a44dff,4b130012-bca4-48d9-b677-a3bbac756669,5026b271-3ca4-475e-b42b-ecaef67294c8,52cea1c3-a193-411f-adb4-a6fbffe220eb,629885eb-65c4-4921-a300-3c618c8961e3,7657821d-0928-4099-92a1-2146097c66b0,7ad7d9b9-4600-4db5-a3a8-e7c243499008,ba826125-ec02-4f09-b0d4-9e4aeeb11c0a,db869e71-ba93-441b-a264-32c62f017853,df42ed2a-f2da-49a1-a4ea-36e358b59bee,fcdd5322-049e-4b50-aecf-593d36d18b8f","","",f,,,,,2025-05-05 08:39:01.529181,2025-05-05 08:39:01.529181,distribution_media_history,hg_stock,distribution_media_history_20260822_080123,2026-08-22 08:01:40.05814
3891ef09-6153-4745-948b-6303a86adc7d,8f3be975-b54f-4420-b6e5-37b60547e327,f,f,1,90,"","","","","",t,"1190b645-1f41-44cb-8680-5726382adcc2,de337a89-766b-4121-bf74-03703fbc9236",358dceb1-c1b0-46b9-a24f-c1b6a7fdb2dd,358dceb1-c1b0-46b9-a24f-c1b6a7fdb2dd,,2026-03-18 15:04:44.532257,2026-03-18 15:04:44.532257,distribution_media_history,hg_stock,distribution_media_history_20260822_080123,2026-08-22 08:01:40.05814
3891fa19-b6a0-41e0-bf78-fdc49de719c3,d198e65f-0252-488b-ae5f-c94413073756,t,f,1,7,"","","15b9cfe7-85ee-4d5c-910a-8dd18e3c08a8,211db165-a4e5-46fa-ae35-b3ce4970f396,270551e0-15db-4b4a-8bed-b0a9a3a44dff,4b130012-bca4-48d9-b677-a3bbac756669,5026b271-3ca4-475e-b42b-ecaef67294c8,52cea1c3-a193-411f-adb4-a6fbffe220eb,629885eb-65c4-4921-a300-3c618c8961e3,7657821d-0928-4099-92a1-2146097c66b0,7ad7d9b9-4600-4db5-a3a8-e7c243499008,ba826125-ec02-4f09-b0d4-9e4aeeb11c0a,db869e71-ba93-441b-a264-32c62f017853,df42ed2a-f2da-49a1-a4ea-36e358b59bee,fcdd5322-049e-4b50-aecf-593d36d18b8f","","",f,,,,,2025-05-05 08:39:56.630272,2025-05-05 08:39:56.630272,distribution_media_history,hg_stock,distribution_media_history_20260822_080123,2026-08-22 08:01:40.05814
389202af-f349-4891-a3ff-a0f8ee723c61,b7ad4781-731c-4067-8ea7-ce7ee16a35da,f,f,1,7,"","","",6547b7c7-8941-4e52-915d-ec0e2244eba3,"",f,,229dc6f0-0c2f-42cc-8d32-7c3397e96194,229dc6f0-0c2f-42cc-8d32-7c3397e96194,,2025-07-14 03:15:08.098098,2025-07-14 03:15:08.098098,distribution_media_history,hg_stock,distribution_media_history_20260822_080123,2026-08-22 08:01:40.05814
38916968-f483-465f-9ba3-d2a833978a80,f3d038e9-18d8-4adf-acc2-b47f5e38e5db,t,f,0,7,"","","","","189d5957-a376-4804-9ac9-d3ac913f29b2,ed44140b-5cc4-4d47-8ad1-afdb356aa44b,3ee41b7a-96b5-4ab9-901b-3e0866188b6d,feb6927d-ee9b-40fc-8897-54a2bef67493,04cee13a-69b0-41f1-b39c-889f9bd82938,396221b9-cdc5-45b2-a79f-2d6de550fda9,7ffdacef-5d02-4aa8-b3d3-84c85d823164,f475b91f-4997-46e8-9c30-f89c24d0a3bf,988558f8-ab30-4768-aed0-ddcc6cb6b630,36298fa0-1ce7-4bae-8c41-db0a98d0341a,b5793a82-9df0-404c-b478-a81c03ae4e6c,f335762b-0da1-428e-87a0-bec2dfa6b557,eee97771-c2ef-426b-8c92-fde92d29fa00,7f65daf7-a4b7-4c1d-9b27-95a3e2321af0,59113c8d-b24b-43e2-96f3-1eb18e9020bc,ed0b4e25-e812-41ba-b50b-6963218c597f,84a48d11-c91a-4704-984d-487c05e520f8,aa6908d1-4b4a-4472-8767-934000773385,489f9411-5f7e-4301-814a-60567e4e3e30,3084841c-a70b-40d9-9edb-7aa498a50dc1,bd408cb0-2cde-4b1a-b556-8da94c325e1c,82ce273c-9538-45d9-bc55-81d4406d2896,de206049-f16b-4735-bac3-6af89517d5f6,404f9125-d4c4-4da9-ad88-f829bb17ba62,a45aa42c-5285-4ac5-8fe7-a51fbd5e1447,8664aefc-082d-45bf-997c-d7924cdc450f,afe4ba65-c5e3-4bbb-9e23-6ccb370dc871,83546f70-3b79-4803-a00d-d4d620662403,66cd6c10-7895-4502-937a-583c0d9ab692,980be853-40ae-403e-9dfb-e5a0644a55da,8b53e647-7506-4329-8541-838a25dc90b3,22c49afc-02e4-47e8-a4ab-9f0c0546ea68,17f48f51-7f38-41b0-a897-21f240726378,d369fc61-1571-40e8-961b-70044ea493c5,6fccedd4-9c2a-4b13-a908-32363d8ab09d,fa2d090f-99ed-4048-bc02-56e323844e79,c6f97750-2e14-4bb0-8d48-6d7b75af9afb,cbc183a5-8bbf-4ef0-988c-7b542efb0f71,e07abf1a-e63a-4a79-8ed5-11dbd5b7268c,f601dbeb-2cae-4c86-9924-ce54abb0c3fb,e08f3c2d-0236-4fd0-8b86-d978d047ef93,c0cc4ed9-8760-4184-b93c-e698dfb46246",f,,3a9ff8c5-8923-4d19-a09e-2c8d79cc7c6f,3a9ff8c5-8923-4d19-a09e-2c8d79cc7c6f,,2025-06-17 04:56:53.608498,2025-06-17 04:56:53.608498,distribution_media_history,hg_stock,distribution_media_history_20260822_080123,2026-08-22 08:01:40.05814
38916b8a-98a4-47a3-9fd8-9c980be8f7ef,294e3a78-0336-47e9-ac3f-d4dbc4412f64,f,t,1,7,"","",63559f7f-03f8-427f-b855-ce36aac29f9c,"","",f,,229dc6f0-0c2f-42cc-8d32-7c3397e96194,229dc6f0-0c2f-42cc-8d32-7c3397e96194,,2025-05-13 03:42:36.057789,2025-05-13 03:42:36.057789,distribution_media_history,hg_stock,distribution_media_history_20260822_080123,2026-08-22 08:01:40.05814
38916f43-05f4-4bbb-91d3-1dc41adc76b3,0a735ca8-90d2-46d9-8fa0-49b40a299378,f,f,1,45,"","",bdd9d4f3-6a59-4a34-8087-8b6c644ced64,"","",f,"",229dc6f0-0c2f-42cc-8d32-7c3397e96194,229dc6f0-0c2f-42cc-8d32-7c3397e96194,,2025-11-07 03:32:33.01265,2025-11-07 03:32:33.01265,distribution_media_history,hg_stock,distribution_media_history_20260822_080123,2026-08-22 08:01:40.05814
38917d0f-526a-474d-bd3c-47e6734b1d30,2715bdfb-0d0c-41ee-985f-2002a9bb00c3,f,t,1,7,"","63223140-0dc1-4205-af3c-00d575dd5b25,896a0e8f-dd04-4b61-89be-9e619580e1cd,783b427c-0649-4204-b7f6-c19df6388dc8,9a9b6e41-0abe-4075-8bdf-07ba73905c57,da8f995c-f243-45d1-9b29-509479df816d,1f8bf461-6166-4428-a336-62fb6b702eb8,c86c1dc6-a2e5-427c-8d08-2d9ada174598,ffaa2385-0c7a-4d09-9acb-1fa0fbae3175","","","",f,,229dc6f0-0c2f-42cc-8d32-7c3397e96194,229dc6f0-0c2f-42cc-8d32-7c3397e96194,,2025-05-12 04:09:51.670277,2025-05-12 04:09:51.670277,distribution_media_history,hg_stock,distribution_media_history_20260822_080123,2026-08-22 08:01:40.05814
38936e62-b959-48b3-9db9-8435b37564d2,23ab8bdd-7ee7-4b6d-a7d4-b58c445e4abe,f,f,1,7,"","","48a1af96-5a7d-40d9-8ebe-4e3655f14e4b,7a389018-94d3-443d-9646-ed7b63117169,854cae12-c88d-4bb4-85cf-4ed044d8e963,be3902b4-f926-4850-ba31-f18b178b9d39,f30dad8c-85eb-43c2-a375-5d3fe9ff31ce,f5a4dab5-df91-4776-9a1f-1c2e1ed7ce8b","","",f,,,,,2025-05-05 08:36:31.244503,2025-05-05 08:36:31.244503,distribution_media_history,hg_stock,distribution_media_history_20260822_080123,2026-08-22 08:01:40.05814
3894b8fd-0b96-4f96-ba9b-9a8d82ef2fe9,a99e2606-c160-494b-bb71-ff7f38508252,f,f,1,-1,ae0b1e4f-25ee-477b-9b8f-d8e66f1c1b95,"","",87126131-51a3-46a3-b4ac-2ec2cce25711,"",f,"",229dc6f0-0c2f-42cc-8d32-7c3397e96194,229dc6f0-0c2f-42cc-8d32-7c3397e96194,,2026-04-20 11:02:56.832991,2026-04-20 11:02:56.832991,distribution_media_history,hg_stock,distribution_media_history_20260822_080123,2026-08-22 08:01:40.05814
38918572-c850-49f4-808a-780b19ac1ec8,2ae1e595-e156-4273-ae56-566e622ea8e1,t,f,1,7,"","","","","04cee13a-69b0-41f1-b39c-889f9bd82938,17f48f51-7f38-41b0-a897-21f240726378,189d5957-a376-4804-9ac9-d3ac913f29b2,22c49afc-02e4-47e8-a4ab-9f0c0546ea68,3084841c-a70b-40d9-9edb-7aa498a50dc1,36298fa0-1ce7-4bae-8c41-db0a98d0341a,396221b9-cdc5-45b2-a79f-2d6de550fda9,3ee41b7a-96b5-4ab9-901b-3e0866188b6d,404f9125-d4c4-4da9-ad88-f829bb17ba62,489f9411-5f7e-4301-814a-60567e4e3e30,59113c8d-b24b-43e2-96f3-1eb18e9020bc,5c1b1d8f-d4a9-4a22-934a-43831e85d1e4,66cd6c10-7895-4502-937a-583c0d9ab692,7f65daf7-a4b7-4c1d-9b27-95a3e2321af0,7ffdacef-5d02-4aa8-b3d3-84c85d823164,82ce273c-9538-45d9-bc55-81d4406d2896,83546f70-3b79-4803-a00d-d4d620662403,84a48d11-c91a-4704-984d-487c05e520f8,8664aefc-082d-45bf-997c-d7924cdc450f,8b53e647-7506-4329-8541-838a25dc90b3,988558f8-ab30-4768-aed0-ddcc6cb6b630,9f332297-3b6b-4a98-bcd8-bc8da41105dd,a45aa42c-5285-4ac5-8fe7-a51fbd5e1447,aa6908d1-4b4a-4472-8767-934000773385,b5793a82-9df0-404c-b478-a81c03ae4e6c,b5a513f2-8d65-4512-90c0-7fa3c7311a61,b7f0a1f8-0078-4361-a39c-609cbc0fa09c,bd408cb0-2cde-4b1a-b556-8da94c325e1c,c0cc4ed9-8760-4184-b93c-e698dfb46246,c4b978df-9107-4eb9-a678-e621c83f0e48,c6f97750-2e14-4bb0-8d48-6d7b75af9afb,d369fc61-1571-40e8-961b-70044ea493c5,de206049-f16b-4735-bac3-6af89517d5f6,e08f3c2d-0236-4fd0-8b86-d978d047ef93,ed0b4e25-e812-41ba-b50b-6963218c597f,ed44140b-5cc4-4d47-8ad1-afdb356aa44b,f335762b-0da1-428e-87a0-bec2dfa6b557,f475b91f-4997-46e8-9c30-f89c24d0a3bf,f601dbeb-2cae-4c86-9924-ce54abb0c3fb,fad1e7bc-99f8-4821-beff-abd4694d5006,feb6927d-ee9b-40fc-8897-54a2bef67493",f,,3a9ff8c5-8923-4d19-a09e-2c8d79cc7c6f,3a9ff8c5-8923-4d19-a09e-2c8d79cc7c6f,,2025-07-30 09:47:10.550139,2025-07-30 09:47:10.550139,distribution_media_history,hg_stock,distribution_media_history_20260822_080123,2026-08-22 08:01:40.05814
38918d2c-80b9-4f39-8f88-1cd6b462341c,1e813aee-aba8-418d-a253-8a58185ea80a,f,f,1,0,"","","","","",f,1190b645-1f41-44cb-8680-5726382adcc2,358dceb1-c1b0-46b9-a24f-c1b6a7fdb2dd,358dceb1-c1b0-46b9-a24f-c1b6a7fdb2dd,,2026-03-03 10:47:39.277013,2026-03-03 10:47:39.277013,distribution_media_history,hg_stock,distribution_media_history_20260822_080123,2026-08-22 08:01:40.05814
3891bc43-5ca2-4f8b-8751-7ee9150524d1,ae213737-1698-49d3-b2a8-af5744abb1d7,f,f,1,7,"","","0749da15-f004-4cad-8a3f-26ebdf77e84c,211db165-a4e5-46fa-ae35-b3ce4970f396","","",f,,2099dd54-4dec-48bc-a683-6ecbc6dc2bfc,2099dd54-4dec-48bc-a683-6ecbc6dc2bfc,,2025-05-05 08:39:16.083854,2025-05-05 08:39:16.083854,distribution_media_history,hg_stock,distribution_media_history_20260822_080123,2026-08-22 08:01:40.05814
3891c7ea-6eef-491a-b2f5-4804eb97d034,a94cd057-828c-4bd4-975f-199593a47a23,f,f,1,90,"","","",701fd0d3-ff09-423e-a42b-af88f38ddf89,"",f,"",229dc6f0-0c2f-42cc-8d32-7c3397e96194,229dc6f0-0c2f-42cc-8d32-7c3397e96194,,2026-04-17 01:51:10.51281,2026-04-17 01:51:10.51281,distribution_media_history,hg_stock,distribution_media_history_20260822_080123,2026-08-22 08:01:40.05814
3891c897-befa-493c-b7d7-431e40b3a2c4,1c416aea-797e-4e16-b7e8-6d057957953a,t,f,1,7,"","","15b9cfe7-85ee-4d5c-910a-8dd18e3c08a8,211db165-a4e5-46fa-ae35-b3ce4970f396,270551e0-15db-4b4a-8bed-b0a9a3a44dff,469f562c-a07c-4e5e-9294-ca2b7f3e96c5,4b130012-bca4-48d9-b677-a3bbac756669,5026b271-3ca4-475e-b42b-ecaef67294c8,52cea1c3-a193-411f-adb4-a6fbffe220eb,629885eb-65c4-4921-a300-3c618c8961e3,7657821d-0928-4099-92a1-2146097c66b0,7ad7d9b9-4600-4db5-a3a8-e7c243499008,ba826125-ec02-4f09-b0d4-9e4aeeb11c0a,db869e71-ba93-441b-a264-32c62f017853,df42ed2a-f2da-49a1-a4ea-36e358b59bee,fcdd5322-049e-4b50-aecf-593d36d18b8f","","",f,,,,,2025-05-05 08:36:25.285794,2025-05-05 08:36:25.285794,distribution_media_history,hg_stock,distribution_media_history_20260822_080123,2026-08-22 08:01:40.05814
3891cbaf-402b-4de6-a25a-7aad37d6f81d,d43278db-5b75-4c66-b57c-a9e18957191f,f,f,1,0,"","","","","",f,1190b645-1f41-44cb-8680-5726382adcc2,358dceb1-c1b0-46b9-a24f-c1b6a7fdb2dd,358dceb1-c1b0-46b9-a24f-c1b6a7fdb2dd,,2026-03-03 08:31:36.785621,2026-03-03 08:31:36.785621,distribution_media_history,hg_stock,distribution_media_history_20260822_080123,2026-08-22 08:01:40.05814
38936fd4-2188-4239-968e-b8cdba0aefe0,79b88e84-2dd5-481d-8e4d-b4854e5c83c1,t,f,1,7,"","","15b9cfe7-85ee-4d5c-910a-8dd18e3c08a8,211db165-a4e5-46fa-ae35-b3ce4970f396,270551e0-15db-4b4a-8bed-b0a9a3a44dff,469f562c-a07c-4e5e-9294-ca2b7f3e96c5,4b130012-bca4-48d9-b677-a3bbac756669,5026b271-3ca4-475e-b42b-ecaef67294c8,52cea1c3-a193-411f-adb4-a6fbffe220eb,629885eb-65c4-4921-a300-3c618c8961e3,7657821d-0928-4099-92a1-2146097c66b0,7ad7d9b9-4600-4db5-a3a8-e7c243499008,ba826125-ec02-4f09-b0d4-9e4aeeb11c0a,db869e71-ba93-441b-a264-32c62f017853,df42ed2a-f2da-49a1-a4ea-36e358b59bee,fcdd5322-049e-4b50-aecf-593d36d18b8f","","",f,,f2a980c9-152a-499a-83fe-f14c177b62d7,f2a980c9-152a-499a-83fe-f14c177b62d7,,2025-05-05 08:38:09.069099,2025-05-05 08:38:09.069099,distribution_media_history,hg_stock,distribution_media_history_20260822_080123,2026-08-22 08:01:40.05814
38937597-5921-45b0-b264-390b9fd565ff,d1638e52-0969-4c28-87f5-adde15b8c65c,f,f,1,-1,"2041f929-23a3-46e5-a83b-4f2315ee8970,4b0353f5-de37-4217-b0bc-c7cb98613fe8,9503c334-612a-42e3-a6ee-34e19fb88b3e","","",40885a7b-f9f9-4541-abc8-6fdcda2ba048,"",f,"",c47f3399-05a0-4073-8685-89972808f783,c47f3399-05a0-4073-8685-89972808f783,,2026-05-12 08:49:07.216618,2026-05-12 08:49:07.216618,distribution_media_history,hg_stock,distribution_media_history_20260822_080123,2026-08-22 08:01:40.05814
3893857d-db01-4c61-af4f-73b50c5bac7b,0832aa0d-bad9-483a-91f1-2372ec515b73,f,f,1,14,"","","","",ef034dde-223d-4d8d-ba7d-dd77d61ae980,f,"",4cf4d8d0-959b-4d27-882a-ef1ce5b92241,4cf4d8d0-959b-4d27-882a-ef1ce5b92241,,2025-10-23 07:39:07.314838,2025-10-23 07:39:07.314838,distribution_media_history,hg_stock,distribution_media_history_20260822_080123,2026-08-22 08:01:40.05814
3893a476-412a-4e1f-a833-dbf8035e317a,7d21e7df-f8e1-4a0e-8bd9-4dd2c79ecbe3,f,f,1,30,"","","","",f1bfd6b9-b3b3-46eb-ab4b-491ef8e3f6a9,f,"",3a67bc3d-1077-4be0-9f5a-846a08f8c71b,3a67bc3d-1077-4be0-9f5a-846a08f8c71b,,2025-10-30 08:08:14.000337,2025-10-30 08:08:14.000337,distribution_media_history,hg_stock,distribution_media_history_20260822_080123,2026-08-22 08:01:40.05814
389205c7-c9d5-4ef3-aab8-545b0d8d0ef2,86b57323-686f-4341-9747-f65a5efcb530,t,f,1,7,"","","","","04cee13a-69b0-41f1-b39c-889f9bd82938,17f48f51-7f38-41b0-a897-21f240726378,189d5957-a376-4804-9ac9-d3ac913f29b2,22c49afc-02e4-47e8-a4ab-9f0c0546ea68,3084841c-a70b-40d9-9edb-7aa498a50dc1,36298fa0-1ce7-4bae-8c41-db0a98d0341a,396221b9-cdc5-45b2-a79f-2d6de550fda9,3ee41b7a-96b5-4ab9-901b-3e0866188b6d,404f9125-d4c4-4da9-ad88-f829bb17ba62,489f9411-5f7e-4301-814a-60567e4e3e30,59113c8d-b24b-43e2-96f3-1eb18e9020bc,5c1b1d8f-d4a9-4a22-934a-43831e85d1e4,66cd6c10-7895-4502-937a-583c0d9ab692,6fccedd4-9c2a-4b13-a908-32363d8ab09d,7f65daf7-a4b7-4c1d-9b27-95a3e2321af0,7ffdacef-5d02-4aa8-b3d3-84c85d823164,82ce273c-9538-45d9-bc55-81d4406d2896,83546f70-3b79-4803-a00d-d4d620662403,84a48d11-c91a-4704-984d-487c05e520f8,8664aefc-082d-45bf-997c-d7924cdc450f,8b53e647-7506-4329-8541-838a25dc90b3,980be853-40ae-403e-9dfb-e5a0644a55da,988558f8-ab30-4768-aed0-ddcc6cb6b630,a45aa42c-5285-4ac5-8fe7-a51fbd5e1447,aa6908d1-4b4a-4472-8767-934000773385,b5793a82-9df0-404c-b478-a81c03ae4e6c,bd408cb0-2cde-4b1a-b556-8da94c325e1c,c0cc4ed9-8760-4184-b93c-e698dfb46246,c6f97750-2e14-4bb0-8d48-6d7b75af9afb,cbc183a5-8bbf-4ef0-988c-7b542efb0f71,d369fc61-1571-40e8-961b-70044ea493c5,de206049-f16b-4735-bac3-6af89517d5f6,e07abf1a-e63a-4a79-8ed5-11dbd5b7268c,e08f3c2d-0236-4fd0-8b86-d978d047ef93,e5a984fb-9511-483f-9ca8-2624f19dffac,ed0b4e25-e812-41ba-b50b-6963218c597f,ed44140b-5cc4-4d47-8ad1-afdb356aa44b,f335762b-0da1-428e-87a0-bec2dfa6b557,f475b91f-4997-46e8-9c30-f89c24d0a3bf,f601dbeb-2cae-4c86-9924-ce54abb0c3fb,fa2d090f-99ed-4048-bc02-56e323844e79,fad1e7bc-99f8-4821-beff-abd4694d5006,fd42dc28-9ff0-4379-8e65-fbca6f35de60,feb6927d-ee9b-40fc-8897-54a2bef67493",f,,3a9ff8c5-8923-4d19-a09e-2c8d79cc7c6f,3a9ff8c5-8923-4d19-a09e-2c8d79cc7c6f,,2025-07-30 03:07:46.734229,2025-07-30 03:07:46.734229,distribution_media_history,hg_stock,distribution_media_history_20260822_080123,2026-08-22 08:01:40.05814
3892115c-6ee9-4b17-85de-9b74eb916cec,05dd9d71-73bb-4793-881f-dc12977f3939,f,f,1,-1,"","","","","",t,"18f67935-ab50-426d-94ae-193baba290f1,29eb4139-ca88-46c5-a469-8ca26d5548e3,45367ab4-4904-4e20-89bc-090f31a21ff6,49516e4b-b002-45fc-a144-1c06a551dddb,73fa0db2-0f3b-4302-b05f-687cfa780c0b,79c5a82d-e1d1-49ea-8593-08cc72f52e86,bd7eb259-1e75-4523-be0a-87857700eaab",c4b28be5-e3a3-400b-a946-c94bf1ecfec3,c4b28be5-e3a3-400b-a946-c94bf1ecfec3,,2026-06-01 08:55:49.115546,2026-06-01 08:55:49.115546,distribution_media_history,hg_stock,distribution_media_history_20260822_080123,2026-08-22 08:01:40.05814
38922f84-6fed-4681-bfd5-c710a48f7912,a5e7edb6-4c1b-4b54-9802-17596b9ccb85,t,t,1,7,"","","","","04cee13a-69b0-41f1-b39c-889f9bd82938,17f48f51-7f38-41b0-a897-21f240726378,189d5957-a376-4804-9ac9-d3ac913f29b2,22c49afc-02e4-47e8-a4ab-9f0c0546ea68,3084841c-a70b-40d9-9edb-7aa498a50dc1,36298fa0-1ce7-4bae-8c41-db0a98d0341a,396221b9-cdc5-45b2-a79f-2d6de550fda9,3ee41b7a-96b5-4ab9-901b-3e0866188b6d,404f9125-d4c4-4da9-ad88-f829bb17ba62,489f9411-5f7e-4301-814a-60567e4e3e30,59113c8d-b24b-43e2-96f3-1eb18e9020bc,66cd6c10-7895-4502-937a-583c0d9ab692,6fccedd4-9c2a-4b13-a908-32363d8ab09d,7f65daf7-a4b7-4c1d-9b27-95a3e2321af0,7ffdacef-5d02-4aa8-b3d3-84c85d823164,82ce273c-9538-45d9-bc55-81d4406d2896,83546f70-3b79-4803-a00d-d4d620662403,84a48d11-c91a-4704-984d-487c05e520f8,8664aefc-082d-45bf-997c-d7924cdc450f,8b53e647-7506-4329-8541-838a25dc90b3,980be853-40ae-403e-9dfb-e5a0644a55da,988558f8-ab30-4768-aed0-ddcc6cb6b630,a45aa42c-5285-4ac5-8fe7-a51fbd5e1447,aa6908d1-4b4a-4472-8767-934000773385,afe4ba65-c5e3-4bbb-9e23-6ccb370dc871,b5793a82-9df0-404c-b478-a81c03ae4e6c,bd408cb0-2cde-4b1a-b556-8da94c325e1c,c0cc4ed9-8760-4184-b93c-e698dfb46246,c6f97750-2e14-4bb0-8d48-6d7b75af9afb,cbc183a5-8bbf-4ef0-988c-7b542efb0f71,d369fc61-1571-40e8-961b-70044ea493c5,de206049-f16b-4735-bac3-6af89517d5f6,e07abf1a-e63a-4a79-8ed5-11dbd5b7268c,e08f3c2d-0236-4fd0-8b86-d978d047ef93,e5a984fb-9511-483f-9ca8-2624f19dffac,ed0b4e25-e812-41ba-b50b-6963218c597f,ed44140b-5cc4-4d47-8ad1-afdb356aa44b,eee97771-c2ef-426b-8c92-fde92d29fa00,f335762b-0da1-428e-87a0-bec2dfa6b557,f475b91f-4997-46e8-9c30-f89c24d0a3bf,f601dbeb-2cae-4c86-9924-ce54abb0c3fb,fa2d090f-99ed-4048-bc02-56e323844e79,fad1e7bc-99f8-4821-beff-abd4694d5006,fd42dc28-9ff0-4379-8e65-fbca6f35de60,feb6927d-ee9b-40fc-8897-54a2bef67493",f,,3a9ff8c5-8923-4d19-a09e-2c8d79cc7c6f,3a9ff8c5-8923-4d19-a09e-2c8d79cc7c6f,,2025-06-28 07:48:00.251421,2025-06-28 07:48:00.251421,distribution_media_history,hg_stock,distribution_media_history_20260822_080123,2026-08-22 08:01:40.05814
3892341f-28be-4811-bd38-3180c3643cdf,4eede3b9-a382-4035-b849-20d76e72a64d,f,f,1,90,"","","","","",t,"1190b645-1f41-44cb-8680-5726382adcc2,de337a89-766b-4121-bf74-03703fbc9236",358dceb1-c1b0-46b9-a24f-c1b6a7fdb2dd,358dceb1-c1b0-46b9-a24f-c1b6a7fdb2dd,,2026-03-18 15:05:52.924323,2026-03-18 15:05:52.924323,distribution_media_history,hg_stock,distribution_media_history_20260822_080123,2026-08-22 08:01:40.05814
389252d0-70a4-4be1-8790-53a638a08bba,cd02c1dd-0bde-4012-bd0a-aa666cd2477e,f,f,1,90,"","","",87126131-51a3-46a3-b4ac-2ec2cce25711,"",f,"",229dc6f0-0c2f-42cc-8d32-7c3397e96194,229dc6f0-0c2f-42cc-8d32-7c3397e96194,,2026-04-20 04:55:46.370357,2026-04-20 04:55:46.370357,distribution_media_history,hg_stock,distribution_media_history_20260822_080123,2026-08-22 08:01:40.05814
38925c78-6cf6-4f04-aa89-9b4fde63d098,c70622e8-3054-41d4-8f14-3e97c9a1d643,f,f,1,90,"","","","","",f,1190b645-1f41-44cb-8680-5726382adcc2,358dceb1-c1b0-46b9-a24f-c1b6a7fdb2dd,358dceb1-c1b0-46b9-a24f-c1b6a7fdb2dd,,2026-03-04 05:06:02.300115,2026-03-04 05:06:02.300115,distribution_media_history,hg_stock,distribution_media_history_20260822_080123,2026-08-22 08:01:40.05814
3892715b-8b2c-4579-8db3-67b3b5f989fc,0c90357e-027a-4bb1-9134-10ec185d3c60,f,f,1,7,"","",bdd9d4f3-6a59-4a34-8087-8b6c644ced64,"","",f,"",229dc6f0-0c2f-42cc-8d32-7c3397e96194,229dc6f0-0c2f-42cc-8d32-7c3397e96194,,2026-01-27 09:21:30.722722,2026-01-27 09:21:30.722722,distribution_media_history,hg_stock,distribution_media_history_20260822_080123,2026-08-22 08:01:40.05814
38927855-23cb-490c-b6b3-f8697c25e3bb,d295de91-3a4b-4a36-a58c-461e00843e1c,f,f,1,7,"","","","","",f,0cbab918-7150-401e-9b98-dfda7442a156,a61e2437-628b-43e7-a32c-f948290dbba9,a61e2437-628b-43e7-a32c-f948290dbba9,,2025-09-27 03:45:00.362069,2025-09-27 03:45:00.362069,distribution_media_history,hg_stock,distribution_media_history_20260822_080123,2026-08-22 08:01:40.05814
38929130-d730-4fe2-9bf6-8d8b7f6dd957,d405da07-d13b-433f-91a7-def23d7b6d5d,f,f,1,45,"","",bdd9d4f3-6a59-4a34-8087-8b6c644ced64,"","",f,"",229dc6f0-0c2f-42cc-8d32-7c3397e96194,229dc6f0-0c2f-42cc-8d32-7c3397e96194,,2025-11-07 03:32:33.007255,2025-11-07 03:32:33.007255,distribution_media_history,hg_stock,distribution_media_history_20260822_080123,2026-08-22 08:01:40.05814
38929db1-2ed3-4ae4-adc7-6dd395fefd65,10f009ca-1314-43ef-937d-d307429f4a95,f,f,1,90,"","","","","",t,"1190b645-1f41-44cb-8680-5726382adcc2,810a971a-8ddc-4ef0-9f85-d8eba152507c",358dceb1-c1b0-46b9-a24f-c1b6a7fdb2dd,358dceb1-c1b0-46b9-a24f-c1b6a7fdb2dd,,2026-03-11 04:32:40.439105,2026-03-11 04:32:40.439105,distribution_media_history,hg_stock,distribution_media_history_20260822_080123,2026-08-22 08:01:40.05814
3893a83c-7b90-4a5e-ae83-73dc641235bb,656c2c59-6671-46f2-83e1-0c475c27c8fc,t,f,1,7,"","","15b9cfe7-85ee-4d5c-910a-8dd18e3c08a8,211db165-a4e5-46fa-ae35-b3ce4970f396,270551e0-15db-4b4a-8bed-b0a9a3a44dff,4b130012-bca4-48d9-b677-a3bbac756669,5026b271-3ca4-475e-b42b-ecaef67294c8,52cea1c3-a193-411f-adb4-a6fbffe220eb,629885eb-65c4-4921-a300-3c618c8961e3,7657821d-0928-4099-92a1-2146097c66b0,7ad7d9b9-4600-4db5-a3a8-e7c243499008,ba826125-ec02-4f09-b0d4-9e4aeeb11c0a,db869e71-ba93-441b-a264-32c62f017853,df42ed2a-f2da-49a1-a4ea-36e358b59bee,fcdd5322-049e-4b50-aecf-593d36d18b8f","","",f,,39278e16-df64-4904-a9ac-d9bb761b067d,39278e16-df64-4904-a9ac-d9bb761b067d,,2025-05-05 08:37:53.117344,2025-05-05 08:37:53.117344,distribution_media_history,hg_stock,distribution_media_history_20260822_080123,2026-08-22 08:01:40.05814
3893b32c-e34e-4456-8ad6-02a85f987159,b8957640-20e9-4c63-801b-d4cedc89caf4,t,f,1,30,"","","","","",f,1cdbc000-1c24-485c-8e71-fb91a4d5fcb6,3a9ff8c5-8923-4d19-a09e-2c8d79cc7c6f,3a9ff8c5-8923-4d19-a09e-2c8d79cc7c6f,,2025-10-28 03:11:12.17126,2025-10-28 03:11:12.17126,distribution_media_history,hg_stock,distribution_media_history_20260822_080123,2026-08-22 08:01:40.05814
3893b5bd-367b-471b-93a5-9f0c35a0057d,530ab531-64da-416b-a7cd-c4de1b3f2810,t,f,1,-1,"","","","","",f,40426437-1700-4d15-9c77-20ae094b2d3c,9a1fc915-e747-4aa4-a786-19c67cd5ea2e,9a1fc915-e747-4aa4-a786-19c67cd5ea2e,,2026-02-12 07:44:15.347863,2026-02-12 07:44:15.347863,distribution_media_history,hg_stock,distribution_media_history_20260822_080123,2026-08-22 08:01:40.05814
3893bbd5-1a2f-436f-8796-f142aaab47a0,1245b030-555b-49d4-9728-7e075b015963,f,f,1,45,"","",bdd9d4f3-6a59-4a34-8087-8b6c644ced64,"","",f,"",229dc6f0-0c2f-42cc-8d32-7c3397e96194,229dc6f0-0c2f-42cc-8d32-7c3397e96194,,2025-11-07 02:29:39.281219,2025-11-07 02:29:39.281219,distribution_media_history,hg_stock,distribution_media_history_20260822_080123,2026-08-22 08:01:40.05814
38952926-4da2-44e8-bdaf-06e5ceb3c2d2,f21ce76c-83ba-4019-bd28-a419d6e7faab,f,f,1,14,"","","","",f1bfd6b9-b3b3-46eb-ab4b-491ef8e3f6a9,f,"",dc9096c5-0e59-45cb-b38e-79015bbc0c90,dc9096c5-0e59-45cb-b38e-79015bbc0c90,,2026-02-06 10:56:31.997723,2026-02-06 10:56:31.997723,distribution_media_history,hg_stock,distribution_media_history_20260822_080123,2026-08-22 08:01:40.05814
3892ab32-1bec-4be4-a243-39eeaa39ba06,fe23beb2-148a-4588-aba3-59e2fc19bc5c,t,f,1,7,"","","","","04cee13a-69b0-41f1-b39c-889f9bd82938,17f48f51-7f38-41b0-a897-21f240726378,189d5957-a376-4804-9ac9-d3ac913f29b2,22c49afc-02e4-47e8-a4ab-9f0c0546ea68,3084841c-a70b-40d9-9edb-7aa498a50dc1,36298fa0-1ce7-4bae-8c41-db0a98d0341a,396221b9-cdc5-45b2-a79f-2d6de550fda9,3ee41b7a-96b5-4ab9-901b-3e0866188b6d,404f9125-d4c4-4da9-ad88-f829bb17ba62,489f9411-5f7e-4301-814a-60567e4e3e30,59113c8d-b24b-43e2-96f3-1eb18e9020bc,66cd6c10-7895-4502-937a-583c0d9ab692,6fccedd4-9c2a-4b13-a908-32363d8ab09d,7f65daf7-a4b7-4c1d-9b27-95a3e2321af0,7ffdacef-5d02-4aa8-b3d3-84c85d823164,82ce273c-9538-45d9-bc55-81d4406d2896,83546f70-3b79-4803-a00d-d4d620662403,84a48d11-c91a-4704-984d-487c05e520f8,8664aefc-082d-45bf-997c-d7924cdc450f,8b53e647-7506-4329-8541-838a25dc90b3,980be853-40ae-403e-9dfb-e5a0644a55da,988558f8-ab30-4768-aed0-ddcc6cb6b630,a45aa42c-5285-4ac5-8fe7-a51fbd5e1447,aa6908d1-4b4a-4472-8767-934000773385,afe4ba65-c5e3-4bbb-9e23-6ccb370dc871,b5793a82-9df0-404c-b478-a81c03ae4e6c,bd408cb0-2cde-4b1a-b556-8da94c325e1c,c0cc4ed9-8760-4184-b93c-e698dfb46246,c6f97750-2e14-4bb0-8d48-6d7b75af9afb,cbc183a5-8bbf-4ef0-988c-7b542efb0f71,d369fc61-1571-40e8-961b-70044ea493c5,de206049-f16b-4735-bac3-6af89517d5f6,e07abf1a-e63a-4a79-8ed5-11dbd5b7268c,e08f3c2d-0236-4fd0-8b86-d978d047ef93,ed0b4e25-e812-41ba-b50b-6963218c597f,ed44140b-5cc4-4d47-8ad1-afdb356aa44b,eee97771-c2ef-426b-8c92-fde92d29fa00,f335762b-0da1-428e-87a0-bec2dfa6b557,f475b91f-4997-46e8-9c30-f89c24d0a3bf,f601dbeb-2cae-4c86-9924-ce54abb0c3fb,fa2d090f-99ed-4048-bc02-56e323844e79,fad1e7bc-99f8-4821-beff-abd4694d5006,feb6927d-ee9b-40fc-8897-54a2bef67493",f,,3a9ff8c5-8923-4d19-a09e-2c8d79cc7c6f,3a9ff8c5-8923-4d19-a09e-2c8d79cc7c6f,,2025-06-25 05:01:48.950179,2025-06-25 05:01:48.950179,distribution_media_history,hg_stock,distribution_media_history_20260822_080123,2026-08-22 08:01:40.05814
3892ac30-d9fd-4f74-a364-b2ed6d4e5eac,52cf932b-e489-4aa4-94aa-3999d5d52324,f,f,1,-1,ae0b1e4f-25ee-477b-9b8f-d8e66f1c1b95,"","",87126131-51a3-46a3-b4ac-2ec2cce25711,"",f,"",229dc6f0-0c2f-42cc-8d32-7c3397e96194,229dc6f0-0c2f-42cc-8d32-7c3397e96194,,2026-04-20 11:02:58.017753,2026-04-20 11:02:58.017753,distribution_media_history,hg_stock,distribution_media_history_20260822_080123,2026-08-22 08:01:40.05814
3892af78-a276-4ca1-9840-f06091dd5e15,4b535981-7c7b-454e-b384-374e3a81df2a,t,f,1,7,"","","","","04cee13a-69b0-41f1-b39c-889f9bd82938,17f48f51-7f38-41b0-a897-21f240726378,189d5957-a376-4804-9ac9-d3ac913f29b2,22c49afc-02e4-47e8-a4ab-9f0c0546ea68,3084841c-a70b-40d9-9edb-7aa498a50dc1,36298fa0-1ce7-4bae-8c41-db0a98d0341a,396221b9-cdc5-45b2-a79f-2d6de550fda9,3ee41b7a-96b5-4ab9-901b-3e0866188b6d,404f9125-d4c4-4da9-ad88-f829bb17ba62,489f9411-5f7e-4301-814a-60567e4e3e30,59113c8d-b24b-43e2-96f3-1eb18e9020bc,5c1b1d8f-d4a9-4a22-934a-43831e85d1e4,66cd6c10-7895-4502-937a-583c0d9ab692,7f65daf7-a4b7-4c1d-9b27-95a3e2321af0,7ffdacef-5d02-4aa8-b3d3-84c85d823164,83546f70-3b79-4803-a00d-d4d620662403,84a48d11-c91a-4704-984d-487c05e520f8,8664aefc-082d-45bf-997c-d7924cdc450f,8b53e647-7506-4329-8541-838a25dc90b3,988558f8-ab30-4768-aed0-ddcc6cb6b630,9f332297-3b6b-4a98-bcd8-bc8da41105dd,a45aa42c-5285-4ac5-8fe7-a51fbd5e1447,aa6908d1-4b4a-4472-8767-934000773385,b5793a82-9df0-404c-b478-a81c03ae4e6c,b5a513f2-8d65-4512-90c0-7fa3c7311a61,b7f0a1f8-0078-4361-a39c-609cbc0fa09c,bd408cb0-2cde-4b1a-b556-8da94c325e1c,c0cc4ed9-8760-4184-b93c-e698dfb46246,c4b978df-9107-4eb9-a678-e621c83f0e48,c6f97750-2e14-4bb0-8d48-6d7b75af9afb,d369fc61-1571-40e8-961b-70044ea493c5,de206049-f16b-4735-bac3-6af89517d5f6,e08f3c2d-0236-4fd0-8b86-d978d047ef93,ed0b4e25-e812-41ba-b50b-6963218c597f,ed44140b-5cc4-4d47-8ad1-afdb356aa44b,f335762b-0da1-428e-87a0-bec2dfa6b557,f475b91f-4997-46e8-9c30-f89c24d0a3bf,f601dbeb-2cae-4c86-9924-ce54abb0c3fb,fad1e7bc-99f8-4821-beff-abd4694d5006,feb6927d-ee9b-40fc-8897-54a2bef67493",f,"",3a9ff8c5-8923-4d19-a09e-2c8d79cc7c6f,3a9ff8c5-8923-4d19-a09e-2c8d79cc7c6f,,2025-08-09 08:10:33.866065,2025-08-09 08:10:33.866065,distribution_media_history,hg_stock,distribution_media_history_20260822_080123,2026-08-22 08:01:40.05814
3892b63a-d2b2-4af2-b7b5-8c0f9363304c,7e44e38a-42dd-4ebb-8915-af174a42321b,f,f,1,7,"","","","","",f,eaf751be-7681-4b63-96b2-35d9e1364214,3a9ff8c5-8923-4d19-a09e-2c8d79cc7c6f,3a9ff8c5-8923-4d19-a09e-2c8d79cc7c6f,,2026-01-31 09:27:47.933566,2026-01-31 09:27:47.933566,distribution_media_history,hg_stock,distribution_media_history_20260822_080123,2026-08-22 08:01:40.05814
3892c669-d665-429d-92e0-7f42e0d910e8,94c0edbd-fd2a-41dd-ab7f-dd2e37b6dd0e,f,f,1,7,"","",48a1af96-5a7d-40d9-8ebe-4e3655f14e4b,"","",f,,,,,2025-05-05 08:38:38.503916,2025-05-05 08:38:38.503916,distribution_media_history,hg_stock,distribution_media_history_20260822_080123,2026-08-22 08:01:40.05814
3892d730-924d-4f76-be8b-9c8d4cb7e900,e0a34524-e5b8-425f-ab17-c2b36baf4053,f,t,1,7,"",3e74a2bc-009b-4c97-accc-3a437b15aec3,"","","",f,,ed8e0c83-aaec-49eb-8379-90f06bb587ed,ed8e0c83-aaec-49eb-8379-90f06bb587ed,,2025-06-27 04:42:29.848466,2025-06-27 04:42:29.848466,distribution_media_history,hg_stock,distribution_media_history_20260822_080123,2026-08-22 08:01:40.05814
3892e4ad-5a0e-4f65-ac0a-ff6dbe89e2ae,75124cb1-d78d-44d6-a524-72f2ed26db66,t,f,1,7,"","","15b9cfe7-85ee-4d5c-910a-8dd18e3c08a8,211db165-a4e5-46fa-ae35-b3ce4970f396,270551e0-15db-4b4a-8bed-b0a9a3a44dff,4b130012-bca4-48d9-b677-a3bbac756669,5026b271-3ca4-475e-b42b-ecaef67294c8,52cea1c3-a193-411f-adb4-a6fbffe220eb,629885eb-65c4-4921-a300-3c618c8961e3,7657821d-0928-4099-92a1-2146097c66b0,7ad7d9b9-4600-4db5-a3a8-e7c243499008,ba826125-ec02-4f09-b0d4-9e4aeeb11c0a,db869e71-ba93-441b-a264-32c62f017853,df42ed2a-f2da-49a1-a4ea-36e358b59bee,fcdd5322-049e-4b50-aecf-593d36d18b8f","","",f,,92f38085-28a3-43aa-8bde-1b4b9ecfdfd6,92f38085-28a3-43aa-8bde-1b4b9ecfdfd6,,2025-05-05 08:38:09.067411,2025-05-05 08:38:09.067411,distribution_media_history,hg_stock,distribution_media_history_20260822_080123,2026-08-22 08:01:40.05814
3892f447-cd50-4a05-b7c3-cf15846cfd50,29bda918-e360-4e19-b4d8-20edefb880ee,t,f,1,7,"","","15b9cfe7-85ee-4d5c-910a-8dd18e3c08a8,211db165-a4e5-46fa-ae35-b3ce4970f396,270551e0-15db-4b4a-8bed-b0a9a3a44dff,469f562c-a07c-4e5e-9294-ca2b7f3e96c5,4b130012-bca4-48d9-b677-a3bbac756669,5026b271-3ca4-475e-b42b-ecaef67294c8,52cea1c3-a193-411f-adb4-a6fbffe220eb,629885eb-65c4-4921-a300-3c618c8961e3,7657821d-0928-4099-92a1-2146097c66b0,7ad7d9b9-4600-4db5-a3a8-e7c243499008,ba826125-ec02-4f09-b0d4-9e4aeeb11c0a,db869e71-ba93-441b-a264-32c62f017853,df42ed2a-f2da-49a1-a4ea-36e358b59bee,fcdd5322-049e-4b50-aecf-593d36d18b8f","","",f,,,,,2025-05-05 08:36:37.737075,2025-05-05 08:36:37.737075,distribution_media_history,hg_stock,distribution_media_history_20260822_080123,2026-08-22 08:01:40.05814
389308ac-65e7-4d34-83a6-8fe46a6feadc,812b70f2-450c-44e9-a0e8-622034876009,f,f,1,90,"","","","","",t,"1190b645-1f41-44cb-8680-5726382adcc2,de337a89-766b-4121-bf74-03703fbc9236",358dceb1-c1b0-46b9-a24f-c1b6a7fdb2dd,358dceb1-c1b0-46b9-a24f-c1b6a7fdb2dd,,2026-03-18 15:07:12.589853,2026-03-18 15:07:12.589853,distribution_media_history,hg_stock,distribution_media_history_20260822_080123,2026-08-22 08:01:40.05814
38932087-e464-4cac-95dc-e3d606fe866e,8bad76e8-79b3-4497-a557-738801f36841,f,f,1,14,"","","","",1d9bd870-ffa9-4777-b7d5-f350cd4fc893,f,"",86feaaae-e8b4-481c-b0f9-bb9749f4682d,86feaaae-e8b4-481c-b0f9-bb9749f4682d,,2026-03-11 08:17:35.5085,2026-03-11 08:17:35.5085,distribution_media_history,hg_stock,distribution_media_history_20260822_080123,2026-08-22 08:01:40.05814
38932618-110c-4f39-b9a2-7c649776ea4e,f720dafc-6d77-498e-bf39-ff36882da747,f,f,1,30,"","","","","",f,1190b645-1f41-44cb-8680-5726382adcc2,358dceb1-c1b0-46b9-a24f-c1b6a7fdb2dd,358dceb1-c1b0-46b9-a24f-c1b6a7fdb2dd,,2026-01-20 08:57:01.499277,2026-01-20 08:57:01.499277,distribution_media_history,hg_stock,distribution_media_history_20260822_080123,2026-08-22 08:01:40.05814
38933836-6980-4f43-9e38-b727c5a90c0a,a474cac9-ffd0-461b-8d0a-69722bc5df58,f,f,1,14,"","","52cea1c3-a193-411f-adb4-a6fbffe220eb,8ff764e4-1c14-41ce-9fb2-37f9b60c915c","","",f,"",9a1fc915-e747-4aa4-a786-19c67cd5ea2e,9a1fc915-e747-4aa4-a786-19c67cd5ea2e,,2025-11-20 08:14:15.259661,2025-11-20 08:14:15.259661,distribution_media_history,hg_stock,distribution_media_history_20260822_080123,2026-08-22 08:01:40.05814
38934d3e-972e-4ccb-bee9-69b6cae14b17,0d935a2d-6fbf-4fc9-ab93-febbc70ae7c7,f,f,1,45,"","",bdd9d4f3-6a59-4a34-8087-8b6c644ced64,"","",f,"",229dc6f0-0c2f-42cc-8d32-7c3397e96194,229dc6f0-0c2f-42cc-8d32-7c3397e96194,,2025-11-07 02:29:39.281392,2025-11-07 02:29:39.281392,distribution_media_history,hg_stock,distribution_media_history_20260822_080123,2026-08-22 08:01:40.05814
389357b0-a90f-4b88-b8ad-fbde8ed16594,58b6791f-ba7d-48dd-9f8b-a9998d0b7232,f,t,1,7,"",86495fa0-1613-4cd4-a566-52bd123cf0df,"","","",f,,97ee41e4-8f90-4991-8d67-df26d970bf62,97ee41e4-8f90-4991-8d67-df26d970bf62,,2025-05-08 06:52:08.056888,2025-05-08 06:52:08.056888,distribution_media_history,hg_stock,distribution_media_history_20260822_080123,2026-08-22 08:01:40.05814
3893581d-2727-4c8a-97de-e06fd325f7b1,2300bcff-b66c-431c-ba1f-f052a5c38295,f,f,1,7,"","","48a1af96-5a7d-40d9-8ebe-4e3655f14e4b,64362801-3c17-4e99-b10a-bc7a8dc10c14,854cae12-c88d-4bb4-85cf-4ed044d8e963,be3902b4-f926-4850-ba31-f18b178b9d39,f30dad8c-85eb-43c2-a375-5d3fe9ff31ce,f5a4dab5-df91-4776-9a1f-1c2e1ed7ce8b","","",f,,470b0efc-1242-4469-8c5e-0044d43d6122,470b0efc-1242-4469-8c5e-0044d43d6122,,2025-05-05 08:36:31.244218,2025-05-05 08:36:31.244218,distribution_media_history,hg_stock,distribution_media_history_20260822_080123,2026-08-22 08:01:40.05814
3893c627-1d5c-461e-a151-ed96ccda2846,96b48fc7-0ce2-4171-adf8-22e9aadd1d69,t,f,1,7,"","","","","04cee13a-69b0-41f1-b39c-889f9bd82938,17f48f51-7f38-41b0-a897-21f240726378,189d5957-a376-4804-9ac9-d3ac913f29b2,22c49afc-02e4-47e8-a4ab-9f0c0546ea68,3084841c-a70b-40d9-9edb-7aa498a50dc1,36298fa0-1ce7-4bae-8c41-db0a98d0341a,396221b9-cdc5-45b2-a79f-2d6de550fda9,3ee41b7a-96b5-4ab9-901b-3e0866188b6d,404f9125-d4c4-4da9-ad88-f829bb17ba62,489f9411-5f7e-4301-814a-60567e4e3e30,59113c8d-b24b-43e2-96f3-1eb18e9020bc,66cd6c10-7895-4502-937a-583c0d9ab692,6fccedd4-9c2a-4b13-a908-32363d8ab09d,7f65daf7-a4b7-4c1d-9b27-95a3e2321af0,7ffdacef-5d02-4aa8-b3d3-84c85d823164,82ce273c-9538-45d9-bc55-81d4406d2896,83546f70-3b79-4803-a00d-d4d620662403,84a48d11-c91a-4704-984d-487c05e520f8,8664aefc-082d-45bf-997c-d7924cdc450f,8b53e647-7506-4329-8541-838a25dc90b3,96fdf1dd-c29d-48c0-9942-b89777d4f662,980be853-40ae-403e-9dfb-e5a0644a55da,988558f8-ab30-4768-aed0-ddcc6cb6b630,a45aa42c-5285-4ac5-8fe7-a51fbd5e1447,aa6908d1-4b4a-4472-8767-934000773385,afe4ba65-c5e3-4bbb-9e23-6ccb370dc871,b5793a82-9df0-404c-b478-a81c03ae4e6c,bd408cb0-2cde-4b1a-b556-8da94c325e1c,c0cc4ed9-8760-4184-b93c-e698dfb46246,c6f97750-2e14-4bb0-8d48-6d7b75af9afb,cbc183a5-8bbf-4ef0-988c-7b542efb0f71,d369fc61-1571-40e8-961b-70044ea493c5,de206049-f16b-4735-bac3-6af89517d5f6,e07abf1a-e63a-4a79-8ed5-11dbd5b7268c,e08f3c2d-0236-4fd0-8b86-d978d047ef93,e5a984fb-9511-483f-9ca8-2624f19dffac,ed0b4e25-e812-41ba-b50b-6963218c597f,ed44140b-5cc4-4d47-8ad1-afdb356aa44b,eee97771-c2ef-426b-8c92-fde92d29fa00,f335762b-0da1-428e-87a0-bec2dfa6b557,f475b91f-4997-46e8-9c30-f89c24d0a3bf,f601dbeb-2cae-4c86-9924-ce54abb0c3fb,fa2d090f-99ed-4048-bc02-56e323844e79,fad1e7bc-99f8-4821-beff-abd4694d5006,fd42dc28-9ff0-4379-8e65-fbca6f35de60,feb6927d-ee9b-40fc-8897-54a2bef67493",f,,3a9ff8c5-8923-4d19-a09e-2c8d79cc7c6f,3a9ff8c5-8923-4d19-a09e-2c8d79cc7c6f,,2025-07-14 08:43:26.235358,2025-07-14 08:43:26.235358,distribution_media_history,hg_stock,distribution_media_history_20260822_080123,2026-08-22 08:01:40.05814
3893d02a-1b14-4af9-bd0e-72c7e8335c99,373e25ed-a329-484e-b8c2-1fb3d0c94fe3,f,f,1,45,"","",bdd9d4f3-6a59-4a34-8087-8b6c644ced64,"","",f,"",229dc6f0-0c2f-42cc-8d32-7c3397e96194,229dc6f0-0c2f-42cc-8d32-7c3397e96194,,2025-12-15 03:08:09.687852,2025-12-15 03:08:09.687852,distribution_media_history,hg_stock,distribution_media_history_20260822_080123,2026-08-22 08:01:40.05814
3893d89a-1a7a-46b1-83db-85c59f771552,602b1bbd-c731-441d-b2cb-c1b79fe9d644,f,f,1,90,"","","","","",t,"1190b645-1f41-44cb-8680-5726382adcc2,de337a89-766b-4121-bf74-03703fbc9236",358dceb1-c1b0-46b9-a24f-c1b6a7fdb2dd,358dceb1-c1b0-46b9-a24f-c1b6a7fdb2dd,,2026-03-18 15:05:39.969396,2026-03-18 15:05:39.969396,distribution_media_history,hg_stock,distribution_media_history_20260822_080123,2026-08-22 08:01:40.05814
3893dc57-38bc-491c-8002-62b3b72e6f18,6c9e7cc5-d18b-41ca-9040-63a185a7c5c8,f,f,1,30,"","","","",5d673e15-d21b-4a74-98aa-195b698a2fdd,f,"",3a67bc3d-1077-4be0-9f5a-846a08f8c71b,3a67bc3d-1077-4be0-9f5a-846a08f8c71b,,2026-02-24 08:15:33.626552,2026-02-24 08:15:33.626552,distribution_media_history,hg_stock,distribution_media_history_20260822_080123,2026-08-22 08:01:40.05814
3a550e22-f115-4acb-bead-873a103d351c,30be6433-fb65-475d-9c76-0968738f93cf,f,f,1,7,"","","48a1af96-5a7d-40d9-8ebe-4e3655f14e4b,64362801-3c17-4e99-b10a-bc7a8dc10c14","","",f,,,,,2025-05-05 08:36:44.014066,2025-05-05 08:36:44.014066,distribution_media_history,hg_stock,distribution_media_history_20260822_080123,2026-08-22 08:01:40.05814
3893dd52-4c64-4700-bc9a-cc085ef01f91,263cea21-17f2-4935-8413-a60c59ed85fe,t,f,1,7,"","","","","04cee13a-69b0-41f1-b39c-889f9bd82938,17f48f51-7f38-41b0-a897-21f240726378,189d5957-a376-4804-9ac9-d3ac913f29b2,22c49afc-02e4-47e8-a4ab-9f0c0546ea68,3084841c-a70b-40d9-9edb-7aa498a50dc1,36298fa0-1ce7-4bae-8c41-db0a98d0341a,396221b9-cdc5-45b2-a79f-2d6de550fda9,3ee41b7a-96b5-4ab9-901b-3e0866188b6d,404f9125-d4c4-4da9-ad88-f829bb17ba62,489f9411-5f7e-4301-814a-60567e4e3e30,59113c8d-b24b-43e2-96f3-1eb18e9020bc,5c1b1d8f-d4a9-4a22-934a-43831e85d1e4,66cd6c10-7895-4502-937a-583c0d9ab692,7f65daf7-a4b7-4c1d-9b27-95a3e2321af0,7ffdacef-5d02-4aa8-b3d3-84c85d823164,82ce273c-9538-45d9-bc55-81d4406d2896,83546f70-3b79-4803-a00d-d4d620662403,84a48d11-c91a-4704-984d-487c05e520f8,8664aefc-082d-45bf-997c-d7924cdc450f,8b53e647-7506-4329-8541-838a25dc90b3,988558f8-ab30-4768-aed0-ddcc6cb6b630,9f332297-3b6b-4a98-bcd8-bc8da41105dd,a45aa42c-5285-4ac5-8fe7-a51fbd5e1447,aa6908d1-4b4a-4472-8767-934000773385,b5793a82-9df0-404c-b478-a81c03ae4e6c,b5a513f2-8d65-4512-90c0-7fa3c7311a61,b7f0a1f8-0078-4361-a39c-609cbc0fa09c,bd408cb0-2cde-4b1a-b556-8da94c325e1c,c0cc4ed9-8760-4184-b93c-e698dfb46246,c4b978df-9107-4eb9-a678-e621c83f0e48,c6f97750-2e14-4bb0-8d48-6d7b75af9afb,d369fc61-1571-40e8-961b-70044ea493c5,de206049-f16b-4735-bac3-6af89517d5f6,e08f3c2d-0236-4fd0-8b86-d978d047ef93,ed0b4e25-e812-41ba-b50b-6963218c597f,ed44140b-5cc4-4d47-8ad1-afdb356aa44b,f335762b-0da1-428e-87a0-bec2dfa6b557,f475b91f-4997-46e8-9c30-f89c24d0a3bf,f601dbeb-2cae-4c86-9924-ce54abb0c3fb,fad1e7bc-99f8-4821-beff-abd4694d5006,feb6927d-ee9b-40fc-8897-54a2bef67493",f,,3a9ff8c5-8923-4d19-a09e-2c8d79cc7c6f,3a9ff8c5-8923-4d19-a09e-2c8d79cc7c6f,,2025-07-30 09:47:10.550348,2025-07-30 09:47:10.550348,distribution_media_history,hg_stock,distribution_media_history_20260822_080123,2026-08-22 08:01:40.05814
3893e559-0cf4-45ae-bf41-14937230c83a,347badf5-bc21-4873-80f3-f8caaa9e70f2,f,f,1,45,"","",bdd9d4f3-6a59-4a34-8087-8b6c644ced64,"","",f,"",229dc6f0-0c2f-42cc-8d32-7c3397e96194,229dc6f0-0c2f-42cc-8d32-7c3397e96194,,2025-11-07 02:29:39.280181,2025-11-07 02:29:39.280181,distribution_media_history,hg_stock,distribution_media_history_20260822_080123,2026-08-22 08:01:40.05814
38940c23-f02d-4b83-bc59-2a104a5ce202,6d9bab0d-f06c-4f74-b95a-54ddae6bd60e,t,f,1,7,"","","","","",f,1cdbc000-1c24-485c-8e71-fb91a4d5fcb6,3a9ff8c5-8923-4d19-a09e-2c8d79cc7c6f,3a9ff8c5-8923-4d19-a09e-2c8d79cc7c6f,,2025-12-27 08:23:54.223183,2025-12-27 08:23:54.223183,distribution_media_history,hg_stock,distribution_media_history_20260822_080123,2026-08-22 08:01:40.05814
3894301c-e098-4f6d-8223-fdeae7202dd8,27455885-1a62-4ee8-8c76-8d897d1b9feb,f,f,1,45,"","",bdd9d4f3-6a59-4a34-8087-8b6c644ced64,"","",f,"",229dc6f0-0c2f-42cc-8d32-7c3397e96194,229dc6f0-0c2f-42cc-8d32-7c3397e96194,,2025-12-15 03:12:27.951154,2025-12-15 03:12:27.951154,distribution_media_history,hg_stock,distribution_media_history_20260822_080123,2026-08-22 08:01:40.05814
389436e5-c568-4b0b-8e4e-bbc16dfcef42,39bef2b0-637d-4a87-9d5b-62c9b8719f80,t,f,1,7,"","","","","04cee13a-69b0-41f1-b39c-889f9bd82938,17f48f51-7f38-41b0-a897-21f240726378,189d5957-a376-4804-9ac9-d3ac913f29b2,22c49afc-02e4-47e8-a4ab-9f0c0546ea68,3084841c-a70b-40d9-9edb-7aa498a50dc1,36298fa0-1ce7-4bae-8c41-db0a98d0341a,396221b9-cdc5-45b2-a79f-2d6de550fda9,3ee41b7a-96b5-4ab9-901b-3e0866188b6d,404f9125-d4c4-4da9-ad88-f829bb17ba62,489f9411-5f7e-4301-814a-60567e4e3e30,59113c8d-b24b-43e2-96f3-1eb18e9020bc,5c1b1d8f-d4a9-4a22-934a-43831e85d1e4,66cd6c10-7895-4502-937a-583c0d9ab692,6fccedd4-9c2a-4b13-a908-32363d8ab09d,7f65daf7-a4b7-4c1d-9b27-95a3e2321af0,7ffdacef-5d02-4aa8-b3d3-84c85d823164,82ce273c-9538-45d9-bc55-81d4406d2896,83546f70-3b79-4803-a00d-d4d620662403,84a48d11-c91a-4704-984d-487c05e520f8,8664aefc-082d-45bf-997c-d7924cdc450f,8b53e647-7506-4329-8541-838a25dc90b3,93ab8008-587a-4a00-a78b-1ea011796b10,96fdf1dd-c29d-48c0-9942-b89777d4f662,980be853-40ae-403e-9dfb-e5a0644a55da,988558f8-ab30-4768-aed0-ddcc6cb6b630,a45aa42c-5285-4ac5-8fe7-a51fbd5e1447,aa6908d1-4b4a-4472-8767-934000773385,afe4ba65-c5e3-4bbb-9e23-6ccb370dc871,b5793a82-9df0-404c-b478-a81c03ae4e6c,bd408cb0-2cde-4b1a-b556-8da94c325e1c,c0cc4ed9-8760-4184-b93c-e698dfb46246,c6f97750-2e14-4bb0-8d48-6d7b75af9afb,cbc183a5-8bbf-4ef0-988c-7b542efb0f71,d369fc61-1571-40e8-961b-70044ea493c5,de206049-f16b-4735-bac3-6af89517d5f6,e07abf1a-e63a-4a79-8ed5-11dbd5b7268c,e08f3c2d-0236-4fd0-8b86-d978d047ef93,e5a984fb-9511-483f-9ca8-2624f19dffac,ed0b4e25-e812-41ba-b50b-6963218c597f,ed44140b-5cc4-4d47-8ad1-afdb356aa44b,eee97771-c2ef-426b-8c92-fde92d29fa00,f335762b-0da1-428e-87a0-bec2dfa6b557,f475b91f-4997-46e8-9c30-f89c24d0a3bf,f601dbeb-2cae-4c86-9924-ce54abb0c3fb,fa2d090f-99ed-4048-bc02-56e323844e79,fad1e7bc-99f8-4821-beff-abd4694d5006,fd42dc28-9ff0-4379-8e65-fbca6f35de60,feb6927d-ee9b-40fc-8897-54a2bef67493",f,,3a9ff8c5-8923-4d19-a09e-2c8d79cc7c6f,3a9ff8c5-8923-4d19-a09e-2c8d79cc7c6f,,2025-07-23 08:20:06.050125,2025-07-23 08:20:06.050125,distribution_media_history,hg_stock,distribution_media_history_20260822_080123,2026-08-22 08:01:40.05814
