VideoPublishId,CreatedDate,ResourceFileInfoId,ResourceFileId,ChannelId,ChannelDeletedDate,IsChannelDeleted,IsVideoDeleted,VideoDeletedDate,VideoType,_source_id,_source_connection
t5ourNbEFCk,2025-06-30 18:05:15.322755,484d6590-2862-4674-806f-84c3c58d60e0,HGFV7FFB495943ED485D9022CB7EB9BD34FC,UCvCCwWYpC7t1Zyq5JaSI0Pg,,f,f,,3,tracking_video_publish_infos,hg_stock
t5ourNbEFCk,2025-06-30 18:05:15.322755,48985737-4a50-456d-a23f-c7572d85e80f,HGFV55B6C2298FBC4E7BBCF86931037D7274,UCvCCwWYpC7t1Zyq5JaSI0Pg,,f,f,,3,tracking_video_publish_infos,hg_stock
t5ourNbEFCk,2025-06-30 18:05:15.322755,496e69c6-c1e6-49f0-98ef-aba4b9b591f3,HGFV7A6D682FD30344D499E36EE0E1915127,UCvCCwWYpC7t1Zyq5JaSI0Pg,,f,f,,3,tracking_video_publish_infos,hg_stock
t5ourNbEFCk,2025-06-30 18:05:15.322755,4ed9fe3d-dd60-4eea-be9a-d0bc75f0e90a,HGFV313D9F3A492E4CB0A7060B56283F04F2,UCvCCwWYpC7t1Zyq5JaSI0Pg,,f,f,,3,tracking_video_publish_infos,hg_stock
t5ourNbEFCk,2025-06-30 18:05:15.322755,4edc9c09-db90-4993-a3f6-5c60755912b4,HGFADD73A57F56E94DA48DBF9AFEBD74338E,UCvCCwWYpC7t1Zyq5JaSI0Pg,,f,f,,3,tracking_video_publish_infos,hg_stock
t5ourNbEFCk,2025-06-30 18:05:15.322755,51a4f34e-83aa-40ba-ada4-5c61b5ec379a,HGFV1EF77723488842B2AD3D27D14028CE40,,,f,f,,0,tracking_video_publish_infos,hg_stock
t5ourNbEFCk,2025-06-30 18:05:15.322755,57f1ea0c-0d03-40f8-a324-8be85591fbab,HGFVA87E6A60FDA94A238B3E98F954556FD3,,,f,f,,0,tracking_video_publish_infos,hg_stock
t5ourNbEFCk,2025-06-30 18:05:15.322755,5a886f59-8c0d-4e92-8795-bb20d2981a66,HGFV18C5DE71F21444208A1F2E13A00C465F,,,f,f,,0,tracking_video_publish_infos,hg_stock
t5ourNbEFCk,2025-06-30 18:05:15.322755,5d806d52-f799-463d-91b9-12f5732faad0,HGFA31F142E7F3FD4191BD0D70A8C3F9F627,UCvCCwWYpC7t1Zyq5JaSI0Pg,,f,f,,3,tracking_video_publish_infos,hg_stock
t5ourNbEFCk,2025-06-30 18:05:15.322755,5f58f490-e434-4a68-b31d-eb515a6aa5ca,HGFVDA6C2444662D4C8BB11CA31F0952CA31,,,f,f,,0,tracking_video_publish_infos,hg_stock
t5ourNbEFCk,2025-06-30 18:05:15.322755,6d98bbfa-d0dd-4eb2-b6ac-4aeae1e77bfc,HGFV7261126C6D0640B889305402AEF70AFF,UCvCCwWYpC7t1Zyq5JaSI0Pg,,f,f,,3,tracking_video_publish_infos,hg_stock
t5ourNbEFCk,2025-06-30 18:05:15.322755,6db0a4b1-ff22-4fdb-b9f8-88595d6edac2,HGFV18C5DE71F21444208A1F2E13A00C465F,UCvCCwWYpC7t1Zyq5JaSI0Pg,,f,f,,3,tracking_video_publish_infos,hg_stock
t5ourNbEFCk,2025-06-30 18:05:15.322755,723356c0-d333-4a7b-9df9-ec57de064696,HGFV4B0C2A6339F5402A99CD61A7CFBB7138,,,f,f,,0,tracking_video_publish_infos,hg_stock
t5ourNbEFCk,2025-06-30 18:05:15.322755,79c98520-3055-47fc-b774-c22094702ed7,HGFV1EF77723488842B2AD3D27D14028CE40,UCvCCwWYpC7t1Zyq5JaSI0Pg,,f,f,,3,tracking_video_publish_infos,hg_stock
t5ourNbEFCk,2025-06-30 18:05:15.322755,7a5aa870-4e4a-4c18-9066-882a416d4d90,HGFVDA6C2444662D4C8BB11CA31F0952CA31,UCvCCwWYpC7t1Zyq5JaSI0Pg,,f,f,,3,tracking_video_publish_infos,hg_stock
t5ourNbEFCk,2025-06-30 18:05:15.322755,7a5f10d3-af01-4176-b679-63b9d5332402,HGFV9C2C5ED28D464DB5A1EFAF7D4D8E663A,UCvCCwWYpC7t1Zyq5JaSI0Pg,,f,f,,3,tracking_video_publish_infos,hg_stock
t5ourNbEFCk,2025-06-30 18:05:15.322755,7e5a2610-c97b-431d-8e20-a86d0d404e2f,HGFVC9AED6C1D2FB4929BAC7E6D1FEC91729,UCvCCwWYpC7t1Zyq5JaSI0Pg,,f,f,,3,tracking_video_publish_infos,hg_stock
t5ourNbEFCk,2025-06-30 18:05:15.322755,a0288665-632c-4d9e-b771-d0fa1cb5c871,HGFV4B0C2A6339F5402A99CD61A7CFBB7138,UCvCCwWYpC7t1Zyq5JaSI0Pg,,f,f,,3,tracking_video_publish_infos,hg_stock
t5ourNbEFCk,2025-06-30 18:05:15.322755,a6efcff8-f7e7-487c-84d1-d804d81c00bc,HGFV6D63C38F394A42419A2DF8CF2C78FFEC,UCvCCwWYpC7t1Zyq5JaSI0Pg,,f,f,,3,tracking_video_publish_infos,hg_stock
t5ourNbEFCk,2025-06-30 18:05:15.322755,bc89637e-da86-4d11-9e90-6d4d16a32050,HGFV9232EAEDF8A343F9A9830B9AC416DB6E,UCvCCwWYpC7t1Zyq5JaSI0Pg,,f,f,,3,tracking_video_publish_infos,hg_stock
t5ourNbEFCk,2025-06-30 18:05:15.322755,c04417de-0374-4f48-a347-89da2561ab65,HGFVA87E6A60FDA94A238B3E98F954556FD3,UCvCCwWYpC7t1Zyq5JaSI0Pg,,f,f,,3,tracking_video_publish_infos,hg_stock
t5ourNbEFCk,2025-06-30 18:05:15.322755,c92c8b41-03f5-443c-a71c-4a7195b9ee95,HGFV8C4F9782C9EB47CAB728E2CF16D7631E,UCvCCwWYpC7t1Zyq5JaSI0Pg,,f,f,,3,tracking_video_publish_infos,hg_stock
t5ourNbEFCk,2025-06-30 18:05:15.322755,cfa23ab0-b15a-441f-9422-448627af21c0,HGFA7ACF0C4487744105A9B5BC62606C4FB7,UCvCCwWYpC7t1Zyq5JaSI0Pg,,f,f,,3,tracking_video_publish_infos,hg_stock
T5OWND9QGrI,2024-06-21 15:25:12.054154,1faed6bb-fd20-406e-b9aa-4f9e354a66b6,HGFA34F0B8A6128E4497BF4CF9229B5F90D2,,,f,f,,0,tracking_video_publish_infos,hg_stock
T5OWND9QGrI,2024-06-21 15:25:12.054154,38bd7d2c-d1b4-4b84-b475-70af695fcba3,HGFA47362CCE1EB04AA9A81DC78C6579EFBA,,,f,f,,0,tracking_video_publish_infos,hg_stock
T5OWND9QGrI,2024-06-21 15:25:12.054154,40fe14ef-1437-4c23-beb3-e621958c2e07,HGFAC2DD8D5B9E5A4A1EBEFE80637790F4AB,,,f,f,,0,tracking_video_publish_infos,hg_stock
T5OWND9QGrI,2024-06-21 15:25:12.054154,cdbfde6e-3e30-4d47-acaa-c39fd53e459b,HGFA3D60A9683B444243B94540A680C37CD8,,,f,f,,0,tracking_video_publish_infos,hg_stock
T5OWND9QGrI,2024-06-21 15:25:12.054154,d977339a-9e64-4b2e-8225-7870ccf70f74,HGFA99530A045AF94A0099080C7275662305,,,f,f,,0,tracking_video_publish_infos,hg_stock
T5PNeK7wfVk,2024-01-27 17:33:52.318175,06b3acfd-8f45-4098-9a5e-f1ff3a65f28e,HGFA9998A87F98A24950A46C2751EFB74313,,,f,f,,0,tracking_video_publish_infos,hg_stock
T5PNeK7wfVk,2024-01-27 17:33:52.318175,0a5c4d63-0ffd-4e82-8679-efe2791c76cd,HGFA962F749956514596BE5DCB84139B008D,,,f,f,,0,tracking_video_publish_infos,hg_stock
T5PNeK7wfVk,2024-01-27 17:33:52.318175,0e75caf8-9456-4c87-bc25-2c6becadf49b,HGFA909A5066BB5245EE998B7D0B66A83A91,,,f,f,,0,tracking_video_publish_infos,hg_stock
T5PNeK7wfVk,2024-01-27 17:33:52.318175,14704897-db8c-42cd-865c-431e7bc6bd96,HGFAF080B731E2D444129CDD42DBE5A3A5D6,,,f,f,,0,tracking_video_publish_infos,hg_stock
T5PNeK7wfVk,2024-01-27 17:33:52.318175,16162e98-66a5-482a-8baf-5b75f0663b86,HGFAE5A27A3C12704BE08DE5220CD6A9B2D1,,,f,f,,0,tracking_video_publish_infos,hg_stock
T5PNeK7wfVk,2024-01-27 17:33:52.318175,20015c84-0d9b-4e9a-a346-f9742616aeba,HGFA67BAC952EEA24D89AD2209B9123A7AFE,,,f,f,,0,tracking_video_publish_infos,hg_stock
T5PNeK7wfVk,2024-01-27 17:33:52.318175,2813ca66-4e1d-42da-8fe4-2e185df68f39,HGFA76C2BB0AC6624E9282F4300B1DD743C6,,,f,f,,0,tracking_video_publish_infos,hg_stock
T5PNeK7wfVk,2024-01-27 17:33:52.318175,2c2a8218-fc42-4f4f-9712-e2b22b3ae9b2,HGFABDB14377350B4D61A9E47D3FE4280F58,,,f,f,,0,tracking_video_publish_infos,hg_stock
T5PNeK7wfVk,2024-01-27 17:33:52.318175,49f569f7-a457-4ffb-8aa9-8d65dd200852,HGFA4568EB09CD92413FB4A5BFA627C7E9DB,,,f,f,,0,tracking_video_publish_infos,hg_stock
T5PNeK7wfVk,2024-01-27 17:33:52.318175,4d526fce-ccf0-46a0-90ad-0dba5af96a59,HGFA7DFA1E33C5934D14AD1F90B668F2150E,,,f,f,,0,tracking_video_publish_infos,hg_stock
T5PNeK7wfVk,2024-01-27 17:33:52.318175,5168a7ba-3220-43b0-b195-ce7259ca1a6e,HGFA9AE6AE3F1B7D44EC9429619A7119B781,,,f,f,,0,tracking_video_publish_infos,hg_stock
T5PNeK7wfVk,2024-01-27 17:33:52.318175,62a55c3f-530c-40f7-9fe2-190d1a355bc9,HGFA352CD18157F94083B544659E277B2457,,,f,f,,0,tracking_video_publish_infos,hg_stock
T5PNeK7wfVk,2024-01-27 17:33:52.318175,6ce5f641-ebca-4852-aa24-275c806c53b1,HGFA2246CA00078047CD8A87288D2B44F68C,,,f,f,,0,tracking_video_publish_infos,hg_stock
T5PNeK7wfVk,2024-01-27 17:33:52.318175,8f814b56-0357-4b8f-89bb-9d6f1e0748e8,HGFA28CF1C5A04334302A39273BDE4BC1FC3,,,f,f,,0,tracking_video_publish_infos,hg_stock
T5PNeK7wfVk,2024-01-27 17:33:52.318175,91070d96-263f-4287-926e-3e0bb15899dd,HGFAB3578438E70E47CF9A0BDF2885FFA61F,,,f,f,,0,tracking_video_publish_infos,hg_stock
T5PNeK7wfVk,2024-01-27 17:33:52.318175,a3c77e37-e33e-4708-843d-fd6a7fa8d88a,HGFAFBF4D1D1C78E440298A9AF398D27041F,,,f,f,,0,tracking_video_publish_infos,hg_stock
T5PNeK7wfVk,2024-01-27 17:33:52.318175,c562a1b9-d3c1-4a58-8e7f-5619738f275f,HGFA47530D5385C744F1B25C860E9ABD396D,,,f,f,,0,tracking_video_publish_infos,hg_stock
t5pr45JiPdw,2024-06-10 11:45:08.415058,179050e5-0cdd-435e-9ff7-bc65112cbec1,HGFA9BF234EB39114B3982D983FAC735F0B0,,,f,f,,0,tracking_video_publish_infos,hg_stock
t5pr45JiPdw,2024-06-10 11:45:08.415058,2202254d-ffbe-4623-a314-7afd3322c1e5,HGFA3E60C4A52E19411389FE3CA1F5CE5B80,,,f,f,,0,tracking_video_publish_infos,hg_stock
t5pr45JiPdw,2024-06-10 11:45:08.415058,2564fc77-9f0f-4081-be54-1066846aaf61,HGFA11654BA67B0848E28AEE3E8312320618,,,f,f,,0,tracking_video_publish_infos,hg_stock
t5pr45JiPdw,2024-06-10 11:45:08.415058,2946dbb8-9bf9-411f-aa36-8378f2d6ce28,HGFA4B4DC715E3CF492B8C8A2D2FDA03332E,,,f,f,,0,tracking_video_publish_infos,hg_stock
t5pr45JiPdw,2024-06-10 11:45:08.415058,2c5d4448-cf4f-445f-866d-9e43534998aa,HGFADD99D9A6EDC6482C85682A96B8EEE9AE,,,f,f,,0,tracking_video_publish_infos,hg_stock
t5pr45JiPdw,2024-06-10 11:45:08.415058,40fe14ef-1437-4c23-beb3-e621958c2e07,HGFAC2DD8D5B9E5A4A1EBEFE80637790F4AB,,,f,f,,0,tracking_video_publish_infos,hg_stock
t5pr45JiPdw,2024-06-10 11:45:08.415058,48e732dd-bf18-48e4-85e5-d6afe0e6af44,HGFAAC84CEDF48854D62ACE4EC7DB2A17752,,,f,f,,0,tracking_video_publish_infos,hg_stock
t5pr45JiPdw,2024-06-10 11:45:08.415058,555e3a6a-6815-4ba8-aaf0-94c68de07ad9,HGFA23D5AC6D67C1478693B6A557D3CD1C6B,,,f,f,,0,tracking_video_publish_infos,hg_stock
t5pr45JiPdw,2024-06-10 11:45:08.415058,753fbefa-c659-4aa1-9a26-13fc94f8123c,HGFAB23D3A7DBFEB446CBB5FF303BCAFDF7D,,,f,f,,0,tracking_video_publish_infos,hg_stock
t5pr45JiPdw,2024-06-10 11:45:08.415058,758a2a98-b453-4589-a164-7082608c1b78,HGFAF0DC591E66FE4E3C9129A5121F19A6D7,,,f,f,,0,tracking_video_publish_infos,hg_stock
t5pr45JiPdw,2024-06-10 11:45:08.415058,7c9f918b-2104-45f6-9910-99df9e57c2a2,HGFAADA3E12C8B2D4EF7B7AC15B0BBDE1CD7,,,f,f,,0,tracking_video_publish_infos,hg_stock
t5pr45JiPdw,2024-06-10 11:45:08.415058,9437d417-91d4-454b-bd5b-38e492b1545b,HGFACFDD16C575D2421081D59386AD41E5FF,,,f,f,,0,tracking_video_publish_infos,hg_stock
t5pr45JiPdw,2024-06-10 11:45:08.415058,a6e1e02e-4749-45a8-af5c-f9867db81c85,HGFA992310E8941B4DED96B23108AB8350A9,,,f,f,,0,tracking_video_publish_infos,hg_stock
t5pr45JiPdw,2024-06-10 11:45:08.415058,aa4001b0-688f-4dd8-8b35-a2abb9611469,HGFAF5B55646401240FF9C03BF07D701463C,,,f,f,,0,tracking_video_publish_infos,hg_stock
t5pr45JiPdw,2024-06-10 11:45:08.415058,ac81e726-365b-4e7a-81f3-9ed12560f5e9,HGFAF86B892A636E4C9AB94ADBF0D6768BB0,,,f,f,,0,tracking_video_publish_infos,hg_stock
t5pr45JiPdw,2024-06-10 11:45:08.415058,b48a6eb2-cef2-452d-aa72-8aa717177f8e,HGFAA0DADD6534C14EE69D8BEC91D5FF790E,,,f,f,,0,tracking_video_publish_infos,hg_stock
t5pr45JiPdw,2024-06-10 11:45:08.415058,b5c98091-ca5b-41ed-93fd-394f518abd69,HGFA3DB444D8E65B42AE860AF52E3E0E2E12,,,f,f,,0,tracking_video_publish_infos,hg_stock
t5pr45JiPdw,2024-06-10 11:45:08.415058,b953d111-8153-43f3-aa8d-4be8eec32540,HGFAF6778C9F9C2B4AD7A8FC32F0CDB860FD,,,f,f,,0,tracking_video_publish_infos,hg_stock
t5pr45JiPdw,2024-06-10 11:45:08.415058,d977339a-9e64-4b2e-8225-7870ccf70f74,HGFA99530A045AF94A0099080C7275662305,,,f,f,,0,tracking_video_publish_infos,hg_stock
t5pr45JiPdw,2024-06-10 11:45:08.415058,e3562230-3dd6-417d-8f10-bbe37b1a5177,HGFA1499BC7EBA40442497DA7BEBBA2B14DB,,,f,f,,0,tracking_video_publish_infos,hg_stock
t5pr45JiPdw,2024-06-10 11:45:08.415058,f91d3e95-f21a-4903-8e1d-27cd964afc7e,HGFA3E8A98848BCF46F4B044B40EC3D357C3,,,f,f,,0,tracking_video_publish_infos,hg_stock
T5Q02pPbMeo,2024-05-10 12:00:15.609009,0755ea0c-9be2-492c-ba89-8bb12d6e2a03,HGFAF25122EF53D14ABDA5C3C0AA4FD99773,,,f,f,,0,tracking_video_publish_infos,hg_stock
T5Q02pPbMeo,2024-05-10 12:00:15.609009,9176bf42-d44e-4830-afcb-67a14ca76a3b,HGFADECEA187A2294A759AF82FDCED24838F,,,f,f,,0,tracking_video_publish_infos,hg_stock
T5Q02pPbMeo,2024-05-10 12:00:15.609009,a15b681f-6e91-4d7b-b50b-1ff19ba7eb80,HGFA62DCBBEBBA67482391B8CFC8A32527A2,,,f,f,,0,tracking_video_publish_infos,hg_stock
T5Q02pPbMeo,2024-05-10 12:00:15.609009,bb6647e0-8e71-4c3c-b502-e0063e4a07fe,HGFACB1DF14EF37647F8AE48BB08C53C8435,,,f,f,,0,tracking_video_publish_infos,hg_stock
T5Q02pPbMeo,2024-05-10 12:00:15.609009,c6406527-b0be-4066-bf39-07fe87093e17,HGFA3007B585FF0445B8B371DB5AA53666D3,,,f,f,,0,tracking_video_publish_infos,hg_stock
T5Q02pPbMeo,2024-05-10 12:00:15.609009,d977339a-9e64-4b2e-8225-7870ccf70f74,HGFA99530A045AF94A0099080C7275662305,,,f,f,,0,tracking_video_publish_infos,hg_stock
T5Q02pPbMeo,2024-05-10 12:00:15.609009,e4fcd26e-f9bb-425f-ac0f-c7c81c095150,HGFA765D9969DBEB4F9587238B659CC78EB8,,,f,f,,0,tracking_video_publish_infos,hg_stock
T5Q02pPbMeo,2024-05-10 12:00:15.609009,f31b99c0-1adc-4b8e-8dda-8dd7db9e8714,HGFA7C8546CB143640229A8999B89E5BD571,,,f,f,,0,tracking_video_publish_infos,hg_stock
T5QCFbCFjcI,2025-09-24 11:31:11.729134,002abc6c-8781-49a5-8fb0-435e944e9592,HGFV2ABA79B79A6E4F4795A4360FF51EC07A,,,f,f,,0,tracking_video_publish_infos,hg_stock
T5QCFbCFjcI,2025-09-24 11:31:11.729134,00ca298e-8888-453a-bcb8-3fa1a1ac56a7,HGFV98D25905B3864DCABCE8F131E0E5BDE8,UCYG8DOGclXSSmpcx_8mvYAw,,f,f,,3,tracking_video_publish_infos,hg_stock
T5QCFbCFjcI,2025-09-24 11:31:11.729134,01ae0368-af73-4246-b06a-70518ec13517,HGFV25D34A4983FE40299D9FF8E190444449,,,f,f,,0,tracking_video_publish_infos,hg_stock
T5QCFbCFjcI,2025-09-24 11:31:11.729134,029c9c64-0d6b-4965-9ec2-f972d63a9097,HGFV05EFB802C90B48DFA306518AC364CCE9,UCYG8DOGclXSSmpcx_8mvYAw,,f,f,,3,tracking_video_publish_infos,hg_stock
T5QCFbCFjcI,2025-09-24 11:31:11.729134,029dc926-1e8c-4701-a3f1-7fc628cc7b48,HGFV8AFA993EEA584A19A0937CD97BC43C9D,UCYG8DOGclXSSmpcx_8mvYAw,,f,f,,3,tracking_video_publish_infos,hg_stock
T5QCFbCFjcI,2025-09-24 11:31:11.729134,033acbca-3fc9-49dd-8ba2-ed7e823d6152,HGFVB7C552D2408143C1A4FB94D0884F7662,,,f,f,,0,tracking_video_publish_infos,hg_stock
T5QCFbCFjcI,2025-09-24 11:31:11.729134,0442a111-28a3-410c-9c12-dcfa7c4f278a,HGFV7F810A8DD8204E79BDD0F3EB4CB6154D,UCYG8DOGclXSSmpcx_8mvYAw,,f,f,,3,tracking_video_publish_infos,hg_stock
T5QCFbCFjcI,2025-09-24 11:31:11.729134,05456d63-163d-4016-a1aa-bb6c9d6ff02c,HGFVB1E3E5243B034110975D502D0668530C,UCYG8DOGclXSSmpcx_8mvYAw,,f,f,,3,tracking_video_publish_infos,hg_stock
T5QCFbCFjcI,2025-09-24 11:31:11.729134,062a7e30-0482-458c-9b32-f8ee903c13da,HGFV01D20B6F02D94949965476B11FA189F7,,,f,f,,0,tracking_video_publish_infos,hg_stock
T5QCFbCFjcI,2025-09-24 11:31:11.729134,08e69909-ba08-4560-9f58-5e7f464a044e,HGFV7776DC68C3904C0683CE5490F8419A7F,UCYG8DOGclXSSmpcx_8mvYAw,,f,f,,3,tracking_video_publish_infos,hg_stock
T5QCFbCFjcI,2025-09-24 11:31:11.729134,09440aff-afb7-466c-a97f-bcc90309fd9a,HGFVB33CDA2945854AAF88EA1F5616CCF0BC,,,f,f,,0,tracking_video_publish_infos,hg_stock
T5QCFbCFjcI,2025-09-24 11:31:11.729134,095a86fc-8b19-42d5-a26a-98ef8f299d50,HGFV61C660EF8A524AE192B2ABB00136C70C,,,f,f,,0,tracking_video_publish_infos,hg_stock
T5QCFbCFjcI,2025-09-24 11:31:11.729134,09b2c67f-6d4a-42bc-8130-5c3a39cc4a09,HGFV46555060D8244994B61E90B3525E28E6,,,f,f,,0,tracking_video_publish_infos,hg_stock
T5QCFbCFjcI,2025-09-24 11:31:11.729134,0a391ffb-5b26-406f-a76f-56f6b72e7a71,HGFV7C40C026351641E19612732F19740021,,,f,f,,0,tracking_video_publish_infos,hg_stock
T5QCFbCFjcI,2025-09-24 11:31:11.729134,0a3bf33e-5e40-4ff7-a959-3a8cc7d7828b,HGFV974DD1490A004F0D86965F5A252CC330,,,f,f,,0,tracking_video_publish_infos,hg_stock
T5QCFbCFjcI,2025-09-24 11:31:11.729134,0a8e02e8-cef0-4ed3-82cf-543f1c4c8582,HGFV189DD4142684486E8BEA6C8C3B5491D2,UCYG8DOGclXSSmpcx_8mvYAw,,f,f,,3,tracking_video_publish_infos,hg_stock
T5QCFbCFjcI,2025-09-24 11:31:11.729134,0ced8bed-d8b5-45c0-bc09-c713b92c849a,HGFV06C838E3CB64459785DE4F9EE3296C82,UCYG8DOGclXSSmpcx_8mvYAw,,f,f,,3,tracking_video_publish_infos,hg_stock
T5QCFbCFjcI,2025-09-24 11:31:11.729134,0d7f50da-8606-4c5d-b90b-611d06594c45,HGFV9E9504D04AC94EAAA50019FFA926E96D,UCYG8DOGclXSSmpcx_8mvYAw,,f,f,,3,tracking_video_publish_infos,hg_stock
T5QCFbCFjcI,2025-09-24 11:31:11.729134,0d94928a-7e4d-4223-a466-28b840cee9f8,HGFV8511893740774116A29D77E0976ED654,UCYG8DOGclXSSmpcx_8mvYAw,,f,f,,3,tracking_video_publish_infos,hg_stock
T5QCFbCFjcI,2025-09-24 11:31:11.729134,0df46a12-5405-4bb8-a7fd-9c22d59548d7,HGFV4E52965D6C1A482396435FC289A564B7,UCYG8DOGclXSSmpcx_8mvYAw,,f,f,,3,tracking_video_publish_infos,hg_stock
T5QCFbCFjcI,2025-09-24 11:31:11.729134,0e811f77-65f1-4b27-9d5a-3440b41b89cf,HGFV01D20B6F02D94949965476B11FA189F7,UCYG8DOGclXSSmpcx_8mvYAw,,f,f,,3,tracking_video_publish_infos,hg_stock
T5QCFbCFjcI,2025-09-24 11:31:11.729134,0e8bb9bd-7613-4f90-85da-e9784da10e28,HGFV3F7E01B9738B471987C4E6AB491E89B9,UCYG8DOGclXSSmpcx_8mvYAw,,f,f,,3,tracking_video_publish_infos,hg_stock
T5QCFbCFjcI,2025-09-24 11:31:11.729134,0ed2665e-db7d-47f5-9c2c-f47a26752afd,HGFV11517760AEE845EDBC96B6B068693007,,,f,f,,0,tracking_video_publish_infos,hg_stock
T5QCFbCFjcI,2025-09-24 11:31:11.729134,0f17901c-8f12-489d-b7db-00ca4005a14b,HGFV8A9C0330F631471186DB1CDEBB1AF753,,,f,f,,0,tracking_video_publish_infos,hg_stock
T5QCFbCFjcI,2025-09-24 11:31:11.729134,0f1e27e7-98b6-4271-b3f7-9e0b6364025f,HGFVB0EB2F4315C642A8A11BF15E6CD13C47,UCYG8DOGclXSSmpcx_8mvYAw,,f,f,,3,tracking_video_publish_infos,hg_stock
T5QCFbCFjcI,2025-09-24 11:31:11.729134,0f242621-831e-40f3-b4c8-2cba565be6c0,HGFV7D87F71830644AB9BE132353C385E9F4,UCYG8DOGclXSSmpcx_8mvYAw,,f,f,,3,tracking_video_publish_infos,hg_stock
T5QCFbCFjcI,2025-09-24 11:31:11.729134,0ffd0e93-eaf1-4ac0-b843-39139bc97ff1,HGFV3F62005BB6B347A3A9BD583F013D61E0,UCYG8DOGclXSSmpcx_8mvYAw,,f,f,,3,tracking_video_publish_infos,hg_stock
T5QCFbCFjcI,2025-09-24 11:31:11.729134,1162f17a-f051-4f4f-8b13-5dc511e8423a,HGFV4824A6AAD93F474A80962A5107B2D405,,,f,f,,0,tracking_video_publish_infos,hg_stock
T5QCFbCFjcI,2025-09-24 11:31:11.729134,1167adca-df87-4854-97c7-e0b1c666d2c2,HGFV3FC5EF37FED744F08313049FB1B2C492,UCYG8DOGclXSSmpcx_8mvYAw,,f,f,,3,tracking_video_publish_infos,hg_stock
T5QCFbCFjcI,2025-09-24 11:31:11.729134,11e98e95-d678-4271-b3a4-9a0dc027ef9f,HGFV16A132A599C544A3B88C630B8A6F5830,UCYG8DOGclXSSmpcx_8mvYAw,,f,f,,3,tracking_video_publish_infos,hg_stock
T5QCFbCFjcI,2025-09-24 11:31:11.729134,11f81625-5e3e-4e9a-ab44-8742ad3ac900,HGFV66E302C13270439A9BB4E2D1F51FD899,,,f,f,,0,tracking_video_publish_infos,hg_stock
T5QCFbCFjcI,2025-09-24 11:31:11.729134,141c8091-961f-4f27-951a-52e33529a9e9,HGFV98BE8B632651452B832BFC794BE26FE1,,,f,f,,0,tracking_video_publish_infos,hg_stock
T5QCFbCFjcI,2025-09-24 11:31:11.729134,15908b02-650e-4f56-af80-f3957eeeccb0,HGFV72E9253C5E454B7E9CA39861BA2F7367,,,f,f,,0,tracking_video_publish_infos,hg_stock
T5QCFbCFjcI,2025-09-24 11:31:11.729134,15991edc-a233-4b97-a851-c923c6afbd12,HGFV6D0EDCCED6AB46AA9537EB4C226EFDAD,,,f,f,,0,tracking_video_publish_infos,hg_stock
T5QCFbCFjcI,2025-09-24 11:31:11.729134,15ec1dfd-0bb7-4760-aa62-42c0fefe4d28,HGFVB676C82B08834765820C1DC9A69DEE7D,,,f,f,,0,tracking_video_publish_infos,hg_stock
T5QCFbCFjcI,2025-09-24 11:31:11.729134,16994924-92b9-491a-8bb1-88c7a8ebb636,HGFV5F9E367611754DA1BF22B5857D0BF1C7,UCYG8DOGclXSSmpcx_8mvYAw,,f,f,,3,tracking_video_publish_infos,hg_stock
T5QCFbCFjcI,2025-09-24 11:31:11.729134,16a52e2a-3fe6-4618-b055-0d53298f3355,HGFV55D74D6A400844FB8429F08894F56F99,,,f,f,,0,tracking_video_publish_infos,hg_stock
T5QCFbCFjcI,2025-09-24 11:31:11.729134,173b655d-6e7f-44b1-af99-440392de6899,HGFV0AB3F87F8D9D4A73A779407FE5081AFA,,,f,f,,0,tracking_video_publish_infos,hg_stock
T5QCFbCFjcI,2025-09-24 11:31:11.729134,19097332-4771-4602-b411-e65499718b94,HGFV482D0726E5B249548EE0B3D33DF849AF,UCYG8DOGclXSSmpcx_8mvYAw,,f,f,,3,tracking_video_publish_infos,hg_stock
T5QCFbCFjcI,2025-09-24 11:31:11.729134,19aaac45-37d8-48b6-a304-69b8e8a87304,HGFV8B1F88D86944413AB5531FABAB8E0BB3,UCYG8DOGclXSSmpcx_8mvYAw,,f,f,,3,tracking_video_publish_infos,hg_stock
T5QCFbCFjcI,2025-09-24 11:31:11.729134,19db85aa-d659-4b36-9876-a3c24b351e73,HGFV66E302C13270439A9BB4E2D1F51FD899,UCYG8DOGclXSSmpcx_8mvYAw,,f,f,,3,tracking_video_publish_infos,hg_stock
T5QCFbCFjcI,2025-09-24 11:31:11.729134,1a10997d-09e3-4df2-a5a0-74c13c496156,HGFV2F9044DC70B64A00888884EA402F1A07,,,f,f,,0,tracking_video_publish_infos,hg_stock
T5QCFbCFjcI,2025-09-24 11:31:11.729134,1afe5d90-a7b5-4559-8310-5247f4624f11,HGFV4172E8DB0D014953AF11831ADEEE431E,UCYG8DOGclXSSmpcx_8mvYAw,,f,f,,3,tracking_video_publish_infos,hg_stock
T5QCFbCFjcI,2025-09-24 11:31:11.729134,1b621aff-7487-4fea-8c31-52d2632f1de1,HGFV7C653CCE6335417A85FD1C057325AA5D,UCYG8DOGclXSSmpcx_8mvYAw,,f,f,,3,tracking_video_publish_infos,hg_stock
T5QCFbCFjcI,2025-09-24 11:31:11.729134,1bef1b62-73d5-43f9-91b1-5feaf2eb65e4,HGFVA982943BC0E24A7CAC71B0BAB51FF3FA,,,f,f,,0,tracking_video_publish_infos,hg_stock
T5QCFbCFjcI,2025-09-24 11:31:11.729134,1c481f05-4653-45a4-9e3c-c2edf70cc1bc,HGFV1E0089E848924BD8985082B4F09DD51B,UCYG8DOGclXSSmpcx_8mvYAw,,f,f,,3,tracking_video_publish_infos,hg_stock
T5QCFbCFjcI,2025-09-24 11:31:11.729134,1ce38f6f-91ab-400b-aaea-755c32be371f,HGFVB8009A722F0741BA91584E2C1EE2DC8E,,,f,f,,0,tracking_video_publish_infos,hg_stock
T5QCFbCFjcI,2025-09-24 11:31:11.729134,1f5e5e2e-ed18-418f-ba97-37698eabf0e9,HGFV9B1487D112FE42708C3A2CFE69AA9841,UCYG8DOGclXSSmpcx_8mvYAw,,f,f,,3,tracking_video_publish_infos,hg_stock
T5QCFbCFjcI,2025-09-24 11:31:11.729134,1f7dea9e-c803-468d-a28d-882949ec8f70,HGFV8516CC7E4CDB4567A2B485E23FBCF759,UCYG8DOGclXSSmpcx_8mvYAw,,f,f,,3,tracking_video_publish_infos,hg_stock
T5QCFbCFjcI,2025-09-24 11:31:11.729134,2125cce2-cfda-4635-85e8-50fa20b495ee,HGFV2CFAED3AA7504C738DE37C081A18F75A,,,f,f,,0,tracking_video_publish_infos,hg_stock
T5QCFbCFjcI,2025-09-24 11:31:11.729134,21dc76c9-8fb6-45db-8c0c-e934b237944a,HGFV0A653B9A82AD4E778EE1BC7C8AC9A7C1,,,f,f,,0,tracking_video_publish_infos,hg_stock
T5QCFbCFjcI,2025-09-24 11:31:11.729134,2201e225-29eb-4053-950b-8b5c9d62c2c8,HGFV2F9044DC70B64A00888884EA402F1A07,UCYG8DOGclXSSmpcx_8mvYAw,,f,f,,3,tracking_video_publish_infos,hg_stock
T5QCFbCFjcI,2025-09-24 11:31:11.729134,2217da4d-3bc8-4ee4-b78a-4a8c5b638dff,HGFV385561A5B70241A19FFBFE7F5309BDBB,,,f,f,,0,tracking_video_publish_infos,hg_stock
T5QCFbCFjcI,2025-09-24 11:31:11.729134,221f8e9f-961e-4a04-a383-51b7a96404f4,HGFV9A728C7AB5414F3596DF3D9537A95182,,,f,f,,0,tracking_video_publish_infos,hg_stock
T5QCFbCFjcI,2025-09-24 11:31:11.729134,22acebb2-2986-4ae7-b9e5-a6486661aaee,HGFV2100E7CCD71F4E3BB0F52B535D5DD6F5,UCYG8DOGclXSSmpcx_8mvYAw,,f,f,,3,tracking_video_publish_infos,hg_stock
T5QCFbCFjcI,2025-09-24 11:31:11.729134,23414a6e-faa0-41c6-96a8-c5220abecc6d,HGFVA4C3D27900EA41F9BC4996BC2FC393CD,,,f,f,,0,tracking_video_publish_infos,hg_stock
T5QCFbCFjcI,2025-09-24 11:31:11.729134,24290f4c-c3fe-4353-8977-b62b93379743,HGFV8135930DAF564018A56CC5D885E7C38E,,,f,f,,0,tracking_video_publish_infos,hg_stock
T5QCFbCFjcI,2025-09-24 11:31:11.729134,255bc166-2954-49c1-b105-180ba4b45a87,HGFV65D9FE6C5B6E43DF95829EFA42B57741,UCYG8DOGclXSSmpcx_8mvYAw,,f,f,,3,tracking_video_publish_infos,hg_stock
T5QCFbCFjcI,2025-09-24 11:31:11.729134,2619bd8f-39ba-405f-a605-108715e1742c,HGFV66E2AD150E6B4B8B9D0A2E7FB9AB72D7,UCYG8DOGclXSSmpcx_8mvYAw,,f,f,,3,tracking_video_publish_infos,hg_stock
T5QCFbCFjcI,2025-09-24 11:31:11.729134,263b310e-50d0-413f-a02a-0b4928403bad,HGFV4710B709AD144EC59310DC3AA71362B7,,,f,f,,0,tracking_video_publish_infos,hg_stock
T5QCFbCFjcI,2025-09-24 11:31:11.729134,267e5c22-0dc6-4e06-b215-4ba3b80599fb,HGFV4F5D0B8070E44C2CAF66D3FD34956F41,UCYG8DOGclXSSmpcx_8mvYAw,,f,f,,3,tracking_video_publish_infos,hg_stock
T5QCFbCFjcI,2025-09-24 11:31:11.729134,26986daf-c5ba-4bfb-af3f-edfbf53491ef,HGFV076F9D5607724DB1AD926AB6396F0EBD,,,f,f,,0,tracking_video_publish_infos,hg_stock
T5QCFbCFjcI,2025-09-24 11:31:11.729134,28284b96-ced6-470a-8c18-1a6937d9e1ee,HGFV3FC56F189D834DE5A2158A93E4BB1D97,,,f,f,,0,tracking_video_publish_infos,hg_stock
T5QCFbCFjcI,2025-09-24 11:31:11.729134,288929c5-8335-4ec7-b782-175e24e12595,HGFV0C3311CF901349FB91FD676863B9ED43,,,f,f,,0,tracking_video_publish_infos,hg_stock
T5QCFbCFjcI,2025-09-24 11:31:11.729134,293da7a3-4bc5-4377-8a3c-d31b23bc38fe,HGFV3FC56F189D834DE5A2158A93E4BB1D97,UCYG8DOGclXSSmpcx_8mvYAw,,f,f,,3,tracking_video_publish_infos,hg_stock
T5QCFbCFjcI,2025-09-24 11:31:11.729134,29842dc8-26dc-4618-956e-d2cf57cd3671,HGFV5F9AC4C380DA41FB978D7AB6C09EAE69,UCYG8DOGclXSSmpcx_8mvYAw,,f,f,,3,tracking_video_publish_infos,hg_stock
T5QCFbCFjcI,2025-09-24 11:31:11.729134,2991f069-61ef-4f86-8379-62df1a25a3de,HGFV45E6626D0D2C4439AEE97F39872B133B,UCYG8DOGclXSSmpcx_8mvYAw,,f,f,,3,tracking_video_publish_infos,hg_stock
T5QCFbCFjcI,2025-09-24 11:31:11.729134,2a4d8e90-f4c3-42e3-922c-47218424001a,HGFVB051AB8628E64860BE412547CE389D46,,,f,f,,0,tracking_video_publish_infos,hg_stock
T5QCFbCFjcI,2025-09-24 11:31:11.729134,2a788652-4368-42a3-a477-77116d5c2a16,HGFVADF76BC35B0C4DED95A7DF5D6A44FFAC,UCYG8DOGclXSSmpcx_8mvYAw,,f,f,,3,tracking_video_publish_infos,hg_stock
T5QCFbCFjcI,2025-09-24 11:31:11.729134,2ab1f47b-79bf-4b38-8f4c-a2b6a1a91a15,HGFV5E60668185024C2C80CE150F47A69C06,UCYG8DOGclXSSmpcx_8mvYAw,,f,f,,3,tracking_video_publish_infos,hg_stock
T5QCFbCFjcI,2025-09-24 11:31:11.729134,2b0af2cc-58bc-4235-b87c-3f3c278677bf,HGFV3746517E31334372A3D40BB62717AF9F,,,f,f,,0,tracking_video_publish_infos,hg_stock
T5QCFbCFjcI,2025-09-24 11:31:11.729134,2befdce5-19a8-4ec5-b801-5f96a14e33b2,HGFVA7A04F9A597B4C7BAB9F45D339EE1DF5,,,f,f,,0,tracking_video_publish_infos,hg_stock
T5QCFbCFjcI,2025-09-24 11:31:11.729134,2cd9f4ef-cb4f-4ef4-a287-37a2cffd5411,HGFV234D7767056E4ED7B2F8454C588B606B,UCYG8DOGclXSSmpcx_8mvYAw,,f,f,,3,tracking_video_publish_infos,hg_stock
T5QCFbCFjcI,2025-09-24 11:31:11.729134,2db02e5e-cf1d-48ce-9d4a-095d4bedb0b3,HGFV5609C1C2B24D4A99B0000A3087DAAD08,UCYG8DOGclXSSmpcx_8mvYAw,,f,f,,3,tracking_video_publish_infos,hg_stock
T5QCFbCFjcI,2025-09-24 11:31:11.729134,2dd912e7-a629-4bae-8dc2-8de63fe202ce,HGFV18A80E9B6632426AB49202321547E4A9,,,f,f,,0,tracking_video_publish_infos,hg_stock
T5QCFbCFjcI,2025-09-24 11:31:11.729134,2eaa49c3-1342-4e14-8711-d53de28fde52,HGFV2AC34CEB9C6D46F19362B8B3170B3CE8,UCYG8DOGclXSSmpcx_8mvYAw,,f,f,,3,tracking_video_publish_infos,hg_stock
T5QCFbCFjcI,2025-09-24 11:31:11.729134,2fa6ba5a-c79d-483c-a047-3f921b7cba5f,HGFV4F1A09CA051C4B969B64A8A4C307B37E,,,f,f,,0,tracking_video_publish_infos,hg_stock
T5QCFbCFjcI,2025-09-24 11:31:11.729134,2faefa3d-557e-44fd-840b-cfe49cf89173,HGFV4BB044516971491892A048B38B229F3A,UCYG8DOGclXSSmpcx_8mvYAw,,f,f,,3,tracking_video_publish_infos,hg_stock
T5QCFbCFjcI,2025-09-24 11:31:11.729134,30cd102f-cef6-4124-a2a3-950ba7912306,HGFV6DA8D1B3A1824E47BA805E82EB451D56,UCYG8DOGclXSSmpcx_8mvYAw,,f,f,,3,tracking_video_publish_infos,hg_stock
T5QCFbCFjcI,2025-09-24 11:31:11.729134,3151bbcf-eb02-44cb-a7d4-0129e0f823e8,HGFVA3981D4F713E45BAA77627D3C9578425,UCYG8DOGclXSSmpcx_8mvYAw,,f,f,,3,tracking_video_publish_infos,hg_stock
T5QCFbCFjcI,2025-09-24 11:31:11.729134,8dccfa14-e997-4e83-b211-5d883597f494,HGFV008C134B2F2A485D8B1492748A368B5E,,,f,f,,0,tracking_video_publish_infos,hg_stock
T5QCFbCFjcI,2025-09-24 11:31:11.729134,31b29de3-1b73-4075-9413-b7ea13e941e4,HGFV24ECBE187A7B4A37A55C41D387DEE790,UCYG8DOGclXSSmpcx_8mvYAw,,f,f,,3,tracking_video_publish_infos,hg_stock
T5QCFbCFjcI,2025-09-24 11:31:11.729134,321bdb1a-0b02-4913-8458-79bc6a765b80,HGFV2B34FF0EE33A468EB8294AD3311408C9,,,f,f,,0,tracking_video_publish_infos,hg_stock
T5QCFbCFjcI,2025-09-24 11:31:11.729134,3234c2b5-7242-4614-ae3e-81778d79abad,HGFV79B878D17AD14F3BA478CE35B3EBECA5,,,f,f,,0,tracking_video_publish_infos,hg_stock
T5QCFbCFjcI,2025-09-24 11:31:11.729134,3289d0e2-8535-43e4-b1f3-98592b91855f,HGFV3B0052BE9E0F4E68A05D2861943E5EE0,,,f,f,,0,tracking_video_publish_infos,hg_stock
T5QCFbCFjcI,2025-09-24 11:31:11.729134,32e8a7d2-c945-40c5-9573-e59740ba2118,HGFV6FF7CFC31E8B402BBB21D14CB23F8EB1,UCYG8DOGclXSSmpcx_8mvYAw,,f,f,,3,tracking_video_publish_infos,hg_stock
T5QCFbCFjcI,2025-09-24 11:31:11.729134,339ece20-c93f-4e98-8715-30f37537cfb9,HGFV1DB080126AB346C68D4D2359131EC669,,,f,f,,0,tracking_video_publish_infos,hg_stock
T5QCFbCFjcI,2025-09-24 11:31:11.729134,358d4780-52d3-4cb9-bb83-b609489977f3,HGFV33786BEB5BA94E5ABC79A3CED88D4D67,UCYG8DOGclXSSmpcx_8mvYAw,,f,f,,3,tracking_video_publish_infos,hg_stock
T5QCFbCFjcI,2025-09-24 11:31:11.729134,36065fc9-3b3f-447e-a0fe-b2de0d61ff1e,HGFVFD183CB382B64BBA944D7560C7FE99FC,UCYG8DOGclXSSmpcx_8mvYAw,,f,f,,3,tracking_video_publish_infos,hg_stock
T5QCFbCFjcI,2025-09-24 11:31:11.729134,37a68315-c6d1-4b28-a9e8-5ab0cc84fc5d,HGFV3CAED736CC774AF8850FCBBAF513AC70,,,f,f,,0,tracking_video_publish_infos,hg_stock
T5QCFbCFjcI,2025-09-24 11:31:11.729134,37ea8a48-3703-470c-950e-f2b9b17ed2b3,HGFV8135930DAF564018A56CC5D885E7C38E,UCYG8DOGclXSSmpcx_8mvYAw,,f,f,,3,tracking_video_publish_infos,hg_stock
T5QCFbCFjcI,2025-09-24 11:31:11.729134,393ffbc7-6ab5-4fb7-93cd-bce83c8974dc,HGFVFA960066A57C48CEB5E41B2873856076,,,f,f,,0,tracking_video_publish_infos,hg_stock
T5QCFbCFjcI,2025-09-24 11:31:11.729134,396f5bd1-c8fe-4936-9a31-98e5dcde7159,HGFV1EF2F9C1A70C45CBAF9D0A6B9A920C4E,,,f,f,,0,tracking_video_publish_infos,hg_stock
T5QCFbCFjcI,2025-09-24 11:31:11.729134,39c169d2-c46d-4278-9b2b-18f4232b0c17,HGFV3AE768AAB45C47EBA947B9D71D0C11F3,UCYG8DOGclXSSmpcx_8mvYAw,,f,f,,3,tracking_video_publish_infos,hg_stock
T5QCFbCFjcI,2025-09-24 11:31:11.729134,3a1e2a31-9367-4141-8fb7-ad5179d84596,HGFV18C2AAFF659D4EA8B6E5C0D367FC2410,,,f,f,,0,tracking_video_publish_infos,hg_stock
T5QCFbCFjcI,2025-09-24 11:31:11.729134,3a329d02-97f4-46fb-a6f3-812195eea2db,HGFV749A1665679E4D918794560AAC5EBA37,,,f,f,,0,tracking_video_publish_infos,hg_stock
T5QCFbCFjcI,2025-09-24 11:31:11.729134,3a3e3315-a4f9-4344-baee-884bc843c8b4,HGFA3EE4D361EA0A4CE2A8AA9ADC0DF47191,UCYG8DOGclXSSmpcx_8mvYAw,,f,f,,3,tracking_video_publish_infos,hg_stock
T5QCFbCFjcI,2025-09-24 11:31:11.729134,3b59966a-84db-4853-b4f9-99be22219fad,HGFVF088344CEFB5431896096B15532C0274,UCYG8DOGclXSSmpcx_8mvYAw,,f,f,,3,tracking_video_publish_infos,hg_stock
T5QCFbCFjcI,2025-09-24 11:31:11.729134,3c463655-a9dc-45cd-9921-3e597247483e,HGFVFCE3E58480AB4761B3B4CE72A83CE604,,,f,f,,0,tracking_video_publish_infos,hg_stock
T5QCFbCFjcI,2025-09-24 11:31:11.729134,3e5240aa-e16c-43f4-8e9d-f0166c7678f4,HGFV0B887056AF0D4A8989B9741832DFD2C1,,,f,f,,0,tracking_video_publish_infos,hg_stock
T5QCFbCFjcI,2025-09-24 11:31:11.729134,3e995e15-1b19-4921-ad1e-1ecc17f0b432,HGFVA844A91CB1424440B35DF5DDE3212D48,,,f,f,,0,tracking_video_publish_infos,hg_stock
T5QCFbCFjcI,2025-09-24 11:31:11.729134,3f43d4f2-1b25-4126-928b-845453ae1a92,HGFV189AED08ABDB4A62B58E9B7AC865F795,UCYG8DOGclXSSmpcx_8mvYAw,,f,f,,3,tracking_video_publish_infos,hg_stock
T5QCFbCFjcI,2025-09-24 11:31:11.729134,3f94f39e-5609-4461-bd6e-99edeca52038,HGFV9B4B16D53A4843719E20528DC8576788,,,f,f,,0,tracking_video_publish_infos,hg_stock
T5QCFbCFjcI,2025-09-24 11:31:11.729134,3fa20bcb-4642-452b-a7fa-9d7ac6bafaad,HGFV5AFA8A1057544604AC47A0674217DC73,UCYG8DOGclXSSmpcx_8mvYAw,,f,f,,3,tracking_video_publish_infos,hg_stock
T5QCFbCFjcI,2025-09-24 11:31:11.729134,3fcaa925-6b37-4536-acf1-9a3ff94c9b4e,HGFV394CFEFD8DFC4125841D229B5FDBB1C3,UCYG8DOGclXSSmpcx_8mvYAw,,f,f,,3,tracking_video_publish_infos,hg_stock
T5QCFbCFjcI,2025-09-24 11:31:11.729134,405ba8d5-52c9-490d-855c-110ab48a95f9,HGFV3FD51BE815A14A28BAA366E0531145BF,,,f,f,,0,tracking_video_publish_infos,hg_stock
T5QCFbCFjcI,2025-09-24 11:31:11.729134,41005fff-2321-4e4a-add7-6ad33965e706,HGFVA0A192B76F5B43F7AB88935BB26BFFAF,,,f,f,,0,tracking_video_publish_infos,hg_stock
T5QCFbCFjcI,2025-09-24 11:31:11.729134,4225da4a-870f-4d79-a0a0-8ac3f15aa8de,HGFV11517760AEE845EDBC96B6B068693007,UCYG8DOGclXSSmpcx_8mvYAw,,f,f,,3,tracking_video_publish_infos,hg_stock
T5QCFbCFjcI,2025-09-24 11:31:11.729134,42624853-11bf-4e28-b5ae-8819fa72a881,HGFV25D34A4983FE40299D9FF8E190444449,UCYG8DOGclXSSmpcx_8mvYAw,,f,f,,3,tracking_video_publish_infos,hg_stock
T5QCFbCFjcI,2025-09-24 11:31:11.729134,43801178-f2cf-41b3-84b5-ca69eca41274,HGFV4B3ABBFABFC64416BDEDB11070B9BA11,UCYG8DOGclXSSmpcx_8mvYAw,,f,f,,3,tracking_video_publish_infos,hg_stock
T5QCFbCFjcI,2025-09-24 11:31:11.729134,43e96649-d153-49c7-bbb8-ef4c630812d4,HGFV3B27CD93ACAE42459D40B5524D716412,,,f,f,,0,tracking_video_publish_infos,hg_stock
T5QCFbCFjcI,2025-09-24 11:31:11.729134,4406999f-3326-4f59-a5be-7894cf1414fd,HGFV3C3DD40C865540F0AAE94DC4EACA93FD,UCYG8DOGclXSSmpcx_8mvYAw,,f,f,,3,tracking_video_publish_infos,hg_stock
T5QCFbCFjcI,2025-09-24 11:31:11.729134,443846fa-bbb7-47b8-a3dd-05705ec81ff4,HGFV0631672E1CB349E0A77E067E165E28B5,UCYG8DOGclXSSmpcx_8mvYAw,,f,f,,3,tracking_video_publish_infos,hg_stock
T5QCFbCFjcI,2025-09-24 11:31:11.729134,4445a72e-fa81-43cc-818d-514635150a6b,HGFV3AA03A1FF7A14F11ACBCDE4B865E14B0,UCYG8DOGclXSSmpcx_8mvYAw,,f,f,,3,tracking_video_publish_infos,hg_stock
T5QCFbCFjcI,2025-09-24 11:31:11.729134,446f4d10-6a28-473f-bd42-2cd4970eaf19,HGFV5D873814339741BEBFA9BD39780D54EE,,,f,f,,0,tracking_video_publish_infos,hg_stock
T5QCFbCFjcI,2025-09-24 11:31:11.729134,44993aac-e583-41c5-8c33-d877d126b7ae,HGFV018DD84CEBF24C3DA9C10D3293F58A7D,,,f,f,,0,tracking_video_publish_infos,hg_stock
T5QCFbCFjcI,2025-09-24 11:31:11.729134,44bd8753-aa61-422e-8bf8-93096c52497e,HGFV018DD84CEBF24C3DA9C10D3293F58A7D,UCYG8DOGclXSSmpcx_8mvYAw,,f,f,,3,tracking_video_publish_infos,hg_stock
T5QCFbCFjcI,2025-09-24 11:31:11.729134,45117522-1f60-4b49-afb8-b3a0476f0502,HGFV31F03D439270449592612F9614C04929,,,f,f,,0,tracking_video_publish_infos,hg_stock
T5QCFbCFjcI,2025-09-24 11:31:11.729134,4519720d-93f4-41b1-a531-62dca158951f,HGFVA5D4306C0EC1428BB6DBE8A64EFECD9D,,,f,f,,0,tracking_video_publish_infos,hg_stock
T5QCFbCFjcI,2025-09-24 11:31:11.729134,4557ac23-ebed-46e0-bb46-b50f7594f2d4,HGFV2B29C43E4E8A4CAF95B52C954516D98B,,,f,f,,0,tracking_video_publish_infos,hg_stock
T5QCFbCFjcI,2025-09-24 11:31:11.729134,459cb36f-c951-4193-b68d-5757a4c2f6d1,HGFV88749EAB40444B4DA9B1BEB9E3226332,,,f,f,,0,tracking_video_publish_infos,hg_stock
T5QCFbCFjcI,2025-09-24 11:31:11.729134,45dda44c-28b8-4449-87f3-8b9894d6f55f,HGFV05860701C7CB449397BFF34CEB8D91A9,,,f,f,,0,tracking_video_publish_infos,hg_stock
T5QCFbCFjcI,2025-09-24 11:31:11.729134,46a5605f-df95-4eca-87f9-6c64bb2ea21d,HGFVA2CCC5AA30FD477E87E569EB5A7DFF2F,UCYG8DOGclXSSmpcx_8mvYAw,,f,f,,3,tracking_video_publish_infos,hg_stock
T5QCFbCFjcI,2025-09-24 11:31:11.729134,46a75a6b-9abd-45f5-9ca3-a7ebfdab26e6,HGFV221F0536DD1F439296D52D4E45855D84,UCYG8DOGclXSSmpcx_8mvYAw,,f,f,,3,tracking_video_publish_infos,hg_stock
T5QCFbCFjcI,2025-09-24 11:31:11.729134,46d0fdfe-e69c-4e9f-bb7b-153ac57632f0,HGFVB676C82B08834765820C1DC9A69DEE7D,UCYG8DOGclXSSmpcx_8mvYAw,,f,f,,3,tracking_video_publish_infos,hg_stock
T5QCFbCFjcI,2025-09-24 11:31:11.729134,478304e5-d48c-4422-8d2a-55cb3b9b3019,HGFV4C6A315ED6584A1482B8C2DC093B9DC6,,,f,f,,0,tracking_video_publish_infos,hg_stock
T5QCFbCFjcI,2025-09-24 11:31:11.729134,486b1030-a374-410d-b703-69f8bfcad423,HGFV0480BAC7770F43F498CF8BCABEFB3FCA,UCYG8DOGclXSSmpcx_8mvYAw,,f,f,,3,tracking_video_publish_infos,hg_stock
T5QCFbCFjcI,2025-09-24 11:31:11.729134,4883fbf5-2b3d-4a64-8fff-e89226aebde3,HGFV1FF8A2BED3EF442791B772D826CB8B0D,UCYG8DOGclXSSmpcx_8mvYAw,,f,f,,3,tracking_video_publish_infos,hg_stock
T5QCFbCFjcI,2025-09-24 11:31:11.729134,48b94c8d-9e55-47ad-805b-7ed19ae9a282,HGFV7C40C026351641E19612732F19740021,UCYG8DOGclXSSmpcx_8mvYAw,,f,f,,3,tracking_video_publish_infos,hg_stock
T5QCFbCFjcI,2025-09-24 11:31:11.729134,48d74b7c-b17c-4390-b05c-4074bec2698a,HGFA65329D921EC74FC99F6A58A186E51C9E,UCYG8DOGclXSSmpcx_8mvYAw,,f,f,,3,tracking_video_publish_infos,hg_stock
T5QCFbCFjcI,2025-09-24 11:31:11.729134,499e780a-52f3-4679-956a-39555534b9c8,HGFV550E77FCDDAB417E8B25597C4C669B1C,,,f,f,,0,tracking_video_publish_infos,hg_stock
T5QCFbCFjcI,2025-09-24 11:31:11.729134,c0729ab3-3f11-4ea2-8df1-3bbdeba9541d,HGFV4B389D9815984FACAC6E26FF0473BD40,,,f,f,,0,tracking_video_publish_infos,hg_stock
T5QCFbCFjcI,2025-09-24 11:31:11.729134,4ad20533-e8b7-4582-ae87-a1570fe01416,HGFV2CFAED3AA7504C738DE37C081A18F75A,UCYG8DOGclXSSmpcx_8mvYAw,,f,f,,3,tracking_video_publish_infos,hg_stock
T5QCFbCFjcI,2025-09-24 11:31:11.729134,4b280acb-fe6a-4e56-be15-3838fd1abe26,HGFVB7C552D2408143C1A4FB94D0884F7662,UCYG8DOGclXSSmpcx_8mvYAw,,f,f,,3,tracking_video_publish_infos,hg_stock
T5QCFbCFjcI,2025-09-24 11:31:11.729134,4ca6e21b-ece4-40f2-87cb-fcd1e3ef0d96,HGFV3B2A41D78BDC40E98EA5AF93D5E75751,,,f,f,,0,tracking_video_publish_infos,hg_stock
T5QCFbCFjcI,2025-09-24 11:31:11.729134,4e0c85fb-b1a6-4776-b999-c2db11729a0d,HGFV9DE573A691AE4EDF856B22F37BBD5B3D,,,f,f,,0,tracking_video_publish_infos,hg_stock
T5QCFbCFjcI,2025-09-24 11:31:11.729134,4e100cb8-d77f-4145-8ce4-084014d2c81f,HGFV5D873814339741BEBFA9BD39780D54EE,UCYG8DOGclXSSmpcx_8mvYAw,,f,f,,3,tracking_video_publish_infos,hg_stock
T5QCFbCFjcI,2025-09-24 11:31:11.729134,4efdb95f-3de8-43ed-92bb-2a746ff35e7d,HGFV0BA26C5A1A1E481F95ABEFDC00C4C180,UCYG8DOGclXSSmpcx_8mvYAw,,f,f,,3,tracking_video_publish_infos,hg_stock
T5QCFbCFjcI,2025-09-24 11:31:11.729134,4f2ef47b-a074-42fa-ac66-9e3fe4190045,HGFV94B12127837D41AFA5B44232101F5FC4,,,f,f,,0,tracking_video_publish_infos,hg_stock
T5QCFbCFjcI,2025-09-24 11:31:11.729134,515de8a2-5927-4282-ba34-f8aaea5fcf7a,HGFVBC821539F6854247B349C643B6FF1636,,,f,f,,0,tracking_video_publish_infos,hg_stock
T5QCFbCFjcI,2025-09-24 11:31:11.729134,522289d8-2da2-4271-a591-adc378c6042e,HGFV04B3BA6442B84457A4695EF40F7F766B,,,f,f,,0,tracking_video_publish_infos,hg_stock
T5QCFbCFjcI,2025-09-24 11:31:11.729134,522b9add-da23-4762-bae8-462bc8299989,HGFVFE1D7C4037A74168B7F42D4168F12C17,UCYG8DOGclXSSmpcx_8mvYAw,,f,f,,3,tracking_video_publish_infos,hg_stock
T5QCFbCFjcI,2025-09-24 11:31:11.729134,523e19c8-bb62-4f4c-9c84-bb4cd66c236a,HGFV390B11317009455B9DB0BA52D863A669,UCYG8DOGclXSSmpcx_8mvYAw,,f,f,,3,tracking_video_publish_infos,hg_stock
T5QCFbCFjcI,2025-09-24 11:31:11.729134,5355f4b0-a8a4-4b3e-af2e-4d13f7a40a81,HGFV7814AEB5EEA549E691B57D8DD13F080A,,,f,f,,0,tracking_video_publish_infos,hg_stock
T5QCFbCFjcI,2025-09-24 11:31:11.729134,53d79b9a-a98f-41b8-aa5f-71586a7bc6c1,HGFV1B54A03B36BC48E6B60EDF258CFD2C9F,UCYG8DOGclXSSmpcx_8mvYAw,,f,f,,3,tracking_video_publish_infos,hg_stock
T5QCFbCFjcI,2025-09-24 11:31:11.729134,5415b74e-3b6d-4d0f-8597-dd51522a1bde,HGFV3B6E992144F3494888B763DC014E2A2E,UCYG8DOGclXSSmpcx_8mvYAw,,f,f,,3,tracking_video_publish_infos,hg_stock
T5QCFbCFjcI,2025-09-24 11:31:11.729134,544e7605-4f05-4749-b0aa-09e6a6bae6e4,HGFVA982943BC0E24A7CAC71B0BAB51FF3FA,UCYG8DOGclXSSmpcx_8mvYAw,,f,f,,3,tracking_video_publish_infos,hg_stock
T5QCFbCFjcI,2025-09-24 11:31:11.729134,5494fa93-e1d6-4252-ab7b-8b87800e60ba,HGFV0054734C522A418DA87EA509D5A4C198,UCYG8DOGclXSSmpcx_8mvYAw,,f,f,,3,tracking_video_publish_infos,hg_stock
T5QCFbCFjcI,2025-09-24 11:31:11.729134,5542506b-6bd5-429b-8823-80e9e9413ff8,HGFV1CDC20E66FA2408D99A9A9AE3A4D6F16,,,f,f,,0,tracking_video_publish_infos,hg_stock
T5QCFbCFjcI,2025-09-24 11:31:11.729134,556ea197-19f5-4cca-acc4-5383f437d2bc,HGFV082F877E9A74402AACE07AF2A5C0B3CC,UCYG8DOGclXSSmpcx_8mvYAw,,f,f,,3,tracking_video_publish_infos,hg_stock
T5QCFbCFjcI,2025-09-24 11:31:11.729134,55974846-4e16-4b16-bb94-4bb3b176a174,HGFV2B5C38548043427E9A57C4C6EE871C43,UCYG8DOGclXSSmpcx_8mvYAw,,f,f,,3,tracking_video_publish_infos,hg_stock
T5QCFbCFjcI,2025-09-24 11:31:11.729134,56536d4a-306a-415a-9280-ab40fcaaeea5,HGFV3FD51BE815A14A28BAA366E0531145BF,UCYG8DOGclXSSmpcx_8mvYAw,,f,f,,3,tracking_video_publish_infos,hg_stock
T5QCFbCFjcI,2025-09-24 11:31:11.729134,575d7a89-021f-4989-88e2-c94b8c6e2512,HGFV2E609B6B855E47E2BB63DCF260EDD0FA,,,f,f,,0,tracking_video_publish_infos,hg_stock
T5QCFbCFjcI,2025-09-24 11:31:11.729134,57b25ce9-fff0-489b-bb6d-5339a65d3147,HGFV87F36E2F723642679FEA5719FB90472E,UCYG8DOGclXSSmpcx_8mvYAw,,f,f,,3,tracking_video_publish_infos,hg_stock
T5QCFbCFjcI,2025-09-24 11:31:11.729134,57fb1315-663b-4f65-9147-0bc267f1847d,HGFV4C6A315ED6584A1482B8C2DC093B9DC6,UCYG8DOGclXSSmpcx_8mvYAw,,f,f,,3,tracking_video_publish_infos,hg_stock
T5QCFbCFjcI,2025-09-24 11:31:11.729134,59755e25-4613-4ef1-914c-1d4d52ac1105,HGFV9757532A830041BDB79F8EB491DEFC5A,UCYG8DOGclXSSmpcx_8mvYAw,,f,f,,3,tracking_video_publish_infos,hg_stock
T5QCFbCFjcI,2025-09-24 11:31:11.729134,5b038c35-9e11-462c-a90a-597ee48d3aa8,HGFV2E982B18DFA84FFAAF2231EA68F43445,,,f,f,,0,tracking_video_publish_infos,hg_stock
T5QCFbCFjcI,2025-09-24 11:31:11.729134,5b8d438c-5fd5-440b-a402-75bd0e478ea8,HGFV79669D2CA838450ABBD658BF7270864C,UCYG8DOGclXSSmpcx_8mvYAw,,f,f,,3,tracking_video_publish_infos,hg_stock
T5QCFbCFjcI,2025-09-24 11:31:11.729134,5c376171-68cd-421e-82c4-3e2f1a0c9d12,HGFV255C4C0E96C84F35A500ADE0E0141543,UCYG8DOGclXSSmpcx_8mvYAw,,f,f,,3,tracking_video_publish_infos,hg_stock
T5QCFbCFjcI,2025-09-24 11:31:11.729134,5c8dfd3d-e808-4bcd-8386-2100d4d63c71,HGFV31A04E158B874E08BD191DCFF87582DD,,,f,f,,0,tracking_video_publish_infos,hg_stock
T5QCFbCFjcI,2025-09-24 11:31:11.729134,5c926742-862d-41cf-ae41-307b161c0353,HGFV6D0EDCCED6AB46AA9537EB4C226EFDAD,UCYG8DOGclXSSmpcx_8mvYAw,,f,f,,3,tracking_video_publish_infos,hg_stock
T5QCFbCFjcI,2025-09-24 11:31:11.729134,5cd2016c-e6df-48d4-aef3-68027593664a,HGFV86CEB890BD03401DA49BD0A4BF356BC9,,,f,f,,0,tracking_video_publish_infos,hg_stock
T5QCFbCFjcI,2025-09-24 11:31:11.729134,5d3743bf-9a93-4d98-a874-4863f9ce631b,HGFV33D69BDF751E4E379FFF122AEDDC0132,UCYG8DOGclXSSmpcx_8mvYAw,,f,f,,3,tracking_video_publish_infos,hg_stock
T5QCFbCFjcI,2025-09-24 11:31:11.729134,5d7204a0-cd9e-44d9-8c64-ef5dc850be01,HGFVFB5DDFFE75FE48FC8B99E789AB205A51,,,f,f,,0,tracking_video_publish_infos,hg_stock
T5QCFbCFjcI,2025-09-24 11:31:11.729134,5d75537a-1934-455f-8d3c-cb200cf09560,HGFV5DEF68438AFB4E1BA33B1CC0C205DD72,UCYG8DOGclXSSmpcx_8mvYAw,,f,f,,3,tracking_video_publish_infos,hg_stock
T5QCFbCFjcI,2025-09-24 11:31:11.729134,5da38e73-375b-4cee-bd19-e05b31d0d168,HGFV835B95AC0ABB49A9864D8DC43C7E8B49,UCYG8DOGclXSSmpcx_8mvYAw,,f,f,,3,tracking_video_publish_infos,hg_stock
T5QCFbCFjcI,2025-09-24 11:31:11.729134,5dd86d74-87cf-4dca-9de4-516e12299f02,HGFV09F2ABECF33146BE8A5365F192C4EFB0,,,f,f,,0,tracking_video_publish_infos,hg_stock
T5QCFbCFjcI,2025-09-24 11:31:11.729134,5e53fe20-3573-42c6-aeca-0ad7564435c1,HGFV093D695566464FF8AB754D65D7FB7B55,,,f,f,,0,tracking_video_publish_infos,hg_stock
T5QCFbCFjcI,2025-09-24 11:31:11.729134,5f58e479-923e-4332-961c-5f69622ff53e,HGFV1C07C0E47D994C64AC82FBBC7BA23935,UCYG8DOGclXSSmpcx_8mvYAw,,f,f,,3,tracking_video_publish_infos,hg_stock
T5QCFbCFjcI,2025-09-24 11:31:11.729134,60a6a4b9-a4cc-4ef6-bc6a-322a0ce6a7af,HGFV7E0A9AE16909494EB6F8CD149C87916E,,,f,f,,0,tracking_video_publish_infos,hg_stock
T5QCFbCFjcI,2025-09-24 11:31:11.729134,62b9925c-4c63-454c-876c-774e1189541e,HGFV72E9253C5E454B7E9CA39861BA2F7367,UCYG8DOGclXSSmpcx_8mvYAw,,f,f,,3,tracking_video_publish_infos,hg_stock
T5QCFbCFjcI,2025-09-24 11:31:11.729134,6355e66e-40c5-4343-b2ee-a32debdc3809,HGFV650DB20B4227434DB29F84057C31EA79,UCYG8DOGclXSSmpcx_8mvYAw,,f,f,,3,tracking_video_publish_infos,hg_stock
T5QCFbCFjcI,2025-09-24 11:31:11.729134,63689f69-e6d9-4064-97a4-9843b494adc1,HGFV983939F93C59499EA6FF734FBA97066B,,,f,f,,0,tracking_video_publish_infos,hg_stock
T5QCFbCFjcI,2025-09-24 11:31:11.729134,6424d453-d69c-47ec-8818-cbaee5e6cdce,HGFVB8009A722F0741BA91584E2C1EE2DC8E,UCYG8DOGclXSSmpcx_8mvYAw,,f,f,,3,tracking_video_publish_infos,hg_stock
T5QCFbCFjcI,2025-09-24 11:31:11.729134,643d0f5b-e810-4442-9d67-f057ffae51e3,HGFV6B88A0F04DAD4397BA37E28900BB41C4,UCYG8DOGclXSSmpcx_8mvYAw,,f,f,,3,tracking_video_publish_infos,hg_stock
T5QCFbCFjcI,2025-09-24 11:31:11.729134,64803e83-a87c-4410-b21d-c87dbb1b4b7c,HGFV2ABA79B79A6E4F4795A4360FF51EC07A,UCYG8DOGclXSSmpcx_8mvYAw,,f,f,,3,tracking_video_publish_infos,hg_stock
T5QCFbCFjcI,2025-09-24 11:31:11.729134,649f371c-6a13-4fa6-bbc7-1c644eedd434,HGFV85D9D7244CB54E3E85422FCA8FA99C97,,,f,f,,0,tracking_video_publish_infos,hg_stock
T5QCFbCFjcI,2025-09-24 11:31:11.729134,66b696e0-2c67-40ad-8604-b06ff79d3f38,HGFV9B4B16D53A4843719E20528DC8576788,UCYG8DOGclXSSmpcx_8mvYAw,,f,f,,3,tracking_video_publish_infos,hg_stock
T5QCFbCFjcI,2025-09-24 11:31:11.729134,66e2a707-c4fc-46b4-95d3-c9728aedc8b7,HGFV01CDD3489A1A4B03A4C4C1E769BB444E,,,f,f,,0,tracking_video_publish_infos,hg_stock
T5QCFbCFjcI,2025-09-24 11:31:11.729134,670b26d8-f20d-447c-b6b3-c30492153f4d,HGFV0ED8B30B81C54330BFC41AAB4292C7A0,UCYG8DOGclXSSmpcx_8mvYAw,,f,f,,3,tracking_video_publish_infos,hg_stock
T5QCFbCFjcI,2025-09-24 11:31:11.729134,672c1061-91bb-4b51-8061-637f056ba575,HGFV3CAED736CC774AF8850FCBBAF513AC70,UCYG8DOGclXSSmpcx_8mvYAw,,f,f,,3,tracking_video_publish_infos,hg_stock
T5QCFbCFjcI,2025-09-24 11:31:11.729134,67731bc4-4f5d-48d4-80d1-dce370d05db9,HGFV55D74D6A400844FB8429F08894F56F99,UCYG8DOGclXSSmpcx_8mvYAw,,f,f,,3,tracking_video_publish_infos,hg_stock
T5QCFbCFjcI,2025-09-24 11:31:11.729134,6aef2dd9-63e5-481b-9771-a49135a81745,HGFV2B34FF0EE33A468EB8294AD3311408C9,UCYG8DOGclXSSmpcx_8mvYAw,,f,f,,3,tracking_video_publish_infos,hg_stock
T5QCFbCFjcI,2025-09-24 11:31:11.729134,6b4bdd6f-ee74-4f7c-b2c8-77e719a1115b,HGFV8A80A0ADE59240F09E99A413D409E378,,,f,f,,0,tracking_video_publish_infos,hg_stock
T5QCFbCFjcI,2025-09-24 11:31:11.729134,6bf55567-61c8-42bc-a907-6a3c188f7ccc,HGFV2AAE7DDF436542D28C56E967D7911763,UCYG8DOGclXSSmpcx_8mvYAw,,f,f,,3,tracking_video_publish_infos,hg_stock
T5QCFbCFjcI,2025-09-24 11:31:11.729134,6c29b2a8-96dd-40a2-9c50-60725bffbd17,HGFV6E594917384841DC910114B10AEBACE8,,,f,f,,0,tracking_video_publish_infos,hg_stock
T5QCFbCFjcI,2025-09-24 11:31:11.729134,6cf3a894-ec22-4a5e-ba83-53dac8e3285e,HGFV749A1665679E4D918794560AAC5EBA37,UCYG8DOGclXSSmpcx_8mvYAw,,f,f,,3,tracking_video_publish_infos,hg_stock
T5QCFbCFjcI,2025-09-24 11:31:11.729134,6f40a962-70ad-4305-a455-0d21644bc22b,HGFV9566FA8D071846409E08F6AB4098AB3B,UCYG8DOGclXSSmpcx_8mvYAw,,f,f,,3,tracking_video_publish_infos,hg_stock
T5QCFbCFjcI,2025-09-24 11:31:11.729134,6f5f841f-fa6f-4a76-b7cd-c645af3b0208,HGFV8E2338F940B343E8BA40E2FD3D213B7C,,,f,f,,0,tracking_video_publish_infos,hg_stock
T5QCFbCFjcI,2025-09-24 11:31:11.729134,708b73f1-25f0-4ed8-8e9a-9c09a66fb768,HGFV076F9D5607724DB1AD926AB6396F0EBD,UCYG8DOGclXSSmpcx_8mvYAw,,f,f,,3,tracking_video_publish_infos,hg_stock
T5QCFbCFjcI,2025-09-24 11:31:11.729134,70ca7792-84f8-4285-b071-fd72382e51e6,HGFVA0A192B76F5B43F7AB88935BB26BFFAF,UCYG8DOGclXSSmpcx_8mvYAw,,f,f,,3,tracking_video_publish_infos,hg_stock
T5QCFbCFjcI,2025-09-24 11:31:11.729134,7109952b-289b-4183-a5cc-4e1950021fb1,HGFV01CDD3489A1A4B03A4C4C1E769BB444E,UCYG8DOGclXSSmpcx_8mvYAw,,f,f,,3,tracking_video_publish_infos,hg_stock
T5QCFbCFjcI,2025-09-24 11:31:11.729134,72003335-a570-4eaf-a4c9-4bd8de032eb9,HGFV175A11A6FBC64AB5B39ACB93E558FAF2,,,f,f,,0,tracking_video_publish_infos,hg_stock
T5QCFbCFjcI,2025-09-24 11:31:11.729134,7338080c-1db3-4e0d-8f3f-959cb999956d,HGFV0CA079D2D1944563BF768F3264984955,,,f,f,,0,tracking_video_publish_infos,hg_stock
T5QCFbCFjcI,2025-09-24 11:31:11.729134,73706caa-362f-4a62-976e-867619edce6b,HGFV44E9DA6DF80D49869F4B490D15C9C30B,,,f,f,,0,tracking_video_publish_infos,hg_stock
T5QCFbCFjcI,2025-09-24 11:31:11.729134,73d8825d-aa8e-4985-aeb5-6e90b1cfab48,HGFV39A3E61F57F64443B83BB084A922B925,UCYG8DOGclXSSmpcx_8mvYAw,,f,f,,3,tracking_video_publish_infos,hg_stock
T5QCFbCFjcI,2025-09-24 11:31:11.729134,73f7e9d2-6f58-44ed-a641-bf59dda42777,HGFV8A9C0330F631471186DB1CDEBB1AF753,UCYG8DOGclXSSmpcx_8mvYAw,,f,f,,3,tracking_video_publish_infos,hg_stock
T5QCFbCFjcI,2025-09-24 11:31:11.729134,741f2969-0aae-485d-a612-2ac2bac84524,HGFV8B5F5A1448AF417BB1ED728F0DA058ED,UCYG8DOGclXSSmpcx_8mvYAw,,f,f,,3,tracking_video_publish_infos,hg_stock
T5QCFbCFjcI,2025-09-24 11:31:11.729134,76c79f01-88e0-4d95-aa26-97fcbcd47e6c,HGFVBA619A2B12AB4B54BC2012ECDF271242,,,f,f,,0,tracking_video_publish_infos,hg_stock
T5QCFbCFjcI,2025-09-24 11:31:11.729134,778a967a-5212-459b-814a-286b9ace7a50,HGFV0AB3F87F8D9D4A73A779407FE5081AFA,UCYG8DOGclXSSmpcx_8mvYAw,,f,f,,3,tracking_video_publish_infos,hg_stock
T5QCFbCFjcI,2025-09-24 11:31:11.729134,779fcf85-a5da-40b0-9cf1-57ec28321791,HGFV4E6560F1E1DD479A9B2A02F6F14E6C7B,,,f,f,,0,tracking_video_publish_infos,hg_stock
T5QCFbCFjcI,2025-09-24 11:31:11.729134,77ecced1-8825-4690-82e6-2dd4939576ac,HGFV54BACE5F551D4E41A5B6CF67956EDFFC,,,f,f,,0,tracking_video_publish_infos,hg_stock
T5QCFbCFjcI,2025-09-24 11:31:11.729134,780b28e5-c171-411f-86e1-7c5e2b73304e,HGFV8A80A0ADE59240F09E99A413D409E378,UCYG8DOGclXSSmpcx_8mvYAw,,f,f,,3,tracking_video_publish_infos,hg_stock
T5QCFbCFjcI,2025-09-24 11:31:11.729134,789450c4-b8f5-48d8-a422-f3a74aa3b24c,HGFV86CEB890BD03401DA49BD0A4BF356BC9,UCYG8DOGclXSSmpcx_8mvYAw,,f,f,,3,tracking_video_publish_infos,hg_stock
T5QCFbCFjcI,2025-09-24 11:31:11.729134,7b8b564b-0628-4f70-874a-bbc6a9bea111,HGFVA94F4D61C66D4CA1B4ECA6F86246A726,UCYG8DOGclXSSmpcx_8mvYAw,,f,f,,3,tracking_video_publish_infos,hg_stock
T5QCFbCFjcI,2025-09-24 11:31:11.729134,7c577446-8e8d-47d8-b42c-3f4f56655832,HGFVAB3642CC684D44E5A1976F97B5118B10,UCYG8DOGclXSSmpcx_8mvYAw,,f,f,,3,tracking_video_publish_infos,hg_stock
T5QCFbCFjcI,2025-09-24 11:31:11.729134,7cb3b049-c995-402a-b795-1cec5f2d2bde,HGFV7E0A9AE16909494EB6F8CD149C87916E,UCYG8DOGclXSSmpcx_8mvYAw,,f,f,,3,tracking_video_publish_infos,hg_stock
T5QCFbCFjcI,2025-09-24 11:31:11.729134,7d5b3372-e151-44ad-a4ae-4d96ba7e825b,HGFVA1BB88ACBBC440F78144C45D44A15B6C,,,f,f,,0,tracking_video_publish_infos,hg_stock
T5QCFbCFjcI,2025-09-24 11:31:11.729134,7da47659-7036-492c-81d7-8df891839e67,HGFV4327C8E1A1E6408EA77B3AEF2F71F896,UCYG8DOGclXSSmpcx_8mvYAw,,f,f,,3,tracking_video_publish_infos,hg_stock
T5QCFbCFjcI,2025-09-24 11:31:11.729134,7da50a50-d70b-4255-9c5a-eaef7cc57ceb,HGFV3C7DD2203ABF4BCFB5ACD248DD85B2A9,,,f,f,,0,tracking_video_publish_infos,hg_stock
T5QCFbCFjcI,2025-09-24 11:31:11.729134,7da6ca0e-e1b9-44c9-a0f4-73f674b63923,HGFV85493980AE174F11AFC4DDDAAB96AE04,UCYG8DOGclXSSmpcx_8mvYAw,,f,f,,3,tracking_video_publish_infos,hg_stock
T5QCFbCFjcI,2025-09-24 11:31:11.729134,7db84a60-feb3-41ab-9720-31f4e030a18e,HGFV627F3DB68D134E0183250E823EFC42C1,UCYG8DOGclXSSmpcx_8mvYAw,,f,f,,3,tracking_video_publish_infos,hg_stock
T5QCFbCFjcI,2025-09-24 11:31:11.729134,7e194bb5-c846-409d-9721-b633b6c892ed,HGFVA7A04F9A597B4C7BAB9F45D339EE1DF5,UCYG8DOGclXSSmpcx_8mvYAw,,f,f,,3,tracking_video_publish_infos,hg_stock
T5QCFbCFjcI,2025-09-24 11:31:11.729134,7e7748f1-3550-4d7d-af17-c72d534afad1,HGFV85D9D7244CB54E3E85422FCA8FA99C97,UCYG8DOGclXSSmpcx_8mvYAw,,f,f,,3,tracking_video_publish_infos,hg_stock
T5QCFbCFjcI,2025-09-24 11:31:11.729134,7eadcc5c-6009-478a-90ae-5b5a3a4be38b,HGFV99D3FCFA4D6B4FE3B8FEDF90172969E5,,,f,f,,0,tracking_video_publish_infos,hg_stock
T5QCFbCFjcI,2025-09-24 11:31:11.729134,7f1512a9-5eb1-4b6d-899e-f60e02dc22ca,HGFV997183D582624B4B9D9C5C0BEF00CE3B,UCYG8DOGclXSSmpcx_8mvYAw,,f,f,,3,tracking_video_publish_infos,hg_stock
T5QCFbCFjcI,2025-09-24 11:31:11.729134,7f226b49-ad17-4731-b22d-3c4becdbb6e5,HGFV3C7AB399A9B541EE9A14D362EBBE1992,,,f,f,,0,tracking_video_publish_infos,hg_stock
T5QCFbCFjcI,2025-09-24 11:31:11.729134,7f3db2ac-0758-4751-ab2e-bf7a6e7bcd59,HGFV980DD17BF13143D3B5D170043C516EDA,UCYG8DOGclXSSmpcx_8mvYAw,,f,f,,3,tracking_video_publish_infos,hg_stock
T5QCFbCFjcI,2025-09-24 11:31:11.729134,7f8a0922-267d-4709-a9bc-92a7654b1aeb,HGFV4E6560F1E1DD479A9B2A02F6F14E6C7B,UCYG8DOGclXSSmpcx_8mvYAw,,f,f,,3,tracking_video_publish_infos,hg_stock
T5QCFbCFjcI,2025-09-24 11:31:11.729134,80469f7d-3780-4d1c-b438-c11f40d00e45,HGFV731D0B15DAA8470ABF1D0963B3518D66,UCYG8DOGclXSSmpcx_8mvYAw,,f,f,,3,tracking_video_publish_infos,hg_stock
T5QCFbCFjcI,2025-09-24 11:31:11.729134,811cde44-1d24-40fa-8354-457695091b22,HGFV31A04E158B874E08BD191DCFF87582DD,UCYG8DOGclXSSmpcx_8mvYAw,,f,f,,3,tracking_video_publish_infos,hg_stock
T5QCFbCFjcI,2025-09-24 11:31:11.729134,81761be8-020e-40ea-9809-4ece5cdd968b,HGFV334788C7606A4E948D1DAC775156C7F6,,,f,f,,0,tracking_video_publish_infos,hg_stock
T5QCFbCFjcI,2025-09-24 11:31:11.729134,84e56017-04f9-4b0f-96e7-c379f9a07007,HGFV9DE573A691AE4EDF856B22F37BBD5B3D,UCYG8DOGclXSSmpcx_8mvYAw,,f,f,,3,tracking_video_publish_infos,hg_stock
T5QCFbCFjcI,2025-09-24 11:31:11.729134,868b2cb9-c5e9-4677-a66d-0f0fcfbe6188,HGFV983939F93C59499EA6FF734FBA97066B,UCYG8DOGclXSSmpcx_8mvYAw,,f,f,,3,tracking_video_publish_infos,hg_stock
T5QCFbCFjcI,2025-09-24 11:31:11.729134,8705e0c7-2d7c-4ff8-bd43-171871115ea0,HGFV7374957FD5FC4559863612EF9E95821B,,,f,f,,0,tracking_video_publish_infos,hg_stock
T5QCFbCFjcI,2025-09-24 11:31:11.729134,879c9c87-459b-4dd8-a3d9-184abbb2d833,HGFV0D7915810FDB4B24B9941F35176AB8A3,UCYG8DOGclXSSmpcx_8mvYAw,,f,f,,3,tracking_video_publish_infos,hg_stock
T5QCFbCFjcI,2025-09-24 11:31:11.729134,887ac648-89f3-4a12-bb41-2e74f1ff6da6,HGFV0B887056AF0D4A8989B9741832DFD2C1,UCYG8DOGclXSSmpcx_8mvYAw,,f,f,,3,tracking_video_publish_infos,hg_stock
T5QCFbCFjcI,2025-09-24 11:31:11.729134,8a35f1a9-fd36-4d18-9477-1bb595e02b4a,HGFV2B521035E67442F8990AE75D659B222B,UCYG8DOGclXSSmpcx_8mvYAw,,f,f,,3,tracking_video_publish_infos,hg_stock
T5QCFbCFjcI,2025-09-24 11:31:11.729134,8a838171-b9e5-4346-9b5a-b2421c13cad5,HGFV974DD1490A004F0D86965F5A252CC330,UCYG8DOGclXSSmpcx_8mvYAw,,f,f,,3,tracking_video_publish_infos,hg_stock
T5QCFbCFjcI,2025-09-24 11:31:11.729134,8b04e5ca-8cf3-452a-8cf0-85db232f7264,HGFV88749EAB40444B4DA9B1BEB9E3226332,UCYG8DOGclXSSmpcx_8mvYAw,,f,f,,3,tracking_video_publish_infos,hg_stock
T5QCFbCFjcI,2025-09-24 11:31:11.729134,8d2d106d-1fe7-4571-a96f-715e737c7aff,HGFV63DE4357891A48279618F163DB2485F8,,,f,f,,0,tracking_video_publish_infos,hg_stock
T5QCFbCFjcI,2025-09-24 11:31:11.729134,90022723-1034-4eb3-a400-f7f87e2ae53e,HGFV7374957FD5FC4559863612EF9E95821B,UCYG8DOGclXSSmpcx_8mvYAw,,f,f,,3,tracking_video_publish_infos,hg_stock
T5QCFbCFjcI,2025-09-24 11:31:11.729134,90355052-8b55-4bc4-bedd-93e9eb5514ff,HGFVF3482F474B624750A681E41A6ABF35D9,UCYG8DOGclXSSmpcx_8mvYAw,,f,f,,3,tracking_video_publish_infos,hg_stock
T5QCFbCFjcI,2025-09-24 11:31:11.729134,904b460f-c1b4-4195-bb70-792d78bc9c89,HGFV8A3492AC17334E5D86F3080C90FCCD16,UCYG8DOGclXSSmpcx_8mvYAw,,f,f,,3,tracking_video_publish_infos,hg_stock
T5QCFbCFjcI,2025-09-24 11:31:11.729134,907a8cb0-cef2-4fb1-9d50-50846d85acc7,HGFV3FCE25D2EB0E468496CD3083BAA40739,UCYG8DOGclXSSmpcx_8mvYAw,,f,f,,3,tracking_video_publish_infos,hg_stock
T5QCFbCFjcI,2025-09-24 11:31:11.729134,90e322d4-41f3-41d8-9543-14e683d01e45,HGFV09F2ABECF33146BE8A5365F192C4EFB0,UCYG8DOGclXSSmpcx_8mvYAw,,f,f,,3,tracking_video_publish_infos,hg_stock
T5QCFbCFjcI,2025-09-24 11:31:11.729134,91b01b59-b6da-4179-bfb9-5770446bc9a2,HGFV175A11A6FBC64AB5B39ACB93E558FAF2,UCYG8DOGclXSSmpcx_8mvYAw,,f,f,,3,tracking_video_publish_infos,hg_stock
T5QCFbCFjcI,2025-09-24 11:31:11.729134,92d00abd-4086-458d-a5bb-262e48df13b0,HGFV6F7735D9BC764298BA221C24C808E5EB,UCYG8DOGclXSSmpcx_8mvYAw,,f,f,,3,tracking_video_publish_infos,hg_stock
T5QCFbCFjcI,2025-09-24 11:31:11.729134,93045b2d-df0d-41d8-a019-3c969b5ce643,HGFV2B29C43E4E8A4CAF95B52C954516D98B,UCYG8DOGclXSSmpcx_8mvYAw,,f,f,,3,tracking_video_publish_infos,hg_stock
T5QCFbCFjcI,2025-09-24 11:31:11.729134,9339b126-b401-4349-b45f-6252ac78b0a7,HGFV3FE861DE601B4D3B9E4579C33F25193A,UCYG8DOGclXSSmpcx_8mvYAw,,f,f,,3,tracking_video_publish_infos,hg_stock
T5QCFbCFjcI,2025-09-24 11:31:11.729134,93834932-27f9-4766-b744-e9c1dfc2c0db,HGFV7D9B1B6088E14547AA401EBCC6420798,UCYG8DOGclXSSmpcx_8mvYAw,,f,f,,3,tracking_video_publish_infos,hg_stock
T5QCFbCFjcI,2025-09-24 11:31:11.729134,93e27814-a170-44d5-ab91-c84e8dfda31d,HGFV25AE4A5BB7A24CC9B6FA8E52C919CD28,,,f,f,,0,tracking_video_publish_infos,hg_stock
T5QCFbCFjcI,2025-09-24 11:31:11.729134,95111912-6476-4e34-bb88-678b314927f3,HGFV3C3D595AC5864A099753FD82D5F9CB65,,,f,f,,0,tracking_video_publish_infos,hg_stock
T5QCFbCFjcI,2025-09-24 11:31:11.729134,95a3ece8-4291-4d26-b67c-bb068241101c,HGFV4C78CFF8AE0448E18A8B9B6D0FD8A406,UCYG8DOGclXSSmpcx_8mvYAw,,f,f,,3,tracking_video_publish_infos,hg_stock
T5QCFbCFjcI,2025-09-24 11:31:11.729134,962ec190-608f-4088-a0e3-6e77bb5baed6,HGFV550E77FCDDAB417E8B25597C4C669B1C,UCYG8DOGclXSSmpcx_8mvYAw,,f,f,,3,tracking_video_publish_infos,hg_stock
T5QCFbCFjcI,2025-09-24 11:31:11.729134,966e7b33-36e9-4d02-b523-e8c2bf22a9ef,HGFV3224B99FD2C64B209332811DA3107FD5,UCYG8DOGclXSSmpcx_8mvYAw,,f,f,,3,tracking_video_publish_infos,hg_stock
T5QCFbCFjcI,2025-09-24 11:31:11.729134,98cb861f-daec-4f6a-bbff-c5861f19b675,HGFV5FBC6CFB1E8D4BECB48421F4AC5F4E20,,,f,f,,0,tracking_video_publish_infos,hg_stock
T5QCFbCFjcI,2025-09-24 11:31:11.729134,98e06558-7231-4036-afae-8bf9bad1cb68,HGFV1C651EC40B3F46D79A6D0B39571B4C21,,,f,f,,0,tracking_video_publish_infos,hg_stock
T5QCFbCFjcI,2025-09-24 11:31:11.729134,993f093e-e6e5-4a32-a631-94178278fb32,HGFV1EF2F9C1A70C45CBAF9D0A6B9A920C4E,UCYG8DOGclXSSmpcx_8mvYAw,,f,f,,3,tracking_video_publish_infos,hg_stock
T5QCFbCFjcI,2025-09-24 11:31:11.729134,9984e159-6a68-4e5c-af7e-70f11ff2fae2,HGFV94B12127837D41AFA5B44232101F5FC4,UCYG8DOGclXSSmpcx_8mvYAw,,f,f,,3,tracking_video_publish_infos,hg_stock
T5QCFbCFjcI,2025-09-24 11:31:11.729134,9a86051a-86bc-4451-af15-f758685bf9ec,HGFV588A7D0CBD9E4C58B971865E7EE818A4,,,f,f,,0,tracking_video_publish_infos,hg_stock
T5QCFbCFjcI,2025-09-24 11:31:11.729134,9aa84e07-cd86-4c55-820f-63109e6f6cec,HGFV5ADE64DC8A224902995EA10373DB642F,,,f,f,,0,tracking_video_publish_infos,hg_stock
T5QCFbCFjcI,2025-09-24 11:31:11.729134,9b0f55b8-1031-4912-9ae6-0f3619507721,HGFV1CDC20E66FA2408D99A9A9AE3A4D6F16,UCYG8DOGclXSSmpcx_8mvYAw,,f,f,,3,tracking_video_publish_infos,hg_stock
T5QCFbCFjcI,2025-09-24 11:31:11.729134,9c9383f8-23a3-45eb-aacb-7467d8bc0b2d,HGFV66DEA6E637D94CF7A644046975C62B54,UCYG8DOGclXSSmpcx_8mvYAw,,f,f,,3,tracking_video_publish_infos,hg_stock
T5QCFbCFjcI,2025-09-24 11:31:11.729134,9d470a29-5d28-472c-86b9-40806a0e7be1,HGFVBD37105F082A44F5B9746CFC8AB2AC10,,,f,f,,0,tracking_video_publish_infos,hg_stock
T5QCFbCFjcI,2025-09-24 11:31:11.729134,9d4c70a7-d81a-480a-b72d-98f9dfff0d38,HGFV3B2A41D78BDC40E98EA5AF93D5E75751,UCYG8DOGclXSSmpcx_8mvYAw,,f,f,,3,tracking_video_publish_infos,hg_stock
T5QCFbCFjcI,2025-09-24 11:31:11.729134,9e15d8f0-f27f-4257-a568-582df4b0e90c,HGFV61C660EF8A524AE192B2ABB00136C70C,UCYG8DOGclXSSmpcx_8mvYAw,,f,f,,3,tracking_video_publish_infos,hg_stock
T5QCFbCFjcI,2025-09-24 11:31:11.729134,9ede1265-29f4-43a4-a2b3-8ed045c73611,HGFV49480B0CA85F4BA2B79CF793C756EF55,,,f,f,,0,tracking_video_publish_infos,hg_stock
T5QCFbCFjcI,2025-09-24 11:31:11.729134,9fe77642-0cd0-49ea-bcf6-3f79e6c0052c,HGFV0AA2B987A8A8411E99C37FAA9364A83B,UCYG8DOGclXSSmpcx_8mvYAw,,f,f,,3,tracking_video_publish_infos,hg_stock
T5QCFbCFjcI,2025-09-24 11:31:11.729134,a2821075-8ee1-46c0-8c88-d60b510bfc64,HGFV18A80E9B6632426AB49202321547E4A9,UCYG8DOGclXSSmpcx_8mvYAw,,f,f,,3,tracking_video_publish_infos,hg_stock
T5QCFbCFjcI,2025-09-24 11:31:11.729134,a2cecc63-9843-4505-b919-cae4b929182a,HGFV14C6F5C4EB2D4413886EB1B63E5ED553,UCYG8DOGclXSSmpcx_8mvYAw,,f,f,,3,tracking_video_publish_infos,hg_stock
T5QCFbCFjcI,2025-09-24 11:31:11.729134,a3ead8d5-0d66-4a41-85e2-32c1bf18bc61,HGFVFB5DDFFE75FE48FC8B99E789AB205A51,UCYG8DOGclXSSmpcx_8mvYAw,,f,f,,3,tracking_video_publish_infos,hg_stock
T5QCFbCFjcI,2025-09-24 11:31:11.729134,a47af9a1-af4b-4b9a-8280-d69ab6b76c2b,HGFV44E9DA6DF80D49869F4B490D15C9C30B,UCYG8DOGclXSSmpcx_8mvYAw,,f,f,,3,tracking_video_publish_infos,hg_stock
T5QCFbCFjcI,2025-09-24 11:31:11.729134,a4e7e2f6-e5b5-4c12-bf81-c57afe81636a,HGFV46555060D8244994B61E90B3525E28E6,UCYG8DOGclXSSmpcx_8mvYAw,,f,f,,3,tracking_video_publish_infos,hg_stock
T5QCFbCFjcI,2025-09-24 11:31:11.729134,a667f1c4-3bd1-4a0f-bf22-77653b661a96,HGFV1EBAF36B93F8400EB5A59F06F353659D,UCYG8DOGclXSSmpcx_8mvYAw,,f,f,,3,tracking_video_publish_infos,hg_stock
T5QCFbCFjcI,2025-09-24 11:31:11.729134,a7802ac1-f3b9-4604-94ca-d778473a020d,HGFV5F1B9D83B0734889883DCB579E09CCB1,,,f,f,,0,tracking_video_publish_infos,hg_stock
T5QCFbCFjcI,2025-09-24 11:31:11.729134,b4042ab5-9274-48f8-8815-b138bcfa1fdd,HGFV18C2AAFF659D4EA8B6E5C0D367FC2410,UCYG8DOGclXSSmpcx_8mvYAw,,f,f,,3,tracking_video_publish_infos,hg_stock
T5QCFbCFjcI,2025-09-24 11:31:11.729134,b44d637f-28dd-4b6c-b554-49ef7b1e5813,HGFV5ADE64DC8A224902995EA10373DB642F,UCYG8DOGclXSSmpcx_8mvYAw,,f,f,,3,tracking_video_publish_infos,hg_stock
T5QCFbCFjcI,2025-09-24 11:31:11.729134,b5195c0b-6dbc-4b29-a9b2-a8e8584db7c1,HGFV2CA2F9C079E84990A78DE1F3DE10887C,,,f,f,,0,tracking_video_publish_infos,hg_stock
T5QCFbCFjcI,2025-09-24 11:31:11.729134,b543bf3c-8393-4e2b-98dd-77e59b7b2090,HGFVA9D7955AA3174529898033A9F5166AFE,UCYG8DOGclXSSmpcx_8mvYAw,,f,f,,3,tracking_video_publish_infos,hg_stock
T5QCFbCFjcI,2025-09-24 11:31:11.729134,b79ca749-1d52-4677-ba98-11046dffe086,HGFV093D695566464FF8AB754D65D7FB7B55,UCYG8DOGclXSSmpcx_8mvYAw,,f,f,,3,tracking_video_publish_infos,hg_stock
T5QCFbCFjcI,2025-09-24 11:31:11.729134,b8b13e23-c7a7-4100-90c8-2be18b23ef53,HGFV0A653B9A82AD4E778EE1BC7C8AC9A7C1,UCYG8DOGclXSSmpcx_8mvYAw,,f,f,,3,tracking_video_publish_infos,hg_stock
T5QCFbCFjcI,2025-09-24 11:31:11.729134,b90aa897-eaaa-470a-a454-72b2c288707f,HGFV0FC09408BD0F410CBE9BA59DB92BA066,,,f,f,,0,tracking_video_publish_infos,hg_stock
T5QCFbCFjcI,2025-09-24 11:31:11.729134,b97ff6c2-8d35-4042-9c38-f4cadde1a47b,HGFV8E2338F940B343E8BA40E2FD3D213B7C,UCYG8DOGclXSSmpcx_8mvYAw,,f,f,,3,tracking_video_publish_infos,hg_stock
T5QCFbCFjcI,2025-09-24 11:31:11.729134,bb9db92e-dd38-4057-82d5-c94807baab67,HGFV30D8DE111403417293F4061465AC30F4,,,f,f,,0,tracking_video_publish_infos,hg_stock
T5QCFbCFjcI,2025-09-24 11:31:11.729134,bbfa158e-6b95-473c-9799-2c92b45c6716,HGFV1BCFFAA093834FEAAE6244F2320660C1,,,f,f,,0,tracking_video_publish_infos,hg_stock
T5QCFbCFjcI,2025-09-24 11:31:11.729134,bcfaa083-9171-48f7-a045-f82d86226824,HGFV0FC09408BD0F410CBE9BA59DB92BA066,UCYG8DOGclXSSmpcx_8mvYAw,,f,f,,3,tracking_video_publish_infos,hg_stock
T5QCFbCFjcI,2025-09-24 11:31:11.729134,bd0715c8-df9b-4113-a89b-3904a1059195,HGFV6836CB90117245EE9ED68197BC593189,UCYG8DOGclXSSmpcx_8mvYAw,,f,f,,3,tracking_video_publish_infos,hg_stock
T5QCFbCFjcI,2025-09-24 11:31:11.729134,bdc9a207-5030-4d76-8b41-01194806d6f3,HGFV13CA4C13171A4E6CB8E437B4A7A14094,UCYG8DOGclXSSmpcx_8mvYAw,,f,f,,3,tracking_video_publish_infos,hg_stock
T5QCFbCFjcI,2025-09-24 11:31:11.729134,be6c0753-b88a-4c9f-9f9d-6f3ade107870,HGFVA844A91CB1424440B35DF5DDE3212D48,UCYG8DOGclXSSmpcx_8mvYAw,,f,f,,3,tracking_video_publish_infos,hg_stock
T5QCFbCFjcI,2025-09-24 11:31:11.729134,c21876e5-6a6b-4b27-ba24-1f3dda1aee2b,HGFV99E62D3F873F4DE8B423725E8325DC3B,UCYG8DOGclXSSmpcx_8mvYAw,,f,f,,3,tracking_video_publish_infos,hg_stock
T5QCFbCFjcI,2025-09-24 11:31:11.729134,c2fe03f2-3d6c-459e-b22d-59060dd2d465,HGFV4B322506552144C68478D3F26E4D85FD,UCYG8DOGclXSSmpcx_8mvYAw,,f,f,,3,tracking_video_publish_infos,hg_stock
T5QCFbCFjcI,2025-09-24 11:31:11.729134,c5a0ff9e-09b1-4514-9997-dea7f7ae048c,HGFV2CA2F9C079E84990A78DE1F3DE10887C,UCYG8DOGclXSSmpcx_8mvYAw,,f,f,,3,tracking_video_publish_infos,hg_stock
T5QCFbCFjcI,2025-09-24 11:31:11.729134,c5bcc856-0f22-480c-b9fd-dc821c956124,HGFV7669C523BBE444F5BEFCAD74BD170A0D,UCYG8DOGclXSSmpcx_8mvYAw,,f,f,,3,tracking_video_publish_infos,hg_stock
T5QCFbCFjcI,2025-09-24 11:31:11.729134,c6cb7e2b-6e8c-4c56-bf5d-706d1e780b56,HGFV1C651EC40B3F46D79A6D0B39571B4C21,UCYG8DOGclXSSmpcx_8mvYAw,,f,f,,3,tracking_video_publish_infos,hg_stock
T5QCFbCFjcI,2025-09-24 11:31:11.729134,c7110825-f22d-4842-86ac-4dd8856f0a38,HGFV4710B709AD144EC59310DC3AA71362B7,UCYG8DOGclXSSmpcx_8mvYAw,,f,f,,3,tracking_video_publish_infos,hg_stock
T5QCFbCFjcI,2025-09-24 11:31:11.729134,ca4b72ac-40c3-467c-a5bc-aa780600883d,HGFV4824A6AAD93F474A80962A5107B2D405,UCYG8DOGclXSSmpcx_8mvYAw,,f,f,,3,tracking_video_publish_infos,hg_stock
T5QCFbCFjcI,2025-09-24 11:31:11.729134,caf80183-984a-42b3-90ac-76be6b3e9e0b,HGFV91AF2FE6976A467EA4D1B9FDF933751D,,,f,f,,0,tracking_video_publish_infos,hg_stock
T5QCFbCFjcI,2025-09-24 11:31:11.729134,cbc87086-2b9d-4207-a5df-98ce6d37d631,HGFA65329D921EC74FC99F6A58A186E51C9E,UCYG8DOGclXSSmpcx_8mvYAw,,f,f,,3,tracking_video_publish_infos,hg_stock
T5QCFbCFjcI,2025-09-24 11:31:11.729134,ccef9fc3-86ad-43c2-8cbc-e9c976f63086,HGFV3B0052BE9E0F4E68A05D2861943E5EE0,UCYG8DOGclXSSmpcx_8mvYAw,,f,f,,3,tracking_video_publish_infos,hg_stock
T5QCFbCFjcI,2025-09-24 11:31:11.729134,ce88e422-6866-4149-82ab-e8145803bffd,HGFV008C134B2F2A485D8B1492748A368B5E,UCYG8DOGclXSSmpcx_8mvYAw,,f,f,,3,tracking_video_publish_infos,hg_stock
T5QCFbCFjcI,2025-09-24 11:31:11.729134,cf8a7aa6-98e0-406d-91a9-2511324a1e1b,HGFV4F1A09CA051C4B969B64A8A4C307B37E,UCYG8DOGclXSSmpcx_8mvYAw,,f,f,,3,tracking_video_publish_infos,hg_stock
T5QCFbCFjcI,2025-09-24 11:31:11.729134,cfba9fba-126f-4c6a-b01f-c5c030a4ca52,HGFV31F03D439270449592612F9614C04929,UCYG8DOGclXSSmpcx_8mvYAw,,f,f,,3,tracking_video_publish_infos,hg_stock
T5QCFbCFjcI,2025-09-24 11:31:11.729134,d09741fb-7d8b-48c6-b9d4-1b2bfe9b7c46,HGFV9A728C7AB5414F3596DF3D9537A95182,UCYG8DOGclXSSmpcx_8mvYAw,,f,f,,3,tracking_video_publish_infos,hg_stock
T5QCFbCFjcI,2025-09-24 11:31:11.729134,d09896b6-024b-4404-a913-679d21009422,HGFVFCE3E58480AB4761B3B4CE72A83CE604,UCYG8DOGclXSSmpcx_8mvYAw,,f,f,,3,tracking_video_publish_infos,hg_stock
T5QCFbCFjcI,2025-09-24 11:31:11.729134,d1714d6e-5434-4d83-960d-f15617f944d6,HGFV75F83F6DC4D84FB5A58486C40202B41B,,,f,f,,0,tracking_video_publish_infos,hg_stock
T5QCFbCFjcI,2025-09-24 11:31:11.729134,d31008bf-6436-471a-b5ae-201c049f2ad6,HGFV05860701C7CB449397BFF34CEB8D91A9,UCYG8DOGclXSSmpcx_8mvYAw,,f,f,,3,tracking_video_publish_infos,hg_stock
T5QCFbCFjcI,2025-09-24 11:31:11.729134,d317d114-27d8-46a1-a969-3af541f2ab62,HGFV3C7DD2203ABF4BCFB5ACD248DD85B2A9,UCYG8DOGclXSSmpcx_8mvYAw,,f,f,,3,tracking_video_publish_infos,hg_stock
T5QCFbCFjcI,2025-09-24 11:31:11.729134,d42437bc-ef2e-487a-beec-65ca05fbe17e,HGFV25AE4A5BB7A24CC9B6FA8E52C919CD28,UCYG8DOGclXSSmpcx_8mvYAw,,f,f,,3,tracking_video_publish_infos,hg_stock
T5QCFbCFjcI,2025-09-24 11:31:11.729134,d4844aff-c73a-4b05-a244-3a51bc287283,HGFV3B27CD93ACAE42459D40B5524D716412,UCYG8DOGclXSSmpcx_8mvYAw,,f,f,,3,tracking_video_publish_infos,hg_stock
T5QCFbCFjcI,2025-09-24 11:31:11.729134,d61b62ec-e928-437f-8a40-bf4fc18b7ba2,HGFV5F1B9D83B0734889883DCB579E09CCB1,UCYG8DOGclXSSmpcx_8mvYAw,,f,f,,3,tracking_video_publish_infos,hg_stock
T5QCFbCFjcI,2025-09-24 11:31:11.729134,d638ebce-5b1c-4aea-bcd5-0da6f52d8ad3,HGFV79B878D17AD14F3BA478CE35B3EBECA5,UCYG8DOGclXSSmpcx_8mvYAw,,f,f,,3,tracking_video_publish_infos,hg_stock
T5QCFbCFjcI,2025-09-24 11:31:11.729134,d81a410f-ef6a-448f-9885-e3cb8baf5cd2,HGFV91AF2FE6976A467EA4D1B9FDF933751D,UCYG8DOGclXSSmpcx_8mvYAw,,f,f,,3,tracking_video_publish_infos,hg_stock
T5QCFbCFjcI,2025-09-24 11:31:11.729134,d83c8fb6-7fa5-47f3-bf55-d77243df231b,HGFVA1BB88ACBBC440F78144C45D44A15B6C,UCYG8DOGclXSSmpcx_8mvYAw,,f,f,,3,tracking_video_publish_infos,hg_stock
T5QCFbCFjcI,2025-09-24 11:31:11.729134,d86010d8-b0b4-4b54-861a-005de3b5fa29,HGFV04B3BA6442B84457A4695EF40F7F766B,UCYG8DOGclXSSmpcx_8mvYAw,,f,f,,3,tracking_video_publish_infos,hg_stock
T5QCFbCFjcI,2025-09-24 11:31:11.729134,d903676f-23f7-4335-97d4-41e6e4abf706,HGFV2E609B6B855E47E2BB63DCF260EDD0FA,UCYG8DOGclXSSmpcx_8mvYAw,,f,f,,3,tracking_video_publish_infos,hg_stock
T5QCFbCFjcI,2025-09-24 11:31:11.729134,d977339a-9e64-4b2e-8225-7870ccf70f74,HGFA99530A045AF94A0099080C7275662305,UCYG8DOGclXSSmpcx_8mvYAw,,f,f,,3,tracking_video_publish_infos,hg_stock
T5QCFbCFjcI,2025-09-24 11:31:11.729134,d9fd6f2a-616a-445a-bf27-0bfcbc5d568c,HGFV30D8DE111403417293F4061465AC30F4,UCYG8DOGclXSSmpcx_8mvYAw,,f,f,,3,tracking_video_publish_infos,hg_stock
T5QCFbCFjcI,2025-09-24 11:31:11.729134,da7665b1-f3ce-4b58-b1b5-5d6ebb7a895e,HGFVB33CDA2945854AAF88EA1F5616CCF0BC,UCYG8DOGclXSSmpcx_8mvYAw,,f,f,,3,tracking_video_publish_infos,hg_stock
T5QCFbCFjcI,2025-09-24 11:31:11.729134,db81e64e-296b-4a23-936e-322527ccad66,HGFV1DB080126AB346C68D4D2359131EC669,UCYG8DOGclXSSmpcx_8mvYAw,,f,f,,3,tracking_video_publish_infos,hg_stock
T5QCFbCFjcI,2025-09-24 11:31:11.729134,db8786cb-5513-45aa-aa7d-62de1f4ed64e,HGFA8D07AD827CCB4DE38198640E582B7664,UCYG8DOGclXSSmpcx_8mvYAw,,f,f,,3,tracking_video_publish_infos,hg_stock
T5QCFbCFjcI,2025-09-24 11:31:11.729134,db9dafe2-669d-42e4-ae87-8f98f1dc2fe4,HGFV00BE2ED8006545D7889143293DE6E7BE,UCYG8DOGclXSSmpcx_8mvYAw,,f,f,,3,tracking_video_publish_infos,hg_stock
T5QCFbCFjcI,2025-09-24 11:31:11.729134,dc91bb31-455b-4c94-abe5-3e5e5c5ccbf3,HGFV2E982B18DFA84FFAAF2231EA68F43445,UCYG8DOGclXSSmpcx_8mvYAw,,f,f,,3,tracking_video_publish_infos,hg_stock
T5QCFbCFjcI,2025-09-24 11:31:11.729134,de531afa-85a6-4e2a-b709-270ed75b5409,HGFA881395E9CE194D2E89E61FEC38DC3422,UCYG8DOGclXSSmpcx_8mvYAw,,f,f,,3,tracking_video_publish_infos,hg_stock
T5QCFbCFjcI,2025-09-24 11:31:11.729134,df1d5c86-a5c2-4865-9698-39ef5b481206,HGFV588A7D0CBD9E4C58B971865E7EE818A4,UCYG8DOGclXSSmpcx_8mvYAw,,f,f,,3,tracking_video_publish_infos,hg_stock
T5QCFbCFjcI,2025-09-24 11:31:11.729134,df373410-d576-4151-b530-25c83dde710f,HGFVA4C3D27900EA41F9BC4996BC2FC393CD,UCYG8DOGclXSSmpcx_8mvYAw,,f,f,,3,tracking_video_publish_infos,hg_stock
T5QCFbCFjcI,2025-09-24 11:31:11.729134,e1094cef-cc45-4161-83e4-66ed3be60c84,HGFVFA960066A57C48CEB5E41B2873856076,UCYG8DOGclXSSmpcx_8mvYAw,,f,f,,3,tracking_video_publish_infos,hg_stock
T5QCFbCFjcI,2025-09-24 11:31:11.729134,e1e40046-4dac-4eeb-bae4-dba6c62b4efb,HGFV043E4ACBA108469BB15EBF250C58B9D4,,,f,f,,0,tracking_video_publish_infos,hg_stock
T5QCFbCFjcI,2025-09-24 11:31:11.729134,e2302511-ce40-4f0c-9010-2373c4f0eb51,HGFVBA619A2B12AB4B54BC2012ECDF271242,UCYG8DOGclXSSmpcx_8mvYAw,,f,f,,3,tracking_video_publish_infos,hg_stock
T5QCFbCFjcI,2025-09-24 11:31:11.729134,e25f4d78-c92a-4824-8ffa-f02059a5c54c,HGFV49480B0CA85F4BA2B79CF793C756EF55,UCYG8DOGclXSSmpcx_8mvYAw,,f,f,,3,tracking_video_publish_infos,hg_stock
T5QCFbCFjcI,2025-09-24 11:31:11.729134,e26030dd-2293-45bc-b688-202a2b84d1ea,HGFV5FBC6CFB1E8D4BECB48421F4AC5F4E20,UCYG8DOGclXSSmpcx_8mvYAw,,f,f,,3,tracking_video_publish_infos,hg_stock
T5QCFbCFjcI,2025-09-24 11:31:11.729134,e2726585-fedd-4afa-80c4-9c1495215bb6,HGFV63DE4357891A48279618F163DB2485F8,UCYG8DOGclXSSmpcx_8mvYAw,,f,f,,3,tracking_video_publish_infos,hg_stock
T5QCFbCFjcI,2025-09-24 11:31:11.729134,e43a4d54-2bdb-40d1-870a-490b2d483f50,HGFVBD37105F082A44F5B9746CFC8AB2AC10,UCYG8DOGclXSSmpcx_8mvYAw,,f,f,,3,tracking_video_publish_infos,hg_stock
T5QCFbCFjcI,2025-09-24 11:31:11.729134,e4b514a0-a004-4952-8eaa-a1f1d1535591,HGFV7814AEB5EEA549E691B57D8DD13F080A,UCYG8DOGclXSSmpcx_8mvYAw,,f,f,,3,tracking_video_publish_infos,hg_stock
T5QCFbCFjcI,2025-09-24 11:31:11.729134,e617abbc-e57a-4827-8c29-74ba62ff922a,HGFV043E4ACBA108469BB15EBF250C58B9D4,UCYG8DOGclXSSmpcx_8mvYAw,,f,f,,3,tracking_video_publish_infos,hg_stock
T5QCFbCFjcI,2025-09-24 11:31:11.729134,e64083cc-04e0-48c3-b5cb-4837960e034d,HGFV385561A5B70241A19FFBFE7F5309BDBB,UCYG8DOGclXSSmpcx_8mvYAw,,f,f,,3,tracking_video_publish_infos,hg_stock
T5QCFbCFjcI,2025-09-24 11:31:11.729134,e74c6c49-cbec-4e09-8a83-e02766f1d8f5,HGFV4B389D9815984FACAC6E26FF0473BD40,UCYG8DOGclXSSmpcx_8mvYAw,,f,f,,3,tracking_video_publish_infos,hg_stock
T5QCFbCFjcI,2025-09-24 11:31:11.729134,e76b34b3-0d3e-46b1-9164-c8b517776881,HGFV0CA079D2D1944563BF768F3264984955,UCYG8DOGclXSSmpcx_8mvYAw,,f,f,,3,tracking_video_publish_infos,hg_stock
T5QCFbCFjcI,2025-09-24 11:31:11.729134,e77dc893-b063-47df-9680-544b89eb2641,HGFV334788C7606A4E948D1DAC775156C7F6,UCYG8DOGclXSSmpcx_8mvYAw,,f,f,,3,tracking_video_publish_infos,hg_stock
T5QCFbCFjcI,2025-09-24 11:31:11.729134,e7ab00e7-08fa-45ee-9a34-111ecb0ccd17,HGFV3746517E31334372A3D40BB62717AF9F,UCYG8DOGclXSSmpcx_8mvYAw,,f,f,,3,tracking_video_publish_infos,hg_stock
T5QCFbCFjcI,2025-09-24 11:31:11.729134,e8502d76-8557-4f11-b191-3596da5db335,HGFA5D97B8E1E74A487D9EB39BA71B6CA1B9,UCYG8DOGclXSSmpcx_8mvYAw,,f,f,,3,tracking_video_publish_infos,hg_stock
T5QCFbCFjcI,2025-09-24 11:31:11.729134,e86b5edb-5c39-4e00-99c7-b49e0be7b67e,HGFVA5D4306C0EC1428BB6DBE8A64EFECD9D,UCYG8DOGclXSSmpcx_8mvYAw,,f,f,,3,tracking_video_publish_infos,hg_stock
T5QCFbCFjcI,2025-09-24 11:31:11.729134,ea17879a-cc32-456a-b872-36fe58aaa17c,HGFVB051AB8628E64860BE412547CE389D46,UCYG8DOGclXSSmpcx_8mvYAw,,f,f,,3,tracking_video_publish_infos,hg_stock
T5QCFbCFjcI,2025-09-24 11:31:11.729134,eda2218b-df64-4f6d-a30b-75bbd3442824,HGFV75F83F6DC4D84FB5A58486C40202B41B,UCYG8DOGclXSSmpcx_8mvYAw,,f,f,,3,tracking_video_publish_infos,hg_stock
T5QCFbCFjcI,2025-09-24 11:31:11.729134,f2415364-3077-4e43-b26e-3e8e4d97a005,HGFV1BCFFAA093834FEAAE6244F2320660C1,UCYG8DOGclXSSmpcx_8mvYAw,,f,f,,3,tracking_video_publish_infos,hg_stock
T5QCFbCFjcI,2025-09-24 11:31:11.729134,f26168f9-b0a9-4cc5-9214-053d93138660,HGFV98BE8B632651452B832BFC794BE26FE1,UCYG8DOGclXSSmpcx_8mvYAw,,f,f,,3,tracking_video_publish_infos,hg_stock
T5QCFbCFjcI,2025-09-24 11:31:11.729134,f26661e7-b06c-4036-8cc6-b4639ecf3502,HGFV6E594917384841DC910114B10AEBACE8,UCYG8DOGclXSSmpcx_8mvYAw,,f,f,,3,tracking_video_publish_infos,hg_stock
T5QCFbCFjcI,2025-09-24 11:31:11.729134,f530571a-997c-48ff-ba7f-fd213f2aa875,HGFV99D3FCFA4D6B4FE3B8FEDF90172969E5,UCYG8DOGclXSSmpcx_8mvYAw,,f,f,,3,tracking_video_publish_infos,hg_stock
T5QCFbCFjcI,2025-09-24 11:31:11.729134,f6162ead-3519-4409-a16e-944d57ea1538,HGFV0C3311CF901349FB91FD676863B9ED43,UCYG8DOGclXSSmpcx_8mvYAw,,f,f,,3,tracking_video_publish_infos,hg_stock
T5QCFbCFjcI,2025-09-24 11:31:11.729134,fbb72fc8-5531-4c24-aead-c87c88aff4e6,HGFVBC821539F6854247B349C643B6FF1636,UCYG8DOGclXSSmpcx_8mvYAw,,f,f,,3,tracking_video_publish_infos,hg_stock
T5QCFbCFjcI,2025-09-24 11:31:11.729134,fc3d6fe0-6e1d-4b29-95db-d2eb01971b53,HGFV4B1BE0A14D314994B79CF14BE60A41D6,,,f,f,,0,tracking_video_publish_infos,hg_stock
T5QCFbCFjcI,2025-09-24 11:31:11.729134,fd1ca9d1-ae4f-41cb-a8bd-0b71f2124592,HGFV3C3D595AC5864A099753FD82D5F9CB65,UCYG8DOGclXSSmpcx_8mvYAw,,f,f,,3,tracking_video_publish_infos,hg_stock
T5QCFbCFjcI,2025-09-24 11:31:11.729134,fd21fba5-6d61-4b87-a784-3597b3021fcf,HGFV4B1BE0A14D314994B79CF14BE60A41D6,UCYG8DOGclXSSmpcx_8mvYAw,,f,f,,3,tracking_video_publish_infos,hg_stock
T5QCFbCFjcI,2025-09-24 11:31:11.729134,fdc5de2c-598f-4fae-a835-0a0c82a3f7a7,HGFV3C7AB399A9B541EE9A14D362EBBE1992,UCYG8DOGclXSSmpcx_8mvYAw,,f,f,,3,tracking_video_publish_infos,hg_stock
T5QCFbCFjcI,2025-09-24 11:31:11.729134,fff0ccd1-fcea-4f89-82ab-e021618e1c99,HGFV54BACE5F551D4E41A5B6CF67956EDFFC,UCYG8DOGclXSSmpcx_8mvYAw,,f,f,,3,tracking_video_publish_infos,hg_stock
t5qHwsEvwUw,2026-02-13 13:49:46.760379,0640e2de-9826-41fa-827f-84b87b940818,HGFA2321688B5DF24D19B9D6160B5027C69A,UCQ8lPiUgMHibRB1XwEakQLw,,f,f,,3,tracking_video_publish_infos,hg_stock
t5qHwsEvwUw,2026-02-13 13:49:46.760379,129081eb-13f4-49d9-858f-d88b75c1b73b,HGFAFB5B64CB0AD34A7094E7B29403F05C5C,UCQ8lPiUgMHibRB1XwEakQLw,,f,f,,3,tracking_video_publish_infos,hg_stock
t5qHwsEvwUw,2026-02-13 13:49:46.760379,3b0d6110-fc9c-4701-bacf-e0fc59e56073,HGFADDDCC25C7A1F48A29109A2C4CE6F2ACA,UCQ8lPiUgMHibRB1XwEakQLw,,f,f,,3,tracking_video_publish_infos,hg_stock
t5qHwsEvwUw,2026-02-13 13:49:46.760379,6727d222-a170-4f03-9d02-efefe669c3ea,HGFACDFCCB5C99E34025A1088B9C9D6F72C3,UCQ8lPiUgMHibRB1XwEakQLw,,f,f,,3,tracking_video_publish_infos,hg_stock
t5qHwsEvwUw,2026-02-13 13:49:46.760379,6c774b16-e701-4fde-837f-c209bf0f5ac0,HGFA7AC8F55938BD43B3A7019D7F3D30F3CD,UCQ8lPiUgMHibRB1XwEakQLw,,f,f,,3,tracking_video_publish_infos,hg_stock
t5qHwsEvwUw,2026-02-13 13:49:46.760379,6cc246d0-277b-4e5e-adc4-51713e394377,HGFAA53159594FDE4AAD9C83BB6FDA82706B,UCQ8lPiUgMHibRB1XwEakQLw,,f,f,,3,tracking_video_publish_infos,hg_stock
t5qHwsEvwUw,2026-02-13 13:49:46.760379,7620f67c-7971-41b3-97cb-8b5934d771ff,HGFAE8B5255601A147E5B46A871A63FAAD26,UCQ8lPiUgMHibRB1XwEakQLw,,f,f,,3,tracking_video_publish_infos,hg_stock
t5qHwsEvwUw,2026-02-13 13:49:46.760379,c32444a3-8f76-4bdc-a2c2-63c50a199bc8,HGFA07F6EFD27A294D8797B04FF5EE071CFE,UCQ8lPiUgMHibRB1XwEakQLw,,f,f,,3,tracking_video_publish_infos,hg_stock
t5qHwsEvwUw,2026-02-13 13:49:46.760379,d22438a4-7b5f-4796-88aa-c9f22e931fc4,HGFADD1B2DAEC4B34632AE82E6403527A36D,UCQ8lPiUgMHibRB1XwEakQLw,,f,f,,3,tracking_video_publish_infos,hg_stock
t5qHwsEvwUw,2026-02-13 13:49:46.760379,decec07c-64b5-40cf-a1aa-9c0fb46292b6,HGFA81E0667133374CEAB68C90B873BCAFE5,UCQ8lPiUgMHibRB1XwEakQLw,,f,f,,3,tracking_video_publish_infos,hg_stock
t5qHwsEvwUw,2026-02-13 13:49:46.760379,fa55c5aa-89c1-4513-92d9-7ca0522807be,HGFA3EB30697B8234F578CB648D198029E6B,UCQ8lPiUgMHibRB1XwEakQLw,,f,f,,3,tracking_video_publish_infos,hg_stock
T5qJ44ahyMo,2025-11-19 16:52:36.306289,56a8e836-e477-4fcf-ab04-2e39eb3d226b,HGFA18359BB3045A47EB9F26482EB1DE0155,UCROUHN-KIyYRHQNpBZKWSeg,,f,f,,1,tracking_video_publish_infos,hg_stock
T5qJ44ahyMo,2025-11-19 16:52:36.306289,f7cea8bb-4def-46dc-a4bf-7b5979977965,HGFV438C69C691544A47A3A51E4AE2C7B8DE,UCROUHN-KIyYRHQNpBZKWSeg,,f,f,,1,tracking_video_publish_infos,hg_stock
T5QRBEWBFng,2025-07-25 16:35:23.80091,0777d276-fd7a-445b-8e35-d3081229ed87,HGFV45E5E0A01FC14E77A3239FDB4707B535,,,f,f,,0,tracking_video_publish_infos,hg_stock
T5QRBEWBFng,2025-07-25 16:35:23.80091,0b702f86-4700-4b67-9c70-e3e382c6722d,HGFV8B0196941D7945F09BAD34F8D6F4BFBB,,,f,f,,0,tracking_video_publish_infos,hg_stock
T5QRBEWBFng,2025-07-25 16:35:23.80091,150314d6-cda4-438c-87ee-c3bb2b8e0c6b,HGFV34377C432B614786A0927C188CA05B54,,,f,f,,0,tracking_video_publish_infos,hg_stock
T5QRBEWBFng,2025-07-25 16:35:23.80091,18afea88-f7e6-49ac-aede-9cc2a3f4f3c5,HGFA66259D939F134792BFA7EA8198875451,,,f,f,,0,tracking_video_publish_infos,hg_stock
T5QRBEWBFng,2025-07-25 16:35:23.80091,198be9c6-5723-4f8e-ac98-fc438c9e9111,HGFV2202D579448B413BAE13A68284367B53,,,f,f,,0,tracking_video_publish_infos,hg_stock
T5QRBEWBFng,2025-07-25 16:35:23.80091,1a2db240-7edb-4534-aa86-d1df132df933,HGFVAE4C625F8CD4459B9615DA2C3E623FAE,,,f,f,,0,tracking_video_publish_infos,hg_stock
T5QRBEWBFng,2025-07-25 16:35:23.80091,3da6df8f-1a7c-4bc3-bf91-041dd8c5978d,HGFVB234B72688C44A6A8A336FC5DDC224D1,,,f,f,,0,tracking_video_publish_infos,hg_stock
T5QRBEWBFng,2025-07-25 16:35:23.80091,64b35630-889a-4f90-8734-5fdf6978f6d8,HGFV29FEFCE582044D3CB3361AE09A96428C,,,f,f,,0,tracking_video_publish_infos,hg_stock
T5QRBEWBFng,2025-07-25 16:35:23.80091,6691528d-6c01-423d-90c0-30cda12ff785,HGFVFF2E542B4D9B4B64ACB88FC5E7811704,,,f,f,,0,tracking_video_publish_infos,hg_stock
T5QRBEWBFng,2025-07-25 16:35:23.80091,6ab31724-e09b-4612-955c-51ab2026954c,HGFVA208E6B06C0245F2B62206D86F35B7E1,,,f,f,,0,tracking_video_publish_infos,hg_stock
T5QRBEWBFng,2025-07-25 16:35:23.80091,6bd05f12-bf57-4fd8-9448-38020dbfa932,HGFVEF57F8D1B90C47CD87C63B0D200E2102,,,f,f,,0,tracking_video_publish_infos,hg_stock
T5QRBEWBFng,2025-07-25 16:35:23.80091,810fc479-8c54-4d56-8412-f8b9d75460f3,HGFVD235B988307E467982CDF03776F5F898,,,f,f,,0,tracking_video_publish_infos,hg_stock
T5QRBEWBFng,2025-07-25 16:35:23.80091,8aeb3a3c-3648-4802-8988-204675617b0b,HGFV9BD935F8556A45988A7C9BE71F3E0342,,,f,f,,0,tracking_video_publish_infos,hg_stock
T5QRBEWBFng,2025-07-25 16:35:23.80091,968f1de0-2837-456f-bd3c-58af1ced20cf,HGFVF5E7BA2D10234F5592DD6D049BB6E562,,,f,f,,0,tracking_video_publish_infos,hg_stock
T5QRBEWBFng,2025-07-25 16:35:23.80091,baa88a55-490a-4ff8-a461-30641240fdda,HGFVF993A08EBD7443B3B261CB75CB8A8C2B,,,f,f,,0,tracking_video_publish_infos,hg_stock
T5QRBEWBFng,2025-07-25 16:35:23.80091,c417313a-7281-4ad9-831a-bec45c7d0e5e,HGFVF262D4378043461490A7FDFA148B8D7E,,,f,f,,0,tracking_video_publish_infos,hg_stock
T5QRBEWBFng,2025-07-25 16:35:23.80091,cc7abaa3-541c-4af2-aeba-8a5b50e40887,HGFV17729419209642E4BE5B03E371D71F44,,,f,f,,0,tracking_video_publish_infos,hg_stock
T5QRBEWBFng,2025-07-25 16:35:23.80091,d59401f8-eb06-425b-a16e-da8e266bb568,HGFVBE4474B1F71F4059A3733E53103334F4,,,f,f,,0,tracking_video_publish_infos,hg_stock
T5QRBEWBFng,2025-07-25 16:35:23.80091,e47ae976-4976-49ec-892e-6c99144c27ff,HGFV61F2C60362844BEE8448451FA8A7229D,,,f,f,,0,tracking_video_publish_infos,hg_stock
T5QRBEWBFng,2025-07-25 16:35:23.80091,f5b2b9cc-9443-4985-8ab8-c396b9c832bc,HGFVC9A69C1615614CDDA8E3625FC906B666,,,f,f,,0,tracking_video_publish_infos,hg_stock
T5r224tqELc,2024-03-22 09:17:38.400726,46a7104c-3e4d-46d4-94ac-8dbb9d3773fe,HGFA241104286D2F4428BC2BA1C9A08F0454,,,f,f,,0,tracking_video_publish_infos,hg_stock
T5rF71Z_03s,2025-10-17 17:03:31.86343,331cf154-d8c8-4127-a4eb-3cf70a1fba01,HGFAC95E2957B5934E84806EDD66DC6F80B4,UC2pWxTG8juK3hoZ127elb3A,,f,f,,3,tracking_video_publish_infos,hg_stock
T5rF71Z_03s,2025-10-17 17:03:31.86343,78ed7bdd-d10a-41d3-81bc-90d6412aa5ec,HGFV8AFC42079B26490FBFC63E64B0257034,UC2pWxTG8juK3hoZ127elb3A,,f,f,,3,tracking_video_publish_infos,hg_stock
T5rF71Z_03s,2025-10-17 17:03:31.86343,d1032d5e-a02d-4c35-b76a-35d09e5bf2ba,HGFV761BF306B401486B82DF18984DA0F633,UC2pWxTG8juK3hoZ127elb3A,,f,f,,3,tracking_video_publish_infos,hg_stock
T5rF71Z_03s,2025-10-17 17:03:31.86343,f939e750-8782-4abc-9c89-ad405ccadda9,HGFV89C67A197E054B449F5DA812571FAC72,UC2pWxTG8juK3hoZ127elb3A,,f,f,,3,tracking_video_publish_infos,hg_stock
t5rinznaYTs,2026-06-01 10:25:17.593047,0d3ff630-0fc0-482c-9dbf-8d0ad6601bf3,HGFACD632B91F93D46AAA6A1A925C7A2B492,UCKudAGWNK0TJNjfM2eQmT_w,,f,f,,1,tracking_video_publish_infos,hg_stock
t5rinznaYTs,2026-06-01 10:25:17.593047,1f69a957-c73f-4fee-94e5-8744871c5609,HGFAC0DF8B78270E44BCAD9E381CAF90384D,UCKudAGWNK0TJNjfM2eQmT_w,,f,f,,1,tracking_video_publish_infos,hg_stock
t5rinznaYTs,2026-06-01 10:25:17.593047,3f2353e8-9ca3-44d7-9f6d-577a624e4798,HGFAE6568AF1D7FE44AE9C4E52EF1FEDE03D,UCKudAGWNK0TJNjfM2eQmT_w,,f,f,,1,tracking_video_publish_infos,hg_stock
t5rinznaYTs,2026-06-01 10:25:17.593047,4660879b-db62-4b68-a7c0-6c8d904b2e6c,HGFA5CAE9FB3DBA641B7AF7D6699166092CF,UCKudAGWNK0TJNjfM2eQmT_w,,f,f,,1,tracking_video_publish_infos,hg_stock
T5Rnis-gCxs,2024-08-27 10:00:24.892521,04ad44de-f5e2-4803-8f82-6f807b91677c,HGFA120AE7FCF884494684FA60612C34F511,,,f,f,,0,tracking_video_publish_infos,hg_stock
T5Rnis-gCxs,2024-08-27 10:00:24.892521,06b3acfd-8f45-4098-9a5e-f1ff3a65f28e,HGFA9998A87F98A24950A46C2751EFB74313,,,f,f,,0,tracking_video_publish_infos,hg_stock
T5Rnis-gCxs,2024-08-27 10:00:24.892521,0a7ab43d-b9d7-485c-bca3-661616f70a80,HGFAC2FDABA7D299494FABB4F93DB008BCA2,,,f,f,,0,tracking_video_publish_infos,hg_stock
T5Rnis-gCxs,2024-08-27 10:00:24.892521,0fb3a3a8-a95b-4a9b-b955-ca448a435c32,HGFAA49795E0BB6942B7B610A8BBD1A4D56B,,,f,f,,0,tracking_video_publish_infos,hg_stock
T5Rnis-gCxs,2024-08-27 10:00:24.892521,11321b66-0db5-49be-a8d9-28c1c7c9f5b4,HGFVD073EAE2DB6D4926BCC753AAE84913A7,,,f,f,,0,tracking_video_publish_infos,hg_stock
T5Rnis-gCxs,2024-08-27 10:00:24.892521,18e69d88-db78-4717-85a9-f1a508a1f814,HGFAF7B8DDAF62904C7BAB941EE719200CED,,,f,f,,0,tracking_video_publish_infos,hg_stock
T5Rnis-gCxs,2024-08-27 10:00:24.892521,1993e57b-fd93-46d8-b7e6-224d6a56dc72,HGFV0F7EB905B8AD4FB8A1E59B6DC3357350,,,f,f,,0,tracking_video_publish_infos,hg_stock
T5Rnis-gCxs,2024-08-27 10:00:24.892521,1ccc2816-1f16-49dd-afed-dd4045bec015,HGFV4CFDB64E70F64F7F94C992D79BB0B3D0,,,f,f,,0,tracking_video_publish_infos,hg_stock
T5Rnis-gCxs,2024-08-27 10:00:24.892521,229a8bab-7487-45a5-876e-048bdeda591d,HGFA81B4CF1FF5694D10BD00986478563D18,,,f,f,,0,tracking_video_publish_infos,hg_stock
T5Rnis-gCxs,2024-08-27 10:00:24.892521,23fd36ec-f252-47db-9482-cfa4533c14cd,HGFV5F4C20445F2245DCBB9FECAD789BD440,,,f,f,,0,tracking_video_publish_infos,hg_stock
T5Rnis-gCxs,2024-08-27 10:00:24.892521,3336b8b7-1b73-479c-8a0d-7381092daea4,HGFV17E273DA7D3E4413AB5CD2546E484D9D,,,f,f,,0,tracking_video_publish_infos,hg_stock
T5Rnis-gCxs,2024-08-27 10:00:24.892521,3490ba44-6adb-4c56-87e8-12809dd80be1,HGFA1B3ECA785CC64E089A53CA679CCA2AB1,,,f,f,,0,tracking_video_publish_infos,hg_stock
T5Rnis-gCxs,2024-08-27 10:00:24.892521,39340b11-e403-42f1-b271-97bb41707ead,HGFV3BC53286142241218EE95F1F8F2BC0CF,,,f,f,,0,tracking_video_publish_infos,hg_stock
T5Rnis-gCxs,2024-08-27 10:00:24.892521,3c5b749f-424a-40d4-8b04-25406919a705,HGFA537A94081C2A4718B200E2F54E1AB0EB,,,f,f,,0,tracking_video_publish_infos,hg_stock
T5Rnis-gCxs,2024-08-27 10:00:24.892521,4abdc8c1-3bba-413a-83ae-098ff9e8a0f6,HGFA95A25232DBBB44D79E6E106187AFB5EF,,,f,f,,0,tracking_video_publish_infos,hg_stock
T5Rnis-gCxs,2024-08-27 10:00:24.892521,4d526fce-ccf0-46a0-90ad-0dba5af96a59,HGFA7DFA1E33C5934D14AD1F90B668F2150E,,,f,f,,0,tracking_video_publish_infos,hg_stock
T5Rnis-gCxs,2024-08-27 10:00:24.892521,6291c335-80ff-4855-815e-33f077da31d4,HGFVA45CEBD6F49543C3BF66D0188769F121,,,f,f,,0,tracking_video_publish_infos,hg_stock
T5Rnis-gCxs,2024-08-27 10:00:24.892521,72e6f308-9f0b-457d-89e9-19d05637693d,HGFV06E3F64CFAB54DB79479BDB2B49D375B,,,f,f,,0,tracking_video_publish_infos,hg_stock
T5Rnis-gCxs,2024-08-27 10:00:24.892521,7fe12b76-f44d-4f57-abcf-bafe61be64d5,HGFA7917895D9A144B3DB04FE1FD13574F7F,,,f,f,,0,tracking_video_publish_infos,hg_stock
T5Rnis-gCxs,2024-08-27 10:00:24.892521,858da400-7c83-467f-930c-fb49f136dfd1,HGFV384727DDE9CD4AAABCB984DDC8A53654,,,f,f,,0,tracking_video_publish_infos,hg_stock
T5Rnis-gCxs,2024-08-27 10:00:24.892521,862a2e98-880b-4084-baf8-caeb41539f34,HGFV83F0EB157BB047A39B98C28207FC0189,,,f,f,,0,tracking_video_publish_infos,hg_stock
T5Rnis-gCxs,2024-08-27 10:00:24.892521,920035a7-54c6-4a75-99d8-4ef1417c8855,HGFVEF3DBEE9111447708C9A6E11D63098EF,,,f,f,,0,tracking_video_publish_infos,hg_stock
T5Rnis-gCxs,2024-08-27 10:00:24.892521,9a917ca4-e959-4891-8619-0ed93e9b7daa,HGFV10AE5830422644ECA2252A4129C8CC54,,,f,f,,0,tracking_video_publish_infos,hg_stock
T5Rnis-gCxs,2024-08-27 10:00:24.892521,b57749fb-75a3-47d3-985f-ac2690a833d9,HGFA1F172022670D42BAA276481390265EA1,,,f,f,,0,tracking_video_publish_infos,hg_stock
T5Rnis-gCxs,2024-08-27 10:00:24.892521,be5ea9ac-bc11-4bea-b944-9d2e90751b84,HGFVDD2AFDAF09AE4646BA1F0FA6C9D10BED,,,f,f,,0,tracking_video_publish_infos,hg_stock
T5Rnis-gCxs,2024-08-27 10:00:24.892521,cafcc750-0cc7-46f1-909a-f5ae08065170,HGFV994EA58AD4DE4C53B44FA989D4D32CDC,,,f,f,,0,tracking_video_publish_infos,hg_stock
T5Rnis-gCxs,2024-08-27 10:00:24.892521,cd436ea1-39a9-4d8c-86ec-b96f62e343be,HGFV48083D3AED7E4B248B33B6F63F6E92A1,,,f,f,,0,tracking_video_publish_infos,hg_stock
T5Rnis-gCxs,2024-08-27 10:00:24.892521,df0386d9-3614-4e36-9f9d-b09e843413b7,HGFV0EA42328F26F4F6C8CF17D28B72C1B6E,,,f,f,,0,tracking_video_publish_infos,hg_stock
T5Rnis-gCxs,2024-08-27 10:00:24.892521,ec7e58b6-172f-4d61-b611-7522863fb0ff,HGFAFF95D87E5F3041F7B21F1447ADFCC52A,,,f,f,,0,tracking_video_publish_infos,hg_stock
T5Rnis-gCxs,2024-08-27 10:00:24.892521,f0a100a6-85c6-4a2c-af24-e5b592b58b96,HGFVA3ECD9A97E384C23B60450F235BF5E14,,,f,f,,0,tracking_video_publish_infos,hg_stock
T5Rnis-gCxs,2024-08-27 10:00:24.892521,f6977320-7166-4100-8466-eef0e7f3a776,HGFVC954950B72484ECF864E37C03DC4DD91,,,f,f,,0,tracking_video_publish_infos,hg_stock
t5RZOq5pH_4,2026-02-02 10:07:05.131312,b8bd2683-12ca-4ad8-9d85-ef3759e071b2,HGFAF17FD603646248A386212574A17760A0,UCOEm4z8hOgb68t5z0P0kKNg,,f,f,,1,tracking_video_publish_infos,hg_stock
t5SjsUgdFfE,2024-10-01 10:55:54.816536,24f9130a-a3ff-4efc-a2a9-9464285e64ec,HGFA27499693768B4E2BA5544AAF007701C7,,,f,f,,0,tracking_video_publish_infos,hg_stock
t5S-K6k1O9Q,2024-12-11 09:13:26.735676,05fb7791-9b47-4cbb-b01c-b146e910e711,HGFA5B9E7601FC0A457CB9A6F3002851841E,,,f,f,,0,tracking_video_publish_infos,hg_stock
t5S-K6k1O9Q,2024-12-11 09:13:26.735676,0b8bc199-ac37-41fd-9012-a5b7e5d5f065,HGFAAFC3AE309C494CF68A335FEC49FE9B76,,,f,f,,0,tracking_video_publish_infos,hg_stock
t5S-K6k1O9Q,2024-12-11 09:13:26.735676,0cc284f0-1d27-4cc4-8f63-c7ed01418b12,HGFAC57924128A924B37A994AF931458ECD9,,,f,f,,0,tracking_video_publish_infos,hg_stock
t5S-K6k1O9Q,2024-12-11 09:13:26.735676,2e325c00-cc88-49db-9fed-fad456631d2c,HGFAD153FA609BBC4E4699FDFECFD0B17BD3,,,f,f,,0,tracking_video_publish_infos,hg_stock
t5S-K6k1O9Q,2024-12-11 09:13:26.735676,33f29d30-9e8d-473d-a5a3-48a3b824d54b,HGFA9E24487F2D4546A5B78EE99AF58BF9FE,,,f,f,,0,tracking_video_publish_infos,hg_stock
t5S-K6k1O9Q,2024-12-11 09:13:26.735676,4c6f3737-d477-4996-972c-cfd442c44f5d,HGFA422D1CA4CA2C4E12BA73C9542028FB72,,,f,f,,0,tracking_video_publish_infos,hg_stock
t5S-K6k1O9Q,2024-12-11 09:13:26.735676,57c54b65-3521-4d3f-a7a8-ac28001b18a3,HGFAC76E2CC7469B4F42BCE408C3A3534A9A,,,f,f,,0,tracking_video_publish_infos,hg_stock
t5S-K6k1O9Q,2024-12-11 09:13:26.735676,5aa127ab-c619-4eec-a2af-b2fb0af62c09,HGFV084E7CBD2C6F4266B7102DE9C3ED839B,,,f,f,,0,tracking_video_publish_infos,hg_stock
t5S-K6k1O9Q,2024-12-11 09:13:26.735676,87806017-d5fd-40c3-b37d-28c6aff28071,HGFV22FABF9A445E4A19A1BEA8543D42F7BC,,,f,f,,0,tracking_video_publish_infos,hg_stock
t5S-K6k1O9Q,2024-12-11 09:13:26.735676,92ef4947-9e28-4321-b1ea-474304d0d8af,HGFV3ED034AFA97140769038CD41B108F959,,,f,f,,0,tracking_video_publish_infos,hg_stock
t5S-K6k1O9Q,2024-12-11 09:13:26.735676,9c1b4294-1d12-4553-84c9-2d89ec0c970c,HGFVEE244F152F8944EA97E30D3EBC1918BA,,,f,f,,0,tracking_video_publish_infos,hg_stock
t5S-K6k1O9Q,2024-12-11 09:13:26.735676,d6cc0845-96da-46f4-955e-228064c55b92,HGFVF82F73A83E664AB3A4F79F27D2D3D1D0,,,f,f,,0,tracking_video_publish_infos,hg_stock
t5S-K6k1O9Q,2024-12-11 09:13:26.735676,f53d1d85-9735-403c-be08-79f4777baa43,HGFVE91F2350CB544441A4CF0DE84F574E44,,,f,f,,0,tracking_video_publish_infos,hg_stock
t5synxes57c,2026-03-19 22:31:58.656001,2202254d-ffbe-4623-a314-7afd3322c1e5,HGFA3E60C4A52E19411389FE3CA1F5CE5B80,UC7605AJXNdjmxyL3itTP0bA,,f,f,,3,tracking_video_publish_infos,hg_stock
t5synxes57c,2026-03-19 22:31:58.656001,260eed4c-2dc7-4742-82e9-5df355c5feee,HGFA74C622DB14474AFDA6B27BAA3F8E1BFA,UC7605AJXNdjmxyL3itTP0bA,,f,f,,3,tracking_video_publish_infos,hg_stock
t5synxes57c,2026-03-19 22:31:58.656001,77f24355-5a2f-44aa-a9d5-29059866b672,HGFA41205ADAB134490790CFB0F77114BEB8,UC7605AJXNdjmxyL3itTP0bA,,f,f,,3,tracking_video_publish_infos,hg_stock
t5synxes57c,2026-03-19 22:31:58.656001,ac81e726-365b-4e7a-81f3-9ed12560f5e9,HGFAF86B892A636E4C9AB94ADBF0D6768BB0,UC7605AJXNdjmxyL3itTP0bA,,f,f,,3,tracking_video_publish_infos,hg_stock
t5synxes57c,2026-03-19 22:31:58.656001,aeb79d49-d95e-4680-b92c-02e7cfca32f3,HGFA781266A2BD7A4A99915D908808FC495E,UC7605AJXNdjmxyL3itTP0bA,,f,f,,3,tracking_video_publish_infos,hg_stock
t5synxes57c,2026-03-19 22:31:58.656001,c460871f-8bc6-4ba9-ac08-d6b7f8f08411,HGFA5EBB496A835349E69BC608BB8ED5ED31,UC7605AJXNdjmxyL3itTP0bA,,f,f,,3,tracking_video_publish_infos,hg_stock
T-5t5txg7yA,2023-03-22 10:41:32.758762,6da553d9-682b-441d-bb3c-4bd178375ae5,HGFABE5CFC9FEB2F4E05B769846A3F7E9EEA,,,f,f,,0,tracking_video_publish_infos,hg_stock
t5T-dGPzzkc,2024-10-09 22:43:00.804916,327ab30d-3145-4207-bbc7-bef60abb1cd8,HGFV24537A66042E4D13B4F21F750A708041,,,f,f,,0,tracking_video_publish_infos,hg_stock
t5T-dGPzzkc,2024-10-09 22:43:00.804916,3f35ad99-e559-4fc1-85e6-5cd61cc87a57,HGFV93ED5E3AD1214C4DA6F9C34631E04F24,,,f,f,,0,tracking_video_publish_infos,hg_stock
t5T-dGPzzkc,2024-10-09 22:43:00.804916,462599c1-8940-4ddd-b4a9-c5c34c937893,HGFV449F10DA85524C85994E60F7C3D371D4,,,f,f,,0,tracking_video_publish_infos,hg_stock
t5T-dGPzzkc,2024-10-09 22:43:00.804916,4839a212-6b3f-442d-b974-201bd4c9a603,HGFVB65412603EC64E378A794B5194DB9249,,,f,f,,0,tracking_video_publish_infos,hg_stock
t5T-dGPzzkc,2024-10-09 22:43:00.804916,6f7d6a08-8786-400c-8447-5cea5bfa0afa,HGFV68999CB79A9A45CDB67C0F6B230D1D4E,,,f,f,,0,tracking_video_publish_infos,hg_stock
t5T-dGPzzkc,2024-10-09 22:43:00.804916,866745f8-1575-4df1-8e38-b1ef3184e636,HGFA22D0F079D1784627A08DA6868D1A9AC4,,,f,f,,0,tracking_video_publish_infos,hg_stock
t5T-dGPzzkc,2024-10-09 22:43:00.804916,9a1ff167-4a1d-4f56-8bea-7dc92de5f0ca,HGFVD240AD0D6E2445038FB00DD0D3AEB3DD,,,f,f,,0,tracking_video_publish_infos,hg_stock
t5T-dGPzzkc,2024-10-09 22:43:00.804916,b65e2669-721b-4b56-8ca8-978ecb3be85a,HGFV8708ED7D98BA47F7A50C5F0174405CAB,,,f,f,,0,tracking_video_publish_infos,hg_stock
t5T-dGPzzkc,2024-10-09 22:43:00.804916,c60de4b4-2028-4932-9b19-dc8533457032,HGFVF1576F5BBCDB488A902AADFFE87C7AF4,,,f,f,,0,tracking_video_publish_infos,hg_stock
t5T-dGPzzkc,2024-10-09 22:43:00.804916,e1aa5e3b-9910-4cd1-a08f-b29070766b1a,HGFV2C54B460BDC448698AA03B3741CCB3AC,,,f,f,,0,tracking_video_publish_infos,hg_stock
t5T-dGPzzkc,2024-10-09 22:43:00.804916,e32f97f6-ba35-4df4-a36f-db1380a1ea89,HGFVE5309583082349BD894C64FFEADAD16B,,,f,f,,0,tracking_video_publish_infos,hg_stock
t5T-dGPzzkc,2024-10-09 22:43:00.804916,e6d06b26-4b3f-4443-816b-2d60399d8eb9,HGFV14FD3861F7F749D0BDB8916245F0C2B8,,,f,f,,0,tracking_video_publish_infos,hg_stock
t5T-dGPzzkc,2024-10-09 22:43:00.804916,eb393983-7116-4679-acf5-fc94fab9b7d6,HGFV7BC5E062F84A4ADC91A0791A49D1F1CE,,,f,f,,0,tracking_video_publish_infos,hg_stock
t5T-dGPzzkc,2024-10-09 22:43:00.804916,fac7d7fe-4753-4e9e-8881-b62c2f6d909f,HGFVAAFC9CD4A9AC49D09B6A71C6C9270A8C,,,f,f,,0,tracking_video_publish_infos,hg_stock
t5-tITt9lDs,2025-11-22 22:56:23.335601,00ffa390-b6fe-49ad-833e-2ab3ec524ce8,HGFA5581E6782E3E41BA8EF066F8510F923D,UCpQo5QFRcdFcwK5SBvHYCRw,,f,f,,1,tracking_video_publish_infos,hg_stock
t5tLml0Xjrc,2025-05-27 10:30:47.925397,1faed6bb-fd20-406e-b9aa-4f9e354a66b6,HGFA34F0B8A6128E4497BF4CF9229B5F90D2,,,f,f,,0,tracking_video_publish_infos,hg_stock
t5tLml0Xjrc,2025-05-27 10:30:47.925397,42f549f7-484b-4082-9b3b-4034fb711aa1,HGFA520682EFDA4C4A5287C12BAF6B1E8264,,,f,f,,0,tracking_video_publish_infos,hg_stock
t5tLml0Xjrc,2025-05-27 10:30:47.925397,48d74b7c-b17c-4390-b05c-4074bec2698a,HGFA65329D921EC74FC99F6A58A186E51C9E,,,f,f,,0,tracking_video_publish_infos,hg_stock
t5tLml0Xjrc,2025-05-27 10:30:47.925397,48e732dd-bf18-48e4-85e5-d6afe0e6af44,HGFAAC84CEDF48854D62ACE4EC7DB2A17752,,,f,f,,0,tracking_video_publish_infos,hg_stock
t5tLml0Xjrc,2025-05-27 10:30:47.925397,4f7de644-6347-4584-bead-5f1a7f277405,HGFAF544023518A34A77B3EBBCDA2469B7A5,,,f,f,,0,tracking_video_publish_infos,hg_stock
t5tLml0Xjrc,2025-05-27 10:30:47.925397,b7084ecd-6674-414d-8624-46485e230671,HGFAB0DE9A9A30944C54963C96583EFB65DE,,,f,f,,0,tracking_video_publish_infos,hg_stock
t5tLml0Xjrc,2025-05-27 10:30:47.925397,d977339a-9e64-4b2e-8225-7870ccf70f74,HGFA99530A045AF94A0099080C7275662305,,,f,f,,0,tracking_video_publish_infos,hg_stock
T5UcqJCXRgU,2026-03-24 10:39:51.422649,2f7db0c0-125a-4410-9fa6-33d0a47176de,HGFV688D81E215A14A47A0E3B85CFCCF9332,UChN6nUA7u3kAjZmWDYKtpBw,,f,f,,1,tracking_video_publish_infos,hg_stock
T5UcqJCXRgU,2026-03-24 10:39:51.422649,562ee86f-43a9-49d0-b5a2-f55e7232affd,HGFA621B7069FD204051BAEAA91053E5C3E6,UChN6nUA7u3kAjZmWDYKtpBw,,f,f,,1,tracking_video_publish_infos,hg_stock
T5UcqJCXRgU,2026-03-24 10:39:51.422649,5a19463a-f5c3-482f-8f08-45578de24934,HGFVEB0A55F622184CE0A3C705C9576170C1,UChN6nUA7u3kAjZmWDYKtpBw,,f,f,,1,tracking_video_publish_infos,hg_stock
T5UcqJCXRgU,2026-03-24 10:39:51.422649,889246de-658f-4e8b-ae3a-534b64a246e6,HGFA7AE08904886D49C99BC6A18BF914AA8A,UChN6nUA7u3kAjZmWDYKtpBw,,f,f,,1,tracking_video_publish_infos,hg_stock
T5UcqJCXRgU,2026-03-24 10:39:51.422649,9917b720-3e91-4586-8269-42866069e8a4,HGFAB6EA8F5408044C978F5B8706A9EEDE74,UChN6nUA7u3kAjZmWDYKtpBw,,f,f,,1,tracking_video_publish_infos,hg_stock
t5uF3eMHEco,2026-01-29 10:14:26.25174,4eab271d-a3e4-47e3-9e2e-16be26d19bf7,HGFA00BDCFCF54E24FE5ACF357B9C0FCFF95,UCKdARGdISncJrxH-ShL_NGw,,f,f,,1,tracking_video_publish_infos,hg_stock
t5uF3eMHEco,2026-01-29 10:14:26.25174,56fbb19a-263b-4d39-8f6e-2272c13d3153,HGFA84AFC15F7282434EAFE3DEA438686965,UCKdARGdISncJrxH-ShL_NGw,,f,f,,1,tracking_video_publish_infos,hg_stock
t5UFoERgUUo,2023-09-05 17:53:29.720953,3e29a310-965e-4494-93a0-dead3a964d11,HGFA42FDDBA127174B15B3304F86D5157125,,,f,f,,0,tracking_video_publish_infos,hg_stock
t5UFoERgUUo,2023-09-05 17:53:29.720953,59214a59-8477-41f5-8f70-b3570854a3b3,HGFA872950F157AD42C4920E8F376C072D8A,,,f,f,,0,tracking_video_publish_infos,hg_stock
t5UFoERgUUo,2023-09-05 17:53:29.720953,8b54038e-d54d-4c32-888a-6d80ef22f37e,HGFA4FC6827890244EAF9CFDB8306065F7FA,,,f,f,,0,tracking_video_publish_infos,hg_stock
t-5umY20hMc,2025-07-04 14:17:12.372327,0304e253-7235-42b0-9c34-3fd7783d88da,HGFA7291CE0AD71243569D15E1A8034642B6,,,f,f,,0,tracking_video_publish_infos,hg_stock
t-5umY20hMc,2025-07-04 14:17:12.372327,030ee4c1-431e-4b53-a40f-732ec1f1d556,HGFAD56C0FD418864F34B8C5CFAB024B33B5,,,f,f,,0,tracking_video_publish_infos,hg_stock
t-5umY20hMc,2025-07-04 14:17:12.372327,222dc371-b0b0-462d-b65d-bedd6310fd98,HGFA5734236228BA4E41B28980E0766EA2D5,,,f,f,,0,tracking_video_publish_infos,hg_stock
t-5umY20hMc,2025-07-04 14:17:12.372327,623e4044-4dfb-44cd-b71e-03331ae0fea9,HGFA028E3743AF0B494B935A29F1A80F4E18,,,f,f,,0,tracking_video_publish_infos,hg_stock
T5Uz2Idg_EA,2024-04-11 09:32:14.478756,5204d535-bee2-4234-8b56-b6b7722ec613,HGFA3EECD881F4454A43BB0F0F28D79B313D,UCDNFczxICy-VKKax_FiDGhw,,f,f,,3,tracking_video_publish_infos,hg_stock
T5Uz2Idg_EA,2024-04-11 09:32:14.478756,6b22d7ca-e351-4945-bca4-d63cc66f9834,HGFA833916AD12DE4B3A8FBAD82C3D6EFC7A,UCDNFczxICy-VKKax_FiDGhw,,f,f,,3,tracking_video_publish_infos,hg_stock
T5Uz2Idg_EA,2024-04-11 09:32:14.478756,e0ab4bd9-2bdc-42b2-b712-795947b7a9b2,HGFA94938035CE554D50A82E5214DA85FC8F,UCDNFczxICy-VKKax_FiDGhw,,f,f,,3,tracking_video_publish_infos,hg_stock
T5Uz2Idg_EA,2024-04-11 09:32:14.478756,f5d5ba36-9e75-4a5c-946e-444a282071a6,HGFAB74FF93D38C04F9082BC0855CD6D9BF7,UCDNFczxICy-VKKax_FiDGhw,,f,f,,3,tracking_video_publish_infos,hg_stock
T5Uz2Idg_EA,2024-04-11 09:32:14.478756,f81fa7e7-8c6a-4746-a5ed-d9ac80e0e8d8,HGFADD9D90C892A64EF1B4D8776CB419C2E7,UCDNFczxICy-VKKax_FiDGhw,,f,f,,3,tracking_video_publish_infos,hg_stock
t5UZfTm_rj8,2025-06-24 17:21:15.003977,71a88814-2a68-4225-a7c7-772a37bce918,HGFAE73605218D6445B5AA7E4598172B6117,,,f,f,,0,tracking_video_publish_infos,hg_stock
t5UZfTm_rj8,2025-06-24 17:21:15.003977,bcbdc53d-bea1-4a40-9e0b-d692ca2a5e02,HGFV3D72C69AF308428CBA1283E62BD77446,,,f,f,,0,tracking_video_publish_infos,hg_stock
t5vDMt5qsL4,2023-10-20 14:44:52.665846,0f921b91-ba9e-4651-ac28-f4fd40ab420d,HGFA40CA42735E8F4C4AA6B497F0753CD5A1,,,f,f,,0,tracking_video_publish_infos,hg_stock
t5vDMt5qsL4,2023-10-20 14:44:52.665846,5c33086e-01b9-4eb8-ba29-62c90b214766,HGFV0FCB8DFEF71941709D8EAF41D36AC176,,,f,f,,0,tracking_video_publish_infos,hg_stock
t5vDMt5qsL4,2023-10-20 14:44:52.665846,5ef3b92b-9d23-462a-82fb-864a424ac3ae,HGFVA5673C30531F4797B7D3BA6D5CA4F8B7,,,f,f,,0,tracking_video_publish_infos,hg_stock
t5vDMt5qsL4,2023-10-20 14:44:52.665846,b054d5af-f364-4ca3-a1d8-40c4c8b7719f,HGFA7EF5C0A21D3A45FBBBB57439A6A8F958,,,f,f,,0,tracking_video_publish_infos,hg_stock
t5vDMt5qsL4,2023-10-20 14:44:52.665846,bb7c99c6-27cc-4e1b-94da-d44f323c99bd,HGFAEF9BC48ADF1A4EA597D79E0A2818C738,,,f,f,,0,tracking_video_publish_infos,hg_stock
T5VeVv8sXIk,2023-08-14 16:02:39.798477,06a0e3fc-8ffd-4fc6-abb7-943942120d06,HGFAE3C03181517C4E2585B52C55454C3807,,,f,f,,0,tracking_video_publish_infos,hg_stock
T5VeVv8sXIk,2023-08-14 16:02:39.798477,295a47bc-02e2-4834-b85c-1addd538be81,HGFAF0AF826F0A0C45EB839CFD6369A1398F,,,f,f,,0,tracking_video_publish_infos,hg_stock
T5VeVv8sXIk,2023-08-14 16:02:39.798477,2ab97faf-ccac-49b5-8cd5-939d14660813,HGFA0973046B44E44345BB5CB14B6D691F3E,,,f,f,,0,tracking_video_publish_infos,hg_stock
T5VeVv8sXIk,2023-08-14 16:02:39.798477,66d73e79-a981-42b8-ad73-0c19c73e4e28,HGFA3B97533CF5C24049ADD6DFE8DC12F32B,,,f,f,,0,tracking_video_publish_infos,hg_stock
T5VeVv8sXIk,2023-08-14 16:02:39.798477,6bc6c677-2348-4e32-8c57-3144c28986ef,HGFA236C20F33D334B48A48EBB44D98ACA4B,,,f,f,,0,tracking_video_publish_infos,hg_stock
T5VeVv8sXIk,2023-08-14 16:02:39.798477,77f67789-0c02-42c9-81e4-e2211945d710,HGFA02F8500E901B45B0B75725C7D5288FE2,,,f,f,,0,tracking_video_publish_infos,hg_stock
T5VeVv8sXIk,2023-08-14 16:02:39.798477,80151bcb-897f-4306-9820-41ffaae56202,HGFA5FF0F8BE4B9244D09195D60DE0C4A025,,,f,f,,0,tracking_video_publish_infos,hg_stock
T5VeVv8sXIk,2023-08-14 16:02:39.798477,82fc3568-41be-4151-8937-9b920ca27fac,HGFAA430F679F2B24BD88F50CB7DDB9619D0,,,f,f,,0,tracking_video_publish_infos,hg_stock
T5VeVv8sXIk,2023-08-14 16:02:39.798477,a818235c-e188-4271-8057-93bda7bf5391,HGFAA572B249211946B4B3E8041CC265D3F4,,,f,f,,0,tracking_video_publish_infos,hg_stock
T5VeVv8sXIk,2023-08-14 16:02:39.798477,cc24c0ec-c79f-43e4-91ea-17fd940649db,HGFA86AB27B806024FA4A6ECE7A4D19FF1C0,,,f,f,,0,tracking_video_publish_infos,hg_stock
T5VeVv8sXIk,2023-08-14 16:02:39.798477,ec4f6001-2986-43af-92c8-ed37a2cc00fc,HGFAAD8551C48EEB4B1B8511D29AB6DB7209,,,f,f,,0,tracking_video_publish_infos,hg_stock
t5VQUWGh1sw,2022-08-18 15:04:08.82044,55642964-bb9a-460a-9c0e-88d5f632eb4a,HGFAB2DE046DD72D48DCA9A1B6D9186EC505,,,f,f,,0,tracking_video_publish_infos,hg_stock
t5VQUWGh1sw,2022-08-18 15:04:08.82044,9774c174-693d-4d54-ae25-76c369ba3b1f,HGFAA37D3167D762409DB7E4D643D33050FC,,,f,f,,0,tracking_video_publish_infos,hg_stock
t5VQUWGh1sw,2022-08-18 15:04:08.82044,ac9ec514-c260-4168-abf0-9ba34807c9b0,HGFAA0A09AF6AE07409499A59BCBA8543A9D,,,f,f,,0,tracking_video_publish_infos,hg_stock
t5VtHG7qtZI,2025-12-10 14:10:47.698804,4d28d20e-bd14-4ff1-ae19-3a69f08adf74,HGFAA68F2B322A884293BA98D0D19B41FE58,UCmIfncM91fgP6XwO7IsbEBg,,f,f,,3,tracking_video_publish_infos,hg_stock
T5vuxuhWrVc,2025-03-08 16:54:23.778797,0448999e-3f6c-475a-bff5-28829777797b,HGFA0CE1EFD15FB144CAA61E08C970E6E22A,,,f,f,,0,tracking_video_publish_infos,hg_stock
T5vuxuhWrVc,2025-03-08 16:54:23.778797,14ffceaf-b411-4a58-b17d-e9c9a5131440,HGFA16B71563D6BA4992BE219DE12EDA181D,,,f,f,,0,tracking_video_publish_infos,hg_stock
T5vuxuhWrVc,2025-03-08 16:54:23.778797,151655bf-cdf3-4df2-bedd-afdcb112b4f7,HGFA09D52DC8492540A8A4617938D849C96E,,,f,f,,0,tracking_video_publish_infos,hg_stock
T5vuxuhWrVc,2025-03-08 16:54:23.778797,3a937055-2881-44d5-b5fe-25c77909f45f,HGFA61CF01250EEB4D2F8951E56214A99EA3,,,f,f,,0,tracking_video_publish_infos,hg_stock
T5vuxuhWrVc,2025-03-08 16:54:23.778797,3acb9fed-5b15-4287-ae06-95e270d454f6,HGFAB4B35E0AB3B246E8A51D94970A6EE694,,,f,f,,0,tracking_video_publish_infos,hg_stock
T5vuxuhWrVc,2025-03-08 16:54:23.778797,50b6de60-ed5b-4480-b2ec-712116b20c96,HGFA27DDC9FD2229458AA3B6F7CB099A2DD3,,,f,f,,0,tracking_video_publish_infos,hg_stock
T5vuxuhWrVc,2025-03-08 16:54:23.778797,58f6929e-0be1-44c0-b929-8a3665769d18,HGFA9411751AEDCC4FAC858DE57CDC23EC0C,,,f,f,,0,tracking_video_publish_infos,hg_stock
T5vuxuhWrVc,2025-03-08 16:54:23.778797,5cfccc9a-a1a8-497f-b755-6ce5523f132c,HGFA06C7FAFAA8564D7FB84D97C6BB98126D,,,f,f,,0,tracking_video_publish_infos,hg_stock
T5vuxuhWrVc,2025-03-08 16:54:23.778797,7151d79a-0bf7-43ac-b20c-87959e8ca97e,HGFA22F3AFA8E5B14AEEABB723F49CD02DF1,,,f,f,,0,tracking_video_publish_infos,hg_stock
t5vYXQEKnrw,2025-08-19 09:13:18.521184,0654ad77-ed44-47d7-b3b9-36fa50364814,HGFA9E62D452CE9147DBA30F92AFD7B588A8,,,f,f,,0,tracking_video_publish_infos,hg_stock
t5vYXQEKnrw,2025-08-19 09:13:18.521184,08ad94c9-6b06-4dd8-ba13-45e09c73ce44,HGFA2F6F7049627949E585AFB3F3785525D5,,,f,f,,0,tracking_video_publish_infos,hg_stock
t5vYXQEKnrw,2025-08-19 09:13:18.521184,0c711654-61fb-46c1-a3f3-e1bff97463a0,HGFAEA75042DBF574679B7D38314EFC88E6E,,,f,f,,0,tracking_video_publish_infos,hg_stock
t5vYXQEKnrw,2025-08-19 09:13:18.521184,1faed6bb-fd20-406e-b9aa-4f9e354a66b6,HGFA34F0B8A6128E4497BF4CF9229B5F90D2,,,f,f,,0,tracking_video_publish_infos,hg_stock
t5vYXQEKnrw,2025-08-19 09:13:18.521184,386ed5ce-1f9b-4707-9e14-047b3a8811a3,HGFV9BE518FA063740CA876305A2F0F85334,,,f,f,,0,tracking_video_publish_infos,hg_stock
t5vYXQEKnrw,2025-08-19 09:13:18.521184,42f549f7-484b-4082-9b3b-4034fb711aa1,HGFA520682EFDA4C4A5287C12BAF6B1E8264,,,f,f,,0,tracking_video_publish_infos,hg_stock
t5vYXQEKnrw,2025-08-19 09:13:18.521184,48d74b7c-b17c-4390-b05c-4074bec2698a,HGFA65329D921EC74FC99F6A58A186E51C9E,,,f,f,,0,tracking_video_publish_infos,hg_stock
t5vYXQEKnrw,2025-08-19 09:13:18.521184,5386c2ab-09f5-4efd-8663-44532ff204e3,HGFA34ED9AD19F6244F38E85026A11E27445,,,f,f,,0,tracking_video_publish_infos,hg_stock
t5vYXQEKnrw,2025-08-19 09:13:18.521184,61b5fac9-d7ce-4c4a-982e-f5d59f2e2199,HGFA44BD3D7936B54AAEA21968189FEA6792,,,f,f,,0,tracking_video_publish_infos,hg_stock
t5vYXQEKnrw,2025-08-19 09:13:18.521184,6e87c1a2-098c-4444-9725-9bd7029a4ad2,HGFV326EB43E70D840E198B4694CED7EC51B,,,f,f,,0,tracking_video_publish_infos,hg_stock
t5vYXQEKnrw,2025-08-19 09:13:18.521184,7010d778-9f45-4394-9da4-4cf6e9ed0807,HGFV9BE518FA063740CA876305A2F0F85334,,,f,f,,0,tracking_video_publish_infos,hg_stock
t5vYXQEKnrw,2025-08-19 09:13:18.521184,75874b76-2edf-4a12-8025-299821880984,HGFA9CFEF8A442CA49C4BCB07CFC511A692D,,,f,f,,0,tracking_video_publish_infos,hg_stock
t5vYXQEKnrw,2025-08-19 09:13:18.521184,a61421fb-d20a-41b9-bb30-da363c72ba9b,HGFA89D13029CD6244DAAF10634E09A9D226,,,f,f,,0,tracking_video_publish_infos,hg_stock
t5vYXQEKnrw,2025-08-19 09:13:18.521184,b7084ecd-6674-414d-8624-46485e230671,HGFAB0DE9A9A30944C54963C96583EFB65DE,,,f,f,,0,tracking_video_publish_infos,hg_stock
t5vYXQEKnrw,2025-08-19 09:13:18.521184,d795833a-ca13-4e94-b05f-fd57ec4549c0,HGFA436FE36DA97849BDB646C3927B9AAFB0,,,f,f,,0,tracking_video_publish_infos,hg_stock
t5vYXQEKnrw,2025-08-19 09:13:18.521184,e6227b7d-df11-4246-a73a-d7a4a679e9cb,HGFA2AC8D6BF77274E77A3B624E2497B3783,,,f,f,,0,tracking_video_publish_infos,hg_stock
t5vYXQEKnrw,2025-08-19 09:13:18.521184,f91d3e95-f21a-4903-8e1d-27cd964afc7e,HGFA3E8A98848BCF46F4B044B40EC3D357C3,,,f,f,,0,tracking_video_publish_infos,hg_stock
t5VZQcNz1L8,2024-11-18 16:50:42.382593,0202a863-707d-4ef9-a52c-3499131ce384,HGFA9E2AF9C440744C749F55783BA8461C81,,,f,f,,0,tracking_video_publish_infos,hg_stock
t5VZQcNz1L8,2024-11-18 16:50:42.382593,060a76cc-d3cd-4be8-a38f-25208495818a,HGFV92FB3D8FD6424A62886EEFDF1FC361A0,,,f,f,,0,tracking_video_publish_infos,hg_stock
t5VZQcNz1L8,2024-11-18 16:50:42.382593,0c935259-f65f-4cff-a280-4748db54b381,HGFV2A62393610404B8F8938E099B8CCA0E9,,,f,f,,0,tracking_video_publish_infos,hg_stock
t5VZQcNz1L8,2024-11-18 16:50:42.382593,0e811f77-65f1-4b27-9d5a-3440b41b89cf,HGFV01D20B6F02D94949965476B11FA189F7,,,f,f,,0,tracking_video_publish_infos,hg_stock
t5VZQcNz1L8,2024-11-18 16:50:42.382593,16bf02d0-ab1d-4136-a1da-493f24554853,HGFVF72DBF61BBB04770A8C77C655F0599C7,,,f,f,,0,tracking_video_publish_infos,hg_stock
t5VZQcNz1L8,2024-11-18 16:50:42.382593,1a3e33aa-e154-4739-93e2-1aea8d755051,HGFV3F8666380EF3468BA076A9854884FE8B,,,f,f,,0,tracking_video_publish_infos,hg_stock
t5VZQcNz1L8,2024-11-18 16:50:42.382593,1ee42e2d-0fdd-4b90-9198-7302ca35f1a1,HGFV53EC222D67DA4E4287C1263EAB866363,,,f,f,,0,tracking_video_publish_infos,hg_stock
t5VZQcNz1L8,2024-11-18 16:50:42.382593,24e61c7c-9c6a-46b8-a2ad-28966c622939,HGFVC8CB64B456BE4513AF533FD2255676DD,,,f,f,,0,tracking_video_publish_infos,hg_stock
t5VZQcNz1L8,2024-11-18 16:50:42.382593,2510579a-d139-4a3f-a0d4-167014f1693e,HGFVB52402A6DB144BD381F5C97E466BC8C2,,,f,f,,0,tracking_video_publish_infos,hg_stock
t5VZQcNz1L8,2024-11-18 16:50:42.382593,2793ede4-dc1c-4314-9963-839d5f49fcfe,HGFV844E2B2E773944A29C6B166F3352BAEE,,,f,f,,0,tracking_video_publish_infos,hg_stock
t5VZQcNz1L8,2024-11-18 16:50:42.382593,2834df58-90fa-4c75-b01e-a7491946292f,HGFV3E04A801D2264C978C4D8AEFE4F15A99,,,f,f,,0,tracking_video_publish_infos,hg_stock
t5VZQcNz1L8,2024-11-18 16:50:42.382593,290839a6-5c7c-415b-9f20-1a002b190f09,HGFVC4FD7F1CA564464CB78DABC386E8422B,,,f,f,,0,tracking_video_publish_infos,hg_stock
t5VZQcNz1L8,2024-11-18 16:50:42.382593,2a75738e-6fd6-45bb-a76f-e5556b36c9d2,HGFVC2870ADD8A04435CBF1D509AD7BB2649,,,f,f,,0,tracking_video_publish_infos,hg_stock
t5VZQcNz1L8,2024-11-18 16:50:42.382593,31b81033-f4c1-4b13-a63e-bebffd27f80c,HGFVA17BA0191BDA48DDA8DC9CE4E9C24C9F,,,f,f,,0,tracking_video_publish_infos,hg_stock
t5VZQcNz1L8,2024-11-18 16:50:42.382593,33e9eb83-8b52-47ed-8abb-134f33215478,HGFVD0CF880B800547D9AD8DEBF76BE7B00D,,,f,f,,0,tracking_video_publish_infos,hg_stock
t5VZQcNz1L8,2024-11-18 16:50:42.382593,3c90c5fc-e223-43f0-b3e1-2cff20ea8ea9,HGFV89DE8E939B5C47CA81D514389710C59F,,,f,f,,0,tracking_video_publish_infos,hg_stock
t5VZQcNz1L8,2024-11-18 16:50:42.382593,3e7f5333-ad7c-4384-824e-cbd8d27fbbc8,HGFV1182C870F22E444B9A2E4432CCC8FFBB,,,f,f,,0,tracking_video_publish_infos,hg_stock
t5VZQcNz1L8,2024-11-18 16:50:42.382593,3eb58c42-3e19-4e0c-9bac-acbb15498720,HGFV7763DEB3238E481AAD5E3848CCD6EA44,,,f,f,,0,tracking_video_publish_infos,hg_stock
t5VZQcNz1L8,2024-11-18 16:50:42.382593,40373d53-2de7-4dbc-b9c5-dcfc13bf2d5f,HGFV74904D57E7284C6E8B34947090A37F0A,,,f,f,,0,tracking_video_publish_infos,hg_stock
t5VZQcNz1L8,2024-11-18 16:50:42.382593,43c04131-c0d0-4533-bf71-46b2ab78d1be,HGFV0BAC34764D9C46599E113F8678817116,,,f,f,,0,tracking_video_publish_infos,hg_stock
t5VZQcNz1L8,2024-11-18 16:50:42.382593,4b87b54f-1b6c-4698-932f-a5a077bede1a,HGFV93ECCDE5936A47089AB6E40A898B86AE,,,f,f,,0,tracking_video_publish_infos,hg_stock
t5VZQcNz1L8,2024-11-18 16:50:42.382593,4c671c0e-03e0-4e2f-a271-3883cbbdff0f,HGFV5AC4D3AEBFD647B0BB677E9F29D97E79,,,f,f,,0,tracking_video_publish_infos,hg_stock
t5VZQcNz1L8,2024-11-18 16:50:42.382593,51a26c2f-7d9f-41d8-aa63-9736e2b8edda,HGFV02C01A07F5044EF0B3EC85D0ABBB2FBB,,,f,f,,0,tracking_video_publish_infos,hg_stock
t5VZQcNz1L8,2024-11-18 16:50:42.382593,5338c7e8-244e-4d87-9441-a81beed44f35,HGFVBFEEB22DBDD2484E9F95F5E90E49816E,,,f,f,,0,tracking_video_publish_infos,hg_stock
t5VZQcNz1L8,2024-11-18 16:50:42.382593,56bb5844-776b-4bf5-aa48-20ee05352e76,HGFV7377B43E1B6641FF984EFED8179E47D1,,,f,f,,0,tracking_video_publish_infos,hg_stock
t5VZQcNz1L8,2024-11-18 16:50:42.382593,5719734c-d209-4012-8a14-a5e37c169b5f,HGFV3A8A8DB436954856A76B66014B1FDEDE,,,f,f,,0,tracking_video_publish_infos,hg_stock
t5VZQcNz1L8,2024-11-18 16:50:42.382593,59b53efa-3662-427f-ba17-5f5c5e16859c,HGFV6FFC25EBB1164F0E8364AC497B9E1EAB,,,f,f,,0,tracking_video_publish_infos,hg_stock
t5VZQcNz1L8,2024-11-18 16:50:42.382593,606933ec-5139-4f58-84ab-c1daf721e090,HGFV2E8A9200F68F425A81839880001543C3,,,f,f,,0,tracking_video_publish_infos,hg_stock
t5VZQcNz1L8,2024-11-18 16:50:42.382593,607a7a3d-f007-4e5d-9ad1-994650560da8,HGFV172F9BA79B974FD4AA349EACF9371EC5,,,f,f,,0,tracking_video_publish_infos,hg_stock
t5VZQcNz1L8,2024-11-18 16:50:42.382593,617259b4-7841-48b5-bc52-cf94ac785c26,HGFABA4432D5CDFA4411B23CA30AD069D7B1,,,f,f,,0,tracking_video_publish_infos,hg_stock
t5VZQcNz1L8,2024-11-18 16:50:42.382593,6260d7ca-2303-46e7-8014-ea5d3fbc3177,HGFV657843D0897A45E18A127CAAD3EC709D,,,f,f,,0,tracking_video_publish_infos,hg_stock
t5VZQcNz1L8,2024-11-18 16:50:42.382593,62a7e530-44e3-4ba0-8aa3-50a7f79440f0,HGFVBEF8231133094404A58D9377CD9F2C85,,,f,f,,0,tracking_video_publish_infos,hg_stock
t5VZQcNz1L8,2024-11-18 16:50:42.382593,657f5da9-78c7-4f0d-ad57-7d2c2ea64fb6,HGFVBD19697856AC4EBD9E801CF0B5BF8B45,,,f,f,,0,tracking_video_publish_infos,hg_stock
t5VZQcNz1L8,2024-11-18 16:50:42.382593,67f769f9-8607-456c-be01-1575929bda5f,HGFVAC57E070236648DA9F868CCEA8563DF8,,,f,f,,0,tracking_video_publish_infos,hg_stock
t5VZQcNz1L8,2024-11-18 16:50:42.382593,6cf0617d-3a08-4417-8cbf-97c053748387,HGFVFD310C8105EA47D89AAEA3D8AB863AB0,,,f,f,,0,tracking_video_publish_infos,hg_stock
t5VZQcNz1L8,2024-11-18 16:50:42.382593,704859e6-6ede-42eb-ae60-684effde855f,HGFV7C1ED1D381234FF8ADA7828DEB76F148,,,f,f,,0,tracking_video_publish_infos,hg_stock
t5VZQcNz1L8,2024-11-18 16:50:42.382593,73900e00-72f0-46d9-97e7-8fbed9792170,HGFV8C2105384FC14C328B3B882FAA463BB1,,,f,f,,0,tracking_video_publish_infos,hg_stock
t5VZQcNz1L8,2024-11-18 16:50:42.382593,754f904b-1328-4d81-bf7b-7bd358304b5e,HGFV4B8DB1D87BDE4801A951C1D5D0940583,,,f,f,,0,tracking_video_publish_infos,hg_stock
t5VZQcNz1L8,2024-11-18 16:50:42.382593,7edf05c3-9247-445c-add8-278b3e3d3dbe,HGFV23C10A43CC824645BA1CBFB613D83CA6,,,f,f,,0,tracking_video_publish_infos,hg_stock
t5VZQcNz1L8,2024-11-18 16:50:42.382593,7ee4bb63-0cd6-4587-bc28-0459e4001431,HGFV0C738783836748F38271D99429167F3A,,,f,f,,0,tracking_video_publish_infos,hg_stock
t5VZQcNz1L8,2024-11-18 16:50:42.382593,8159e3d8-9e71-4eec-ba22-2ea8efd0100d,HGFA6F3BD30C15F34C04B4CED7BE2FDD306F,,,f,f,,0,tracking_video_publish_infos,hg_stock
t5VZQcNz1L8,2024-11-18 16:50:42.382593,827233b8-b46f-4a60-94f5-507905a023ad,HGFV25A6E3A1556140FF8FC5812FEFB3CE26,,,f,f,,0,tracking_video_publish_infos,hg_stock
t5VZQcNz1L8,2024-11-18 16:50:42.382593,85ef36cf-1fa4-48ed-bea8-34356cdddd35,HGFV743A03A4EBC4424D83BC6F1D495A9F4C,,,f,f,,0,tracking_video_publish_infos,hg_stock
t5VZQcNz1L8,2024-11-18 16:50:42.382593,873a1aa7-3af1-4726-b32d-304b15520b2e,HGFVA555DB4B61844C3BAC5EC5B6EBC30DAD,,,f,f,,0,tracking_video_publish_infos,hg_stock
t5VZQcNz1L8,2024-11-18 16:50:42.382593,8d3bcae0-90c3-44ea-99b3-ba02da740751,HGFVD67896894C034A72891DFBC078A956CD,,,f,f,,0,tracking_video_publish_infos,hg_stock
t5VZQcNz1L8,2024-11-18 16:50:42.382593,8e29da19-7355-4c94-a6f2-d6d7fe28f9f8,HGFV834F5CFCD6BA4C23BA2449814965E0A8,,,f,f,,0,tracking_video_publish_infos,hg_stock
t5VZQcNz1L8,2024-11-18 16:50:42.382593,8e9ce79a-dbd4-410f-ac6e-83bbe96a5a3b,HGFV6352B0B336A3452798D8877266C50678,,,f,f,,0,tracking_video_publish_infos,hg_stock
t5VZQcNz1L8,2024-11-18 16:50:42.382593,90755719-81af-4be3-a04f-1bf2d3c29747,HGFVE1F3D6E9D602404C878807B8752CF3DC,,,f,f,,0,tracking_video_publish_infos,hg_stock
t5VZQcNz1L8,2024-11-18 16:50:42.382593,93733b9b-8f43-4afc-9e2d-a6a69623590f,HGFV4B22467133D34942976C8DB6BD32085C,,,f,f,,0,tracking_video_publish_infos,hg_stock
t5VZQcNz1L8,2024-11-18 16:50:42.382593,9885aa6f-af8a-4093-8d23-6eb3c00905b4,HGFV40C2AE91AB1746B99C81E70D1F3243E1,,,f,f,,0,tracking_video_publish_infos,hg_stock
t5VZQcNz1L8,2024-11-18 16:50:42.382593,9ce474b7-ae94-4aea-8b0d-dadfd14a6e9f,HGFV1EAECE3B6D664CCBAA98F26C003608A5,,,f,f,,0,tracking_video_publish_infos,hg_stock
t5VZQcNz1L8,2024-11-18 16:50:42.382593,9d6d90a1-6d50-49d5-a693-a8c7f41f01a8,HGFV67ED4E48A9CC4057AE4332E47AD64FE9,,,f,f,,0,tracking_video_publish_infos,hg_stock
t5VZQcNz1L8,2024-11-18 16:50:42.382593,9d8d1392-6f51-42ab-9d4c-00ae2f47e0f5,HGFVA4A37C6E4EA04D9F93139D57C0DC34B9,,,f,f,,0,tracking_video_publish_infos,hg_stock
t5VZQcNz1L8,2024-11-18 16:50:42.382593,a1e834eb-728b-4887-9632-7e973ec3ab3d,HGFVAA8C662B450E4FF88821D62097631260,,,f,f,,0,tracking_video_publish_infos,hg_stock
t5VZQcNz1L8,2024-11-18 16:50:42.382593,a2a961d6-d7c5-40c0-b004-fed9edbbc4a9,HGFVB776F541B5EF45C98E5BEDA0E140AC2A,,,f,f,,0,tracking_video_publish_infos,hg_stock
t5VZQcNz1L8,2024-11-18 16:50:42.382593,a533425c-11af-469f-86f1-a6b234565742,HGFV28F1F6BEE9AB43F2AC3F31CB8747B36E,,,f,f,,0,tracking_video_publish_infos,hg_stock
t5VZQcNz1L8,2024-11-18 16:50:42.382593,ada853f9-cb1e-437d-af03-1d971be14b72,HGFV29571449F18F4B0BBA4406F179FB355D,,,f,f,,0,tracking_video_publish_infos,hg_stock
t5VZQcNz1L8,2024-11-18 16:50:42.382593,b6d3d17e-c48f-4534-82e0-3e80065cc360,HGFV37C34250724843B3AE37D0338AB500C0,,,f,f,,0,tracking_video_publish_infos,hg_stock
t5VZQcNz1L8,2024-11-18 16:50:42.382593,bd3fbbb5-1d52-46bf-a5e6-316ae4b67a53,HGFV6503C1A7172F45E8A44514B5B52C2D2E,,,f,f,,0,tracking_video_publish_infos,hg_stock
t5VZQcNz1L8,2024-11-18 16:50:42.382593,bdd4af52-ff27-4611-9838-0b7182a42e62,HGFV85BEF1E50A24432C8CC417BFD8EA0CE6,,,f,f,,0,tracking_video_publish_infos,hg_stock
t5VZQcNz1L8,2024-11-18 16:50:42.382593,c6750315-3207-499e-a81d-626ce3bd1265,HGFV6D22CA63B0AA402E96B3F2A3ABAC56B2,,,f,f,,0,tracking_video_publish_infos,hg_stock
t5VZQcNz1L8,2024-11-18 16:50:42.382593,ce5e5812-b166-4d58-adcf-2af8c41a898d,HGFVEE37155DA11E4A0C8A3E4C8094951F6D,,,f,f,,0,tracking_video_publish_infos,hg_stock
t5VZQcNz1L8,2024-11-18 16:50:42.382593,cf84d879-1c7f-4272-a8b7-2d551310a14a,HGFV525A83AE13DD478B83FF5C39745F5E13,,,f,f,,0,tracking_video_publish_infos,hg_stock
t5VZQcNz1L8,2024-11-18 16:50:42.382593,d4700b72-5cc2-4176-b79c-f67913114fb4,HGFV54A925D614F640DE915B0D092FE029CA,,,f,f,,0,tracking_video_publish_infos,hg_stock
t5VZQcNz1L8,2024-11-18 16:50:42.382593,d543bdc9-c502-49cb-ab8d-42321bb66fd9,HGFVA28A81B626064F1A90F7F9BA33F6F89A,,,f,f,,0,tracking_video_publish_infos,hg_stock
t5VZQcNz1L8,2024-11-18 16:50:42.382593,d726eda9-a55e-4388-83b9-8b1ae32ef5b7,HGFV1270E0FF010B4361900340B8C1BE4156,,,f,f,,0,tracking_video_publish_infos,hg_stock
t5VZQcNz1L8,2024-11-18 16:50:42.382593,dd965d44-1947-4b83-88fe-36bbbb0340b0,HGFV1F9EA1B6888343F5BBA1550E807C0D1D,,,f,f,,0,tracking_video_publish_infos,hg_stock
t5VZQcNz1L8,2024-11-18 16:50:42.382593,dee8800f-e5b9-49ba-8026-3a9f88cb778f,HGFV9462BCFBF5E94D19B263FF75D41DF479,,,f,f,,0,tracking_video_publish_infos,hg_stock
t5VZQcNz1L8,2024-11-18 16:50:42.382593,defe4100-7abf-4293-b160-c926a0ec1248,HGFV6532DE18740F419B837FCE17D6AE2FA1,,,f,f,,0,tracking_video_publish_infos,hg_stock
t5VZQcNz1L8,2024-11-18 16:50:42.382593,e01bf302-d288-4b12-bdbe-0f64c869ff2a,HGFV0F78CA82A13E4DE58A90C7C5B7884028,,,f,f,,0,tracking_video_publish_infos,hg_stock
t5VZQcNz1L8,2024-11-18 16:50:42.382593,e08e4187-1de4-4ab7-97ab-59520d3f2d10,HGFV57CA449986E841CF810CDD04880E0634,,,f,f,,0,tracking_video_publish_infos,hg_stock
t5VZQcNz1L8,2024-11-18 16:50:42.382593,e2985d55-f587-4d58-8305-14d2e70d3af5,HGFV6891747BE25541DAA5942A2300988300,,,f,f,,0,tracking_video_publish_infos,hg_stock
t5VZQcNz1L8,2024-11-18 16:50:42.382593,e6a9984f-6295-473e-9599-1a387eb9866c,HGFVFCEBE0DA349C4626A032F9DCAE53BAF2,,,f,f,,0,tracking_video_publish_infos,hg_stock
t5VZQcNz1L8,2024-11-18 16:50:42.382593,e904712b-812e-4de5-8757-21f41b09f1b7,HGFV739865081E834BC4AF70667A543F0806,,,f,f,,0,tracking_video_publish_infos,hg_stock
t5VZQcNz1L8,2024-11-18 16:50:42.382593,eb8d9f2d-d3dc-409a-b784-80f4abd9f514,HGFV23EC1A1C83AF40F48F4517E704870258,,,f,f,,0,tracking_video_publish_infos,hg_stock
t5VZQcNz1L8,2024-11-18 16:50:42.382593,ecffea36-a47a-43cc-9552-f338f91a6550,HGFV12C451632BC14C2E8EECCC0280958D00,,,f,f,,0,tracking_video_publish_infos,hg_stock
t5VZQcNz1L8,2024-11-18 16:50:42.382593,f6fedd75-bca1-45e2-9284-0fdeb00d1400,HGFV1289FC1431024F3380E62611917C8BF5,,,f,f,,0,tracking_video_publish_infos,hg_stock
t5VZQcNz1L8,2024-11-18 16:50:42.382593,f719d6d3-9907-41ed-92a7-39f9a23b2954,HGFV39A401E5CC6F4B8182971C9A8D114B1E,,,f,f,,0,tracking_video_publish_infos,hg_stock
t5VZQcNz1L8,2024-11-18 16:50:42.382593,f872fc68-fb14-4576-b3d1-fc178600ab6d,HGFV0F70478B91EA41DD9B822ECABD623FF6,,,f,f,,0,tracking_video_publish_infos,hg_stock
t5VZQcNz1L8,2024-11-18 16:50:42.382593,fcc4f8f7-1596-4881-8a2d-bd3bc918d797,HGFVBD99B256EC174FC6B5C75E19BB5A43EE,,,f,f,,0,tracking_video_publish_infos,hg_stock
t5VZQcNz1L8,2024-11-18 16:50:42.382593,fcf872e7-101a-4d7c-be65-116ca7ae76dc,HGFV4F8A58A6DCB14976872833D40A178105,,,f,f,,0,tracking_video_publish_infos,hg_stock
t5VZQcNz1L8,2024-11-18 16:50:42.382593,ff0aa346-c564-42c0-8a9b-a2fa54c3b92f,HGFVBE00068500C148BCB11AA996F4979210,,,f,f,,0,tracking_video_publish_infos,hg_stock
t5VZQcNz1L8,2024-11-18 16:50:42.382593,ff36e22e-c892-49ac-8653-06038b7975b8,HGFV4D6EA2188286406AA98A799646F58CEE,,,f,f,,0,tracking_video_publish_infos,hg_stock
t5wIhzyqAzg,2025-09-11 15:12:04.534695,0b85b768-23d5-4b75-8350-5a136df036b3,HGFA7C8DBEC1AFB34599901ADBA29B5D1E47,UC8oFp3qO3ocmiy7rtjizWBQ,,f,f,,3,tracking_video_publish_infos,hg_stock
t5wIhzyqAzg,2025-09-11 15:12:04.534695,0feda4d4-be0a-4c4f-b754-19cae5d35eef,HGFA4DD70B64F892463CABBA082AB7B494A7,UC8oFp3qO3ocmiy7rtjizWBQ,,f,f,,3,tracking_video_publish_infos,hg_stock
t5wIhzyqAzg,2025-09-11 15:12:04.534695,6b74639a-02d0-415e-8704-70e305d83b99,HGFA37CA64B927EA487EBBCA18CEB66B7E3B,UC8oFp3qO3ocmiy7rtjizWBQ,,f,f,,3,tracking_video_publish_infos,hg_stock
T5wnXrDMS7I,2023-04-12 16:39:08.636162,ad246586-4685-4859-b990-e1edc4d24029,HGFA8BC1AA551713463C8A0F6088C86D701E,,,f,f,,0,tracking_video_publish_infos,hg_stock
T5WTRGTVnLY,2026-01-09 15:39:25.632186,022f159a-27fc-4316-9e5a-f7049f516fda,HGFA4006B14614E94DEB9A4C3FA1F392F543,UC3ACh1AmxT1zizGe0Zf0P8A,,f,f,,1,tracking_video_publish_infos,hg_stock
t5WUXRYIT1E,2026-03-16 08:51:36.381543,01f595a0-6548-40d0-912c-0def5469f65c,HGFAA70FCF78C7CE4B15888F0DC521BFF213,UCGihM07hh8rOHKeDUCFZCEA,,f,f,,1,tracking_video_publish_infos,hg_stock
t5WUXRYIT1E,2026-03-16 08:51:36.381543,2b1b2b1a-22ed-477d-b658-8c5aecfcccbf,HGFA343432E9F0DB417B9EC1BA8D23A2176F,UCGihM07hh8rOHKeDUCFZCEA,,f,f,,1,tracking_video_publish_infos,hg_stock
t5WUXRYIT1E,2026-03-16 08:51:36.381543,40b4c473-a4c1-4d4c-af1d-790659a58e22,HGFA3AFB539B98E041C795C3E0081C6570E2,UCGihM07hh8rOHKeDUCFZCEA,,f,f,,1,tracking_video_publish_infos,hg_stock
t5WUXRYIT1E,2026-03-16 08:51:36.381543,496594c5-9434-42db-a527-1760f61e7567,HGFACDFE117531F148B288FF130742746A7B,UCGihM07hh8rOHKeDUCFZCEA,,f,f,,1,tracking_video_publish_infos,hg_stock
t5WUXRYIT1E,2026-03-16 08:51:36.381543,7d7be14d-a615-43d1-ae02-31b29f5248a7,HGFAC4521EC566EE4828BA56294E64D6403F,UCGihM07hh8rOHKeDUCFZCEA,,f,f,,1,tracking_video_publish_infos,hg_stock
t5WUXRYIT1E,2026-03-16 08:51:36.381543,9f39d3b0-bd43-45bc-a605-1f169f8b6193,HGFACB6E33A68D9B4E679011E9ED9949B038,UCGihM07hh8rOHKeDUCFZCEA,,f,f,,1,tracking_video_publish_infos,hg_stock
t5WUXRYIT1E,2026-03-16 08:51:36.381543,d6e8709e-5b27-4b96-af1f-a5f4e5437565,HGFA6CD7E8B792A04842B90198F6F2B7B170,UCGihM07hh8rOHKeDUCFZCEA,,f,f,,1,tracking_video_publish_infos,hg_stock
t5WUXRYIT1E,2026-03-16 08:51:36.381543,f1e4b376-beeb-40dc-9c14-9487703f3604,HGFA9B86DCC1955D42418D1583AF5E8D3B4E,UCGihM07hh8rOHKeDUCFZCEA,,f,f,,1,tracking_video_publish_infos,hg_stock
t5x0ttj7UZw,2025-05-10 16:19:20.543573,02664356-9351-44a7-b860-3abbe80731ef,HGFA9223097588A14B0CB872B21901C5FBDE,,,f,f,,0,tracking_video_publish_infos,hg_stock
t5x0ttj7UZw,2025-05-10 16:19:20.543573,105f0e3e-f44e-42fd-adfa-4351b482888c,HGFA274E9044730343099EEF396B81E5A567,,,f,f,,0,tracking_video_publish_infos,hg_stock
t5x0ttj7UZw,2025-05-10 16:19:20.543573,18c8cbab-fd32-47ee-ac77-62f980f36635,HGFA212F571B3A204D0E9E3453E01DE28964,,,f,f,,0,tracking_video_publish_infos,hg_stock
t5x0ttj7UZw,2025-05-10 16:19:20.543573,1d1bac1c-6239-4e11-b7ca-4314a16763cc,HGFA9CD1D267047A4F999DDA67DEEEB24CC6,,,f,f,,0,tracking_video_publish_infos,hg_stock
t5x0ttj7UZw,2025-05-10 16:19:20.543573,24fc689e-0f9f-4442-acda-f4bcac801f30,HGFAF58FFD283473468EADF7625F9DF0E34A,,,f,f,,0,tracking_video_publish_infos,hg_stock
t5x0ttj7UZw,2025-05-10 16:19:20.543573,4fe1649c-5b50-42da-9472-bbd2da8b74c9,HGFA64E2329682EA4493951B431FF6C07BAF,,,f,f,,0,tracking_video_publish_infos,hg_stock
t5x0ttj7UZw,2025-05-10 16:19:20.543573,50bf826b-57b5-45b1-8e35-d46215a92bbe,HGFA5A7E0E8994CF4CCD8689A3775F966121,,,f,f,,0,tracking_video_publish_infos,hg_stock
t5x0ttj7UZw,2025-05-10 16:19:20.543573,5710fdc9-a9db-464d-aba5-84932e289f2c,HGFA5914A404DA3149D69DF2B09FA6039634,,,f,f,,0,tracking_video_publish_infos,hg_stock
t5x0ttj7UZw,2025-05-10 16:19:20.543573,6c072fe9-999d-4288-a38e-03705e2e5f2e,HGFA484D7C8A68CB4DAEA5EEA67848CD0594,,,f,f,,0,tracking_video_publish_infos,hg_stock
t5x0ttj7UZw,2025-05-10 16:19:20.543573,6c3b8ead-131f-4be9-afb9-c53586999be3,HGFACC2E9DB9892640A7AC97AFB4D59F2CBD,,,f,f,,0,tracking_video_publish_infos,hg_stock
t5x0ttj7UZw,2025-05-10 16:19:20.543573,6f37558f-3aed-4db6-a523-bcdaacc69ad5,HGFA5C686538977E45D3AD31FAD10A5554CC,,,f,f,,0,tracking_video_publish_infos,hg_stock
t5x0ttj7UZw,2025-05-10 16:19:20.543573,751e49d2-eb49-46e5-a195-f71da8fa17be,HGFA21FBB6EB43DF425EA786929B19A55D29,,,f,f,,0,tracking_video_publish_infos,hg_stock
t5x0ttj7UZw,2025-05-10 16:19:20.543573,91b9654f-fd43-4a7c-82d6-d48ccc26d5f2,HGFA4A38138C6B8745A69B041F98FF5AE949,,,f,f,,0,tracking_video_publish_infos,hg_stock
t5x0ttj7UZw,2025-05-10 16:19:20.543573,91f092e4-7c8a-4045-a55d-e2acd5c1e44a,HGFA2735554A7B11478DBF634828955854F6,,,f,f,,0,tracking_video_publish_infos,hg_stock
t5x0ttj7UZw,2025-05-10 16:19:20.543573,96f1eb2d-2cea-4d34-be2b-2c7bda211dd6,HGFABFE894EB10FD439EBA5383EB8D04498E,,,f,f,,0,tracking_video_publish_infos,hg_stock
t5x0ttj7UZw,2025-05-10 16:19:20.543573,99e7472e-6a96-4d91-b053-69b891cb8e86,HGFA251FAFDAFD734B80A4EE052C5BEB8615,,,f,f,,0,tracking_video_publish_infos,hg_stock
t5x0ttj7UZw,2025-05-10 16:19:20.543573,9c9a619f-a878-4d4e-9392-7b78b29e8425,HGFA7809CE7B11D64CCE92BB94608A47D042,,,f,f,,0,tracking_video_publish_infos,hg_stock
t5x0ttj7UZw,2025-05-10 16:19:20.543573,b25bc6d2-ae8a-4778-b24a-8acdbbfbc38b,HGFA734F19803BF44553AC3140489648BA5D,,,f,f,,0,tracking_video_publish_infos,hg_stock
t5x0ttj7UZw,2025-05-10 16:19:20.543573,d3b2594e-0b07-4191-8148-8dd3c5fee435,HGFABA8FD3280C6E49019398240905998348,,,f,f,,0,tracking_video_publish_infos,hg_stock
t5x0ttj7UZw,2025-05-10 16:19:20.543573,eb583b2e-4bb9-403c-b73d-05106f6a5b38,HGFA4FBC2D40DB8D49CEB22BD94367CF784E,,,f,f,,0,tracking_video_publish_infos,hg_stock
t5x0ttj7UZw,2025-05-10 16:19:20.543573,ef56f890-1e79-43b0-8db1-ef516bafa56d,HGFA7F8BE610A778464280A400CEF031E7EC,,,f,f,,0,tracking_video_publish_infos,hg_stock
T5xh-GpS7pU,2023-09-11 16:56:18.667002,074da4b0-f0d8-47bd-95b6-becb665976cb,HGFAAB27C1BDB44A4B4FBB8C00774982EAE3,,,f,f,,0,tracking_video_publish_infos,hg_stock
T5xh-GpS7pU,2023-09-11 16:56:18.667002,0a1d1be8-ba1a-4bfa-9242-59b14e836b25,HGFA5FE9209887874FD08E0D8AE4EEB7BB6A,,,f,f,,0,tracking_video_publish_infos,hg_stock
T5xh-GpS7pU,2023-09-11 16:56:18.667002,244cb253-41b2-44c2-9e00-a025880e4eba,HGFA60F6B173FCA5470AB82CECDC864441C4,,,f,f,,0,tracking_video_publish_infos,hg_stock
T5xh-GpS7pU,2023-09-11 16:56:18.667002,5a2a0b55-d159-416f-960e-10f0c6d01930,HGFA98671D18A60B47A182FEB10796039EC2,,,f,f,,0,tracking_video_publish_infos,hg_stock
T5xh-GpS7pU,2023-09-11 16:56:18.667002,5e8ed63a-68c7-47e1-9232-dc9c046609d7,HGFA5F7085181EFF46A68D87243BDBAD2727,,,f,f,,0,tracking_video_publish_infos,hg_stock
T5xioywhIYY,2025-08-28 17:05:46.932883,3ca708e8-7c60-4737-b1e4-ddf5adae7521,HGFAFA295E0555094D8DB5E59CC4F67D457B,UCNlfGuzOAKM1sycPuM_QTHg,,f,f,,3,tracking_video_publish_infos,hg_stock
T5xioywhIYY,2025-08-28 17:05:46.932883,59771003-ba0e-4ed8-8eff-5189c51347ad,HGFAAAF7EB0D419747F387903CC984C0A4EE,UCNlfGuzOAKM1sycPuM_QTHg,,f,f,,3,tracking_video_publish_infos,hg_stock
T5xioywhIYY,2025-08-28 17:05:46.932883,94322078-3c61-4cd4-8806-d7ad8dbc65f6,HGFA3C9D6F9195A94C46920A5EC2750FA18B,UCNlfGuzOAKM1sycPuM_QTHg,,f,f,,3,tracking_video_publish_infos,hg_stock
T5xioywhIYY,2025-08-28 17:05:46.932883,96450b1b-289b-4240-954d-6a14865c8db8,HGFA6115302FC62540EAA72B06F0162FF8B2,UCNlfGuzOAKM1sycPuM_QTHg,,f,f,,3,tracking_video_publish_infos,hg_stock
T5xioywhIYY,2025-08-28 17:05:46.932883,ec4a6318-f982-47fe-92f0-3114b5a7acfd,HGFA5F9D61D9CBE14CE4BF725972C7C94726,UCNlfGuzOAKM1sycPuM_QTHg,,f,f,,3,tracking_video_publish_infos,hg_stock
T5XKWdoyP7s,2025-05-12 09:57:21.11083,3dc34b45-79af-473f-a88d-1bb4ead8e001,HGFA4E9AEB7E2EFB4DD891B1AD5B7F605DEF,UCZmAixeX48BhtAHXmD9l5Ug,,f,f,,3,tracking_video_publish_infos,hg_stock
T5XKWdoyP7s,2025-05-12 09:57:21.11083,5532f01a-5d99-460b-9682-4aab85138c32,HGFABF700BE933204203808DBEF772A0AC3F,UCZmAixeX48BhtAHXmD9l5Ug,,f,f,,3,tracking_video_publish_infos,hg_stock
T5xOR49mh8c,2025-05-07 13:50:04.948907,08d7d100-07cf-4321-9933-4955d5876c4d,HGFA0DCB469406A445BE8FB461AF44293AE8,,,f,f,,0,tracking_video_publish_infos,hg_stock
T5xOR49mh8c,2025-05-07 13:50:04.948907,259f20ce-5c44-413d-8768-f928ff74b2c4,HGFA51E5654C55C54F8183750CB71A096253,,,f,f,,0,tracking_video_publish_infos,hg_stock
T5xOR49mh8c,2025-05-07 13:50:04.948907,311bf02b-486a-450e-9572-d8675b2417bd,HGFAC5CDC1787E8B440A95C73D331B6AA0B5,,,f,f,,0,tracking_video_publish_infos,hg_stock
T5xOR49mh8c,2025-05-07 13:50:04.948907,3205a7d2-4813-45c2-81ef-9c978026e4e1,HGFA9A66F4E9B202443898624A9C1835A537,,,f,f,,0,tracking_video_publish_infos,hg_stock
T5xOR49mh8c,2025-05-07 13:50:04.948907,324aef1f-c549-4e62-a82b-44b476c19aaa,HGFA9324A835075C41D3886580B19F3701D3,,,f,f,,0,tracking_video_publish_infos,hg_stock
T5xOR49mh8c,2025-05-07 13:50:04.948907,54c136be-f0f2-4d8d-8911-4df9bcd373ba,HGFA09D054C87D7B4435BBC392EC7AF6DB37,,,f,f,,0,tracking_video_publish_infos,hg_stock
t5xXPkDAUHM,2023-08-09 10:55:01.68643,3eebe340-6b43-445c-b02b-fd6ef8fe9960,HGFAE71ED4E5526A4ECAB80BAFC9972C8F52,,,f,f,,0,tracking_video_publish_infos,hg_stock
T5yEMOgWkJA,2023-12-01 17:08:17.033872,069766b4-bc70-4530-8c33-234e518a06c6,HGFA3B7CDAEF1D3A4F70B69B2B98C2F86531,,,f,f,,0,tracking_video_publish_infos,hg_stock
T5yEMOgWkJA,2023-12-01 17:08:17.033872,0961d3be-6296-4695-b7f1-fe355f9588ce,HGFABDB52A4441484184AA3FC18511EB3D30,,,f,f,,0,tracking_video_publish_infos,hg_stock
T5yEMOgWkJA,2023-12-01 17:08:17.033872,5ff0f1c2-bf77-4e88-9425-e48be919d19f,HGFA11F3532CD2E849809127D60891083C9F,,,f,f,,0,tracking_video_publish_infos,hg_stock
T5yEMOgWkJA,2023-12-01 17:08:17.033872,65dd7564-b605-4691-89c8-2d1dcd809256,HGFAD629B4282291481F8DA590D366FF9BEE,,,f,f,,0,tracking_video_publish_infos,hg_stock
T5yEMOgWkJA,2023-12-01 17:08:17.033872,8018aac8-7430-456c-a663-03c3df047c1e,HGFA47F871DA84F34FA38255A9F276F301E1,,,f,f,,0,tracking_video_publish_infos,hg_stock
t5yf0_ObrAo,2024-09-28 10:24:00.546315,000880da-e591-4da0-8fc2-ff8f47ff854c,HGFA033B883A0E3845E9B66A9C85E0E19C93,,,f,f,,0,tracking_video_publish_infos,hg_stock
t5yf0_ObrAo,2024-09-28 10:24:00.546315,0ad752d1-4e1a-436d-aa8a-731a0521a57a,HGFA84037CFA7F324023A5E07A3A5F9F6EF5,,,f,f,,0,tracking_video_publish_infos,hg_stock
t5yf0_ObrAo,2024-09-28 10:24:00.546315,0d9a21d5-a226-42f5-9225-9fbe5ba37403,HGFA18D10827FCD646C0BDFF041F83CF1274,,,f,f,,0,tracking_video_publish_infos,hg_stock
t5yf0_ObrAo,2024-09-28 10:24:00.546315,1368a67d-b21e-4829-8a6a-bcdb2309f43e,HGFA8EE524502DD64AB8966E1B1CB26926AB,,,f,f,,0,tracking_video_publish_infos,hg_stock
t5yf0_ObrAo,2024-09-28 10:24:00.546315,23d37b57-831a-48a1-be82-f35a21e37dec,HGFA4041F392F46E44B9BDCFA2D98EFA995D,,,f,f,,0,tracking_video_publish_infos,hg_stock
T5ygcmpQwPI,2025-07-07 17:22:15.129687,00adf7e3-c79c-4821-ab43-c9a706bdc5e6,HGFAF281D7D9D2C0435FBDFF831F7D73FC55,,,f,f,,0,tracking_video_publish_infos,hg_stock
T5ygcmpQwPI,2025-07-07 17:22:15.129687,0c88848b-42d6-4c60-b3ba-7bb03c6e7de3,HGFAAADA553A8E5F44CDA1C2B9E40D6ED4B3,,,f,f,,0,tracking_video_publish_infos,hg_stock
T5ygcmpQwPI,2025-07-07 17:22:15.129687,0d3ff630-0fc0-482c-9dbf-8d0ad6601bf3,HGFACD632B91F93D46AAA6A1A925C7A2B492,,,f,f,,0,tracking_video_publish_infos,hg_stock
T5ygcmpQwPI,2025-07-07 17:22:15.129687,16d42a03-b7a1-4304-bf6f-7b3b6742a7e4,HGFA8D71D331797D40BB9C4EEBCF7789C3F1,,,f,f,,0,tracking_video_publish_infos,hg_stock
T5ygcmpQwPI,2025-07-07 17:22:15.129687,24952cf1-b69d-4ae0-a260-1e8085317886,HGFAF60A030BF56242FBAE2D84AEBB2D6D11,,,f,f,,0,tracking_video_publish_infos,hg_stock
T5ygcmpQwPI,2025-07-07 17:22:15.129687,34f41ff7-94d8-4102-9b1d-651259b5f1d7,HGFA77AC9724EFA34EB69EFF5EDA18D1D0C7,,,f,f,,0,tracking_video_publish_infos,hg_stock
T5ygcmpQwPI,2025-07-07 17:22:15.129687,4f11689d-bfe7-4315-9dcb-ca82fd3ebeae,HGFAAF7420184B6B4753AE677D43489084FB,,,f,f,,0,tracking_video_publish_infos,hg_stock
T5ygcmpQwPI,2025-07-07 17:22:15.129687,926e2627-da64-4b28-b1f4-6bf4555a5741,HGFA02499D497AC34AC9A780E3B21E35F5A7,,,f,f,,0,tracking_video_publish_infos,hg_stock
t5ynvU-RQXQ,2022-08-26 16:56:38.935737,043c9c0f-7ea8-4991-b848-a35cb228e7ed,HGFADE32BACC30C74AEABBD9808BBD253670,,,f,f,,0,tracking_video_publish_infos,hg_stock
t5ynvU-RQXQ,2022-08-26 16:56:38.935737,08294bb7-a0f8-4b5d-af77-2a66b513faae,HGFA717F8236FE6043FA9AE91C90796E1934,,,f,f,,0,tracking_video_publish_infos,hg_stock
t5ynvU-RQXQ,2022-08-26 16:56:38.935737,0a721733-fb7b-4bc2-b53e-df22c847ba5c,HGFA86AB20E5854B47729AA61FE15F79F751,,,f,f,,0,tracking_video_publish_infos,hg_stock
t5ynvU-RQXQ,2022-08-26 16:56:38.935737,0cb8cc49-09ac-4cbf-a1fc-aa770c9ee1a9,HGFA5B8EC3B68CF240599394550733488B68,,,f,f,,0,tracking_video_publish_infos,hg_stock
t5ynvU-RQXQ,2022-08-26 16:56:38.935737,0f1b7b28-60c2-4e9a-ba58-f70a1ee5f1f6,HGFAA31B16BEE4C94C978977C3ABDD7395BD,,,f,f,,0,tracking_video_publish_infos,hg_stock
t5ynvU-RQXQ,2022-08-26 16:56:38.935737,0fe2ed31-6acf-4fb4-a046-23d9584ea59e,HGFA22A795C9749C4C4682E539BFD739187A,,,f,f,,0,tracking_video_publish_infos,hg_stock
t5ynvU-RQXQ,2022-08-26 16:56:38.935737,17807a1e-e8e5-4e95-98cd-1f9281bdca6a,HGFADE298A88F33642378392F7DA5A54A58B,,,f,f,,0,tracking_video_publish_infos,hg_stock
t5ynvU-RQXQ,2022-08-26 16:56:38.935737,1a3c0ba5-d79e-4e33-b56c-9f0eeb1a7af5,HGFA4B505BC675D3468EB75523EE8E617C92,,,f,f,,0,tracking_video_publish_infos,hg_stock
t5ynvU-RQXQ,2022-08-26 16:56:38.935737,1bfa559f-cd7e-4ee1-983f-53d60b454724,HGFA07E999B576AB42CB8D289CBAAEF59376,,,f,f,,0,tracking_video_publish_infos,hg_stock
t5ynvU-RQXQ,2022-08-26 16:56:38.935737,1d0fb8da-bfba-4c86-8ab3-e94f7f9215f2,HGFA96BF75DAA0AC4D6899C2E8699C595E49,,,f,f,,0,tracking_video_publish_infos,hg_stock
t5ynvU-RQXQ,2022-08-26 16:56:38.935737,2f9a6e2d-19b3-4b71-a3f9-51ed7c6e7728,HGFAC182B528CE044B69B8D20F87712859AD,,,f,f,,0,tracking_video_publish_infos,hg_stock
t5ynvU-RQXQ,2022-08-26 16:56:38.935737,3aa9ab3d-3804-405f-ad38-eb935e67efef,HGFAF3AE9BEBCC664A90BBA11DB46A975CEF,,,f,f,,0,tracking_video_publish_infos,hg_stock
t5ynvU-RQXQ,2022-08-26 16:56:38.935737,42fb1665-9750-4be9-b62f-7a826def4251,HGFA3A3D91FC24BB4F60A466B307B0D04D76,,,f,f,,0,tracking_video_publish_infos,hg_stock
t5ynvU-RQXQ,2022-08-26 16:56:38.935737,5791ee45-e119-42d1-890e-b3a9333f195a,HGFAA866F071A9024C9C9AD804E29B48AEDC,,,f,f,,0,tracking_video_publish_infos,hg_stock
t5ynvU-RQXQ,2022-08-26 16:56:38.935737,5b57ea34-082b-4ca7-9035-5c697ef3f1ee,HGFA9FD90B3DD9A941D393FDF442C5639389,,,f,f,,0,tracking_video_publish_infos,hg_stock
t5ynvU-RQXQ,2022-08-26 16:56:38.935737,66aff42c-4efc-4425-9c3d-d1aca01fe811,HGFA41B088FCD7994600B1AC10D15229D135,,,f,f,,0,tracking_video_publish_infos,hg_stock
t5ynvU-RQXQ,2022-08-26 16:56:38.935737,6e571f09-be85-4bde-bef9-a2d2d5ba166a,HGFA160DD878ED6E40FB87F7AC40BBCD0643,,,f,f,,0,tracking_video_publish_infos,hg_stock
t5ynvU-RQXQ,2022-08-26 16:56:38.935737,91070d96-263f-4287-926e-3e0bb15899dd,HGFAB3578438E70E47CF9A0BDF2885FFA61F,,,f,f,,0,tracking_video_publish_infos,hg_stock
t5ynvU-RQXQ,2022-08-26 16:56:38.935737,c26a44ee-d1a2-41e1-aaf6-bd002bcafbb0,HGFA16E54E5CC87C48DC845471985E38EFAB,,,f,f,,0,tracking_video_publish_infos,hg_stock
t5ynvU-RQXQ,2022-08-26 16:56:38.935737,f67b8a33-2816-4270-b3fc-647d1f31f13c,HGFA43DB8793C12541159CFF1C434E5377DC,,,f,f,,0,tracking_video_publish_infos,hg_stock
T5Y-o0F8N0w,2026-05-12 10:02:40.007823,72599644-ea34-419b-a5ba-0d7c8ae3d545,HGFA1D7381F5074248B390D82160EF9E5939,UCq93jfw13hj3I2gDfpwULNA,,f,f,,3,tracking_video_publish_infos,hg_stock
t5ypRsp2Jtc,2025-07-21 16:36:12.413905,00072922-2a11-4990-892c-ad3024853de4,HGFV72DEBFFC681B4F269ACA3F52B3C0A30B,UCs_PnuuNk0PAtK28eGqCNdA,,f,f,,3,tracking_video_publish_infos,hg_stock
t5ypRsp2Jtc,2025-07-21 16:36:12.413905,00a3bf58-c001-4148-a9b9-d46a38cd6a30,HGFV992DD3D47D72408F89282C9612D5AB0C,UCs_PnuuNk0PAtK28eGqCNdA,,f,f,,3,tracking_video_publish_infos,hg_stock
t5ypRsp2Jtc,2025-07-21 16:36:12.413905,012275e7-3ceb-45bf-bf54-df1175195af6,HGFV5706EF62E38149CC8660095770FE4B25,UCs_PnuuNk0PAtK28eGqCNdA,,f,f,,3,tracking_video_publish_infos,hg_stock
t5ypRsp2Jtc,2025-07-21 16:36:12.413905,027d46bb-3ad1-41a4-9c70-3c2199398e43,HGFV3C184336F6744850905F1917019B7B22,UCs_PnuuNk0PAtK28eGqCNdA,,f,f,,3,tracking_video_publish_infos,hg_stock
t5ypRsp2Jtc,2025-07-21 16:36:12.413905,030e4e70-e252-4c5f-881c-d746bf0c49f2,HGFVFD7E05899E3A43BC8DE1678040FE9CAE,UCs_PnuuNk0PAtK28eGqCNdA,,f,f,,3,tracking_video_publish_infos,hg_stock
t5ypRsp2Jtc,2025-07-21 16:36:12.413905,034b18a5-c649-44b5-b196-5f5757742a64,HGFVED4811D0CE3E417BA7A436FDFF0E3263,UCs_PnuuNk0PAtK28eGqCNdA,,f,f,,3,tracking_video_publish_infos,hg_stock
t5ypRsp2Jtc,2025-07-21 16:36:12.413905,0460b8b6-fe6c-42ca-b8e3-24e622ff1e50,HGFV62460A16EE06412FA7241A7FFE7FCD10,UCs_PnuuNk0PAtK28eGqCNdA,,f,f,,3,tracking_video_publish_infos,hg_stock
t5ypRsp2Jtc,2025-07-21 16:36:12.413905,05f66c11-2c33-478b-8073-06822c5d668e,HGFV879457E723504078BC99EC93CB053743,UCs_PnuuNk0PAtK28eGqCNdA,,f,f,,3,tracking_video_publish_infos,hg_stock
t5ypRsp2Jtc,2025-07-21 16:36:12.413905,06661f61-a5e6-4c39-bf98-09b64919a9b1,HGFVE9FF78A6CC9646F690E440061BACEE55,UCs_PnuuNk0PAtK28eGqCNdA,,f,f,,3,tracking_video_publish_infos,hg_stock
t5ypRsp2Jtc,2025-07-21 16:36:12.413905,067a88ce-4c1b-426b-bdb4-a563897ea537,HGFV497138EF85C745D5AFA11E096289E3B7,UCs_PnuuNk0PAtK28eGqCNdA,,f,f,,3,tracking_video_publish_infos,hg_stock
t5ypRsp2Jtc,2025-07-21 16:36:12.413905,06a575ce-dca8-4c90-9520-415ad9c11224,HGFV3EA09B1E41C0455BA277666B2B917D92,UCs_PnuuNk0PAtK28eGqCNdA,,f,f,,3,tracking_video_publish_infos,hg_stock
t5ypRsp2Jtc,2025-07-21 16:36:12.413905,06b2c6ec-a807-4401-bc3c-3844670113f3,HGFVE2F187EB9808448B97397ECEC25BFF5F,UCs_PnuuNk0PAtK28eGqCNdA,,f,f,,3,tracking_video_publish_infos,hg_stock
t5ypRsp2Jtc,2025-07-21 16:36:12.413905,06cafea5-e7c7-478b-97d4-2c46eca0f3b8,HGFVD1FD181657D945F5B8E9E7AFC84ECF73,UCs_PnuuNk0PAtK28eGqCNdA,,f,f,,3,tracking_video_publish_infos,hg_stock
t5ypRsp2Jtc,2025-07-21 16:36:12.413905,08bb0a47-0335-4bce-a305-ded54871920b,HGFVE181637058DC41C18D61293B0B466C07,UCs_PnuuNk0PAtK28eGqCNdA,,f,f,,3,tracking_video_publish_infos,hg_stock
t5ypRsp2Jtc,2025-07-21 16:36:12.413905,0953cbd3-00b5-47b1-a039-b7dfa58a7ab1,HGFV7C4DD488B7A34338A588BEE85D378248,UCs_PnuuNk0PAtK28eGqCNdA,,f,f,,3,tracking_video_publish_infos,hg_stock
t5ypRsp2Jtc,2025-07-21 16:36:12.413905,098a937c-575f-43c2-b661-5c51a59d3148,HGFVE7F38A1D67814D058F01CFC040B3EDDB,UCs_PnuuNk0PAtK28eGqCNdA,,f,f,,3,tracking_video_publish_infos,hg_stock
t5ypRsp2Jtc,2025-07-21 16:36:12.413905,09c6ac79-7676-42e7-9275-5600f4e519e0,HGFV047B794341E5478D90BDB9E09DC48652,UCs_PnuuNk0PAtK28eGqCNdA,,f,f,,3,tracking_video_publish_infos,hg_stock
t5ypRsp2Jtc,2025-07-21 16:36:12.413905,0a36d222-6b9f-453e-8381-357d2708fe69,HGFV15EDD7980F6A48E0AE19B2AF2D2A9FBF,UCs_PnuuNk0PAtK28eGqCNdA,,f,f,,3,tracking_video_publish_infos,hg_stock
t5ypRsp2Jtc,2025-07-21 16:36:12.413905,0b15a9d3-0c97-4a4e-bca2-6f270100ea99,HGFADCD5493CDF2A4980AA4F1FF5B7F08EAC,UCs_PnuuNk0PAtK28eGqCNdA,,f,f,,3,tracking_video_publish_infos,hg_stock
t5ypRsp2Jtc,2025-07-21 16:36:12.413905,0b590250-cf9f-48af-afc4-4b58c89e88c8,HGFV620E1DDB326B477FB4877B80D051B418,UCs_PnuuNk0PAtK28eGqCNdA,,f,f,,3,tracking_video_publish_infos,hg_stock
t5ypRsp2Jtc,2025-07-21 16:36:12.413905,0bd6e099-af0d-4dcf-8a7a-76e881d38bcd,HGFV573F2A361CC84CEC8BF87D549E1AB29B,UCs_PnuuNk0PAtK28eGqCNdA,,f,f,,3,tracking_video_publish_infos,hg_stock
t5ypRsp2Jtc,2025-07-21 16:36:12.413905,0bfd6549-48ee-40ef-9971-2b8f7b276627,HGFVF32098A0EDBC4518BD09E9CD7F318DE7,UCs_PnuuNk0PAtK28eGqCNdA,,f,f,,3,tracking_video_publish_infos,hg_stock
t5ypRsp2Jtc,2025-07-21 16:36:12.413905,0c146842-0fb7-4da9-a25f-19cf6fa41af4,HGFV80F54AA8191E4BBC9F0D6812C3690712,UCs_PnuuNk0PAtK28eGqCNdA,,f,f,,3,tracking_video_publish_infos,hg_stock
t5ypRsp2Jtc,2025-07-21 16:36:12.413905,0c6217f9-2ed1-41fe-bd77-cfbae7de2852,HGFV024D8196B2DC437CB96410139AF71414,UCs_PnuuNk0PAtK28eGqCNdA,,f,f,,3,tracking_video_publish_infos,hg_stock
t5ypRsp2Jtc,2025-07-21 16:36:12.413905,0d8d4a1b-6669-48a6-aa5b-9d35de656dba,HGFVC1E6D835ED954E63929C23DE0C973E79,UCs_PnuuNk0PAtK28eGqCNdA,,f,f,,3,tracking_video_publish_infos,hg_stock
t5ypRsp2Jtc,2025-07-21 16:36:12.413905,0d973a2a-38cb-47ee-a055-d82dbd7557df,HGFA3292453135C74094B1D93C936E87360E,UCs_PnuuNk0PAtK28eGqCNdA,,f,f,,3,tracking_video_publish_infos,hg_stock
t5ypRsp2Jtc,2025-07-21 16:36:12.413905,0e7d58d8-c55e-4db4-b031-447474dd4210,HGFVDB968060E85D4F02861058272C549979,UCs_PnuuNk0PAtK28eGqCNdA,,f,f,,3,tracking_video_publish_infos,hg_stock
t5ypRsp2Jtc,2025-07-21 16:36:12.413905,0edc2213-9255-41eb-b419-208643be2281,HGFV608FB6532C874F2ABFFA28010D4089A3,UCs_PnuuNk0PAtK28eGqCNdA,,f,f,,3,tracking_video_publish_infos,hg_stock
t5ypRsp2Jtc,2025-07-21 16:36:12.413905,0f4c1d49-a488-487a-b352-e73f7af507ec,HGFV9A8FDF358CBA493A8250B9AD8E27BA8F,UCs_PnuuNk0PAtK28eGqCNdA,,f,f,,3,tracking_video_publish_infos,hg_stock
t5ypRsp2Jtc,2025-07-21 16:36:12.413905,1092004e-963e-4dc9-a45f-312e095e3516,HGFVEC75B7B1894648069F610E8D052B3305,UCs_PnuuNk0PAtK28eGqCNdA,,f,f,,3,tracking_video_publish_infos,hg_stock
t5ypRsp2Jtc,2025-07-21 16:36:12.413905,1305889e-d66d-43ae-9e5f-c18370296013,HGFV90FB363A5A3A468D9FBADA9BC226A27C,UCs_PnuuNk0PAtK28eGqCNdA,,f,f,,3,tracking_video_publish_infos,hg_stock
t5ypRsp2Jtc,2025-07-21 16:36:12.413905,1345e310-5e65-4b67-801d-a1598ced18f1,HGFV3F63AD89063C4FF09515E9733AB3F927,UCs_PnuuNk0PAtK28eGqCNdA,,f,f,,3,tracking_video_publish_infos,hg_stock
t5ypRsp2Jtc,2025-07-21 16:36:12.413905,14b20975-04cf-4c2d-9b1d-257e31adf46d,HGFVFDE99A1B52754606B0D6FDFA48F485BA,UCs_PnuuNk0PAtK28eGqCNdA,,f,f,,3,tracking_video_publish_infos,hg_stock
t5ypRsp2Jtc,2025-07-21 16:36:12.413905,14c7fac1-6566-4c7a-8125-568d8becd2a5,HGFV95E4F4240C1646E7BD6BA9E00B19A326,UCs_PnuuNk0PAtK28eGqCNdA,,f,f,,3,tracking_video_publish_infos,hg_stock
t5ypRsp2Jtc,2025-07-21 16:36:12.413905,14d0ba72-4abe-4aea-b0ad-8fa5e833e9ad,HGFV2A66F3D7F7894077AA96595441665102,UCs_PnuuNk0PAtK28eGqCNdA,,f,f,,3,tracking_video_publish_infos,hg_stock
t5ypRsp2Jtc,2025-07-21 16:36:12.413905,14df660e-57c2-4520-bbd6-38d111674c39,HGFV6DC16F668C1844F68DDBB941C22FF456,UCs_PnuuNk0PAtK28eGqCNdA,,f,f,,3,tracking_video_publish_infos,hg_stock
t5ypRsp2Jtc,2025-07-21 16:36:12.413905,165e3b52-d4c2-48d1-b6db-38da983bb095,HGFV4940CC1061614C16BE36490F8E7DE307,UCs_PnuuNk0PAtK28eGqCNdA,,f,f,,3,tracking_video_publish_infos,hg_stock
t5ypRsp2Jtc,2025-07-21 16:36:12.413905,173aaab7-631e-4c98-9b2e-91b1876489c7,HGFV767D9907AD7F48DA9DCE9B2771B999E6,UCs_PnuuNk0PAtK28eGqCNdA,,f,f,,3,tracking_video_publish_infos,hg_stock
t5ypRsp2Jtc,2025-07-21 16:36:12.413905,175cab27-5cf6-4207-aaca-9f39dabf2d70,HGFVF089D8823ECB4F70A26A31F2CF6FC2C1,UCs_PnuuNk0PAtK28eGqCNdA,,f,f,,3,tracking_video_publish_infos,hg_stock
t5ypRsp2Jtc,2025-07-21 16:36:12.413905,17d16532-4617-4a37-b79f-2fdf7cc69647,HGFV055C0D9581794D71A7F65A59A50300A0,UCs_PnuuNk0PAtK28eGqCNdA,,f,f,,3,tracking_video_publish_infos,hg_stock
t5ypRsp2Jtc,2025-07-21 16:36:12.413905,18afea88-f7e6-49ac-aede-9cc2a3f4f3c5,HGFA66259D939F134792BFA7EA8198875451,UCs_PnuuNk0PAtK28eGqCNdA,,f,f,,3,tracking_video_publish_infos,hg_stock
t5ypRsp2Jtc,2025-07-21 16:36:12.413905,190d3d0d-e438-4717-88d7-168f757d98ad,HGFV50F256284FB24DB095A0DB26148A1122,UCs_PnuuNk0PAtK28eGqCNdA,,f,f,,3,tracking_video_publish_infos,hg_stock
t5ypRsp2Jtc,2025-07-21 16:36:12.413905,19bd3539-788a-4db6-8415-1db24ca14640,HGFV71E827E7935D46A7A7A3BD250E5C3FDA,UCs_PnuuNk0PAtK28eGqCNdA,,f,f,,3,tracking_video_publish_infos,hg_stock
t5ypRsp2Jtc,2025-07-21 16:36:12.413905,1c628698-9141-4a28-8342-dd4562eb4060,HGFV967BFA533278479FA4F6EA7CB1BA2404,UCs_PnuuNk0PAtK28eGqCNdA,,f,f,,3,tracking_video_publish_infos,hg_stock
t5ypRsp2Jtc,2025-07-21 16:36:12.413905,1d888522-e7e0-4fd7-9907-e2f15cecbc80,HGFV947BAFC5DDBA4F62B5D35AB363EBFBCD,UCs_PnuuNk0PAtK28eGqCNdA,,f,f,,3,tracking_video_publish_infos,hg_stock
t5ypRsp2Jtc,2025-07-21 16:36:12.413905,1e9875a6-055a-4aa2-a903-d8eea2c74a92,HGFV342AA6C27A33496DBE4351E9EF87E169,UCs_PnuuNk0PAtK28eGqCNdA,,f,f,,3,tracking_video_publish_infos,hg_stock
t5ypRsp2Jtc,2025-07-21 16:36:12.413905,1f216799-1be4-4e14-bcf3-46aeaacd829f,HGFV67818C07A22D4C86B4F1E562B05A43EF,UCs_PnuuNk0PAtK28eGqCNdA,,f,f,,3,tracking_video_publish_infos,hg_stock
t5ypRsp2Jtc,2025-07-21 16:36:12.413905,201c73e1-c8d4-4ee5-bf19-bff339da7644,HGFV8C293733E61241209A706A7BA740841B,UCs_PnuuNk0PAtK28eGqCNdA,,f,f,,3,tracking_video_publish_infos,hg_stock
t5ypRsp2Jtc,2025-07-21 16:36:12.413905,22b6c259-e1dc-4c3f-a0b9-2853118f4f8d,HGFV6388C9D2437D4B6293085F34CE422175,UCs_PnuuNk0PAtK28eGqCNdA,,f,f,,3,tracking_video_publish_infos,hg_stock
t5ypRsp2Jtc,2025-07-21 16:36:12.413905,22c479a6-4e4f-4b85-ac8c-f5d09b3f00e4,HGFV8FD1C7EA64F04BD4A53707D67AF1B3A3,UCs_PnuuNk0PAtK28eGqCNdA,,f,f,,3,tracking_video_publish_infos,hg_stock
t5ypRsp2Jtc,2025-07-21 16:36:12.413905,234ba37e-4d65-4e9b-8323-7c83954b6b25,HGFVA617458EA7EE444490C168805A4B31FF,UCs_PnuuNk0PAtK28eGqCNdA,,f,f,,3,tracking_video_publish_infos,hg_stock
t5ypRsp2Jtc,2025-07-21 16:36:12.413905,2545f0be-555e-41f5-abfe-4a422b750f9d,HGFV773BF074A7734BADACA5443528AB7549,UCs_PnuuNk0PAtK28eGqCNdA,,f,f,,3,tracking_video_publish_infos,hg_stock
t5ypRsp2Jtc,2025-07-21 16:36:12.413905,25c84b6d-8f7d-4b2d-b086-32924bcd868f,HGFV2F1BC01F9CFD468AB1F29C6988BD3577,UCs_PnuuNk0PAtK28eGqCNdA,,f,f,,3,tracking_video_publish_infos,hg_stock
t5ypRsp2Jtc,2025-07-21 16:36:12.413905,2604a835-4c82-4817-869a-3d8db1069cb6,HGFV7E5884D771CD40DFB3D682AACCED9E03,UCs_PnuuNk0PAtK28eGqCNdA,,f,f,,3,tracking_video_publish_infos,hg_stock
t5ypRsp2Jtc,2025-07-21 16:36:12.413905,287a0008-68fe-4fb2-8b6b-36118a7090b8,HGFVB28A5D560B01427BA345CE0CDCF08572,UCs_PnuuNk0PAtK28eGqCNdA,,f,f,,3,tracking_video_publish_infos,hg_stock
t5ypRsp2Jtc,2025-07-21 16:36:12.413905,28a798f2-0df9-4b7e-8660-b1b72790d054,HGFV378EBFAF3A4C4965864831E55D083F1C,UCs_PnuuNk0PAtK28eGqCNdA,,f,f,,3,tracking_video_publish_infos,hg_stock
t5ypRsp2Jtc,2025-07-21 16:36:12.413905,28a96d87-5a9e-4bc8-ac2e-85df51e06cdb,HGFV6BC164E20170498E89284C4B80903890,UCs_PnuuNk0PAtK28eGqCNdA,,f,f,,3,tracking_video_publish_infos,hg_stock
t5ypRsp2Jtc,2025-07-21 16:36:12.413905,28fdce6f-8e5c-441f-b93a-7683fdb24423,HGFV583531F47BAC49ACB2FB36FADE8A17DD,UCs_PnuuNk0PAtK28eGqCNdA,,f,f,,3,tracking_video_publish_infos,hg_stock
t5ypRsp2Jtc,2025-07-21 16:36:12.413905,2b1993b7-07c1-41df-a584-b06c545284ed,HGFV45F8045A2BF34121A5BB08CDAAA1E4C7,UCs_PnuuNk0PAtK28eGqCNdA,,f,f,,3,tracking_video_publish_infos,hg_stock
t5ypRsp2Jtc,2025-07-21 16:36:12.413905,2c10e2f9-8f4f-4df3-aaa4-c9d7cdc67c6a,HGFV302E47352F9D4BCBB5EC6261F54E16CC,UCs_PnuuNk0PAtK28eGqCNdA,,f,f,,3,tracking_video_publish_infos,hg_stock
t5ypRsp2Jtc,2025-07-21 16:36:12.413905,2d4f8f54-a53e-4481-b186-241781b6e5c3,HGFV8E9F2FB1983748C9AEF48A70F9D0394E,UCs_PnuuNk0PAtK28eGqCNdA,,f,f,,3,tracking_video_publish_infos,hg_stock
t5ypRsp2Jtc,2025-07-21 16:36:12.413905,2e75eb2e-c5b2-4c68-aa1e-cc8d3bf158b6,HGFV00127BE5F17649099D40EDF1A8F1D732,UCs_PnuuNk0PAtK28eGqCNdA,,f,f,,3,tracking_video_publish_infos,hg_stock
t5ypRsp2Jtc,2025-07-21 16:36:12.413905,31686078-9c14-44f4-83f2-940e8849adcb,HGFV8EF5E9325F9E4585894C3CE17C11967B,UCs_PnuuNk0PAtK28eGqCNdA,,f,f,,3,tracking_video_publish_infos,hg_stock
t5ypRsp2Jtc,2025-07-21 16:36:12.413905,33eab5fb-3d80-45cf-aac4-2fd661a804a8,HGFV0329658CB50E4E43BCD809853041686F,UCs_PnuuNk0PAtK28eGqCNdA,,f,f,,3,tracking_video_publish_infos,hg_stock
t5ypRsp2Jtc,2025-07-21 16:36:12.413905,35a46360-0b3c-481b-9d9a-343b670839a4,HGFV3642410FAAEF4E72897B20665C5B92AC,UCs_PnuuNk0PAtK28eGqCNdA,,f,f,,3,tracking_video_publish_infos,hg_stock
t5ypRsp2Jtc,2025-07-21 16:36:12.413905,36e980b9-36ff-40bd-a899-e68021f00c5d,HGFVE1B201EFE6624C99A12AEAC030A47111,UCs_PnuuNk0PAtK28eGqCNdA,,f,f,,3,tracking_video_publish_infos,hg_stock
t5ypRsp2Jtc,2025-07-21 16:36:12.413905,39aefb42-627a-4808-87e9-430e88ba71e2,HGFVD4BDB562BD084506AB1B791B1E6031EA,UCs_PnuuNk0PAtK28eGqCNdA,,f,f,,3,tracking_video_publish_infos,hg_stock
t5ypRsp2Jtc,2025-07-21 16:36:12.413905,3a668b30-a596-4c58-b201-51885dd7010d,HGFV957F3EBDDDFA464CB3679AE81E3B9FFA,UCs_PnuuNk0PAtK28eGqCNdA,,f,f,,3,tracking_video_publish_infos,hg_stock
t5ypRsp2Jtc,2025-07-21 16:36:12.413905,3ba3de6d-2942-4ef4-8e31-2c2716acb813,HGFVD3DA4AD6A11A489FB230869EBA7855D1,UCs_PnuuNk0PAtK28eGqCNdA,,f,f,,3,tracking_video_publish_infos,hg_stock
t5ypRsp2Jtc,2025-07-21 16:36:12.413905,3c5bddc9-a9d4-4dce-921a-807100a9d63b,HGFVE6A70172E9994D859252EC5808D25C77,UCs_PnuuNk0PAtK28eGqCNdA,,f,f,,3,tracking_video_publish_infos,hg_stock
t5ypRsp2Jtc,2025-07-21 16:36:12.413905,3c7e7c1c-ac90-494b-a945-a27dc77f4119,HGFVACF64381730B47D1B75985F9F59B3862,UCs_PnuuNk0PAtK28eGqCNdA,,f,f,,3,tracking_video_publish_infos,hg_stock
t5ypRsp2Jtc,2025-07-21 16:36:12.413905,3ceb5d75-0f0a-4a79-b478-79ff5a06b523,HGFVE1A9F8E1B24C43DA92F8960B3D02D9E8,UCs_PnuuNk0PAtK28eGqCNdA,,f,f,,3,tracking_video_publish_infos,hg_stock
t5ypRsp2Jtc,2025-07-21 16:36:12.413905,3d544594-2b5f-43bf-8620-ede37f15cf56,HGFV73872570DF574E5DBD9B2F258F42068B,UCs_PnuuNk0PAtK28eGqCNdA,,f,f,,3,tracking_video_publish_infos,hg_stock
t5ypRsp2Jtc,2025-07-21 16:36:12.413905,3db9f300-429d-4ba1-9569-7fe59a2bc48b,HGFV49E51A5F6FAB43C6BFBF3CB9B900D1AD,UCs_PnuuNk0PAtK28eGqCNdA,,f,f,,3,tracking_video_publish_infos,hg_stock
t5ypRsp2Jtc,2025-07-21 16:36:12.413905,3dbace45-588b-463a-b106-ff7c702596b0,HGFV37FCF331DB1A4D29AAB21D043ED142C6,UCs_PnuuNk0PAtK28eGqCNdA,,f,f,,3,tracking_video_publish_infos,hg_stock
t5ypRsp2Jtc,2025-07-21 16:36:12.413905,3e2d5472-912d-4226-8dd3-9a704094d86e,HGFV97F6A83E8D6F45ECBA38FA753EBF0EC0,UCs_PnuuNk0PAtK28eGqCNdA,,f,f,,3,tracking_video_publish_infos,hg_stock
t5ypRsp2Jtc,2025-07-21 16:36:12.413905,423f4779-5056-400b-8edf-153b693d784c,HGFV88107A7D9FE54F159F4AAEB77CE68F88,UCs_PnuuNk0PAtK28eGqCNdA,,f,f,,3,tracking_video_publish_infos,hg_stock
t5ypRsp2Jtc,2025-07-21 16:36:12.413905,431e00be-363f-44e2-9156-209c8f8edc92,HGFV71EC370482E847AEA6EFB7292533C213,UCs_PnuuNk0PAtK28eGqCNdA,,f,f,,3,tracking_video_publish_infos,hg_stock
t5ypRsp2Jtc,2025-07-21 16:36:12.413905,45e247d4-1360-4ae7-960f-ea178d132426,HGFV4D397FE5C5E641E5A7E62F58A1C30E96,UCs_PnuuNk0PAtK28eGqCNdA,,f,f,,3,tracking_video_publish_infos,hg_stock
t5ypRsp2Jtc,2025-07-21 16:36:12.413905,463f9aab-bb91-46f7-b48b-9cf25272dc65,HGFVC97F4479CF5A48BD80040ED451CB8649,UCs_PnuuNk0PAtK28eGqCNdA,,f,f,,3,tracking_video_publish_infos,hg_stock
t5ypRsp2Jtc,2025-07-21 16:36:12.413905,46e53da7-fb11-4c56-83e5-26ba46000a96,HGFV11C63EBDAFAA4C139C7FAC10EAC8EEE6,UCs_PnuuNk0PAtK28eGqCNdA,,f,f,,3,tracking_video_publish_infos,hg_stock
t5ypRsp2Jtc,2025-07-21 16:36:12.413905,4734e0f3-7b4a-447d-be7d-a42b0fd1d2bc,HGFV85F9E3CACA624073BD8B70B865B2425C,UCs_PnuuNk0PAtK28eGqCNdA,,f,f,,3,tracking_video_publish_infos,hg_stock
t5ypRsp2Jtc,2025-07-21 16:36:12.413905,47ea6d63-ab02-4634-8544-ac41d3c6e4b0,HGFVCA999CB0778D40D2927AE3FAABBEA7AC,UCs_PnuuNk0PAtK28eGqCNdA,,f,f,,3,tracking_video_publish_infos,hg_stock
t5ypRsp2Jtc,2025-07-21 16:36:12.413905,48f04288-ad9b-4c17-bd98-96a945ff6b3e,HGFVC507B57D5CED4B5C8BF58DB81B445DD1,UCs_PnuuNk0PAtK28eGqCNdA,,f,f,,3,tracking_video_publish_infos,hg_stock
t5ypRsp2Jtc,2025-07-21 16:36:12.413905,4a50b865-885a-4d60-b0fd-92597f4090d1,HGFV4A41DD22ECFA46C98D9079AEC5DB3C5F,UCs_PnuuNk0PAtK28eGqCNdA,,f,f,,3,tracking_video_publish_infos,hg_stock
t5ypRsp2Jtc,2025-07-21 16:36:12.413905,4aeaf48d-cc2d-44d4-bf28-06010f10b229,HGFV933F2B80DFB540469DD71AC5E77D7A03,UCs_PnuuNk0PAtK28eGqCNdA,,f,f,,3,tracking_video_publish_infos,hg_stock
t5ypRsp2Jtc,2025-07-21 16:36:12.413905,4b341e39-a336-49c2-8978-8ea9ec262f53,HGFV721E694667C04E5593DC9AD348CCAED4,UCs_PnuuNk0PAtK28eGqCNdA,,f,f,,3,tracking_video_publish_infos,hg_stock
t5ypRsp2Jtc,2025-07-21 16:36:12.413905,4b5ddccf-4f1d-4139-a167-d5a519b6dce8,HGFV6B4C0855B8544080A175503B5DB5AECF,UCs_PnuuNk0PAtK28eGqCNdA,,f,f,,3,tracking_video_publish_infos,hg_stock
t5ypRsp2Jtc,2025-07-21 16:36:12.413905,4bd3c5c4-dd33-4fda-9441-54ff8b1c36a1,HGFV1F2B32E7E4924A6FA12F7E1A6DEA94DB,UCs_PnuuNk0PAtK28eGqCNdA,,f,f,,3,tracking_video_publish_infos,hg_stock
t5ypRsp2Jtc,2025-07-21 16:36:12.413905,4ff66c4c-378e-40c0-b91e-42dc9e98e9b2,HGFV3EFD5CC2BA5646F5A35026793248DD46,UCs_PnuuNk0PAtK28eGqCNdA,,f,f,,3,tracking_video_publish_infos,hg_stock
t5ypRsp2Jtc,2025-07-21 16:36:12.413905,51c38e41-3b9a-4955-bde1-0935820af4aa,HGFV4593DC9004D74C4EA56C9B9DDF32B01B,UCs_PnuuNk0PAtK28eGqCNdA,,f,f,,3,tracking_video_publish_infos,hg_stock
t5ypRsp2Jtc,2025-07-21 16:36:12.413905,52482124-2860-4f59-94a7-42ad74773533,HGFVF31ADD73A9F14B899138546AEBC9F104,UCs_PnuuNk0PAtK28eGqCNdA,,f,f,,3,tracking_video_publish_infos,hg_stock
t5ypRsp2Jtc,2025-07-21 16:36:12.413905,541b4e8d-7eaf-4d49-9cc6-dfc7905c4921,HGFVE026F214DD7A45E393E8AF2E2E861386,UCs_PnuuNk0PAtK28eGqCNdA,,f,f,,3,tracking_video_publish_infos,hg_stock
t5ypRsp2Jtc,2025-07-21 16:36:12.413905,54c7b39c-c926-45eb-a03d-2b484d48b477,HGFV39C741850A2F4ADD855C07BE9F9A232C,UCs_PnuuNk0PAtK28eGqCNdA,,f,f,,3,tracking_video_publish_infos,hg_stock
t5ypRsp2Jtc,2025-07-21 16:36:12.413905,55a7b9a6-a8d3-4c08-b070-28db69e20b3b,HGFV8CA6B7EBC66E4899A4EBCDAC4DD7AE32,UCs_PnuuNk0PAtK28eGqCNdA,,f,f,,3,tracking_video_publish_infos,hg_stock
t5ypRsp2Jtc,2025-07-21 16:36:12.413905,56d2602e-3ce0-43c6-9f31-8ee126247713,HGFV4BFD5F92ABD6460A87504BD45EEBD587,UCs_PnuuNk0PAtK28eGqCNdA,,f,f,,3,tracking_video_publish_infos,hg_stock
t5ypRsp2Jtc,2025-07-21 16:36:12.413905,586bd612-4a10-42b4-92f2-f7a37c9d1740,HGFVBE16E80B4A8C42CC97AA3987CD21F934,UCs_PnuuNk0PAtK28eGqCNdA,,f,f,,3,tracking_video_publish_infos,hg_stock
t5ypRsp2Jtc,2025-07-21 16:36:12.413905,5b77c0df-4cc5-4878-bd2e-866333e64b1b,HGFVADB08010525C450C984B5CE8F95EDCF9,UCs_PnuuNk0PAtK28eGqCNdA,,f,f,,3,tracking_video_publish_infos,hg_stock
t5ypRsp2Jtc,2025-07-21 16:36:12.413905,5c7c8242-e5db-4b19-907d-5188b18dab19,HGFV831485CE895948F2BD02E73661F5932A,UCs_PnuuNk0PAtK28eGqCNdA,,f,f,,3,tracking_video_publish_infos,hg_stock
t5ypRsp2Jtc,2025-07-21 16:36:12.413905,5ed67c49-e842-44e1-a6a5-7e5b368b4dd9,HGFVBE61351A759640FE9CDE5E6FCB101BEB,UCs_PnuuNk0PAtK28eGqCNdA,,f,f,,3,tracking_video_publish_infos,hg_stock
t5ypRsp2Jtc,2025-07-21 16:36:12.413905,631c4e41-428a-41c2-87ea-f813d863453d,HGFV16F149B83B894929B78B39E838AD6892,UCs_PnuuNk0PAtK28eGqCNdA,,f,f,,3,tracking_video_publish_infos,hg_stock
t5ypRsp2Jtc,2025-07-21 16:36:12.413905,65b2b2ae-4a25-42e8-b3ae-0fa8527def15,HGFV52E10C1F9AD44D108A8560397337DCE8,UCs_PnuuNk0PAtK28eGqCNdA,,f,f,,3,tracking_video_publish_infos,hg_stock
t5ypRsp2Jtc,2025-07-21 16:36:12.413905,667b7326-55ea-4408-88d6-eaa77d2be5e7,HGFV531EDDA131A44319A98EDC4A3BFF604D,UCs_PnuuNk0PAtK28eGqCNdA,,f,f,,3,tracking_video_publish_infos,hg_stock
t5ypRsp2Jtc,2025-07-21 16:36:12.413905,673b3f51-ac8a-45f8-85c7-d3e3c471dc57,HGFV28DC26CA6B814CCE8CEED772841A1420,UCs_PnuuNk0PAtK28eGqCNdA,,f,f,,3,tracking_video_publish_infos,hg_stock
t5ypRsp2Jtc,2025-07-21 16:36:12.413905,6d932b4a-85eb-4ed6-b9e0-2576a72b4697,HGFV15284EFDC6814A2C8D06805B12B6E444,UCs_PnuuNk0PAtK28eGqCNdA,,f,f,,3,tracking_video_publish_infos,hg_stock
t5ypRsp2Jtc,2025-07-21 16:36:12.413905,71ca7d32-6a06-432e-a087-5ee67d418e51,HGFVB8DFD406708E4BB287E28AD3D4D4C389,UCs_PnuuNk0PAtK28eGqCNdA,,f,f,,3,tracking_video_publish_infos,hg_stock
t5ypRsp2Jtc,2025-07-21 16:36:12.413905,7249f1ff-0f39-47be-b800-6cca66de1f42,HGFV82CA446196D2464099D3DFE6B50A78D7,UCs_PnuuNk0PAtK28eGqCNdA,,f,f,,3,tracking_video_publish_infos,hg_stock
t5ypRsp2Jtc,2025-07-21 16:36:12.413905,746be7c7-0a19-462d-aa73-ea5a734b7b5e,HGFV2EB217C817F24CD98CC0C3E75076FC4B,UCs_PnuuNk0PAtK28eGqCNdA,,f,f,,3,tracking_video_publish_infos,hg_stock
t5ypRsp2Jtc,2025-07-21 16:36:12.413905,75aa19ba-01d7-4a1a-bfad-8f32be4a9f30,HGFV92F9DFD5E8F84F04A1C7581A1B0CCDA1,UCs_PnuuNk0PAtK28eGqCNdA,,f,f,,3,tracking_video_publish_infos,hg_stock
t5ypRsp2Jtc,2025-07-21 16:36:12.413905,760d9475-6903-4a59-b11b-317ef7cc2fe5,HGFV11666C147EF34FE89915A6D02B7F8877,UCs_PnuuNk0PAtK28eGqCNdA,,f,f,,3,tracking_video_publish_infos,hg_stock
t5ypRsp2Jtc,2025-07-21 16:36:12.413905,788fa348-69f8-4d60-8897-f7a6b96042b9,HGFV55989A2160574762A518DAF5B94C5688,UCs_PnuuNk0PAtK28eGqCNdA,,f,f,,3,tracking_video_publish_infos,hg_stock
t5ypRsp2Jtc,2025-07-21 16:36:12.413905,7a681320-16be-4ce8-a739-260712733241,HGFV0DFE6DBF83A74A14B3380383B8A67A04,UCs_PnuuNk0PAtK28eGqCNdA,,f,f,,3,tracking_video_publish_infos,hg_stock
t5ypRsp2Jtc,2025-07-21 16:36:12.413905,8187d8b7-a393-47d0-9a3d-6c1c5dd12a09,HGFV8D66EAB1061D4E038E56C0FD7070DEF8,UCs_PnuuNk0PAtK28eGqCNdA,,f,f,,3,tracking_video_publish_infos,hg_stock
t5ypRsp2Jtc,2025-07-21 16:36:12.413905,81ed07e9-fb2a-4c33-9f29-7d46f09dcb42,HGFV0AB90499C78C4262B8116D7EEE615138,UCs_PnuuNk0PAtK28eGqCNdA,,f,f,,3,tracking_video_publish_infos,hg_stock
t5ypRsp2Jtc,2025-07-21 16:36:12.413905,82046d98-0c34-4222-952a-0f2dc8513ec3,HGFV3B85156018C54EEF9E49BEE2081558A5,UCs_PnuuNk0PAtK28eGqCNdA,,f,f,,3,tracking_video_publish_infos,hg_stock
t5ypRsp2Jtc,2025-07-21 16:36:12.413905,8355038d-beee-4ad9-a2a9-db99900dc75d,HGFV3A3A5B35D7ED48E5914D46CDDB40DD0C,UCs_PnuuNk0PAtK28eGqCNdA,,f,f,,3,tracking_video_publish_infos,hg_stock
t5ypRsp2Jtc,2025-07-21 16:36:12.413905,878156ac-9cd8-40bf-a87c-f5b2984c71bb,HGFV9043C2A0C3F045FAB3693870B9F6D5D2,UCs_PnuuNk0PAtK28eGqCNdA,,f,f,,3,tracking_video_publish_infos,hg_stock
t5ypRsp2Jtc,2025-07-21 16:36:12.413905,88de63ff-eb33-43d1-b5d0-5a695b54efae,HGFV77F6D2C00B33461792D83698966267EE,UCs_PnuuNk0PAtK28eGqCNdA,,f,f,,3,tracking_video_publish_infos,hg_stock
t5ypRsp2Jtc,2025-07-21 16:36:12.413905,91f984d9-413b-496c-88e9-dd3fa07b55cc,HGFV3CA57970F8A543A99E16A89479ECF487,UCs_PnuuNk0PAtK28eGqCNdA,,f,f,,3,tracking_video_publish_infos,hg_stock
t5ypRsp2Jtc,2025-07-21 16:36:12.413905,94ccc202-d88b-488d-8adf-aa6e189cb510,HGFV09C205AC363C47EA980C5B8309C3F360,UCs_PnuuNk0PAtK28eGqCNdA,,f,f,,3,tracking_video_publish_infos,hg_stock
t5ypRsp2Jtc,2025-07-21 16:36:12.413905,95def4f9-b828-45ce-a8d3-43ab70f6c4a1,HGFV34BF02B92C724661BD86FB4BA73A4353,UCs_PnuuNk0PAtK28eGqCNdA,,f,f,,3,tracking_video_publish_infos,hg_stock
t5ypRsp2Jtc,2025-07-21 16:36:12.413905,9b8fa12d-5985-419a-a5be-95412c9279f4,HGFV6A32718309CA4F849B8E13F1A584224E,UCs_PnuuNk0PAtK28eGqCNdA,,f,f,,3,tracking_video_publish_infos,hg_stock
t5ypRsp2Jtc,2025-07-21 16:36:12.413905,a172ef51-4c36-4407-8c6a-3ec737a7b397,HGFVB508D16BDA2849D2A06CA2F81745B564,UCs_PnuuNk0PAtK28eGqCNdA,,f,f,,3,tracking_video_publish_infos,hg_stock
t5ypRsp2Jtc,2025-07-21 16:36:12.413905,a6fc48c3-7e3e-4a5a-af33-9a5c168ddec5,HGFVDC4777493BFA4E36967941407E1A17E1,UCs_PnuuNk0PAtK28eGqCNdA,,f,f,,3,tracking_video_publish_infos,hg_stock
t5ypRsp2Jtc,2025-07-21 16:36:12.413905,a8645b80-aa01-4538-b05d-83e99e24e99f,HGFV73C4BCA351754ABB9A0BA8B4A91D1596,UCs_PnuuNk0PAtK28eGqCNdA,,f,f,,3,tracking_video_publish_infos,hg_stock
t5ypRsp2Jtc,2025-07-21 16:36:12.413905,ae2af3a9-003b-4c7e-86bd-def3d640ed96,HGFV9577436F28F040F19DD99726DFCCFDF1,UCs_PnuuNk0PAtK28eGqCNdA,,f,f,,3,tracking_video_publish_infos,hg_stock
t5ypRsp2Jtc,2025-07-21 16:36:12.413905,b20b7751-471c-4f46-acb8-3fa6a82ed96b,HGFV60851E62345F4F23BB534AE3F23FE037,UCs_PnuuNk0PAtK28eGqCNdA,,f,f,,3,tracking_video_publish_infos,hg_stock
t5ypRsp2Jtc,2025-07-21 16:36:12.413905,b37044c0-d7e8-4860-9e65-6fb27b8284c9,HGFV92591FFF14124564BF000B44E794FAE0,UCs_PnuuNk0PAtK28eGqCNdA,,f,f,,3,tracking_video_publish_infos,hg_stock
t5ypRsp2Jtc,2025-07-21 16:36:12.413905,b4fd11f4-db82-49aa-8154-7c51acfbe1c8,HGFVD6B80CE15F184FBA9927BABC73FBC092,UCs_PnuuNk0PAtK28eGqCNdA,,f,f,,3,tracking_video_publish_infos,hg_stock
t5zFz0t7cLk,2025-06-05 17:17:12.615838,0b2ec8a0-a312-42a7-b670-7f22d8b963e9,HGFAA7A3D7CAD41E4BFE9C246CB559DBD453,UC7wEncAYoKVcXqS9Btjo9Cw,,f,f,,1,tracking_video_publish_infos,hg_stock
t5zFz0t7cLk,2025-06-05 17:17:12.615838,2202254d-ffbe-4623-a314-7afd3322c1e5,HGFA3E60C4A52E19411389FE3CA1F5CE5B80,UC7wEncAYoKVcXqS9Btjo9Cw,,f,f,,1,tracking_video_publish_infos,hg_stock
t5zFz0t7cLk,2025-06-05 17:17:12.615838,2b694645-29f8-4ffd-ab4a-1063e37d7f6b,HGFA4A952CDB3D804C43808460D2DC81E976,UC7wEncAYoKVcXqS9Btjo9Cw,,f,f,,1,tracking_video_publish_infos,hg_stock
t5zFz0t7cLk,2025-06-05 17:17:12.615838,72999793-61df-464c-80a3-76f28030bd94,HGFAC12D4BB8BF41459A8CA15457DE946598,UC7wEncAYoKVcXqS9Btjo9Cw,,f,f,,1,tracking_video_publish_infos,hg_stock
t5zFz0t7cLk,2025-06-05 17:17:12.615838,abcbc859-9249-475f-9545-f14e3b88e999,HGFA6E5276E57F10447F925A452F1C8612D9,UC7wEncAYoKVcXqS9Btjo9Cw,,f,f,,1,tracking_video_publish_infos,hg_stock
t5zFz0t7cLk,2025-06-05 17:17:12.615838,ac81e726-365b-4e7a-81f3-9ed12560f5e9,HGFAF86B892A636E4C9AB94ADBF0D6768BB0,UC7wEncAYoKVcXqS9Btjo9Cw,,f,f,,1,tracking_video_publish_infos,hg_stock
t5zFz0t7cLk,2025-06-05 17:17:12.615838,acb20041-bbb6-4ba6-834e-af0bb89b5761,HGFA65964E4EDDC844E5A646685E9F0EB993,UC7wEncAYoKVcXqS9Btjo9Cw,,f,f,,1,tracking_video_publish_infos,hg_stock
t5zFz0t7cLk,2025-06-05 17:17:12.615838,b523ed2e-3387-422a-b616-865358dfd121,HGFAC7E5EBDCE859486683B03F6395E8501F,UC7wEncAYoKVcXqS9Btjo9Cw,,f,f,,1,tracking_video_publish_infos,hg_stock
t5zFz0t7cLk,2025-06-05 17:17:12.615838,c460871f-8bc6-4ba9-ac08-d6b7f8f08411,HGFA5EBB496A835349E69BC608BB8ED5ED31,UC7wEncAYoKVcXqS9Btjo9Cw,,f,f,,1,tracking_video_publish_infos,hg_stock
t5zFz0t7cLk,2025-06-05 17:17:12.615838,c9a62494-bf6a-4bd3-b5a7-db51d939f009,HGFA938B69D345164E2780070994BD26733B,UC7wEncAYoKVcXqS9Btjo9Cw,,f,f,,1,tracking_video_publish_infos,hg_stock
t5zFz0t7cLk,2025-06-05 17:17:12.615838,d99d29b7-8345-415e-85b1-645ba12a809f,HGFA28C208E9FB6A4FE682F8A814FE0FD8F0,UC7wEncAYoKVcXqS9Btjo9Cw,,f,f,,1,tracking_video_publish_infos,hg_stock
T5ZjREOIOUQ,2026-02-10 11:31:20.278863,349785b4-f2d5-4db6-8854-ef2554642d6e,HGFAE5B4FB0B82A04087B09EE15EFF508AEC,UCYqjVg84WylhTKSrz1Y60GA,,f,f,,1,tracking_video_publish_infos,hg_stock
t6_3jDvZGbE,2023-01-11 09:28:33.123772,25eac5b4-003c-4544-a86a-807a018351bf,HGFA8473E5125D3D4BF1AF6467E9BBFBAAB3,,,f,f,,0,tracking_video_publish_infos,hg_stock
T6_vvSnSyE0,2024-04-19 14:58:31.936317,0493e2e4-db74-488f-88e3-005c06168940,HGFA1FFE6A403FA24267AC1B1347708DBF6C,,,f,f,,0,tracking_video_publish_infos,hg_stock
T6_vvSnSyE0,2024-04-19 14:58:31.936317,091ccb34-6a3e-41b3-b1ad-79d5deb84f0f,HGFA9F3ECE51C78242B38FF260E1C7C5CAB5,,,f,f,,0,tracking_video_publish_infos,hg_stock
T6_vvSnSyE0,2024-04-19 14:58:31.936317,0b71b146-ead0-4909-afc0-ccc6832842a3,HGFA7F76568FE76441CC8FC54B7372C9C366,,,f,f,,0,tracking_video_publish_infos,hg_stock
T6_vvSnSyE0,2024-04-19 14:58:31.936317,0c2190e5-5799-47b4-8e08-db9041545c18,HGFA35F2A2AE5E1F48568FA090A5D0DBB46C,,,f,f,,0,tracking_video_publish_infos,hg_stock
T6_vvSnSyE0,2024-04-19 14:58:31.936317,0d25099d-2041-4f49-afd1-3dd86921ff11,HGFA61AD3B3CB9B0446AA3232B64FBFCAC1D,,,f,f,,0,tracking_video_publish_infos,hg_stock
T6_vvSnSyE0,2024-04-19 14:58:31.936317,0de8b694-bc20-443b-9757-40cfcd42130a,HGFA8BB575F829904195A434084EFB2799A0,,,f,f,,0,tracking_video_publish_infos,hg_stock
T6_vvSnSyE0,2024-04-19 14:58:31.936317,13812777-7ba4-4a26-b843-c01028410054,HGFAAD36951F0D124E4D9B4E86E6AEEC9968,,,f,f,,0,tracking_video_publish_infos,hg_stock
T6_vvSnSyE0,2024-04-19 14:58:31.936317,15616cb0-b2de-4b67-aab4-c8f22b0f20d2,HGFAACF308B10C8F498983BCE9FA976C2A3A,,,f,f,,0,tracking_video_publish_infos,hg_stock
T6_vvSnSyE0,2024-04-19 14:58:31.936317,18b007c4-e749-47a0-a7eb-8da620a7821e,HGFAD64E874D7ED746CF972EF27D80462E52,,,f,f,,0,tracking_video_publish_infos,hg_stock
T6_vvSnSyE0,2024-04-19 14:58:31.936317,1ac57c9f-fcd5-4ece-b68a-a352aeb22650,HGFA27F65D768E6F4DE0B64D160DEE14DF6F,,,f,f,,0,tracking_video_publish_infos,hg_stock
T6_vvSnSyE0,2024-04-19 14:58:31.936317,1f1fc811-a947-44e6-8206-dd6916224115,HGFA5B90B40C9C3D475CA08EE6E53110562A,,,f,f,,0,tracking_video_publish_infos,hg_stock
T6_vvSnSyE0,2024-04-19 14:58:31.936317,26f0cc68-aaa7-4d6b-8eef-3afe83e313e8,HGFA4BBC079E5149459DAA3F199E7984AF38,,,f,f,,0,tracking_video_publish_infos,hg_stock
T6_vvSnSyE0,2024-04-19 14:58:31.936317,295bf843-c4ed-4fcf-9a87-3ee307784d03,HGFAE5CF85E9F04A4697B3DC1826E82B0D3F,,,f,f,,0,tracking_video_publish_infos,hg_stock
T6_vvSnSyE0,2024-04-19 14:58:31.936317,38129af5-88b2-4331-9403-33af578d1257,HGFAAA0DF01643B44780B2DEEE27FE36EB92,,,f,f,,0,tracking_video_publish_infos,hg_stock
T6_vvSnSyE0,2024-04-19 14:58:31.936317,418fb620-b49b-4570-934e-965c4b5c7bd3,HGFAF5F2D07AD3AE4B4D9000255B76401F62,,,f,f,,0,tracking_video_publish_infos,hg_stock
T6_vvSnSyE0,2024-04-19 14:58:31.936317,43664085-2937-4881-8a20-69ff5bc7da21,HGFA017C08DCA46A40659C9CFDB446F3F51F,,,f,f,,0,tracking_video_publish_infos,hg_stock
T6_vvSnSyE0,2024-04-19 14:58:31.936317,43bec3f5-bc76-4e6e-b800-e614640fd6f2,HGFA904890DFB3184EC7952E4289155949C3,,,f,f,,0,tracking_video_publish_infos,hg_stock
T6_vvSnSyE0,2024-04-19 14:58:31.936317,46757d2d-4207-465a-a342-38b8acdccf76,HGFAAD1B7AA29E984A84983E523A61CA0D15,,,f,f,,0,tracking_video_publish_infos,hg_stock
T6_vvSnSyE0,2024-04-19 14:58:31.936317,46d93e37-e930-4be2-bdd5-699f2dcbb84b,HGFA4075952A7C9A414E88918EE44C248C1E,,,f,f,,0,tracking_video_publish_infos,hg_stock
T6_vvSnSyE0,2024-04-19 14:58:31.936317,47d84a12-5127-4954-8361-08690ba6e8b8,HGFA123850D02AF8476F83333FEFA85CFADC,,,f,f,,0,tracking_video_publish_infos,hg_stock
T6_vvSnSyE0,2024-04-19 14:58:31.936317,4dd17bf3-6ddb-4f3b-afa7-f6d4a1088484,HGFAFDC004F0532F401198F3E5EA30042834,,,f,f,,0,tracking_video_publish_infos,hg_stock
T6_vvSnSyE0,2024-04-19 14:58:31.936317,4ffad3d0-0da8-4e75-ab62-b9971ccf2639,HGFA6B01D36C2352404AAC5C1B6EA3C5CFBA,,,f,f,,0,tracking_video_publish_infos,hg_stock
T6_vvSnSyE0,2024-04-19 14:58:31.936317,56d61017-d0fe-4284-ac88-5cab40f7b98b,HGFA08C2242EF4344C7D9F0061F15BB77DB6,,,f,f,,0,tracking_video_publish_infos,hg_stock
T6_vvSnSyE0,2024-04-19 14:58:31.936317,5b85ea52-8f95-4605-a3f0-0035dbaa90db,HGFA072AB433F73145D48297F1D9ECFE0F26,,,f,f,,0,tracking_video_publish_infos,hg_stock
T6_vvSnSyE0,2024-04-19 14:58:31.936317,6fa669d7-28d1-4b98-8a43-a2ea042759d9,HGFA86C74C11DFE84500931FA56E1FDA2AA7,,,f,f,,0,tracking_video_publish_infos,hg_stock
T6_vvSnSyE0,2024-04-19 14:58:31.936317,9261d11b-52e5-45fb-988c-d7819ef46951,HGFAE7A8261523C342ED8A9E99D738BBD91E,,,f,f,,0,tracking_video_publish_infos,hg_stock
T6_vvSnSyE0,2024-04-19 14:58:31.936317,a2a2b990-b58a-4d6f-aa2e-6d874b5d1f77,HGFA91C01555001940C997507D029E9ADDD5,,,f,f,,0,tracking_video_publish_infos,hg_stock
T6_vvSnSyE0,2024-04-19 14:58:31.936317,a8292a33-52ba-4733-9ac9-f4e896f0a6be,HGFA8033D5C65BA14581B167167C7916D233,,,f,f,,0,tracking_video_publish_infos,hg_stock
T6_vvSnSyE0,2024-04-19 14:58:31.936317,b8cfb4e6-fdeb-4369-97ac-37c9034b7902,HGFAC3A72C3BC6AC47519D4536A1EBFA87D5,,,f,f,,0,tracking_video_publish_infos,hg_stock
T6_vvSnSyE0,2024-04-19 14:58:31.936317,fa6cdfd7-b738-4ece-ad97-06eae01b87fe,HGFA32C5C076752F40D6BF5C99D5A73EB7FF,,,f,f,,0,tracking_video_publish_infos,hg_stock
t604NqBP-MU,2023-04-28 06:08:13.446752,3f03897c-7d47-46c1-9e8c-64951c1a65b1,HGFA005C551B5AFB44BAAE45E42146D93DFE,,,f,f,,0,tracking_video_publish_infos,hg_stock
t604NqBP-MU,2023-04-28 06:08:13.446752,40b1e1f2-cb37-4d3c-a368-2beb813d78a4,HGFA045CEB0D9B3646DE89611012A6123AB4,,,f,f,,0,tracking_video_publish_infos,hg_stock
t604NqBP-MU,2023-04-28 06:08:13.446752,4d8ef1ab-f23e-4a1c-a23d-e871d721558f,HGFADAC6DECA349C4CD09D8160A856A687C7,,,f,f,,0,tracking_video_publish_infos,hg_stock
t604NqBP-MU,2023-04-28 06:08:13.446752,55b3527c-361c-4f74-97f3-f77227fc49eb,HGFA32A6B7855B3E4568A8121D6F6A67FE70,,,f,f,,0,tracking_video_publish_infos,hg_stock
t604NqBP-MU,2023-04-28 06:08:13.446752,651ff8a9-e72a-4de5-aa0b-214c93c6044c,HGFA61023D0014D74D009149FA4FC748324E,,,f,f,,0,tracking_video_publish_infos,hg_stock
t604NqBP-MU,2023-04-28 06:08:13.446752,9d0506bc-c50c-4ea8-82cc-f34887eb2c56,HGFAF76C7A367084472A87F92BACF34A5CE0,,,f,f,,0,tracking_video_publish_infos,hg_stock
t604NqBP-MU,2023-04-28 06:08:13.446752,b556a820-b01b-45b7-8d26-d9feafe1cffe,HGFA6FFE22AF8A0742488CAE41DF2FD3A7FF,,,f,f,,0,tracking_video_publish_infos,hg_stock
t609qZhZK8M,2024-09-24 09:47:16.617589,0d394305-df16-446b-94b1-7ca2718939ee,HGFAFFF6D22CC8054037A672D5780F8A1BF8,,,f,f,,0,tracking_video_publish_infos,hg_stock
t609qZhZK8M,2024-09-24 09:47:16.617589,0e1d3606-a834-4394-9de0-fdac3fb83f5f,HGFAE852A3DBBE824333BB731AECC4756063,,,f,f,,0,tracking_video_publish_infos,hg_stock
t609qZhZK8M,2024-09-24 09:47:16.617589,0fb3a3a8-a95b-4a9b-b955-ca448a435c32,HGFAA49795E0BB6942B7B610A8BBD1A4D56B,,,f,f,,0,tracking_video_publish_infos,hg_stock
t609qZhZK8M,2024-09-24 09:47:16.617589,12133900-ae41-4a91-84d0-f0678a8eef62,HGFA39A228919A1A4550B42665A1639FC442,,,f,f,,0,tracking_video_publish_infos,hg_stock
t609qZhZK8M,2024-09-24 09:47:16.617589,14266e42-3485-4b99-8987-e08068220966,HGFA5281A81712754017B15534A72B584602,,,f,f,,0,tracking_video_publish_infos,hg_stock
t609qZhZK8M,2024-09-24 09:47:16.617589,15c98e1c-3ae7-4e1a-aefd-5946b60b27bb,HGFA4A28767236354569A46BB279CF3E458A,,,f,f,,0,tracking_video_publish_infos,hg_stock
t609qZhZK8M,2024-09-24 09:47:16.617589,1b7757b4-31e1-4da4-b57a-19179a05861d,HGFA95A47C7193B5442AAEF1C46183227972,,,f,f,,0,tracking_video_publish_infos,hg_stock
t609qZhZK8M,2024-09-24 09:47:16.617589,1bf26d82-4360-4e93-abe1-186e49ec3216,HGFA664DB8460F8C41838FDC58F1FF7868CB,,,f,f,,0,tracking_video_publish_infos,hg_stock
t609qZhZK8M,2024-09-24 09:47:16.617589,1d0fb8da-bfba-4c86-8ab3-e94f7f9215f2,HGFA96BF75DAA0AC4D6899C2E8699C595E49,,,f,f,,0,tracking_video_publish_infos,hg_stock
t609qZhZK8M,2024-09-24 09:47:16.617589,24a1fbcc-c3cd-4689-8a83-90f7d37fa906,HGFAC0FA0DEAD7A54986BF945F16D5013B62,,,f,f,,0,tracking_video_publish_infos,hg_stock
t609qZhZK8M,2024-09-24 09:47:16.617589,48bf14a3-71e6-451c-9074-e02922e656fa,HGFA2EF87EACC5684ACC96C96058ADF2A54C,,,f,f,,0,tracking_video_publish_infos,hg_stock
t609qZhZK8M,2024-09-24 09:47:16.617589,5168a7ba-3220-43b0-b195-ce7259ca1a6e,HGFA9AE6AE3F1B7D44EC9429619A7119B781,,,f,f,,0,tracking_video_publish_infos,hg_stock
t609qZhZK8M,2024-09-24 09:47:16.617589,6196f715-5980-4184-8920-d2a3f9163816,HGFA9BC0F2D4D52D45589764F224D950DD6E,,,f,f,,0,tracking_video_publish_infos,hg_stock
t609qZhZK8M,2024-09-24 09:47:16.617589,62a55c3f-530c-40f7-9fe2-190d1a355bc9,HGFA352CD18157F94083B544659E277B2457,,,f,f,,0,tracking_video_publish_infos,hg_stock
t609qZhZK8M,2024-09-24 09:47:16.617589,91070d96-263f-4287-926e-3e0bb15899dd,HGFAB3578438E70E47CF9A0BDF2885FFA61F,,,f,f,,0,tracking_video_publish_infos,hg_stock
t609qZhZK8M,2024-09-24 09:47:16.617589,bb0f1b91-aa49-4ba7-8e1d-1db9a85ac6d4,HGFA8C4EF5AF8799419F8AE0F2A65746986D,,,f,f,,0,tracking_video_publish_infos,hg_stock
t609qZhZK8M,2024-09-24 09:47:16.617589,cc40b076-9caf-4e4a-b87e-7c090a7d7f18,HGFA593F91FD1340416C897261F356243601,,,f,f,,0,tracking_video_publish_infos,hg_stock
t609qZhZK8M,2024-09-24 09:47:16.617589,ceea2be8-329a-4c5b-9720-d5ff965a127d,HGFAF66C421BA26C4941B070256A34B67C60,,,f,f,,0,tracking_video_publish_infos,hg_stock
t609qZhZK8M,2024-09-24 09:47:16.617589,e921bb3b-0679-428e-8f69-52049fe24814,HGFA3551955DE8124E6FBBD90A8CCE2D5869,,,f,f,,0,tracking_video_publish_infos,hg_stock
t609qZhZK8M,2024-09-24 09:47:16.617589,f4b56c25-4498-4a53-aef7-4571784cf99c,HGFA4CA90A7849B746A4829F7748FAAAA2E1,,,f,f,,0,tracking_video_publish_infos,hg_stock
T60bVbjbLHc,2025-03-03 12:00:16.350515,00c65744-6d8f-45ce-843e-16a0dc78fd00,HGFA04EEADE6EDF543AEAF439D4E9D431AC7,,,f,f,,0,tracking_video_publish_infos,hg_stock
T60bVbjbLHc,2025-03-03 12:00:16.350515,04a19cdf-196b-4e02-ba11-fbbe23db7189,HGFA72795913A4CA42DEA9DDCEB44AC93210,,,f,f,,0,tracking_video_publish_infos,hg_stock
T60bVbjbLHc,2025-03-03 12:00:16.350515,0a721733-fb7b-4bc2-b53e-df22c847ba5c,HGFA86AB20E5854B47729AA61FE15F79F751,,,f,f,,0,tracking_video_publish_infos,hg_stock
T60bVbjbLHc,2025-03-03 12:00:16.350515,0a7ab43d-b9d7-485c-bca3-661616f70a80,HGFAC2FDABA7D299494FABB4F93DB008BCA2,,,f,f,,0,tracking_video_publish_infos,hg_stock
T60bVbjbLHc,2025-03-03 12:00:16.350515,0eb0b63c-3cc6-4ed8-a2d6-3ef53a7d603a,HGFAD5300C7344FC40DD9B96C4D743A1CBFE,,,f,f,,0,tracking_video_publish_infos,hg_stock
T60bVbjbLHc,2025-03-03 12:00:16.350515,0fb3a3a8-a95b-4a9b-b955-ca448a435c32,HGFAA49795E0BB6942B7B610A8BBD1A4D56B,,,f,f,,0,tracking_video_publish_infos,hg_stock
T60bVbjbLHc,2025-03-03 12:00:16.350515,142ea6e3-d67d-48cc-8ffa-7891883bd3a8,HGFAE70D262AFEE1438DA28756F26551D01D,,,f,f,,0,tracking_video_publish_infos,hg_stock
T60bVbjbLHc,2025-03-03 12:00:16.350515,23a60554-d9d3-404f-8f08-6ee0487590f8,HGFA180D06968C9A41D8B712219DC92CFCB1,,,f,f,,0,tracking_video_publish_infos,hg_stock
T60bVbjbLHc,2025-03-03 12:00:16.350515,247d277a-02d5-477d-91b5-8ec90ea64bcd,HGFA8B6CCFCFA5274758893D0B03A04DF606,,,f,f,,0,tracking_video_publish_infos,hg_stock
T60bVbjbLHc,2025-03-03 12:00:16.350515,263713fe-0987-4f10-bea0-c4a49155dfa6,HGFA3B5DD5C0478642608AC880BB949C10DE,,,f,f,,0,tracking_video_publish_infos,hg_stock
T60bVbjbLHc,2025-03-03 12:00:16.350515,2813ca66-4e1d-42da-8fe4-2e185df68f39,HGFA76C2BB0AC6624E9282F4300B1DD743C6,,,f,f,,0,tracking_video_publish_infos,hg_stock
T60bVbjbLHc,2025-03-03 12:00:16.350515,42d64473-17dc-4657-8b0e-5f9fda0d56be,HGFA44A2A5AED4084993B5077EA56482349F,,,f,f,,0,tracking_video_publish_infos,hg_stock
T60bVbjbLHc,2025-03-03 12:00:16.350515,42fb1665-9750-4be9-b62f-7a826def4251,HGFA3A3D91FC24BB4F60A466B307B0D04D76,,,f,f,,0,tracking_video_publish_infos,hg_stock
T60bVbjbLHc,2025-03-03 12:00:16.350515,43664085-2937-4881-8a20-69ff5bc7da21,HGFA017C08DCA46A40659C9CFDB446F3F51F,,,f,f,,0,tracking_video_publish_infos,hg_stock
T60bVbjbLHc,2025-03-03 12:00:16.350515,4372734c-4f7a-4ff9-8ae2-b306037752d6,HGFA66A9469B2CF443A6AD04CDD79AC4ABCF,,,f,f,,0,tracking_video_publish_infos,hg_stock
T60bVbjbLHc,2025-03-03 12:00:16.350515,5168a7ba-3220-43b0-b195-ce7259ca1a6e,HGFA9AE6AE3F1B7D44EC9429619A7119B781,,,f,f,,0,tracking_video_publish_infos,hg_stock
T60bVbjbLHc,2025-03-03 12:00:16.350515,5761eb56-79ab-4303-9b3a-9cde41e521a7,HGFA306AB01C707042E1A868E0103157711B,,,f,f,,0,tracking_video_publish_infos,hg_stock
T60bVbjbLHc,2025-03-03 12:00:16.350515,66bf8f56-912d-419d-9d46-9b72f6f024a4,HGFAC994E9D12CFB4D8E867CD707196BA507,,,f,f,,0,tracking_video_publish_infos,hg_stock
T60iTP7BIHo,2025-02-25 09:31:23.342907,22dd0110-f3fb-4f60-b9b2-dc36620bd06f,HGFA13BDDBA4D00D43B7B08995AA8ECBEF15,UCCfMSTNnVPzQRxtqh43p5OA,,f,f,,3,tracking_video_publish_infos,hg_stock
t61IgXLMf1Y,2024-04-14 13:38:48.822779,04d51cf8-a1bf-4cf1-ab7b-a4c818d8a078,HGFA65C56668DFF84FCBBE14DC9EBF9D29CD,,,f,f,,0,tracking_video_publish_infos,hg_stock
t61IgXLMf1Y,2024-04-14 13:38:48.822779,0dd822e7-8760-48b6-a5b1-6522fb29d80a,HGFA43F030CA3BD7474CB5689A4D35229774,,,f,f,,0,tracking_video_publish_infos,hg_stock
t61IgXLMf1Y,2024-04-14 13:38:48.822779,1c797d67-affd-4575-8155-d09d23995072,HGFAF91334B55A6F4F38939B670FD0DBCEEF,,,f,f,,0,tracking_video_publish_infos,hg_stock
t61IgXLMf1Y,2024-04-14 13:38:48.822779,1d7d039b-906f-405e-979e-4d4ca2c411ee,HGFA06964F0D351448ECB1F76421467F7BFE,,,f,f,,0,tracking_video_publish_infos,hg_stock
